[2025-12-10 00:30:01] ========== CRON: Vacation Balance Update Started ==========
[2025-12-10 00:30:01] Database connection established
[2025-12-10 00:30:01] Found 445 active employees with balance records to update
[2025-12-10 00:30:01] (Only employees with status=1 will be processed)
[2025-12-10 00:30:01]   [emp_id: 1061] ✓ Updated: 31.36 → 31.44 (CHANGED)
[2025-12-10 00:30:01]   [emp_id: 1496] ✓ Updated: 14.53 → 14.61 (CHANGED)
[2025-12-10 00:30:01]   [emp_id: 1500] ✓ Updated: 23.78 → 23.86 (CHANGED)
[2025-12-10 00:30:01]   [emp_id: 1574] ✓ Updated: 31.44 → 31.52 (CHANGED)
[2025-12-10 00:30:01]   [emp_id: 1673] ✓ Updated: 42.94 → 43.02 (CHANGED)
[2025-12-10 00:30:01]   [emp_id: 1685] ✓ Updated: 12.86 → 12.94 (CHANGED)
[2025-12-10 00:30:01]   [emp_id: 1764] ✓ Updated: 67.53 → 67.61 (CHANGED)
[2025-12-10 00:30:01]   [emp_id: 1805] ✓ Updated: 61.86 → 61.94 (CHANGED)
[2025-12-10 00:30:01]   [emp_id: 1822] ✓ Updated: 66.61 → 66.69 (CHANGED)
[2025-12-10 00:30:01]   [emp_id: 1837] ✓ Updated: 22.78 → 22.86 (CHANGED)
[2025-12-10 00:30:01]   [emp_id: 1857] ✓ Updated: 18.11 → 18.19 (CHANGED)
[2025-12-10 00:30:01]   [emp_id: 1861] ✓ Updated: 68.94 → 69.02 (CHANGED)
[2025-12-10 00:30:01]   [emp_id: 1872] ✓ Updated: 7.78 → 7.86 (CHANGED)
[2025-12-10 00:30:01]   [emp_id: 1897] ✓ Updated: 30.11 → 30.19 (CHANGED)
[2025-12-10 00:30:01]   [emp_id: 1916] ✓ Updated: 9.41 → 9.49 (CHANGED)
[2025-12-10 00:30:01]   [emp_id: 1928] ✓ Updated: 62.36 → 62.44 (CHANGED)
[2025-12-10 00:30:01]   [emp_id: 1931] ✓ Updated: 82.28 → 82.36 (CHANGED)
[2025-12-10 00:30:01]   [emp_id: 1944] ✓ Updated: 40.44 → 40.52 (CHANGED)
[2025-12-10 00:30:01]   [emp_id: 1996] ✓ Updated: 68.94 → 69.02 (CHANGED)
[2025-12-10 00:30:01]   [emp_id: 1997] ✓ Updated: 34.11 → 34.19 (CHANGED)
[2025-12-10 00:30:01]   [emp_id: 1998] ✓ Updated: 85.44 → 85.52 (CHANGED)
[2025-12-10 00:30:01]   [emp_id: 1999] ✓ Updated: 86.44 → 86.52 (CHANGED)
[2025-12-10 00:30:01]   [emp_id: 2009] ✓ Updated: 32.86 → 32.94 (CHANGED)
[2025-12-10 00:30:01]   [emp_id: 2048] ✓ Updated: 22.69 → 22.77 (CHANGED)
[2025-12-10 00:30:01]   [emp_id: 2057] ✓ Updated: 63.53 → 63.61 (CHANGED)
[2025-12-10 00:30:01]   [emp_id: 2079] ✓ Updated: 45.86 → 45.94 (CHANGED)
[2025-12-10 00:30:01]   [emp_id: 2181] ✓ Updated: 34.86 → 34.94 (CHANGED)
[2025-12-10 00:30:01]   [emp_id: 2190] ✓ Updated: 4.19 → 4.27 (CHANGED)
[2025-12-10 00:30:01]   [emp_id: 2212] ✓ Updated: 22.19 → 22.27 (CHANGED)
[2025-12-10 00:30:01]   [emp_id: 2226] ✓ Updated: 66.94 → 67.02 (CHANGED)
[2025-12-10 00:30:01]   [emp_id: 2238] ✓ Updated: 65.19 → 65.27 (CHANGED)
[2025-12-10 00:30:01]   [emp_id: 2285] ✓ Updated: 33.86 → 33.94 (CHANGED)
[2025-12-10 00:30:01]   [emp_id: 2287] ✓ Updated: 45.53 → 45.61 (CHANGED)
[2025-12-10 00:30:01]   [emp_id: 2288] ✓ Updated: 60.44 → 60.52 (CHANGED)
[2025-12-10 00:30:01]   [emp_id: 2290] ✓ Updated: 77.36 → 77.44 (CHANGED)
[2025-12-10 00:30:01]   [emp_id: 2316] ✓ Updated: 14.36 → 14.44 (CHANGED)
[2025-12-10 00:30:01]   [emp_id: 2337] ✓ Updated: 35.44 → 35.52 (CHANGED)
[2025-12-10 00:30:01]   [emp_id: 2352] ✓ Updated: 66.94 → 67.02 (CHANGED)
[2025-12-10 00:30:01]   [emp_id: 2358] ✓ Updated: 3.44 → 3.52 (CHANGED)
[2025-12-10 00:30:01]   [emp_id: 2361] ✓ Updated: 69.11 → 69.19 (CHANGED)
[2025-12-10 00:30:01]   [emp_id: 2363] ✓ Updated: 71.69 → 71.77 (CHANGED)
[2025-12-10 00:30:01]   [emp_id: 2364] ✓ Updated: 71.11 → 71.19 (CHANGED)
[2025-12-10 00:30:02]   [emp_id: 2367] ✓ Updated: 98.78 → 98.86 (CHANGED)
[2025-12-10 00:30:02]   [emp_id: 2368] ✓ Updated: 29.19 → 29.27 (CHANGED)
[2025-12-10 00:30:02]   [emp_id: 2372] ✓ Updated: 66.44 → 66.52 (CHANGED)
[2025-12-10 00:30:02]   [emp_id: 2376] ✓ Updated: 116.44 → 116.52 (CHANGED)
[2025-12-10 00:30:02]   [emp_id: 2423] ✓ Updated: 17.19 → 17.27 (CHANGED)
[2025-12-10 00:30:02]   [emp_id: 2519] ✓ Updated: 170.86 → 170.94 (CHANGED)
[2025-12-10 00:30:02]   [emp_id: 2522] ✓ Updated: 54.44 → 54.52 (CHANGED)
[2025-12-10 00:30:02]   [emp_id: 2530] ✓ Updated: 49.69 → 49.77 (CHANGED)
[2025-12-10 00:30:02]   [emp_id: 2539] ✓ Updated: 46.44 → 46.52 (CHANGED)
[2025-12-10 00:30:02]   [emp_id: 2541] ✓ Updated: 27.03 → 27.11 (CHANGED)
[2025-12-10 00:30:02]   [emp_id: 2550] ✓ Updated: 93.19 → 93.27 (CHANGED)
[2025-12-10 00:30:02]   [emp_id: 2553] ✓ Updated: 60.19 → 60.27 (CHANGED)
[2025-12-10 00:30:02]   [emp_id: 2554] ✓ Updated: 36.78 → 36.86 (CHANGED)
[2025-12-10 00:30:02]   [emp_id: 2565] ✓ Updated: 91.36 → 91.44 (CHANGED)
[2025-12-10 00:30:02]   [emp_id: 2572] ✓ Updated: 41.36 → 41.44 (CHANGED)
[2025-12-10 00:30:02]   [emp_id: 2637] ✓ Updated: 61.94 → 62.02 (CHANGED)
[2025-12-10 00:30:02]   [emp_id: 2642] ✓ Updated: 74.69 → 74.77 (CHANGED)
[2025-12-10 00:30:02]   [emp_id: 2645] ✓ Updated: 90.69 → 90.77 (CHANGED)
[2025-12-10 00:30:02]   [emp_id: 2648] ✓ Updated: 42.36 → 42.44 (CHANGED)
[2025-12-10 00:30:02]   [emp_id: 2654] ✓ Updated: 85.03 → 85.11 (CHANGED)
[2025-12-10 00:30:02]   [emp_id: 2688] ✓ Updated: 23.11 → 23.19 (CHANGED)
[2025-12-10 00:30:02]   [emp_id: 2690] ✓ Updated: 11.86 → 11.94 (CHANGED)
[2025-12-10 00:30:02]   [emp_id: 2709] ✓ Updated: 34.11 → 34.19 (CHANGED)
[2025-12-10 00:30:02]   [emp_id: 2745] ✓ Updated: 30.69 → 30.77 (CHANGED)
[2025-12-10 00:30:02]   [emp_id: 2843] ✓ Updated: 77.28 → 77.36 (CHANGED)
[2025-12-10 00:30:02]   [emp_id: 2854] ✓ Updated: 57.19 → 57.27 (CHANGED)
[2025-12-10 00:30:02]   [emp_id: 2869] ✓ Updated: 62.11 → 62.19 (CHANGED)
[2025-12-10 00:30:02]   [emp_id: 2876] ✓ Updated: 31.94 → 32.02 (CHANGED)
[2025-12-10 00:30:02]   [emp_id: 2924] ✓ Updated: 13.11 → 13.19 (CHANGED)
[2025-12-10 00:30:02]   [emp_id: 2953] ✓ Updated: 98.86 → 98.94 (CHANGED)
[2025-12-10 00:30:02]   [emp_id: 2961] ✓ Updated: 8.86 → 8.94 (CHANGED)
[2025-12-10 00:30:02]   [emp_id: 2975] ✓ Updated: 10.86 → 10.94 (CHANGED)
[2025-12-10 00:30:02]   [emp_id: 3013] ✓ Updated: 7.86 → 7.94 (CHANGED)
[2025-12-10 00:30:02]   [emp_id: 3014] ✓ Updated: 87.11 → 87.19 (CHANGED)
[2025-12-10 00:30:02]   [emp_id: 3015] ✓ Updated: 38.36 → 38.44 (CHANGED)
[2025-12-10 00:30:02]   [emp_id: 3018] ✓ Updated: 57.11 → 57.19 (CHANGED)
[2025-12-10 00:30:02]   [emp_id: 3025] ✓ Updated: 80.78 → 80.86 (CHANGED)
[2025-12-10 00:30:02]   [emp_id: 3037] ✓ Updated: 80.61 → 80.69 (CHANGED)
[2025-12-10 00:30:02]   [emp_id: 3047] ✓ Updated: 68.86 → 68.94 (CHANGED)
[2025-12-10 00:30:02]   [emp_id: 3061] ✓ Updated: 15.78 → 15.86 (CHANGED)
[2025-12-10 00:30:02]   [emp_id: 3062] ✓ Updated: 48.94 → 49.02 (CHANGED)
[2025-12-10 00:30:02]   [emp_id: 3074] ✓ Updated: 105.36 → 105.44 (CHANGED)
[2025-12-10 00:30:02]   [emp_id: 3089] ✓ Updated: 4.28 → 4.36 (CHANGED)
[2025-12-10 00:30:02]   [emp_id: 3090] ✓ Updated: 30.86 → 30.94 (CHANGED)
[2025-12-10 00:30:02]   [emp_id: 3091] ✓ Updated: 42.86 → 42.94 (CHANGED)
[2025-12-10 00:30:02]   [emp_id: 3092] ✓ Updated: 25.53 → 25.61 (CHANGED)
[2025-12-10 00:30:02]   [emp_id: 3105] ✓ Updated: 45.86 → 45.94 (CHANGED)
[2025-12-10 00:30:02]   [emp_id: 3134] ✓ Updated: 41.61 → 41.69 (CHANGED)
[2025-12-10 00:30:02]   [emp_id: 3140] ✓ Updated: 38.69 → 38.77 (CHANGED)
[2025-12-10 00:30:02]   [emp_id: 3144] ✓ Updated: 11.53 → 11.61 (CHANGED)
[2025-12-10 00:30:02]   [emp_id: 3156] ✓ Updated: 14.86 → 14.94 (CHANGED)
[2025-12-10 00:30:02]   [emp_id: 3162] ✓ Updated: 29.86 → 29.94 (CHANGED)
[2025-12-10 00:30:02]   [emp_id: 3163] ✓ Updated: 3.11 → 3.19 (CHANGED)
[2025-12-10 00:30:02]   [emp_id: 3198] ✓ Updated: 38.11 → 38.19 (CHANGED)
[2025-12-10 00:30:02]   [emp_id: 3205] ✓ Updated: 14.78 → 14.86 (CHANGED)
[2025-12-10 00:30:02]   [emp_id: 3209] ✓ Updated: 38.94 → 39.02 (CHANGED)
[2025-12-10 00:30:02]   [emp_id: 3223] ✓ Updated: 87.86 → 87.94 (CHANGED)
[2025-12-10 00:30:02]   [emp_id: 3224] ✓ Updated: 62.61 → 62.69 (CHANGED)
[2025-12-10 00:30:02]   [emp_id: 3230] ✓ Updated: 86.03 → 86.11 (CHANGED)
[2025-12-10 00:30:02]   [emp_id: 3231] ✓ Updated: 87.28 → 87.36 (CHANGED)
[2025-12-10 00:30:02]   [emp_id: 3233] ✓ Updated: 78.86 → 78.94 (CHANGED)
[2025-12-10 00:30:02]   [emp_id: 3249] ✓ Updated: 34.69 → 34.77 (CHANGED)
[2025-12-10 00:30:02]   [emp_id: 3250] ✓ Updated: 7.69 → 7.77 (CHANGED)
[2025-12-10 00:30:02]   [emp_id: 3252] ✓ Updated: 8.61 → 8.69 (CHANGED)
[2025-12-10 00:30:02]   [emp_id: 3254] ✓ Updated: 19.11 → 19.19 (CHANGED)
[2025-12-10 00:30:02]   [emp_id: 3255] ✓ Updated: 15.53 → 15.61 (CHANGED)
[2025-12-10 00:30:02]   [emp_id: 3256] ✓ Updated: 11.78 → 11.86 (CHANGED)
[2025-12-10 00:30:02]   [emp_id: 3263] ✓ Updated: 27.86 → 27.94 (CHANGED)
[2025-12-10 00:30:02]   [emp_id: 3265] ✓ Updated: 23.44 → 23.52 (CHANGED)
[2025-12-10 00:30:02]   [emp_id: 3280] ✓ Updated: 70.36 → 70.44 (CHANGED)
[2025-12-10 00:30:02]   [emp_id: 3286] ✓ Updated: 13.53 → 13.61 (CHANGED)
[2025-12-10 00:30:02]   [emp_id: 3294] ✓ Updated: 13.19 → 13.27 (CHANGED)
[2025-12-10 00:30:02]   [emp_id: 3321] ✓ Updated: 70.36 → 70.44 (CHANGED)
[2025-12-10 00:30:02]   [emp_id: 3325] ✓ Updated: 58.11 → 58.19 (CHANGED)
[2025-12-10 00:30:02]   [emp_id: 3329] ✓ Updated: 60.44 → 60.52 (CHANGED)
[2025-12-10 00:30:02]   [emp_id: 3330] ✓ Updated: 60.44 → 60.52 (CHANGED)
[2025-12-10 00:30:02]   [emp_id: 3332] ✓ Updated: 60.44 → 60.52 (CHANGED)
[2025-12-10 00:30:02]   [emp_id: 3370] ✓ Updated: 52.11 → 52.19 (CHANGED)
[2025-12-10 00:30:02]   [emp_id: 3384] ✓ Updated: 12.61 → 12.69 (CHANGED)
[2025-12-10 00:30:02]   [emp_id: 3386] ✓ Updated: 42.61 → 42.69 (CHANGED)
[2025-12-10 00:30:02]   [emp_id: 3431] ✓ Updated: 18.03 → 18.11 (CHANGED)
[2025-12-10 00:30:02]   [emp_id: 3497] ✓ Updated: 7.19 → 7.27 (CHANGED)
[2025-12-10 00:30:02]   [emp_id: 3532] ✓ Updated: 44.03 → 44.11 (CHANGED)
[2025-12-10 00:30:02]   [emp_id: 3586] ✓ Updated: 8.11 → 8.19 (CHANGED)
[2025-12-10 00:30:02]   [emp_id: 3602] ✓ Updated: 51.11 → 51.19 (CHANGED)
[2025-12-10 00:30:02]   [emp_id: 3618] ✓ Updated: 21.58 → 21.66 (CHANGED)
[2025-12-10 00:30:02]   [emp_id: 3622] ✓ Updated: 33.25 → 33.3 (CHANGED)
[2025-12-10 00:30:02]   [emp_id: 3627] ✓ Updated: 7.53 → 7.61 (CHANGED)
[2025-12-10 00:30:02]   [emp_id: 3665] ✓ Updated: 49.11 → 49.19 (CHANGED)
[2025-12-10 00:30:02]   [emp_id: 3705] ✓ Updated: 26.58 → 26.63 (CHANGED)
[2025-12-10 00:30:02]   [emp_id: 3724] ✓ Updated: 42.11 → 42.19 (CHANGED)
[2025-12-10 00:30:02]   [emp_id: 3726] ✓ Updated: 58.53 → 58.61 (CHANGED)
[2025-12-10 00:30:02]   [emp_id: 3727] ✓ Updated: 63.61 → 63.69 (CHANGED)
[2025-12-10 00:30:02]   [emp_id: 3728] ✓ Updated: 7.94 → 8.02 (CHANGED)
[2025-12-10 00:30:02]   [emp_id: 3742] ✓ Updated: 31.11 → 31.19 (CHANGED)
[2025-12-10 00:30:02]   [emp_id: 3767] ✓ Updated: 58.69 → 58.77 (CHANGED)
[2025-12-10 00:30:02]   [emp_id: 3768] ✓ Updated: 54.94 → 55.02 (CHANGED)
[2025-12-10 00:30:02]   [emp_id: 3787] ✓ Updated: 55.53 → 55.61 (CHANGED)
[2025-12-10 00:30:02]   [emp_id: 3790] ✓ Updated: 0.08 → 0.16 (CHANGED)
[2025-12-10 00:30:02]   [emp_id: 3795] ✓ Updated: 13.03 → 13.11 (CHANGED)
[2025-12-10 00:30:02]   [emp_id: 3798] ✓ Updated: 91.44 → 91.52 (CHANGED)
[2025-12-10 00:30:02]   [emp_id: 3801] ✓ Updated: 29.61 → 29.69 (CHANGED)
[2025-12-10 00:30:02]   [emp_id: 3802] ✓ Updated: 28.69 → 28.77 (CHANGED)
[2025-12-10 00:30:02]   [emp_id: 3803] ✓ Updated: 113.11 → 113.19 (CHANGED)
[2025-12-10 00:30:02]   [emp_id: 3810] ✓ Updated: 59.11 → 59.19 (CHANGED)
[2025-12-10 00:30:02]   [emp_id: 3812] ✓ Updated: 88.11 → 88.19 (CHANGED)
[2025-12-10 00:30:02]   [emp_id: 3815] ✓ Updated: 88.11 → 88.19 (CHANGED)
[2025-12-10 00:30:02]   [emp_id: 3836] ✓ Updated: 55.78 → 55.86 (CHANGED)
[2025-12-10 00:30:02]   [emp_id: 3855] ✓ Updated: 48.94 → 49.02 (CHANGED)
[2025-12-10 00:30:02]   [emp_id: 3857] ✓ Updated: 52.61 → 52.69 (CHANGED)
[2025-12-10 00:30:02]   [emp_id: 3862] ✓ Updated: 100.69 → 100.77 (CHANGED)
[2025-12-10 00:30:02]   [emp_id: 3866] ✓ Updated: 25.94 → 26.02 (CHANGED)
[2025-12-10 00:30:02]   [emp_id: 3876] ✓ Updated: 46.11 → 46.19 (CHANGED)
[2025-12-10 00:30:02]   [emp_id: 3877] ✓ Updated: 47.61 → 47.69 (CHANGED)
[2025-12-10 00:30:02]   [emp_id: 3897] ✓ Updated: 35.86 → 35.94 (CHANGED)
[2025-12-10 00:30:02]   [emp_id: 3899] ✓ Updated: 51.03 → 51.11 (CHANGED)
[2025-12-10 00:30:02]   [emp_id: 3928] ✓ Updated: 11.94 → 12.02 (CHANGED)
[2025-12-10 00:30:02]   [emp_id: 3929] ✓ Updated: 6.94 → 7.02 (CHANGED)
[2025-12-10 00:30:02]   [emp_id: 3935] ✓ Updated: 91.94 → 92.02 (CHANGED)
[2025-12-10 00:30:02]   [emp_id: 3952] ✓ Updated: 74.28 → 74.36 (CHANGED)
[2025-12-10 00:30:02]   [emp_id: 3987] ✓ Updated: 12.19 → 12.27 (CHANGED)
[2025-12-10 00:30:02]   [emp_id: 4059] ✓ Updated: 1.39 → 1.47 (CHANGED)
[2025-12-10 00:30:02]   [emp_id: 4119] ✓ Updated: 54.86 → 54.94 (CHANGED)
[2025-12-10 00:30:02]   [emp_id: 4120] ✓ Updated: 24.44 → 24.52 (CHANGED)
[2025-12-10 00:30:02]   [emp_id: 4124] ✓ Updated: 54.86 → 54.94 (CHANGED)
[2025-12-10 00:30:02]   [emp_id: 4133] ✓ Updated: 103.44 → 103.52 (CHANGED)
[2025-12-10 00:30:02]   [emp_id: 4134] ✓ Updated: 24.44 → 24.52 (CHANGED)
[2025-12-10 00:30:02]   [emp_id: 4136] ✓ Updated: 24.44 → 24.52 (CHANGED)
[2025-12-10 00:30:02]   [emp_id: 4150] ✓ Updated: 23.11 → 23.19 (CHANGED)
[2025-12-10 00:30:02]   [emp_id: 4157] ✓ Updated: 16.61 → 16.69 (CHANGED)
[2025-12-10 00:30:02]   [emp_id: 4172] ✓ Updated: 11.16 → 11.21 (CHANGED)
[2025-12-10 00:30:02]   [emp_id: 4195] ✓ Updated: 60.19 → 60.27 (CHANGED)
[2025-12-10 00:30:02]   [emp_id: 4215] ✓ Updated: 42.86 → 42.94 (CHANGED)
[2025-12-10 00:30:02]   [emp_id: 4220] ✓ Updated: 38.44 → 38.52 (CHANGED)
[2025-12-10 00:30:02]   [emp_id: 4273] ✓ Updated: 7.11 → 7.19 (CHANGED)
[2025-12-10 00:30:02]   [emp_id: 4283] ✓ Updated: 12.25 → 12.3 (CHANGED)
[2025-12-10 00:30:02]   [emp_id: 4288] ✓ Updated: 41.94 → 42.02 (CHANGED)
[2025-12-10 00:30:02]   [emp_id: 4315] ✓ Updated: 13.36 → 13.44 (CHANGED)
[2025-12-10 00:30:02]   [emp_id: 4328] ✓ Updated: 41.08 → 41.13 (CHANGED)
[2025-12-10 00:30:02]   [emp_id: 4329] ✓ Updated: 3.53 → 3.61 (CHANGED)
[2025-12-10 00:30:02]   [emp_id: 4338] ✓ Updated: 45.11 → 45.19 (CHANGED)
[2025-12-10 00:30:02]   [emp_id: 4340] ✓ Updated: 124.11 → 124.19 (CHANGED)
[2025-12-10 00:30:02]   [emp_id: 4365] ✓ Updated: 58.53 → 58.61 (CHANGED)
[2025-12-10 00:30:02]   [emp_id: 4366] ✓ Updated: 57.61 → 57.69 (CHANGED)
[2025-12-10 00:30:02]   [emp_id: 4385] ✓ Updated: 48.28 → 48.36 (CHANGED)
[2025-12-10 00:30:02]   [emp_id: 4403] ✓ Updated: 83.44 → 83.52 (CHANGED)
[2025-12-10 00:30:02]   [emp_id: 4438] ✓ Updated: 19.11 → 19.19 (CHANGED)
[2025-12-10 00:30:02]   [emp_id: 4465] ✓ Updated: 11.41 → 11.46 (CHANGED)
[2025-12-10 00:30:02]   [emp_id: 4473] ✓ Updated: 42.69 → 42.77 (CHANGED)
[2025-12-10 00:30:02]   [emp_id: 4474] ✓ Updated: 58.16 → 58.21 (CHANGED)
[2025-12-10 00:30:02]   [emp_id: 4493] ✓ Updated: 161.53 → 161.61 (CHANGED)
[2025-12-10 00:30:02]   [emp_id: 4526] ✓ Updated: 33.78 → 33.86 (CHANGED)
[2025-12-10 00:30:02]   [emp_id: 4528] ✓ Updated: 105.53 → 105.61 (CHANGED)
[2025-12-10 00:30:02]   [emp_id: 4528] ✓ Updated: 105.53 → 105.61 (CHANGED)
[2025-12-10 00:30:02]   [emp_id: 4532] ✓ Updated: 68.91 → 68.96 (CHANGED)
[2025-12-10 00:30:02]   [emp_id: 4533] ✓ Updated: 33.94 → 34.02 (CHANGED)
[2025-12-10 00:30:02]   [emp_id: 4564] ✓ Updated: 24.16 → 24.21 (CHANGED)
[2025-12-10 00:30:02]   [emp_id: 4565] ✓ Updated: 13.91 → 13.96 (CHANGED)
[2025-12-10 00:30:03]   [emp_id: 4567] ✓ Updated: 18.16 → 18.21 (CHANGED)
[2025-12-10 00:30:03]   [emp_id: 4572] ✓ Updated: 57.66 → 57.71 (CHANGED)
[2025-12-10 00:30:03]   [emp_id: 4631] ✓ Updated: 13.91 → 13.96 (CHANGED)
[2025-12-10 00:30:03]   [emp_id: 4655] ✓ Updated: 22.86 → 22.94 (CHANGED)
[2025-12-10 00:30:03]   [emp_id: 4689] ✓ Updated: 20.53 → 20.61 (CHANGED)
[2025-12-10 00:30:03]   [emp_id: 4709] ✓ Updated: 38.11 → 38.19 (CHANGED)
[2025-12-10 00:30:03]   [emp_id: 4717] ✓ Updated: 64.11 → 64.19 (CHANGED)
[2025-12-10 00:30:03]   [emp_id: 4736] ✓ Updated: 25.94 → 26.02 (CHANGED)
[2025-12-10 00:30:03]   [emp_id: 4756] ✓ Updated: 59.8 → 59.85 (CHANGED)
[2025-12-10 00:30:03]   [emp_id: 4768] ✓ Updated: 10.61 → 10.69 (CHANGED)
[2025-12-10 00:30:03]   [emp_id: 4780] ✓ Updated: 64.08 → 64.13 (CHANGED)
[2025-12-10 00:30:03]   [emp_id: 4820] ✓ Updated: 96.94 → 97.02 (CHANGED)
[2025-12-10 00:30:03]   [emp_id: 4825] ✓ Updated: 28.69 → 28.77 (CHANGED)
[2025-12-10 00:30:03]   [emp_id: 4835] ✓ Updated: 46.83 → 46.88 (CHANGED)
[2025-12-10 00:30:03]   [emp_id: 4837] ✓ Updated: 44.07 → 44.12 (CHANGED)
[2025-12-10 00:30:03]   [emp_id: 4838] ✓ Updated: 43.09 → 43.14 (CHANGED)
[2025-12-10 00:30:03]   [emp_id: 4840] ✓ Updated: 44.07 → 44.12 (CHANGED)
[2025-12-10 00:30:03]   [emp_id: 4842] ✓ Updated: 43.31 → 43.36 (CHANGED)
[2025-12-10 00:30:03]   [emp_id: 4843] ✓ Updated: 43.84 → 43.89 (CHANGED)
[2025-12-10 00:30:03]   [emp_id: 4853] ✓ Updated: 87.66 → 87.71 (CHANGED)
[2025-12-10 00:30:03]   [emp_id: 4856] ✓ Updated: 40.98 → 41.03 (CHANGED)
[2025-12-10 00:30:03]   [emp_id: 4857] ✓ Updated: 23.8 → 23.85 (CHANGED)
[2025-12-10 00:30:03]   [emp_id: 4858] ✓ Updated: 20.68 → 20.73 (CHANGED)
[2025-12-10 00:30:03]   [emp_id: 4859] ✓ Updated: 42.15 → 42.2 (CHANGED)
[2025-12-10 00:30:03]   [emp_id: 4860] ✓ Updated: 6.65 → 6.7 (CHANGED)
[2025-12-10 00:30:03]   [emp_id: 4861] ✓ Updated: 40.11 → 40.16 (CHANGED)
[2025-12-10 00:30:03]   [emp_id: 4869] ✓ Updated: 82.99 → 83.04 (CHANGED)
[2025-12-10 00:30:03]   [emp_id: 4894] ✓ Updated: 5.61 → 5.69 (CHANGED)
[2025-12-10 00:30:03]   [emp_id: 4897] ✓ Updated: 21.89 → 21.94 (CHANGED)
[2025-12-10 00:30:03]   [emp_id: 4899] ✓ Updated: 18.06 → 18.11 (CHANGED)
[2025-12-10 00:30:03]   [emp_id: 4902] ✓ Updated: 17.48 → 17.53 (CHANGED)
[2025-12-10 00:30:03]   [emp_id: 4903] ✓ Updated: 19.7 → 19.75 (CHANGED)
[2025-12-10 00:30:03]   [emp_id: 4905] ✓ Updated: 18.36 → 18.41 (CHANGED)
[2025-12-10 00:30:03]   [emp_id: 4907] ✓ Updated: 45.69 → 45.77 (CHANGED)
[2025-12-10 00:30:03]   [emp_id: 4917] ✓ Updated: 15.32 → 15.37 (CHANGED)
[2025-12-10 00:30:03]   [emp_id: 4918] ✓ Updated: 5.09 → 5.14 (CHANGED)
[2025-12-10 00:30:03]   [emp_id: 4919] ✓ Updated: 57.38 → 57.43 (CHANGED)
[2025-12-10 00:30:03]   [emp_id: 4920] ✓ Updated: 57.21 → 57.26 (CHANGED)
[2025-12-10 00:30:03]   [emp_id: 4921] ✓ Updated: 16.55 → 16.6 (CHANGED)
[2025-12-10 00:30:03]   [emp_id: 4927] ✓ Updated: 15.38 → 15.43 (CHANGED)
[2025-12-10 00:30:03]   [emp_id: 4929] ✓ Updated: 16.9 → 16.95 (CHANGED)
[2025-12-10 00:30:03]   [emp_id: 4930] ✓ Updated: 57.67 → 57.72 (CHANGED)
[2025-12-10 00:30:03]   [emp_id: 4932] ✓ Updated: 15.67 → 15.72 (CHANGED)
[2025-12-10 00:30:03]   [emp_id: 4933] ✓ Updated: 19.08 → 19.13 (CHANGED)
[2025-12-10 00:30:03]   [emp_id: 4949] ✓ Updated: 34.51 → 34.56 (CHANGED)
[2025-12-10 00:30:03]   [emp_id: 4956] ✓ Updated: 28.1 → 28.15 (CHANGED)
[2025-12-10 00:30:03]   [emp_id: 4957] ✓ Updated: 28.77 → 28.82 (CHANGED)
[2025-12-10 00:30:03]   [emp_id: 4962] ✓ Updated: 51.94 → 52.02 (CHANGED)
[2025-12-10 00:30:03]   [emp_id: 4969] ✓ Updated: 44.36 → 44.44 (CHANGED)
[2025-12-10 00:30:03]   [emp_id: 4976] ✓ Updated: 8.79 → 8.84 (CHANGED)
[2025-12-10 00:30:03]   [emp_id: 4984] ✓ Updated: 35.61 → 35.69 (CHANGED)
[2025-12-10 00:30:03]   [emp_id: 4995] ✓ Updated: 47.68 → 47.76 (CHANGED)
[2025-12-10 00:30:03]   [emp_id: 5004] ✓ Updated: 44.47 → 44.52 (CHANGED)
[2025-12-10 00:30:03]   [emp_id: 5006] ✓ Updated: 25.47 → 25.52 (CHANGED)
[2025-12-10 00:30:03]   [emp_id: 5011] ✓ Updated: 11.28 → 11.36 (CHANGED)
[2025-12-10 00:30:03]   [emp_id: 5013] ✓ Updated: 65.84 → 65.89 (CHANGED)
[2025-12-10 00:30:03]   [emp_id: 5018] ✓ Updated: 20.08 → 20.13 (CHANGED)
[2025-12-10 00:30:03]   [emp_id: 5021] ✓ Updated: 62.79 → 62.87 (CHANGED)
[2025-12-10 00:30:03]   [emp_id: 5021] ✓ Updated: 62.79 → 62.87 (CHANGED)
[2025-12-10 00:30:03]   [emp_id: 5024] ✓ Updated: 0.35 → 0.4 (CHANGED)
[2025-12-10 00:30:03]   [emp_id: 5029] ✓ Updated: 22.33 → 22.38 (CHANGED)
[2025-12-10 00:30:03]   [emp_id: 5030] ✓ Updated: 30.3 → 30.35 (CHANGED)
[2025-12-10 00:30:03]   [emp_id: 5033] ✓ Updated: 21.1 → 21.15 (CHANGED)
[2025-12-10 00:30:03]   [emp_id: 5043] ✓ Updated: 28.28 → 28.36 (CHANGED)
[2025-12-10 00:30:03]   [emp_id: 5045] ✓ Updated: 24.78 → 24.86 (CHANGED)
[2025-12-10 00:30:03]   [emp_id: 5046] ✓ Updated: 19.97 → 20.05 (CHANGED)
[2025-12-10 00:30:03]   [emp_id: 5049] ✓ Updated: 37.78 → 37.83 (CHANGED)
[2025-12-10 00:30:03]   [emp_id: 5052] ✓ Updated: 29.06 → 29.11 (CHANGED)
[2025-12-10 00:30:03]   [emp_id: 5055] ✓ Updated: 36.25 → 36.3 (CHANGED)
[2025-12-10 00:30:03]   [emp_id: 5058] ✓ Updated: 26.48 → 26.53 (CHANGED)
[2025-12-10 00:30:03]   [emp_id: 5062] ✓ Updated: 38.31 → 38.36 (CHANGED)
[2025-12-10 00:30:03]   [emp_id: 5064] ✓ Updated: 115.61 → 115.69 (CHANGED)
[2025-12-10 00:30:03]   [emp_id: 5065] ✓ Updated: 37.72 → 37.77 (CHANGED)
[2025-12-10 00:30:03]   [emp_id: 5071] ✓ Updated: 21.11 → 21.19 (CHANGED)
[2025-12-10 00:30:03]   [emp_id: 5073] ✓ Updated: 12.32 → 12.37 (CHANGED)
[2025-12-10 00:30:03]   [emp_id: 5079] ✓ Updated: 32.88 → 32.93 (CHANGED)
[2025-12-10 00:30:03]   [emp_id: 5080] ✓ Updated: 30.21 → 30.26 (CHANGED)
[2025-12-10 00:30:03]   [emp_id: 5081] ✓ Updated: 35.21 → 35.26 (CHANGED)
[2025-12-10 00:30:03]   [emp_id: 5087] ✓ Updated: 34.51 → 34.56 (CHANGED)
[2025-12-10 00:30:03]   [emp_id: 5091] ✓ Updated: 74.36 → 74.41 (CHANGED)
[2025-12-10 00:30:03]   [emp_id: 5093] ✓ Updated: 12.28 → 12.36 (CHANGED)
[2025-12-10 00:30:03]   [emp_id: 5095] ✓ Updated: 31.83 → 31.88 (CHANGED)
[2025-12-10 00:30:03]   [emp_id: 5101] ✓ Updated: 14.36 → 14.44 (CHANGED)
[2025-12-10 00:30:03]   [emp_id: 5107] ✓ Updated: 12.69 → 12.77 (CHANGED)
[2025-12-10 00:30:03]   [emp_id: 5109] ✓ Updated: 9.94 → 10.02 (CHANGED)
[2025-12-10 00:30:03]   [emp_id: 5119] ✓ Updated: 8.11 → 8.19 (CHANGED)
[2025-12-10 00:30:03]   [emp_id: 5122] ✓ Updated: 5.28 → 5.36 (CHANGED)
[2025-12-10 00:30:03]   [emp_id: 5126] ✓ Updated: 25.24 → 25.29 (CHANGED)
[2025-12-10 00:30:03]   [emp_id: 5127] ✓ Updated: 22.03 → 22.08 (CHANGED)
[2025-12-10 00:30:03]   [emp_id: 5128] ✓ Updated: 25.18 → 25.23 (CHANGED)
[2025-12-10 00:30:03]   [emp_id: 5138] ✓ Updated: 63.94 → 64.02 (CHANGED)
[2025-12-10 00:30:03]   [emp_id: 5138] ✓ Updated: 63.94 → 64.02 (CHANGED)
[2025-12-10 00:30:03]   [emp_id: 5141] ✓ Updated: 33.55 → 33.6 (CHANGED)
[2025-12-10 00:30:03]   [emp_id: 5142] ✓ Updated: 12.55 → 12.6 (CHANGED)
[2025-12-10 00:30:03]   [emp_id: 5146] ✓ Updated: 19.55 → 19.6 (CHANGED)
[2025-12-10 00:30:03]   [emp_id: 5147] ✓ Updated: 18.55 → 18.6 (CHANGED)
[2025-12-10 00:30:03]   [emp_id: 5148] ✓ Updated: 23.9 → 23.95 (CHANGED)
[2025-12-10 00:30:03]   [emp_id: 5149] ✓ Updated: 22.79 → 22.84 (CHANGED)
[2025-12-10 00:30:03]   [emp_id: 5150] ✓ Updated: 22.15 → 22.2 (CHANGED)
[2025-12-10 00:30:03]   [emp_id: 5151] ✓ Updated: 21.97 → 22.02 (CHANGED)
[2025-12-10 00:30:03]   [emp_id: 5152] ✓ Updated: 2.39 → 2.44 (CHANGED)
[2025-12-10 00:30:03]   [emp_id: 5157] ✓ Updated: 21.97 → 22.02 (CHANGED)
[2025-12-10 00:30:03]   [emp_id: 5160] ✓ Updated: 21.97 → 22.02 (CHANGED)
[2025-12-10 00:30:03]   [emp_id: 5163] ✓ Updated: 19.76 → 19.81 (CHANGED)
[2025-12-10 00:30:03]   [emp_id: 5165] ✓ Updated: 28.28 → 28.36 (CHANGED)
[2025-12-10 00:30:03]   [emp_id: 5167] ✓ Updated: 28.91 → 28.96 (CHANGED)
[2025-12-10 00:30:03]   [emp_id: 5168] ✓ Updated: 21.45 → 21.5 (CHANGED)
[2025-12-10 00:30:03]   [emp_id: 5173] ✓ Updated: 23.03 → 23.11 (CHANGED)
[2025-12-10 00:30:03]   [emp_id: 5174] ✓ Updated: 21.91 → 21.96 (CHANGED)
[2025-12-10 00:30:03]   [emp_id: 5181] ✓ Updated: 18.3 → 18.35 (CHANGED)
[2025-12-10 00:30:03]   [emp_id: 5186] ✓ Updated: 23.83 → 23.88 (CHANGED)
[2025-12-10 00:30:03]   [emp_id: 5187] ✓ Updated: 34.83 → 34.88 (CHANGED)
[2025-12-10 00:30:03]   [emp_id: 5204] ✓ Updated: 20.53 → 20.61 (CHANGED)
[2025-12-10 00:30:03]   [emp_id: 5205] ✓ Updated: 11.04 → 11.09 (CHANGED)
[2025-12-10 00:30:03]   [emp_id: 5209] ✓ Updated: 14.04 → 14.09 (CHANGED)
[2025-12-10 00:30:03]   [emp_id: 5211] ✓ Updated: 6.04 → 6.09 (CHANGED)
[2025-12-10 00:30:03]   [emp_id: 5213] ✓ Updated: 0.45 → 0.5 (CHANGED)
[2025-12-10 00:30:03]   [emp_id: 5214] ✓ Updated: 14.04 → 14.09 (CHANGED)
[2025-12-10 00:30:03]   [emp_id: 5215] ✓ Updated: 9.04 → 9.09 (CHANGED)
[2025-12-10 00:30:03]   [emp_id: 5217] ✓ Updated: 8.04 → 8.09 (CHANGED)
[2025-12-10 00:30:03]   [emp_id: 5218] ✓ Updated: 14.04 → 14.09 (CHANGED)
[2025-12-10 00:30:03]   [emp_id: 5219] ✓ Updated: 12.04 → 12.09 (CHANGED)
[2025-12-10 00:30:03]   [emp_id: 5221] ✓ Updated: 3.41 → 3.46 (CHANGED)
[2025-12-10 00:30:03]   [emp_id: 5224] ✓ Updated: 13.04 → 13.09 (CHANGED)
[2025-12-10 00:30:03]   [emp_id: 5225] ✓ Updated: 7.71 → 7.76 (CHANGED)
[2025-12-10 00:30:03]   [emp_id: 5228] ✓ Updated: 8.04 → 8.09 (CHANGED)
[2025-12-10 00:30:03]   [emp_id: 5229] ✓ Updated: 4.04 → 4.09 (CHANGED)
[2025-12-10 00:30:03]   [emp_id: 5230] ✓ Updated: 14.04 → 14.09 (CHANGED)
[2025-12-10 00:30:03]   [emp_id: 5231] ✓ Updated: 5.04 → 5.09 (CHANGED)
[2025-12-10 00:30:03]   [emp_id: 5232] ✓ Updated: 10.04 → 10.09 (CHANGED)
[2025-12-10 00:30:03]   [emp_id: 5233] ✓ Updated: 3.04 → 3.09 (CHANGED)
[2025-12-10 00:30:03]   [emp_id: 5234] ✓ Updated: 3.04 → 3.09 (CHANGED)
[2025-12-10 00:30:03]   [emp_id: 5235] ✓ Updated: 14.04 → 14.09 (CHANGED)
[2025-12-10 00:30:03]   [emp_id: 5237] ✓ Updated: 14.04 → 14.09 (CHANGED)
[2025-12-10 00:30:03]   [emp_id: 5238] ✓ Updated: 6.66 → 6.71 (CHANGED)
[2025-12-10 00:30:03]   [emp_id: 5239] ✓ Updated: 6.04 → 6.09 (CHANGED)
[2025-12-10 00:30:03]   [emp_id: 5241] ✓ Updated: 4.04 → 4.09 (CHANGED)
[2025-12-10 00:30:03]   [emp_id: 5242] ✓ Updated: 14.04 → 14.09 (CHANGED)
[2025-12-10 00:30:03]   [emp_id: 5243] ✓ Updated: 0.45 → 0.5 (CHANGED)
[2025-12-10 00:30:03]   [emp_id: 5244] ✓ Updated: 3.31 → 3.36 (CHANGED)
[2025-12-10 00:30:03]   [emp_id: 5246] ✓ Updated: 10.04 → 10.09 (CHANGED)
[2025-12-10 00:30:03]   [emp_id: 5253] ✓ Updated: 28.66 → 28.71 (CHANGED)
[2025-12-10 00:30:03]   [emp_id: 5254] ✓ Updated: 10.89 → 10.94 (CHANGED)
[2025-12-10 00:30:03]   [emp_id: 5257] ✓ Updated: 10.6 → 10.65 (CHANGED)
[2025-12-10 00:30:03]   [emp_id: 5259] ✓ Updated: 47.13 → 47.18 (CHANGED)
[2025-12-10 00:30:03]   [emp_id: 5261] ✓ Updated: 48.03 → 48.11 (CHANGED)
[2025-12-10 00:30:03]   [emp_id: 5264] ✓ Updated: 24.61 → 24.66 (CHANGED)
[2025-12-10 00:30:03]   [emp_id: 5266] ✓ Updated: 24.56 → 24.61 (CHANGED)
[2025-12-10 00:30:03]   [emp_id: 5268] ✓ Updated: 7.8 → 7.85 (CHANGED)
[2025-12-10 00:30:03]   [emp_id: 5271] ✓ Updated: 6.46 → 6.51 (CHANGED)
[2025-12-10 00:30:03]   [emp_id: 5272] ✓ Updated: 7.33 → 7.38 (CHANGED)
[2025-12-10 00:30:03]   [emp_id: 5273] ✓ Updated: 25.12 → 25.17 (CHANGED)
[2025-12-10 00:30:03]   [emp_id: 5275] ✓ Updated: 8.15 → 8.2 (CHANGED)
[2025-12-10 00:30:03]   [emp_id: 5276] ✓ Updated: 22.42 → 22.47 (CHANGED)
[2025-12-10 00:30:03]   [emp_id: 5278] ✓ Updated: 6.81 → 6.86 (CHANGED)
[2025-12-10 00:30:03]   [emp_id: 5280] ✓ Updated: 17.21 → 17.26 (CHANGED)
[2025-12-10 00:30:03]   [emp_id: 5282] ✓ Updated: 9.61 → 9.69 (CHANGED)
[2025-12-10 00:30:03]   [emp_id: 5285] ✓ Updated: 27.21 → 27.26 (CHANGED)
[2025-12-10 00:30:04]   [emp_id: 5286] ✓ Updated: 14.21 → 14.26 (CHANGED)
[2025-12-10 00:30:04]   [emp_id: 5287] ✓ Updated: 48.51 → 48.56 (CHANGED)
[2025-12-10 00:30:04]   [emp_id: 5288] ✓ Updated: 37.52 → 37.57 (CHANGED)
[2025-12-10 00:30:04]   [emp_id: 5289] ✓ Updated: 47.06 → 47.11 (CHANGED)
[2025-12-10 00:30:04]   [emp_id: 5290] ✓ Updated: 45.83 → 45.88 (CHANGED)
[2025-12-10 00:30:04]   [emp_id: 5291] ✓ Updated: 3.83 → 3.88 (CHANGED)
[2025-12-10 00:30:04]   [emp_id: 5292] ✓ Updated: 3.77 → 3.82 (CHANGED)
[2025-12-10 00:30:04]   [emp_id: 5293] ✓ Updated: 35.78 → 35.86 (CHANGED)
[2025-12-10 00:30:04]   [emp_id: 5294] ✓ Updated: 5.53 → 5.61 (CHANGED)
[2025-12-10 00:30:04]   [emp_id: 5295] ✓ Updated: 20.01 → 20.06 (CHANGED)
[2025-12-10 00:30:04]   [emp_id: 5296] ✓ Updated: 29.41 → 29.49 (CHANGED)
[2025-12-10 00:30:04]   [emp_id: 5297] ✓ Updated: 44.43 → 44.48 (CHANGED)
[2025-12-10 00:30:04]   [emp_id: 5298] ✓ Updated: 44.43 → 44.48 (CHANGED)
[2025-12-10 00:30:04]   [emp_id: 5299] ✓ Updated: 44.43 → 44.48 (CHANGED)
[2025-12-10 00:30:04]   [emp_id: 5300] ✓ Updated: 44.43 → 44.48 (CHANGED)
[2025-12-10 00:30:04]   [emp_id: 5301] ✓ Updated: 44.43 → 44.48 (CHANGED)
[2025-12-10 00:30:04]   [emp_id: 5303] ✓ Updated: 44.43 → 44.48 (CHANGED)
[2025-12-10 00:30:04]   [emp_id: 5304] ✓ Updated: 44.43 → 44.48 (CHANGED)
[2025-12-10 00:30:04]   [emp_id: 5305] ✓ Updated: 2.43 → 2.48 (CHANGED)
[2025-12-10 00:30:04]   [emp_id: 5306] ✓ Updated: 44.14 → 44.19 (CHANGED)
[2025-12-10 00:30:04]   [emp_id: 5307] ✓ Updated: 44.14 → 44.19 (CHANGED)
[2025-12-10 00:30:04]   [emp_id: 5312] ✓ Updated: 41.81 → 41.86 (CHANGED)
[2025-12-10 00:30:04]   [emp_id: 5318] ✓ Updated: 24.85 → 24.9 (CHANGED)
[2025-12-10 00:30:04]   [emp_id: 5325] ✓ Updated: 20.81 → 20.86 (CHANGED)
[2025-12-10 00:30:04]   [emp_id: 5326] ✓ Updated: 41.63 → 41.68 (CHANGED)
[2025-12-10 00:30:04]   [emp_id: 5327] ✓ Updated: 40.81 → 40.86 (CHANGED)
[2025-12-10 00:30:04]   [emp_id: 5328] ✓ Updated: 40.81 → 40.86 (CHANGED)
[2025-12-10 00:30:04]   [emp_id: 5329] ✓ Updated: 40.81 → 40.86 (CHANGED)
[2025-12-10 00:30:04]   [emp_id: 5331] ✓ Updated: 20.22 → 20.27 (CHANGED)
[2025-12-10 00:30:04]   [emp_id: 5337] ✓ Updated: 33.44 → 33.52 (CHANGED)
[2025-12-10 00:30:04]   [emp_id: 5339] ✓ Updated: 9 → 9.05 (CHANGED)
[2025-12-10 00:30:04]   [emp_id: 5343] ✓ Updated: 43.36 → 43.44 (CHANGED)
[2025-12-10 00:30:04]   [emp_id: 5343] ✓ Updated: 43.36 → 43.44 (CHANGED)
[2025-12-10 00:30:04]   [emp_id: 5345] ✓ Updated: 13.19 → 13.27 (CHANGED)
[2025-12-10 00:30:04]   [emp_id: 5346] ✓ Updated: 37.72 → 37.77 (CHANGED)
[2025-12-10 00:30:04]   [emp_id: 5351] ✓ Updated: 16.66 → 16.71 (CHANGED)
[2025-12-10 00:30:04]   [emp_id: 5352] ✓ Updated: 23.61 → 23.69 (CHANGED)
[2025-12-10 00:30:04]   [emp_id: 5370] ✓ Updated: 14.31 → 14.36 (CHANGED)
[2025-12-10 00:30:04]   [emp_id: 5371] ✓ Updated: 0.08 → 0.16 (CHANGED)
[2025-12-10 00:30:04]   [emp_id: 5376] ✓ Updated: 8.91 → 8.96 (CHANGED)
[2025-12-10 00:30:04]   [emp_id: 5378] ✓ Updated: 21.36 → 21.44 (CHANGED)
[2025-12-10 00:30:04]   [emp_id: 5380] ✓ Updated: 15.32 → 15.37 (CHANGED)
[2025-12-10 00:30:04]   [emp_id: 5381] ✓ Updated: 15.78 → 15.86 (CHANGED)
[2025-12-10 00:30:04]   [emp_id: 5383] ✓ Updated: 14.19 → 14.27 (CHANGED)
[2025-12-10 00:30:04]   [emp_id: 5388] ✓ Updated: 26.1 → 26.15 (CHANGED)
[2025-12-10 00:30:04]   [emp_id: 5392] ✓ Updated: 12.11 → 12.19 (CHANGED)
[2025-12-10 00:30:04]   [emp_id: 5396] ✓ Updated: 27.34 → 27.39 (CHANGED)
[2025-12-10 00:30:04]   [emp_id: 5397] ✓ Updated: 23.55 → 23.6 (CHANGED)
[2025-12-10 00:30:04]   [emp_id: 5401] ✓ Updated: 21.91 → 21.96 (CHANGED)
[2025-12-10 00:30:04]   [emp_id: 5402] ✓ Updated: 22.03 → 22.08 (CHANGED)
[2025-12-10 00:30:04]   [emp_id: 5406] ✓ Updated: 20.75 → 20.8 (CHANGED)
[2025-12-10 00:30:04]   [emp_id: 5407] ✓ Updated: 22.86 → 22.94 (CHANGED)
[2025-12-10 00:30:04]   [emp_id: 5408] ✓ Updated: 20.61 → 20.69 (CHANGED)
[2025-12-10 00:30:04]   [emp_id: 5409] ✓ Updated: 15.09 → 15.14 (CHANGED)
[2025-12-10 00:30:04]   [emp_id: 5413] ✓ Updated: 26.36 → 26.44 (CHANGED)
[2025-12-10 00:30:04]   [emp_id: 5414] ✓ Updated: 26.03 → 26.11 (CHANGED)
[2025-12-10 00:30:04]   [emp_id: 5415] ✓ Updated: 16.86 → 16.94 (CHANGED)
[2025-12-10 00:30:04]   [emp_id: 5418] ✓ Updated: 11.87 → 11.92 (CHANGED)
[2025-12-10 00:30:04]   [emp_id: 5422] ✓ Updated: 18.69 → 18.77 (CHANGED)
[2025-12-10 00:30:04]   [emp_id: 5423] ✓ Updated: 15.28 → 15.36 (CHANGED)
[2025-12-10 00:30:04]   [emp_id: 5423] ✓ Updated: 15.28 → 15.36 (CHANGED)
[2025-12-10 00:30:04]   [emp_id: 5423] ✓ Updated: 15.28 → 15.36 (CHANGED)
[2025-12-10 00:30:04]   [emp_id: 5424] ✓ Updated: 12.7 → 12.75 (CHANGED)
[2025-12-10 00:30:04]   [emp_id: 5425] ✓ Updated: 12.7 → 12.75 (CHANGED)
[2025-12-10 00:30:04]   [emp_id: 5426] ✓ Updated: 4.45 → 4.53 (CHANGED)
[2025-12-10 00:30:04]   [emp_id: 5426] ✓ Updated: 4.45 → 4.53 (CHANGED)
[2025-12-10 00:30:04]   [emp_id: 5427] ✓ Updated: 12.81 → 12.86 (CHANGED)
[2025-12-10 00:30:04]   [emp_id: 5428] ✓ Updated: 12.7 → 12.75 (CHANGED)
[2025-12-10 00:30:04]   [emp_id: 5430] ✓ Updated: 15.69 → 15.77 (CHANGED)
[2025-12-10 00:30:04]   [emp_id: 5431] ✓ Updated: 11.82 → 11.87 (CHANGED)
[2025-12-10 00:30:04]   [emp_id: 5434] ✓ Updated: 11.59 → 11.64 (CHANGED)
[2025-12-10 00:30:04]   [emp_id: 5435] ✓ Updated: 11.53 → 11.58 (CHANGED)
[2025-12-10 00:30:04]   [emp_id: 5436] ✓ Updated: 11.53 → 11.58 (CHANGED)
[2025-12-10 00:30:04]   [emp_id: 5438] ✓ Updated: 13.61 → 13.69 (CHANGED)
[2025-12-10 00:30:04]   [emp_id: 5439] ✓ Updated: 23.11 → 23.19 (CHANGED)
[2025-12-10 00:30:04]   [emp_id: 5442] ✓ Updated: 12.11 → 12.19 (CHANGED)
[2025-12-10 00:30:04]   [emp_id: 5443] ✓ Updated: 7.21 → 7.26 (CHANGED)
[2025-12-10 00:30:04]   [emp_id: 5445] ✓ Updated: 5.99 → 6.04 (CHANGED)
[2025-12-10 00:30:04]   [emp_id: 5446] ✓ Updated: 5.99 → 6.04 (CHANGED)
[2025-12-10 00:30:04]   [emp_id: 5447] ✓ Updated: 5.93 → 5.98 (CHANGED)
[2025-12-10 00:30:04]   [emp_id: 5448] ✓ Updated: 3.64 → 3.72 (CHANGED)
[2025-12-10 00:30:04]   [emp_id: 5449] ✓ Updated: 4.01 → 4.06 (CHANGED)
[2025-12-10 00:30:04]   [emp_id: 5450] ✓ Updated: 3.95 → 4 (CHANGED)
[2025-12-10 00:30:04]   [emp_id: 5451] ✓ Updated: 3.95 → 4 (CHANGED)
[2025-12-10 00:30:04]   [emp_id: 5454] ✓ Updated: 5.19 → 5.27 (CHANGED)
[2025-12-10 00:30:04]   [emp_id: 5455] ✓ Updated: 3.44 → 3.52 (CHANGED)
[2025-12-10 00:30:04]   [emp_id: 5456] ✓ Updated: 4.44 → 4.52 (CHANGED)
[2025-12-10 00:30:04] 
[2025-12-10 00:30:04] ========== SUMMARY ==========
[2025-12-10 00:30:04] Total employees processed: 445
[2025-12-10 00:30:04] Records updated: 445
[2025-12-10 00:30:04] Balances changed: 445
[2025-12-10 00:30:04] Errors: 0
[2025-12-10 00:30:04] ========== CRON: Vacation Balance Update Completed ==========
[2025-12-10 00:30:04] 
[2025-12-10 08:22:38] ========== CRON: Vacation Balance Update Started ==========
[2025-12-10 08:22:38] Database connection established
[2025-12-10 08:22:38] Found 445 active employees with balance records to update
[2025-12-10 08:22:38] (Only employees with status=1 will be processed)
[2025-12-10 08:22:38]   [emp_id: 1061] SKIPPED: Already updated today (2025-12-10 03:00:01)
[2025-12-10 08:22:38]   [emp_id: 1496] SKIPPED: Already updated today (2025-12-10 03:00:01)
[2025-12-10 08:22:38]   [emp_id: 1500] SKIPPED: Already updated today (2025-12-10 03:00:01)
[2025-12-10 08:22:38]   [emp_id: 1574] SKIPPED: Already updated today (2025-12-10 03:00:01)
[2025-12-10 08:22:38]   [emp_id: 1673] SKIPPED: Already updated today (2025-12-10 03:00:01)
[2025-12-10 08:22:38]   [emp_id: 1685] SKIPPED: Already updated today (2025-12-10 03:00:01)
[2025-12-10 08:22:38]   [emp_id: 1764] SKIPPED: Already updated today (2025-12-10 03:00:01)
[2025-12-10 08:22:38]   [emp_id: 1805] SKIPPED: Already updated today (2025-12-10 03:00:01)
[2025-12-10 08:22:38]   [emp_id: 1822] SKIPPED: Already updated today (2025-12-10 03:00:01)
[2025-12-10 08:22:38]   [emp_id: 1837] SKIPPED: Already updated today (2025-12-10 03:00:01)
[2025-12-10 08:22:38]   [emp_id: 1857] SKIPPED: Already updated today (2025-12-10 03:00:01)
[2025-12-10 08:22:38]   [emp_id: 1861] SKIPPED: Already updated today (2025-12-10 03:00:01)
[2025-12-10 08:22:38]   [emp_id: 1872] SKIPPED: Already updated today (2025-12-10 03:00:01)
[2025-12-10 08:22:38]   [emp_id: 1897] SKIPPED: Already updated today (2025-12-10 03:00:01)
[2025-12-10 08:22:38]   [emp_id: 1916] SKIPPED: Already updated today (2025-12-10 03:00:01)
[2025-12-10 08:22:38]   [emp_id: 1928] SKIPPED: Already updated today (2025-12-10 03:00:01)
[2025-12-10 08:22:38]   [emp_id: 1931] SKIPPED: Already updated today (2025-12-10 03:00:01)
[2025-12-10 08:22:38]   [emp_id: 1944] SKIPPED: Already updated today (2025-12-10 03:00:01)
[2025-12-10 08:22:38]   [emp_id: 1996] SKIPPED: Already updated today (2025-12-10 03:00:01)
[2025-12-10 08:22:38]   [emp_id: 1997] SKIPPED: Already updated today (2025-12-10 03:00:01)
[2025-12-10 08:22:38]   [emp_id: 1998] SKIPPED: Already updated today (2025-12-10 03:00:01)
[2025-12-10 08:22:38]   [emp_id: 1999] SKIPPED: Already updated today (2025-12-10 03:00:01)
[2025-12-10 08:22:38]   [emp_id: 2009] SKIPPED: Already updated today (2025-12-10 03:00:01)
[2025-12-10 08:22:38]   [emp_id: 2048] SKIPPED: Already updated today (2025-12-10 03:00:01)
[2025-12-10 08:22:38]   [emp_id: 2057] SKIPPED: Already updated today (2025-12-10 03:00:01)
[2025-12-10 08:22:38]   [emp_id: 2079] SKIPPED: Already updated today (2025-12-10 03:00:01)
[2025-12-10 08:22:38]   [emp_id: 2181] SKIPPED: Already updated today (2025-12-10 03:00:01)
[2025-12-10 08:22:38]   [emp_id: 2190] SKIPPED: Already updated today (2025-12-10 03:00:01)
[2025-12-10 08:22:38]   [emp_id: 2212] SKIPPED: Already updated today (2025-12-10 03:00:01)
[2025-12-10 08:22:38]   [emp_id: 2226] SKIPPED: Already updated today (2025-12-10 03:00:01)
[2025-12-10 08:22:38]   [emp_id: 2238] SKIPPED: Already updated today (2025-12-10 03:00:01)
[2025-12-10 08:22:38]   [emp_id: 2285] SKIPPED: Already updated today (2025-12-10 03:00:01)
[2025-12-10 08:22:38]   [emp_id: 2287] SKIPPED: Already updated today (2025-12-10 03:00:01)
[2025-12-10 08:22:38]   [emp_id: 2288] SKIPPED: Already updated today (2025-12-10 03:00:01)
[2025-12-10 08:22:38]   [emp_id: 2290] SKIPPED: Already updated today (2025-12-10 03:00:01)
[2025-12-10 08:22:38]   [emp_id: 2316] SKIPPED: Already updated today (2025-12-10 03:00:01)
[2025-12-10 08:22:38]   [emp_id: 2337] SKIPPED: Already updated today (2025-12-10 03:00:01)
[2025-12-10 08:22:38]   [emp_id: 2352] SKIPPED: Already updated today (2025-12-10 03:00:01)
[2025-12-10 08:22:38]   [emp_id: 2358] SKIPPED: Already updated today (2025-12-10 03:00:01)
[2025-12-10 08:22:38]   [emp_id: 2361] SKIPPED: Already updated today (2025-12-10 03:00:01)
[2025-12-10 08:22:38]   [emp_id: 2363] SKIPPED: Already updated today (2025-12-10 03:00:01)
[2025-12-10 08:22:38]   [emp_id: 2364] SKIPPED: Already updated today (2025-12-10 03:00:01)
[2025-12-10 08:22:38]   [emp_id: 2367] SKIPPED: Already updated today (2025-12-10 03:00:02)
[2025-12-10 08:22:38]   [emp_id: 2368] SKIPPED: Already updated today (2025-12-10 03:00:02)
[2025-12-10 08:22:38]   [emp_id: 2372] SKIPPED: Already updated today (2025-12-10 03:00:02)
[2025-12-10 08:22:38]   [emp_id: 2376] SKIPPED: Already updated today (2025-12-10 03:00:02)
[2025-12-10 08:22:38]   [emp_id: 2423] SKIPPED: Already updated today (2025-12-10 03:00:02)
[2025-12-10 08:22:38]   [emp_id: 2519] SKIPPED: Already updated today (2025-12-10 03:00:02)
[2025-12-10 08:22:38]   [emp_id: 2522] SKIPPED: Already updated today (2025-12-10 03:00:02)
[2025-12-10 08:22:38]   [emp_id: 2530] SKIPPED: Already updated today (2025-12-10 03:00:02)
[2025-12-10 08:22:38]   [emp_id: 2539] SKIPPED: Already updated today (2025-12-10 03:00:02)
[2025-12-10 08:22:38]   [emp_id: 2541] SKIPPED: Already updated today (2025-12-10 03:00:02)
[2025-12-10 08:22:38]   [emp_id: 2550] SKIPPED: Already updated today (2025-12-10 03:00:02)
[2025-12-10 08:22:38]   [emp_id: 2553] SKIPPED: Already updated today (2025-12-10 03:00:02)
[2025-12-10 08:22:38]   [emp_id: 2554] SKIPPED: Already updated today (2025-12-10 03:00:02)
[2025-12-10 08:22:38]   [emp_id: 2565] SKIPPED: Already updated today (2025-12-10 03:00:02)
[2025-12-10 08:22:38]   [emp_id: 2572] SKIPPED: Already updated today (2025-12-10 03:00:02)
[2025-12-10 08:22:38]   [emp_id: 2637] SKIPPED: Already updated today (2025-12-10 03:00:02)
[2025-12-10 08:22:38]   [emp_id: 2642] SKIPPED: Already updated today (2025-12-10 03:00:02)
[2025-12-10 08:22:38]   [emp_id: 2645] SKIPPED: Already updated today (2025-12-10 03:00:02)
[2025-12-10 08:22:38]   [emp_id: 2648] SKIPPED: Already updated today (2025-12-10 03:00:02)
[2025-12-10 08:22:38]   [emp_id: 2654] SKIPPED: Already updated today (2025-12-10 03:00:02)
[2025-12-10 08:22:38]   [emp_id: 2688] SKIPPED: Already updated today (2025-12-10 03:00:02)
[2025-12-10 08:22:38]   [emp_id: 2690] SKIPPED: Already updated today (2025-12-10 03:00:02)
[2025-12-10 08:22:38]   [emp_id: 2709] SKIPPED: Already updated today (2025-12-10 03:00:02)
[2025-12-10 08:22:38]   [emp_id: 2745] SKIPPED: Already updated today (2025-12-10 03:00:02)
[2025-12-10 08:22:38]   [emp_id: 2843] SKIPPED: Already updated today (2025-12-10 03:00:02)
[2025-12-10 08:22:38]   [emp_id: 2854] SKIPPED: Already updated today (2025-12-10 03:00:02)
[2025-12-10 08:22:38]   [emp_id: 2869] SKIPPED: Already updated today (2025-12-10 03:00:02)
[2025-12-10 08:22:38]   [emp_id: 2876] SKIPPED: Already updated today (2025-12-10 03:00:02)
[2025-12-10 08:22:38]   [emp_id: 2924] SKIPPED: Already updated today (2025-12-10 03:00:02)
[2025-12-10 08:22:38]   [emp_id: 2953] SKIPPED: Already updated today (2025-12-10 03:00:02)
[2025-12-10 08:22:38]   [emp_id: 2961] SKIPPED: Already updated today (2025-12-10 03:00:02)
[2025-12-10 08:22:38]   [emp_id: 2975] SKIPPED: Already updated today (2025-12-10 03:00:02)
[2025-12-10 08:22:38]   [emp_id: 3013] SKIPPED: Already updated today (2025-12-10 03:00:02)
[2025-12-10 08:22:38]   [emp_id: 3014] SKIPPED: Already updated today (2025-12-10 03:00:02)
[2025-12-10 08:22:38]   [emp_id: 3015] SKIPPED: Already updated today (2025-12-10 03:00:02)
[2025-12-10 08:22:38]   [emp_id: 3018] SKIPPED: Already updated today (2025-12-10 03:00:02)
[2025-12-10 08:22:38]   [emp_id: 3025] SKIPPED: Already updated today (2025-12-10 03:00:02)
[2025-12-10 08:22:38]   [emp_id: 3037] SKIPPED: Already updated today (2025-12-10 03:00:02)
[2025-12-10 08:22:38]   [emp_id: 3047] SKIPPED: Already updated today (2025-12-10 03:00:02)
[2025-12-10 08:22:38]   [emp_id: 3061] SKIPPED: Already updated today (2025-12-10 03:00:02)
[2025-12-10 08:22:38]   [emp_id: 3062] SKIPPED: Already updated today (2025-12-10 03:00:02)
[2025-12-10 08:22:38]   [emp_id: 3074] SKIPPED: Already updated today (2025-12-10 03:00:02)
[2025-12-10 08:22:38]   [emp_id: 3089] SKIPPED: Already updated today (2025-12-10 03:00:02)
[2025-12-10 08:22:38]   [emp_id: 3090] SKIPPED: Already updated today (2025-12-10 03:00:02)
[2025-12-10 08:22:38]   [emp_id: 3091] SKIPPED: Already updated today (2025-12-10 03:00:02)
[2025-12-10 08:22:38]   [emp_id: 3092] SKIPPED: Already updated today (2025-12-10 03:00:02)
[2025-12-10 08:22:38]   [emp_id: 3105] SKIPPED: Already updated today (2025-12-10 03:00:02)
[2025-12-10 08:22:38]   [emp_id: 3134] SKIPPED: Already updated today (2025-12-10 03:00:02)
[2025-12-10 08:22:38]   [emp_id: 3140] SKIPPED: Already updated today (2025-12-10 03:00:02)
[2025-12-10 08:22:38]   [emp_id: 3144] SKIPPED: Already updated today (2025-12-10 03:00:02)
[2025-12-10 08:22:38]   [emp_id: 3156] SKIPPED: Already updated today (2025-12-10 03:00:02)
[2025-12-10 08:22:38]   [emp_id: 3162] SKIPPED: Already updated today (2025-12-10 03:00:02)
[2025-12-10 08:22:38]   [emp_id: 3163] SKIPPED: Already updated today (2025-12-10 03:00:02)
[2025-12-10 08:22:38]   [emp_id: 3198] SKIPPED: Already updated today (2025-12-10 03:00:02)
[2025-12-10 08:22:38]   [emp_id: 3205] SKIPPED: Already updated today (2025-12-10 03:00:02)
[2025-12-10 08:22:38]   [emp_id: 3209] SKIPPED: Already updated today (2025-12-10 03:00:02)
[2025-12-10 08:22:38]   [emp_id: 3223] SKIPPED: Already updated today (2025-12-10 03:00:02)
[2025-12-10 08:22:38]   [emp_id: 3224] SKIPPED: Already updated today (2025-12-10 03:00:02)
[2025-12-10 08:22:38]   [emp_id: 3230] SKIPPED: Already updated today (2025-12-10 03:00:02)
[2025-12-10 08:22:38]   [emp_id: 3231] SKIPPED: Already updated today (2025-12-10 03:00:02)
[2025-12-10 08:22:38]   [emp_id: 3233] SKIPPED: Already updated today (2025-12-10 03:00:02)
[2025-12-10 08:22:38]   [emp_id: 3249] SKIPPED: Already updated today (2025-12-10 03:00:02)
[2025-12-10 08:22:38]   [emp_id: 3250] SKIPPED: Already updated today (2025-12-10 03:00:02)
[2025-12-10 08:22:38]   [emp_id: 3252] SKIPPED: Already updated today (2025-12-10 03:00:02)
[2025-12-10 08:22:38]   [emp_id: 3254] SKIPPED: Already updated today (2025-12-10 03:00:02)
[2025-12-10 08:22:38]   [emp_id: 3255] SKIPPED: Already updated today (2025-12-10 03:00:02)
[2025-12-10 08:22:38]   [emp_id: 3256] SKIPPED: Already updated today (2025-12-10 03:00:02)
[2025-12-10 08:22:38]   [emp_id: 3263] SKIPPED: Already updated today (2025-12-10 03:00:02)
[2025-12-10 08:22:38]   [emp_id: 3265] SKIPPED: Already updated today (2025-12-10 03:00:02)
[2025-12-10 08:22:38]   [emp_id: 3280] SKIPPED: Already updated today (2025-12-10 03:00:02)
[2025-12-10 08:22:38]   [emp_id: 3286] SKIPPED: Already updated today (2025-12-10 03:00:02)
[2025-12-10 08:22:38]   [emp_id: 3294] SKIPPED: Already updated today (2025-12-10 03:00:02)
[2025-12-10 08:22:38]   [emp_id: 3321] SKIPPED: Already updated today (2025-12-10 03:00:02)
[2025-12-10 08:22:38]   [emp_id: 3325] SKIPPED: Already updated today (2025-12-10 03:00:02)
[2025-12-10 08:22:38]   [emp_id: 3329] SKIPPED: Already updated today (2025-12-10 03:00:02)
[2025-12-10 08:22:38]   [emp_id: 3330] SKIPPED: Already updated today (2025-12-10 03:00:02)
[2025-12-10 08:22:38]   [emp_id: 3332] SKIPPED: Already updated today (2025-12-10 03:00:02)
[2025-12-10 08:22:38]   [emp_id: 3370] SKIPPED: Already updated today (2025-12-10 03:00:02)
[2025-12-10 08:22:38]   [emp_id: 3384] SKIPPED: Already updated today (2025-12-10 03:00:02)
[2025-12-10 08:22:38]   [emp_id: 3386] SKIPPED: Already updated today (2025-12-10 03:00:02)
[2025-12-10 08:22:38]   [emp_id: 3431] SKIPPED: Already updated today (2025-12-10 03:00:02)
[2025-12-10 08:22:38]   [emp_id: 3497] SKIPPED: Already updated today (2025-12-10 03:00:02)
[2025-12-10 08:22:38]   [emp_id: 3532] SKIPPED: Already updated today (2025-12-10 03:00:02)
[2025-12-10 08:22:38]   [emp_id: 3586] SKIPPED: Already updated today (2025-12-10 03:00:02)
[2025-12-10 08:22:38]   [emp_id: 3602] SKIPPED: Already updated today (2025-12-10 03:00:02)
[2025-12-10 08:22:38]   [emp_id: 3618] SKIPPED: Already updated today (2025-12-10 03:00:02)
[2025-12-10 08:22:38]   [emp_id: 3622] SKIPPED: Already updated today (2025-12-10 03:00:02)
[2025-12-10 08:22:38]   [emp_id: 3627] SKIPPED: Already updated today (2025-12-10 03:00:02)
[2025-12-10 08:22:38]   [emp_id: 3665] SKIPPED: Already updated today (2025-12-10 03:00:02)
[2025-12-10 08:22:38]   [emp_id: 3705] SKIPPED: Already updated today (2025-12-10 03:00:02)
[2025-12-10 08:22:38]   [emp_id: 3724] SKIPPED: Already updated today (2025-12-10 03:00:02)
[2025-12-10 08:22:38]   [emp_id: 3726] SKIPPED: Already updated today (2025-12-10 03:00:02)
[2025-12-10 08:22:38]   [emp_id: 3727] SKIPPED: Already updated today (2025-12-10 03:00:02)
[2025-12-10 08:22:38]   [emp_id: 3728] SKIPPED: Already updated today (2025-12-10 03:00:02)
[2025-12-10 08:22:38]   [emp_id: 3742] SKIPPED: Already updated today (2025-12-10 03:00:02)
[2025-12-10 08:22:38]   [emp_id: 3767] SKIPPED: Already updated today (2025-12-10 03:00:02)
[2025-12-10 08:22:38]   [emp_id: 3768] SKIPPED: Already updated today (2025-12-10 03:00:02)
[2025-12-10 08:22:38]   [emp_id: 3787] SKIPPED: Already updated today (2025-12-10 03:00:02)
[2025-12-10 08:22:38]   [emp_id: 3790] SKIPPED: Already updated today (2025-12-10 03:00:02)
[2025-12-10 08:22:38]   [emp_id: 3795] SKIPPED: Already updated today (2025-12-10 03:00:02)
[2025-12-10 08:22:38]   [emp_id: 3798] SKIPPED: Already updated today (2025-12-10 03:00:02)
[2025-12-10 08:22:38]   [emp_id: 3801] SKIPPED: Already updated today (2025-12-10 03:00:02)
[2025-12-10 08:22:38]   [emp_id: 3802] SKIPPED: Already updated today (2025-12-10 03:00:02)
[2025-12-10 08:22:38]   [emp_id: 3803] SKIPPED: Already updated today (2025-12-10 03:00:02)
[2025-12-10 08:22:38]   [emp_id: 3810] SKIPPED: Already updated today (2025-12-10 03:00:02)
[2025-12-10 08:22:38]   [emp_id: 3812] SKIPPED: Already updated today (2025-12-10 03:00:02)
[2025-12-10 08:22:38]   [emp_id: 3815] SKIPPED: Already updated today (2025-12-10 03:00:02)
[2025-12-10 08:22:38]   [emp_id: 3836] SKIPPED: Already updated today (2025-12-10 03:00:02)
[2025-12-10 08:22:38]   [emp_id: 3855] SKIPPED: Already updated today (2025-12-10 03:00:02)
[2025-12-10 08:22:38]   [emp_id: 3857] SKIPPED: Already updated today (2025-12-10 03:00:02)
[2025-12-10 08:22:38]   [emp_id: 3862] SKIPPED: Already updated today (2025-12-10 03:00:02)
[2025-12-10 08:22:38]   [emp_id: 3866] SKIPPED: Already updated today (2025-12-10 03:00:02)
[2025-12-10 08:22:38]   [emp_id: 3876] SKIPPED: Already updated today (2025-12-10 03:00:02)
[2025-12-10 08:22:38]   [emp_id: 3877] SKIPPED: Already updated today (2025-12-10 03:00:02)
[2025-12-10 08:22:38]   [emp_id: 3897] SKIPPED: Already updated today (2025-12-10 03:00:02)
[2025-12-10 08:22:38]   [emp_id: 3899] SKIPPED: Already updated today (2025-12-10 03:00:02)
[2025-12-10 08:22:38]   [emp_id: 3928] SKIPPED: Already updated today (2025-12-10 03:00:02)
[2025-12-10 08:22:38]   [emp_id: 3929] SKIPPED: Already updated today (2025-12-10 03:00:02)
[2025-12-10 08:22:38]   [emp_id: 3935] SKIPPED: Already updated today (2025-12-10 03:00:02)
[2025-12-10 08:22:38]   [emp_id: 3952] SKIPPED: Already updated today (2025-12-10 03:00:02)
[2025-12-10 08:22:38]   [emp_id: 3987] SKIPPED: Already updated today (2025-12-10 03:00:02)
[2025-12-10 08:22:38]   [emp_id: 4059] SKIPPED: Already updated today (2025-12-10 03:00:02)
[2025-12-10 08:22:38]   [emp_id: 4119] SKIPPED: Already updated today (2025-12-10 03:00:02)
[2025-12-10 08:22:38]   [emp_id: 4120] SKIPPED: Already updated today (2025-12-10 03:00:02)
[2025-12-10 08:22:38]   [emp_id: 4124] SKIPPED: Already updated today (2025-12-10 03:00:02)
[2025-12-10 08:22:38]   [emp_id: 4133] SKIPPED: Already updated today (2025-12-10 03:00:02)
[2025-12-10 08:22:38]   [emp_id: 4134] SKIPPED: Already updated today (2025-12-10 03:00:02)
[2025-12-10 08:22:38]   [emp_id: 4136] SKIPPED: Already updated today (2025-12-10 03:00:02)
[2025-12-10 08:22:38]   [emp_id: 4150] SKIPPED: Already updated today (2025-12-10 03:00:02)
[2025-12-10 08:22:38]   [emp_id: 4157] SKIPPED: Already updated today (2025-12-10 03:00:02)
[2025-12-10 08:22:38]   [emp_id: 4172] SKIPPED: Already updated today (2025-12-10 03:00:02)
[2025-12-10 08:22:38]   [emp_id: 4195] SKIPPED: Already updated today (2025-12-10 03:00:02)
[2025-12-10 08:22:38]   [emp_id: 4215] SKIPPED: Already updated today (2025-12-10 03:00:02)
[2025-12-10 08:22:38]   [emp_id: 4220] SKIPPED: Already updated today (2025-12-10 03:00:02)
[2025-12-10 08:22:38]   [emp_id: 4273] SKIPPED: Already updated today (2025-12-10 03:00:02)
[2025-12-10 08:22:38]   [emp_id: 4283] SKIPPED: Already updated today (2025-12-10 03:00:02)
[2025-12-10 08:22:38]   [emp_id: 4288] SKIPPED: Already updated today (2025-12-10 03:00:02)
[2025-12-10 08:22:38]   [emp_id: 4315] SKIPPED: Already updated today (2025-12-10 03:00:02)
[2025-12-10 08:22:38]   [emp_id: 4328] SKIPPED: Already updated today (2025-12-10 03:00:02)
[2025-12-10 08:22:38]   [emp_id: 4329] SKIPPED: Already updated today (2025-12-10 03:00:02)
[2025-12-10 08:22:38]   [emp_id: 4338] SKIPPED: Already updated today (2025-12-10 03:00:02)
[2025-12-10 08:22:38]   [emp_id: 4340] SKIPPED: Already updated today (2025-12-10 03:00:02)
[2025-12-10 08:22:38]   [emp_id: 4365] SKIPPED: Already updated today (2025-12-10 03:00:02)
[2025-12-10 08:22:38]   [emp_id: 4366] SKIPPED: Already updated today (2025-12-10 03:00:02)
[2025-12-10 08:22:38]   [emp_id: 4385] SKIPPED: Already updated today (2025-12-10 03:00:02)
[2025-12-10 08:22:38]   [emp_id: 4403] SKIPPED: Already updated today (2025-12-10 03:00:02)
[2025-12-10 08:22:38]   [emp_id: 4438] SKIPPED: Already updated today (2025-12-10 03:00:02)
[2025-12-10 08:22:38]   [emp_id: 4465] SKIPPED: Already updated today (2025-12-10 03:00:02)
[2025-12-10 08:22:38]   [emp_id: 4473] SKIPPED: Already updated today (2025-12-10 03:00:02)
[2025-12-10 08:22:38]   [emp_id: 4474] SKIPPED: Already updated today (2025-12-10 03:00:02)
[2025-12-10 08:22:38]   [emp_id: 4493] SKIPPED: Already updated today (2025-12-10 03:00:02)
[2025-12-10 08:22:38]   [emp_id: 4526] SKIPPED: Already updated today (2025-12-10 03:00:02)
[2025-12-10 08:22:38]   [emp_id: 4528] SKIPPED: Already updated today (2025-12-10 03:00:02)
[2025-12-10 08:22:38]   [emp_id: 4528] SKIPPED: Already updated today (2025-12-10 03:00:02)
[2025-12-10 08:22:38]   [emp_id: 4532] SKIPPED: Already updated today (2025-12-10 03:00:02)
[2025-12-10 08:22:38]   [emp_id: 4533] SKIPPED: Already updated today (2025-12-10 03:00:02)
[2025-12-10 08:22:38]   [emp_id: 4564] SKIPPED: Already updated today (2025-12-10 03:00:02)
[2025-12-10 08:22:38]   [emp_id: 4565] SKIPPED: Already updated today (2025-12-10 03:00:02)
[2025-12-10 08:22:38]   [emp_id: 4567] SKIPPED: Already updated today (2025-12-10 03:00:02)
[2025-12-10 08:22:38]   [emp_id: 4572] SKIPPED: Already updated today (2025-12-10 03:00:03)
[2025-12-10 08:22:38]   [emp_id: 4631] SKIPPED: Already updated today (2025-12-10 03:00:03)
[2025-12-10 08:22:38]   [emp_id: 4655] SKIPPED: Already updated today (2025-12-10 03:00:03)
[2025-12-10 08:22:38]   [emp_id: 4689] SKIPPED: Already updated today (2025-12-10 03:00:03)
[2025-12-10 08:22:38]   [emp_id: 4709] SKIPPED: Already updated today (2025-12-10 03:00:03)
[2025-12-10 08:22:38]   [emp_id: 4717] SKIPPED: Already updated today (2025-12-10 03:00:03)
[2025-12-10 08:22:38]   [emp_id: 4736] SKIPPED: Already updated today (2025-12-10 03:00:03)
[2025-12-10 08:22:38]   [emp_id: 4756] SKIPPED: Already updated today (2025-12-10 03:00:03)
[2025-12-10 08:22:38]   [emp_id: 4768] SKIPPED: Already updated today (2025-12-10 03:00:03)
[2025-12-10 08:22:38]   [emp_id: 4780] SKIPPED: Already updated today (2025-12-10 03:00:03)
[2025-12-10 08:22:38]   [emp_id: 4820] SKIPPED: Already updated today (2025-12-10 03:00:03)
[2025-12-10 08:22:38]   [emp_id: 4825] SKIPPED: Already updated today (2025-12-10 03:00:03)
[2025-12-10 08:22:38]   [emp_id: 4835] SKIPPED: Already updated today (2025-12-10 03:00:03)
[2025-12-10 08:22:38]   [emp_id: 4837] SKIPPED: Already updated today (2025-12-10 03:00:03)
[2025-12-10 08:22:38]   [emp_id: 4838] SKIPPED: Already updated today (2025-12-10 03:00:03)
[2025-12-10 08:22:38]   [emp_id: 4840] SKIPPED: Already updated today (2025-12-10 03:00:03)
[2025-12-10 08:22:38]   [emp_id: 4842] SKIPPED: Already updated today (2025-12-10 03:00:03)
[2025-12-10 08:22:38]   [emp_id: 4843] SKIPPED: Already updated today (2025-12-10 03:00:03)
[2025-12-10 08:22:38]   [emp_id: 4853] SKIPPED: Already updated today (2025-12-10 03:00:03)
[2025-12-10 08:22:38]   [emp_id: 4856] SKIPPED: Already updated today (2025-12-10 03:00:03)
[2025-12-10 08:22:38]   [emp_id: 4857] SKIPPED: Already updated today (2025-12-10 03:00:03)
[2025-12-10 08:22:38]   [emp_id: 4858] SKIPPED: Already updated today (2025-12-10 03:00:03)
[2025-12-10 08:22:38]   [emp_id: 4859] SKIPPED: Already updated today (2025-12-10 03:00:03)
[2025-12-10 08:22:38]   [emp_id: 4860] SKIPPED: Already updated today (2025-12-10 03:00:03)
[2025-12-10 08:22:38]   [emp_id: 4861] SKIPPED: Already updated today (2025-12-10 03:00:03)
[2025-12-10 08:22:38]   [emp_id: 4869] SKIPPED: Already updated today (2025-12-10 03:00:03)
[2025-12-10 08:22:38]   [emp_id: 4894] SKIPPED: Already updated today (2025-12-10 03:00:03)
[2025-12-10 08:22:38]   [emp_id: 4897] SKIPPED: Already updated today (2025-12-10 03:00:03)
[2025-12-10 08:22:38]   [emp_id: 4899] SKIPPED: Already updated today (2025-12-10 03:00:03)
[2025-12-10 08:22:38]   [emp_id: 4902] SKIPPED: Already updated today (2025-12-10 03:00:03)
[2025-12-10 08:22:38]   [emp_id: 4903] SKIPPED: Already updated today (2025-12-10 03:00:03)
[2025-12-10 08:22:38]   [emp_id: 4905] SKIPPED: Already updated today (2025-12-10 03:00:03)
[2025-12-10 08:22:38]   [emp_id: 4907] SKIPPED: Already updated today (2025-12-10 03:00:03)
[2025-12-10 08:22:38]   [emp_id: 4917] SKIPPED: Already updated today (2025-12-10 03:00:03)
[2025-12-10 08:22:38]   [emp_id: 4918] SKIPPED: Already updated today (2025-12-10 03:00:03)
[2025-12-10 08:22:38]   [emp_id: 4919] SKIPPED: Already updated today (2025-12-10 03:00:03)
[2025-12-10 08:22:38]   [emp_id: 4920] SKIPPED: Already updated today (2025-12-10 03:00:03)
[2025-12-10 08:22:38]   [emp_id: 4921] SKIPPED: Already updated today (2025-12-10 03:00:03)
[2025-12-10 08:22:38]   [emp_id: 4927] SKIPPED: Already updated today (2025-12-10 03:00:03)
[2025-12-10 08:22:38]   [emp_id: 4929] SKIPPED: Already updated today (2025-12-10 03:00:03)
[2025-12-10 08:22:38]   [emp_id: 4930] SKIPPED: Already updated today (2025-12-10 03:00:03)
[2025-12-10 08:22:38]   [emp_id: 4932] SKIPPED: Already updated today (2025-12-10 03:00:03)
[2025-12-10 08:22:38]   [emp_id: 4933] SKIPPED: Already updated today (2025-12-10 03:00:03)
[2025-12-10 08:22:38]   [emp_id: 4949] SKIPPED: Already updated today (2025-12-10 03:00:03)
[2025-12-10 08:22:38]   [emp_id: 4956] SKIPPED: Already updated today (2025-12-10 03:00:03)
[2025-12-10 08:22:38]   [emp_id: 4957] SKIPPED: Already updated today (2025-12-10 03:00:03)
[2025-12-10 08:22:38]   [emp_id: 4962] SKIPPED: Already updated today (2025-12-10 03:00:03)
[2025-12-10 08:22:38]   [emp_id: 4969] SKIPPED: Already updated today (2025-12-10 03:00:03)
[2025-12-10 08:22:38]   [emp_id: 4976] SKIPPED: Already updated today (2025-12-10 03:00:03)
[2025-12-10 08:22:38]   [emp_id: 4984] SKIPPED: Already updated today (2025-12-10 03:00:03)
[2025-12-10 08:22:38]   [emp_id: 4995] SKIPPED: Already updated today (2025-12-10 03:00:03)
[2025-12-10 08:22:38]   [emp_id: 5004] SKIPPED: Already updated today (2025-12-10 03:00:03)
[2025-12-10 08:22:38]   [emp_id: 5006] SKIPPED: Already updated today (2025-12-10 03:00:03)
[2025-12-10 08:22:38]   [emp_id: 5011] SKIPPED: Already updated today (2025-12-10 03:00:03)
[2025-12-10 08:22:38]   [emp_id: 5013] SKIPPED: Already updated today (2025-12-10 03:00:03)
[2025-12-10 08:22:38]   [emp_id: 5018] SKIPPED: Already updated today (2025-12-10 03:00:03)
[2025-12-10 08:22:38]   [emp_id: 5021] SKIPPED: Already updated today (2025-12-10 03:00:03)
[2025-12-10 08:22:38]   [emp_id: 5021] SKIPPED: Already updated today (2025-12-10 03:00:03)
[2025-12-10 08:22:38]   [emp_id: 5024] SKIPPED: Already updated today (2025-12-10 03:00:03)
[2025-12-10 08:22:38]   [emp_id: 5029] SKIPPED: Already updated today (2025-12-10 03:00:03)
[2025-12-10 08:22:38]   [emp_id: 5030] SKIPPED: Already updated today (2025-12-10 03:00:03)
[2025-12-10 08:22:38]   [emp_id: 5033] SKIPPED: Already updated today (2025-12-10 03:00:03)
[2025-12-10 08:22:38]   [emp_id: 5043] SKIPPED: Already updated today (2025-12-10 03:00:03)
[2025-12-10 08:22:38]   [emp_id: 5045] SKIPPED: Already updated today (2025-12-10 03:00:03)
[2025-12-10 08:22:38]   [emp_id: 5046] SKIPPED: Already updated today (2025-12-10 03:00:03)
[2025-12-10 08:22:38]   [emp_id: 5049] SKIPPED: Already updated today (2025-12-10 03:00:03)
[2025-12-10 08:22:38]   [emp_id: 5052] SKIPPED: Already updated today (2025-12-10 03:00:03)
[2025-12-10 08:22:38]   [emp_id: 5055] SKIPPED: Already updated today (2025-12-10 03:00:03)
[2025-12-10 08:22:38]   [emp_id: 5058] SKIPPED: Already updated today (2025-12-10 03:00:03)
[2025-12-10 08:22:38]   [emp_id: 5062] SKIPPED: Already updated today (2025-12-10 03:00:03)
[2025-12-10 08:22:38]   [emp_id: 5064] SKIPPED: Already updated today (2025-12-10 03:00:03)
[2025-12-10 08:22:38]   [emp_id: 5065] SKIPPED: Already updated today (2025-12-10 03:00:03)
[2025-12-10 08:22:38]   [emp_id: 5071] SKIPPED: Already updated today (2025-12-10 03:00:03)
[2025-12-10 08:22:38]   [emp_id: 5073] SKIPPED: Already updated today (2025-12-10 03:00:03)
[2025-12-10 08:22:38]   [emp_id: 5079] SKIPPED: Already updated today (2025-12-10 03:00:03)
[2025-12-10 08:22:38]   [emp_id: 5080] SKIPPED: Already updated today (2025-12-10 03:00:03)
[2025-12-10 08:22:38]   [emp_id: 5081] SKIPPED: Already updated today (2025-12-10 03:00:03)
[2025-12-10 08:22:38]   [emp_id: 5087] SKIPPED: Already updated today (2025-12-10 03:00:03)
[2025-12-10 08:22:38]   [emp_id: 5091] SKIPPED: Already updated today (2025-12-10 03:00:03)
[2025-12-10 08:22:38]   [emp_id: 5093] SKIPPED: Already updated today (2025-12-10 03:00:03)
[2025-12-10 08:22:38]   [emp_id: 5095] SKIPPED: Already updated today (2025-12-10 03:00:03)
[2025-12-10 08:22:38]   [emp_id: 5101] SKIPPED: Already updated today (2025-12-10 03:00:03)
[2025-12-10 08:22:38]   [emp_id: 5107] SKIPPED: Already updated today (2025-12-10 03:00:03)
[2025-12-10 08:22:38]   [emp_id: 5109] SKIPPED: Already updated today (2025-12-10 03:00:03)
[2025-12-10 08:22:38]   [emp_id: 5119] SKIPPED: Already updated today (2025-12-10 03:00:03)
[2025-12-10 08:22:38]   [emp_id: 5122] SKIPPED: Already updated today (2025-12-10 03:00:03)
[2025-12-10 08:22:38]   [emp_id: 5126] SKIPPED: Already updated today (2025-12-10 03:00:03)
[2025-12-10 08:22:38]   [emp_id: 5127] SKIPPED: Already updated today (2025-12-10 03:00:03)
[2025-12-10 08:22:38]   [emp_id: 5128] SKIPPED: Already updated today (2025-12-10 03:00:03)
[2025-12-10 08:22:38]   [emp_id: 5138] SKIPPED: Already updated today (2025-12-10 03:00:03)
[2025-12-10 08:22:38]   [emp_id: 5138] SKIPPED: Already updated today (2025-12-10 03:00:03)
[2025-12-10 08:22:38]   [emp_id: 5141] SKIPPED: Already updated today (2025-12-10 03:00:03)
[2025-12-10 08:22:38]   [emp_id: 5142] SKIPPED: Already updated today (2025-12-10 03:00:03)
[2025-12-10 08:22:38]   [emp_id: 5146] SKIPPED: Already updated today (2025-12-10 03:00:03)
[2025-12-10 08:22:38]   [emp_id: 5147] SKIPPED: Already updated today (2025-12-10 03:00:03)
[2025-12-10 08:22:38]   [emp_id: 5148] SKIPPED: Already updated today (2025-12-10 03:00:03)
[2025-12-10 08:22:38]   [emp_id: 5149] SKIPPED: Already updated today (2025-12-10 03:00:03)
[2025-12-10 08:22:38]   [emp_id: 5150] SKIPPED: Already updated today (2025-12-10 03:00:03)
[2025-12-10 08:22:38]   [emp_id: 5151] SKIPPED: Already updated today (2025-12-10 03:00:03)
[2025-12-10 08:22:38]   [emp_id: 5152] SKIPPED: Already updated today (2025-12-10 03:00:03)
[2025-12-10 08:22:38]   [emp_id: 5157] SKIPPED: Already updated today (2025-12-10 03:00:03)
[2025-12-10 08:22:38]   [emp_id: 5160] SKIPPED: Already updated today (2025-12-10 03:00:03)
[2025-12-10 08:22:38]   [emp_id: 5163] SKIPPED: Already updated today (2025-12-10 03:00:03)
[2025-12-10 08:22:38]   [emp_id: 5165] SKIPPED: Already updated today (2025-12-10 03:00:03)
[2025-12-10 08:22:38]   [emp_id: 5167] SKIPPED: Already updated today (2025-12-10 03:00:03)
[2025-12-10 08:22:38]   [emp_id: 5168] SKIPPED: Already updated today (2025-12-10 03:00:03)
[2025-12-10 08:22:38]   [emp_id: 5173] SKIPPED: Already updated today (2025-12-10 03:00:03)
[2025-12-10 08:22:38]   [emp_id: 5174] SKIPPED: Already updated today (2025-12-10 03:00:03)
[2025-12-10 08:22:38]   [emp_id: 5181] SKIPPED: Already updated today (2025-12-10 03:00:03)
[2025-12-10 08:22:38]   [emp_id: 5186] SKIPPED: Already updated today (2025-12-10 03:00:03)
[2025-12-10 08:22:38]   [emp_id: 5187] SKIPPED: Already updated today (2025-12-10 03:00:03)
[2025-12-10 08:22:38]   [emp_id: 5204] SKIPPED: Already updated today (2025-12-10 03:00:03)
[2025-12-10 08:22:38]   [emp_id: 5205] SKIPPED: Already updated today (2025-12-10 03:00:03)
[2025-12-10 08:22:38]   [emp_id: 5209] SKIPPED: Already updated today (2025-12-10 03:00:03)
[2025-12-10 08:22:38]   [emp_id: 5211] SKIPPED: Already updated today (2025-12-10 03:00:03)
[2025-12-10 08:22:38]   [emp_id: 5213] SKIPPED: Already updated today (2025-12-10 03:00:03)
[2025-12-10 08:22:38]   [emp_id: 5214] SKIPPED: Already updated today (2025-12-10 03:00:03)
[2025-12-10 08:22:38]   [emp_id: 5215] SKIPPED: Already updated today (2025-12-10 03:00:03)
[2025-12-10 08:22:38]   [emp_id: 5217] SKIPPED: Already updated today (2025-12-10 03:00:03)
[2025-12-10 08:22:38]   [emp_id: 5218] SKIPPED: Already updated today (2025-12-10 03:00:03)
[2025-12-10 08:22:38]   [emp_id: 5219] SKIPPED: Already updated today (2025-12-10 03:00:03)
[2025-12-10 08:22:38]   [emp_id: 5221] SKIPPED: Already updated today (2025-12-10 03:00:03)
[2025-12-10 08:22:38]   [emp_id: 5224] SKIPPED: Already updated today (2025-12-10 03:00:03)
[2025-12-10 08:22:38]   [emp_id: 5225] SKIPPED: Already updated today (2025-12-10 03:00:03)
[2025-12-10 08:22:38]   [emp_id: 5228] SKIPPED: Already updated today (2025-12-10 03:00:03)
[2025-12-10 08:22:38]   [emp_id: 5229] SKIPPED: Already updated today (2025-12-10 03:00:03)
[2025-12-10 08:22:38]   [emp_id: 5230] SKIPPED: Already updated today (2025-12-10 03:00:03)
[2025-12-10 08:22:38]   [emp_id: 5231] SKIPPED: Already updated today (2025-12-10 03:00:03)
[2025-12-10 08:22:38]   [emp_id: 5232] SKIPPED: Already updated today (2025-12-10 03:00:03)
[2025-12-10 08:22:38]   [emp_id: 5233] SKIPPED: Already updated today (2025-12-10 03:00:03)
[2025-12-10 08:22:38]   [emp_id: 5234] SKIPPED: Already updated today (2025-12-10 03:00:03)
[2025-12-10 08:22:38]   [emp_id: 5235] SKIPPED: Already updated today (2025-12-10 03:00:03)
[2025-12-10 08:22:38]   [emp_id: 5237] SKIPPED: Already updated today (2025-12-10 03:00:03)
[2025-12-10 08:22:38]   [emp_id: 5238] SKIPPED: Already updated today (2025-12-10 03:00:03)
[2025-12-10 08:22:38]   [emp_id: 5239] SKIPPED: Already updated today (2025-12-10 03:00:03)
[2025-12-10 08:22:38]   [emp_id: 5241] SKIPPED: Already updated today (2025-12-10 03:00:03)
[2025-12-10 08:22:38]   [emp_id: 5242] SKIPPED: Already updated today (2025-12-10 03:00:03)
[2025-12-10 08:22:38]   [emp_id: 5243] SKIPPED: Already updated today (2025-12-10 03:00:03)
[2025-12-10 08:22:38]   [emp_id: 5244] SKIPPED: Already updated today (2025-12-10 03:00:03)
[2025-12-10 08:22:38]   [emp_id: 5246] SKIPPED: Already updated today (2025-12-10 03:00:03)
[2025-12-10 08:22:38]   [emp_id: 5253] SKIPPED: Already updated today (2025-12-10 03:00:03)
[2025-12-10 08:22:38]   [emp_id: 5254] SKIPPED: Already updated today (2025-12-10 03:00:03)
[2025-12-10 08:22:38]   [emp_id: 5257] SKIPPED: Already updated today (2025-12-10 03:00:03)
[2025-12-10 08:22:38]   [emp_id: 5259] SKIPPED: Already updated today (2025-12-10 03:00:03)
[2025-12-10 08:22:38]   [emp_id: 5261] SKIPPED: Already updated today (2025-12-10 03:00:03)
[2025-12-10 08:22:38]   [emp_id: 5264] SKIPPED: Already updated today (2025-12-10 03:00:03)
[2025-12-10 08:22:38]   [emp_id: 5266] SKIPPED: Already updated today (2025-12-10 03:00:03)
[2025-12-10 08:22:38]   [emp_id: 5268] SKIPPED: Already updated today (2025-12-10 03:00:03)
[2025-12-10 08:22:38]   [emp_id: 5271] SKIPPED: Already updated today (2025-12-10 03:00:03)
[2025-12-10 08:22:38]   [emp_id: 5272] SKIPPED: Already updated today (2025-12-10 03:00:03)
[2025-12-10 08:22:38]   [emp_id: 5273] SKIPPED: Already updated today (2025-12-10 03:00:03)
[2025-12-10 08:22:38]   [emp_id: 5275] SKIPPED: Already updated today (2025-12-10 03:00:03)
[2025-12-10 08:22:38]   [emp_id: 5276] SKIPPED: Already updated today (2025-12-10 03:00:03)
[2025-12-10 08:22:38]   [emp_id: 5278] SKIPPED: Already updated today (2025-12-10 03:00:03)
[2025-12-10 08:22:38]   [emp_id: 5280] SKIPPED: Already updated today (2025-12-10 03:00:03)
[2025-12-10 08:22:38]   [emp_id: 5282] SKIPPED: Already updated today (2025-12-10 03:00:03)
[2025-12-10 08:22:38]   [emp_id: 5285] SKIPPED: Already updated today (2025-12-10 03:00:03)
[2025-12-10 08:22:38]   [emp_id: 5286] SKIPPED: Already updated today (2025-12-10 03:00:03)
[2025-12-10 08:22:38]   [emp_id: 5287] SKIPPED: Already updated today (2025-12-10 03:00:04)
[2025-12-10 08:22:38]   [emp_id: 5288] SKIPPED: Already updated today (2025-12-10 03:00:04)
[2025-12-10 08:22:38]   [emp_id: 5289] SKIPPED: Already updated today (2025-12-10 03:00:04)
[2025-12-10 08:22:38]   [emp_id: 5290] SKIPPED: Already updated today (2025-12-10 03:00:04)
[2025-12-10 08:22:38]   [emp_id: 5291] SKIPPED: Already updated today (2025-12-10 03:00:04)
[2025-12-10 08:22:38]   [emp_id: 5292] SKIPPED: Already updated today (2025-12-10 03:00:04)
[2025-12-10 08:22:38]   [emp_id: 5293] SKIPPED: Already updated today (2025-12-10 03:00:04)
[2025-12-10 08:22:38]   [emp_id: 5294] SKIPPED: Already updated today (2025-12-10 03:00:04)
[2025-12-10 08:22:38]   [emp_id: 5295] SKIPPED: Already updated today (2025-12-10 03:00:04)
[2025-12-10 08:22:38]   [emp_id: 5296] SKIPPED: Already updated today (2025-12-10 03:00:04)
[2025-12-10 08:22:38]   [emp_id: 5297] SKIPPED: Already updated today (2025-12-10 03:00:04)
[2025-12-10 08:22:38]   [emp_id: 5298] SKIPPED: Already updated today (2025-12-10 03:00:04)
[2025-12-10 08:22:38]   [emp_id: 5299] SKIPPED: Already updated today (2025-12-10 03:00:04)
[2025-12-10 08:22:38]   [emp_id: 5300] SKIPPED: Already updated today (2025-12-10 03:00:04)
[2025-12-10 08:22:38]   [emp_id: 5301] SKIPPED: Already updated today (2025-12-10 03:00:04)
[2025-12-10 08:22:38]   [emp_id: 5303] SKIPPED: Already updated today (2025-12-10 03:00:04)
[2025-12-10 08:22:38]   [emp_id: 5304] SKIPPED: Already updated today (2025-12-10 03:00:04)
[2025-12-10 08:22:38]   [emp_id: 5305] SKIPPED: Already updated today (2025-12-10 03:00:04)
[2025-12-10 08:22:38]   [emp_id: 5306] SKIPPED: Already updated today (2025-12-10 03:00:04)
[2025-12-10 08:22:38]   [emp_id: 5307] SKIPPED: Already updated today (2025-12-10 03:00:04)
[2025-12-10 08:22:38]   [emp_id: 5312] SKIPPED: Already updated today (2025-12-10 03:00:04)
[2025-12-10 08:22:38]   [emp_id: 5318] SKIPPED: Already updated today (2025-12-10 03:00:04)
[2025-12-10 08:22:38]   [emp_id: 5325] SKIPPED: Already updated today (2025-12-10 03:00:04)
[2025-12-10 08:22:38]   [emp_id: 5326] SKIPPED: Already updated today (2025-12-10 03:00:04)
[2025-12-10 08:22:38]   [emp_id: 5327] SKIPPED: Already updated today (2025-12-10 03:00:04)
[2025-12-10 08:22:38]   [emp_id: 5328] SKIPPED: Already updated today (2025-12-10 03:00:04)
[2025-12-10 08:22:38]   [emp_id: 5329] SKIPPED: Already updated today (2025-12-10 03:00:04)
[2025-12-10 08:22:38]   [emp_id: 5331] SKIPPED: Already updated today (2025-12-10 03:00:04)
[2025-12-10 08:22:38]   [emp_id: 5337] SKIPPED: Already updated today (2025-12-10 03:00:04)
[2025-12-10 08:22:38]   [emp_id: 5339] SKIPPED: Already updated today (2025-12-10 03:00:04)
[2025-12-10 08:22:38]   [emp_id: 5343] SKIPPED: Already updated today (2025-12-10 03:00:04)
[2025-12-10 08:22:38]   [emp_id: 5343] SKIPPED: Already updated today (2025-12-10 03:00:04)
[2025-12-10 08:22:38]   [emp_id: 5345] SKIPPED: Already updated today (2025-12-10 03:00:04)
[2025-12-10 08:22:38]   [emp_id: 5346] SKIPPED: Already updated today (2025-12-10 03:00:04)
[2025-12-10 08:22:38]   [emp_id: 5351] SKIPPED: Already updated today (2025-12-10 03:00:04)
[2025-12-10 08:22:38]   [emp_id: 5352] SKIPPED: Already updated today (2025-12-10 03:00:04)
[2025-12-10 08:22:38]   [emp_id: 5370] SKIPPED: Already updated today (2025-12-10 03:00:04)
[2025-12-10 08:22:38]   [emp_id: 5371] SKIPPED: Already updated today (2025-12-10 03:00:04)
[2025-12-10 08:22:38]   [emp_id: 5376] SKIPPED: Already updated today (2025-12-10 03:00:04)
[2025-12-10 08:22:38]   [emp_id: 5378] SKIPPED: Already updated today (2025-12-10 03:00:04)
[2025-12-10 08:22:38]   [emp_id: 5380] SKIPPED: Already updated today (2025-12-10 03:00:04)
[2025-12-10 08:22:38]   [emp_id: 5381] SKIPPED: Already updated today (2025-12-10 03:00:04)
[2025-12-10 08:22:38]   [emp_id: 5383] SKIPPED: Already updated today (2025-12-10 03:00:04)
[2025-12-10 08:22:38]   [emp_id: 5388] SKIPPED: Already updated today (2025-12-10 03:00:04)
[2025-12-10 08:22:38]   [emp_id: 5392] SKIPPED: Already updated today (2025-12-10 03:00:04)
[2025-12-10 08:22:38]   [emp_id: 5396] SKIPPED: Already updated today (2025-12-10 03:00:04)
[2025-12-10 08:22:38]   [emp_id: 5397] SKIPPED: Already updated today (2025-12-10 03:00:04)
[2025-12-10 08:22:38]   [emp_id: 5401] SKIPPED: Already updated today (2025-12-10 03:00:04)
[2025-12-10 08:22:38]   [emp_id: 5402] SKIPPED: Already updated today (2025-12-10 03:00:04)
[2025-12-10 08:22:38]   [emp_id: 5406] SKIPPED: Already updated today (2025-12-10 03:00:04)
[2025-12-10 08:22:38]   [emp_id: 5407] SKIPPED: Already updated today (2025-12-10 03:00:04)
[2025-12-10 08:22:38]   [emp_id: 5408] SKIPPED: Already updated today (2025-12-10 03:00:04)
[2025-12-10 08:22:38]   [emp_id: 5409] SKIPPED: Already updated today (2025-12-10 03:00:04)
[2025-12-10 08:22:38]   [emp_id: 5413] SKIPPED: Already updated today (2025-12-10 03:00:04)
[2025-12-10 08:22:38]   [emp_id: 5414] SKIPPED: Already updated today (2025-12-10 03:00:04)
[2025-12-10 08:22:38]   [emp_id: 5415] SKIPPED: Already updated today (2025-12-10 03:00:04)
[2025-12-10 08:22:38]   [emp_id: 5418] SKIPPED: Already updated today (2025-12-10 03:00:04)
[2025-12-10 08:22:38]   [emp_id: 5422] SKIPPED: Already updated today (2025-12-10 03:00:04)
[2025-12-10 08:22:38]   [emp_id: 5423] SKIPPED: Already updated today (2025-12-10 03:00:04)
[2025-12-10 08:22:38]   [emp_id: 5423] SKIPPED: Already updated today (2025-12-10 03:00:04)
[2025-12-10 08:22:38]   [emp_id: 5423] SKIPPED: Already updated today (2025-12-10 03:00:04)
[2025-12-10 08:22:38]   [emp_id: 5424] SKIPPED: Already updated today (2025-12-10 03:00:04)
[2025-12-10 08:22:38]   [emp_id: 5425] SKIPPED: Already updated today (2025-12-10 03:00:04)
[2025-12-10 08:22:38]   [emp_id: 5426] SKIPPED: Already updated today (2025-12-10 03:00:04)
[2025-12-10 08:22:38]   [emp_id: 5426] SKIPPED: Already updated today (2025-12-10 03:00:04)
[2025-12-10 08:22:38]   [emp_id: 5427] SKIPPED: Already updated today (2025-12-10 03:00:04)
[2025-12-10 08:22:38]   [emp_id: 5428] SKIPPED: Already updated today (2025-12-10 03:00:04)
[2025-12-10 08:22:38]   [emp_id: 5430] SKIPPED: Already updated today (2025-12-10 03:00:04)
[2025-12-10 08:22:38]   [emp_id: 5431] SKIPPED: Already updated today (2025-12-10 03:00:04)
[2025-12-10 08:22:38]   [emp_id: 5434] SKIPPED: Already updated today (2025-12-10 03:00:04)
[2025-12-10 08:22:38]   [emp_id: 5435] SKIPPED: Already updated today (2025-12-10 03:00:04)
[2025-12-10 08:22:38]   [emp_id: 5436] SKIPPED: Already updated today (2025-12-10 03:00:04)
[2025-12-10 08:22:38]   [emp_id: 5438] SKIPPED: Already updated today (2025-12-10 03:00:04)
[2025-12-10 08:22:38]   [emp_id: 5439] SKIPPED: Already updated today (2025-12-10 03:00:04)
[2025-12-10 08:22:38]   [emp_id: 5442] SKIPPED: Already updated today (2025-12-10 03:00:04)
[2025-12-10 08:22:38]   [emp_id: 5443] SKIPPED: Already updated today (2025-12-10 03:00:04)
[2025-12-10 08:22:38]   [emp_id: 5445] SKIPPED: Already updated today (2025-12-10 03:00:04)
[2025-12-10 08:22:38]   [emp_id: 5446] SKIPPED: Already updated today (2025-12-10 03:00:04)
[2025-12-10 08:22:38]   [emp_id: 5447] SKIPPED: Already updated today (2025-12-10 03:00:04)
[2025-12-10 08:22:38]   [emp_id: 5448] SKIPPED: Already updated today (2025-12-10 03:00:04)
[2025-12-10 08:22:38]   [emp_id: 5449] SKIPPED: Already updated today (2025-12-10 03:00:04)
[2025-12-10 08:22:38]   [emp_id: 5450] SKIPPED: Already updated today (2025-12-10 03:00:04)
[2025-12-10 08:22:38]   [emp_id: 5451] SKIPPED: Already updated today (2025-12-10 03:00:04)
[2025-12-10 08:22:38]   [emp_id: 5454] SKIPPED: Already updated today (2025-12-10 03:00:04)
[2025-12-10 08:22:38]   [emp_id: 5455] SKIPPED: Already updated today (2025-12-10 03:00:04)
[2025-12-10 08:22:38]   [emp_id: 5456] SKIPPED: Already updated today (2025-12-10 03:00:04)
[2025-12-10 08:22:38] 
[2025-12-10 08:22:38] ========== SUMMARY ==========
[2025-12-10 08:22:38] Total employees processed: 445
[2025-12-10 08:22:38] Records updated: 0
[2025-12-10 08:22:38] Balances changed: 0
[2025-12-10 08:22:38] Errors: 0
[2025-12-10 08:22:38] ========== CRON: Vacation Balance Update Completed ==========
[2025-12-10 08:22:38] 
[2025-12-10 12:11:51] ========== CRON: Vacation Balance Update Started ==========
[2025-12-10 12:11:51] Database connection established
[2025-12-10 12:11:51] Found 439 active employees with balance records to update
[2025-12-10 12:11:51] (Only employees with status=1 will be processed)
[2025-12-10 12:11:51]   [emp_id: 1061] SKIPPED: Already updated today (2025-12-10 03:00:01)
[2025-12-10 12:11:51]   [emp_id: 1496] SKIPPED: Already updated today (2025-12-10 03:00:01)
[2025-12-10 12:11:51]   [emp_id: 1500] SKIPPED: Already updated today (2025-12-10 03:00:01)
[2025-12-10 12:11:51]   [emp_id: 1574] SKIPPED: Already updated today (2025-12-10 03:00:01)
[2025-12-10 12:11:51]   [emp_id: 1673] SKIPPED: Already updated today (2025-12-10 03:00:01)
[2025-12-10 12:11:51]   [emp_id: 1685] SKIPPED: Already updated today (2025-12-10 03:00:01)
[2025-12-10 12:11:51]   [emp_id: 1764] SKIPPED: Already updated today (2025-12-10 03:00:01)
[2025-12-10 12:11:51]   [emp_id: 1805] SKIPPED: Already updated today (2025-12-10 03:00:01)
[2025-12-10 12:11:51]   [emp_id: 1822] SKIPPED: Already updated today (2025-12-10 03:00:01)
[2025-12-10 12:11:51]   [emp_id: 1837] SKIPPED: Already updated today (2025-12-10 03:00:01)
[2025-12-10 12:11:51]   [emp_id: 1857] SKIPPED: Already updated today (2025-12-10 03:00:01)
[2025-12-10 12:11:51]   [emp_id: 1861] SKIPPED: Already updated today (2025-12-10 03:00:01)
[2025-12-10 12:11:51]   [emp_id: 1872] SKIPPED: Already updated today (2025-12-10 03:00:01)
[2025-12-10 12:11:51]   [emp_id: 1897] SKIPPED: Already updated today (2025-12-10 03:00:01)
[2025-12-10 12:11:51]   [emp_id: 1916] SKIPPED: Already updated today (2025-12-10 03:00:01)
[2025-12-10 12:11:51]   [emp_id: 1928] SKIPPED: Already updated today (2025-12-10 03:00:01)
[2025-12-10 12:11:51]   [emp_id: 1931] SKIPPED: Already updated today (2025-12-10 03:00:01)
[2025-12-10 12:11:51]   [emp_id: 1944] SKIPPED: Already updated today (2025-12-10 03:00:01)
[2025-12-10 12:11:51]   [emp_id: 1996] SKIPPED: Already updated today (2025-12-10 03:00:01)
[2025-12-10 12:11:51]   [emp_id: 1997] SKIPPED: Already updated today (2025-12-10 03:00:01)
[2025-12-10 12:11:51]   [emp_id: 1998] SKIPPED: Already updated today (2025-12-10 03:00:01)
[2025-12-10 12:11:51]   [emp_id: 1999] SKIPPED: Already updated today (2025-12-10 03:00:01)
[2025-12-10 12:11:51]   [emp_id: 2009] SKIPPED: Already updated today (2025-12-10 03:00:01)
[2025-12-10 12:11:51]   [emp_id: 2048] SKIPPED: Already updated today (2025-12-10 03:00:01)
[2025-12-10 12:11:51]   [emp_id: 2057] SKIPPED: Already updated today (2025-12-10 03:00:01)
[2025-12-10 12:11:51]   [emp_id: 2079] SKIPPED: Already updated today (2025-12-10 03:00:01)
[2025-12-10 12:11:51]   [emp_id: 2181] SKIPPED: Already updated today (2025-12-10 03:00:01)
[2025-12-10 12:11:51]   [emp_id: 2190] SKIPPED: Already updated today (2025-12-10 03:00:01)
[2025-12-10 12:11:51]   [emp_id: 2212] SKIPPED: Already updated today (2025-12-10 03:00:01)
[2025-12-10 12:11:51]   [emp_id: 2226] SKIPPED: Already updated today (2025-12-10 03:00:01)
[2025-12-10 12:11:51]   [emp_id: 2238] SKIPPED: Already updated today (2025-12-10 03:00:01)
[2025-12-10 12:11:51]   [emp_id: 2285] SKIPPED: Already updated today (2025-12-10 03:00:01)
[2025-12-10 12:11:51]   [emp_id: 2287] SKIPPED: Already updated today (2025-12-10 03:00:01)
[2025-12-10 12:11:51]   [emp_id: 2288] SKIPPED: Already updated today (2025-12-10 03:00:01)
[2025-12-10 12:11:51]   [emp_id: 2290] SKIPPED: Already updated today (2025-12-10 03:00:01)
[2025-12-10 12:11:51]   [emp_id: 2316] SKIPPED: Already updated today (2025-12-10 03:00:01)
[2025-12-10 12:11:51]   [emp_id: 2337] SKIPPED: Already updated today (2025-12-10 03:00:01)
[2025-12-10 12:11:51]   [emp_id: 2352] SKIPPED: Already updated today (2025-12-10 03:00:01)
[2025-12-10 12:11:51]   [emp_id: 2358] SKIPPED: Already updated today (2025-12-10 03:00:01)
[2025-12-10 12:11:51]   [emp_id: 2361] SKIPPED: Already updated today (2025-12-10 03:00:01)
[2025-12-10 12:11:51]   [emp_id: 2363] SKIPPED: Already updated today (2025-12-10 03:00:01)
[2025-12-10 12:11:51]   [emp_id: 2364] SKIPPED: Already updated today (2025-12-10 03:00:01)
[2025-12-10 12:11:51]   [emp_id: 2367] SKIPPED: Already updated today (2025-12-10 03:00:02)
[2025-12-10 12:11:51]   [emp_id: 2368] SKIPPED: Already updated today (2025-12-10 03:00:02)
[2025-12-10 12:11:51]   [emp_id: 2372] SKIPPED: Already updated today (2025-12-10 03:00:02)
[2025-12-10 12:11:51]   [emp_id: 2376] SKIPPED: Already updated today (2025-12-10 03:00:02)
[2025-12-10 12:11:51]   [emp_id: 2423] SKIPPED: Already updated today (2025-12-10 03:00:02)
[2025-12-10 12:11:51]   [emp_id: 2519] SKIPPED: Already updated today (2025-12-10 03:00:02)
[2025-12-10 12:11:51]   [emp_id: 2522] SKIPPED: Already updated today (2025-12-10 03:00:02)
[2025-12-10 12:11:51]   [emp_id: 2530] SKIPPED: Already updated today (2025-12-10 03:00:02)
[2025-12-10 12:11:51]   [emp_id: 2539] SKIPPED: Already updated today (2025-12-10 03:00:02)
[2025-12-10 12:11:51]   [emp_id: 2541] SKIPPED: Already updated today (2025-12-10 03:00:02)
[2025-12-10 12:11:51]   [emp_id: 2550] SKIPPED: Already updated today (2025-12-10 03:00:02)
[2025-12-10 12:11:51]   [emp_id: 2553] SKIPPED: Already updated today (2025-12-10 03:00:02)
[2025-12-10 12:11:51]   [emp_id: 2554] SKIPPED: Already updated today (2025-12-10 03:00:02)
[2025-12-10 12:11:51]   [emp_id: 2565] SKIPPED: Already updated today (2025-12-10 03:00:02)
[2025-12-10 12:11:51]   [emp_id: 2572] SKIPPED: Already updated today (2025-12-10 03:00:02)
[2025-12-10 12:11:51]   [emp_id: 2637] SKIPPED: Already updated today (2025-12-10 03:00:02)
[2025-12-10 12:11:51]   [emp_id: 2642] SKIPPED: Already updated today (2025-12-10 03:00:02)
[2025-12-10 12:11:51]   [emp_id: 2645] SKIPPED: Already updated today (2025-12-10 03:00:02)
[2025-12-10 12:11:51]   [emp_id: 2648] SKIPPED: Already updated today (2025-12-10 03:00:02)
[2025-12-10 12:11:51]   [emp_id: 2654] SKIPPED: Already updated today (2025-12-10 03:00:02)
[2025-12-10 12:11:51]   [emp_id: 2688] SKIPPED: Already updated today (2025-12-10 03:00:02)
[2025-12-10 12:11:51]   [emp_id: 2690] SKIPPED: Already updated today (2025-12-10 03:00:02)
[2025-12-10 12:11:51]   [emp_id: 2709] SKIPPED: Already updated today (2025-12-10 03:00:02)
[2025-12-10 12:11:51]   [emp_id: 2745] SKIPPED: Already updated today (2025-12-10 03:00:02)
[2025-12-10 12:11:51]   [emp_id: 2843] SKIPPED: Already updated today (2025-12-10 03:00:02)
[2025-12-10 12:11:51]   [emp_id: 2854] SKIPPED: Already updated today (2025-12-10 03:00:02)
[2025-12-10 12:11:51]   [emp_id: 2869] SKIPPED: Already updated today (2025-12-10 03:00:02)
[2025-12-10 12:11:51]   [emp_id: 2876] SKIPPED: Already updated today (2025-12-10 03:00:02)
[2025-12-10 12:11:51]   [emp_id: 2924] SKIPPED: Already updated today (2025-12-10 03:00:02)
[2025-12-10 12:11:51]   [emp_id: 2953] SKIPPED: Already updated today (2025-12-10 03:00:02)
[2025-12-10 12:11:51]   [emp_id: 2961] SKIPPED: Already updated today (2025-12-10 03:00:02)
[2025-12-10 12:11:51]   [emp_id: 2975] SKIPPED: Already updated today (2025-12-10 03:00:02)
[2025-12-10 12:11:51]   [emp_id: 3013] SKIPPED: Already updated today (2025-12-10 03:00:02)
[2025-12-10 12:11:51]   [emp_id: 3014] SKIPPED: Already updated today (2025-12-10 03:00:02)
[2025-12-10 12:11:51]   [emp_id: 3015] SKIPPED: Already updated today (2025-12-10 03:00:02)
[2025-12-10 12:11:51]   [emp_id: 3018] SKIPPED: Already updated today (2025-12-10 03:00:02)
[2025-12-10 12:11:51]   [emp_id: 3025] SKIPPED: Already updated today (2025-12-10 03:00:02)
[2025-12-10 12:11:51]   [emp_id: 3037] SKIPPED: Already updated today (2025-12-10 03:00:02)
[2025-12-10 12:11:51]   [emp_id: 3047] SKIPPED: Already updated today (2025-12-10 03:00:02)
[2025-12-10 12:11:51]   [emp_id: 3061] SKIPPED: Already updated today (2025-12-10 03:00:02)
[2025-12-10 12:11:51]   [emp_id: 3062] SKIPPED: Already updated today (2025-12-10 03:00:02)
[2025-12-10 12:11:51]   [emp_id: 3074] SKIPPED: Already updated today (2025-12-10 03:00:02)
[2025-12-10 12:11:51]   [emp_id: 3089] SKIPPED: Already updated today (2025-12-10 03:00:02)
[2025-12-10 12:11:51]   [emp_id: 3090] SKIPPED: Already updated today (2025-12-10 03:00:02)
[2025-12-10 12:11:51]   [emp_id: 3091] SKIPPED: Already updated today (2025-12-10 03:00:02)
[2025-12-10 12:11:51]   [emp_id: 3092] SKIPPED: Already updated today (2025-12-10 03:00:02)
[2025-12-10 12:11:51]   [emp_id: 3105] SKIPPED: Already updated today (2025-12-10 03:00:02)
[2025-12-10 12:11:51]   [emp_id: 3134] SKIPPED: Already updated today (2025-12-10 03:00:02)
[2025-12-10 12:11:51]   [emp_id: 3140] SKIPPED: Already updated today (2025-12-10 03:00:02)
[2025-12-10 12:11:51]   [emp_id: 3144] SKIPPED: Already updated today (2025-12-10 03:00:02)
[2025-12-10 12:11:51]   [emp_id: 3156] SKIPPED: Already updated today (2025-12-10 03:00:02)
[2025-12-10 12:11:51]   [emp_id: 3162] SKIPPED: Already updated today (2025-12-10 03:00:02)
[2025-12-10 12:11:51]   [emp_id: 3163] SKIPPED: Already updated today (2025-12-10 03:00:02)
[2025-12-10 12:11:51]   [emp_id: 3198] SKIPPED: Already updated today (2025-12-10 03:00:02)
[2025-12-10 12:11:51]   [emp_id: 3205] SKIPPED: Already updated today (2025-12-10 03:00:02)
[2025-12-10 12:11:51]   [emp_id: 3209] SKIPPED: Already updated today (2025-12-10 03:00:02)
[2025-12-10 12:11:51]   [emp_id: 3223] SKIPPED: Already updated today (2025-12-10 03:00:02)
[2025-12-10 12:11:51]   [emp_id: 3224] SKIPPED: Already updated today (2025-12-10 03:00:02)
[2025-12-10 12:11:51]   [emp_id: 3230] SKIPPED: Already updated today (2025-12-10 03:00:02)
[2025-12-10 12:11:51]   [emp_id: 3231] SKIPPED: Already updated today (2025-12-10 03:00:02)
[2025-12-10 12:11:51]   [emp_id: 3233] SKIPPED: Already updated today (2025-12-10 03:00:02)
[2025-12-10 12:11:51]   [emp_id: 3249] SKIPPED: Already updated today (2025-12-10 03:00:02)
[2025-12-10 12:11:51]   [emp_id: 3250] SKIPPED: Already updated today (2025-12-10 03:00:02)
[2025-12-10 12:11:51]   [emp_id: 3252] SKIPPED: Already updated today (2025-12-10 03:00:02)
[2025-12-10 12:11:51]   [emp_id: 3254] SKIPPED: Already updated today (2025-12-10 03:00:02)
[2025-12-10 12:11:51]   [emp_id: 3255] SKIPPED: Already updated today (2025-12-10 03:00:02)
[2025-12-10 12:11:51]   [emp_id: 3256] SKIPPED: Already updated today (2025-12-10 03:00:02)
[2025-12-10 12:11:51]   [emp_id: 3263] SKIPPED: Already updated today (2025-12-10 03:00:02)
[2025-12-10 12:11:51]   [emp_id: 3265] SKIPPED: Already updated today (2025-12-10 03:00:02)
[2025-12-10 12:11:51]   [emp_id: 3280] SKIPPED: Already updated today (2025-12-10 03:00:02)
[2025-12-10 12:11:51]   [emp_id: 3286] SKIPPED: Already updated today (2025-12-10 03:00:02)
[2025-12-10 12:11:51]   [emp_id: 3294] SKIPPED: Already updated today (2025-12-10 03:00:02)
[2025-12-10 12:11:51]   [emp_id: 3321] SKIPPED: Already updated today (2025-12-10 03:00:02)
[2025-12-10 12:11:51]   [emp_id: 3325] SKIPPED: Already updated today (2025-12-10 03:00:02)
[2025-12-10 12:11:51]   [emp_id: 3329] SKIPPED: Already updated today (2025-12-10 03:00:02)
[2025-12-10 12:11:51]   [emp_id: 3330] SKIPPED: Already updated today (2025-12-10 03:00:02)
[2025-12-10 12:11:51]   [emp_id: 3332] SKIPPED: Already updated today (2025-12-10 03:00:02)
[2025-12-10 12:11:51]   [emp_id: 3370] SKIPPED: Already updated today (2025-12-10 03:00:02)
[2025-12-10 12:11:51]   [emp_id: 3384] SKIPPED: Already updated today (2025-12-10 03:00:02)
[2025-12-10 12:11:51]   [emp_id: 3386] SKIPPED: Already updated today (2025-12-10 03:00:02)
[2025-12-10 12:11:51]   [emp_id: 3431] SKIPPED: Already updated today (2025-12-10 03:00:02)
[2025-12-10 12:11:51]   [emp_id: 3497] SKIPPED: Already updated today (2025-12-10 03:00:02)
[2025-12-10 12:11:51]   [emp_id: 3532] SKIPPED: Already updated today (2025-12-10 03:00:02)
[2025-12-10 12:11:51]   [emp_id: 3586] SKIPPED: Already updated today (2025-12-10 03:00:02)
[2025-12-10 12:11:51]   [emp_id: 3602] SKIPPED: Already updated today (2025-12-10 03:00:02)
[2025-12-10 12:11:51]   [emp_id: 3618] SKIPPED: Already updated today (2025-12-10 03:00:02)
[2025-12-10 12:11:51]   [emp_id: 3622] SKIPPED: Already updated today (2025-12-10 03:00:02)
[2025-12-10 12:11:51]   [emp_id: 3627] SKIPPED: Already updated today (2025-12-10 03:00:02)
[2025-12-10 12:11:51]   [emp_id: 3665] SKIPPED: Already updated today (2025-12-10 03:00:02)
[2025-12-10 12:11:51]   [emp_id: 3705] SKIPPED: Already updated today (2025-12-10 03:00:02)
[2025-12-10 12:11:51]   [emp_id: 3724] SKIPPED: Already updated today (2025-12-10 03:00:02)
[2025-12-10 12:11:51]   [emp_id: 3726] SKIPPED: Already updated today (2025-12-10 03:00:02)
[2025-12-10 12:11:51]   [emp_id: 3727] SKIPPED: Already updated today (2025-12-10 03:00:02)
[2025-12-10 12:11:51]   [emp_id: 3728] SKIPPED: Already updated today (2025-12-10 03:00:02)
[2025-12-10 12:11:51]   [emp_id: 3742] SKIPPED: Already updated today (2025-12-10 03:00:02)
[2025-12-10 12:11:51]   [emp_id: 3767] SKIPPED: Already updated today (2025-12-10 03:00:02)
[2025-12-10 12:11:51]   [emp_id: 3768] SKIPPED: Already updated today (2025-12-10 03:00:02)
[2025-12-10 12:11:51]   [emp_id: 3787] SKIPPED: Already updated today (2025-12-10 03:00:02)
[2025-12-10 12:11:51]   [emp_id: 3790] SKIPPED: Already updated today (2025-12-10 03:00:02)
[2025-12-10 12:11:51]   [emp_id: 3795] SKIPPED: Already updated today (2025-12-10 03:00:02)
[2025-12-10 12:11:51]   [emp_id: 3798] SKIPPED: Already updated today (2025-12-10 03:00:02)
[2025-12-10 12:11:51]   [emp_id: 3801] SKIPPED: Already updated today (2025-12-10 03:00:02)
[2025-12-10 12:11:51]   [emp_id: 3802] SKIPPED: Already updated today (2025-12-10 03:00:02)
[2025-12-10 12:11:51]   [emp_id: 3803] SKIPPED: Already updated today (2025-12-10 03:00:02)
[2025-12-10 12:11:51]   [emp_id: 3810] SKIPPED: Already updated today (2025-12-10 03:00:02)
[2025-12-10 12:11:51]   [emp_id: 3812] SKIPPED: Already updated today (2025-12-10 03:00:02)
[2025-12-10 12:11:51]   [emp_id: 3815] SKIPPED: Already updated today (2025-12-10 03:00:02)
[2025-12-10 12:11:51]   [emp_id: 3836] SKIPPED: Already updated today (2025-12-10 03:00:02)
[2025-12-10 12:11:51]   [emp_id: 3855] SKIPPED: Already updated today (2025-12-10 03:00:02)
[2025-12-10 12:11:51]   [emp_id: 3857] SKIPPED: Already updated today (2025-12-10 03:00:02)
[2025-12-10 12:11:51]   [emp_id: 3862] SKIPPED: Already updated today (2025-12-10 03:00:02)
[2025-12-10 12:11:51]   [emp_id: 3866] SKIPPED: Already updated today (2025-12-10 03:00:02)
[2025-12-10 12:11:51]   [emp_id: 3876] SKIPPED: Already updated today (2025-12-10 03:00:02)
[2025-12-10 12:11:51]   [emp_id: 3877] SKIPPED: Already updated today (2025-12-10 03:00:02)
[2025-12-10 12:11:51]   [emp_id: 3897] SKIPPED: Already updated today (2025-12-10 03:00:02)
[2025-12-10 12:11:51]   [emp_id: 3899] SKIPPED: Already updated today (2025-12-10 03:00:02)
[2025-12-10 12:11:51]   [emp_id: 3928] SKIPPED: Already updated today (2025-12-10 03:00:02)
[2025-12-10 12:11:51]   [emp_id: 3929] SKIPPED: Already updated today (2025-12-10 03:00:02)
[2025-12-10 12:11:51]   [emp_id: 3935] SKIPPED: Already updated today (2025-12-10 03:00:02)
[2025-12-10 12:11:51]   [emp_id: 3952] SKIPPED: Already updated today (2025-12-10 03:00:02)
[2025-12-10 12:11:51]   [emp_id: 3987] SKIPPED: Already updated today (2025-12-10 03:00:02)
[2025-12-10 12:11:51]   [emp_id: 4059] SKIPPED: Already updated today (2025-12-10 03:00:02)
[2025-12-10 12:11:51]   [emp_id: 4119] SKIPPED: Already updated today (2025-12-10 03:00:02)
[2025-12-10 12:11:51]   [emp_id: 4120] SKIPPED: Already updated today (2025-12-10 03:00:02)
[2025-12-10 12:11:51]   [emp_id: 4124] SKIPPED: Already updated today (2025-12-10 03:00:02)
[2025-12-10 12:11:51]   [emp_id: 4133] SKIPPED: Already updated today (2025-12-10 03:00:02)
[2025-12-10 12:11:51]   [emp_id: 4134] SKIPPED: Already updated today (2025-12-10 03:00:02)
[2025-12-10 12:11:51]   [emp_id: 4136] SKIPPED: Already updated today (2025-12-10 03:00:02)
[2025-12-10 12:11:51]   [emp_id: 4150] SKIPPED: Already updated today (2025-12-10 03:00:02)
[2025-12-10 12:11:51]   [emp_id: 4157] SKIPPED: Already updated today (2025-12-10 03:00:02)
[2025-12-10 12:11:51]   [emp_id: 4172] SKIPPED: Already updated today (2025-12-10 03:00:02)
[2025-12-10 12:11:51]   [emp_id: 4195] SKIPPED: Already updated today (2025-12-10 03:00:02)
[2025-12-10 12:11:51]   [emp_id: 4215] SKIPPED: Already updated today (2025-12-10 03:00:02)
[2025-12-10 12:11:51]   [emp_id: 4220] SKIPPED: Already updated today (2025-12-10 03:00:02)
[2025-12-10 12:11:51]   [emp_id: 4273] SKIPPED: Already updated today (2025-12-10 03:00:02)
[2025-12-10 12:11:51]   [emp_id: 4283] SKIPPED: Already updated today (2025-12-10 03:00:02)
[2025-12-10 12:11:51]   [emp_id: 4288] SKIPPED: Already updated today (2025-12-10 03:00:02)
[2025-12-10 12:11:51]   [emp_id: 4315] SKIPPED: Already updated today (2025-12-10 03:00:02)
[2025-12-10 12:11:51]   [emp_id: 4328] SKIPPED: Already updated today (2025-12-10 03:00:02)
[2025-12-10 12:11:51]   [emp_id: 4329] SKIPPED: Already updated today (2025-12-10 03:00:02)
[2025-12-10 12:11:51]   [emp_id: 4338] SKIPPED: Already updated today (2025-12-10 03:00:02)
[2025-12-10 12:11:51]   [emp_id: 4340] SKIPPED: Already updated today (2025-12-10 03:00:02)
[2025-12-10 12:11:51]   [emp_id: 4365] SKIPPED: Already updated today (2025-12-10 03:00:02)
[2025-12-10 12:11:51]   [emp_id: 4366] SKIPPED: Already updated today (2025-12-10 03:00:02)
[2025-12-10 12:11:51]   [emp_id: 4403] SKIPPED: Already updated today (2025-12-10 03:00:02)
[2025-12-10 12:11:51]   [emp_id: 4438] SKIPPED: Already updated today (2025-12-10 03:00:02)
[2025-12-10 12:11:51]   [emp_id: 4465] SKIPPED: Already updated today (2025-12-10 03:00:02)
[2025-12-10 12:11:51]   [emp_id: 4473] SKIPPED: Already updated today (2025-12-10 03:00:02)
[2025-12-10 12:11:51]   [emp_id: 4474] SKIPPED: Already updated today (2025-12-10 03:00:02)
[2025-12-10 12:11:51]   [emp_id: 4493] SKIPPED: Already updated today (2025-12-10 03:00:02)
[2025-12-10 12:11:51]   [emp_id: 4526] SKIPPED: Already updated today (2025-12-10 03:00:02)
[2025-12-10 12:11:51]   [emp_id: 4528] SKIPPED: Already updated today (2025-12-10 03:00:02)
[2025-12-10 12:11:51]   [emp_id: 4528] SKIPPED: Already updated today (2025-12-10 03:00:02)
[2025-12-10 12:11:51]   [emp_id: 4532] SKIPPED: Already updated today (2025-12-10 03:00:02)
[2025-12-10 12:11:51]   [emp_id: 4533] SKIPPED: Already updated today (2025-12-10 03:00:02)
[2025-12-10 12:11:51]   [emp_id: 4564] SKIPPED: Already updated today (2025-12-10 03:00:02)
[2025-12-10 12:11:51]   [emp_id: 4565] SKIPPED: Already updated today (2025-12-10 03:00:02)
[2025-12-10 12:11:51]   [emp_id: 4567] SKIPPED: Already updated today (2025-12-10 03:00:02)
[2025-12-10 12:11:51]   [emp_id: 4572] SKIPPED: Already updated today (2025-12-10 03:00:03)
[2025-12-10 12:11:51]   [emp_id: 4631] SKIPPED: Already updated today (2025-12-10 03:00:03)
[2025-12-10 12:11:51]   [emp_id: 4655] SKIPPED: Already updated today (2025-12-10 03:00:03)
[2025-12-10 12:11:51]   [emp_id: 4689] SKIPPED: Already updated today (2025-12-10 03:00:03)
[2025-12-10 12:11:51]   [emp_id: 4709] SKIPPED: Already updated today (2025-12-10 03:00:03)
[2025-12-10 12:11:51]   [emp_id: 4717] SKIPPED: Already updated today (2025-12-10 03:00:03)
[2025-12-10 12:11:51]   [emp_id: 4736] SKIPPED: Already updated today (2025-12-10 03:00:03)
[2025-12-10 12:11:51]   [emp_id: 4756] SKIPPED: Already updated today (2025-12-10 03:00:03)
[2025-12-10 12:11:51]   [emp_id: 4768] SKIPPED: Already updated today (2025-12-10 03:00:03)
[2025-12-10 12:11:51]   [emp_id: 4780] SKIPPED: Already updated today (2025-12-10 03:00:03)
[2025-12-10 12:11:51]   [emp_id: 4820] SKIPPED: Already updated today (2025-12-10 03:00:03)
[2025-12-10 12:11:51]   [emp_id: 4825] SKIPPED: Already updated today (2025-12-10 03:00:03)
[2025-12-10 12:11:51]   [emp_id: 4835] SKIPPED: Already updated today (2025-12-10 03:00:03)
[2025-12-10 12:11:51]   [emp_id: 4837] SKIPPED: Already updated today (2025-12-10 03:00:03)
[2025-12-10 12:11:51]   [emp_id: 4838] SKIPPED: Already updated today (2025-12-10 03:00:03)
[2025-12-10 12:11:51]   [emp_id: 4840] SKIPPED: Already updated today (2025-12-10 03:00:03)
[2025-12-10 12:11:51]   [emp_id: 4842] SKIPPED: Already updated today (2025-12-10 03:00:03)
[2025-12-10 12:11:51]   [emp_id: 4843] SKIPPED: Already updated today (2025-12-10 03:00:03)
[2025-12-10 12:11:51]   [emp_id: 4853] SKIPPED: Already updated today (2025-12-10 03:00:03)
[2025-12-10 12:11:51]   [emp_id: 4856] SKIPPED: Already updated today (2025-12-10 03:00:03)
[2025-12-10 12:11:51]   [emp_id: 4857] SKIPPED: Already updated today (2025-12-10 03:00:03)
[2025-12-10 12:11:51]   [emp_id: 4858] SKIPPED: Already updated today (2025-12-10 03:00:03)
[2025-12-10 12:11:51]   [emp_id: 4859] SKIPPED: Already updated today (2025-12-10 03:00:03)
[2025-12-10 12:11:51]   [emp_id: 4860] SKIPPED: Already updated today (2025-12-10 03:00:03)
[2025-12-10 12:11:51]   [emp_id: 4861] SKIPPED: Already updated today (2025-12-10 03:00:03)
[2025-12-10 12:11:51]   [emp_id: 4869] SKIPPED: Already updated today (2025-12-10 03:00:03)
[2025-12-10 12:11:51]   [emp_id: 4894] SKIPPED: Already updated today (2025-12-10 03:00:03)
[2025-12-10 12:11:51]   [emp_id: 4897] SKIPPED: Already updated today (2025-12-10 03:00:03)
[2025-12-10 12:11:51]   [emp_id: 4899] SKIPPED: Already updated today (2025-12-10 03:00:03)
[2025-12-10 12:11:51]   [emp_id: 4902] SKIPPED: Already updated today (2025-12-10 03:00:03)
[2025-12-10 12:11:51]   [emp_id: 4903] SKIPPED: Already updated today (2025-12-10 03:00:03)
[2025-12-10 12:11:51]   [emp_id: 4905] SKIPPED: Already updated today (2025-12-10 03:00:03)
[2025-12-10 12:11:51]   [emp_id: 4907] SKIPPED: Already updated today (2025-12-10 03:00:03)
[2025-12-10 12:11:51]   [emp_id: 4917] SKIPPED: Already updated today (2025-12-10 03:00:03)
[2025-12-10 12:11:51]   [emp_id: 4918] SKIPPED: Already updated today (2025-12-10 03:00:03)
[2025-12-10 12:11:51]   [emp_id: 4919] SKIPPED: Already updated today (2025-12-10 03:00:03)
[2025-12-10 12:11:51]   [emp_id: 4920] SKIPPED: Already updated today (2025-12-10 03:00:03)
[2025-12-10 12:11:51]   [emp_id: 4921] SKIPPED: Already updated today (2025-12-10 03:00:03)
[2025-12-10 12:11:51]   [emp_id: 4927] SKIPPED: Already updated today (2025-12-10 03:00:03)
[2025-12-10 12:11:51]   [emp_id: 4929] SKIPPED: Already updated today (2025-12-10 03:00:03)
[2025-12-10 12:11:51]   [emp_id: 4930] SKIPPED: Already updated today (2025-12-10 03:00:03)
[2025-12-10 12:11:51]   [emp_id: 4932] SKIPPED: Already updated today (2025-12-10 03:00:03)
[2025-12-10 12:11:51]   [emp_id: 4933] SKIPPED: Already updated today (2025-12-10 03:00:03)
[2025-12-10 12:11:51]   [emp_id: 4949] SKIPPED: Already updated today (2025-12-10 03:00:03)
[2025-12-10 12:11:51]   [emp_id: 4956] SKIPPED: Already updated today (2025-12-10 03:00:03)
[2025-12-10 12:11:51]   [emp_id: 4957] SKIPPED: Already updated today (2025-12-10 03:00:03)
[2025-12-10 12:11:51]   [emp_id: 4962] SKIPPED: Already updated today (2025-12-10 03:00:03)
[2025-12-10 12:11:51]   [emp_id: 4969] SKIPPED: Already updated today (2025-12-10 03:00:03)
[2025-12-10 12:11:51]   [emp_id: 4976] SKIPPED: Already updated today (2025-12-10 03:00:03)
[2025-12-10 12:11:51]   [emp_id: 4984] SKIPPED: Already updated today (2025-12-10 03:00:03)
[2025-12-10 12:11:51]   [emp_id: 4995] SKIPPED: Already updated today (2025-12-10 03:00:03)
[2025-12-10 12:11:51]   [emp_id: 5004] SKIPPED: Already updated today (2025-12-10 03:00:03)
[2025-12-10 12:11:51]   [emp_id: 5006] SKIPPED: Already updated today (2025-12-10 03:00:03)
[2025-12-10 12:11:51]   [emp_id: 5011] SKIPPED: Already updated today (2025-12-10 03:00:03)
[2025-12-10 12:11:51]   [emp_id: 5013] SKIPPED: Already updated today (2025-12-10 03:00:03)
[2025-12-10 12:11:51]   [emp_id: 5018] SKIPPED: Already updated today (2025-12-10 03:00:03)
[2025-12-10 12:11:51]   [emp_id: 5021] SKIPPED: Already updated today (2025-12-10 03:00:03)
[2025-12-10 12:11:51]   [emp_id: 5021] SKIPPED: Already updated today (2025-12-10 03:00:03)
[2025-12-10 12:11:51]   [emp_id: 5024] SKIPPED: Already updated today (2025-12-10 03:00:03)
[2025-12-10 12:11:51]   [emp_id: 5030] SKIPPED: Already updated today (2025-12-10 03:00:03)
[2025-12-10 12:11:51]   [emp_id: 5033] SKIPPED: Already updated today (2025-12-10 03:00:03)
[2025-12-10 12:11:51]   [emp_id: 5043] SKIPPED: Already updated today (2025-12-10 03:00:03)
[2025-12-10 12:11:51]   [emp_id: 5045] SKIPPED: Already updated today (2025-12-10 03:00:03)
[2025-12-10 12:11:51]   [emp_id: 5046] SKIPPED: Already updated today (2025-12-10 03:00:03)
[2025-12-10 12:11:51]   [emp_id: 5049] SKIPPED: Already updated today (2025-12-10 03:00:03)
[2025-12-10 12:11:51]   [emp_id: 5052] SKIPPED: Already updated today (2025-12-10 03:00:03)
[2025-12-10 12:11:51]   [emp_id: 5055] SKIPPED: Already updated today (2025-12-10 03:00:03)
[2025-12-10 12:11:51]   [emp_id: 5058] SKIPPED: Already updated today (2025-12-10 03:00:03)
[2025-12-10 12:11:51]   [emp_id: 5062] SKIPPED: Already updated today (2025-12-10 03:00:03)
[2025-12-10 12:11:51]   [emp_id: 5064] SKIPPED: Already updated today (2025-12-10 03:00:03)
[2025-12-10 12:11:51]   [emp_id: 5065] SKIPPED: Already updated today (2025-12-10 03:00:03)
[2025-12-10 12:11:51]   [emp_id: 5071] SKIPPED: Already updated today (2025-12-10 03:00:03)
[2025-12-10 12:11:51]   [emp_id: 5073] SKIPPED: Already updated today (2025-12-10 03:00:03)
[2025-12-10 12:11:51]   [emp_id: 5079] SKIPPED: Already updated today (2025-12-10 03:00:03)
[2025-12-10 12:11:51]   [emp_id: 5080] SKIPPED: Already updated today (2025-12-10 03:00:03)
[2025-12-10 12:11:51]   [emp_id: 5081] SKIPPED: Already updated today (2025-12-10 03:00:03)
[2025-12-10 12:11:51]   [emp_id: 5087] SKIPPED: Already updated today (2025-12-10 03:00:03)
[2025-12-10 12:11:51]   [emp_id: 5091] SKIPPED: Already updated today (2025-12-10 03:00:03)
[2025-12-10 12:11:51]   [emp_id: 5093] SKIPPED: Already updated today (2025-12-10 03:00:03)
[2025-12-10 12:11:51]   [emp_id: 5095] SKIPPED: Already updated today (2025-12-10 03:00:03)
[2025-12-10 12:11:51]   [emp_id: 5101] SKIPPED: Already updated today (2025-12-10 03:00:03)
[2025-12-10 12:11:51]   [emp_id: 5107] SKIPPED: Already updated today (2025-12-10 03:00:03)
[2025-12-10 12:11:51]   [emp_id: 5109] SKIPPED: Already updated today (2025-12-10 03:00:03)
[2025-12-10 12:11:51]   [emp_id: 5119] SKIPPED: Already updated today (2025-12-10 03:00:03)
[2025-12-10 12:11:51]   [emp_id: 5122] SKIPPED: Already updated today (2025-12-10 03:00:03)
[2025-12-10 12:11:51]   [emp_id: 5126] SKIPPED: Already updated today (2025-12-10 03:00:03)
[2025-12-10 12:11:51]   [emp_id: 5127] SKIPPED: Already updated today (2025-12-10 03:00:03)
[2025-12-10 12:11:51]   [emp_id: 5128] SKIPPED: Already updated today (2025-12-10 03:00:03)
[2025-12-10 12:11:51]   [emp_id: 5138] SKIPPED: Already updated today (2025-12-10 03:00:03)
[2025-12-10 12:11:51]   [emp_id: 5138] SKIPPED: Already updated today (2025-12-10 03:00:03)
[2025-12-10 12:11:51]   [emp_id: 5141] SKIPPED: Already updated today (2025-12-10 03:00:03)
[2025-12-10 12:11:51]   [emp_id: 5142] SKIPPED: Already updated today (2025-12-10 03:00:03)
[2025-12-10 12:11:51]   [emp_id: 5146] SKIPPED: Already updated today (2025-12-10 03:00:03)
[2025-12-10 12:11:51]   [emp_id: 5147] SKIPPED: Already updated today (2025-12-10 03:00:03)
[2025-12-10 12:11:51]   [emp_id: 5148] SKIPPED: Already updated today (2025-12-10 03:00:03)
[2025-12-10 12:11:51]   [emp_id: 5149] SKIPPED: Already updated today (2025-12-10 03:00:03)
[2025-12-10 12:11:51]   [emp_id: 5150] SKIPPED: Already updated today (2025-12-10 03:00:03)
[2025-12-10 12:11:51]   [emp_id: 5151] SKIPPED: Already updated today (2025-12-10 03:00:03)
[2025-12-10 12:11:51]   [emp_id: 5152] SKIPPED: Already updated today (2025-12-10 03:00:03)
[2025-12-10 12:11:51]   [emp_id: 5157] SKIPPED: Already updated today (2025-12-10 03:00:03)
[2025-12-10 12:11:51]   [emp_id: 5160] SKIPPED: Already updated today (2025-12-10 03:00:03)
[2025-12-10 12:11:51]   [emp_id: 5163] SKIPPED: Already updated today (2025-12-10 03:00:03)
[2025-12-10 12:11:51]   [emp_id: 5165] SKIPPED: Already updated today (2025-12-10 03:00:03)
[2025-12-10 12:11:51]   [emp_id: 5167] SKIPPED: Already updated today (2025-12-10 03:00:03)
[2025-12-10 12:11:51]   [emp_id: 5168] SKIPPED: Already updated today (2025-12-10 03:00:03)
[2025-12-10 12:11:51]   [emp_id: 5173] SKIPPED: Already updated today (2025-12-10 03:00:03)
[2025-12-10 12:11:51]   [emp_id: 5174] SKIPPED: Already updated today (2025-12-10 03:00:03)
[2025-12-10 12:11:51]   [emp_id: 5181] SKIPPED: Already updated today (2025-12-10 03:00:03)
[2025-12-10 12:11:51]   [emp_id: 5186] SKIPPED: Already updated today (2025-12-10 03:00:03)
[2025-12-10 12:11:51]   [emp_id: 5187] SKIPPED: Already updated today (2025-12-10 03:00:03)
[2025-12-10 12:11:51]   [emp_id: 5204] SKIPPED: Already updated today (2025-12-10 03:00:03)
[2025-12-10 12:11:51]   [emp_id: 5205] SKIPPED: Already updated today (2025-12-10 03:00:03)
[2025-12-10 12:11:51]   [emp_id: 5209] SKIPPED: Already updated today (2025-12-10 03:00:03)
[2025-12-10 12:11:51]   [emp_id: 5213] SKIPPED: Already updated today (2025-12-10 03:00:03)
[2025-12-10 12:11:51]   [emp_id: 5214] SKIPPED: Already updated today (2025-12-10 03:00:03)
[2025-12-10 12:11:51]   [emp_id: 5215] SKIPPED: Already updated today (2025-12-10 03:00:03)
[2025-12-10 12:11:51]   [emp_id: 5217] SKIPPED: Already updated today (2025-12-10 03:00:03)
[2025-12-10 12:11:51]   [emp_id: 5219] SKIPPED: Already updated today (2025-12-10 03:00:03)
[2025-12-10 12:11:51]   [emp_id: 5221] SKIPPED: Already updated today (2025-12-10 03:00:03)
[2025-12-10 12:11:51]   [emp_id: 5224] SKIPPED: Already updated today (2025-12-10 03:00:03)
[2025-12-10 12:11:51]   [emp_id: 5225] SKIPPED: Already updated today (2025-12-10 03:00:03)
[2025-12-10 12:11:51]   [emp_id: 5228] SKIPPED: Already updated today (2025-12-10 03:00:03)
[2025-12-10 12:11:51]   [emp_id: 5229] SKIPPED: Already updated today (2025-12-10 03:00:03)
[2025-12-10 12:11:51]   [emp_id: 5230] SKIPPED: Already updated today (2025-12-10 03:00:03)
[2025-12-10 12:11:51]   [emp_id: 5231] SKIPPED: Already updated today (2025-12-10 03:00:03)
[2025-12-10 12:11:51]   [emp_id: 5232] SKIPPED: Already updated today (2025-12-10 03:00:03)
[2025-12-10 12:11:51]   [emp_id: 5233] SKIPPED: Already updated today (2025-12-10 03:00:03)
[2025-12-10 12:11:51]   [emp_id: 5234] SKIPPED: Already updated today (2025-12-10 03:00:03)
[2025-12-10 12:11:51]   [emp_id: 5235] SKIPPED: Already updated today (2025-12-10 03:00:03)
[2025-12-10 12:11:51]   [emp_id: 5237] SKIPPED: Already updated today (2025-12-10 03:00:03)
[2025-12-10 12:11:51]   [emp_id: 5238] SKIPPED: Already updated today (2025-12-10 03:00:03)
[2025-12-10 12:11:51]   [emp_id: 5239] SKIPPED: Already updated today (2025-12-10 03:00:03)
[2025-12-10 12:11:51]   [emp_id: 5241] SKIPPED: Already updated today (2025-12-10 03:00:03)
[2025-12-10 12:11:51]   [emp_id: 5242] SKIPPED: Already updated today (2025-12-10 03:00:03)
[2025-12-10 12:11:51]   [emp_id: 5243] SKIPPED: Already updated today (2025-12-10 03:00:03)
[2025-12-10 12:11:51]   [emp_id: 5244] SKIPPED: Already updated today (2025-12-10 03:00:03)
[2025-12-10 12:11:51]   [emp_id: 5246] SKIPPED: Already updated today (2025-12-10 03:00:03)
[2025-12-10 12:11:51]   [emp_id: 5253] SKIPPED: Already updated today (2025-12-10 03:00:03)
[2025-12-10 12:11:51]   [emp_id: 5254] SKIPPED: Already updated today (2025-12-10 03:00:03)
[2025-12-10 12:11:51]   [emp_id: 5257] SKIPPED: Already updated today (2025-12-10 03:00:03)
[2025-12-10 12:11:51]   [emp_id: 5259] SKIPPED: Already updated today (2025-12-10 03:00:03)
[2025-12-10 12:11:51]   [emp_id: 5261] SKIPPED: Already updated today (2025-12-10 03:00:03)
[2025-12-10 12:11:51]   [emp_id: 5264] SKIPPED: Already updated today (2025-12-10 03:00:03)
[2025-12-10 12:11:51]   [emp_id: 5266] SKIPPED: Already updated today (2025-12-10 03:00:03)
[2025-12-10 12:11:51]   [emp_id: 5268] SKIPPED: Already updated today (2025-12-10 03:00:03)
[2025-12-10 12:11:51]   [emp_id: 5271] SKIPPED: Already updated today (2025-12-10 03:00:03)
[2025-12-10 12:11:51]   [emp_id: 5272] SKIPPED: Already updated today (2025-12-10 03:00:03)
[2025-12-10 12:11:51]   [emp_id: 5273] SKIPPED: Already updated today (2025-12-10 03:00:03)
[2025-12-10 12:11:51]   [emp_id: 5275] SKIPPED: Already updated today (2025-12-10 03:00:03)
[2025-12-10 12:11:51]   [emp_id: 5276] SKIPPED: Already updated today (2025-12-10 03:00:03)
[2025-12-10 12:11:51]   [emp_id: 5278] SKIPPED: Already updated today (2025-12-10 03:00:03)
[2025-12-10 12:11:51]   [emp_id: 5280] SKIPPED: Already updated today (2025-12-10 03:00:03)
[2025-12-10 12:11:51]   [emp_id: 5282] SKIPPED: Already updated today (2025-12-10 03:00:03)
[2025-12-10 12:11:51]   [emp_id: 5285] SKIPPED: Already updated today (2025-12-10 03:00:03)
[2025-12-10 12:11:51]   [emp_id: 5286] SKIPPED: Already updated today (2025-12-10 03:00:03)
[2025-12-10 12:11:51]   [emp_id: 5287] SKIPPED: Already updated today (2025-12-10 03:00:04)
[2025-12-10 12:11:51]   [emp_id: 5288] SKIPPED: Already updated today (2025-12-10 03:00:04)
[2025-12-10 12:11:51]   [emp_id: 5289] SKIPPED: Already updated today (2025-12-10 03:00:04)
[2025-12-10 12:11:51]   [emp_id: 5290] SKIPPED: Already updated today (2025-12-10 03:00:04)
[2025-12-10 12:11:51]   [emp_id: 5291] SKIPPED: Already updated today (2025-12-10 03:00:04)
[2025-12-10 12:11:51]   [emp_id: 5292] SKIPPED: Already updated today (2025-12-10 03:00:04)
[2025-12-10 12:11:51]   [emp_id: 5293] SKIPPED: Already updated today (2025-12-10 03:00:04)
[2025-12-10 12:11:51]   [emp_id: 5294] SKIPPED: Already updated today (2025-12-10 03:00:04)
[2025-12-10 12:11:51]   [emp_id: 5295] SKIPPED: Already updated today (2025-12-10 03:00:04)
[2025-12-10 12:11:51]   [emp_id: 5296] SKIPPED: Already updated today (2025-12-10 03:00:04)
[2025-12-10 12:11:51]   [emp_id: 5297] SKIPPED: Already updated today (2025-12-10 03:00:04)
[2025-12-10 12:11:51]   [emp_id: 5298] SKIPPED: Already updated today (2025-12-10 03:00:04)
[2025-12-10 12:11:51]   [emp_id: 5299] SKIPPED: Already updated today (2025-12-10 03:00:04)
[2025-12-10 12:11:51]   [emp_id: 5300] SKIPPED: Already updated today (2025-12-10 03:00:04)
[2025-12-10 12:11:51]   [emp_id: 5301] SKIPPED: Already updated today (2025-12-10 03:00:04)
[2025-12-10 12:11:51]   [emp_id: 5303] SKIPPED: Already updated today (2025-12-10 03:00:04)
[2025-12-10 12:11:51]   [emp_id: 5304] SKIPPED: Already updated today (2025-12-10 03:00:04)
[2025-12-10 12:11:51]   [emp_id: 5305] SKIPPED: Already updated today (2025-12-10 03:00:04)
[2025-12-10 12:11:51]   [emp_id: 5306] SKIPPED: Already updated today (2025-12-10 03:00:04)
[2025-12-10 12:11:51]   [emp_id: 5307] SKIPPED: Already updated today (2025-12-10 03:00:04)
[2025-12-10 12:11:51]   [emp_id: 5312] SKIPPED: Already updated today (2025-12-10 03:00:04)
[2025-12-10 12:11:51]   [emp_id: 5318] SKIPPED: Already updated today (2025-12-10 03:00:04)
[2025-12-10 12:11:51]   [emp_id: 5325] SKIPPED: Already updated today (2025-12-10 03:00:04)
[2025-12-10 12:11:51]   [emp_id: 5326] SKIPPED: Already updated today (2025-12-10 03:00:04)
[2025-12-10 12:11:51]   [emp_id: 5327] SKIPPED: Already updated today (2025-12-10 03:00:04)
[2025-12-10 12:11:51]   [emp_id: 5331] SKIPPED: Already updated today (2025-12-10 03:00:04)
[2025-12-10 12:11:51]   [emp_id: 5337] SKIPPED: Already updated today (2025-12-10 03:00:04)
[2025-12-10 12:11:51]   [emp_id: 5339] SKIPPED: Already updated today (2025-12-10 03:00:04)
[2025-12-10 12:11:51]   [emp_id: 5343] SKIPPED: Already updated today (2025-12-10 03:00:04)
[2025-12-10 12:11:51]   [emp_id: 5343] SKIPPED: Already updated today (2025-12-10 03:00:04)
[2025-12-10 12:11:51]   [emp_id: 5345] SKIPPED: Already updated today (2025-12-10 03:00:04)
[2025-12-10 12:11:51]   [emp_id: 5346] SKIPPED: Already updated today (2025-12-10 03:00:04)
[2025-12-10 12:11:51]   [emp_id: 5351] SKIPPED: Already updated today (2025-12-10 03:00:04)
[2025-12-10 12:11:51]   [emp_id: 5352] SKIPPED: Already updated today (2025-12-10 03:00:04)
[2025-12-10 12:11:51]   [emp_id: 5370] SKIPPED: Already updated today (2025-12-10 03:00:04)
[2025-12-10 12:11:51]   [emp_id: 5371] SKIPPED: Already updated today (2025-12-10 03:00:04)
[2025-12-10 12:11:51]   [emp_id: 5376] SKIPPED: Already updated today (2025-12-10 03:00:04)
[2025-12-10 12:11:51]   [emp_id: 5378] SKIPPED: Already updated today (2025-12-10 03:00:04)
[2025-12-10 12:11:51]   [emp_id: 5380] SKIPPED: Already updated today (2025-12-10 03:00:04)
[2025-12-10 12:11:51]   [emp_id: 5381] SKIPPED: Already updated today (2025-12-10 03:00:04)
[2025-12-10 12:11:51]   [emp_id: 5383] SKIPPED: Already updated today (2025-12-10 03:00:04)
[2025-12-10 12:11:51]   [emp_id: 5388] SKIPPED: Already updated today (2025-12-10 03:00:04)
[2025-12-10 12:11:51]   [emp_id: 5392] SKIPPED: Already updated today (2025-12-10 03:00:04)
[2025-12-10 12:11:51]   [emp_id: 5396] SKIPPED: Already updated today (2025-12-10 03:00:04)
[2025-12-10 12:11:51]   [emp_id: 5397] SKIPPED: Already updated today (2025-12-10 03:00:04)
[2025-12-10 12:11:51]   [emp_id: 5401] SKIPPED: Already updated today (2025-12-10 03:00:04)
[2025-12-10 12:11:51]   [emp_id: 5402] SKIPPED: Already updated today (2025-12-10 03:00:04)
[2025-12-10 12:11:51]   [emp_id: 5406] SKIPPED: Already updated today (2025-12-10 03:00:04)
[2025-12-10 12:11:51]   [emp_id: 5407] SKIPPED: Already updated today (2025-12-10 03:00:04)
[2025-12-10 12:11:51]   [emp_id: 5408] SKIPPED: Already updated today (2025-12-10 03:00:04)
[2025-12-10 12:11:51]   [emp_id: 5409] SKIPPED: Already updated today (2025-12-10 03:00:04)
[2025-12-10 12:11:51]   [emp_id: 5413] SKIPPED: Already updated today (2025-12-10 03:00:04)
[2025-12-10 12:11:51]   [emp_id: 5414] SKIPPED: Already updated today (2025-12-10 03:00:04)
[2025-12-10 12:11:51]   [emp_id: 5415] SKIPPED: Already updated today (2025-12-10 03:00:04)
[2025-12-10 12:11:51]   [emp_id: 5418] SKIPPED: Already updated today (2025-12-10 03:00:04)
[2025-12-10 12:11:51]   [emp_id: 5422] SKIPPED: Already updated today (2025-12-10 03:00:04)
[2025-12-10 12:11:51]   [emp_id: 5423] SKIPPED: Already updated today (2025-12-10 03:00:04)
[2025-12-10 12:11:51]   [emp_id: 5423] SKIPPED: Already updated today (2025-12-10 03:00:04)
[2025-12-10 12:11:51]   [emp_id: 5423] SKIPPED: Already updated today (2025-12-10 03:00:04)
[2025-12-10 12:11:51]   [emp_id: 5424] SKIPPED: Already updated today (2025-12-10 03:00:04)
[2025-12-10 12:11:51]   [emp_id: 5425] SKIPPED: Already updated today (2025-12-10 03:00:04)
[2025-12-10 12:11:51]   [emp_id: 5426] SKIPPED: Already updated today (2025-12-10 03:00:04)
[2025-12-10 12:11:51]   [emp_id: 5426] SKIPPED: Already updated today (2025-12-10 03:00:04)
[2025-12-10 12:11:51]   [emp_id: 5427] SKIPPED: Already updated today (2025-12-10 03:00:04)
[2025-12-10 12:11:51]   [emp_id: 5428] SKIPPED: Already updated today (2025-12-10 03:00:04)
[2025-12-10 12:11:51]   [emp_id: 5430] SKIPPED: Already updated today (2025-12-10 03:00:04)
[2025-12-10 12:11:51]   [emp_id: 5431] SKIPPED: Already updated today (2025-12-10 03:00:04)
[2025-12-10 12:11:51]   [emp_id: 5434] SKIPPED: Already updated today (2025-12-10 03:00:04)
[2025-12-10 12:11:51]   [emp_id: 5435] SKIPPED: Already updated today (2025-12-10 03:00:04)
[2025-12-10 12:11:51]   [emp_id: 5436] SKIPPED: Already updated today (2025-12-10 03:00:04)
[2025-12-10 12:11:51]   [emp_id: 5438] SKIPPED: Already updated today (2025-12-10 03:00:04)
[2025-12-10 12:11:51]   [emp_id: 5439] SKIPPED: Already updated today (2025-12-10 03:00:04)
[2025-12-10 12:11:51]   [emp_id: 5442] SKIPPED: Already updated today (2025-12-10 03:00:04)
[2025-12-10 12:11:51]   [emp_id: 5443] SKIPPED: Already updated today (2025-12-10 03:00:04)
[2025-12-10 12:11:51]   [emp_id: 5445] SKIPPED: Already updated today (2025-12-10 03:00:04)
[2025-12-10 12:11:51]   [emp_id: 5446] SKIPPED: Already updated today (2025-12-10 03:00:04)
[2025-12-10 12:11:51]   [emp_id: 5447] SKIPPED: Already updated today (2025-12-10 03:00:04)
[2025-12-10 12:11:51]   [emp_id: 5448] SKIPPED: Already updated today (2025-12-10 03:00:04)
[2025-12-10 12:11:51]   [emp_id: 5449] SKIPPED: Already updated today (2025-12-10 03:00:04)
[2025-12-10 12:11:51]   [emp_id: 5450] SKIPPED: Already updated today (2025-12-10 03:00:04)
[2025-12-10 12:11:51]   [emp_id: 5451] SKIPPED: Already updated today (2025-12-10 03:00:04)
[2025-12-10 12:11:51]   [emp_id: 5454] SKIPPED: Already updated today (2025-12-10 03:00:04)
[2025-12-10 12:11:51]   [emp_id: 5455] SKIPPED: Already updated today (2025-12-10 03:00:04)
[2025-12-10 12:11:51]   [emp_id: 5456] SKIPPED: Already updated today (2025-12-10 03:00:04)
[2025-12-10 12:11:51] 
[2025-12-10 12:11:51] ========== SUMMARY ==========
[2025-12-10 12:11:51] Total employees processed: 439
[2025-12-10 12:11:51] Records updated: 0
[2025-12-10 12:11:51] Balances changed: 0
[2025-12-10 12:11:51] Errors: 0
[2025-12-10 12:11:51] ========== CRON: Vacation Balance Update Completed ==========
[2025-12-10 12:11:51] 
