[2025-12-23 00:30:01] ========== CRON: Vacation Balance Update Started ==========
[2025-12-23 00:30:01] Database connection established
[2025-12-23 00:30:01] Found 433 active employees with balance records to update
[2025-12-23 00:30:01] (Only employees with status=1 will be processed)
[2025-12-23 00:30:02]   [emp_id: 1061] ✓ Updated: 32.4 → 32.48 (CHANGED)
[2025-12-23 00:30:02]   [emp_id: 1496] ✓ Updated: 15.57 → 15.65 (CHANGED)
[2025-12-23 00:30:02]   [emp_id: 1500] ✓ Updated: 24.82 → 24.9 (CHANGED)
[2025-12-23 00:30:02]   [emp_id: 1574] ✓ Updated: 32.48 → 32.56 (CHANGED)
[2025-12-23 00:30:02]   [emp_id: 1673] ✓ Updated: 43.98 → 44.06 (CHANGED)
[2025-12-23 00:30:02]   [emp_id: 1685] ✓ Updated: 13.9 → 13.98 (CHANGED)
[2025-12-23 00:30:02]   [emp_id: 1764] ✓ Updated: 68.57 → 68.65 (CHANGED)
[2025-12-23 00:30:02]   [emp_id: 1805] ✓ Updated: 62.9 → 62.98 (CHANGED)
[2025-12-23 00:30:02]   [emp_id: 1822] ✓ Updated: 67.65 → 67.73 (CHANGED)
[2025-12-23 00:30:02]   [emp_id: 1837] ✓ Updated: 23.82 → 23.9 (CHANGED)
[2025-12-23 00:30:02]   [emp_id: 1857] ✓ Updated: 19.15 → 19.23 (CHANGED)
[2025-12-23 00:30:02]   [emp_id: 1861] ✓ Updated: 69.98 → 70.06 (CHANGED)
[2025-12-23 00:30:02]   [emp_id: 1872] ✓ Updated: 8.82 → 8.9 (CHANGED)
[2025-12-23 00:30:02]   [emp_id: 1897] ✓ Updated: 4.15 → 4.23 (CHANGED)
[2025-12-23 00:30:02]   [emp_id: 1916] ✓ Updated: 10.45 → 10.53 (CHANGED)
[2025-12-23 00:30:02]   [emp_id: 1928] ✓ Updated: 63.4 → 63.48 (CHANGED)
[2025-12-23 00:30:02]   [emp_id: 1931] ✓ Updated: 83.32 → 83.4 (CHANGED)
[2025-12-23 00:30:02]   [emp_id: 1944] ✓ Updated: 41.48 → 41.56 (CHANGED)
[2025-12-23 00:30:02]   [emp_id: 1996] ✓ Updated: 69.98 → 70.06 (CHANGED)
[2025-12-23 00:30:02]   [emp_id: 1997] ✓ Updated: 35.15 → 35.23 (CHANGED)
[2025-12-23 00:30:02]   [emp_id: 1998] ✓ Updated: 86.48 → 86.56 (CHANGED)
[2025-12-23 00:30:02]   [emp_id: 1999] ✓ Updated: 87.48 → 87.56 (CHANGED)
[2025-12-23 00:30:02]   [emp_id: 2009] ✓ Updated: 33.9 → 33.98 (CHANGED)
[2025-12-23 00:30:02]   [emp_id: 2048] ✓ Updated: 23.73 → 23.81 (CHANGED)
[2025-12-23 00:30:02]   [emp_id: 2057] ✓ Updated: 64.57 → 64.65 (CHANGED)
[2025-12-23 00:30:02]   [emp_id: 2079] ✓ Updated: 46.9 → 46.98 (CHANGED)
[2025-12-23 00:30:02]   [emp_id: 2181] ✓ Updated: 35.9 → 35.98 (CHANGED)
[2025-12-23 00:30:02]   [emp_id: 2190] ✓ Updated: 5.23 → 5.31 (CHANGED)
[2025-12-23 00:30:02]   [emp_id: 2212] ✓ Updated: 23.23 → 23.31 (CHANGED)
[2025-12-23 00:30:02]   [emp_id: 2226] ✓ Updated: 67.98 → 68.06 (CHANGED)
[2025-12-23 00:30:02]   [emp_id: 2238] ✓ Updated: 66.23 → 66.31 (CHANGED)
[2025-12-23 00:30:02]   [emp_id: 2285] ✓ Updated: 34.9 → 34.98 (CHANGED)
[2025-12-23 00:30:02]   [emp_id: 2287] ✓ Updated: 46.57 → 46.65 (CHANGED)
[2025-12-23 00:30:02]   [emp_id: 2288] ✓ Updated: 61.48 → 61.56 (CHANGED)
[2025-12-23 00:30:02]   [emp_id: 2316] ✓ Updated: 15.4 → 15.48 (CHANGED)
[2025-12-23 00:30:02]   [emp_id: 2337] ✓ Updated: 36.48 → 36.56 (CHANGED)
[2025-12-23 00:30:02]   [emp_id: 2352] ✓ Updated: 67.98 → 68.06 (CHANGED)
[2025-12-23 00:30:02]   [emp_id: 2358] ✓ Updated: 4.48 → 4.56 (CHANGED)
[2025-12-23 00:30:02]   [emp_id: 2361] ✓ Updated: 70.15 → 70.23 (CHANGED)
[2025-12-23 00:30:02]   [emp_id: 2363] ✓ Updated: 72.73 → 72.81 (CHANGED)
[2025-12-23 00:30:02]   [emp_id: 2364] ✓ Updated: 72.15 → 72.23 (CHANGED)
[2025-12-23 00:30:02]   [emp_id: 2367] ✓ Updated: 99.82 → 99.9 (CHANGED)
[2025-12-23 00:30:02]   [emp_id: 2368] ✓ Updated: 30.23 → 30.31 (CHANGED)
[2025-12-23 00:30:02]   [emp_id: 2372] ✓ Updated: 67.48 → 67.56 (CHANGED)
[2025-12-23 00:30:02]   [emp_id: 2376] ✓ Updated: 117.48 → 117.56 (CHANGED)
[2025-12-23 00:30:02]   [emp_id: 2423] ✓ Updated: 18.23 → 18.31 (CHANGED)
[2025-12-23 00:30:02]   [emp_id: 2519] ✓ Updated: 171.9 → 171.98 (CHANGED)
[2025-12-23 00:30:02]   [emp_id: 2522] ✓ Updated: 55.48 → 55.56 (CHANGED)
[2025-12-23 00:30:02]   [emp_id: 2530] ✓ Updated: 50.73 → 50.81 (CHANGED)
[2025-12-23 00:30:02]   [emp_id: 2539] ✓ Updated: 47.48 → 47.56 (CHANGED)
[2025-12-23 00:30:02]   [emp_id: 2541] ✓ Updated: 28.07 → 28.15 (CHANGED)
[2025-12-23 00:30:02]   [emp_id: 2550] ✓ Updated: 94.23 → 94.31 (CHANGED)
[2025-12-23 00:30:02]   [emp_id: 2553] ✓ Updated: 61.23 → 61.31 (CHANGED)
[2025-12-23 00:30:02]   [emp_id: 2554] ✓ Updated: 37.82 → 37.9 (CHANGED)
[2025-12-23 00:30:02]   [emp_id: 2565] ✓ Updated: 92.4 → 92.48 (CHANGED)
[2025-12-23 00:30:02]   [emp_id: 2572] ✓ Updated: 42.4 → 42.48 (CHANGED)
[2025-12-23 00:30:02]   [emp_id: 2637] ✓ Updated: 62.98 → 63.06 (CHANGED)
[2025-12-23 00:30:02]   [emp_id: 2642] ✓ Updated: 75.73 → 75.81 (CHANGED)
[2025-12-23 00:30:02]   [emp_id: 2645] ✓ Updated: 91.73 → 91.81 (CHANGED)
[2025-12-23 00:30:02]   [emp_id: 2648] ✓ Updated: 43.4 → 43.48 (CHANGED)
[2025-12-23 00:30:02]   [emp_id: 2654] ✓ Updated: 86.07 → 86.15 (CHANGED)
[2025-12-23 00:30:02]   [emp_id: 2688] ✓ Updated: 24.15 → 24.23 (CHANGED)
[2025-12-23 00:30:02]   [emp_id: 2690] ✓ Updated: 12.9 → 12.98 (CHANGED)
[2025-12-23 00:30:02]   [emp_id: 2709] ✓ Updated: 35.15 → 35.23 (CHANGED)
[2025-12-23 00:30:02]   [emp_id: 2745] ✓ Updated: 31.73 → 31.81 (CHANGED)
[2025-12-23 00:30:02]   [emp_id: 2843] ✓ Updated: 78.32 → 78.4 (CHANGED)
[2025-12-23 00:30:02]   [emp_id: 2854] ✓ Updated: 58.23 → 58.31 (CHANGED)
[2025-12-23 00:30:02]   [emp_id: 2869] ✓ Updated: 63.15 → 63.23 (CHANGED)
[2025-12-23 00:30:02]   [emp_id: 2876] ✓ Updated: 32.98 → 33.06 (CHANGED)
[2025-12-23 00:30:02]   [emp_id: 2924] ✓ Updated: 14.15 → 14.23 (CHANGED)
[2025-12-23 00:30:02]   [emp_id: 2953] ✓ Updated: 99.9 → 99.98 (CHANGED)
[2025-12-23 00:30:02]   [emp_id: 2961] ✓ Updated: 9.9 → 9.98 (CHANGED)
[2025-12-23 00:30:02]   [emp_id: 2975] ✓ Updated: 11.9 → 11.98 (CHANGED)
[2025-12-23 00:30:02]   [emp_id: 3013] ✓ Updated: 8.9 → 8.98 (CHANGED)
[2025-12-23 00:30:02]   [emp_id: 3014] ✓ Updated: 88.15 → 88.23 (CHANGED)
[2025-12-23 00:30:02]   [emp_id: 3015] ✓ Updated: 39.4 → 39.48 (CHANGED)
[2025-12-23 00:30:02]   [emp_id: 3018] ✓ Updated: 58.15 → 58.23 (CHANGED)
[2025-12-23 00:30:02]   [emp_id: 3025] ✓ Updated: 81.82 → 81.9 (CHANGED)
[2025-12-23 00:30:02]   [emp_id: 3037] ✓ Updated: 81.65 → 81.73 (CHANGED)
[2025-12-23 00:30:02]   [emp_id: 3047] ✓ Updated: 69.9 → 69.98 (CHANGED)
[2025-12-23 00:30:02]   [emp_id: 3061] ✓ Updated: 16.82 → 16.9 (CHANGED)
[2025-12-23 00:30:02]   [emp_id: 3062] ✓ Updated: 49.98 → 50.06 (CHANGED)
[2025-12-23 00:30:02]   [emp_id: 3074] ✓ Updated: 106.4 → 106.48 (CHANGED)
[2025-12-23 00:30:02]   [emp_id: 3089] ✓ Updated: 5.32 → 5.4 (CHANGED)
[2025-12-23 00:30:02]   [emp_id: 3090] ✓ Updated: 31.9 → 31.98 (CHANGED)
[2025-12-23 00:30:02]   [emp_id: 3091] ✓ Updated: 43.9 → 43.98 (CHANGED)
[2025-12-23 00:30:02]   [emp_id: 3092] ✓ Updated: 26.57 → 26.65 (CHANGED)
[2025-12-23 00:30:02]   [emp_id: 3105] ✓ Updated: 46.9 → 46.98 (CHANGED)
[2025-12-23 00:30:02]   [emp_id: 3134] ✓ Updated: 42.65 → 42.73 (CHANGED)
[2025-12-23 00:30:02]   [emp_id: 3140] ✓ Updated: 39.73 → 39.81 (CHANGED)
[2025-12-23 00:30:02]   [emp_id: 3144] ✓ Updated: 12.57 → 12.65 (CHANGED)
[2025-12-23 00:30:02]   [emp_id: 3156] ✓ Updated: 15.9 → 15.98 (CHANGED)
[2025-12-23 00:30:02]   [emp_id: 3162] ✓ Updated: 0.88 → 0.96 (CHANGED)
[2025-12-23 00:30:02]   [emp_id: 3163] ✓ Updated: 4.15 → 4.23 (CHANGED)
[2025-12-23 00:30:02]   [emp_id: 3198] ✓ Updated: 39.15 → 39.23 (CHANGED)
[2025-12-23 00:30:02]   [emp_id: 3205] ✓ Updated: 15.82 → 15.9 (CHANGED)
[2025-12-23 00:30:02]   [emp_id: 3209] ✓ Updated: 39.98 → 40.06 (CHANGED)
[2025-12-23 00:30:02]   [emp_id: 3223] ✓ Updated: 88.9 → 88.98 (CHANGED)
[2025-12-23 00:30:02]   [emp_id: 3224] ✓ Updated: 63.65 → 63.73 (CHANGED)
[2025-12-23 00:30:02]   [emp_id: 3230] ✓ Updated: 87.07 → 87.15 (CHANGED)
[2025-12-23 00:30:02]   [emp_id: 3231] ✓ Updated: 21.32 → 21.4 (CHANGED)
[2025-12-23 00:30:02]   [emp_id: 3233] ✓ Updated: 79.9 → 79.98 (CHANGED)
[2025-12-23 00:30:02]   [emp_id: 3249] ✓ Updated: 35.73 → 35.81 (CHANGED)
[2025-12-23 00:30:02]   [emp_id: 3250] ✓ Updated: 8.73 → 8.81 (CHANGED)
[2025-12-23 00:30:02]   [emp_id: 3252] ✓ Updated: 9.65 → 9.73 (CHANGED)
[2025-12-23 00:30:02]   [emp_id: 3254] ✓ Updated: 20.15 → 20.23 (CHANGED)
[2025-12-23 00:30:02]   [emp_id: 3255] ✓ Updated: 16.57 → 16.65 (CHANGED)
[2025-12-23 00:30:02]   [emp_id: 3256] ✓ Updated: 12.82 → 12.9 (CHANGED)
[2025-12-23 00:30:02]   [emp_id: 3263] ✓ Updated: 28.9 → 28.98 (CHANGED)
[2025-12-23 00:30:02]   [emp_id: 3265] ✓ Updated: 24.48 → 24.56 (CHANGED)
[2025-12-23 00:30:02]   [emp_id: 3280] ✓ Updated: 71.4 → 71.48 (CHANGED)
[2025-12-23 00:30:02]   [emp_id: 3286] ✓ Updated: 14.57 → 14.65 (CHANGED)
[2025-12-23 00:30:02]   [emp_id: 3294] ✓ Updated: 14.23 → 14.31 (CHANGED)
[2025-12-23 00:30:02]   [emp_id: 3321] ✓ Updated: 71.4 → 71.48 (CHANGED)
[2025-12-23 00:30:02]   [emp_id: 3325] ✓ Updated: 59.15 → 59.23 (CHANGED)
[2025-12-23 00:30:02]   [emp_id: 3329] ✓ Updated: 61.48 → 61.56 (CHANGED)
[2025-12-23 00:30:02]   [emp_id: 3330] ✓ Updated: 61.48 → 61.56 (CHANGED)
[2025-12-23 00:30:02]   [emp_id: 3332] ✓ Updated: 61.48 → 61.56 (CHANGED)
[2025-12-23 00:30:02]   [emp_id: 3370] ✓ Updated: 53.15 → 53.23 (CHANGED)
[2025-12-23 00:30:02]   [emp_id: 3384] ✓ Updated: 13.65 → 13.73 (CHANGED)
[2025-12-23 00:30:02]   [emp_id: 3386] ✓ Updated: 43.65 → 43.73 (CHANGED)
[2025-12-23 00:30:02]   [emp_id: 3431] ✓ Updated: 18.07 → 18.15 (CHANGED)
[2025-12-23 00:30:02]   [emp_id: 3497] ✓ Updated: 8.23 → 8.31 (CHANGED)
[2025-12-23 00:30:02]   [emp_id: 3532] ✓ Updated: 45.07 → 45.15 (CHANGED)
[2025-12-23 00:30:02]   [emp_id: 3586] ✓ Updated: 9.15 → 9.23 (CHANGED)
[2025-12-23 00:30:02]   [emp_id: 3602] ✓ Updated: 0.64 → 0.72 (CHANGED)
[2025-12-23 00:30:02]   [emp_id: 3618] ✓ Updated: 22.62 → 22.7 (CHANGED)
[2025-12-23 00:30:02]   [emp_id: 3622] ✓ Updated: 33.9 → 33.95 (CHANGED)
[2025-12-23 00:30:02]   [emp_id: 3627] ✓ Updated: 8.57 → 8.65 (CHANGED)
[2025-12-23 00:30:02]   [emp_id: 3665] ✓ Updated: 50.15 → 50.23 (CHANGED)
[2025-12-23 00:30:02]   [emp_id: 3705] ✓ Updated: 27.23 → 27.28 (CHANGED)
[2025-12-23 00:30:02]   [emp_id: 3724] ✓ Updated: 43.15 → 43.23 (CHANGED)
[2025-12-23 00:30:02]   [emp_id: 3726] ✓ Updated: 59.57 → 59.65 (CHANGED)
[2025-12-23 00:30:02]   [emp_id: 3727] ✓ Updated: 64.65 → 64.73 (CHANGED)
[2025-12-23 00:30:02]   [emp_id: 3728] ✓ Updated: 8.98 → 9.06 (CHANGED)
[2025-12-23 00:30:02]   [emp_id: 3742] ✓ Updated: 32.15 → 32.23 (CHANGED)
[2025-12-23 00:30:02]   [emp_id: 3767] ✓ Updated: 59.73 → 59.81 (CHANGED)
[2025-12-23 00:30:02]   [emp_id: 3768] ✓ Updated: 55.98 → 56.06 (CHANGED)
[2025-12-23 00:30:02]   [emp_id: 3787] ✓ Updated: 56.57 → 56.65 (CHANGED)
[2025-12-23 00:30:02]   [emp_id: 3790] ✓ Updated: 1.12 → 1.2 (CHANGED)
[2025-12-23 00:30:02]   [emp_id: 3795] ✓ Updated: 14.07 → 14.15 (CHANGED)
[2025-12-23 00:30:02]   [emp_id: 3798] ✓ Updated: 92.48 → 92.56 (CHANGED)
[2025-12-23 00:30:02]   [emp_id: 3801] ✓ Updated: 30.65 → 30.73 (CHANGED)
[2025-12-23 00:30:02]   [emp_id: 3802] ✓ Updated: 29.73 → 29.81 (CHANGED)
[2025-12-23 00:30:02]   [emp_id: 3803] ✓ Updated: 114.15 → 114.23 (CHANGED)
[2025-12-23 00:30:02]   [emp_id: 3810] ✓ Updated: 60.15 → 60.23 (CHANGED)
[2025-12-23 00:30:02]   [emp_id: 3812] ✓ Updated: 89.15 → 89.23 (CHANGED)
[2025-12-23 00:30:02]   [emp_id: 3815] ✓ Updated: 89.15 → 89.23 (CHANGED)
[2025-12-23 00:30:02]   [emp_id: 3836] ✓ Updated: 56.82 → 56.9 (CHANGED)
[2025-12-23 00:30:02]   [emp_id: 3855] ✓ Updated: 49.98 → 50.06 (CHANGED)
[2025-12-23 00:30:02]   [emp_id: 3857] ✓ Updated: 53.65 → 53.73 (CHANGED)
[2025-12-23 00:30:02]   [emp_id: 3862] ✓ Updated: 101.73 → 101.81 (CHANGED)
[2025-12-23 00:30:02]   [emp_id: 3866] ✓ Updated: 26.98 → 27.06 (CHANGED)
[2025-12-23 00:30:02]   [emp_id: 3876] ✓ Updated: 47.15 → 47.23 (CHANGED)
[2025-12-23 00:30:02]   [emp_id: 3877] ✓ Updated: 48.65 → 48.73 (CHANGED)
[2025-12-23 00:30:03]   [emp_id: 3897] ✓ Updated: 36.9 → 36.98 (CHANGED)
[2025-12-23 00:30:03]   [emp_id: 3899] ✓ Updated: 0.08 → 0.16 (CHANGED)
[2025-12-23 00:30:03]   [emp_id: 3928] ✓ Updated: 12.98 → 13.06 (CHANGED)
[2025-12-23 00:30:03]   [emp_id: 3929] ✓ Updated: 7.98 → 8.06 (CHANGED)
[2025-12-23 00:30:03]   [emp_id: 3935] ✓ Updated: 92.98 → 93.06 (CHANGED)
[2025-12-23 00:30:03]   [emp_id: 3952] ✓ Updated: 75.32 → 75.4 (CHANGED)
[2025-12-23 00:30:03]   [emp_id: 3987] ✓ Updated: 13.23 → 13.31 (CHANGED)
[2025-12-23 00:30:03]   [emp_id: 4059] ✓ Updated: 2.43 → 2.51 (CHANGED)
[2025-12-23 00:30:03]   [emp_id: 4119] ✓ Updated: 55.9 → 55.98 (CHANGED)
[2025-12-23 00:30:03]   [emp_id: 4120] ✓ Updated: 25.48 → 25.56 (CHANGED)
[2025-12-23 00:30:03]   [emp_id: 4124] ✓ Updated: 55.9 → 55.98 (CHANGED)
[2025-12-23 00:30:03]   [emp_id: 4133] ✓ Updated: 104.48 → 104.56 (CHANGED)
[2025-12-23 00:30:03]   [emp_id: 4134] ✓ Updated: 25.48 → 25.56 (CHANGED)
[2025-12-23 00:30:03]   [emp_id: 4136] ✓ Updated: 25.48 → 25.56 (CHANGED)
[2025-12-23 00:30:03]   [emp_id: 4150] ✓ Updated: 24.15 → 24.23 (CHANGED)
[2025-12-23 00:30:03]   [emp_id: 4157] ✓ Updated: 17.65 → 17.73 (CHANGED)
[2025-12-23 00:30:03]   [emp_id: 4172] ✓ Updated: 11.81 → 11.86 (CHANGED)
[2025-12-23 00:30:03]   [emp_id: 4195] ✓ Updated: 61.23 → 61.31 (CHANGED)
[2025-12-23 00:30:03]   [emp_id: 4215] ✓ Updated: 43.9 → 43.98 (CHANGED)
[2025-12-23 00:30:03]   [emp_id: 4220] ✓ Updated: 39.48 → 39.56 (CHANGED)
[2025-12-23 00:30:03]   [emp_id: 4273] ✓ Updated: 8.15 → 8.23 (CHANGED)
[2025-12-23 00:30:03]   [emp_id: 4283] ✓ Updated: 12.9 → 12.95 (CHANGED)
[2025-12-23 00:30:03]   [emp_id: 4288] ✓ Updated: 0.4 → 0.48 (CHANGED)
[2025-12-23 00:30:03]   [emp_id: 4315] ✓ Updated: 14.4 → 14.48 (CHANGED)
[2025-12-23 00:30:03]   [emp_id: 4328] ✓ Updated: 41.73 → 41.78 (CHANGED)
[2025-12-23 00:30:03]   [emp_id: 4329] ✓ Updated: 4.57 → 4.65 (CHANGED)
[2025-12-23 00:30:03]   [emp_id: 4338] ✓ Updated: 46.15 → 46.23 (CHANGED)
[2025-12-23 00:30:03]   [emp_id: 4340] ✓ Updated: 125.15 → 125.23 (CHANGED)
[2025-12-23 00:30:03]   [emp_id: 4365] ✓ Updated: 59.57 → 59.65 (CHANGED)
[2025-12-23 00:30:03]   [emp_id: 4366] ✓ Updated: 58.65 → 58.73 (CHANGED)
[2025-12-23 00:30:03]   [emp_id: 4403] ✓ Updated: 84.48 → 84.56 (CHANGED)
[2025-12-23 00:30:03]   [emp_id: 4438] ✓ Updated: 20.15 → 20.23 (CHANGED)
[2025-12-23 00:30:03]   [emp_id: 4465] ✓ Updated: 12.06 → 12.11 (CHANGED)
[2025-12-23 00:30:03]   [emp_id: 4473] ✓ Updated: 43.73 → 43.81 (CHANGED)
[2025-12-23 00:30:03]   [emp_id: 4474] ✓ Updated: 58.81 → 58.86 (CHANGED)
[2025-12-23 00:30:03]   [emp_id: 4493] ✓ Updated: 162.57 → 162.65 (CHANGED)
[2025-12-23 00:30:03]   [emp_id: 4526] ✓ Updated: 34.82 → 34.9 (CHANGED)
[2025-12-23 00:30:03]   [emp_id: 4528] ✓ Updated: 106.57 → 106.65 (CHANGED)
[2025-12-23 00:30:03]   [emp_id: 4528] ✓ Updated: 106.57 → 106.65 (CHANGED)
[2025-12-23 00:30:03]   [emp_id: 4532] ✓ Updated: 7.18 → 7.23 (CHANGED)
[2025-12-23 00:30:03]   [emp_id: 4533] ✓ Updated: 34.98 → 35.06 (CHANGED)
[2025-12-23 00:30:03]   [emp_id: 4564] ✓ Updated: 24.81 → 24.86 (CHANGED)
[2025-12-23 00:30:03]   [emp_id: 4565] ✓ Updated: 14.56 → 14.61 (CHANGED)
[2025-12-23 00:30:03]   [emp_id: 4567] ✓ Updated: 18.81 → 18.86 (CHANGED)
[2025-12-23 00:30:03]   [emp_id: 4572] ✓ Updated: 58.31 → 58.36 (CHANGED)
[2025-12-23 00:30:03]   [emp_id: 4631] ✓ Updated: 14.56 → 14.61 (CHANGED)
[2025-12-23 00:30:03]   [emp_id: 4655] ✓ Updated: 23.9 → 23.98 (CHANGED)
[2025-12-23 00:30:03]   [emp_id: 4689] ✓ Updated: 21.57 → 21.65 (CHANGED)
[2025-12-23 00:30:03]   [emp_id: 4709] ✓ Updated: 39.15 → 39.23 (CHANGED)
[2025-12-23 00:30:03]   [emp_id: 4717] ✓ Updated: 65.15 → 65.23 (CHANGED)
[2025-12-23 00:30:03]   [emp_id: 4736] ✓ Updated: 26.98 → 27.06 (CHANGED)
[2025-12-23 00:30:03]   [emp_id: 4756] ✓ Updated: 60.45 → 60.5 (CHANGED)
[2025-12-23 00:30:03]   [emp_id: 4768] ✓ Updated: 11.65 → 11.73 (CHANGED)
[2025-12-23 00:30:03]   [emp_id: 4780] ✓ Updated: 64.73 → 64.78 (CHANGED)
[2025-12-23 00:30:03]   [emp_id: 4820] ✓ Updated: 97.98 → 98.06 (CHANGED)
[2025-12-23 00:30:03]   [emp_id: 4825] ✓ Updated: 29.73 → 29.81 (CHANGED)
[2025-12-23 00:30:03]   [emp_id: 4835] ✓ Updated: 47.48 → 47.53 (CHANGED)
[2025-12-23 00:30:03]   [emp_id: 4837] ✓ Updated: 44.72 → 44.77 (CHANGED)
[2025-12-23 00:30:03]   [emp_id: 4838] ✓ Updated: 43.74 → 43.79 (CHANGED)
[2025-12-23 00:30:03]   [emp_id: 4840] ✓ Updated: 44.72 → 44.77 (CHANGED)
[2025-12-23 00:30:03]   [emp_id: 4842] ✓ Updated: 43.96 → 44.01 (CHANGED)
[2025-12-23 00:30:03]   [emp_id: 4843] ✓ Updated: 44.49 → 44.54 (CHANGED)
[2025-12-23 00:30:03]   [emp_id: 4853] ✓ Updated: 88.31 → 88.36 (CHANGED)
[2025-12-23 00:30:03]   [emp_id: 4856] ✓ Updated: 41.63 → 41.68 (CHANGED)
[2025-12-23 00:30:03]   [emp_id: 4857] ✓ Updated: 24.45 → 24.5 (CHANGED)
[2025-12-23 00:30:03]   [emp_id: 4858] ✓ Updated: 21.33 → 21.38 (CHANGED)
[2025-12-23 00:30:03]   [emp_id: 4859] ✓ Updated: 42.8 → 42.85 (CHANGED)
[2025-12-23 00:30:03]   [emp_id: 4860] ✓ Updated: 7.3 → 7.35 (CHANGED)
[2025-12-23 00:30:03]   [emp_id: 4861] ✓ Updated: 40.76 → 40.81 (CHANGED)
[2025-12-23 00:30:03]   [emp_id: 4869] ✓ Updated: 83.64 → 83.69 (CHANGED)
[2025-12-23 00:30:03]   [emp_id: 4894] ✓ Updated: 6.65 → 6.73 (CHANGED)
[2025-12-23 00:30:03]   [emp_id: 4897] ✓ Updated: 22.54 → 22.59 (CHANGED)
[2025-12-23 00:30:03]   [emp_id: 4899] ✓ Updated: 18.71 → 18.76 (CHANGED)
[2025-12-23 00:30:03]   [emp_id: 4902] ✓ Updated: 18.13 → 18.18 (CHANGED)
[2025-12-23 00:30:03]   [emp_id: 4903] ✓ Updated: 20.35 → 20.4 (CHANGED)
[2025-12-23 00:30:03]   [emp_id: 4905] ✓ Updated: 19.01 → 19.06 (CHANGED)
[2025-12-23 00:30:03]   [emp_id: 4907] ✓ Updated: 46.73 → 46.81 (CHANGED)
[2025-12-23 00:30:03]   [emp_id: 4917] ✓ Updated: 15.97 → 16.02 (CHANGED)
[2025-12-23 00:30:03]   [emp_id: 4918] ✓ Updated: 5.74 → 5.79 (CHANGED)
[2025-12-23 00:30:03]   [emp_id: 4919] ✓ Updated: 58.03 → 58.08 (CHANGED)
[2025-12-23 00:30:03]   [emp_id: 4920] ✓ Updated: 57.86 → 57.91 (CHANGED)
[2025-12-23 00:30:03]   [emp_id: 4921] ✓ Updated: 17.2 → 17.25 (CHANGED)
[2025-12-23 00:30:03]   [emp_id: 4927] ✓ Updated: 16.03 → 16.08 (CHANGED)
[2025-12-23 00:30:03]   [emp_id: 4929] ✓ Updated: 17.55 → 17.6 (CHANGED)
[2025-12-23 00:30:03]   [emp_id: 4930] ✓ Updated: 58.32 → 58.37 (CHANGED)
[2025-12-23 00:30:03]   [emp_id: 4932] ✓ Updated: 16.32 → 16.37 (CHANGED)
[2025-12-23 00:30:03]   [emp_id: 4933] ✓ Updated: 19.73 → 19.78 (CHANGED)
[2025-12-23 00:30:03]   [emp_id: 4949] ✓ Updated: 35.16 → 35.21 (CHANGED)
[2025-12-23 00:30:03]   [emp_id: 4956] ✓ Updated: 28.75 → 28.8 (CHANGED)
[2025-12-23 00:30:03]   [emp_id: 4957] ✓ Updated: 29.42 → 29.47 (CHANGED)
[2025-12-23 00:30:03]   [emp_id: 4962] ✓ Updated: 52.98 → 53.06 (CHANGED)
[2025-12-23 00:30:03]   [emp_id: 4969] ✓ Updated: 45.4 → 45.48 (CHANGED)
[2025-12-23 00:30:03]   [emp_id: 4976] ✓ Updated: 9.44 → 9.49 (CHANGED)
[2025-12-23 00:30:03]   [emp_id: 4984] ✓ Updated: 36.65 → 36.73 (CHANGED)
[2025-12-23 00:30:03]   [emp_id: 4995] ✓ Updated: 48.72 → 48.8 (CHANGED)
[2025-12-23 00:30:03]   [emp_id: 5004] ✓ Updated: 45.12 → 45.17 (CHANGED)
[2025-12-23 00:30:03]   [emp_id: 5006] ✓ Updated: 26.12 → 26.17 (CHANGED)
[2025-12-23 00:30:03]   [emp_id: 5011] ✓ Updated: 12.32 → 12.4 (CHANGED)
[2025-12-23 00:30:03]   [emp_id: 5013] ✓ Updated: 66.49 → 66.54 (CHANGED)
[2025-12-23 00:30:03]   [emp_id: 5018] ✓ Updated: 20.73 → 20.78 (CHANGED)
[2025-12-23 00:30:03]   [emp_id: 5021] ✓ Updated: 63.83 → 63.91 (CHANGED)
[2025-12-23 00:30:03]   [emp_id: 5021] ✓ Updated: 63.83 → 63.91 (CHANGED)
[2025-12-23 00:30:03]   [emp_id: 5024] ✓ Updated: 1 → 1.05 (CHANGED)
[2025-12-23 00:30:03]   [emp_id: 5030] ✓ Updated: 30.95 → 31 (CHANGED)
[2025-12-23 00:30:03]   [emp_id: 5033] ✓ Updated: 21.75 → 21.8 (CHANGED)
[2025-12-23 00:30:03]   [emp_id: 5043] ✓ Updated: 29.32 → 29.4 (CHANGED)
[2025-12-23 00:30:03]   [emp_id: 5045] ✓ Updated: 25.82 → 25.9 (CHANGED)
[2025-12-23 00:30:03]   [emp_id: 5046] ✓ Updated: 21.01 → 21.09 (CHANGED)
[2025-12-23 00:30:03]   [emp_id: 5049] ✓ Updated: 38.43 → 38.48 (CHANGED)
[2025-12-23 00:30:03]   [emp_id: 5052] ✓ Updated: 29.71 → 29.76 (CHANGED)
[2025-12-23 00:30:03]   [emp_id: 5055] ✓ Updated: 36.9 → 36.95 (CHANGED)
[2025-12-23 00:30:03]   [emp_id: 5058] ✓ Updated: 27.13 → 27.18 (CHANGED)
[2025-12-23 00:30:03]   [emp_id: 5062] ✓ Updated: 38.96 → 39.01 (CHANGED)
[2025-12-23 00:30:03]   [emp_id: 5064] ✓ Updated: 116.65 → 116.73 (CHANGED)
[2025-12-23 00:30:03]   [emp_id: 5065] ✓ Updated: 38.37 → 38.42 (CHANGED)
[2025-12-23 00:30:03]   [emp_id: 5071] ✓ Updated: 22.15 → 22.23 (CHANGED)
[2025-12-23 00:30:03]   [emp_id: 5073] ✓ Updated: 12.97 → 13.02 (CHANGED)
[2025-12-23 00:30:03]   [emp_id: 5079] ✓ Updated: 33.53 → 33.58 (CHANGED)
[2025-12-23 00:30:03]   [emp_id: 5080] ✓ Updated: 28.86 → 28.91 (CHANGED)
[2025-12-23 00:30:03]   [emp_id: 5081] ✓ Updated: 35.86 → 35.91 (CHANGED)
[2025-12-23 00:30:03]   [emp_id: 5087] ✓ Updated: 35.16 → 35.21 (CHANGED)
[2025-12-23 00:30:03]   [emp_id: 5091] ✓ Updated: 75.01 → 75.06 (CHANGED)
[2025-12-23 00:30:03]   [emp_id: 5093] ✓ Updated: 13.32 → 13.4 (CHANGED)
[2025-12-23 00:30:03]   [emp_id: 5095] ✓ Updated: 0.55 → 0.6 (CHANGED)
[2025-12-23 00:30:03]   [emp_id: 5101] ✓ Updated: 15.4 → 15.48 (CHANGED)
[2025-12-23 00:30:03]   [emp_id: 5107] ✓ Updated: 13.73 → 13.81 (CHANGED)
[2025-12-23 00:30:03]   [emp_id: 5109] ✓ Updated: 10.98 → 11.06 (CHANGED)
[2025-12-23 00:30:03]   [emp_id: 5119] ✓ Updated: 9.15 → 9.23 (CHANGED)
[2025-12-23 00:30:03]   [emp_id: 5122] ✓ Updated: 6.32 → 6.4 (CHANGED)
[2025-12-23 00:30:03]   [emp_id: 5126] ✓ Updated: 25.89 → 25.94 (CHANGED)
[2025-12-23 00:30:03]   [emp_id: 5127] ✓ Updated: 22.68 → 22.73 (CHANGED)
[2025-12-23 00:30:03]   [emp_id: 5128] ✓ Updated: 25.83 → 25.88 (CHANGED)
[2025-12-23 00:30:03]   [emp_id: 5138] ✓ Updated: 64.98 → 65.06 (CHANGED)
[2025-12-23 00:30:03]   [emp_id: 5138] ✓ Updated: 64.98 → 65.06 (CHANGED)
[2025-12-23 00:30:03]   [emp_id: 5141] ✓ Updated: 34.2 → 34.25 (CHANGED)
[2025-12-23 00:30:03]   [emp_id: 5142] ✓ Updated: 13.2 → 13.25 (CHANGED)
[2025-12-23 00:30:03]   [emp_id: 5146] ✓ Updated: 20.2 → 20.25 (CHANGED)
[2025-12-23 00:30:03]   [emp_id: 5147] ✓ Updated: 19.2 → 19.25 (CHANGED)
[2025-12-23 00:30:03]   [emp_id: 5148] ✓ Updated: 24.55 → 24.6 (CHANGED)
[2025-12-23 00:30:03]   [emp_id: 5149] ✓ Updated: 23.44 → 23.49 (CHANGED)
[2025-12-23 00:30:03]   [emp_id: 5150] ✓ Updated: 22.8 → 22.85 (CHANGED)
[2025-12-23 00:30:03]   [emp_id: 5151] ✓ Updated: 22.62 → 22.67 (CHANGED)
[2025-12-23 00:30:03]   [emp_id: 5152] ✓ Updated: 3.04 → 3.09 (CHANGED)
[2025-12-23 00:30:03]   [emp_id: 5157] ✓ Updated: 22.62 → 22.67 (CHANGED)
[2025-12-23 00:30:03]   [emp_id: 5160] ✓ Updated: 22.62 → 22.67 (CHANGED)
[2025-12-23 00:30:03]   [emp_id: 5163] ✓ Updated: 20.41 → 20.46 (CHANGED)
[2025-12-23 00:30:03]   [emp_id: 5165] ✓ Updated: 26.32 → 26.4 (CHANGED)
[2025-12-23 00:30:03]   [emp_id: 5167] ✓ Updated: 29.56 → 29.61 (CHANGED)
[2025-12-23 00:30:03]   [emp_id: 5168] ✓ Updated: 22.1 → 22.15 (CHANGED)
[2025-12-23 00:30:03]   [emp_id: 5173] ✓ Updated: 24.07 → 24.15 (CHANGED)
[2025-12-23 00:30:03]   [emp_id: 5174] ✓ Updated: 22.56 → 22.61 (CHANGED)
[2025-12-23 00:30:03]   [emp_id: 5181] ✓ Updated: 18.95 → 19 (CHANGED)
[2025-12-23 00:30:03]   [emp_id: 5186] ✓ Updated: 24.48 → 24.53 (CHANGED)
[2025-12-23 00:30:03]   [emp_id: 5187] ✓ Updated: 35.48 → 35.53 (CHANGED)
[2025-12-23 00:30:03]   [emp_id: 5204] ✓ Updated: 21.57 → 21.65 (CHANGED)
[2025-12-23 00:30:03]   [emp_id: 5205] ✓ Updated: 11.69 → 11.74 (CHANGED)
[2025-12-23 00:30:03]   [emp_id: 5209] ✓ Updated: 14.69 → 14.74 (CHANGED)
[2025-12-23 00:30:03]   [emp_id: 5213] ✓ Updated: 1.1 → 1.15 (CHANGED)
[2025-12-23 00:30:04]   [emp_id: 5214] ✓ Updated: 10.69 → 10.74 (CHANGED)
[2025-12-23 00:30:04]   [emp_id: 5215] ✓ Updated: 9.69 → 9.74 (CHANGED)
[2025-12-23 00:30:04]   [emp_id: 5217] ✓ Updated: 8.69 → 8.74 (CHANGED)
[2025-12-23 00:30:04]   [emp_id: 5219] ✓ Updated: 12.69 → 12.74 (CHANGED)
[2025-12-23 00:30:04]   [emp_id: 5221] ✓ Updated: 4.06 → 4.11 (CHANGED)
[2025-12-23 00:30:04]   [emp_id: 5224] ✓ Updated: 13.69 → 13.74 (CHANGED)
[2025-12-23 00:30:04]   [emp_id: 5225] ✓ Updated: 8.36 → 8.41 (CHANGED)
[2025-12-23 00:30:04]   [emp_id: 5228] ✓ Updated: 8.69 → 8.74 (CHANGED)
[2025-12-23 00:30:04]   [emp_id: 5229] ✓ Updated: 4.69 → 4.74 (CHANGED)
[2025-12-23 00:30:04]   [emp_id: 5230] ✓ Updated: 11.36 → 11.41 (CHANGED)
[2025-12-23 00:30:04]   [emp_id: 5231] ✓ Updated: 5.69 → 5.74 (CHANGED)
[2025-12-23 00:30:04]   [emp_id: 5232] ✓ Updated: 10.69 → 10.74 (CHANGED)
[2025-12-23 00:30:04]   [emp_id: 5233] ✓ Updated: 3.69 → 3.74 (CHANGED)
[2025-12-23 00:30:04]   [emp_id: 5234] ✓ Updated: 3.69 → 3.74 (CHANGED)
[2025-12-23 00:30:04]   [emp_id: 5235] ✓ Updated: 4.36 → 4.41 (CHANGED)
[2025-12-23 00:30:04]   [emp_id: 5237] ✓ Updated: 14.69 → 14.74 (CHANGED)
[2025-12-23 00:30:04]   [emp_id: 5239] ✓ Updated: 6.69 → 6.74 (CHANGED)
[2025-12-23 00:30:04]   [emp_id: 5241] ✓ Updated: 4.69 → 4.74 (CHANGED)
[2025-12-23 00:30:04]   [emp_id: 5242] ✓ Updated: 14.69 → 14.74 (CHANGED)
[2025-12-23 00:30:04]   [emp_id: 5243] ✓ Updated: 1.1 → 1.15 (CHANGED)
[2025-12-23 00:30:04]   [emp_id: 5244] ✓ Updated: 0.4 → 0.45 (CHANGED)
[2025-12-23 00:30:04]   [emp_id: 5246] ✓ Updated: 10.69 → 10.74 (CHANGED)
[2025-12-23 00:30:04]   [emp_id: 5253] ✓ Updated: 29.31 → 29.36 (CHANGED)
[2025-12-23 00:30:04]   [emp_id: 5254] ✓ Updated: 11.54 → 11.59 (CHANGED)
[2025-12-23 00:30:04]   [emp_id: 5257] ✓ Updated: 11.25 → 11.3 (CHANGED)
[2025-12-23 00:30:04]   [emp_id: 5259] ✓ Updated: 47.78 → 47.83 (CHANGED)
[2025-12-23 00:30:04]   [emp_id: 5261] ✓ Updated: 49.07 → 49.15 (CHANGED)
[2025-12-23 00:30:04]   [emp_id: 5264] ✓ Updated: 25.26 → 25.31 (CHANGED)
[2025-12-23 00:30:04]   [emp_id: 5266] ✓ Updated: 19.88 → 19.93 (CHANGED)
[2025-12-23 00:30:04]   [emp_id: 5268] ✓ Updated: 8.45 → 8.5 (CHANGED)
[2025-12-23 00:30:04]   [emp_id: 5271] ✓ Updated: 7.11 → 7.16 (CHANGED)
[2025-12-23 00:30:04]   [emp_id: 5272] ✓ Updated: 7.98 → 8.03 (CHANGED)
[2025-12-23 00:30:04]   [emp_id: 5273] ✓ Updated: 25.77 → 25.82 (CHANGED)
[2025-12-23 00:30:04]   [emp_id: 5275] ✓ Updated: 8.8 → 8.85 (CHANGED)
[2025-12-23 00:30:04]   [emp_id: 5276] ✓ Updated: 23.07 → 23.12 (CHANGED)
[2025-12-23 00:30:04]   [emp_id: 5278] ✓ Updated: 7.46 → 7.51 (CHANGED)
[2025-12-23 00:30:04]   [emp_id: 5280] ✓ Updated: 17.86 → 17.91 (CHANGED)
[2025-12-23 00:30:04]   [emp_id: 5282] ✓ Updated: 10.65 → 10.73 (CHANGED)
[2025-12-23 00:30:04]   [emp_id: 5285] ✓ Updated: 27.86 → 27.91 (CHANGED)
[2025-12-23 00:30:04]   [emp_id: 5286] ✓ Updated: 14.86 → 14.91 (CHANGED)
[2025-12-23 00:30:04]   [emp_id: 5287] ✓ Updated: 49.16 → 49.21 (CHANGED)
[2025-12-23 00:30:04]   [emp_id: 5288] ✓ Updated: 38.17 → 38.22 (CHANGED)
[2025-12-23 00:30:04]   [emp_id: 5289] ✓ Updated: 47.71 → 47.76 (CHANGED)
[2025-12-23 00:30:04]   [emp_id: 5290] ✓ Updated: 46.48 → 46.53 (CHANGED)
[2025-12-23 00:30:04]   [emp_id: 5291] ✓ Updated: 4.48 → 4.53 (CHANGED)
[2025-12-23 00:30:04]   [emp_id: 5292] ✓ Updated: 4.42 → 4.47 (CHANGED)
[2025-12-23 00:30:04]   [emp_id: 5293] ✓ Updated: 36.82 → 36.9 (CHANGED)
[2025-12-23 00:30:04]   [emp_id: 5294] ✓ Updated: 6.57 → 6.65 (CHANGED)
[2025-12-23 00:30:04]   [emp_id: 5295] ✓ Updated: 20.66 → 20.71 (CHANGED)
[2025-12-23 00:30:04]   [emp_id: 5296] ✓ Updated: 30.45 → 30.53 (CHANGED)
[2025-12-23 00:30:04]   [emp_id: 5297] ✓ Updated: 45.08 → 45.13 (CHANGED)
[2025-12-23 00:30:04]   [emp_id: 5298] ✓ Updated: 45.08 → 45.13 (CHANGED)
[2025-12-23 00:30:04]   [emp_id: 5299] ✓ Updated: 45.08 → 45.13 (CHANGED)
[2025-12-23 00:30:04]   [emp_id: 5300] ✓ Updated: 45.08 → 45.13 (CHANGED)
[2025-12-23 00:30:04]   [emp_id: 5301] ✓ Updated: 2.9 → 2.95 (CHANGED)
[2025-12-23 00:30:04]   [emp_id: 5303] ✓ Updated: 45.08 → 45.13 (CHANGED)
[2025-12-23 00:30:04]   [emp_id: 5304] ✓ Updated: 45.08 → 45.13 (CHANGED)
[2025-12-23 00:30:04]   [emp_id: 5305] ✓ Updated: 3.08 → 3.13 (CHANGED)
[2025-12-23 00:30:04]   [emp_id: 5306] ✓ Updated: 44.79 → 44.84 (CHANGED)
[2025-12-23 00:30:04]   [emp_id: 5307] ✓ Updated: 44.79 → 44.84 (CHANGED)
[2025-12-23 00:30:04]   [emp_id: 5312] ✓ Updated: 0.4 → 0.45 (CHANGED)
[2025-12-23 00:30:04]   [emp_id: 5318] ✓ Updated: 25.5 → 25.55 (CHANGED)
[2025-12-23 00:30:04]   [emp_id: 5325] ✓ Updated: 21.46 → 21.51 (CHANGED)
[2025-12-23 00:30:04]   [emp_id: 5327] ✓ Updated: 0.55 → 0.6 (CHANGED)
[2025-12-23 00:30:04]   [emp_id: 5337] ✓ Updated: 34.48 → 34.56 (CHANGED)
[2025-12-23 00:30:04]   [emp_id: 5339] ✓ Updated: 9.65 → 9.7 (CHANGED)
[2025-12-23 00:30:04]   [emp_id: 5343] ✓ Updated: 44.4 → 44.48 (CHANGED)
[2025-12-23 00:30:04]   [emp_id: 5343] ✓ Updated: 44.4 → 44.48 (CHANGED)
[2025-12-23 00:30:04]   [emp_id: 5345] ✓ Updated: 14.23 → 14.31 (CHANGED)
[2025-12-23 00:30:04]   [emp_id: 5346] ✓ Updated: 1.37 → 1.42 (CHANGED)
[2025-12-23 00:30:04]   [emp_id: 5351] ✓ Updated: 16.31 → 16.36 (CHANGED)
[2025-12-23 00:30:04]   [emp_id: 5352] ✓ Updated: 24.65 → 24.73 (CHANGED)
[2025-12-23 00:30:04]   [emp_id: 5370] ✓ Updated: 14.96 → 15.01 (CHANGED)
[2025-12-23 00:30:04]   [emp_id: 5371] ✓ Updated: 0.56 → 0.64 (CHANGED)
[2025-12-23 00:30:04]   [emp_id: 5376] ✓ Updated: 9.56 → 9.61 (CHANGED)
[2025-12-23 00:30:04]   [emp_id: 5378] ✓ Updated: 22.4 → 22.48 (CHANGED)
[2025-12-23 00:30:04]   [emp_id: 5380] ✓ Updated: 15.97 → 16.02 (CHANGED)
[2025-12-23 00:30:04]   [emp_id: 5381] ✓ Updated: 16.82 → 16.9 (CHANGED)
[2025-12-23 00:30:04]   [emp_id: 5383] ✓ Updated: 15.23 → 15.31 (CHANGED)
[2025-12-23 00:30:04]   [emp_id: 5388] ✓ Updated: 26.75 → 26.8 (CHANGED)
[2025-12-23 00:30:04]   [emp_id: 5396] ✓ Updated: 27.99 → 28.04 (CHANGED)
[2025-12-23 00:30:04]   [emp_id: 5397] ✓ Updated: 24.2 → 24.25 (CHANGED)
[2025-12-23 00:30:04]   [emp_id: 5401] ✓ Updated: 22.56 → 22.61 (CHANGED)
[2025-12-23 00:30:04]   [emp_id: 5402] ✓ Updated: 22.68 → 22.73 (CHANGED)
[2025-12-23 00:30:04]   [emp_id: 5406] ✓ Updated: 21.4 → 21.45 (CHANGED)
[2025-12-23 00:30:04]   [emp_id: 5407] ✓ Updated: 23.9 → 23.98 (CHANGED)
[2025-12-23 00:30:04]   [emp_id: 5409] ✓ Updated: 15.74 → 15.79 (CHANGED)
[2025-12-23 00:30:04]   [emp_id: 5413] ✓ Updated: 27.4 → 27.48 (CHANGED)
[2025-12-23 00:30:04]   [emp_id: 5414] ✓ Updated: 27.07 → 27.15 (CHANGED)
[2025-12-23 00:30:04]   [emp_id: 5415] ✓ Updated: 17.9 → 17.98 (CHANGED)
[2025-12-23 00:30:04]   [emp_id: 5418] ✓ Updated: 12.52 → 12.57 (CHANGED)
[2025-12-23 00:30:04]   [emp_id: 5422] ✓ Updated: 19.73 → 19.81 (CHANGED)
[2025-12-23 00:30:04]   [emp_id: 5423] ✓ Updated: 16.32 → 16.4 (CHANGED)
[2025-12-23 00:30:04]   [emp_id: 5423] ✓ Updated: 16.32 → 16.4 (CHANGED)
[2025-12-23 00:30:04]   [emp_id: 5423] ✓ Updated: 16.32 → 16.4 (CHANGED)
[2025-12-23 00:30:04]   [emp_id: 5424] ✓ Updated: 13.35 → 13.4 (CHANGED)
[2025-12-23 00:30:04]   [emp_id: 5425] ✓ Updated: 13.35 → 13.4 (CHANGED)
[2025-12-23 00:30:04]   [emp_id: 5426] ✓ Updated: 2.97 → 3.05 (CHANGED)
[2025-12-23 00:30:04]   [emp_id: 5426] ✓ Updated: 2.97 → 3.05 (CHANGED)
[2025-12-23 00:30:04]   [emp_id: 5427] ✓ Updated: 13.46 → 13.51 (CHANGED)
[2025-12-23 00:30:04]   [emp_id: 5428] ✓ Updated: 13.35 → 13.4 (CHANGED)
[2025-12-23 00:30:04]   [emp_id: 5430] ✓ Updated: 1.73 → 1.81 (CHANGED)
[2025-12-23 00:30:04]   [emp_id: 5431] ✓ Updated: 12.47 → 12.52 (CHANGED)
[2025-12-23 00:30:04]   [emp_id: 5434] ✓ Updated: 12.24 → 12.29 (CHANGED)
[2025-12-23 00:30:04]   [emp_id: 5435] ✓ Updated: 12.18 → 12.23 (CHANGED)
[2025-12-23 00:30:04]   [emp_id: 5436] ✓ Updated: 12.18 → 12.23 (CHANGED)
[2025-12-23 00:30:04]   [emp_id: 5438] ✓ Updated: 14.65 → 14.73 (CHANGED)
[2025-12-23 00:30:04]   [emp_id: 5439] ✓ Updated: 24.15 → 24.23 (CHANGED)
[2025-12-23 00:30:04]   [emp_id: 5442] ✓ Updated: 13.15 → 13.23 (CHANGED)
[2025-12-23 00:30:04]   [emp_id: 5443] ✓ Updated: 7.86 → 7.91 (CHANGED)
[2025-12-23 00:30:04]   [emp_id: 5445] ✓ Updated: 6.64 → 6.69 (CHANGED)
[2025-12-23 00:30:04]   [emp_id: 5446] ✓ Updated: 6.64 → 6.69 (CHANGED)
[2025-12-23 00:30:04]   [emp_id: 5447] ✓ Updated: 6.58 → 6.63 (CHANGED)
[2025-12-23 00:30:04]   [emp_id: 5448] ✓ Updated: 0.68 → 0.76 (CHANGED)
[2025-12-23 00:30:04]   [emp_id: 5449] ✓ Updated: 4.66 → 4.71 (CHANGED)
[2025-12-23 00:30:04]   [emp_id: 5450] ✓ Updated: 4.6 → 4.65 (CHANGED)
[2025-12-23 00:30:04]   [emp_id: 5451] ✓ Updated: 4.6 → 4.65 (CHANGED)
[2025-12-23 00:30:04]   [emp_id: 5454] ✓ Updated: 6.23 → 6.31 (CHANGED)
[2025-12-23 00:30:04]   [emp_id: 5455] ✓ Updated: 4.48 → 4.56 (CHANGED)
[2025-12-23 00:30:04]   [emp_id: 5456] ✓ Updated: 5.48 → 5.56 (CHANGED)
[2025-12-23 00:30:04] 
[2025-12-23 00:30:04] ========== SUMMARY ==========
[2025-12-23 00:30:04] Total employees processed: 433
[2025-12-23 00:30:04] Records updated: 433
[2025-12-23 00:30:04] Balances changed: 433
[2025-12-23 00:30:04] Errors: 0
[2025-12-23 00:30:04] ========== CRON: Vacation Balance Update Completed ==========
[2025-12-23 00:30:04] 
[2025-12-23 08:00:11] ========== CRON: Vacation Balance Update Started ==========
[2025-12-23 08:00:11] Database connection established
[2025-12-23 08:00:11] Found 433 active employees with balance records to update
[2025-12-23 08:00:11] (Only employees with status=1 will be processed)
[2025-12-23 08:00:11]   [emp_id: 1061] SKIPPED: Already updated today (2025-12-23 03:00:02)
[2025-12-23 08:00:11]   [emp_id: 1496] SKIPPED: Already updated today (2025-12-23 03:00:02)
[2025-12-23 08:00:11]   [emp_id: 1500] SKIPPED: Already updated today (2025-12-23 03:00:02)
[2025-12-23 08:00:11]   [emp_id: 1574] SKIPPED: Already updated today (2025-12-23 03:00:02)
[2025-12-23 08:00:11]   [emp_id: 1673] SKIPPED: Already updated today (2025-12-23 03:00:02)
[2025-12-23 08:00:11]   [emp_id: 1685] SKIPPED: Already updated today (2025-12-23 03:00:02)
[2025-12-23 08:00:11]   [emp_id: 1764] SKIPPED: Already updated today (2025-12-23 03:00:02)
[2025-12-23 08:00:11]   [emp_id: 1805] SKIPPED: Already updated today (2025-12-23 03:00:02)
[2025-12-23 08:00:11]   [emp_id: 1822] SKIPPED: Already updated today (2025-12-23 03:00:02)
[2025-12-23 08:00:11]   [emp_id: 1837] SKIPPED: Already updated today (2025-12-23 03:00:02)
[2025-12-23 08:00:11]   [emp_id: 1857] SKIPPED: Already updated today (2025-12-23 03:00:02)
[2025-12-23 08:00:11]   [emp_id: 1861] SKIPPED: Already updated today (2025-12-23 03:00:02)
[2025-12-23 08:00:11]   [emp_id: 1872] SKIPPED: Already updated today (2025-12-23 03:00:02)
[2025-12-23 08:00:11]   [emp_id: 1897] SKIPPED: Already updated today (2025-12-23 03:00:02)
[2025-12-23 08:00:11]   [emp_id: 1916] SKIPPED: Already updated today (2025-12-23 03:00:02)
[2025-12-23 08:00:11]   [emp_id: 1928] SKIPPED: Already updated today (2025-12-23 03:00:02)
[2025-12-23 08:00:11]   [emp_id: 1931] SKIPPED: Already updated today (2025-12-23 03:00:02)
[2025-12-23 08:00:11]   [emp_id: 1944] SKIPPED: Already updated today (2025-12-23 03:00:02)
[2025-12-23 08:00:11]   [emp_id: 1996] SKIPPED: Already updated today (2025-12-23 03:00:02)
[2025-12-23 08:00:11]   [emp_id: 1997] SKIPPED: Already updated today (2025-12-23 03:00:02)
[2025-12-23 08:00:11]   [emp_id: 1998] SKIPPED: Already updated today (2025-12-23 03:00:02)
[2025-12-23 08:00:11]   [emp_id: 1999] SKIPPED: Already updated today (2025-12-23 03:00:02)
[2025-12-23 08:00:11]   [emp_id: 2009] SKIPPED: Already updated today (2025-12-23 03:00:02)
[2025-12-23 08:00:11]   [emp_id: 2048] SKIPPED: Already updated today (2025-12-23 03:00:02)
[2025-12-23 08:00:11]   [emp_id: 2057] SKIPPED: Already updated today (2025-12-23 03:00:02)
[2025-12-23 08:00:11]   [emp_id: 2079] SKIPPED: Already updated today (2025-12-23 03:00:02)
[2025-12-23 08:00:11]   [emp_id: 2181] SKIPPED: Already updated today (2025-12-23 03:00:02)
[2025-12-23 08:00:11]   [emp_id: 2190] SKIPPED: Already updated today (2025-12-23 03:00:02)
[2025-12-23 08:00:11]   [emp_id: 2212] SKIPPED: Already updated today (2025-12-23 03:00:02)
[2025-12-23 08:00:11]   [emp_id: 2226] SKIPPED: Already updated today (2025-12-23 03:00:02)
[2025-12-23 08:00:11]   [emp_id: 2238] SKIPPED: Already updated today (2025-12-23 03:00:02)
[2025-12-23 08:00:11]   [emp_id: 2285] SKIPPED: Already updated today (2025-12-23 03:00:02)
[2025-12-23 08:00:11]   [emp_id: 2287] SKIPPED: Already updated today (2025-12-23 03:00:02)
[2025-12-23 08:00:11]   [emp_id: 2288] SKIPPED: Already updated today (2025-12-23 03:00:02)
[2025-12-23 08:00:11]   [emp_id: 2316] SKIPPED: Already updated today (2025-12-23 03:00:02)
[2025-12-23 08:00:11]   [emp_id: 2337] SKIPPED: Already updated today (2025-12-23 03:00:02)
[2025-12-23 08:00:11]   [emp_id: 2352] SKIPPED: Already updated today (2025-12-23 03:00:02)
[2025-12-23 08:00:11]   [emp_id: 2358] SKIPPED: Already updated today (2025-12-23 03:00:02)
[2025-12-23 08:00:11]   [emp_id: 2361] SKIPPED: Already updated today (2025-12-23 03:00:02)
[2025-12-23 08:00:11]   [emp_id: 2363] SKIPPED: Already updated today (2025-12-23 03:00:02)
[2025-12-23 08:00:11]   [emp_id: 2364] SKIPPED: Already updated today (2025-12-23 03:00:02)
[2025-12-23 08:00:11]   [emp_id: 2367] SKIPPED: Already updated today (2025-12-23 03:00:02)
[2025-12-23 08:00:11]   [emp_id: 2368] SKIPPED: Already updated today (2025-12-23 03:00:02)
[2025-12-23 08:00:11]   [emp_id: 2372] SKIPPED: Already updated today (2025-12-23 03:00:02)
[2025-12-23 08:00:11]   [emp_id: 2376] SKIPPED: Already updated today (2025-12-23 03:00:02)
[2025-12-23 08:00:11]   [emp_id: 2423] SKIPPED: Already updated today (2025-12-23 03:00:02)
[2025-12-23 08:00:11]   [emp_id: 2519] SKIPPED: Already updated today (2025-12-23 03:00:02)
[2025-12-23 08:00:11]   [emp_id: 2522] SKIPPED: Already updated today (2025-12-23 03:00:02)
[2025-12-23 08:00:11]   [emp_id: 2530] SKIPPED: Already updated today (2025-12-23 03:00:02)
[2025-12-23 08:00:11]   [emp_id: 2539] SKIPPED: Already updated today (2025-12-23 03:00:02)
[2025-12-23 08:00:11]   [emp_id: 2541] SKIPPED: Already updated today (2025-12-23 03:00:02)
[2025-12-23 08:00:11]   [emp_id: 2550] SKIPPED: Already updated today (2025-12-23 03:00:02)
[2025-12-23 08:00:11]   [emp_id: 2553] SKIPPED: Already updated today (2025-12-23 03:00:02)
[2025-12-23 08:00:11]   [emp_id: 2554] SKIPPED: Already updated today (2025-12-23 03:00:02)
[2025-12-23 08:00:11]   [emp_id: 2565] SKIPPED: Already updated today (2025-12-23 03:00:02)
[2025-12-23 08:00:11]   [emp_id: 2572] SKIPPED: Already updated today (2025-12-23 03:00:02)
[2025-12-23 08:00:11]   [emp_id: 2637] SKIPPED: Already updated today (2025-12-23 03:00:02)
[2025-12-23 08:00:11]   [emp_id: 2642] SKIPPED: Already updated today (2025-12-23 03:00:02)
[2025-12-23 08:00:11]   [emp_id: 2645] SKIPPED: Already updated today (2025-12-23 03:00:02)
[2025-12-23 08:00:11]   [emp_id: 2648] SKIPPED: Already updated today (2025-12-23 03:00:02)
[2025-12-23 08:00:11]   [emp_id: 2654] SKIPPED: Already updated today (2025-12-23 03:00:02)
[2025-12-23 08:00:11]   [emp_id: 2688] SKIPPED: Already updated today (2025-12-23 03:00:02)
[2025-12-23 08:00:11]   [emp_id: 2690] SKIPPED: Already updated today (2025-12-23 03:00:02)
[2025-12-23 08:00:11]   [emp_id: 2709] SKIPPED: Already updated today (2025-12-23 03:00:02)
[2025-12-23 08:00:11]   [emp_id: 2745] SKIPPED: Already updated today (2025-12-23 03:00:02)
[2025-12-23 08:00:11]   [emp_id: 2843] SKIPPED: Already updated today (2025-12-23 03:00:02)
[2025-12-23 08:00:11]   [emp_id: 2854] SKIPPED: Already updated today (2025-12-23 03:00:02)
[2025-12-23 08:00:11]   [emp_id: 2869] SKIPPED: Already updated today (2025-12-23 03:00:02)
[2025-12-23 08:00:11]   [emp_id: 2876] SKIPPED: Already updated today (2025-12-23 03:00:02)
[2025-12-23 08:00:11]   [emp_id: 2924] SKIPPED: Already updated today (2025-12-23 03:00:02)
[2025-12-23 08:00:11]   [emp_id: 2953] SKIPPED: Already updated today (2025-12-23 03:00:02)
[2025-12-23 08:00:11]   [emp_id: 2961] SKIPPED: Already updated today (2025-12-23 03:00:02)
[2025-12-23 08:00:11]   [emp_id: 2975] SKIPPED: Already updated today (2025-12-23 03:00:02)
[2025-12-23 08:00:11]   [emp_id: 3013] SKIPPED: Already updated today (2025-12-23 03:00:02)
[2025-12-23 08:00:11]   [emp_id: 3014] SKIPPED: Already updated today (2025-12-23 03:00:02)
[2025-12-23 08:00:11]   [emp_id: 3015] SKIPPED: Already updated today (2025-12-23 03:00:02)
[2025-12-23 08:00:11]   [emp_id: 3018] SKIPPED: Already updated today (2025-12-23 03:00:02)
[2025-12-23 08:00:11]   [emp_id: 3025] SKIPPED: Already updated today (2025-12-23 03:00:02)
[2025-12-23 08:00:11]   [emp_id: 3037] SKIPPED: Already updated today (2025-12-23 03:00:02)
[2025-12-23 08:00:11]   [emp_id: 3047] SKIPPED: Already updated today (2025-12-23 03:00:02)
[2025-12-23 08:00:11]   [emp_id: 3061] SKIPPED: Already updated today (2025-12-23 03:00:02)
[2025-12-23 08:00:11]   [emp_id: 3062] SKIPPED: Already updated today (2025-12-23 03:00:02)
[2025-12-23 08:00:11]   [emp_id: 3074] SKIPPED: Already updated today (2025-12-23 03:00:02)
[2025-12-23 08:00:11]   [emp_id: 3089] SKIPPED: Already updated today (2025-12-23 03:00:02)
[2025-12-23 08:00:11]   [emp_id: 3090] SKIPPED: Already updated today (2025-12-23 03:00:02)
[2025-12-23 08:00:11]   [emp_id: 3091] SKIPPED: Already updated today (2025-12-23 03:00:02)
[2025-12-23 08:00:11]   [emp_id: 3092] SKIPPED: Already updated today (2025-12-23 03:00:02)
[2025-12-23 08:00:11]   [emp_id: 3105] SKIPPED: Already updated today (2025-12-23 03:00:02)
[2025-12-23 08:00:11]   [emp_id: 3134] SKIPPED: Already updated today (2025-12-23 03:00:02)
[2025-12-23 08:00:11]   [emp_id: 3140] SKIPPED: Already updated today (2025-12-23 03:00:02)
[2025-12-23 08:00:11]   [emp_id: 3144] SKIPPED: Already updated today (2025-12-23 03:00:02)
[2025-12-23 08:00:11]   [emp_id: 3156] SKIPPED: Already updated today (2025-12-23 03:00:02)
[2025-12-23 08:00:11]   [emp_id: 3162] SKIPPED: Already updated today (2025-12-23 03:00:02)
[2025-12-23 08:00:11]   [emp_id: 3163] SKIPPED: Already updated today (2025-12-23 03:00:02)
[2025-12-23 08:00:11]   [emp_id: 3198] SKIPPED: Already updated today (2025-12-23 03:00:02)
[2025-12-23 08:00:11]   [emp_id: 3205] SKIPPED: Already updated today (2025-12-23 03:00:02)
[2025-12-23 08:00:11]   [emp_id: 3209] SKIPPED: Already updated today (2025-12-23 03:00:02)
[2025-12-23 08:00:11]   [emp_id: 3223] SKIPPED: Already updated today (2025-12-23 03:00:02)
[2025-12-23 08:00:11]   [emp_id: 3224] SKIPPED: Already updated today (2025-12-23 03:00:02)
[2025-12-23 08:00:11]   [emp_id: 3230] SKIPPED: Already updated today (2025-12-23 03:00:02)
[2025-12-23 08:00:11]   [emp_id: 3231] SKIPPED: Already updated today (2025-12-23 03:00:02)
[2025-12-23 08:00:11]   [emp_id: 3233] SKIPPED: Already updated today (2025-12-23 03:00:02)
[2025-12-23 08:00:11]   [emp_id: 3249] SKIPPED: Already updated today (2025-12-23 03:00:02)
[2025-12-23 08:00:11]   [emp_id: 3250] SKIPPED: Already updated today (2025-12-23 03:00:02)
[2025-12-23 08:00:11]   [emp_id: 3252] SKIPPED: Already updated today (2025-12-23 03:00:02)
[2025-12-23 08:00:11]   [emp_id: 3254] SKIPPED: Already updated today (2025-12-23 03:00:02)
[2025-12-23 08:00:11]   [emp_id: 3255] SKIPPED: Already updated today (2025-12-23 03:00:02)
[2025-12-23 08:00:11]   [emp_id: 3256] SKIPPED: Already updated today (2025-12-23 03:00:02)
[2025-12-23 08:00:11]   [emp_id: 3263] SKIPPED: Already updated today (2025-12-23 03:00:02)
[2025-12-23 08:00:11]   [emp_id: 3265] SKIPPED: Already updated today (2025-12-23 03:00:02)
[2025-12-23 08:00:11]   [emp_id: 3280] SKIPPED: Already updated today (2025-12-23 03:00:02)
[2025-12-23 08:00:11]   [emp_id: 3286] SKIPPED: Already updated today (2025-12-23 03:00:02)
[2025-12-23 08:00:11]   [emp_id: 3294] SKIPPED: Already updated today (2025-12-23 03:00:02)
[2025-12-23 08:00:11]   [emp_id: 3321] SKIPPED: Already updated today (2025-12-23 03:00:02)
[2025-12-23 08:00:11]   [emp_id: 3325] SKIPPED: Already updated today (2025-12-23 03:00:02)
[2025-12-23 08:00:11]   [emp_id: 3329] SKIPPED: Already updated today (2025-12-23 03:00:02)
[2025-12-23 08:00:11]   [emp_id: 3330] SKIPPED: Already updated today (2025-12-23 03:00:02)
[2025-12-23 08:00:11]   [emp_id: 3332] SKIPPED: Already updated today (2025-12-23 03:00:02)
[2025-12-23 08:00:11]   [emp_id: 3370] SKIPPED: Already updated today (2025-12-23 03:00:02)
[2025-12-23 08:00:11]   [emp_id: 3384] SKIPPED: Already updated today (2025-12-23 03:00:02)
[2025-12-23 08:00:11]   [emp_id: 3386] SKIPPED: Already updated today (2025-12-23 03:00:02)
[2025-12-23 08:00:11]   [emp_id: 3431] SKIPPED: Already updated today (2025-12-23 03:00:02)
[2025-12-23 08:00:11]   [emp_id: 3497] SKIPPED: Already updated today (2025-12-23 03:00:02)
[2025-12-23 08:00:11]   [emp_id: 3532] SKIPPED: Already updated today (2025-12-23 03:00:02)
[2025-12-23 08:00:11]   [emp_id: 3586] SKIPPED: Already updated today (2025-12-23 03:00:02)
[2025-12-23 08:00:11]   [emp_id: 3602] SKIPPED: Already updated today (2025-12-23 03:00:02)
[2025-12-23 08:00:11]   [emp_id: 3618] SKIPPED: Already updated today (2025-12-23 03:00:02)
[2025-12-23 08:00:11]   [emp_id: 3622] SKIPPED: Already updated today (2025-12-23 03:00:02)
[2025-12-23 08:00:11]   [emp_id: 3627] SKIPPED: Already updated today (2025-12-23 03:00:02)
[2025-12-23 08:00:11]   [emp_id: 3665] SKIPPED: Already updated today (2025-12-23 03:00:02)
[2025-12-23 08:00:11]   [emp_id: 3705] SKIPPED: Already updated today (2025-12-23 03:00:02)
[2025-12-23 08:00:11]   [emp_id: 3724] SKIPPED: Already updated today (2025-12-23 03:00:02)
[2025-12-23 08:00:11]   [emp_id: 3726] SKIPPED: Already updated today (2025-12-23 03:00:02)
[2025-12-23 08:00:11]   [emp_id: 3727] SKIPPED: Already updated today (2025-12-23 03:00:02)
[2025-12-23 08:00:11]   [emp_id: 3728] SKIPPED: Already updated today (2025-12-23 03:00:02)
[2025-12-23 08:00:11]   [emp_id: 3742] SKIPPED: Already updated today (2025-12-23 03:00:02)
[2025-12-23 08:00:11]   [emp_id: 3767] SKIPPED: Already updated today (2025-12-23 03:00:02)
[2025-12-23 08:00:11]   [emp_id: 3768] SKIPPED: Already updated today (2025-12-23 03:00:02)
[2025-12-23 08:00:11]   [emp_id: 3787] SKIPPED: Already updated today (2025-12-23 03:00:02)
[2025-12-23 08:00:11]   [emp_id: 3790] SKIPPED: Already updated today (2025-12-23 03:00:02)
[2025-12-23 08:00:11]   [emp_id: 3795] SKIPPED: Already updated today (2025-12-23 03:00:02)
[2025-12-23 08:00:11]   [emp_id: 3798] SKIPPED: Already updated today (2025-12-23 03:00:02)
[2025-12-23 08:00:11]   [emp_id: 3801] SKIPPED: Already updated today (2025-12-23 03:00:02)
[2025-12-23 08:00:11]   [emp_id: 3802] SKIPPED: Already updated today (2025-12-23 03:00:02)
[2025-12-23 08:00:11]   [emp_id: 3803] SKIPPED: Already updated today (2025-12-23 03:00:02)
[2025-12-23 08:00:11]   [emp_id: 3810] SKIPPED: Already updated today (2025-12-23 03:00:02)
[2025-12-23 08:00:11]   [emp_id: 3812] SKIPPED: Already updated today (2025-12-23 03:00:02)
[2025-12-23 08:00:11]   [emp_id: 3815] SKIPPED: Already updated today (2025-12-23 03:00:02)
[2025-12-23 08:00:11]   [emp_id: 3836] SKIPPED: Already updated today (2025-12-23 03:00:02)
[2025-12-23 08:00:11]   [emp_id: 3855] SKIPPED: Already updated today (2025-12-23 03:00:02)
[2025-12-23 08:00:11]   [emp_id: 3857] SKIPPED: Already updated today (2025-12-23 03:00:02)
[2025-12-23 08:00:11]   [emp_id: 3862] SKIPPED: Already updated today (2025-12-23 03:00:02)
[2025-12-23 08:00:11]   [emp_id: 3866] SKIPPED: Already updated today (2025-12-23 03:00:02)
[2025-12-23 08:00:11]   [emp_id: 3876] SKIPPED: Already updated today (2025-12-23 03:00:02)
[2025-12-23 08:00:11]   [emp_id: 3877] SKIPPED: Already updated today (2025-12-23 03:00:02)
[2025-12-23 08:00:11]   [emp_id: 3897] SKIPPED: Already updated today (2025-12-23 03:00:02)
[2025-12-23 08:00:11]   [emp_id: 3899] SKIPPED: Already updated today (2025-12-23 03:00:03)
[2025-12-23 08:00:11]   [emp_id: 3928] SKIPPED: Already updated today (2025-12-23 03:00:03)
[2025-12-23 08:00:11]   [emp_id: 3929] SKIPPED: Already updated today (2025-12-23 03:00:03)
[2025-12-23 08:00:11]   [emp_id: 3935] SKIPPED: Already updated today (2025-12-23 03:00:03)
[2025-12-23 08:00:11]   [emp_id: 3952] SKIPPED: Already updated today (2025-12-23 03:00:03)
[2025-12-23 08:00:11]   [emp_id: 3987] SKIPPED: Already updated today (2025-12-23 03:00:03)
[2025-12-23 08:00:11]   [emp_id: 4059] SKIPPED: Already updated today (2025-12-23 03:00:03)
[2025-12-23 08:00:11]   [emp_id: 4119] SKIPPED: Already updated today (2025-12-23 03:00:03)
[2025-12-23 08:00:11]   [emp_id: 4120] SKIPPED: Already updated today (2025-12-23 03:00:03)
[2025-12-23 08:00:11]   [emp_id: 4124] SKIPPED: Already updated today (2025-12-23 03:00:03)
[2025-12-23 08:00:11]   [emp_id: 4133] SKIPPED: Already updated today (2025-12-23 03:00:03)
[2025-12-23 08:00:11]   [emp_id: 4134] SKIPPED: Already updated today (2025-12-23 03:00:03)
[2025-12-23 08:00:11]   [emp_id: 4136] SKIPPED: Already updated today (2025-12-23 03:00:03)
[2025-12-23 08:00:11]   [emp_id: 4150] SKIPPED: Already updated today (2025-12-23 03:00:03)
[2025-12-23 08:00:11]   [emp_id: 4157] SKIPPED: Already updated today (2025-12-23 03:00:03)
[2025-12-23 08:00:11]   [emp_id: 4172] SKIPPED: Already updated today (2025-12-23 03:00:03)
[2025-12-23 08:00:11]   [emp_id: 4195] SKIPPED: Already updated today (2025-12-23 03:00:03)
[2025-12-23 08:00:11]   [emp_id: 4215] SKIPPED: Already updated today (2025-12-23 03:00:03)
[2025-12-23 08:00:11]   [emp_id: 4220] SKIPPED: Already updated today (2025-12-23 03:00:03)
[2025-12-23 08:00:11]   [emp_id: 4273] SKIPPED: Already updated today (2025-12-23 03:00:03)
[2025-12-23 08:00:11]   [emp_id: 4283] SKIPPED: Already updated today (2025-12-23 03:00:03)
[2025-12-23 08:00:11]   [emp_id: 4288] SKIPPED: Already updated today (2025-12-23 03:00:03)
[2025-12-23 08:00:11]   [emp_id: 4315] SKIPPED: Already updated today (2025-12-23 03:00:03)
[2025-12-23 08:00:11]   [emp_id: 4328] SKIPPED: Already updated today (2025-12-23 03:00:03)
[2025-12-23 08:00:11]   [emp_id: 4329] SKIPPED: Already updated today (2025-12-23 03:00:03)
[2025-12-23 08:00:11]   [emp_id: 4338] SKIPPED: Already updated today (2025-12-23 03:00:03)
[2025-12-23 08:00:11]   [emp_id: 4340] SKIPPED: Already updated today (2025-12-23 03:00:03)
[2025-12-23 08:00:11]   [emp_id: 4365] SKIPPED: Already updated today (2025-12-23 03:00:03)
[2025-12-23 08:00:11]   [emp_id: 4366] SKIPPED: Already updated today (2025-12-23 03:00:03)
[2025-12-23 08:00:11]   [emp_id: 4403] SKIPPED: Already updated today (2025-12-23 03:00:03)
[2025-12-23 08:00:11]   [emp_id: 4438] SKIPPED: Already updated today (2025-12-23 03:00:03)
[2025-12-23 08:00:11]   [emp_id: 4465] SKIPPED: Already updated today (2025-12-23 03:00:03)
[2025-12-23 08:00:11]   [emp_id: 4473] SKIPPED: Already updated today (2025-12-23 03:00:03)
[2025-12-23 08:00:11]   [emp_id: 4474] SKIPPED: Already updated today (2025-12-23 03:00:03)
[2025-12-23 08:00:11]   [emp_id: 4493] SKIPPED: Already updated today (2025-12-23 03:00:03)
[2025-12-23 08:00:11]   [emp_id: 4526] SKIPPED: Already updated today (2025-12-23 03:00:03)
[2025-12-23 08:00:11]   [emp_id: 4528] SKIPPED: Already updated today (2025-12-23 03:00:03)
[2025-12-23 08:00:11]   [emp_id: 4528] SKIPPED: Already updated today (2025-12-23 03:00:03)
[2025-12-23 08:00:11]   [emp_id: 4532] SKIPPED: Already updated today (2025-12-23 03:00:03)
[2025-12-23 08:00:11]   [emp_id: 4533] SKIPPED: Already updated today (2025-12-23 03:00:03)
[2025-12-23 08:00:11]   [emp_id: 4564] SKIPPED: Already updated today (2025-12-23 03:00:03)
[2025-12-23 08:00:11]   [emp_id: 4565] SKIPPED: Already updated today (2025-12-23 03:00:03)
[2025-12-23 08:00:11]   [emp_id: 4567] SKIPPED: Already updated today (2025-12-23 03:00:03)
[2025-12-23 08:00:11]   [emp_id: 4572] SKIPPED: Already updated today (2025-12-23 03:00:03)
[2025-12-23 08:00:11]   [emp_id: 4631] SKIPPED: Already updated today (2025-12-23 03:00:03)
[2025-12-23 08:00:11]   [emp_id: 4655] SKIPPED: Already updated today (2025-12-23 03:00:03)
[2025-12-23 08:00:11]   [emp_id: 4689] SKIPPED: Already updated today (2025-12-23 03:00:03)
[2025-12-23 08:00:11]   [emp_id: 4709] SKIPPED: Already updated today (2025-12-23 03:00:03)
[2025-12-23 08:00:11]   [emp_id: 4717] SKIPPED: Already updated today (2025-12-23 03:00:03)
[2025-12-23 08:00:11]   [emp_id: 4736] SKIPPED: Already updated today (2025-12-23 03:00:03)
[2025-12-23 08:00:11]   [emp_id: 4756] SKIPPED: Already updated today (2025-12-23 03:00:03)
[2025-12-23 08:00:11]   [emp_id: 4768] SKIPPED: Already updated today (2025-12-23 03:00:03)
[2025-12-23 08:00:11]   [emp_id: 4780] SKIPPED: Already updated today (2025-12-23 03:00:03)
[2025-12-23 08:00:11]   [emp_id: 4820] SKIPPED: Already updated today (2025-12-23 03:00:03)
[2025-12-23 08:00:11]   [emp_id: 4825] SKIPPED: Already updated today (2025-12-23 03:00:03)
[2025-12-23 08:00:11]   [emp_id: 4835] SKIPPED: Already updated today (2025-12-23 03:00:03)
[2025-12-23 08:00:11]   [emp_id: 4837] SKIPPED: Already updated today (2025-12-23 03:00:03)
[2025-12-23 08:00:11]   [emp_id: 4838] SKIPPED: Already updated today (2025-12-23 03:00:03)
[2025-12-23 08:00:11]   [emp_id: 4840] SKIPPED: Already updated today (2025-12-23 03:00:03)
[2025-12-23 08:00:11]   [emp_id: 4842] SKIPPED: Already updated today (2025-12-23 03:00:03)
[2025-12-23 08:00:11]   [emp_id: 4843] SKIPPED: Already updated today (2025-12-23 03:00:03)
[2025-12-23 08:00:11]   [emp_id: 4853] SKIPPED: Already updated today (2025-12-23 03:00:03)
[2025-12-23 08:00:11]   [emp_id: 4856] SKIPPED: Already updated today (2025-12-23 03:00:03)
[2025-12-23 08:00:11]   [emp_id: 4857] SKIPPED: Already updated today (2025-12-23 03:00:03)
[2025-12-23 08:00:11]   [emp_id: 4858] SKIPPED: Already updated today (2025-12-23 03:00:03)
[2025-12-23 08:00:11]   [emp_id: 4859] SKIPPED: Already updated today (2025-12-23 03:00:03)
[2025-12-23 08:00:11]   [emp_id: 4860] SKIPPED: Already updated today (2025-12-23 03:00:03)
[2025-12-23 08:00:11]   [emp_id: 4861] SKIPPED: Already updated today (2025-12-23 03:00:03)
[2025-12-23 08:00:11]   [emp_id: 4869] SKIPPED: Already updated today (2025-12-23 03:00:03)
[2025-12-23 08:00:11]   [emp_id: 4894] SKIPPED: Already updated today (2025-12-23 03:00:03)
[2025-12-23 08:00:11]   [emp_id: 4897] SKIPPED: Already updated today (2025-12-23 03:00:03)
[2025-12-23 08:00:11]   [emp_id: 4899] SKIPPED: Already updated today (2025-12-23 03:00:03)
[2025-12-23 08:00:11]   [emp_id: 4902] SKIPPED: Already updated today (2025-12-23 03:00:03)
[2025-12-23 08:00:11]   [emp_id: 4903] SKIPPED: Already updated today (2025-12-23 03:00:03)
[2025-12-23 08:00:11]   [emp_id: 4905] SKIPPED: Already updated today (2025-12-23 03:00:03)
[2025-12-23 08:00:11]   [emp_id: 4907] SKIPPED: Already updated today (2025-12-23 03:00:03)
[2025-12-23 08:00:11]   [emp_id: 4917] SKIPPED: Already updated today (2025-12-23 03:00:03)
[2025-12-23 08:00:11]   [emp_id: 4918] SKIPPED: Already updated today (2025-12-23 03:00:03)
[2025-12-23 08:00:11]   [emp_id: 4919] SKIPPED: Already updated today (2025-12-23 03:00:03)
[2025-12-23 08:00:11]   [emp_id: 4920] SKIPPED: Already updated today (2025-12-23 03:00:03)
[2025-12-23 08:00:11]   [emp_id: 4921] SKIPPED: Already updated today (2025-12-23 03:00:03)
[2025-12-23 08:00:11]   [emp_id: 4927] SKIPPED: Already updated today (2025-12-23 03:00:03)
[2025-12-23 08:00:11]   [emp_id: 4929] SKIPPED: Already updated today (2025-12-23 03:00:03)
[2025-12-23 08:00:11]   [emp_id: 4930] SKIPPED: Already updated today (2025-12-23 03:00:03)
[2025-12-23 08:00:11]   [emp_id: 4932] SKIPPED: Already updated today (2025-12-23 03:00:03)
[2025-12-23 08:00:11]   [emp_id: 4933] SKIPPED: Already updated today (2025-12-23 03:00:03)
[2025-12-23 08:00:11]   [emp_id: 4949] SKIPPED: Already updated today (2025-12-23 03:00:03)
[2025-12-23 08:00:11]   [emp_id: 4956] SKIPPED: Already updated today (2025-12-23 03:00:03)
[2025-12-23 08:00:11]   [emp_id: 4957] SKIPPED: Already updated today (2025-12-23 03:00:03)
[2025-12-23 08:00:11]   [emp_id: 4962] SKIPPED: Already updated today (2025-12-23 03:00:03)
[2025-12-23 08:00:11]   [emp_id: 4969] SKIPPED: Already updated today (2025-12-23 03:00:03)
[2025-12-23 08:00:11]   [emp_id: 4976] SKIPPED: Already updated today (2025-12-23 03:00:03)
[2025-12-23 08:00:11]   [emp_id: 4984] SKIPPED: Already updated today (2025-12-23 03:00:03)
[2025-12-23 08:00:11]   [emp_id: 4995] SKIPPED: Already updated today (2025-12-23 03:00:03)
[2025-12-23 08:00:11]   [emp_id: 5004] SKIPPED: Already updated today (2025-12-23 03:00:03)
[2025-12-23 08:00:11]   [emp_id: 5006] SKIPPED: Already updated today (2025-12-23 03:00:03)
[2025-12-23 08:00:11]   [emp_id: 5011] SKIPPED: Already updated today (2025-12-23 03:00:03)
[2025-12-23 08:00:11]   [emp_id: 5013] SKIPPED: Already updated today (2025-12-23 03:00:03)
[2025-12-23 08:00:11]   [emp_id: 5018] SKIPPED: Already updated today (2025-12-23 03:00:03)
[2025-12-23 08:00:11]   [emp_id: 5021] SKIPPED: Already updated today (2025-12-23 03:00:03)
[2025-12-23 08:00:11]   [emp_id: 5021] SKIPPED: Already updated today (2025-12-23 03:00:03)
[2025-12-23 08:00:11]   [emp_id: 5024] SKIPPED: Already updated today (2025-12-23 03:00:03)
[2025-12-23 08:00:11]   [emp_id: 5030] SKIPPED: Already updated today (2025-12-23 03:00:03)
[2025-12-23 08:00:11]   [emp_id: 5033] SKIPPED: Already updated today (2025-12-23 03:00:03)
[2025-12-23 08:00:11]   [emp_id: 5043] SKIPPED: Already updated today (2025-12-23 03:00:03)
[2025-12-23 08:00:11]   [emp_id: 5045] SKIPPED: Already updated today (2025-12-23 03:00:03)
[2025-12-23 08:00:11]   [emp_id: 5046] SKIPPED: Already updated today (2025-12-23 03:00:03)
[2025-12-23 08:00:11]   [emp_id: 5049] SKIPPED: Already updated today (2025-12-23 03:00:03)
[2025-12-23 08:00:11]   [emp_id: 5052] SKIPPED: Already updated today (2025-12-23 03:00:03)
[2025-12-23 08:00:11]   [emp_id: 5055] SKIPPED: Already updated today (2025-12-23 03:00:03)
[2025-12-23 08:00:11]   [emp_id: 5058] SKIPPED: Already updated today (2025-12-23 03:00:03)
[2025-12-23 08:00:11]   [emp_id: 5062] SKIPPED: Already updated today (2025-12-23 03:00:03)
[2025-12-23 08:00:11]   [emp_id: 5064] SKIPPED: Already updated today (2025-12-23 03:00:03)
[2025-12-23 08:00:11]   [emp_id: 5065] SKIPPED: Already updated today (2025-12-23 03:00:03)
[2025-12-23 08:00:11]   [emp_id: 5071] SKIPPED: Already updated today (2025-12-23 03:00:03)
[2025-12-23 08:00:11]   [emp_id: 5073] SKIPPED: Already updated today (2025-12-23 03:00:03)
[2025-12-23 08:00:11]   [emp_id: 5079] SKIPPED: Already updated today (2025-12-23 03:00:03)
[2025-12-23 08:00:11]   [emp_id: 5080] SKIPPED: Already updated today (2025-12-23 03:00:03)
[2025-12-23 08:00:11]   [emp_id: 5081] SKIPPED: Already updated today (2025-12-23 03:00:03)
[2025-12-23 08:00:11]   [emp_id: 5087] SKIPPED: Already updated today (2025-12-23 03:00:03)
[2025-12-23 08:00:11]   [emp_id: 5091] SKIPPED: Already updated today (2025-12-23 03:00:03)
[2025-12-23 08:00:11]   [emp_id: 5093] SKIPPED: Already updated today (2025-12-23 03:00:03)
[2025-12-23 08:00:11]   [emp_id: 5095] SKIPPED: Already updated today (2025-12-23 03:00:03)
[2025-12-23 08:00:11]   [emp_id: 5101] SKIPPED: Already updated today (2025-12-23 03:00:03)
[2025-12-23 08:00:11]   [emp_id: 5107] SKIPPED: Already updated today (2025-12-23 03:00:03)
[2025-12-23 08:00:11]   [emp_id: 5109] SKIPPED: Already updated today (2025-12-23 03:00:03)
[2025-12-23 08:00:11]   [emp_id: 5119] SKIPPED: Already updated today (2025-12-23 03:00:03)
[2025-12-23 08:00:11]   [emp_id: 5122] SKIPPED: Already updated today (2025-12-23 03:00:03)
[2025-12-23 08:00:11]   [emp_id: 5126] SKIPPED: Already updated today (2025-12-23 03:00:03)
[2025-12-23 08:00:11]   [emp_id: 5127] SKIPPED: Already updated today (2025-12-23 03:00:03)
[2025-12-23 08:00:11]   [emp_id: 5128] SKIPPED: Already updated today (2025-12-23 03:00:03)
[2025-12-23 08:00:11]   [emp_id: 5138] SKIPPED: Already updated today (2025-12-23 03:00:03)
[2025-12-23 08:00:11]   [emp_id: 5138] SKIPPED: Already updated today (2025-12-23 03:00:03)
[2025-12-23 08:00:11]   [emp_id: 5141] SKIPPED: Already updated today (2025-12-23 03:00:03)
[2025-12-23 08:00:11]   [emp_id: 5142] SKIPPED: Already updated today (2025-12-23 03:00:03)
[2025-12-23 08:00:11]   [emp_id: 5146] SKIPPED: Already updated today (2025-12-23 03:00:03)
[2025-12-23 08:00:11]   [emp_id: 5147] SKIPPED: Already updated today (2025-12-23 03:00:03)
[2025-12-23 08:00:11]   [emp_id: 5148] SKIPPED: Already updated today (2025-12-23 03:00:03)
[2025-12-23 08:00:11]   [emp_id: 5149] SKIPPED: Already updated today (2025-12-23 03:00:03)
[2025-12-23 08:00:11]   [emp_id: 5150] SKIPPED: Already updated today (2025-12-23 03:00:03)
[2025-12-23 08:00:11]   [emp_id: 5151] SKIPPED: Already updated today (2025-12-23 03:00:03)
[2025-12-23 08:00:11]   [emp_id: 5152] SKIPPED: Already updated today (2025-12-23 03:00:03)
[2025-12-23 08:00:11]   [emp_id: 5157] SKIPPED: Already updated today (2025-12-23 03:00:03)
[2025-12-23 08:00:11]   [emp_id: 5160] SKIPPED: Already updated today (2025-12-23 03:00:03)
[2025-12-23 08:00:11]   [emp_id: 5163] SKIPPED: Already updated today (2025-12-23 03:00:03)
[2025-12-23 08:00:11]   [emp_id: 5165] SKIPPED: Already updated today (2025-12-23 03:00:03)
[2025-12-23 08:00:11]   [emp_id: 5167] SKIPPED: Already updated today (2025-12-23 03:00:03)
[2025-12-23 08:00:11]   [emp_id: 5168] SKIPPED: Already updated today (2025-12-23 03:00:03)
[2025-12-23 08:00:11]   [emp_id: 5173] SKIPPED: Already updated today (2025-12-23 03:00:03)
[2025-12-23 08:00:11]   [emp_id: 5174] SKIPPED: Already updated today (2025-12-23 03:00:03)
[2025-12-23 08:00:11]   [emp_id: 5181] SKIPPED: Already updated today (2025-12-23 03:00:03)
[2025-12-23 08:00:11]   [emp_id: 5186] SKIPPED: Already updated today (2025-12-23 03:00:03)
[2025-12-23 08:00:11]   [emp_id: 5187] SKIPPED: Already updated today (2025-12-23 03:00:03)
[2025-12-23 08:00:11]   [emp_id: 5204] SKIPPED: Already updated today (2025-12-23 03:00:03)
[2025-12-23 08:00:11]   [emp_id: 5205] SKIPPED: Already updated today (2025-12-23 03:00:03)
[2025-12-23 08:00:11]   [emp_id: 5209] SKIPPED: Already updated today (2025-12-23 03:00:03)
[2025-12-23 08:00:11]   [emp_id: 5213] SKIPPED: Already updated today (2025-12-23 03:00:03)
[2025-12-23 08:00:11]   [emp_id: 5214] SKIPPED: Already updated today (2025-12-23 03:00:04)
[2025-12-23 08:00:11]   [emp_id: 5215] SKIPPED: Already updated today (2025-12-23 03:00:04)
[2025-12-23 08:00:11]   [emp_id: 5217] SKIPPED: Already updated today (2025-12-23 03:00:04)
[2025-12-23 08:00:11]   [emp_id: 5219] SKIPPED: Already updated today (2025-12-23 03:00:04)
[2025-12-23 08:00:11]   [emp_id: 5221] SKIPPED: Already updated today (2025-12-23 03:00:04)
[2025-12-23 08:00:11]   [emp_id: 5224] SKIPPED: Already updated today (2025-12-23 03:00:04)
[2025-12-23 08:00:11]   [emp_id: 5225] SKIPPED: Already updated today (2025-12-23 03:00:04)
[2025-12-23 08:00:11]   [emp_id: 5228] SKIPPED: Already updated today (2025-12-23 03:00:04)
[2025-12-23 08:00:11]   [emp_id: 5229] SKIPPED: Already updated today (2025-12-23 03:00:04)
[2025-12-23 08:00:11]   [emp_id: 5230] SKIPPED: Already updated today (2025-12-23 03:00:04)
[2025-12-23 08:00:11]   [emp_id: 5231] SKIPPED: Already updated today (2025-12-23 03:00:04)
[2025-12-23 08:00:11]   [emp_id: 5232] SKIPPED: Already updated today (2025-12-23 03:00:04)
[2025-12-23 08:00:11]   [emp_id: 5233] SKIPPED: Already updated today (2025-12-23 03:00:04)
[2025-12-23 08:00:11]   [emp_id: 5234] SKIPPED: Already updated today (2025-12-23 03:00:04)
[2025-12-23 08:00:11]   [emp_id: 5235] SKIPPED: Already updated today (2025-12-23 03:00:04)
[2025-12-23 08:00:11]   [emp_id: 5237] SKIPPED: Already updated today (2025-12-23 03:00:04)
[2025-12-23 08:00:11]   [emp_id: 5239] SKIPPED: Already updated today (2025-12-23 03:00:04)
[2025-12-23 08:00:11]   [emp_id: 5241] SKIPPED: Already updated today (2025-12-23 03:00:04)
[2025-12-23 08:00:11]   [emp_id: 5242] SKIPPED: Already updated today (2025-12-23 03:00:04)
[2025-12-23 08:00:11]   [emp_id: 5243] SKIPPED: Already updated today (2025-12-23 03:00:04)
[2025-12-23 08:00:11]   [emp_id: 5244] SKIPPED: Already updated today (2025-12-23 03:00:04)
[2025-12-23 08:00:11]   [emp_id: 5246] SKIPPED: Already updated today (2025-12-23 03:00:04)
[2025-12-23 08:00:11]   [emp_id: 5253] SKIPPED: Already updated today (2025-12-23 03:00:04)
[2025-12-23 08:00:11]   [emp_id: 5254] SKIPPED: Already updated today (2025-12-23 03:00:04)
[2025-12-23 08:00:11]   [emp_id: 5257] SKIPPED: Already updated today (2025-12-23 03:00:04)
[2025-12-23 08:00:11]   [emp_id: 5259] SKIPPED: Already updated today (2025-12-23 03:00:04)
[2025-12-23 08:00:11]   [emp_id: 5261] SKIPPED: Already updated today (2025-12-23 03:00:04)
[2025-12-23 08:00:11]   [emp_id: 5264] SKIPPED: Already updated today (2025-12-23 03:00:04)
[2025-12-23 08:00:11]   [emp_id: 5266] SKIPPED: Already updated today (2025-12-23 03:00:04)
[2025-12-23 08:00:11]   [emp_id: 5268] SKIPPED: Already updated today (2025-12-23 03:00:04)
[2025-12-23 08:00:11]   [emp_id: 5271] SKIPPED: Already updated today (2025-12-23 03:00:04)
[2025-12-23 08:00:11]   [emp_id: 5272] SKIPPED: Already updated today (2025-12-23 03:00:04)
[2025-12-23 08:00:11]   [emp_id: 5273] SKIPPED: Already updated today (2025-12-23 03:00:04)
[2025-12-23 08:00:11]   [emp_id: 5275] SKIPPED: Already updated today (2025-12-23 03:00:04)
[2025-12-23 08:00:11]   [emp_id: 5276] SKIPPED: Already updated today (2025-12-23 03:00:04)
[2025-12-23 08:00:11]   [emp_id: 5278] SKIPPED: Already updated today (2025-12-23 03:00:04)
[2025-12-23 08:00:11]   [emp_id: 5280] SKIPPED: Already updated today (2025-12-23 03:00:04)
[2025-12-23 08:00:11]   [emp_id: 5282] SKIPPED: Already updated today (2025-12-23 03:00:04)
[2025-12-23 08:00:11]   [emp_id: 5285] SKIPPED: Already updated today (2025-12-23 03:00:04)
[2025-12-23 08:00:11]   [emp_id: 5286] SKIPPED: Already updated today (2025-12-23 03:00:04)
[2025-12-23 08:00:11]   [emp_id: 5287] SKIPPED: Already updated today (2025-12-23 03:00:04)
[2025-12-23 08:00:11]   [emp_id: 5288] SKIPPED: Already updated today (2025-12-23 03:00:04)
[2025-12-23 08:00:11]   [emp_id: 5289] SKIPPED: Already updated today (2025-12-23 03:00:04)
[2025-12-23 08:00:11]   [emp_id: 5290] SKIPPED: Already updated today (2025-12-23 03:00:04)
[2025-12-23 08:00:11]   [emp_id: 5291] SKIPPED: Already updated today (2025-12-23 03:00:04)
[2025-12-23 08:00:11]   [emp_id: 5292] SKIPPED: Already updated today (2025-12-23 03:00:04)
[2025-12-23 08:00:11]   [emp_id: 5293] SKIPPED: Already updated today (2025-12-23 03:00:04)
[2025-12-23 08:00:11]   [emp_id: 5294] SKIPPED: Already updated today (2025-12-23 03:00:04)
[2025-12-23 08:00:11]   [emp_id: 5295] SKIPPED: Already updated today (2025-12-23 03:00:04)
[2025-12-23 08:00:11]   [emp_id: 5296] SKIPPED: Already updated today (2025-12-23 03:00:04)
[2025-12-23 08:00:11]   [emp_id: 5297] SKIPPED: Already updated today (2025-12-23 03:00:04)
[2025-12-23 08:00:11]   [emp_id: 5298] SKIPPED: Already updated today (2025-12-23 03:00:04)
[2025-12-23 08:00:11]   [emp_id: 5299] SKIPPED: Already updated today (2025-12-23 03:00:04)
[2025-12-23 08:00:11]   [emp_id: 5300] SKIPPED: Already updated today (2025-12-23 03:00:04)
[2025-12-23 08:00:11]   [emp_id: 5301] SKIPPED: Already updated today (2025-12-23 03:00:04)
[2025-12-23 08:00:11]   [emp_id: 5303] SKIPPED: Already updated today (2025-12-23 03:00:04)
[2025-12-23 08:00:11]   [emp_id: 5304] SKIPPED: Already updated today (2025-12-23 03:00:04)
[2025-12-23 08:00:11]   [emp_id: 5305] SKIPPED: Already updated today (2025-12-23 03:00:04)
[2025-12-23 08:00:11]   [emp_id: 5306] SKIPPED: Already updated today (2025-12-23 03:00:04)
[2025-12-23 08:00:11]   [emp_id: 5307] SKIPPED: Already updated today (2025-12-23 03:00:04)
[2025-12-23 08:00:11]   [emp_id: 5312] SKIPPED: Already updated today (2025-12-23 03:00:04)
[2025-12-23 08:00:11]   [emp_id: 5318] SKIPPED: Already updated today (2025-12-23 03:00:04)
[2025-12-23 08:00:11]   [emp_id: 5325] SKIPPED: Already updated today (2025-12-23 03:00:04)
[2025-12-23 08:00:11]   [emp_id: 5327] SKIPPED: Already updated today (2025-12-23 03:00:04)
[2025-12-23 08:00:11]   [emp_id: 5337] SKIPPED: Already updated today (2025-12-23 03:00:04)
[2025-12-23 08:00:11]   [emp_id: 5339] SKIPPED: Already updated today (2025-12-23 03:00:04)
[2025-12-23 08:00:11]   [emp_id: 5343] SKIPPED: Already updated today (2025-12-23 03:00:04)
[2025-12-23 08:00:11]   [emp_id: 5343] SKIPPED: Already updated today (2025-12-23 03:00:04)
[2025-12-23 08:00:11]   [emp_id: 5345] SKIPPED: Already updated today (2025-12-23 03:00:04)
[2025-12-23 08:00:11]   [emp_id: 5346] SKIPPED: Already updated today (2025-12-23 03:00:04)
[2025-12-23 08:00:11]   [emp_id: 5351] SKIPPED: Already updated today (2025-12-23 03:00:04)
[2025-12-23 08:00:11]   [emp_id: 5352] SKIPPED: Already updated today (2025-12-23 03:00:04)
[2025-12-23 08:00:11]   [emp_id: 5370] SKIPPED: Already updated today (2025-12-23 03:00:04)
[2025-12-23 08:00:11]   [emp_id: 5371] SKIPPED: Already updated today (2025-12-23 03:00:04)
[2025-12-23 08:00:11]   [emp_id: 5376] SKIPPED: Already updated today (2025-12-23 03:00:04)
[2025-12-23 08:00:11]   [emp_id: 5378] SKIPPED: Already updated today (2025-12-23 03:00:04)
[2025-12-23 08:00:11]   [emp_id: 5380] SKIPPED: Already updated today (2025-12-23 03:00:04)
[2025-12-23 08:00:11]   [emp_id: 5381] SKIPPED: Already updated today (2025-12-23 03:00:04)
[2025-12-23 08:00:11]   [emp_id: 5383] SKIPPED: Already updated today (2025-12-23 03:00:04)
[2025-12-23 08:00:11]   [emp_id: 5388] SKIPPED: Already updated today (2025-12-23 03:00:04)
[2025-12-23 08:00:11]   [emp_id: 5396] SKIPPED: Already updated today (2025-12-23 03:00:04)
[2025-12-23 08:00:11]   [emp_id: 5397] SKIPPED: Already updated today (2025-12-23 03:00:04)
[2025-12-23 08:00:11]   [emp_id: 5401] SKIPPED: Already updated today (2025-12-23 03:00:04)
[2025-12-23 08:00:11]   [emp_id: 5402] SKIPPED: Already updated today (2025-12-23 03:00:04)
[2025-12-23 08:00:11]   [emp_id: 5406] SKIPPED: Already updated today (2025-12-23 03:00:04)
[2025-12-23 08:00:11]   [emp_id: 5407] SKIPPED: Already updated today (2025-12-23 03:00:04)
[2025-12-23 08:00:11]   [emp_id: 5409] SKIPPED: Already updated today (2025-12-23 03:00:04)
[2025-12-23 08:00:11]   [emp_id: 5413] SKIPPED: Already updated today (2025-12-23 03:00:04)
[2025-12-23 08:00:11]   [emp_id: 5414] SKIPPED: Already updated today (2025-12-23 03:00:04)
[2025-12-23 08:00:11]   [emp_id: 5415] SKIPPED: Already updated today (2025-12-23 03:00:04)
[2025-12-23 08:00:11]   [emp_id: 5418] SKIPPED: Already updated today (2025-12-23 03:00:04)
[2025-12-23 08:00:11]   [emp_id: 5422] SKIPPED: Already updated today (2025-12-23 03:00:04)
[2025-12-23 08:00:11]   [emp_id: 5423] SKIPPED: Already updated today (2025-12-23 03:00:04)
[2025-12-23 08:00:11]   [emp_id: 5423] SKIPPED: Already updated today (2025-12-23 03:00:04)
[2025-12-23 08:00:11]   [emp_id: 5423] SKIPPED: Already updated today (2025-12-23 03:00:04)
[2025-12-23 08:00:11]   [emp_id: 5424] SKIPPED: Already updated today (2025-12-23 03:00:04)
[2025-12-23 08:00:11]   [emp_id: 5425] SKIPPED: Already updated today (2025-12-23 03:00:04)
[2025-12-23 08:00:11]   [emp_id: 5426] SKIPPED: Already updated today (2025-12-23 03:00:04)
[2025-12-23 08:00:11]   [emp_id: 5426] SKIPPED: Already updated today (2025-12-23 03:00:04)
[2025-12-23 08:00:11]   [emp_id: 5427] SKIPPED: Already updated today (2025-12-23 03:00:04)
[2025-12-23 08:00:11]   [emp_id: 5428] SKIPPED: Already updated today (2025-12-23 03:00:04)
[2025-12-23 08:00:11]   [emp_id: 5430] SKIPPED: Already updated today (2025-12-23 03:00:04)
[2025-12-23 08:00:11]   [emp_id: 5431] SKIPPED: Already updated today (2025-12-23 03:00:04)
[2025-12-23 08:00:11]   [emp_id: 5434] SKIPPED: Already updated today (2025-12-23 03:00:04)
[2025-12-23 08:00:11]   [emp_id: 5435] SKIPPED: Already updated today (2025-12-23 03:00:04)
[2025-12-23 08:00:11]   [emp_id: 5436] SKIPPED: Already updated today (2025-12-23 03:00:04)
[2025-12-23 08:00:11]   [emp_id: 5438] SKIPPED: Already updated today (2025-12-23 03:00:04)
[2025-12-23 08:00:11]   [emp_id: 5439] SKIPPED: Already updated today (2025-12-23 03:00:04)
[2025-12-23 08:00:11]   [emp_id: 5442] SKIPPED: Already updated today (2025-12-23 03:00:04)
[2025-12-23 08:00:11]   [emp_id: 5443] SKIPPED: Already updated today (2025-12-23 03:00:04)
[2025-12-23 08:00:11]   [emp_id: 5445] SKIPPED: Already updated today (2025-12-23 03:00:04)
[2025-12-23 08:00:11]   [emp_id: 5446] SKIPPED: Already updated today (2025-12-23 03:00:04)
[2025-12-23 08:00:11]   [emp_id: 5447] SKIPPED: Already updated today (2025-12-23 03:00:04)
[2025-12-23 08:00:11]   [emp_id: 5448] SKIPPED: Already updated today (2025-12-23 03:00:04)
[2025-12-23 08:00:11]   [emp_id: 5449] SKIPPED: Already updated today (2025-12-23 03:00:04)
[2025-12-23 08:00:11]   [emp_id: 5450] SKIPPED: Already updated today (2025-12-23 03:00:04)
[2025-12-23 08:00:11]   [emp_id: 5451] SKIPPED: Already updated today (2025-12-23 03:00:04)
[2025-12-23 08:00:11]   [emp_id: 5454] SKIPPED: Already updated today (2025-12-23 03:00:04)
[2025-12-23 08:00:11]   [emp_id: 5455] SKIPPED: Already updated today (2025-12-23 03:00:04)
[2025-12-23 08:00:11]   [emp_id: 5456] SKIPPED: Already updated today (2025-12-23 03:00:04)
[2025-12-23 08:00:11] 
[2025-12-23 08:00:11] ========== SUMMARY ==========
[2025-12-23 08:00:11] Total employees processed: 433
[2025-12-23 08:00:11] Records updated: 0
[2025-12-23 08:00:11] Balances changed: 0
[2025-12-23 08:00:11] Errors: 0
[2025-12-23 08:00:11] ========== CRON: Vacation Balance Update Completed ==========
[2025-12-23 08:00:11] 
[2025-12-23 08:02:09] ========== CRON: Vacation Balance Update Started ==========
[2025-12-23 08:02:09] Database connection established
[2025-12-23 08:02:09] Found 433 active employees with balance records to update
[2025-12-23 08:02:09] (Only employees with status=1 will be processed)
[2025-12-23 08:02:09]   [emp_id: 1061] SKIPPED: Already updated today (2025-12-23 03:00:02)
[2025-12-23 08:02:09]   [emp_id: 1496] SKIPPED: Already updated today (2025-12-23 03:00:02)
[2025-12-23 08:02:09]   [emp_id: 1500] SKIPPED: Already updated today (2025-12-23 03:00:02)
[2025-12-23 08:02:09]   [emp_id: 1574] SKIPPED: Already updated today (2025-12-23 03:00:02)
[2025-12-23 08:02:09]   [emp_id: 1673] SKIPPED: Already updated today (2025-12-23 03:00:02)
[2025-12-23 08:02:09]   [emp_id: 1685] SKIPPED: Already updated today (2025-12-23 03:00:02)
[2025-12-23 08:02:09]   [emp_id: 1764] SKIPPED: Already updated today (2025-12-23 03:00:02)
[2025-12-23 08:02:09]   [emp_id: 1805] SKIPPED: Already updated today (2025-12-23 03:00:02)
[2025-12-23 08:02:09]   [emp_id: 1822] SKIPPED: Already updated today (2025-12-23 03:00:02)
[2025-12-23 08:02:09]   [emp_id: 1837] SKIPPED: Already updated today (2025-12-23 03:00:02)
[2025-12-23 08:02:09]   [emp_id: 1857] SKIPPED: Already updated today (2025-12-23 03:00:02)
[2025-12-23 08:02:09]   [emp_id: 1861] SKIPPED: Already updated today (2025-12-23 03:00:02)
[2025-12-23 08:02:09]   [emp_id: 1872] SKIPPED: Already updated today (2025-12-23 03:00:02)
[2025-12-23 08:02:09]   [emp_id: 1897] SKIPPED: Already updated today (2025-12-23 03:00:02)
[2025-12-23 08:02:09]   [emp_id: 1916] SKIPPED: Already updated today (2025-12-23 03:00:02)
[2025-12-23 08:02:09]   [emp_id: 1928] SKIPPED: Already updated today (2025-12-23 03:00:02)
[2025-12-23 08:02:09]   [emp_id: 1931] SKIPPED: Already updated today (2025-12-23 03:00:02)
[2025-12-23 08:02:09]   [emp_id: 1944] SKIPPED: Already updated today (2025-12-23 03:00:02)
[2025-12-23 08:02:09]   [emp_id: 1996] SKIPPED: Already updated today (2025-12-23 03:00:02)
[2025-12-23 08:02:09]   [emp_id: 1997] SKIPPED: Already updated today (2025-12-23 03:00:02)
[2025-12-23 08:02:09]   [emp_id: 1998] SKIPPED: Already updated today (2025-12-23 03:00:02)
[2025-12-23 08:02:09]   [emp_id: 1999] SKIPPED: Already updated today (2025-12-23 03:00:02)
[2025-12-23 08:02:09]   [emp_id: 2009] SKIPPED: Already updated today (2025-12-23 03:00:02)
[2025-12-23 08:02:09]   [emp_id: 2048] SKIPPED: Already updated today (2025-12-23 03:00:02)
[2025-12-23 08:02:09]   [emp_id: 2057] SKIPPED: Already updated today (2025-12-23 03:00:02)
[2025-12-23 08:02:09]   [emp_id: 2079] SKIPPED: Already updated today (2025-12-23 03:00:02)
[2025-12-23 08:02:09]   [emp_id: 2181] SKIPPED: Already updated today (2025-12-23 03:00:02)
[2025-12-23 08:02:09]   [emp_id: 2190] SKIPPED: Already updated today (2025-12-23 03:00:02)
[2025-12-23 08:02:09]   [emp_id: 2212] SKIPPED: Already updated today (2025-12-23 03:00:02)
[2025-12-23 08:02:09]   [emp_id: 2226] SKIPPED: Already updated today (2025-12-23 03:00:02)
[2025-12-23 08:02:09]   [emp_id: 2238] SKIPPED: Already updated today (2025-12-23 03:00:02)
[2025-12-23 08:02:09]   [emp_id: 2285] SKIPPED: Already updated today (2025-12-23 03:00:02)
[2025-12-23 08:02:09]   [emp_id: 2287] SKIPPED: Already updated today (2025-12-23 03:00:02)
[2025-12-23 08:02:09]   [emp_id: 2288] SKIPPED: Already updated today (2025-12-23 03:00:02)
[2025-12-23 08:02:09]   [emp_id: 2316] SKIPPED: Already updated today (2025-12-23 03:00:02)
[2025-12-23 08:02:09]   [emp_id: 2337] SKIPPED: Already updated today (2025-12-23 03:00:02)
[2025-12-23 08:02:09]   [emp_id: 2352] SKIPPED: Already updated today (2025-12-23 03:00:02)
[2025-12-23 08:02:09]   [emp_id: 2358] SKIPPED: Already updated today (2025-12-23 03:00:02)
[2025-12-23 08:02:09]   [emp_id: 2361] SKIPPED: Already updated today (2025-12-23 03:00:02)
[2025-12-23 08:02:09]   [emp_id: 2363] SKIPPED: Already updated today (2025-12-23 03:00:02)
[2025-12-23 08:02:09]   [emp_id: 2364] SKIPPED: Already updated today (2025-12-23 03:00:02)
[2025-12-23 08:02:09]   [emp_id: 2367] SKIPPED: Already updated today (2025-12-23 03:00:02)
[2025-12-23 08:02:09]   [emp_id: 2368] SKIPPED: Already updated today (2025-12-23 03:00:02)
[2025-12-23 08:02:09]   [emp_id: 2372] SKIPPED: Already updated today (2025-12-23 03:00:02)
[2025-12-23 08:02:09]   [emp_id: 2376] SKIPPED: Already updated today (2025-12-23 03:00:02)
[2025-12-23 08:02:09]   [emp_id: 2423] SKIPPED: Already updated today (2025-12-23 03:00:02)
[2025-12-23 08:02:09]   [emp_id: 2519] SKIPPED: Already updated today (2025-12-23 03:00:02)
[2025-12-23 08:02:09]   [emp_id: 2522] SKIPPED: Already updated today (2025-12-23 03:00:02)
[2025-12-23 08:02:09]   [emp_id: 2530] SKIPPED: Already updated today (2025-12-23 03:00:02)
[2025-12-23 08:02:09]   [emp_id: 2539] SKIPPED: Already updated today (2025-12-23 03:00:02)
[2025-12-23 08:02:09]   [emp_id: 2541] SKIPPED: Already updated today (2025-12-23 03:00:02)
[2025-12-23 08:02:09]   [emp_id: 2550] SKIPPED: Already updated today (2025-12-23 03:00:02)
[2025-12-23 08:02:09]   [emp_id: 2553] SKIPPED: Already updated today (2025-12-23 03:00:02)
[2025-12-23 08:02:09]   [emp_id: 2554] SKIPPED: Already updated today (2025-12-23 03:00:02)
[2025-12-23 08:02:09]   [emp_id: 2565] SKIPPED: Already updated today (2025-12-23 03:00:02)
[2025-12-23 08:02:09]   [emp_id: 2572] SKIPPED: Already updated today (2025-12-23 03:00:02)
[2025-12-23 08:02:09]   [emp_id: 2637] SKIPPED: Already updated today (2025-12-23 03:00:02)
[2025-12-23 08:02:09]   [emp_id: 2642] SKIPPED: Already updated today (2025-12-23 03:00:02)
[2025-12-23 08:02:09]   [emp_id: 2645] SKIPPED: Already updated today (2025-12-23 03:00:02)
[2025-12-23 08:02:09]   [emp_id: 2648] SKIPPED: Already updated today (2025-12-23 03:00:02)
[2025-12-23 08:02:09]   [emp_id: 2654] SKIPPED: Already updated today (2025-12-23 03:00:02)
[2025-12-23 08:02:09]   [emp_id: 2688] SKIPPED: Already updated today (2025-12-23 03:00:02)
[2025-12-23 08:02:09]   [emp_id: 2690] SKIPPED: Already updated today (2025-12-23 03:00:02)
[2025-12-23 08:02:09]   [emp_id: 2709] SKIPPED: Already updated today (2025-12-23 03:00:02)
[2025-12-23 08:02:09]   [emp_id: 2745] SKIPPED: Already updated today (2025-12-23 03:00:02)
[2025-12-23 08:02:09]   [emp_id: 2843] SKIPPED: Already updated today (2025-12-23 03:00:02)
[2025-12-23 08:02:09]   [emp_id: 2854] SKIPPED: Already updated today (2025-12-23 03:00:02)
[2025-12-23 08:02:09]   [emp_id: 2869] SKIPPED: Already updated today (2025-12-23 03:00:02)
[2025-12-23 08:02:09]   [emp_id: 2876] SKIPPED: Already updated today (2025-12-23 03:00:02)
[2025-12-23 08:02:09]   [emp_id: 2924] SKIPPED: Already updated today (2025-12-23 03:00:02)
[2025-12-23 08:02:09]   [emp_id: 2953] SKIPPED: Already updated today (2025-12-23 03:00:02)
[2025-12-23 08:02:09]   [emp_id: 2961] SKIPPED: Already updated today (2025-12-23 03:00:02)
[2025-12-23 08:02:09]   [emp_id: 2975] SKIPPED: Already updated today (2025-12-23 03:00:02)
[2025-12-23 08:02:09]   [emp_id: 3013] SKIPPED: Already updated today (2025-12-23 03:00:02)
[2025-12-23 08:02:09]   [emp_id: 3014] SKIPPED: Already updated today (2025-12-23 03:00:02)
[2025-12-23 08:02:09]   [emp_id: 3015] SKIPPED: Already updated today (2025-12-23 03:00:02)
[2025-12-23 08:02:09]   [emp_id: 3018] SKIPPED: Already updated today (2025-12-23 03:00:02)
[2025-12-23 08:02:09]   [emp_id: 3025] SKIPPED: Already updated today (2025-12-23 03:00:02)
[2025-12-23 08:02:09]   [emp_id: 3037] SKIPPED: Already updated today (2025-12-23 03:00:02)
[2025-12-23 08:02:09]   [emp_id: 3047] SKIPPED: Already updated today (2025-12-23 03:00:02)
[2025-12-23 08:02:09]   [emp_id: 3061] SKIPPED: Already updated today (2025-12-23 03:00:02)
[2025-12-23 08:02:09]   [emp_id: 3062] SKIPPED: Already updated today (2025-12-23 03:00:02)
[2025-12-23 08:02:09]   [emp_id: 3074] SKIPPED: Already updated today (2025-12-23 03:00:02)
[2025-12-23 08:02:09]   [emp_id: 3089] SKIPPED: Already updated today (2025-12-23 03:00:02)
[2025-12-23 08:02:09]   [emp_id: 3090] SKIPPED: Already updated today (2025-12-23 03:00:02)
[2025-12-23 08:02:09]   [emp_id: 3091] SKIPPED: Already updated today (2025-12-23 03:00:02)
[2025-12-23 08:02:09]   [emp_id: 3092] SKIPPED: Already updated today (2025-12-23 03:00:02)
[2025-12-23 08:02:09]   [emp_id: 3105] SKIPPED: Already updated today (2025-12-23 03:00:02)
[2025-12-23 08:02:09]   [emp_id: 3134] SKIPPED: Already updated today (2025-12-23 03:00:02)
[2025-12-23 08:02:09]   [emp_id: 3140] SKIPPED: Already updated today (2025-12-23 03:00:02)
[2025-12-23 08:02:09]   [emp_id: 3144] SKIPPED: Already updated today (2025-12-23 03:00:02)
[2025-12-23 08:02:09]   [emp_id: 3156] SKIPPED: Already updated today (2025-12-23 03:00:02)
[2025-12-23 08:02:09]   [emp_id: 3162] SKIPPED: Already updated today (2025-12-23 03:00:02)
[2025-12-23 08:02:09]   [emp_id: 3163] SKIPPED: Already updated today (2025-12-23 03:00:02)
[2025-12-23 08:02:09]   [emp_id: 3198] SKIPPED: Already updated today (2025-12-23 03:00:02)
[2025-12-23 08:02:09]   [emp_id: 3205] SKIPPED: Already updated today (2025-12-23 03:00:02)
[2025-12-23 08:02:09]   [emp_id: 3209] SKIPPED: Already updated today (2025-12-23 03:00:02)
[2025-12-23 08:02:09]   [emp_id: 3223] SKIPPED: Already updated today (2025-12-23 03:00:02)
[2025-12-23 08:02:09]   [emp_id: 3224] SKIPPED: Already updated today (2025-12-23 03:00:02)
[2025-12-23 08:02:09]   [emp_id: 3230] SKIPPED: Already updated today (2025-12-23 03:00:02)
[2025-12-23 08:02:09]   [emp_id: 3231] SKIPPED: Already updated today (2025-12-23 03:00:02)
[2025-12-23 08:02:09]   [emp_id: 3233] SKIPPED: Already updated today (2025-12-23 03:00:02)
[2025-12-23 08:02:09]   [emp_id: 3249] SKIPPED: Already updated today (2025-12-23 03:00:02)
[2025-12-23 08:02:09]   [emp_id: 3250] SKIPPED: Already updated today (2025-12-23 03:00:02)
[2025-12-23 08:02:09]   [emp_id: 3252] SKIPPED: Already updated today (2025-12-23 03:00:02)
[2025-12-23 08:02:09]   [emp_id: 3254] SKIPPED: Already updated today (2025-12-23 03:00:02)
[2025-12-23 08:02:09]   [emp_id: 3255] SKIPPED: Already updated today (2025-12-23 03:00:02)
[2025-12-23 08:02:09]   [emp_id: 3256] SKIPPED: Already updated today (2025-12-23 03:00:02)
[2025-12-23 08:02:09]   [emp_id: 3263] SKIPPED: Already updated today (2025-12-23 03:00:02)
[2025-12-23 08:02:09]   [emp_id: 3265] SKIPPED: Already updated today (2025-12-23 03:00:02)
[2025-12-23 08:02:09]   [emp_id: 3280] SKIPPED: Already updated today (2025-12-23 03:00:02)
[2025-12-23 08:02:09]   [emp_id: 3286] SKIPPED: Already updated today (2025-12-23 03:00:02)
[2025-12-23 08:02:09]   [emp_id: 3294] SKIPPED: Already updated today (2025-12-23 03:00:02)
[2025-12-23 08:02:09]   [emp_id: 3321] SKIPPED: Already updated today (2025-12-23 03:00:02)
[2025-12-23 08:02:09]   [emp_id: 3325] SKIPPED: Already updated today (2025-12-23 03:00:02)
[2025-12-23 08:02:09]   [emp_id: 3329] SKIPPED: Already updated today (2025-12-23 03:00:02)
[2025-12-23 08:02:09]   [emp_id: 3330] SKIPPED: Already updated today (2025-12-23 03:00:02)
[2025-12-23 08:02:09]   [emp_id: 3332] SKIPPED: Already updated today (2025-12-23 03:00:02)
[2025-12-23 08:02:09]   [emp_id: 3370] SKIPPED: Already updated today (2025-12-23 03:00:02)
[2025-12-23 08:02:09]   [emp_id: 3384] SKIPPED: Already updated today (2025-12-23 03:00:02)
[2025-12-23 08:02:09]   [emp_id: 3386] SKIPPED: Already updated today (2025-12-23 03:00:02)
[2025-12-23 08:02:09]   [emp_id: 3431] SKIPPED: Already updated today (2025-12-23 03:00:02)
[2025-12-23 08:02:09]   [emp_id: 3497] SKIPPED: Already updated today (2025-12-23 03:00:02)
[2025-12-23 08:02:09]   [emp_id: 3532] SKIPPED: Already updated today (2025-12-23 03:00:02)
[2025-12-23 08:02:09]   [emp_id: 3586] SKIPPED: Already updated today (2025-12-23 03:00:02)
[2025-12-23 08:02:09]   [emp_id: 3602] SKIPPED: Already updated today (2025-12-23 03:00:02)
[2025-12-23 08:02:09]   [emp_id: 3618] SKIPPED: Already updated today (2025-12-23 03:00:02)
[2025-12-23 08:02:09]   [emp_id: 3622] SKIPPED: Already updated today (2025-12-23 03:00:02)
[2025-12-23 08:02:09]   [emp_id: 3627] SKIPPED: Already updated today (2025-12-23 03:00:02)
[2025-12-23 08:02:09]   [emp_id: 3665] SKIPPED: Already updated today (2025-12-23 03:00:02)
[2025-12-23 08:02:09]   [emp_id: 3705] SKIPPED: Already updated today (2025-12-23 03:00:02)
[2025-12-23 08:02:09]   [emp_id: 3724] SKIPPED: Already updated today (2025-12-23 03:00:02)
[2025-12-23 08:02:09]   [emp_id: 3726] SKIPPED: Already updated today (2025-12-23 03:00:02)
[2025-12-23 08:02:09]   [emp_id: 3727] SKIPPED: Already updated today (2025-12-23 03:00:02)
[2025-12-23 08:02:09]   [emp_id: 3728] SKIPPED: Already updated today (2025-12-23 03:00:02)
[2025-12-23 08:02:09]   [emp_id: 3742] SKIPPED: Already updated today (2025-12-23 03:00:02)
[2025-12-23 08:02:09]   [emp_id: 3767] SKIPPED: Already updated today (2025-12-23 03:00:02)
[2025-12-23 08:02:09]   [emp_id: 3768] SKIPPED: Already updated today (2025-12-23 03:00:02)
[2025-12-23 08:02:09]   [emp_id: 3787] SKIPPED: Already updated today (2025-12-23 03:00:02)
[2025-12-23 08:02:09]   [emp_id: 3790] SKIPPED: Already updated today (2025-12-23 03:00:02)
[2025-12-23 08:02:09]   [emp_id: 3795] SKIPPED: Already updated today (2025-12-23 03:00:02)
[2025-12-23 08:02:09]   [emp_id: 3798] SKIPPED: Already updated today (2025-12-23 03:00:02)
[2025-12-23 08:02:09]   [emp_id: 3801] SKIPPED: Already updated today (2025-12-23 03:00:02)
[2025-12-23 08:02:09]   [emp_id: 3802] SKIPPED: Already updated today (2025-12-23 03:00:02)
[2025-12-23 08:02:09]   [emp_id: 3803] SKIPPED: Already updated today (2025-12-23 03:00:02)
[2025-12-23 08:02:09]   [emp_id: 3810] SKIPPED: Already updated today (2025-12-23 03:00:02)
[2025-12-23 08:02:09]   [emp_id: 3812] SKIPPED: Already updated today (2025-12-23 03:00:02)
[2025-12-23 08:02:09]   [emp_id: 3815] SKIPPED: Already updated today (2025-12-23 03:00:02)
[2025-12-23 08:02:09]   [emp_id: 3836] SKIPPED: Already updated today (2025-12-23 03:00:02)
[2025-12-23 08:02:09]   [emp_id: 3855] SKIPPED: Already updated today (2025-12-23 03:00:02)
[2025-12-23 08:02:09]   [emp_id: 3857] SKIPPED: Already updated today (2025-12-23 03:00:02)
[2025-12-23 08:02:09]   [emp_id: 3862] SKIPPED: Already updated today (2025-12-23 03:00:02)
[2025-12-23 08:02:09]   [emp_id: 3866] SKIPPED: Already updated today (2025-12-23 03:00:02)
[2025-12-23 08:02:09]   [emp_id: 3876] SKIPPED: Already updated today (2025-12-23 03:00:02)
[2025-12-23 08:02:09]   [emp_id: 3877] SKIPPED: Already updated today (2025-12-23 03:00:02)
[2025-12-23 08:02:09]   [emp_id: 3897] SKIPPED: Already updated today (2025-12-23 03:00:02)
[2025-12-23 08:02:09]   [emp_id: 3899] SKIPPED: Already updated today (2025-12-23 03:00:03)
[2025-12-23 08:02:09]   [emp_id: 3928] SKIPPED: Already updated today (2025-12-23 03:00:03)
[2025-12-23 08:02:09]   [emp_id: 3929] SKIPPED: Already updated today (2025-12-23 03:00:03)
[2025-12-23 08:02:09]   [emp_id: 3935] SKIPPED: Already updated today (2025-12-23 03:00:03)
[2025-12-23 08:02:09]   [emp_id: 3952] SKIPPED: Already updated today (2025-12-23 03:00:03)
[2025-12-23 08:02:09]   [emp_id: 3987] SKIPPED: Already updated today (2025-12-23 03:00:03)
[2025-12-23 08:02:09]   [emp_id: 4059] SKIPPED: Already updated today (2025-12-23 03:00:03)
[2025-12-23 08:02:09]   [emp_id: 4119] SKIPPED: Already updated today (2025-12-23 03:00:03)
[2025-12-23 08:02:09]   [emp_id: 4120] SKIPPED: Already updated today (2025-12-23 03:00:03)
[2025-12-23 08:02:09]   [emp_id: 4124] SKIPPED: Already updated today (2025-12-23 03:00:03)
[2025-12-23 08:02:09]   [emp_id: 4133] SKIPPED: Already updated today (2025-12-23 03:00:03)
[2025-12-23 08:02:09]   [emp_id: 4134] SKIPPED: Already updated today (2025-12-23 03:00:03)
[2025-12-23 08:02:09]   [emp_id: 4136] SKIPPED: Already updated today (2025-12-23 03:00:03)
[2025-12-23 08:02:09]   [emp_id: 4150] SKIPPED: Already updated today (2025-12-23 03:00:03)
[2025-12-23 08:02:09]   [emp_id: 4157] SKIPPED: Already updated today (2025-12-23 03:00:03)
[2025-12-23 08:02:09]   [emp_id: 4172] SKIPPED: Already updated today (2025-12-23 03:00:03)
[2025-12-23 08:02:09]   [emp_id: 4195] SKIPPED: Already updated today (2025-12-23 03:00:03)
[2025-12-23 08:02:09]   [emp_id: 4215] SKIPPED: Already updated today (2025-12-23 03:00:03)
[2025-12-23 08:02:09]   [emp_id: 4220] SKIPPED: Already updated today (2025-12-23 03:00:03)
[2025-12-23 08:02:09]   [emp_id: 4273] SKIPPED: Already updated today (2025-12-23 03:00:03)
[2025-12-23 08:02:09]   [emp_id: 4283] SKIPPED: Already updated today (2025-12-23 03:00:03)
[2025-12-23 08:02:09]   [emp_id: 4288] SKIPPED: Already updated today (2025-12-23 03:00:03)
[2025-12-23 08:02:09]   [emp_id: 4315] SKIPPED: Already updated today (2025-12-23 03:00:03)
[2025-12-23 08:02:09]   [emp_id: 4328] SKIPPED: Already updated today (2025-12-23 03:00:03)
[2025-12-23 08:02:09]   [emp_id: 4329] SKIPPED: Already updated today (2025-12-23 03:00:03)
[2025-12-23 08:02:09]   [emp_id: 4338] SKIPPED: Already updated today (2025-12-23 03:00:03)
[2025-12-23 08:02:09]   [emp_id: 4340] SKIPPED: Already updated today (2025-12-23 03:00:03)
[2025-12-23 08:02:09]   [emp_id: 4365] SKIPPED: Already updated today (2025-12-23 03:00:03)
[2025-12-23 08:02:09]   [emp_id: 4366] SKIPPED: Already updated today (2025-12-23 03:00:03)
[2025-12-23 08:02:09]   [emp_id: 4403] SKIPPED: Already updated today (2025-12-23 03:00:03)
[2025-12-23 08:02:09]   [emp_id: 4438] SKIPPED: Already updated today (2025-12-23 03:00:03)
[2025-12-23 08:02:09]   [emp_id: 4465] SKIPPED: Already updated today (2025-12-23 03:00:03)
[2025-12-23 08:02:09]   [emp_id: 4473] SKIPPED: Already updated today (2025-12-23 03:00:03)
[2025-12-23 08:02:09]   [emp_id: 4474] SKIPPED: Already updated today (2025-12-23 03:00:03)
[2025-12-23 08:02:09]   [emp_id: 4493] SKIPPED: Already updated today (2025-12-23 03:00:03)
[2025-12-23 08:02:09]   [emp_id: 4526] SKIPPED: Already updated today (2025-12-23 03:00:03)
[2025-12-23 08:02:09]   [emp_id: 4528] SKIPPED: Already updated today (2025-12-23 03:00:03)
[2025-12-23 08:02:09]   [emp_id: 4528] SKIPPED: Already updated today (2025-12-23 03:00:03)
[2025-12-23 08:02:09]   [emp_id: 4532] SKIPPED: Already updated today (2025-12-23 03:00:03)
[2025-12-23 08:02:09]   [emp_id: 4533] SKIPPED: Already updated today (2025-12-23 03:00:03)
[2025-12-23 08:02:09]   [emp_id: 4564] SKIPPED: Already updated today (2025-12-23 03:00:03)
[2025-12-23 08:02:09]   [emp_id: 4565] SKIPPED: Already updated today (2025-12-23 03:00:03)
[2025-12-23 08:02:09]   [emp_id: 4567] SKIPPED: Already updated today (2025-12-23 03:00:03)
[2025-12-23 08:02:09]   [emp_id: 4572] SKIPPED: Already updated today (2025-12-23 03:00:03)
[2025-12-23 08:02:09]   [emp_id: 4631] SKIPPED: Already updated today (2025-12-23 03:00:03)
[2025-12-23 08:02:09]   [emp_id: 4655] SKIPPED: Already updated today (2025-12-23 03:00:03)
[2025-12-23 08:02:09]   [emp_id: 4689] SKIPPED: Already updated today (2025-12-23 03:00:03)
[2025-12-23 08:02:09]   [emp_id: 4709] SKIPPED: Already updated today (2025-12-23 03:00:03)
[2025-12-23 08:02:09]   [emp_id: 4717] SKIPPED: Already updated today (2025-12-23 03:00:03)
[2025-12-23 08:02:09]   [emp_id: 4736] SKIPPED: Already updated today (2025-12-23 03:00:03)
[2025-12-23 08:02:09]   [emp_id: 4756] SKIPPED: Already updated today (2025-12-23 03:00:03)
[2025-12-23 08:02:09]   [emp_id: 4768] SKIPPED: Already updated today (2025-12-23 03:00:03)
[2025-12-23 08:02:09]   [emp_id: 4780] SKIPPED: Already updated today (2025-12-23 03:00:03)
[2025-12-23 08:02:09]   [emp_id: 4820] SKIPPED: Already updated today (2025-12-23 03:00:03)
[2025-12-23 08:02:09]   [emp_id: 4825] SKIPPED: Already updated today (2025-12-23 03:00:03)
[2025-12-23 08:02:09]   [emp_id: 4835] SKIPPED: Already updated today (2025-12-23 03:00:03)
[2025-12-23 08:02:09]   [emp_id: 4837] SKIPPED: Already updated today (2025-12-23 03:00:03)
[2025-12-23 08:02:09]   [emp_id: 4838] SKIPPED: Already updated today (2025-12-23 03:00:03)
[2025-12-23 08:02:09]   [emp_id: 4840] SKIPPED: Already updated today (2025-12-23 03:00:03)
[2025-12-23 08:02:09]   [emp_id: 4842] SKIPPED: Already updated today (2025-12-23 03:00:03)
[2025-12-23 08:02:09]   [emp_id: 4843] SKIPPED: Already updated today (2025-12-23 03:00:03)
[2025-12-23 08:02:09]   [emp_id: 4853] SKIPPED: Already updated today (2025-12-23 03:00:03)
[2025-12-23 08:02:09]   [emp_id: 4856] SKIPPED: Already updated today (2025-12-23 03:00:03)
[2025-12-23 08:02:09]   [emp_id: 4857] SKIPPED: Already updated today (2025-12-23 03:00:03)
[2025-12-23 08:02:09]   [emp_id: 4858] SKIPPED: Already updated today (2025-12-23 03:00:03)
[2025-12-23 08:02:09]   [emp_id: 4859] SKIPPED: Already updated today (2025-12-23 03:00:03)
[2025-12-23 08:02:09]   [emp_id: 4860] SKIPPED: Already updated today (2025-12-23 03:00:03)
[2025-12-23 08:02:09]   [emp_id: 4861] SKIPPED: Already updated today (2025-12-23 03:00:03)
[2025-12-23 08:02:09]   [emp_id: 4869] SKIPPED: Already updated today (2025-12-23 03:00:03)
[2025-12-23 08:02:09]   [emp_id: 4894] SKIPPED: Already updated today (2025-12-23 03:00:03)
[2025-12-23 08:02:09]   [emp_id: 4897] SKIPPED: Already updated today (2025-12-23 03:00:03)
[2025-12-23 08:02:09]   [emp_id: 4899] SKIPPED: Already updated today (2025-12-23 03:00:03)
[2025-12-23 08:02:09]   [emp_id: 4902] SKIPPED: Already updated today (2025-12-23 03:00:03)
[2025-12-23 08:02:09]   [emp_id: 4903] SKIPPED: Already updated today (2025-12-23 03:00:03)
[2025-12-23 08:02:09]   [emp_id: 4905] SKIPPED: Already updated today (2025-12-23 03:00:03)
[2025-12-23 08:02:09]   [emp_id: 4907] SKIPPED: Already updated today (2025-12-23 03:00:03)
[2025-12-23 08:02:09]   [emp_id: 4917] SKIPPED: Already updated today (2025-12-23 03:00:03)
[2025-12-23 08:02:09]   [emp_id: 4918] SKIPPED: Already updated today (2025-12-23 03:00:03)
[2025-12-23 08:02:09]   [emp_id: 4919] SKIPPED: Already updated today (2025-12-23 03:00:03)
[2025-12-23 08:02:09]   [emp_id: 4920] SKIPPED: Already updated today (2025-12-23 03:00:03)
[2025-12-23 08:02:09]   [emp_id: 4921] SKIPPED: Already updated today (2025-12-23 03:00:03)
[2025-12-23 08:02:09]   [emp_id: 4927] SKIPPED: Already updated today (2025-12-23 03:00:03)
[2025-12-23 08:02:09]   [emp_id: 4929] SKIPPED: Already updated today (2025-12-23 03:00:03)
[2025-12-23 08:02:09]   [emp_id: 4930] SKIPPED: Already updated today (2025-12-23 03:00:03)
[2025-12-23 08:02:09]   [emp_id: 4932] SKIPPED: Already updated today (2025-12-23 03:00:03)
[2025-12-23 08:02:09]   [emp_id: 4933] SKIPPED: Already updated today (2025-12-23 03:00:03)
[2025-12-23 08:02:09]   [emp_id: 4949] SKIPPED: Already updated today (2025-12-23 03:00:03)
[2025-12-23 08:02:09]   [emp_id: 4956] SKIPPED: Already updated today (2025-12-23 03:00:03)
[2025-12-23 08:02:09]   [emp_id: 4957] SKIPPED: Already updated today (2025-12-23 03:00:03)
[2025-12-23 08:02:09]   [emp_id: 4962] SKIPPED: Already updated today (2025-12-23 03:00:03)
[2025-12-23 08:02:09]   [emp_id: 4969] SKIPPED: Already updated today (2025-12-23 03:00:03)
[2025-12-23 08:02:09]   [emp_id: 4976] SKIPPED: Already updated today (2025-12-23 03:00:03)
[2025-12-23 08:02:09]   [emp_id: 4984] SKIPPED: Already updated today (2025-12-23 03:00:03)
[2025-12-23 08:02:09]   [emp_id: 4995] SKIPPED: Already updated today (2025-12-23 03:00:03)
[2025-12-23 08:02:09]   [emp_id: 5004] SKIPPED: Already updated today (2025-12-23 03:00:03)
[2025-12-23 08:02:09]   [emp_id: 5006] SKIPPED: Already updated today (2025-12-23 03:00:03)
[2025-12-23 08:02:09]   [emp_id: 5011] SKIPPED: Already updated today (2025-12-23 03:00:03)
[2025-12-23 08:02:09]   [emp_id: 5013] SKIPPED: Already updated today (2025-12-23 03:00:03)
[2025-12-23 08:02:09]   [emp_id: 5018] SKIPPED: Already updated today (2025-12-23 03:00:03)
[2025-12-23 08:02:09]   [emp_id: 5021] SKIPPED: Already updated today (2025-12-23 03:00:03)
[2025-12-23 08:02:09]   [emp_id: 5021] SKIPPED: Already updated today (2025-12-23 03:00:03)
[2025-12-23 08:02:09]   [emp_id: 5024] SKIPPED: Already updated today (2025-12-23 03:00:03)
[2025-12-23 08:02:09]   [emp_id: 5030] SKIPPED: Already updated today (2025-12-23 03:00:03)
[2025-12-23 08:02:09]   [emp_id: 5033] SKIPPED: Already updated today (2025-12-23 03:00:03)
[2025-12-23 08:02:09]   [emp_id: 5043] SKIPPED: Already updated today (2025-12-23 03:00:03)
[2025-12-23 08:02:09]   [emp_id: 5045] SKIPPED: Already updated today (2025-12-23 03:00:03)
[2025-12-23 08:02:09]   [emp_id: 5046] SKIPPED: Already updated today (2025-12-23 03:00:03)
[2025-12-23 08:02:09]   [emp_id: 5049] SKIPPED: Already updated today (2025-12-23 03:00:03)
[2025-12-23 08:02:09]   [emp_id: 5052] SKIPPED: Already updated today (2025-12-23 03:00:03)
[2025-12-23 08:02:09]   [emp_id: 5055] SKIPPED: Already updated today (2025-12-23 03:00:03)
[2025-12-23 08:02:09]   [emp_id: 5058] SKIPPED: Already updated today (2025-12-23 03:00:03)
[2025-12-23 08:02:09]   [emp_id: 5062] SKIPPED: Already updated today (2025-12-23 03:00:03)
[2025-12-23 08:02:09]   [emp_id: 5064] SKIPPED: Already updated today (2025-12-23 03:00:03)
[2025-12-23 08:02:09]   [emp_id: 5065] SKIPPED: Already updated today (2025-12-23 03:00:03)
[2025-12-23 08:02:09]   [emp_id: 5071] SKIPPED: Already updated today (2025-12-23 03:00:03)
[2025-12-23 08:02:09]   [emp_id: 5073] SKIPPED: Already updated today (2025-12-23 03:00:03)
[2025-12-23 08:02:09]   [emp_id: 5079] SKIPPED: Already updated today (2025-12-23 03:00:03)
[2025-12-23 08:02:09]   [emp_id: 5080] SKIPPED: Already updated today (2025-12-23 03:00:03)
[2025-12-23 08:02:09]   [emp_id: 5081] SKIPPED: Already updated today (2025-12-23 03:00:03)
[2025-12-23 08:02:09]   [emp_id: 5087] SKIPPED: Already updated today (2025-12-23 03:00:03)
[2025-12-23 08:02:09]   [emp_id: 5091] SKIPPED: Already updated today (2025-12-23 03:00:03)
[2025-12-23 08:02:09]   [emp_id: 5093] SKIPPED: Already updated today (2025-12-23 03:00:03)
[2025-12-23 08:02:09]   [emp_id: 5095] SKIPPED: Already updated today (2025-12-23 03:00:03)
[2025-12-23 08:02:09]   [emp_id: 5101] SKIPPED: Already updated today (2025-12-23 03:00:03)
[2025-12-23 08:02:09]   [emp_id: 5107] SKIPPED: Already updated today (2025-12-23 03:00:03)
[2025-12-23 08:02:09]   [emp_id: 5109] SKIPPED: Already updated today (2025-12-23 03:00:03)
[2025-12-23 08:02:09]   [emp_id: 5119] SKIPPED: Already updated today (2025-12-23 03:00:03)
[2025-12-23 08:02:09]   [emp_id: 5122] SKIPPED: Already updated today (2025-12-23 03:00:03)
[2025-12-23 08:02:09]   [emp_id: 5126] SKIPPED: Already updated today (2025-12-23 03:00:03)
[2025-12-23 08:02:09]   [emp_id: 5127] SKIPPED: Already updated today (2025-12-23 03:00:03)
[2025-12-23 08:02:09]   [emp_id: 5128] SKIPPED: Already updated today (2025-12-23 03:00:03)
[2025-12-23 08:02:09]   [emp_id: 5138] SKIPPED: Already updated today (2025-12-23 03:00:03)
[2025-12-23 08:02:09]   [emp_id: 5138] SKIPPED: Already updated today (2025-12-23 03:00:03)
[2025-12-23 08:02:09]   [emp_id: 5141] SKIPPED: Already updated today (2025-12-23 03:00:03)
[2025-12-23 08:02:09]   [emp_id: 5142] SKIPPED: Already updated today (2025-12-23 03:00:03)
[2025-12-23 08:02:09]   [emp_id: 5146] SKIPPED: Already updated today (2025-12-23 03:00:03)
[2025-12-23 08:02:09]   [emp_id: 5147] SKIPPED: Already updated today (2025-12-23 03:00:03)
[2025-12-23 08:02:09]   [emp_id: 5148] SKIPPED: Already updated today (2025-12-23 03:00:03)
[2025-12-23 08:02:09]   [emp_id: 5149] SKIPPED: Already updated today (2025-12-23 03:00:03)
[2025-12-23 08:02:09]   [emp_id: 5150] SKIPPED: Already updated today (2025-12-23 03:00:03)
[2025-12-23 08:02:09]   [emp_id: 5151] SKIPPED: Already updated today (2025-12-23 03:00:03)
[2025-12-23 08:02:09]   [emp_id: 5152] SKIPPED: Already updated today (2025-12-23 03:00:03)
[2025-12-23 08:02:09]   [emp_id: 5157] SKIPPED: Already updated today (2025-12-23 03:00:03)
[2025-12-23 08:02:09]   [emp_id: 5160] SKIPPED: Already updated today (2025-12-23 03:00:03)
[2025-12-23 08:02:09]   [emp_id: 5163] SKIPPED: Already updated today (2025-12-23 03:00:03)
[2025-12-23 08:02:09]   [emp_id: 5165] SKIPPED: Already updated today (2025-12-23 03:00:03)
[2025-12-23 08:02:09]   [emp_id: 5167] SKIPPED: Already updated today (2025-12-23 03:00:03)
[2025-12-23 08:02:09]   [emp_id: 5168] SKIPPED: Already updated today (2025-12-23 03:00:03)
[2025-12-23 08:02:09]   [emp_id: 5173] SKIPPED: Already updated today (2025-12-23 03:00:03)
[2025-12-23 08:02:09]   [emp_id: 5174] SKIPPED: Already updated today (2025-12-23 03:00:03)
[2025-12-23 08:02:09]   [emp_id: 5181] SKIPPED: Already updated today (2025-12-23 03:00:03)
[2025-12-23 08:02:09]   [emp_id: 5186] SKIPPED: Already updated today (2025-12-23 03:00:03)
[2025-12-23 08:02:09]   [emp_id: 5187] SKIPPED: Already updated today (2025-12-23 03:00:03)
[2025-12-23 08:02:09]   [emp_id: 5204] SKIPPED: Already updated today (2025-12-23 03:00:03)
[2025-12-23 08:02:09]   [emp_id: 5205] SKIPPED: Already updated today (2025-12-23 03:00:03)
[2025-12-23 08:02:09]   [emp_id: 5209] SKIPPED: Already updated today (2025-12-23 03:00:03)
[2025-12-23 08:02:09]   [emp_id: 5213] SKIPPED: Already updated today (2025-12-23 03:00:03)
[2025-12-23 08:02:09]   [emp_id: 5214] SKIPPED: Already updated today (2025-12-23 03:00:04)
[2025-12-23 08:02:09]   [emp_id: 5215] SKIPPED: Already updated today (2025-12-23 03:00:04)
[2025-12-23 08:02:09]   [emp_id: 5217] SKIPPED: Already updated today (2025-12-23 03:00:04)
[2025-12-23 08:02:09]   [emp_id: 5219] SKIPPED: Already updated today (2025-12-23 03:00:04)
[2025-12-23 08:02:09]   [emp_id: 5221] SKIPPED: Already updated today (2025-12-23 03:00:04)
[2025-12-23 08:02:09]   [emp_id: 5224] SKIPPED: Already updated today (2025-12-23 03:00:04)
[2025-12-23 08:02:09]   [emp_id: 5225] SKIPPED: Already updated today (2025-12-23 03:00:04)
[2025-12-23 08:02:09]   [emp_id: 5228] SKIPPED: Already updated today (2025-12-23 03:00:04)
[2025-12-23 08:02:09]   [emp_id: 5229] SKIPPED: Already updated today (2025-12-23 03:00:04)
[2025-12-23 08:02:09]   [emp_id: 5230] SKIPPED: Already updated today (2025-12-23 03:00:04)
[2025-12-23 08:02:09]   [emp_id: 5231] SKIPPED: Already updated today (2025-12-23 03:00:04)
[2025-12-23 08:02:09]   [emp_id: 5232] SKIPPED: Already updated today (2025-12-23 03:00:04)
[2025-12-23 08:02:09]   [emp_id: 5233] SKIPPED: Already updated today (2025-12-23 03:00:04)
[2025-12-23 08:02:09]   [emp_id: 5234] SKIPPED: Already updated today (2025-12-23 03:00:04)
[2025-12-23 08:02:09]   [emp_id: 5235] SKIPPED: Already updated today (2025-12-23 03:00:04)
[2025-12-23 08:02:09]   [emp_id: 5237] SKIPPED: Already updated today (2025-12-23 03:00:04)
[2025-12-23 08:02:09]   [emp_id: 5239] SKIPPED: Already updated today (2025-12-23 03:00:04)
[2025-12-23 08:02:09]   [emp_id: 5241] SKIPPED: Already updated today (2025-12-23 03:00:04)
[2025-12-23 08:02:09]   [emp_id: 5242] SKIPPED: Already updated today (2025-12-23 03:00:04)
[2025-12-23 08:02:09]   [emp_id: 5243] SKIPPED: Already updated today (2025-12-23 03:00:04)
[2025-12-23 08:02:09]   [emp_id: 5244] SKIPPED: Already updated today (2025-12-23 03:00:04)
[2025-12-23 08:02:09]   [emp_id: 5246] SKIPPED: Already updated today (2025-12-23 03:00:04)
[2025-12-23 08:02:09]   [emp_id: 5253] SKIPPED: Already updated today (2025-12-23 03:00:04)
[2025-12-23 08:02:09]   [emp_id: 5254] SKIPPED: Already updated today (2025-12-23 03:00:04)
[2025-12-23 08:02:09]   [emp_id: 5257] SKIPPED: Already updated today (2025-12-23 03:00:04)
[2025-12-23 08:02:09]   [emp_id: 5259] SKIPPED: Already updated today (2025-12-23 03:00:04)
[2025-12-23 08:02:09]   [emp_id: 5261] SKIPPED: Already updated today (2025-12-23 03:00:04)
[2025-12-23 08:02:09]   [emp_id: 5264] SKIPPED: Already updated today (2025-12-23 03:00:04)
[2025-12-23 08:02:09]   [emp_id: 5266] SKIPPED: Already updated today (2025-12-23 03:00:04)
[2025-12-23 08:02:09]   [emp_id: 5268] SKIPPED: Already updated today (2025-12-23 03:00:04)
[2025-12-23 08:02:09]   [emp_id: 5271] SKIPPED: Already updated today (2025-12-23 03:00:04)
[2025-12-23 08:02:09]   [emp_id: 5272] SKIPPED: Already updated today (2025-12-23 03:00:04)
[2025-12-23 08:02:09]   [emp_id: 5273] SKIPPED: Already updated today (2025-12-23 03:00:04)
[2025-12-23 08:02:09]   [emp_id: 5275] SKIPPED: Already updated today (2025-12-23 03:00:04)
[2025-12-23 08:02:09]   [emp_id: 5276] SKIPPED: Already updated today (2025-12-23 03:00:04)
[2025-12-23 08:02:09]   [emp_id: 5278] SKIPPED: Already updated today (2025-12-23 03:00:04)
[2025-12-23 08:02:09]   [emp_id: 5280] SKIPPED: Already updated today (2025-12-23 03:00:04)
[2025-12-23 08:02:09]   [emp_id: 5282] SKIPPED: Already updated today (2025-12-23 03:00:04)
[2025-12-23 08:02:09]   [emp_id: 5285] SKIPPED: Already updated today (2025-12-23 03:00:04)
[2025-12-23 08:02:09]   [emp_id: 5286] SKIPPED: Already updated today (2025-12-23 03:00:04)
[2025-12-23 08:02:09]   [emp_id: 5287] SKIPPED: Already updated today (2025-12-23 03:00:04)
[2025-12-23 08:02:09]   [emp_id: 5288] SKIPPED: Already updated today (2025-12-23 03:00:04)
[2025-12-23 08:02:09]   [emp_id: 5289] SKIPPED: Already updated today (2025-12-23 03:00:04)
[2025-12-23 08:02:09]   [emp_id: 5290] SKIPPED: Already updated today (2025-12-23 03:00:04)
[2025-12-23 08:02:09]   [emp_id: 5291] SKIPPED: Already updated today (2025-12-23 03:00:04)
[2025-12-23 08:02:09]   [emp_id: 5292] SKIPPED: Already updated today (2025-12-23 03:00:04)
[2025-12-23 08:02:09]   [emp_id: 5293] SKIPPED: Already updated today (2025-12-23 03:00:04)
[2025-12-23 08:02:09]   [emp_id: 5294] SKIPPED: Already updated today (2025-12-23 03:00:04)
[2025-12-23 08:02:09]   [emp_id: 5295] SKIPPED: Already updated today (2025-12-23 03:00:04)
[2025-12-23 08:02:09]   [emp_id: 5296] SKIPPED: Already updated today (2025-12-23 03:00:04)
[2025-12-23 08:02:09]   [emp_id: 5297] SKIPPED: Already updated today (2025-12-23 03:00:04)
[2025-12-23 08:02:09]   [emp_id: 5298] SKIPPED: Already updated today (2025-12-23 03:00:04)
[2025-12-23 08:02:09]   [emp_id: 5299] SKIPPED: Already updated today (2025-12-23 03:00:04)
[2025-12-23 08:02:09]   [emp_id: 5300] SKIPPED: Already updated today (2025-12-23 03:00:04)
[2025-12-23 08:02:09]   [emp_id: 5301] SKIPPED: Already updated today (2025-12-23 03:00:04)
[2025-12-23 08:02:09]   [emp_id: 5303] SKIPPED: Already updated today (2025-12-23 03:00:04)
[2025-12-23 08:02:09]   [emp_id: 5304] SKIPPED: Already updated today (2025-12-23 03:00:04)
[2025-12-23 08:02:09]   [emp_id: 5305] SKIPPED: Already updated today (2025-12-23 03:00:04)
[2025-12-23 08:02:09]   [emp_id: 5306] SKIPPED: Already updated today (2025-12-23 03:00:04)
[2025-12-23 08:02:09]   [emp_id: 5307] SKIPPED: Already updated today (2025-12-23 03:00:04)
[2025-12-23 08:02:09]   [emp_id: 5312] SKIPPED: Already updated today (2025-12-23 03:00:04)
[2025-12-23 08:02:09]   [emp_id: 5318] SKIPPED: Already updated today (2025-12-23 03:00:04)
[2025-12-23 08:02:09]   [emp_id: 5325] SKIPPED: Already updated today (2025-12-23 03:00:04)
[2025-12-23 08:02:09]   [emp_id: 5327] SKIPPED: Already updated today (2025-12-23 03:00:04)
[2025-12-23 08:02:09]   [emp_id: 5337] SKIPPED: Already updated today (2025-12-23 03:00:04)
[2025-12-23 08:02:09]   [emp_id: 5339] SKIPPED: Already updated today (2025-12-23 03:00:04)
[2025-12-23 08:02:09]   [emp_id: 5343] SKIPPED: Already updated today (2025-12-23 03:00:04)
[2025-12-23 08:02:09]   [emp_id: 5343] SKIPPED: Already updated today (2025-12-23 03:00:04)
[2025-12-23 08:02:09]   [emp_id: 5345] SKIPPED: Already updated today (2025-12-23 03:00:04)
[2025-12-23 08:02:09]   [emp_id: 5346] SKIPPED: Already updated today (2025-12-23 03:00:04)
[2025-12-23 08:02:09]   [emp_id: 5351] SKIPPED: Already updated today (2025-12-23 03:00:04)
[2025-12-23 08:02:09]   [emp_id: 5352] SKIPPED: Already updated today (2025-12-23 03:00:04)
[2025-12-23 08:02:09]   [emp_id: 5370] SKIPPED: Already updated today (2025-12-23 03:00:04)
[2025-12-23 08:02:09]   [emp_id: 5371] SKIPPED: Already updated today (2025-12-23 03:00:04)
[2025-12-23 08:02:09]   [emp_id: 5376] SKIPPED: Already updated today (2025-12-23 03:00:04)
[2025-12-23 08:02:09]   [emp_id: 5378] SKIPPED: Already updated today (2025-12-23 03:00:04)
[2025-12-23 08:02:09]   [emp_id: 5380] SKIPPED: Already updated today (2025-12-23 03:00:04)
[2025-12-23 08:02:09]   [emp_id: 5381] SKIPPED: Already updated today (2025-12-23 03:00:04)
[2025-12-23 08:02:09]   [emp_id: 5383] SKIPPED: Already updated today (2025-12-23 03:00:04)
[2025-12-23 08:02:09]   [emp_id: 5388] SKIPPED: Already updated today (2025-12-23 03:00:04)
[2025-12-23 08:02:09]   [emp_id: 5396] SKIPPED: Already updated today (2025-12-23 03:00:04)
[2025-12-23 08:02:09]   [emp_id: 5397] SKIPPED: Already updated today (2025-12-23 03:00:04)
[2025-12-23 08:02:09]   [emp_id: 5401] SKIPPED: Already updated today (2025-12-23 03:00:04)
[2025-12-23 08:02:09]   [emp_id: 5402] SKIPPED: Already updated today (2025-12-23 03:00:04)
[2025-12-23 08:02:09]   [emp_id: 5406] SKIPPED: Already updated today (2025-12-23 03:00:04)
[2025-12-23 08:02:09]   [emp_id: 5407] SKIPPED: Already updated today (2025-12-23 03:00:04)
[2025-12-23 08:02:09]   [emp_id: 5409] SKIPPED: Already updated today (2025-12-23 03:00:04)
[2025-12-23 08:02:09]   [emp_id: 5413] SKIPPED: Already updated today (2025-12-23 03:00:04)
[2025-12-23 08:02:09]   [emp_id: 5414] SKIPPED: Already updated today (2025-12-23 03:00:04)
[2025-12-23 08:02:09]   [emp_id: 5415] SKIPPED: Already updated today (2025-12-23 03:00:04)
[2025-12-23 08:02:09]   [emp_id: 5418] SKIPPED: Already updated today (2025-12-23 03:00:04)
[2025-12-23 08:02:09]   [emp_id: 5422] SKIPPED: Already updated today (2025-12-23 03:00:04)
[2025-12-23 08:02:09]   [emp_id: 5423] SKIPPED: Already updated today (2025-12-23 03:00:04)
[2025-12-23 08:02:09]   [emp_id: 5423] SKIPPED: Already updated today (2025-12-23 03:00:04)
[2025-12-23 08:02:09]   [emp_id: 5423] SKIPPED: Already updated today (2025-12-23 03:00:04)
[2025-12-23 08:02:09]   [emp_id: 5424] SKIPPED: Already updated today (2025-12-23 03:00:04)
[2025-12-23 08:02:09]   [emp_id: 5425] SKIPPED: Already updated today (2025-12-23 03:00:04)
[2025-12-23 08:02:09]   [emp_id: 5426] SKIPPED: Already updated today (2025-12-23 03:00:04)
[2025-12-23 08:02:09]   [emp_id: 5426] SKIPPED: Already updated today (2025-12-23 03:00:04)
[2025-12-23 08:02:09]   [emp_id: 5427] SKIPPED: Already updated today (2025-12-23 03:00:04)
[2025-12-23 08:02:09]   [emp_id: 5428] SKIPPED: Already updated today (2025-12-23 03:00:04)
[2025-12-23 08:02:09]   [emp_id: 5430] SKIPPED: Already updated today (2025-12-23 03:00:04)
[2025-12-23 08:02:09]   [emp_id: 5431] SKIPPED: Already updated today (2025-12-23 03:00:04)
[2025-12-23 08:02:09]   [emp_id: 5434] SKIPPED: Already updated today (2025-12-23 03:00:04)
[2025-12-23 08:02:09]   [emp_id: 5435] SKIPPED: Already updated today (2025-12-23 03:00:04)
[2025-12-23 08:02:09]   [emp_id: 5436] SKIPPED: Already updated today (2025-12-23 03:00:04)
[2025-12-23 08:02:09]   [emp_id: 5438] SKIPPED: Already updated today (2025-12-23 03:00:04)
[2025-12-23 08:02:09]   [emp_id: 5439] SKIPPED: Already updated today (2025-12-23 03:00:04)
[2025-12-23 08:02:09]   [emp_id: 5442] SKIPPED: Already updated today (2025-12-23 03:00:04)
[2025-12-23 08:02:09]   [emp_id: 5443] SKIPPED: Already updated today (2025-12-23 03:00:04)
[2025-12-23 08:02:09]   [emp_id: 5445] SKIPPED: Already updated today (2025-12-23 03:00:04)
[2025-12-23 08:02:09]   [emp_id: 5446] SKIPPED: Already updated today (2025-12-23 03:00:04)
[2025-12-23 08:02:09]   [emp_id: 5447] SKIPPED: Already updated today (2025-12-23 03:00:04)
[2025-12-23 08:02:09]   [emp_id: 5448] SKIPPED: Already updated today (2025-12-23 03:00:04)
[2025-12-23 08:02:09]   [emp_id: 5449] SKIPPED: Already updated today (2025-12-23 03:00:04)
[2025-12-23 08:02:09]   [emp_id: 5450] SKIPPED: Already updated today (2025-12-23 03:00:04)
[2025-12-23 08:02:09]   [emp_id: 5451] SKIPPED: Already updated today (2025-12-23 03:00:04)
[2025-12-23 08:02:09]   [emp_id: 5454] SKIPPED: Already updated today (2025-12-23 03:00:04)
[2025-12-23 08:02:09]   [emp_id: 5455] SKIPPED: Already updated today (2025-12-23 03:00:04)
[2025-12-23 08:02:09]   [emp_id: 5456] SKIPPED: Already updated today (2025-12-23 03:00:04)
[2025-12-23 08:02:09] 
[2025-12-23 08:02:09] ========== SUMMARY ==========
[2025-12-23 08:02:09] Total employees processed: 433
[2025-12-23 08:02:09] Records updated: 0
[2025-12-23 08:02:09] Balances changed: 0
[2025-12-23 08:02:09] Errors: 0
[2025-12-23 08:02:09] ========== CRON: Vacation Balance Update Completed ==========
[2025-12-23 08:02:09] 
[2025-12-23 13:49:51] ========== CRON: Vacation Balance Update Started ==========
[2025-12-23 13:49:51] Database connection established
[2025-12-23 13:49:51] Found 430 active employees with balance records to update
[2025-12-23 13:49:51] (Only employees with status=1 will be processed)
[2025-12-23 13:49:51]   [emp_id: 1061] SKIPPED: Already updated today (2025-12-23 03:00:02)
[2025-12-23 13:49:51]   [emp_id: 1496] SKIPPED: Already updated today (2025-12-23 03:00:02)
[2025-12-23 13:49:51]   [emp_id: 1500] SKIPPED: Already updated today (2025-12-23 03:00:02)
[2025-12-23 13:49:51]   [emp_id: 1574] SKIPPED: Already updated today (2025-12-23 03:00:02)
[2025-12-23 13:49:51]   [emp_id: 1673] SKIPPED: Already updated today (2025-12-23 03:00:02)
[2025-12-23 13:49:51]   [emp_id: 1685] SKIPPED: Already updated today (2025-12-23 03:00:02)
[2025-12-23 13:49:51]   [emp_id: 1764] SKIPPED: Already updated today (2025-12-23 03:00:02)
[2025-12-23 13:49:51]   [emp_id: 1805] SKIPPED: Already updated today (2025-12-23 03:00:02)
[2025-12-23 13:49:51]   [emp_id: 1822] SKIPPED: Already updated today (2025-12-23 03:00:02)
[2025-12-23 13:49:51]   [emp_id: 1837] SKIPPED: Already updated today (2025-12-23 03:00:02)
[2025-12-23 13:49:51]   [emp_id: 1857] SKIPPED: Already updated today (2025-12-23 03:00:02)
[2025-12-23 13:49:51]   [emp_id: 1861] SKIPPED: Already updated today (2025-12-23 03:00:02)
[2025-12-23 13:49:51]   [emp_id: 1872] SKIPPED: Already updated today (2025-12-23 03:00:02)
[2025-12-23 13:49:51]   [emp_id: 1897] SKIPPED: Already updated today (2025-12-23 03:00:02)
[2025-12-23 13:49:51]   [emp_id: 1916] SKIPPED: Already updated today (2025-12-23 03:00:02)
[2025-12-23 13:49:51]   [emp_id: 1928] SKIPPED: Already updated today (2025-12-23 03:00:02)
[2025-12-23 13:49:51]   [emp_id: 1931] SKIPPED: Already updated today (2025-12-23 03:00:02)
[2025-12-23 13:49:51]   [emp_id: 1944] SKIPPED: Already updated today (2025-12-23 03:00:02)
[2025-12-23 13:49:51]   [emp_id: 1996] SKIPPED: Already updated today (2025-12-23 03:00:02)
[2025-12-23 13:49:51]   [emp_id: 1997] SKIPPED: Already updated today (2025-12-23 03:00:02)
[2025-12-23 13:49:51]   [emp_id: 1998] SKIPPED: Already updated today (2025-12-23 03:00:02)
[2025-12-23 13:49:51]   [emp_id: 1999] SKIPPED: Already updated today (2025-12-23 03:00:02)
[2025-12-23 13:49:51]   [emp_id: 2009] SKIPPED: Already updated today (2025-12-23 03:00:02)
[2025-12-23 13:49:51]   [emp_id: 2048] SKIPPED: Already updated today (2025-12-23 03:00:02)
[2025-12-23 13:49:51]   [emp_id: 2057] SKIPPED: Already updated today (2025-12-23 03:00:02)
[2025-12-23 13:49:51]   [emp_id: 2079] SKIPPED: Already updated today (2025-12-23 03:00:02)
[2025-12-23 13:49:51]   [emp_id: 2181] SKIPPED: Already updated today (2025-12-23 03:00:02)
[2025-12-23 13:49:51]   [emp_id: 2190] SKIPPED: Already updated today (2025-12-23 03:00:02)
[2025-12-23 13:49:51]   [emp_id: 2212] SKIPPED: Already updated today (2025-12-23 03:00:02)
[2025-12-23 13:49:51]   [emp_id: 2226] SKIPPED: Already updated today (2025-12-23 03:00:02)
[2025-12-23 13:49:51]   [emp_id: 2238] SKIPPED: Already updated today (2025-12-23 03:00:02)
[2025-12-23 13:49:51]   [emp_id: 2285] SKIPPED: Already updated today (2025-12-23 03:00:02)
[2025-12-23 13:49:51]   [emp_id: 2287] SKIPPED: Already updated today (2025-12-23 03:00:02)
[2025-12-23 13:49:51]   [emp_id: 2288] SKIPPED: Already updated today (2025-12-23 03:00:02)
[2025-12-23 13:49:51]   [emp_id: 2316] SKIPPED: Already updated today (2025-12-23 03:00:02)
[2025-12-23 13:49:51]   [emp_id: 2337] SKIPPED: Already updated today (2025-12-23 03:00:02)
[2025-12-23 13:49:51]   [emp_id: 2352] SKIPPED: Already updated today (2025-12-23 03:00:02)
[2025-12-23 13:49:51]   [emp_id: 2358] SKIPPED: Already updated today (2025-12-23 03:00:02)
[2025-12-23 13:49:51]   [emp_id: 2361] SKIPPED: Already updated today (2025-12-23 03:00:02)
[2025-12-23 13:49:51]   [emp_id: 2363] SKIPPED: Already updated today (2025-12-23 03:00:02)
[2025-12-23 13:49:51]   [emp_id: 2364] SKIPPED: Already updated today (2025-12-23 03:00:02)
[2025-12-23 13:49:51]   [emp_id: 2367] SKIPPED: Already updated today (2025-12-23 03:00:02)
[2025-12-23 13:49:51]   [emp_id: 2368] SKIPPED: Already updated today (2025-12-23 03:00:02)
[2025-12-23 13:49:51]   [emp_id: 2372] SKIPPED: Already updated today (2025-12-23 03:00:02)
[2025-12-23 13:49:51]   [emp_id: 2376] SKIPPED: Already updated today (2025-12-23 03:00:02)
[2025-12-23 13:49:51]   [emp_id: 2423] SKIPPED: Already updated today (2025-12-23 03:00:02)
[2025-12-23 13:49:51]   [emp_id: 2519] SKIPPED: Already updated today (2025-12-23 03:00:02)
[2025-12-23 13:49:51]   [emp_id: 2522] SKIPPED: Already updated today (2025-12-23 03:00:02)
[2025-12-23 13:49:51]   [emp_id: 2530] SKIPPED: Already updated today (2025-12-23 03:00:02)
[2025-12-23 13:49:51]   [emp_id: 2539] SKIPPED: Already updated today (2025-12-23 03:00:02)
[2025-12-23 13:49:51]   [emp_id: 2541] SKIPPED: Already updated today (2025-12-23 03:00:02)
[2025-12-23 13:49:51]   [emp_id: 2550] SKIPPED: Already updated today (2025-12-23 03:00:02)
[2025-12-23 13:49:51]   [emp_id: 2553] SKIPPED: Already updated today (2025-12-23 03:00:02)
[2025-12-23 13:49:51]   [emp_id: 2554] SKIPPED: Already updated today (2025-12-23 03:00:02)
[2025-12-23 13:49:51]   [emp_id: 2565] SKIPPED: Already updated today (2025-12-23 03:00:02)
[2025-12-23 13:49:51]   [emp_id: 2572] SKIPPED: Already updated today (2025-12-23 03:00:02)
[2025-12-23 13:49:51]   [emp_id: 2637] SKIPPED: Already updated today (2025-12-23 03:00:02)
[2025-12-23 13:49:51]   [emp_id: 2642] SKIPPED: Already updated today (2025-12-23 03:00:02)
[2025-12-23 13:49:51]   [emp_id: 2645] SKIPPED: Already updated today (2025-12-23 03:00:02)
[2025-12-23 13:49:51]   [emp_id: 2648] SKIPPED: Already updated today (2025-12-23 03:00:02)
[2025-12-23 13:49:51]   [emp_id: 2654] SKIPPED: Already updated today (2025-12-23 03:00:02)
[2025-12-23 13:49:51]   [emp_id: 2688] SKIPPED: Already updated today (2025-12-23 03:00:02)
[2025-12-23 13:49:51]   [emp_id: 2690] SKIPPED: Already updated today (2025-12-23 03:00:02)
[2025-12-23 13:49:51]   [emp_id: 2709] SKIPPED: Already updated today (2025-12-23 03:00:02)
[2025-12-23 13:49:51]   [emp_id: 2745] SKIPPED: Already updated today (2025-12-23 03:00:02)
[2025-12-23 13:49:51]   [emp_id: 2843] SKIPPED: Already updated today (2025-12-23 03:00:02)
[2025-12-23 13:49:51]   [emp_id: 2854] SKIPPED: Already updated today (2025-12-23 03:00:02)
[2025-12-23 13:49:51]   [emp_id: 2869] SKIPPED: Already updated today (2025-12-23 03:00:02)
[2025-12-23 13:49:51]   [emp_id: 2876] SKIPPED: Already updated today (2025-12-23 03:00:02)
[2025-12-23 13:49:51]   [emp_id: 2924] SKIPPED: Already updated today (2025-12-23 03:00:02)
[2025-12-23 13:49:51]   [emp_id: 2953] SKIPPED: Already updated today (2025-12-23 03:00:02)
[2025-12-23 13:49:51]   [emp_id: 2961] SKIPPED: Already updated today (2025-12-23 03:00:02)
[2025-12-23 13:49:51]   [emp_id: 2975] SKIPPED: Already updated today (2025-12-23 03:00:02)
[2025-12-23 13:49:51]   [emp_id: 3013] SKIPPED: Already updated today (2025-12-23 03:00:02)
[2025-12-23 13:49:51]   [emp_id: 3014] SKIPPED: Already updated today (2025-12-23 03:00:02)
[2025-12-23 13:49:51]   [emp_id: 3015] SKIPPED: Already updated today (2025-12-23 03:00:02)
[2025-12-23 13:49:51]   [emp_id: 3018] SKIPPED: Already updated today (2025-12-23 03:00:02)
[2025-12-23 13:49:51]   [emp_id: 3025] SKIPPED: Already updated today (2025-12-23 03:00:02)
[2025-12-23 13:49:51]   [emp_id: 3037] SKIPPED: Already updated today (2025-12-23 03:00:02)
[2025-12-23 13:49:51]   [emp_id: 3047] SKIPPED: Already updated today (2025-12-23 03:00:02)
[2025-12-23 13:49:51]   [emp_id: 3061] SKIPPED: Already updated today (2025-12-23 03:00:02)
[2025-12-23 13:49:51]   [emp_id: 3062] SKIPPED: Already updated today (2025-12-23 03:00:02)
[2025-12-23 13:49:51]   [emp_id: 3074] SKIPPED: Already updated today (2025-12-23 03:00:02)
[2025-12-23 13:49:51]   [emp_id: 3089] SKIPPED: Already updated today (2025-12-23 03:00:02)
[2025-12-23 13:49:51]   [emp_id: 3090] SKIPPED: Already updated today (2025-12-23 03:00:02)
[2025-12-23 13:49:51]   [emp_id: 3091] SKIPPED: Already updated today (2025-12-23 03:00:02)
[2025-12-23 13:49:51]   [emp_id: 3092] SKIPPED: Already updated today (2025-12-23 03:00:02)
[2025-12-23 13:49:51]   [emp_id: 3105] SKIPPED: Already updated today (2025-12-23 03:00:02)
[2025-12-23 13:49:51]   [emp_id: 3134] SKIPPED: Already updated today (2025-12-23 03:00:02)
[2025-12-23 13:49:51]   [emp_id: 3140] SKIPPED: Already updated today (2025-12-23 03:00:02)
[2025-12-23 13:49:51]   [emp_id: 3144] SKIPPED: Already updated today (2025-12-23 03:00:02)
[2025-12-23 13:49:51]   [emp_id: 3156] SKIPPED: Already updated today (2025-12-23 03:00:02)
[2025-12-23 13:49:51]   [emp_id: 3162] SKIPPED: Already updated today (2025-12-23 03:00:02)
[2025-12-23 13:49:51]   [emp_id: 3163] SKIPPED: Already updated today (2025-12-23 03:00:02)
[2025-12-23 13:49:51]   [emp_id: 3198] SKIPPED: Already updated today (2025-12-23 03:00:02)
[2025-12-23 13:49:51]   [emp_id: 3205] SKIPPED: Already updated today (2025-12-23 03:00:02)
[2025-12-23 13:49:51]   [emp_id: 3209] SKIPPED: Already updated today (2025-12-23 03:00:02)
[2025-12-23 13:49:51]   [emp_id: 3223] SKIPPED: Already updated today (2025-12-23 03:00:02)
[2025-12-23 13:49:51]   [emp_id: 3224] SKIPPED: Already updated today (2025-12-23 03:00:02)
[2025-12-23 13:49:51]   [emp_id: 3230] SKIPPED: Already updated today (2025-12-23 03:00:02)
[2025-12-23 13:49:51]   [emp_id: 3231] SKIPPED: Already updated today (2025-12-23 03:00:02)
[2025-12-23 13:49:51]   [emp_id: 3233] SKIPPED: Already updated today (2025-12-23 03:00:02)
[2025-12-23 13:49:51]   [emp_id: 3249] SKIPPED: Already updated today (2025-12-23 03:00:02)
[2025-12-23 13:49:51]   [emp_id: 3250] SKIPPED: Already updated today (2025-12-23 03:00:02)
[2025-12-23 13:49:51]   [emp_id: 3252] SKIPPED: Already updated today (2025-12-23 03:00:02)
[2025-12-23 13:49:51]   [emp_id: 3254] SKIPPED: Already updated today (2025-12-23 03:00:02)
[2025-12-23 13:49:51]   [emp_id: 3255] SKIPPED: Already updated today (2025-12-23 03:00:02)
[2025-12-23 13:49:51]   [emp_id: 3256] SKIPPED: Already updated today (2025-12-23 03:00:02)
[2025-12-23 13:49:51]   [emp_id: 3263] SKIPPED: Already updated today (2025-12-23 03:00:02)
[2025-12-23 13:49:51]   [emp_id: 3265] SKIPPED: Already updated today (2025-12-23 03:00:02)
[2025-12-23 13:49:51]   [emp_id: 3280] SKIPPED: Already updated today (2025-12-23 03:00:02)
[2025-12-23 13:49:51]   [emp_id: 3286] SKIPPED: Already updated today (2025-12-23 03:00:02)
[2025-12-23 13:49:51]   [emp_id: 3294] SKIPPED: Already updated today (2025-12-23 03:00:02)
[2025-12-23 13:49:51]   [emp_id: 3321] SKIPPED: Already updated today (2025-12-23 03:00:02)
[2025-12-23 13:49:51]   [emp_id: 3325] SKIPPED: Already updated today (2025-12-23 03:00:02)
[2025-12-23 13:49:51]   [emp_id: 3329] SKIPPED: Already updated today (2025-12-23 03:00:02)
[2025-12-23 13:49:51]   [emp_id: 3330] SKIPPED: Already updated today (2025-12-23 03:00:02)
[2025-12-23 13:49:51]   [emp_id: 3332] SKIPPED: Already updated today (2025-12-23 03:00:02)
[2025-12-23 13:49:51]   [emp_id: 3370] SKIPPED: Already updated today (2025-12-23 03:00:02)
[2025-12-23 13:49:51]   [emp_id: 3384] SKIPPED: Already updated today (2025-12-23 03:00:02)
[2025-12-23 13:49:51]   [emp_id: 3386] SKIPPED: Already updated today (2025-12-23 03:00:02)
[2025-12-23 13:49:51]   [emp_id: 3431] SKIPPED: Already updated today (2025-12-23 03:00:02)
[2025-12-23 13:49:51]   [emp_id: 3497] SKIPPED: Already updated today (2025-12-23 03:00:02)
[2025-12-23 13:49:51]   [emp_id: 3532] SKIPPED: Already updated today (2025-12-23 03:00:02)
[2025-12-23 13:49:51]   [emp_id: 3586] SKIPPED: Already updated today (2025-12-23 03:00:02)
[2025-12-23 13:49:51]   [emp_id: 3602] SKIPPED: Already updated today (2025-12-23 03:00:02)
[2025-12-23 13:49:51]   [emp_id: 3618] SKIPPED: Already updated today (2025-12-23 03:00:02)
[2025-12-23 13:49:51]   [emp_id: 3622] SKIPPED: Already updated today (2025-12-23 03:00:02)
[2025-12-23 13:49:51]   [emp_id: 3627] SKIPPED: Already updated today (2025-12-23 03:00:02)
[2025-12-23 13:49:51]   [emp_id: 3665] SKIPPED: Already updated today (2025-12-23 03:00:02)
[2025-12-23 13:49:51]   [emp_id: 3705] SKIPPED: Already updated today (2025-12-23 03:00:02)
[2025-12-23 13:49:51]   [emp_id: 3724] SKIPPED: Already updated today (2025-12-23 03:00:02)
[2025-12-23 13:49:51]   [emp_id: 3726] SKIPPED: Already updated today (2025-12-23 03:00:02)
[2025-12-23 13:49:51]   [emp_id: 3727] SKIPPED: Already updated today (2025-12-23 03:00:02)
[2025-12-23 13:49:51]   [emp_id: 3728] SKIPPED: Already updated today (2025-12-23 03:00:02)
[2025-12-23 13:49:51]   [emp_id: 3742] SKIPPED: Already updated today (2025-12-23 03:00:02)
[2025-12-23 13:49:51]   [emp_id: 3767] SKIPPED: Already updated today (2025-12-23 03:00:02)
[2025-12-23 13:49:51]   [emp_id: 3768] SKIPPED: Already updated today (2025-12-23 03:00:02)
[2025-12-23 13:49:51]   [emp_id: 3787] SKIPPED: Already updated today (2025-12-23 03:00:02)
[2025-12-23 13:49:51]   [emp_id: 3790] SKIPPED: Already updated today (2025-12-23 03:00:02)
[2025-12-23 13:49:51]   [emp_id: 3795] SKIPPED: Already updated today (2025-12-23 03:00:02)
[2025-12-23 13:49:51]   [emp_id: 3798] SKIPPED: Already updated today (2025-12-23 03:00:02)
[2025-12-23 13:49:51]   [emp_id: 3801] SKIPPED: Already updated today (2025-12-23 03:00:02)
[2025-12-23 13:49:51]   [emp_id: 3802] SKIPPED: Already updated today (2025-12-23 03:00:02)
[2025-12-23 13:49:51]   [emp_id: 3803] SKIPPED: Already updated today (2025-12-23 03:00:02)
[2025-12-23 13:49:51]   [emp_id: 3810] SKIPPED: Already updated today (2025-12-23 03:00:02)
[2025-12-23 13:49:51]   [emp_id: 3812] SKIPPED: Already updated today (2025-12-23 03:00:02)
[2025-12-23 13:49:51]   [emp_id: 3815] SKIPPED: Already updated today (2025-12-23 03:00:02)
[2025-12-23 13:49:51]   [emp_id: 3836] SKIPPED: Already updated today (2025-12-23 03:00:02)
[2025-12-23 13:49:51]   [emp_id: 3855] SKIPPED: Already updated today (2025-12-23 03:00:02)
[2025-12-23 13:49:51]   [emp_id: 3857] SKIPPED: Already updated today (2025-12-23 03:00:02)
[2025-12-23 13:49:51]   [emp_id: 3862] SKIPPED: Already updated today (2025-12-23 03:00:02)
[2025-12-23 13:49:51]   [emp_id: 3866] SKIPPED: Already updated today (2025-12-23 03:00:02)
[2025-12-23 13:49:51]   [emp_id: 3876] SKIPPED: Already updated today (2025-12-23 03:00:02)
[2025-12-23 13:49:51]   [emp_id: 3877] SKIPPED: Already updated today (2025-12-23 03:00:02)
[2025-12-23 13:49:51]   [emp_id: 3897] SKIPPED: Already updated today (2025-12-23 03:00:02)
[2025-12-23 13:49:51]   [emp_id: 3899] SKIPPED: Already updated today (2025-12-23 03:00:03)
[2025-12-23 13:49:51]   [emp_id: 3928] SKIPPED: Already updated today (2025-12-23 03:00:03)
[2025-12-23 13:49:51]   [emp_id: 3929] SKIPPED: Already updated today (2025-12-23 03:00:03)
[2025-12-23 13:49:51]   [emp_id: 3935] SKIPPED: Already updated today (2025-12-23 03:00:03)
[2025-12-23 13:49:51]   [emp_id: 3952] SKIPPED: Already updated today (2025-12-23 03:00:03)
[2025-12-23 13:49:51]   [emp_id: 3987] SKIPPED: Already updated today (2025-12-23 03:00:03)
[2025-12-23 13:49:51]   [emp_id: 4059] SKIPPED: Already updated today (2025-12-23 03:00:03)
[2025-12-23 13:49:51]   [emp_id: 4119] SKIPPED: Already updated today (2025-12-23 03:00:03)
[2025-12-23 13:49:51]   [emp_id: 4120] SKIPPED: Already updated today (2025-12-23 03:00:03)
[2025-12-23 13:49:51]   [emp_id: 4124] SKIPPED: Already updated today (2025-12-23 03:00:03)
[2025-12-23 13:49:51]   [emp_id: 4133] SKIPPED: Already updated today (2025-12-23 03:00:03)
[2025-12-23 13:49:51]   [emp_id: 4134] SKIPPED: Already updated today (2025-12-23 03:00:03)
[2025-12-23 13:49:51]   [emp_id: 4136] SKIPPED: Already updated today (2025-12-23 03:00:03)
[2025-12-23 13:49:51]   [emp_id: 4150] SKIPPED: Already updated today (2025-12-23 03:00:03)
[2025-12-23 13:49:51]   [emp_id: 4157] SKIPPED: Already updated today (2025-12-23 03:00:03)
[2025-12-23 13:49:51]   [emp_id: 4172] SKIPPED: Already updated today (2025-12-23 03:00:03)
[2025-12-23 13:49:51]   [emp_id: 4195] SKIPPED: Already updated today (2025-12-23 03:00:03)
[2025-12-23 13:49:51]   [emp_id: 4215] SKIPPED: Already updated today (2025-12-23 03:00:03)
[2025-12-23 13:49:51]   [emp_id: 4220] SKIPPED: Already updated today (2025-12-23 03:00:03)
[2025-12-23 13:49:51]   [emp_id: 4273] SKIPPED: Already updated today (2025-12-23 03:00:03)
[2025-12-23 13:49:51]   [emp_id: 4283] SKIPPED: Already updated today (2025-12-23 03:00:03)
[2025-12-23 13:49:51]   [emp_id: 4288] SKIPPED: Already updated today (2025-12-23 03:00:03)
[2025-12-23 13:49:51]   [emp_id: 4315] SKIPPED: Already updated today (2025-12-23 03:00:03)
[2025-12-23 13:49:51]   [emp_id: 4328] SKIPPED: Already updated today (2025-12-23 03:00:03)
[2025-12-23 13:49:51]   [emp_id: 4329] SKIPPED: Already updated today (2025-12-23 03:00:03)
[2025-12-23 13:49:51]   [emp_id: 4338] SKIPPED: Already updated today (2025-12-23 03:00:03)
[2025-12-23 13:49:51]   [emp_id: 4340] SKIPPED: Already updated today (2025-12-23 03:00:03)
[2025-12-23 13:49:51]   [emp_id: 4365] SKIPPED: Already updated today (2025-12-23 03:00:03)
[2025-12-23 13:49:51]   [emp_id: 4366] SKIPPED: Already updated today (2025-12-23 03:00:03)
[2025-12-23 13:49:51]   [emp_id: 4403] SKIPPED: Already updated today (2025-12-23 03:00:03)
[2025-12-23 13:49:51]   [emp_id: 4438] SKIPPED: Already updated today (2025-12-23 03:00:03)
[2025-12-23 13:49:51]   [emp_id: 4465] SKIPPED: Already updated today (2025-12-23 03:00:03)
[2025-12-23 13:49:51]   [emp_id: 4473] SKIPPED: Already updated today (2025-12-23 03:00:03)
[2025-12-23 13:49:51]   [emp_id: 4474] SKIPPED: Already updated today (2025-12-23 03:00:03)
[2025-12-23 13:49:51]   [emp_id: 4493] SKIPPED: Already updated today (2025-12-23 03:00:03)
[2025-12-23 13:49:51]   [emp_id: 4526] SKIPPED: Already updated today (2025-12-23 03:00:03)
[2025-12-23 13:49:51]   [emp_id: 4528] SKIPPED: Already updated today (2025-12-23 03:00:03)
[2025-12-23 13:49:51]   [emp_id: 4528] SKIPPED: Already updated today (2025-12-23 03:00:03)
[2025-12-23 13:49:51]   [emp_id: 4532] SKIPPED: Already updated today (2025-12-23 03:00:03)
[2025-12-23 13:49:51]   [emp_id: 4533] SKIPPED: Already updated today (2025-12-23 03:00:03)
[2025-12-23 13:49:51]   [emp_id: 4564] SKIPPED: Already updated today (2025-12-23 03:00:03)
[2025-12-23 13:49:51]   [emp_id: 4565] SKIPPED: Already updated today (2025-12-23 03:00:03)
[2025-12-23 13:49:51]   [emp_id: 4567] SKIPPED: Already updated today (2025-12-23 03:00:03)
[2025-12-23 13:49:51]   [emp_id: 4572] SKIPPED: Already updated today (2025-12-23 03:00:03)
[2025-12-23 13:49:51]   [emp_id: 4631] SKIPPED: Already updated today (2025-12-23 03:00:03)
[2025-12-23 13:49:51]   [emp_id: 4655] SKIPPED: Already updated today (2025-12-23 03:00:03)
[2025-12-23 13:49:51]   [emp_id: 4689] SKIPPED: Already updated today (2025-12-23 03:00:03)
[2025-12-23 13:49:51]   [emp_id: 4709] SKIPPED: Already updated today (2025-12-23 03:00:03)
[2025-12-23 13:49:51]   [emp_id: 4717] SKIPPED: Already updated today (2025-12-23 03:00:03)
[2025-12-23 13:49:51]   [emp_id: 4736] SKIPPED: Already updated today (2025-12-23 03:00:03)
[2025-12-23 13:49:51]   [emp_id: 4756] SKIPPED: Already updated today (2025-12-23 03:00:03)
[2025-12-23 13:49:51]   [emp_id: 4768] SKIPPED: Already updated today (2025-12-23 03:00:03)
[2025-12-23 13:49:51]   [emp_id: 4780] SKIPPED: Already updated today (2025-12-23 03:00:03)
[2025-12-23 13:49:51]   [emp_id: 4820] SKIPPED: Already updated today (2025-12-23 03:00:03)
[2025-12-23 13:49:51]   [emp_id: 4825] SKIPPED: Already updated today (2025-12-23 03:00:03)
[2025-12-23 13:49:51]   [emp_id: 4835] SKIPPED: Already updated today (2025-12-23 03:00:03)
[2025-12-23 13:49:51]   [emp_id: 4837] SKIPPED: Already updated today (2025-12-23 03:00:03)
[2025-12-23 13:49:51]   [emp_id: 4838] SKIPPED: Already updated today (2025-12-23 03:00:03)
[2025-12-23 13:49:51]   [emp_id: 4840] SKIPPED: Already updated today (2025-12-23 03:00:03)
[2025-12-23 13:49:51]   [emp_id: 4842] SKIPPED: Already updated today (2025-12-23 03:00:03)
[2025-12-23 13:49:51]   [emp_id: 4843] SKIPPED: Already updated today (2025-12-23 03:00:03)
[2025-12-23 13:49:51]   [emp_id: 4853] SKIPPED: Already updated today (2025-12-23 03:00:03)
[2025-12-23 13:49:51]   [emp_id: 4856] SKIPPED: Already updated today (2025-12-23 03:00:03)
[2025-12-23 13:49:51]   [emp_id: 4857] SKIPPED: Already updated today (2025-12-23 03:00:03)
[2025-12-23 13:49:51]   [emp_id: 4858] SKIPPED: Already updated today (2025-12-23 03:00:03)
[2025-12-23 13:49:51]   [emp_id: 4859] SKIPPED: Already updated today (2025-12-23 03:00:03)
[2025-12-23 13:49:51]   [emp_id: 4860] SKIPPED: Already updated today (2025-12-23 03:00:03)
[2025-12-23 13:49:51]   [emp_id: 4861] SKIPPED: Already updated today (2025-12-23 03:00:03)
[2025-12-23 13:49:51]   [emp_id: 4869] SKIPPED: Already updated today (2025-12-23 03:00:03)
[2025-12-23 13:49:51]   [emp_id: 4894] SKIPPED: Already updated today (2025-12-23 03:00:03)
[2025-12-23 13:49:51]   [emp_id: 4897] SKIPPED: Already updated today (2025-12-23 03:00:03)
[2025-12-23 13:49:51]   [emp_id: 4899] SKIPPED: Already updated today (2025-12-23 03:00:03)
[2025-12-23 13:49:51]   [emp_id: 4902] SKIPPED: Already updated today (2025-12-23 03:00:03)
[2025-12-23 13:49:51]   [emp_id: 4903] SKIPPED: Already updated today (2025-12-23 03:00:03)
[2025-12-23 13:49:51]   [emp_id: 4905] SKIPPED: Already updated today (2025-12-23 03:00:03)
[2025-12-23 13:49:51]   [emp_id: 4907] SKIPPED: Already updated today (2025-12-23 03:00:03)
[2025-12-23 13:49:51]   [emp_id: 4917] SKIPPED: Already updated today (2025-12-23 03:00:03)
[2025-12-23 13:49:51]   [emp_id: 4918] SKIPPED: Already updated today (2025-12-23 03:00:03)
[2025-12-23 13:49:51]   [emp_id: 4919] SKIPPED: Already updated today (2025-12-23 03:00:03)
[2025-12-23 13:49:51]   [emp_id: 4920] SKIPPED: Already updated today (2025-12-23 03:00:03)
[2025-12-23 13:49:51]   [emp_id: 4921] SKIPPED: Already updated today (2025-12-23 03:00:03)
[2025-12-23 13:49:51]   [emp_id: 4927] SKIPPED: Already updated today (2025-12-23 03:00:03)
[2025-12-23 13:49:51]   [emp_id: 4929] SKIPPED: Already updated today (2025-12-23 03:00:03)
[2025-12-23 13:49:51]   [emp_id: 4930] SKIPPED: Already updated today (2025-12-23 03:00:03)
[2025-12-23 13:49:51]   [emp_id: 4932] SKIPPED: Already updated today (2025-12-23 03:00:03)
[2025-12-23 13:49:51]   [emp_id: 4933] SKIPPED: Already updated today (2025-12-23 03:00:03)
[2025-12-23 13:49:51]   [emp_id: 4949] SKIPPED: Already updated today (2025-12-23 03:00:03)
[2025-12-23 13:49:51]   [emp_id: 4956] SKIPPED: Already updated today (2025-12-23 03:00:03)
[2025-12-23 13:49:51]   [emp_id: 4957] SKIPPED: Already updated today (2025-12-23 03:00:03)
[2025-12-23 13:49:51]   [emp_id: 4962] SKIPPED: Already updated today (2025-12-23 03:00:03)
[2025-12-23 13:49:51]   [emp_id: 4969] SKIPPED: Already updated today (2025-12-23 03:00:03)
[2025-12-23 13:49:51]   [emp_id: 4976] SKIPPED: Already updated today (2025-12-23 03:00:03)
[2025-12-23 13:49:51]   [emp_id: 4984] SKIPPED: Already updated today (2025-12-23 03:00:03)
[2025-12-23 13:49:51]   [emp_id: 4995] SKIPPED: Already updated today (2025-12-23 03:00:03)
[2025-12-23 13:49:51]   [emp_id: 5004] SKIPPED: Already updated today (2025-12-23 03:00:03)
[2025-12-23 13:49:51]   [emp_id: 5006] SKIPPED: Already updated today (2025-12-23 03:00:03)
[2025-12-23 13:49:51]   [emp_id: 5011] SKIPPED: Already updated today (2025-12-23 03:00:03)
[2025-12-23 13:49:51]   [emp_id: 5013] SKIPPED: Already updated today (2025-12-23 03:00:03)
[2025-12-23 13:49:51]   [emp_id: 5018] SKIPPED: Already updated today (2025-12-23 03:00:03)
[2025-12-23 13:49:51]   [emp_id: 5021] SKIPPED: Already updated today (2025-12-23 03:00:03)
[2025-12-23 13:49:51]   [emp_id: 5024] SKIPPED: Already updated today (2025-12-23 03:00:03)
[2025-12-23 13:49:51]   [emp_id: 5030] SKIPPED: Already updated today (2025-12-23 03:00:03)
[2025-12-23 13:49:51]   [emp_id: 5033] SKIPPED: Already updated today (2025-12-23 03:00:03)
[2025-12-23 13:49:51]   [emp_id: 5043] SKIPPED: Already updated today (2025-12-23 03:00:03)
[2025-12-23 13:49:51]   [emp_id: 5045] SKIPPED: Already updated today (2025-12-23 03:00:03)
[2025-12-23 13:49:51]   [emp_id: 5046] SKIPPED: Already updated today (2025-12-23 03:00:03)
[2025-12-23 13:49:51]   [emp_id: 5049] SKIPPED: Already updated today (2025-12-23 03:00:03)
[2025-12-23 13:49:51]   [emp_id: 5052] SKIPPED: Already updated today (2025-12-23 03:00:03)
[2025-12-23 13:49:51]   [emp_id: 5055] SKIPPED: Already updated today (2025-12-23 03:00:03)
[2025-12-23 13:49:51]   [emp_id: 5058] SKIPPED: Already updated today (2025-12-23 03:00:03)
[2025-12-23 13:49:51]   [emp_id: 5062] SKIPPED: Already updated today (2025-12-23 03:00:03)
[2025-12-23 13:49:51]   [emp_id: 5064] SKIPPED: Already updated today (2025-12-23 03:00:03)
[2025-12-23 13:49:51]   [emp_id: 5065] SKIPPED: Already updated today (2025-12-23 03:00:03)
[2025-12-23 13:49:51]   [emp_id: 5071] SKIPPED: Already updated today (2025-12-23 03:00:03)
[2025-12-23 13:49:51]   [emp_id: 5073] SKIPPED: Already updated today (2025-12-23 03:00:03)
[2025-12-23 13:49:51]   [emp_id: 5079] SKIPPED: Already updated today (2025-12-23 03:00:03)
[2025-12-23 13:49:51]   [emp_id: 5080] SKIPPED: Already updated today (2025-12-23 03:00:03)
[2025-12-23 13:49:51]   [emp_id: 5081] SKIPPED: Already updated today (2025-12-23 03:00:03)
[2025-12-23 13:49:51]   [emp_id: 5087] SKIPPED: Already updated today (2025-12-23 03:00:03)
[2025-12-23 13:49:51]   [emp_id: 5091] SKIPPED: Already updated today (2025-12-23 03:00:03)
[2025-12-23 13:49:51]   [emp_id: 5093] SKIPPED: Already updated today (2025-12-23 03:00:03)
[2025-12-23 13:49:51]   [emp_id: 5095] SKIPPED: Already updated today (2025-12-23 03:00:03)
[2025-12-23 13:49:51]   [emp_id: 5101] SKIPPED: Already updated today (2025-12-23 03:00:03)
[2025-12-23 13:49:51]   [emp_id: 5107] SKIPPED: Already updated today (2025-12-23 03:00:03)
[2025-12-23 13:49:51]   [emp_id: 5109] SKIPPED: Already updated today (2025-12-23 03:00:03)
[2025-12-23 13:49:51]   [emp_id: 5119] SKIPPED: Already updated today (2025-12-23 03:00:03)
[2025-12-23 13:49:51]   [emp_id: 5122] SKIPPED: Already updated today (2025-12-23 03:00:03)
[2025-12-23 13:49:51]   [emp_id: 5126] SKIPPED: Already updated today (2025-12-23 03:00:03)
[2025-12-23 13:49:51]   [emp_id: 5127] SKIPPED: Already updated today (2025-12-23 03:00:03)
[2025-12-23 13:49:51]   [emp_id: 5128] SKIPPED: Already updated today (2025-12-23 03:00:03)
[2025-12-23 13:49:51]   [emp_id: 5138] SKIPPED: Already updated today (2025-12-23 03:00:03)
[2025-12-23 13:49:51]   [emp_id: 5138] SKIPPED: Already updated today (2025-12-23 03:00:03)
[2025-12-23 13:49:51]   [emp_id: 5141] SKIPPED: Already updated today (2025-12-23 03:00:03)
[2025-12-23 13:49:51]   [emp_id: 5142] SKIPPED: Already updated today (2025-12-23 03:00:03)
[2025-12-23 13:49:51]   [emp_id: 5146] SKIPPED: Already updated today (2025-12-23 03:00:03)
[2025-12-23 13:49:51]   [emp_id: 5147] SKIPPED: Already updated today (2025-12-23 03:00:03)
[2025-12-23 13:49:51]   [emp_id: 5148] SKIPPED: Already updated today (2025-12-23 03:00:03)
[2025-12-23 13:49:51]   [emp_id: 5149] SKIPPED: Already updated today (2025-12-23 03:00:03)
[2025-12-23 13:49:51]   [emp_id: 5150] SKIPPED: Already updated today (2025-12-23 03:00:03)
[2025-12-23 13:49:51]   [emp_id: 5151] SKIPPED: Already updated today (2025-12-23 03:00:03)
[2025-12-23 13:49:51]   [emp_id: 5152] SKIPPED: Already updated today (2025-12-23 03:00:03)
[2025-12-23 13:49:51]   [emp_id: 5157] SKIPPED: Already updated today (2025-12-23 03:00:03)
[2025-12-23 13:49:51]   [emp_id: 5160] SKIPPED: Already updated today (2025-12-23 03:00:03)
[2025-12-23 13:49:51]   [emp_id: 5163] SKIPPED: Already updated today (2025-12-23 03:00:03)
[2025-12-23 13:49:51]   [emp_id: 5165] SKIPPED: Already updated today (2025-12-23 03:00:03)
[2025-12-23 13:49:51]   [emp_id: 5167] SKIPPED: Already updated today (2025-12-23 03:00:03)
[2025-12-23 13:49:51]   [emp_id: 5168] SKIPPED: Already updated today (2025-12-23 03:00:03)
[2025-12-23 13:49:51]   [emp_id: 5173] SKIPPED: Already updated today (2025-12-23 03:00:03)
[2025-12-23 13:49:51]   [emp_id: 5174] SKIPPED: Already updated today (2025-12-23 03:00:03)
[2025-12-23 13:49:51]   [emp_id: 5181] SKIPPED: Already updated today (2025-12-23 03:00:03)
[2025-12-23 13:49:51]   [emp_id: 5186] SKIPPED: Already updated today (2025-12-23 03:00:03)
[2025-12-23 13:49:51]   [emp_id: 5187] SKIPPED: Already updated today (2025-12-23 03:00:03)
[2025-12-23 13:49:51]   [emp_id: 5204] SKIPPED: Already updated today (2025-12-23 03:00:03)
[2025-12-23 13:49:51]   [emp_id: 5205] SKIPPED: Already updated today (2025-12-23 03:00:03)
[2025-12-23 13:49:51]   [emp_id: 5209] SKIPPED: Already updated today (2025-12-23 03:00:03)
[2025-12-23 13:49:51]   [emp_id: 5213] SKIPPED: Already updated today (2025-12-23 03:00:03)
[2025-12-23 13:49:51]   [emp_id: 5214] SKIPPED: Already updated today (2025-12-23 03:00:04)
[2025-12-23 13:49:51]   [emp_id: 5215] SKIPPED: Already updated today (2025-12-23 03:00:04)
[2025-12-23 13:49:51]   [emp_id: 5217] SKIPPED: Already updated today (2025-12-23 03:00:04)
[2025-12-23 13:49:51]   [emp_id: 5219] SKIPPED: Already updated today (2025-12-23 03:00:04)
[2025-12-23 13:49:51]   [emp_id: 5221] SKIPPED: Already updated today (2025-12-23 03:00:04)
[2025-12-23 13:49:51]   [emp_id: 5224] SKIPPED: Already updated today (2025-12-23 03:00:04)
[2025-12-23 13:49:51]   [emp_id: 5225] SKIPPED: Already updated today (2025-12-23 03:00:04)
[2025-12-23 13:49:51]   [emp_id: 5228] SKIPPED: Already updated today (2025-12-23 03:00:04)
[2025-12-23 13:49:51]   [emp_id: 5229] SKIPPED: Already updated today (2025-12-23 03:00:04)
[2025-12-23 13:49:51]   [emp_id: 5230] SKIPPED: Already updated today (2025-12-23 03:00:04)
[2025-12-23 13:49:51]   [emp_id: 5231] SKIPPED: Already updated today (2025-12-23 03:00:04)
[2025-12-23 13:49:51]   [emp_id: 5232] SKIPPED: Already updated today (2025-12-23 03:00:04)
[2025-12-23 13:49:51]   [emp_id: 5233] SKIPPED: Already updated today (2025-12-23 03:00:04)
[2025-12-23 13:49:51]   [emp_id: 5234] SKIPPED: Already updated today (2025-12-23 03:00:04)
[2025-12-23 13:49:51]   [emp_id: 5235] SKIPPED: Already updated today (2025-12-23 03:00:04)
[2025-12-23 13:49:51]   [emp_id: 5237] SKIPPED: Already updated today (2025-12-23 03:00:04)
[2025-12-23 13:49:51]   [emp_id: 5239] SKIPPED: Already updated today (2025-12-23 03:00:04)
[2025-12-23 13:49:51]   [emp_id: 5241] SKIPPED: Already updated today (2025-12-23 03:00:04)
[2025-12-23 13:49:51]   [emp_id: 5242] SKIPPED: Already updated today (2025-12-23 03:00:04)
[2025-12-23 13:49:51]   [emp_id: 5243] SKIPPED: Already updated today (2025-12-23 03:00:04)
[2025-12-23 13:49:51]   [emp_id: 5244] SKIPPED: Already updated today (2025-12-23 03:00:04)
[2025-12-23 13:49:51]   [emp_id: 5246] SKIPPED: Already updated today (2025-12-23 03:00:04)
[2025-12-23 13:49:51]   [emp_id: 5253] SKIPPED: Already updated today (2025-12-23 03:00:04)
[2025-12-23 13:49:51]   [emp_id: 5254] SKIPPED: Already updated today (2025-12-23 03:00:04)
[2025-12-23 13:49:51]   [emp_id: 5257] SKIPPED: Already updated today (2025-12-23 03:00:04)
[2025-12-23 13:49:51]   [emp_id: 5259] SKIPPED: Already updated today (2025-12-23 03:00:04)
[2025-12-23 13:49:51]   [emp_id: 5261] SKIPPED: Already updated today (2025-12-23 03:00:04)
[2025-12-23 13:49:51]   [emp_id: 5264] SKIPPED: Already updated today (2025-12-23 03:00:04)
[2025-12-23 13:49:51]   [emp_id: 5266] SKIPPED: Already updated today (2025-12-23 03:00:04)
[2025-12-23 13:49:51]   [emp_id: 5268] SKIPPED: Already updated today (2025-12-23 03:00:04)
[2025-12-23 13:49:51]   [emp_id: 5271] SKIPPED: Already updated today (2025-12-23 03:00:04)
[2025-12-23 13:49:51]   [emp_id: 5272] SKIPPED: Already updated today (2025-12-23 03:00:04)
[2025-12-23 13:49:51]   [emp_id: 5273] SKIPPED: Already updated today (2025-12-23 03:00:04)
[2025-12-23 13:49:51]   [emp_id: 5275] SKIPPED: Already updated today (2025-12-23 03:00:04)
[2025-12-23 13:49:51]   [emp_id: 5276] SKIPPED: Already updated today (2025-12-23 03:00:04)
[2025-12-23 13:49:51]   [emp_id: 5278] SKIPPED: Already updated today (2025-12-23 03:00:04)
[2025-12-23 13:49:51]   [emp_id: 5280] SKIPPED: Already updated today (2025-12-23 03:00:04)
[2025-12-23 13:49:51]   [emp_id: 5282] SKIPPED: Already updated today (2025-12-23 03:00:04)
[2025-12-23 13:49:51]   [emp_id: 5285] SKIPPED: Already updated today (2025-12-23 03:00:04)
[2025-12-23 13:49:51]   [emp_id: 5286] SKIPPED: Already updated today (2025-12-23 03:00:04)
[2025-12-23 13:49:51]   [emp_id: 5287] SKIPPED: Already updated today (2025-12-23 03:00:04)
[2025-12-23 13:49:51]   [emp_id: 5288] SKIPPED: Already updated today (2025-12-23 03:00:04)
[2025-12-23 13:49:51]   [emp_id: 5289] SKIPPED: Already updated today (2025-12-23 03:00:04)
[2025-12-23 13:49:51]   [emp_id: 5290] SKIPPED: Already updated today (2025-12-23 03:00:04)
[2025-12-23 13:49:51]   [emp_id: 5291] SKIPPED: Already updated today (2025-12-23 03:00:04)
[2025-12-23 13:49:51]   [emp_id: 5292] SKIPPED: Already updated today (2025-12-23 03:00:04)
[2025-12-23 13:49:51]   [emp_id: 5293] SKIPPED: Already updated today (2025-12-23 03:00:04)
[2025-12-23 13:49:51]   [emp_id: 5294] SKIPPED: Already updated today (2025-12-23 03:00:04)
[2025-12-23 13:49:51]   [emp_id: 5295] SKIPPED: Already updated today (2025-12-23 03:00:04)
[2025-12-23 13:49:51]   [emp_id: 5296] SKIPPED: Already updated today (2025-12-23 03:00:04)
[2025-12-23 13:49:51]   [emp_id: 5297] SKIPPED: Already updated today (2025-12-23 03:00:04)
[2025-12-23 13:49:51]   [emp_id: 5298] SKIPPED: Already updated today (2025-12-23 03:00:04)
[2025-12-23 13:49:51]   [emp_id: 5299] SKIPPED: Already updated today (2025-12-23 03:00:04)
[2025-12-23 13:49:51]   [emp_id: 5300] SKIPPED: Already updated today (2025-12-23 03:00:04)
[2025-12-23 13:49:51]   [emp_id: 5301] SKIPPED: Already updated today (2025-12-23 03:00:04)
[2025-12-23 13:49:51]   [emp_id: 5303] SKIPPED: Already updated today (2025-12-23 03:00:04)
[2025-12-23 13:49:51]   [emp_id: 5304] SKIPPED: Already updated today (2025-12-23 03:00:04)
[2025-12-23 13:49:51]   [emp_id: 5305] SKIPPED: Already updated today (2025-12-23 03:00:04)
[2025-12-23 13:49:51]   [emp_id: 5306] SKIPPED: Already updated today (2025-12-23 03:00:04)
[2025-12-23 13:49:51]   [emp_id: 5307] SKIPPED: Already updated today (2025-12-23 03:00:04)
[2025-12-23 13:49:51]   [emp_id: 5312] SKIPPED: Already updated today (2025-12-23 03:00:04)
[2025-12-23 13:49:51]   [emp_id: 5318] SKIPPED: Already updated today (2025-12-23 03:00:04)
[2025-12-23 13:49:51]   [emp_id: 5325] SKIPPED: Already updated today (2025-12-23 03:00:04)
[2025-12-23 13:49:51]   [emp_id: 5327] SKIPPED: Already updated today (2025-12-23 03:00:04)
[2025-12-23 13:49:51]   [emp_id: 5337] SKIPPED: Already updated today (2025-12-23 03:00:04)
[2025-12-23 13:49:51]   [emp_id: 5339] SKIPPED: Already updated today (2025-12-23 03:00:04)
[2025-12-23 13:49:51]   [emp_id: 5343] SKIPPED: Already updated today (2025-12-23 03:00:04)
[2025-12-23 13:49:51]   [emp_id: 5343] SKIPPED: Already updated today (2025-12-23 03:00:04)
[2025-12-23 13:49:51]   [emp_id: 5345] SKIPPED: Already updated today (2025-12-23 03:00:04)
[2025-12-23 13:49:51]   [emp_id: 5346] SKIPPED: Already updated today (2025-12-23 03:00:04)
[2025-12-23 13:49:51]   [emp_id: 5351] SKIPPED: Already updated today (2025-12-23 03:00:04)
[2025-12-23 13:49:51]   [emp_id: 5352] SKIPPED: Already updated today (2025-12-23 03:00:04)
[2025-12-23 13:49:51]   [emp_id: 5370] SKIPPED: Already updated today (2025-12-23 03:00:04)
[2025-12-23 13:49:51]   [emp_id: 5371] SKIPPED: Already updated today (2025-12-23 03:00:04)
[2025-12-23 13:49:51]   [emp_id: 5376] SKIPPED: Already updated today (2025-12-23 03:00:04)
[2025-12-23 13:49:51]   [emp_id: 5378] SKIPPED: Already updated today (2025-12-23 03:00:04)
[2025-12-23 13:49:51]   [emp_id: 5380] SKIPPED: Already updated today (2025-12-23 03:00:04)
[2025-12-23 13:49:51]   [emp_id: 5381] SKIPPED: Already updated today (2025-12-23 03:00:04)
[2025-12-23 13:49:51]   [emp_id: 5383] SKIPPED: Already updated today (2025-12-23 03:00:04)
[2025-12-23 13:49:51]   [emp_id: 5388] SKIPPED: Already updated today (2025-12-23 03:00:04)
[2025-12-23 13:49:51]   [emp_id: 5396] SKIPPED: Already updated today (2025-12-23 03:00:04)
[2025-12-23 13:49:51]   [emp_id: 5397] SKIPPED: Already updated today (2025-12-23 03:00:04)
[2025-12-23 13:49:51]   [emp_id: 5401] SKIPPED: Already updated today (2025-12-23 03:00:04)
[2025-12-23 13:49:51]   [emp_id: 5402] SKIPPED: Already updated today (2025-12-23 03:00:04)
[2025-12-23 13:49:51]   [emp_id: 5406] SKIPPED: Already updated today (2025-12-23 03:00:04)
[2025-12-23 13:49:51]   [emp_id: 5407] SKIPPED: Already updated today (2025-12-23 03:00:04)
[2025-12-23 13:49:51]   [emp_id: 5409] SKIPPED: Already updated today (2025-12-23 03:00:04)
[2025-12-23 13:49:51]   [emp_id: 5413] SKIPPED: Already updated today (2025-12-23 03:00:04)
[2025-12-23 13:49:51]   [emp_id: 5414] SKIPPED: Already updated today (2025-12-23 03:00:04)
[2025-12-23 13:49:51]   [emp_id: 5415] SKIPPED: Already updated today (2025-12-23 03:00:04)
[2025-12-23 13:49:51]   [emp_id: 5418] SKIPPED: Already updated today (2025-12-23 03:00:04)
[2025-12-23 13:49:51]   [emp_id: 5422] SKIPPED: Already updated today (2025-12-23 03:00:04)
[2025-12-23 13:49:51]   [emp_id: 5423] SKIPPED: Already updated today (2025-12-23 03:00:04)
[2025-12-23 13:49:51]   [emp_id: 5424] SKIPPED: Already updated today (2025-12-23 03:00:04)
[2025-12-23 13:49:51]   [emp_id: 5425] SKIPPED: Already updated today (2025-12-23 03:00:04)
[2025-12-23 13:49:51]   [emp_id: 5426] SKIPPED: Already updated today (2025-12-23 03:00:04)
[2025-12-23 13:49:51]   [emp_id: 5426] SKIPPED: Already updated today (2025-12-23 03:00:04)
[2025-12-23 13:49:51]   [emp_id: 5427] SKIPPED: Already updated today (2025-12-23 03:00:04)
[2025-12-23 13:49:51]   [emp_id: 5428] SKIPPED: Already updated today (2025-12-23 03:00:04)
[2025-12-23 13:49:51]   [emp_id: 5430] SKIPPED: Already updated today (2025-12-23 03:00:04)
[2025-12-23 13:49:51]   [emp_id: 5431] SKIPPED: Already updated today (2025-12-23 03:00:04)
[2025-12-23 13:49:51]   [emp_id: 5434] SKIPPED: Already updated today (2025-12-23 03:00:04)
[2025-12-23 13:49:51]   [emp_id: 5435] SKIPPED: Already updated today (2025-12-23 03:00:04)
[2025-12-23 13:49:51]   [emp_id: 5436] SKIPPED: Already updated today (2025-12-23 03:00:04)
[2025-12-23 13:49:51]   [emp_id: 5438] SKIPPED: Already updated today (2025-12-23 03:00:04)
[2025-12-23 13:49:51]   [emp_id: 5439] SKIPPED: Already updated today (2025-12-23 03:00:04)
[2025-12-23 13:49:51]   [emp_id: 5442] SKIPPED: Already updated today (2025-12-23 03:00:04)
[2025-12-23 13:49:51]   [emp_id: 5443] SKIPPED: Already updated today (2025-12-23 03:00:04)
[2025-12-23 13:49:51]   [emp_id: 5445] SKIPPED: Already updated today (2025-12-23 03:00:04)
[2025-12-23 13:49:51]   [emp_id: 5446] SKIPPED: Already updated today (2025-12-23 03:00:04)
[2025-12-23 13:49:51]   [emp_id: 5447] SKIPPED: Already updated today (2025-12-23 03:00:04)
[2025-12-23 13:49:51]   [emp_id: 5448] SKIPPED: Already updated today (2025-12-23 03:00:04)
[2025-12-23 13:49:51]   [emp_id: 5449] SKIPPED: Already updated today (2025-12-23 03:00:04)
[2025-12-23 13:49:51]   [emp_id: 5450] SKIPPED: Already updated today (2025-12-23 03:00:04)
[2025-12-23 13:49:51]   [emp_id: 5451] SKIPPED: Already updated today (2025-12-23 03:00:04)
[2025-12-23 13:49:51]   [emp_id: 5454] SKIPPED: Already updated today (2025-12-23 03:00:04)
[2025-12-23 13:49:51]   [emp_id: 5455] SKIPPED: Already updated today (2025-12-23 03:00:04)
[2025-12-23 13:49:51]   [emp_id: 5456] SKIPPED: Already updated today (2025-12-23 03:00:04)
[2025-12-23 13:49:51] 
[2025-12-23 13:49:51] ========== SUMMARY ==========
[2025-12-23 13:49:51] Total employees processed: 430
[2025-12-23 13:49:51] Records updated: 0
[2025-12-23 13:49:51] Balances changed: 0
[2025-12-23 13:49:51] Errors: 0
[2025-12-23 13:49:51] ========== CRON: Vacation Balance Update Completed ==========
[2025-12-23 13:49:51] 
