[2026-01-04 00:30:01] ========== CRON: Vacation Balance Update Started ==========
[2026-01-04 00:30:02] Database connection established
[2026-01-04 00:30:02] Found 427 active employees with balance records to update
[2026-01-04 00:30:02] (Only employees with status=1 will be processed)
[2026-01-04 00:30:02]   [emp_id: 1061] ✓ Updated: 0.4 → 0.48 (CHANGED)
[2026-01-04 00:30:02]   [emp_id: 1496] ✓ Updated: 16.53 → 16.61 (CHANGED)
[2026-01-04 00:30:02]   [emp_id: 1500] ✓ Updated: 4.21 → 4.29 (CHANGED)
[2026-01-04 00:30:02]   [emp_id: 1574] ✓ Updated: 33.44 → 33.52 (CHANGED)
[2026-01-04 00:30:02]   [emp_id: 1673] ✓ Updated: 44.94 → 45.02 (CHANGED)
[2026-01-04 00:30:02]   [emp_id: 1685] ✓ Updated: 14.86 → 14.94 (CHANGED)
[2026-01-04 00:30:02]   [emp_id: 1764] ✓ Updated: 69.53 → 69.61 (CHANGED)
[2026-01-04 00:30:02]   [emp_id: 1805] ✓ Updated: 63.86 → 63.94 (CHANGED)
[2026-01-04 00:30:02]   [emp_id: 1822] ✓ Updated: 68.61 → 68.69 (CHANGED)
[2026-01-04 00:30:02]   [emp_id: 1837] ✓ Updated: 24.78 → 24.86 (CHANGED)
[2026-01-04 00:30:02]   [emp_id: 1857] ✓ Updated: 20.11 → 20.19 (CHANGED)
[2026-01-04 00:30:02]   [emp_id: 1861] ✓ Updated: 70.94 → 71.02 (CHANGED)
[2026-01-04 00:30:02]   [emp_id: 1872] ✓ Updated: 9.78 → 9.86 (CHANGED)
[2026-01-04 00:30:02]   [emp_id: 1897] ✓ Updated: 5.11 → 5.19 (CHANGED)
[2026-01-04 00:30:02]   [emp_id: 1916] ✓ Updated: 11.41 → 11.49 (CHANGED)
[2026-01-04 00:30:02]   [emp_id: 1928] ✓ Updated: 64.36 → 64.44 (CHANGED)
[2026-01-04 00:30:02]   [emp_id: 1931] ✓ Updated: 84.28 → 84.36 (CHANGED)
[2026-01-04 00:30:02]   [emp_id: 1944] ✓ Updated: 42.44 → 42.52 (CHANGED)
[2026-01-04 00:30:02]   [emp_id: 1996] ✓ Updated: 70.94 → 71.02 (CHANGED)
[2026-01-04 00:30:02]   [emp_id: 1997] ✓ Updated: 36.11 → 36.19 (CHANGED)
[2026-01-04 00:30:02]   [emp_id: 1998] ✓ Updated: 27.55 → 27.63 (CHANGED)
[2026-01-04 00:30:02]   [emp_id: 1999] ✓ Updated: 28.55 → 28.63 (CHANGED)
[2026-01-04 00:30:02]   [emp_id: 2009] ✓ Updated: 34.86 → 34.94 (CHANGED)
[2026-01-04 00:30:02]   [emp_id: 2048] ✓ Updated: 24.69 → 24.77 (CHANGED)
[2026-01-04 00:30:02]   [emp_id: 2057] ✓ Updated: 65.53 → 65.61 (CHANGED)
[2026-01-04 00:30:02]   [emp_id: 2079] ✓ Updated: 47.86 → 47.94 (CHANGED)
[2026-01-04 00:30:02]   [emp_id: 2181] ✓ Updated: 36.86 → 36.94 (CHANGED)
[2026-01-04 00:30:02]   [emp_id: 2190] ✓ Updated: 6.19 → 6.27 (CHANGED)
[2026-01-04 00:30:02]   [emp_id: 2212] ✓ Updated: 24.19 → 24.27 (CHANGED)
[2026-01-04 00:30:02]   [emp_id: 2226] ✓ Updated: 68.94 → 69.02 (CHANGED)
[2026-01-04 00:30:02]   [emp_id: 2238] ✓ Updated: 67.19 → 67.27 (CHANGED)
[2026-01-04 00:30:02]   [emp_id: 2285] ✓ Updated: 35.86 → 35.94 (CHANGED)
[2026-01-04 00:30:02]   [emp_id: 2287] ✓ Updated: 47.53 → 47.61 (CHANGED)
[2026-01-04 00:30:02]   [emp_id: 2288] ✓ Updated: 2.55 → 2.63 (CHANGED)
[2026-01-04 00:30:02]   [emp_id: 2316] ✓ Updated: 16.36 → 16.44 (CHANGED)
[2026-01-04 00:30:02]   [emp_id: 2337] ✓ Updated: 37.44 → 37.52 (CHANGED)
[2026-01-04 00:30:02]   [emp_id: 2352] ✓ Updated: 68.94 → 69.02 (CHANGED)
[2026-01-04 00:30:02]   [emp_id: 2358] ✓ Updated: 5.44 → 5.52 (CHANGED)
[2026-01-04 00:30:02]   [emp_id: 2361] ✓ Updated: 71.11 → 71.19 (CHANGED)
[2026-01-04 00:30:02]   [emp_id: 2363] ✓ Updated: 73.69 → 73.77 (CHANGED)
[2026-01-04 00:30:02]   [emp_id: 2364] ✓ Updated: 73.11 → 73.19 (CHANGED)
[2026-01-04 00:30:02]   [emp_id: 2367] ✓ Updated: 100.78 → 100.86 (CHANGED)
[2026-01-04 00:30:02]   [emp_id: 2368] ✓ Updated: 31.19 → 31.27 (CHANGED)
[2026-01-04 00:30:02]   [emp_id: 2372] ✓ Updated: 68.44 → 68.52 (CHANGED)
[2026-01-04 00:30:02]   [emp_id: 2376] ✓ Updated: 118.44 → 118.52 (CHANGED)
[2026-01-04 00:30:02]   [emp_id: 2423] ✓ Updated: 19.19 → 19.27 (CHANGED)
[2026-01-04 00:30:02]   [emp_id: 2519] ✓ Updated: 172.86 → 172.94 (CHANGED)
[2026-01-04 00:30:02]   [emp_id: 2522] ✓ Updated: 56.44 → 56.52 (CHANGED)
[2026-01-04 00:30:02]   [emp_id: 2530] ✓ Updated: 51.69 → 51.77 (CHANGED)
[2026-01-04 00:30:02]   [emp_id: 2539] ✓ Updated: 48.44 → 48.52 (CHANGED)
[2026-01-04 00:30:02]   [emp_id: 2541] ✓ Updated: 29.03 → 29.11 (CHANGED)
[2026-01-04 00:30:02]   [emp_id: 2550] ✓ Updated: 95.19 → 95.27 (CHANGED)
[2026-01-04 00:30:02]   [emp_id: 2553] ✓ Updated: 32.3 → 32.38 (CHANGED)
[2026-01-04 00:30:02]   [emp_id: 2554] ✓ Updated: 38.78 → 38.86 (CHANGED)
[2026-01-04 00:30:02]   [emp_id: 2565] ✓ Updated: 93.36 → 93.44 (CHANGED)
[2026-01-04 00:30:02]   [emp_id: 2572] ✓ Updated: 43.36 → 43.44 (CHANGED)
[2026-01-04 00:30:02]   [emp_id: 2637] ✓ Updated: 63.94 → 64.02 (CHANGED)
[2026-01-04 00:30:02]   [emp_id: 2642] ✓ Updated: 76.69 → 76.77 (CHANGED)
[2026-01-04 00:30:02]   [emp_id: 2645] ✓ Updated: 92.69 → 92.77 (CHANGED)
[2026-01-04 00:30:02]   [emp_id: 2648] ✓ Updated: 44.36 → 44.44 (CHANGED)
[2026-01-04 00:30:02]   [emp_id: 2654] ✓ Updated: 87.03 → 87.11 (CHANGED)
[2026-01-04 00:30:02]   [emp_id: 2688] ✓ Updated: 25.11 → 25.19 (CHANGED)
[2026-01-04 00:30:02]   [emp_id: 2690] ✓ Updated: 13.86 → 13.94 (CHANGED)
[2026-01-04 00:30:02]   [emp_id: 2709] ✓ Updated: 36.11 → 36.19 (CHANGED)
[2026-01-04 00:30:02]   [emp_id: 2745] ✓ Updated: 32.69 → 32.77 (CHANGED)
[2026-01-04 00:30:02]   [emp_id: 2843] ✓ Updated: 79.28 → 79.36 (CHANGED)
[2026-01-04 00:30:02]   [emp_id: 2854] ✓ Updated: 59.19 → 59.27 (CHANGED)
[2026-01-04 00:30:02]   [emp_id: 2869] ✓ Updated: 64.11 → 64.19 (CHANGED)
[2026-01-04 00:30:02]   [emp_id: 2876] ✓ Updated: 33.94 → 34.02 (CHANGED)
[2026-01-04 00:30:02]   [emp_id: 2924] ✓ Updated: 15.11 → 15.19 (CHANGED)
[2026-01-04 00:30:02]   [emp_id: 2953] ✓ Updated: 100.86 → 100.94 (CHANGED)
[2026-01-04 00:30:02]   [emp_id: 2961] ✓ Updated: 10.86 → 10.94 (CHANGED)
[2026-01-04 00:30:02]   [emp_id: 2975] ✓ Updated: 0.54 → 0.62 (CHANGED)
[2026-01-04 00:30:02]   [emp_id: 3013] ✓ Updated: 9.86 → 9.94 (CHANGED)
[2026-01-04 00:30:02]   [emp_id: 3014] ✓ Updated: 89.11 → 89.19 (CHANGED)
[2026-01-04 00:30:02]   [emp_id: 3015] ✓ Updated: 40.36 → 40.44 (CHANGED)
[2026-01-04 00:30:02]   [emp_id: 3018] ✓ Updated: 59.11 → 59.19 (CHANGED)
[2026-01-04 00:30:02]   [emp_id: 3025] ✓ Updated: 22.88 → 22.96 (CHANGED)
[2026-01-04 00:30:02]   [emp_id: 3037] ✓ Updated: 82.61 → 82.69 (CHANGED)
[2026-01-04 00:30:02]   [emp_id: 3047] ✓ Updated: 70.86 → 70.94 (CHANGED)
[2026-01-04 00:30:02]   [emp_id: 3061] ✓ Updated: 17.78 → 17.86 (CHANGED)
[2026-01-04 00:30:02]   [emp_id: 3062] ✓ Updated: 50.94 → 51.02 (CHANGED)
[2026-01-04 00:30:02]   [emp_id: 3074] ✓ Updated: 107.36 → 107.44 (CHANGED)
[2026-01-04 00:30:02]   [emp_id: 3089] ✓ Updated: 6.28 → 6.36 (CHANGED)
[2026-01-04 00:30:02]   [emp_id: 3090] ✓ Updated: 32.86 → 32.94 (CHANGED)
[2026-01-04 00:30:02]   [emp_id: 3091] ✓ Updated: 44.86 → 44.94 (CHANGED)
[2026-01-04 00:30:02]   [emp_id: 3092] ✓ Updated: 27.53 → 27.61 (CHANGED)
[2026-01-04 00:30:02]   [emp_id: 3105] ✓ Updated: 47.86 → 47.94 (CHANGED)
[2026-01-04 00:30:02]   [emp_id: 3134] ✓ Updated: 43.61 → 43.69 (CHANGED)
[2026-01-04 00:30:02]   [emp_id: 3140] ✓ Updated: 40.69 → 40.77 (CHANGED)
[2026-01-04 00:30:02]   [emp_id: 3144] ✓ Updated: 13.53 → 13.61 (CHANGED)
[2026-01-04 00:30:02]   [emp_id: 3156] ✓ Updated: 16.86 → 16.94 (CHANGED)
[2026-01-04 00:30:02]   [emp_id: 3162] ✓ Updated: 1.84 → 1.92 (CHANGED)
[2026-01-04 00:30:02]   [emp_id: 3163] ✓ Updated: 5.11 → 5.19 (CHANGED)
[2026-01-04 00:30:02]   [emp_id: 3198] ✓ Updated: 40.11 → 40.19 (CHANGED)
[2026-01-04 00:30:02]   [emp_id: 3205] ✓ Updated: 16.78 → 16.86 (CHANGED)
[2026-01-04 00:30:02]   [emp_id: 3209] ✓ Updated: 40.94 → 41.02 (CHANGED)
[2026-01-04 00:30:02]   [emp_id: 3223] ✓ Updated: 89.86 → 89.94 (CHANGED)
[2026-01-04 00:30:02]   [emp_id: 3224] ✓ Updated: 64.61 → 64.69 (CHANGED)
[2026-01-04 00:30:02]   [emp_id: 3230] ✓ Updated: 88.03 → 88.11 (CHANGED)
[2026-01-04 00:30:02]   [emp_id: 3231] ✓ Updated: 0.4 → 0.48 (CHANGED)
[2026-01-04 00:30:02]   [emp_id: 3233] ✓ Updated: 80.86 → 80.94 (CHANGED)
[2026-01-04 00:30:02]   [emp_id: 3249] ✓ Updated: 36.69 → 36.77 (CHANGED)
[2026-01-04 00:30:02]   [emp_id: 3250] ✓ Updated: 9.69 → 9.77 (CHANGED)
[2026-01-04 00:30:02]   [emp_id: 3252] ✓ Updated: 10.61 → 10.69 (CHANGED)
[2026-01-04 00:30:02]   [emp_id: 3254] ✓ Updated: 21.11 → 21.19 (CHANGED)
[2026-01-04 00:30:02]   [emp_id: 3255] ✓ Updated: 17.53 → 17.61 (CHANGED)
[2026-01-04 00:30:02]   [emp_id: 3256] ✓ Updated: 13.78 → 13.86 (CHANGED)
[2026-01-04 00:30:02]   [emp_id: 3263] ✓ Updated: 29.86 → 29.94 (CHANGED)
[2026-01-04 00:30:02]   [emp_id: 3265] ✓ Updated: 25.44 → 25.52 (CHANGED)
[2026-01-04 00:30:02]   [emp_id: 3280] ✓ Updated: 72.36 → 72.44 (CHANGED)
[2026-01-04 00:30:02]   [emp_id: 3286] ✓ Updated: 15.53 → 15.61 (CHANGED)
[2026-01-04 00:30:02]   [emp_id: 3294] ✓ Updated: 15.19 → 15.27 (CHANGED)
[2026-01-04 00:30:02]   [emp_id: 3321] ✓ Updated: 72.36 → 72.44 (CHANGED)
[2026-01-04 00:30:02]   [emp_id: 3325] ✓ Updated: 60.11 → 60.19 (CHANGED)
[2026-01-04 00:30:02]   [emp_id: 3329] ✓ Updated: 62.44 → 62.52 (CHANGED)
[2026-01-04 00:30:02]   [emp_id: 3330] ✓ Updated: 62.44 → 62.52 (CHANGED)
[2026-01-04 00:30:02]   [emp_id: 3332] ✓ Updated: 62.44 → 62.52 (CHANGED)
[2026-01-04 00:30:02]   [emp_id: 3370] ✓ Updated: 54.11 → 54.19 (CHANGED)
[2026-01-04 00:30:02]   [emp_id: 3384] ✓ Updated: 14.61 → 14.69 (CHANGED)
[2026-01-04 00:30:02]   [emp_id: 3386] ✓ Updated: 44.61 → 44.69 (CHANGED)
[2026-01-04 00:30:02]   [emp_id: 3431] ✓ Updated: 19.03 → 19.11 (CHANGED)
[2026-01-04 00:30:02]   [emp_id: 3497] ✓ Updated: 9.19 → 9.27 (CHANGED)
[2026-01-04 00:30:02]   [emp_id: 3532] ✓ Updated: 46.03 → 46.11 (CHANGED)
[2026-01-04 00:30:02]   [emp_id: 3586] ✓ Updated: 10.11 → 10.19 (CHANGED)
[2026-01-04 00:30:02]   [emp_id: 3602] ✓ Updated: 1.6 → 1.68 (CHANGED)
[2026-01-04 00:30:03]   [emp_id: 3618] ✓ Updated: 23.58 → 23.66 (CHANGED)
[2026-01-04 00:30:03]   [emp_id: 3622] ✓ Updated: 34.53 → 34.59 (CHANGED)
[2026-01-04 00:30:03]   [emp_id: 3627] ✓ Updated: 9.53 → 9.61 (CHANGED)
[2026-01-04 00:30:03]   [emp_id: 3665] ✓ Updated: 51.11 → 51.19 (CHANGED)
[2026-01-04 00:30:03]   [emp_id: 3705] ✓ Updated: 27.86 → 27.92 (CHANGED)
[2026-01-04 00:30:03]   [emp_id: 3724] ✓ Updated: 44.11 → 44.19 (CHANGED)
[2026-01-04 00:30:03]   [emp_id: 3726] ✓ Updated: 60.53 → 60.61 (CHANGED)
[2026-01-04 00:30:03]   [emp_id: 3727] ✓ Updated: 65.61 → 65.69 (CHANGED)
[2026-01-04 00:30:03]   [emp_id: 3728] ✓ Updated: 9.94 → 10.02 (CHANGED)
[2026-01-04 00:30:03]   [emp_id: 3767] ✓ Updated: 60.69 → 60.77 (CHANGED)
[2026-01-04 00:30:03]   [emp_id: 3768] ✓ Updated: 56.94 → 57.02 (CHANGED)
[2026-01-04 00:30:03]   [emp_id: 3787] ✓ Updated: 57.53 → 57.61 (CHANGED)
[2026-01-04 00:30:03]   [emp_id: 3790] ✓ Updated: 2.08 → 2.16 (CHANGED)
[2026-01-04 00:30:03]   [emp_id: 3795] ✓ Updated: 15.03 → 15.11 (CHANGED)
[2026-01-04 00:30:03]   [emp_id: 3798] ✓ Updated: 93.44 → 93.52 (CHANGED)
[2026-01-04 00:30:03]   [emp_id: 3801] ✓ Updated: 1.71 → 1.79 (CHANGED)
[2026-01-04 00:30:03]   [emp_id: 3802] ✓ Updated: 30.69 → 30.77 (CHANGED)
[2026-01-04 00:30:03]   [emp_id: 3803] ✓ Updated: 115.11 → 115.19 (CHANGED)
[2026-01-04 00:30:03]   [emp_id: 3810] ✓ Updated: 61.11 → 61.19 (CHANGED)
[2026-01-04 00:30:03]   [emp_id: 3812] ✓ Updated: 90.11 → 90.19 (CHANGED)
[2026-01-04 00:30:03]   [emp_id: 3815] ✓ Updated: 90.11 → 90.19 (CHANGED)
[2026-01-04 00:30:03]   [emp_id: 3836] ✓ Updated: 57.78 → 57.86 (CHANGED)
[2026-01-04 00:30:03]   [emp_id: 3855] ✓ Updated: 50.94 → 51.02 (CHANGED)
[2026-01-04 00:30:03]   [emp_id: 3857] ✓ Updated: 54.61 → 54.69 (CHANGED)
[2026-01-04 00:30:03]   [emp_id: 3862] ✓ Updated: 102.69 → 102.77 (CHANGED)
[2026-01-04 00:30:03]   [emp_id: 3866] ✓ Updated: 27.94 → 28.02 (CHANGED)
[2026-01-04 00:30:03]   [emp_id: 3876] ✓ Updated: 36.11 → 36.19 (CHANGED)
[2026-01-04 00:30:03]   [emp_id: 3877] ✓ Updated: 49.61 → 49.69 (CHANGED)
[2026-01-04 00:30:03]   [emp_id: 3897] ✓ Updated: 37.86 → 37.94 (CHANGED)
[2026-01-04 00:30:03]   [emp_id: 3899] ✓ Updated: 21.13 → 21.21 (CHANGED)
[2026-01-04 00:30:03]   [emp_id: 3928] ✓ Updated: 13.94 → 14.02 (CHANGED)
[2026-01-04 00:30:03]   [emp_id: 3929] ✓ Updated: 8.94 → 9.02 (CHANGED)
[2026-01-04 00:30:03]   [emp_id: 3935] ✓ Updated: 93.94 → 94.02 (CHANGED)
[2026-01-04 00:30:03]   [emp_id: 3952] ✓ Updated: 76.28 → 76.36 (CHANGED)
[2026-01-04 00:30:03]   [emp_id: 3987] ✓ Updated: 14.19 → 14.27 (CHANGED)
[2026-01-04 00:30:03]   [emp_id: 4059] ✓ Updated: 3.39 → 3.47 (CHANGED)
[2026-01-04 00:30:03]   [emp_id: 4119] ✓ Updated: 56.86 → 56.94 (CHANGED)
[2026-01-04 00:30:03]   [emp_id: 4120] ✓ Updated: 26.44 → 26.52 (CHANGED)
[2026-01-04 00:30:03]   [emp_id: 4124] ✓ Updated: 26.96 → 27.04 (CHANGED)
[2026-01-04 00:30:03]   [emp_id: 4133] ✓ Updated: 105.44 → 105.52 (CHANGED)
[2026-01-04 00:30:03]   [emp_id: 4134] ✓ Updated: 26.44 → 26.52 (CHANGED)
[2026-01-04 00:30:03]   [emp_id: 4136] ✓ Updated: 26.44 → 26.52 (CHANGED)
[2026-01-04 00:30:03]   [emp_id: 4150] ✓ Updated: 25.11 → 25.19 (CHANGED)
[2026-01-04 00:30:03]   [emp_id: 4157] ✓ Updated: 18.61 → 18.69 (CHANGED)
[2026-01-04 00:30:03]   [emp_id: 4172] ✓ Updated: 12.44 → 12.5 (CHANGED)
[2026-01-04 00:30:03]   [emp_id: 4195] ✓ Updated: 62.19 → 62.27 (CHANGED)
[2026-01-04 00:30:03]   [emp_id: 4215] ✓ Updated: 44.86 → 44.94 (CHANGED)
[2026-01-04 00:30:03]   [emp_id: 4220] ✓ Updated: 40.44 → 40.52 (CHANGED)
[2026-01-04 00:30:03]   [emp_id: 4273] ✓ Updated: 9.11 → 9.19 (CHANGED)
[2026-01-04 00:30:03]   [emp_id: 4283] ✓ Updated: 13.53 → 13.59 (CHANGED)
[2026-01-04 00:30:03]   [emp_id: 4288] ✓ Updated: 1.36 → 1.44 (CHANGED)
[2026-01-04 00:30:03]   [emp_id: 4315] ✓ Updated: 12.36 → 12.44 (CHANGED)
[2026-01-04 00:30:03]   [emp_id: 4328] ✓ Updated: 42.36 → 42.42 (CHANGED)
[2026-01-04 00:30:03]   [emp_id: 4329] ✓ Updated: 5.53 → 5.61 (CHANGED)
[2026-01-04 00:30:03]   [emp_id: 4338] ✓ Updated: 47.11 → 47.19 (CHANGED)
[2026-01-04 00:30:03]   [emp_id: 4340] ✓ Updated: 126.11 → 126.19 (CHANGED)
[2026-01-04 00:30:03]   [emp_id: 4365] ✓ Updated: 60.53 → 60.61 (CHANGED)
[2026-01-04 00:30:03]   [emp_id: 4366] ✓ Updated: 59.61 → 59.69 (CHANGED)
[2026-01-04 00:30:03]   [emp_id: 4403] ✓ Updated: 85.44 → 85.52 (CHANGED)
[2026-01-04 00:30:03]   [emp_id: 4438] ✓ Updated: 21.11 → 21.19 (CHANGED)
[2026-01-04 00:30:03]   [emp_id: 4465] ✓ Updated: 12.69 → 12.75 (CHANGED)
[2026-01-04 00:30:03]   [emp_id: 4473] ✓ Updated: 44.69 → 44.77 (CHANGED)
[2026-01-04 00:30:03]   [emp_id: 4474] ✓ Updated: 3.2 → 3.26 (CHANGED)
[2026-01-04 00:30:03]   [emp_id: 4493] ✓ Updated: 163.53 → 163.61 (CHANGED)
[2026-01-04 00:30:03]   [emp_id: 4526] ✓ Updated: 35.78 → 35.86 (CHANGED)
[2026-01-04 00:30:03]   [emp_id: 4528] ✓ Updated: 107.53 → 107.61 (CHANGED)
[2026-01-04 00:30:03]   [emp_id: 4528] ✓ Updated: 107.53 → 107.61 (CHANGED)
[2026-01-04 00:30:03]   [emp_id: 4532] ✓ Updated: 7.81 → 7.87 (CHANGED)
[2026-01-04 00:30:03]   [emp_id: 4533] ✓ Updated: 35.94 → 36.02 (CHANGED)
[2026-01-04 00:30:03]   [emp_id: 4564] ✓ Updated: 25.44 → 25.5 (CHANGED)
[2026-01-04 00:30:03]   [emp_id: 4565] ✓ Updated: 15.19 → 15.25 (CHANGED)
[2026-01-04 00:30:03]   [emp_id: 4567] ✓ Updated: 19.44 → 19.5 (CHANGED)
[2026-01-04 00:30:03]   [emp_id: 4572] ✓ Updated: 58.94 → 59 (CHANGED)
[2026-01-04 00:30:03]   [emp_id: 4631] ✓ Updated: 15.19 → 15.25 (CHANGED)
[2026-01-04 00:30:03]   [emp_id: 4655] ✓ Updated: 24.86 → 24.94 (CHANGED)
[2026-01-04 00:30:03]   [emp_id: 4689] ✓ Updated: 2.63 → 2.71 (CHANGED)
[2026-01-04 00:30:03]   [emp_id: 4709] ✓ Updated: 40.11 → 40.19 (CHANGED)
[2026-01-04 00:30:03]   [emp_id: 4717] ✓ Updated: 66.11 → 66.19 (CHANGED)
[2026-01-04 00:30:03]   [emp_id: 4736] ✓ Updated: 27.94 → 28.02 (CHANGED)
[2026-01-04 00:30:03]   [emp_id: 4756] ✓ Updated: 11.63 → 11.69 (CHANGED)
[2026-01-04 00:30:03]   [emp_id: 4768] ✓ Updated: 12.61 → 12.69 (CHANGED)
[2026-01-04 00:30:03]   [emp_id: 4780] ✓ Updated: 65.36 → 65.42 (CHANGED)
[2026-01-04 00:30:03]   [emp_id: 4820] ✓ Updated: 98.94 → 99.02 (CHANGED)
[2026-01-04 00:30:03]   [emp_id: 4825] ✓ Updated: 30.69 → 30.77 (CHANGED)
[2026-01-04 00:30:03]   [emp_id: 4835] ✓ Updated: 48.11 → 48.17 (CHANGED)
[2026-01-04 00:30:03]   [emp_id: 4837] ✓ Updated: 45.35 → 45.41 (CHANGED)
[2026-01-04 00:30:03]   [emp_id: 4838] ✓ Updated: 44.37 → 44.43 (CHANGED)
[2026-01-04 00:30:03]   [emp_id: 4840] ✓ Updated: 45.35 → 45.41 (CHANGED)
[2026-01-04 00:30:03]   [emp_id: 4842] ✓ Updated: 44.59 → 44.65 (CHANGED)
[2026-01-04 00:30:03]   [emp_id: 4843] ✓ Updated: 45.12 → 45.18 (CHANGED)
[2026-01-04 00:30:03]   [emp_id: 4853] ✓ Updated: 88.94 → 89 (CHANGED)
[2026-01-04 00:30:03]   [emp_id: 4856] ✓ Updated: 42.26 → 42.32 (CHANGED)
[2026-01-04 00:30:03]   [emp_id: 4857] ✓ Updated: 25.08 → 25.14 (CHANGED)
[2026-01-04 00:30:03]   [emp_id: 4858] ✓ Updated: 21.96 → 22.02 (CHANGED)
[2026-01-04 00:30:03]   [emp_id: 4859] ✓ Updated: 43.43 → 43.49 (CHANGED)
[2026-01-04 00:30:03]   [emp_id: 4860] ✓ Updated: 7.93 → 7.99 (CHANGED)
[2026-01-04 00:30:03]   [emp_id: 4861] ✓ Updated: 41.39 → 41.45 (CHANGED)
[2026-01-04 00:30:03]   [emp_id: 4869] ✓ Updated: 84.27 → 84.33 (CHANGED)
[2026-01-04 00:30:03]   [emp_id: 4894] ✓ Updated: 7.61 → 7.69 (CHANGED)
[2026-01-04 00:30:03]   [emp_id: 4897] ✓ Updated: 23.17 → 23.23 (CHANGED)
[2026-01-04 00:30:03]   [emp_id: 4899] ✓ Updated: 19.34 → 19.4 (CHANGED)
[2026-01-04 00:30:03]   [emp_id: 4902] ✓ Updated: 18.76 → 18.82 (CHANGED)
[2026-01-04 00:30:03]   [emp_id: 4903] ✓ Updated: 20.98 → 21.04 (CHANGED)
[2026-01-04 00:30:03]   [emp_id: 4905] ✓ Updated: 19.64 → 19.7 (CHANGED)
[2026-01-04 00:30:03]   [emp_id: 4907] ✓ Updated: 47.69 → 47.77 (CHANGED)
[2026-01-04 00:30:03]   [emp_id: 4917] ✓ Updated: 16.6 → 16.66 (CHANGED)
[2026-01-04 00:30:03]   [emp_id: 4918] ✓ Updated: 6.37 → 6.43 (CHANGED)
[2026-01-04 00:30:03]   [emp_id: 4919] ✓ Updated: 58.66 → 58.72 (CHANGED)
[2026-01-04 00:30:03]   [emp_id: 4920] ✓ Updated: 5.74 → 5.8 (CHANGED)
[2026-01-04 00:30:03]   [emp_id: 4921] ✓ Updated: 17.83 → 17.89 (CHANGED)
[2026-01-04 00:30:03]   [emp_id: 4927] ✓ Updated: 16.66 → 16.72 (CHANGED)
[2026-01-04 00:30:03]   [emp_id: 4929] ✓ Updated: 18.18 → 18.24 (CHANGED)
[2026-01-04 00:30:03]   [emp_id: 4930] ✓ Updated: 58.95 → 59.01 (CHANGED)
[2026-01-04 00:30:03]   [emp_id: 4932] ✓ Updated: 16.95 → 17.01 (CHANGED)
[2026-01-04 00:30:03]   [emp_id: 4933] ✓ Updated: 20.36 → 20.42 (CHANGED)
[2026-01-04 00:30:03]   [emp_id: 4949] ✓ Updated: 35.79 → 35.85 (CHANGED)
[2026-01-04 00:30:03]   [emp_id: 4956] ✓ Updated: 29.38 → 29.44 (CHANGED)
[2026-01-04 00:30:03]   [emp_id: 4957] ✓ Updated: 30.05 → 30.11 (CHANGED)
[2026-01-04 00:30:03]   [emp_id: 4962] ✓ Updated: 47.05 → 47.13 (CHANGED)
[2026-01-04 00:30:03]   [emp_id: 4969] ✓ Updated: 46.36 → 46.44 (CHANGED)
[2026-01-04 00:30:03]   [emp_id: 4976] ✓ Updated: 10.07 → 10.13 (CHANGED)
[2026-01-04 00:30:03]   [emp_id: 4984] ✓ Updated: 37.61 → 37.69 (CHANGED)
[2026-01-04 00:30:03]   [emp_id: 4995] ✓ Updated: 49.68 → 49.76 (CHANGED)
[2026-01-04 00:30:03]   [emp_id: 5004] ✓ Updated: 27.01 → 27.07 (CHANGED)
[2026-01-04 00:30:03]   [emp_id: 5006] ✓ Updated: 26.75 → 26.81 (CHANGED)
[2026-01-04 00:30:03]   [emp_id: 5011] ✓ Updated: 5.46 → 5.54 (CHANGED)
[2026-01-04 00:30:03]   [emp_id: 5013] ✓ Updated: 67.12 → 67.18 (CHANGED)
[2026-01-04 00:30:03]   [emp_id: 5018] ✓ Updated: 3.61 → 3.67 (CHANGED)
[2026-01-04 00:30:03]   [emp_id: 5021] ✓ Updated: 60.71 → 60.79 (CHANGED)
[2026-01-04 00:30:03]   [emp_id: 5024] ✓ Updated: 1.63 → 1.69 (CHANGED)
[2026-01-04 00:30:03]   [emp_id: 5030] ✓ Updated: 31.58 → 31.64 (CHANGED)
[2026-01-04 00:30:04]   [emp_id: 5033] ✓ Updated: 22.38 → 22.44 (CHANGED)
[2026-01-04 00:30:04]   [emp_id: 5043] ✓ Updated: 30.28 → 30.36 (CHANGED)
[2026-01-04 00:30:04]   [emp_id: 5045] ✓ Updated: 26.78 → 26.86 (CHANGED)
[2026-01-04 00:30:04]   [emp_id: 5046] ✓ Updated: 21.97 → 22.05 (CHANGED)
[2026-01-04 00:30:04]   [emp_id: 5049] ✓ Updated: 39.06 → 39.12 (CHANGED)
[2026-01-04 00:30:04]   [emp_id: 5052] ✓ Updated: 30.34 → 30.4 (CHANGED)
[2026-01-04 00:30:04]   [emp_id: 5055] ✓ Updated: 18.78 → 18.84 (CHANGED)
[2026-01-04 00:30:04]   [emp_id: 5058] ✓ Updated: 27.76 → 27.82 (CHANGED)
[2026-01-04 00:30:04]   [emp_id: 5062] ✓ Updated: 39.59 → 39.65 (CHANGED)
[2026-01-04 00:30:04]   [emp_id: 5064] ✓ Updated: 117.61 → 117.69 (CHANGED)
[2026-01-04 00:30:04]   [emp_id: 5065] ✓ Updated: 39 → 39.06 (CHANGED)
[2026-01-04 00:30:04]   [emp_id: 5071] ✓ Updated: 23.11 → 23.19 (CHANGED)
[2026-01-04 00:30:04]   [emp_id: 5073] ✓ Updated: 13.6 → 13.66 (CHANGED)
[2026-01-04 00:30:04]   [emp_id: 5079] ✓ Updated: 34.16 → 34.22 (CHANGED)
[2026-01-04 00:30:04]   [emp_id: 5080] ✓ Updated: 28.49 → 28.55 (CHANGED)
[2026-01-04 00:30:04]   [emp_id: 5081] ✓ Updated: 15.75 → 15.81 (CHANGED)
[2026-01-04 00:30:04]   [emp_id: 5087] ✓ Updated: 35.79 → 35.85 (CHANGED)
[2026-01-04 00:30:04]   [emp_id: 5091] ✓ Updated: 75.64 → 75.7 (CHANGED)
[2026-01-04 00:30:04]   [emp_id: 5093] ✓ Updated: 14.28 → 14.36 (CHANGED)
[2026-01-04 00:30:04]   [emp_id: 5095] ✓ Updated: 1.18 → 1.24 (CHANGED)
[2026-01-04 00:30:04]   [emp_id: 5101] ✓ Updated: 16.36 → 16.44 (CHANGED)
[2026-01-04 00:30:04]   [emp_id: 5107] ✓ Updated: 14.69 → 14.77 (CHANGED)
[2026-01-04 00:30:04]   [emp_id: 5109] ✓ Updated: 11.94 → 12.02 (CHANGED)
[2026-01-04 00:30:04]   [emp_id: 5119] ✓ Updated: 10.11 → 10.19 (CHANGED)
[2026-01-04 00:30:04]   [emp_id: 5122] ✓ Updated: 7.28 → 7.36 (CHANGED)
[2026-01-04 00:30:04]   [emp_id: 5126] ✓ Updated: 26.52 → 26.58 (CHANGED)
[2026-01-04 00:30:04]   [emp_id: 5127] ✓ Updated: 23.31 → 23.37 (CHANGED)
[2026-01-04 00:30:04]   [emp_id: 5128] ✓ Updated: 26.46 → 26.52 (CHANGED)
[2026-01-04 00:30:04]   [emp_id: 5138] ✓ Updated: 65.94 → 66.02 (CHANGED)
[2026-01-04 00:30:04]   [emp_id: 5138] ✓ Updated: 65.94 → 66.02 (CHANGED)
[2026-01-04 00:30:04]   [emp_id: 5141] ✓ Updated: 34.83 → 34.89 (CHANGED)
[2026-01-04 00:30:04]   [emp_id: 5142] ✓ Updated: 13.83 → 13.89 (CHANGED)
[2026-01-04 00:30:04]   [emp_id: 5146] ✓ Updated: 20.83 → 20.89 (CHANGED)
[2026-01-04 00:30:04]   [emp_id: 5147] ✓ Updated: 19.83 → 19.89 (CHANGED)
[2026-01-04 00:30:04]   [emp_id: 5148] ✓ Updated: 25.18 → 25.24 (CHANGED)
[2026-01-04 00:30:04]   [emp_id: 5149] ✓ Updated: 24.07 → 24.13 (CHANGED)
[2026-01-04 00:30:04]   [emp_id: 5150] ✓ Updated: 23.43 → 23.49 (CHANGED)
[2026-01-04 00:30:04]   [emp_id: 5151] ✓ Updated: 23.25 → 23.31 (CHANGED)
[2026-01-04 00:30:04]   [emp_id: 5152] ✓ Updated: 3.67 → 3.73 (CHANGED)
[2026-01-04 00:30:04]   [emp_id: 5157] ✓ Updated: 23.25 → 23.31 (CHANGED)
[2026-01-04 00:30:04]   [emp_id: 5160] ✓ Updated: 23.25 → 23.31 (CHANGED)
[2026-01-04 00:30:04]   [emp_id: 5163] ✓ Updated: 21.04 → 21.1 (CHANGED)
[2026-01-04 00:30:04]   [emp_id: 5165] ✓ Updated: 1.38 → 1.46 (CHANGED)
[2026-01-04 00:30:04]   [emp_id: 5167] ✓ Updated: 30.19 → 30.25 (CHANGED)
[2026-01-04 00:30:04]   [emp_id: 5168] ✓ Updated: 22.73 → 22.79 (CHANGED)
[2026-01-04 00:30:04]   [emp_id: 5173] ✓ Updated: 25.03 → 25.11 (CHANGED)
[2026-01-04 00:30:04]   [emp_id: 5174] ✓ Updated: 23.19 → 23.25 (CHANGED)
[2026-01-04 00:30:04]   [emp_id: 5181] ✓ Updated: 19.58 → 19.64 (CHANGED)
[2026-01-04 00:30:04]   [emp_id: 5186] ✓ Updated: 25.11 → 25.17 (CHANGED)
[2026-01-04 00:30:04]   [emp_id: 5187] ✓ Updated: 36.11 → 36.17 (CHANGED)
[2026-01-04 00:30:04]   [emp_id: 5204] ✓ Updated: 22.53 → 22.61 (CHANGED)
[2026-01-04 00:30:04]   [emp_id: 5205] ✓ Updated: 12.32 → 12.38 (CHANGED)
[2026-01-04 00:30:04]   [emp_id: 5209] ✓ Updated: 15.32 → 15.38 (CHANGED)
[2026-01-04 00:30:04]   [emp_id: 5213] ✓ Updated: 1.73 → 1.79 (CHANGED)
[2026-01-04 00:30:04]   [emp_id: 5214] ✓ Updated: 3.57 → 3.63 (CHANGED)
[2026-01-04 00:30:04]   [emp_id: 5215] ✓ Updated: 10.32 → 10.38 (CHANGED)
[2026-01-04 00:30:04]   [emp_id: 5217] ✓ Updated: 9.32 → 9.38 (CHANGED)
[2026-01-04 00:30:04]   [emp_id: 5219] ✓ Updated: 13.32 → 13.38 (CHANGED)
[2026-01-04 00:30:04]   [emp_id: 5221] ✓ Updated: 4.69 → 4.75 (CHANGED)
[2026-01-04 00:30:04]   [emp_id: 5224] ✓ Updated: 14.32 → 14.38 (CHANGED)
[2026-01-04 00:30:04]   [emp_id: 5225] ✓ Updated: 6.63 → 6.69 (CHANGED)
[2026-01-04 00:30:04]   [emp_id: 5228] ✓ Updated: 9.32 → 9.38 (CHANGED)
[2026-01-04 00:30:04]   [emp_id: 5229] ✓ Updated: 5.32 → 5.38 (CHANGED)
[2026-01-04 00:30:04]   [emp_id: 5230] ✓ Updated: 11.99 → 12.05 (CHANGED)
[2026-01-04 00:30:04]   [emp_id: 5231] ✓ Updated: 6.32 → 6.38 (CHANGED)
[2026-01-04 00:30:04]   [emp_id: 5232] ✓ Updated: 11.32 → 11.38 (CHANGED)
[2026-01-04 00:30:04]   [emp_id: 5233] ✓ Updated: 4.32 → 4.38 (CHANGED)
[2026-01-04 00:30:04]   [emp_id: 5234] ✓ Updated: 4.32 → 4.38 (CHANGED)
[2026-01-04 00:30:04]   [emp_id: 5235] ✓ Updated: 4.99 → 5.05 (CHANGED)
[2026-01-04 00:30:04]   [emp_id: 5237] ✓ Updated: 10.57 → 10.63 (CHANGED)
[2026-01-04 00:30:04]   [emp_id: 5239] ✓ Updated: 7.32 → 7.38 (CHANGED)
[2026-01-04 00:30:04]   [emp_id: 5241] ✓ Updated: 5.32 → 5.38 (CHANGED)
[2026-01-04 00:30:04]   [emp_id: 5242] ✓ Updated: 15.32 → 15.38 (CHANGED)
[2026-01-04 00:30:04]   [emp_id: 5243] ✓ Updated: 1.73 → 1.79 (CHANGED)
[2026-01-04 00:30:04]   [emp_id: 5244] ✓ Updated: 3.63 → 3.69 (CHANGED)
[2026-01-04 00:30:04]   [emp_id: 5246] ✓ Updated: 11.32 → 11.38 (CHANGED)
[2026-01-04 00:30:04]   [emp_id: 5253] ✓ Updated: 24.19 → 24.25 (CHANGED)
[2026-01-04 00:30:04]   [emp_id: 5254] ✓ Updated: 12.17 → 12.23 (CHANGED)
[2026-01-04 00:30:04]   [emp_id: 5257] ✓ Updated: 11.88 → 11.94 (CHANGED)
[2026-01-04 00:30:04]   [emp_id: 5259] ✓ Updated: 48.41 → 48.47 (CHANGED)
[2026-01-04 00:30:04]   [emp_id: 5261] ✓ Updated: 16.13 → 16.21 (CHANGED)
[2026-01-04 00:30:04]   [emp_id: 5264] ✓ Updated: 25.89 → 25.95 (CHANGED)
[2026-01-04 00:30:04]   [emp_id: 5266] ✓ Updated: 20.51 → 20.57 (CHANGED)
[2026-01-04 00:30:04]   [emp_id: 5268] ✓ Updated: 9.08 → 9.14 (CHANGED)
[2026-01-04 00:30:04]   [emp_id: 5271] ✓ Updated: 7.74 → 7.8 (CHANGED)
[2026-01-04 00:30:04]   [emp_id: 5272] ✓ Updated: 8.61 → 8.67 (CHANGED)
[2026-01-04 00:30:04]   [emp_id: 5273] ✓ Updated: 23.68 → 23.74 (CHANGED)
[2026-01-04 00:30:04]   [emp_id: 5275] ✓ Updated: 9.43 → 9.49 (CHANGED)
[2026-01-04 00:30:04]   [emp_id: 5276] ✓ Updated: 23.7 → 23.76 (CHANGED)
[2026-01-04 00:30:04]   [emp_id: 5278] ✓ Updated: 8.09 → 8.15 (CHANGED)
[2026-01-04 00:30:04]   [emp_id: 5280] ✓ Updated: 18.49 → 18.55 (CHANGED)
[2026-01-04 00:30:04]   [emp_id: 5282] ✓ Updated: 11.61 → 11.69 (CHANGED)
[2026-01-04 00:30:04]   [emp_id: 5285] ✓ Updated: 28.49 → 28.55 (CHANGED)
[2026-01-04 00:30:04]   [emp_id: 5286] ✓ Updated: 15.49 → 15.55 (CHANGED)
[2026-01-04 00:30:04]   [emp_id: 5287] ✓ Updated: 49.79 → 49.85 (CHANGED)
[2026-01-04 00:30:04]   [emp_id: 5288] ✓ Updated: 7.06 → 7.12 (CHANGED)
[2026-01-04 00:30:04]   [emp_id: 5289] ✓ Updated: 48.34 → 48.4 (CHANGED)
[2026-01-04 00:30:04]   [emp_id: 5290] ✓ Updated: 47.11 → 47.17 (CHANGED)
[2026-01-04 00:30:04]   [emp_id: 5291] ✓ Updated: 5.11 → 5.17 (CHANGED)
[2026-01-04 00:30:04]   [emp_id: 5292] ✓ Updated: 5.05 → 5.11 (CHANGED)
[2026-01-04 00:30:04]   [emp_id: 5293] ✓ Updated: 37.78 → 37.86 (CHANGED)
[2026-01-04 00:30:04]   [emp_id: 5294] ✓ Updated: 7.53 → 7.61 (CHANGED)
[2026-01-04 00:30:04]   [emp_id: 5295] ✓ Updated: 21.29 → 21.35 (CHANGED)
[2026-01-04 00:30:04]   [emp_id: 5296] ✓ Updated: 34.55 → 34.63 (CHANGED)
[2026-01-04 00:30:04]   [emp_id: 5297] ✓ Updated: 45.71 → 45.77 (CHANGED)
[2026-01-04 00:30:04]   [emp_id: 5298] ✓ Updated: 45.71 → 45.77 (CHANGED)
[2026-01-04 00:30:04]   [emp_id: 5299] ✓ Updated: 45.71 → 45.77 (CHANGED)
[2026-01-04 00:30:04]   [emp_id: 5300] ✓ Updated: 45.71 → 45.77 (CHANGED)
[2026-01-04 00:30:04]   [emp_id: 5301] ✓ Updated: 3.53 → 3.59 (CHANGED)
[2026-01-04 00:30:04]   [emp_id: 5303] ✓ Updated: 3.96 → 4.02 (CHANGED)
[2026-01-04 00:30:04]   [emp_id: 5304] ✓ Updated: 45.71 → 45.77 (CHANGED)
[2026-01-04 00:30:04]   [emp_id: 5305] ✓ Updated: 3.71 → 3.77 (CHANGED)
[2026-01-04 00:30:04]   [emp_id: 5306] ✓ Updated: 45.42 → 45.48 (CHANGED)
[2026-01-04 00:30:04]   [emp_id: 5307] ✓ Updated: 45.42 → 45.48 (CHANGED)
[2026-01-04 00:30:04]   [emp_id: 5312] ✓ Updated: 1.4 → 1.46 (CHANGED)
[2026-01-04 00:30:04]   [emp_id: 5318] ✓ Updated: 26.13 → 26.19 (CHANGED)
[2026-01-04 00:30:04]   [emp_id: 5325] ✓ Updated: 22.09 → 22.15 (CHANGED)
[2026-01-04 00:30:04]   [emp_id: 5327] ✓ Updated: 1.18 → 1.24 (CHANGED)
[2026-01-04 00:30:04]   [emp_id: 5337] ✓ Updated: 35.44 → 35.52 (CHANGED)
[2026-01-04 00:30:04]   [emp_id: 5339] ✓ Updated: 10.28 → 10.34 (CHANGED)
[2026-01-04 00:30:04]   [emp_id: 5343] ✓ Updated: 45.36 → 45.44 (CHANGED)
[2026-01-04 00:30:04]   [emp_id: 5343] ✓ Updated: 45.36 → 45.44 (CHANGED)
[2026-01-04 00:30:04]   [emp_id: 5345] ✓ Updated: 15.19 → 15.27 (CHANGED)
[2026-01-04 00:30:04]   [emp_id: 5346] ✓ Updated: 2 → 2.06 (CHANGED)
[2026-01-04 00:30:04]   [emp_id: 5351] ✓ Updated: 16.94 → 17 (CHANGED)
[2026-01-04 00:30:04]   [emp_id: 5352] ✓ Updated: 25.61 → 25.69 (CHANGED)
[2026-01-04 00:30:04]   [emp_id: 5370] ✓ Updated: 15.59 → 15.65 (CHANGED)
[2026-01-04 00:30:04]   [emp_id: 5371] ✓ Updated: 1.52 → 1.6 (CHANGED)
[2026-01-04 00:30:04]   [emp_id: 5376] ✓ Updated: 10.19 → 10.25 (CHANGED)
[2026-01-04 00:30:04]   [emp_id: 5378] ✓ Updated: 17.44 → 17.52 (CHANGED)
[2026-01-04 00:30:04]   [emp_id: 5380] ✓ Updated: 16.6 → 16.66 (CHANGED)
[2026-01-04 00:30:04]   [emp_id: 5381] ✓ Updated: 11.88 → 11.96 (CHANGED)
[2026-01-04 00:30:04]   [emp_id: 5383] ✓ Updated: 16.19 → 16.27 (CHANGED)
[2026-01-04 00:30:04]   [emp_id: 5388] ✓ Updated: 27.38 → 27.44 (CHANGED)
[2026-01-04 00:30:04]   [emp_id: 5396] ✓ Updated: 28.62 → 28.68 (CHANGED)
[2026-01-04 00:30:04]   [emp_id: 5397] ✓ Updated: 20.08 → 20.14 (CHANGED)
[2026-01-04 00:30:04]   [emp_id: 5401] ✓ Updated: 23.19 → 23.25 (CHANGED)
[2026-01-04 00:30:04]   [emp_id: 5402] ✓ Updated: 23.31 → 23.37 (CHANGED)
[2026-01-04 00:30:04]   [emp_id: 5406] ✓ Updated: 22.03 → 22.09 (CHANGED)
[2026-01-04 00:30:04]   [emp_id: 5407] ✓ Updated: 15.96 → 16.04 (CHANGED)
[2026-01-04 00:30:04]   [emp_id: 5409] ✓ Updated: 16.37 → 16.43 (CHANGED)
[2026-01-04 00:30:04]   [emp_id: 5413] ✓ Updated: 28.36 → 28.44 (CHANGED)
[2026-01-04 00:30:04]   [emp_id: 5414] ✓ Updated: 28.03 → 28.11 (CHANGED)
[2026-01-04 00:30:04]   [emp_id: 5415] ✓ Updated: 3.96 → 4.04 (CHANGED)
[2026-01-04 00:30:04]   [emp_id: 5418] ✓ Updated: 15.43 → 15.49 (CHANGED)
[2026-01-04 00:30:04]   [emp_id: 5422] ✓ Updated: 20.69 → 20.77 (CHANGED)
[2026-01-04 00:30:04]   [emp_id: 5423] ✓ Updated: 5.38 → 5.46 (CHANGED)
[2026-01-04 00:30:04]   [emp_id: 5425] ✓ Updated: 13.98 → 14.04 (CHANGED)
[2026-01-04 00:30:04]   [emp_id: 5426] ✓ Updated: 2.93 → 3.01 (CHANGED)
[2026-01-04 00:30:04]   [emp_id: 5426] ✓ Updated: 2.93 → 3.01 (CHANGED)
[2026-01-04 00:30:05]   [emp_id: 5427] ✓ Updated: 14.09 → 14.15 (CHANGED)
[2026-01-04 00:30:05]   [emp_id: 5428] ✓ Updated: 13.98 → 14.04 (CHANGED)
[2026-01-04 00:30:05]   [emp_id: 5430] ✓ Updated: 17.69 → 17.77 (CHANGED)
[2026-01-04 00:30:05]   [emp_id: 5431] ✓ Updated: 13.1 → 13.16 (CHANGED)
[2026-01-04 00:30:05]   [emp_id: 5434] ✓ Updated: 12.87 → 12.93 (CHANGED)
[2026-01-04 00:30:05]   [emp_id: 5435] ✓ Updated: 12.81 → 12.87 (CHANGED)
[2026-01-04 00:30:05]   [emp_id: 5436] ✓ Updated: 12.81 → 12.87 (CHANGED)
[2026-01-04 00:30:05]   [emp_id: 5438] ✓ Updated: 15.61 → 15.69 (CHANGED)
[2026-01-04 00:30:05]   [emp_id: 5439] ✓ Updated: 25.11 → 25.19 (CHANGED)
[2026-01-04 00:30:05]   [emp_id: 5442] ✓ Updated: 14.11 → 14.19 (CHANGED)
[2026-01-04 00:30:05]   [emp_id: 5445] ✓ Updated: 7.27 → 7.33 (CHANGED)
[2026-01-04 00:30:05]   [emp_id: 5446] ✓ Updated: 7.27 → 7.33 (CHANGED)
[2026-01-04 00:30:05]   [emp_id: 5447] ✓ Updated: 7.21 → 7.27 (CHANGED)
[2026-01-04 00:30:05]   [emp_id: 5448] ✓ Updated: 7.13 → 7.21 (CHANGED)
[2026-01-04 00:30:05]   [emp_id: 5449] ✓ Updated: 5.29 → 5.35 (CHANGED)
[2026-01-04 00:30:05]   [emp_id: 5450] ✓ Updated: 5.23 → 5.29 (CHANGED)
[2026-01-04 00:30:05]   [emp_id: 5451] ✓ Updated: 5.23 → 5.29 (CHANGED)
[2026-01-04 00:30:05]   [emp_id: 5454] ✓ Updated: 7.19 → 7.27 (CHANGED)
[2026-01-04 00:30:05]   [emp_id: 5455] ✓ Updated: 5.44 → 5.52 (CHANGED)
[2026-01-04 00:30:05]   [emp_id: 5456] ✓ Updated: 6.44 → 6.52 (CHANGED)
[2026-01-04 00:30:05] Report saved to: /home/almutlak/public_html/hr/cron_logs/last_vacation_update_report.json
[2026-01-04 08:34:24] ========== CRON: Vacation Balance Update Started ==========
[2026-01-04 10:52:14] ========== CRON: Vacation Balance Update Started ==========
[2026-01-04 10:58:16] ========== CRON: Vacation Balance Update Started ==========
[2026-01-04 11:07:47] ========== CRON: Vacation Balance Update Started ==========
[2026-01-04 11:07:50] ========== CRON: Vacation Balance Update Started ==========
[2026-01-04 11:07:50] FORCE RUN enabled: Bypassing once-per-day restriction
[2026-01-04 11:07:50] Database connection established
[2026-01-04 11:07:50] Found 435 active employees with balance records to update
[2026-01-04 11:07:50] (Only employees with status=1 will be processed)
[2026-01-04 11:07:50]   [emp_id: 1061] ✓ Refreshed: 0.48 (unchanged value, timestamp updated)
[2026-01-04 11:07:50]   [emp_id: 1496] ✓ Refreshed: 16.61 (unchanged value, timestamp updated)
[2026-01-04 11:07:50]   [emp_id: 1500] ✓ Refreshed: 4.29 (unchanged value, timestamp updated)
[2026-01-04 11:07:50]   [emp_id: 1574] ✓ Refreshed: 33.52 (unchanged value, timestamp updated)
[2026-01-04 11:07:50]   [emp_id: 1673] ✓ Refreshed: 45.02 (unchanged value, timestamp updated)
[2026-01-04 11:07:50]   [emp_id: 1685] ✓ Refreshed: 14.94 (unchanged value, timestamp updated)
[2026-01-04 11:07:50]   [emp_id: 1764] ✓ Refreshed: 69.61 (unchanged value, timestamp updated)
[2026-01-04 11:07:50]   [emp_id: 1805] ✓ Refreshed: 63.94 (unchanged value, timestamp updated)
[2026-01-04 11:07:50]   [emp_id: 1822] ✓ Refreshed: 68.69 (unchanged value, timestamp updated)
[2026-01-04 11:07:50]   [emp_id: 1837] ✓ Refreshed: 24.86 (unchanged value, timestamp updated)
[2026-01-04 11:07:50]   [emp_id: 1857] ✓ Refreshed: 20.19 (unchanged value, timestamp updated)
[2026-01-04 11:07:50]   [emp_id: 1861] ✓ Refreshed: 71.02 (unchanged value, timestamp updated)
[2026-01-04 11:07:50]   [emp_id: 1872] ✓ Refreshed: 9.86 (unchanged value, timestamp updated)
[2026-01-04 11:07:50]   [emp_id: 1897] ✓ Refreshed: 5.19 (unchanged value, timestamp updated)
[2026-01-04 11:07:50]   [emp_id: 1916] ✓ Refreshed: 11.49 (unchanged value, timestamp updated)
[2026-01-04 11:07:50]   [emp_id: 1928] ✓ Refreshed: 64.44 (unchanged value, timestamp updated)
[2026-01-04 11:07:50]   [emp_id: 1931] ✓ Refreshed: 84.36 (unchanged value, timestamp updated)
[2026-01-04 11:07:50]   [emp_id: 1944] ✓ Refreshed: 42.52 (unchanged value, timestamp updated)
[2026-01-04 11:07:50]   [emp_id: 1996] ✓ Refreshed: 71.02 (unchanged value, timestamp updated)
[2026-01-04 11:07:50]   [emp_id: 1997] ✓ Refreshed: 36.19 (unchanged value, timestamp updated)
[2026-01-04 11:07:50]   [emp_id: 1998] ✓ Refreshed: 27.63 (unchanged value, timestamp updated)
[2026-01-04 11:07:50]   [emp_id: 1999] ✓ Refreshed: 28.63 (unchanged value, timestamp updated)
[2026-01-04 11:07:50]   [emp_id: 2009] ✓ Refreshed: 34.94 (unchanged value, timestamp updated)
[2026-01-04 11:07:50]   [emp_id: 2048] ✓ Refreshed: 24.77 (unchanged value, timestamp updated)
[2026-01-04 11:07:50]   [emp_id: 2057] ✓ Refreshed: 65.61 (unchanged value, timestamp updated)
[2026-01-04 11:07:50]   [emp_id: 2079] ✓ Refreshed: 47.94 (unchanged value, timestamp updated)
[2026-01-04 11:07:50]   [emp_id: 2181] ✓ Refreshed: 36.94 (unchanged value, timestamp updated)
[2026-01-04 11:07:50]   [emp_id: 2190] ✓ Refreshed: 6.27 (unchanged value, timestamp updated)
[2026-01-04 11:07:50]   [emp_id: 2212] ✓ Refreshed: 24.27 (unchanged value, timestamp updated)
[2026-01-04 11:07:50]   [emp_id: 2226] ✓ Refreshed: 69.02 (unchanged value, timestamp updated)
[2026-01-04 11:07:50]   [emp_id: 2238] ✓ Refreshed: 67.27 (unchanged value, timestamp updated)
[2026-01-04 11:07:50]   [emp_id: 2285] ✓ Refreshed: 35.94 (unchanged value, timestamp updated)
[2026-01-04 11:07:50]   [emp_id: 2287] ✓ Refreshed: 47.61 (unchanged value, timestamp updated)
[2026-01-04 11:07:50]   [emp_id: 2288] ✓ Refreshed: 2.63 (unchanged value, timestamp updated)
[2026-01-04 11:07:50]   [emp_id: 2316] ✓ Refreshed: 16.44 (unchanged value, timestamp updated)
[2026-01-04 11:07:50]   [emp_id: 2337] ✓ Refreshed: 37.52 (unchanged value, timestamp updated)
[2026-01-04 11:07:50]   [emp_id: 2352] ✓ Refreshed: 69.02 (unchanged value, timestamp updated)
[2026-01-04 11:07:50]   [emp_id: 2358] ✓ Refreshed: 5.52 (unchanged value, timestamp updated)
[2026-01-04 11:07:50]   [emp_id: 2361] ✓ Refreshed: 71.19 (unchanged value, timestamp updated)
[2026-01-04 11:07:50]   [emp_id: 2363] ✓ Refreshed: 73.77 (unchanged value, timestamp updated)
[2026-01-04 11:07:50]   [emp_id: 2364] ✓ Refreshed: 73.19 (unchanged value, timestamp updated)
[2026-01-04 11:07:50]   [emp_id: 2367] ✓ Refreshed: 100.86 (unchanged value, timestamp updated)
[2026-01-04 11:07:50]   [emp_id: 2368] ✓ Refreshed: 31.27 (unchanged value, timestamp updated)
[2026-01-04 11:07:50]   [emp_id: 2372] ✓ Refreshed: 68.52 (unchanged value, timestamp updated)
[2026-01-04 11:07:50]   [emp_id: 2376] ✓ Refreshed: 118.52 (unchanged value, timestamp updated)
[2026-01-04 11:07:50]   [emp_id: 2423] ✓ Refreshed: 19.27 (unchanged value, timestamp updated)
[2026-01-04 11:07:50]   [emp_id: 2519] ✓ Refreshed: 172.94 (unchanged value, timestamp updated)
[2026-01-04 11:07:50]   [emp_id: 2522] ✓ Refreshed: 56.52 (unchanged value, timestamp updated)
[2026-01-04 11:07:50]   [emp_id: 2530] ✓ Refreshed: 51.77 (unchanged value, timestamp updated)
[2026-01-04 11:07:50]   [emp_id: 2539] ✓ Refreshed: 48.52 (unchanged value, timestamp updated)
[2026-01-04 11:07:50]   [emp_id: 2541] ✓ Refreshed: 29.11 (unchanged value, timestamp updated)
[2026-01-04 11:07:50]   [emp_id: 2550] ✓ Refreshed: 95.27 (unchanged value, timestamp updated)
[2026-01-04 11:07:50]   [emp_id: 2553] ✓ Refreshed: 32.38 (unchanged value, timestamp updated)
[2026-01-04 11:07:50]   [emp_id: 2554] ✓ Refreshed: 38.86 (unchanged value, timestamp updated)
[2026-01-04 11:07:50]   [emp_id: 2565] ✓ Refreshed: 93.44 (unchanged value, timestamp updated)
[2026-01-04 11:07:50]   [emp_id: 2572] ✓ Refreshed: 43.44 (unchanged value, timestamp updated)
[2026-01-04 11:07:50]   [emp_id: 2637] ✓ Refreshed: 64.02 (unchanged value, timestamp updated)
[2026-01-04 11:07:50]   [emp_id: 2642] ✓ Refreshed: 76.77 (unchanged value, timestamp updated)
[2026-01-04 11:07:50]   [emp_id: 2645] ✓ Refreshed: 92.77 (unchanged value, timestamp updated)
[2026-01-04 11:07:50]   [emp_id: 2648] ✓ Refreshed: 44.44 (unchanged value, timestamp updated)
[2026-01-04 11:07:50]   [emp_id: 2654] ✓ Refreshed: 87.11 (unchanged value, timestamp updated)
[2026-01-04 11:07:50]   [emp_id: 2688] ✓ Refreshed: 25.19 (unchanged value, timestamp updated)
[2026-01-04 11:07:50]   [emp_id: 2690] ✓ Refreshed: 13.94 (unchanged value, timestamp updated)
[2026-01-04 11:07:50]   [emp_id: 2709] ✓ Refreshed: 36.19 (unchanged value, timestamp updated)
[2026-01-04 11:07:50]   [emp_id: 2745] ✓ Refreshed: 32.77 (unchanged value, timestamp updated)
[2026-01-04 11:07:50]   [emp_id: 2843] ✓ Refreshed: 79.36 (unchanged value, timestamp updated)
[2026-01-04 11:07:50]   [emp_id: 2854] ✓ Refreshed: 59.27 (unchanged value, timestamp updated)
[2026-01-04 11:07:50]   [emp_id: 2869] ✓ Refreshed: 64.19 (unchanged value, timestamp updated)
[2026-01-04 11:07:50]   [emp_id: 2876] ✓ Refreshed: 34.02 (unchanged value, timestamp updated)
[2026-01-04 11:07:50]   [emp_id: 2924] ✓ Refreshed: 15.19 (unchanged value, timestamp updated)
[2026-01-04 11:07:51]   [emp_id: 2953] ✓ Refreshed: 100.94 (unchanged value, timestamp updated)
[2026-01-04 11:07:51]   [emp_id: 2961] ✓ Refreshed: 10.94 (unchanged value, timestamp updated)
[2026-01-04 11:07:51]   [emp_id: 2975] ✓ Refreshed: 0.62 (unchanged value, timestamp updated)
[2026-01-04 11:07:51]   [emp_id: 3013] ✓ Refreshed: 9.94 (unchanged value, timestamp updated)
[2026-01-04 11:07:51]   [emp_id: 3014] ✓ Refreshed: 89.19 (unchanged value, timestamp updated)
[2026-01-04 11:07:51]   [emp_id: 3015] ✓ Refreshed: 0.44 (unchanged value, timestamp updated)
[2026-01-04 11:07:51]   [emp_id: 3018] ✓ Refreshed: 59.19 (unchanged value, timestamp updated)
[2026-01-04 11:07:51]   [emp_id: 3025] ✓ Refreshed: 22.96 (unchanged value, timestamp updated)
[2026-01-04 11:07:51]   [emp_id: 3037] ✓ Refreshed: 82.69 (unchanged value, timestamp updated)
[2026-01-04 11:07:51]   [emp_id: 3047] ✓ Refreshed: 70.94 (unchanged value, timestamp updated)
[2026-01-04 11:07:51]   [emp_id: 3061] ✓ Refreshed: 17.86 (unchanged value, timestamp updated)
[2026-01-04 11:07:51]   [emp_id: 3062] ✓ Refreshed: 51.02 (unchanged value, timestamp updated)
[2026-01-04 11:07:51]   [emp_id: 3074] ✓ Refreshed: 107.44 (unchanged value, timestamp updated)
[2026-01-04 11:07:51]   [emp_id: 3089] ✓ Refreshed: 6.36 (unchanged value, timestamp updated)
[2026-01-04 11:07:51]   [emp_id: 3090] ✓ Refreshed: 32.94 (unchanged value, timestamp updated)
[2026-01-04 11:07:51]   [emp_id: 3091] ✓ Refreshed: 44.94 (unchanged value, timestamp updated)
[2026-01-04 11:07:51]   [emp_id: 3092] ✓ Refreshed: 27.61 (unchanged value, timestamp updated)
[2026-01-04 11:07:51]   [emp_id: 3105] ✓ Refreshed: 47.94 (unchanged value, timestamp updated)
[2026-01-04 11:07:51]   [emp_id: 3134] ✓ Refreshed: 43.69 (unchanged value, timestamp updated)
[2026-01-04 11:07:51]   [emp_id: 3140] ✓ Refreshed: 40.77 (unchanged value, timestamp updated)
[2026-01-04 11:07:51]   [emp_id: 3144] ✓ Refreshed: 13.61 (unchanged value, timestamp updated)
[2026-01-04 11:07:51]   [emp_id: 3156] ✓ Refreshed: 16.94 (unchanged value, timestamp updated)
[2026-01-04 11:07:51]   [emp_id: 3162] ✓ Refreshed: 1.92 (unchanged value, timestamp updated)
[2026-01-04 11:07:51]   [emp_id: 3163] ✓ Refreshed: 5.19 (unchanged value, timestamp updated)
[2026-01-04 11:07:51]   [emp_id: 3198] ✓ Refreshed: 40.19 (unchanged value, timestamp updated)
[2026-01-04 11:07:51]   [emp_id: 3205] ✓ Refreshed: 16.86 (unchanged value, timestamp updated)
[2026-01-04 11:07:51]   [emp_id: 3209] ✓ Refreshed: 41.02 (unchanged value, timestamp updated)
[2026-01-04 11:07:51]   [emp_id: 3223] ✓ Refreshed: 89.94 (unchanged value, timestamp updated)
[2026-01-04 11:07:51]   [emp_id: 3224] ✓ Refreshed: 64.69 (unchanged value, timestamp updated)
[2026-01-04 11:07:51]   [emp_id: 3230] ✓ Refreshed: 88.11 (unchanged value, timestamp updated)
[2026-01-04 11:07:51]   [emp_id: 3231] ✓ Refreshed: 0.48 (unchanged value, timestamp updated)
[2026-01-04 11:07:51]   [emp_id: 3233] ✓ Refreshed: 80.94 (unchanged value, timestamp updated)
[2026-01-04 11:07:51]   [emp_id: 3249] ✓ Refreshed: 36.77 (unchanged value, timestamp updated)
[2026-01-04 11:07:51]   [emp_id: 3250] ✓ Refreshed: 9.77 (unchanged value, timestamp updated)
[2026-01-04 11:07:51]   [emp_id: 3252] ✓ Refreshed: 10.69 (unchanged value, timestamp updated)
[2026-01-04 11:07:51]   [emp_id: 3254] ✓ Refreshed: 21.19 (unchanged value, timestamp updated)
[2026-01-04 11:07:51]   [emp_id: 3255] ✓ Refreshed: 17.61 (unchanged value, timestamp updated)
[2026-01-04 11:07:51]   [emp_id: 3256] ✓ Refreshed: 13.86 (unchanged value, timestamp updated)
[2026-01-04 11:07:51]   [emp_id: 3263] ✓ Refreshed: 29.94 (unchanged value, timestamp updated)
[2026-01-04 11:07:51]   [emp_id: 3265] ✓ Refreshed: 25.52 (unchanged value, timestamp updated)
[2026-01-04 11:07:51]   [emp_id: 3280] ✓ Refreshed: 72.44 (unchanged value, timestamp updated)
[2026-01-04 11:07:51]   [emp_id: 3286] ✓ Refreshed: 15.61 (unchanged value, timestamp updated)
[2026-01-04 11:07:51]   [emp_id: 3294] ✓ Refreshed: 15.27 (unchanged value, timestamp updated)
[2026-01-04 11:07:51]   [emp_id: 3321] ✓ Refreshed: 72.44 (unchanged value, timestamp updated)
[2026-01-04 11:07:51]   [emp_id: 3325] ✓ Refreshed: 60.19 (unchanged value, timestamp updated)
[2026-01-04 11:07:51]   [emp_id: 3329] ✓ Refreshed: 62.52 (unchanged value, timestamp updated)
[2026-01-04 11:07:51]   [emp_id: 3330] ✓ Refreshed: 62.52 (unchanged value, timestamp updated)
[2026-01-04 11:07:51]   [emp_id: 3332] ✓ Refreshed: 62.52 (unchanged value, timestamp updated)
[2026-01-04 11:07:51]   [emp_id: 3370] ✓ Refreshed: 54.19 (unchanged value, timestamp updated)
[2026-01-04 11:07:51]   [emp_id: 3384] ✓ Refreshed: 14.69 (unchanged value, timestamp updated)
[2026-01-04 11:07:51]   [emp_id: 3386] ✓ Refreshed: 44.69 (unchanged value, timestamp updated)
[2026-01-04 11:07:51]   [emp_id: 3431] ✓ Refreshed: 19.11 (unchanged value, timestamp updated)
[2026-01-04 11:07:51]   [emp_id: 3497] ✓ Refreshed: 9.27 (unchanged value, timestamp updated)
[2026-01-04 11:07:51]   [emp_id: 3532] ✓ Refreshed: 46.11 (unchanged value, timestamp updated)
[2026-01-04 11:07:51]   [emp_id: 3586] ✓ Refreshed: 10.19 (unchanged value, timestamp updated)
[2026-01-04 11:07:51]   [emp_id: 3602] ✓ Refreshed: 1.68 (unchanged value, timestamp updated)
[2026-01-04 11:07:51]   [emp_id: 3618] ✓ Refreshed: 23.66 (unchanged value, timestamp updated)
[2026-01-04 11:07:51]   [emp_id: 3622] ✓ Refreshed: 34.59 (unchanged value, timestamp updated)
[2026-01-04 11:07:51]   [emp_id: 3627] ✓ Refreshed: 9.61 (unchanged value, timestamp updated)
[2026-01-04 11:07:51]   [emp_id: 3665] ✓ Refreshed: 51.19 (unchanged value, timestamp updated)
[2026-01-04 11:07:51]   [emp_id: 3705] ✓ Refreshed: 27.92 (unchanged value, timestamp updated)
[2026-01-04 11:07:51]   [emp_id: 3724] ✓ Refreshed: 44.19 (unchanged value, timestamp updated)
[2026-01-04 11:07:51]   [emp_id: 3726] ✓ Refreshed: 60.61 (unchanged value, timestamp updated)
[2026-01-04 11:07:51]   [emp_id: 3727] ✓ Refreshed: 65.69 (unchanged value, timestamp updated)
[2026-01-04 11:07:51]   [emp_id: 3728] ✓ Refreshed: 10.02 (unchanged value, timestamp updated)
[2026-01-04 11:07:51]   [emp_id: 3767] ✓ Refreshed: 0.77 (unchanged value, timestamp updated)
[2026-01-04 11:07:51]   [emp_id: 3768] ✓ Refreshed: 57.02 (unchanged value, timestamp updated)
[2026-01-04 11:07:51]   [emp_id: 3787] ✓ Refreshed: 57.61 (unchanged value, timestamp updated)
[2026-01-04 11:07:51]   [emp_id: 3790] ✓ Refreshed: 2.16 (unchanged value, timestamp updated)
[2026-01-04 11:07:51]   [emp_id: 3795] ✓ Refreshed: 15.11 (unchanged value, timestamp updated)
[2026-01-04 11:07:51]   [emp_id: 3798] ✓ Refreshed: 93.52 (unchanged value, timestamp updated)
[2026-01-04 11:07:51]   [emp_id: 3801] ✓ Refreshed: 1.79 (unchanged value, timestamp updated)
[2026-01-04 11:07:51]   [emp_id: 3802] ✓ Refreshed: 30.77 (unchanged value, timestamp updated)
[2026-01-04 11:07:51]   [emp_id: 3803] ✓ Refreshed: 115.19 (unchanged value, timestamp updated)
[2026-01-04 11:07:51]   [emp_id: 3810] ✓ Refreshed: 61.19 (unchanged value, timestamp updated)
[2026-01-04 11:07:51]   [emp_id: 3812] ✓ Refreshed: 90.19 (unchanged value, timestamp updated)
[2026-01-04 11:07:51]   [emp_id: 3815] ✓ Refreshed: 90.19 (unchanged value, timestamp updated)
[2026-01-04 11:07:51]   [emp_id: 3836] ✓ Refreshed: 57.86 (unchanged value, timestamp updated)
[2026-01-04 11:07:51]   [emp_id: 3855] ✓ Refreshed: 51.02 (unchanged value, timestamp updated)
[2026-01-04 11:07:51]   [emp_id: 3857] ✓ Refreshed: 54.69 (unchanged value, timestamp updated)
[2026-01-04 11:07:51]   [emp_id: 3862] ✓ Refreshed: 102.77 (unchanged value, timestamp updated)
[2026-01-04 11:07:51]   [emp_id: 3866] ✓ Refreshed: 28.02 (unchanged value, timestamp updated)
[2026-01-04 11:07:51]   [emp_id: 3876] ✓ Refreshed: 36.19 (unchanged value, timestamp updated)
[2026-01-04 11:07:51]   [emp_id: 3877] ✓ Refreshed: 49.69 (unchanged value, timestamp updated)
[2026-01-04 11:07:51]   [emp_id: 3897] ✓ Refreshed: 37.94 (unchanged value, timestamp updated)
[2026-01-04 11:07:51]   [emp_id: 3899] ✓ Refreshed: 21.21 (unchanged value, timestamp updated)
[2026-01-04 11:07:51]   [emp_id: 3928] ✓ Refreshed: 14.02 (unchanged value, timestamp updated)
[2026-01-04 11:07:51]   [emp_id: 3929] ✓ Refreshed: 9.02 (unchanged value, timestamp updated)
[2026-01-04 11:07:51]   [emp_id: 3935] ✓ Refreshed: 94.02 (unchanged value, timestamp updated)
[2026-01-04 11:07:51]   [emp_id: 3952] ✓ Refreshed: 75.36 (unchanged value, timestamp updated)
[2026-01-04 11:07:51]   [emp_id: 3987] ✓ Refreshed: 14.27 (unchanged value, timestamp updated)
[2026-01-04 11:07:51]   [emp_id: 4059] ✓ Refreshed: 3.47 (unchanged value, timestamp updated)
[2026-01-04 11:07:51]   [emp_id: 4119] ✓ Refreshed: 56.94 (unchanged value, timestamp updated)
[2026-01-04 11:07:51]   [emp_id: 4120] ✓ Refreshed: 26.52 (unchanged value, timestamp updated)
[2026-01-04 11:07:51]   [emp_id: 4124] ✓ Refreshed: 27.04 (unchanged value, timestamp updated)
[2026-01-04 11:07:51]   [emp_id: 4133] ✓ Refreshed: 105.52 (unchanged value, timestamp updated)
[2026-01-04 11:07:51]   [emp_id: 4134] ✓ Refreshed: 26.52 (unchanged value, timestamp updated)
[2026-01-04 11:07:51]   [emp_id: 4136] ✓ Refreshed: 26.52 (unchanged value, timestamp updated)
[2026-01-04 11:07:51]   [emp_id: 4150] ✓ Refreshed: 25.19 (unchanged value, timestamp updated)
[2026-01-04 11:07:51]   [emp_id: 4157] ✓ Refreshed: 18.69 (unchanged value, timestamp updated)
[2026-01-04 11:07:51]   [emp_id: 4172] ✓ Refreshed: 12.5 (unchanged value, timestamp updated)
[2026-01-04 11:07:51]   [emp_id: 4195] ✓ Refreshed: 62.27 (unchanged value, timestamp updated)
[2026-01-04 11:07:51]   [emp_id: 4215] ✓ Refreshed: 44.94 (unchanged value, timestamp updated)
[2026-01-04 11:07:51]   [emp_id: 4220] ✓ Refreshed: 40.52 (unchanged value, timestamp updated)
[2026-01-04 11:07:51]   [emp_id: 4273] ✓ Refreshed: 9.19 (unchanged value, timestamp updated)
[2026-01-04 11:07:51]   [emp_id: 4283] ✓ Refreshed: 13.59 (unchanged value, timestamp updated)
[2026-01-04 11:07:51]   [emp_id: 4288] ✓ Refreshed: 1.44 (unchanged value, timestamp updated)
[2026-01-04 11:07:51]   [emp_id: 4315] ✓ Refreshed: 12.44 (unchanged value, timestamp updated)
[2026-01-04 11:07:51]   [emp_id: 4328] ✓ Refreshed: 42.42 (unchanged value, timestamp updated)
[2026-01-04 11:07:51]   [emp_id: 4329] ✓ Refreshed: 5.61 (unchanged value, timestamp updated)
[2026-01-04 11:07:51]   [emp_id: 4338] ✓ Refreshed: 47.19 (unchanged value, timestamp updated)
[2026-01-04 11:07:51]   [emp_id: 4340] ✓ Refreshed: 126.19 (unchanged value, timestamp updated)
[2026-01-04 11:07:51]   [emp_id: 4365] ✓ Refreshed: 60.61 (unchanged value, timestamp updated)
[2026-01-04 11:07:51]   [emp_id: 4366] ✓ Refreshed: 59.69 (unchanged value, timestamp updated)
[2026-01-04 11:07:51]   [emp_id: 4403] ✓ Refreshed: 85.52 (unchanged value, timestamp updated)
[2026-01-04 11:07:51]   [emp_id: 4438] ✓ Refreshed: 21.19 (unchanged value, timestamp updated)
[2026-01-04 11:07:51]   [emp_id: 4465] ✓ Refreshed: 12.75 (unchanged value, timestamp updated)
[2026-01-04 11:07:51]   [emp_id: 4473] ✓ Refreshed: 44.77 (unchanged value, timestamp updated)
[2026-01-04 11:07:51]   [emp_id: 4474] ✓ Refreshed: 3.26 (unchanged value, timestamp updated)
[2026-01-04 11:07:51]   [emp_id: 4493] ✓ Refreshed: 163.61 (unchanged value, timestamp updated)
[2026-01-04 11:07:51]   [emp_id: 4526] ✓ Refreshed: 35.86 (unchanged value, timestamp updated)
[2026-01-04 11:07:51]   [emp_id: 4528] ✓ Refreshed: 107.61 (unchanged value, timestamp updated)
[2026-01-04 11:07:51]   [emp_id: 4528] ✓ Refreshed: 107.61 (unchanged value, timestamp updated)
[2026-01-04 11:07:51]   [emp_id: 4532] ✓ Refreshed: 7.87 (unchanged value, timestamp updated)
[2026-01-04 11:07:51]   [emp_id: 4533] ✓ Refreshed: 36.02 (unchanged value, timestamp updated)
[2026-01-04 11:07:51]   [emp_id: 4564] ✓ Refreshed: 25.5 (unchanged value, timestamp updated)
[2026-01-04 11:07:51]   [emp_id: 4565] ✓ Refreshed: 15.25 (unchanged value, timestamp updated)
[2026-01-04 11:07:51]   [emp_id: 4567] ✓ Refreshed: 19.5 (unchanged value, timestamp updated)
[2026-01-04 11:07:51]   [emp_id: 4572] ✓ Refreshed: 59 (unchanged value, timestamp updated)
[2026-01-04 11:07:51]   [emp_id: 4631] ✓ Refreshed: 15.25 (unchanged value, timestamp updated)
[2026-01-04 11:07:51]   [emp_id: 4655] ✓ Refreshed: 24.94 (unchanged value, timestamp updated)
[2026-01-04 11:07:51]   [emp_id: 4689] ✓ Refreshed: 2.71 (unchanged value, timestamp updated)
[2026-01-04 11:07:51]   [emp_id: 4709] ✓ Refreshed: 40.19 (unchanged value, timestamp updated)
[2026-01-04 11:07:51]   [emp_id: 4717] ✓ Refreshed: 66.19 (unchanged value, timestamp updated)
[2026-01-04 11:07:51]   [emp_id: 4736] ✓ Refreshed: 28.02 (unchanged value, timestamp updated)
[2026-01-04 11:07:51]   [emp_id: 4756] ✓ Refreshed: 11.69 (unchanged value, timestamp updated)
[2026-01-04 11:07:51]   [emp_id: 4768] ✓ Refreshed: 12.69 (unchanged value, timestamp updated)
[2026-01-04 11:07:51]   [emp_id: 4780] ✓ Refreshed: 65.42 (unchanged value, timestamp updated)
[2026-01-04 11:07:51]   [emp_id: 4820] ✓ Refreshed: 99.02 (unchanged value, timestamp updated)
[2026-01-04 11:07:51]   [emp_id: 4825] ✓ Refreshed: 30.77 (unchanged value, timestamp updated)
[2026-01-04 11:07:51]   [emp_id: 4835] ✓ Refreshed: 48.17 (unchanged value, timestamp updated)
[2026-01-04 11:07:51]   [emp_id: 4837] ✓ Refreshed: 45.41 (unchanged value, timestamp updated)
[2026-01-04 11:07:51]   [emp_id: 4838] ✓ Refreshed: 44.43 (unchanged value, timestamp updated)
[2026-01-04 11:07:51]   [emp_id: 4840] ✓ Refreshed: 45.41 (unchanged value, timestamp updated)
[2026-01-04 11:07:51]   [emp_id: 4842] ✓ Refreshed: 44.65 (unchanged value, timestamp updated)
[2026-01-04 11:07:51]   [emp_id: 4843] ✓ Refreshed: 45.18 (unchanged value, timestamp updated)
[2026-01-04 11:07:51]   [emp_id: 4853] ✓ Refreshed: 89 (unchanged value, timestamp updated)
[2026-01-04 11:07:51]   [emp_id: 4856] ✓ Refreshed: 42.32 (unchanged value, timestamp updated)
[2026-01-04 11:07:51]   [emp_id: 4857] ✓ Refreshed: 25.14 (unchanged value, timestamp updated)
[2026-01-04 11:07:51]   [emp_id: 4858] ✓ Refreshed: 22.02 (unchanged value, timestamp updated)
[2026-01-04 11:07:51]   [emp_id: 4859] ✓ Refreshed: 43.49 (unchanged value, timestamp updated)
[2026-01-04 11:07:51]   [emp_id: 4860] ✓ Refreshed: 7.99 (unchanged value, timestamp updated)
[2026-01-04 11:07:51]   [emp_id: 4861] ✓ Refreshed: 41.45 (unchanged value, timestamp updated)
[2026-01-04 11:07:51]   [emp_id: 4869] ✓ Refreshed: 84.33 (unchanged value, timestamp updated)
[2026-01-04 11:07:51]   [emp_id: 4894] ✓ Refreshed: 7.69 (unchanged value, timestamp updated)
[2026-01-04 11:07:51]   [emp_id: 4897] ✓ Refreshed: 23.23 (unchanged value, timestamp updated)
[2026-01-04 11:07:51]   [emp_id: 4899] ✓ Refreshed: 19.4 (unchanged value, timestamp updated)
[2026-01-04 11:07:52]   [emp_id: 4902] ✓ Refreshed: 18.82 (unchanged value, timestamp updated)
[2026-01-04 11:07:52]   [emp_id: 4903] ✓ Refreshed: 21.04 (unchanged value, timestamp updated)
[2026-01-04 11:07:52]   [emp_id: 4905] ✓ Refreshed: 19.7 (unchanged value, timestamp updated)
[2026-01-04 11:07:52]   [emp_id: 4907] ✓ Refreshed: 47.77 (unchanged value, timestamp updated)
[2026-01-04 11:07:52]   [emp_id: 4917] ✓ Refreshed: 16.66 (unchanged value, timestamp updated)
[2026-01-04 11:07:52]   [emp_id: 4918] ✓ Refreshed: 6.43 (unchanged value, timestamp updated)
[2026-01-04 11:07:52]   [emp_id: 4919] ✓ Refreshed: 58.72 (unchanged value, timestamp updated)
[2026-01-04 11:07:52]   [emp_id: 4920] ✓ Refreshed: 5.8 (unchanged value, timestamp updated)
[2026-01-04 11:07:52]   [emp_id: 4921] ✓ Refreshed: 17.89 (unchanged value, timestamp updated)
[2026-01-04 11:07:52]   [emp_id: 4927] ✓ Refreshed: 16.72 (unchanged value, timestamp updated)
[2026-01-04 11:07:52]   [emp_id: 4929] ✓ Refreshed: 18.24 (unchanged value, timestamp updated)
[2026-01-04 11:07:52]   [emp_id: 4930] ✓ Refreshed: 59.01 (unchanged value, timestamp updated)
[2026-01-04 11:07:52]   [emp_id: 4932] ✓ Refreshed: 17.01 (unchanged value, timestamp updated)
[2026-01-04 11:07:52]   [emp_id: 4933] ✓ Refreshed: 20.42 (unchanged value, timestamp updated)
[2026-01-04 11:07:52]   [emp_id: 4949] ✓ Refreshed: 23.85 (unchanged value, timestamp updated)
[2026-01-04 11:07:52]   [emp_id: 4956] ✓ Refreshed: 29.44 (unchanged value, timestamp updated)
[2026-01-04 11:07:52]   [emp_id: 4957] ✓ Refreshed: 25.11 (unchanged value, timestamp updated)
[2026-01-04 11:07:52]   [emp_id: 4962] ✓ Refreshed: 47.13 (unchanged value, timestamp updated)
[2026-01-04 11:07:52]   [emp_id: 4969] ✓ Refreshed: 46.44 (unchanged value, timestamp updated)
[2026-01-04 11:07:52]   [emp_id: 4976] ✓ Refreshed: 10.13 (unchanged value, timestamp updated)
[2026-01-04 11:07:52]   [emp_id: 4984] ✓ Refreshed: 37.69 (unchanged value, timestamp updated)
[2026-01-04 11:07:52]   [emp_id: 4995] ✓ Refreshed: 49.76 (unchanged value, timestamp updated)
[2026-01-04 11:07:52]   [emp_id: 5004] ✓ Refreshed: 27.07 (unchanged value, timestamp updated)
[2026-01-04 11:07:52]   [emp_id: 5006] ✓ Refreshed: 26.81 (unchanged value, timestamp updated)
[2026-01-04 11:07:52]   [emp_id: 5011] ✓ Refreshed: 5.54 (unchanged value, timestamp updated)
[2026-01-04 11:07:52]   [emp_id: 5013] ✓ Refreshed: 67.18 (unchanged value, timestamp updated)
[2026-01-04 11:07:52]   [emp_id: 5018] ✓ Refreshed: 3.67 (unchanged value, timestamp updated)
[2026-01-04 11:07:52]   [emp_id: 5021] ✓ Refreshed: 60.79 (unchanged value, timestamp updated)
[2026-01-04 11:07:52]   [emp_id: 5024] ✓ Refreshed: 1.69 (unchanged value, timestamp updated)
[2026-01-04 11:07:52]   [emp_id: 5030] ✓ Refreshed: 31.64 (unchanged value, timestamp updated)
[2026-01-04 11:07:52]   [emp_id: 5033] ✓ Refreshed: 10.44 (unchanged value, timestamp updated)
[2026-01-04 11:07:52]   [emp_id: 5043] ✓ Refreshed: 30.36 (unchanged value, timestamp updated)
[2026-01-04 11:07:52]   [emp_id: 5045] ✓ Refreshed: 26.86 (unchanged value, timestamp updated)
[2026-01-04 11:07:52]   [emp_id: 5046] ✓ Refreshed: 22.05 (unchanged value, timestamp updated)
[2026-01-04 11:07:52]   [emp_id: 5049] ✓ Refreshed: 39.12 (unchanged value, timestamp updated)
[2026-01-04 11:07:52]   [emp_id: 5052] ✓ Refreshed: 30.4 (unchanged value, timestamp updated)
[2026-01-04 11:07:52]   [emp_id: 5055] ✓ Refreshed: 18.84 (unchanged value, timestamp updated)
[2026-01-04 11:07:52]   [emp_id: 5058] ✓ Refreshed: 27.82 (unchanged value, timestamp updated)
[2026-01-04 11:07:52]   [emp_id: 5062] ✓ Refreshed: 39.65 (unchanged value, timestamp updated)
[2026-01-04 11:07:52]   [emp_id: 5064] ✓ Refreshed: 117.69 (unchanged value, timestamp updated)
[2026-01-04 11:07:52]   [emp_id: 5065] ✓ Refreshed: 39.06 (unchanged value, timestamp updated)
[2026-01-04 11:07:52]   [emp_id: 5071] ✓ Refreshed: 23.19 (unchanged value, timestamp updated)
[2026-01-04 11:07:52]   [emp_id: 5073] ✓ Refreshed: 13.66 (unchanged value, timestamp updated)
[2026-01-04 11:07:52]   [emp_id: 5079] ✓ Refreshed: 34.22 (unchanged value, timestamp updated)
[2026-01-04 11:07:52]   [emp_id: 5080] ✓ Refreshed: 28.55 (unchanged value, timestamp updated)
[2026-01-04 11:07:52]   [emp_id: 5081] ✓ Refreshed: 15.81 (unchanged value, timestamp updated)
[2026-01-04 11:07:52]   [emp_id: 5087] ✓ Refreshed: 35.85 (unchanged value, timestamp updated)
[2026-01-04 11:07:52]   [emp_id: 5091] ✓ Refreshed: 75.7 (unchanged value, timestamp updated)
[2026-01-04 11:07:52]   [emp_id: 5093] ✓ Refreshed: 14.36 (unchanged value, timestamp updated)
[2026-01-04 11:07:52]   [emp_id: 5095] ✓ Refreshed: 1.24 (unchanged value, timestamp updated)
[2026-01-04 11:07:52]   [emp_id: 5101] ✓ Refreshed: 16.44 (unchanged value, timestamp updated)
[2026-01-04 11:07:52]   [emp_id: 5107] ✓ Refreshed: 14.77 (unchanged value, timestamp updated)
[2026-01-04 11:07:52]   [emp_id: 5109] ✓ Refreshed: 12.02 (unchanged value, timestamp updated)
[2026-01-04 11:07:52]   [emp_id: 5119] ✓ Refreshed: 10.19 (unchanged value, timestamp updated)
[2026-01-04 11:07:52]   [emp_id: 5122] ✓ Refreshed: 7.36 (unchanged value, timestamp updated)
[2026-01-04 11:07:52]   [emp_id: 5126] ✓ Refreshed: 26.58 (unchanged value, timestamp updated)
[2026-01-04 11:07:52]   [emp_id: 5127] ✓ Refreshed: 23.37 (unchanged value, timestamp updated)
[2026-01-04 11:07:52]   [emp_id: 5128] ✓ Refreshed: 26.52 (unchanged value, timestamp updated)
[2026-01-04 11:07:52]   [emp_id: 5138] ✓ Updated: 66.02 → 50.02 (CHANGED)
[2026-01-04 11:07:52]   [emp_id: 5138] ✓ Refreshed: 50.02 (unchanged value, timestamp updated)
[2026-01-04 11:07:52]   [emp_id: 5141] ✓ Refreshed: 34.89 (unchanged value, timestamp updated)
[2026-01-04 11:07:52]   [emp_id: 5142] ✓ Refreshed: 13.89 (unchanged value, timestamp updated)
[2026-01-04 11:07:52]   [emp_id: 5146] ✓ Refreshed: 20.89 (unchanged value, timestamp updated)
[2026-01-04 11:07:52]   [emp_id: 5147] ✓ Refreshed: 19.89 (unchanged value, timestamp updated)
[2026-01-04 11:07:52]   [emp_id: 5148] ✓ Refreshed: 25.24 (unchanged value, timestamp updated)
[2026-01-04 11:07:52]   [emp_id: 5149] ✓ Refreshed: 24.13 (unchanged value, timestamp updated)
[2026-01-04 11:07:52]   [emp_id: 5150] ✓ Refreshed: 23.49 (unchanged value, timestamp updated)
[2026-01-04 11:07:52]   [emp_id: 5151] ✓ Refreshed: 23.31 (unchanged value, timestamp updated)
[2026-01-04 11:07:52]   [emp_id: 5152] ✓ Refreshed: 3.73 (unchanged value, timestamp updated)
[2026-01-04 11:07:52]   [emp_id: 5157] ✓ Refreshed: 23.31 (unchanged value, timestamp updated)
[2026-01-04 11:07:52]   [emp_id: 5160] ✓ Refreshed: 23.31 (unchanged value, timestamp updated)
[2026-01-04 11:07:52]   [emp_id: 5163] ✓ Refreshed: 21.1 (unchanged value, timestamp updated)
[2026-01-04 11:07:52]   [emp_id: 5165] ✓ Refreshed: 1.46 (unchanged value, timestamp updated)
[2026-01-04 11:07:52]   [emp_id: 5167] ✓ Refreshed: 30.25 (unchanged value, timestamp updated)
[2026-01-04 11:07:52]   [emp_id: 5168] ✓ Refreshed: 22.79 (unchanged value, timestamp updated)
[2026-01-04 11:07:52]   [emp_id: 5173] ✓ Refreshed: 25.11 (unchanged value, timestamp updated)
[2026-01-04 11:07:52]   [emp_id: 5174] ✓ Refreshed: 23.25 (unchanged value, timestamp updated)
[2026-01-04 11:07:52]   [emp_id: 5181] ✓ Refreshed: 19.64 (unchanged value, timestamp updated)
[2026-01-04 11:07:52]   [emp_id: 5186] ✓ Refreshed: 25.17 (unchanged value, timestamp updated)
[2026-01-04 11:07:52]   [emp_id: 5187] ✓ Refreshed: 36.17 (unchanged value, timestamp updated)
[2026-01-04 11:07:52]   [emp_id: 5204] ✓ Refreshed: 22.61 (unchanged value, timestamp updated)
[2026-01-04 11:07:52]   [emp_id: 5205] ✓ Refreshed: 12.38 (unchanged value, timestamp updated)
[2026-01-04 11:07:52]   [emp_id: 5209] ✓ Refreshed: 15.38 (unchanged value, timestamp updated)
[2026-01-04 11:07:52]   [emp_id: 5213] ✓ Refreshed: 1.79 (unchanged value, timestamp updated)
[2026-01-04 11:07:52]   [emp_id: 5214] ✓ Refreshed: 1.63 (unchanged value, timestamp updated)
[2026-01-04 11:07:52]   [emp_id: 5215] ✓ Refreshed: 10.38 (unchanged value, timestamp updated)
[2026-01-04 11:07:52]   [emp_id: 5217] ✓ Refreshed: 9.38 (unchanged value, timestamp updated)
[2026-01-04 11:07:52]   [emp_id: 5219] ✓ Refreshed: 13.38 (unchanged value, timestamp updated)
[2026-01-04 11:07:52]   [emp_id: 5221] ✓ Refreshed: 4.75 (unchanged value, timestamp updated)
[2026-01-04 11:07:52]   [emp_id: 5224] ✓ Refreshed: 14.38 (unchanged value, timestamp updated)
[2026-01-04 11:07:52]   [emp_id: 5225] ✓ Refreshed: 6.69 (unchanged value, timestamp updated)
[2026-01-04 11:07:52]   [emp_id: 5228] ✓ Refreshed: 9.38 (unchanged value, timestamp updated)
[2026-01-04 11:07:52]   [emp_id: 5229] ✓ Refreshed: 5.38 (unchanged value, timestamp updated)
[2026-01-04 11:07:52]   [emp_id: 5230] ✓ Refreshed: 12.05 (unchanged value, timestamp updated)
[2026-01-04 11:07:52]   [emp_id: 5231] ✓ Refreshed: 6.38 (unchanged value, timestamp updated)
[2026-01-04 11:07:52]   [emp_id: 5232] ✓ Refreshed: 0.38 (unchanged value, timestamp updated)
[2026-01-04 11:07:52]   [emp_id: 5233] ✓ Refreshed: 4.38 (unchanged value, timestamp updated)
[2026-01-04 11:07:52]   [emp_id: 5234] ✓ Refreshed: 4.38 (unchanged value, timestamp updated)
[2026-01-04 11:07:52]   [emp_id: 5235] ✓ Refreshed: 0 (unchanged value, timestamp updated)
[2026-01-04 11:07:52]   [emp_id: 5237] ✓ Refreshed: 10.63 (unchanged value, timestamp updated)
[2026-01-04 11:07:52]   [emp_id: 5239] ✓ Refreshed: 7.38 (unchanged value, timestamp updated)
[2026-01-04 11:07:52]   [emp_id: 5241] ✓ Refreshed: 5.38 (unchanged value, timestamp updated)
[2026-01-04 11:07:52]   [emp_id: 5242] ✓ Refreshed: 15.38 (unchanged value, timestamp updated)
[2026-01-04 11:07:52]   [emp_id: 5243] ✓ Refreshed: 1.79 (unchanged value, timestamp updated)
[2026-01-04 11:07:52]   [emp_id: 5244] ✓ Refreshed: 3.69 (unchanged value, timestamp updated)
[2026-01-04 11:07:52]   [emp_id: 5246] ✓ Refreshed: 11.38 (unchanged value, timestamp updated)
[2026-01-04 11:07:52]   [emp_id: 5253] ✓ Refreshed: 24.25 (unchanged value, timestamp updated)
[2026-01-04 11:07:52]   [emp_id: 5254] ✓ Refreshed: 12.23 (unchanged value, timestamp updated)
[2026-01-04 11:07:52]   [emp_id: 5257] ✓ Refreshed: 11.94 (unchanged value, timestamp updated)
[2026-01-04 11:07:52]   [emp_id: 5259] ✓ Refreshed: 48.47 (unchanged value, timestamp updated)
[2026-01-04 11:07:52]   [emp_id: 5261] ✓ Refreshed: 16.21 (unchanged value, timestamp updated)
[2026-01-04 11:07:52]   [emp_id: 5264] ✓ Refreshed: 13.95 (unchanged value, timestamp updated)
[2026-01-04 11:07:52]   [emp_id: 5266] ✓ Refreshed: 20.57 (unchanged value, timestamp updated)
[2026-01-04 11:07:52]   [emp_id: 5268] ✓ Refreshed: 9.14 (unchanged value, timestamp updated)
[2026-01-04 11:07:52]   [emp_id: 5271] ✓ Refreshed: 7.8 (unchanged value, timestamp updated)
[2026-01-04 11:07:52]   [emp_id: 5272] ✓ Refreshed: 8.67 (unchanged value, timestamp updated)
[2026-01-04 11:07:52]   [emp_id: 5273] ✓ Refreshed: 23.74 (unchanged value, timestamp updated)
[2026-01-04 11:07:52]   [emp_id: 5275] ✓ Refreshed: 9.49 (unchanged value, timestamp updated)
[2026-01-04 11:07:52]   [emp_id: 5276] ✓ Refreshed: 23.76 (unchanged value, timestamp updated)
[2026-01-04 11:07:52]   [emp_id: 5278] ✓ Refreshed: 8.15 (unchanged value, timestamp updated)
[2026-01-04 11:07:52]   [emp_id: 5280] ✓ Refreshed: 18.55 (unchanged value, timestamp updated)
[2026-01-04 11:07:52]   [emp_id: 5282] ✓ Refreshed: 11.69 (unchanged value, timestamp updated)
[2026-01-04 11:07:52]   [emp_id: 5285] ✓ Refreshed: 28.55 (unchanged value, timestamp updated)
[2026-01-04 11:07:52]   [emp_id: 5286] ✓ Refreshed: 15.55 (unchanged value, timestamp updated)
[2026-01-04 11:07:52]   [emp_id: 5287] ✓ Refreshed: 49.85 (unchanged value, timestamp updated)
[2026-01-04 11:07:52]   [emp_id: 5288] ✓ Refreshed: 7.12 (unchanged value, timestamp updated)
[2026-01-04 11:07:52]   [emp_id: 5289] ✓ Refreshed: 48.4 (unchanged value, timestamp updated)
[2026-01-04 11:07:52]   [emp_id: 5290] ✓ Refreshed: 47.17 (unchanged value, timestamp updated)
[2026-01-04 11:07:52]   [emp_id: 5291] ✓ Refreshed: 5.17 (unchanged value, timestamp updated)
[2026-01-04 11:07:52]   [emp_id: 5292] ✓ Refreshed: 5.11 (unchanged value, timestamp updated)
[2026-01-04 11:07:52]   [emp_id: 5293] ✓ Refreshed: 37.86 (unchanged value, timestamp updated)
[2026-01-04 11:07:52]   [emp_id: 5294] ✓ Refreshed: 7.61 (unchanged value, timestamp updated)
[2026-01-04 11:07:52]   [emp_id: 5295] ✓ Refreshed: 21.35 (unchanged value, timestamp updated)
[2026-01-04 11:07:52]   [emp_id: 5296] ✓ Refreshed: 34.63 (unchanged value, timestamp updated)
[2026-01-04 11:07:52]   [emp_id: 5297] ✓ Refreshed: 45.77 (unchanged value, timestamp updated)
[2026-01-04 11:07:52]   [emp_id: 5298] ✓ Refreshed: 45.77 (unchanged value, timestamp updated)
[2026-01-04 11:07:52]   [emp_id: 5299] ✓ Refreshed: 45.77 (unchanged value, timestamp updated)
[2026-01-04 11:07:52]   [emp_id: 5300] ✓ Refreshed: 45.77 (unchanged value, timestamp updated)
[2026-01-04 11:07:52]   [emp_id: 5301] ✓ Refreshed: 3.59 (unchanged value, timestamp updated)
[2026-01-04 11:07:52]   [emp_id: 5303] ✓ Refreshed: 4.02 (unchanged value, timestamp updated)
[2026-01-04 11:07:52]   [emp_id: 5304] ✓ Refreshed: 45.77 (unchanged value, timestamp updated)
[2026-01-04 11:07:52]   [emp_id: 5305] ✓ Refreshed: 3.77 (unchanged value, timestamp updated)
[2026-01-04 11:07:52]   [emp_id: 5306] ✓ Refreshed: 45.48 (unchanged value, timestamp updated)
[2026-01-04 11:07:52]   [emp_id: 5307] ✓ Refreshed: 45.48 (unchanged value, timestamp updated)
[2026-01-04 11:07:52]   [emp_id: 5312] ✓ Refreshed: 1.46 (unchanged value, timestamp updated)
[2026-01-04 11:07:52]   [emp_id: 5318] ✓ Refreshed: 26.19 (unchanged value, timestamp updated)
[2026-01-04 11:07:52]   [emp_id: 5325] ✓ Refreshed: 22.15 (unchanged value, timestamp updated)
[2026-01-04 11:07:52]   [emp_id: 5327] ✓ Refreshed: 1.24 (unchanged value, timestamp updated)
[2026-01-04 11:07:52]   [emp_id: 5337] ✓ Refreshed: 35.52 (unchanged value, timestamp updated)
[2026-01-04 11:07:52]   [emp_id: 5339] ✓ Refreshed: 10.34 (unchanged value, timestamp updated)
[2026-01-04 11:07:52]   [emp_id: 5343] ✓ Refreshed: 45.44 (unchanged value, timestamp updated)
[2026-01-04 11:07:52]   [emp_id: 5343] ✓ Refreshed: 45.44 (unchanged value, timestamp updated)
[2026-01-04 11:07:52]   [emp_id: 5345] ✓ Refreshed: 15.27 (unchanged value, timestamp updated)
[2026-01-04 11:07:52]   [emp_id: 5346] ✓ Refreshed: 2.06 (unchanged value, timestamp updated)
[2026-01-04 11:07:52]   [emp_id: 5351] ✓ Refreshed: 17 (unchanged value, timestamp updated)
[2026-01-04 11:07:52]   [emp_id: 5352] ✓ Refreshed: 25.69 (unchanged value, timestamp updated)
[2026-01-04 11:07:52]   [emp_id: 5370] ✓ Refreshed: 15.65 (unchanged value, timestamp updated)
[2026-01-04 11:07:52]   [emp_id: 5371] ✓ Refreshed: 1.6 (unchanged value, timestamp updated)
[2026-01-04 11:07:53]   [emp_id: 5376] ✓ Refreshed: 10.25 (unchanged value, timestamp updated)
[2026-01-04 11:07:53]   [emp_id: 5378] ✓ Refreshed: 17.52 (unchanged value, timestamp updated)
[2026-01-04 11:07:53]   [emp_id: 5380] ✓ Refreshed: 16.66 (unchanged value, timestamp updated)
[2026-01-04 11:07:53]   [emp_id: 5381] ✓ Refreshed: 11.96 (unchanged value, timestamp updated)
[2026-01-04 11:07:53]   [emp_id: 5383] ✓ Refreshed: 16.27 (unchanged value, timestamp updated)
[2026-01-04 11:07:53]   [emp_id: 5388] ✓ Refreshed: 27.44 (unchanged value, timestamp updated)
[2026-01-04 11:07:53]   [emp_id: 5396] ✓ Refreshed: 28.68 (unchanged value, timestamp updated)
[2026-01-04 11:07:53]   [emp_id: 5397] ✓ Refreshed: 20.14 (unchanged value, timestamp updated)
[2026-01-04 11:07:53]   [emp_id: 5401] ✓ Refreshed: 23.25 (unchanged value, timestamp updated)
[2026-01-04 11:07:53]   [emp_id: 5402] ✓ Refreshed: 23.37 (unchanged value, timestamp updated)
[2026-01-04 11:07:53]   [emp_id: 5406] ✓ Refreshed: 17.09 (unchanged value, timestamp updated)
[2026-01-04 11:07:53]   [emp_id: 5407] ✓ Refreshed: 16.04 (unchanged value, timestamp updated)
[2026-01-04 11:07:53]   [emp_id: 5409] ✓ Refreshed: 16.43 (unchanged value, timestamp updated)
[2026-01-04 11:07:53]   [emp_id: 5413] ✓ Refreshed: 28.44 (unchanged value, timestamp updated)
[2026-01-04 11:07:53]   [emp_id: 5414] ✓ Refreshed: 28.11 (unchanged value, timestamp updated)
[2026-01-04 11:07:53]   [emp_id: 5415] ✓ Refreshed: 4.04 (unchanged value, timestamp updated)
[2026-01-04 11:07:53]   [emp_id: 5418] ✓ Refreshed: 15.49 (unchanged value, timestamp updated)
[2026-01-04 11:07:53]   [emp_id: 5422] ✓ Refreshed: 20.77 (unchanged value, timestamp updated)
[2026-01-04 11:07:53]   [emp_id: 5423] ✓ Refreshed: 5.46 (unchanged value, timestamp updated)
[2026-01-04 11:07:53]   [emp_id: 5425] ✓ Refreshed: 14.04 (unchanged value, timestamp updated)
[2026-01-04 11:07:53]   [emp_id: 5426] ✓ Refreshed: 3.01 (unchanged value, timestamp updated)
[2026-01-04 11:07:53]   [emp_id: 5426] ✓ Refreshed: 3.01 (unchanged value, timestamp updated)
[2026-01-04 11:07:53]   [emp_id: 5427] ✓ Refreshed: 14.15 (unchanged value, timestamp updated)
[2026-01-04 11:07:53]   [emp_id: 5428] ✓ Refreshed: 14.04 (unchanged value, timestamp updated)
[2026-01-04 11:07:53]   [emp_id: 5430] ✓ Refreshed: 17.77 (unchanged value, timestamp updated)
[2026-01-04 11:07:53]   [emp_id: 5431] ✓ Refreshed: 13.16 (unchanged value, timestamp updated)
[2026-01-04 11:07:53]   [emp_id: 5433] ✓ Refreshed: 13.18 (unchanged value, timestamp updated)
[2026-01-04 11:07:53]   [emp_id: 5434] ✓ Refreshed: 12.93 (unchanged value, timestamp updated)
[2026-01-04 11:07:53]   [emp_id: 5435] ✓ Refreshed: 12.87 (unchanged value, timestamp updated)
[2026-01-04 11:07:53]   [emp_id: 5436] ✓ Refreshed: 12.87 (unchanged value, timestamp updated)
[2026-01-04 11:07:53]   [emp_id: 5438] ✓ Refreshed: 15.69 (unchanged value, timestamp updated)
[2026-01-04 11:07:53]   [emp_id: 5439] ✓ Refreshed: 25.19 (unchanged value, timestamp updated)
[2026-01-04 11:07:53]   [emp_id: 5442] ✓ Refreshed: 14.19 (unchanged value, timestamp updated)
[2026-01-04 11:07:53]   [emp_id: 5445] ✓ Refreshed: 7.33 (unchanged value, timestamp updated)
[2026-01-04 11:07:53]   [emp_id: 5446] ✓ Refreshed: 7.33 (unchanged value, timestamp updated)
[2026-01-04 11:07:53]   [emp_id: 5447] ✓ Refreshed: 7.27 (unchanged value, timestamp updated)
[2026-01-04 11:07:53]   [emp_id: 5448] ✓ Refreshed: 7.21 (unchanged value, timestamp updated)
[2026-01-04 11:07:53]   [emp_id: 5449] ✓ Refreshed: 5.35 (unchanged value, timestamp updated)
[2026-01-04 11:07:53]   [emp_id: 5450] ✓ Refreshed: 5.29 (unchanged value, timestamp updated)
[2026-01-04 11:07:53]   [emp_id: 5451] ✓ Refreshed: 5.29 (unchanged value, timestamp updated)
[2026-01-04 11:07:53]   [emp_id: 5453] ✓ Refreshed: 5.13 (unchanged value, timestamp updated)
[2026-01-04 11:07:53]   [emp_id: 5454] ✓ Refreshed: 7.27 (unchanged value, timestamp updated)
[2026-01-04 11:07:53]   [emp_id: 5455] ✓ Refreshed: 2.52 (unchanged value, timestamp updated)
[2026-01-04 11:07:53]   [emp_id: 5456] ✓ Refreshed: 6.52 (unchanged value, timestamp updated)
[2026-01-04 11:07:53]   [emp_id: 5457] ✓ Refreshed: 4.38 (unchanged value, timestamp updated)
[2026-01-04 11:07:53]   [emp_id: 5460] ✓ Refreshed: 5.17 (unchanged value, timestamp updated)
[2026-01-04 11:07:53]   [emp_id: 5463] ✓ Refreshed: 4.5 (unchanged value, timestamp updated)
[2026-01-04 11:07:53]   [emp_id: 5464] ✓ Refreshed: 4.5 (unchanged value, timestamp updated)
[2026-01-04 11:07:53]   [emp_id: 5466] ✓ Refreshed: 2.25 (unchanged value, timestamp updated)
[2026-01-04 11:07:53]   [emp_id: 5467] ✓ Refreshed: 1.17 (unchanged value, timestamp updated)
[2026-01-04 11:07:53] Report saved to: /home/almutlak/public_html/hr/cron_logs/last_vacation_update_report.json
[2026-01-04 11:07:56] ========== CRON: Vacation Balance Update Started ==========
[2026-01-04 11:08:01] ========== CRON: Vacation Balance Update Started ==========
[2026-01-04 11:08:02] ========== CRON: Vacation Balance Update Started ==========
[2026-01-04 11:08:02] FORCE RUN enabled: Bypassing once-per-day restriction
[2026-01-04 11:08:02] Database connection established
[2026-01-04 11:08:02] Found 435 active employees with balance records to update
[2026-01-04 11:08:02] (Only employees with status=1 will be processed)
[2026-01-04 11:08:02]   [emp_id: 1061] ✓ Refreshed: 0.48 (unchanged value, timestamp updated)
[2026-01-04 11:08:02]   [emp_id: 1496] ✓ Refreshed: 16.61 (unchanged value, timestamp updated)
[2026-01-04 11:08:02]   [emp_id: 1500] ✓ Refreshed: 4.29 (unchanged value, timestamp updated)
[2026-01-04 11:08:02]   [emp_id: 1574] ✓ Refreshed: 33.52 (unchanged value, timestamp updated)
[2026-01-04 11:08:02]   [emp_id: 1673] ✓ Refreshed: 45.02 (unchanged value, timestamp updated)
[2026-01-04 11:08:02]   [emp_id: 1685] ✓ Refreshed: 14.94 (unchanged value, timestamp updated)
[2026-01-04 11:08:02]   [emp_id: 1764] ✓ Refreshed: 69.61 (unchanged value, timestamp updated)
[2026-01-04 11:08:02]   [emp_id: 1805] ✓ Refreshed: 63.94 (unchanged value, timestamp updated)
[2026-01-04 11:08:02]   [emp_id: 1822] ✓ Refreshed: 68.69 (unchanged value, timestamp updated)
[2026-01-04 11:08:02]   [emp_id: 1837] ✓ Refreshed: 24.86 (unchanged value, timestamp updated)
[2026-01-04 11:08:02]   [emp_id: 1857] ✓ Refreshed: 20.19 (unchanged value, timestamp updated)
[2026-01-04 11:08:02]   [emp_id: 1861] ✓ Refreshed: 71.02 (unchanged value, timestamp updated)
[2026-01-04 11:08:02]   [emp_id: 1872] ✓ Refreshed: 9.86 (unchanged value, timestamp updated)
[2026-01-04 11:08:02]   [emp_id: 1897] ✓ Refreshed: 5.19 (unchanged value, timestamp updated)
[2026-01-04 11:08:02]   [emp_id: 1916] ✓ Refreshed: 11.49 (unchanged value, timestamp updated)
[2026-01-04 11:08:02]   [emp_id: 1928] ✓ Refreshed: 64.44 (unchanged value, timestamp updated)
[2026-01-04 11:08:02]   [emp_id: 1931] ✓ Refreshed: 84.36 (unchanged value, timestamp updated)
[2026-01-04 11:08:02]   [emp_id: 1944] ✓ Refreshed: 42.52 (unchanged value, timestamp updated)
[2026-01-04 11:08:02]   [emp_id: 1996] ✓ Refreshed: 71.02 (unchanged value, timestamp updated)
[2026-01-04 11:08:02]   [emp_id: 1997] ✓ Refreshed: 36.19 (unchanged value, timestamp updated)
[2026-01-04 11:08:02]   [emp_id: 1998] ✓ Refreshed: 27.63 (unchanged value, timestamp updated)
[2026-01-04 11:08:02]   [emp_id: 1999] ✓ Refreshed: 28.63 (unchanged value, timestamp updated)
[2026-01-04 11:08:02]   [emp_id: 2009] ✓ Refreshed: 34.94 (unchanged value, timestamp updated)
[2026-01-04 11:08:02]   [emp_id: 2048] ✓ Refreshed: 24.77 (unchanged value, timestamp updated)
[2026-01-04 11:08:02]   [emp_id: 2057] ✓ Refreshed: 65.61 (unchanged value, timestamp updated)
[2026-01-04 11:08:02]   [emp_id: 2079] ✓ Refreshed: 47.94 (unchanged value, timestamp updated)
[2026-01-04 11:08:02]   [emp_id: 2181] ✓ Refreshed: 36.94 (unchanged value, timestamp updated)
[2026-01-04 11:08:02]   [emp_id: 2190] ✓ Refreshed: 6.27 (unchanged value, timestamp updated)
[2026-01-04 11:08:02]   [emp_id: 2212] ✓ Refreshed: 24.27 (unchanged value, timestamp updated)
[2026-01-04 11:08:02]   [emp_id: 2226] ✓ Refreshed: 69.02 (unchanged value, timestamp updated)
[2026-01-04 11:08:02]   [emp_id: 2238] ✓ Refreshed: 67.27 (unchanged value, timestamp updated)
[2026-01-04 11:08:02]   [emp_id: 2285] ✓ Refreshed: 35.94 (unchanged value, timestamp updated)
[2026-01-04 11:08:02]   [emp_id: 2287] ✓ Refreshed: 47.61 (unchanged value, timestamp updated)
[2026-01-04 11:08:02]   [emp_id: 2288] ✓ Refreshed: 2.63 (unchanged value, timestamp updated)
[2026-01-04 11:08:02]   [emp_id: 2316] ✓ Refreshed: 16.44 (unchanged value, timestamp updated)
[2026-01-04 11:08:02]   [emp_id: 2337] ✓ Refreshed: 37.52 (unchanged value, timestamp updated)
[2026-01-04 11:08:02]   [emp_id: 2352] ✓ Refreshed: 69.02 (unchanged value, timestamp updated)
[2026-01-04 11:08:02]   [emp_id: 2358] ✓ Refreshed: 5.52 (unchanged value, timestamp updated)
[2026-01-04 11:08:02]   [emp_id: 2361] ✓ Refreshed: 71.19 (unchanged value, timestamp updated)
[2026-01-04 11:08:02]   [emp_id: 2363] ✓ Refreshed: 73.77 (unchanged value, timestamp updated)
[2026-01-04 11:08:02]   [emp_id: 2364] ✓ Refreshed: 73.19 (unchanged value, timestamp updated)
[2026-01-04 11:08:02]   [emp_id: 2367] ✓ Refreshed: 100.86 (unchanged value, timestamp updated)
[2026-01-04 11:08:02]   [emp_id: 2368] ✓ Refreshed: 31.27 (unchanged value, timestamp updated)
[2026-01-04 11:08:02]   [emp_id: 2372] ✓ Refreshed: 68.52 (unchanged value, timestamp updated)
[2026-01-04 11:08:02]   [emp_id: 2376] ✓ Refreshed: 118.52 (unchanged value, timestamp updated)
[2026-01-04 11:08:02]   [emp_id: 2423] ✓ Refreshed: 19.27 (unchanged value, timestamp updated)
[2026-01-04 11:08:03]   [emp_id: 2519] ✓ Refreshed: 172.94 (unchanged value, timestamp updated)
[2026-01-04 11:08:03]   [emp_id: 2522] ✓ Refreshed: 56.52 (unchanged value, timestamp updated)
[2026-01-04 11:08:03]   [emp_id: 2530] ✓ Refreshed: 51.77 (unchanged value, timestamp updated)
[2026-01-04 11:08:03]   [emp_id: 2539] ✓ Refreshed: 48.52 (unchanged value, timestamp updated)
[2026-01-04 11:08:03]   [emp_id: 2541] ✓ Refreshed: 29.11 (unchanged value, timestamp updated)
[2026-01-04 11:08:03]   [emp_id: 2550] ✓ Refreshed: 95.27 (unchanged value, timestamp updated)
[2026-01-04 11:08:03]   [emp_id: 2553] ✓ Refreshed: 32.38 (unchanged value, timestamp updated)
[2026-01-04 11:08:03]   [emp_id: 2554] ✓ Refreshed: 38.86 (unchanged value, timestamp updated)
[2026-01-04 11:08:03]   [emp_id: 2565] ✓ Refreshed: 93.44 (unchanged value, timestamp updated)
[2026-01-04 11:08:03]   [emp_id: 2572] ✓ Refreshed: 43.44 (unchanged value, timestamp updated)
[2026-01-04 11:08:03]   [emp_id: 2637] ✓ Refreshed: 64.02 (unchanged value, timestamp updated)
[2026-01-04 11:08:03]   [emp_id: 2642] ✓ Refreshed: 76.77 (unchanged value, timestamp updated)
[2026-01-04 11:08:03]   [emp_id: 2645] ✓ Refreshed: 92.77 (unchanged value, timestamp updated)
[2026-01-04 11:08:03]   [emp_id: 2648] ✓ Refreshed: 44.44 (unchanged value, timestamp updated)
[2026-01-04 11:08:03]   [emp_id: 2654] ✓ Refreshed: 87.11 (unchanged value, timestamp updated)
[2026-01-04 11:08:03]   [emp_id: 2688] ✓ Refreshed: 25.19 (unchanged value, timestamp updated)
[2026-01-04 11:08:03]   [emp_id: 2690] ✓ Refreshed: 13.94 (unchanged value, timestamp updated)
[2026-01-04 11:08:03]   [emp_id: 2709] ✓ Refreshed: 36.19 (unchanged value, timestamp updated)
[2026-01-04 11:08:03]   [emp_id: 2745] ✓ Refreshed: 32.77 (unchanged value, timestamp updated)
[2026-01-04 11:08:03]   [emp_id: 2843] ✓ Refreshed: 79.36 (unchanged value, timestamp updated)
[2026-01-04 11:08:03]   [emp_id: 2854] ✓ Refreshed: 59.27 (unchanged value, timestamp updated)
[2026-01-04 11:08:03]   [emp_id: 2869] ✓ Refreshed: 64.19 (unchanged value, timestamp updated)
[2026-01-04 11:08:03]   [emp_id: 2876] ✓ Refreshed: 34.02 (unchanged value, timestamp updated)
[2026-01-04 11:08:03]   [emp_id: 2924] ✓ Refreshed: 15.19 (unchanged value, timestamp updated)
[2026-01-04 11:08:03]   [emp_id: 2953] ✓ Refreshed: 100.94 (unchanged value, timestamp updated)
[2026-01-04 11:08:03]   [emp_id: 2961] ✓ Refreshed: 10.94 (unchanged value, timestamp updated)
[2026-01-04 11:08:03]   [emp_id: 2975] ✓ Refreshed: 0.62 (unchanged value, timestamp updated)
[2026-01-04 11:08:03]   [emp_id: 3013] ✓ Refreshed: 9.94 (unchanged value, timestamp updated)
[2026-01-04 11:08:03]   [emp_id: 3014] ✓ Refreshed: 89.19 (unchanged value, timestamp updated)
[2026-01-04 11:08:03]   [emp_id: 3015] ✓ Refreshed: 0.44 (unchanged value, timestamp updated)
[2026-01-04 11:08:03]   [emp_id: 3018] ✓ Refreshed: 59.19 (unchanged value, timestamp updated)
[2026-01-04 11:08:03]   [emp_id: 3025] ✓ Refreshed: 22.96 (unchanged value, timestamp updated)
[2026-01-04 11:08:03]   [emp_id: 3037] ✓ Refreshed: 82.69 (unchanged value, timestamp updated)
[2026-01-04 11:08:03]   [emp_id: 3047] ✓ Refreshed: 70.94 (unchanged value, timestamp updated)
[2026-01-04 11:08:03]   [emp_id: 3061] ✓ Refreshed: 17.86 (unchanged value, timestamp updated)
[2026-01-04 11:08:03]   [emp_id: 3062] ✓ Refreshed: 51.02 (unchanged value, timestamp updated)
[2026-01-04 11:08:03]   [emp_id: 3074] ✓ Refreshed: 107.44 (unchanged value, timestamp updated)
[2026-01-04 11:08:03]   [emp_id: 3089] ✓ Refreshed: 6.36 (unchanged value, timestamp updated)
[2026-01-04 11:08:03]   [emp_id: 3090] ✓ Refreshed: 32.94 (unchanged value, timestamp updated)
[2026-01-04 11:08:03]   [emp_id: 3091] ✓ Refreshed: 44.94 (unchanged value, timestamp updated)
[2026-01-04 11:08:03]   [emp_id: 3092] ✓ Refreshed: 27.61 (unchanged value, timestamp updated)
[2026-01-04 11:08:03]   [emp_id: 3105] ✓ Refreshed: 47.94 (unchanged value, timestamp updated)
[2026-01-04 11:08:03]   [emp_id: 3134] ✓ Refreshed: 43.69 (unchanged value, timestamp updated)
[2026-01-04 11:08:03]   [emp_id: 3140] ✓ Refreshed: 40.77 (unchanged value, timestamp updated)
[2026-01-04 11:08:03]   [emp_id: 3144] ✓ Refreshed: 13.61 (unchanged value, timestamp updated)
[2026-01-04 11:08:03]   [emp_id: 3156] ✓ Refreshed: 16.94 (unchanged value, timestamp updated)
[2026-01-04 11:08:03]   [emp_id: 3162] ✓ Refreshed: 1.92 (unchanged value, timestamp updated)
[2026-01-04 11:08:03]   [emp_id: 3163] ✓ Refreshed: 5.19 (unchanged value, timestamp updated)
[2026-01-04 11:08:03]   [emp_id: 3198] ✓ Refreshed: 40.19 (unchanged value, timestamp updated)
[2026-01-04 11:08:03]   [emp_id: 3205] ✓ Refreshed: 16.86 (unchanged value, timestamp updated)
[2026-01-04 11:08:03]   [emp_id: 3209] ✓ Refreshed: 41.02 (unchanged value, timestamp updated)
[2026-01-04 11:08:03]   [emp_id: 3223] ✓ Refreshed: 89.94 (unchanged value, timestamp updated)
[2026-01-04 11:08:03]   [emp_id: 3224] ✓ Refreshed: 64.69 (unchanged value, timestamp updated)
[2026-01-04 11:08:03]   [emp_id: 3230] ✓ Refreshed: 88.11 (unchanged value, timestamp updated)
[2026-01-04 11:08:03]   [emp_id: 3231] ✓ Refreshed: 0.48 (unchanged value, timestamp updated)
[2026-01-04 11:08:03]   [emp_id: 3233] ✓ Refreshed: 80.94 (unchanged value, timestamp updated)
[2026-01-04 11:08:03]   [emp_id: 3249] ✓ Refreshed: 36.77 (unchanged value, timestamp updated)
[2026-01-04 11:08:03]   [emp_id: 3250] ✓ Refreshed: 9.77 (unchanged value, timestamp updated)
[2026-01-04 11:08:03]   [emp_id: 3252] ✓ Refreshed: 10.69 (unchanged value, timestamp updated)
[2026-01-04 11:08:03]   [emp_id: 3254] ✓ Refreshed: 21.19 (unchanged value, timestamp updated)
[2026-01-04 11:08:03]   [emp_id: 3255] ✓ Refreshed: 17.61 (unchanged value, timestamp updated)
[2026-01-04 11:08:03]   [emp_id: 3256] ✓ Refreshed: 13.86 (unchanged value, timestamp updated)
[2026-01-04 11:08:03]   [emp_id: 3263] ✓ Refreshed: 29.94 (unchanged value, timestamp updated)
[2026-01-04 11:08:03]   [emp_id: 3265] ✓ Refreshed: 25.52 (unchanged value, timestamp updated)
[2026-01-04 11:08:03]   [emp_id: 3280] ✓ Refreshed: 72.44 (unchanged value, timestamp updated)
[2026-01-04 11:08:03]   [emp_id: 3286] ✓ Refreshed: 15.61 (unchanged value, timestamp updated)
[2026-01-04 11:08:03]   [emp_id: 3294] ✓ Refreshed: 15.27 (unchanged value, timestamp updated)
[2026-01-04 11:08:03]   [emp_id: 3321] ✓ Refreshed: 72.44 (unchanged value, timestamp updated)
[2026-01-04 11:08:03]   [emp_id: 3325] ✓ Refreshed: 60.19 (unchanged value, timestamp updated)
[2026-01-04 11:08:03]   [emp_id: 3329] ✓ Refreshed: 62.52 (unchanged value, timestamp updated)
[2026-01-04 11:08:03]   [emp_id: 3330] ✓ Refreshed: 62.52 (unchanged value, timestamp updated)
[2026-01-04 11:08:03]   [emp_id: 3332] ✓ Refreshed: 62.52 (unchanged value, timestamp updated)
[2026-01-04 11:08:03]   [emp_id: 3370] ✓ Refreshed: 54.19 (unchanged value, timestamp updated)
[2026-01-04 11:08:03]   [emp_id: 3384] ✓ Refreshed: 14.69 (unchanged value, timestamp updated)
[2026-01-04 11:08:03]   [emp_id: 3386] ✓ Refreshed: 44.69 (unchanged value, timestamp updated)
[2026-01-04 11:08:03]   [emp_id: 3431] ✓ Refreshed: 19.11 (unchanged value, timestamp updated)
[2026-01-04 11:08:03]   [emp_id: 3497] ✓ Refreshed: 9.27 (unchanged value, timestamp updated)
[2026-01-04 11:08:03]   [emp_id: 3532] ✓ Refreshed: 46.11 (unchanged value, timestamp updated)
[2026-01-04 11:08:03]   [emp_id: 3586] ✓ Refreshed: 10.19 (unchanged value, timestamp updated)
[2026-01-04 11:08:03]   [emp_id: 3602] ✓ Refreshed: 1.68 (unchanged value, timestamp updated)
[2026-01-04 11:08:03]   [emp_id: 3618] ✓ Refreshed: 23.66 (unchanged value, timestamp updated)
[2026-01-04 11:08:03]   [emp_id: 3622] ✓ Refreshed: 34.59 (unchanged value, timestamp updated)
[2026-01-04 11:08:03]   [emp_id: 3627] ✓ Refreshed: 9.61 (unchanged value, timestamp updated)
[2026-01-04 11:08:03]   [emp_id: 3665] ✓ Refreshed: 51.19 (unchanged value, timestamp updated)
[2026-01-04 11:08:03]   [emp_id: 3705] ✓ Refreshed: 27.92 (unchanged value, timestamp updated)
[2026-01-04 11:08:03]   [emp_id: 3724] ✓ Refreshed: 44.19 (unchanged value, timestamp updated)
[2026-01-04 11:08:03]   [emp_id: 3726] ✓ Refreshed: 60.61 (unchanged value, timestamp updated)
[2026-01-04 11:08:03]   [emp_id: 3727] ✓ Refreshed: 65.69 (unchanged value, timestamp updated)
[2026-01-04 11:08:03]   [emp_id: 3728] ✓ Refreshed: 10.02 (unchanged value, timestamp updated)
[2026-01-04 11:08:03]   [emp_id: 3767] ✓ Refreshed: 0.77 (unchanged value, timestamp updated)
[2026-01-04 11:08:03]   [emp_id: 3768] ✓ Refreshed: 57.02 (unchanged value, timestamp updated)
[2026-01-04 11:08:03]   [emp_id: 3787] ✓ Refreshed: 57.61 (unchanged value, timestamp updated)
[2026-01-04 11:08:03]   [emp_id: 3790] ✓ Refreshed: 2.16 (unchanged value, timestamp updated)
[2026-01-04 11:08:03]   [emp_id: 3795] ✓ Refreshed: 15.11 (unchanged value, timestamp updated)
[2026-01-04 11:08:03]   [emp_id: 3798] ✓ Refreshed: 93.52 (unchanged value, timestamp updated)
[2026-01-04 11:08:03]   [emp_id: 3801] ✓ Refreshed: 1.79 (unchanged value, timestamp updated)
[2026-01-04 11:08:03]   [emp_id: 3802] ✓ Refreshed: 30.77 (unchanged value, timestamp updated)
[2026-01-04 11:08:03]   [emp_id: 3803] ✓ Refreshed: 115.19 (unchanged value, timestamp updated)
[2026-01-04 11:08:03]   [emp_id: 3810] ✓ Refreshed: 61.19 (unchanged value, timestamp updated)
[2026-01-04 11:08:03]   [emp_id: 3812] ✓ Refreshed: 90.19 (unchanged value, timestamp updated)
[2026-01-04 11:08:03]   [emp_id: 3815] ✓ Refreshed: 90.19 (unchanged value, timestamp updated)
[2026-01-04 11:08:03]   [emp_id: 3836] ✓ Refreshed: 57.86 (unchanged value, timestamp updated)
[2026-01-04 11:08:03]   [emp_id: 3855] ✓ Refreshed: 51.02 (unchanged value, timestamp updated)
[2026-01-04 11:08:03]   [emp_id: 3857] ✓ Refreshed: 54.69 (unchanged value, timestamp updated)
[2026-01-04 11:08:03]   [emp_id: 3862] ✓ Refreshed: 102.77 (unchanged value, timestamp updated)
[2026-01-04 11:08:03]   [emp_id: 3866] ✓ Refreshed: 28.02 (unchanged value, timestamp updated)
[2026-01-04 11:08:03]   [emp_id: 3876] ✓ Refreshed: 36.19 (unchanged value, timestamp updated)
[2026-01-04 11:08:03]   [emp_id: 3877] ✓ Refreshed: 49.69 (unchanged value, timestamp updated)
[2026-01-04 11:08:03]   [emp_id: 3897] ✓ Refreshed: 37.94 (unchanged value, timestamp updated)
[2026-01-04 11:08:03]   [emp_id: 3899] ✓ Refreshed: 21.21 (unchanged value, timestamp updated)
[2026-01-04 11:08:03]   [emp_id: 3928] ✓ Refreshed: 14.02 (unchanged value, timestamp updated)
[2026-01-04 11:08:03]   [emp_id: 3929] ✓ Refreshed: 9.02 (unchanged value, timestamp updated)
[2026-01-04 11:08:03]   [emp_id: 3935] ✓ Refreshed: 94.02 (unchanged value, timestamp updated)
[2026-01-04 11:08:03]   [emp_id: 3952] ✓ Refreshed: 75.36 (unchanged value, timestamp updated)
[2026-01-04 11:08:03]   [emp_id: 3987] ✓ Refreshed: 14.27 (unchanged value, timestamp updated)
[2026-01-04 11:08:03]   [emp_id: 4059] ✓ Refreshed: 3.47 (unchanged value, timestamp updated)
[2026-01-04 11:08:03]   [emp_id: 4119] ✓ Refreshed: 56.94 (unchanged value, timestamp updated)
[2026-01-04 11:08:03]   [emp_id: 4120] ✓ Refreshed: 26.52 (unchanged value, timestamp updated)
[2026-01-04 11:08:03]   [emp_id: 4124] ✓ Refreshed: 27.04 (unchanged value, timestamp updated)
[2026-01-04 11:08:03]   [emp_id: 4133] ✓ Refreshed: 105.52 (unchanged value, timestamp updated)
[2026-01-04 11:08:03]   [emp_id: 4134] ✓ Refreshed: 26.52 (unchanged value, timestamp updated)
[2026-01-04 11:08:03]   [emp_id: 4136] ✓ Refreshed: 26.52 (unchanged value, timestamp updated)
[2026-01-04 11:08:03]   [emp_id: 4150] ✓ Refreshed: 25.19 (unchanged value, timestamp updated)
[2026-01-04 11:08:03]   [emp_id: 4157] ✓ Refreshed: 18.69 (unchanged value, timestamp updated)
[2026-01-04 11:08:03]   [emp_id: 4172] ✓ Refreshed: 12.5 (unchanged value, timestamp updated)
[2026-01-04 11:08:03]   [emp_id: 4195] ✓ Refreshed: 62.27 (unchanged value, timestamp updated)
[2026-01-04 11:08:03]   [emp_id: 4215] ✓ Refreshed: 44.94 (unchanged value, timestamp updated)
[2026-01-04 11:08:03]   [emp_id: 4220] ✓ Refreshed: 40.52 (unchanged value, timestamp updated)
[2026-01-04 11:08:03]   [emp_id: 4273] ✓ Refreshed: 9.19 (unchanged value, timestamp updated)
[2026-01-04 11:08:03]   [emp_id: 4283] ✓ Refreshed: 13.59 (unchanged value, timestamp updated)
[2026-01-04 11:08:03]   [emp_id: 4288] ✓ Refreshed: 1.44 (unchanged value, timestamp updated)
[2026-01-04 11:08:03]   [emp_id: 4315] ✓ Refreshed: 12.44 (unchanged value, timestamp updated)
[2026-01-04 11:08:03]   [emp_id: 4328] ✓ Refreshed: 42.42 (unchanged value, timestamp updated)
[2026-01-04 11:08:03]   [emp_id: 4329] ✓ Refreshed: 5.61 (unchanged value, timestamp updated)
[2026-01-04 11:08:03]   [emp_id: 4338] ✓ Refreshed: 47.19 (unchanged value, timestamp updated)
[2026-01-04 11:08:03]   [emp_id: 4340] ✓ Refreshed: 126.19 (unchanged value, timestamp updated)
[2026-01-04 11:08:03]   [emp_id: 4365] ✓ Refreshed: 60.61 (unchanged value, timestamp updated)
[2026-01-04 11:08:03]   [emp_id: 4366] ✓ Refreshed: 59.69 (unchanged value, timestamp updated)
[2026-01-04 11:08:03]   [emp_id: 4403] ✓ Refreshed: 85.52 (unchanged value, timestamp updated)
[2026-01-04 11:08:03]   [emp_id: 4438] ✓ Refreshed: 21.19 (unchanged value, timestamp updated)
[2026-01-04 11:08:03]   [emp_id: 4465] ✓ Refreshed: 12.75 (unchanged value, timestamp updated)
[2026-01-04 11:08:03]   [emp_id: 4473] ✓ Refreshed: 44.77 (unchanged value, timestamp updated)
[2026-01-04 11:08:03]   [emp_id: 4474] ✓ Refreshed: 3.26 (unchanged value, timestamp updated)
[2026-01-04 11:08:03]   [emp_id: 4493] ✓ Refreshed: 163.61 (unchanged value, timestamp updated)
[2026-01-04 11:08:03]   [emp_id: 4526] ✓ Refreshed: 35.86 (unchanged value, timestamp updated)
[2026-01-04 11:08:03]   [emp_id: 4528] ✓ Refreshed: 107.61 (unchanged value, timestamp updated)
[2026-01-04 11:08:03]   [emp_id: 4528] ✓ Refreshed: 107.61 (unchanged value, timestamp updated)
[2026-01-04 11:08:03]   [emp_id: 4532] ✓ Refreshed: 7.87 (unchanged value, timestamp updated)
[2026-01-04 11:08:03]   [emp_id: 4533] ✓ Refreshed: 36.02 (unchanged value, timestamp updated)
[2026-01-04 11:08:04]   [emp_id: 4564] ✓ Refreshed: 25.5 (unchanged value, timestamp updated)
[2026-01-04 11:08:04]   [emp_id: 4565] ✓ Refreshed: 15.25 (unchanged value, timestamp updated)
[2026-01-04 11:08:04]   [emp_id: 4567] ✓ Refreshed: 19.5 (unchanged value, timestamp updated)
[2026-01-04 11:08:04]   [emp_id: 4572] ✓ Refreshed: 59 (unchanged value, timestamp updated)
[2026-01-04 11:08:04]   [emp_id: 4631] ✓ Refreshed: 15.25 (unchanged value, timestamp updated)
[2026-01-04 11:08:04]   [emp_id: 4655] ✓ Refreshed: 24.94 (unchanged value, timestamp updated)
[2026-01-04 11:08:04]   [emp_id: 4689] ✓ Refreshed: 2.71 (unchanged value, timestamp updated)
[2026-01-04 11:08:04]   [emp_id: 4709] ✓ Refreshed: 40.19 (unchanged value, timestamp updated)
[2026-01-04 11:08:04]   [emp_id: 4717] ✓ Refreshed: 66.19 (unchanged value, timestamp updated)
[2026-01-04 11:08:04]   [emp_id: 4736] ✓ Refreshed: 28.02 (unchanged value, timestamp updated)
[2026-01-04 11:08:04]   [emp_id: 4756] ✓ Refreshed: 11.69 (unchanged value, timestamp updated)
[2026-01-04 11:08:04]   [emp_id: 4768] ✓ Refreshed: 12.69 (unchanged value, timestamp updated)
[2026-01-04 11:08:04]   [emp_id: 4780] ✓ Refreshed: 65.42 (unchanged value, timestamp updated)
[2026-01-04 11:08:04]   [emp_id: 4820] ✓ Refreshed: 99.02 (unchanged value, timestamp updated)
[2026-01-04 11:08:04]   [emp_id: 4825] ✓ Refreshed: 30.77 (unchanged value, timestamp updated)
[2026-01-04 11:08:04]   [emp_id: 4835] ✓ Refreshed: 48.17 (unchanged value, timestamp updated)
[2026-01-04 11:08:04]   [emp_id: 4837] ✓ Refreshed: 45.41 (unchanged value, timestamp updated)
[2026-01-04 11:08:04]   [emp_id: 4838] ✓ Refreshed: 44.43 (unchanged value, timestamp updated)
[2026-01-04 11:08:04]   [emp_id: 4840] ✓ Refreshed: 45.41 (unchanged value, timestamp updated)
[2026-01-04 11:08:04]   [emp_id: 4842] ✓ Refreshed: 44.65 (unchanged value, timestamp updated)
[2026-01-04 11:08:04]   [emp_id: 4843] ✓ Refreshed: 45.18 (unchanged value, timestamp updated)
[2026-01-04 11:08:04]   [emp_id: 4853] ✓ Refreshed: 89 (unchanged value, timestamp updated)
[2026-01-04 11:08:04]   [emp_id: 4856] ✓ Refreshed: 42.32 (unchanged value, timestamp updated)
[2026-01-04 11:08:04]   [emp_id: 4857] ✓ Refreshed: 25.14 (unchanged value, timestamp updated)
[2026-01-04 11:08:04]   [emp_id: 4858] ✓ Refreshed: 22.02 (unchanged value, timestamp updated)
[2026-01-04 11:08:04]   [emp_id: 4859] ✓ Refreshed: 43.49 (unchanged value, timestamp updated)
[2026-01-04 11:08:04]   [emp_id: 4860] ✓ Refreshed: 7.99 (unchanged value, timestamp updated)
[2026-01-04 11:08:04]   [emp_id: 4861] ✓ Refreshed: 41.45 (unchanged value, timestamp updated)
[2026-01-04 11:08:04]   [emp_id: 4869] ✓ Refreshed: 84.33 (unchanged value, timestamp updated)
[2026-01-04 11:08:04]   [emp_id: 4894] ✓ Refreshed: 7.69 (unchanged value, timestamp updated)
[2026-01-04 11:08:04]   [emp_id: 4897] ✓ Refreshed: 23.23 (unchanged value, timestamp updated)
[2026-01-04 11:08:04]   [emp_id: 4899] ✓ Refreshed: 19.4 (unchanged value, timestamp updated)
[2026-01-04 11:08:04]   [emp_id: 4902] ✓ Refreshed: 18.82 (unchanged value, timestamp updated)
[2026-01-04 11:08:04]   [emp_id: 4903] ✓ Refreshed: 21.04 (unchanged value, timestamp updated)
[2026-01-04 11:08:04]   [emp_id: 4905] ✓ Refreshed: 19.7 (unchanged value, timestamp updated)
[2026-01-04 11:08:04]   [emp_id: 4907] ✓ Refreshed: 47.77 (unchanged value, timestamp updated)
[2026-01-04 11:08:04]   [emp_id: 4917] ✓ Refreshed: 16.66 (unchanged value, timestamp updated)
[2026-01-04 11:08:04]   [emp_id: 4918] ✓ Refreshed: 6.43 (unchanged value, timestamp updated)
[2026-01-04 11:08:04]   [emp_id: 4919] ✓ Refreshed: 58.72 (unchanged value, timestamp updated)
[2026-01-04 11:08:04]   [emp_id: 4920] ✓ Refreshed: 5.8 (unchanged value, timestamp updated)
[2026-01-04 11:08:04]   [emp_id: 4921] ✓ Refreshed: 17.89 (unchanged value, timestamp updated)
[2026-01-04 11:08:04]   [emp_id: 4927] ✓ Refreshed: 16.72 (unchanged value, timestamp updated)
[2026-01-04 11:08:04]   [emp_id: 4929] ✓ Refreshed: 18.24 (unchanged value, timestamp updated)
[2026-01-04 11:08:04]   [emp_id: 4930] ✓ Refreshed: 59.01 (unchanged value, timestamp updated)
[2026-01-04 11:08:04]   [emp_id: 4932] ✓ Refreshed: 17.01 (unchanged value, timestamp updated)
[2026-01-04 11:08:04]   [emp_id: 4933] ✓ Refreshed: 20.42 (unchanged value, timestamp updated)
[2026-01-04 11:08:04]   [emp_id: 4949] ✓ Refreshed: 23.85 (unchanged value, timestamp updated)
[2026-01-04 11:08:04]   [emp_id: 4956] ✓ Refreshed: 29.44 (unchanged value, timestamp updated)
[2026-01-04 11:08:04]   [emp_id: 4957] ✓ Refreshed: 25.11 (unchanged value, timestamp updated)
[2026-01-04 11:08:04]   [emp_id: 4962] ✓ Refreshed: 47.13 (unchanged value, timestamp updated)
[2026-01-04 11:08:04]   [emp_id: 4969] ✓ Refreshed: 46.44 (unchanged value, timestamp updated)
[2026-01-04 11:08:04]   [emp_id: 4976] ✓ Refreshed: 10.13 (unchanged value, timestamp updated)
[2026-01-04 11:08:04]   [emp_id: 4984] ✓ Refreshed: 37.69 (unchanged value, timestamp updated)
[2026-01-04 11:08:04]   [emp_id: 4995] ✓ Refreshed: 49.76 (unchanged value, timestamp updated)
[2026-01-04 11:08:04]   [emp_id: 5004] ✓ Refreshed: 27.07 (unchanged value, timestamp updated)
[2026-01-04 11:08:04]   [emp_id: 5006] ✓ Refreshed: 26.81 (unchanged value, timestamp updated)
[2026-01-04 11:08:04]   [emp_id: 5011] ✓ Refreshed: 5.54 (unchanged value, timestamp updated)
[2026-01-04 11:08:04]   [emp_id: 5013] ✓ Refreshed: 67.18 (unchanged value, timestamp updated)
[2026-01-04 11:08:04]   [emp_id: 5018] ✓ Refreshed: 3.67 (unchanged value, timestamp updated)
[2026-01-04 11:08:04]   [emp_id: 5021] ✓ Refreshed: 60.79 (unchanged value, timestamp updated)
[2026-01-04 11:08:04]   [emp_id: 5024] ✓ Refreshed: 1.69 (unchanged value, timestamp updated)
[2026-01-04 11:08:04]   [emp_id: 5030] ✓ Refreshed: 31.64 (unchanged value, timestamp updated)
[2026-01-04 11:08:04]   [emp_id: 5033] ✓ Refreshed: 10.44 (unchanged value, timestamp updated)
[2026-01-04 11:08:04]   [emp_id: 5043] ✓ Refreshed: 30.36 (unchanged value, timestamp updated)
[2026-01-04 11:08:04]   [emp_id: 5045] ✓ Refreshed: 26.86 (unchanged value, timestamp updated)
[2026-01-04 11:08:04]   [emp_id: 5046] ✓ Refreshed: 22.05 (unchanged value, timestamp updated)
[2026-01-04 11:08:04]   [emp_id: 5049] ✓ Refreshed: 39.12 (unchanged value, timestamp updated)
[2026-01-04 11:08:04]   [emp_id: 5052] ✓ Refreshed: 30.4 (unchanged value, timestamp updated)
[2026-01-04 11:08:04]   [emp_id: 5055] ✓ Refreshed: 18.84 (unchanged value, timestamp updated)
[2026-01-04 11:08:04]   [emp_id: 5058] ✓ Refreshed: 27.82 (unchanged value, timestamp updated)
[2026-01-04 11:08:04]   [emp_id: 5062] ✓ Refreshed: 39.65 (unchanged value, timestamp updated)
[2026-01-04 11:08:04]   [emp_id: 5064] ✓ Refreshed: 117.69 (unchanged value, timestamp updated)
[2026-01-04 11:08:04]   [emp_id: 5065] ✓ Refreshed: 39.06 (unchanged value, timestamp updated)
[2026-01-04 11:08:04]   [emp_id: 5071] ✓ Refreshed: 23.19 (unchanged value, timestamp updated)
[2026-01-04 11:08:04]   [emp_id: 5073] ✓ Refreshed: 13.66 (unchanged value, timestamp updated)
[2026-01-04 11:08:04]   [emp_id: 5079] ✓ Refreshed: 34.22 (unchanged value, timestamp updated)
[2026-01-04 11:08:04]   [emp_id: 5080] ✓ Refreshed: 28.55 (unchanged value, timestamp updated)
[2026-01-04 11:08:04]   [emp_id: 5081] ✓ Refreshed: 15.81 (unchanged value, timestamp updated)
[2026-01-04 11:08:04]   [emp_id: 5087] ✓ Refreshed: 35.85 (unchanged value, timestamp updated)
[2026-01-04 11:08:04]   [emp_id: 5091] ✓ Refreshed: 75.7 (unchanged value, timestamp updated)
[2026-01-04 11:08:04]   [emp_id: 5093] ✓ Refreshed: 14.36 (unchanged value, timestamp updated)
[2026-01-04 11:08:04]   [emp_id: 5095] ✓ Refreshed: 1.24 (unchanged value, timestamp updated)
[2026-01-04 11:08:04]   [emp_id: 5101] ✓ Refreshed: 16.44 (unchanged value, timestamp updated)
[2026-01-04 11:08:04]   [emp_id: 5107] ✓ Refreshed: 14.77 (unchanged value, timestamp updated)
[2026-01-04 11:08:04]   [emp_id: 5109] ✓ Refreshed: 12.02 (unchanged value, timestamp updated)
[2026-01-04 11:08:04]   [emp_id: 5119] ✓ Refreshed: 10.19 (unchanged value, timestamp updated)
[2026-01-04 11:08:04]   [emp_id: 5122] ✓ Refreshed: 7.36 (unchanged value, timestamp updated)
[2026-01-04 11:08:04]   [emp_id: 5126] ✓ Refreshed: 26.58 (unchanged value, timestamp updated)
[2026-01-04 11:08:04]   [emp_id: 5127] ✓ Refreshed: 23.37 (unchanged value, timestamp updated)
[2026-01-04 11:08:04]   [emp_id: 5128] ✓ Refreshed: 26.52 (unchanged value, timestamp updated)
[2026-01-04 11:08:04]   [emp_id: 5138] ✓ Refreshed: 50.02 (unchanged value, timestamp updated)
[2026-01-04 11:08:04]   [emp_id: 5138] ✓ Refreshed: 50.02 (unchanged value, timestamp updated)
[2026-01-04 11:08:04]   [emp_id: 5141] ✓ Refreshed: 34.89 (unchanged value, timestamp updated)
[2026-01-04 11:08:04]   [emp_id: 5142] ✓ Refreshed: 13.89 (unchanged value, timestamp updated)
[2026-01-04 11:08:04]   [emp_id: 5146] ✓ Refreshed: 20.89 (unchanged value, timestamp updated)
[2026-01-04 11:08:04]   [emp_id: 5147] ✓ Refreshed: 19.89 (unchanged value, timestamp updated)
[2026-01-04 11:08:04]   [emp_id: 5148] ✓ Refreshed: 25.24 (unchanged value, timestamp updated)
[2026-01-04 11:08:04]   [emp_id: 5149] ✓ Refreshed: 24.13 (unchanged value, timestamp updated)
[2026-01-04 11:08:04]   [emp_id: 5150] ✓ Refreshed: 23.49 (unchanged value, timestamp updated)
[2026-01-04 11:08:04]   [emp_id: 5151] ✓ Refreshed: 23.31 (unchanged value, timestamp updated)
[2026-01-04 11:08:04]   [emp_id: 5152] ✓ Refreshed: 3.73 (unchanged value, timestamp updated)
[2026-01-04 11:08:04]   [emp_id: 5157] ✓ Refreshed: 23.31 (unchanged value, timestamp updated)
[2026-01-04 11:08:04]   [emp_id: 5160] ✓ Refreshed: 23.31 (unchanged value, timestamp updated)
[2026-01-04 11:08:04]   [emp_id: 5163] ✓ Refreshed: 21.1 (unchanged value, timestamp updated)
[2026-01-04 11:08:04]   [emp_id: 5165] ✓ Refreshed: 1.46 (unchanged value, timestamp updated)
[2026-01-04 11:08:04]   [emp_id: 5167] ✓ Refreshed: 30.25 (unchanged value, timestamp updated)
[2026-01-04 11:08:04]   [emp_id: 5168] ✓ Refreshed: 22.79 (unchanged value, timestamp updated)
[2026-01-04 11:08:04]   [emp_id: 5173] ✓ Refreshed: 25.11 (unchanged value, timestamp updated)
[2026-01-04 11:08:04]   [emp_id: 5174] ✓ Refreshed: 23.25 (unchanged value, timestamp updated)
[2026-01-04 11:08:04]   [emp_id: 5181] ✓ Refreshed: 19.64 (unchanged value, timestamp updated)
[2026-01-04 11:08:04]   [emp_id: 5186] ✓ Refreshed: 25.17 (unchanged value, timestamp updated)
[2026-01-04 11:08:04]   [emp_id: 5187] ✓ Refreshed: 36.17 (unchanged value, timestamp updated)
[2026-01-04 11:08:04]   [emp_id: 5204] ✓ Refreshed: 22.61 (unchanged value, timestamp updated)
[2026-01-04 11:08:04]   [emp_id: 5205] ✓ Refreshed: 12.38 (unchanged value, timestamp updated)
[2026-01-04 11:08:04]   [emp_id: 5209] ✓ Refreshed: 15.38 (unchanged value, timestamp updated)
[2026-01-04 11:08:04]   [emp_id: 5213] ✓ Refreshed: 1.79 (unchanged value, timestamp updated)
[2026-01-04 11:08:04]   [emp_id: 5214] ✓ Refreshed: 1.63 (unchanged value, timestamp updated)
[2026-01-04 11:08:04]   [emp_id: 5215] ✓ Refreshed: 10.38 (unchanged value, timestamp updated)
[2026-01-04 11:08:04]   [emp_id: 5217] ✓ Refreshed: 9.38 (unchanged value, timestamp updated)
[2026-01-04 11:08:04]   [emp_id: 5219] ✓ Refreshed: 13.38 (unchanged value, timestamp updated)
[2026-01-04 11:08:04]   [emp_id: 5221] ✓ Refreshed: 4.75 (unchanged value, timestamp updated)
[2026-01-04 11:08:04]   [emp_id: 5224] ✓ Refreshed: 14.38 (unchanged value, timestamp updated)
[2026-01-04 11:08:04]   [emp_id: 5225] ✓ Refreshed: 6.69 (unchanged value, timestamp updated)
[2026-01-04 11:08:04]   [emp_id: 5228] ✓ Refreshed: 9.38 (unchanged value, timestamp updated)
[2026-01-04 11:08:04]   [emp_id: 5229] ✓ Refreshed: 5.38 (unchanged value, timestamp updated)
[2026-01-04 11:08:04]   [emp_id: 5230] ✓ Refreshed: 12.05 (unchanged value, timestamp updated)
[2026-01-04 11:08:04]   [emp_id: 5231] ✓ Refreshed: 6.38 (unchanged value, timestamp updated)
[2026-01-04 11:08:04]   [emp_id: 5232] ✓ Refreshed: 0.38 (unchanged value, timestamp updated)
[2026-01-04 11:08:04]   [emp_id: 5233] ✓ Refreshed: 4.38 (unchanged value, timestamp updated)
[2026-01-04 11:08:04]   [emp_id: 5234] ✓ Refreshed: 4.38 (unchanged value, timestamp updated)
[2026-01-04 11:08:04]   [emp_id: 5235] ✓ Refreshed: 0 (unchanged value, timestamp updated)
[2026-01-04 11:08:04]   [emp_id: 5237] ✓ Refreshed: 10.63 (unchanged value, timestamp updated)
[2026-01-04 11:08:04]   [emp_id: 5239] ✓ Refreshed: 7.38 (unchanged value, timestamp updated)
[2026-01-04 11:08:04]   [emp_id: 5241] ✓ Refreshed: 5.38 (unchanged value, timestamp updated)
[2026-01-04 11:08:04]   [emp_id: 5242] ✓ Refreshed: 15.38 (unchanged value, timestamp updated)
[2026-01-04 11:08:04]   [emp_id: 5243] ✓ Refreshed: 1.79 (unchanged value, timestamp updated)
[2026-01-04 11:08:04]   [emp_id: 5244] ✓ Refreshed: 3.69 (unchanged value, timestamp updated)
[2026-01-04 11:08:04]   [emp_id: 5246] ✓ Refreshed: 11.38 (unchanged value, timestamp updated)
[2026-01-04 11:08:04]   [emp_id: 5253] ✓ Refreshed: 24.25 (unchanged value, timestamp updated)
[2026-01-04 11:08:04]   [emp_id: 5254] ✓ Refreshed: 12.23 (unchanged value, timestamp updated)
[2026-01-04 11:08:04]   [emp_id: 5257] ✓ Refreshed: 11.94 (unchanged value, timestamp updated)
[2026-01-04 11:08:04]   [emp_id: 5259] ✓ Refreshed: 48.47 (unchanged value, timestamp updated)
[2026-01-04 11:08:04]   [emp_id: 5261] ✓ Refreshed: 16.21 (unchanged value, timestamp updated)
[2026-01-04 11:08:05]   [emp_id: 5264] ✓ Refreshed: 13.95 (unchanged value, timestamp updated)
[2026-01-04 11:08:05]   [emp_id: 5266] ✓ Refreshed: 20.57 (unchanged value, timestamp updated)
[2026-01-04 11:08:05]   [emp_id: 5268] ✓ Refreshed: 9.14 (unchanged value, timestamp updated)
[2026-01-04 11:08:05]   [emp_id: 5271] ✓ Refreshed: 7.8 (unchanged value, timestamp updated)
[2026-01-04 11:08:05]   [emp_id: 5272] ✓ Refreshed: 8.67 (unchanged value, timestamp updated)
[2026-01-04 11:08:05]   [emp_id: 5273] ✓ Refreshed: 23.74 (unchanged value, timestamp updated)
[2026-01-04 11:08:05]   [emp_id: 5275] ✓ Refreshed: 9.49 (unchanged value, timestamp updated)
[2026-01-04 11:08:05]   [emp_id: 5276] ✓ Refreshed: 23.76 (unchanged value, timestamp updated)
[2026-01-04 11:08:05]   [emp_id: 5278] ✓ Refreshed: 8.15 (unchanged value, timestamp updated)
[2026-01-04 11:08:05]   [emp_id: 5280] ✓ Refreshed: 18.55 (unchanged value, timestamp updated)
[2026-01-04 11:08:05]   [emp_id: 5282] ✓ Refreshed: 11.69 (unchanged value, timestamp updated)
[2026-01-04 11:08:05]   [emp_id: 5285] ✓ Refreshed: 28.55 (unchanged value, timestamp updated)
[2026-01-04 11:08:05]   [emp_id: 5286] ✓ Refreshed: 15.55 (unchanged value, timestamp updated)
[2026-01-04 11:08:05]   [emp_id: 5287] ✓ Refreshed: 49.85 (unchanged value, timestamp updated)
[2026-01-04 11:08:05]   [emp_id: 5288] ✓ Refreshed: 7.12 (unchanged value, timestamp updated)
[2026-01-04 11:08:05]   [emp_id: 5289] ✓ Refreshed: 48.4 (unchanged value, timestamp updated)
[2026-01-04 11:08:05]   [emp_id: 5290] ✓ Refreshed: 47.17 (unchanged value, timestamp updated)
[2026-01-04 11:08:05]   [emp_id: 5291] ✓ Refreshed: 5.17 (unchanged value, timestamp updated)
[2026-01-04 11:08:05]   [emp_id: 5292] ✓ Refreshed: 5.11 (unchanged value, timestamp updated)
[2026-01-04 11:08:05]   [emp_id: 5293] ✓ Refreshed: 37.86 (unchanged value, timestamp updated)
[2026-01-04 11:08:05]   [emp_id: 5294] ✓ Refreshed: 7.61 (unchanged value, timestamp updated)
[2026-01-04 11:08:05]   [emp_id: 5295] ✓ Refreshed: 21.35 (unchanged value, timestamp updated)
[2026-01-04 11:08:05]   [emp_id: 5296] ✓ Refreshed: 34.63 (unchanged value, timestamp updated)
[2026-01-04 11:08:05]   [emp_id: 5297] ✓ Refreshed: 45.77 (unchanged value, timestamp updated)
[2026-01-04 11:08:05]   [emp_id: 5298] ✓ Refreshed: 45.77 (unchanged value, timestamp updated)
[2026-01-04 11:08:05]   [emp_id: 5299] ✓ Refreshed: 45.77 (unchanged value, timestamp updated)
[2026-01-04 11:08:05]   [emp_id: 5300] ✓ Refreshed: 45.77 (unchanged value, timestamp updated)
[2026-01-04 11:08:05]   [emp_id: 5301] ✓ Refreshed: 3.59 (unchanged value, timestamp updated)
[2026-01-04 11:08:05]   [emp_id: 5303] ✓ Refreshed: 4.02 (unchanged value, timestamp updated)
[2026-01-04 11:08:05]   [emp_id: 5304] ✓ Refreshed: 45.77 (unchanged value, timestamp updated)
[2026-01-04 11:08:05]   [emp_id: 5305] ✓ Refreshed: 3.77 (unchanged value, timestamp updated)
[2026-01-04 11:08:05]   [emp_id: 5306] ✓ Refreshed: 45.48 (unchanged value, timestamp updated)
[2026-01-04 11:08:05]   [emp_id: 5307] ✓ Refreshed: 45.48 (unchanged value, timestamp updated)
[2026-01-04 11:08:05]   [emp_id: 5312] ✓ Refreshed: 1.46 (unchanged value, timestamp updated)
[2026-01-04 11:08:05]   [emp_id: 5318] ✓ Refreshed: 26.19 (unchanged value, timestamp updated)
[2026-01-04 11:08:05]   [emp_id: 5325] ✓ Refreshed: 22.15 (unchanged value, timestamp updated)
[2026-01-04 11:08:05]   [emp_id: 5327] ✓ Refreshed: 1.24 (unchanged value, timestamp updated)
[2026-01-04 11:08:05]   [emp_id: 5337] ✓ Refreshed: 35.52 (unchanged value, timestamp updated)
[2026-01-04 11:08:05]   [emp_id: 5339] ✓ Refreshed: 10.34 (unchanged value, timestamp updated)
[2026-01-04 11:08:05]   [emp_id: 5343] ✓ Refreshed: 45.44 (unchanged value, timestamp updated)
[2026-01-04 11:08:05]   [emp_id: 5343] ✓ Refreshed: 45.44 (unchanged value, timestamp updated)
[2026-01-04 11:08:05]   [emp_id: 5345] ✓ Refreshed: 15.27 (unchanged value, timestamp updated)
[2026-01-04 11:08:05]   [emp_id: 5346] ✓ Refreshed: 2.06 (unchanged value, timestamp updated)
[2026-01-04 11:08:05]   [emp_id: 5351] ✓ Refreshed: 17 (unchanged value, timestamp updated)
[2026-01-04 11:08:05]   [emp_id: 5352] ✓ Refreshed: 25.69 (unchanged value, timestamp updated)
[2026-01-04 11:08:05]   [emp_id: 5370] ✓ Refreshed: 15.65 (unchanged value, timestamp updated)
[2026-01-04 11:08:05]   [emp_id: 5371] ✓ Refreshed: 1.6 (unchanged value, timestamp updated)
[2026-01-04 11:08:05]   [emp_id: 5376] ✓ Refreshed: 10.25 (unchanged value, timestamp updated)
[2026-01-04 11:08:05]   [emp_id: 5378] ✓ Refreshed: 17.52 (unchanged value, timestamp updated)
[2026-01-04 11:08:05]   [emp_id: 5380] ✓ Refreshed: 16.66 (unchanged value, timestamp updated)
[2026-01-04 11:08:05]   [emp_id: 5381] ✓ Refreshed: 11.96 (unchanged value, timestamp updated)
[2026-01-04 11:08:05]   [emp_id: 5383] ✓ Refreshed: 16.27 (unchanged value, timestamp updated)
[2026-01-04 11:08:05]   [emp_id: 5388] ✓ Refreshed: 27.44 (unchanged value, timestamp updated)
[2026-01-04 11:08:05]   [emp_id: 5396] ✓ Refreshed: 28.68 (unchanged value, timestamp updated)
[2026-01-04 11:08:05]   [emp_id: 5397] ✓ Refreshed: 20.14 (unchanged value, timestamp updated)
[2026-01-04 11:08:05]   [emp_id: 5401] ✓ Refreshed: 23.25 (unchanged value, timestamp updated)
[2026-01-04 11:08:05]   [emp_id: 5402] ✓ Refreshed: 23.37 (unchanged value, timestamp updated)
[2026-01-04 11:08:05]   [emp_id: 5406] ✓ Refreshed: 17.09 (unchanged value, timestamp updated)
[2026-01-04 11:08:05]   [emp_id: 5407] ✓ Refreshed: 16.04 (unchanged value, timestamp updated)
[2026-01-04 11:08:05]   [emp_id: 5409] ✓ Refreshed: 16.43 (unchanged value, timestamp updated)
[2026-01-04 11:08:05]   [emp_id: 5413] ✓ Refreshed: 28.44 (unchanged value, timestamp updated)
[2026-01-04 11:08:05]   [emp_id: 5414] ✓ Refreshed: 28.11 (unchanged value, timestamp updated)
[2026-01-04 11:08:05]   [emp_id: 5415] ✓ Refreshed: 4.04 (unchanged value, timestamp updated)
[2026-01-04 11:08:05]   [emp_id: 5418] ✓ Refreshed: 15.49 (unchanged value, timestamp updated)
[2026-01-04 11:08:05]   [emp_id: 5422] ✓ Refreshed: 20.77 (unchanged value, timestamp updated)
[2026-01-04 11:08:05]   [emp_id: 5423] ✓ Refreshed: 5.46 (unchanged value, timestamp updated)
[2026-01-04 11:08:05]   [emp_id: 5425] ✓ Refreshed: 14.04 (unchanged value, timestamp updated)
[2026-01-04 11:08:05]   [emp_id: 5426] ✓ Refreshed: 3.01 (unchanged value, timestamp updated)
[2026-01-04 11:08:05]   [emp_id: 5426] ✓ Refreshed: 3.01 (unchanged value, timestamp updated)
[2026-01-04 11:08:05]   [emp_id: 5427] ✓ Refreshed: 14.15 (unchanged value, timestamp updated)
[2026-01-04 11:08:05]   [emp_id: 5428] ✓ Refreshed: 14.04 (unchanged value, timestamp updated)
[2026-01-04 11:08:05]   [emp_id: 5430] ✓ Refreshed: 17.77 (unchanged value, timestamp updated)
[2026-01-04 11:08:05]   [emp_id: 5431] ✓ Refreshed: 13.16 (unchanged value, timestamp updated)
[2026-01-04 11:08:05]   [emp_id: 5433] ✓ Refreshed: 13.18 (unchanged value, timestamp updated)
[2026-01-04 11:08:05]   [emp_id: 5434] ✓ Refreshed: 12.93 (unchanged value, timestamp updated)
[2026-01-04 11:08:05]   [emp_id: 5435] ✓ Refreshed: 12.87 (unchanged value, timestamp updated)
[2026-01-04 11:08:05]   [emp_id: 5436] ✓ Refreshed: 12.87 (unchanged value, timestamp updated)
[2026-01-04 11:08:05]   [emp_id: 5438] ✓ Refreshed: 15.69 (unchanged value, timestamp updated)
[2026-01-04 11:08:05]   [emp_id: 5439] ✓ Refreshed: 25.19 (unchanged value, timestamp updated)
[2026-01-04 11:08:05]   [emp_id: 5442] ✓ Refreshed: 14.19 (unchanged value, timestamp updated)
[2026-01-04 11:08:05]   [emp_id: 5445] ✓ Refreshed: 7.33 (unchanged value, timestamp updated)
[2026-01-04 11:08:05]   [emp_id: 5446] ✓ Refreshed: 7.33 (unchanged value, timestamp updated)
[2026-01-04 11:08:05]   [emp_id: 5447] ✓ Refreshed: 7.27 (unchanged value, timestamp updated)
[2026-01-04 11:08:05]   [emp_id: 5448] ✓ Refreshed: 7.21 (unchanged value, timestamp updated)
[2026-01-04 11:08:05]   [emp_id: 5449] ✓ Refreshed: 5.35 (unchanged value, timestamp updated)
[2026-01-04 11:08:05]   [emp_id: 5450] ✓ Refreshed: 5.29 (unchanged value, timestamp updated)
[2026-01-04 11:08:05]   [emp_id: 5451] ✓ Refreshed: 5.29 (unchanged value, timestamp updated)
[2026-01-04 11:08:05]   [emp_id: 5453] ✓ Refreshed: 5.13 (unchanged value, timestamp updated)
[2026-01-04 11:08:05]   [emp_id: 5454] ✓ Refreshed: 7.27 (unchanged value, timestamp updated)
[2026-01-04 11:08:05]   [emp_id: 5455] ✓ Refreshed: 2.52 (unchanged value, timestamp updated)
[2026-01-04 11:08:05]   [emp_id: 5456] ✓ Refreshed: 6.52 (unchanged value, timestamp updated)
[2026-01-04 11:08:05]   [emp_id: 5457] ✓ Refreshed: 4.38 (unchanged value, timestamp updated)
[2026-01-04 11:08:05]   [emp_id: 5460] ✓ Refreshed: 5.17 (unchanged value, timestamp updated)
[2026-01-04 11:08:05]   [emp_id: 5463] ✓ Refreshed: 4.5 (unchanged value, timestamp updated)
[2026-01-04 11:08:05]   [emp_id: 5464] ✓ Refreshed: 4.5 (unchanged value, timestamp updated)
[2026-01-04 11:08:05]   [emp_id: 5466] ✓ Refreshed: 2.25 (unchanged value, timestamp updated)
[2026-01-04 11:08:05]   [emp_id: 5467] ✓ Refreshed: 1.17 (unchanged value, timestamp updated)
[2026-01-04 11:08:05] Report saved to: /home/almutlak/public_html/hr/cron_logs/last_vacation_update_report.json
[2026-01-04 11:08:08] ========== CRON: Vacation Balance Update Started ==========
[2026-01-04 14:31:16] ========== CRON: Vacation Balance Update Started ==========
[2026-01-04 14:55:37] ========== CRON: Vacation Balance Update Started ==========
[2026-01-04 14:56:47] ========== CRON: Vacation Balance Update Started ==========
[2026-01-04 14:56:47] FORCE RUN enabled: Bypassing once-per-day restriction
[2026-01-04 14:56:47] Database connection established
[2026-01-04 14:56:47] Found 435 active employees with balance records to update
[2026-01-04 14:56:47] (Only employees with status=1 will be processed)
[2026-01-04 14:56:47]   [emp_id: 1061] ✓ Refreshed: 0.48 (unchanged value, timestamp updated)
[2026-01-04 14:56:47]   [emp_id: 1496] ✓ Refreshed: 16.61 (unchanged value, timestamp updated)
[2026-01-04 14:56:47]   [emp_id: 1500] ✓ Refreshed: 4.29 (unchanged value, timestamp updated)
[2026-01-04 14:56:47]   [emp_id: 1574] ✓ Refreshed: 33.52 (unchanged value, timestamp updated)
[2026-01-04 14:56:47]   [emp_id: 1673] ✓ Refreshed: 45.02 (unchanged value, timestamp updated)
[2026-01-04 14:56:47]   [emp_id: 1685] ✓ Refreshed: 14.94 (unchanged value, timestamp updated)
[2026-01-04 14:56:47]   [emp_id: 1764] ✓ Refreshed: 69.61 (unchanged value, timestamp updated)
[2026-01-04 14:56:47]   [emp_id: 1805] ✓ Refreshed: 63.94 (unchanged value, timestamp updated)
[2026-01-04 14:56:47]   [emp_id: 1822] ✓ Refreshed: 68.69 (unchanged value, timestamp updated)
[2026-01-04 14:56:47]   [emp_id: 1837] ✓ Refreshed: 24.86 (unchanged value, timestamp updated)
[2026-01-04 14:56:47]   [emp_id: 1857] ✓ Refreshed: 20.19 (unchanged value, timestamp updated)
[2026-01-04 14:56:47]   [emp_id: 1861] ✓ Refreshed: 71.02 (unchanged value, timestamp updated)
[2026-01-04 14:56:47]   [emp_id: 1872] ✓ Refreshed: 9.86 (unchanged value, timestamp updated)
[2026-01-04 14:56:47]   [emp_id: 1897] ✓ Refreshed: 5.19 (unchanged value, timestamp updated)
[2026-01-04 14:56:47]   [emp_id: 1916] ✓ Refreshed: 11.49 (unchanged value, timestamp updated)
[2026-01-04 14:56:47]   [emp_id: 1928] ✓ Refreshed: 64.44 (unchanged value, timestamp updated)
[2026-01-04 14:56:47]   [emp_id: 1931] ✓ Refreshed: 84.36 (unchanged value, timestamp updated)
[2026-01-04 14:56:47]   [emp_id: 1944] ✓ Refreshed: 42.52 (unchanged value, timestamp updated)
[2026-01-04 14:56:47]   [emp_id: 1996] ✓ Refreshed: 71.02 (unchanged value, timestamp updated)
[2026-01-04 14:56:47]   [emp_id: 1997] ✓ Refreshed: 36.19 (unchanged value, timestamp updated)
[2026-01-04 14:56:47]   [emp_id: 1998] ✓ Refreshed: 27.63 (unchanged value, timestamp updated)
[2026-01-04 14:56:47]   [emp_id: 1999] ✓ Refreshed: 28.63 (unchanged value, timestamp updated)
[2026-01-04 14:56:47]   [emp_id: 2009] ✓ Refreshed: 34.94 (unchanged value, timestamp updated)
[2026-01-04 14:56:47]   [emp_id: 2048] ✓ Refreshed: 24.77 (unchanged value, timestamp updated)
[2026-01-04 14:56:47]   [emp_id: 2057] ✓ Refreshed: 65.61 (unchanged value, timestamp updated)
[2026-01-04 14:56:47]   [emp_id: 2079] ✓ Refreshed: 47.94 (unchanged value, timestamp updated)
[2026-01-04 14:56:47]   [emp_id: 2181] ✓ Refreshed: 36.94 (unchanged value, timestamp updated)
[2026-01-04 14:56:47]   [emp_id: 2190] ✓ Refreshed: 6.27 (unchanged value, timestamp updated)
[2026-01-04 14:56:47]   [emp_id: 2212] ✓ Refreshed: 24.27 (unchanged value, timestamp updated)
[2026-01-04 14:56:47]   [emp_id: 2226] ✓ Refreshed: 69.02 (unchanged value, timestamp updated)
[2026-01-04 14:56:47]   [emp_id: 2238] ✓ Refreshed: 67.27 (unchanged value, timestamp updated)
[2026-01-04 14:56:47]   [emp_id: 2285] ✓ Refreshed: 35.94 (unchanged value, timestamp updated)
[2026-01-04 14:56:47]   [emp_id: 2287] ✓ Refreshed: 47.61 (unchanged value, timestamp updated)
[2026-01-04 14:56:47]   [emp_id: 2288] ✓ Refreshed: 2.63 (unchanged value, timestamp updated)
[2026-01-04 14:56:47]   [emp_id: 2316] ✓ Refreshed: 16.44 (unchanged value, timestamp updated)
[2026-01-04 14:56:47]   [emp_id: 2337] ✓ Refreshed: 37.52 (unchanged value, timestamp updated)
[2026-01-04 14:56:47]   [emp_id: 2352] ✓ Refreshed: 69.02 (unchanged value, timestamp updated)
[2026-01-04 14:56:47]   [emp_id: 2358] ✓ Refreshed: 5.52 (unchanged value, timestamp updated)
[2026-01-04 14:56:47]   [emp_id: 2361] ✓ Refreshed: 71.19 (unchanged value, timestamp updated)
[2026-01-04 14:56:47]   [emp_id: 2363] ✓ Refreshed: 73.77 (unchanged value, timestamp updated)
[2026-01-04 14:56:47]   [emp_id: 2364] ✓ Refreshed: 73.19 (unchanged value, timestamp updated)
[2026-01-04 14:56:47]   [emp_id: 2367] ✓ Refreshed: 100.86 (unchanged value, timestamp updated)
[2026-01-04 14:56:47]   [emp_id: 2368] ✓ Refreshed: 31.27 (unchanged value, timestamp updated)
[2026-01-04 14:56:47]   [emp_id: 2372] ✓ Refreshed: 68.52 (unchanged value, timestamp updated)
[2026-01-04 14:56:47]   [emp_id: 2376] ✓ Refreshed: 118.52 (unchanged value, timestamp updated)
[2026-01-04 14:56:47]   [emp_id: 2423] ✓ Refreshed: 19.27 (unchanged value, timestamp updated)
[2026-01-04 14:56:47]   [emp_id: 2519] ✓ Refreshed: 112.94 (unchanged value, timestamp updated)
[2026-01-04 14:56:47]   [emp_id: 2522] ✓ Refreshed: 56.52 (unchanged value, timestamp updated)
[2026-01-04 14:56:47]   [emp_id: 2530] ✓ Refreshed: 51.77 (unchanged value, timestamp updated)
[2026-01-04 14:56:47]   [emp_id: 2539] ✓ Refreshed: 48.52 (unchanged value, timestamp updated)
[2026-01-04 14:56:47]   [emp_id: 2541] ✓ Refreshed: 29.11 (unchanged value, timestamp updated)
[2026-01-04 14:56:47]   [emp_id: 2550] ✓ Refreshed: 95.27 (unchanged value, timestamp updated)
[2026-01-04 14:56:47]   [emp_id: 2553] ✓ Refreshed: 32.38 (unchanged value, timestamp updated)
[2026-01-04 14:56:47]   [emp_id: 2554] ✓ Refreshed: 38.86 (unchanged value, timestamp updated)
[2026-01-04 14:56:47]   [emp_id: 2565] ✓ Refreshed: 93.44 (unchanged value, timestamp updated)
[2026-01-04 14:56:47]   [emp_id: 2572] ✓ Refreshed: 43.44 (unchanged value, timestamp updated)
[2026-01-04 14:56:47]   [emp_id: 2637] ✓ Refreshed: 64.02 (unchanged value, timestamp updated)
[2026-01-04 14:56:47]   [emp_id: 2642] ✓ Refreshed: 76.77 (unchanged value, timestamp updated)
[2026-01-04 14:56:47]   [emp_id: 2645] ✓ Refreshed: 92.77 (unchanged value, timestamp updated)
[2026-01-04 14:56:47]   [emp_id: 2648] ✓ Refreshed: 44.44 (unchanged value, timestamp updated)
[2026-01-04 14:56:47]   [emp_id: 2654] ✓ Refreshed: 87.11 (unchanged value, timestamp updated)
[2026-01-04 14:56:47]   [emp_id: 2688] ✓ Refreshed: 25.19 (unchanged value, timestamp updated)
[2026-01-04 14:56:47]   [emp_id: 2690] ✓ Refreshed: 13.94 (unchanged value, timestamp updated)
[2026-01-04 14:56:47]   [emp_id: 2709] ✓ Refreshed: 36.19 (unchanged value, timestamp updated)
[2026-01-04 14:56:47]   [emp_id: 2745] ✓ Refreshed: 32.77 (unchanged value, timestamp updated)
[2026-01-04 14:56:47]   [emp_id: 2843] ✓ Refreshed: 79.36 (unchanged value, timestamp updated)
[2026-01-04 14:56:47]   [emp_id: 2854] ✓ Refreshed: 59.27 (unchanged value, timestamp updated)
[2026-01-04 14:56:47]   [emp_id: 2869] ✓ Refreshed: 3.19 (unchanged value, timestamp updated)
[2026-01-04 14:56:47]   [emp_id: 2876] ✓ Refreshed: 34.02 (unchanged value, timestamp updated)
[2026-01-04 14:56:47]   [emp_id: 2924] ✓ Refreshed: 15.19 (unchanged value, timestamp updated)
[2026-01-04 14:56:47]   [emp_id: 2953] ✓ Refreshed: 100.94 (unchanged value, timestamp updated)
[2026-01-04 14:56:47]   [emp_id: 2961] ✓ Refreshed: 10.94 (unchanged value, timestamp updated)
[2026-01-04 14:56:47]   [emp_id: 2975] ✓ Refreshed: 0.62 (unchanged value, timestamp updated)
[2026-01-04 14:56:47]   [emp_id: 3013] ✓ Refreshed: 9.94 (unchanged value, timestamp updated)
[2026-01-04 14:56:48]   [emp_id: 3014] ✓ Refreshed: 89.19 (unchanged value, timestamp updated)
[2026-01-04 14:56:48]   [emp_id: 3015] ✓ Refreshed: 0.44 (unchanged value, timestamp updated)
[2026-01-04 14:56:48]   [emp_id: 3018] ✓ Refreshed: 59.19 (unchanged value, timestamp updated)
[2026-01-04 14:56:48]   [emp_id: 3025] ✓ Refreshed: 22.96 (unchanged value, timestamp updated)
[2026-01-04 14:56:48]   [emp_id: 3037] ✓ Refreshed: 82.69 (unchanged value, timestamp updated)
[2026-01-04 14:56:48]   [emp_id: 3047] ✓ Refreshed: 70.94 (unchanged value, timestamp updated)
[2026-01-04 14:56:48]   [emp_id: 3061] ✓ Refreshed: 17.86 (unchanged value, timestamp updated)
[2026-01-04 14:56:48]   [emp_id: 3062] ✓ Refreshed: 51.02 (unchanged value, timestamp updated)
[2026-01-04 14:56:48]   [emp_id: 3074] ✓ Refreshed: 107.44 (unchanged value, timestamp updated)
[2026-01-04 14:56:48]   [emp_id: 3089] ✓ Refreshed: 6.36 (unchanged value, timestamp updated)
[2026-01-04 14:56:48]   [emp_id: 3090] ✓ Refreshed: 32.94 (unchanged value, timestamp updated)
[2026-01-04 14:56:48]   [emp_id: 3091] ✓ Refreshed: 44.94 (unchanged value, timestamp updated)
[2026-01-04 14:56:48]   [emp_id: 3092] ✓ Refreshed: 27.61 (unchanged value, timestamp updated)
[2026-01-04 14:56:48]   [emp_id: 3105] ✓ Refreshed: 47.94 (unchanged value, timestamp updated)
[2026-01-04 14:56:48]   [emp_id: 3134] ✓ Refreshed: 43.69 (unchanged value, timestamp updated)
[2026-01-04 14:56:48]   [emp_id: 3140] ✓ Refreshed: 40.77 (unchanged value, timestamp updated)
[2026-01-04 14:56:48]   [emp_id: 3144] ✓ Refreshed: 13.61 (unchanged value, timestamp updated)
[2026-01-04 14:56:48]   [emp_id: 3156] ✓ Refreshed: 16.94 (unchanged value, timestamp updated)
[2026-01-04 14:56:48]   [emp_id: 3162] ✓ Refreshed: 1.92 (unchanged value, timestamp updated)
[2026-01-04 14:56:48]   [emp_id: 3163] ✓ Refreshed: 5.19 (unchanged value, timestamp updated)
[2026-01-04 14:56:48]   [emp_id: 3198] ✓ Refreshed: 40.19 (unchanged value, timestamp updated)
[2026-01-04 14:56:48]   [emp_id: 3205] ✓ Refreshed: 16.86 (unchanged value, timestamp updated)
[2026-01-04 14:56:48]   [emp_id: 3209] ✓ Refreshed: 41.02 (unchanged value, timestamp updated)
[2026-01-04 14:56:48]   [emp_id: 3223] ✓ Refreshed: 89.94 (unchanged value, timestamp updated)
[2026-01-04 14:56:48]   [emp_id: 3224] ✓ Refreshed: 64.69 (unchanged value, timestamp updated)
[2026-01-04 14:56:48]   [emp_id: 3230] ✓ Refreshed: 88.11 (unchanged value, timestamp updated)
[2026-01-04 14:56:48]   [emp_id: 3231] ✓ Refreshed: 0.48 (unchanged value, timestamp updated)
[2026-01-04 14:56:48]   [emp_id: 3233] ✓ Refreshed: 80.94 (unchanged value, timestamp updated)
[2026-01-04 14:56:48]   [emp_id: 3249] ✓ Refreshed: 36.77 (unchanged value, timestamp updated)
[2026-01-04 14:56:48]   [emp_id: 3250] ✓ Refreshed: 9.77 (unchanged value, timestamp updated)
[2026-01-04 14:56:48]   [emp_id: 3252] ✓ Refreshed: 10.69 (unchanged value, timestamp updated)
[2026-01-04 14:56:48]   [emp_id: 3254] ✓ Refreshed: 21.19 (unchanged value, timestamp updated)
[2026-01-04 14:56:48]   [emp_id: 3255] ✓ Refreshed: 17.61 (unchanged value, timestamp updated)
[2026-01-04 14:56:48]   [emp_id: 3256] ✓ Refreshed: 13.86 (unchanged value, timestamp updated)
[2026-01-04 14:56:48]   [emp_id: 3263] ✓ Refreshed: 29.94 (unchanged value, timestamp updated)
[2026-01-04 14:56:48]   [emp_id: 3265] ✓ Refreshed: 25.52 (unchanged value, timestamp updated)
[2026-01-04 14:56:48]   [emp_id: 3280] ✓ Refreshed: 72.44 (unchanged value, timestamp updated)
[2026-01-04 14:56:48]   [emp_id: 3286] ✓ Refreshed: 15.61 (unchanged value, timestamp updated)
[2026-01-04 14:56:48]   [emp_id: 3294] ✓ Refreshed: 15.27 (unchanged value, timestamp updated)
[2026-01-04 14:56:48]   [emp_id: 3321] ✓ Refreshed: 72.44 (unchanged value, timestamp updated)
[2026-01-04 14:56:48]   [emp_id: 3325] ✓ Refreshed: 60.19 (unchanged value, timestamp updated)
[2026-01-04 14:56:48]   [emp_id: 3329] ✓ Refreshed: 62.52 (unchanged value, timestamp updated)
[2026-01-04 14:56:48]   [emp_id: 3330] ✓ Refreshed: 62.52 (unchanged value, timestamp updated)
[2026-01-04 14:56:48]   [emp_id: 3332] ✓ Refreshed: 62.52 (unchanged value, timestamp updated)
[2026-01-04 14:56:48]   [emp_id: 3370] ✓ Refreshed: 54.19 (unchanged value, timestamp updated)
[2026-01-04 14:56:48]   [emp_id: 3384] ✓ Refreshed: 14.69 (unchanged value, timestamp updated)
[2026-01-04 14:56:48]   [emp_id: 3386] ✓ Refreshed: 44.69 (unchanged value, timestamp updated)
[2026-01-04 14:56:48]   [emp_id: 3431] ✓ Refreshed: 19.11 (unchanged value, timestamp updated)
[2026-01-04 14:56:48]   [emp_id: 3497] ✓ Refreshed: 9.27 (unchanged value, timestamp updated)
[2026-01-04 14:56:48]   [emp_id: 3532] ✓ Refreshed: 46.11 (unchanged value, timestamp updated)
[2026-01-04 14:56:48]   [emp_id: 3586] ✓ Refreshed: 10.19 (unchanged value, timestamp updated)
[2026-01-04 14:56:48]   [emp_id: 3602] ✓ Refreshed: 1.68 (unchanged value, timestamp updated)
[2026-01-04 14:56:48]   [emp_id: 3618] ✓ Refreshed: 23.66 (unchanged value, timestamp updated)
[2026-01-04 14:56:48]   [emp_id: 3622] ✓ Refreshed: 34.59 (unchanged value, timestamp updated)
[2026-01-04 14:56:48]   [emp_id: 3627] ✓ Refreshed: 9.61 (unchanged value, timestamp updated)
[2026-01-04 14:56:48]   [emp_id: 3665] ✓ Refreshed: 51.19 (unchanged value, timestamp updated)
[2026-01-04 14:56:48]   [emp_id: 3705] ✓ Refreshed: 27.92 (unchanged value, timestamp updated)
[2026-01-04 14:56:48]   [emp_id: 3724] ✓ Refreshed: 44.19 (unchanged value, timestamp updated)
[2026-01-04 14:56:48]   [emp_id: 3726] ✓ Refreshed: 60.61 (unchanged value, timestamp updated)
[2026-01-04 14:56:48]   [emp_id: 3727] ✓ Refreshed: 65.69 (unchanged value, timestamp updated)
[2026-01-04 14:56:48]   [emp_id: 3728] ✓ Refreshed: 10.02 (unchanged value, timestamp updated)
[2026-01-04 14:56:48]   [emp_id: 3767] ✓ Refreshed: 0.77 (unchanged value, timestamp updated)
[2026-01-04 14:56:48]   [emp_id: 3768] ✓ Refreshed: 57.02 (unchanged value, timestamp updated)
[2026-01-04 14:56:48]   [emp_id: 3787] ✓ Refreshed: 57.61 (unchanged value, timestamp updated)
[2026-01-04 14:56:48]   [emp_id: 3790] ✓ Refreshed: 2.16 (unchanged value, timestamp updated)
[2026-01-04 14:56:48]   [emp_id: 3795] ✓ Refreshed: 15.11 (unchanged value, timestamp updated)
[2026-01-04 14:56:48]   [emp_id: 3798] ✓ Refreshed: 93.52 (unchanged value, timestamp updated)
[2026-01-04 14:56:48]   [emp_id: 3801] ✓ Refreshed: 1.79 (unchanged value, timestamp updated)
[2026-01-04 14:56:48]   [emp_id: 3802] ✓ Refreshed: 30.77 (unchanged value, timestamp updated)
[2026-01-04 14:56:48]   [emp_id: 3803] ✓ Refreshed: 115.19 (unchanged value, timestamp updated)
[2026-01-04 14:56:48]   [emp_id: 3810] ✓ Refreshed: 61.19 (unchanged value, timestamp updated)
[2026-01-04 14:56:48]   [emp_id: 3812] ✓ Refreshed: 90.19 (unchanged value, timestamp updated)
[2026-01-04 14:56:48]   [emp_id: 3815] ✓ Refreshed: 90.19 (unchanged value, timestamp updated)
[2026-01-04 14:56:48]   [emp_id: 3836] ✓ Refreshed: 57.86 (unchanged value, timestamp updated)
[2026-01-04 14:56:48]   [emp_id: 3855] ✓ Refreshed: 51.02 (unchanged value, timestamp updated)
[2026-01-04 14:56:48]   [emp_id: 3857] ✓ Refreshed: 54.69 (unchanged value, timestamp updated)
[2026-01-04 14:56:48]   [emp_id: 3862] ✓ Refreshed: 102.77 (unchanged value, timestamp updated)
[2026-01-04 14:56:48]   [emp_id: 3866] ✓ Refreshed: 28.02 (unchanged value, timestamp updated)
[2026-01-04 14:56:48]   [emp_id: 3876] ✓ Refreshed: 36.19 (unchanged value, timestamp updated)
[2026-01-04 14:56:48]   [emp_id: 3877] ✓ Refreshed: 49.69 (unchanged value, timestamp updated)
[2026-01-04 14:56:48]   [emp_id: 3897] ✓ Refreshed: 37.94 (unchanged value, timestamp updated)
[2026-01-04 14:56:48]   [emp_id: 3899] ✓ Refreshed: 21.21 (unchanged value, timestamp updated)
[2026-01-04 14:56:48]   [emp_id: 3928] ✓ Refreshed: 14.02 (unchanged value, timestamp updated)
[2026-01-04 14:56:48]   [emp_id: 3929] ✓ Refreshed: 9.02 (unchanged value, timestamp updated)
[2026-01-04 14:56:48]   [emp_id: 3935] ✓ Refreshed: 94.02 (unchanged value, timestamp updated)
[2026-01-04 14:56:48]   [emp_id: 3952] ✓ Refreshed: 75.36 (unchanged value, timestamp updated)
[2026-01-04 14:56:48]   [emp_id: 3987] ✓ Refreshed: 14.27 (unchanged value, timestamp updated)
[2026-01-04 14:56:48]   [emp_id: 4059] ✓ Refreshed: 3.47 (unchanged value, timestamp updated)
[2026-01-04 14:56:48]   [emp_id: 4119] ✓ Refreshed: 56.94 (unchanged value, timestamp updated)
[2026-01-04 14:56:48]   [emp_id: 4120] ✓ Refreshed: 26.52 (unchanged value, timestamp updated)
[2026-01-04 14:56:48]   [emp_id: 4124] ✓ Refreshed: 27.04 (unchanged value, timestamp updated)
[2026-01-04 14:56:48]   [emp_id: 4133] ✓ Refreshed: 105.52 (unchanged value, timestamp updated)
[2026-01-04 14:56:48]   [emp_id: 4134] ✓ Refreshed: 26.52 (unchanged value, timestamp updated)
[2026-01-04 14:56:48]   [emp_id: 4136] ✓ Refreshed: 26.52 (unchanged value, timestamp updated)
[2026-01-04 14:56:48]   [emp_id: 4150] ✓ Refreshed: 25.19 (unchanged value, timestamp updated)
[2026-01-04 14:56:48]   [emp_id: 4157] ✓ Refreshed: 18.69 (unchanged value, timestamp updated)
[2026-01-04 14:56:48]   [emp_id: 4172] ✓ Refreshed: 12.5 (unchanged value, timestamp updated)
[2026-01-04 14:56:48]   [emp_id: 4195] ✓ Refreshed: 62.27 (unchanged value, timestamp updated)
[2026-01-04 14:56:48]   [emp_id: 4215] ✓ Refreshed: 44.94 (unchanged value, timestamp updated)
[2026-01-04 14:56:48]   [emp_id: 4220] ✓ Refreshed: 40.52 (unchanged value, timestamp updated)
[2026-01-04 14:56:48]   [emp_id: 4273] ✓ Refreshed: 9.19 (unchanged value, timestamp updated)
[2026-01-04 14:56:48]   [emp_id: 4283] ✓ Refreshed: 13.59 (unchanged value, timestamp updated)
[2026-01-04 14:56:48]   [emp_id: 4288] ✓ Refreshed: 1.44 (unchanged value, timestamp updated)
[2026-01-04 14:56:48]   [emp_id: 4315] ✓ Refreshed: 12.44 (unchanged value, timestamp updated)
[2026-01-04 14:56:48]   [emp_id: 4328] ✓ Refreshed: 42.42 (unchanged value, timestamp updated)
[2026-01-04 14:56:48]   [emp_id: 4329] ✓ Refreshed: 5.61 (unchanged value, timestamp updated)
[2026-01-04 14:56:48]   [emp_id: 4338] ✓ Refreshed: 47.19 (unchanged value, timestamp updated)
[2026-01-04 14:56:48]   [emp_id: 4340] ✓ Refreshed: 126.19 (unchanged value, timestamp updated)
[2026-01-04 14:56:48]   [emp_id: 4365] ✓ Refreshed: 60.61 (unchanged value, timestamp updated)
[2026-01-04 14:56:48]   [emp_id: 4366] ✓ Refreshed: 59.69 (unchanged value, timestamp updated)
[2026-01-04 14:56:48]   [emp_id: 4403] ✓ Refreshed: 85.52 (unchanged value, timestamp updated)
[2026-01-04 14:56:48]   [emp_id: 4438] ✓ Refreshed: 21.19 (unchanged value, timestamp updated)
[2026-01-04 14:56:48]   [emp_id: 4465] ✓ Refreshed: 12.75 (unchanged value, timestamp updated)
[2026-01-04 14:56:48]   [emp_id: 4473] ✓ Refreshed: 44.77 (unchanged value, timestamp updated)
[2026-01-04 14:56:48]   [emp_id: 4474] ✓ Refreshed: 3.26 (unchanged value, timestamp updated)
[2026-01-04 14:56:48]   [emp_id: 4493] ✓ Refreshed: 163.61 (unchanged value, timestamp updated)
[2026-01-04 14:56:48]   [emp_id: 4526] ✓ Refreshed: 35.86 (unchanged value, timestamp updated)
[2026-01-04 14:56:48]   [emp_id: 4528] ✓ Refreshed: 107.61 (unchanged value, timestamp updated)
[2026-01-04 14:56:48]   [emp_id: 4528] ✓ Refreshed: 107.61 (unchanged value, timestamp updated)
[2026-01-04 14:56:48]   [emp_id: 4532] ✓ Refreshed: 7.87 (unchanged value, timestamp updated)
[2026-01-04 14:56:48]   [emp_id: 4533] ✓ Refreshed: 36.02 (unchanged value, timestamp updated)
[2026-01-04 14:56:48]   [emp_id: 4564] ✓ Refreshed: 25.5 (unchanged value, timestamp updated)
[2026-01-04 14:56:48]   [emp_id: 4565] ✓ Refreshed: 15.25 (unchanged value, timestamp updated)
[2026-01-04 14:56:48]   [emp_id: 4567] ✓ Refreshed: 19.5 (unchanged value, timestamp updated)
[2026-01-04 14:56:48]   [emp_id: 4572] ✓ Refreshed: 59 (unchanged value, timestamp updated)
[2026-01-04 14:56:48]   [emp_id: 4631] ✓ Refreshed: 15.25 (unchanged value, timestamp updated)
[2026-01-04 14:56:48]   [emp_id: 4655] ✓ Refreshed: 24.94 (unchanged value, timestamp updated)
[2026-01-04 14:56:48]   [emp_id: 4689] ✓ Refreshed: 2.71 (unchanged value, timestamp updated)
[2026-01-04 14:56:48]   [emp_id: 4709] ✓ Refreshed: 40.19 (unchanged value, timestamp updated)
[2026-01-04 14:56:48]   [emp_id: 4717] ✓ Refreshed: 66.19 (unchanged value, timestamp updated)
[2026-01-04 14:56:48]   [emp_id: 4736] ✓ Refreshed: 28.02 (unchanged value, timestamp updated)
[2026-01-04 14:56:48]   [emp_id: 4756] ✓ Refreshed: 11.69 (unchanged value, timestamp updated)
[2026-01-04 14:56:48]   [emp_id: 4768] ✓ Refreshed: 12.69 (unchanged value, timestamp updated)
[2026-01-04 14:56:48]   [emp_id: 4780] ✓ Refreshed: 65.42 (unchanged value, timestamp updated)
[2026-01-04 14:56:48]   [emp_id: 4820] ✓ Refreshed: 99.02 (unchanged value, timestamp updated)
[2026-01-04 14:56:48]   [emp_id: 4825] ✓ Refreshed: 30.77 (unchanged value, timestamp updated)
[2026-01-04 14:56:48]   [emp_id: 4835] ✓ Refreshed: 48.17 (unchanged value, timestamp updated)
[2026-01-04 14:56:48]   [emp_id: 4837] ✓ Refreshed: 45.41 (unchanged value, timestamp updated)
[2026-01-04 14:56:48]   [emp_id: 4838] ✓ Refreshed: 44.43 (unchanged value, timestamp updated)
[2026-01-04 14:56:48]   [emp_id: 4840] ✓ Refreshed: 45.41 (unchanged value, timestamp updated)
[2026-01-04 14:56:48]   [emp_id: 4842] ✓ Refreshed: 44.65 (unchanged value, timestamp updated)
[2026-01-04 14:56:48]   [emp_id: 4843] ✓ Refreshed: 45.18 (unchanged value, timestamp updated)
[2026-01-04 14:56:48]   [emp_id: 4853] ✓ Refreshed: 89 (unchanged value, timestamp updated)
[2026-01-04 14:56:48]   [emp_id: 4856] ✓ Refreshed: 42.32 (unchanged value, timestamp updated)
[2026-01-04 14:56:48]   [emp_id: 4857] ✓ Refreshed: 25.14 (unchanged value, timestamp updated)
[2026-01-04 14:56:48]   [emp_id: 4858] ✓ Refreshed: 22.02 (unchanged value, timestamp updated)
[2026-01-04 14:56:48]   [emp_id: 4859] ✓ Refreshed: 43.49 (unchanged value, timestamp updated)
[2026-01-04 14:56:48]   [emp_id: 4860] ✓ Refreshed: 7.99 (unchanged value, timestamp updated)
[2026-01-04 14:56:48]   [emp_id: 4861] ✓ Refreshed: 41.45 (unchanged value, timestamp updated)
[2026-01-04 14:56:48]   [emp_id: 4869] ✓ Refreshed: 84.33 (unchanged value, timestamp updated)
[2026-01-04 14:56:48]   [emp_id: 4894] ✓ Refreshed: 7.69 (unchanged value, timestamp updated)
[2026-01-04 14:56:49]   [emp_id: 4897] ✓ Refreshed: 23.23 (unchanged value, timestamp updated)
[2026-01-04 14:56:49]   [emp_id: 4899] ✓ Refreshed: 19.4 (unchanged value, timestamp updated)
[2026-01-04 14:56:49]   [emp_id: 4902] ✓ Refreshed: 18.82 (unchanged value, timestamp updated)
[2026-01-04 14:56:49]   [emp_id: 4903] ✓ Refreshed: 21.04 (unchanged value, timestamp updated)
[2026-01-04 14:56:49]   [emp_id: 4905] ✓ Refreshed: 19.7 (unchanged value, timestamp updated)
[2026-01-04 14:56:49]   [emp_id: 4907] ✓ Refreshed: 47.77 (unchanged value, timestamp updated)
[2026-01-04 14:56:49]   [emp_id: 4917] ✓ Refreshed: 16.66 (unchanged value, timestamp updated)
[2026-01-04 14:56:49]   [emp_id: 4918] ✓ Refreshed: 6.43 (unchanged value, timestamp updated)
[2026-01-04 14:56:49]   [emp_id: 4919] ✓ Refreshed: 58.72 (unchanged value, timestamp updated)
[2026-01-04 14:56:49]   [emp_id: 4920] ✓ Refreshed: 5.8 (unchanged value, timestamp updated)
[2026-01-04 14:56:49]   [emp_id: 4921] ✓ Refreshed: 17.89 (unchanged value, timestamp updated)
[2026-01-04 14:56:49]   [emp_id: 4927] ✓ Refreshed: 16.72 (unchanged value, timestamp updated)
[2026-01-04 14:56:49]   [emp_id: 4929] ✓ Refreshed: 18.24 (unchanged value, timestamp updated)
[2026-01-04 14:56:49]   [emp_id: 4930] ✓ Refreshed: 59.01 (unchanged value, timestamp updated)
[2026-01-04 14:56:49]   [emp_id: 4932] ✓ Refreshed: 17.01 (unchanged value, timestamp updated)
[2026-01-04 14:56:49]   [emp_id: 4933] ✓ Refreshed: 20.42 (unchanged value, timestamp updated)
[2026-01-04 14:56:49]   [emp_id: 4949] ✓ Refreshed: 23.85 (unchanged value, timestamp updated)
[2026-01-04 14:56:49]   [emp_id: 4956] ✓ Refreshed: 29.44 (unchanged value, timestamp updated)
[2026-01-04 14:56:49]   [emp_id: 4957] ✓ Refreshed: 25.11 (unchanged value, timestamp updated)
[2026-01-04 14:56:49]   [emp_id: 4962] ✓ Refreshed: 47.13 (unchanged value, timestamp updated)
[2026-01-04 14:56:49]   [emp_id: 4969] ✓ Refreshed: 46.44 (unchanged value, timestamp updated)
[2026-01-04 14:56:49]   [emp_id: 4976] ✓ Refreshed: 10.13 (unchanged value, timestamp updated)
[2026-01-04 14:56:49]   [emp_id: 4984] ✓ Refreshed: 37.69 (unchanged value, timestamp updated)
[2026-01-04 14:56:49]   [emp_id: 4995] ✓ Refreshed: 49.76 (unchanged value, timestamp updated)
[2026-01-04 14:56:49]   [emp_id: 5004] ✓ Refreshed: 27.07 (unchanged value, timestamp updated)
[2026-01-04 14:56:49]   [emp_id: 5006] ✓ Refreshed: 26.81 (unchanged value, timestamp updated)
[2026-01-04 14:56:49]   [emp_id: 5011] ✓ Refreshed: 5.54 (unchanged value, timestamp updated)
[2026-01-04 14:56:49]   [emp_id: 5013] ✓ Refreshed: 67.18 (unchanged value, timestamp updated)
[2026-01-04 14:56:49]   [emp_id: 5018] ✓ Refreshed: 3.67 (unchanged value, timestamp updated)
[2026-01-04 14:56:49]   [emp_id: 5021] ✓ Refreshed: 60.79 (unchanged value, timestamp updated)
[2026-01-04 14:56:49]   [emp_id: 5024] ✓ Refreshed: 1.69 (unchanged value, timestamp updated)
[2026-01-04 14:56:49]   [emp_id: 5030] ✓ Refreshed: 31.64 (unchanged value, timestamp updated)
[2026-01-04 14:56:49]   [emp_id: 5033] ✓ Refreshed: 10.44 (unchanged value, timestamp updated)
[2026-01-04 14:56:49]   [emp_id: 5043] ✓ Refreshed: 30.36 (unchanged value, timestamp updated)
[2026-01-04 14:56:49]   [emp_id: 5045] ✓ Refreshed: 26.86 (unchanged value, timestamp updated)
[2026-01-04 14:56:49]   [emp_id: 5046] ✓ Refreshed: 22.05 (unchanged value, timestamp updated)
[2026-01-04 14:56:49]   [emp_id: 5049] ✓ Refreshed: 39.12 (unchanged value, timestamp updated)
[2026-01-04 14:56:49]   [emp_id: 5052] ✓ Refreshed: 30.4 (unchanged value, timestamp updated)
[2026-01-04 14:56:49]   [emp_id: 5055] ✓ Refreshed: 18.84 (unchanged value, timestamp updated)
[2026-01-04 14:56:49]   [emp_id: 5058] ✓ Refreshed: 27.82 (unchanged value, timestamp updated)
[2026-01-04 14:56:49]   [emp_id: 5062] ✓ Refreshed: 39.65 (unchanged value, timestamp updated)
[2026-01-04 14:56:49]   [emp_id: 5064] ✓ Refreshed: 117.69 (unchanged value, timestamp updated)
[2026-01-04 14:56:49]   [emp_id: 5065] ✓ Refreshed: 39.06 (unchanged value, timestamp updated)
[2026-01-04 14:56:49]   [emp_id: 5071] ✓ Refreshed: 23.19 (unchanged value, timestamp updated)
[2026-01-04 14:56:49]   [emp_id: 5073] ✓ Refreshed: 13.66 (unchanged value, timestamp updated)
[2026-01-04 14:56:49]   [emp_id: 5079] ✓ Refreshed: 34.22 (unchanged value, timestamp updated)
[2026-01-04 14:56:49]   [emp_id: 5080] ✓ Refreshed: 28.55 (unchanged value, timestamp updated)
[2026-01-04 14:56:49]   [emp_id: 5081] ✓ Refreshed: 15.81 (unchanged value, timestamp updated)
[2026-01-04 14:56:49]   [emp_id: 5087] ✓ Refreshed: 35.85 (unchanged value, timestamp updated)
[2026-01-04 14:56:49]   [emp_id: 5091] ✓ Refreshed: 75.7 (unchanged value, timestamp updated)
[2026-01-04 14:56:49]   [emp_id: 5093] ✓ Refreshed: 14.36 (unchanged value, timestamp updated)
[2026-01-04 14:56:49]   [emp_id: 5095] ✓ Refreshed: 1.24 (unchanged value, timestamp updated)
[2026-01-04 14:56:49]   [emp_id: 5101] ✓ Refreshed: 16.44 (unchanged value, timestamp updated)
[2026-01-04 14:56:49]   [emp_id: 5107] ✓ Refreshed: 14.77 (unchanged value, timestamp updated)
[2026-01-04 14:56:49]   [emp_id: 5109] ✓ Refreshed: 12.02 (unchanged value, timestamp updated)
[2026-01-04 14:56:49]   [emp_id: 5119] ✓ Refreshed: 10.19 (unchanged value, timestamp updated)
[2026-01-04 14:56:49]   [emp_id: 5122] ✓ Refreshed: 7.36 (unchanged value, timestamp updated)
[2026-01-04 14:56:49]   [emp_id: 5126] ✓ Refreshed: 26.58 (unchanged value, timestamp updated)
[2026-01-04 14:56:49]   [emp_id: 5127] ✓ Refreshed: 23.37 (unchanged value, timestamp updated)
[2026-01-04 14:56:49]   [emp_id: 5128] ✓ Refreshed: 26.52 (unchanged value, timestamp updated)
[2026-01-04 14:56:49]   [emp_id: 5138] ✓ Refreshed: 50.02 (unchanged value, timestamp updated)
[2026-01-04 14:56:49]   [emp_id: 5138] ✓ Refreshed: 50.02 (unchanged value, timestamp updated)
[2026-01-04 14:56:49]   [emp_id: 5141] ✓ Refreshed: 34.89 (unchanged value, timestamp updated)
[2026-01-04 14:56:49]   [emp_id: 5142] ✓ Refreshed: 13.89 (unchanged value, timestamp updated)
[2026-01-04 14:56:49]   [emp_id: 5146] ✓ Refreshed: 20.89 (unchanged value, timestamp updated)
[2026-01-04 14:56:49]   [emp_id: 5147] ✓ Refreshed: 19.89 (unchanged value, timestamp updated)
[2026-01-04 14:56:49]   [emp_id: 5148] ✓ Refreshed: 25.24 (unchanged value, timestamp updated)
[2026-01-04 14:56:49]   [emp_id: 5149] ✓ Refreshed: 24.13 (unchanged value, timestamp updated)
[2026-01-04 14:56:49]   [emp_id: 5150] ✓ Refreshed: 23.49 (unchanged value, timestamp updated)
[2026-01-04 14:56:49]   [emp_id: 5151] ✓ Refreshed: 23.31 (unchanged value, timestamp updated)
[2026-01-04 14:56:49]   [emp_id: 5152] ✓ Refreshed: 3.73 (unchanged value, timestamp updated)
[2026-01-04 14:56:49]   [emp_id: 5157] ✓ Refreshed: 23.31 (unchanged value, timestamp updated)
[2026-01-04 14:56:49]   [emp_id: 5160] ✓ Refreshed: 23.31 (unchanged value, timestamp updated)
[2026-01-04 14:56:49]   [emp_id: 5163] ✓ Refreshed: 21.1 (unchanged value, timestamp updated)
[2026-01-04 14:56:49]   [emp_id: 5165] ✓ Refreshed: 1.46 (unchanged value, timestamp updated)
[2026-01-04 14:56:49]   [emp_id: 5167] ✓ Refreshed: 30.25 (unchanged value, timestamp updated)
[2026-01-04 14:56:49]   [emp_id: 5168] ✓ Refreshed: 22.79 (unchanged value, timestamp updated)
[2026-01-04 14:56:49]   [emp_id: 5173] ✓ Refreshed: 25.11 (unchanged value, timestamp updated)
[2026-01-04 14:56:49]   [emp_id: 5174] ✓ Refreshed: 23.25 (unchanged value, timestamp updated)
[2026-01-04 14:56:49]   [emp_id: 5181] ✓ Refreshed: 19.64 (unchanged value, timestamp updated)
[2026-01-04 14:56:49]   [emp_id: 5186] ✓ Refreshed: 25.17 (unchanged value, timestamp updated)
[2026-01-04 14:56:49]   [emp_id: 5187] ✓ Refreshed: 36.17 (unchanged value, timestamp updated)
[2026-01-04 14:56:49]   [emp_id: 5204] ✓ Refreshed: 22.61 (unchanged value, timestamp updated)
[2026-01-04 14:56:49]   [emp_id: 5205] ✓ Refreshed: 12.38 (unchanged value, timestamp updated)
[2026-01-04 14:56:49]   [emp_id: 5209] ✓ Refreshed: 15.38 (unchanged value, timestamp updated)
[2026-01-04 14:56:49]   [emp_id: 5213] ✓ Refreshed: 1.79 (unchanged value, timestamp updated)
[2026-01-04 14:56:49]   [emp_id: 5214] ✓ Refreshed: 1.63 (unchanged value, timestamp updated)
[2026-01-04 14:56:49]   [emp_id: 5215] ✓ Refreshed: 10.38 (unchanged value, timestamp updated)
[2026-01-04 14:56:49]   [emp_id: 5217] ✓ Refreshed: 9.38 (unchanged value, timestamp updated)
[2026-01-04 14:56:49]   [emp_id: 5219] ✓ Refreshed: 13.38 (unchanged value, timestamp updated)
[2026-01-04 14:56:49]   [emp_id: 5221] ✓ Refreshed: 0 (unchanged value, timestamp updated)
[2026-01-04 14:56:49]   [emp_id: 5224] ✓ Refreshed: 14.38 (unchanged value, timestamp updated)
[2026-01-04 14:56:49]   [emp_id: 5225] ✓ Refreshed: 6.69 (unchanged value, timestamp updated)
[2026-01-04 14:56:49]   [emp_id: 5228] ✓ Refreshed: 9.38 (unchanged value, timestamp updated)
[2026-01-04 14:56:49]   [emp_id: 5229] ✓ Refreshed: 5.38 (unchanged value, timestamp updated)
[2026-01-04 14:56:49]   [emp_id: 5230] ✓ Refreshed: 14.05 (unchanged value, timestamp updated)
[2026-01-04 14:56:49]   [emp_id: 5231] ✓ Refreshed: 6.38 (unchanged value, timestamp updated)
[2026-01-04 14:56:49]   [emp_id: 5232] ✓ Refreshed: 0.38 (unchanged value, timestamp updated)
[2026-01-04 14:56:49]   [emp_id: 5233] ✓ Refreshed: 4.38 (unchanged value, timestamp updated)
[2026-01-04 14:56:49]   [emp_id: 5234] ✓ Refreshed: 4.38 (unchanged value, timestamp updated)
[2026-01-04 14:56:49]   [emp_id: 5235] ✓ Refreshed: 0 (unchanged value, timestamp updated)
[2026-01-04 14:56:49]   [emp_id: 5237] ✓ Refreshed: 10.63 (unchanged value, timestamp updated)
[2026-01-04 14:56:49]   [emp_id: 5239] ✓ Refreshed: 7.38 (unchanged value, timestamp updated)
[2026-01-04 14:56:49]   [emp_id: 5241] ✓ Refreshed: 5.38 (unchanged value, timestamp updated)
[2026-01-04 14:56:49]   [emp_id: 5242] ✓ Refreshed: 15.38 (unchanged value, timestamp updated)
[2026-01-04 14:56:49]   [emp_id: 5243] ✓ Refreshed: 1.79 (unchanged value, timestamp updated)
[2026-01-04 14:56:49]   [emp_id: 5244] ✓ Refreshed: 3.69 (unchanged value, timestamp updated)
[2026-01-04 14:56:49]   [emp_id: 5246] ✓ Refreshed: 11.38 (unchanged value, timestamp updated)
[2026-01-04 14:56:49]   [emp_id: 5253] ✓ Refreshed: 24.25 (unchanged value, timestamp updated)
[2026-01-04 14:56:49]   [emp_id: 5254] ✓ Refreshed: 12.23 (unchanged value, timestamp updated)
[2026-01-04 14:56:49]   [emp_id: 5257] ✓ Refreshed: 11.94 (unchanged value, timestamp updated)
[2026-01-04 14:56:49]   [emp_id: 5259] ✓ Refreshed: 48.47 (unchanged value, timestamp updated)
[2026-01-04 14:56:49]   [emp_id: 5261] ✓ Refreshed: 16.21 (unchanged value, timestamp updated)
[2026-01-04 14:56:49]   [emp_id: 5264] ✓ Refreshed: 13.95 (unchanged value, timestamp updated)
[2026-01-04 14:56:49]   [emp_id: 5266] ✓ Refreshed: 20.57 (unchanged value, timestamp updated)
[2026-01-04 14:56:49]   [emp_id: 5268] ✓ Refreshed: 9.14 (unchanged value, timestamp updated)
[2026-01-04 14:56:49]   [emp_id: 5271] ✓ Refreshed: 7.8 (unchanged value, timestamp updated)
[2026-01-04 14:56:49]   [emp_id: 5272] ✓ Refreshed: 8.67 (unchanged value, timestamp updated)
[2026-01-04 14:56:49]   [emp_id: 5273] ✓ Refreshed: 23.74 (unchanged value, timestamp updated)
[2026-01-04 14:56:49]   [emp_id: 5275] ✓ Refreshed: 9.49 (unchanged value, timestamp updated)
[2026-01-04 14:56:49]   [emp_id: 5276] ✓ Refreshed: 23.76 (unchanged value, timestamp updated)
[2026-01-04 14:56:49]   [emp_id: 5278] ✓ Refreshed: 8.15 (unchanged value, timestamp updated)
[2026-01-04 14:56:49]   [emp_id: 5280] ✓ Refreshed: 18.55 (unchanged value, timestamp updated)
[2026-01-04 14:56:49]   [emp_id: 5282] ✓ Refreshed: 11.69 (unchanged value, timestamp updated)
[2026-01-04 14:56:49]   [emp_id: 5285] ✓ Refreshed: 28.55 (unchanged value, timestamp updated)
[2026-01-04 14:56:49]   [emp_id: 5286] ✓ Refreshed: 15.55 (unchanged value, timestamp updated)
[2026-01-04 14:56:49]   [emp_id: 5287] ✓ Refreshed: 49.85 (unchanged value, timestamp updated)
[2026-01-04 14:56:49]   [emp_id: 5288] ✓ Refreshed: 7.12 (unchanged value, timestamp updated)
[2026-01-04 14:56:49]   [emp_id: 5289] ✓ Refreshed: 48.4 (unchanged value, timestamp updated)
[2026-01-04 14:56:49]   [emp_id: 5290] ✓ Refreshed: 47.17 (unchanged value, timestamp updated)
[2026-01-04 14:56:49]   [emp_id: 5291] ✓ Refreshed: 5.17 (unchanged value, timestamp updated)
[2026-01-04 14:56:49]   [emp_id: 5292] ✓ Refreshed: 5.11 (unchanged value, timestamp updated)
[2026-01-04 14:56:49]   [emp_id: 5293] ✓ Refreshed: 37.86 (unchanged value, timestamp updated)
[2026-01-04 14:56:49]   [emp_id: 5294] ✓ Refreshed: 7.61 (unchanged value, timestamp updated)
[2026-01-04 14:56:49]   [emp_id: 5295] ✓ Refreshed: 21.35 (unchanged value, timestamp updated)
[2026-01-04 14:56:49]   [emp_id: 5296] ✓ Refreshed: 34.63 (unchanged value, timestamp updated)
[2026-01-04 14:56:49]   [emp_id: 5297] ✓ Refreshed: 45.77 (unchanged value, timestamp updated)
[2026-01-04 14:56:49]   [emp_id: 5298] ✓ Refreshed: 45.77 (unchanged value, timestamp updated)
[2026-01-04 14:56:49]   [emp_id: 5299] ✓ Refreshed: 45.77 (unchanged value, timestamp updated)
[2026-01-04 14:56:49]   [emp_id: 5300] ✓ Refreshed: 45.77 (unchanged value, timestamp updated)
[2026-01-04 14:56:49]   [emp_id: 5301] ✓ Refreshed: 3.59 (unchanged value, timestamp updated)
[2026-01-04 14:56:49]   [emp_id: 5303] ✓ Refreshed: 4.02 (unchanged value, timestamp updated)
[2026-01-04 14:56:49]   [emp_id: 5304] ✓ Refreshed: 45.77 (unchanged value, timestamp updated)
[2026-01-04 14:56:49]   [emp_id: 5305] ✓ Refreshed: 3.77 (unchanged value, timestamp updated)
[2026-01-04 14:56:49]   [emp_id: 5306] ✓ Refreshed: 45.48 (unchanged value, timestamp updated)
[2026-01-04 14:56:49]   [emp_id: 5307] ✓ Refreshed: 45.48 (unchanged value, timestamp updated)
[2026-01-04 14:56:49]   [emp_id: 5312] ✓ Refreshed: 1.46 (unchanged value, timestamp updated)
[2026-01-04 14:56:49]   [emp_id: 5318] ✓ Refreshed: 26.19 (unchanged value, timestamp updated)
[2026-01-04 14:56:49]   [emp_id: 5325] ✓ Refreshed: 22.15 (unchanged value, timestamp updated)
[2026-01-04 14:56:50]   [emp_id: 5327] ✓ Refreshed: 1.24 (unchanged value, timestamp updated)
[2026-01-04 14:56:50]   [emp_id: 5337] ✓ Refreshed: 35.52 (unchanged value, timestamp updated)
[2026-01-04 14:56:50]   [emp_id: 5339] ✓ Refreshed: 10.34 (unchanged value, timestamp updated)
[2026-01-04 14:56:50]   [emp_id: 5343] ✓ Refreshed: 45.44 (unchanged value, timestamp updated)
[2026-01-04 14:56:50]   [emp_id: 5343] ✓ Refreshed: 45.44 (unchanged value, timestamp updated)
[2026-01-04 14:56:50]   [emp_id: 5345] ✓ Refreshed: 15.27 (unchanged value, timestamp updated)
[2026-01-04 14:56:50]   [emp_id: 5346] ✓ Refreshed: 2.06 (unchanged value, timestamp updated)
[2026-01-04 14:56:50]   [emp_id: 5351] ✓ Refreshed: 17 (unchanged value, timestamp updated)
[2026-01-04 14:56:50]   [emp_id: 5352] ✓ Refreshed: 25.69 (unchanged value, timestamp updated)
[2026-01-04 14:56:50]   [emp_id: 5370] ✓ Refreshed: 15.65 (unchanged value, timestamp updated)
[2026-01-04 14:56:50]   [emp_id: 5371] ✓ Refreshed: 1.6 (unchanged value, timestamp updated)
[2026-01-04 14:56:50]   [emp_id: 5376] ✓ Refreshed: 10.25 (unchanged value, timestamp updated)
[2026-01-04 14:56:50]   [emp_id: 5378] ✓ Refreshed: 17.52 (unchanged value, timestamp updated)
[2026-01-04 14:56:50]   [emp_id: 5380] ✓ Refreshed: 16.66 (unchanged value, timestamp updated)
[2026-01-04 14:56:50]   [emp_id: 5381] ✓ Refreshed: 11.96 (unchanged value, timestamp updated)
[2026-01-04 14:56:50]   [emp_id: 5383] ✓ Refreshed: 16.27 (unchanged value, timestamp updated)
[2026-01-04 14:56:50]   [emp_id: 5388] ✓ Refreshed: 27.44 (unchanged value, timestamp updated)
[2026-01-04 14:56:50]   [emp_id: 5396] ✓ Refreshed: 28.68 (unchanged value, timestamp updated)
[2026-01-04 14:56:50]   [emp_id: 5397] ✓ Refreshed: 20.14 (unchanged value, timestamp updated)
[2026-01-04 14:56:50]   [emp_id: 5401] ✓ Refreshed: 23.25 (unchanged value, timestamp updated)
[2026-01-04 14:56:50]   [emp_id: 5402] ✓ Refreshed: 23.37 (unchanged value, timestamp updated)
[2026-01-04 14:56:50]   [emp_id: 5406] ✓ Refreshed: 17.09 (unchanged value, timestamp updated)
[2026-01-04 14:56:50]   [emp_id: 5407] ✓ Refreshed: 16.04 (unchanged value, timestamp updated)
[2026-01-04 14:56:50]   [emp_id: 5409] ✓ Refreshed: 16.43 (unchanged value, timestamp updated)
[2026-01-04 14:56:50]   [emp_id: 5413] ✓ Refreshed: 28.44 (unchanged value, timestamp updated)
[2026-01-04 14:56:50]   [emp_id: 5414] ✓ Refreshed: 28.11 (unchanged value, timestamp updated)
[2026-01-04 14:56:50]   [emp_id: 5415] ✓ Refreshed: 4.04 (unchanged value, timestamp updated)
[2026-01-04 14:56:50]   [emp_id: 5418] ✓ Refreshed: 15.49 (unchanged value, timestamp updated)
[2026-01-04 14:56:50]   [emp_id: 5422] ✓ Refreshed: 20.77 (unchanged value, timestamp updated)
[2026-01-04 14:56:50]   [emp_id: 5423] ✓ Refreshed: 5.46 (unchanged value, timestamp updated)
[2026-01-04 14:56:50]   [emp_id: 5425] ✓ Refreshed: 14.04 (unchanged value, timestamp updated)
[2026-01-04 14:56:50]   [emp_id: 5426] ✓ Refreshed: 3.01 (unchanged value, timestamp updated)
[2026-01-04 14:56:50]   [emp_id: 5426] ✓ Refreshed: 3.01 (unchanged value, timestamp updated)
[2026-01-04 14:56:50]   [emp_id: 5427] ✓ Refreshed: 14.15 (unchanged value, timestamp updated)
[2026-01-04 14:56:50]   [emp_id: 5428] ✓ Refreshed: 14.04 (unchanged value, timestamp updated)
[2026-01-04 14:56:50]   [emp_id: 5430] ✓ Refreshed: 17.83 (unchanged value, timestamp updated)
[2026-01-04 14:56:50]   [emp_id: 5431] ✓ Refreshed: 13.16 (unchanged value, timestamp updated)
[2026-01-04 14:56:50]   [emp_id: 5433] ✓ Refreshed: 13.18 (unchanged value, timestamp updated)
[2026-01-04 14:56:50]   [emp_id: 5434] ✓ Refreshed: 12.93 (unchanged value, timestamp updated)
[2026-01-04 14:56:50]   [emp_id: 5435] ✓ Refreshed: 12.87 (unchanged value, timestamp updated)
[2026-01-04 14:56:50]   [emp_id: 5436] ✓ Refreshed: 12.87 (unchanged value, timestamp updated)
[2026-01-04 14:56:50]   [emp_id: 5438] ✓ Refreshed: 15.69 (unchanged value, timestamp updated)
[2026-01-04 14:56:50]   [emp_id: 5439] ✓ Refreshed: 25.19 (unchanged value, timestamp updated)
[2026-01-04 14:56:50]   [emp_id: 5442] ✓ Refreshed: 14.19 (unchanged value, timestamp updated)
[2026-01-04 14:56:50]   [emp_id: 5445] ✓ Refreshed: 7.33 (unchanged value, timestamp updated)
[2026-01-04 14:56:50]   [emp_id: 5446] ✓ Refreshed: 7.33 (unchanged value, timestamp updated)
[2026-01-04 14:56:50]   [emp_id: 5447] ✓ Refreshed: 7.27 (unchanged value, timestamp updated)
[2026-01-04 14:56:50]   [emp_id: 5448] ✓ Refreshed: 7.21 (unchanged value, timestamp updated)
[2026-01-04 14:56:50]   [emp_id: 5449] ✓ Refreshed: 5.35 (unchanged value, timestamp updated)
[2026-01-04 14:56:50]   [emp_id: 5450] ✓ Refreshed: 5.29 (unchanged value, timestamp updated)
[2026-01-04 14:56:50]   [emp_id: 5451] ✓ Refreshed: 5.29 (unchanged value, timestamp updated)
[2026-01-04 14:56:50]   [emp_id: 5453] ✓ Refreshed: 5.13 (unchanged value, timestamp updated)
[2026-01-04 14:56:50]   [emp_id: 5454] ✓ Refreshed: 7.27 (unchanged value, timestamp updated)
[2026-01-04 14:56:50]   [emp_id: 5455] ✓ Refreshed: 2.52 (unchanged value, timestamp updated)
[2026-01-04 14:56:50]   [emp_id: 5456] ✓ Refreshed: 6.52 (unchanged value, timestamp updated)
[2026-01-04 14:56:50]   [emp_id: 5457] ✓ Refreshed: 4.38 (unchanged value, timestamp updated)
[2026-01-04 14:56:50]   [emp_id: 5460] ✓ Refreshed: 5.17 (unchanged value, timestamp updated)
[2026-01-04 14:56:50]   [emp_id: 5463] ✓ Refreshed: 4.5 (unchanged value, timestamp updated)
[2026-01-04 14:56:50]   [emp_id: 5464] ✓ Refreshed: 4.5 (unchanged value, timestamp updated)
[2026-01-04 14:56:50]   [emp_id: 5466] ✓ Refreshed: 2.25 (unchanged value, timestamp updated)
[2026-01-04 14:56:50]   [emp_id: 5467] ✓ Refreshed: 1.17 (unchanged value, timestamp updated)
[2026-01-04 14:56:50] Report saved to: /home/almutlak/public_html/hr/cron_logs/last_vacation_update_report.json
[2026-01-04 14:56:53] ========== CRON: Vacation Balance Update Started ==========
[2026-01-04 15:37:46] ========== CRON: Vacation Balance Update Started ==========
