[2025-12-07 00:30:02] ========== CRON: Vacation Balance Update Started ==========
[2025-12-07 00:30:02] Database connection established
[2025-12-07 00:30:02] Found 445 active employees with balance records to update
[2025-12-07 00:30:02] (Only employees with status=1 will be processed)
[2025-12-07 00:30:02]   [emp_id: 1061] ✓ Updated: 31.12 → 31.2 (CHANGED)
[2025-12-07 00:30:02]   [emp_id: 1496] ✓ Updated: 14.29 → 14.37 (CHANGED)
[2025-12-07 00:30:02]   [emp_id: 1500] ✓ Updated: 23.54 → 23.62 (CHANGED)
[2025-12-07 00:30:02]   [emp_id: 1574] ✓ Updated: 31.2 → 31.28 (CHANGED)
[2025-12-07 00:30:02]   [emp_id: 1673] ✓ Updated: 42.7 → 42.78 (CHANGED)
[2025-12-07 00:30:02]   [emp_id: 1685] ✓ Updated: 12.62 → 12.7 (CHANGED)
[2025-12-07 00:30:02]   [emp_id: 1764] ✓ Updated: 67.29 → 67.37 (CHANGED)
[2025-12-07 00:30:02]   [emp_id: 1805] ✓ Updated: 61.62 → 61.7 (CHANGED)
[2025-12-07 00:30:02]   [emp_id: 1822] ✓ Updated: 66.37 → 66.45 (CHANGED)
[2025-12-07 00:30:02]   [emp_id: 1837] ✓ Updated: 22.54 → 22.62 (CHANGED)
[2025-12-07 00:30:02]   [emp_id: 1857] ✓ Updated: 17.87 → 17.95 (CHANGED)
[2025-12-07 00:30:02]   [emp_id: 1861] ✓ Updated: 68.7 → 68.78 (CHANGED)
[2025-12-07 00:30:02]   [emp_id: 1872] ✓ Updated: 7.54 → 7.62 (CHANGED)
[2025-12-07 00:30:02]   [emp_id: 1897] ✓ Updated: 29.87 → 29.95 (CHANGED)
[2025-12-07 00:30:02]   [emp_id: 1916] ✓ Updated: 72.2 → 72.28 (CHANGED)
[2025-12-07 00:30:02]   [emp_id: 1928] ✓ Updated: 62.12 → 62.2 (CHANGED)
[2025-12-07 00:30:02]   [emp_id: 1931] ✓ Updated: 82.04 → 82.12 (CHANGED)
[2025-12-07 00:30:02]   [emp_id: 1944] ✓ Updated: 40.2 → 40.28 (CHANGED)
[2025-12-07 00:30:02]   [emp_id: 1996] ✓ Updated: 68.7 → 68.78 (CHANGED)
[2025-12-07 00:30:02]   [emp_id: 1997] ✓ Updated: 33.87 → 33.95 (CHANGED)
[2025-12-07 00:30:02]   [emp_id: 1998] ✓ Updated: 85.2 → 85.28 (CHANGED)
[2025-12-07 00:30:02]   [emp_id: 1999] ✓ Updated: 86.2 → 86.28 (CHANGED)
[2025-12-07 00:30:02]   [emp_id: 2009] ✓ Updated: 32.62 → 32.7 (CHANGED)
[2025-12-07 00:30:02]   [emp_id: 2048] ✓ Updated: 22.45 → 22.53 (CHANGED)
[2025-12-07 00:30:02]   [emp_id: 2057] ✓ Updated: 63.29 → 63.37 (CHANGED)
[2025-12-07 00:30:02]   [emp_id: 2079] ✓ Updated: 45.62 → 45.7 (CHANGED)
[2025-12-07 00:30:02]   [emp_id: 2181] ✓ Updated: 34.62 → 34.7 (CHANGED)
[2025-12-07 00:30:02]   [emp_id: 2190] ✓ Updated: 3.95 → 4.03 (CHANGED)
[2025-12-07 00:30:02]   [emp_id: 2212] ✓ Updated: 21.95 → 22.03 (CHANGED)
[2025-12-07 00:30:02]   [emp_id: 2226] ✓ Updated: 66.7 → 66.78 (CHANGED)
[2025-12-07 00:30:02]   [emp_id: 2238] ✓ Updated: 64.95 → 65.03 (CHANGED)
[2025-12-07 00:30:02]   [emp_id: 2285] ✓ Updated: 33.62 → 33.7 (CHANGED)
[2025-12-07 00:30:02]   [emp_id: 2287] ✓ Updated: 45.29 → 45.37 (CHANGED)
[2025-12-07 00:30:02]   [emp_id: 2288] ✓ Updated: 60.2 → 60.28 (CHANGED)
[2025-12-07 00:30:02]   [emp_id: 2290] ✓ Updated: 77.12 → 77.2 (CHANGED)
[2025-12-07 00:30:02]   [emp_id: 2316] ✓ Updated: 14.12 → 14.2 (CHANGED)
[2025-12-07 00:30:02]   [emp_id: 2337] ✓ Updated: 35.2 → 35.28 (CHANGED)
[2025-12-07 00:30:02]   [emp_id: 2352] ✓ Updated: 66.7 → 66.78 (CHANGED)
[2025-12-07 00:30:02]   [emp_id: 2358] ✓ Updated: 3.2 → 3.28 (CHANGED)
[2025-12-07 00:30:02]   [emp_id: 2361] ✓ Updated: 68.87 → 68.95 (CHANGED)
[2025-12-07 00:30:02]   [emp_id: 2363] ✓ Updated: 71.45 → 71.53 (CHANGED)
[2025-12-07 00:30:02]   [emp_id: 2364] ✓ Updated: 70.87 → 70.95 (CHANGED)
[2025-12-07 00:30:02]   [emp_id: 2367] ✓ Updated: 98.54 → 98.62 (CHANGED)
[2025-12-07 00:30:02]   [emp_id: 2368] ✓ Updated: 28.95 → 29.03 (CHANGED)
[2025-12-07 00:30:02]   [emp_id: 2372] ✓ Updated: 66.2 → 66.28 (CHANGED)
[2025-12-07 00:30:02]   [emp_id: 2376] ✓ Updated: 116.2 → 116.28 (CHANGED)
[2025-12-07 00:30:02]   [emp_id: 2423] ✓ Updated: 16.95 → 17.03 (CHANGED)
[2025-12-07 00:30:02]   [emp_id: 2519] ✓ Updated: 170.62 → 170.7 (CHANGED)
[2025-12-07 00:30:02]   [emp_id: 2522] ✓ Updated: 54.2 → 54.28 (CHANGED)
[2025-12-07 00:30:02]   [emp_id: 2530] ✓ Updated: 49.45 → 49.53 (CHANGED)
[2025-12-07 00:30:02]   [emp_id: 2539] ✓ Updated: 46.2 → 46.28 (CHANGED)
[2025-12-07 00:30:02]   [emp_id: 2541] ✓ Updated: 26.79 → 26.87 (CHANGED)
[2025-12-07 00:30:02]   [emp_id: 2550] ✓ Updated: 92.95 → 93.03 (CHANGED)
[2025-12-07 00:30:02]   [emp_id: 2553] ✓ Updated: 59.95 → 60.03 (CHANGED)
[2025-12-07 00:30:02]   [emp_id: 2554] ✓ Updated: 36.54 → 36.62 (CHANGED)
[2025-12-07 00:30:02]   [emp_id: 2565] ✓ Updated: 91.12 → 91.2 (CHANGED)
[2025-12-07 00:30:02]   [emp_id: 2572] ✓ Updated: 41.12 → 41.2 (CHANGED)
[2025-12-07 00:30:02]   [emp_id: 2637] ✓ Updated: 61.7 → 61.78 (CHANGED)
[2025-12-07 00:30:02]   [emp_id: 2642] ✓ Updated: 74.45 → 74.53 (CHANGED)
[2025-12-07 00:30:02]   [emp_id: 2645] ✓ Updated: 90.45 → 90.53 (CHANGED)
[2025-12-07 00:30:02]   [emp_id: 2648] ✓ Updated: 42.12 → 42.2 (CHANGED)
[2025-12-07 00:30:02]   [emp_id: 2654] ✓ Updated: 84.79 → 84.87 (CHANGED)
[2025-12-07 00:30:02]   [emp_id: 2688] ✓ Updated: 22.87 → 22.95 (CHANGED)
[2025-12-07 00:30:02]   [emp_id: 2690] ✓ Updated: 11.62 → 11.7 (CHANGED)
[2025-12-07 00:30:02]   [emp_id: 2709] ✓ Updated: 33.87 → 33.95 (CHANGED)
[2025-12-07 00:30:02]   [emp_id: 2745] ✓ Updated: 30.45 → 30.53 (CHANGED)
[2025-12-07 00:30:02]   [emp_id: 2843] ✓ Updated: 77.04 → 77.12 (CHANGED)
[2025-12-07 00:30:02]   [emp_id: 2854] ✓ Updated: 56.95 → 57.03 (CHANGED)
[2025-12-07 00:30:02]   [emp_id: 2869] ✓ Updated: 61.87 → 61.95 (CHANGED)
[2025-12-07 00:30:02]   [emp_id: 2876] ✓ Updated: 31.7 → 31.78 (CHANGED)
[2025-12-07 00:30:02]   [emp_id: 2924] ✓ Updated: 12.87 → 12.95 (CHANGED)
[2025-12-07 00:30:02]   [emp_id: 2953] ✓ Updated: 98.62 → 98.7 (CHANGED)
[2025-12-07 00:30:02]   [emp_id: 2961] ✓ Updated: 8.62 → 8.7 (CHANGED)
[2025-12-07 00:30:02]   [emp_id: 2975] ✓ Updated: 10.62 → 10.7 (CHANGED)
[2025-12-07 00:30:02]   [emp_id: 3013] ✓ Updated: 7.62 → 7.7 (CHANGED)
[2025-12-07 00:30:02]   [emp_id: 3014] ✓ Updated: 86.87 → 86.95 (CHANGED)
[2025-12-07 00:30:02]   [emp_id: 3015] ✓ Updated: 38.12 → 38.2 (CHANGED)
[2025-12-07 00:30:02]   [emp_id: 3018] ✓ Updated: 56.87 → 56.95 (CHANGED)
[2025-12-07 00:30:02]   [emp_id: 3025] ✓ Updated: 80.54 → 80.62 (CHANGED)
[2025-12-07 00:30:02]   [emp_id: 3037] ✓ Updated: 80.37 → 80.45 (CHANGED)
[2025-12-07 00:30:02]   [emp_id: 3047] ✓ Updated: 68.62 → 68.7 (CHANGED)
[2025-12-07 00:30:02]   [emp_id: 3061] ✓ Updated: 15.54 → 15.62 (CHANGED)
[2025-12-07 00:30:02]   [emp_id: 3062] ✓ Updated: 48.7 → 48.78 (CHANGED)
[2025-12-07 00:30:02]   [emp_id: 3074] ✓ Updated: 105.12 → 105.2 (CHANGED)
[2025-12-07 00:30:02]   [emp_id: 3089] ✓ Updated: 4.04 → 4.12 (CHANGED)
[2025-12-07 00:30:02]   [emp_id: 3090] ✓ Updated: 30.62 → 30.7 (CHANGED)
[2025-12-07 00:30:02]   [emp_id: 3091] ✓ Updated: 42.62 → 42.7 (CHANGED)
[2025-12-07 00:30:02]   [emp_id: 3092] ✓ Updated: 25.29 → 25.37 (CHANGED)
[2025-12-07 00:30:02]   [emp_id: 3105] ✓ Updated: 45.62 → 45.7 (CHANGED)
[2025-12-07 00:30:02]   [emp_id: 3134] ✓ Updated: 41.37 → 41.45 (CHANGED)
[2025-12-07 00:30:02]   [emp_id: 3140] ✓ Updated: 38.45 → 38.53 (CHANGED)
[2025-12-07 00:30:02]   [emp_id: 3144] ✓ Updated: 11.29 → 11.37 (CHANGED)
[2025-12-07 00:30:02]   [emp_id: 3156] ✓ Updated: 14.62 → 14.7 (CHANGED)
[2025-12-07 00:30:02]   [emp_id: 3162] ✓ Updated: 29.62 → 29.7 (CHANGED)
[2025-12-07 00:30:02]   [emp_id: 3163] ✓ Updated: 2.87 → 2.95 (CHANGED)
[2025-12-07 00:30:02]   [emp_id: 3198] ✓ Updated: 37.87 → 37.95 (CHANGED)
[2025-12-07 00:30:02]   [emp_id: 3205] ✓ Updated: 14.54 → 14.62 (CHANGED)
[2025-12-07 00:30:02]   [emp_id: 3209] ✓ Updated: 38.7 → 38.78 (CHANGED)
[2025-12-07 00:30:02]   [emp_id: 3223] ✓ Updated: 87.62 → 87.7 (CHANGED)
[2025-12-07 00:30:02]   [emp_id: 3224] ✓ Updated: 62.37 → 62.45 (CHANGED)
[2025-12-07 00:30:02]   [emp_id: 3230] ✓ Updated: 85.79 → 85.87 (CHANGED)
[2025-12-07 00:30:02]   [emp_id: 3231] ✓ Updated: 87.04 → 87.12 (CHANGED)
[2025-12-07 00:30:02]   [emp_id: 3233] ✓ Updated: 78.62 → 78.7 (CHANGED)
[2025-12-07 00:30:02]   [emp_id: 3249] ✓ Updated: 34.45 → 34.53 (CHANGED)
[2025-12-07 00:30:02]   [emp_id: 3250] ✓ Updated: 7.45 → 7.53 (CHANGED)
[2025-12-07 00:30:02]   [emp_id: 3252] ✓ Updated: 8.37 → 8.45 (CHANGED)
[2025-12-07 00:30:02]   [emp_id: 3254] ✓ Updated: 18.87 → 18.95 (CHANGED)
[2025-12-07 00:30:02]   [emp_id: 3255] ✓ Updated: 15.29 → 15.37 (CHANGED)
[2025-12-07 00:30:02]   [emp_id: 3256] ✓ Updated: 11.54 → 11.62 (CHANGED)
[2025-12-07 00:30:02]   [emp_id: 3263] ✓ Updated: 27.62 → 27.7 (CHANGED)
[2025-12-07 00:30:02]   [emp_id: 3265] ✓ Updated: 23.2 → 23.28 (CHANGED)
[2025-12-07 00:30:02]   [emp_id: 3280] ✓ Updated: 70.12 → 70.2 (CHANGED)
[2025-12-07 00:30:02]   [emp_id: 3286] ✓ Updated: 13.29 → 13.37 (CHANGED)
[2025-12-07 00:30:02]   [emp_id: 3294] ✓ Updated: 12.95 → 13.03 (CHANGED)
[2025-12-07 00:30:02]   [emp_id: 3321] ✓ Updated: 70.12 → 70.2 (CHANGED)
[2025-12-07 00:30:02]   [emp_id: 3325] ✓ Updated: 57.87 → 57.95 (CHANGED)
[2025-12-07 00:30:03]   [emp_id: 3329] ✓ Updated: 60.2 → 60.28 (CHANGED)
[2025-12-07 00:30:03]   [emp_id: 3330] ✓ Updated: 60.2 → 60.28 (CHANGED)
[2025-12-07 00:30:03]   [emp_id: 3332] ✓ Updated: 60.2 → 60.28 (CHANGED)
[2025-12-07 00:30:03]   [emp_id: 3370] ✓ Updated: 51.87 → 51.95 (CHANGED)
[2025-12-07 00:30:03]   [emp_id: 3384] ✓ Updated: 12.37 → 12.45 (CHANGED)
[2025-12-07 00:30:03]   [emp_id: 3386] ✓ Updated: 42.37 → 42.45 (CHANGED)
[2025-12-07 00:30:03]   [emp_id: 3431] ✓ Updated: 17.79 → 17.87 (CHANGED)
[2025-12-07 00:30:03]   [emp_id: 3497] ✓ Updated: 6.95 → 7.03 (CHANGED)
[2025-12-07 00:30:03]   [emp_id: 3532] ✓ Updated: 43.79 → 43.87 (CHANGED)
[2025-12-07 00:30:03]   [emp_id: 3586] ✓ Updated: 7.87 → 7.95 (CHANGED)
[2025-12-07 00:30:03]   [emp_id: 3602] ✓ Updated: 50.87 → 50.95 (CHANGED)
[2025-12-07 00:30:03]   [emp_id: 3618] ✓ Updated: 55.37 → 55.45 (CHANGED)
[2025-12-07 00:30:03]   [emp_id: 3622] ✓ Updated: 33.1 → 33.15 (CHANGED)
[2025-12-07 00:30:03]   [emp_id: 3627] ✓ Updated: 7.29 → 7.37 (CHANGED)
[2025-12-07 00:30:03]   [emp_id: 3665] ✓ Updated: 48.87 → 48.95 (CHANGED)
[2025-12-07 00:30:03]   [emp_id: 3705] ✓ Updated: 26.43 → 26.48 (CHANGED)
[2025-12-07 00:30:03]   [emp_id: 3724] ✓ Updated: 41.87 → 41.95 (CHANGED)
[2025-12-07 00:30:03]   [emp_id: 3726] ✓ Updated: 58.29 → 58.37 (CHANGED)
[2025-12-07 00:30:03]   [emp_id: 3727] ✓ Updated: 63.37 → 63.45 (CHANGED)
[2025-12-07 00:30:03]   [emp_id: 3728] ✓ Updated: 7.7 → 7.78 (CHANGED)
[2025-12-07 00:30:03]   [emp_id: 3742] ✓ Updated: 30.87 → 30.95 (CHANGED)
[2025-12-07 00:30:03]   [emp_id: 3767] ✓ Updated: 58.45 → 58.53 (CHANGED)
[2025-12-07 00:30:03]   [emp_id: 3768] ✓ Updated: 54.7 → 54.78 (CHANGED)
[2025-12-07 00:30:03]   [emp_id: 3787] ✓ Updated: 55.29 → 55.37 (CHANGED)
[2025-12-07 00:30:03]   [emp_id: 3790] ✓ Updated: 59.45 → 59.53 (CHANGED)
[2025-12-07 00:30:03]   [emp_id: 3795] ✓ Updated: 12.79 → 12.87 (CHANGED)
[2025-12-07 00:30:03]   [emp_id: 3798] ✓ Updated: 91.2 → 91.28 (CHANGED)
[2025-12-07 00:30:03]   [emp_id: 3801] ✓ Updated: 29.37 → 29.45 (CHANGED)
[2025-12-07 00:30:03]   [emp_id: 3802] ✓ Updated: 28.45 → 28.53 (CHANGED)
[2025-12-07 00:30:03]   [emp_id: 3803] ✓ Updated: 112.87 → 112.95 (CHANGED)
[2025-12-07 00:30:03]   [emp_id: 3810] ✓ Updated: 58.87 → 58.95 (CHANGED)
[2025-12-07 00:30:03]   [emp_id: 3812] ✓ Updated: 87.87 → 87.95 (CHANGED)
[2025-12-07 00:30:03]   [emp_id: 3815] ✓ Updated: 87.87 → 87.95 (CHANGED)
[2025-12-07 00:30:03]   [emp_id: 3836] ✓ Updated: 55.54 → 55.62 (CHANGED)
[2025-12-07 00:30:03]   [emp_id: 3855] ✓ Updated: 48.7 → 48.78 (CHANGED)
[2025-12-07 00:30:03]   [emp_id: 3857] ✓ Updated: 52.37 → 52.45 (CHANGED)
[2025-12-07 00:30:03]   [emp_id: 3862] ✓ Updated: 100.45 → 100.53 (CHANGED)
[2025-12-07 00:30:03]   [emp_id: 3866] ✓ Updated: 25.7 → 25.78 (CHANGED)
[2025-12-07 00:30:03]   [emp_id: 3876] ✓ Updated: 45.87 → 45.95 (CHANGED)
[2025-12-07 00:30:03]   [emp_id: 3877] ✓ Updated: 47.37 → 47.45 (CHANGED)
[2025-12-07 00:30:03]   [emp_id: 3897] ✓ Updated: 35.62 → 35.7 (CHANGED)
[2025-12-07 00:30:03]   [emp_id: 3899] ✓ Updated: 50.79 → 50.87 (CHANGED)
[2025-12-07 00:30:03]   [emp_id: 3928] ✓ Updated: 11.7 → 11.78 (CHANGED)
[2025-12-07 00:30:03]   [emp_id: 3929] ✓ Updated: 6.7 → 6.78 (CHANGED)
[2025-12-07 00:30:03]   [emp_id: 3935] ✓ Updated: 91.7 → 91.78 (CHANGED)
[2025-12-07 00:30:03]   [emp_id: 3952] ✓ Updated: 74.04 → 74.12 (CHANGED)
[2025-12-07 00:30:03]   [emp_id: 3987] ✓ Updated: 11.95 → 12.03 (CHANGED)
[2025-12-07 00:30:03]   [emp_id: 4059] ✓ Updated: 1.15 → 1.23 (CHANGED)
[2025-12-07 00:30:03]   [emp_id: 4119] ✓ Updated: 54.62 → 54.7 (CHANGED)
[2025-12-07 00:30:03]   [emp_id: 4120] ✓ Updated: 24.2 → 24.28 (CHANGED)
[2025-12-07 00:30:03]   [emp_id: 4124] ✓ Updated: 54.62 → 54.7 (CHANGED)
[2025-12-07 00:30:03]   [emp_id: 4133] ✓ Updated: 103.2 → 103.28 (CHANGED)
[2025-12-07 00:30:03]   [emp_id: 4134] ✓ Updated: 24.2 → 24.28 (CHANGED)
[2025-12-07 00:30:03]   [emp_id: 4136] ✓ Updated: 24.2 → 24.28 (CHANGED)
[2025-12-07 00:30:03]   [emp_id: 4150] ✓ Updated: 22.87 → 22.95 (CHANGED)
[2025-12-07 00:30:03]   [emp_id: 4157] ✓ Updated: 16.37 → 16.45 (CHANGED)
[2025-12-07 00:30:03]   [emp_id: 4172] ✓ Updated: 11.01 → 11.06 (CHANGED)
[2025-12-07 00:30:03]   [emp_id: 4195] ✓ Updated: 59.95 → 60.03 (CHANGED)
[2025-12-07 00:30:03]   [emp_id: 4215] ✓ Updated: 42.62 → 42.7 (CHANGED)
[2025-12-07 00:30:03]   [emp_id: 4220] ✓ Updated: 38.2 → 38.28 (CHANGED)
[2025-12-07 00:30:03]   [emp_id: 4273] ✓ Updated: 6.87 → 6.95 (CHANGED)
[2025-12-07 00:30:03]   [emp_id: 4283] ✓ Updated: 12.1 → 12.15 (CHANGED)
[2025-12-07 00:30:03]   [emp_id: 4288] ✓ Updated: 41.7 → 41.78 (CHANGED)
[2025-12-07 00:30:03]   [emp_id: 4315] ✓ Updated: 13.12 → 13.2 (CHANGED)
[2025-12-07 00:30:03]   [emp_id: 4328] ✓ Updated: 40.93 → 40.98 (CHANGED)
[2025-12-07 00:30:03]   [emp_id: 4329] ✓ Updated: 3.29 → 3.37 (CHANGED)
[2025-12-07 00:30:03]   [emp_id: 4338] ✓ Updated: 44.87 → 44.95 (CHANGED)
[2025-12-07 00:30:03]   [emp_id: 4340] ✓ Updated: 123.87 → 123.95 (CHANGED)
[2025-12-07 00:30:03]   [emp_id: 4365] ✓ Updated: 58.29 → 58.37 (CHANGED)
[2025-12-07 00:30:03]   [emp_id: 4366] ✓ Updated: 57.37 → 57.45 (CHANGED)
[2025-12-07 00:30:03]   [emp_id: 4385] ✓ Updated: 48.04 → 48.12 (CHANGED)
[2025-12-07 00:30:03]   [emp_id: 4403] ✓ Updated: 83.2 → 83.28 (CHANGED)
[2025-12-07 00:30:03]   [emp_id: 4438] ✓ Updated: 18.87 → 18.95 (CHANGED)
[2025-12-07 00:30:03]   [emp_id: 4465] ✓ Updated: 11.26 → 11.31 (CHANGED)
[2025-12-07 00:30:03]   [emp_id: 4473] ✓ Updated: 42.45 → 42.53 (CHANGED)
[2025-12-07 00:30:03]   [emp_id: 4474] ✓ Updated: 58.01 → 58.06 (CHANGED)
[2025-12-07 00:30:03]   [emp_id: 4493] ✓ Updated: 161.29 → 161.37 (CHANGED)
[2025-12-07 00:30:03]   [emp_id: 4526] ✓ Updated: 33.54 → 33.62 (CHANGED)
[2025-12-07 00:30:03]   [emp_id: 4528] ✓ Updated: 105.29 → 105.37 (CHANGED)
[2025-12-07 00:30:03]   [emp_id: 4528] ✓ Updated: 105.29 → 105.37 (CHANGED)
[2025-12-07 00:30:03]   [emp_id: 4532] ✓ Updated: 68.76 → 68.81 (CHANGED)
[2025-12-07 00:30:03]   [emp_id: 4533] ✓ Updated: 33.7 → 33.78 (CHANGED)
[2025-12-07 00:30:03]   [emp_id: 4564] ✓ Updated: 24.01 → 24.06 (CHANGED)
[2025-12-07 00:30:03]   [emp_id: 4565] ✓ Updated: 13.76 → 13.81 (CHANGED)
[2025-12-07 00:30:03]   [emp_id: 4567] ✓ Updated: 18.01 → 18.06 (CHANGED)
[2025-12-07 00:30:03]   [emp_id: 4572] ✓ Updated: 57.51 → 57.56 (CHANGED)
[2025-12-07 00:30:03]   [emp_id: 4631] ✓ Updated: 13.76 → 13.81 (CHANGED)
[2025-12-07 00:30:03]   [emp_id: 4655] ✓ Updated: 22.62 → 22.7 (CHANGED)
[2025-12-07 00:30:03]   [emp_id: 4689] ✓ Updated: 20.29 → 20.37 (CHANGED)
[2025-12-07 00:30:03]   [emp_id: 4709] ✓ Updated: 37.87 → 37.95 (CHANGED)
[2025-12-07 00:30:03]   [emp_id: 4717] ✓ Updated: 63.87 → 63.95 (CHANGED)
[2025-12-07 00:30:03]   [emp_id: 4736] ✓ Updated: 25.7 → 25.78 (CHANGED)
[2025-12-07 00:30:03]   [emp_id: 4756] ✓ Updated: 59.65 → 59.7 (CHANGED)
[2025-12-07 00:30:03]   [emp_id: 4768] ✓ Updated: 10.37 → 10.45 (CHANGED)
[2025-12-07 00:30:03]   [emp_id: 4780] ✓ Updated: 63.93 → 63.98 (CHANGED)
[2025-12-07 00:30:03]   [emp_id: 4820] ✓ Updated: 96.7 → 96.78 (CHANGED)
[2025-12-07 00:30:03]   [emp_id: 4825] ✓ Updated: 28.45 → 28.53 (CHANGED)
[2025-12-07 00:30:03]   [emp_id: 4835] ✓ Updated: 46.68 → 46.73 (CHANGED)
[2025-12-07 00:30:03]   [emp_id: 4837] ✓ Updated: 43.92 → 43.97 (CHANGED)
[2025-12-07 00:30:03]   [emp_id: 4838] ✓ Updated: 42.94 → 42.99 (CHANGED)
[2025-12-07 00:30:03]   [emp_id: 4840] ✓ Updated: 43.92 → 43.97 (CHANGED)
[2025-12-07 00:30:03]   [emp_id: 4842] ✓ Updated: 43.16 → 43.21 (CHANGED)
[2025-12-07 00:30:03]   [emp_id: 4843] ✓ Updated: 43.69 → 43.74 (CHANGED)
[2025-12-07 00:30:03]   [emp_id: 4853] ✓ Updated: 87.51 → 87.56 (CHANGED)
[2025-12-07 00:30:03]   [emp_id: 4856] ✓ Updated: 40.83 → 40.88 (CHANGED)
[2025-12-07 00:30:03]   [emp_id: 4857] ✓ Updated: 23.65 → 23.7 (CHANGED)
[2025-12-07 00:30:03]   [emp_id: 4858] ✓ Updated: 20.53 → 20.58 (CHANGED)
[2025-12-07 00:30:03]   [emp_id: 4859] ✓ Updated: 42 → 42.05 (CHANGED)
[2025-12-07 00:30:03]   [emp_id: 4860] ✓ Updated: 6.5 → 6.55 (CHANGED)
[2025-12-07 00:30:03]   [emp_id: 4861] ✓ Updated: 39.96 → 40.01 (CHANGED)
[2025-12-07 00:30:03]   [emp_id: 4869] ✓ Updated: 82.84 → 82.89 (CHANGED)
[2025-12-07 00:30:03]   [emp_id: 4894] ✓ Updated: 5.37 → 5.45 (CHANGED)
[2025-12-07 00:30:03]   [emp_id: 4897] ✓ Updated: 21.74 → 21.79 (CHANGED)
[2025-12-07 00:30:03]   [emp_id: 4899] ✓ Updated: 17.91 → 17.96 (CHANGED)
[2025-12-07 00:30:03]   [emp_id: 4902] ✓ Updated: 17.33 → 17.38 (CHANGED)
[2025-12-07 00:30:03]   [emp_id: 4903] ✓ Updated: 19.55 → 19.6 (CHANGED)
[2025-12-07 00:30:03]   [emp_id: 4905] ✓ Updated: 18.21 → 18.26 (CHANGED)
[2025-12-07 00:30:03]   [emp_id: 4907] ✓ Updated: 45.45 → 45.53 (CHANGED)
[2025-12-07 00:30:03]   [emp_id: 4917] ✓ Updated: 15.17 → 15.22 (CHANGED)
[2025-12-07 00:30:03]   [emp_id: 4918] ✓ Updated: 4.94 → 4.99 (CHANGED)
[2025-12-07 00:30:03]   [emp_id: 4919] ✓ Updated: 57.23 → 57.28 (CHANGED)
[2025-12-07 00:30:03]   [emp_id: 4920] ✓ Updated: 57.06 → 57.11 (CHANGED)
[2025-12-07 00:30:03]   [emp_id: 4921] ✓ Updated: 16.4 → 16.45 (CHANGED)
[2025-12-07 00:30:03]   [emp_id: 4927] ✓ Updated: 15.23 → 15.28 (CHANGED)
[2025-12-07 00:30:03]   [emp_id: 4929] ✓ Updated: 16.75 → 16.8 (CHANGED)
[2025-12-07 00:30:03]   [emp_id: 4930] ✓ Updated: 57.52 → 57.57 (CHANGED)
[2025-12-07 00:30:03]   [emp_id: 4932] ✓ Updated: 15.52 → 15.57 (CHANGED)
[2025-12-07 00:30:03]   [emp_id: 4933] ✓ Updated: 18.93 → 18.98 (CHANGED)
[2025-12-07 00:30:03]   [emp_id: 4949] ✓ Updated: 34.36 → 34.41 (CHANGED)
[2025-12-07 00:30:03]   [emp_id: 4956] ✓ Updated: 27.95 → 28 (CHANGED)
[2025-12-07 00:30:03]   [emp_id: 4957] ✓ Updated: 28.62 → 28.67 (CHANGED)
[2025-12-07 00:30:03]   [emp_id: 4962] ✓ Updated: 51.7 → 51.78 (CHANGED)
[2025-12-07 00:30:03]   [emp_id: 4969] ✓ Updated: 44.12 → 44.2 (CHANGED)
[2025-12-07 00:30:03]   [emp_id: 4976] ✓ Updated: 8.64 → 8.69 (CHANGED)
[2025-12-07 00:30:03]   [emp_id: 4984] ✓ Updated: 35.37 → 35.45 (CHANGED)
[2025-12-07 00:30:03]   [emp_id: 4995] ✓ Updated: 47.44 → 47.52 (CHANGED)
[2025-12-07 00:30:03]   [emp_id: 5004] ✓ Updated: 44.32 → 44.37 (CHANGED)
[2025-12-07 00:30:03]   [emp_id: 5006] ✓ Updated: 25.32 → 25.37 (CHANGED)
[2025-12-07 00:30:03]   [emp_id: 5011] ✓ Updated: 11.04 → 11.12 (CHANGED)
[2025-12-07 00:30:03]   [emp_id: 5013] ✓ Updated: 65.69 → 65.74 (CHANGED)
[2025-12-07 00:30:03]   [emp_id: 5018] ✓ Updated: 19.93 → 19.98 (CHANGED)
[2025-12-07 00:30:03]   [emp_id: 5021] ✓ Updated: 62.55 → 62.63 (CHANGED)
[2025-12-07 00:30:03]   [emp_id: 5021] ✓ Updated: 62.55 → 62.63 (CHANGED)
[2025-12-07 00:30:03]   [emp_id: 5024] ✓ Updated: 0.2 → 0.25 (CHANGED)
[2025-12-07 00:30:03]   [emp_id: 5029] ✓ Updated: 22.18 → 22.23 (CHANGED)
[2025-12-07 00:30:03]   [emp_id: 5030] ✓ Updated: 37.18 → 37.23 (CHANGED)
[2025-12-07 00:30:03]   [emp_id: 5033] ✓ Updated: 20.95 → 21 (CHANGED)
[2025-12-07 00:30:03]   [emp_id: 5043] ✓ Updated: 28.04 → 28.12 (CHANGED)
[2025-12-07 00:30:03]   [emp_id: 5045] ✓ Updated: 24.54 → 24.62 (CHANGED)
[2025-12-07 00:30:03]   [emp_id: 5046] ✓ Updated: 19.73 → 19.81 (CHANGED)
[2025-12-07 00:30:03]   [emp_id: 5049] ✓ Updated: 37.63 → 37.68 (CHANGED)
[2025-12-07 00:30:03]   [emp_id: 5052] ✓ Updated: 28.91 → 28.96 (CHANGED)
[2025-12-07 00:30:03]   [emp_id: 5055] ✓ Updated: 36.1 → 36.15 (CHANGED)
[2025-12-07 00:30:03]   [emp_id: 5058] ✓ Updated: 26.33 → 26.38 (CHANGED)
[2025-12-07 00:30:03]   [emp_id: 5062] ✓ Updated: 38.16 → 38.21 (CHANGED)
[2025-12-07 00:30:03]   [emp_id: 5064] ✓ Updated: 115.37 → 115.45 (CHANGED)
[2025-12-07 00:30:03]   [emp_id: 5065] ✓ Updated: 37.57 → 37.62 (CHANGED)
[2025-12-07 00:30:03]   [emp_id: 5071] ✓ Updated: 20.87 → 20.95 (CHANGED)
[2025-12-07 00:30:03]   [emp_id: 5073] ✓ Updated: 12.17 → 12.22 (CHANGED)
[2025-12-07 00:30:03]   [emp_id: 5079] ✓ Updated: 32.73 → 32.78 (CHANGED)
[2025-12-07 00:30:03]   [emp_id: 5080] ✓ Updated: 30.06 → 30.11 (CHANGED)
[2025-12-07 00:30:03]   [emp_id: 5081] ✓ Updated: 35.06 → 35.11 (CHANGED)
[2025-12-07 00:30:03]   [emp_id: 5087] ✓ Updated: 34.36 → 34.41 (CHANGED)
[2025-12-07 00:30:03]   [emp_id: 5091] ✓ Updated: 74.21 → 74.26 (CHANGED)
[2025-12-07 00:30:03]   [emp_id: 5093] ✓ Updated: 12.04 → 12.12 (CHANGED)
[2025-12-07 00:30:04]   [emp_id: 5095] ✓ Updated: 31.68 → 31.73 (CHANGED)
[2025-12-07 00:30:04]   [emp_id: 5101] ✓ Updated: 14.12 → 14.2 (CHANGED)
[2025-12-07 00:30:04]   [emp_id: 5107] ✓ Updated: 12.45 → 12.53 (CHANGED)
[2025-12-07 00:30:04]   [emp_id: 5109] ✓ Updated: 9.7 → 9.78 (CHANGED)
[2025-12-07 00:30:04]   [emp_id: 5119] ✓ Updated: 7.87 → 7.95 (CHANGED)
[2025-12-07 00:30:04]   [emp_id: 5122] ✓ Updated: 5.04 → 5.12 (CHANGED)
[2025-12-07 00:30:04]   [emp_id: 5126] ✓ Updated: 25.09 → 25.14 (CHANGED)
[2025-12-07 00:30:04]   [emp_id: 5127] ✓ Updated: 21.88 → 21.93 (CHANGED)
[2025-12-07 00:30:04]   [emp_id: 5128] ✓ Updated: 25.03 → 25.08 (CHANGED)
[2025-12-07 00:30:04]   [emp_id: 5138] ✓ Updated: 63.7 → 63.78 (CHANGED)
[2025-12-07 00:30:04]   [emp_id: 5138] ✓ Updated: 63.7 → 63.78 (CHANGED)
[2025-12-07 00:30:04]   [emp_id: 5141] ✓ Updated: 33.4 → 33.45 (CHANGED)
[2025-12-07 00:30:04]   [emp_id: 5142] ✓ Updated: 12.4 → 12.45 (CHANGED)
[2025-12-07 00:30:04]   [emp_id: 5146] ✓ Updated: 19.4 → 19.45 (CHANGED)
[2025-12-07 00:30:04]   [emp_id: 5147] ✓ Updated: 18.4 → 18.45 (CHANGED)
[2025-12-07 00:30:04]   [emp_id: 5148] ✓ Updated: 23.75 → 23.8 (CHANGED)
[2025-12-07 00:30:04]   [emp_id: 5149] ✓ Updated: 22.64 → 22.69 (CHANGED)
[2025-12-07 00:30:04]   [emp_id: 5150] ✓ Updated: 22 → 22.05 (CHANGED)
[2025-12-07 00:30:04]   [emp_id: 5151] ✓ Updated: 21.82 → 21.87 (CHANGED)
[2025-12-07 00:30:04]   [emp_id: 5152] ✓ Updated: 2.24 → 2.29 (CHANGED)
[2025-12-07 00:30:04]   [emp_id: 5157] ✓ Updated: 21.82 → 21.87 (CHANGED)
[2025-12-07 00:30:04]   [emp_id: 5160] ✓ Updated: 21.82 → 21.87 (CHANGED)
[2025-12-07 00:30:04]   [emp_id: 5163] ✓ Updated: 19.61 → 19.66 (CHANGED)
[2025-12-07 00:30:04]   [emp_id: 5165] ✓ Updated: 28.04 → 28.12 (CHANGED)
[2025-12-07 00:30:04]   [emp_id: 5167] ✓ Updated: 28.76 → 28.81 (CHANGED)
[2025-12-07 00:30:04]   [emp_id: 5168] ✓ Updated: 21.3 → 21.35 (CHANGED)
[2025-12-07 00:30:04]   [emp_id: 5173] ✓ Updated: 22.79 → 22.87 (CHANGED)
[2025-12-07 00:30:04]   [emp_id: 5174] ✓ Updated: 21.76 → 21.81 (CHANGED)
[2025-12-07 00:30:04]   [emp_id: 5181] ✓ Updated: 18.15 → 18.2 (CHANGED)
[2025-12-07 00:30:04]   [emp_id: 5186] ✓ Updated: 23.68 → 23.73 (CHANGED)
[2025-12-07 00:30:04]   [emp_id: 5187] ✓ Updated: 34.68 → 34.73 (CHANGED)
[2025-12-07 00:30:04]   [emp_id: 5204] ✓ Updated: 20.29 → 20.37 (CHANGED)
[2025-12-07 00:30:04]   [emp_id: 5205] ✓ Updated: 10.89 → 10.94 (CHANGED)
[2025-12-07 00:30:04]   [emp_id: 5209] ✓ Updated: 13.89 → 13.94 (CHANGED)
[2025-12-07 00:30:04]   [emp_id: 5211] ✓ Updated: 5.89 → 5.94 (CHANGED)
[2025-12-07 00:30:04]   [emp_id: 5213] ✓ Updated: 0.3 → 0.35 (CHANGED)
[2025-12-07 00:30:04]   [emp_id: 5214] ✓ Updated: 13.89 → 13.94 (CHANGED)
[2025-12-07 00:30:04]   [emp_id: 5215] ✓ Updated: 8.89 → 8.94 (CHANGED)
[2025-12-07 00:30:04]   [emp_id: 5217] ✓ Updated: 7.89 → 7.94 (CHANGED)
[2025-12-07 00:30:04]   [emp_id: 5218] ✓ Updated: 13.89 → 13.94 (CHANGED)
[2025-12-07 00:30:04]   [emp_id: 5219] ✓ Updated: 11.89 → 11.94 (CHANGED)
[2025-12-07 00:30:04]   [emp_id: 5221] ✓ Updated: 3.26 → 3.31 (CHANGED)
[2025-12-07 00:30:04]   [emp_id: 5224] ✓ Updated: 12.89 → 12.94 (CHANGED)
[2025-12-07 00:30:04]   [emp_id: 5225] ✓ Updated: 7.56 → 7.61 (CHANGED)
[2025-12-07 00:30:04]   [emp_id: 5228] ✓ Updated: 7.89 → 7.94 (CHANGED)
[2025-12-07 00:30:04]   [emp_id: 5229] ✓ Updated: 3.89 → 3.94 (CHANGED)
[2025-12-07 00:30:04]   [emp_id: 5230] ✓ Updated: 13.89 → 13.94 (CHANGED)
[2025-12-07 00:30:04]   [emp_id: 5231] ✓ Updated: 4.89 → 4.94 (CHANGED)
[2025-12-07 00:30:04]   [emp_id: 5232] ✓ Updated: 9.89 → 9.94 (CHANGED)
[2025-12-07 00:30:04]   [emp_id: 5233] ✓ Updated: 2.89 → 2.94 (CHANGED)
[2025-12-07 00:30:04]   [emp_id: 5234] ✓ Updated: 2.89 → 2.94 (CHANGED)
[2025-12-07 00:30:04]   [emp_id: 5235] ✓ Updated: 13.89 → 13.94 (CHANGED)
[2025-12-07 00:30:04]   [emp_id: 5237] ✓ Updated: 13.89 → 13.94 (CHANGED)
[2025-12-07 00:30:04]   [emp_id: 5238] ✓ Updated: 6.51 → 6.56 (CHANGED)
[2025-12-07 00:30:04]   [emp_id: 5239] ✓ Updated: 5.89 → 5.94 (CHANGED)
[2025-12-07 00:30:04]   [emp_id: 5241] ✓ Updated: 3.89 → 3.94 (CHANGED)
[2025-12-07 00:30:04]   [emp_id: 5242] ✓ Updated: 13.89 → 13.94 (CHANGED)
[2025-12-07 00:30:04]   [emp_id: 5243] ✓ Updated: 0.3 → 0.35 (CHANGED)
[2025-12-07 00:30:04]   [emp_id: 5244] ✓ Updated: 3.16 → 3.21 (CHANGED)
[2025-12-07 00:30:04]   [emp_id: 5246] ✓ Updated: 9.89 → 9.94 (CHANGED)
[2025-12-07 00:30:04]   [emp_id: 5253] ✓ Updated: 28.51 → 28.56 (CHANGED)
[2025-12-07 00:30:04]   [emp_id: 5254] ✓ Updated: 10.74 → 10.79 (CHANGED)
[2025-12-07 00:30:04]   [emp_id: 5257] ✓ Updated: 10.45 → 10.5 (CHANGED)
[2025-12-07 00:30:04]   [emp_id: 5259] ✓ Updated: 46.98 → 47.03 (CHANGED)
[2025-12-07 00:30:04]   [emp_id: 5261] ✓ Updated: 47.79 → 47.87 (CHANGED)
[2025-12-07 00:30:04]   [emp_id: 5264] ✓ Updated: 24.46 → 24.51 (CHANGED)
[2025-12-07 00:30:04]   [emp_id: 5266] ✓ Updated: 24.41 → 24.46 (CHANGED)
[2025-12-07 00:30:04]   [emp_id: 5268] ✓ Updated: 7.65 → 7.7 (CHANGED)
[2025-12-07 00:30:04]   [emp_id: 5271] ✓ Updated: 6.31 → 6.36 (CHANGED)
[2025-12-07 00:30:04]   [emp_id: 5272] ✓ Updated: 7.18 → 7.23 (CHANGED)
[2025-12-07 00:30:04]   [emp_id: 5273] ✓ Updated: 29 → 29.05 (CHANGED)
[2025-12-07 00:30:04]   [emp_id: 5275] ✓ Updated: 8 → 8.05 (CHANGED)
[2025-12-07 00:30:04]   [emp_id: 5276] ✓ Updated: 22.27 → 22.32 (CHANGED)
[2025-12-07 00:30:04]   [emp_id: 5278] ✓ Updated: 6.66 → 6.71 (CHANGED)
[2025-12-07 00:30:04]   [emp_id: 5280] ✓ Updated: 17.06 → 17.11 (CHANGED)
[2025-12-07 00:30:04]   [emp_id: 5282] ✓ Updated: 9.37 → 9.45 (CHANGED)
[2025-12-07 00:30:04]   [emp_id: 5285] ✓ Updated: 27.06 → 27.11 (CHANGED)
[2025-12-07 00:30:04]   [emp_id: 5286] ✓ Updated: 14.06 → 14.11 (CHANGED)
[2025-12-07 00:30:04]   [emp_id: 5287] ✓ Updated: 48.36 → 48.41 (CHANGED)
[2025-12-07 00:30:04]   [emp_id: 5288] ✓ Updated: 37.37 → 37.42 (CHANGED)
[2025-12-07 00:30:04]   [emp_id: 5289] ✓ Updated: 46.91 → 46.96 (CHANGED)
[2025-12-07 00:30:04]   [emp_id: 5290] ✓ Updated: 45.68 → 45.73 (CHANGED)
[2025-12-07 00:30:04]   [emp_id: 5291] ✓ Updated: 3.68 → 3.73 (CHANGED)
[2025-12-07 00:30:04]   [emp_id: 5292] ✓ Updated: 3.62 → 3.67 (CHANGED)
[2025-12-07 00:30:04]   [emp_id: 5293] ✓ Updated: 35.54 → 35.62 (CHANGED)
[2025-12-07 00:30:04]   [emp_id: 5294] ✓ Updated: 5.29 → 5.37 (CHANGED)
[2025-12-07 00:30:04]   [emp_id: 5295] ✓ Updated: 19.86 → 19.91 (CHANGED)
[2025-12-07 00:30:04]   [emp_id: 5296] ✓ Updated: 38.2 → 38.28 (CHANGED)
[2025-12-07 00:30:04]   [emp_id: 5297] ✓ Updated: 44.28 → 44.33 (CHANGED)
[2025-12-07 00:30:04]   [emp_id: 5298] ✓ Updated: 44.28 → 44.33 (CHANGED)
[2025-12-07 00:30:04]   [emp_id: 5299] ✓ Updated: 44.28 → 44.33 (CHANGED)
[2025-12-07 00:30:04]   [emp_id: 5300] ✓ Updated: 44.28 → 44.33 (CHANGED)
[2025-12-07 00:30:04]   [emp_id: 5301] ✓ Updated: 44.28 → 44.33 (CHANGED)
[2025-12-07 00:30:04]   [emp_id: 5303] ✓ Updated: 44.28 → 44.33 (CHANGED)
[2025-12-07 00:30:04]   [emp_id: 5304] ✓ Updated: 44.28 → 44.33 (CHANGED)
[2025-12-07 00:30:04]   [emp_id: 5305] ✓ Updated: 2.28 → 2.33 (CHANGED)
[2025-12-07 00:30:04]   [emp_id: 5306] ✓ Updated: 43.99 → 44.04 (CHANGED)
[2025-12-07 00:30:04]   [emp_id: 5307] ✓ Updated: 43.99 → 44.04 (CHANGED)
[2025-12-07 00:30:04]   [emp_id: 5312] ✓ Updated: 41.66 → 41.71 (CHANGED)
[2025-12-07 00:30:04]   [emp_id: 5318] ✓ Updated: 24.7 → 24.75 (CHANGED)
[2025-12-07 00:30:04]   [emp_id: 5325] ✓ Updated: 20.66 → 20.71 (CHANGED)
[2025-12-07 00:30:04]   [emp_id: 5326] ✓ Updated: 41.48 → 41.53 (CHANGED)
[2025-12-07 00:30:04]   [emp_id: 5327] ✓ Updated: 40.66 → 40.71 (CHANGED)
[2025-12-07 00:30:04]   [emp_id: 5328] ✓ Updated: 40.66 → 40.71 (CHANGED)
[2025-12-07 00:30:04]   [emp_id: 5329] ✓ Updated: 40.66 → 40.71 (CHANGED)
[2025-12-07 00:30:04]   [emp_id: 5331] ✓ Updated: 20.07 → 20.12 (CHANGED)
[2025-12-07 00:30:04]   [emp_id: 5337] ✓ Updated: 33.2 → 33.28 (CHANGED)
[2025-12-07 00:30:04]   [emp_id: 5339] ✓ Updated: 8.85 → 8.9 (CHANGED)
[2025-12-07 00:30:04]   [emp_id: 5343] ✓ Updated: 43.12 → 43.2 (CHANGED)
[2025-12-07 00:30:04]   [emp_id: 5343] ✓ Updated: 43.12 → 43.2 (CHANGED)
[2025-12-07 00:30:04]   [emp_id: 5345] ✓ Updated: 12.95 → 13.03 (CHANGED)
[2025-12-07 00:30:04]   [emp_id: 5346] ✓ Updated: 37.57 → 37.62 (CHANGED)
[2025-12-07 00:30:04]   [emp_id: 5351] ✓ Updated: 16.51 → 16.56 (CHANGED)
[2025-12-07 00:30:04]   [emp_id: 5352] ✓ Updated: 23.37 → 23.45 (CHANGED)
[2025-12-07 00:30:04]   [emp_id: 5370] ✓ Updated: 14.16 → 14.21 (CHANGED)
[2025-12-07 00:30:04]   [emp_id: 5371] ✓ Updated: 6.95 → 7.03 (CHANGED)
[2025-12-07 00:30:04]   [emp_id: 5376] ✓ Updated: 8.76 → 8.81 (CHANGED)
[2025-12-07 00:30:04]   [emp_id: 5378] ✓ Updated: 21.12 → 21.2 (CHANGED)
[2025-12-07 00:30:04]   [emp_id: 5380] ✓ Updated: 15.17 → 15.22 (CHANGED)
[2025-12-07 00:30:04]   [emp_id: 5381] ✓ Updated: 15.54 → 15.62 (CHANGED)
[2025-12-07 00:30:04]   [emp_id: 5383] ✓ Updated: 13.95 → 14.03 (CHANGED)
[2025-12-07 00:30:04]   [emp_id: 5388] ✓ Updated: 25.95 → 26 (CHANGED)
[2025-12-07 00:30:04]   [emp_id: 5392] ✓ Updated: 11.87 → 11.95 (CHANGED)
[2025-12-07 00:30:04]   [emp_id: 5396] ✓ Updated: 27.19 → 27.24 (CHANGED)
[2025-12-07 00:30:04]   [emp_id: 5397] ✓ Updated: 23.4 → 23.45 (CHANGED)
[2025-12-07 00:30:04]   [emp_id: 5401] ✓ Updated: 21.76 → 21.81 (CHANGED)
[2025-12-07 00:30:04]   [emp_id: 5402] ✓ Updated: 21.88 → 21.93 (CHANGED)
[2025-12-07 00:30:04]   [emp_id: 5406] ✓ Updated: 20.6 → 20.65 (CHANGED)
[2025-12-07 00:30:04]   [emp_id: 5407] ✓ Updated: 22.62 → 22.7 (CHANGED)
[2025-12-07 00:30:04]   [emp_id: 5408] ✓ Updated: 20.37 → 20.45 (CHANGED)
[2025-12-07 00:30:04]   [emp_id: 5409] ✓ Updated: 14.94 → 14.99 (CHANGED)
[2025-12-07 00:30:04]   [emp_id: 5413] ✓ Updated: 26.12 → 26.2 (CHANGED)
[2025-12-07 00:30:04]   [emp_id: 5414] ✓ Updated: 25.79 → 25.87 (CHANGED)
[2025-12-07 00:30:04]   [emp_id: 5415] ✓ Updated: 16.62 → 16.7 (CHANGED)
[2025-12-07 00:30:04]   [emp_id: 5418] ✓ Updated: 16.75 → 16.8 (CHANGED)
[2025-12-07 00:30:04]   [emp_id: 5422] ✓ Updated: 18.45 → 18.53 (CHANGED)
[2025-12-07 00:30:04]   [emp_id: 5423] ✓ Updated: 15.04 → 15.12 (CHANGED)
[2025-12-07 00:30:04]   [emp_id: 5423] ✓ Updated: 15.04 → 15.12 (CHANGED)
[2025-12-07 00:30:04]   [emp_id: 5423] ✓ Updated: 15.04 → 15.12 (CHANGED)
[2025-12-07 00:30:04]   [emp_id: 5424] ✓ Updated: 12.55 → 12.6 (CHANGED)
[2025-12-07 00:30:04]   [emp_id: 5425] ✓ Updated: 12.55 → 12.6 (CHANGED)
[2025-12-07 00:30:04]   [emp_id: 5426] ✓ Updated: 4.21 → 4.29 (CHANGED)
[2025-12-07 00:30:04]   [emp_id: 5426] ✓ Updated: 4.21 → 4.29 (CHANGED)
[2025-12-07 00:30:04]   [emp_id: 5427] ✓ Updated: 12.66 → 12.71 (CHANGED)
[2025-12-07 00:30:04]   [emp_id: 5428] ✓ Updated: 12.55 → 12.6 (CHANGED)
[2025-12-07 00:30:04]   [emp_id: 5430] ✓ Updated: 15.45 → 15.53 (CHANGED)
[2025-12-07 00:30:04]   [emp_id: 5431] ✓ Updated: 11.67 → 11.72 (CHANGED)
[2025-12-07 00:30:04]   [emp_id: 5434] ✓ Updated: 11.44 → 11.49 (CHANGED)
[2025-12-07 00:30:04]   [emp_id: 5435] ✓ Updated: 11.38 → 11.43 (CHANGED)
[2025-12-07 00:30:04]   [emp_id: 5436] ✓ Updated: 11.38 → 11.43 (CHANGED)
[2025-12-07 00:30:04]   [emp_id: 5438] ✓ Updated: 13.37 → 13.45 (CHANGED)
[2025-12-07 00:30:04]   [emp_id: 5439] ✓ Updated: 22.87 → 22.95 (CHANGED)
[2025-12-07 00:30:04]   [emp_id: 5442] ✓ Updated: 11.87 → 11.95 (CHANGED)
[2025-12-07 00:30:04]   [emp_id: 5443] ✓ Updated: 7.06 → 7.11 (CHANGED)
[2025-12-07 00:30:04]   [emp_id: 5445] ✓ Updated: 5.84 → 5.89 (CHANGED)
[2025-12-07 00:30:04]   [emp_id: 5446] ✓ Updated: 5.84 → 5.89 (CHANGED)
[2025-12-07 00:30:04]   [emp_id: 5447] ✓ Updated: 5.78 → 5.83 (CHANGED)
[2025-12-07 00:30:04]   [emp_id: 5448] ✓ Updated: 3.4 → 3.48 (CHANGED)
[2025-12-07 00:30:04]   [emp_id: 5449] ✓ Updated: 3.86 → 3.91 (CHANGED)
[2025-12-07 00:30:04]   [emp_id: 5450] ✓ Updated: 3.8 → 3.85 (CHANGED)
[2025-12-07 00:30:04]   [emp_id: 5451] ✓ Updated: 3.8 → 3.85 (CHANGED)
[2025-12-07 00:30:04]   [emp_id: 5454] ✓ Updated: 4.95 → 5.03 (CHANGED)
[2025-12-07 00:30:04]   [emp_id: 5455] ✓ Updated: 3.2 → 3.28 (CHANGED)
[2025-12-07 00:30:04]   [emp_id: 5456] ✓ Updated: 4.2 → 4.28 (CHANGED)
[2025-12-07 00:30:04] 
[2025-12-07 00:30:04] ========== SUMMARY ==========
[2025-12-07 00:30:04] Total employees processed: 445
[2025-12-07 00:30:04] Records updated: 445
[2025-12-07 00:30:04] Balances changed: 445
[2025-12-07 00:30:04] Errors: 0
[2025-12-07 00:30:04] ========== CRON: Vacation Balance Update Completed ==========
[2025-12-07 00:30:04] 
[2025-12-07 09:07:30] ========== CRON: Vacation Balance Update Started ==========
[2025-12-07 09:07:30] Database connection established
[2025-12-07 09:07:30] Found 445 active employees with balance records to update
[2025-12-07 09:07:30] (Only employees with status=1 will be processed)
[2025-12-07 09:07:30]   [emp_id: 1061] SKIPPED: Already updated today (2025-12-07 03:00:02)
[2025-12-07 09:07:30]   [emp_id: 1496] SKIPPED: Already updated today (2025-12-07 03:00:02)
[2025-12-07 09:07:30]   [emp_id: 1500] SKIPPED: Already updated today (2025-12-07 03:00:02)
[2025-12-07 09:07:30]   [emp_id: 1574] SKIPPED: Already updated today (2025-12-07 03:00:02)
[2025-12-07 09:07:30]   [emp_id: 1673] SKIPPED: Already updated today (2025-12-07 03:00:02)
[2025-12-07 09:07:30]   [emp_id: 1685] SKIPPED: Already updated today (2025-12-07 03:00:02)
[2025-12-07 09:07:30]   [emp_id: 1764] SKIPPED: Already updated today (2025-12-07 03:00:02)
[2025-12-07 09:07:30]   [emp_id: 1805] SKIPPED: Already updated today (2025-12-07 03:00:02)
[2025-12-07 09:07:30]   [emp_id: 1822] SKIPPED: Already updated today (2025-12-07 03:00:02)
[2025-12-07 09:07:30]   [emp_id: 1837] SKIPPED: Already updated today (2025-12-07 03:00:02)
[2025-12-07 09:07:30]   [emp_id: 1857] SKIPPED: Already updated today (2025-12-07 03:00:02)
[2025-12-07 09:07:30]   [emp_id: 1861] SKIPPED: Already updated today (2025-12-07 03:00:02)
[2025-12-07 09:07:30]   [emp_id: 1872] SKIPPED: Already updated today (2025-12-07 03:00:02)
[2025-12-07 09:07:30]   [emp_id: 1897] SKIPPED: Already updated today (2025-12-07 03:00:02)
[2025-12-07 09:07:30]   [emp_id: 1916] SKIPPED: Already updated today (2025-12-07 03:00:02)
[2025-12-07 09:07:30]   [emp_id: 1928] SKIPPED: Already updated today (2025-12-07 03:00:02)
[2025-12-07 09:07:30]   [emp_id: 1931] SKIPPED: Already updated today (2025-12-07 03:00:02)
[2025-12-07 09:07:30]   [emp_id: 1944] SKIPPED: Already updated today (2025-12-07 03:00:02)
[2025-12-07 09:07:30]   [emp_id: 1996] SKIPPED: Already updated today (2025-12-07 03:00:02)
[2025-12-07 09:07:30]   [emp_id: 1997] SKIPPED: Already updated today (2025-12-07 03:00:02)
[2025-12-07 09:07:30]   [emp_id: 1998] SKIPPED: Already updated today (2025-12-07 03:00:02)
[2025-12-07 09:07:30]   [emp_id: 1999] SKIPPED: Already updated today (2025-12-07 03:00:02)
[2025-12-07 09:07:30]   [emp_id: 2009] SKIPPED: Already updated today (2025-12-07 03:00:02)
[2025-12-07 09:07:30]   [emp_id: 2048] SKIPPED: Already updated today (2025-12-07 03:00:02)
[2025-12-07 09:07:30]   [emp_id: 2057] SKIPPED: Already updated today (2025-12-07 03:00:02)
[2025-12-07 09:07:30]   [emp_id: 2079] SKIPPED: Already updated today (2025-12-07 03:00:02)
[2025-12-07 09:07:30]   [emp_id: 2181] SKIPPED: Already updated today (2025-12-07 03:00:02)
[2025-12-07 09:07:30]   [emp_id: 2190] SKIPPED: Already updated today (2025-12-07 03:00:02)
[2025-12-07 09:07:30]   [emp_id: 2212] SKIPPED: Already updated today (2025-12-07 03:00:02)
[2025-12-07 09:07:30]   [emp_id: 2226] SKIPPED: Already updated today (2025-12-07 03:00:02)
[2025-12-07 09:07:30]   [emp_id: 2238] SKIPPED: Already updated today (2025-12-07 03:00:02)
[2025-12-07 09:07:30]   [emp_id: 2285] SKIPPED: Already updated today (2025-12-07 03:00:02)
[2025-12-07 09:07:30]   [emp_id: 2287] SKIPPED: Already updated today (2025-12-07 03:00:02)
[2025-12-07 09:07:30]   [emp_id: 2288] SKIPPED: Already updated today (2025-12-07 03:00:02)
[2025-12-07 09:07:30]   [emp_id: 2290] SKIPPED: Already updated today (2025-12-07 03:00:02)
[2025-12-07 09:07:30]   [emp_id: 2316] SKIPPED: Already updated today (2025-12-07 03:00:02)
[2025-12-07 09:07:30]   [emp_id: 2337] SKIPPED: Already updated today (2025-12-07 03:00:02)
[2025-12-07 09:07:30]   [emp_id: 2352] SKIPPED: Already updated today (2025-12-07 03:00:02)
[2025-12-07 09:07:30]   [emp_id: 2358] SKIPPED: Already updated today (2025-12-07 03:00:02)
[2025-12-07 09:07:30]   [emp_id: 2361] SKIPPED: Already updated today (2025-12-07 03:00:02)
[2025-12-07 09:07:30]   [emp_id: 2363] SKIPPED: Already updated today (2025-12-07 03:00:02)
[2025-12-07 09:07:30]   [emp_id: 2364] SKIPPED: Already updated today (2025-12-07 03:00:02)
[2025-12-07 09:07:30]   [emp_id: 2367] SKIPPED: Already updated today (2025-12-07 03:00:02)
[2025-12-07 09:07:30]   [emp_id: 2368] SKIPPED: Already updated today (2025-12-07 03:00:02)
[2025-12-07 09:07:30]   [emp_id: 2372] SKIPPED: Already updated today (2025-12-07 03:00:02)
[2025-12-07 09:07:30]   [emp_id: 2376] SKIPPED: Already updated today (2025-12-07 03:00:02)
[2025-12-07 09:07:30]   [emp_id: 2423] SKIPPED: Already updated today (2025-12-07 03:00:02)
[2025-12-07 09:07:30]   [emp_id: 2519] SKIPPED: Already updated today (2025-12-07 03:00:02)
[2025-12-07 09:07:30]   [emp_id: 2522] SKIPPED: Already updated today (2025-12-07 03:00:02)
[2025-12-07 09:07:30]   [emp_id: 2530] SKIPPED: Already updated today (2025-12-07 03:00:02)
[2025-12-07 09:07:30]   [emp_id: 2539] SKIPPED: Already updated today (2025-12-07 03:00:02)
[2025-12-07 09:07:30]   [emp_id: 2541] SKIPPED: Already updated today (2025-12-07 03:00:02)
[2025-12-07 09:07:30]   [emp_id: 2550] SKIPPED: Already updated today (2025-12-07 03:00:02)
[2025-12-07 09:07:30]   [emp_id: 2553] SKIPPED: Already updated today (2025-12-07 03:00:02)
[2025-12-07 09:07:30]   [emp_id: 2554] SKIPPED: Already updated today (2025-12-07 03:00:02)
[2025-12-07 09:07:30]   [emp_id: 2565] SKIPPED: Already updated today (2025-12-07 03:00:02)
[2025-12-07 09:07:30]   [emp_id: 2572] SKIPPED: Already updated today (2025-12-07 03:00:02)
[2025-12-07 09:07:30]   [emp_id: 2637] SKIPPED: Already updated today (2025-12-07 03:00:02)
[2025-12-07 09:07:30]   [emp_id: 2642] SKIPPED: Already updated today (2025-12-07 03:00:02)
[2025-12-07 09:07:30]   [emp_id: 2645] SKIPPED: Already updated today (2025-12-07 03:00:02)
[2025-12-07 09:07:30]   [emp_id: 2648] SKIPPED: Already updated today (2025-12-07 03:00:02)
[2025-12-07 09:07:30]   [emp_id: 2654] SKIPPED: Already updated today (2025-12-07 03:00:02)
[2025-12-07 09:07:30]   [emp_id: 2688] SKIPPED: Already updated today (2025-12-07 03:00:02)
[2025-12-07 09:07:30]   [emp_id: 2690] SKIPPED: Already updated today (2025-12-07 03:00:02)
[2025-12-07 09:07:30]   [emp_id: 2709] SKIPPED: Already updated today (2025-12-07 03:00:02)
[2025-12-07 09:07:30]   [emp_id: 2745] SKIPPED: Already updated today (2025-12-07 03:00:02)
[2025-12-07 09:07:30]   [emp_id: 2843] SKIPPED: Already updated today (2025-12-07 03:00:02)
[2025-12-07 09:07:30]   [emp_id: 2854] SKIPPED: Already updated today (2025-12-07 03:00:02)
[2025-12-07 09:07:30]   [emp_id: 2869] SKIPPED: Already updated today (2025-12-07 03:00:02)
[2025-12-07 09:07:30]   [emp_id: 2876] SKIPPED: Already updated today (2025-12-07 03:00:02)
[2025-12-07 09:07:30]   [emp_id: 2924] SKIPPED: Already updated today (2025-12-07 03:00:02)
[2025-12-07 09:07:30]   [emp_id: 2953] SKIPPED: Already updated today (2025-12-07 03:00:02)
[2025-12-07 09:07:30]   [emp_id: 2961] SKIPPED: Already updated today (2025-12-07 03:00:02)
[2025-12-07 09:07:30]   [emp_id: 2975] SKIPPED: Already updated today (2025-12-07 03:00:02)
[2025-12-07 09:07:30]   [emp_id: 3013] SKIPPED: Already updated today (2025-12-07 03:00:02)
[2025-12-07 09:07:30]   [emp_id: 3014] SKIPPED: Already updated today (2025-12-07 03:00:02)
[2025-12-07 09:07:30]   [emp_id: 3015] SKIPPED: Already updated today (2025-12-07 03:00:02)
[2025-12-07 09:07:30]   [emp_id: 3018] SKIPPED: Already updated today (2025-12-07 03:00:02)
[2025-12-07 09:07:30]   [emp_id: 3025] SKIPPED: Already updated today (2025-12-07 03:00:02)
[2025-12-07 09:07:30]   [emp_id: 3037] SKIPPED: Already updated today (2025-12-07 03:00:02)
[2025-12-07 09:07:30]   [emp_id: 3047] SKIPPED: Already updated today (2025-12-07 03:00:02)
[2025-12-07 09:07:30]   [emp_id: 3061] SKIPPED: Already updated today (2025-12-07 03:00:02)
[2025-12-07 09:07:30]   [emp_id: 3062] SKIPPED: Already updated today (2025-12-07 03:00:02)
[2025-12-07 09:07:30]   [emp_id: 3074] SKIPPED: Already updated today (2025-12-07 03:00:02)
[2025-12-07 09:07:30]   [emp_id: 3089] SKIPPED: Already updated today (2025-12-07 03:00:02)
[2025-12-07 09:07:30]   [emp_id: 3090] SKIPPED: Already updated today (2025-12-07 03:00:02)
[2025-12-07 09:07:30]   [emp_id: 3091] SKIPPED: Already updated today (2025-12-07 03:00:02)
[2025-12-07 09:07:30]   [emp_id: 3092] SKIPPED: Already updated today (2025-12-07 03:00:02)
[2025-12-07 09:07:30]   [emp_id: 3105] SKIPPED: Already updated today (2025-12-07 03:00:02)
[2025-12-07 09:07:30]   [emp_id: 3134] SKIPPED: Already updated today (2025-12-07 03:00:02)
[2025-12-07 09:07:30]   [emp_id: 3140] SKIPPED: Already updated today (2025-12-07 03:00:02)
[2025-12-07 09:07:30]   [emp_id: 3144] SKIPPED: Already updated today (2025-12-07 03:00:02)
[2025-12-07 09:07:30]   [emp_id: 3156] SKIPPED: Already updated today (2025-12-07 03:00:02)
[2025-12-07 09:07:30]   [emp_id: 3162] SKIPPED: Already updated today (2025-12-07 03:00:02)
[2025-12-07 09:07:30]   [emp_id: 3163] SKIPPED: Already updated today (2025-12-07 03:00:02)
[2025-12-07 09:07:30]   [emp_id: 3198] SKIPPED: Already updated today (2025-12-07 03:00:02)
[2025-12-07 09:07:30]   [emp_id: 3205] SKIPPED: Already updated today (2025-12-07 03:00:02)
[2025-12-07 09:07:30]   [emp_id: 3209] SKIPPED: Already updated today (2025-12-07 03:00:02)
[2025-12-07 09:07:30]   [emp_id: 3223] SKIPPED: Already updated today (2025-12-07 03:00:02)
[2025-12-07 09:07:30]   [emp_id: 3224] SKIPPED: Already updated today (2025-12-07 03:00:02)
[2025-12-07 09:07:30]   [emp_id: 3230] SKIPPED: Already updated today (2025-12-07 03:00:02)
[2025-12-07 09:07:30]   [emp_id: 3231] SKIPPED: Already updated today (2025-12-07 03:00:02)
[2025-12-07 09:07:30]   [emp_id: 3233] SKIPPED: Already updated today (2025-12-07 03:00:02)
[2025-12-07 09:07:30]   [emp_id: 3249] SKIPPED: Already updated today (2025-12-07 03:00:02)
[2025-12-07 09:07:30]   [emp_id: 3250] SKIPPED: Already updated today (2025-12-07 03:00:02)
[2025-12-07 09:07:30]   [emp_id: 3252] SKIPPED: Already updated today (2025-12-07 03:00:02)
[2025-12-07 09:07:30]   [emp_id: 3254] SKIPPED: Already updated today (2025-12-07 03:00:02)
[2025-12-07 09:07:30]   [emp_id: 3255] SKIPPED: Already updated today (2025-12-07 03:00:02)
[2025-12-07 09:07:30]   [emp_id: 3256] SKIPPED: Already updated today (2025-12-07 03:00:02)
[2025-12-07 09:07:30]   [emp_id: 3263] SKIPPED: Already updated today (2025-12-07 03:00:02)
[2025-12-07 09:07:30]   [emp_id: 3265] SKIPPED: Already updated today (2025-12-07 03:00:02)
[2025-12-07 09:07:30]   [emp_id: 3280] SKIPPED: Already updated today (2025-12-07 03:00:02)
[2025-12-07 09:07:30]   [emp_id: 3286] SKIPPED: Already updated today (2025-12-07 03:00:02)
[2025-12-07 09:07:30]   [emp_id: 3294] SKIPPED: Already updated today (2025-12-07 03:00:02)
[2025-12-07 09:07:30]   [emp_id: 3321] SKIPPED: Already updated today (2025-12-07 03:00:02)
[2025-12-07 09:07:30]   [emp_id: 3325] SKIPPED: Already updated today (2025-12-07 03:00:02)
[2025-12-07 09:07:30]   [emp_id: 3329] SKIPPED: Already updated today (2025-12-07 03:00:02)
[2025-12-07 09:07:30]   [emp_id: 3330] SKIPPED: Already updated today (2025-12-07 03:00:03)
[2025-12-07 09:07:30]   [emp_id: 3332] SKIPPED: Already updated today (2025-12-07 03:00:03)
[2025-12-07 09:07:30]   [emp_id: 3370] SKIPPED: Already updated today (2025-12-07 03:00:03)
[2025-12-07 09:07:30]   [emp_id: 3384] SKIPPED: Already updated today (2025-12-07 03:00:03)
[2025-12-07 09:07:30]   [emp_id: 3386] SKIPPED: Already updated today (2025-12-07 03:00:03)
[2025-12-07 09:07:30]   [emp_id: 3431] SKIPPED: Already updated today (2025-12-07 03:00:03)
[2025-12-07 09:07:30]   [emp_id: 3497] SKIPPED: Already updated today (2025-12-07 03:00:03)
[2025-12-07 09:07:30]   [emp_id: 3532] SKIPPED: Already updated today (2025-12-07 03:00:03)
[2025-12-07 09:07:30]   [emp_id: 3586] SKIPPED: Already updated today (2025-12-07 03:00:03)
[2025-12-07 09:07:30]   [emp_id: 3602] SKIPPED: Already updated today (2025-12-07 03:00:03)
[2025-12-07 09:07:30]   [emp_id: 3618] SKIPPED: Already updated today (2025-12-07 03:00:03)
[2025-12-07 09:07:30]   [emp_id: 3622] SKIPPED: Already updated today (2025-12-07 03:00:03)
[2025-12-07 09:07:30]   [emp_id: 3627] SKIPPED: Already updated today (2025-12-07 03:00:03)
[2025-12-07 09:07:30]   [emp_id: 3665] SKIPPED: Already updated today (2025-12-07 03:00:03)
[2025-12-07 09:07:30]   [emp_id: 3705] SKIPPED: Already updated today (2025-12-07 03:00:03)
[2025-12-07 09:07:30]   [emp_id: 3724] SKIPPED: Already updated today (2025-12-07 03:00:03)
[2025-12-07 09:07:30]   [emp_id: 3726] SKIPPED: Already updated today (2025-12-07 03:00:03)
[2025-12-07 09:07:30]   [emp_id: 3727] SKIPPED: Already updated today (2025-12-07 03:00:03)
[2025-12-07 09:07:30]   [emp_id: 3728] SKIPPED: Already updated today (2025-12-07 03:00:03)
[2025-12-07 09:07:30]   [emp_id: 3742] SKIPPED: Already updated today (2025-12-07 03:00:03)
[2025-12-07 09:07:30]   [emp_id: 3767] SKIPPED: Already updated today (2025-12-07 03:00:03)
[2025-12-07 09:07:30]   [emp_id: 3768] SKIPPED: Already updated today (2025-12-07 03:00:03)
[2025-12-07 09:07:30]   [emp_id: 3787] SKIPPED: Already updated today (2025-12-07 03:00:03)
[2025-12-07 09:07:30]   [emp_id: 3790] SKIPPED: Already updated today (2025-12-07 03:00:03)
[2025-12-07 09:07:30]   [emp_id: 3795] SKIPPED: Already updated today (2025-12-07 03:00:03)
[2025-12-07 09:07:30]   [emp_id: 3798] SKIPPED: Already updated today (2025-12-07 03:00:03)
[2025-12-07 09:07:30]   [emp_id: 3801] SKIPPED: Already updated today (2025-12-07 03:00:03)
[2025-12-07 09:07:30]   [emp_id: 3802] SKIPPED: Already updated today (2025-12-07 03:00:03)
[2025-12-07 09:07:30]   [emp_id: 3803] SKIPPED: Already updated today (2025-12-07 03:00:03)
[2025-12-07 09:07:30]   [emp_id: 3810] SKIPPED: Already updated today (2025-12-07 03:00:03)
[2025-12-07 09:07:30]   [emp_id: 3812] SKIPPED: Already updated today (2025-12-07 03:00:03)
[2025-12-07 09:07:30]   [emp_id: 3815] SKIPPED: Already updated today (2025-12-07 03:00:03)
[2025-12-07 09:07:30]   [emp_id: 3836] SKIPPED: Already updated today (2025-12-07 03:00:03)
[2025-12-07 09:07:30]   [emp_id: 3855] SKIPPED: Already updated today (2025-12-07 03:00:03)
[2025-12-07 09:07:30]   [emp_id: 3857] SKIPPED: Already updated today (2025-12-07 03:00:03)
[2025-12-07 09:07:30]   [emp_id: 3862] SKIPPED: Already updated today (2025-12-07 03:00:03)
[2025-12-07 09:07:30]   [emp_id: 3866] SKIPPED: Already updated today (2025-12-07 03:00:03)
[2025-12-07 09:07:30]   [emp_id: 3876] SKIPPED: Already updated today (2025-12-07 03:00:03)
[2025-12-07 09:07:30]   [emp_id: 3877] SKIPPED: Already updated today (2025-12-07 03:00:03)
[2025-12-07 09:07:30]   [emp_id: 3897] SKIPPED: Already updated today (2025-12-07 03:00:03)
[2025-12-07 09:07:30]   [emp_id: 3899] SKIPPED: Already updated today (2025-12-07 03:00:03)
[2025-12-07 09:07:30]   [emp_id: 3928] SKIPPED: Already updated today (2025-12-07 03:00:03)
[2025-12-07 09:07:30]   [emp_id: 3929] SKIPPED: Already updated today (2025-12-07 03:00:03)
[2025-12-07 09:07:30]   [emp_id: 3935] SKIPPED: Already updated today (2025-12-07 03:00:03)
[2025-12-07 09:07:30]   [emp_id: 3952] SKIPPED: Already updated today (2025-12-07 03:00:03)
[2025-12-07 09:07:30]   [emp_id: 3987] SKIPPED: Already updated today (2025-12-07 03:00:03)
[2025-12-07 09:07:30]   [emp_id: 4059] SKIPPED: Already updated today (2025-12-07 03:00:03)
[2025-12-07 09:07:30]   [emp_id: 4119] SKIPPED: Already updated today (2025-12-07 03:00:03)
[2025-12-07 09:07:30]   [emp_id: 4120] SKIPPED: Already updated today (2025-12-07 03:00:03)
[2025-12-07 09:07:30]   [emp_id: 4124] SKIPPED: Already updated today (2025-12-07 03:00:03)
[2025-12-07 09:07:30]   [emp_id: 4133] SKIPPED: Already updated today (2025-12-07 03:00:03)
[2025-12-07 09:07:30]   [emp_id: 4134] SKIPPED: Already updated today (2025-12-07 03:00:03)
[2025-12-07 09:07:30]   [emp_id: 4136] SKIPPED: Already updated today (2025-12-07 03:00:03)
[2025-12-07 09:07:30]   [emp_id: 4150] SKIPPED: Already updated today (2025-12-07 03:00:03)
[2025-12-07 09:07:30]   [emp_id: 4157] SKIPPED: Already updated today (2025-12-07 03:00:03)
[2025-12-07 09:07:30]   [emp_id: 4172] SKIPPED: Already updated today (2025-12-07 03:00:03)
[2025-12-07 09:07:30]   [emp_id: 4195] SKIPPED: Already updated today (2025-12-07 03:00:03)
[2025-12-07 09:07:30]   [emp_id: 4215] SKIPPED: Already updated today (2025-12-07 03:00:03)
[2025-12-07 09:07:30]   [emp_id: 4220] SKIPPED: Already updated today (2025-12-07 03:00:03)
[2025-12-07 09:07:30]   [emp_id: 4273] SKIPPED: Already updated today (2025-12-07 03:00:03)
[2025-12-07 09:07:30]   [emp_id: 4283] SKIPPED: Already updated today (2025-12-07 03:00:03)
[2025-12-07 09:07:30]   [emp_id: 4288] SKIPPED: Already updated today (2025-12-07 03:00:03)
[2025-12-07 09:07:30]   [emp_id: 4315] SKIPPED: Already updated today (2025-12-07 03:00:03)
[2025-12-07 09:07:30]   [emp_id: 4328] SKIPPED: Already updated today (2025-12-07 03:00:03)
[2025-12-07 09:07:30]   [emp_id: 4329] SKIPPED: Already updated today (2025-12-07 03:00:03)
[2025-12-07 09:07:30]   [emp_id: 4338] SKIPPED: Already updated today (2025-12-07 03:00:03)
[2025-12-07 09:07:30]   [emp_id: 4340] SKIPPED: Already updated today (2025-12-07 03:00:03)
[2025-12-07 09:07:30]   [emp_id: 4365] SKIPPED: Already updated today (2025-12-07 03:00:03)
[2025-12-07 09:07:30]   [emp_id: 4366] SKIPPED: Already updated today (2025-12-07 03:00:03)
[2025-12-07 09:07:30]   [emp_id: 4385] SKIPPED: Already updated today (2025-12-07 03:00:03)
[2025-12-07 09:07:30]   [emp_id: 4403] SKIPPED: Already updated today (2025-12-07 03:00:03)
[2025-12-07 09:07:30]   [emp_id: 4438] SKIPPED: Already updated today (2025-12-07 03:00:03)
[2025-12-07 09:07:30]   [emp_id: 4465] SKIPPED: Already updated today (2025-12-07 03:00:03)
[2025-12-07 09:07:30]   [emp_id: 4473] SKIPPED: Already updated today (2025-12-07 03:00:03)
[2025-12-07 09:07:30]   [emp_id: 4474] SKIPPED: Already updated today (2025-12-07 03:00:03)
[2025-12-07 09:07:30]   [emp_id: 4493] SKIPPED: Already updated today (2025-12-07 03:00:03)
[2025-12-07 09:07:30]   [emp_id: 4526] SKIPPED: Already updated today (2025-12-07 03:00:03)
[2025-12-07 09:07:30]   [emp_id: 4528] SKIPPED: Already updated today (2025-12-07 03:00:03)
[2025-12-07 09:07:30]   [emp_id: 4528] SKIPPED: Already updated today (2025-12-07 03:00:03)
[2025-12-07 09:07:30]   [emp_id: 4532] SKIPPED: Already updated today (2025-12-07 03:00:03)
[2025-12-07 09:07:30]   [emp_id: 4533] SKIPPED: Already updated today (2025-12-07 03:00:03)
[2025-12-07 09:07:30]   [emp_id: 4564] SKIPPED: Already updated today (2025-12-07 03:00:03)
[2025-12-07 09:07:30]   [emp_id: 4565] SKIPPED: Already updated today (2025-12-07 03:00:03)
[2025-12-07 09:07:30]   [emp_id: 4567] SKIPPED: Already updated today (2025-12-07 03:00:03)
[2025-12-07 09:07:30]   [emp_id: 4572] SKIPPED: Already updated today (2025-12-07 03:00:03)
[2025-12-07 09:07:30]   [emp_id: 4631] SKIPPED: Already updated today (2025-12-07 03:00:03)
[2025-12-07 09:07:30]   [emp_id: 4655] SKIPPED: Already updated today (2025-12-07 03:00:03)
[2025-12-07 09:07:30]   [emp_id: 4689] SKIPPED: Already updated today (2025-12-07 03:00:03)
[2025-12-07 09:07:30]   [emp_id: 4709] SKIPPED: Already updated today (2025-12-07 03:00:03)
[2025-12-07 09:07:30]   [emp_id: 4717] SKIPPED: Already updated today (2025-12-07 03:00:03)
[2025-12-07 09:07:30]   [emp_id: 4736] SKIPPED: Already updated today (2025-12-07 03:00:03)
[2025-12-07 09:07:30]   [emp_id: 4756] SKIPPED: Already updated today (2025-12-07 03:00:03)
[2025-12-07 09:07:30]   [emp_id: 4768] SKIPPED: Already updated today (2025-12-07 03:00:03)
[2025-12-07 09:07:30]   [emp_id: 4780] SKIPPED: Already updated today (2025-12-07 03:00:03)
[2025-12-07 09:07:30]   [emp_id: 4820] SKIPPED: Already updated today (2025-12-07 03:00:03)
[2025-12-07 09:07:30]   [emp_id: 4825] SKIPPED: Already updated today (2025-12-07 03:00:03)
[2025-12-07 09:07:30]   [emp_id: 4835] SKIPPED: Already updated today (2025-12-07 03:00:03)
[2025-12-07 09:07:30]   [emp_id: 4837] SKIPPED: Already updated today (2025-12-07 03:00:03)
[2025-12-07 09:07:30]   [emp_id: 4838] SKIPPED: Already updated today (2025-12-07 03:00:03)
[2025-12-07 09:07:30]   [emp_id: 4840] SKIPPED: Already updated today (2025-12-07 03:00:03)
[2025-12-07 09:07:30]   [emp_id: 4842] SKIPPED: Already updated today (2025-12-07 03:00:03)
[2025-12-07 09:07:30]   [emp_id: 4843] SKIPPED: Already updated today (2025-12-07 03:00:03)
[2025-12-07 09:07:30]   [emp_id: 4853] SKIPPED: Already updated today (2025-12-07 03:00:03)
[2025-12-07 09:07:30]   [emp_id: 4856] SKIPPED: Already updated today (2025-12-07 03:00:03)
[2025-12-07 09:07:30]   [emp_id: 4857] SKIPPED: Already updated today (2025-12-07 03:00:03)
[2025-12-07 09:07:30]   [emp_id: 4858] SKIPPED: Already updated today (2025-12-07 03:00:03)
[2025-12-07 09:07:30]   [emp_id: 4859] SKIPPED: Already updated today (2025-12-07 03:00:03)
[2025-12-07 09:07:30]   [emp_id: 4860] SKIPPED: Already updated today (2025-12-07 03:00:03)
[2025-12-07 09:07:30]   [emp_id: 4861] SKIPPED: Already updated today (2025-12-07 03:00:03)
[2025-12-07 09:07:30]   [emp_id: 4869] SKIPPED: Already updated today (2025-12-07 03:00:03)
[2025-12-07 09:07:30]   [emp_id: 4894] SKIPPED: Already updated today (2025-12-07 03:00:03)
[2025-12-07 09:07:30]   [emp_id: 4897] SKIPPED: Already updated today (2025-12-07 03:00:03)
[2025-12-07 09:07:30]   [emp_id: 4899] SKIPPED: Already updated today (2025-12-07 03:00:03)
[2025-12-07 09:07:30]   [emp_id: 4902] SKIPPED: Already updated today (2025-12-07 03:00:03)
[2025-12-07 09:07:30]   [emp_id: 4903] SKIPPED: Already updated today (2025-12-07 03:00:03)
[2025-12-07 09:07:30]   [emp_id: 4905] SKIPPED: Already updated today (2025-12-07 03:00:03)
[2025-12-07 09:07:30]   [emp_id: 4907] SKIPPED: Already updated today (2025-12-07 03:00:03)
[2025-12-07 09:07:30]   [emp_id: 4917] SKIPPED: Already updated today (2025-12-07 03:00:03)
[2025-12-07 09:07:30]   [emp_id: 4918] SKIPPED: Already updated today (2025-12-07 03:00:03)
[2025-12-07 09:07:30]   [emp_id: 4919] SKIPPED: Already updated today (2025-12-07 03:00:03)
[2025-12-07 09:07:30]   [emp_id: 4920] SKIPPED: Already updated today (2025-12-07 03:00:03)
[2025-12-07 09:07:30]   [emp_id: 4921] SKIPPED: Already updated today (2025-12-07 03:00:03)
[2025-12-07 09:07:30]   [emp_id: 4927] SKIPPED: Already updated today (2025-12-07 03:00:03)
[2025-12-07 09:07:30]   [emp_id: 4929] SKIPPED: Already updated today (2025-12-07 03:00:03)
[2025-12-07 09:07:30]   [emp_id: 4930] SKIPPED: Already updated today (2025-12-07 03:00:03)
[2025-12-07 09:07:30]   [emp_id: 4932] SKIPPED: Already updated today (2025-12-07 03:00:03)
[2025-12-07 09:07:30]   [emp_id: 4933] SKIPPED: Already updated today (2025-12-07 03:00:03)
[2025-12-07 09:07:30]   [emp_id: 4949] SKIPPED: Already updated today (2025-12-07 03:00:03)
[2025-12-07 09:07:30]   [emp_id: 4956] SKIPPED: Already updated today (2025-12-07 03:00:03)
[2025-12-07 09:07:30]   [emp_id: 4957] SKIPPED: Already updated today (2025-12-07 03:00:03)
[2025-12-07 09:07:30]   [emp_id: 4962] SKIPPED: Already updated today (2025-12-07 03:00:03)
[2025-12-07 09:07:30]   [emp_id: 4969] SKIPPED: Already updated today (2025-12-07 03:00:03)
[2025-12-07 09:07:30]   [emp_id: 4976] SKIPPED: Already updated today (2025-12-07 03:00:03)
[2025-12-07 09:07:30]   [emp_id: 4984] SKIPPED: Already updated today (2025-12-07 03:00:03)
[2025-12-07 09:07:30]   [emp_id: 4995] SKIPPED: Already updated today (2025-12-07 03:00:03)
[2025-12-07 09:07:30]   [emp_id: 5004] SKIPPED: Already updated today (2025-12-07 03:00:03)
[2025-12-07 09:07:30]   [emp_id: 5006] SKIPPED: Already updated today (2025-12-07 03:00:03)
[2025-12-07 09:07:30]   [emp_id: 5011] SKIPPED: Already updated today (2025-12-07 03:00:03)
[2025-12-07 09:07:30]   [emp_id: 5013] SKIPPED: Already updated today (2025-12-07 03:00:03)
[2025-12-07 09:07:30]   [emp_id: 5018] SKIPPED: Already updated today (2025-12-07 03:00:03)
[2025-12-07 09:07:30]   [emp_id: 5021] SKIPPED: Already updated today (2025-12-07 03:00:03)
[2025-12-07 09:07:30]   [emp_id: 5021] SKIPPED: Already updated today (2025-12-07 03:00:03)
[2025-12-07 09:07:30]   [emp_id: 5024] SKIPPED: Already updated today (2025-12-07 03:00:03)
[2025-12-07 09:07:30]   [emp_id: 5029] SKIPPED: Already updated today (2025-12-07 03:00:03)
[2025-12-07 09:07:30]   [emp_id: 5030] SKIPPED: Already updated today (2025-12-07 03:00:03)
[2025-12-07 09:07:30]   [emp_id: 5033] SKIPPED: Already updated today (2025-12-07 03:00:03)
[2025-12-07 09:07:30]   [emp_id: 5043] SKIPPED: Already updated today (2025-12-07 03:00:03)
[2025-12-07 09:07:30]   [emp_id: 5045] SKIPPED: Already updated today (2025-12-07 03:00:03)
[2025-12-07 09:07:30]   [emp_id: 5046] SKIPPED: Already updated today (2025-12-07 03:00:03)
[2025-12-07 09:07:30]   [emp_id: 5049] SKIPPED: Already updated today (2025-12-07 03:00:03)
[2025-12-07 09:07:30]   [emp_id: 5052] SKIPPED: Already updated today (2025-12-07 03:00:03)
[2025-12-07 09:07:30]   [emp_id: 5055] SKIPPED: Already updated today (2025-12-07 03:00:03)
[2025-12-07 09:07:30]   [emp_id: 5058] SKIPPED: Already updated today (2025-12-07 03:00:03)
[2025-12-07 09:07:30]   [emp_id: 5062] SKIPPED: Already updated today (2025-12-07 03:00:03)
[2025-12-07 09:07:30]   [emp_id: 5064] SKIPPED: Already updated today (2025-12-07 03:00:03)
[2025-12-07 09:07:30]   [emp_id: 5065] SKIPPED: Already updated today (2025-12-07 03:00:03)
[2025-12-07 09:07:30]   [emp_id: 5071] SKIPPED: Already updated today (2025-12-07 03:00:03)
[2025-12-07 09:07:30]   [emp_id: 5073] SKIPPED: Already updated today (2025-12-07 03:00:03)
[2025-12-07 09:07:30]   [emp_id: 5079] SKIPPED: Already updated today (2025-12-07 03:00:03)
[2025-12-07 09:07:30]   [emp_id: 5080] SKIPPED: Already updated today (2025-12-07 03:00:03)
[2025-12-07 09:07:30]   [emp_id: 5081] SKIPPED: Already updated today (2025-12-07 03:00:03)
[2025-12-07 09:07:30]   [emp_id: 5087] SKIPPED: Already updated today (2025-12-07 03:00:03)
[2025-12-07 09:07:30]   [emp_id: 5091] SKIPPED: Already updated today (2025-12-07 03:00:03)
[2025-12-07 09:07:30]   [emp_id: 5093] SKIPPED: Already updated today (2025-12-07 03:00:03)
[2025-12-07 09:07:30]   [emp_id: 5095] SKIPPED: Already updated today (2025-12-07 03:00:03)
[2025-12-07 09:07:30]   [emp_id: 5101] SKIPPED: Already updated today (2025-12-07 03:00:04)
[2025-12-07 09:07:30]   [emp_id: 5107] SKIPPED: Already updated today (2025-12-07 03:00:04)
[2025-12-07 09:07:30]   [emp_id: 5109] SKIPPED: Already updated today (2025-12-07 03:00:04)
[2025-12-07 09:07:30]   [emp_id: 5119] SKIPPED: Already updated today (2025-12-07 03:00:04)
[2025-12-07 09:07:30]   [emp_id: 5122] SKIPPED: Already updated today (2025-12-07 03:00:04)
[2025-12-07 09:07:30]   [emp_id: 5126] SKIPPED: Already updated today (2025-12-07 03:00:04)
[2025-12-07 09:07:30]   [emp_id: 5127] SKIPPED: Already updated today (2025-12-07 03:00:04)
[2025-12-07 09:07:30]   [emp_id: 5128] SKIPPED: Already updated today (2025-12-07 03:00:04)
[2025-12-07 09:07:30]   [emp_id: 5138] SKIPPED: Already updated today (2025-12-07 03:00:04)
[2025-12-07 09:07:30]   [emp_id: 5138] SKIPPED: Already updated today (2025-12-07 03:00:04)
[2025-12-07 09:07:30]   [emp_id: 5141] SKIPPED: Already updated today (2025-12-07 03:00:04)
[2025-12-07 09:07:30]   [emp_id: 5142] SKIPPED: Already updated today (2025-12-07 03:00:04)
[2025-12-07 09:07:30]   [emp_id: 5146] SKIPPED: Already updated today (2025-12-07 03:00:04)
[2025-12-07 09:07:30]   [emp_id: 5147] SKIPPED: Already updated today (2025-12-07 03:00:04)
[2025-12-07 09:07:30]   [emp_id: 5148] SKIPPED: Already updated today (2025-12-07 03:00:04)
[2025-12-07 09:07:30]   [emp_id: 5149] SKIPPED: Already updated today (2025-12-07 03:00:04)
[2025-12-07 09:07:30]   [emp_id: 5150] SKIPPED: Already updated today (2025-12-07 03:00:04)
[2025-12-07 09:07:30]   [emp_id: 5151] SKIPPED: Already updated today (2025-12-07 03:00:04)
[2025-12-07 09:07:30]   [emp_id: 5152] SKIPPED: Already updated today (2025-12-07 03:00:04)
[2025-12-07 09:07:30]   [emp_id: 5157] SKIPPED: Already updated today (2025-12-07 03:00:04)
[2025-12-07 09:07:30]   [emp_id: 5160] SKIPPED: Already updated today (2025-12-07 03:00:04)
[2025-12-07 09:07:30]   [emp_id: 5163] SKIPPED: Already updated today (2025-12-07 03:00:04)
[2025-12-07 09:07:30]   [emp_id: 5165] SKIPPED: Already updated today (2025-12-07 03:00:04)
[2025-12-07 09:07:30]   [emp_id: 5167] SKIPPED: Already updated today (2025-12-07 03:00:04)
[2025-12-07 09:07:30]   [emp_id: 5168] SKIPPED: Already updated today (2025-12-07 03:00:04)
[2025-12-07 09:07:30]   [emp_id: 5173] SKIPPED: Already updated today (2025-12-07 03:00:04)
[2025-12-07 09:07:30]   [emp_id: 5174] SKIPPED: Already updated today (2025-12-07 03:00:04)
[2025-12-07 09:07:30]   [emp_id: 5181] SKIPPED: Already updated today (2025-12-07 03:00:04)
[2025-12-07 09:07:30]   [emp_id: 5186] SKIPPED: Already updated today (2025-12-07 03:00:04)
[2025-12-07 09:07:30]   [emp_id: 5187] SKIPPED: Already updated today (2025-12-07 03:00:04)
[2025-12-07 09:07:30]   [emp_id: 5204] SKIPPED: Already updated today (2025-12-07 03:00:04)
[2025-12-07 09:07:30]   [emp_id: 5205] SKIPPED: Already updated today (2025-12-07 03:00:04)
[2025-12-07 09:07:30]   [emp_id: 5209] SKIPPED: Already updated today (2025-12-07 03:00:04)
[2025-12-07 09:07:30]   [emp_id: 5211] SKIPPED: Already updated today (2025-12-07 03:00:04)
[2025-12-07 09:07:30]   [emp_id: 5213] SKIPPED: Already updated today (2025-12-07 03:00:04)
[2025-12-07 09:07:30]   [emp_id: 5214] SKIPPED: Already updated today (2025-12-07 03:00:04)
[2025-12-07 09:07:30]   [emp_id: 5215] SKIPPED: Already updated today (2025-12-07 03:00:04)
[2025-12-07 09:07:30]   [emp_id: 5217] SKIPPED: Already updated today (2025-12-07 03:00:04)
[2025-12-07 09:07:30]   [emp_id: 5218] SKIPPED: Already updated today (2025-12-07 03:00:04)
[2025-12-07 09:07:30]   [emp_id: 5219] SKIPPED: Already updated today (2025-12-07 03:00:04)
[2025-12-07 09:07:30]   [emp_id: 5221] SKIPPED: Already updated today (2025-12-07 03:00:04)
[2025-12-07 09:07:30]   [emp_id: 5224] SKIPPED: Already updated today (2025-12-07 03:00:04)
[2025-12-07 09:07:30]   [emp_id: 5225] SKIPPED: Already updated today (2025-12-07 03:00:04)
[2025-12-07 09:07:30]   [emp_id: 5228] SKIPPED: Already updated today (2025-12-07 03:00:04)
[2025-12-07 09:07:30]   [emp_id: 5229] SKIPPED: Already updated today (2025-12-07 03:00:04)
[2025-12-07 09:07:30]   [emp_id: 5230] SKIPPED: Already updated today (2025-12-07 03:00:04)
[2025-12-07 09:07:30]   [emp_id: 5231] SKIPPED: Already updated today (2025-12-07 03:00:04)
[2025-12-07 09:07:30]   [emp_id: 5232] SKIPPED: Already updated today (2025-12-07 03:00:04)
[2025-12-07 09:07:30]   [emp_id: 5233] SKIPPED: Already updated today (2025-12-07 03:00:04)
[2025-12-07 09:07:30]   [emp_id: 5234] SKIPPED: Already updated today (2025-12-07 03:00:04)
[2025-12-07 09:07:30]   [emp_id: 5235] SKIPPED: Already updated today (2025-12-07 03:00:04)
[2025-12-07 09:07:30]   [emp_id: 5237] SKIPPED: Already updated today (2025-12-07 03:00:04)
[2025-12-07 09:07:30]   [emp_id: 5238] SKIPPED: Already updated today (2025-12-07 03:00:04)
[2025-12-07 09:07:30]   [emp_id: 5239] SKIPPED: Already updated today (2025-12-07 03:00:04)
[2025-12-07 09:07:30]   [emp_id: 5241] SKIPPED: Already updated today (2025-12-07 03:00:04)
[2025-12-07 09:07:30]   [emp_id: 5242] SKIPPED: Already updated today (2025-12-07 03:00:04)
[2025-12-07 09:07:30]   [emp_id: 5243] SKIPPED: Already updated today (2025-12-07 03:00:04)
[2025-12-07 09:07:30]   [emp_id: 5244] SKIPPED: Already updated today (2025-12-07 03:00:04)
[2025-12-07 09:07:30]   [emp_id: 5246] SKIPPED: Already updated today (2025-12-07 03:00:04)
[2025-12-07 09:07:30]   [emp_id: 5253] SKIPPED: Already updated today (2025-12-07 03:00:04)
[2025-12-07 09:07:30]   [emp_id: 5254] SKIPPED: Already updated today (2025-12-07 03:00:04)
[2025-12-07 09:07:30]   [emp_id: 5257] SKIPPED: Already updated today (2025-12-07 03:00:04)
[2025-12-07 09:07:30]   [emp_id: 5259] SKIPPED: Already updated today (2025-12-07 03:00:04)
[2025-12-07 09:07:30]   [emp_id: 5261] SKIPPED: Already updated today (2025-12-07 03:00:04)
[2025-12-07 09:07:30]   [emp_id: 5264] SKIPPED: Already updated today (2025-12-07 03:00:04)
[2025-12-07 09:07:30]   [emp_id: 5266] SKIPPED: Already updated today (2025-12-07 03:00:04)
[2025-12-07 09:07:30]   [emp_id: 5268] SKIPPED: Already updated today (2025-12-07 03:00:04)
[2025-12-07 09:07:30]   [emp_id: 5271] SKIPPED: Already updated today (2025-12-07 03:00:04)
[2025-12-07 09:07:30]   [emp_id: 5272] SKIPPED: Already updated today (2025-12-07 03:00:04)
[2025-12-07 09:07:30]   [emp_id: 5273] SKIPPED: Already updated today (2025-12-07 03:00:04)
[2025-12-07 09:07:30]   [emp_id: 5275] SKIPPED: Already updated today (2025-12-07 03:00:04)
[2025-12-07 09:07:30]   [emp_id: 5276] SKIPPED: Already updated today (2025-12-07 03:00:04)
[2025-12-07 09:07:30]   [emp_id: 5278] SKIPPED: Already updated today (2025-12-07 03:00:04)
[2025-12-07 09:07:30]   [emp_id: 5280] SKIPPED: Already updated today (2025-12-07 03:00:04)
[2025-12-07 09:07:30]   [emp_id: 5282] SKIPPED: Already updated today (2025-12-07 03:00:04)
[2025-12-07 09:07:30]   [emp_id: 5285] SKIPPED: Already updated today (2025-12-07 03:00:04)
[2025-12-07 09:07:30]   [emp_id: 5286] SKIPPED: Already updated today (2025-12-07 03:00:04)
[2025-12-07 09:07:30]   [emp_id: 5287] SKIPPED: Already updated today (2025-12-07 03:00:04)
[2025-12-07 09:07:30]   [emp_id: 5288] SKIPPED: Already updated today (2025-12-07 03:00:04)
[2025-12-07 09:07:30]   [emp_id: 5289] SKIPPED: Already updated today (2025-12-07 03:00:04)
[2025-12-07 09:07:30]   [emp_id: 5290] SKIPPED: Already updated today (2025-12-07 03:00:04)
[2025-12-07 09:07:30]   [emp_id: 5291] SKIPPED: Already updated today (2025-12-07 03:00:04)
[2025-12-07 09:07:30]   [emp_id: 5292] SKIPPED: Already updated today (2025-12-07 03:00:04)
[2025-12-07 09:07:30]   [emp_id: 5293] SKIPPED: Already updated today (2025-12-07 03:00:04)
[2025-12-07 09:07:30]   [emp_id: 5294] SKIPPED: Already updated today (2025-12-07 03:00:04)
[2025-12-07 09:07:30]   [emp_id: 5295] SKIPPED: Already updated today (2025-12-07 03:00:04)
[2025-12-07 09:07:30]   [emp_id: 5296] SKIPPED: Already updated today (2025-12-07 03:00:04)
[2025-12-07 09:07:30]   [emp_id: 5297] SKIPPED: Already updated today (2025-12-07 03:00:04)
[2025-12-07 09:07:30]   [emp_id: 5298] SKIPPED: Already updated today (2025-12-07 03:00:04)
[2025-12-07 09:07:30]   [emp_id: 5299] SKIPPED: Already updated today (2025-12-07 03:00:04)
[2025-12-07 09:07:30]   [emp_id: 5300] SKIPPED: Already updated today (2025-12-07 03:00:04)
[2025-12-07 09:07:30]   [emp_id: 5301] SKIPPED: Already updated today (2025-12-07 03:00:04)
[2025-12-07 09:07:30]   [emp_id: 5303] SKIPPED: Already updated today (2025-12-07 03:00:04)
[2025-12-07 09:07:30]   [emp_id: 5304] SKIPPED: Already updated today (2025-12-07 03:00:04)
[2025-12-07 09:07:30]   [emp_id: 5305] SKIPPED: Already updated today (2025-12-07 03:00:04)
[2025-12-07 09:07:30]   [emp_id: 5306] SKIPPED: Already updated today (2025-12-07 03:00:04)
[2025-12-07 09:07:30]   [emp_id: 5307] SKIPPED: Already updated today (2025-12-07 03:00:04)
[2025-12-07 09:07:30]   [emp_id: 5312] SKIPPED: Already updated today (2025-12-07 03:00:04)
[2025-12-07 09:07:30]   [emp_id: 5318] SKIPPED: Already updated today (2025-12-07 03:00:04)
[2025-12-07 09:07:30]   [emp_id: 5325] SKIPPED: Already updated today (2025-12-07 03:00:04)
[2025-12-07 09:07:30]   [emp_id: 5326] SKIPPED: Already updated today (2025-12-07 03:00:04)
[2025-12-07 09:07:30]   [emp_id: 5327] SKIPPED: Already updated today (2025-12-07 03:00:04)
[2025-12-07 09:07:30]   [emp_id: 5328] SKIPPED: Already updated today (2025-12-07 03:00:04)
[2025-12-07 09:07:30]   [emp_id: 5329] SKIPPED: Already updated today (2025-12-07 03:00:04)
[2025-12-07 09:07:30]   [emp_id: 5331] SKIPPED: Already updated today (2025-12-07 03:00:04)
[2025-12-07 09:07:30]   [emp_id: 5337] SKIPPED: Already updated today (2025-12-07 03:00:04)
[2025-12-07 09:07:30]   [emp_id: 5339] SKIPPED: Already updated today (2025-12-07 03:00:04)
[2025-12-07 09:07:30]   [emp_id: 5343] SKIPPED: Already updated today (2025-12-07 03:00:04)
[2025-12-07 09:07:30]   [emp_id: 5343] SKIPPED: Already updated today (2025-12-07 03:00:04)
[2025-12-07 09:07:30]   [emp_id: 5345] SKIPPED: Already updated today (2025-12-07 03:00:04)
[2025-12-07 09:07:30]   [emp_id: 5346] SKIPPED: Already updated today (2025-12-07 03:00:04)
[2025-12-07 09:07:30]   [emp_id: 5351] SKIPPED: Already updated today (2025-12-07 03:00:04)
[2025-12-07 09:07:30]   [emp_id: 5352] SKIPPED: Already updated today (2025-12-07 03:00:04)
[2025-12-07 09:07:30]   [emp_id: 5370] SKIPPED: Already updated today (2025-12-07 03:00:04)
[2025-12-07 09:07:30]   [emp_id: 5371] SKIPPED: Already updated today (2025-12-07 03:00:04)
[2025-12-07 09:07:30]   [emp_id: 5376] SKIPPED: Already updated today (2025-12-07 03:00:04)
[2025-12-07 09:07:30]   [emp_id: 5378] SKIPPED: Already updated today (2025-12-07 03:00:04)
[2025-12-07 09:07:30]   [emp_id: 5380] SKIPPED: Already updated today (2025-12-07 03:00:04)
[2025-12-07 09:07:30]   [emp_id: 5381] SKIPPED: Already updated today (2025-12-07 03:00:04)
[2025-12-07 09:07:30]   [emp_id: 5383] SKIPPED: Already updated today (2025-12-07 03:00:04)
[2025-12-07 09:07:30]   [emp_id: 5388] SKIPPED: Already updated today (2025-12-07 03:00:04)
[2025-12-07 09:07:30]   [emp_id: 5392] SKIPPED: Already updated today (2025-12-07 03:00:04)
[2025-12-07 09:07:30]   [emp_id: 5396] SKIPPED: Already updated today (2025-12-07 03:00:04)
[2025-12-07 09:07:30]   [emp_id: 5397] SKIPPED: Already updated today (2025-12-07 03:00:04)
[2025-12-07 09:07:30]   [emp_id: 5401] SKIPPED: Already updated today (2025-12-07 03:00:04)
[2025-12-07 09:07:30]   [emp_id: 5402] SKIPPED: Already updated today (2025-12-07 03:00:04)
[2025-12-07 09:07:30]   [emp_id: 5406] SKIPPED: Already updated today (2025-12-07 03:00:04)
[2025-12-07 09:07:30]   [emp_id: 5407] SKIPPED: Already updated today (2025-12-07 03:00:04)
[2025-12-07 09:07:30]   [emp_id: 5408] SKIPPED: Already updated today (2025-12-07 03:00:04)
[2025-12-07 09:07:30]   [emp_id: 5409] SKIPPED: Already updated today (2025-12-07 03:00:04)
[2025-12-07 09:07:30]   [emp_id: 5413] SKIPPED: Already updated today (2025-12-07 03:00:04)
[2025-12-07 09:07:30]   [emp_id: 5414] SKIPPED: Already updated today (2025-12-07 03:00:04)
[2025-12-07 09:07:30]   [emp_id: 5415] SKIPPED: Already updated today (2025-12-07 03:00:04)
[2025-12-07 09:07:30]   [emp_id: 5418] SKIPPED: Already updated today (2025-12-07 03:00:04)
[2025-12-07 09:07:30]   [emp_id: 5422] SKIPPED: Already updated today (2025-12-07 03:00:04)
[2025-12-07 09:07:30]   [emp_id: 5423] SKIPPED: Already updated today (2025-12-07 03:00:04)
[2025-12-07 09:07:30]   [emp_id: 5423] SKIPPED: Already updated today (2025-12-07 03:00:04)
[2025-12-07 09:07:30]   [emp_id: 5423] SKIPPED: Already updated today (2025-12-07 03:00:04)
[2025-12-07 09:07:30]   [emp_id: 5424] SKIPPED: Already updated today (2025-12-07 03:00:04)
[2025-12-07 09:07:30]   [emp_id: 5425] SKIPPED: Already updated today (2025-12-07 03:00:04)
[2025-12-07 09:07:30]   [emp_id: 5426] SKIPPED: Already updated today (2025-12-07 03:00:04)
[2025-12-07 09:07:30]   [emp_id: 5426] SKIPPED: Already updated today (2025-12-07 03:00:04)
[2025-12-07 09:07:30]   [emp_id: 5427] SKIPPED: Already updated today (2025-12-07 03:00:04)
[2025-12-07 09:07:30]   [emp_id: 5428] SKIPPED: Already updated today (2025-12-07 03:00:04)
[2025-12-07 09:07:30]   [emp_id: 5430] SKIPPED: Already updated today (2025-12-07 03:00:04)
[2025-12-07 09:07:30]   [emp_id: 5431] SKIPPED: Already updated today (2025-12-07 03:00:04)
[2025-12-07 09:07:30]   [emp_id: 5434] SKIPPED: Already updated today (2025-12-07 03:00:04)
[2025-12-07 09:07:30]   [emp_id: 5435] SKIPPED: Already updated today (2025-12-07 03:00:04)
[2025-12-07 09:07:30]   [emp_id: 5436] SKIPPED: Already updated today (2025-12-07 03:00:04)
[2025-12-07 09:07:30]   [emp_id: 5438] SKIPPED: Already updated today (2025-12-07 03:00:04)
[2025-12-07 09:07:30]   [emp_id: 5439] SKIPPED: Already updated today (2025-12-07 03:00:04)
[2025-12-07 09:07:30]   [emp_id: 5442] SKIPPED: Already updated today (2025-12-07 03:00:04)
[2025-12-07 09:07:30]   [emp_id: 5443] SKIPPED: Already updated today (2025-12-07 03:00:04)
[2025-12-07 09:07:30]   [emp_id: 5445] SKIPPED: Already updated today (2025-12-07 03:00:04)
[2025-12-07 09:07:30]   [emp_id: 5446] SKIPPED: Already updated today (2025-12-07 03:00:04)
[2025-12-07 09:07:30]   [emp_id: 5447] SKIPPED: Already updated today (2025-12-07 03:00:04)
[2025-12-07 09:07:30]   [emp_id: 5448] SKIPPED: Already updated today (2025-12-07 03:00:04)
[2025-12-07 09:07:30]   [emp_id: 5449] SKIPPED: Already updated today (2025-12-07 03:00:04)
[2025-12-07 09:07:30]   [emp_id: 5450] SKIPPED: Already updated today (2025-12-07 03:00:04)
[2025-12-07 09:07:30]   [emp_id: 5451] SKIPPED: Already updated today (2025-12-07 03:00:04)
[2025-12-07 09:07:30]   [emp_id: 5454] SKIPPED: Already updated today (2025-12-07 03:00:04)
[2025-12-07 09:07:30]   [emp_id: 5455] SKIPPED: Already updated today (2025-12-07 03:00:04)
[2025-12-07 09:07:30]   [emp_id: 5456] SKIPPED: Already updated today (2025-12-07 03:00:04)
[2025-12-07 09:07:30] 
[2025-12-07 09:07:30] ========== SUMMARY ==========
[2025-12-07 09:07:30] Total employees processed: 445
[2025-12-07 09:07:30] Records updated: 0
[2025-12-07 09:07:30] Balances changed: 0
[2025-12-07 09:07:30] Errors: 0
[2025-12-07 09:07:30] ========== CRON: Vacation Balance Update Completed ==========
[2025-12-07 09:07:30] 
[2025-12-07 16:31:22] ========== CRON: Vacation Balance Update Started ==========
[2025-12-07 16:31:22] Database connection established
[2025-12-07 16:31:22] Found 445 active employees with balance records to update
[2025-12-07 16:31:22] (Only employees with status=1 will be processed)
[2025-12-07 16:31:22]   [emp_id: 1061] SKIPPED: Already updated today (2025-12-07 03:00:02)
[2025-12-07 16:31:22]   [emp_id: 1496] SKIPPED: Already updated today (2025-12-07 03:00:02)
[2025-12-07 16:31:22]   [emp_id: 1500] SKIPPED: Already updated today (2025-12-07 03:00:02)
[2025-12-07 16:31:22]   [emp_id: 1574] SKIPPED: Already updated today (2025-12-07 03:00:02)
[2025-12-07 16:31:22]   [emp_id: 1673] SKIPPED: Already updated today (2025-12-07 03:00:02)
[2025-12-07 16:31:22]   [emp_id: 1685] SKIPPED: Already updated today (2025-12-07 03:00:02)
[2025-12-07 16:31:22]   [emp_id: 1764] SKIPPED: Already updated today (2025-12-07 03:00:02)
[2025-12-07 16:31:22]   [emp_id: 1805] SKIPPED: Already updated today (2025-12-07 03:00:02)
[2025-12-07 16:31:22]   [emp_id: 1822] SKIPPED: Already updated today (2025-12-07 03:00:02)
[2025-12-07 16:31:22]   [emp_id: 1837] SKIPPED: Already updated today (2025-12-07 03:00:02)
[2025-12-07 16:31:22]   [emp_id: 1857] SKIPPED: Already updated today (2025-12-07 03:00:02)
[2025-12-07 16:31:22]   [emp_id: 1861] SKIPPED: Already updated today (2025-12-07 03:00:02)
[2025-12-07 16:31:22]   [emp_id: 1872] SKIPPED: Already updated today (2025-12-07 03:00:02)
[2025-12-07 16:31:22]   [emp_id: 1897] SKIPPED: Already updated today (2025-12-07 03:00:02)
[2025-12-07 16:31:22]   [emp_id: 1916] SKIPPED: Already updated today (2025-12-07 03:00:02)
[2025-12-07 16:31:22]   [emp_id: 1928] SKIPPED: Already updated today (2025-12-07 03:00:02)
[2025-12-07 16:31:22]   [emp_id: 1931] SKIPPED: Already updated today (2025-12-07 03:00:02)
[2025-12-07 16:31:22]   [emp_id: 1944] SKIPPED: Already updated today (2025-12-07 03:00:02)
[2025-12-07 16:31:22]   [emp_id: 1996] SKIPPED: Already updated today (2025-12-07 03:00:02)
[2025-12-07 16:31:22]   [emp_id: 1997] SKIPPED: Already updated today (2025-12-07 03:00:02)
[2025-12-07 16:31:22]   [emp_id: 1998] SKIPPED: Already updated today (2025-12-07 03:00:02)
[2025-12-07 16:31:22]   [emp_id: 1999] SKIPPED: Already updated today (2025-12-07 03:00:02)
[2025-12-07 16:31:22]   [emp_id: 2009] SKIPPED: Already updated today (2025-12-07 03:00:02)
[2025-12-07 16:31:22]   [emp_id: 2048] SKIPPED: Already updated today (2025-12-07 03:00:02)
[2025-12-07 16:31:22]   [emp_id: 2057] SKIPPED: Already updated today (2025-12-07 03:00:02)
[2025-12-07 16:31:22]   [emp_id: 2079] SKIPPED: Already updated today (2025-12-07 03:00:02)
[2025-12-07 16:31:22]   [emp_id: 2181] SKIPPED: Already updated today (2025-12-07 03:00:02)
[2025-12-07 16:31:22]   [emp_id: 2190] SKIPPED: Already updated today (2025-12-07 03:00:02)
[2025-12-07 16:31:22]   [emp_id: 2212] SKIPPED: Already updated today (2025-12-07 03:00:02)
[2025-12-07 16:31:22]   [emp_id: 2226] SKIPPED: Already updated today (2025-12-07 03:00:02)
[2025-12-07 16:31:22]   [emp_id: 2238] SKIPPED: Already updated today (2025-12-07 03:00:02)
[2025-12-07 16:31:22]   [emp_id: 2285] SKIPPED: Already updated today (2025-12-07 03:00:02)
[2025-12-07 16:31:22]   [emp_id: 2287] SKIPPED: Already updated today (2025-12-07 03:00:02)
[2025-12-07 16:31:22]   [emp_id: 2288] SKIPPED: Already updated today (2025-12-07 03:00:02)
[2025-12-07 16:31:22]   [emp_id: 2290] SKIPPED: Already updated today (2025-12-07 03:00:02)
[2025-12-07 16:31:22]   [emp_id: 2316] SKIPPED: Already updated today (2025-12-07 03:00:02)
[2025-12-07 16:31:22]   [emp_id: 2337] SKIPPED: Already updated today (2025-12-07 03:00:02)
[2025-12-07 16:31:22]   [emp_id: 2352] SKIPPED: Already updated today (2025-12-07 03:00:02)
[2025-12-07 16:31:22]   [emp_id: 2358] SKIPPED: Already updated today (2025-12-07 03:00:02)
[2025-12-07 16:31:22]   [emp_id: 2361] SKIPPED: Already updated today (2025-12-07 03:00:02)
[2025-12-07 16:31:22]   [emp_id: 2363] SKIPPED: Already updated today (2025-12-07 03:00:02)
[2025-12-07 16:31:22]   [emp_id: 2364] SKIPPED: Already updated today (2025-12-07 03:00:02)
[2025-12-07 16:31:22]   [emp_id: 2367] SKIPPED: Already updated today (2025-12-07 03:00:02)
[2025-12-07 16:31:22]   [emp_id: 2368] SKIPPED: Already updated today (2025-12-07 03:00:02)
[2025-12-07 16:31:22]   [emp_id: 2372] SKIPPED: Already updated today (2025-12-07 03:00:02)
[2025-12-07 16:31:22]   [emp_id: 2376] SKIPPED: Already updated today (2025-12-07 03:00:02)
[2025-12-07 16:31:22]   [emp_id: 2423] SKIPPED: Already updated today (2025-12-07 03:00:02)
[2025-12-07 16:31:22]   [emp_id: 2519] SKIPPED: Already updated today (2025-12-07 03:00:02)
[2025-12-07 16:31:22]   [emp_id: 2522] SKIPPED: Already updated today (2025-12-07 03:00:02)
[2025-12-07 16:31:22]   [emp_id: 2530] SKIPPED: Already updated today (2025-12-07 03:00:02)
[2025-12-07 16:31:22]   [emp_id: 2539] SKIPPED: Already updated today (2025-12-07 03:00:02)
[2025-12-07 16:31:22]   [emp_id: 2541] SKIPPED: Already updated today (2025-12-07 03:00:02)
[2025-12-07 16:31:22]   [emp_id: 2550] SKIPPED: Already updated today (2025-12-07 03:00:02)
[2025-12-07 16:31:22]   [emp_id: 2553] SKIPPED: Already updated today (2025-12-07 03:00:02)
[2025-12-07 16:31:22]   [emp_id: 2554] SKIPPED: Already updated today (2025-12-07 03:00:02)
[2025-12-07 16:31:22]   [emp_id: 2565] SKIPPED: Already updated today (2025-12-07 03:00:02)
[2025-12-07 16:31:22]   [emp_id: 2572] SKIPPED: Already updated today (2025-12-07 03:00:02)
[2025-12-07 16:31:22]   [emp_id: 2637] SKIPPED: Already updated today (2025-12-07 03:00:02)
[2025-12-07 16:31:22]   [emp_id: 2642] SKIPPED: Already updated today (2025-12-07 03:00:02)
[2025-12-07 16:31:22]   [emp_id: 2645] SKIPPED: Already updated today (2025-12-07 03:00:02)
[2025-12-07 16:31:22]   [emp_id: 2648] SKIPPED: Already updated today (2025-12-07 03:00:02)
[2025-12-07 16:31:22]   [emp_id: 2654] SKIPPED: Already updated today (2025-12-07 03:00:02)
[2025-12-07 16:31:22]   [emp_id: 2688] SKIPPED: Already updated today (2025-12-07 03:00:02)
[2025-12-07 16:31:22]   [emp_id: 2690] SKIPPED: Already updated today (2025-12-07 03:00:02)
[2025-12-07 16:31:22]   [emp_id: 2709] SKIPPED: Already updated today (2025-12-07 03:00:02)
[2025-12-07 16:31:22]   [emp_id: 2745] SKIPPED: Already updated today (2025-12-07 03:00:02)
[2025-12-07 16:31:22]   [emp_id: 2843] SKIPPED: Already updated today (2025-12-07 03:00:02)
[2025-12-07 16:31:22]   [emp_id: 2854] SKIPPED: Already updated today (2025-12-07 03:00:02)
[2025-12-07 16:31:22]   [emp_id: 2869] SKIPPED: Already updated today (2025-12-07 03:00:02)
[2025-12-07 16:31:22]   [emp_id: 2876] SKIPPED: Already updated today (2025-12-07 03:00:02)
[2025-12-07 16:31:22]   [emp_id: 2924] SKIPPED: Already updated today (2025-12-07 03:00:02)
[2025-12-07 16:31:22]   [emp_id: 2953] SKIPPED: Already updated today (2025-12-07 03:00:02)
[2025-12-07 16:31:22]   [emp_id: 2961] SKIPPED: Already updated today (2025-12-07 03:00:02)
[2025-12-07 16:31:22]   [emp_id: 2975] SKIPPED: Already updated today (2025-12-07 03:00:02)
[2025-12-07 16:31:22]   [emp_id: 3013] SKIPPED: Already updated today (2025-12-07 03:00:02)
[2025-12-07 16:31:22]   [emp_id: 3014] SKIPPED: Already updated today (2025-12-07 03:00:02)
[2025-12-07 16:31:22]   [emp_id: 3015] SKIPPED: Already updated today (2025-12-07 03:00:02)
[2025-12-07 16:31:22]   [emp_id: 3018] SKIPPED: Already updated today (2025-12-07 03:00:02)
[2025-12-07 16:31:22]   [emp_id: 3025] SKIPPED: Already updated today (2025-12-07 03:00:02)
[2025-12-07 16:31:22]   [emp_id: 3037] SKIPPED: Already updated today (2025-12-07 03:00:02)
[2025-12-07 16:31:22]   [emp_id: 3047] SKIPPED: Already updated today (2025-12-07 03:00:02)
[2025-12-07 16:31:22]   [emp_id: 3061] SKIPPED: Already updated today (2025-12-07 03:00:02)
[2025-12-07 16:31:22]   [emp_id: 3062] SKIPPED: Already updated today (2025-12-07 03:00:02)
[2025-12-07 16:31:22]   [emp_id: 3074] SKIPPED: Already updated today (2025-12-07 03:00:02)
[2025-12-07 16:31:22]   [emp_id: 3089] SKIPPED: Already updated today (2025-12-07 03:00:02)
[2025-12-07 16:31:22]   [emp_id: 3090] SKIPPED: Already updated today (2025-12-07 03:00:02)
[2025-12-07 16:31:22]   [emp_id: 3091] SKIPPED: Already updated today (2025-12-07 03:00:02)
[2025-12-07 16:31:22]   [emp_id: 3092] SKIPPED: Already updated today (2025-12-07 03:00:02)
[2025-12-07 16:31:22]   [emp_id: 3105] SKIPPED: Already updated today (2025-12-07 03:00:02)
[2025-12-07 16:31:22]   [emp_id: 3134] SKIPPED: Already updated today (2025-12-07 03:00:02)
[2025-12-07 16:31:22]   [emp_id: 3140] SKIPPED: Already updated today (2025-12-07 03:00:02)
[2025-12-07 16:31:22]   [emp_id: 3144] SKIPPED: Already updated today (2025-12-07 03:00:02)
[2025-12-07 16:31:22]   [emp_id: 3156] SKIPPED: Already updated today (2025-12-07 03:00:02)
[2025-12-07 16:31:22]   [emp_id: 3162] SKIPPED: Already updated today (2025-12-07 03:00:02)
[2025-12-07 16:31:22]   [emp_id: 3163] SKIPPED: Already updated today (2025-12-07 03:00:02)
[2025-12-07 16:31:22]   [emp_id: 3198] SKIPPED: Already updated today (2025-12-07 03:00:02)
[2025-12-07 16:31:22]   [emp_id: 3205] SKIPPED: Already updated today (2025-12-07 03:00:02)
[2025-12-07 16:31:22]   [emp_id: 3209] SKIPPED: Already updated today (2025-12-07 03:00:02)
[2025-12-07 16:31:22]   [emp_id: 3223] SKIPPED: Already updated today (2025-12-07 03:00:02)
[2025-12-07 16:31:22]   [emp_id: 3224] SKIPPED: Already updated today (2025-12-07 03:00:02)
[2025-12-07 16:31:22]   [emp_id: 3230] SKIPPED: Already updated today (2025-12-07 03:00:02)
[2025-12-07 16:31:22]   [emp_id: 3231] SKIPPED: Already updated today (2025-12-07 03:00:02)
[2025-12-07 16:31:22]   [emp_id: 3233] SKIPPED: Already updated today (2025-12-07 03:00:02)
[2025-12-07 16:31:22]   [emp_id: 3249] SKIPPED: Already updated today (2025-12-07 03:00:02)
[2025-12-07 16:31:22]   [emp_id: 3250] SKIPPED: Already updated today (2025-12-07 03:00:02)
[2025-12-07 16:31:22]   [emp_id: 3252] SKIPPED: Already updated today (2025-12-07 03:00:02)
[2025-12-07 16:31:22]   [emp_id: 3254] SKIPPED: Already updated today (2025-12-07 03:00:02)
[2025-12-07 16:31:22]   [emp_id: 3255] SKIPPED: Already updated today (2025-12-07 03:00:02)
[2025-12-07 16:31:22]   [emp_id: 3256] SKIPPED: Already updated today (2025-12-07 03:00:02)
[2025-12-07 16:31:22]   [emp_id: 3263] SKIPPED: Already updated today (2025-12-07 03:00:02)
[2025-12-07 16:31:22]   [emp_id: 3265] SKIPPED: Already updated today (2025-12-07 03:00:02)
[2025-12-07 16:31:22]   [emp_id: 3280] SKIPPED: Already updated today (2025-12-07 03:00:02)
[2025-12-07 16:31:22]   [emp_id: 3286] SKIPPED: Already updated today (2025-12-07 03:00:02)
[2025-12-07 16:31:22]   [emp_id: 3294] SKIPPED: Already updated today (2025-12-07 03:00:02)
[2025-12-07 16:31:22]   [emp_id: 3321] SKIPPED: Already updated today (2025-12-07 03:00:02)
[2025-12-07 16:31:22]   [emp_id: 3325] SKIPPED: Already updated today (2025-12-07 03:00:02)
[2025-12-07 16:31:22]   [emp_id: 3329] SKIPPED: Already updated today (2025-12-07 03:00:02)
[2025-12-07 16:31:22]   [emp_id: 3330] SKIPPED: Already updated today (2025-12-07 03:00:03)
[2025-12-07 16:31:22]   [emp_id: 3332] SKIPPED: Already updated today (2025-12-07 03:00:03)
[2025-12-07 16:31:22]   [emp_id: 3370] SKIPPED: Already updated today (2025-12-07 03:00:03)
[2025-12-07 16:31:22]   [emp_id: 3384] SKIPPED: Already updated today (2025-12-07 03:00:03)
[2025-12-07 16:31:22]   [emp_id: 3386] SKIPPED: Already updated today (2025-12-07 03:00:03)
[2025-12-07 16:31:22]   [emp_id: 3431] SKIPPED: Already updated today (2025-12-07 03:00:03)
[2025-12-07 16:31:22]   [emp_id: 3497] SKIPPED: Already updated today (2025-12-07 03:00:03)
[2025-12-07 16:31:22]   [emp_id: 3532] SKIPPED: Already updated today (2025-12-07 03:00:03)
[2025-12-07 16:31:22]   [emp_id: 3586] SKIPPED: Already updated today (2025-12-07 03:00:03)
[2025-12-07 16:31:22]   [emp_id: 3602] SKIPPED: Already updated today (2025-12-07 03:00:03)
[2025-12-07 16:31:22]   [emp_id: 3618] SKIPPED: Already updated today (2025-12-07 03:00:03)
[2025-12-07 16:31:22]   [emp_id: 3622] SKIPPED: Already updated today (2025-12-07 03:00:03)
[2025-12-07 16:31:22]   [emp_id: 3627] SKIPPED: Already updated today (2025-12-07 03:00:03)
[2025-12-07 16:31:22]   [emp_id: 3665] SKIPPED: Already updated today (2025-12-07 03:00:03)
[2025-12-07 16:31:22]   [emp_id: 3705] SKIPPED: Already updated today (2025-12-07 03:00:03)
[2025-12-07 16:31:22]   [emp_id: 3724] SKIPPED: Already updated today (2025-12-07 03:00:03)
[2025-12-07 16:31:22]   [emp_id: 3726] SKIPPED: Already updated today (2025-12-07 03:00:03)
[2025-12-07 16:31:22]   [emp_id: 3727] SKIPPED: Already updated today (2025-12-07 03:00:03)
[2025-12-07 16:31:22]   [emp_id: 3728] SKIPPED: Already updated today (2025-12-07 03:00:03)
[2025-12-07 16:31:22]   [emp_id: 3742] SKIPPED: Already updated today (2025-12-07 03:00:03)
[2025-12-07 16:31:22]   [emp_id: 3767] SKIPPED: Already updated today (2025-12-07 03:00:03)
[2025-12-07 16:31:22]   [emp_id: 3768] SKIPPED: Already updated today (2025-12-07 03:00:03)
[2025-12-07 16:31:22]   [emp_id: 3787] SKIPPED: Already updated today (2025-12-07 03:00:03)
[2025-12-07 16:31:22]   [emp_id: 3790] SKIPPED: Already updated today (2025-12-07 03:00:03)
[2025-12-07 16:31:22]   [emp_id: 3795] SKIPPED: Already updated today (2025-12-07 03:00:03)
[2025-12-07 16:31:22]   [emp_id: 3798] SKIPPED: Already updated today (2025-12-07 03:00:03)
[2025-12-07 16:31:22]   [emp_id: 3801] SKIPPED: Already updated today (2025-12-07 03:00:03)
[2025-12-07 16:31:22]   [emp_id: 3802] SKIPPED: Already updated today (2025-12-07 03:00:03)
[2025-12-07 16:31:22]   [emp_id: 3803] SKIPPED: Already updated today (2025-12-07 03:00:03)
[2025-12-07 16:31:22]   [emp_id: 3810] SKIPPED: Already updated today (2025-12-07 03:00:03)
[2025-12-07 16:31:22]   [emp_id: 3812] SKIPPED: Already updated today (2025-12-07 03:00:03)
[2025-12-07 16:31:22]   [emp_id: 3815] SKIPPED: Already updated today (2025-12-07 03:00:03)
[2025-12-07 16:31:22]   [emp_id: 3836] SKIPPED: Already updated today (2025-12-07 03:00:03)
[2025-12-07 16:31:22]   [emp_id: 3855] SKIPPED: Already updated today (2025-12-07 03:00:03)
[2025-12-07 16:31:22]   [emp_id: 3857] SKIPPED: Already updated today (2025-12-07 03:00:03)
[2025-12-07 16:31:22]   [emp_id: 3862] SKIPPED: Already updated today (2025-12-07 03:00:03)
[2025-12-07 16:31:22]   [emp_id: 3866] SKIPPED: Already updated today (2025-12-07 03:00:03)
[2025-12-07 16:31:22]   [emp_id: 3876] SKIPPED: Already updated today (2025-12-07 03:00:03)
[2025-12-07 16:31:22]   [emp_id: 3877] SKIPPED: Already updated today (2025-12-07 03:00:03)
[2025-12-07 16:31:22]   [emp_id: 3897] SKIPPED: Already updated today (2025-12-07 03:00:03)
[2025-12-07 16:31:22]   [emp_id: 3899] SKIPPED: Already updated today (2025-12-07 03:00:03)
[2025-12-07 16:31:22]   [emp_id: 3928] SKIPPED: Already updated today (2025-12-07 03:00:03)
[2025-12-07 16:31:22]   [emp_id: 3929] SKIPPED: Already updated today (2025-12-07 03:00:03)
[2025-12-07 16:31:22]   [emp_id: 3935] SKIPPED: Already updated today (2025-12-07 03:00:03)
[2025-12-07 16:31:22]   [emp_id: 3952] SKIPPED: Already updated today (2025-12-07 03:00:03)
[2025-12-07 16:31:22]   [emp_id: 3987] SKIPPED: Already updated today (2025-12-07 03:00:03)
[2025-12-07 16:31:22]   [emp_id: 4059] SKIPPED: Already updated today (2025-12-07 03:00:03)
[2025-12-07 16:31:22]   [emp_id: 4119] SKIPPED: Already updated today (2025-12-07 03:00:03)
[2025-12-07 16:31:22]   [emp_id: 4120] SKIPPED: Already updated today (2025-12-07 03:00:03)
[2025-12-07 16:31:22]   [emp_id: 4124] SKIPPED: Already updated today (2025-12-07 03:00:03)
[2025-12-07 16:31:22]   [emp_id: 4133] SKIPPED: Already updated today (2025-12-07 03:00:03)
[2025-12-07 16:31:22]   [emp_id: 4134] SKIPPED: Already updated today (2025-12-07 03:00:03)
[2025-12-07 16:31:22]   [emp_id: 4136] SKIPPED: Already updated today (2025-12-07 03:00:03)
[2025-12-07 16:31:22]   [emp_id: 4150] SKIPPED: Already updated today (2025-12-07 03:00:03)
[2025-12-07 16:31:22]   [emp_id: 4157] SKIPPED: Already updated today (2025-12-07 03:00:03)
[2025-12-07 16:31:22]   [emp_id: 4172] SKIPPED: Already updated today (2025-12-07 03:00:03)
[2025-12-07 16:31:22]   [emp_id: 4195] SKIPPED: Already updated today (2025-12-07 03:00:03)
[2025-12-07 16:31:22]   [emp_id: 4215] SKIPPED: Already updated today (2025-12-07 03:00:03)
[2025-12-07 16:31:22]   [emp_id: 4220] SKIPPED: Already updated today (2025-12-07 03:00:03)
[2025-12-07 16:31:22]   [emp_id: 4273] SKIPPED: Already updated today (2025-12-07 03:00:03)
[2025-12-07 16:31:22]   [emp_id: 4283] SKIPPED: Already updated today (2025-12-07 03:00:03)
[2025-12-07 16:31:22]   [emp_id: 4288] SKIPPED: Already updated today (2025-12-07 03:00:03)
[2025-12-07 16:31:22]   [emp_id: 4315] SKIPPED: Already updated today (2025-12-07 03:00:03)
[2025-12-07 16:31:22]   [emp_id: 4328] SKIPPED: Already updated today (2025-12-07 03:00:03)
[2025-12-07 16:31:22]   [emp_id: 4329] SKIPPED: Already updated today (2025-12-07 03:00:03)
[2025-12-07 16:31:22]   [emp_id: 4338] SKIPPED: Already updated today (2025-12-07 03:00:03)
[2025-12-07 16:31:22]   [emp_id: 4340] SKIPPED: Already updated today (2025-12-07 03:00:03)
[2025-12-07 16:31:22]   [emp_id: 4365] SKIPPED: Already updated today (2025-12-07 03:00:03)
[2025-12-07 16:31:22]   [emp_id: 4366] SKIPPED: Already updated today (2025-12-07 03:00:03)
[2025-12-07 16:31:22]   [emp_id: 4385] SKIPPED: Already updated today (2025-12-07 03:00:03)
[2025-12-07 16:31:22]   [emp_id: 4403] SKIPPED: Already updated today (2025-12-07 03:00:03)
[2025-12-07 16:31:22]   [emp_id: 4438] SKIPPED: Already updated today (2025-12-07 03:00:03)
[2025-12-07 16:31:22]   [emp_id: 4465] SKIPPED: Already updated today (2025-12-07 03:00:03)
[2025-12-07 16:31:22]   [emp_id: 4473] SKIPPED: Already updated today (2025-12-07 03:00:03)
[2025-12-07 16:31:22]   [emp_id: 4474] SKIPPED: Already updated today (2025-12-07 03:00:03)
[2025-12-07 16:31:22]   [emp_id: 4493] SKIPPED: Already updated today (2025-12-07 03:00:03)
[2025-12-07 16:31:22]   [emp_id: 4526] SKIPPED: Already updated today (2025-12-07 03:00:03)
[2025-12-07 16:31:22]   [emp_id: 4528] SKIPPED: Already updated today (2025-12-07 03:00:03)
[2025-12-07 16:31:22]   [emp_id: 4528] SKIPPED: Already updated today (2025-12-07 03:00:03)
[2025-12-07 16:31:22]   [emp_id: 4532] SKIPPED: Already updated today (2025-12-07 03:00:03)
[2025-12-07 16:31:22]   [emp_id: 4533] SKIPPED: Already updated today (2025-12-07 03:00:03)
[2025-12-07 16:31:22]   [emp_id: 4564] SKIPPED: Already updated today (2025-12-07 03:00:03)
[2025-12-07 16:31:22]   [emp_id: 4565] SKIPPED: Already updated today (2025-12-07 03:00:03)
[2025-12-07 16:31:22]   [emp_id: 4567] SKIPPED: Already updated today (2025-12-07 03:00:03)
[2025-12-07 16:31:22]   [emp_id: 4572] SKIPPED: Already updated today (2025-12-07 03:00:03)
[2025-12-07 16:31:22]   [emp_id: 4631] SKIPPED: Already updated today (2025-12-07 03:00:03)
[2025-12-07 16:31:22]   [emp_id: 4655] SKIPPED: Already updated today (2025-12-07 03:00:03)
[2025-12-07 16:31:22]   [emp_id: 4689] SKIPPED: Already updated today (2025-12-07 03:00:03)
[2025-12-07 16:31:22]   [emp_id: 4709] SKIPPED: Already updated today (2025-12-07 03:00:03)
[2025-12-07 16:31:22]   [emp_id: 4717] SKIPPED: Already updated today (2025-12-07 03:00:03)
[2025-12-07 16:31:22]   [emp_id: 4736] SKIPPED: Already updated today (2025-12-07 03:00:03)
[2025-12-07 16:31:22]   [emp_id: 4756] SKIPPED: Already updated today (2025-12-07 03:00:03)
[2025-12-07 16:31:22]   [emp_id: 4768] SKIPPED: Already updated today (2025-12-07 03:00:03)
[2025-12-07 16:31:22]   [emp_id: 4780] SKIPPED: Already updated today (2025-12-07 03:00:03)
[2025-12-07 16:31:22]   [emp_id: 4820] SKIPPED: Already updated today (2025-12-07 03:00:03)
[2025-12-07 16:31:22]   [emp_id: 4825] SKIPPED: Already updated today (2025-12-07 03:00:03)
[2025-12-07 16:31:22]   [emp_id: 4835] SKIPPED: Already updated today (2025-12-07 03:00:03)
[2025-12-07 16:31:22]   [emp_id: 4837] SKIPPED: Already updated today (2025-12-07 03:00:03)
[2025-12-07 16:31:22]   [emp_id: 4838] SKIPPED: Already updated today (2025-12-07 03:00:03)
[2025-12-07 16:31:22]   [emp_id: 4840] SKIPPED: Already updated today (2025-12-07 03:00:03)
[2025-12-07 16:31:22]   [emp_id: 4842] SKIPPED: Already updated today (2025-12-07 03:00:03)
[2025-12-07 16:31:22]   [emp_id: 4843] SKIPPED: Already updated today (2025-12-07 03:00:03)
[2025-12-07 16:31:22]   [emp_id: 4853] SKIPPED: Already updated today (2025-12-07 03:00:03)
[2025-12-07 16:31:22]   [emp_id: 4856] SKIPPED: Already updated today (2025-12-07 03:00:03)
[2025-12-07 16:31:22]   [emp_id: 4857] SKIPPED: Already updated today (2025-12-07 03:00:03)
[2025-12-07 16:31:22]   [emp_id: 4858] SKIPPED: Already updated today (2025-12-07 03:00:03)
[2025-12-07 16:31:22]   [emp_id: 4859] SKIPPED: Already updated today (2025-12-07 03:00:03)
[2025-12-07 16:31:22]   [emp_id: 4860] SKIPPED: Already updated today (2025-12-07 03:00:03)
[2025-12-07 16:31:22]   [emp_id: 4861] SKIPPED: Already updated today (2025-12-07 03:00:03)
[2025-12-07 16:31:22]   [emp_id: 4869] SKIPPED: Already updated today (2025-12-07 03:00:03)
[2025-12-07 16:31:22]   [emp_id: 4894] SKIPPED: Already updated today (2025-12-07 03:00:03)
[2025-12-07 16:31:22]   [emp_id: 4897] SKIPPED: Already updated today (2025-12-07 03:00:03)
[2025-12-07 16:31:22]   [emp_id: 4899] SKIPPED: Already updated today (2025-12-07 03:00:03)
[2025-12-07 16:31:22]   [emp_id: 4902] SKIPPED: Already updated today (2025-12-07 03:00:03)
[2025-12-07 16:31:22]   [emp_id: 4903] SKIPPED: Already updated today (2025-12-07 03:00:03)
[2025-12-07 16:31:22]   [emp_id: 4905] SKIPPED: Already updated today (2025-12-07 03:00:03)
[2025-12-07 16:31:22]   [emp_id: 4907] SKIPPED: Already updated today (2025-12-07 03:00:03)
[2025-12-07 16:31:22]   [emp_id: 4917] SKIPPED: Already updated today (2025-12-07 03:00:03)
[2025-12-07 16:31:22]   [emp_id: 4918] SKIPPED: Already updated today (2025-12-07 03:00:03)
[2025-12-07 16:31:22]   [emp_id: 4919] SKIPPED: Already updated today (2025-12-07 03:00:03)
[2025-12-07 16:31:22]   [emp_id: 4920] SKIPPED: Already updated today (2025-12-07 03:00:03)
[2025-12-07 16:31:22]   [emp_id: 4921] SKIPPED: Already updated today (2025-12-07 03:00:03)
[2025-12-07 16:31:22]   [emp_id: 4927] SKIPPED: Already updated today (2025-12-07 03:00:03)
[2025-12-07 16:31:22]   [emp_id: 4929] SKIPPED: Already updated today (2025-12-07 03:00:03)
[2025-12-07 16:31:22]   [emp_id: 4930] SKIPPED: Already updated today (2025-12-07 03:00:03)
[2025-12-07 16:31:22]   [emp_id: 4932] SKIPPED: Already updated today (2025-12-07 03:00:03)
[2025-12-07 16:31:22]   [emp_id: 4933] SKIPPED: Already updated today (2025-12-07 03:00:03)
[2025-12-07 16:31:22]   [emp_id: 4949] SKIPPED: Already updated today (2025-12-07 03:00:03)
[2025-12-07 16:31:22]   [emp_id: 4956] SKIPPED: Already updated today (2025-12-07 03:00:03)
[2025-12-07 16:31:22]   [emp_id: 4957] SKIPPED: Already updated today (2025-12-07 03:00:03)
[2025-12-07 16:31:22]   [emp_id: 4962] SKIPPED: Already updated today (2025-12-07 03:00:03)
[2025-12-07 16:31:22]   [emp_id: 4969] SKIPPED: Already updated today (2025-12-07 03:00:03)
[2025-12-07 16:31:22]   [emp_id: 4976] SKIPPED: Already updated today (2025-12-07 03:00:03)
[2025-12-07 16:31:22]   [emp_id: 4984] SKIPPED: Already updated today (2025-12-07 03:00:03)
[2025-12-07 16:31:22]   [emp_id: 4995] SKIPPED: Already updated today (2025-12-07 03:00:03)
[2025-12-07 16:31:22]   [emp_id: 5004] SKIPPED: Already updated today (2025-12-07 03:00:03)
[2025-12-07 16:31:22]   [emp_id: 5006] SKIPPED: Already updated today (2025-12-07 03:00:03)
[2025-12-07 16:31:22]   [emp_id: 5011] SKIPPED: Already updated today (2025-12-07 03:00:03)
[2025-12-07 16:31:22]   [emp_id: 5013] SKIPPED: Already updated today (2025-12-07 03:00:03)
[2025-12-07 16:31:22]   [emp_id: 5018] SKIPPED: Already updated today (2025-12-07 03:00:03)
[2025-12-07 16:31:22]   [emp_id: 5021] SKIPPED: Already updated today (2025-12-07 03:00:03)
[2025-12-07 16:31:22]   [emp_id: 5021] SKIPPED: Already updated today (2025-12-07 03:00:03)
[2025-12-07 16:31:22]   [emp_id: 5024] SKIPPED: Already updated today (2025-12-07 03:00:03)
[2025-12-07 16:31:22]   [emp_id: 5029] SKIPPED: Already updated today (2025-12-07 03:00:03)
[2025-12-07 16:31:22]   [emp_id: 5030] SKIPPED: Already updated today (2025-12-07 03:00:03)
[2025-12-07 16:31:22]   [emp_id: 5033] SKIPPED: Already updated today (2025-12-07 03:00:03)
[2025-12-07 16:31:22]   [emp_id: 5043] SKIPPED: Already updated today (2025-12-07 03:00:03)
[2025-12-07 16:31:22]   [emp_id: 5045] SKIPPED: Already updated today (2025-12-07 03:00:03)
[2025-12-07 16:31:22]   [emp_id: 5046] SKIPPED: Already updated today (2025-12-07 03:00:03)
[2025-12-07 16:31:22]   [emp_id: 5049] SKIPPED: Already updated today (2025-12-07 03:00:03)
[2025-12-07 16:31:22]   [emp_id: 5052] SKIPPED: Already updated today (2025-12-07 03:00:03)
[2025-12-07 16:31:22]   [emp_id: 5055] SKIPPED: Already updated today (2025-12-07 03:00:03)
[2025-12-07 16:31:22]   [emp_id: 5058] SKIPPED: Already updated today (2025-12-07 03:00:03)
[2025-12-07 16:31:22]   [emp_id: 5062] SKIPPED: Already updated today (2025-12-07 03:00:03)
[2025-12-07 16:31:22]   [emp_id: 5064] SKIPPED: Already updated today (2025-12-07 03:00:03)
[2025-12-07 16:31:22]   [emp_id: 5065] SKIPPED: Already updated today (2025-12-07 03:00:03)
[2025-12-07 16:31:22]   [emp_id: 5071] SKIPPED: Already updated today (2025-12-07 03:00:03)
[2025-12-07 16:31:22]   [emp_id: 5073] SKIPPED: Already updated today (2025-12-07 03:00:03)
[2025-12-07 16:31:22]   [emp_id: 5079] SKIPPED: Already updated today (2025-12-07 03:00:03)
[2025-12-07 16:31:22]   [emp_id: 5080] SKIPPED: Already updated today (2025-12-07 03:00:03)
[2025-12-07 16:31:22]   [emp_id: 5081] SKIPPED: Already updated today (2025-12-07 03:00:03)
[2025-12-07 16:31:22]   [emp_id: 5087] SKIPPED: Already updated today (2025-12-07 03:00:03)
[2025-12-07 16:31:22]   [emp_id: 5091] SKIPPED: Already updated today (2025-12-07 03:00:03)
[2025-12-07 16:31:22]   [emp_id: 5093] SKIPPED: Already updated today (2025-12-07 03:00:03)
[2025-12-07 16:31:22]   [emp_id: 5095] SKIPPED: Already updated today (2025-12-07 03:00:03)
[2025-12-07 16:31:22]   [emp_id: 5101] SKIPPED: Already updated today (2025-12-07 03:00:04)
[2025-12-07 16:31:22]   [emp_id: 5107] SKIPPED: Already updated today (2025-12-07 03:00:04)
[2025-12-07 16:31:22]   [emp_id: 5109] SKIPPED: Already updated today (2025-12-07 03:00:04)
[2025-12-07 16:31:22]   [emp_id: 5119] SKIPPED: Already updated today (2025-12-07 03:00:04)
[2025-12-07 16:31:22]   [emp_id: 5122] SKIPPED: Already updated today (2025-12-07 03:00:04)
[2025-12-07 16:31:22]   [emp_id: 5126] SKIPPED: Already updated today (2025-12-07 03:00:04)
[2025-12-07 16:31:22]   [emp_id: 5127] SKIPPED: Already updated today (2025-12-07 03:00:04)
[2025-12-07 16:31:22]   [emp_id: 5128] SKIPPED: Already updated today (2025-12-07 03:00:04)
[2025-12-07 16:31:22]   [emp_id: 5138] SKIPPED: Already updated today (2025-12-07 03:00:04)
[2025-12-07 16:31:22]   [emp_id: 5138] SKIPPED: Already updated today (2025-12-07 03:00:04)
[2025-12-07 16:31:22]   [emp_id: 5141] SKIPPED: Already updated today (2025-12-07 03:00:04)
[2025-12-07 16:31:22]   [emp_id: 5142] SKIPPED: Already updated today (2025-12-07 03:00:04)
[2025-12-07 16:31:22]   [emp_id: 5146] SKIPPED: Already updated today (2025-12-07 03:00:04)
[2025-12-07 16:31:22]   [emp_id: 5147] SKIPPED: Already updated today (2025-12-07 03:00:04)
[2025-12-07 16:31:22]   [emp_id: 5148] SKIPPED: Already updated today (2025-12-07 03:00:04)
[2025-12-07 16:31:22]   [emp_id: 5149] SKIPPED: Already updated today (2025-12-07 03:00:04)
[2025-12-07 16:31:22]   [emp_id: 5150] SKIPPED: Already updated today (2025-12-07 03:00:04)
[2025-12-07 16:31:22]   [emp_id: 5151] SKIPPED: Already updated today (2025-12-07 03:00:04)
[2025-12-07 16:31:22]   [emp_id: 5152] SKIPPED: Already updated today (2025-12-07 03:00:04)
[2025-12-07 16:31:22]   [emp_id: 5157] SKIPPED: Already updated today (2025-12-07 03:00:04)
[2025-12-07 16:31:22]   [emp_id: 5160] SKIPPED: Already updated today (2025-12-07 03:00:04)
[2025-12-07 16:31:22]   [emp_id: 5163] SKIPPED: Already updated today (2025-12-07 03:00:04)
[2025-12-07 16:31:22]   [emp_id: 5165] SKIPPED: Already updated today (2025-12-07 03:00:04)
[2025-12-07 16:31:22]   [emp_id: 5167] SKIPPED: Already updated today (2025-12-07 03:00:04)
[2025-12-07 16:31:22]   [emp_id: 5168] SKIPPED: Already updated today (2025-12-07 03:00:04)
[2025-12-07 16:31:22]   [emp_id: 5173] SKIPPED: Already updated today (2025-12-07 03:00:04)
[2025-12-07 16:31:22]   [emp_id: 5174] SKIPPED: Already updated today (2025-12-07 03:00:04)
[2025-12-07 16:31:22]   [emp_id: 5181] SKIPPED: Already updated today (2025-12-07 03:00:04)
[2025-12-07 16:31:22]   [emp_id: 5186] SKIPPED: Already updated today (2025-12-07 03:00:04)
[2025-12-07 16:31:22]   [emp_id: 5187] SKIPPED: Already updated today (2025-12-07 03:00:04)
[2025-12-07 16:31:22]   [emp_id: 5204] SKIPPED: Already updated today (2025-12-07 03:00:04)
[2025-12-07 16:31:22]   [emp_id: 5205] SKIPPED: Already updated today (2025-12-07 03:00:04)
[2025-12-07 16:31:22]   [emp_id: 5209] SKIPPED: Already updated today (2025-12-07 03:00:04)
[2025-12-07 16:31:22]   [emp_id: 5211] SKIPPED: Already updated today (2025-12-07 03:00:04)
[2025-12-07 16:31:22]   [emp_id: 5213] SKIPPED: Already updated today (2025-12-07 03:00:04)
[2025-12-07 16:31:22]   [emp_id: 5214] SKIPPED: Already updated today (2025-12-07 03:00:04)
[2025-12-07 16:31:22]   [emp_id: 5215] SKIPPED: Already updated today (2025-12-07 03:00:04)
[2025-12-07 16:31:22]   [emp_id: 5217] SKIPPED: Already updated today (2025-12-07 03:00:04)
[2025-12-07 16:31:22]   [emp_id: 5218] SKIPPED: Already updated today (2025-12-07 03:00:04)
[2025-12-07 16:31:22]   [emp_id: 5219] SKIPPED: Already updated today (2025-12-07 03:00:04)
[2025-12-07 16:31:22]   [emp_id: 5221] SKIPPED: Already updated today (2025-12-07 03:00:04)
[2025-12-07 16:31:22]   [emp_id: 5224] SKIPPED: Already updated today (2025-12-07 03:00:04)
[2025-12-07 16:31:22]   [emp_id: 5225] SKIPPED: Already updated today (2025-12-07 03:00:04)
[2025-12-07 16:31:22]   [emp_id: 5228] SKIPPED: Already updated today (2025-12-07 03:00:04)
[2025-12-07 16:31:22]   [emp_id: 5229] SKIPPED: Already updated today (2025-12-07 03:00:04)
[2025-12-07 16:31:22]   [emp_id: 5230] SKIPPED: Already updated today (2025-12-07 03:00:04)
[2025-12-07 16:31:22]   [emp_id: 5231] SKIPPED: Already updated today (2025-12-07 03:00:04)
[2025-12-07 16:31:22]   [emp_id: 5232] SKIPPED: Already updated today (2025-12-07 03:00:04)
[2025-12-07 16:31:22]   [emp_id: 5233] SKIPPED: Already updated today (2025-12-07 03:00:04)
[2025-12-07 16:31:22]   [emp_id: 5234] SKIPPED: Already updated today (2025-12-07 03:00:04)
[2025-12-07 16:31:22]   [emp_id: 5235] SKIPPED: Already updated today (2025-12-07 03:00:04)
[2025-12-07 16:31:22]   [emp_id: 5237] SKIPPED: Already updated today (2025-12-07 03:00:04)
[2025-12-07 16:31:22]   [emp_id: 5238] SKIPPED: Already updated today (2025-12-07 03:00:04)
[2025-12-07 16:31:22]   [emp_id: 5239] SKIPPED: Already updated today (2025-12-07 03:00:04)
[2025-12-07 16:31:22]   [emp_id: 5241] SKIPPED: Already updated today (2025-12-07 03:00:04)
[2025-12-07 16:31:22]   [emp_id: 5242] SKIPPED: Already updated today (2025-12-07 03:00:04)
[2025-12-07 16:31:22]   [emp_id: 5243] SKIPPED: Already updated today (2025-12-07 03:00:04)
[2025-12-07 16:31:22]   [emp_id: 5244] SKIPPED: Already updated today (2025-12-07 03:00:04)
[2025-12-07 16:31:22]   [emp_id: 5246] SKIPPED: Already updated today (2025-12-07 03:00:04)
[2025-12-07 16:31:22]   [emp_id: 5253] SKIPPED: Already updated today (2025-12-07 03:00:04)
[2025-12-07 16:31:22]   [emp_id: 5254] SKIPPED: Already updated today (2025-12-07 03:00:04)
[2025-12-07 16:31:22]   [emp_id: 5257] SKIPPED: Already updated today (2025-12-07 03:00:04)
[2025-12-07 16:31:22]   [emp_id: 5259] SKIPPED: Already updated today (2025-12-07 03:00:04)
[2025-12-07 16:31:22]   [emp_id: 5261] SKIPPED: Already updated today (2025-12-07 03:00:04)
[2025-12-07 16:31:22]   [emp_id: 5264] SKIPPED: Already updated today (2025-12-07 03:00:04)
[2025-12-07 16:31:22]   [emp_id: 5266] SKIPPED: Already updated today (2025-12-07 03:00:04)
[2025-12-07 16:31:22]   [emp_id: 5268] SKIPPED: Already updated today (2025-12-07 03:00:04)
[2025-12-07 16:31:22]   [emp_id: 5271] SKIPPED: Already updated today (2025-12-07 03:00:04)
[2025-12-07 16:31:22]   [emp_id: 5272] SKIPPED: Already updated today (2025-12-07 03:00:04)
[2025-12-07 16:31:22]   [emp_id: 5273] SKIPPED: Already updated today (2025-12-07 03:00:04)
[2025-12-07 16:31:22]   [emp_id: 5275] SKIPPED: Already updated today (2025-12-07 03:00:04)
[2025-12-07 16:31:22]   [emp_id: 5276] SKIPPED: Already updated today (2025-12-07 03:00:04)
[2025-12-07 16:31:22]   [emp_id: 5278] SKIPPED: Already updated today (2025-12-07 03:00:04)
[2025-12-07 16:31:22]   [emp_id: 5280] SKIPPED: Already updated today (2025-12-07 03:00:04)
[2025-12-07 16:31:22]   [emp_id: 5282] SKIPPED: Already updated today (2025-12-07 03:00:04)
[2025-12-07 16:31:22]   [emp_id: 5285] SKIPPED: Already updated today (2025-12-07 03:00:04)
[2025-12-07 16:31:22]   [emp_id: 5286] SKIPPED: Already updated today (2025-12-07 03:00:04)
[2025-12-07 16:31:22]   [emp_id: 5287] SKIPPED: Already updated today (2025-12-07 03:00:04)
[2025-12-07 16:31:22]   [emp_id: 5288] SKIPPED: Already updated today (2025-12-07 03:00:04)
[2025-12-07 16:31:22]   [emp_id: 5289] SKIPPED: Already updated today (2025-12-07 03:00:04)
[2025-12-07 16:31:22]   [emp_id: 5290] SKIPPED: Already updated today (2025-12-07 03:00:04)
[2025-12-07 16:31:22]   [emp_id: 5291] SKIPPED: Already updated today (2025-12-07 03:00:04)
[2025-12-07 16:31:22]   [emp_id: 5292] SKIPPED: Already updated today (2025-12-07 03:00:04)
[2025-12-07 16:31:22]   [emp_id: 5293] SKIPPED: Already updated today (2025-12-07 03:00:04)
[2025-12-07 16:31:22]   [emp_id: 5294] SKIPPED: Already updated today (2025-12-07 03:00:04)
[2025-12-07 16:31:22]   [emp_id: 5295] SKIPPED: Already updated today (2025-12-07 03:00:04)
[2025-12-07 16:31:22]   [emp_id: 5296] SKIPPED: Already updated today (2025-12-07 03:00:04)
[2025-12-07 16:31:22]   [emp_id: 5297] SKIPPED: Already updated today (2025-12-07 03:00:04)
[2025-12-07 16:31:22]   [emp_id: 5298] SKIPPED: Already updated today (2025-12-07 03:00:04)
[2025-12-07 16:31:22]   [emp_id: 5299] SKIPPED: Already updated today (2025-12-07 03:00:04)
[2025-12-07 16:31:22]   [emp_id: 5300] SKIPPED: Already updated today (2025-12-07 03:00:04)
[2025-12-07 16:31:22]   [emp_id: 5301] SKIPPED: Already updated today (2025-12-07 03:00:04)
[2025-12-07 16:31:22]   [emp_id: 5303] SKIPPED: Already updated today (2025-12-07 03:00:04)
[2025-12-07 16:31:22]   [emp_id: 5304] SKIPPED: Already updated today (2025-12-07 03:00:04)
[2025-12-07 16:31:22]   [emp_id: 5305] SKIPPED: Already updated today (2025-12-07 03:00:04)
[2025-12-07 16:31:22]   [emp_id: 5306] SKIPPED: Already updated today (2025-12-07 03:00:04)
[2025-12-07 16:31:22]   [emp_id: 5307] SKIPPED: Already updated today (2025-12-07 03:00:04)
[2025-12-07 16:31:22]   [emp_id: 5312] SKIPPED: Already updated today (2025-12-07 03:00:04)
[2025-12-07 16:31:22]   [emp_id: 5318] SKIPPED: Already updated today (2025-12-07 03:00:04)
[2025-12-07 16:31:22]   [emp_id: 5325] SKIPPED: Already updated today (2025-12-07 03:00:04)
[2025-12-07 16:31:22]   [emp_id: 5326] SKIPPED: Already updated today (2025-12-07 03:00:04)
[2025-12-07 16:31:22]   [emp_id: 5327] SKIPPED: Already updated today (2025-12-07 03:00:04)
[2025-12-07 16:31:22]   [emp_id: 5328] SKIPPED: Already updated today (2025-12-07 03:00:04)
[2025-12-07 16:31:22]   [emp_id: 5329] SKIPPED: Already updated today (2025-12-07 03:00:04)
[2025-12-07 16:31:22]   [emp_id: 5331] SKIPPED: Already updated today (2025-12-07 03:00:04)
[2025-12-07 16:31:22]   [emp_id: 5337] SKIPPED: Already updated today (2025-12-07 03:00:04)
[2025-12-07 16:31:22]   [emp_id: 5339] SKIPPED: Already updated today (2025-12-07 03:00:04)
[2025-12-07 16:31:22]   [emp_id: 5343] SKIPPED: Already updated today (2025-12-07 03:00:04)
[2025-12-07 16:31:22]   [emp_id: 5343] SKIPPED: Already updated today (2025-12-07 03:00:04)
[2025-12-07 16:31:22]   [emp_id: 5345] SKIPPED: Already updated today (2025-12-07 03:00:04)
[2025-12-07 16:31:22]   [emp_id: 5346] SKIPPED: Already updated today (2025-12-07 03:00:04)
[2025-12-07 16:31:22]   [emp_id: 5351] SKIPPED: Already updated today (2025-12-07 03:00:04)
[2025-12-07 16:31:22]   [emp_id: 5352] SKIPPED: Already updated today (2025-12-07 03:00:04)
[2025-12-07 16:31:22]   [emp_id: 5370] SKIPPED: Already updated today (2025-12-07 03:00:04)
[2025-12-07 16:31:22]   [emp_id: 5371] SKIPPED: Already updated today (2025-12-07 03:00:04)
[2025-12-07 16:31:22]   [emp_id: 5376] SKIPPED: Already updated today (2025-12-07 03:00:04)
[2025-12-07 16:31:22]   [emp_id: 5378] SKIPPED: Already updated today (2025-12-07 03:00:04)
[2025-12-07 16:31:22]   [emp_id: 5380] SKIPPED: Already updated today (2025-12-07 03:00:04)
[2025-12-07 16:31:22]   [emp_id: 5381] SKIPPED: Already updated today (2025-12-07 03:00:04)
[2025-12-07 16:31:22]   [emp_id: 5383] SKIPPED: Already updated today (2025-12-07 03:00:04)
[2025-12-07 16:31:22]   [emp_id: 5388] SKIPPED: Already updated today (2025-12-07 03:00:04)
[2025-12-07 16:31:22]   [emp_id: 5392] SKIPPED: Already updated today (2025-12-07 03:00:04)
[2025-12-07 16:31:22]   [emp_id: 5396] SKIPPED: Already updated today (2025-12-07 03:00:04)
[2025-12-07 16:31:22]   [emp_id: 5397] SKIPPED: Already updated today (2025-12-07 03:00:04)
[2025-12-07 16:31:22]   [emp_id: 5401] SKIPPED: Already updated today (2025-12-07 03:00:04)
[2025-12-07 16:31:22]   [emp_id: 5402] SKIPPED: Already updated today (2025-12-07 03:00:04)
[2025-12-07 16:31:22]   [emp_id: 5406] SKIPPED: Already updated today (2025-12-07 03:00:04)
[2025-12-07 16:31:22]   [emp_id: 5407] SKIPPED: Already updated today (2025-12-07 03:00:04)
[2025-12-07 16:31:22]   [emp_id: 5408] SKIPPED: Already updated today (2025-12-07 03:00:04)
[2025-12-07 16:31:22]   [emp_id: 5409] SKIPPED: Already updated today (2025-12-07 03:00:04)
[2025-12-07 16:31:22]   [emp_id: 5413] SKIPPED: Already updated today (2025-12-07 03:00:04)
[2025-12-07 16:31:22]   [emp_id: 5414] SKIPPED: Already updated today (2025-12-07 03:00:04)
[2025-12-07 16:31:22]   [emp_id: 5415] SKIPPED: Already updated today (2025-12-07 03:00:04)
[2025-12-07 16:31:22]   [emp_id: 5418] SKIPPED: Already updated today (2025-12-07 03:00:04)
[2025-12-07 16:31:22]   [emp_id: 5422] SKIPPED: Already updated today (2025-12-07 03:00:04)
[2025-12-07 16:31:22]   [emp_id: 5423] SKIPPED: Already updated today (2025-12-07 03:00:04)
[2025-12-07 16:31:22]   [emp_id: 5423] SKIPPED: Already updated today (2025-12-07 03:00:04)
[2025-12-07 16:31:22]   [emp_id: 5423] SKIPPED: Already updated today (2025-12-07 03:00:04)
[2025-12-07 16:31:22]   [emp_id: 5424] SKIPPED: Already updated today (2025-12-07 03:00:04)
[2025-12-07 16:31:22]   [emp_id: 5425] SKIPPED: Already updated today (2025-12-07 03:00:04)
[2025-12-07 16:31:22]   [emp_id: 5426] SKIPPED: Already updated today (2025-12-07 03:00:04)
[2025-12-07 16:31:22]   [emp_id: 5426] SKIPPED: Already updated today (2025-12-07 03:00:04)
[2025-12-07 16:31:22]   [emp_id: 5427] SKIPPED: Already updated today (2025-12-07 03:00:04)
[2025-12-07 16:31:22]   [emp_id: 5428] SKIPPED: Already updated today (2025-12-07 03:00:04)
[2025-12-07 16:31:22]   [emp_id: 5430] SKIPPED: Already updated today (2025-12-07 03:00:04)
[2025-12-07 16:31:22]   [emp_id: 5431] SKIPPED: Already updated today (2025-12-07 03:00:04)
[2025-12-07 16:31:22]   [emp_id: 5434] SKIPPED: Already updated today (2025-12-07 03:00:04)
[2025-12-07 16:31:22]   [emp_id: 5435] SKIPPED: Already updated today (2025-12-07 03:00:04)
[2025-12-07 16:31:22]   [emp_id: 5436] SKIPPED: Already updated today (2025-12-07 03:00:04)
[2025-12-07 16:31:22]   [emp_id: 5438] SKIPPED: Already updated today (2025-12-07 03:00:04)
[2025-12-07 16:31:22]   [emp_id: 5439] SKIPPED: Already updated today (2025-12-07 03:00:04)
[2025-12-07 16:31:22]   [emp_id: 5442] SKIPPED: Already updated today (2025-12-07 03:00:04)
[2025-12-07 16:31:22]   [emp_id: 5443] SKIPPED: Already updated today (2025-12-07 03:00:04)
[2025-12-07 16:31:22]   [emp_id: 5445] SKIPPED: Already updated today (2025-12-07 03:00:04)
[2025-12-07 16:31:22]   [emp_id: 5446] SKIPPED: Already updated today (2025-12-07 03:00:04)
[2025-12-07 16:31:22]   [emp_id: 5447] SKIPPED: Already updated today (2025-12-07 03:00:04)
[2025-12-07 16:31:22]   [emp_id: 5448] SKIPPED: Already updated today (2025-12-07 03:00:04)
[2025-12-07 16:31:22]   [emp_id: 5449] SKIPPED: Already updated today (2025-12-07 03:00:04)
[2025-12-07 16:31:22]   [emp_id: 5450] SKIPPED: Already updated today (2025-12-07 03:00:04)
[2025-12-07 16:31:22]   [emp_id: 5451] SKIPPED: Already updated today (2025-12-07 03:00:04)
[2025-12-07 16:31:22]   [emp_id: 5454] SKIPPED: Already updated today (2025-12-07 03:00:04)
[2025-12-07 16:31:22]   [emp_id: 5455] SKIPPED: Already updated today (2025-12-07 03:00:04)
[2025-12-07 16:31:22]   [emp_id: 5456] SKIPPED: Already updated today (2025-12-07 03:00:04)
[2025-12-07 16:31:22] 
[2025-12-07 16:31:22] ========== SUMMARY ==========
[2025-12-07 16:31:22] Total employees processed: 445
[2025-12-07 16:31:22] Records updated: 0
[2025-12-07 16:31:22] Balances changed: 0
[2025-12-07 16:31:22] Errors: 0
[2025-12-07 16:31:22] ========== CRON: Vacation Balance Update Completed ==========
[2025-12-07 16:31:22] 
[2025-12-07 16:34:29] ========== CRON: Vacation Balance Update Started ==========
[2025-12-07 16:34:29] Database connection established
[2025-12-07 16:34:29] Found 445 active employees with balance records to update
[2025-12-07 16:34:29] (Only employees with status=1 will be processed)
[2025-12-07 16:34:29]   [emp_id: 1061] SKIPPED: Already updated today (2025-12-07 03:00:02)
[2025-12-07 16:34:29]   [emp_id: 1496] SKIPPED: Already updated today (2025-12-07 03:00:02)
[2025-12-07 16:34:29]   [emp_id: 1500] SKIPPED: Already updated today (2025-12-07 03:00:02)
[2025-12-07 16:34:29]   [emp_id: 1574] SKIPPED: Already updated today (2025-12-07 03:00:02)
[2025-12-07 16:34:29]   [emp_id: 1673] SKIPPED: Already updated today (2025-12-07 03:00:02)
[2025-12-07 16:34:29]   [emp_id: 1685] SKIPPED: Already updated today (2025-12-07 03:00:02)
[2025-12-07 16:34:29]   [emp_id: 1764] SKIPPED: Already updated today (2025-12-07 03:00:02)
[2025-12-07 16:34:29]   [emp_id: 1805] SKIPPED: Already updated today (2025-12-07 03:00:02)
[2025-12-07 16:34:29]   [emp_id: 1822] SKIPPED: Already updated today (2025-12-07 03:00:02)
[2025-12-07 16:34:29]   [emp_id: 1837] SKIPPED: Already updated today (2025-12-07 03:00:02)
[2025-12-07 16:34:29]   [emp_id: 1857] SKIPPED: Already updated today (2025-12-07 03:00:02)
[2025-12-07 16:34:29]   [emp_id: 1861] SKIPPED: Already updated today (2025-12-07 03:00:02)
[2025-12-07 16:34:29]   [emp_id: 1872] SKIPPED: Already updated today (2025-12-07 03:00:02)
[2025-12-07 16:34:29]   [emp_id: 1897] SKIPPED: Already updated today (2025-12-07 03:00:02)
[2025-12-07 16:34:29]   [emp_id: 1916] SKIPPED: Already updated today (2025-12-07 03:00:02)
[2025-12-07 16:34:29]   [emp_id: 1928] SKIPPED: Already updated today (2025-12-07 03:00:02)
[2025-12-07 16:34:29]   [emp_id: 1931] SKIPPED: Already updated today (2025-12-07 03:00:02)
[2025-12-07 16:34:29]   [emp_id: 1944] SKIPPED: Already updated today (2025-12-07 03:00:02)
[2025-12-07 16:34:29]   [emp_id: 1996] SKIPPED: Already updated today (2025-12-07 03:00:02)
[2025-12-07 16:34:29]   [emp_id: 1997] SKIPPED: Already updated today (2025-12-07 03:00:02)
[2025-12-07 16:34:29]   [emp_id: 1998] SKIPPED: Already updated today (2025-12-07 03:00:02)
[2025-12-07 16:34:29]   [emp_id: 1999] SKIPPED: Already updated today (2025-12-07 03:00:02)
[2025-12-07 16:34:29]   [emp_id: 2009] SKIPPED: Already updated today (2025-12-07 03:00:02)
[2025-12-07 16:34:29]   [emp_id: 2048] SKIPPED: Already updated today (2025-12-07 03:00:02)
[2025-12-07 16:34:29]   [emp_id: 2057] SKIPPED: Already updated today (2025-12-07 03:00:02)
[2025-12-07 16:34:29]   [emp_id: 2079] SKIPPED: Already updated today (2025-12-07 03:00:02)
[2025-12-07 16:34:29]   [emp_id: 2181] SKIPPED: Already updated today (2025-12-07 03:00:02)
[2025-12-07 16:34:29]   [emp_id: 2190] SKIPPED: Already updated today (2025-12-07 03:00:02)
[2025-12-07 16:34:29]   [emp_id: 2212] SKIPPED: Already updated today (2025-12-07 03:00:02)
[2025-12-07 16:34:29]   [emp_id: 2226] SKIPPED: Already updated today (2025-12-07 03:00:02)
[2025-12-07 16:34:29]   [emp_id: 2238] SKIPPED: Already updated today (2025-12-07 03:00:02)
[2025-12-07 16:34:29]   [emp_id: 2285] SKIPPED: Already updated today (2025-12-07 03:00:02)
[2025-12-07 16:34:29]   [emp_id: 2287] SKIPPED: Already updated today (2025-12-07 03:00:02)
[2025-12-07 16:34:29]   [emp_id: 2288] SKIPPED: Already updated today (2025-12-07 03:00:02)
[2025-12-07 16:34:29]   [emp_id: 2290] SKIPPED: Already updated today (2025-12-07 03:00:02)
[2025-12-07 16:34:29]   [emp_id: 2316] SKIPPED: Already updated today (2025-12-07 03:00:02)
[2025-12-07 16:34:29]   [emp_id: 2337] SKIPPED: Already updated today (2025-12-07 03:00:02)
[2025-12-07 16:34:29]   [emp_id: 2352] SKIPPED: Already updated today (2025-12-07 03:00:02)
[2025-12-07 16:34:29]   [emp_id: 2358] SKIPPED: Already updated today (2025-12-07 03:00:02)
[2025-12-07 16:34:29]   [emp_id: 2361] SKIPPED: Already updated today (2025-12-07 03:00:02)
[2025-12-07 16:34:29]   [emp_id: 2363] SKIPPED: Already updated today (2025-12-07 03:00:02)
[2025-12-07 16:34:29]   [emp_id: 2364] SKIPPED: Already updated today (2025-12-07 03:00:02)
[2025-12-07 16:34:29]   [emp_id: 2367] SKIPPED: Already updated today (2025-12-07 03:00:02)
[2025-12-07 16:34:29]   [emp_id: 2368] SKIPPED: Already updated today (2025-12-07 03:00:02)
[2025-12-07 16:34:29]   [emp_id: 2372] SKIPPED: Already updated today (2025-12-07 03:00:02)
[2025-12-07 16:34:29]   [emp_id: 2376] SKIPPED: Already updated today (2025-12-07 03:00:02)
[2025-12-07 16:34:29]   [emp_id: 2423] SKIPPED: Already updated today (2025-12-07 03:00:02)
[2025-12-07 16:34:29]   [emp_id: 2519] SKIPPED: Already updated today (2025-12-07 03:00:02)
[2025-12-07 16:34:29]   [emp_id: 2522] SKIPPED: Already updated today (2025-12-07 03:00:02)
[2025-12-07 16:34:29]   [emp_id: 2530] SKIPPED: Already updated today (2025-12-07 03:00:02)
[2025-12-07 16:34:29]   [emp_id: 2539] SKIPPED: Already updated today (2025-12-07 03:00:02)
[2025-12-07 16:34:29]   [emp_id: 2541] SKIPPED: Already updated today (2025-12-07 03:00:02)
[2025-12-07 16:34:29]   [emp_id: 2550] SKIPPED: Already updated today (2025-12-07 03:00:02)
[2025-12-07 16:34:29]   [emp_id: 2553] SKIPPED: Already updated today (2025-12-07 03:00:02)
[2025-12-07 16:34:29]   [emp_id: 2554] SKIPPED: Already updated today (2025-12-07 03:00:02)
[2025-12-07 16:34:29]   [emp_id: 2565] SKIPPED: Already updated today (2025-12-07 03:00:02)
[2025-12-07 16:34:29]   [emp_id: 2572] SKIPPED: Already updated today (2025-12-07 03:00:02)
[2025-12-07 16:34:29]   [emp_id: 2637] SKIPPED: Already updated today (2025-12-07 03:00:02)
[2025-12-07 16:34:29]   [emp_id: 2642] SKIPPED: Already updated today (2025-12-07 03:00:02)
[2025-12-07 16:34:29]   [emp_id: 2645] SKIPPED: Already updated today (2025-12-07 03:00:02)
[2025-12-07 16:34:29]   [emp_id: 2648] SKIPPED: Already updated today (2025-12-07 03:00:02)
[2025-12-07 16:34:29]   [emp_id: 2654] SKIPPED: Already updated today (2025-12-07 03:00:02)
[2025-12-07 16:34:29]   [emp_id: 2688] SKIPPED: Already updated today (2025-12-07 03:00:02)
[2025-12-07 16:34:29]   [emp_id: 2690] SKIPPED: Already updated today (2025-12-07 03:00:02)
[2025-12-07 16:34:29]   [emp_id: 2709] SKIPPED: Already updated today (2025-12-07 03:00:02)
[2025-12-07 16:34:29]   [emp_id: 2745] SKIPPED: Already updated today (2025-12-07 03:00:02)
[2025-12-07 16:34:29]   [emp_id: 2843] SKIPPED: Already updated today (2025-12-07 03:00:02)
[2025-12-07 16:34:29]   [emp_id: 2854] SKIPPED: Already updated today (2025-12-07 03:00:02)
[2025-12-07 16:34:29]   [emp_id: 2869] SKIPPED: Already updated today (2025-12-07 03:00:02)
[2025-12-07 16:34:29]   [emp_id: 2876] SKIPPED: Already updated today (2025-12-07 03:00:02)
[2025-12-07 16:34:29]   [emp_id: 2924] SKIPPED: Already updated today (2025-12-07 03:00:02)
[2025-12-07 16:34:29]   [emp_id: 2953] SKIPPED: Already updated today (2025-12-07 03:00:02)
[2025-12-07 16:34:29]   [emp_id: 2961] SKIPPED: Already updated today (2025-12-07 03:00:02)
[2025-12-07 16:34:29]   [emp_id: 2975] SKIPPED: Already updated today (2025-12-07 03:00:02)
[2025-12-07 16:34:29]   [emp_id: 3013] SKIPPED: Already updated today (2025-12-07 03:00:02)
[2025-12-07 16:34:29]   [emp_id: 3014] SKIPPED: Already updated today (2025-12-07 03:00:02)
[2025-12-07 16:34:29]   [emp_id: 3015] SKIPPED: Already updated today (2025-12-07 03:00:02)
[2025-12-07 16:34:29]   [emp_id: 3018] SKIPPED: Already updated today (2025-12-07 03:00:02)
[2025-12-07 16:34:29]   [emp_id: 3025] SKIPPED: Already updated today (2025-12-07 03:00:02)
[2025-12-07 16:34:29]   [emp_id: 3037] SKIPPED: Already updated today (2025-12-07 03:00:02)
[2025-12-07 16:34:29]   [emp_id: 3047] SKIPPED: Already updated today (2025-12-07 03:00:02)
[2025-12-07 16:34:29]   [emp_id: 3061] SKIPPED: Already updated today (2025-12-07 03:00:02)
[2025-12-07 16:34:29]   [emp_id: 3062] SKIPPED: Already updated today (2025-12-07 03:00:02)
[2025-12-07 16:34:29]   [emp_id: 3074] SKIPPED: Already updated today (2025-12-07 03:00:02)
[2025-12-07 16:34:29]   [emp_id: 3089] SKIPPED: Already updated today (2025-12-07 03:00:02)
[2025-12-07 16:34:29]   [emp_id: 3090] SKIPPED: Already updated today (2025-12-07 03:00:02)
[2025-12-07 16:34:29]   [emp_id: 3091] SKIPPED: Already updated today (2025-12-07 03:00:02)
[2025-12-07 16:34:29]   [emp_id: 3092] SKIPPED: Already updated today (2025-12-07 03:00:02)
[2025-12-07 16:34:29]   [emp_id: 3105] SKIPPED: Already updated today (2025-12-07 03:00:02)
[2025-12-07 16:34:29]   [emp_id: 3134] SKIPPED: Already updated today (2025-12-07 03:00:02)
[2025-12-07 16:34:29]   [emp_id: 3140] SKIPPED: Already updated today (2025-12-07 03:00:02)
[2025-12-07 16:34:29]   [emp_id: 3144] SKIPPED: Already updated today (2025-12-07 03:00:02)
[2025-12-07 16:34:29]   [emp_id: 3156] SKIPPED: Already updated today (2025-12-07 03:00:02)
[2025-12-07 16:34:29]   [emp_id: 3162] SKIPPED: Already updated today (2025-12-07 03:00:02)
[2025-12-07 16:34:29]   [emp_id: 3163] SKIPPED: Already updated today (2025-12-07 03:00:02)
[2025-12-07 16:34:29]   [emp_id: 3198] SKIPPED: Already updated today (2025-12-07 03:00:02)
[2025-12-07 16:34:29]   [emp_id: 3205] SKIPPED: Already updated today (2025-12-07 03:00:02)
[2025-12-07 16:34:29]   [emp_id: 3209] SKIPPED: Already updated today (2025-12-07 03:00:02)
[2025-12-07 16:34:29]   [emp_id: 3223] SKIPPED: Already updated today (2025-12-07 03:00:02)
[2025-12-07 16:34:29]   [emp_id: 3224] SKIPPED: Already updated today (2025-12-07 03:00:02)
[2025-12-07 16:34:29]   [emp_id: 3230] SKIPPED: Already updated today (2025-12-07 03:00:02)
[2025-12-07 16:34:29]   [emp_id: 3231] SKIPPED: Already updated today (2025-12-07 03:00:02)
[2025-12-07 16:34:29]   [emp_id: 3233] SKIPPED: Already updated today (2025-12-07 03:00:02)
[2025-12-07 16:34:29]   [emp_id: 3249] SKIPPED: Already updated today (2025-12-07 03:00:02)
[2025-12-07 16:34:29]   [emp_id: 3250] SKIPPED: Already updated today (2025-12-07 03:00:02)
[2025-12-07 16:34:29]   [emp_id: 3252] SKIPPED: Already updated today (2025-12-07 03:00:02)
[2025-12-07 16:34:29]   [emp_id: 3254] SKIPPED: Already updated today (2025-12-07 03:00:02)
[2025-12-07 16:34:29]   [emp_id: 3255] SKIPPED: Already updated today (2025-12-07 03:00:02)
[2025-12-07 16:34:29]   [emp_id: 3256] SKIPPED: Already updated today (2025-12-07 03:00:02)
[2025-12-07 16:34:29]   [emp_id: 3263] SKIPPED: Already updated today (2025-12-07 03:00:02)
[2025-12-07 16:34:29]   [emp_id: 3265] SKIPPED: Already updated today (2025-12-07 03:00:02)
[2025-12-07 16:34:29]   [emp_id: 3280] SKIPPED: Already updated today (2025-12-07 03:00:02)
[2025-12-07 16:34:29]   [emp_id: 3286] SKIPPED: Already updated today (2025-12-07 03:00:02)
[2025-12-07 16:34:29]   [emp_id: 3294] SKIPPED: Already updated today (2025-12-07 03:00:02)
[2025-12-07 16:34:29]   [emp_id: 3321] SKIPPED: Already updated today (2025-12-07 03:00:02)
[2025-12-07 16:34:29]   [emp_id: 3325] SKIPPED: Already updated today (2025-12-07 03:00:02)
[2025-12-07 16:34:29]   [emp_id: 3329] SKIPPED: Already updated today (2025-12-07 03:00:02)
[2025-12-07 16:34:29]   [emp_id: 3330] SKIPPED: Already updated today (2025-12-07 03:00:03)
[2025-12-07 16:34:29]   [emp_id: 3332] SKIPPED: Already updated today (2025-12-07 03:00:03)
[2025-12-07 16:34:29]   [emp_id: 3370] SKIPPED: Already updated today (2025-12-07 03:00:03)
[2025-12-07 16:34:29]   [emp_id: 3384] SKIPPED: Already updated today (2025-12-07 03:00:03)
[2025-12-07 16:34:29]   [emp_id: 3386] SKIPPED: Already updated today (2025-12-07 03:00:03)
[2025-12-07 16:34:29]   [emp_id: 3431] SKIPPED: Already updated today (2025-12-07 03:00:03)
[2025-12-07 16:34:29]   [emp_id: 3497] SKIPPED: Already updated today (2025-12-07 03:00:03)
[2025-12-07 16:34:29]   [emp_id: 3532] SKIPPED: Already updated today (2025-12-07 03:00:03)
[2025-12-07 16:34:29]   [emp_id: 3586] SKIPPED: Already updated today (2025-12-07 03:00:03)
[2025-12-07 16:34:29]   [emp_id: 3602] SKIPPED: Already updated today (2025-12-07 03:00:03)
[2025-12-07 16:34:29]   [emp_id: 3618] SKIPPED: Already updated today (2025-12-07 03:00:03)
[2025-12-07 16:34:29]   [emp_id: 3622] SKIPPED: Already updated today (2025-12-07 03:00:03)
[2025-12-07 16:34:29]   [emp_id: 3627] SKIPPED: Already updated today (2025-12-07 03:00:03)
[2025-12-07 16:34:29]   [emp_id: 3665] SKIPPED: Already updated today (2025-12-07 03:00:03)
[2025-12-07 16:34:29]   [emp_id: 3705] SKIPPED: Already updated today (2025-12-07 03:00:03)
[2025-12-07 16:34:29]   [emp_id: 3724] SKIPPED: Already updated today (2025-12-07 03:00:03)
[2025-12-07 16:34:29]   [emp_id: 3726] SKIPPED: Already updated today (2025-12-07 03:00:03)
[2025-12-07 16:34:29]   [emp_id: 3727] SKIPPED: Already updated today (2025-12-07 03:00:03)
[2025-12-07 16:34:29]   [emp_id: 3728] SKIPPED: Already updated today (2025-12-07 03:00:03)
[2025-12-07 16:34:29]   [emp_id: 3742] SKIPPED: Already updated today (2025-12-07 03:00:03)
[2025-12-07 16:34:29]   [emp_id: 3767] SKIPPED: Already updated today (2025-12-07 03:00:03)
[2025-12-07 16:34:29]   [emp_id: 3768] SKIPPED: Already updated today (2025-12-07 03:00:03)
[2025-12-07 16:34:29]   [emp_id: 3787] SKIPPED: Already updated today (2025-12-07 03:00:03)
[2025-12-07 16:34:29]   [emp_id: 3790] SKIPPED: Already updated today (2025-12-07 03:00:03)
[2025-12-07 16:34:29]   [emp_id: 3795] SKIPPED: Already updated today (2025-12-07 03:00:03)
[2025-12-07 16:34:29]   [emp_id: 3798] SKIPPED: Already updated today (2025-12-07 03:00:03)
[2025-12-07 16:34:29]   [emp_id: 3801] SKIPPED: Already updated today (2025-12-07 03:00:03)
[2025-12-07 16:34:29]   [emp_id: 3802] SKIPPED: Already updated today (2025-12-07 03:00:03)
[2025-12-07 16:34:29]   [emp_id: 3803] SKIPPED: Already updated today (2025-12-07 03:00:03)
[2025-12-07 16:34:29]   [emp_id: 3810] SKIPPED: Already updated today (2025-12-07 03:00:03)
[2025-12-07 16:34:29]   [emp_id: 3812] SKIPPED: Already updated today (2025-12-07 03:00:03)
[2025-12-07 16:34:29]   [emp_id: 3815] SKIPPED: Already updated today (2025-12-07 03:00:03)
[2025-12-07 16:34:29]   [emp_id: 3836] SKIPPED: Already updated today (2025-12-07 03:00:03)
[2025-12-07 16:34:29]   [emp_id: 3855] SKIPPED: Already updated today (2025-12-07 03:00:03)
[2025-12-07 16:34:29]   [emp_id: 3857] SKIPPED: Already updated today (2025-12-07 03:00:03)
[2025-12-07 16:34:29]   [emp_id: 3862] SKIPPED: Already updated today (2025-12-07 03:00:03)
[2025-12-07 16:34:29]   [emp_id: 3866] SKIPPED: Already updated today (2025-12-07 03:00:03)
[2025-12-07 16:34:29]   [emp_id: 3876] SKIPPED: Already updated today (2025-12-07 03:00:03)
[2025-12-07 16:34:29]   [emp_id: 3877] SKIPPED: Already updated today (2025-12-07 03:00:03)
[2025-12-07 16:34:29]   [emp_id: 3897] SKIPPED: Already updated today (2025-12-07 03:00:03)
[2025-12-07 16:34:29]   [emp_id: 3899] SKIPPED: Already updated today (2025-12-07 03:00:03)
[2025-12-07 16:34:29]   [emp_id: 3928] SKIPPED: Already updated today (2025-12-07 03:00:03)
[2025-12-07 16:34:29]   [emp_id: 3929] SKIPPED: Already updated today (2025-12-07 03:00:03)
[2025-12-07 16:34:29]   [emp_id: 3935] SKIPPED: Already updated today (2025-12-07 03:00:03)
[2025-12-07 16:34:29]   [emp_id: 3952] SKIPPED: Already updated today (2025-12-07 03:00:03)
[2025-12-07 16:34:29]   [emp_id: 3987] SKIPPED: Already updated today (2025-12-07 03:00:03)
[2025-12-07 16:34:29]   [emp_id: 4059] SKIPPED: Already updated today (2025-12-07 03:00:03)
[2025-12-07 16:34:29]   [emp_id: 4119] SKIPPED: Already updated today (2025-12-07 03:00:03)
[2025-12-07 16:34:29]   [emp_id: 4120] SKIPPED: Already updated today (2025-12-07 03:00:03)
[2025-12-07 16:34:29]   [emp_id: 4124] SKIPPED: Already updated today (2025-12-07 03:00:03)
[2025-12-07 16:34:29]   [emp_id: 4133] SKIPPED: Already updated today (2025-12-07 03:00:03)
[2025-12-07 16:34:29]   [emp_id: 4134] SKIPPED: Already updated today (2025-12-07 03:00:03)
[2025-12-07 16:34:29]   [emp_id: 4136] SKIPPED: Already updated today (2025-12-07 03:00:03)
[2025-12-07 16:34:29]   [emp_id: 4150] SKIPPED: Already updated today (2025-12-07 03:00:03)
[2025-12-07 16:34:29]   [emp_id: 4157] SKIPPED: Already updated today (2025-12-07 03:00:03)
[2025-12-07 16:34:29]   [emp_id: 4172] SKIPPED: Already updated today (2025-12-07 03:00:03)
[2025-12-07 16:34:29]   [emp_id: 4195] SKIPPED: Already updated today (2025-12-07 03:00:03)
[2025-12-07 16:34:29]   [emp_id: 4215] SKIPPED: Already updated today (2025-12-07 03:00:03)
[2025-12-07 16:34:29]   [emp_id: 4220] SKIPPED: Already updated today (2025-12-07 03:00:03)
[2025-12-07 16:34:29]   [emp_id: 4273] SKIPPED: Already updated today (2025-12-07 03:00:03)
[2025-12-07 16:34:29]   [emp_id: 4283] SKIPPED: Already updated today (2025-12-07 03:00:03)
[2025-12-07 16:34:29]   [emp_id: 4288] SKIPPED: Already updated today (2025-12-07 03:00:03)
[2025-12-07 16:34:30]   [emp_id: 4315] SKIPPED: Already updated today (2025-12-07 03:00:03)
[2025-12-07 16:34:30]   [emp_id: 4328] SKIPPED: Already updated today (2025-12-07 03:00:03)
[2025-12-07 16:34:30]   [emp_id: 4329] SKIPPED: Already updated today (2025-12-07 03:00:03)
[2025-12-07 16:34:30]   [emp_id: 4338] SKIPPED: Already updated today (2025-12-07 03:00:03)
[2025-12-07 16:34:30]   [emp_id: 4340] SKIPPED: Already updated today (2025-12-07 03:00:03)
[2025-12-07 16:34:30]   [emp_id: 4365] SKIPPED: Already updated today (2025-12-07 03:00:03)
[2025-12-07 16:34:30]   [emp_id: 4366] SKIPPED: Already updated today (2025-12-07 03:00:03)
[2025-12-07 16:34:30]   [emp_id: 4385] SKIPPED: Already updated today (2025-12-07 03:00:03)
[2025-12-07 16:34:30]   [emp_id: 4403] SKIPPED: Already updated today (2025-12-07 03:00:03)
[2025-12-07 16:34:30]   [emp_id: 4438] SKIPPED: Already updated today (2025-12-07 03:00:03)
[2025-12-07 16:34:30]   [emp_id: 4465] SKIPPED: Already updated today (2025-12-07 03:00:03)
[2025-12-07 16:34:30]   [emp_id: 4473] SKIPPED: Already updated today (2025-12-07 03:00:03)
[2025-12-07 16:34:30]   [emp_id: 4474] SKIPPED: Already updated today (2025-12-07 03:00:03)
[2025-12-07 16:34:30]   [emp_id: 4493] SKIPPED: Already updated today (2025-12-07 03:00:03)
[2025-12-07 16:34:30]   [emp_id: 4526] SKIPPED: Already updated today (2025-12-07 03:00:03)
[2025-12-07 16:34:30]   [emp_id: 4528] SKIPPED: Already updated today (2025-12-07 03:00:03)
[2025-12-07 16:34:30]   [emp_id: 4528] SKIPPED: Already updated today (2025-12-07 03:00:03)
[2025-12-07 16:34:30]   [emp_id: 4532] SKIPPED: Already updated today (2025-12-07 03:00:03)
[2025-12-07 16:34:30]   [emp_id: 4533] SKIPPED: Already updated today (2025-12-07 03:00:03)
[2025-12-07 16:34:30]   [emp_id: 4564] SKIPPED: Already updated today (2025-12-07 03:00:03)
[2025-12-07 16:34:30]   [emp_id: 4565] SKIPPED: Already updated today (2025-12-07 03:00:03)
[2025-12-07 16:34:30]   [emp_id: 4567] SKIPPED: Already updated today (2025-12-07 03:00:03)
[2025-12-07 16:34:30]   [emp_id: 4572] SKIPPED: Already updated today (2025-12-07 03:00:03)
[2025-12-07 16:34:30]   [emp_id: 4631] SKIPPED: Already updated today (2025-12-07 03:00:03)
[2025-12-07 16:34:30]   [emp_id: 4655] SKIPPED: Already updated today (2025-12-07 03:00:03)
[2025-12-07 16:34:30]   [emp_id: 4689] SKIPPED: Already updated today (2025-12-07 03:00:03)
[2025-12-07 16:34:30]   [emp_id: 4709] SKIPPED: Already updated today (2025-12-07 03:00:03)
[2025-12-07 16:34:30]   [emp_id: 4717] SKIPPED: Already updated today (2025-12-07 03:00:03)
[2025-12-07 16:34:30]   [emp_id: 4736] SKIPPED: Already updated today (2025-12-07 03:00:03)
[2025-12-07 16:34:30]   [emp_id: 4756] SKIPPED: Already updated today (2025-12-07 03:00:03)
[2025-12-07 16:34:30]   [emp_id: 4768] SKIPPED: Already updated today (2025-12-07 03:00:03)
[2025-12-07 16:34:30]   [emp_id: 4780] SKIPPED: Already updated today (2025-12-07 03:00:03)
[2025-12-07 16:34:30]   [emp_id: 4820] SKIPPED: Already updated today (2025-12-07 03:00:03)
[2025-12-07 16:34:30]   [emp_id: 4825] SKIPPED: Already updated today (2025-12-07 03:00:03)
[2025-12-07 16:34:30]   [emp_id: 4835] SKIPPED: Already updated today (2025-12-07 03:00:03)
[2025-12-07 16:34:30]   [emp_id: 4837] SKIPPED: Already updated today (2025-12-07 03:00:03)
[2025-12-07 16:34:30]   [emp_id: 4838] SKIPPED: Already updated today (2025-12-07 03:00:03)
[2025-12-07 16:34:30]   [emp_id: 4840] SKIPPED: Already updated today (2025-12-07 03:00:03)
[2025-12-07 16:34:30]   [emp_id: 4842] SKIPPED: Already updated today (2025-12-07 03:00:03)
[2025-12-07 16:34:30]   [emp_id: 4843] SKIPPED: Already updated today (2025-12-07 03:00:03)
[2025-12-07 16:34:30]   [emp_id: 4853] SKIPPED: Already updated today (2025-12-07 03:00:03)
[2025-12-07 16:34:30]   [emp_id: 4856] SKIPPED: Already updated today (2025-12-07 03:00:03)
[2025-12-07 16:34:30]   [emp_id: 4857] SKIPPED: Already updated today (2025-12-07 03:00:03)
[2025-12-07 16:34:30]   [emp_id: 4858] SKIPPED: Already updated today (2025-12-07 03:00:03)
[2025-12-07 16:34:30]   [emp_id: 4859] SKIPPED: Already updated today (2025-12-07 03:00:03)
[2025-12-07 16:34:30]   [emp_id: 4860] SKIPPED: Already updated today (2025-12-07 03:00:03)
[2025-12-07 16:34:30]   [emp_id: 4861] SKIPPED: Already updated today (2025-12-07 03:00:03)
[2025-12-07 16:34:30]   [emp_id: 4869] SKIPPED: Already updated today (2025-12-07 03:00:03)
[2025-12-07 16:34:30]   [emp_id: 4894] SKIPPED: Already updated today (2025-12-07 03:00:03)
[2025-12-07 16:34:30]   [emp_id: 4897] SKIPPED: Already updated today (2025-12-07 03:00:03)
[2025-12-07 16:34:30]   [emp_id: 4899] SKIPPED: Already updated today (2025-12-07 03:00:03)
[2025-12-07 16:34:30]   [emp_id: 4902] SKIPPED: Already updated today (2025-12-07 03:00:03)
[2025-12-07 16:34:30]   [emp_id: 4903] SKIPPED: Already updated today (2025-12-07 03:00:03)
[2025-12-07 16:34:30]   [emp_id: 4905] SKIPPED: Already updated today (2025-12-07 03:00:03)
[2025-12-07 16:34:30]   [emp_id: 4907] SKIPPED: Already updated today (2025-12-07 03:00:03)
[2025-12-07 16:34:30]   [emp_id: 4917] SKIPPED: Already updated today (2025-12-07 03:00:03)
[2025-12-07 16:34:30]   [emp_id: 4918] SKIPPED: Already updated today (2025-12-07 03:00:03)
[2025-12-07 16:34:30]   [emp_id: 4919] SKIPPED: Already updated today (2025-12-07 03:00:03)
[2025-12-07 16:34:30]   [emp_id: 4920] SKIPPED: Already updated today (2025-12-07 03:00:03)
[2025-12-07 16:34:30]   [emp_id: 4921] SKIPPED: Already updated today (2025-12-07 03:00:03)
[2025-12-07 16:34:30]   [emp_id: 4927] SKIPPED: Already updated today (2025-12-07 03:00:03)
[2025-12-07 16:34:30]   [emp_id: 4929] SKIPPED: Already updated today (2025-12-07 03:00:03)
[2025-12-07 16:34:30]   [emp_id: 4930] SKIPPED: Already updated today (2025-12-07 03:00:03)
[2025-12-07 16:34:30]   [emp_id: 4932] SKIPPED: Already updated today (2025-12-07 03:00:03)
[2025-12-07 16:34:30]   [emp_id: 4933] SKIPPED: Already updated today (2025-12-07 03:00:03)
[2025-12-07 16:34:30]   [emp_id: 4949] SKIPPED: Already updated today (2025-12-07 03:00:03)
[2025-12-07 16:34:30]   [emp_id: 4956] SKIPPED: Already updated today (2025-12-07 03:00:03)
[2025-12-07 16:34:30]   [emp_id: 4957] SKIPPED: Already updated today (2025-12-07 03:00:03)
[2025-12-07 16:34:30]   [emp_id: 4962] SKIPPED: Already updated today (2025-12-07 03:00:03)
[2025-12-07 16:34:30]   [emp_id: 4969] SKIPPED: Already updated today (2025-12-07 03:00:03)
[2025-12-07 16:34:30]   [emp_id: 4976] SKIPPED: Already updated today (2025-12-07 03:00:03)
[2025-12-07 16:34:30]   [emp_id: 4984] SKIPPED: Already updated today (2025-12-07 03:00:03)
[2025-12-07 16:34:30]   [emp_id: 4995] SKIPPED: Already updated today (2025-12-07 03:00:03)
[2025-12-07 16:34:30]   [emp_id: 5004] SKIPPED: Already updated today (2025-12-07 03:00:03)
[2025-12-07 16:34:30]   [emp_id: 5006] SKIPPED: Already updated today (2025-12-07 03:00:03)
[2025-12-07 16:34:30]   [emp_id: 5011] SKIPPED: Already updated today (2025-12-07 03:00:03)
[2025-12-07 16:34:30]   [emp_id: 5013] SKIPPED: Already updated today (2025-12-07 03:00:03)
[2025-12-07 16:34:30]   [emp_id: 5018] SKIPPED: Already updated today (2025-12-07 03:00:03)
[2025-12-07 16:34:30]   [emp_id: 5021] SKIPPED: Already updated today (2025-12-07 03:00:03)
[2025-12-07 16:34:30]   [emp_id: 5021] SKIPPED: Already updated today (2025-12-07 03:00:03)
[2025-12-07 16:34:30]   [emp_id: 5024] SKIPPED: Already updated today (2025-12-07 03:00:03)
[2025-12-07 16:34:30]   [emp_id: 5029] SKIPPED: Already updated today (2025-12-07 03:00:03)
[2025-12-07 16:34:30]   [emp_id: 5030] SKIPPED: Already updated today (2025-12-07 03:00:03)
[2025-12-07 16:34:30]   [emp_id: 5033] SKIPPED: Already updated today (2025-12-07 03:00:03)
[2025-12-07 16:34:30]   [emp_id: 5043] SKIPPED: Already updated today (2025-12-07 03:00:03)
[2025-12-07 16:34:30]   [emp_id: 5045] SKIPPED: Already updated today (2025-12-07 03:00:03)
[2025-12-07 16:34:30]   [emp_id: 5046] SKIPPED: Already updated today (2025-12-07 03:00:03)
[2025-12-07 16:34:30]   [emp_id: 5049] SKIPPED: Already updated today (2025-12-07 03:00:03)
[2025-12-07 16:34:30]   [emp_id: 5052] SKIPPED: Already updated today (2025-12-07 03:00:03)
[2025-12-07 16:34:30]   [emp_id: 5055] SKIPPED: Already updated today (2025-12-07 03:00:03)
[2025-12-07 16:34:30]   [emp_id: 5058] SKIPPED: Already updated today (2025-12-07 03:00:03)
[2025-12-07 16:34:30]   [emp_id: 5062] SKIPPED: Already updated today (2025-12-07 03:00:03)
[2025-12-07 16:34:30]   [emp_id: 5064] SKIPPED: Already updated today (2025-12-07 03:00:03)
[2025-12-07 16:34:30]   [emp_id: 5065] SKIPPED: Already updated today (2025-12-07 03:00:03)
[2025-12-07 16:34:30]   [emp_id: 5071] SKIPPED: Already updated today (2025-12-07 03:00:03)
[2025-12-07 16:34:30]   [emp_id: 5073] SKIPPED: Already updated today (2025-12-07 03:00:03)
[2025-12-07 16:34:30]   [emp_id: 5079] SKIPPED: Already updated today (2025-12-07 03:00:03)
[2025-12-07 16:34:30]   [emp_id: 5080] SKIPPED: Already updated today (2025-12-07 03:00:03)
[2025-12-07 16:34:30]   [emp_id: 5081] SKIPPED: Already updated today (2025-12-07 03:00:03)
[2025-12-07 16:34:30]   [emp_id: 5087] SKIPPED: Already updated today (2025-12-07 03:00:03)
[2025-12-07 16:34:30]   [emp_id: 5091] SKIPPED: Already updated today (2025-12-07 03:00:03)
[2025-12-07 16:34:30]   [emp_id: 5093] SKIPPED: Already updated today (2025-12-07 03:00:03)
[2025-12-07 16:34:30]   [emp_id: 5095] SKIPPED: Already updated today (2025-12-07 03:00:03)
[2025-12-07 16:34:30]   [emp_id: 5101] SKIPPED: Already updated today (2025-12-07 03:00:04)
[2025-12-07 16:34:30]   [emp_id: 5107] SKIPPED: Already updated today (2025-12-07 03:00:04)
[2025-12-07 16:34:30]   [emp_id: 5109] SKIPPED: Already updated today (2025-12-07 03:00:04)
[2025-12-07 16:34:30]   [emp_id: 5119] SKIPPED: Already updated today (2025-12-07 03:00:04)
[2025-12-07 16:34:30]   [emp_id: 5122] SKIPPED: Already updated today (2025-12-07 03:00:04)
[2025-12-07 16:34:30]   [emp_id: 5126] SKIPPED: Already updated today (2025-12-07 03:00:04)
[2025-12-07 16:34:30]   [emp_id: 5127] SKIPPED: Already updated today (2025-12-07 03:00:04)
[2025-12-07 16:34:30]   [emp_id: 5128] SKIPPED: Already updated today (2025-12-07 03:00:04)
[2025-12-07 16:34:30]   [emp_id: 5138] SKIPPED: Already updated today (2025-12-07 03:00:04)
[2025-12-07 16:34:30]   [emp_id: 5138] SKIPPED: Already updated today (2025-12-07 03:00:04)
[2025-12-07 16:34:30]   [emp_id: 5141] SKIPPED: Already updated today (2025-12-07 03:00:04)
[2025-12-07 16:34:30]   [emp_id: 5142] SKIPPED: Already updated today (2025-12-07 03:00:04)
[2025-12-07 16:34:30]   [emp_id: 5146] SKIPPED: Already updated today (2025-12-07 03:00:04)
[2025-12-07 16:34:30]   [emp_id: 5147] SKIPPED: Already updated today (2025-12-07 03:00:04)
[2025-12-07 16:34:30]   [emp_id: 5148] SKIPPED: Already updated today (2025-12-07 03:00:04)
[2025-12-07 16:34:30]   [emp_id: 5149] SKIPPED: Already updated today (2025-12-07 03:00:04)
[2025-12-07 16:34:30]   [emp_id: 5150] SKIPPED: Already updated today (2025-12-07 03:00:04)
[2025-12-07 16:34:30]   [emp_id: 5151] SKIPPED: Already updated today (2025-12-07 03:00:04)
[2025-12-07 16:34:30]   [emp_id: 5152] SKIPPED: Already updated today (2025-12-07 03:00:04)
[2025-12-07 16:34:30]   [emp_id: 5157] SKIPPED: Already updated today (2025-12-07 03:00:04)
[2025-12-07 16:34:30]   [emp_id: 5160] SKIPPED: Already updated today (2025-12-07 03:00:04)
[2025-12-07 16:34:30]   [emp_id: 5163] SKIPPED: Already updated today (2025-12-07 03:00:04)
[2025-12-07 16:34:30]   [emp_id: 5165] SKIPPED: Already updated today (2025-12-07 03:00:04)
[2025-12-07 16:34:30]   [emp_id: 5167] SKIPPED: Already updated today (2025-12-07 03:00:04)
[2025-12-07 16:34:30]   [emp_id: 5168] SKIPPED: Already updated today (2025-12-07 03:00:04)
[2025-12-07 16:34:30]   [emp_id: 5173] SKIPPED: Already updated today (2025-12-07 03:00:04)
[2025-12-07 16:34:30]   [emp_id: 5174] SKIPPED: Already updated today (2025-12-07 03:00:04)
[2025-12-07 16:34:30]   [emp_id: 5181] SKIPPED: Already updated today (2025-12-07 03:00:04)
[2025-12-07 16:34:30]   [emp_id: 5186] SKIPPED: Already updated today (2025-12-07 03:00:04)
[2025-12-07 16:34:30]   [emp_id: 5187] SKIPPED: Already updated today (2025-12-07 03:00:04)
[2025-12-07 16:34:30]   [emp_id: 5204] SKIPPED: Already updated today (2025-12-07 03:00:04)
[2025-12-07 16:34:30]   [emp_id: 5205] SKIPPED: Already updated today (2025-12-07 03:00:04)
[2025-12-07 16:34:30]   [emp_id: 5209] SKIPPED: Already updated today (2025-12-07 03:00:04)
[2025-12-07 16:34:30]   [emp_id: 5211] SKIPPED: Already updated today (2025-12-07 03:00:04)
[2025-12-07 16:34:30]   [emp_id: 5213] SKIPPED: Already updated today (2025-12-07 03:00:04)
[2025-12-07 16:34:30]   [emp_id: 5214] SKIPPED: Already updated today (2025-12-07 03:00:04)
[2025-12-07 16:34:30]   [emp_id: 5215] SKIPPED: Already updated today (2025-12-07 03:00:04)
[2025-12-07 16:34:30]   [emp_id: 5217] SKIPPED: Already updated today (2025-12-07 03:00:04)
[2025-12-07 16:34:30]   [emp_id: 5218] SKIPPED: Already updated today (2025-12-07 03:00:04)
[2025-12-07 16:34:30]   [emp_id: 5219] SKIPPED: Already updated today (2025-12-07 03:00:04)
[2025-12-07 16:34:30]   [emp_id: 5221] SKIPPED: Already updated today (2025-12-07 03:00:04)
[2025-12-07 16:34:30]   [emp_id: 5224] SKIPPED: Already updated today (2025-12-07 03:00:04)
[2025-12-07 16:34:30]   [emp_id: 5225] SKIPPED: Already updated today (2025-12-07 03:00:04)
[2025-12-07 16:34:30]   [emp_id: 5228] SKIPPED: Already updated today (2025-12-07 03:00:04)
[2025-12-07 16:34:30]   [emp_id: 5229] SKIPPED: Already updated today (2025-12-07 03:00:04)
[2025-12-07 16:34:30]   [emp_id: 5230] SKIPPED: Already updated today (2025-12-07 03:00:04)
[2025-12-07 16:34:30]   [emp_id: 5231] SKIPPED: Already updated today (2025-12-07 03:00:04)
[2025-12-07 16:34:30]   [emp_id: 5232] SKIPPED: Already updated today (2025-12-07 03:00:04)
[2025-12-07 16:34:30]   [emp_id: 5233] SKIPPED: Already updated today (2025-12-07 03:00:04)
[2025-12-07 16:34:30]   [emp_id: 5234] SKIPPED: Already updated today (2025-12-07 03:00:04)
[2025-12-07 16:34:30]   [emp_id: 5235] SKIPPED: Already updated today (2025-12-07 03:00:04)
[2025-12-07 16:34:30]   [emp_id: 5237] SKIPPED: Already updated today (2025-12-07 03:00:04)
[2025-12-07 16:34:30]   [emp_id: 5238] SKIPPED: Already updated today (2025-12-07 03:00:04)
[2025-12-07 16:34:30]   [emp_id: 5239] SKIPPED: Already updated today (2025-12-07 03:00:04)
[2025-12-07 16:34:30]   [emp_id: 5241] SKIPPED: Already updated today (2025-12-07 03:00:04)
[2025-12-07 16:34:30]   [emp_id: 5242] SKIPPED: Already updated today (2025-12-07 03:00:04)
[2025-12-07 16:34:30]   [emp_id: 5243] SKIPPED: Already updated today (2025-12-07 03:00:04)
[2025-12-07 16:34:30]   [emp_id: 5244] SKIPPED: Already updated today (2025-12-07 03:00:04)
[2025-12-07 16:34:30]   [emp_id: 5246] SKIPPED: Already updated today (2025-12-07 03:00:04)
[2025-12-07 16:34:30]   [emp_id: 5253] SKIPPED: Already updated today (2025-12-07 03:00:04)
[2025-12-07 16:34:30]   [emp_id: 5254] SKIPPED: Already updated today (2025-12-07 03:00:04)
[2025-12-07 16:34:30]   [emp_id: 5257] SKIPPED: Already updated today (2025-12-07 03:00:04)
[2025-12-07 16:34:30]   [emp_id: 5259] SKIPPED: Already updated today (2025-12-07 03:00:04)
[2025-12-07 16:34:30]   [emp_id: 5261] SKIPPED: Already updated today (2025-12-07 03:00:04)
[2025-12-07 16:34:30]   [emp_id: 5264] SKIPPED: Already updated today (2025-12-07 03:00:04)
[2025-12-07 16:34:30]   [emp_id: 5266] SKIPPED: Already updated today (2025-12-07 03:00:04)
[2025-12-07 16:34:30]   [emp_id: 5268] SKIPPED: Already updated today (2025-12-07 03:00:04)
[2025-12-07 16:34:30]   [emp_id: 5271] SKIPPED: Already updated today (2025-12-07 03:00:04)
[2025-12-07 16:34:30]   [emp_id: 5272] SKIPPED: Already updated today (2025-12-07 03:00:04)
[2025-12-07 16:34:30]   [emp_id: 5273] SKIPPED: Already updated today (2025-12-07 03:00:04)
[2025-12-07 16:34:30]   [emp_id: 5275] SKIPPED: Already updated today (2025-12-07 03:00:04)
[2025-12-07 16:34:30]   [emp_id: 5276] SKIPPED: Already updated today (2025-12-07 03:00:04)
[2025-12-07 16:34:30]   [emp_id: 5278] SKIPPED: Already updated today (2025-12-07 03:00:04)
[2025-12-07 16:34:30]   [emp_id: 5280] SKIPPED: Already updated today (2025-12-07 03:00:04)
[2025-12-07 16:34:30]   [emp_id: 5282] SKIPPED: Already updated today (2025-12-07 03:00:04)
[2025-12-07 16:34:30]   [emp_id: 5285] SKIPPED: Already updated today (2025-12-07 03:00:04)
[2025-12-07 16:34:30]   [emp_id: 5286] SKIPPED: Already updated today (2025-12-07 03:00:04)
[2025-12-07 16:34:30]   [emp_id: 5287] SKIPPED: Already updated today (2025-12-07 03:00:04)
[2025-12-07 16:34:30]   [emp_id: 5288] SKIPPED: Already updated today (2025-12-07 03:00:04)
[2025-12-07 16:34:30]   [emp_id: 5289] SKIPPED: Already updated today (2025-12-07 03:00:04)
[2025-12-07 16:34:30]   [emp_id: 5290] SKIPPED: Already updated today (2025-12-07 03:00:04)
[2025-12-07 16:34:30]   [emp_id: 5291] SKIPPED: Already updated today (2025-12-07 03:00:04)
[2025-12-07 16:34:30]   [emp_id: 5292] SKIPPED: Already updated today (2025-12-07 03:00:04)
[2025-12-07 16:34:30]   [emp_id: 5293] SKIPPED: Already updated today (2025-12-07 03:00:04)
[2025-12-07 16:34:30]   [emp_id: 5294] SKIPPED: Already updated today (2025-12-07 03:00:04)
[2025-12-07 16:34:30]   [emp_id: 5295] SKIPPED: Already updated today (2025-12-07 03:00:04)
[2025-12-07 16:34:30]   [emp_id: 5296] SKIPPED: Already updated today (2025-12-07 03:00:04)
[2025-12-07 16:34:30]   [emp_id: 5297] SKIPPED: Already updated today (2025-12-07 03:00:04)
[2025-12-07 16:34:30]   [emp_id: 5298] SKIPPED: Already updated today (2025-12-07 03:00:04)
[2025-12-07 16:34:30]   [emp_id: 5299] SKIPPED: Already updated today (2025-12-07 03:00:04)
[2025-12-07 16:34:30]   [emp_id: 5300] SKIPPED: Already updated today (2025-12-07 03:00:04)
[2025-12-07 16:34:30]   [emp_id: 5301] SKIPPED: Already updated today (2025-12-07 03:00:04)
[2025-12-07 16:34:30]   [emp_id: 5303] SKIPPED: Already updated today (2025-12-07 03:00:04)
[2025-12-07 16:34:30]   [emp_id: 5304] SKIPPED: Already updated today (2025-12-07 03:00:04)
[2025-12-07 16:34:30]   [emp_id: 5305] SKIPPED: Already updated today (2025-12-07 03:00:04)
[2025-12-07 16:34:30]   [emp_id: 5306] SKIPPED: Already updated today (2025-12-07 03:00:04)
[2025-12-07 16:34:30]   [emp_id: 5307] SKIPPED: Already updated today (2025-12-07 03:00:04)
[2025-12-07 16:34:30]   [emp_id: 5312] SKIPPED: Already updated today (2025-12-07 03:00:04)
[2025-12-07 16:34:30]   [emp_id: 5318] SKIPPED: Already updated today (2025-12-07 03:00:04)
[2025-12-07 16:34:30]   [emp_id: 5325] SKIPPED: Already updated today (2025-12-07 03:00:04)
[2025-12-07 16:34:30]   [emp_id: 5326] SKIPPED: Already updated today (2025-12-07 03:00:04)
[2025-12-07 16:34:30]   [emp_id: 5327] SKIPPED: Already updated today (2025-12-07 03:00:04)
[2025-12-07 16:34:30]   [emp_id: 5328] SKIPPED: Already updated today (2025-12-07 03:00:04)
[2025-12-07 16:34:30]   [emp_id: 5329] SKIPPED: Already updated today (2025-12-07 03:00:04)
[2025-12-07 16:34:30]   [emp_id: 5331] SKIPPED: Already updated today (2025-12-07 03:00:04)
[2025-12-07 16:34:30]   [emp_id: 5337] SKIPPED: Already updated today (2025-12-07 03:00:04)
[2025-12-07 16:34:30]   [emp_id: 5339] SKIPPED: Already updated today (2025-12-07 03:00:04)
[2025-12-07 16:34:30]   [emp_id: 5343] SKIPPED: Already updated today (2025-12-07 03:00:04)
[2025-12-07 16:34:30]   [emp_id: 5343] SKIPPED: Already updated today (2025-12-07 03:00:04)
[2025-12-07 16:34:30]   [emp_id: 5345] SKIPPED: Already updated today (2025-12-07 03:00:04)
[2025-12-07 16:34:30]   [emp_id: 5346] SKIPPED: Already updated today (2025-12-07 03:00:04)
[2025-12-07 16:34:30]   [emp_id: 5351] SKIPPED: Already updated today (2025-12-07 03:00:04)
[2025-12-07 16:34:30]   [emp_id: 5352] SKIPPED: Already updated today (2025-12-07 03:00:04)
[2025-12-07 16:34:30]   [emp_id: 5370] SKIPPED: Already updated today (2025-12-07 03:00:04)
[2025-12-07 16:34:30]   [emp_id: 5371] SKIPPED: Already updated today (2025-12-07 03:00:04)
[2025-12-07 16:34:30]   [emp_id: 5376] SKIPPED: Already updated today (2025-12-07 03:00:04)
[2025-12-07 16:34:30]   [emp_id: 5378] SKIPPED: Already updated today (2025-12-07 03:00:04)
[2025-12-07 16:34:30]   [emp_id: 5380] SKIPPED: Already updated today (2025-12-07 03:00:04)
[2025-12-07 16:34:30]   [emp_id: 5381] SKIPPED: Already updated today (2025-12-07 03:00:04)
[2025-12-07 16:34:30]   [emp_id: 5383] SKIPPED: Already updated today (2025-12-07 03:00:04)
[2025-12-07 16:34:30]   [emp_id: 5388] SKIPPED: Already updated today (2025-12-07 03:00:04)
[2025-12-07 16:34:30]   [emp_id: 5392] SKIPPED: Already updated today (2025-12-07 03:00:04)
[2025-12-07 16:34:30]   [emp_id: 5396] SKIPPED: Already updated today (2025-12-07 03:00:04)
[2025-12-07 16:34:30]   [emp_id: 5397] SKIPPED: Already updated today (2025-12-07 03:00:04)
[2025-12-07 16:34:30]   [emp_id: 5401] SKIPPED: Already updated today (2025-12-07 03:00:04)
[2025-12-07 16:34:30]   [emp_id: 5402] SKIPPED: Already updated today (2025-12-07 03:00:04)
[2025-12-07 16:34:30]   [emp_id: 5406] SKIPPED: Already updated today (2025-12-07 03:00:04)
[2025-12-07 16:34:30]   [emp_id: 5407] SKIPPED: Already updated today (2025-12-07 03:00:04)
[2025-12-07 16:34:30]   [emp_id: 5408] SKIPPED: Already updated today (2025-12-07 03:00:04)
[2025-12-07 16:34:30]   [emp_id: 5409] SKIPPED: Already updated today (2025-12-07 03:00:04)
[2025-12-07 16:34:30]   [emp_id: 5413] SKIPPED: Already updated today (2025-12-07 03:00:04)
[2025-12-07 16:34:30]   [emp_id: 5414] SKIPPED: Already updated today (2025-12-07 03:00:04)
[2025-12-07 16:34:30]   [emp_id: 5415] SKIPPED: Already updated today (2025-12-07 03:00:04)
[2025-12-07 16:34:30]   [emp_id: 5418] SKIPPED: Already updated today (2025-12-07 03:00:04)
[2025-12-07 16:34:30]   [emp_id: 5422] SKIPPED: Already updated today (2025-12-07 03:00:04)
[2025-12-07 16:34:30]   [emp_id: 5423] SKIPPED: Already updated today (2025-12-07 03:00:04)
[2025-12-07 16:34:30]   [emp_id: 5423] SKIPPED: Already updated today (2025-12-07 03:00:04)
[2025-12-07 16:34:30]   [emp_id: 5423] SKIPPED: Already updated today (2025-12-07 03:00:04)
[2025-12-07 16:34:30]   [emp_id: 5424] SKIPPED: Already updated today (2025-12-07 03:00:04)
[2025-12-07 16:34:30]   [emp_id: 5425] SKIPPED: Already updated today (2025-12-07 03:00:04)
[2025-12-07 16:34:30]   [emp_id: 5426] SKIPPED: Already updated today (2025-12-07 03:00:04)
[2025-12-07 16:34:30]   [emp_id: 5426] SKIPPED: Already updated today (2025-12-07 03:00:04)
[2025-12-07 16:34:30]   [emp_id: 5427] SKIPPED: Already updated today (2025-12-07 03:00:04)
[2025-12-07 16:34:30]   [emp_id: 5428] SKIPPED: Already updated today (2025-12-07 03:00:04)
[2025-12-07 16:34:30]   [emp_id: 5430] SKIPPED: Already updated today (2025-12-07 03:00:04)
[2025-12-07 16:34:30]   [emp_id: 5431] SKIPPED: Already updated today (2025-12-07 03:00:04)
[2025-12-07 16:34:30]   [emp_id: 5434] SKIPPED: Already updated today (2025-12-07 03:00:04)
[2025-12-07 16:34:30]   [emp_id: 5435] SKIPPED: Already updated today (2025-12-07 03:00:04)
[2025-12-07 16:34:30]   [emp_id: 5436] SKIPPED: Already updated today (2025-12-07 03:00:04)
[2025-12-07 16:34:30]   [emp_id: 5438] SKIPPED: Already updated today (2025-12-07 03:00:04)
[2025-12-07 16:34:30]   [emp_id: 5439] SKIPPED: Already updated today (2025-12-07 03:00:04)
[2025-12-07 16:34:30]   [emp_id: 5442] SKIPPED: Already updated today (2025-12-07 03:00:04)
[2025-12-07 16:34:30]   [emp_id: 5443] SKIPPED: Already updated today (2025-12-07 03:00:04)
[2025-12-07 16:34:30]   [emp_id: 5445] SKIPPED: Already updated today (2025-12-07 03:00:04)
[2025-12-07 16:34:30]   [emp_id: 5446] SKIPPED: Already updated today (2025-12-07 03:00:04)
[2025-12-07 16:34:30]   [emp_id: 5447] SKIPPED: Already updated today (2025-12-07 03:00:04)
[2025-12-07 16:34:30]   [emp_id: 5448] SKIPPED: Already updated today (2025-12-07 03:00:04)
[2025-12-07 16:34:30]   [emp_id: 5449] SKIPPED: Already updated today (2025-12-07 03:00:04)
[2025-12-07 16:34:30]   [emp_id: 5450] SKIPPED: Already updated today (2025-12-07 03:00:04)
[2025-12-07 16:34:30]   [emp_id: 5451] SKIPPED: Already updated today (2025-12-07 03:00:04)
[2025-12-07 16:34:30]   [emp_id: 5454] SKIPPED: Already updated today (2025-12-07 03:00:04)
[2025-12-07 16:34:30]   [emp_id: 5455] SKIPPED: Already updated today (2025-12-07 03:00:04)
[2025-12-07 16:34:30]   [emp_id: 5456] SKIPPED: Already updated today (2025-12-07 03:00:04)
[2025-12-07 16:34:30] 
[2025-12-07 16:34:30] ========== SUMMARY ==========
[2025-12-07 16:34:30] Total employees processed: 445
[2025-12-07 16:34:30] Records updated: 0
[2025-12-07 16:34:30] Balances changed: 0
[2025-12-07 16:34:30] Errors: 0
[2025-12-07 16:34:30] ========== CRON: Vacation Balance Update Completed ==========
[2025-12-07 16:34:30] 
