[2026-01-01 00:30:02] ========== CRON: Vacation Balance Update Started ==========
[2026-01-01 00:30:02] Database connection established
[2026-01-01 00:30:02] Found 428 active employees with balance records to update
[2026-01-01 00:30:02] (Only employees with status=1 will be processed)
[2026-01-01 00:30:02]   [emp_id: 1061] ✓ Refreshed: 0.16 (unchanged value, timestamp updated)
[2026-01-01 00:30:02]   [emp_id: 1496] ✓ Refreshed: 16.29 (unchanged value, timestamp updated)
[2026-01-01 00:30:02]   [emp_id: 1500] ✓ Refreshed: 3.97 (unchanged value, timestamp updated)
[2026-01-01 00:30:02]   [emp_id: 1574] ✓ Refreshed: 33.2 (unchanged value, timestamp updated)
[2026-01-01 00:30:02]   [emp_id: 1673] ✓ Refreshed: 44.7 (unchanged value, timestamp updated)
[2026-01-01 00:30:02]   [emp_id: 1685] ✓ Refreshed: 14.62 (unchanged value, timestamp updated)
[2026-01-01 00:30:02]   [emp_id: 1764] ✓ Refreshed: 69.29 (unchanged value, timestamp updated)
[2026-01-01 00:30:02]   [emp_id: 1805] ✓ Refreshed: 63.62 (unchanged value, timestamp updated)
[2026-01-01 00:30:02]   [emp_id: 1822] ✓ Refreshed: 68.37 (unchanged value, timestamp updated)
[2026-01-01 00:30:02]   [emp_id: 1837] ✓ Refreshed: 24.54 (unchanged value, timestamp updated)
[2026-01-01 00:30:02]   [emp_id: 1857] ✓ Refreshed: 19.87 (unchanged value, timestamp updated)
[2026-01-01 00:30:02]   [emp_id: 1861] ✓ Refreshed: 70.7 (unchanged value, timestamp updated)
[2026-01-01 00:30:02]   [emp_id: 1872] ✓ Refreshed: 9.54 (unchanged value, timestamp updated)
[2026-01-01 00:30:02]   [emp_id: 1897] ✓ Refreshed: 4.87 (unchanged value, timestamp updated)
[2026-01-01 00:30:02]   [emp_id: 1916] ✓ Refreshed: 11.17 (unchanged value, timestamp updated)
[2026-01-01 00:30:02]   [emp_id: 1928] ✓ Refreshed: 64.12 (unchanged value, timestamp updated)
[2026-01-01 00:30:02]   [emp_id: 1931] ✓ Refreshed: 84.04 (unchanged value, timestamp updated)
[2026-01-01 00:30:02]   [emp_id: 1944] ✓ Refreshed: 42.2 (unchanged value, timestamp updated)
[2026-01-01 00:30:02]   [emp_id: 1996] ✓ Refreshed: 70.7 (unchanged value, timestamp updated)
[2026-01-01 00:30:02]   [emp_id: 1997] ✓ Refreshed: 35.87 (unchanged value, timestamp updated)
[2026-01-01 00:30:02]   [emp_id: 1998] ✓ Refreshed: 27.31 (unchanged value, timestamp updated)
[2026-01-01 00:30:02]   [emp_id: 1999] ✓ Refreshed: 28.31 (unchanged value, timestamp updated)
[2026-01-01 00:30:02]   [emp_id: 2009] ✓ Refreshed: 34.62 (unchanged value, timestamp updated)
[2026-01-01 00:30:02]   [emp_id: 2048] ✓ Refreshed: 24.45 (unchanged value, timestamp updated)
[2026-01-01 00:30:02]   [emp_id: 2057] ✓ Refreshed: 65.29 (unchanged value, timestamp updated)
[2026-01-01 00:30:02]   [emp_id: 2079] ✓ Refreshed: 47.62 (unchanged value, timestamp updated)
[2026-01-01 00:30:02]   [emp_id: 2181] ✓ Refreshed: 36.62 (unchanged value, timestamp updated)
[2026-01-01 00:30:02]   [emp_id: 2190] ✓ Refreshed: 5.95 (unchanged value, timestamp updated)
[2026-01-01 00:30:02]   [emp_id: 2212] ✓ Refreshed: 23.95 (unchanged value, timestamp updated)
[2026-01-01 00:30:02]   [emp_id: 2226] ✓ Refreshed: 68.7 (unchanged value, timestamp updated)
[2026-01-01 00:30:02]   [emp_id: 2238] ✓ Refreshed: 66.95 (unchanged value, timestamp updated)
[2026-01-01 00:30:02]   [emp_id: 2285] ✓ Refreshed: 35.62 (unchanged value, timestamp updated)
[2026-01-01 00:30:02]   [emp_id: 2287] ✓ Refreshed: 47.29 (unchanged value, timestamp updated)
[2026-01-01 00:30:02]   [emp_id: 2288] ✓ Refreshed: 2.31 (unchanged value, timestamp updated)
[2026-01-01 00:30:02]   [emp_id: 2316] ✓ Refreshed: 16.12 (unchanged value, timestamp updated)
[2026-01-01 00:30:02]   [emp_id: 2337] ✓ Refreshed: 37.2 (unchanged value, timestamp updated)
[2026-01-01 00:30:02]   [emp_id: 2352] ✓ Refreshed: 68.7 (unchanged value, timestamp updated)
[2026-01-01 00:30:02]   [emp_id: 2358] ✓ Refreshed: 5.2 (unchanged value, timestamp updated)
[2026-01-01 00:30:02]   [emp_id: 2361] ✓ Refreshed: 70.87 (unchanged value, timestamp updated)
[2026-01-01 00:30:02]   [emp_id: 2363] ✓ Refreshed: 73.45 (unchanged value, timestamp updated)
[2026-01-01 00:30:02]   [emp_id: 2364] ✓ Refreshed: 72.87 (unchanged value, timestamp updated)
[2026-01-01 00:30:02]   [emp_id: 2367] ✓ Refreshed: 100.54 (unchanged value, timestamp updated)
[2026-01-01 00:30:02]   [emp_id: 2368] ✓ Refreshed: 30.95 (unchanged value, timestamp updated)
[2026-01-01 00:30:02]   [emp_id: 2372] ✓ Refreshed: 68.2 (unchanged value, timestamp updated)
[2026-01-01 00:30:02]   [emp_id: 2376] ✓ Refreshed: 118.2 (unchanged value, timestamp updated)
[2026-01-01 00:30:02]   [emp_id: 2423] ✓ Refreshed: 18.95 (unchanged value, timestamp updated)
[2026-01-01 00:30:02]   [emp_id: 2519] ✓ Refreshed: 172.62 (unchanged value, timestamp updated)
[2026-01-01 00:30:02]   [emp_id: 2522] ✓ Refreshed: 56.2 (unchanged value, timestamp updated)
[2026-01-01 00:30:02]   [emp_id: 2530] ✓ Refreshed: 51.45 (unchanged value, timestamp updated)
[2026-01-01 00:30:02]   [emp_id: 2539] ✓ Refreshed: 48.2 (unchanged value, timestamp updated)
[2026-01-01 00:30:02]   [emp_id: 2541] ✓ Refreshed: 28.79 (unchanged value, timestamp updated)
[2026-01-01 00:30:02]   [emp_id: 2550] ✓ Refreshed: 94.95 (unchanged value, timestamp updated)
[2026-01-01 00:30:02]   [emp_id: 2553] ✓ Refreshed: 32.06 (unchanged value, timestamp updated)
[2026-01-01 00:30:02]   [emp_id: 2554] ✓ Refreshed: 38.54 (unchanged value, timestamp updated)
[2026-01-01 00:30:02]   [emp_id: 2565] ✓ Refreshed: 93.12 (unchanged value, timestamp updated)
[2026-01-01 00:30:02]   [emp_id: 2572] ✓ Refreshed: 43.12 (unchanged value, timestamp updated)
[2026-01-01 00:30:02]   [emp_id: 2637] ✓ Refreshed: 63.7 (unchanged value, timestamp updated)
[2026-01-01 00:30:02]   [emp_id: 2642] ✓ Refreshed: 76.45 (unchanged value, timestamp updated)
[2026-01-01 00:30:02]   [emp_id: 2645] ✓ Refreshed: 92.45 (unchanged value, timestamp updated)
[2026-01-01 00:30:02]   [emp_id: 2648] ✓ Refreshed: 44.12 (unchanged value, timestamp updated)
[2026-01-01 00:30:02]   [emp_id: 2654] ✓ Refreshed: 86.79 (unchanged value, timestamp updated)
[2026-01-01 00:30:02]   [emp_id: 2688] ✓ Refreshed: 24.87 (unchanged value, timestamp updated)
[2026-01-01 00:30:02]   [emp_id: 2690] ✓ Refreshed: 13.62 (unchanged value, timestamp updated)
[2026-01-01 00:30:02]   [emp_id: 2709] ✓ Refreshed: 35.87 (unchanged value, timestamp updated)
[2026-01-01 00:30:02]   [emp_id: 2745] ✓ Refreshed: 32.45 (unchanged value, timestamp updated)
[2026-01-01 00:30:02]   [emp_id: 2843] ✓ Refreshed: 79.04 (unchanged value, timestamp updated)
[2026-01-01 00:30:02]   [emp_id: 2854] ✓ Refreshed: 58.95 (unchanged value, timestamp updated)
[2026-01-01 00:30:02]   [emp_id: 2869] ✓ Refreshed: 63.87 (unchanged value, timestamp updated)
[2026-01-01 00:30:02]   [emp_id: 2876] ✓ Refreshed: 33.7 (unchanged value, timestamp updated)
[2026-01-01 00:30:02]   [emp_id: 2924] ✓ Refreshed: 14.87 (unchanged value, timestamp updated)
[2026-01-01 00:30:02]   [emp_id: 2953] ✓ Refreshed: 100.62 (unchanged value, timestamp updated)
[2026-01-01 00:30:02]   [emp_id: 2961] ✓ Refreshed: 10.62 (unchanged value, timestamp updated)
[2026-01-01 00:30:03]   [emp_id: 2975] ✓ Refreshed: 3.72 (unchanged value, timestamp updated)
[2026-01-01 00:30:03]   [emp_id: 3013] ✓ Refreshed: 9.62 (unchanged value, timestamp updated)
[2026-01-01 00:30:03]   [emp_id: 3014] ✓ Refreshed: 88.87 (unchanged value, timestamp updated)
[2026-01-01 00:30:03]   [emp_id: 3015] ✓ Refreshed: 40.12 (unchanged value, timestamp updated)
[2026-01-01 00:30:03]   [emp_id: 3018] ✓ Refreshed: 58.87 (unchanged value, timestamp updated)
[2026-01-01 00:30:03]   [emp_id: 3025] ✓ Refreshed: 22.64 (unchanged value, timestamp updated)
[2026-01-01 00:30:03]   [emp_id: 3037] ✓ Refreshed: 82.37 (unchanged value, timestamp updated)
[2026-01-01 00:30:03]   [emp_id: 3047] ✓ Refreshed: 70.62 (unchanged value, timestamp updated)
[2026-01-01 00:30:03]   [emp_id: 3061] ✓ Refreshed: 17.54 (unchanged value, timestamp updated)
[2026-01-01 00:30:03]   [emp_id: 3062] ✓ Refreshed: 50.7 (unchanged value, timestamp updated)
[2026-01-01 00:30:03]   [emp_id: 3074] ✓ Refreshed: 107.12 (unchanged value, timestamp updated)
[2026-01-01 00:30:03]   [emp_id: 3089] ✓ Refreshed: 6.04 (unchanged value, timestamp updated)
[2026-01-01 00:30:03]   [emp_id: 3090] ✓ Refreshed: 32.62 (unchanged value, timestamp updated)
[2026-01-01 00:30:03]   [emp_id: 3091] ✓ Refreshed: 44.62 (unchanged value, timestamp updated)
[2026-01-01 00:30:03]   [emp_id: 3092] ✓ Refreshed: 27.29 (unchanged value, timestamp updated)
[2026-01-01 00:30:03]   [emp_id: 3105] ✓ Refreshed: 47.62 (unchanged value, timestamp updated)
[2026-01-01 00:30:03]   [emp_id: 3134] ✓ Refreshed: 43.37 (unchanged value, timestamp updated)
[2026-01-01 00:30:03]   [emp_id: 3140] ✓ Refreshed: 40.45 (unchanged value, timestamp updated)
[2026-01-01 00:30:03]   [emp_id: 3144] ✓ Refreshed: 13.29 (unchanged value, timestamp updated)
[2026-01-01 00:30:03]   [emp_id: 3156] ✓ Refreshed: 16.62 (unchanged value, timestamp updated)
[2026-01-01 00:30:03]   [emp_id: 3162] ✓ Refreshed: 1.6 (unchanged value, timestamp updated)
[2026-01-01 00:30:03]   [emp_id: 3163] ✓ Refreshed: 4.87 (unchanged value, timestamp updated)
[2026-01-01 00:30:03]   [emp_id: 3198] ✓ Refreshed: 39.87 (unchanged value, timestamp updated)
[2026-01-01 00:30:03]   [emp_id: 3205] ✓ Refreshed: 16.54 (unchanged value, timestamp updated)
[2026-01-01 00:30:03]   [emp_id: 3209] ✓ Refreshed: 40.7 (unchanged value, timestamp updated)
[2026-01-01 00:30:03]   [emp_id: 3223] ✓ Refreshed: 89.62 (unchanged value, timestamp updated)
[2026-01-01 00:30:03]   [emp_id: 3224] ✓ Refreshed: 64.37 (unchanged value, timestamp updated)
[2026-01-01 00:30:03]   [emp_id: 3230] ✓ Refreshed: 87.79 (unchanged value, timestamp updated)
[2026-01-01 00:30:03]   [emp_id: 3231] ✓ Refreshed: 0.16 (unchanged value, timestamp updated)
[2026-01-01 00:30:03]   [emp_id: 3233] ✓ Refreshed: 80.62 (unchanged value, timestamp updated)
[2026-01-01 00:30:03]   [emp_id: 3249] ✓ Refreshed: 36.45 (unchanged value, timestamp updated)
[2026-01-01 00:30:03]   [emp_id: 3250] ✓ Refreshed: 9.45 (unchanged value, timestamp updated)
[2026-01-01 00:30:03]   [emp_id: 3252] ✓ Refreshed: 10.37 (unchanged value, timestamp updated)
[2026-01-01 00:30:03]   [emp_id: 3254] ✓ Refreshed: 20.87 (unchanged value, timestamp updated)
[2026-01-01 00:30:03]   [emp_id: 3255] ✓ Refreshed: 17.29 (unchanged value, timestamp updated)
[2026-01-01 00:30:03]   [emp_id: 3256] ✓ Refreshed: 13.54 (unchanged value, timestamp updated)
[2026-01-01 00:30:03]   [emp_id: 3263] ✓ Refreshed: 29.62 (unchanged value, timestamp updated)
[2026-01-01 00:30:03]   [emp_id: 3265] ✓ Refreshed: 25.2 (unchanged value, timestamp updated)
[2026-01-01 00:30:03]   [emp_id: 3280] ✓ Refreshed: 72.12 (unchanged value, timestamp updated)
[2026-01-01 00:30:03]   [emp_id: 3286] ✓ Refreshed: 15.29 (unchanged value, timestamp updated)
[2026-01-01 00:30:03]   [emp_id: 3294] ✓ Refreshed: 14.95 (unchanged value, timestamp updated)
[2026-01-01 00:30:03]   [emp_id: 3321] ✓ Refreshed: 72.12 (unchanged value, timestamp updated)
[2026-01-01 00:30:03]   [emp_id: 3325] ✓ Refreshed: 59.87 (unchanged value, timestamp updated)
[2026-01-01 00:30:03]   [emp_id: 3329] ✓ Refreshed: 62.2 (unchanged value, timestamp updated)
[2026-01-01 00:30:03]   [emp_id: 3330] ✓ Refreshed: 62.2 (unchanged value, timestamp updated)
[2026-01-01 00:30:03]   [emp_id: 3332] ✓ Refreshed: 62.2 (unchanged value, timestamp updated)
[2026-01-01 00:30:03]   [emp_id: 3370] ✓ Refreshed: 53.87 (unchanged value, timestamp updated)
[2026-01-01 00:30:03]   [emp_id: 3384] ✓ Refreshed: 14.37 (unchanged value, timestamp updated)
[2026-01-01 00:30:03]   [emp_id: 3386] ✓ Refreshed: 44.37 (unchanged value, timestamp updated)
[2026-01-01 00:30:03]   [emp_id: 3431] ✓ Refreshed: 18.79 (unchanged value, timestamp updated)
[2026-01-01 00:30:03]   [emp_id: 3497] ✓ Refreshed: 8.95 (unchanged value, timestamp updated)
[2026-01-01 00:30:03]   [emp_id: 3532] ✓ Refreshed: 45.79 (unchanged value, timestamp updated)
[2026-01-01 00:30:03]   [emp_id: 3586] ✓ Refreshed: 9.87 (unchanged value, timestamp updated)
[2026-01-01 00:30:03]   [emp_id: 3602] ✓ Refreshed: 1.36 (unchanged value, timestamp updated)
[2026-01-01 00:30:03]   [emp_id: 3618] ✓ Refreshed: 23.34 (unchanged value, timestamp updated)
[2026-01-01 00:30:03]   [emp_id: 3622] ✓ Refreshed: 34.35 (unchanged value, timestamp updated)
[2026-01-01 00:30:03]   [emp_id: 3627] ✓ Refreshed: 9.29 (unchanged value, timestamp updated)
[2026-01-01 00:30:03]   [emp_id: 3665] ✓ Refreshed: 50.87 (unchanged value, timestamp updated)
[2026-01-01 00:30:03]   [emp_id: 3705] ✓ Refreshed: 27.68 (unchanged value, timestamp updated)
[2026-01-01 00:30:03]   [emp_id: 3724] ✓ Refreshed: 43.87 (unchanged value, timestamp updated)
[2026-01-01 00:30:03]   [emp_id: 3726] ✓ Refreshed: 60.29 (unchanged value, timestamp updated)
[2026-01-01 00:30:03]   [emp_id: 3727] ✓ Refreshed: 65.37 (unchanged value, timestamp updated)
[2026-01-01 00:30:03]   [emp_id: 3728] ✓ Refreshed: 9.7 (unchanged value, timestamp updated)
[2026-01-01 00:30:03]   [emp_id: 3742] ✓ Refreshed: 32.87 (unchanged value, timestamp updated)
[2026-01-01 00:30:03]   [emp_id: 3767] ✓ Refreshed: 60.45 (unchanged value, timestamp updated)
[2026-01-01 00:30:03]   [emp_id: 3768] ✓ Refreshed: 56.7 (unchanged value, timestamp updated)
[2026-01-01 00:30:03]   [emp_id: 3787] ✓ Refreshed: 57.29 (unchanged value, timestamp updated)
[2026-01-01 00:30:03]   [emp_id: 3790] ✓ Refreshed: 1.84 (unchanged value, timestamp updated)
[2026-01-01 00:30:03]   [emp_id: 3795] ✓ Refreshed: 14.79 (unchanged value, timestamp updated)
[2026-01-01 00:30:03]   [emp_id: 3798] ✓ Refreshed: 93.2 (unchanged value, timestamp updated)
[2026-01-01 00:30:03]   [emp_id: 3801] ✓ Refreshed: 1.47 (unchanged value, timestamp updated)
[2026-01-01 00:30:03]   [emp_id: 3802] ✓ Refreshed: 30.45 (unchanged value, timestamp updated)
[2026-01-01 00:30:03]   [emp_id: 3803] ✓ Refreshed: 114.87 (unchanged value, timestamp updated)
[2026-01-01 00:30:03]   [emp_id: 3810] ✓ Refreshed: 60.87 (unchanged value, timestamp updated)
[2026-01-01 00:30:03]   [emp_id: 3812] ✓ Refreshed: 89.87 (unchanged value, timestamp updated)
[2026-01-01 00:30:03]   [emp_id: 3815] ✓ Refreshed: 89.87 (unchanged value, timestamp updated)
[2026-01-01 00:30:03]   [emp_id: 3836] ✓ Refreshed: 57.54 (unchanged value, timestamp updated)
[2026-01-01 00:30:03]   [emp_id: 3855] ✓ Refreshed: 50.7 (unchanged value, timestamp updated)
[2026-01-01 00:30:03]   [emp_id: 3857] ✓ Refreshed: 54.37 (unchanged value, timestamp updated)
[2026-01-01 00:30:03]   [emp_id: 3862] ✓ Refreshed: 102.45 (unchanged value, timestamp updated)
[2026-01-01 00:30:03]   [emp_id: 3866] ✓ Refreshed: 27.7 (unchanged value, timestamp updated)
[2026-01-01 00:30:03]   [emp_id: 3876] ✓ Refreshed: 47.87 (unchanged value, timestamp updated)
[2026-01-01 00:30:03]   [emp_id: 3877] ✓ Refreshed: 49.37 (unchanged value, timestamp updated)
[2026-01-01 00:30:03]   [emp_id: 3897] ✓ Refreshed: 37.62 (unchanged value, timestamp updated)
[2026-01-01 00:30:03]   [emp_id: 3899] ✓ Refreshed: 0.8 (unchanged value, timestamp updated)
[2026-01-01 00:30:03]   [emp_id: 3928] ✓ Refreshed: 13.7 (unchanged value, timestamp updated)
[2026-01-01 00:30:03]   [emp_id: 3929] ✓ Refreshed: 8.7 (unchanged value, timestamp updated)
[2026-01-01 00:30:03]   [emp_id: 3935] ✓ Refreshed: 93.7 (unchanged value, timestamp updated)
[2026-01-01 00:30:03]   [emp_id: 3952] ✓ Refreshed: 76.04 (unchanged value, timestamp updated)
[2026-01-01 00:30:03]   [emp_id: 3987] ✓ Refreshed: 13.95 (unchanged value, timestamp updated)
[2026-01-01 00:30:03]   [emp_id: 4059] ✓ Refreshed: 3.15 (unchanged value, timestamp updated)
[2026-01-01 00:30:03]   [emp_id: 4119] ✓ Refreshed: 56.62 (unchanged value, timestamp updated)
[2026-01-01 00:30:03]   [emp_id: 4120] ✓ Refreshed: 26.2 (unchanged value, timestamp updated)
[2026-01-01 00:30:03]   [emp_id: 4124] ✓ Refreshed: 26.72 (unchanged value, timestamp updated)
[2026-01-01 00:30:03]   [emp_id: 4133] ✓ Refreshed: 105.2 (unchanged value, timestamp updated)
[2026-01-01 00:30:03]   [emp_id: 4134] ✓ Refreshed: 26.2 (unchanged value, timestamp updated)
[2026-01-01 00:30:03]   [emp_id: 4136] ✓ Refreshed: 26.2 (unchanged value, timestamp updated)
[2026-01-01 00:30:03]   [emp_id: 4150] ✓ Refreshed: 24.87 (unchanged value, timestamp updated)
[2026-01-01 00:30:03]   [emp_id: 4157] ✓ Refreshed: 18.37 (unchanged value, timestamp updated)
[2026-01-01 00:30:03]   [emp_id: 4172] ✓ Refreshed: 12.26 (unchanged value, timestamp updated)
[2026-01-01 00:30:03]   [emp_id: 4195] ✓ Refreshed: 61.95 (unchanged value, timestamp updated)
[2026-01-01 00:30:03]   [emp_id: 4215] ✓ Refreshed: 44.62 (unchanged value, timestamp updated)
[2026-01-01 00:30:03]   [emp_id: 4220] ✓ Refreshed: 40.2 (unchanged value, timestamp updated)
[2026-01-01 00:30:03]   [emp_id: 4273] ✓ Refreshed: 8.87 (unchanged value, timestamp updated)
[2026-01-01 00:30:03]   [emp_id: 4283] ✓ Refreshed: 13.35 (unchanged value, timestamp updated)
[2026-01-01 00:30:03]   [emp_id: 4288] ✓ Refreshed: 1.12 (unchanged value, timestamp updated)
[2026-01-01 00:30:03]   [emp_id: 4315] ✓ Refreshed: 12.12 (unchanged value, timestamp updated)
[2026-01-01 00:30:03]   [emp_id: 4328] ✓ Refreshed: 42.18 (unchanged value, timestamp updated)
[2026-01-01 00:30:03]   [emp_id: 4329] ✓ Refreshed: 5.29 (unchanged value, timestamp updated)
[2026-01-01 00:30:03]   [emp_id: 4338] ✓ Refreshed: 46.87 (unchanged value, timestamp updated)
[2026-01-01 00:30:03]   [emp_id: 4340] ✓ Refreshed: 125.87 (unchanged value, timestamp updated)
[2026-01-01 00:30:03]   [emp_id: 4365] ✓ Refreshed: 60.29 (unchanged value, timestamp updated)
[2026-01-01 00:30:03]   [emp_id: 4366] ✓ Refreshed: 59.37 (unchanged value, timestamp updated)
[2026-01-01 00:30:03]   [emp_id: 4403] ✓ Refreshed: 85.2 (unchanged value, timestamp updated)
[2026-01-01 00:30:03]   [emp_id: 4438] ✓ Refreshed: 20.87 (unchanged value, timestamp updated)
[2026-01-01 00:30:03]   [emp_id: 4465] ✓ Refreshed: 12.51 (unchanged value, timestamp updated)
[2026-01-01 00:30:03]   [emp_id: 4473] ✓ Refreshed: 44.45 (unchanged value, timestamp updated)
[2026-01-01 00:30:03]   [emp_id: 4474] ✓ Refreshed: 0.1 (unchanged value, timestamp updated)
[2026-01-01 00:30:03]   [emp_id: 4493] ✓ Refreshed: 163.29 (unchanged value, timestamp updated)
[2026-01-01 00:30:03]   [emp_id: 4526] ✓ Refreshed: 35.54 (unchanged value, timestamp updated)
[2026-01-01 00:30:03]   [emp_id: 4528] ✓ Refreshed: 107.29 (unchanged value, timestamp updated)
[2026-01-01 00:30:04]   [emp_id: 4528] ✓ Refreshed: 107.29 (unchanged value, timestamp updated)
[2026-01-01 00:30:04]   [emp_id: 4532] ✓ Refreshed: 7.63 (unchanged value, timestamp updated)
[2026-01-01 00:30:04]   [emp_id: 4533] ✓ Refreshed: 35.7 (unchanged value, timestamp updated)
[2026-01-01 00:30:04]   [emp_id: 4564] ✓ Refreshed: 25.26 (unchanged value, timestamp updated)
[2026-01-01 00:30:04]   [emp_id: 4565] ✓ Refreshed: 15.01 (unchanged value, timestamp updated)
[2026-01-01 00:30:04]   [emp_id: 4567] ✓ Refreshed: 19.26 (unchanged value, timestamp updated)
[2026-01-01 00:30:04]   [emp_id: 4572] ✓ Refreshed: 58.76 (unchanged value, timestamp updated)
[2026-01-01 00:30:04]   [emp_id: 4631] ✓ Refreshed: 15.01 (unchanged value, timestamp updated)
[2026-01-01 00:30:04]   [emp_id: 4655] ✓ Refreshed: 24.62 (unchanged value, timestamp updated)
[2026-01-01 00:30:04]   [emp_id: 4689] ✓ Refreshed: 2.39 (unchanged value, timestamp updated)
[2026-01-01 00:30:04]   [emp_id: 4709] ✓ Refreshed: 39.87 (unchanged value, timestamp updated)
[2026-01-01 00:30:04]   [emp_id: 4717] ✓ Refreshed: 65.87 (unchanged value, timestamp updated)
[2026-01-01 00:30:04]   [emp_id: 4736] ✓ Refreshed: 27.7 (unchanged value, timestamp updated)
[2026-01-01 00:30:04]   [emp_id: 4756] ✓ Refreshed: 11.45 (unchanged value, timestamp updated)
[2026-01-01 00:30:04]   [emp_id: 4768] ✓ Refreshed: 12.37 (unchanged value, timestamp updated)
[2026-01-01 00:30:04]   [emp_id: 4780] ✓ Refreshed: 65.18 (unchanged value, timestamp updated)
[2026-01-01 00:30:04]   [emp_id: 4820] ✓ Refreshed: 98.7 (unchanged value, timestamp updated)
[2026-01-01 00:30:04]   [emp_id: 4825] ✓ Refreshed: 30.45 (unchanged value, timestamp updated)
[2026-01-01 00:30:04]   [emp_id: 4835] ✓ Refreshed: 47.93 (unchanged value, timestamp updated)
[2026-01-01 00:30:04]   [emp_id: 4837] ✓ Refreshed: 45.17 (unchanged value, timestamp updated)
[2026-01-01 00:30:04]   [emp_id: 4838] ✓ Refreshed: 44.19 (unchanged value, timestamp updated)
[2026-01-01 00:30:04]   [emp_id: 4840] ✓ Refreshed: 45.17 (unchanged value, timestamp updated)
[2026-01-01 00:30:04]   [emp_id: 4842] ✓ Refreshed: 44.41 (unchanged value, timestamp updated)
[2026-01-01 00:30:04]   [emp_id: 4843] ✓ Refreshed: 44.94 (unchanged value, timestamp updated)
[2026-01-01 00:30:04]   [emp_id: 4853] ✓ Refreshed: 88.76 (unchanged value, timestamp updated)
[2026-01-01 00:30:04]   [emp_id: 4856] ✓ Refreshed: 42.08 (unchanged value, timestamp updated)
[2026-01-01 00:30:04]   [emp_id: 4857] ✓ Refreshed: 24.9 (unchanged value, timestamp updated)
[2026-01-01 00:30:04]   [emp_id: 4858] ✓ Refreshed: 21.78 (unchanged value, timestamp updated)
[2026-01-01 00:30:04]   [emp_id: 4859] ✓ Refreshed: 43.25 (unchanged value, timestamp updated)
[2026-01-01 00:30:04]   [emp_id: 4860] ✓ Refreshed: 7.75 (unchanged value, timestamp updated)
[2026-01-01 00:30:04]   [emp_id: 4861] ✓ Refreshed: 41.21 (unchanged value, timestamp updated)
[2026-01-01 00:30:04]   [emp_id: 4869] ✓ Refreshed: 84.09 (unchanged value, timestamp updated)
[2026-01-01 00:30:04]   [emp_id: 4894] ✓ Refreshed: 7.37 (unchanged value, timestamp updated)
[2026-01-01 00:30:04]   [emp_id: 4897] ✓ Refreshed: 22.99 (unchanged value, timestamp updated)
[2026-01-01 00:30:04]   [emp_id: 4899] ✓ Refreshed: 19.16 (unchanged value, timestamp updated)
[2026-01-01 00:30:04]   [emp_id: 4902] ✓ Refreshed: 18.58 (unchanged value, timestamp updated)
[2026-01-01 00:30:04]   [emp_id: 4903] ✓ Refreshed: 20.8 (unchanged value, timestamp updated)
[2026-01-01 00:30:04]   [emp_id: 4905] ✓ Refreshed: 19.46 (unchanged value, timestamp updated)
[2026-01-01 00:30:04]   [emp_id: 4907] ✓ Refreshed: 47.45 (unchanged value, timestamp updated)
[2026-01-01 00:30:04]   [emp_id: 4917] ✓ Refreshed: 16.42 (unchanged value, timestamp updated)
[2026-01-01 00:30:04]   [emp_id: 4918] ✓ Refreshed: 6.19 (unchanged value, timestamp updated)
[2026-01-01 00:30:04]   [emp_id: 4919] ✓ Refreshed: 58.48 (unchanged value, timestamp updated)
[2026-01-01 00:30:04]   [emp_id: 4920] ✓ Refreshed: 5.56 (unchanged value, timestamp updated)
[2026-01-01 00:30:04]   [emp_id: 4921] ✓ Refreshed: 17.65 (unchanged value, timestamp updated)
[2026-01-01 00:30:04]   [emp_id: 4927] ✓ Refreshed: 16.48 (unchanged value, timestamp updated)
[2026-01-01 00:30:04]   [emp_id: 4929] ✓ Refreshed: 18 (unchanged value, timestamp updated)
[2026-01-01 00:30:04]   [emp_id: 4930] ✓ Refreshed: 58.77 (unchanged value, timestamp updated)
[2026-01-01 00:30:04]   [emp_id: 4932] ✓ Refreshed: 16.77 (unchanged value, timestamp updated)
[2026-01-01 00:30:04]   [emp_id: 4933] ✓ Refreshed: 20.18 (unchanged value, timestamp updated)
[2026-01-01 00:30:04]   [emp_id: 4949] ✓ Refreshed: 35.61 (unchanged value, timestamp updated)
[2026-01-01 00:30:04]   [emp_id: 4956] ✓ Refreshed: 29.2 (unchanged value, timestamp updated)
[2026-01-01 00:30:04]   [emp_id: 4957] ✓ Refreshed: 29.87 (unchanged value, timestamp updated)
[2026-01-01 00:30:04]   [emp_id: 4962] ✓ Refreshed: 46.81 (unchanged value, timestamp updated)
[2026-01-01 00:30:04]   [emp_id: 4969] ✓ Refreshed: 46.12 (unchanged value, timestamp updated)
[2026-01-01 00:30:04]   [emp_id: 4976] ✓ Refreshed: 9.89 (unchanged value, timestamp updated)
[2026-01-01 00:30:04]   [emp_id: 4984] ✓ Refreshed: 37.37 (unchanged value, timestamp updated)
[2026-01-01 00:30:04]   [emp_id: 4995] ✓ Refreshed: 49.44 (unchanged value, timestamp updated)
[2026-01-01 00:30:04]   [emp_id: 5004] ✓ Refreshed: 26.83 (unchanged value, timestamp updated)
[2026-01-01 00:30:04]   [emp_id: 5006] ✓ Refreshed: 26.57 (unchanged value, timestamp updated)
[2026-01-01 00:30:04]   [emp_id: 5011] ✓ Refreshed: 13.04 (unchanged value, timestamp updated)
[2026-01-01 00:30:04]   [emp_id: 5013] ✓ Refreshed: 66.94 (unchanged value, timestamp updated)
[2026-01-01 00:30:04]   [emp_id: 5018] ✓ Refreshed: 3.43 (unchanged value, timestamp updated)
[2026-01-01 00:30:04]   [emp_id: 5021] ✓ Refreshed: 60.47 (unchanged value, timestamp updated)
[2026-01-01 00:30:04]   [emp_id: 5024] ✓ Refreshed: 1.45 (unchanged value, timestamp updated)
[2026-01-01 00:30:04]   [emp_id: 5030] ✓ Refreshed: 31.4 (unchanged value, timestamp updated)
[2026-01-01 00:30:04]   [emp_id: 5033] ✓ Refreshed: 22.2 (unchanged value, timestamp updated)
[2026-01-01 00:30:04]   [emp_id: 5043] ✓ Refreshed: 30.04 (unchanged value, timestamp updated)
[2026-01-01 00:30:04]   [emp_id: 5045] ✓ Refreshed: 26.54 (unchanged value, timestamp updated)
[2026-01-01 00:30:04]   [emp_id: 5046] ✓ Refreshed: 21.73 (unchanged value, timestamp updated)
[2026-01-01 00:30:04]   [emp_id: 5049] ✓ Refreshed: 38.88 (unchanged value, timestamp updated)
[2026-01-01 00:30:04]   [emp_id: 5052] ✓ Refreshed: 30.16 (unchanged value, timestamp updated)
[2026-01-01 00:30:04]   [emp_id: 5055] ✓ Refreshed: 18.6 (unchanged value, timestamp updated)
[2026-01-01 00:30:04]   [emp_id: 5058] ✓ Refreshed: 27.58 (unchanged value, timestamp updated)
[2026-01-01 00:30:04]   [emp_id: 5062] ✓ Refreshed: 39.41 (unchanged value, timestamp updated)
[2026-01-01 00:30:04]   [emp_id: 5064] ✓ Refreshed: 117.37 (unchanged value, timestamp updated)
[2026-01-01 00:30:04]   [emp_id: 5065] ✓ Refreshed: 38.82 (unchanged value, timestamp updated)
[2026-01-01 00:30:04]   [emp_id: 5071] ✓ Refreshed: 22.87 (unchanged value, timestamp updated)
[2026-01-01 00:30:04]   [emp_id: 5073] ✓ Refreshed: 13.42 (unchanged value, timestamp updated)
[2026-01-01 00:30:04]   [emp_id: 5079] ✓ Refreshed: 33.98 (unchanged value, timestamp updated)
[2026-01-01 00:30:04]   [emp_id: 5080] ✓ Refreshed: 29.31 (unchanged value, timestamp updated)
[2026-01-01 00:30:04]   [emp_id: 5081] ✓ Refreshed: 15.57 (unchanged value, timestamp updated)
[2026-01-01 00:30:04]   [emp_id: 5087] ✓ Refreshed: 35.61 (unchanged value, timestamp updated)
[2026-01-01 00:30:04]   [emp_id: 5091] ✓ Refreshed: 75.46 (unchanged value, timestamp updated)
[2026-01-01 00:30:04]   [emp_id: 5093] ✓ Refreshed: 14.04 (unchanged value, timestamp updated)
[2026-01-01 00:30:04]   [emp_id: 5095] ✓ Refreshed: 1 (unchanged value, timestamp updated)
[2026-01-01 00:30:04]   [emp_id: 5101] ✓ Refreshed: 16.12 (unchanged value, timestamp updated)
[2026-01-01 00:30:04]   [emp_id: 5107] ✓ Refreshed: 14.45 (unchanged value, timestamp updated)
[2026-01-01 00:30:04]   [emp_id: 5109] ✓ Refreshed: 11.7 (unchanged value, timestamp updated)
[2026-01-01 00:30:04]   [emp_id: 5119] ✓ Refreshed: 9.87 (unchanged value, timestamp updated)
[2026-01-01 00:30:04]   [emp_id: 5122] ✓ Refreshed: 7.04 (unchanged value, timestamp updated)
[2026-01-01 00:30:04]   [emp_id: 5126] ✓ Refreshed: 26.34 (unchanged value, timestamp updated)
[2026-01-01 00:30:04]   [emp_id: 5127] ✓ Refreshed: 23.13 (unchanged value, timestamp updated)
[2026-01-01 00:30:04]   [emp_id: 5128] ✓ Refreshed: 26.28 (unchanged value, timestamp updated)
[2026-01-01 00:30:04]   [emp_id: 5138] ✓ Refreshed: 65.7 (unchanged value, timestamp updated)
[2026-01-01 00:30:04]   [emp_id: 5138] ✓ Refreshed: 65.7 (unchanged value, timestamp updated)
[2026-01-01 00:30:04]   [emp_id: 5141] ✓ Refreshed: 34.65 (unchanged value, timestamp updated)
[2026-01-01 00:30:04]   [emp_id: 5142] ✓ Refreshed: 13.65 (unchanged value, timestamp updated)
[2026-01-01 00:30:04]   [emp_id: 5146] ✓ Refreshed: 20.65 (unchanged value, timestamp updated)
[2026-01-01 00:30:04]   [emp_id: 5147] ✓ Refreshed: 19.65 (unchanged value, timestamp updated)
[2026-01-01 00:30:04]   [emp_id: 5148] ✓ Refreshed: 25 (unchanged value, timestamp updated)
[2026-01-01 00:30:04]   [emp_id: 5149] ✓ Refreshed: 23.89 (unchanged value, timestamp updated)
[2026-01-01 00:30:04]   [emp_id: 5150] ✓ Refreshed: 23.25 (unchanged value, timestamp updated)
[2026-01-01 00:30:04]   [emp_id: 5151] ✓ Refreshed: 23.07 (unchanged value, timestamp updated)
[2026-01-01 00:30:04]   [emp_id: 5152] ✓ Refreshed: 3.49 (unchanged value, timestamp updated)
[2026-01-01 00:30:04]   [emp_id: 5157] ✓ Refreshed: 23.07 (unchanged value, timestamp updated)
[2026-01-01 00:30:04]   [emp_id: 5160] ✓ Refreshed: 23.07 (unchanged value, timestamp updated)
[2026-01-01 00:30:04]   [emp_id: 5163] ✓ Refreshed: 20.86 (unchanged value, timestamp updated)
[2026-01-01 00:30:04]   [emp_id: 5165] ✓ Refreshed: 1.14 (unchanged value, timestamp updated)
[2026-01-01 00:30:04]   [emp_id: 5167] ✓ Refreshed: 30.01 (unchanged value, timestamp updated)
[2026-01-01 00:30:04]   [emp_id: 5168] ✓ Refreshed: 22.55 (unchanged value, timestamp updated)
[2026-01-01 00:30:04]   [emp_id: 5173] ✓ Refreshed: 24.79 (unchanged value, timestamp updated)
[2026-01-01 00:30:04]   [emp_id: 5174] ✓ Refreshed: 23.01 (unchanged value, timestamp updated)
[2026-01-01 00:30:04]   [emp_id: 5181] ✓ Refreshed: 19.4 (unchanged value, timestamp updated)
[2026-01-01 00:30:04]   [emp_id: 5186] ✓ Refreshed: 24.93 (unchanged value, timestamp updated)
[2026-01-01 00:30:04]   [emp_id: 5187] ✓ Refreshed: 35.93 (unchanged value, timestamp updated)
[2026-01-01 00:30:04]   [emp_id: 5204] ✓ Refreshed: 22.29 (unchanged value, timestamp updated)
[2026-01-01 00:30:04]   [emp_id: 5205] ✓ Refreshed: 12.14 (unchanged value, timestamp updated)
[2026-01-01 00:30:04]   [emp_id: 5209] ✓ Refreshed: 15.14 (unchanged value, timestamp updated)
[2026-01-01 00:30:04]   [emp_id: 5213] ✓ Refreshed: 1.55 (unchanged value, timestamp updated)
[2026-01-01 00:30:04]   [emp_id: 5214] ✓ Refreshed: 3.39 (unchanged value, timestamp updated)
[2026-01-01 00:30:04]   [emp_id: 5215] ✓ Refreshed: 10.14 (unchanged value, timestamp updated)
[2026-01-01 00:30:04]   [emp_id: 5217] ✓ Refreshed: 9.14 (unchanged value, timestamp updated)
[2026-01-01 00:30:04]   [emp_id: 5219] ✓ Refreshed: 13.14 (unchanged value, timestamp updated)
[2026-01-01 00:30:04]   [emp_id: 5221] ✓ Refreshed: 4.51 (unchanged value, timestamp updated)
[2026-01-01 00:30:04]   [emp_id: 5224] ✓ Refreshed: 14.14 (unchanged value, timestamp updated)
[2026-01-01 00:30:04]   [emp_id: 5225] ✓ Refreshed: 0.81 (unchanged value, timestamp updated)
[2026-01-01 00:30:04]   [emp_id: 5228] ✓ Refreshed: 9.14 (unchanged value, timestamp updated)
[2026-01-01 00:30:04]   [emp_id: 5229] ✓ Refreshed: 5.14 (unchanged value, timestamp updated)
[2026-01-01 00:30:04]   [emp_id: 5230] ✓ Refreshed: 11.81 (unchanged value, timestamp updated)
[2026-01-01 00:30:05]   [emp_id: 5231] ✓ Refreshed: 6.14 (unchanged value, timestamp updated)
[2026-01-01 00:30:05]   [emp_id: 5232] ✓ Refreshed: 11.14 (unchanged value, timestamp updated)
[2026-01-01 00:30:05]   [emp_id: 5233] ✓ Refreshed: 4.14 (unchanged value, timestamp updated)
[2026-01-01 00:30:05]   [emp_id: 5234] ✓ Refreshed: 4.14 (unchanged value, timestamp updated)
[2026-01-01 00:30:05]   [emp_id: 5235] ✓ Refreshed: 4.81 (unchanged value, timestamp updated)
[2026-01-01 00:30:05]   [emp_id: 5237] ✓ Refreshed: 10.39 (unchanged value, timestamp updated)
[2026-01-01 00:30:05]   [emp_id: 5239] ✓ Refreshed: 7.14 (unchanged value, timestamp updated)
[2026-01-01 00:30:05]   [emp_id: 5241] ✓ Refreshed: 5.14 (unchanged value, timestamp updated)
[2026-01-01 00:30:05]   [emp_id: 5242] ✓ Refreshed: 15.14 (unchanged value, timestamp updated)
[2026-01-01 00:30:05]   [emp_id: 5243] ✓ Refreshed: 1.55 (unchanged value, timestamp updated)
[2026-01-01 00:30:05]   [emp_id: 5244] ✓ Refreshed: 0.85 (unchanged value, timestamp updated)
[2026-01-01 00:30:05]   [emp_id: 5246] ✓ Refreshed: 11.14 (unchanged value, timestamp updated)
[2026-01-01 00:30:05]   [emp_id: 5253] ✓ Refreshed: 24.01 (unchanged value, timestamp updated)
[2026-01-01 00:30:05]   [emp_id: 5254] ✓ Refreshed: 11.99 (unchanged value, timestamp updated)
[2026-01-01 00:30:05]   [emp_id: 5257] ✓ Refreshed: 11.7 (unchanged value, timestamp updated)
[2026-01-01 00:30:05]   [emp_id: 5259] ✓ Refreshed: 48.23 (unchanged value, timestamp updated)
[2026-01-01 00:30:05]   [emp_id: 5261] ✓ Refreshed: 15.89 (unchanged value, timestamp updated)
[2026-01-01 00:30:05]   [emp_id: 5264] ✓ Refreshed: 25.71 (unchanged value, timestamp updated)
[2026-01-01 00:30:05]   [emp_id: 5266] ✓ Refreshed: 20.33 (unchanged value, timestamp updated)
[2026-01-01 00:30:05]   [emp_id: 5268] ✓ Refreshed: 8.9 (unchanged value, timestamp updated)
[2026-01-01 00:30:05]   [emp_id: 5271] ✓ Refreshed: 7.56 (unchanged value, timestamp updated)
[2026-01-01 00:30:05]   [emp_id: 5272] ✓ Refreshed: 8.43 (unchanged value, timestamp updated)
[2026-01-01 00:30:05]   [emp_id: 5273] ✓ Refreshed: 23.5 (unchanged value, timestamp updated)
[2026-01-01 00:30:05]   [emp_id: 5275] ✓ Refreshed: 9.25 (unchanged value, timestamp updated)
[2026-01-01 00:30:05]   [emp_id: 5276] ✓ Refreshed: 23.52 (unchanged value, timestamp updated)
[2026-01-01 00:30:05]   [emp_id: 5278] ✓ Refreshed: 7.91 (unchanged value, timestamp updated)
[2026-01-01 00:30:05]   [emp_id: 5280] ✓ Refreshed: 18.31 (unchanged value, timestamp updated)
[2026-01-01 00:30:05]   [emp_id: 5282] ✓ Refreshed: 11.37 (unchanged value, timestamp updated)
[2026-01-01 00:30:05]   [emp_id: 5285] ✓ Refreshed: 28.31 (unchanged value, timestamp updated)
[2026-01-01 00:30:05]   [emp_id: 5286] ✓ Refreshed: 15.31 (unchanged value, timestamp updated)
[2026-01-01 00:30:05]   [emp_id: 5287] ✓ Refreshed: 49.61 (unchanged value, timestamp updated)
[2026-01-01 00:30:05]   [emp_id: 5288] ✓ Refreshed: 6.88 (unchanged value, timestamp updated)
[2026-01-01 00:30:05]   [emp_id: 5289] ✓ Refreshed: 48.16 (unchanged value, timestamp updated)
[2026-01-01 00:30:05]   [emp_id: 5290] ✓ Refreshed: 46.93 (unchanged value, timestamp updated)
[2026-01-01 00:30:05]   [emp_id: 5291] ✓ Refreshed: 4.93 (unchanged value, timestamp updated)
[2026-01-01 00:30:05]   [emp_id: 5292] ✓ Refreshed: 4.87 (unchanged value, timestamp updated)
[2026-01-01 00:30:05]   [emp_id: 5293] ✓ Refreshed: 37.54 (unchanged value, timestamp updated)
[2026-01-01 00:30:05]   [emp_id: 5294] ✓ Refreshed: 7.29 (unchanged value, timestamp updated)
[2026-01-01 00:30:05]   [emp_id: 5295] ✓ Refreshed: 21.11 (unchanged value, timestamp updated)
[2026-01-01 00:30:05]   [emp_id: 5296] ✓ Refreshed: 34.31 (unchanged value, timestamp updated)
[2026-01-01 00:30:05]   [emp_id: 5297] ✓ Refreshed: 45.53 (unchanged value, timestamp updated)
[2026-01-01 00:30:05]   [emp_id: 5298] ✓ Refreshed: 45.53 (unchanged value, timestamp updated)
[2026-01-01 00:30:05]   [emp_id: 5299] ✓ Refreshed: 45.53 (unchanged value, timestamp updated)
[2026-01-01 00:30:05]   [emp_id: 5300] ✓ Refreshed: 45.53 (unchanged value, timestamp updated)
[2026-01-01 00:30:05]   [emp_id: 5301] ✓ Refreshed: 3.35 (unchanged value, timestamp updated)
[2026-01-01 00:30:05]   [emp_id: 5303] ✓ Refreshed: 3.78 (unchanged value, timestamp updated)
[2026-01-01 00:30:05]   [emp_id: 5304] ✓ Refreshed: 45.53 (unchanged value, timestamp updated)
[2026-01-01 00:30:05]   [emp_id: 5305] ✓ Refreshed: 3.53 (unchanged value, timestamp updated)
[2026-01-01 00:30:05]   [emp_id: 5306] ✓ Refreshed: 45.24 (unchanged value, timestamp updated)
[2026-01-01 00:30:05]   [emp_id: 5307] ✓ Refreshed: 45.24 (unchanged value, timestamp updated)
[2026-01-01 00:30:05]   [emp_id: 5312] ✓ Refreshed: 0.85 (unchanged value, timestamp updated)
[2026-01-01 00:30:05]   [emp_id: 5318] ✓ Refreshed: 25.95 (unchanged value, timestamp updated)
[2026-01-01 00:30:05]   [emp_id: 5325] ✓ Refreshed: 21.91 (unchanged value, timestamp updated)
[2026-01-01 00:30:05]   [emp_id: 5327] ✓ Refreshed: 1 (unchanged value, timestamp updated)
[2026-01-01 00:30:05]   [emp_id: 5337] ✓ Refreshed: 35.2 (unchanged value, timestamp updated)
[2026-01-01 00:30:05]   [emp_id: 5339] ✓ Refreshed: 10.1 (unchanged value, timestamp updated)
[2026-01-01 00:30:05]   [emp_id: 5343] ✓ Refreshed: 45.12 (unchanged value, timestamp updated)
[2026-01-01 00:30:05]   [emp_id: 5343] ✓ Refreshed: 45.12 (unchanged value, timestamp updated)
[2026-01-01 00:30:05]   [emp_id: 5345] ✓ Refreshed: 14.95 (unchanged value, timestamp updated)
[2026-01-01 00:30:05]   [emp_id: 5346] ✓ Refreshed: 1.82 (unchanged value, timestamp updated)
[2026-01-01 00:30:05]   [emp_id: 5351] ✓ Refreshed: 16.76 (unchanged value, timestamp updated)
[2026-01-01 00:30:05]   [emp_id: 5352] ✓ Refreshed: 25.37 (unchanged value, timestamp updated)
[2026-01-01 00:30:05]   [emp_id: 5370] ✓ Refreshed: 15.41 (unchanged value, timestamp updated)
[2026-01-01 00:30:05]   [emp_id: 5371] ✓ Refreshed: 1.28 (unchanged value, timestamp updated)
[2026-01-01 00:30:05]   [emp_id: 5376] ✓ Refreshed: 10.01 (unchanged value, timestamp updated)
[2026-01-01 00:30:05]   [emp_id: 5378] ✓ Refreshed: 17.2 (unchanged value, timestamp updated)
[2026-01-01 00:30:05]   [emp_id: 5380] ✓ Refreshed: 16.42 (unchanged value, timestamp updated)
[2026-01-01 00:30:05]   [emp_id: 5381] ✓ Refreshed: 11.64 (unchanged value, timestamp updated)
[2026-01-01 00:30:05]   [emp_id: 5383] ✓ Refreshed: 15.95 (unchanged value, timestamp updated)
[2026-01-01 00:30:05]   [emp_id: 5388] ✓ Refreshed: 27.2 (unchanged value, timestamp updated)
[2026-01-01 00:30:05]   [emp_id: 5396] ✓ Refreshed: 28.44 (unchanged value, timestamp updated)
[2026-01-01 00:30:05]   [emp_id: 5397] ✓ Refreshed: 19.9 (unchanged value, timestamp updated)
[2026-01-01 00:30:05]   [emp_id: 5401] ✓ Refreshed: 23.01 (unchanged value, timestamp updated)
[2026-01-01 00:30:05]   [emp_id: 5402] ✓ Refreshed: 23.13 (unchanged value, timestamp updated)
[2026-01-01 00:30:05]   [emp_id: 5406] ✓ Refreshed: 21.85 (unchanged value, timestamp updated)
[2026-01-01 00:30:05]   [emp_id: 5407] ✓ Refreshed: 15.72 (unchanged value, timestamp updated)
[2026-01-01 00:30:05]   [emp_id: 5409] ✓ Refreshed: 16.19 (unchanged value, timestamp updated)
[2026-01-01 00:30:05]   [emp_id: 5413] ✓ Refreshed: 22.12 (unchanged value, timestamp updated)
[2026-01-01 00:30:05]   [emp_id: 5414] ✓ Refreshed: 27.79 (unchanged value, timestamp updated)
[2026-01-01 00:30:05]   [emp_id: 5415] ✓ Refreshed: 3.72 (unchanged value, timestamp updated)
[2026-01-01 00:30:05]   [emp_id: 5418] ✓ Refreshed: 15.25 (unchanged value, timestamp updated)
[2026-01-01 00:30:05]   [emp_id: 5422] ✓ Refreshed: 20.45 (unchanged value, timestamp updated)
[2026-01-01 00:30:05]   [emp_id: 5423] ✓ Refreshed: 5.14 (unchanged value, timestamp updated)
[2026-01-01 00:30:05]   [emp_id: 5425] ✓ Refreshed: 13.8 (unchanged value, timestamp updated)
[2026-01-01 00:30:05]   [emp_id: 5426] ✓ Refreshed: 3.69 (unchanged value, timestamp updated)
[2026-01-01 00:30:05]   [emp_id: 5426] ✓ Refreshed: 3.69 (unchanged value, timestamp updated)
[2026-01-01 00:30:05]   [emp_id: 5427] ✓ Refreshed: 13.91 (unchanged value, timestamp updated)
[2026-01-01 00:30:05]   [emp_id: 5428] ✓ Refreshed: 13.8 (unchanged value, timestamp updated)
[2026-01-01 00:30:05]   [emp_id: 5430] ✓ Refreshed: 17.45 (unchanged value, timestamp updated)
[2026-01-01 00:30:05]   [emp_id: 5431] ✓ Refreshed: 12.92 (unchanged value, timestamp updated)
[2026-01-01 00:30:05]   [emp_id: 5434] ✓ Refreshed: 12.69 (unchanged value, timestamp updated)
[2026-01-01 00:30:05]   [emp_id: 5435] ✓ Refreshed: 12.63 (unchanged value, timestamp updated)
[2026-01-01 00:30:05]   [emp_id: 5436] ✓ Refreshed: 12.63 (unchanged value, timestamp updated)
[2026-01-01 00:30:05]   [emp_id: 5438] ✓ Refreshed: 15.37 (unchanged value, timestamp updated)
[2026-01-01 00:30:05]   [emp_id: 5439] ✓ Refreshed: 24.87 (unchanged value, timestamp updated)
[2026-01-01 00:30:05]   [emp_id: 5442] ✓ Refreshed: 13.87 (unchanged value, timestamp updated)
[2026-01-01 00:30:05]   [emp_id: 5445] ✓ Refreshed: 7.09 (unchanged value, timestamp updated)
[2026-01-01 00:30:05]   [emp_id: 5446] ✓ Refreshed: 7.09 (unchanged value, timestamp updated)
[2026-01-01 00:30:05]   [emp_id: 5447] ✓ Refreshed: 7.03 (unchanged value, timestamp updated)
[2026-01-01 00:30:05]   [emp_id: 5448] ✓ Refreshed: 6.89 (unchanged value, timestamp updated)
[2026-01-01 00:30:05]   [emp_id: 5449] ✓ Refreshed: 5.11 (unchanged value, timestamp updated)
[2026-01-01 00:30:05]   [emp_id: 5450] ✓ Refreshed: 5.05 (unchanged value, timestamp updated)
[2026-01-01 00:30:05]   [emp_id: 5451] ✓ Refreshed: 5.05 (unchanged value, timestamp updated)
[2026-01-01 00:30:05]   [emp_id: 5454] ✓ Refreshed: 6.95 (unchanged value, timestamp updated)
[2026-01-01 00:30:05]   [emp_id: 5455] ✓ Refreshed: 5.2 (unchanged value, timestamp updated)
[2026-01-01 00:30:05]   [emp_id: 5456] ✓ Refreshed: 6.2 (unchanged value, timestamp updated)
[2026-01-01 00:30:05] Report saved to: /home/almutlak/public_html/hr/cron_logs/last_vacation_update_report.json
[2026-01-01 08:36:45] ========== CRON: Vacation Balance Update Started ==========
[2026-01-01 09:42:58] ========== CRON: Vacation Balance Update Started ==========
[2026-01-01 09:43:00] ========== CRON: Vacation Balance Update Started ==========
[2026-01-01 09:54:22] ========== CRON: Vacation Balance Update Started ==========
[2026-01-01 09:55:26] ========== CRON: Vacation Balance Update Started ==========
[2026-01-01 09:55:40] ========== CRON: Vacation Balance Update Started ==========
[2026-01-01 09:55:40] FORCE RUN enabled: Bypassing once-per-day restriction
[2026-01-01 09:55:40] Database connection established
[2026-01-01 09:55:40] Found 427 active employees with balance records to update
[2026-01-01 09:55:40] (Only employees with status=1 will be processed)
[2026-01-01 09:55:40]   [emp_id: 1061] SKIPPED: Already updated today (2026-01-01 03:00:02)
[2026-01-01 09:55:40]   [emp_id: 1496] SKIPPED: Already updated today (2026-01-01 03:00:02)
[2026-01-01 09:55:40]   [emp_id: 1500] SKIPPED: Already updated today (2026-01-01 03:00:02)
[2026-01-01 09:55:40]   [emp_id: 1574] SKIPPED: Already updated today (2026-01-01 03:00:02)
[2026-01-01 09:55:40]   [emp_id: 1673] SKIPPED: Already updated today (2026-01-01 03:00:02)
[2026-01-01 09:55:40]   [emp_id: 1685] SKIPPED: Already updated today (2026-01-01 03:00:02)
[2026-01-01 09:55:40]   [emp_id: 1764] SKIPPED: Already updated today (2026-01-01 03:00:02)
[2026-01-01 09:55:40]   [emp_id: 1805] SKIPPED: Already updated today (2026-01-01 03:00:02)
[2026-01-01 09:55:40]   [emp_id: 1822] SKIPPED: Already updated today (2026-01-01 03:00:02)
[2026-01-01 09:55:40]   [emp_id: 1837] SKIPPED: Already updated today (2026-01-01 03:00:02)
[2026-01-01 09:55:40]   [emp_id: 1857] SKIPPED: Already updated today (2026-01-01 03:00:02)
[2026-01-01 09:55:40]   [emp_id: 1861] SKIPPED: Already updated today (2026-01-01 03:00:02)
[2026-01-01 09:55:40]   [emp_id: 1872] SKIPPED: Already updated today (2026-01-01 03:00:02)
[2026-01-01 09:55:40]   [emp_id: 1897] SKIPPED: Already updated today (2026-01-01 03:00:02)
[2026-01-01 09:55:40]   [emp_id: 1916] SKIPPED: Already updated today (2026-01-01 03:00:02)
[2026-01-01 09:55:40]   [emp_id: 1928] SKIPPED: Already updated today (2026-01-01 03:00:02)
[2026-01-01 09:55:40]   [emp_id: 1931] SKIPPED: Already updated today (2026-01-01 03:00:02)
[2026-01-01 09:55:40]   [emp_id: 1944] SKIPPED: Already updated today (2026-01-01 03:00:02)
[2026-01-01 09:55:40]   [emp_id: 1996] SKIPPED: Already updated today (2026-01-01 03:00:02)
[2026-01-01 09:55:40]   [emp_id: 1997] SKIPPED: Already updated today (2026-01-01 03:00:02)
[2026-01-01 09:55:40]   [emp_id: 1998] SKIPPED: Already updated today (2026-01-01 03:00:02)
[2026-01-01 09:55:40]   [emp_id: 1999] SKIPPED: Already updated today (2026-01-01 03:00:02)
[2026-01-01 09:55:40]   [emp_id: 2009] SKIPPED: Already updated today (2026-01-01 03:00:02)
[2026-01-01 09:55:40]   [emp_id: 2048] SKIPPED: Already updated today (2026-01-01 03:00:02)
[2026-01-01 09:55:40]   [emp_id: 2057] SKIPPED: Already updated today (2026-01-01 03:00:02)
[2026-01-01 09:55:40]   [emp_id: 2079] SKIPPED: Already updated today (2026-01-01 03:00:02)
[2026-01-01 09:55:40]   [emp_id: 2181] SKIPPED: Already updated today (2026-01-01 03:00:02)
[2026-01-01 09:55:40]   [emp_id: 2190] SKIPPED: Already updated today (2026-01-01 03:00:02)
[2026-01-01 09:55:40]   [emp_id: 2212] SKIPPED: Already updated today (2026-01-01 03:00:02)
[2026-01-01 09:55:40]   [emp_id: 2226] SKIPPED: Already updated today (2026-01-01 03:00:02)
[2026-01-01 09:55:40]   [emp_id: 2238] SKIPPED: Already updated today (2026-01-01 03:00:02)
[2026-01-01 09:55:40]   [emp_id: 2285] SKIPPED: Already updated today (2026-01-01 03:00:02)
[2026-01-01 09:55:40]   [emp_id: 2287] SKIPPED: Already updated today (2026-01-01 03:00:02)
[2026-01-01 09:55:40]   [emp_id: 2288] SKIPPED: Already updated today (2026-01-01 03:00:02)
[2026-01-01 09:55:40]   [emp_id: 2316] SKIPPED: Already updated today (2026-01-01 03:00:02)
[2026-01-01 09:55:40]   [emp_id: 2337] SKIPPED: Already updated today (2026-01-01 03:00:02)
[2026-01-01 09:55:40]   [emp_id: 2352] SKIPPED: Already updated today (2026-01-01 03:00:02)
[2026-01-01 09:55:40]   [emp_id: 2358] SKIPPED: Already updated today (2026-01-01 03:00:02)
[2026-01-01 09:55:40]   [emp_id: 2361] SKIPPED: Already updated today (2026-01-01 03:00:02)
[2026-01-01 09:55:40]   [emp_id: 2363] SKIPPED: Already updated today (2026-01-01 03:00:02)
[2026-01-01 09:55:40]   [emp_id: 2364] SKIPPED: Already updated today (2026-01-01 03:00:02)
[2026-01-01 09:55:40]   [emp_id: 2367] SKIPPED: Already updated today (2026-01-01 03:00:02)
[2026-01-01 09:55:40]   [emp_id: 2368] SKIPPED: Already updated today (2026-01-01 03:00:02)
[2026-01-01 09:55:40]   [emp_id: 2372] SKIPPED: Already updated today (2026-01-01 03:00:02)
[2026-01-01 09:55:40]   [emp_id: 2376] SKIPPED: Already updated today (2026-01-01 03:00:02)
[2026-01-01 09:55:40]   [emp_id: 2423] SKIPPED: Already updated today (2026-01-01 03:00:02)
[2026-01-01 09:55:40]   [emp_id: 2519] SKIPPED: Already updated today (2026-01-01 03:00:02)
[2026-01-01 09:55:40]   [emp_id: 2522] SKIPPED: Already updated today (2026-01-01 03:00:02)
[2026-01-01 09:55:40]   [emp_id: 2530] SKIPPED: Already updated today (2026-01-01 03:00:02)
[2026-01-01 09:55:40]   [emp_id: 2539] SKIPPED: Already updated today (2026-01-01 03:00:02)
[2026-01-01 09:55:40]   [emp_id: 2541] SKIPPED: Already updated today (2026-01-01 03:00:02)
[2026-01-01 09:55:40]   [emp_id: 2550] SKIPPED: Already updated today (2026-01-01 03:00:02)
[2026-01-01 09:55:40]   [emp_id: 2553] SKIPPED: Already updated today (2026-01-01 03:00:02)
[2026-01-01 09:55:40]   [emp_id: 2554] SKIPPED: Already updated today (2026-01-01 03:00:02)
[2026-01-01 09:55:40]   [emp_id: 2565] SKIPPED: Already updated today (2026-01-01 03:00:02)
[2026-01-01 09:55:40]   [emp_id: 2572] SKIPPED: Already updated today (2026-01-01 03:00:02)
[2026-01-01 09:55:40]   [emp_id: 2637] SKIPPED: Already updated today (2026-01-01 03:00:02)
[2026-01-01 09:55:40]   [emp_id: 2642] SKIPPED: Already updated today (2026-01-01 03:00:02)
[2026-01-01 09:55:40]   [emp_id: 2645] SKIPPED: Already updated today (2026-01-01 03:00:02)
[2026-01-01 09:55:40]   [emp_id: 2648] SKIPPED: Already updated today (2026-01-01 03:00:02)
[2026-01-01 09:55:40]   [emp_id: 2654] SKIPPED: Already updated today (2026-01-01 03:00:02)
[2026-01-01 09:55:40]   [emp_id: 2688] SKIPPED: Already updated today (2026-01-01 03:00:02)
[2026-01-01 09:55:40]   [emp_id: 2690] SKIPPED: Already updated today (2026-01-01 03:00:02)
[2026-01-01 09:55:40]   [emp_id: 2709] SKIPPED: Already updated today (2026-01-01 03:00:02)
[2026-01-01 09:55:40]   [emp_id: 2745] SKIPPED: Already updated today (2026-01-01 03:00:02)
[2026-01-01 09:55:40]   [emp_id: 2843] SKIPPED: Already updated today (2026-01-01 03:00:02)
[2026-01-01 09:55:40]   [emp_id: 2854] SKIPPED: Already updated today (2026-01-01 03:00:02)
[2026-01-01 09:55:40]   [emp_id: 2869] SKIPPED: Already updated today (2026-01-01 03:00:02)
[2026-01-01 09:55:40]   [emp_id: 2876] SKIPPED: Already updated today (2026-01-01 03:00:02)
[2026-01-01 09:55:40]   [emp_id: 2924] SKIPPED: Already updated today (2026-01-01 03:00:02)
[2026-01-01 09:55:40]   [emp_id: 2953] SKIPPED: Already updated today (2026-01-01 03:00:02)
[2026-01-01 09:55:40]   [emp_id: 2961] SKIPPED: Already updated today (2026-01-01 03:00:02)
[2026-01-01 09:55:40]   [emp_id: 2975] SKIPPED: Already updated today (2026-01-01 03:00:02)
[2026-01-01 09:55:40]   [emp_id: 3013] SKIPPED: Already updated today (2026-01-01 03:00:03)
[2026-01-01 09:55:40]   [emp_id: 3014] SKIPPED: Already updated today (2026-01-01 03:00:03)
[2026-01-01 09:55:40]   [emp_id: 3015] SKIPPED: Already updated today (2026-01-01 03:00:03)
[2026-01-01 09:55:40]   [emp_id: 3018] SKIPPED: Already updated today (2026-01-01 03:00:03)
[2026-01-01 09:55:40]   [emp_id: 3025] SKIPPED: Already updated today (2026-01-01 03:00:03)
[2026-01-01 09:55:40]   [emp_id: 3037] SKIPPED: Already updated today (2026-01-01 03:00:03)
[2026-01-01 09:55:40]   [emp_id: 3047] SKIPPED: Already updated today (2026-01-01 03:00:03)
[2026-01-01 09:55:40]   [emp_id: 3061] SKIPPED: Already updated today (2026-01-01 03:00:03)
[2026-01-01 09:55:40]   [emp_id: 3062] SKIPPED: Already updated today (2026-01-01 03:00:03)
[2026-01-01 09:55:40]   [emp_id: 3074] SKIPPED: Already updated today (2026-01-01 03:00:03)
[2026-01-01 09:55:40]   [emp_id: 3089] SKIPPED: Already updated today (2026-01-01 03:00:03)
[2026-01-01 09:55:40]   [emp_id: 3090] SKIPPED: Already updated today (2026-01-01 03:00:03)
[2026-01-01 09:55:40]   [emp_id: 3091] SKIPPED: Already updated today (2026-01-01 03:00:03)
[2026-01-01 09:55:40]   [emp_id: 3092] SKIPPED: Already updated today (2026-01-01 03:00:03)
[2026-01-01 09:55:40]   [emp_id: 3105] SKIPPED: Already updated today (2026-01-01 03:00:03)
[2026-01-01 09:55:40]   [emp_id: 3134] SKIPPED: Already updated today (2026-01-01 03:00:03)
[2026-01-01 09:55:40]   [emp_id: 3140] SKIPPED: Already updated today (2026-01-01 03:00:03)
[2026-01-01 09:55:40]   [emp_id: 3144] SKIPPED: Already updated today (2026-01-01 03:00:03)
[2026-01-01 09:55:40]   [emp_id: 3156] SKIPPED: Already updated today (2026-01-01 03:00:03)
[2026-01-01 09:55:40]   [emp_id: 3162] SKIPPED: Already updated today (2026-01-01 03:00:03)
[2026-01-01 09:55:40]   [emp_id: 3163] SKIPPED: Already updated today (2026-01-01 03:00:03)
[2026-01-01 09:55:40]   [emp_id: 3198] SKIPPED: Already updated today (2026-01-01 03:00:03)
[2026-01-01 09:55:40]   [emp_id: 3205] SKIPPED: Already updated today (2026-01-01 03:00:03)
[2026-01-01 09:55:40]   [emp_id: 3209] SKIPPED: Already updated today (2026-01-01 03:00:03)
[2026-01-01 09:55:40]   [emp_id: 3223] SKIPPED: Already updated today (2026-01-01 03:00:03)
[2026-01-01 09:55:40]   [emp_id: 3224] SKIPPED: Already updated today (2026-01-01 03:00:03)
[2026-01-01 09:55:40]   [emp_id: 3230] SKIPPED: Already updated today (2026-01-01 03:00:03)
[2026-01-01 09:55:40]   [emp_id: 3231] SKIPPED: Already updated today (2026-01-01 03:00:03)
[2026-01-01 09:55:40]   [emp_id: 3233] SKIPPED: Already updated today (2026-01-01 03:00:03)
[2026-01-01 09:55:40]   [emp_id: 3249] SKIPPED: Already updated today (2026-01-01 03:00:03)
[2026-01-01 09:55:40]   [emp_id: 3250] SKIPPED: Already updated today (2026-01-01 03:00:03)
[2026-01-01 09:55:40]   [emp_id: 3252] SKIPPED: Already updated today (2026-01-01 03:00:03)
[2026-01-01 09:55:40]   [emp_id: 3254] SKIPPED: Already updated today (2026-01-01 03:00:03)
[2026-01-01 09:55:40]   [emp_id: 3255] SKIPPED: Already updated today (2026-01-01 03:00:03)
[2026-01-01 09:55:40]   [emp_id: 3256] SKIPPED: Already updated today (2026-01-01 03:00:03)
[2026-01-01 09:55:40]   [emp_id: 3263] SKIPPED: Already updated today (2026-01-01 03:00:03)
[2026-01-01 09:55:40]   [emp_id: 3265] SKIPPED: Already updated today (2026-01-01 03:00:03)
[2026-01-01 09:55:40]   [emp_id: 3280] SKIPPED: Already updated today (2026-01-01 03:00:03)
[2026-01-01 09:55:40]   [emp_id: 3286] SKIPPED: Already updated today (2026-01-01 03:00:03)
[2026-01-01 09:55:40]   [emp_id: 3294] SKIPPED: Already updated today (2026-01-01 03:00:03)
[2026-01-01 09:55:40]   [emp_id: 3321] SKIPPED: Already updated today (2026-01-01 03:00:03)
[2026-01-01 09:55:40]   [emp_id: 3325] SKIPPED: Already updated today (2026-01-01 03:00:03)
[2026-01-01 09:55:40]   [emp_id: 3329] SKIPPED: Already updated today (2026-01-01 03:00:03)
[2026-01-01 09:55:40]   [emp_id: 3330] SKIPPED: Already updated today (2026-01-01 03:00:03)
[2026-01-01 09:55:40]   [emp_id: 3332] SKIPPED: Already updated today (2026-01-01 03:00:03)
[2026-01-01 09:55:40]   [emp_id: 3370] SKIPPED: Already updated today (2026-01-01 03:00:03)
[2026-01-01 09:55:40]   [emp_id: 3384] SKIPPED: Already updated today (2026-01-01 03:00:03)
[2026-01-01 09:55:40]   [emp_id: 3386] SKIPPED: Already updated today (2026-01-01 03:00:03)
[2026-01-01 09:55:40]   [emp_id: 3431] SKIPPED: Already updated today (2026-01-01 03:00:03)
[2026-01-01 09:55:40]   [emp_id: 3497] SKIPPED: Already updated today (2026-01-01 03:00:03)
[2026-01-01 09:55:40]   [emp_id: 3532] SKIPPED: Already updated today (2026-01-01 03:00:03)
[2026-01-01 09:55:40]   [emp_id: 3586] SKIPPED: Already updated today (2026-01-01 03:00:03)
[2026-01-01 09:55:40]   [emp_id: 3602] SKIPPED: Already updated today (2026-01-01 03:00:03)
[2026-01-01 09:55:40]   [emp_id: 3618] SKIPPED: Already updated today (2026-01-01 03:00:03)
[2026-01-01 09:55:40]   [emp_id: 3622] SKIPPED: Already updated today (2026-01-01 03:00:03)
[2026-01-01 09:55:40]   [emp_id: 3627] SKIPPED: Already updated today (2026-01-01 03:00:03)
[2026-01-01 09:55:40]   [emp_id: 3665] SKIPPED: Already updated today (2026-01-01 03:00:03)
[2026-01-01 09:55:40]   [emp_id: 3705] SKIPPED: Already updated today (2026-01-01 03:00:03)
[2026-01-01 09:55:40]   [emp_id: 3724] SKIPPED: Already updated today (2026-01-01 03:00:03)
[2026-01-01 09:55:40]   [emp_id: 3726] SKIPPED: Already updated today (2026-01-01 03:00:03)
[2026-01-01 09:55:40]   [emp_id: 3727] SKIPPED: Already updated today (2026-01-01 03:00:03)
[2026-01-01 09:55:40]   [emp_id: 3728] SKIPPED: Already updated today (2026-01-01 03:00:03)
[2026-01-01 09:55:40]   [emp_id: 3767] SKIPPED: Already updated today (2026-01-01 03:00:03)
[2026-01-01 09:55:40]   [emp_id: 3768] SKIPPED: Already updated today (2026-01-01 03:00:03)
[2026-01-01 09:55:40]   [emp_id: 3787] SKIPPED: Already updated today (2026-01-01 03:00:03)
[2026-01-01 09:55:40]   [emp_id: 3790] SKIPPED: Already updated today (2026-01-01 03:00:03)
[2026-01-01 09:55:40]   [emp_id: 3795] SKIPPED: Already updated today (2026-01-01 03:00:03)
[2026-01-01 09:55:40]   [emp_id: 3798] SKIPPED: Already updated today (2026-01-01 03:00:03)
[2026-01-01 09:55:40]   [emp_id: 3801] SKIPPED: Already updated today (2026-01-01 03:00:03)
[2026-01-01 09:55:40]   [emp_id: 3802] SKIPPED: Already updated today (2026-01-01 03:00:03)
[2026-01-01 09:55:40]   [emp_id: 3803] SKIPPED: Already updated today (2026-01-01 03:00:03)
[2026-01-01 09:55:40]   [emp_id: 3810] SKIPPED: Already updated today (2026-01-01 03:00:03)
[2026-01-01 09:55:40]   [emp_id: 3812] SKIPPED: Already updated today (2026-01-01 03:00:03)
[2026-01-01 09:55:40]   [emp_id: 3815] SKIPPED: Already updated today (2026-01-01 03:00:03)
[2026-01-01 09:55:40]   [emp_id: 3836] SKIPPED: Already updated today (2026-01-01 03:00:03)
[2026-01-01 09:55:40]   [emp_id: 3855] SKIPPED: Already updated today (2026-01-01 03:00:03)
[2026-01-01 09:55:40]   [emp_id: 3857] SKIPPED: Already updated today (2026-01-01 03:00:03)
[2026-01-01 09:55:40]   [emp_id: 3862] SKIPPED: Already updated today (2026-01-01 03:00:03)
[2026-01-01 09:55:40]   [emp_id: 3866] SKIPPED: Already updated today (2026-01-01 03:00:03)
[2026-01-01 09:55:40]   [emp_id: 3876] SKIPPED: Already updated today (2026-01-01 11:44:23)
[2026-01-01 09:55:40]   [emp_id: 3877] SKIPPED: Already updated today (2026-01-01 03:00:03)
[2026-01-01 09:55:40]   [emp_id: 3897] SKIPPED: Already updated today (2026-01-01 03:00:03)
[2026-01-01 09:55:40]   [emp_id: 3899] SKIPPED: Already updated today (2026-01-01 03:00:03)
[2026-01-01 09:55:40]   [emp_id: 3928] SKIPPED: Already updated today (2026-01-01 03:00:03)
[2026-01-01 09:55:40]   [emp_id: 3929] SKIPPED: Already updated today (2026-01-01 03:00:03)
[2026-01-01 09:55:40]   [emp_id: 3935] SKIPPED: Already updated today (2026-01-01 03:00:03)
[2026-01-01 09:55:40]   [emp_id: 3952] SKIPPED: Already updated today (2026-01-01 03:00:03)
[2026-01-01 09:55:40]   [emp_id: 3987] SKIPPED: Already updated today (2026-01-01 03:00:03)
[2026-01-01 09:55:40]   [emp_id: 4059] SKIPPED: Already updated today (2026-01-01 03:00:03)
[2026-01-01 09:55:40]   [emp_id: 4119] SKIPPED: Already updated today (2026-01-01 03:00:03)
[2026-01-01 09:55:40]   [emp_id: 4120] SKIPPED: Already updated today (2026-01-01 03:00:03)
[2026-01-01 09:55:40]   [emp_id: 4124] SKIPPED: Already updated today (2026-01-01 03:00:03)
[2026-01-01 09:55:40]   [emp_id: 4133] SKIPPED: Already updated today (2026-01-01 03:00:03)
[2026-01-01 09:55:40]   [emp_id: 4134] SKIPPED: Already updated today (2026-01-01 03:00:03)
[2026-01-01 09:55:40]   [emp_id: 4136] SKIPPED: Already updated today (2026-01-01 03:00:03)
[2026-01-01 09:55:40]   [emp_id: 4150] SKIPPED: Already updated today (2026-01-01 03:00:03)
[2026-01-01 09:55:40]   [emp_id: 4157] SKIPPED: Already updated today (2026-01-01 03:00:03)
[2026-01-01 09:55:40]   [emp_id: 4172] SKIPPED: Already updated today (2026-01-01 03:00:03)
[2026-01-01 09:55:40]   [emp_id: 4195] SKIPPED: Already updated today (2026-01-01 03:00:03)
[2026-01-01 09:55:40]   [emp_id: 4215] SKIPPED: Already updated today (2026-01-01 03:00:03)
[2026-01-01 09:55:40]   [emp_id: 4220] SKIPPED: Already updated today (2026-01-01 03:00:03)
[2026-01-01 09:55:40]   [emp_id: 4273] SKIPPED: Already updated today (2026-01-01 03:00:03)
[2026-01-01 09:55:40]   [emp_id: 4283] SKIPPED: Already updated today (2026-01-01 03:00:03)
[2026-01-01 09:55:40]   [emp_id: 4288] SKIPPED: Already updated today (2026-01-01 03:00:03)
[2026-01-01 09:55:40]   [emp_id: 4315] SKIPPED: Already updated today (2026-01-01 03:00:03)
[2026-01-01 09:55:40]   [emp_id: 4328] SKIPPED: Already updated today (2026-01-01 03:00:03)
[2026-01-01 09:55:40]   [emp_id: 4329] SKIPPED: Already updated today (2026-01-01 03:00:03)
[2026-01-01 09:55:40]   [emp_id: 4338] SKIPPED: Already updated today (2026-01-01 03:00:03)
[2026-01-01 09:55:40]   [emp_id: 4340] SKIPPED: Already updated today (2026-01-01 03:00:03)
[2026-01-01 09:55:40]   [emp_id: 4365] SKIPPED: Already updated today (2026-01-01 03:00:03)
[2026-01-01 09:55:40]   [emp_id: 4366] SKIPPED: Already updated today (2026-01-01 03:00:03)
[2026-01-01 09:55:40]   [emp_id: 4403] SKIPPED: Already updated today (2026-01-01 03:00:03)
[2026-01-01 09:55:40]   [emp_id: 4438] SKIPPED: Already updated today (2026-01-01 03:00:03)
[2026-01-01 09:55:40]   [emp_id: 4465] SKIPPED: Already updated today (2026-01-01 03:00:03)
[2026-01-01 09:55:40]   [emp_id: 4473] SKIPPED: Already updated today (2026-01-01 03:00:03)
[2026-01-01 09:55:40]   [emp_id: 4474] SKIPPED: Already updated today (2026-01-01 03:00:03)
[2026-01-01 09:55:40]   [emp_id: 4493] SKIPPED: Already updated today (2026-01-01 03:00:03)
[2026-01-01 09:55:40]   [emp_id: 4526] SKIPPED: Already updated today (2026-01-01 03:00:03)
[2026-01-01 09:55:40]   [emp_id: 4528] SKIPPED: Already updated today (2026-01-01 03:00:03)
[2026-01-01 09:55:40]   [emp_id: 4528] SKIPPED: Already updated today (2026-01-01 03:00:03)
[2026-01-01 09:55:40]   [emp_id: 4532] SKIPPED: Already updated today (2026-01-01 03:00:04)
[2026-01-01 09:55:40]   [emp_id: 4533] SKIPPED: Already updated today (2026-01-01 03:00:04)
[2026-01-01 09:55:40]   [emp_id: 4564] SKIPPED: Already updated today (2026-01-01 03:00:04)
[2026-01-01 09:55:40]   [emp_id: 4565] SKIPPED: Already updated today (2026-01-01 03:00:04)
[2026-01-01 09:55:40]   [emp_id: 4567] SKIPPED: Already updated today (2026-01-01 03:00:04)
[2026-01-01 09:55:40]   [emp_id: 4572] SKIPPED: Already updated today (2026-01-01 03:00:04)
[2026-01-01 09:55:40]   [emp_id: 4631] SKIPPED: Already updated today (2026-01-01 03:00:04)
[2026-01-01 09:55:40]   [emp_id: 4655] SKIPPED: Already updated today (2026-01-01 03:00:04)
[2026-01-01 09:55:40]   [emp_id: 4689] SKIPPED: Already updated today (2026-01-01 03:00:04)
[2026-01-01 09:55:40]   [emp_id: 4709] SKIPPED: Already updated today (2026-01-01 03:00:04)
[2026-01-01 09:55:40]   [emp_id: 4717] SKIPPED: Already updated today (2026-01-01 03:00:04)
[2026-01-01 09:55:40]   [emp_id: 4736] SKIPPED: Already updated today (2026-01-01 03:00:04)
[2026-01-01 09:55:40]   [emp_id: 4756] SKIPPED: Already updated today (2026-01-01 03:00:04)
[2026-01-01 09:55:40]   [emp_id: 4768] SKIPPED: Already updated today (2026-01-01 03:00:04)
[2026-01-01 09:55:40]   [emp_id: 4780] SKIPPED: Already updated today (2026-01-01 03:00:04)
[2026-01-01 09:55:40]   [emp_id: 4820] SKIPPED: Already updated today (2026-01-01 03:00:04)
[2026-01-01 09:55:40]   [emp_id: 4825] SKIPPED: Already updated today (2026-01-01 03:00:04)
[2026-01-01 09:55:40]   [emp_id: 4835] SKIPPED: Already updated today (2026-01-01 03:00:04)
[2026-01-01 09:55:40]   [emp_id: 4837] SKIPPED: Already updated today (2026-01-01 03:00:04)
[2026-01-01 09:55:40]   [emp_id: 4838] SKIPPED: Already updated today (2026-01-01 03:00:04)
[2026-01-01 09:55:40]   [emp_id: 4840] SKIPPED: Already updated today (2026-01-01 03:00:04)
[2026-01-01 09:55:40]   [emp_id: 4842] SKIPPED: Already updated today (2026-01-01 03:00:04)
[2026-01-01 09:55:40]   [emp_id: 4843] SKIPPED: Already updated today (2026-01-01 03:00:04)
[2026-01-01 09:55:40]   [emp_id: 4853] SKIPPED: Already updated today (2026-01-01 03:00:04)
[2026-01-01 09:55:40]   [emp_id: 4856] SKIPPED: Already updated today (2026-01-01 03:00:04)
[2026-01-01 09:55:40]   [emp_id: 4857] SKIPPED: Already updated today (2026-01-01 03:00:04)
[2026-01-01 09:55:40]   [emp_id: 4858] SKIPPED: Already updated today (2026-01-01 03:00:04)
[2026-01-01 09:55:40]   [emp_id: 4859] SKIPPED: Already updated today (2026-01-01 03:00:04)
[2026-01-01 09:55:40]   [emp_id: 4860] SKIPPED: Already updated today (2026-01-01 03:00:04)
[2026-01-01 09:55:40]   [emp_id: 4861] SKIPPED: Already updated today (2026-01-01 03:00:04)
[2026-01-01 09:55:40]   [emp_id: 4869] SKIPPED: Already updated today (2026-01-01 03:00:04)
[2026-01-01 09:55:40]   [emp_id: 4894] SKIPPED: Already updated today (2026-01-01 03:00:04)
[2026-01-01 09:55:40]   [emp_id: 4897] SKIPPED: Already updated today (2026-01-01 03:00:04)
[2026-01-01 09:55:40]   [emp_id: 4899] SKIPPED: Already updated today (2026-01-01 03:00:04)
[2026-01-01 09:55:40]   [emp_id: 4902] SKIPPED: Already updated today (2026-01-01 03:00:04)
[2026-01-01 09:55:40]   [emp_id: 4903] SKIPPED: Already updated today (2026-01-01 03:00:04)
[2026-01-01 09:55:40]   [emp_id: 4905] SKIPPED: Already updated today (2026-01-01 03:00:04)
[2026-01-01 09:55:40]   [emp_id: 4907] SKIPPED: Already updated today (2026-01-01 03:00:04)
[2026-01-01 09:55:40]   [emp_id: 4917] SKIPPED: Already updated today (2026-01-01 03:00:04)
[2026-01-01 09:55:40]   [emp_id: 4918] SKIPPED: Already updated today (2026-01-01 03:00:04)
[2026-01-01 09:55:40]   [emp_id: 4919] SKIPPED: Already updated today (2026-01-01 03:00:04)
[2026-01-01 09:55:40]   [emp_id: 4920] SKIPPED: Already updated today (2026-01-01 03:00:04)
[2026-01-01 09:55:40]   [emp_id: 4921] SKIPPED: Already updated today (2026-01-01 03:00:04)
[2026-01-01 09:55:40]   [emp_id: 4927] SKIPPED: Already updated today (2026-01-01 03:00:04)
[2026-01-01 09:55:40]   [emp_id: 4929] SKIPPED: Already updated today (2026-01-01 03:00:04)
[2026-01-01 09:55:40]   [emp_id: 4930] SKIPPED: Already updated today (2026-01-01 03:00:04)
[2026-01-01 09:55:40]   [emp_id: 4932] SKIPPED: Already updated today (2026-01-01 03:00:04)
[2026-01-01 09:55:40]   [emp_id: 4933] SKIPPED: Already updated today (2026-01-01 03:00:04)
[2026-01-01 09:55:40]   [emp_id: 4949] SKIPPED: Already updated today (2026-01-01 03:00:04)
[2026-01-01 09:55:40]   [emp_id: 4956] SKIPPED: Already updated today (2026-01-01 03:00:04)
[2026-01-01 09:55:40]   [emp_id: 4957] SKIPPED: Already updated today (2026-01-01 03:00:04)
[2026-01-01 09:55:40]   [emp_id: 4962] SKIPPED: Already updated today (2026-01-01 03:00:04)
[2026-01-01 09:55:40]   [emp_id: 4969] SKIPPED: Already updated today (2026-01-01 03:00:04)
[2026-01-01 09:55:40]   [emp_id: 4976] SKIPPED: Already updated today (2026-01-01 03:00:04)
[2026-01-01 09:55:40]   [emp_id: 4984] SKIPPED: Already updated today (2026-01-01 03:00:04)
[2026-01-01 09:55:40]   [emp_id: 4995] SKIPPED: Already updated today (2026-01-01 03:00:04)
[2026-01-01 09:55:40]   [emp_id: 5004] SKIPPED: Already updated today (2026-01-01 03:00:04)
[2026-01-01 09:55:40]   [emp_id: 5006] SKIPPED: Already updated today (2026-01-01 03:00:04)
[2026-01-01 09:55:40]   [emp_id: 5011] SKIPPED: Already updated today (2026-01-01 03:00:04)
[2026-01-01 09:55:40]   [emp_id: 5013] SKIPPED: Already updated today (2026-01-01 03:00:04)
[2026-01-01 09:55:40]   [emp_id: 5018] SKIPPED: Already updated today (2026-01-01 03:00:04)
[2026-01-01 09:55:40]   [emp_id: 5021] SKIPPED: Already updated today (2026-01-01 03:00:04)
[2026-01-01 09:55:40]   [emp_id: 5024] SKIPPED: Already updated today (2026-01-01 03:00:04)
[2026-01-01 09:55:40]   [emp_id: 5030] SKIPPED: Already updated today (2026-01-01 03:00:04)
[2026-01-01 09:55:40]   [emp_id: 5033] SKIPPED: Already updated today (2026-01-01 03:00:04)
[2026-01-01 09:55:40]   [emp_id: 5043] SKIPPED: Already updated today (2026-01-01 03:00:04)
[2026-01-01 09:55:40]   [emp_id: 5045] SKIPPED: Already updated today (2026-01-01 03:00:04)
[2026-01-01 09:55:40]   [emp_id: 5046] SKIPPED: Already updated today (2026-01-01 03:00:04)
[2026-01-01 09:55:40]   [emp_id: 5049] SKIPPED: Already updated today (2026-01-01 03:00:04)
[2026-01-01 09:55:40]   [emp_id: 5052] SKIPPED: Already updated today (2026-01-01 03:00:04)
[2026-01-01 09:55:40]   [emp_id: 5055] SKIPPED: Already updated today (2026-01-01 03:00:04)
[2026-01-01 09:55:40]   [emp_id: 5058] SKIPPED: Already updated today (2026-01-01 03:00:04)
[2026-01-01 09:55:40]   [emp_id: 5062] SKIPPED: Already updated today (2026-01-01 03:00:04)
[2026-01-01 09:55:40]   [emp_id: 5064] SKIPPED: Already updated today (2026-01-01 03:00:04)
[2026-01-01 09:55:40]   [emp_id: 5065] SKIPPED: Already updated today (2026-01-01 03:00:04)
[2026-01-01 09:55:40]   [emp_id: 5071] SKIPPED: Already updated today (2026-01-01 03:00:04)
[2026-01-01 09:55:40]   [emp_id: 5073] SKIPPED: Already updated today (2026-01-01 03:00:04)
[2026-01-01 09:55:40]   [emp_id: 5079] SKIPPED: Already updated today (2026-01-01 03:00:04)
[2026-01-01 09:55:40]   [emp_id: 5080] SKIPPED: Already updated today (2026-01-01 03:00:04)
[2026-01-01 09:55:40]   [emp_id: 5081] SKIPPED: Already updated today (2026-01-01 03:00:04)
[2026-01-01 09:55:40]   [emp_id: 5087] SKIPPED: Already updated today (2026-01-01 03:00:04)
[2026-01-01 09:55:40]   [emp_id: 5091] SKIPPED: Already updated today (2026-01-01 03:00:04)
[2026-01-01 09:55:40]   [emp_id: 5093] SKIPPED: Already updated today (2026-01-01 03:00:04)
[2026-01-01 09:55:40]   [emp_id: 5095] SKIPPED: Already updated today (2026-01-01 03:00:04)
[2026-01-01 09:55:40]   [emp_id: 5101] SKIPPED: Already updated today (2026-01-01 03:00:04)
[2026-01-01 09:55:40]   [emp_id: 5107] SKIPPED: Already updated today (2026-01-01 03:00:04)
[2026-01-01 09:55:40]   [emp_id: 5109] SKIPPED: Already updated today (2026-01-01 03:00:04)
[2026-01-01 09:55:40]   [emp_id: 5119] SKIPPED: Already updated today (2026-01-01 03:00:04)
[2026-01-01 09:55:40]   [emp_id: 5122] SKIPPED: Already updated today (2026-01-01 03:00:04)
[2026-01-01 09:55:40]   [emp_id: 5126] SKIPPED: Already updated today (2026-01-01 03:00:04)
[2026-01-01 09:55:40]   [emp_id: 5127] SKIPPED: Already updated today (2026-01-01 03:00:04)
[2026-01-01 09:55:40]   [emp_id: 5128] SKIPPED: Already updated today (2026-01-01 03:00:04)
[2026-01-01 09:55:40]   [emp_id: 5138] SKIPPED: Already updated today (2026-01-01 03:00:04)
[2026-01-01 09:55:40]   [emp_id: 5138] SKIPPED: Already updated today (2026-01-01 03:00:04)
[2026-01-01 09:55:40]   [emp_id: 5141] SKIPPED: Already updated today (2026-01-01 03:00:04)
[2026-01-01 09:55:40]   [emp_id: 5142] SKIPPED: Already updated today (2026-01-01 03:00:04)
[2026-01-01 09:55:40]   [emp_id: 5146] SKIPPED: Already updated today (2026-01-01 03:00:04)
[2026-01-01 09:55:40]   [emp_id: 5147] SKIPPED: Already updated today (2026-01-01 03:00:04)
[2026-01-01 09:55:40]   [emp_id: 5148] SKIPPED: Already updated today (2026-01-01 03:00:04)
[2026-01-01 09:55:40]   [emp_id: 5149] SKIPPED: Already updated today (2026-01-01 03:00:04)
[2026-01-01 09:55:40]   [emp_id: 5150] SKIPPED: Already updated today (2026-01-01 03:00:04)
[2026-01-01 09:55:40]   [emp_id: 5151] SKIPPED: Already updated today (2026-01-01 03:00:04)
[2026-01-01 09:55:40]   [emp_id: 5152] SKIPPED: Already updated today (2026-01-01 03:00:04)
[2026-01-01 09:55:40]   [emp_id: 5157] SKIPPED: Already updated today (2026-01-01 03:00:04)
[2026-01-01 09:55:40]   [emp_id: 5160] SKIPPED: Already updated today (2026-01-01 11:51:08)
[2026-01-01 09:55:40]   [emp_id: 5163] SKIPPED: Already updated today (2026-01-01 03:00:04)
[2026-01-01 09:55:40]   [emp_id: 5165] SKIPPED: Already updated today (2026-01-01 03:00:04)
[2026-01-01 09:55:40]   [emp_id: 5167] SKIPPED: Already updated today (2026-01-01 03:00:04)
[2026-01-01 09:55:40]   [emp_id: 5168] SKIPPED: Already updated today (2026-01-01 03:00:04)
[2026-01-01 09:55:40]   [emp_id: 5173] SKIPPED: Already updated today (2026-01-01 03:00:04)
[2026-01-01 09:55:40]   [emp_id: 5174] SKIPPED: Already updated today (2026-01-01 03:00:04)
[2026-01-01 09:55:40]   [emp_id: 5181] SKIPPED: Already updated today (2026-01-01 03:00:04)
[2026-01-01 09:55:40]   [emp_id: 5186] SKIPPED: Already updated today (2026-01-01 03:00:04)
[2026-01-01 09:55:40]   [emp_id: 5187] SKIPPED: Already updated today (2026-01-01 03:00:04)
[2026-01-01 09:55:40]   [emp_id: 5204] SKIPPED: Already updated today (2026-01-01 11:43:37)
[2026-01-01 09:55:40]   [emp_id: 5205] SKIPPED: Already updated today (2026-01-01 03:00:04)
[2026-01-01 09:55:40]   [emp_id: 5209] SKIPPED: Already updated today (2026-01-01 03:00:04)
[2026-01-01 09:55:40]   [emp_id: 5213] SKIPPED: Already updated today (2026-01-01 03:00:04)
[2026-01-01 09:55:40]   [emp_id: 5214] SKIPPED: Already updated today (2026-01-01 03:00:04)
[2026-01-01 09:55:40]   [emp_id: 5215] SKIPPED: Already updated today (2026-01-01 03:00:04)
[2026-01-01 09:55:40]   [emp_id: 5217] SKIPPED: Already updated today (2026-01-01 03:00:04)
[2026-01-01 09:55:40]   [emp_id: 5219] SKIPPED: Already updated today (2026-01-01 03:00:04)
[2026-01-01 09:55:40]   [emp_id: 5221] SKIPPED: Already updated today (2026-01-01 03:00:04)
[2026-01-01 09:55:40]   [emp_id: 5224] SKIPPED: Already updated today (2026-01-01 03:00:04)
[2026-01-01 09:55:40]   [emp_id: 5225] SKIPPED: Already updated today (2026-01-01 03:00:04)
[2026-01-01 09:55:40]   [emp_id: 5228] SKIPPED: Already updated today (2026-01-01 03:00:04)
[2026-01-01 09:55:40]   [emp_id: 5229] SKIPPED: Already updated today (2026-01-01 03:00:04)
[2026-01-01 09:55:40]   [emp_id: 5230] SKIPPED: Already updated today (2026-01-01 03:00:04)
[2026-01-01 09:55:40]   [emp_id: 5231] SKIPPED: Already updated today (2026-01-01 03:00:04)
[2026-01-01 09:55:40]   [emp_id: 5232] SKIPPED: Already updated today (2026-01-01 03:00:05)
[2026-01-01 09:55:40]   [emp_id: 5233] SKIPPED: Already updated today (2026-01-01 03:00:05)
[2026-01-01 09:55:40]   [emp_id: 5234] SKIPPED: Already updated today (2026-01-01 03:00:05)
[2026-01-01 09:55:40]   [emp_id: 5235] SKIPPED: Already updated today (2026-01-01 03:00:05)
[2026-01-01 09:55:40]   [emp_id: 5237] SKIPPED: Already updated today (2026-01-01 03:00:05)
[2026-01-01 09:55:40]   [emp_id: 5239] SKIPPED: Already updated today (2026-01-01 03:00:05)
[2026-01-01 09:55:40]   [emp_id: 5241] SKIPPED: Already updated today (2026-01-01 03:00:05)
[2026-01-01 09:55:40]   [emp_id: 5242] SKIPPED: Already updated today (2026-01-01 03:00:05)
[2026-01-01 09:55:40]   [emp_id: 5243] SKIPPED: Already updated today (2026-01-01 03:00:05)
[2026-01-01 09:55:40]   [emp_id: 5244] SKIPPED: Already updated today (2026-01-01 03:00:05)
[2026-01-01 09:55:40]   [emp_id: 5246] SKIPPED: Already updated today (2026-01-01 03:00:05)
[2026-01-01 09:55:40]   [emp_id: 5253] SKIPPED: Already updated today (2026-01-01 03:00:05)
[2026-01-01 09:55:40]   [emp_id: 5254] SKIPPED: Already updated today (2026-01-01 03:00:05)
[2026-01-01 09:55:40]   [emp_id: 5257] SKIPPED: Already updated today (2026-01-01 03:00:05)
[2026-01-01 09:55:40]   [emp_id: 5259] SKIPPED: Already updated today (2026-01-01 03:00:05)
[2026-01-01 09:55:40]   [emp_id: 5261] SKIPPED: Already updated today (2026-01-01 03:00:05)
[2026-01-01 09:55:40]   [emp_id: 5264] SKIPPED: Already updated today (2026-01-01 03:00:05)
[2026-01-01 09:55:40]   [emp_id: 5266] SKIPPED: Already updated today (2026-01-01 03:00:05)
[2026-01-01 09:55:40]   [emp_id: 5268] SKIPPED: Already updated today (2026-01-01 03:00:05)
[2026-01-01 09:55:40]   [emp_id: 5271] SKIPPED: Already updated today (2026-01-01 03:00:05)
[2026-01-01 09:55:40]   [emp_id: 5272] SKIPPED: Already updated today (2026-01-01 03:00:05)
[2026-01-01 09:55:40]   [emp_id: 5273] SKIPPED: Already updated today (2026-01-01 03:00:05)
[2026-01-01 09:55:40]   [emp_id: 5275] SKIPPED: Already updated today (2026-01-01 03:00:05)
[2026-01-01 09:55:40]   [emp_id: 5276] SKIPPED: Already updated today (2026-01-01 03:00:05)
[2026-01-01 09:55:40]   [emp_id: 5278] SKIPPED: Already updated today (2026-01-01 03:00:05)
[2026-01-01 09:55:40]   [emp_id: 5280] SKIPPED: Already updated today (2026-01-01 03:00:05)
[2026-01-01 09:55:40]   [emp_id: 5282] SKIPPED: Already updated today (2026-01-01 03:00:05)
[2026-01-01 09:55:40]   [emp_id: 5285] SKIPPED: Already updated today (2026-01-01 03:00:05)
[2026-01-01 09:55:40]   [emp_id: 5286] SKIPPED: Already updated today (2026-01-01 03:00:05)
[2026-01-01 09:55:40]   [emp_id: 5287] SKIPPED: Already updated today (2026-01-01 03:00:05)
[2026-01-01 09:55:40]   [emp_id: 5288] SKIPPED: Already updated today (2026-01-01 03:00:05)
[2026-01-01 09:55:40]   [emp_id: 5289] SKIPPED: Already updated today (2026-01-01 03:00:05)
[2026-01-01 09:55:40]   [emp_id: 5290] SKIPPED: Already updated today (2026-01-01 03:00:05)
[2026-01-01 09:55:40]   [emp_id: 5291] SKIPPED: Already updated today (2026-01-01 03:00:05)
[2026-01-01 09:55:40]   [emp_id: 5292] SKIPPED: Already updated today (2026-01-01 03:00:05)
[2026-01-01 09:55:40]   [emp_id: 5293] SKIPPED: Already updated today (2026-01-01 03:00:05)
[2026-01-01 09:55:40]   [emp_id: 5294] SKIPPED: Already updated today (2026-01-01 03:00:05)
[2026-01-01 09:55:40]   [emp_id: 5295] SKIPPED: Already updated today (2026-01-01 03:00:05)
[2026-01-01 09:55:40]   [emp_id: 5296] SKIPPED: Already updated today (2026-01-01 03:00:05)
[2026-01-01 09:55:40]   [emp_id: 5297] SKIPPED: Already updated today (2026-01-01 03:00:05)
[2026-01-01 09:55:40]   [emp_id: 5298] SKIPPED: Already updated today (2026-01-01 03:00:05)
[2026-01-01 09:55:40]   [emp_id: 5299] SKIPPED: Already updated today (2026-01-01 03:00:05)
[2026-01-01 09:55:40]   [emp_id: 5300] SKIPPED: Already updated today (2026-01-01 03:00:05)
[2026-01-01 09:55:40]   [emp_id: 5301] SKIPPED: Already updated today (2026-01-01 03:00:05)
[2026-01-01 09:55:40]   [emp_id: 5303] SKIPPED: Already updated today (2026-01-01 03:00:05)
[2026-01-01 09:55:40]   [emp_id: 5304] SKIPPED: Already updated today (2026-01-01 03:00:05)
[2026-01-01 09:55:40]   [emp_id: 5305] SKIPPED: Already updated today (2026-01-01 03:00:05)
[2026-01-01 09:55:40]   [emp_id: 5306] SKIPPED: Already updated today (2026-01-01 03:00:05)
[2026-01-01 09:55:40]   [emp_id: 5307] SKIPPED: Already updated today (2026-01-01 03:00:05)
[2026-01-01 09:55:40]   [emp_id: 5312] SKIPPED: Already updated today (2026-01-01 03:00:05)
[2026-01-01 09:55:40]   [emp_id: 5318] SKIPPED: Already updated today (2026-01-01 03:00:05)
[2026-01-01 09:55:40]   [emp_id: 5325] SKIPPED: Already updated today (2026-01-01 03:00:05)
[2026-01-01 09:55:40]   [emp_id: 5327] SKIPPED: Already updated today (2026-01-01 03:00:05)
[2026-01-01 09:55:40]   [emp_id: 5337] SKIPPED: Already updated today (2026-01-01 03:00:05)
[2026-01-01 09:55:40]   [emp_id: 5339] SKIPPED: Already updated today (2026-01-01 03:00:05)
[2026-01-01 09:55:40]   [emp_id: 5343] SKIPPED: Already updated today (2026-01-01 03:00:05)
[2026-01-01 09:55:40]   [emp_id: 5343] SKIPPED: Already updated today (2026-01-01 03:00:05)
[2026-01-01 09:55:40]   [emp_id: 5345] SKIPPED: Already updated today (2026-01-01 03:00:05)
[2026-01-01 09:55:40]   [emp_id: 5346] SKIPPED: Already updated today (2026-01-01 03:00:05)
[2026-01-01 09:55:40]   [emp_id: 5351] SKIPPED: Already updated today (2026-01-01 03:00:05)
[2026-01-01 09:55:40]   [emp_id: 5352] SKIPPED: Already updated today (2026-01-01 03:00:05)
[2026-01-01 09:55:40]   [emp_id: 5370] SKIPPED: Already updated today (2026-01-01 03:00:05)
[2026-01-01 09:55:40]   [emp_id: 5371] SKIPPED: Already updated today (2026-01-01 03:00:05)
[2026-01-01 09:55:40]   [emp_id: 5376] SKIPPED: Already updated today (2026-01-01 03:00:05)
[2026-01-01 09:55:40]   [emp_id: 5378] SKIPPED: Already updated today (2026-01-01 03:00:05)
[2026-01-01 09:55:40]   [emp_id: 5380] SKIPPED: Already updated today (2026-01-01 03:00:05)
[2026-01-01 09:55:40]   [emp_id: 5381] SKIPPED: Already updated today (2026-01-01 03:00:05)
[2026-01-01 09:55:40]   [emp_id: 5383] SKIPPED: Already updated today (2026-01-01 03:00:05)
[2026-01-01 09:55:40]   [emp_id: 5388] SKIPPED: Already updated today (2026-01-01 03:00:05)
[2026-01-01 09:55:40]   [emp_id: 5396] SKIPPED: Already updated today (2026-01-01 03:00:05)
[2026-01-01 09:55:40]   [emp_id: 5397] SKIPPED: Already updated today (2026-01-01 03:00:05)
[2026-01-01 09:55:40]   [emp_id: 5401] SKIPPED: Already updated today (2026-01-01 03:00:05)
[2026-01-01 09:55:40]   [emp_id: 5402] SKIPPED: Already updated today (2026-01-01 03:00:05)
[2026-01-01 09:55:40]   [emp_id: 5406] SKIPPED: Already updated today (2026-01-01 03:00:05)
[2026-01-01 09:55:40]   [emp_id: 5407] SKIPPED: Already updated today (2026-01-01 03:00:05)
[2026-01-01 09:55:40]   [emp_id: 5409] SKIPPED: Already updated today (2026-01-01 03:00:05)
[2026-01-01 09:55:40]   [emp_id: 5413] SKIPPED: Already updated today (2026-01-01 03:00:05)
[2026-01-01 09:55:40]   [emp_id: 5414] SKIPPED: Already updated today (2026-01-01 03:00:05)
[2026-01-01 09:55:40]   [emp_id: 5415] SKIPPED: Already updated today (2026-01-01 03:00:05)
[2026-01-01 09:55:40]   [emp_id: 5418] SKIPPED: Already updated today (2026-01-01 03:00:05)
[2026-01-01 09:55:40]   [emp_id: 5422] SKIPPED: Already updated today (2026-01-01 03:00:05)
[2026-01-01 09:55:40]   [emp_id: 5423] SKIPPED: Already updated today (2026-01-01 03:00:05)
[2026-01-01 09:55:40]   [emp_id: 5425] SKIPPED: Already updated today (2026-01-01 03:00:05)
[2026-01-01 09:55:40]   [emp_id: 5426] SKIPPED: Already updated today (2026-01-01 03:00:05)
[2026-01-01 09:55:40]   [emp_id: 5426] SKIPPED: Already updated today (2026-01-01 03:00:05)
[2026-01-01 09:55:40]   [emp_id: 5427] SKIPPED: Already updated today (2026-01-01 03:00:05)
[2026-01-01 09:55:40]   [emp_id: 5428] SKIPPED: Already updated today (2026-01-01 03:00:05)
[2026-01-01 09:55:40]   [emp_id: 5430] SKIPPED: Already updated today (2026-01-01 03:00:05)
[2026-01-01 09:55:40]   [emp_id: 5431] SKIPPED: Already updated today (2026-01-01 03:00:05)
[2026-01-01 09:55:40]   [emp_id: 5434] SKIPPED: Already updated today (2026-01-01 03:00:05)
[2026-01-01 09:55:40]   [emp_id: 5435] SKIPPED: Already updated today (2026-01-01 03:00:05)
[2026-01-01 09:55:40]   [emp_id: 5436] SKIPPED: Already updated today (2026-01-01 03:00:05)
[2026-01-01 09:55:40]   [emp_id: 5438] SKIPPED: Already updated today (2026-01-01 03:00:05)
[2026-01-01 09:55:40]   [emp_id: 5439] SKIPPED: Already updated today (2026-01-01 03:00:05)
[2026-01-01 09:55:40]   [emp_id: 5442] SKIPPED: Already updated today (2026-01-01 03:00:05)
[2026-01-01 09:55:40]   [emp_id: 5445] SKIPPED: Already updated today (2026-01-01 03:00:05)
[2026-01-01 09:55:40]   [emp_id: 5446] SKIPPED: Already updated today (2026-01-01 03:00:05)
[2026-01-01 09:55:40]   [emp_id: 5447] SKIPPED: Already updated today (2026-01-01 03:00:05)
[2026-01-01 09:55:40]   [emp_id: 5448] SKIPPED: Already updated today (2026-01-01 03:00:05)
[2026-01-01 09:55:40]   [emp_id: 5449] SKIPPED: Already updated today (2026-01-01 03:00:05)
[2026-01-01 09:55:40]   [emp_id: 5450] SKIPPED: Already updated today (2026-01-01 03:00:05)
[2026-01-01 09:55:40]   [emp_id: 5451] SKIPPED: Already updated today (2026-01-01 03:00:05)
[2026-01-01 09:55:40]   [emp_id: 5454] SKIPPED: Already updated today (2026-01-01 03:00:05)
[2026-01-01 09:55:40]   [emp_id: 5455] SKIPPED: Already updated today (2026-01-01 03:00:05)
[2026-01-01 09:55:40]   [emp_id: 5456] SKIPPED: Already updated today (2026-01-01 03:00:05)
[2026-01-01 09:55:40] Report saved to: /home/almutlak/public_html/hr/cron_logs/last_vacation_update_report.json
[2026-01-01 09:55:54] ========== CRON: Vacation Balance Update Started ==========
[2026-01-01 09:55:57] ========== CRON: Vacation Balance Update Started ==========
[2026-01-01 09:56:49] ========== CRON: Vacation Balance Update Started ==========
[2026-01-01 09:56:49] FORCE RUN enabled: Bypassing once-per-day restriction
[2026-01-01 09:56:49] Database connection established
[2026-01-01 09:56:49] Found 427 active employees with balance records to update
[2026-01-01 09:56:49] (Only employees with status=1 will be processed)
[2026-01-01 09:56:49]   [emp_id: 1061] ✓ Refreshed: 0.16 (unchanged value, timestamp updated)
[2026-01-01 09:56:49]   [emp_id: 1496] ✓ Refreshed: 16.29 (unchanged value, timestamp updated)
[2026-01-01 09:56:49]   [emp_id: 1500] ✓ Refreshed: 3.97 (unchanged value, timestamp updated)
[2026-01-01 09:56:49]   [emp_id: 1574] ✓ Refreshed: 33.2 (unchanged value, timestamp updated)
[2026-01-01 09:56:49]   [emp_id: 1673] ✓ Refreshed: 44.7 (unchanged value, timestamp updated)
[2026-01-01 09:56:49]   [emp_id: 1685] ✓ Refreshed: 14.62 (unchanged value, timestamp updated)
[2026-01-01 09:56:49]   [emp_id: 1764] ✓ Refreshed: 69.29 (unchanged value, timestamp updated)
[2026-01-01 09:56:49]   [emp_id: 1805] ✓ Refreshed: 63.62 (unchanged value, timestamp updated)
[2026-01-01 09:56:49]   [emp_id: 1822] ✓ Refreshed: 68.37 (unchanged value, timestamp updated)
[2026-01-01 09:56:49]   [emp_id: 1837] ✓ Refreshed: 24.54 (unchanged value, timestamp updated)
[2026-01-01 09:56:49]   [emp_id: 1857] ✓ Refreshed: 19.87 (unchanged value, timestamp updated)
[2026-01-01 09:56:49]   [emp_id: 1861] ✓ Refreshed: 70.7 (unchanged value, timestamp updated)
[2026-01-01 09:56:49]   [emp_id: 1872] ✓ Refreshed: 9.54 (unchanged value, timestamp updated)
[2026-01-01 09:56:49]   [emp_id: 1897] ✓ Refreshed: 4.87 (unchanged value, timestamp updated)
[2026-01-01 09:56:49]   [emp_id: 1916] ✓ Refreshed: 11.17 (unchanged value, timestamp updated)
[2026-01-01 09:56:49]   [emp_id: 1928] ✓ Refreshed: 64.12 (unchanged value, timestamp updated)
[2026-01-01 09:56:49]   [emp_id: 1931] ✓ Refreshed: 84.04 (unchanged value, timestamp updated)
[2026-01-01 09:56:49]   [emp_id: 1944] ✓ Refreshed: 42.2 (unchanged value, timestamp updated)
[2026-01-01 09:56:49]   [emp_id: 1996] ✓ Refreshed: 70.7 (unchanged value, timestamp updated)
[2026-01-01 09:56:49]   [emp_id: 1997] ✓ Refreshed: 35.87 (unchanged value, timestamp updated)
[2026-01-01 09:56:49]   [emp_id: 1998] ✓ Refreshed: 27.31 (unchanged value, timestamp updated)
[2026-01-01 09:56:49]   [emp_id: 1999] ✓ Refreshed: 28.31 (unchanged value, timestamp updated)
[2026-01-01 09:56:49]   [emp_id: 2009] ✓ Refreshed: 34.62 (unchanged value, timestamp updated)
[2026-01-01 09:56:49]   [emp_id: 2048] ✓ Refreshed: 24.45 (unchanged value, timestamp updated)
[2026-01-01 09:56:49]   [emp_id: 2057] ✓ Refreshed: 65.29 (unchanged value, timestamp updated)
[2026-01-01 09:56:49]   [emp_id: 2079] ✓ Refreshed: 47.62 (unchanged value, timestamp updated)
[2026-01-01 09:56:49]   [emp_id: 2181] ✓ Refreshed: 36.62 (unchanged value, timestamp updated)
[2026-01-01 09:56:49]   [emp_id: 2190] ✓ Refreshed: 5.95 (unchanged value, timestamp updated)
[2026-01-01 09:56:49]   [emp_id: 2212] ✓ Refreshed: 23.95 (unchanged value, timestamp updated)
[2026-01-01 09:56:49]   [emp_id: 2226] ✓ Refreshed: 68.7 (unchanged value, timestamp updated)
[2026-01-01 09:56:49]   [emp_id: 2238] ✓ Refreshed: 66.95 (unchanged value, timestamp updated)
[2026-01-01 09:56:49]   [emp_id: 2285] ✓ Refreshed: 35.62 (unchanged value, timestamp updated)
[2026-01-01 09:56:49]   [emp_id: 2287] ✓ Refreshed: 47.29 (unchanged value, timestamp updated)
[2026-01-01 09:56:49]   [emp_id: 2288] ✓ Refreshed: 2.31 (unchanged value, timestamp updated)
[2026-01-01 09:56:49]   [emp_id: 2316] ✓ Refreshed: 16.12 (unchanged value, timestamp updated)
[2026-01-01 09:56:49]   [emp_id: 2337] ✓ Refreshed: 37.2 (unchanged value, timestamp updated)
[2026-01-01 09:56:49]   [emp_id: 2352] ✓ Refreshed: 68.7 (unchanged value, timestamp updated)
[2026-01-01 09:56:49]   [emp_id: 2358] ✓ Refreshed: 5.2 (unchanged value, timestamp updated)
[2026-01-01 09:56:49]   [emp_id: 2361] ✓ Refreshed: 70.87 (unchanged value, timestamp updated)
[2026-01-01 09:56:49]   [emp_id: 2363] ✓ Refreshed: 73.45 (unchanged value, timestamp updated)
[2026-01-01 09:56:49]   [emp_id: 2364] ✓ Refreshed: 72.87 (unchanged value, timestamp updated)
[2026-01-01 09:56:49]   [emp_id: 2367] ✓ Refreshed: 100.54 (unchanged value, timestamp updated)
[2026-01-01 09:56:49]   [emp_id: 2368] ✓ Refreshed: 30.95 (unchanged value, timestamp updated)
[2026-01-01 09:56:49]   [emp_id: 2372] ✓ Refreshed: 68.2 (unchanged value, timestamp updated)
[2026-01-01 09:56:49]   [emp_id: 2376] ✓ Refreshed: 118.2 (unchanged value, timestamp updated)
[2026-01-01 09:56:49]   [emp_id: 2423] ✓ Refreshed: 18.95 (unchanged value, timestamp updated)
[2026-01-01 09:56:49]   [emp_id: 2519] ✓ Refreshed: 172.62 (unchanged value, timestamp updated)
[2026-01-01 09:56:49]   [emp_id: 2522] ✓ Refreshed: 56.2 (unchanged value, timestamp updated)
[2026-01-01 09:56:49]   [emp_id: 2530] ✓ Refreshed: 51.45 (unchanged value, timestamp updated)
[2026-01-01 09:56:49]   [emp_id: 2539] ✓ Refreshed: 48.2 (unchanged value, timestamp updated)
[2026-01-01 09:56:49]   [emp_id: 2541] ✓ Refreshed: 28.79 (unchanged value, timestamp updated)
[2026-01-01 09:56:49]   [emp_id: 2550] ✓ Refreshed: 94.95 (unchanged value, timestamp updated)
[2026-01-01 09:56:49]   [emp_id: 2553] ✓ Refreshed: 32.06 (unchanged value, timestamp updated)
[2026-01-01 09:56:49]   [emp_id: 2554] ✓ Refreshed: 38.54 (unchanged value, timestamp updated)
[2026-01-01 09:56:49]   [emp_id: 2565] ✓ Refreshed: 93.12 (unchanged value, timestamp updated)
[2026-01-01 09:56:49]   [emp_id: 2572] ✓ Refreshed: 43.12 (unchanged value, timestamp updated)
[2026-01-01 09:56:49]   [emp_id: 2637] ✓ Refreshed: 63.7 (unchanged value, timestamp updated)
[2026-01-01 09:56:49]   [emp_id: 2642] ✓ Refreshed: 76.45 (unchanged value, timestamp updated)
[2026-01-01 09:56:49]   [emp_id: 2645] ✓ Refreshed: 92.45 (unchanged value, timestamp updated)
[2026-01-01 09:56:49]   [emp_id: 2648] ✓ Refreshed: 44.12 (unchanged value, timestamp updated)
[2026-01-01 09:56:49]   [emp_id: 2654] ✓ Refreshed: 86.79 (unchanged value, timestamp updated)
[2026-01-01 09:56:49]   [emp_id: 2688] ✓ Refreshed: 24.87 (unchanged value, timestamp updated)
[2026-01-01 09:56:49]   [emp_id: 2690] ✓ Refreshed: 13.62 (unchanged value, timestamp updated)
[2026-01-01 09:56:49]   [emp_id: 2709] ✓ Refreshed: 35.87 (unchanged value, timestamp updated)
[2026-01-01 09:56:49]   [emp_id: 2745] ✓ Refreshed: 32.45 (unchanged value, timestamp updated)
[2026-01-01 09:56:49]   [emp_id: 2843] ✓ Refreshed: 79.04 (unchanged value, timestamp updated)
[2026-01-01 09:56:49]   [emp_id: 2854] ✓ Refreshed: 58.95 (unchanged value, timestamp updated)
[2026-01-01 09:56:49]   [emp_id: 2869] ✓ Refreshed: 63.87 (unchanged value, timestamp updated)
[2026-01-01 09:56:49]   [emp_id: 2876] ✓ Refreshed: 33.7 (unchanged value, timestamp updated)
[2026-01-01 09:56:49]   [emp_id: 2924] ✓ Refreshed: 14.87 (unchanged value, timestamp updated)
[2026-01-01 09:56:49]   [emp_id: 2953] ✓ Refreshed: 100.62 (unchanged value, timestamp updated)
[2026-01-01 09:56:49]   [emp_id: 2961] ✓ Refreshed: 10.62 (unchanged value, timestamp updated)
[2026-01-01 09:56:49]   [emp_id: 2975] ✓ Refreshed: 3.72 (unchanged value, timestamp updated)
[2026-01-01 09:56:49]   [emp_id: 3013] ✓ Refreshed: 9.62 (unchanged value, timestamp updated)
[2026-01-01 09:56:49]   [emp_id: 3014] ✓ Refreshed: 88.87 (unchanged value, timestamp updated)
[2026-01-01 09:56:49]   [emp_id: 3015] ✓ Refreshed: 40.12 (unchanged value, timestamp updated)
[2026-01-01 09:56:49]   [emp_id: 3018] ✓ Refreshed: 58.87 (unchanged value, timestamp updated)
[2026-01-01 09:56:49]   [emp_id: 3025] ✓ Refreshed: 22.64 (unchanged value, timestamp updated)
[2026-01-01 09:56:49]   [emp_id: 3037] ✓ Refreshed: 82.37 (unchanged value, timestamp updated)
[2026-01-01 09:56:49]   [emp_id: 3047] ✓ Refreshed: 70.62 (unchanged value, timestamp updated)
[2026-01-01 09:56:49]   [emp_id: 3061] ✓ Refreshed: 17.54 (unchanged value, timestamp updated)
[2026-01-01 09:56:49]   [emp_id: 3062] ✓ Refreshed: 50.7 (unchanged value, timestamp updated)
[2026-01-01 09:56:49]   [emp_id: 3074] ✓ Refreshed: 107.12 (unchanged value, timestamp updated)
[2026-01-01 09:56:49]   [emp_id: 3089] ✓ Refreshed: 6.04 (unchanged value, timestamp updated)
[2026-01-01 09:56:49]   [emp_id: 3090] ✓ Refreshed: 32.62 (unchanged value, timestamp updated)
[2026-01-01 09:56:49]   [emp_id: 3091] ✓ Refreshed: 44.62 (unchanged value, timestamp updated)
[2026-01-01 09:56:49]   [emp_id: 3092] ✓ Refreshed: 27.29 (unchanged value, timestamp updated)
[2026-01-01 09:56:49]   [emp_id: 3105] ✓ Refreshed: 47.62 (unchanged value, timestamp updated)
[2026-01-01 09:56:49]   [emp_id: 3134] ✓ Refreshed: 43.37 (unchanged value, timestamp updated)
[2026-01-01 09:56:49]   [emp_id: 3140] ✓ Refreshed: 40.45 (unchanged value, timestamp updated)
[2026-01-01 09:56:49]   [emp_id: 3144] ✓ Refreshed: 13.29 (unchanged value, timestamp updated)
[2026-01-01 09:56:49]   [emp_id: 3156] ✓ Refreshed: 16.62 (unchanged value, timestamp updated)
[2026-01-01 09:56:49]   [emp_id: 3162] ✓ Refreshed: 1.6 (unchanged value, timestamp updated)
[2026-01-01 09:56:49]   [emp_id: 3163] ✓ Refreshed: 4.87 (unchanged value, timestamp updated)
[2026-01-01 09:56:50]   [emp_id: 3198] ✓ Refreshed: 39.87 (unchanged value, timestamp updated)
[2026-01-01 09:56:50]   [emp_id: 3205] ✓ Refreshed: 16.54 (unchanged value, timestamp updated)
[2026-01-01 09:56:50]   [emp_id: 3209] ✓ Refreshed: 40.7 (unchanged value, timestamp updated)
[2026-01-01 09:56:50]   [emp_id: 3223] ✓ Refreshed: 89.62 (unchanged value, timestamp updated)
[2026-01-01 09:56:50]   [emp_id: 3224] ✓ Refreshed: 64.37 (unchanged value, timestamp updated)
[2026-01-01 09:56:50]   [emp_id: 3230] ✓ Refreshed: 87.79 (unchanged value, timestamp updated)
[2026-01-01 09:56:50]   [emp_id: 3231] ✓ Refreshed: 0.16 (unchanged value, timestamp updated)
[2026-01-01 09:56:50]   [emp_id: 3233] ✓ Refreshed: 80.62 (unchanged value, timestamp updated)
[2026-01-01 09:56:50]   [emp_id: 3249] ✓ Refreshed: 36.45 (unchanged value, timestamp updated)
[2026-01-01 09:56:50]   [emp_id: 3250] ✓ Refreshed: 9.45 (unchanged value, timestamp updated)
[2026-01-01 09:56:50]   [emp_id: 3252] ✓ Refreshed: 10.37 (unchanged value, timestamp updated)
[2026-01-01 09:56:50]   [emp_id: 3254] ✓ Refreshed: 20.87 (unchanged value, timestamp updated)
[2026-01-01 09:56:50]   [emp_id: 3255] ✓ Refreshed: 17.29 (unchanged value, timestamp updated)
[2026-01-01 09:56:50]   [emp_id: 3256] ✓ Refreshed: 13.54 (unchanged value, timestamp updated)
[2026-01-01 09:56:50]   [emp_id: 3263] ✓ Refreshed: 29.62 (unchanged value, timestamp updated)
[2026-01-01 09:56:50]   [emp_id: 3265] ✓ Refreshed: 25.2 (unchanged value, timestamp updated)
[2026-01-01 09:56:50]   [emp_id: 3280] ✓ Refreshed: 72.12 (unchanged value, timestamp updated)
[2026-01-01 09:56:50]   [emp_id: 3286] ✓ Refreshed: 15.29 (unchanged value, timestamp updated)
[2026-01-01 09:56:50]   [emp_id: 3294] ✓ Refreshed: 14.95 (unchanged value, timestamp updated)
[2026-01-01 09:56:50]   [emp_id: 3321] ✓ Refreshed: 72.12 (unchanged value, timestamp updated)
[2026-01-01 09:56:50]   [emp_id: 3325] ✓ Refreshed: 59.87 (unchanged value, timestamp updated)
[2026-01-01 09:56:50]   [emp_id: 3329] ✓ Refreshed: 62.2 (unchanged value, timestamp updated)
[2026-01-01 09:56:50]   [emp_id: 3330] ✓ Refreshed: 62.2 (unchanged value, timestamp updated)
[2026-01-01 09:56:50]   [emp_id: 3332] ✓ Refreshed: 62.2 (unchanged value, timestamp updated)
[2026-01-01 09:56:50]   [emp_id: 3370] ✓ Refreshed: 53.87 (unchanged value, timestamp updated)
[2026-01-01 09:56:50]   [emp_id: 3384] ✓ Refreshed: 14.37 (unchanged value, timestamp updated)
[2026-01-01 09:56:50]   [emp_id: 3386] ✓ Refreshed: 44.37 (unchanged value, timestamp updated)
[2026-01-01 09:56:50]   [emp_id: 3431] ✓ Refreshed: 18.79 (unchanged value, timestamp updated)
[2026-01-01 09:56:50]   [emp_id: 3497] ✓ Refreshed: 8.95 (unchanged value, timestamp updated)
[2026-01-01 09:56:50]   [emp_id: 3532] ✓ Refreshed: 45.79 (unchanged value, timestamp updated)
[2026-01-01 09:56:50]   [emp_id: 3586] ✓ Refreshed: 9.87 (unchanged value, timestamp updated)
[2026-01-01 09:56:50]   [emp_id: 3602] ✓ Refreshed: 1.36 (unchanged value, timestamp updated)
[2026-01-01 09:56:50]   [emp_id: 3618] ✓ Refreshed: 23.34 (unchanged value, timestamp updated)
[2026-01-01 09:56:50]   [emp_id: 3622] ✓ Refreshed: 34.35 (unchanged value, timestamp updated)
[2026-01-01 09:56:50]   [emp_id: 3627] ✓ Refreshed: 9.29 (unchanged value, timestamp updated)
[2026-01-01 09:56:50]   [emp_id: 3665] ✓ Refreshed: 50.87 (unchanged value, timestamp updated)
[2026-01-01 09:56:50]   [emp_id: 3705] ✓ Refreshed: 27.68 (unchanged value, timestamp updated)
[2026-01-01 09:56:50]   [emp_id: 3724] ✓ Refreshed: 43.87 (unchanged value, timestamp updated)
[2026-01-01 09:56:50]   [emp_id: 3726] ✓ Refreshed: 60.29 (unchanged value, timestamp updated)
[2026-01-01 09:56:50]   [emp_id: 3727] ✓ Refreshed: 65.37 (unchanged value, timestamp updated)
[2026-01-01 09:56:50]   [emp_id: 3728] ✓ Refreshed: 9.7 (unchanged value, timestamp updated)
[2026-01-01 09:56:50]   [emp_id: 3767] ✓ Refreshed: 60.45 (unchanged value, timestamp updated)
[2026-01-01 09:56:50]   [emp_id: 3768] ✓ Refreshed: 56.7 (unchanged value, timestamp updated)
[2026-01-01 09:56:50]   [emp_id: 3787] ✓ Refreshed: 57.29 (unchanged value, timestamp updated)
[2026-01-01 09:56:50]   [emp_id: 3790] ✓ Refreshed: 1.84 (unchanged value, timestamp updated)
[2026-01-01 09:56:50]   [emp_id: 3795] ✓ Refreshed: 14.79 (unchanged value, timestamp updated)
[2026-01-01 09:56:50]   [emp_id: 3798] ✓ Refreshed: 93.2 (unchanged value, timestamp updated)
[2026-01-01 09:56:50]   [emp_id: 3801] ✓ Refreshed: 1.47 (unchanged value, timestamp updated)
[2026-01-01 09:56:50]   [emp_id: 3802] ✓ Refreshed: 30.45 (unchanged value, timestamp updated)
[2026-01-01 09:56:50]   [emp_id: 3803] ✓ Refreshed: 114.87 (unchanged value, timestamp updated)
[2026-01-01 09:56:50]   [emp_id: 3810] ✓ Refreshed: 60.87 (unchanged value, timestamp updated)
[2026-01-01 09:56:50]   [emp_id: 3812] ✓ Refreshed: 89.87 (unchanged value, timestamp updated)
[2026-01-01 09:56:50]   [emp_id: 3815] ✓ Refreshed: 89.87 (unchanged value, timestamp updated)
[2026-01-01 09:56:50]   [emp_id: 3836] ✓ Refreshed: 57.54 (unchanged value, timestamp updated)
[2026-01-01 09:56:50]   [emp_id: 3855] ✓ Refreshed: 50.7 (unchanged value, timestamp updated)
[2026-01-01 09:56:50]   [emp_id: 3857] ✓ Refreshed: 54.37 (unchanged value, timestamp updated)
[2026-01-01 09:56:50]   [emp_id: 3862] ✓ Refreshed: 102.45 (unchanged value, timestamp updated)
[2026-01-01 09:56:50]   [emp_id: 3866] ✓ Refreshed: 27.7 (unchanged value, timestamp updated)
[2026-01-01 09:56:50]   [emp_id: 3876] ✓ Refreshed: 11.87 (unchanged value, timestamp updated)
[2026-01-01 09:56:50]   [emp_id: 3877] ✓ Refreshed: 49.37 (unchanged value, timestamp updated)
[2026-01-01 09:56:50]   [emp_id: 3897] ✓ Refreshed: 37.62 (unchanged value, timestamp updated)
[2026-01-01 09:56:50]   [emp_id: 3899] ✓ Refreshed: 0.8 (unchanged value, timestamp updated)
[2026-01-01 09:56:50]   [emp_id: 3928] ✓ Refreshed: 13.7 (unchanged value, timestamp updated)
[2026-01-01 09:56:50]   [emp_id: 3929] ✓ Refreshed: 8.7 (unchanged value, timestamp updated)
[2026-01-01 09:56:50]   [emp_id: 3935] ✓ Refreshed: 93.7 (unchanged value, timestamp updated)
[2026-01-01 09:56:50]   [emp_id: 3952] ✓ Refreshed: 76.04 (unchanged value, timestamp updated)
[2026-01-01 09:56:50]   [emp_id: 3987] ✓ Refreshed: 13.95 (unchanged value, timestamp updated)
[2026-01-01 09:56:50]   [emp_id: 4059] ✓ Refreshed: 3.15 (unchanged value, timestamp updated)
[2026-01-01 09:56:50]   [emp_id: 4119] ✓ Refreshed: 56.62 (unchanged value, timestamp updated)
[2026-01-01 09:56:50]   [emp_id: 4120] ✓ Refreshed: 26.2 (unchanged value, timestamp updated)
[2026-01-01 09:56:50]   [emp_id: 4124] ✓ Refreshed: 26.72 (unchanged value, timestamp updated)
[2026-01-01 09:56:50]   [emp_id: 4133] ✓ Refreshed: 105.2 (unchanged value, timestamp updated)
[2026-01-01 09:56:50]   [emp_id: 4134] ✓ Refreshed: 26.2 (unchanged value, timestamp updated)
[2026-01-01 09:56:50]   [emp_id: 4136] ✓ Refreshed: 26.2 (unchanged value, timestamp updated)
[2026-01-01 09:56:50]   [emp_id: 4150] ✓ Refreshed: 24.87 (unchanged value, timestamp updated)
[2026-01-01 09:56:50]   [emp_id: 4157] ✓ Refreshed: 18.37 (unchanged value, timestamp updated)
[2026-01-01 09:56:50]   [emp_id: 4172] ✓ Refreshed: 12.26 (unchanged value, timestamp updated)
[2026-01-01 09:56:50]   [emp_id: 4195] ✓ Refreshed: 61.95 (unchanged value, timestamp updated)
[2026-01-01 09:56:50]   [emp_id: 4215] ✓ Refreshed: 44.62 (unchanged value, timestamp updated)
[2026-01-01 09:56:50]   [emp_id: 4220] ✓ Refreshed: 40.2 (unchanged value, timestamp updated)
[2026-01-01 09:56:50]   [emp_id: 4273] ✓ Refreshed: 8.87 (unchanged value, timestamp updated)
[2026-01-01 09:56:50]   [emp_id: 4283] ✓ Refreshed: 13.35 (unchanged value, timestamp updated)
[2026-01-01 09:56:50]   [emp_id: 4288] ✓ Refreshed: 1.12 (unchanged value, timestamp updated)
[2026-01-01 09:56:50]   [emp_id: 4315] ✓ Refreshed: 12.12 (unchanged value, timestamp updated)
[2026-01-01 09:56:50]   [emp_id: 4328] ✓ Refreshed: 42.18 (unchanged value, timestamp updated)
[2026-01-01 09:56:50]   [emp_id: 4329] ✓ Refreshed: 5.29 (unchanged value, timestamp updated)
[2026-01-01 09:56:50]   [emp_id: 4338] ✓ Refreshed: 46.87 (unchanged value, timestamp updated)
[2026-01-01 09:56:50]   [emp_id: 4340] ✓ Refreshed: 125.87 (unchanged value, timestamp updated)
[2026-01-01 09:56:50]   [emp_id: 4365] ✓ Refreshed: 60.29 (unchanged value, timestamp updated)
[2026-01-01 09:56:50]   [emp_id: 4366] ✓ Refreshed: 59.37 (unchanged value, timestamp updated)
[2026-01-01 09:56:50]   [emp_id: 4403] ✓ Refreshed: 85.2 (unchanged value, timestamp updated)
[2026-01-01 09:56:50]   [emp_id: 4438] ✓ Refreshed: 20.87 (unchanged value, timestamp updated)
[2026-01-01 09:56:50]   [emp_id: 4465] ✓ Refreshed: 12.51 (unchanged value, timestamp updated)
[2026-01-01 09:56:50]   [emp_id: 4473] ✓ Refreshed: 44.45 (unchanged value, timestamp updated)
[2026-01-01 09:56:50]   [emp_id: 4474] ✓ Refreshed: 0.1 (unchanged value, timestamp updated)
[2026-01-01 09:56:50]   [emp_id: 4493] ✓ Refreshed: 163.29 (unchanged value, timestamp updated)
[2026-01-01 09:56:50]   [emp_id: 4526] ✓ Refreshed: 35.54 (unchanged value, timestamp updated)
[2026-01-01 09:56:50]   [emp_id: 4528] ✓ Refreshed: 107.29 (unchanged value, timestamp updated)
[2026-01-01 09:56:50]   [emp_id: 4528] ✓ Refreshed: 107.29 (unchanged value, timestamp updated)
[2026-01-01 09:56:50]   [emp_id: 4532] ✓ Refreshed: 7.63 (unchanged value, timestamp updated)
[2026-01-01 09:56:50]   [emp_id: 4533] ✓ Refreshed: 35.7 (unchanged value, timestamp updated)
[2026-01-01 09:56:50]   [emp_id: 4564] ✓ Refreshed: 25.26 (unchanged value, timestamp updated)
[2026-01-01 09:56:50]   [emp_id: 4565] ✓ Refreshed: 15.01 (unchanged value, timestamp updated)
[2026-01-01 09:56:50]   [emp_id: 4567] ✓ Refreshed: 19.26 (unchanged value, timestamp updated)
[2026-01-01 09:56:50]   [emp_id: 4572] ✓ Refreshed: 58.76 (unchanged value, timestamp updated)
[2026-01-01 09:56:50]   [emp_id: 4631] ✓ Refreshed: 15.01 (unchanged value, timestamp updated)
[2026-01-01 09:56:50]   [emp_id: 4655] ✓ Refreshed: 24.62 (unchanged value, timestamp updated)
[2026-01-01 09:56:50]   [emp_id: 4689] ✓ Refreshed: 2.39 (unchanged value, timestamp updated)
[2026-01-01 09:56:50]   [emp_id: 4709] ✓ Refreshed: 39.87 (unchanged value, timestamp updated)
[2026-01-01 09:56:50]   [emp_id: 4717] ✓ Refreshed: 65.87 (unchanged value, timestamp updated)
[2026-01-01 09:56:50]   [emp_id: 4736] ✓ Refreshed: 27.7 (unchanged value, timestamp updated)
[2026-01-01 09:56:50]   [emp_id: 4756] ✓ Refreshed: 11.45 (unchanged value, timestamp updated)
[2026-01-01 09:56:50]   [emp_id: 4768] ✓ Refreshed: 12.37 (unchanged value, timestamp updated)
[2026-01-01 09:56:50]   [emp_id: 4780] ✓ Refreshed: 65.18 (unchanged value, timestamp updated)
[2026-01-01 09:56:50]   [emp_id: 4820] ✓ Refreshed: 98.7 (unchanged value, timestamp updated)
[2026-01-01 09:56:50]   [emp_id: 4825] ✓ Refreshed: 30.45 (unchanged value, timestamp updated)
[2026-01-01 09:56:50]   [emp_id: 4835] ✓ Refreshed: 47.93 (unchanged value, timestamp updated)
[2026-01-01 09:56:50]   [emp_id: 4837] ✓ Refreshed: 45.17 (unchanged value, timestamp updated)
[2026-01-01 09:56:50]   [emp_id: 4838] ✓ Refreshed: 44.19 (unchanged value, timestamp updated)
[2026-01-01 09:56:50]   [emp_id: 4840] ✓ Refreshed: 45.17 (unchanged value, timestamp updated)
[2026-01-01 09:56:50]   [emp_id: 4842] ✓ Refreshed: 44.41 (unchanged value, timestamp updated)
[2026-01-01 09:56:50]   [emp_id: 4843] ✓ Refreshed: 44.94 (unchanged value, timestamp updated)
[2026-01-01 09:56:50]   [emp_id: 4853] ✓ Refreshed: 88.76 (unchanged value, timestamp updated)
[2026-01-01 09:56:50]   [emp_id: 4856] ✓ Refreshed: 42.08 (unchanged value, timestamp updated)
[2026-01-01 09:56:50]   [emp_id: 4857] ✓ Refreshed: 24.9 (unchanged value, timestamp updated)
[2026-01-01 09:56:50]   [emp_id: 4858] ✓ Refreshed: 21.78 (unchanged value, timestamp updated)
[2026-01-01 09:56:50]   [emp_id: 4859] ✓ Refreshed: 43.25 (unchanged value, timestamp updated)
[2026-01-01 09:56:50]   [emp_id: 4860] ✓ Refreshed: 7.75 (unchanged value, timestamp updated)
[2026-01-01 09:56:50]   [emp_id: 4861] ✓ Refreshed: 41.21 (unchanged value, timestamp updated)
[2026-01-01 09:56:50]   [emp_id: 4869] ✓ Refreshed: 84.09 (unchanged value, timestamp updated)
[2026-01-01 09:56:50]   [emp_id: 4894] ✓ Refreshed: 7.37 (unchanged value, timestamp updated)
[2026-01-01 09:56:50]   [emp_id: 4897] ✓ Refreshed: 22.99 (unchanged value, timestamp updated)
[2026-01-01 09:56:50]   [emp_id: 4899] ✓ Refreshed: 19.16 (unchanged value, timestamp updated)
[2026-01-01 09:56:50]   [emp_id: 4902] ✓ Refreshed: 18.58 (unchanged value, timestamp updated)
[2026-01-01 09:56:50]   [emp_id: 4903] ✓ Refreshed: 20.8 (unchanged value, timestamp updated)
[2026-01-01 09:56:50]   [emp_id: 4905] ✓ Refreshed: 19.46 (unchanged value, timestamp updated)
[2026-01-01 09:56:50]   [emp_id: 4907] ✓ Refreshed: 47.45 (unchanged value, timestamp updated)
[2026-01-01 09:56:50]   [emp_id: 4917] ✓ Refreshed: 16.42 (unchanged value, timestamp updated)
[2026-01-01 09:56:50]   [emp_id: 4918] ✓ Refreshed: 6.19 (unchanged value, timestamp updated)
[2026-01-01 09:56:50]   [emp_id: 4919] ✓ Refreshed: 58.48 (unchanged value, timestamp updated)
[2026-01-01 09:56:50]   [emp_id: 4920] ✓ Refreshed: 5.56 (unchanged value, timestamp updated)
[2026-01-01 09:56:50]   [emp_id: 4921] ✓ Refreshed: 17.65 (unchanged value, timestamp updated)
[2026-01-01 09:56:50]   [emp_id: 4927] ✓ Refreshed: 16.48 (unchanged value, timestamp updated)
[2026-01-01 09:56:50]   [emp_id: 4929] ✓ Refreshed: 18 (unchanged value, timestamp updated)
[2026-01-01 09:56:50]   [emp_id: 4930] ✓ Refreshed: 58.77 (unchanged value, timestamp updated)
[2026-01-01 09:56:50]   [emp_id: 4932] ✓ Refreshed: 16.77 (unchanged value, timestamp updated)
[2026-01-01 09:56:50]   [emp_id: 4933] ✓ Refreshed: 20.18 (unchanged value, timestamp updated)
[2026-01-01 09:56:50]   [emp_id: 4949] ✓ Refreshed: 35.61 (unchanged value, timestamp updated)
[2026-01-01 09:56:50]   [emp_id: 4956] ✓ Refreshed: 29.2 (unchanged value, timestamp updated)
[2026-01-01 09:56:50]   [emp_id: 4957] ✓ Refreshed: 29.87 (unchanged value, timestamp updated)
[2026-01-01 09:56:50]   [emp_id: 4962] ✓ Refreshed: 46.81 (unchanged value, timestamp updated)
[2026-01-01 09:56:50]   [emp_id: 4969] ✓ Refreshed: 46.12 (unchanged value, timestamp updated)
[2026-01-01 09:56:50]   [emp_id: 4976] ✓ Refreshed: 9.89 (unchanged value, timestamp updated)
[2026-01-01 09:56:50]   [emp_id: 4984] ✓ Refreshed: 37.37 (unchanged value, timestamp updated)
[2026-01-01 09:56:50]   [emp_id: 4995] ✓ Refreshed: 49.44 (unchanged value, timestamp updated)
[2026-01-01 09:56:50]   [emp_id: 5004] ✓ Refreshed: 26.83 (unchanged value, timestamp updated)
[2026-01-01 09:56:50]   [emp_id: 5006] ✓ Refreshed: 26.57 (unchanged value, timestamp updated)
[2026-01-01 09:56:50]   [emp_id: 5011] ✓ Refreshed: 13.04 (unchanged value, timestamp updated)
[2026-01-01 09:56:50]   [emp_id: 5013] ✓ Refreshed: 66.94 (unchanged value, timestamp updated)
[2026-01-01 09:56:50]   [emp_id: 5018] ✓ Refreshed: 3.43 (unchanged value, timestamp updated)
[2026-01-01 09:56:51]   [emp_id: 5021] ✓ Refreshed: 60.47 (unchanged value, timestamp updated)
[2026-01-01 09:56:51]   [emp_id: 5024] ✓ Refreshed: 1.45 (unchanged value, timestamp updated)
[2026-01-01 09:56:51]   [emp_id: 5030] ✓ Refreshed: 31.4 (unchanged value, timestamp updated)
[2026-01-01 09:56:51]   [emp_id: 5033] ✓ Refreshed: 22.2 (unchanged value, timestamp updated)
[2026-01-01 09:56:51]   [emp_id: 5043] ✓ Refreshed: 30.04 (unchanged value, timestamp updated)
[2026-01-01 09:56:51]   [emp_id: 5045] ✓ Refreshed: 26.54 (unchanged value, timestamp updated)
[2026-01-01 09:56:51]   [emp_id: 5046] ✓ Refreshed: 21.73 (unchanged value, timestamp updated)
[2026-01-01 09:56:51]   [emp_id: 5049] ✓ Refreshed: 38.88 (unchanged value, timestamp updated)
[2026-01-01 09:56:51]   [emp_id: 5052] ✓ Refreshed: 30.16 (unchanged value, timestamp updated)
[2026-01-01 09:56:51]   [emp_id: 5055] ✓ Refreshed: 18.6 (unchanged value, timestamp updated)
[2026-01-01 09:56:51]   [emp_id: 5058] ✓ Refreshed: 27.58 (unchanged value, timestamp updated)
[2026-01-01 09:56:51]   [emp_id: 5062] ✓ Refreshed: 39.41 (unchanged value, timestamp updated)
[2026-01-01 09:56:51]   [emp_id: 5064] ✓ Refreshed: 117.37 (unchanged value, timestamp updated)
[2026-01-01 09:56:51]   [emp_id: 5065] ✓ Refreshed: 38.82 (unchanged value, timestamp updated)
[2026-01-01 09:56:51]   [emp_id: 5071] ✓ Refreshed: 22.87 (unchanged value, timestamp updated)
[2026-01-01 09:56:51]   [emp_id: 5073] ✓ Refreshed: 13.42 (unchanged value, timestamp updated)
[2026-01-01 09:56:51]   [emp_id: 5079] ✓ Refreshed: 33.98 (unchanged value, timestamp updated)
[2026-01-01 09:56:51]   [emp_id: 5080] ✓ Refreshed: 29.31 (unchanged value, timestamp updated)
[2026-01-01 09:56:51]   [emp_id: 5081] ✓ Refreshed: 15.57 (unchanged value, timestamp updated)
[2026-01-01 09:56:51]   [emp_id: 5087] ✓ Refreshed: 35.61 (unchanged value, timestamp updated)
[2026-01-01 09:56:51]   [emp_id: 5091] ✓ Refreshed: 75.46 (unchanged value, timestamp updated)
[2026-01-01 09:56:51]   [emp_id: 5093] ✓ Refreshed: 14.04 (unchanged value, timestamp updated)
[2026-01-01 09:56:51]   [emp_id: 5095] ✓ Refreshed: 1 (unchanged value, timestamp updated)
[2026-01-01 09:56:51]   [emp_id: 5101] ✓ Refreshed: 16.12 (unchanged value, timestamp updated)
[2026-01-01 09:56:51]   [emp_id: 5107] ✓ Refreshed: 14.45 (unchanged value, timestamp updated)
[2026-01-01 09:56:51]   [emp_id: 5109] ✓ Refreshed: 11.7 (unchanged value, timestamp updated)
[2026-01-01 09:56:51]   [emp_id: 5119] ✓ Refreshed: 9.87 (unchanged value, timestamp updated)
[2026-01-01 09:56:51]   [emp_id: 5122] ✓ Refreshed: 7.04 (unchanged value, timestamp updated)
[2026-01-01 09:56:51]   [emp_id: 5126] ✓ Refreshed: 26.34 (unchanged value, timestamp updated)
[2026-01-01 09:56:51]   [emp_id: 5127] ✓ Refreshed: 23.13 (unchanged value, timestamp updated)
[2026-01-01 09:56:51]   [emp_id: 5128] ✓ Refreshed: 26.28 (unchanged value, timestamp updated)
[2026-01-01 09:56:51]   [emp_id: 5138] ✓ Refreshed: 65.7 (unchanged value, timestamp updated)
[2026-01-01 09:56:51]   [emp_id: 5138] ✓ Refreshed: 65.7 (unchanged value, timestamp updated)
[2026-01-01 09:56:51]   [emp_id: 5141] ✓ Refreshed: 34.65 (unchanged value, timestamp updated)
[2026-01-01 09:56:51]   [emp_id: 5142] ✓ Refreshed: 13.65 (unchanged value, timestamp updated)
[2026-01-01 09:56:51]   [emp_id: 5146] ✓ Refreshed: 20.65 (unchanged value, timestamp updated)
[2026-01-01 09:56:51]   [emp_id: 5147] ✓ Refreshed: 19.65 (unchanged value, timestamp updated)
[2026-01-01 09:56:51]   [emp_id: 5148] ✓ Refreshed: 25 (unchanged value, timestamp updated)
[2026-01-01 09:56:51]   [emp_id: 5149] ✓ Refreshed: 23.89 (unchanged value, timestamp updated)
[2026-01-01 09:56:51]   [emp_id: 5150] ✓ Refreshed: 23.25 (unchanged value, timestamp updated)
[2026-01-01 09:56:51]   [emp_id: 5151] ✓ Refreshed: 23.07 (unchanged value, timestamp updated)
[2026-01-01 09:56:51]   [emp_id: 5152] ✓ Refreshed: 3.49 (unchanged value, timestamp updated)
[2026-01-01 09:56:51]   [emp_id: 5157] ✓ Refreshed: 23.07 (unchanged value, timestamp updated)
[2026-01-01 09:56:51]   [emp_id: 5160] ✓ Refreshed: 0 (unchanged value, timestamp updated)
[2026-01-01 09:56:51]   [emp_id: 5163] ✓ Refreshed: 20.86 (unchanged value, timestamp updated)
[2026-01-01 09:56:51]   [emp_id: 5165] ✓ Refreshed: 1.14 (unchanged value, timestamp updated)
[2026-01-01 09:56:51]   [emp_id: 5167] ✓ Refreshed: 30.01 (unchanged value, timestamp updated)
[2026-01-01 09:56:51]   [emp_id: 5168] ✓ Refreshed: 22.55 (unchanged value, timestamp updated)
[2026-01-01 09:56:51]   [emp_id: 5173] ✓ Refreshed: 24.79 (unchanged value, timestamp updated)
[2026-01-01 09:56:51]   [emp_id: 5174] ✓ Refreshed: 23.01 (unchanged value, timestamp updated)
[2026-01-01 09:56:51]   [emp_id: 5181] ✓ Refreshed: 19.4 (unchanged value, timestamp updated)
[2026-01-01 09:56:51]   [emp_id: 5186] ✓ Refreshed: 24.93 (unchanged value, timestamp updated)
[2026-01-01 09:56:51]   [emp_id: 5187] ✓ Refreshed: 35.93 (unchanged value, timestamp updated)
[2026-01-01 09:56:51]   [emp_id: 5204] ✓ Refreshed: 16.29 (unchanged value, timestamp updated)
[2026-01-01 09:56:51]   [emp_id: 5205] ✓ Refreshed: 12.14 (unchanged value, timestamp updated)
[2026-01-01 09:56:51]   [emp_id: 5209] ✓ Refreshed: 15.14 (unchanged value, timestamp updated)
[2026-01-01 09:56:51]   [emp_id: 5213] ✓ Refreshed: 1.55 (unchanged value, timestamp updated)
[2026-01-01 09:56:51]   [emp_id: 5214] ✓ Refreshed: 3.39 (unchanged value, timestamp updated)
[2026-01-01 09:56:51]   [emp_id: 5215] ✓ Refreshed: 10.14 (unchanged value, timestamp updated)
[2026-01-01 09:56:51]   [emp_id: 5217] ✓ Refreshed: 9.14 (unchanged value, timestamp updated)
[2026-01-01 09:56:51]   [emp_id: 5219] ✓ Refreshed: 13.14 (unchanged value, timestamp updated)
[2026-01-01 09:56:51]   [emp_id: 5221] ✓ Refreshed: 4.51 (unchanged value, timestamp updated)
[2026-01-01 09:56:51]   [emp_id: 5224] ✓ Refreshed: 14.14 (unchanged value, timestamp updated)
[2026-01-01 09:56:51]   [emp_id: 5225] ✓ Refreshed: 0.81 (unchanged value, timestamp updated)
[2026-01-01 09:56:51]   [emp_id: 5228] ✓ Refreshed: 9.14 (unchanged value, timestamp updated)
[2026-01-01 09:56:51]   [emp_id: 5229] ✓ Refreshed: 5.14 (unchanged value, timestamp updated)
[2026-01-01 09:56:51]   [emp_id: 5230] ✓ Refreshed: 11.81 (unchanged value, timestamp updated)
[2026-01-01 09:56:51]   [emp_id: 5231] ✓ Refreshed: 6.14 (unchanged value, timestamp updated)
[2026-01-01 09:56:51]   [emp_id: 5232] ✓ Refreshed: 11.14 (unchanged value, timestamp updated)
[2026-01-01 09:56:51]   [emp_id: 5233] ✓ Refreshed: 4.14 (unchanged value, timestamp updated)
[2026-01-01 09:56:51]   [emp_id: 5234] ✓ Refreshed: 4.14 (unchanged value, timestamp updated)
[2026-01-01 09:56:51]   [emp_id: 5235] ✓ Refreshed: 4.81 (unchanged value, timestamp updated)
[2026-01-01 09:56:51]   [emp_id: 5237] ✓ Refreshed: 10.39 (unchanged value, timestamp updated)
[2026-01-01 09:56:51]   [emp_id: 5239] ✓ Refreshed: 7.14 (unchanged value, timestamp updated)
[2026-01-01 09:56:51]   [emp_id: 5241] ✓ Refreshed: 5.14 (unchanged value, timestamp updated)
[2026-01-01 09:56:51]   [emp_id: 5242] ✓ Refreshed: 15.14 (unchanged value, timestamp updated)
[2026-01-01 09:56:51]   [emp_id: 5243] ✓ Refreshed: 1.55 (unchanged value, timestamp updated)
[2026-01-01 09:56:51]   [emp_id: 5244] ✓ Refreshed: 0.85 (unchanged value, timestamp updated)
[2026-01-01 09:56:51]   [emp_id: 5246] ✓ Refreshed: 11.14 (unchanged value, timestamp updated)
[2026-01-01 09:56:51]   [emp_id: 5253] ✓ Refreshed: 24.01 (unchanged value, timestamp updated)
[2026-01-01 09:56:51]   [emp_id: 5254] ✓ Refreshed: 11.99 (unchanged value, timestamp updated)
[2026-01-01 09:56:51]   [emp_id: 5257] ✓ Refreshed: 11.7 (unchanged value, timestamp updated)
[2026-01-01 09:56:51]   [emp_id: 5259] ✓ Refreshed: 48.23 (unchanged value, timestamp updated)
[2026-01-01 09:56:51]   [emp_id: 5261] ✓ Refreshed: 15.89 (unchanged value, timestamp updated)
[2026-01-01 09:56:51]   [emp_id: 5264] ✓ Refreshed: 25.71 (unchanged value, timestamp updated)
[2026-01-01 09:56:51]   [emp_id: 5266] ✓ Refreshed: 20.33 (unchanged value, timestamp updated)
[2026-01-01 09:56:51]   [emp_id: 5268] ✓ Refreshed: 8.9 (unchanged value, timestamp updated)
[2026-01-01 09:56:51]   [emp_id: 5271] ✓ Refreshed: 7.56 (unchanged value, timestamp updated)
[2026-01-01 09:56:51]   [emp_id: 5272] ✓ Refreshed: 8.43 (unchanged value, timestamp updated)
[2026-01-01 09:56:51]   [emp_id: 5273] ✓ Refreshed: 23.5 (unchanged value, timestamp updated)
[2026-01-01 09:56:51]   [emp_id: 5275] ✓ Refreshed: 9.25 (unchanged value, timestamp updated)
[2026-01-01 09:56:51]   [emp_id: 5276] ✓ Refreshed: 23.52 (unchanged value, timestamp updated)
[2026-01-01 09:56:51]   [emp_id: 5278] ✓ Refreshed: 7.91 (unchanged value, timestamp updated)
[2026-01-01 09:56:51]   [emp_id: 5280] ✓ Refreshed: 18.31 (unchanged value, timestamp updated)
[2026-01-01 09:56:51]   [emp_id: 5282] ✓ Refreshed: 11.37 (unchanged value, timestamp updated)
[2026-01-01 09:56:51]   [emp_id: 5285] ✓ Refreshed: 28.31 (unchanged value, timestamp updated)
[2026-01-01 09:56:51]   [emp_id: 5286] ✓ Refreshed: 15.31 (unchanged value, timestamp updated)
[2026-01-01 09:56:51]   [emp_id: 5287] ✓ Refreshed: 49.61 (unchanged value, timestamp updated)
[2026-01-01 09:56:51]   [emp_id: 5288] ✓ Refreshed: 6.88 (unchanged value, timestamp updated)
[2026-01-01 09:56:51]   [emp_id: 5289] ✓ Refreshed: 48.16 (unchanged value, timestamp updated)
[2026-01-01 09:56:51]   [emp_id: 5290] ✓ Refreshed: 46.93 (unchanged value, timestamp updated)
[2026-01-01 09:56:51]   [emp_id: 5291] ✓ Refreshed: 4.93 (unchanged value, timestamp updated)
[2026-01-01 09:56:51]   [emp_id: 5292] ✓ Refreshed: 4.87 (unchanged value, timestamp updated)
[2026-01-01 09:56:51]   [emp_id: 5293] ✓ Refreshed: 37.54 (unchanged value, timestamp updated)
[2026-01-01 09:56:51]   [emp_id: 5294] ✓ Refreshed: 7.29 (unchanged value, timestamp updated)
[2026-01-01 09:56:51]   [emp_id: 5295] ✓ Refreshed: 21.11 (unchanged value, timestamp updated)
[2026-01-01 09:56:51]   [emp_id: 5296] ✓ Refreshed: 34.31 (unchanged value, timestamp updated)
[2026-01-01 09:56:51]   [emp_id: 5297] ✓ Refreshed: 45.53 (unchanged value, timestamp updated)
[2026-01-01 09:56:51]   [emp_id: 5298] ✓ Refreshed: 45.53 (unchanged value, timestamp updated)
[2026-01-01 09:56:51]   [emp_id: 5299] ✓ Refreshed: 45.53 (unchanged value, timestamp updated)
[2026-01-01 09:56:51]   [emp_id: 5300] ✓ Refreshed: 45.53 (unchanged value, timestamp updated)
[2026-01-01 09:56:51]   [emp_id: 5301] ✓ Refreshed: 3.35 (unchanged value, timestamp updated)
[2026-01-01 09:56:51]   [emp_id: 5303] ✓ Refreshed: 3.78 (unchanged value, timestamp updated)
[2026-01-01 09:56:51]   [emp_id: 5304] ✓ Refreshed: 45.53 (unchanged value, timestamp updated)
[2026-01-01 09:56:54] ========== CRON: Vacation Balance Update Started ==========
[2026-01-01 09:56:54] FORCE RUN enabled: Bypassing once-per-day restriction
[2026-01-01 09:56:54] Database connection established
[2026-01-01 09:56:54] Found 427 active employees with balance records to update
[2026-01-01 09:56:54] (Only employees with status=1 will be processed)
[2026-01-01 09:56:54]   [emp_id: 1061] ✓ Refreshed: 0.16 (unchanged value, timestamp updated)
[2026-01-01 09:56:54]   [emp_id: 1496] ✓ Refreshed: 16.29 (unchanged value, timestamp updated)
[2026-01-01 09:56:54]   [emp_id: 1500] ✓ Refreshed: 3.97 (unchanged value, timestamp updated)
[2026-01-01 09:56:54]   [emp_id: 1574] ✓ Refreshed: 33.2 (unchanged value, timestamp updated)
[2026-01-01 09:56:54]   [emp_id: 1673] ✓ Refreshed: 44.7 (unchanged value, timestamp updated)
[2026-01-01 09:56:54]   [emp_id: 1685] ✓ Refreshed: 14.62 (unchanged value, timestamp updated)
[2026-01-01 09:56:54]   [emp_id: 1764] ✓ Refreshed: 69.29 (unchanged value, timestamp updated)
[2026-01-01 09:56:54]   [emp_id: 1805] ✓ Refreshed: 63.62 (unchanged value, timestamp updated)
[2026-01-01 09:56:54]   [emp_id: 1822] ✓ Refreshed: 68.37 (unchanged value, timestamp updated)
[2026-01-01 09:56:54]   [emp_id: 1837] ✓ Refreshed: 24.54 (unchanged value, timestamp updated)
[2026-01-01 09:56:54]   [emp_id: 1857] ✓ Refreshed: 19.87 (unchanged value, timestamp updated)
[2026-01-01 09:56:54]   [emp_id: 1861] ✓ Refreshed: 70.7 (unchanged value, timestamp updated)
[2026-01-01 09:56:54]   [emp_id: 1872] ✓ Refreshed: 9.54 (unchanged value, timestamp updated)
[2026-01-01 09:56:54]   [emp_id: 1897] ✓ Refreshed: 4.87 (unchanged value, timestamp updated)
[2026-01-01 09:56:54]   [emp_id: 1916] ✓ Refreshed: 11.17 (unchanged value, timestamp updated)
[2026-01-01 09:56:54]   [emp_id: 1928] ✓ Refreshed: 64.12 (unchanged value, timestamp updated)
[2026-01-01 09:56:54]   [emp_id: 1931] ✓ Refreshed: 84.04 (unchanged value, timestamp updated)
[2026-01-01 09:56:54]   [emp_id: 1944] ✓ Refreshed: 42.2 (unchanged value, timestamp updated)
[2026-01-01 09:56:55]   [emp_id: 1996] ✓ Refreshed: 70.7 (unchanged value, timestamp updated)
[2026-01-01 09:56:55]   [emp_id: 1997] ✓ Refreshed: 35.87 (unchanged value, timestamp updated)
[2026-01-01 09:56:55]   [emp_id: 1998] ✓ Refreshed: 27.31 (unchanged value, timestamp updated)
[2026-01-01 09:56:55]   [emp_id: 1999] ✓ Refreshed: 28.31 (unchanged value, timestamp updated)
[2026-01-01 09:56:55]   [emp_id: 2009] ✓ Refreshed: 34.62 (unchanged value, timestamp updated)
[2026-01-01 09:56:55]   [emp_id: 2048] ✓ Refreshed: 24.45 (unchanged value, timestamp updated)
[2026-01-01 09:56:55]   [emp_id: 2057] ✓ Refreshed: 65.29 (unchanged value, timestamp updated)
[2026-01-01 09:56:55]   [emp_id: 2079] ✓ Refreshed: 47.62 (unchanged value, timestamp updated)
[2026-01-01 09:56:55]   [emp_id: 2181] ✓ Refreshed: 36.62 (unchanged value, timestamp updated)
[2026-01-01 09:56:55]   [emp_id: 2190] ✓ Refreshed: 5.95 (unchanged value, timestamp updated)
[2026-01-01 09:56:55]   [emp_id: 2212] ✓ Refreshed: 23.95 (unchanged value, timestamp updated)
[2026-01-01 09:56:55]   [emp_id: 2226] ✓ Refreshed: 68.7 (unchanged value, timestamp updated)
[2026-01-01 09:56:55]   [emp_id: 2238] ✓ Refreshed: 66.95 (unchanged value, timestamp updated)
[2026-01-01 09:56:55]   [emp_id: 2285] ✓ Refreshed: 35.62 (unchanged value, timestamp updated)
[2026-01-01 09:56:55]   [emp_id: 2287] ✓ Refreshed: 47.29 (unchanged value, timestamp updated)
[2026-01-01 09:56:55]   [emp_id: 2288] ✓ Refreshed: 2.31 (unchanged value, timestamp updated)
[2026-01-01 09:56:55]   [emp_id: 2316] ✓ Refreshed: 16.12 (unchanged value, timestamp updated)
[2026-01-01 09:56:55]   [emp_id: 2337] ✓ Refreshed: 37.2 (unchanged value, timestamp updated)
[2026-01-01 09:56:55]   [emp_id: 2352] ✓ Refreshed: 68.7 (unchanged value, timestamp updated)
[2026-01-01 09:56:55]   [emp_id: 2358] ✓ Refreshed: 5.2 (unchanged value, timestamp updated)
[2026-01-01 09:56:55]   [emp_id: 2361] ✓ Refreshed: 70.87 (unchanged value, timestamp updated)
[2026-01-01 09:56:55]   [emp_id: 2363] ✓ Refreshed: 73.45 (unchanged value, timestamp updated)
[2026-01-01 09:56:55]   [emp_id: 2364] ✓ Refreshed: 72.87 (unchanged value, timestamp updated)
[2026-01-01 09:56:55]   [emp_id: 2367] ✓ Refreshed: 100.54 (unchanged value, timestamp updated)
[2026-01-01 09:56:55]   [emp_id: 2368] ✓ Refreshed: 30.95 (unchanged value, timestamp updated)
[2026-01-01 09:56:55]   [emp_id: 2372] ✓ Refreshed: 68.2 (unchanged value, timestamp updated)
[2026-01-01 09:56:55]   [emp_id: 2376] ✓ Refreshed: 118.2 (unchanged value, timestamp updated)
[2026-01-01 09:56:55]   [emp_id: 2423] ✓ Refreshed: 18.95 (unchanged value, timestamp updated)
[2026-01-01 09:56:55]   [emp_id: 2519] ✓ Refreshed: 172.62 (unchanged value, timestamp updated)
[2026-01-01 09:56:55]   [emp_id: 2522] ✓ Refreshed: 56.2 (unchanged value, timestamp updated)
[2026-01-01 09:56:55]   [emp_id: 2530] ✓ Refreshed: 51.45 (unchanged value, timestamp updated)
[2026-01-01 09:56:55]   [emp_id: 2539] ✓ Refreshed: 48.2 (unchanged value, timestamp updated)
[2026-01-01 09:56:55]   [emp_id: 2541] ✓ Refreshed: 28.79 (unchanged value, timestamp updated)
[2026-01-01 09:56:55]   [emp_id: 2550] ✓ Refreshed: 94.95 (unchanged value, timestamp updated)
[2026-01-01 09:56:55]   [emp_id: 2553] ✓ Refreshed: 32.06 (unchanged value, timestamp updated)
[2026-01-01 09:56:55]   [emp_id: 2554] ✓ Refreshed: 38.54 (unchanged value, timestamp updated)
[2026-01-01 09:56:55]   [emp_id: 2565] ✓ Refreshed: 93.12 (unchanged value, timestamp updated)
[2026-01-01 09:56:55]   [emp_id: 2572] ✓ Refreshed: 43.12 (unchanged value, timestamp updated)
[2026-01-01 09:56:55]   [emp_id: 2637] ✓ Refreshed: 63.7 (unchanged value, timestamp updated)
[2026-01-01 09:56:55]   [emp_id: 2642] ✓ Refreshed: 76.45 (unchanged value, timestamp updated)
[2026-01-01 09:56:55]   [emp_id: 2645] ✓ Refreshed: 92.45 (unchanged value, timestamp updated)
[2026-01-01 09:56:55]   [emp_id: 2648] ✓ Refreshed: 44.12 (unchanged value, timestamp updated)
[2026-01-01 09:56:55]   [emp_id: 2654] ✓ Refreshed: 86.79 (unchanged value, timestamp updated)
[2026-01-01 09:56:55]   [emp_id: 2688] ✓ Refreshed: 24.87 (unchanged value, timestamp updated)
[2026-01-01 09:56:55]   [emp_id: 2690] ✓ Refreshed: 13.62 (unchanged value, timestamp updated)
[2026-01-01 09:56:55]   [emp_id: 2709] ✓ Refreshed: 35.87 (unchanged value, timestamp updated)
[2026-01-01 09:56:55]   [emp_id: 2745] ✓ Refreshed: 32.45 (unchanged value, timestamp updated)
[2026-01-01 09:56:55]   [emp_id: 2843] ✓ Refreshed: 79.04 (unchanged value, timestamp updated)
[2026-01-01 09:56:55]   [emp_id: 2854] ✓ Refreshed: 58.95 (unchanged value, timestamp updated)
[2026-01-01 09:56:55]   [emp_id: 2869] ✓ Refreshed: 63.87 (unchanged value, timestamp updated)
[2026-01-01 09:56:55]   [emp_id: 2876] ✓ Refreshed: 33.7 (unchanged value, timestamp updated)
[2026-01-01 09:56:55]   [emp_id: 2924] ✓ Refreshed: 14.87 (unchanged value, timestamp updated)
[2026-01-01 09:56:55]   [emp_id: 2953] ✓ Refreshed: 100.62 (unchanged value, timestamp updated)
[2026-01-01 09:56:55]   [emp_id: 2961] ✓ Refreshed: 10.62 (unchanged value, timestamp updated)
[2026-01-01 09:56:55]   [emp_id: 2975] ✓ Refreshed: 3.72 (unchanged value, timestamp updated)
[2026-01-01 09:56:55]   [emp_id: 3013] ✓ Refreshed: 9.62 (unchanged value, timestamp updated)
[2026-01-01 09:56:55]   [emp_id: 3014] ✓ Refreshed: 88.87 (unchanged value, timestamp updated)
[2026-01-01 09:56:55]   [emp_id: 3015] ✓ Refreshed: 40.12 (unchanged value, timestamp updated)
[2026-01-01 09:56:55]   [emp_id: 3018] ✓ Refreshed: 58.87 (unchanged value, timestamp updated)
[2026-01-01 09:56:55]   [emp_id: 3025] ✓ Refreshed: 22.64 (unchanged value, timestamp updated)
[2026-01-01 09:56:55]   [emp_id: 3037] ✓ Refreshed: 82.37 (unchanged value, timestamp updated)
[2026-01-01 09:56:55]   [emp_id: 3047] ✓ Refreshed: 70.62 (unchanged value, timestamp updated)
[2026-01-01 09:56:55]   [emp_id: 3061] ✓ Refreshed: 17.54 (unchanged value, timestamp updated)
[2026-01-01 09:56:55]   [emp_id: 3062] ✓ Refreshed: 50.7 (unchanged value, timestamp updated)
[2026-01-01 09:56:55]   [emp_id: 3074] ✓ Refreshed: 107.12 (unchanged value, timestamp updated)
[2026-01-01 09:56:55]   [emp_id: 3089] ✓ Refreshed: 6.04 (unchanged value, timestamp updated)
[2026-01-01 09:56:55]   [emp_id: 3090] ✓ Refreshed: 32.62 (unchanged value, timestamp updated)
[2026-01-01 09:56:55]   [emp_id: 3091] ✓ Refreshed: 44.62 (unchanged value, timestamp updated)
[2026-01-01 09:56:55]   [emp_id: 3092] ✓ Refreshed: 27.29 (unchanged value, timestamp updated)
[2026-01-01 09:56:55]   [emp_id: 3105] ✓ Refreshed: 47.62 (unchanged value, timestamp updated)
[2026-01-01 09:56:55]   [emp_id: 3134] ✓ Refreshed: 43.37 (unchanged value, timestamp updated)
[2026-01-01 09:56:55]   [emp_id: 3140] ✓ Refreshed: 40.45 (unchanged value, timestamp updated)
[2026-01-01 09:56:55]   [emp_id: 3144] ✓ Refreshed: 13.29 (unchanged value, timestamp updated)
[2026-01-01 09:56:55]   [emp_id: 3156] ✓ Refreshed: 16.62 (unchanged value, timestamp updated)
[2026-01-01 09:56:55]   [emp_id: 3162] ✓ Refreshed: 1.6 (unchanged value, timestamp updated)
[2026-01-01 09:56:55]   [emp_id: 3163] ✓ Refreshed: 4.87 (unchanged value, timestamp updated)
[2026-01-01 09:56:55]   [emp_id: 3198] ✓ Refreshed: 39.87 (unchanged value, timestamp updated)
[2026-01-01 09:56:55]   [emp_id: 3205] ✓ Refreshed: 16.54 (unchanged value, timestamp updated)
[2026-01-01 09:56:55]   [emp_id: 3209] ✓ Refreshed: 40.7 (unchanged value, timestamp updated)
[2026-01-01 09:56:55]   [emp_id: 3223] ✓ Refreshed: 89.62 (unchanged value, timestamp updated)
[2026-01-01 09:56:55]   [emp_id: 3224] ✓ Refreshed: 64.37 (unchanged value, timestamp updated)
[2026-01-01 09:56:55]   [emp_id: 3230] ✓ Refreshed: 87.79 (unchanged value, timestamp updated)
[2026-01-01 09:56:55]   [emp_id: 3231] ✓ Refreshed: 0.16 (unchanged value, timestamp updated)
[2026-01-01 09:56:55]   [emp_id: 3233] ✓ Refreshed: 80.62 (unchanged value, timestamp updated)
[2026-01-01 09:56:55]   [emp_id: 3249] ✓ Refreshed: 36.45 (unchanged value, timestamp updated)
[2026-01-01 09:56:55]   [emp_id: 3250] ✓ Refreshed: 9.45 (unchanged value, timestamp updated)
[2026-01-01 09:56:55]   [emp_id: 3252] ✓ Refreshed: 10.37 (unchanged value, timestamp updated)
[2026-01-01 09:56:55]   [emp_id: 3254] ✓ Refreshed: 20.87 (unchanged value, timestamp updated)
[2026-01-01 09:56:55]   [emp_id: 3255] ✓ Refreshed: 17.29 (unchanged value, timestamp updated)
[2026-01-01 09:56:55]   [emp_id: 3256] ✓ Refreshed: 13.54 (unchanged value, timestamp updated)
[2026-01-01 09:56:55]   [emp_id: 3263] ✓ Refreshed: 29.62 (unchanged value, timestamp updated)
[2026-01-01 09:56:55]   [emp_id: 3265] ✓ Refreshed: 25.2 (unchanged value, timestamp updated)
[2026-01-01 09:56:55]   [emp_id: 3280] ✓ Refreshed: 72.12 (unchanged value, timestamp updated)
[2026-01-01 09:56:55]   [emp_id: 3286] ✓ Refreshed: 15.29 (unchanged value, timestamp updated)
[2026-01-01 09:56:55]   [emp_id: 3294] ✓ Refreshed: 14.95 (unchanged value, timestamp updated)
[2026-01-01 09:56:55]   [emp_id: 3321] ✓ Refreshed: 72.12 (unchanged value, timestamp updated)
[2026-01-01 09:56:55]   [emp_id: 3325] ✓ Refreshed: 59.87 (unchanged value, timestamp updated)
[2026-01-01 09:56:55]   [emp_id: 3329] ✓ Refreshed: 62.2 (unchanged value, timestamp updated)
[2026-01-01 09:56:55]   [emp_id: 3330] ✓ Refreshed: 62.2 (unchanged value, timestamp updated)
[2026-01-01 09:56:55]   [emp_id: 3332] ✓ Refreshed: 62.2 (unchanged value, timestamp updated)
[2026-01-01 09:56:55]   [emp_id: 3370] ✓ Refreshed: 53.87 (unchanged value, timestamp updated)
[2026-01-01 09:56:55]   [emp_id: 3384] ✓ Refreshed: 14.37 (unchanged value, timestamp updated)
[2026-01-01 09:56:55]   [emp_id: 3386] ✓ Refreshed: 44.37 (unchanged value, timestamp updated)
[2026-01-01 09:56:55]   [emp_id: 3431] ✓ Refreshed: 18.79 (unchanged value, timestamp updated)
[2026-01-01 09:56:55]   [emp_id: 3497] ✓ Refreshed: 8.95 (unchanged value, timestamp updated)
[2026-01-01 09:56:55]   [emp_id: 3532] ✓ Refreshed: 45.79 (unchanged value, timestamp updated)
[2026-01-01 09:56:55]   [emp_id: 3586] ✓ Refreshed: 9.87 (unchanged value, timestamp updated)
[2026-01-01 09:56:55]   [emp_id: 3602] ✓ Refreshed: 1.36 (unchanged value, timestamp updated)
[2026-01-01 09:56:55]   [emp_id: 3618] ✓ Refreshed: 23.34 (unchanged value, timestamp updated)
[2026-01-01 09:56:55]   [emp_id: 3622] ✓ Refreshed: 34.35 (unchanged value, timestamp updated)
[2026-01-01 09:56:55]   [emp_id: 3627] ✓ Refreshed: 9.29 (unchanged value, timestamp updated)
[2026-01-01 09:56:55]   [emp_id: 3665] ✓ Refreshed: 50.87 (unchanged value, timestamp updated)
[2026-01-01 09:56:55]   [emp_id: 3705] ✓ Refreshed: 27.68 (unchanged value, timestamp updated)
[2026-01-01 09:56:55]   [emp_id: 3724] ✓ Refreshed: 43.87 (unchanged value, timestamp updated)
[2026-01-01 09:56:55]   [emp_id: 3726] ✓ Refreshed: 60.29 (unchanged value, timestamp updated)
[2026-01-01 09:56:55]   [emp_id: 3727] ✓ Refreshed: 65.37 (unchanged value, timestamp updated)
[2026-01-01 09:56:55]   [emp_id: 3728] ✓ Refreshed: 9.7 (unchanged value, timestamp updated)
[2026-01-01 09:56:55]   [emp_id: 3767] ✓ Refreshed: 60.45 (unchanged value, timestamp updated)
[2026-01-01 09:56:55]   [emp_id: 3768] ✓ Refreshed: 56.7 (unchanged value, timestamp updated)
[2026-01-01 09:56:55]   [emp_id: 3787] ✓ Refreshed: 57.29 (unchanged value, timestamp updated)
[2026-01-01 09:56:55]   [emp_id: 3790] ✓ Refreshed: 1.84 (unchanged value, timestamp updated)
[2026-01-01 09:56:55]   [emp_id: 3795] ✓ Refreshed: 14.79 (unchanged value, timestamp updated)
[2026-01-01 09:56:55]   [emp_id: 3798] ✓ Refreshed: 93.2 (unchanged value, timestamp updated)
[2026-01-01 09:56:55]   [emp_id: 3801] ✓ Refreshed: 1.47 (unchanged value, timestamp updated)
[2026-01-01 09:56:55]   [emp_id: 3802] ✓ Refreshed: 30.45 (unchanged value, timestamp updated)
[2026-01-01 09:56:55]   [emp_id: 3803] ✓ Refreshed: 114.87 (unchanged value, timestamp updated)
[2026-01-01 09:56:55]   [emp_id: 3810] ✓ Refreshed: 60.87 (unchanged value, timestamp updated)
[2026-01-01 09:56:55]   [emp_id: 3812] ✓ Refreshed: 89.87 (unchanged value, timestamp updated)
[2026-01-01 09:56:55]   [emp_id: 3815] ✓ Refreshed: 89.87 (unchanged value, timestamp updated)
[2026-01-01 09:56:55]   [emp_id: 3836] ✓ Refreshed: 57.54 (unchanged value, timestamp updated)
[2026-01-01 09:56:55]   [emp_id: 3855] ✓ Refreshed: 50.7 (unchanged value, timestamp updated)
[2026-01-01 09:56:55]   [emp_id: 3857] ✓ Refreshed: 54.37 (unchanged value, timestamp updated)
[2026-01-01 09:56:55]   [emp_id: 3862] ✓ Refreshed: 102.45 (unchanged value, timestamp updated)
[2026-01-01 09:56:55]   [emp_id: 3866] ✓ Refreshed: 27.7 (unchanged value, timestamp updated)
[2026-01-01 09:56:55]   [emp_id: 3876] ✓ Refreshed: 11.87 (unchanged value, timestamp updated)
[2026-01-01 09:56:55]   [emp_id: 3877] ✓ Refreshed: 49.37 (unchanged value, timestamp updated)
[2026-01-01 09:56:55]   [emp_id: 3897] ✓ Refreshed: 37.62 (unchanged value, timestamp updated)
[2026-01-01 09:56:55]   [emp_id: 3899] ✓ Refreshed: 0.8 (unchanged value, timestamp updated)
[2026-01-01 09:56:55]   [emp_id: 3928] ✓ Refreshed: 13.7 (unchanged value, timestamp updated)
[2026-01-01 09:56:55]   [emp_id: 3929] ✓ Refreshed: 8.7 (unchanged value, timestamp updated)
[2026-01-01 09:56:55]   [emp_id: 3935] ✓ Refreshed: 93.7 (unchanged value, timestamp updated)
[2026-01-01 09:56:55]   [emp_id: 3952] ✓ Refreshed: 76.04 (unchanged value, timestamp updated)
[2026-01-01 09:56:55]   [emp_id: 3987] ✓ Refreshed: 13.95 (unchanged value, timestamp updated)
[2026-01-01 09:56:55]   [emp_id: 4059] ✓ Refreshed: 3.15 (unchanged value, timestamp updated)
[2026-01-01 09:56:55]   [emp_id: 4119] ✓ Refreshed: 56.62 (unchanged value, timestamp updated)
[2026-01-01 09:56:55]   [emp_id: 4120] ✓ Refreshed: 26.2 (unchanged value, timestamp updated)
[2026-01-01 09:56:55]   [emp_id: 4124] ✓ Refreshed: 26.72 (unchanged value, timestamp updated)
[2026-01-01 09:56:56]   [emp_id: 4133] ✓ Refreshed: 105.2 (unchanged value, timestamp updated)
[2026-01-01 09:56:56]   [emp_id: 4134] ✓ Refreshed: 26.2 (unchanged value, timestamp updated)
[2026-01-01 09:56:56]   [emp_id: 4136] ✓ Refreshed: 26.2 (unchanged value, timestamp updated)
[2026-01-01 09:56:56]   [emp_id: 4150] ✓ Refreshed: 24.87 (unchanged value, timestamp updated)
[2026-01-01 09:56:56]   [emp_id: 4157] ✓ Refreshed: 18.37 (unchanged value, timestamp updated)
[2026-01-01 09:56:56]   [emp_id: 4172] ✓ Refreshed: 12.26 (unchanged value, timestamp updated)
[2026-01-01 09:56:56]   [emp_id: 4195] ✓ Refreshed: 61.95 (unchanged value, timestamp updated)
[2026-01-01 09:56:56]   [emp_id: 4215] ✓ Refreshed: 44.62 (unchanged value, timestamp updated)
[2026-01-01 09:56:56]   [emp_id: 4220] ✓ Refreshed: 40.2 (unchanged value, timestamp updated)
[2026-01-01 09:56:56]   [emp_id: 4273] ✓ Refreshed: 8.87 (unchanged value, timestamp updated)
[2026-01-01 09:56:56]   [emp_id: 4283] ✓ Refreshed: 13.35 (unchanged value, timestamp updated)
[2026-01-01 09:56:56]   [emp_id: 4288] ✓ Refreshed: 1.12 (unchanged value, timestamp updated)
[2026-01-01 09:56:56]   [emp_id: 4315] ✓ Refreshed: 12.12 (unchanged value, timestamp updated)
[2026-01-01 09:56:56]   [emp_id: 4328] ✓ Refreshed: 42.18 (unchanged value, timestamp updated)
[2026-01-01 09:56:56]   [emp_id: 4329] ✓ Refreshed: 5.29 (unchanged value, timestamp updated)
[2026-01-01 09:56:56]   [emp_id: 4338] ✓ Refreshed: 46.87 (unchanged value, timestamp updated)
[2026-01-01 09:56:56]   [emp_id: 4340] ✓ Refreshed: 125.87 (unchanged value, timestamp updated)
[2026-01-01 09:56:56]   [emp_id: 4365] ✓ Refreshed: 60.29 (unchanged value, timestamp updated)
[2026-01-01 09:56:56]   [emp_id: 4366] ✓ Refreshed: 59.37 (unchanged value, timestamp updated)
[2026-01-01 09:56:56]   [emp_id: 4403] ✓ Refreshed: 85.2 (unchanged value, timestamp updated)
[2026-01-01 09:56:56]   [emp_id: 4438] ✓ Refreshed: 20.87 (unchanged value, timestamp updated)
[2026-01-01 09:56:56]   [emp_id: 4465] ✓ Refreshed: 12.51 (unchanged value, timestamp updated)
[2026-01-01 09:56:56]   [emp_id: 4473] ✓ Refreshed: 44.45 (unchanged value, timestamp updated)
[2026-01-01 09:56:56]   [emp_id: 4474] ✓ Refreshed: 0.1 (unchanged value, timestamp updated)
[2026-01-01 09:56:56]   [emp_id: 4493] ✓ Refreshed: 163.29 (unchanged value, timestamp updated)
[2026-01-01 09:56:56]   [emp_id: 4526] ✓ Refreshed: 35.54 (unchanged value, timestamp updated)
[2026-01-01 09:56:56]   [emp_id: 4528] ✓ Refreshed: 107.29 (unchanged value, timestamp updated)
[2026-01-01 09:56:56]   [emp_id: 4528] ✓ Refreshed: 107.29 (unchanged value, timestamp updated)
[2026-01-01 09:56:56]   [emp_id: 4532] ✓ Refreshed: 7.63 (unchanged value, timestamp updated)
[2026-01-01 09:56:56]   [emp_id: 4533] ✓ Refreshed: 35.7 (unchanged value, timestamp updated)
[2026-01-01 09:56:56]   [emp_id: 4564] ✓ Refreshed: 25.26 (unchanged value, timestamp updated)
[2026-01-01 09:56:56]   [emp_id: 4565] ✓ Refreshed: 15.01 (unchanged value, timestamp updated)
[2026-01-01 09:56:56]   [emp_id: 4567] ✓ Refreshed: 19.26 (unchanged value, timestamp updated)
[2026-01-01 09:56:56]   [emp_id: 4572] ✓ Refreshed: 58.76 (unchanged value, timestamp updated)
[2026-01-01 09:56:56]   [emp_id: 4631] ✓ Refreshed: 15.01 (unchanged value, timestamp updated)
[2026-01-01 09:56:56]   [emp_id: 4655] ✓ Refreshed: 24.62 (unchanged value, timestamp updated)
[2026-01-01 09:56:56]   [emp_id: 4689] ✓ Refreshed: 2.39 (unchanged value, timestamp updated)
[2026-01-01 09:56:56]   [emp_id: 4709] ✓ Refreshed: 39.87 (unchanged value, timestamp updated)
[2026-01-01 09:56:56]   [emp_id: 4717] ✓ Refreshed: 65.87 (unchanged value, timestamp updated)
[2026-01-01 09:56:56]   [emp_id: 4736] ✓ Refreshed: 27.7 (unchanged value, timestamp updated)
[2026-01-01 09:56:56]   [emp_id: 4756] ✓ Refreshed: 11.45 (unchanged value, timestamp updated)
[2026-01-01 09:56:56]   [emp_id: 4768] ✓ Refreshed: 12.37 (unchanged value, timestamp updated)
[2026-01-01 09:56:56]   [emp_id: 4780] ✓ Refreshed: 65.18 (unchanged value, timestamp updated)
[2026-01-01 09:56:56]   [emp_id: 4820] ✓ Refreshed: 98.7 (unchanged value, timestamp updated)
[2026-01-01 09:56:56]   [emp_id: 4825] ✓ Refreshed: 30.45 (unchanged value, timestamp updated)
[2026-01-01 09:56:56]   [emp_id: 4835] ✓ Refreshed: 47.93 (unchanged value, timestamp updated)
[2026-01-01 09:56:56]   [emp_id: 4837] ✓ Refreshed: 45.17 (unchanged value, timestamp updated)
[2026-01-01 09:56:56]   [emp_id: 4838] ✓ Refreshed: 44.19 (unchanged value, timestamp updated)
[2026-01-01 09:56:56]   [emp_id: 4840] ✓ Refreshed: 45.17 (unchanged value, timestamp updated)
[2026-01-01 09:56:56]   [emp_id: 4842] ✓ Refreshed: 44.41 (unchanged value, timestamp updated)
[2026-01-01 09:56:56]   [emp_id: 4843] ✓ Refreshed: 44.94 (unchanged value, timestamp updated)
[2026-01-01 09:56:56]   [emp_id: 4853] ✓ Refreshed: 88.76 (unchanged value, timestamp updated)
[2026-01-01 09:56:56]   [emp_id: 4856] ✓ Refreshed: 42.08 (unchanged value, timestamp updated)
[2026-01-01 09:56:56]   [emp_id: 4857] ✓ Refreshed: 24.9 (unchanged value, timestamp updated)
[2026-01-01 09:56:56]   [emp_id: 4858] ✓ Refreshed: 21.78 (unchanged value, timestamp updated)
[2026-01-01 09:56:56]   [emp_id: 4859] ✓ Refreshed: 43.25 (unchanged value, timestamp updated)
[2026-01-01 09:56:56]   [emp_id: 4860] ✓ Refreshed: 7.75 (unchanged value, timestamp updated)
[2026-01-01 09:56:56]   [emp_id: 4861] ✓ Refreshed: 41.21 (unchanged value, timestamp updated)
[2026-01-01 09:56:56]   [emp_id: 4869] ✓ Refreshed: 84.09 (unchanged value, timestamp updated)
[2026-01-01 09:56:56]   [emp_id: 4894] ✓ Refreshed: 7.37 (unchanged value, timestamp updated)
[2026-01-01 09:56:56]   [emp_id: 4897] ✓ Refreshed: 22.99 (unchanged value, timestamp updated)
[2026-01-01 09:56:56]   [emp_id: 4899] ✓ Refreshed: 19.16 (unchanged value, timestamp updated)
[2026-01-01 09:56:56]   [emp_id: 4902] ✓ Refreshed: 18.58 (unchanged value, timestamp updated)
[2026-01-01 09:56:56]   [emp_id: 4903] ✓ Refreshed: 20.8 (unchanged value, timestamp updated)
[2026-01-01 09:56:56]   [emp_id: 4905] ✓ Refreshed: 19.46 (unchanged value, timestamp updated)
[2026-01-01 09:56:56]   [emp_id: 4907] ✓ Refreshed: 47.45 (unchanged value, timestamp updated)
[2026-01-01 09:56:56]   [emp_id: 4917] ✓ Refreshed: 16.42 (unchanged value, timestamp updated)
[2026-01-01 09:56:56]   [emp_id: 4918] ✓ Refreshed: 6.19 (unchanged value, timestamp updated)
[2026-01-01 09:56:56]   [emp_id: 4919] ✓ Refreshed: 58.48 (unchanged value, timestamp updated)
[2026-01-01 09:56:56]   [emp_id: 4920] ✓ Refreshed: 5.56 (unchanged value, timestamp updated)
[2026-01-01 09:56:56]   [emp_id: 4921] ✓ Refreshed: 17.65 (unchanged value, timestamp updated)
[2026-01-01 09:56:56]   [emp_id: 4927] ✓ Refreshed: 16.48 (unchanged value, timestamp updated)
[2026-01-01 09:56:56]   [emp_id: 4929] ✓ Refreshed: 18 (unchanged value, timestamp updated)
[2026-01-01 09:56:56]   [emp_id: 4930] ✓ Refreshed: 58.77 (unchanged value, timestamp updated)
[2026-01-01 09:56:56]   [emp_id: 4932] ✓ Refreshed: 16.77 (unchanged value, timestamp updated)
[2026-01-01 09:56:56]   [emp_id: 4933] ✓ Refreshed: 20.18 (unchanged value, timestamp updated)
[2026-01-01 09:56:56]   [emp_id: 4949] ✓ Refreshed: 35.61 (unchanged value, timestamp updated)
[2026-01-01 09:56:56]   [emp_id: 4956] ✓ Refreshed: 29.2 (unchanged value, timestamp updated)
[2026-01-01 09:56:56]   [emp_id: 4957] ✓ Refreshed: 29.87 (unchanged value, timestamp updated)
[2026-01-01 09:56:56]   [emp_id: 4962] ✓ Refreshed: 46.81 (unchanged value, timestamp updated)
[2026-01-01 09:56:56]   [emp_id: 4969] ✓ Refreshed: 46.12 (unchanged value, timestamp updated)
[2026-01-01 09:56:56]   [emp_id: 4976] ✓ Refreshed: 9.89 (unchanged value, timestamp updated)
[2026-01-01 09:56:56]   [emp_id: 4984] ✓ Refreshed: 37.37 (unchanged value, timestamp updated)
[2026-01-01 09:56:56]   [emp_id: 4995] ✓ Refreshed: 49.44 (unchanged value, timestamp updated)
[2026-01-01 09:56:56]   [emp_id: 5004] ✓ Refreshed: 26.83 (unchanged value, timestamp updated)
[2026-01-01 09:56:56]   [emp_id: 5006] ✓ Refreshed: 26.57 (unchanged value, timestamp updated)
[2026-01-01 09:56:56]   [emp_id: 5011] ✓ Refreshed: 13.04 (unchanged value, timestamp updated)
[2026-01-01 09:56:56]   [emp_id: 5013] ✓ Refreshed: 66.94 (unchanged value, timestamp updated)
[2026-01-01 09:56:56]   [emp_id: 5018] ✓ Refreshed: 3.43 (unchanged value, timestamp updated)
[2026-01-01 09:56:56]   [emp_id: 5021] ✓ Refreshed: 60.47 (unchanged value, timestamp updated)
[2026-01-01 09:56:56]   [emp_id: 5024] ✓ Refreshed: 1.45 (unchanged value, timestamp updated)
[2026-01-01 09:56:56]   [emp_id: 5030] ✓ Refreshed: 31.4 (unchanged value, timestamp updated)
[2026-01-01 09:56:56]   [emp_id: 5033] ✓ Refreshed: 22.2 (unchanged value, timestamp updated)
[2026-01-01 09:56:56]   [emp_id: 5043] ✓ Refreshed: 30.04 (unchanged value, timestamp updated)
[2026-01-01 09:56:56]   [emp_id: 5045] ✓ Refreshed: 26.54 (unchanged value, timestamp updated)
[2026-01-01 09:56:56]   [emp_id: 5046] ✓ Refreshed: 21.73 (unchanged value, timestamp updated)
[2026-01-01 09:56:56]   [emp_id: 5049] ✓ Refreshed: 38.88 (unchanged value, timestamp updated)
[2026-01-01 09:56:56]   [emp_id: 5052] ✓ Refreshed: 30.16 (unchanged value, timestamp updated)
[2026-01-01 09:56:56]   [emp_id: 5055] ✓ Refreshed: 18.6 (unchanged value, timestamp updated)
[2026-01-01 09:56:56]   [emp_id: 5058] ✓ Refreshed: 27.58 (unchanged value, timestamp updated)
[2026-01-01 09:56:56]   [emp_id: 5062] ✓ Refreshed: 39.41 (unchanged value, timestamp updated)
[2026-01-01 09:56:56]   [emp_id: 5064] ✓ Refreshed: 117.37 (unchanged value, timestamp updated)
[2026-01-01 09:56:56]   [emp_id: 5065] ✓ Refreshed: 38.82 (unchanged value, timestamp updated)
[2026-01-01 09:56:56]   [emp_id: 5071] ✓ Refreshed: 22.87 (unchanged value, timestamp updated)
[2026-01-01 09:56:56]   [emp_id: 5073] ✓ Refreshed: 13.42 (unchanged value, timestamp updated)
[2026-01-01 09:56:56]   [emp_id: 5079] ✓ Refreshed: 33.98 (unchanged value, timestamp updated)
[2026-01-01 09:56:56]   [emp_id: 5080] ✓ Refreshed: 29.31 (unchanged value, timestamp updated)
[2026-01-01 09:56:56]   [emp_id: 5081] ✓ Refreshed: 15.57 (unchanged value, timestamp updated)
[2026-01-01 09:56:56]   [emp_id: 5087] ✓ Refreshed: 35.61 (unchanged value, timestamp updated)
[2026-01-01 09:56:56]   [emp_id: 5091] ✓ Refreshed: 75.46 (unchanged value, timestamp updated)
[2026-01-01 09:56:56]   [emp_id: 5093] ✓ Refreshed: 14.04 (unchanged value, timestamp updated)
[2026-01-01 09:56:56]   [emp_id: 5095] ✓ Refreshed: 1 (unchanged value, timestamp updated)
[2026-01-01 09:56:56]   [emp_id: 5101] ✓ Refreshed: 16.12 (unchanged value, timestamp updated)
[2026-01-01 09:56:56]   [emp_id: 5107] ✓ Refreshed: 14.45 (unchanged value, timestamp updated)
[2026-01-01 09:56:56]   [emp_id: 5109] ✓ Refreshed: 11.7 (unchanged value, timestamp updated)
[2026-01-01 09:56:56]   [emp_id: 5119] ✓ Refreshed: 9.87 (unchanged value, timestamp updated)
[2026-01-01 09:56:56]   [emp_id: 5122] ✓ Refreshed: 7.04 (unchanged value, timestamp updated)
[2026-01-01 09:56:56]   [emp_id: 5126] ✓ Refreshed: 26.34 (unchanged value, timestamp updated)
[2026-01-01 09:56:56]   [emp_id: 5127] ✓ Refreshed: 23.13 (unchanged value, timestamp updated)
[2026-01-01 09:56:56]   [emp_id: 5128] ✓ Refreshed: 26.28 (unchanged value, timestamp updated)
[2026-01-01 09:56:56]   [emp_id: 5138] ✓ Refreshed: 65.7 (unchanged value, timestamp updated)
[2026-01-01 09:56:56]   [emp_id: 5138] ✓ Refreshed: 65.7 (unchanged value, timestamp updated)
[2026-01-01 09:56:56]   [emp_id: 5141] ✓ Refreshed: 34.65 (unchanged value, timestamp updated)
[2026-01-01 09:56:56]   [emp_id: 5142] ✓ Refreshed: 13.65 (unchanged value, timestamp updated)
[2026-01-01 09:56:56]   [emp_id: 5146] ✓ Refreshed: 20.65 (unchanged value, timestamp updated)
[2026-01-01 09:56:56]   [emp_id: 5147] ✓ Refreshed: 19.65 (unchanged value, timestamp updated)
[2026-01-01 09:56:56]   [emp_id: 5148] ✓ Refreshed: 25 (unchanged value, timestamp updated)
[2026-01-01 09:56:56]   [emp_id: 5149] ✓ Refreshed: 23.89 (unchanged value, timestamp updated)
[2026-01-01 09:56:56]   [emp_id: 5150] ✓ Refreshed: 23.25 (unchanged value, timestamp updated)
[2026-01-01 09:56:56]   [emp_id: 5151] ✓ Refreshed: 23.07 (unchanged value, timestamp updated)
[2026-01-01 09:56:56]   [emp_id: 5152] ✓ Refreshed: 3.49 (unchanged value, timestamp updated)
[2026-01-01 09:56:56]   [emp_id: 5157] ✓ Refreshed: 23.07 (unchanged value, timestamp updated)
[2026-01-01 09:56:56]   [emp_id: 5160] ✓ Refreshed: 0 (unchanged value, timestamp updated)
[2026-01-01 09:56:56]   [emp_id: 5163] ✓ Refreshed: 20.86 (unchanged value, timestamp updated)
[2026-01-01 09:56:56]   [emp_id: 5165] ✓ Refreshed: 1.14 (unchanged value, timestamp updated)
[2026-01-01 09:56:56]   [emp_id: 5167] ✓ Refreshed: 30.01 (unchanged value, timestamp updated)
[2026-01-01 09:56:56]   [emp_id: 5168] ✓ Refreshed: 22.55 (unchanged value, timestamp updated)
[2026-01-01 09:56:56]   [emp_id: 5173] ✓ Refreshed: 24.79 (unchanged value, timestamp updated)
[2026-01-01 09:56:56]   [emp_id: 5174] ✓ Refreshed: 23.01 (unchanged value, timestamp updated)
[2026-01-01 09:56:56]   [emp_id: 5181] ✓ Refreshed: 19.4 (unchanged value, timestamp updated)
[2026-01-01 09:56:56]   [emp_id: 5186] ✓ Refreshed: 24.93 (unchanged value, timestamp updated)
[2026-01-01 09:56:56]   [emp_id: 5187] ✓ Refreshed: 35.93 (unchanged value, timestamp updated)
[2026-01-01 09:56:56]   [emp_id: 5204] ✓ Refreshed: 16.29 (unchanged value, timestamp updated)
[2026-01-01 09:56:56]   [emp_id: 5205] ✓ Refreshed: 12.14 (unchanged value, timestamp updated)
[2026-01-01 09:56:56]   [emp_id: 5209] ✓ Refreshed: 15.14 (unchanged value, timestamp updated)
[2026-01-01 09:56:56]   [emp_id: 5213] ✓ Refreshed: 1.55 (unchanged value, timestamp updated)
[2026-01-01 09:56:56]   [emp_id: 5214] ✓ Refreshed: 3.39 (unchanged value, timestamp updated)
[2026-01-01 09:56:56]   [emp_id: 5215] ✓ Refreshed: 10.14 (unchanged value, timestamp updated)
[2026-01-01 09:56:56]   [emp_id: 5217] ✓ Refreshed: 9.14 (unchanged value, timestamp updated)
[2026-01-01 09:56:56]   [emp_id: 5219] ✓ Refreshed: 13.14 (unchanged value, timestamp updated)
[2026-01-01 09:56:56]   [emp_id: 5221] ✓ Refreshed: 4.51 (unchanged value, timestamp updated)
[2026-01-01 09:56:56]   [emp_id: 5224] ✓ Refreshed: 14.14 (unchanged value, timestamp updated)
[2026-01-01 09:56:56]   [emp_id: 5225] ✓ Refreshed: 0.81 (unchanged value, timestamp updated)
[2026-01-01 09:56:56]   [emp_id: 5228] ✓ Refreshed: 9.14 (unchanged value, timestamp updated)
[2026-01-01 09:56:56]   [emp_id: 5229] ✓ Refreshed: 5.14 (unchanged value, timestamp updated)
[2026-01-01 09:56:56]   [emp_id: 5230] ✓ Refreshed: 11.81 (unchanged value, timestamp updated)
[2026-01-01 09:56:56]   [emp_id: 5231] ✓ Refreshed: 6.14 (unchanged value, timestamp updated)
[2026-01-01 09:56:57]   [emp_id: 5232] ✓ Refreshed: 11.14 (unchanged value, timestamp updated)
[2026-01-01 09:56:57]   [emp_id: 5233] ✓ Refreshed: 4.14 (unchanged value, timestamp updated)
[2026-01-01 09:56:57]   [emp_id: 5234] ✓ Refreshed: 4.14 (unchanged value, timestamp updated)
[2026-01-01 09:56:57]   [emp_id: 5235] ✓ Refreshed: 4.81 (unchanged value, timestamp updated)
[2026-01-01 09:56:57]   [emp_id: 5237] ✓ Refreshed: 10.39 (unchanged value, timestamp updated)
[2026-01-01 09:56:57]   [emp_id: 5239] ✓ Refreshed: 7.14 (unchanged value, timestamp updated)
[2026-01-01 09:56:57]   [emp_id: 5241] ✓ Refreshed: 5.14 (unchanged value, timestamp updated)
[2026-01-01 09:56:57]   [emp_id: 5242] ✓ Refreshed: 15.14 (unchanged value, timestamp updated)
[2026-01-01 09:56:57]   [emp_id: 5243] ✓ Refreshed: 1.55 (unchanged value, timestamp updated)
[2026-01-01 09:56:57]   [emp_id: 5244] ✓ Refreshed: 0.85 (unchanged value, timestamp updated)
[2026-01-01 09:56:57]   [emp_id: 5246] ✓ Refreshed: 11.14 (unchanged value, timestamp updated)
[2026-01-01 09:56:57]   [emp_id: 5253] ✓ Refreshed: 24.01 (unchanged value, timestamp updated)
[2026-01-01 09:56:57]   [emp_id: 5254] ✓ Refreshed: 11.99 (unchanged value, timestamp updated)
[2026-01-01 09:56:57]   [emp_id: 5257] ✓ Refreshed: 11.7 (unchanged value, timestamp updated)
[2026-01-01 09:56:57]   [emp_id: 5259] ✓ Refreshed: 48.23 (unchanged value, timestamp updated)
[2026-01-01 09:56:57]   [emp_id: 5261] ✓ Refreshed: 15.89 (unchanged value, timestamp updated)
[2026-01-01 09:56:57]   [emp_id: 5264] ✓ Refreshed: 25.71 (unchanged value, timestamp updated)
[2026-01-01 09:56:57]   [emp_id: 5266] ✓ Refreshed: 20.33 (unchanged value, timestamp updated)
[2026-01-01 09:56:57]   [emp_id: 5268] ✓ Refreshed: 8.9 (unchanged value, timestamp updated)
[2026-01-01 09:56:57]   [emp_id: 5271] ✓ Refreshed: 7.56 (unchanged value, timestamp updated)
[2026-01-01 09:56:57]   [emp_id: 5272] ✓ Refreshed: 8.43 (unchanged value, timestamp updated)
[2026-01-01 09:56:57]   [emp_id: 5273] ✓ Refreshed: 23.5 (unchanged value, timestamp updated)
[2026-01-01 09:56:57]   [emp_id: 5275] ✓ Refreshed: 9.25 (unchanged value, timestamp updated)
[2026-01-01 09:56:57]   [emp_id: 5276] ✓ Refreshed: 23.52 (unchanged value, timestamp updated)
[2026-01-01 09:56:57]   [emp_id: 5278] ✓ Refreshed: 7.91 (unchanged value, timestamp updated)
[2026-01-01 09:56:57]   [emp_id: 5280] ✓ Refreshed: 18.31 (unchanged value, timestamp updated)
[2026-01-01 09:56:57]   [emp_id: 5282] ✓ Refreshed: 11.37 (unchanged value, timestamp updated)
[2026-01-01 09:56:57]   [emp_id: 5285] ✓ Refreshed: 28.31 (unchanged value, timestamp updated)
[2026-01-01 09:56:57]   [emp_id: 5286] ✓ Refreshed: 15.31 (unchanged value, timestamp updated)
[2026-01-01 09:56:57]   [emp_id: 5287] ✓ Refreshed: 49.61 (unchanged value, timestamp updated)
[2026-01-01 09:56:57]   [emp_id: 5288] ✓ Refreshed: 6.88 (unchanged value, timestamp updated)
[2026-01-01 09:56:57]   [emp_id: 5289] ✓ Refreshed: 48.16 (unchanged value, timestamp updated)
[2026-01-01 09:56:57]   [emp_id: 5290] ✓ Refreshed: 46.93 (unchanged value, timestamp updated)
[2026-01-01 09:56:57]   [emp_id: 5291] ✓ Refreshed: 4.93 (unchanged value, timestamp updated)
[2026-01-01 09:56:57]   [emp_id: 5292] ✓ Refreshed: 4.87 (unchanged value, timestamp updated)
[2026-01-01 09:56:57]   [emp_id: 5293] ✓ Refreshed: 37.54 (unchanged value, timestamp updated)
[2026-01-01 09:56:57]   [emp_id: 5294] ✓ Refreshed: 7.29 (unchanged value, timestamp updated)
[2026-01-01 09:56:57]   [emp_id: 5295] ✓ Refreshed: 21.11 (unchanged value, timestamp updated)
[2026-01-01 09:56:57]   [emp_id: 5296] ✓ Refreshed: 34.31 (unchanged value, timestamp updated)
[2026-01-01 09:56:57]   [emp_id: 5297] ✓ Refreshed: 45.53 (unchanged value, timestamp updated)
[2026-01-01 09:56:57]   [emp_id: 5298] ✓ Refreshed: 45.53 (unchanged value, timestamp updated)
[2026-01-01 09:56:57]   [emp_id: 5299] ✓ Refreshed: 45.53 (unchanged value, timestamp updated)
[2026-01-01 09:56:57]   [emp_id: 5300] ✓ Refreshed: 45.53 (unchanged value, timestamp updated)
[2026-01-01 09:56:57]   [emp_id: 5301] ✓ Refreshed: 3.35 (unchanged value, timestamp updated)
[2026-01-01 09:56:57]   [emp_id: 5303] ✓ Refreshed: 3.78 (unchanged value, timestamp updated)
[2026-01-01 09:56:57]   [emp_id: 5304] ✓ Refreshed: 45.53 (unchanged value, timestamp updated)
[2026-01-01 09:56:57]   [emp_id: 5305] ✓ Refreshed: 3.53 (unchanged value, timestamp updated)
[2026-01-01 09:56:57]   [emp_id: 5306] ✓ Refreshed: 45.24 (unchanged value, timestamp updated)
[2026-01-01 09:56:57]   [emp_id: 5307] ✓ Refreshed: 45.24 (unchanged value, timestamp updated)
[2026-01-01 09:56:57]   [emp_id: 5312] ✓ Refreshed: 0.85 (unchanged value, timestamp updated)
[2026-01-01 09:56:57]   [emp_id: 5318] ✓ Refreshed: 25.95 (unchanged value, timestamp updated)
[2026-01-01 09:56:57]   [emp_id: 5325] ✓ Refreshed: 21.91 (unchanged value, timestamp updated)
[2026-01-01 09:56:57]   [emp_id: 5327] ✓ Refreshed: 1 (unchanged value, timestamp updated)
[2026-01-01 09:56:57]   [emp_id: 5337] ✓ Refreshed: 35.2 (unchanged value, timestamp updated)
[2026-01-01 09:56:57]   [emp_id: 5339] ✓ Refreshed: 10.1 (unchanged value, timestamp updated)
[2026-01-01 09:56:57]   [emp_id: 5343] ✓ Refreshed: 45.12 (unchanged value, timestamp updated)
[2026-01-01 09:56:57]   [emp_id: 5343] ✓ Refreshed: 45.12 (unchanged value, timestamp updated)
[2026-01-01 09:56:57]   [emp_id: 5345] ✓ Refreshed: 14.95 (unchanged value, timestamp updated)
[2026-01-01 09:56:57]   [emp_id: 5346] ✓ Refreshed: 1.82 (unchanged value, timestamp updated)
[2026-01-01 09:56:57]   [emp_id: 5351] ✓ Refreshed: 16.76 (unchanged value, timestamp updated)
[2026-01-01 09:56:57]   [emp_id: 5352] ✓ Refreshed: 25.37 (unchanged value, timestamp updated)
[2026-01-01 09:56:57]   [emp_id: 5370] ✓ Refreshed: 15.41 (unchanged value, timestamp updated)
[2026-01-01 09:56:57]   [emp_id: 5371] ✓ Refreshed: 1.28 (unchanged value, timestamp updated)
[2026-01-01 09:56:57]   [emp_id: 5376] ✓ Refreshed: 10.01 (unchanged value, timestamp updated)
[2026-01-01 09:56:57]   [emp_id: 5378] ✓ Refreshed: 17.2 (unchanged value, timestamp updated)
[2026-01-01 09:56:57]   [emp_id: 5380] ✓ Refreshed: 16.42 (unchanged value, timestamp updated)
[2026-01-01 09:56:57]   [emp_id: 5381] ✓ Refreshed: 11.64 (unchanged value, timestamp updated)
[2026-01-01 09:56:57]   [emp_id: 5383] ✓ Refreshed: 15.95 (unchanged value, timestamp updated)
[2026-01-01 09:56:57]   [emp_id: 5388] ✓ Refreshed: 27.2 (unchanged value, timestamp updated)
[2026-01-01 09:56:57]   [emp_id: 5396] ✓ Refreshed: 28.44 (unchanged value, timestamp updated)
[2026-01-01 09:56:57]   [emp_id: 5397] ✓ Refreshed: 19.9 (unchanged value, timestamp updated)
[2026-01-01 09:56:57]   [emp_id: 5401] ✓ Refreshed: 23.01 (unchanged value, timestamp updated)
[2026-01-01 09:56:57]   [emp_id: 5402] ✓ Refreshed: 23.13 (unchanged value, timestamp updated)
[2026-01-01 09:56:57]   [emp_id: 5406] ✓ Refreshed: 21.85 (unchanged value, timestamp updated)
[2026-01-01 09:56:57]   [emp_id: 5407] ✓ Refreshed: 15.72 (unchanged value, timestamp updated)
[2026-01-01 09:56:57]   [emp_id: 5409] ✓ Refreshed: 16.19 (unchanged value, timestamp updated)
[2026-01-01 09:56:57]   [emp_id: 5413] ✓ Refreshed: 22.12 (unchanged value, timestamp updated)
[2026-01-01 09:56:57]   [emp_id: 5414] ✓ Refreshed: 27.79 (unchanged value, timestamp updated)
[2026-01-01 09:56:57]   [emp_id: 5415] ✓ Refreshed: 3.72 (unchanged value, timestamp updated)
[2026-01-01 09:56:57]   [emp_id: 5418] ✓ Refreshed: 15.25 (unchanged value, timestamp updated)
[2026-01-01 09:56:57]   [emp_id: 5422] ✓ Refreshed: 20.45 (unchanged value, timestamp updated)
[2026-01-01 09:56:57]   [emp_id: 5423] ✓ Refreshed: 5.14 (unchanged value, timestamp updated)
[2026-01-01 09:56:57]   [emp_id: 5425] ✓ Refreshed: 13.8 (unchanged value, timestamp updated)
[2026-01-01 09:56:57]   [emp_id: 5426] ✓ Refreshed: 3.69 (unchanged value, timestamp updated)
[2026-01-01 09:56:57]   [emp_id: 5426] ✓ Refreshed: 3.69 (unchanged value, timestamp updated)
[2026-01-01 09:56:57]   [emp_id: 5427] ✓ Refreshed: 13.91 (unchanged value, timestamp updated)
[2026-01-01 09:56:57]   [emp_id: 5428] ✓ Refreshed: 13.8 (unchanged value, timestamp updated)
[2026-01-01 09:56:57]   [emp_id: 5430] ✓ Refreshed: 17.45 (unchanged value, timestamp updated)
[2026-01-01 09:56:57]   [emp_id: 5431] ✓ Refreshed: 12.92 (unchanged value, timestamp updated)
[2026-01-01 09:56:57]   [emp_id: 5434] ✓ Refreshed: 12.69 (unchanged value, timestamp updated)
[2026-01-01 09:56:57]   [emp_id: 5435] ✓ Refreshed: 12.63 (unchanged value, timestamp updated)
[2026-01-01 09:56:57]   [emp_id: 5436] ✓ Refreshed: 12.63 (unchanged value, timestamp updated)
[2026-01-01 09:56:57]   [emp_id: 5438] ✓ Refreshed: 15.37 (unchanged value, timestamp updated)
[2026-01-01 09:56:57]   [emp_id: 5439] ✓ Refreshed: 24.87 (unchanged value, timestamp updated)
[2026-01-01 09:56:57]   [emp_id: 5442] ✓ Refreshed: 13.87 (unchanged value, timestamp updated)
[2026-01-01 09:56:57]   [emp_id: 5445] ✓ Refreshed: 7.09 (unchanged value, timestamp updated)
[2026-01-01 09:56:57]   [emp_id: 5446] ✓ Refreshed: 7.09 (unchanged value, timestamp updated)
[2026-01-01 09:56:57]   [emp_id: 5447] ✓ Refreshed: 7.03 (unchanged value, timestamp updated)
[2026-01-01 09:56:57]   [emp_id: 5448] ✓ Refreshed: 6.89 (unchanged value, timestamp updated)
[2026-01-01 09:56:57]   [emp_id: 5449] ✓ Refreshed: 5.11 (unchanged value, timestamp updated)
[2026-01-01 09:56:57]   [emp_id: 5450] ✓ Refreshed: 5.05 (unchanged value, timestamp updated)
[2026-01-01 09:56:57]   [emp_id: 5451] ✓ Refreshed: 5.05 (unchanged value, timestamp updated)
[2026-01-01 09:56:57]   [emp_id: 5454] ✓ Refreshed: 6.95 (unchanged value, timestamp updated)
[2026-01-01 09:56:57]   [emp_id: 5455] ✓ Refreshed: 5.2 (unchanged value, timestamp updated)
[2026-01-01 09:56:57]   [emp_id: 5456] ✓ Refreshed: 6.2 (unchanged value, timestamp updated)
[2026-01-01 09:56:57] Report saved to: /home/almutlak/public_html/hr/cron_logs/last_vacation_update_report.json
[2026-01-01 09:58:47] ========== CRON: Vacation Balance Update Started ==========
[2026-01-01 09:58:47] FORCE RUN enabled: Bypassing once-per-day restriction
[2026-01-01 09:58:47] Database connection established
[2026-01-01 09:58:47] Found 427 active employees with balance records to update
[2026-01-01 09:58:47] (Only employees with status=1 will be processed)
[2026-01-01 09:58:47]   [emp_id: 1061] ✓ Refreshed: 0.16 (unchanged value, timestamp updated)
[2026-01-01 09:58:47]   [emp_id: 1496] ✓ Refreshed: 16.29 (unchanged value, timestamp updated)
[2026-01-01 09:58:47]   [emp_id: 1500] ✓ Refreshed: 3.97 (unchanged value, timestamp updated)
[2026-01-01 09:58:47]   [emp_id: 1574] ✓ Refreshed: 33.2 (unchanged value, timestamp updated)
[2026-01-01 09:58:47]   [emp_id: 1673] ✓ Refreshed: 44.7 (unchanged value, timestamp updated)
[2026-01-01 09:58:47]   [emp_id: 1685] ✓ Refreshed: 14.62 (unchanged value, timestamp updated)
[2026-01-01 09:58:47]   [emp_id: 1764] ✓ Refreshed: 69.29 (unchanged value, timestamp updated)
[2026-01-01 09:58:47]   [emp_id: 1805] ✓ Refreshed: 63.62 (unchanged value, timestamp updated)
[2026-01-01 09:58:47]   [emp_id: 1822] ✓ Refreshed: 68.37 (unchanged value, timestamp updated)
[2026-01-01 09:58:47]   [emp_id: 1837] ✓ Refreshed: 24.54 (unchanged value, timestamp updated)
[2026-01-01 09:58:47]   [emp_id: 1857] ✓ Refreshed: 19.87 (unchanged value, timestamp updated)
[2026-01-01 09:58:47]   [emp_id: 1861] ✓ Refreshed: 70.7 (unchanged value, timestamp updated)
[2026-01-01 09:58:47]   [emp_id: 1872] ✓ Refreshed: 9.54 (unchanged value, timestamp updated)
[2026-01-01 09:58:47]   [emp_id: 1897] ✓ Refreshed: 4.87 (unchanged value, timestamp updated)
[2026-01-01 09:58:47]   [emp_id: 1916] ✓ Refreshed: 11.17 (unchanged value, timestamp updated)
[2026-01-01 09:58:47]   [emp_id: 1928] ✓ Refreshed: 64.12 (unchanged value, timestamp updated)
[2026-01-01 09:58:47]   [emp_id: 1931] ✓ Refreshed: 84.04 (unchanged value, timestamp updated)
[2026-01-01 09:58:47]   [emp_id: 1944] ✓ Refreshed: 42.2 (unchanged value, timestamp updated)
[2026-01-01 09:58:47]   [emp_id: 1996] ✓ Refreshed: 70.7 (unchanged value, timestamp updated)
[2026-01-01 09:58:47]   [emp_id: 1997] ✓ Refreshed: 35.87 (unchanged value, timestamp updated)
[2026-01-01 09:58:47]   [emp_id: 1998] ✓ Refreshed: 27.31 (unchanged value, timestamp updated)
[2026-01-01 09:58:47]   [emp_id: 1999] ✓ Refreshed: 28.31 (unchanged value, timestamp updated)
[2026-01-01 09:58:47]   [emp_id: 2009] ✓ Refreshed: 34.62 (unchanged value, timestamp updated)
[2026-01-01 09:58:47]   [emp_id: 2048] ✓ Refreshed: 24.45 (unchanged value, timestamp updated)
[2026-01-01 09:58:47]   [emp_id: 2057] ✓ Refreshed: 65.29 (unchanged value, timestamp updated)
[2026-01-01 09:58:47]   [emp_id: 2079] ✓ Refreshed: 47.62 (unchanged value, timestamp updated)
[2026-01-01 09:58:47]   [emp_id: 2181] ✓ Refreshed: 36.62 (unchanged value, timestamp updated)
[2026-01-01 09:58:47]   [emp_id: 2190] ✓ Refreshed: 5.95 (unchanged value, timestamp updated)
[2026-01-01 09:58:47]   [emp_id: 2212] ✓ Refreshed: 23.95 (unchanged value, timestamp updated)
[2026-01-01 09:58:47]   [emp_id: 2226] ✓ Refreshed: 68.7 (unchanged value, timestamp updated)
[2026-01-01 09:58:48]   [emp_id: 2238] ✓ Refreshed: 66.95 (unchanged value, timestamp updated)
[2026-01-01 09:58:48]   [emp_id: 2285] ✓ Refreshed: 35.62 (unchanged value, timestamp updated)
[2026-01-01 09:58:48]   [emp_id: 2287] ✓ Refreshed: 47.29 (unchanged value, timestamp updated)
[2026-01-01 09:58:48]   [emp_id: 2288] ✓ Refreshed: 2.31 (unchanged value, timestamp updated)
[2026-01-01 09:58:48]   [emp_id: 2316] ✓ Refreshed: 16.12 (unchanged value, timestamp updated)
[2026-01-01 09:58:48]   [emp_id: 2337] ✓ Refreshed: 37.2 (unchanged value, timestamp updated)
[2026-01-01 09:58:48]   [emp_id: 2352] ✓ Refreshed: 68.7 (unchanged value, timestamp updated)
[2026-01-01 09:58:48]   [emp_id: 2358] ✓ Refreshed: 5.2 (unchanged value, timestamp updated)
[2026-01-01 09:58:48]   [emp_id: 2361] ✓ Refreshed: 70.87 (unchanged value, timestamp updated)
[2026-01-01 09:58:48]   [emp_id: 2363] ✓ Refreshed: 73.45 (unchanged value, timestamp updated)
[2026-01-01 09:58:48]   [emp_id: 2364] ✓ Refreshed: 72.87 (unchanged value, timestamp updated)
[2026-01-01 09:58:48]   [emp_id: 2367] ✓ Refreshed: 100.54 (unchanged value, timestamp updated)
[2026-01-01 09:58:48]   [emp_id: 2368] ✓ Refreshed: 30.95 (unchanged value, timestamp updated)
[2026-01-01 09:58:48]   [emp_id: 2372] ✓ Refreshed: 68.2 (unchanged value, timestamp updated)
[2026-01-01 09:58:48]   [emp_id: 2376] ✓ Refreshed: 118.2 (unchanged value, timestamp updated)
[2026-01-01 09:58:48]   [emp_id: 2423] ✓ Refreshed: 18.95 (unchanged value, timestamp updated)
[2026-01-01 09:58:48]   [emp_id: 2519] ✓ Refreshed: 172.62 (unchanged value, timestamp updated)
[2026-01-01 09:58:48]   [emp_id: 2522] ✓ Refreshed: 56.2 (unchanged value, timestamp updated)
[2026-01-01 09:58:48]   [emp_id: 2530] ✓ Refreshed: 51.45 (unchanged value, timestamp updated)
[2026-01-01 09:58:48]   [emp_id: 2539] ✓ Refreshed: 48.2 (unchanged value, timestamp updated)
[2026-01-01 09:58:48]   [emp_id: 2541] ✓ Refreshed: 28.79 (unchanged value, timestamp updated)
[2026-01-01 09:58:48]   [emp_id: 2550] ✓ Refreshed: 94.95 (unchanged value, timestamp updated)
[2026-01-01 09:58:48]   [emp_id: 2553] ✓ Refreshed: 32.06 (unchanged value, timestamp updated)
[2026-01-01 09:58:48]   [emp_id: 2554] ✓ Refreshed: 38.54 (unchanged value, timestamp updated)
[2026-01-01 09:58:48]   [emp_id: 2565] ✓ Refreshed: 93.12 (unchanged value, timestamp updated)
[2026-01-01 09:58:48]   [emp_id: 2572] ✓ Refreshed: 43.12 (unchanged value, timestamp updated)
[2026-01-01 09:58:48]   [emp_id: 2637] ✓ Refreshed: 63.7 (unchanged value, timestamp updated)
[2026-01-01 09:58:48]   [emp_id: 2642] ✓ Refreshed: 76.45 (unchanged value, timestamp updated)
[2026-01-01 09:58:48]   [emp_id: 2645] ✓ Refreshed: 92.45 (unchanged value, timestamp updated)
[2026-01-01 09:58:48]   [emp_id: 2648] ✓ Refreshed: 44.12 (unchanged value, timestamp updated)
[2026-01-01 09:58:48]   [emp_id: 2654] ✓ Refreshed: 86.79 (unchanged value, timestamp updated)
[2026-01-01 09:58:48]   [emp_id: 2688] ✓ Refreshed: 24.87 (unchanged value, timestamp updated)
[2026-01-01 09:58:48]   [emp_id: 2690] ✓ Refreshed: 13.62 (unchanged value, timestamp updated)
[2026-01-01 09:58:48]   [emp_id: 2709] ✓ Refreshed: 35.87 (unchanged value, timestamp updated)
[2026-01-01 09:58:48]   [emp_id: 2745] ✓ Refreshed: 32.45 (unchanged value, timestamp updated)
[2026-01-01 09:58:48]   [emp_id: 2843] ✓ Refreshed: 79.04 (unchanged value, timestamp updated)
[2026-01-01 09:58:48]   [emp_id: 2854] ✓ Refreshed: 58.95 (unchanged value, timestamp updated)
[2026-01-01 09:58:48]   [emp_id: 2869] ✓ Refreshed: 63.87 (unchanged value, timestamp updated)
[2026-01-01 09:58:48]   [emp_id: 2876] ✓ Refreshed: 33.7 (unchanged value, timestamp updated)
[2026-01-01 09:58:48]   [emp_id: 2924] ✓ Refreshed: 14.87 (unchanged value, timestamp updated)
[2026-01-01 09:58:48]   [emp_id: 2953] ✓ Refreshed: 100.62 (unchanged value, timestamp updated)
[2026-01-01 09:58:48]   [emp_id: 2961] ✓ Refreshed: 10.62 (unchanged value, timestamp updated)
[2026-01-01 09:58:48]   [emp_id: 2975] ✓ Refreshed: 3.72 (unchanged value, timestamp updated)
[2026-01-01 09:58:48]   [emp_id: 3013] ✓ Refreshed: 9.62 (unchanged value, timestamp updated)
[2026-01-01 09:58:48]   [emp_id: 3014] ✓ Refreshed: 88.87 (unchanged value, timestamp updated)
[2026-01-01 09:58:48]   [emp_id: 3015] ✓ Refreshed: 40.12 (unchanged value, timestamp updated)
[2026-01-01 09:58:48]   [emp_id: 3018] ✓ Refreshed: 58.87 (unchanged value, timestamp updated)
[2026-01-01 09:58:48]   [emp_id: 3025] ✓ Refreshed: 22.64 (unchanged value, timestamp updated)
[2026-01-01 09:58:48]   [emp_id: 3037] ✓ Refreshed: 82.37 (unchanged value, timestamp updated)
[2026-01-01 09:58:48]   [emp_id: 3047] ✓ Refreshed: 70.62 (unchanged value, timestamp updated)
[2026-01-01 09:58:48]   [emp_id: 3061] ✓ Refreshed: 17.54 (unchanged value, timestamp updated)
[2026-01-01 09:58:48]   [emp_id: 3062] ✓ Refreshed: 50.7 (unchanged value, timestamp updated)
[2026-01-01 09:58:48]   [emp_id: 3074] ✓ Refreshed: 107.12 (unchanged value, timestamp updated)
[2026-01-01 09:58:48]   [emp_id: 3089] ✓ Refreshed: 6.04 (unchanged value, timestamp updated)
[2026-01-01 09:58:48]   [emp_id: 3090] ✓ Refreshed: 32.62 (unchanged value, timestamp updated)
[2026-01-01 09:58:48]   [emp_id: 3091] ✓ Refreshed: 44.62 (unchanged value, timestamp updated)
[2026-01-01 09:58:48]   [emp_id: 3092] ✓ Refreshed: 27.29 (unchanged value, timestamp updated)
[2026-01-01 09:58:48]   [emp_id: 3105] ✓ Refreshed: 47.62 (unchanged value, timestamp updated)
[2026-01-01 09:58:48]   [emp_id: 3134] ✓ Refreshed: 43.37 (unchanged value, timestamp updated)
[2026-01-01 09:58:48]   [emp_id: 3140] ✓ Refreshed: 40.45 (unchanged value, timestamp updated)
[2026-01-01 09:58:48]   [emp_id: 3144] ✓ Refreshed: 13.29 (unchanged value, timestamp updated)
[2026-01-01 09:58:48]   [emp_id: 3156] ✓ Refreshed: 16.62 (unchanged value, timestamp updated)
[2026-01-01 09:58:48]   [emp_id: 3162] ✓ Refreshed: 1.6 (unchanged value, timestamp updated)
[2026-01-01 09:58:48]   [emp_id: 3163] ✓ Refreshed: 4.87 (unchanged value, timestamp updated)
[2026-01-01 09:58:48]   [emp_id: 3198] ✓ Refreshed: 39.87 (unchanged value, timestamp updated)
[2026-01-01 09:58:48]   [emp_id: 3205] ✓ Refreshed: 16.54 (unchanged value, timestamp updated)
[2026-01-01 09:58:48]   [emp_id: 3209] ✓ Refreshed: 40.7 (unchanged value, timestamp updated)
[2026-01-01 09:58:48]   [emp_id: 3223] ✓ Refreshed: 89.62 (unchanged value, timestamp updated)
[2026-01-01 09:58:48]   [emp_id: 3224] ✓ Refreshed: 64.37 (unchanged value, timestamp updated)
[2026-01-01 09:58:48]   [emp_id: 3230] ✓ Refreshed: 87.79 (unchanged value, timestamp updated)
[2026-01-01 09:58:48]   [emp_id: 3231] ✓ Refreshed: 0.16 (unchanged value, timestamp updated)
[2026-01-01 09:58:48]   [emp_id: 3233] ✓ Refreshed: 80.62 (unchanged value, timestamp updated)
[2026-01-01 09:58:48]   [emp_id: 3249] ✓ Refreshed: 36.45 (unchanged value, timestamp updated)
[2026-01-01 09:58:48]   [emp_id: 3250] ✓ Refreshed: 9.45 (unchanged value, timestamp updated)
[2026-01-01 09:58:48]   [emp_id: 3252] ✓ Refreshed: 10.37 (unchanged value, timestamp updated)
[2026-01-01 09:58:48]   [emp_id: 3254] ✓ Refreshed: 20.87 (unchanged value, timestamp updated)
[2026-01-01 09:58:48]   [emp_id: 3255] ✓ Refreshed: 17.29 (unchanged value, timestamp updated)
[2026-01-01 09:58:48]   [emp_id: 3256] ✓ Refreshed: 13.54 (unchanged value, timestamp updated)
[2026-01-01 09:58:48]   [emp_id: 3263] ✓ Refreshed: 29.62 (unchanged value, timestamp updated)
[2026-01-01 09:58:48]   [emp_id: 3265] ✓ Refreshed: 25.2 (unchanged value, timestamp updated)
[2026-01-01 09:58:48]   [emp_id: 3280] ✓ Refreshed: 72.12 (unchanged value, timestamp updated)
[2026-01-01 09:58:48]   [emp_id: 3286] ✓ Refreshed: 15.29 (unchanged value, timestamp updated)
[2026-01-01 09:58:48]   [emp_id: 3294] ✓ Refreshed: 14.95 (unchanged value, timestamp updated)
[2026-01-01 09:58:48]   [emp_id: 3321] ✓ Refreshed: 72.12 (unchanged value, timestamp updated)
[2026-01-01 09:58:48]   [emp_id: 3325] ✓ Refreshed: 59.87 (unchanged value, timestamp updated)
[2026-01-01 09:58:48]   [emp_id: 3329] ✓ Refreshed: 62.2 (unchanged value, timestamp updated)
[2026-01-01 09:58:48]   [emp_id: 3330] ✓ Refreshed: 62.2 (unchanged value, timestamp updated)
[2026-01-01 09:58:48]   [emp_id: 3332] ✓ Refreshed: 62.2 (unchanged value, timestamp updated)
[2026-01-01 09:58:48]   [emp_id: 3370] ✓ Refreshed: 53.87 (unchanged value, timestamp updated)
[2026-01-01 09:58:48]   [emp_id: 3384] ✓ Refreshed: 14.37 (unchanged value, timestamp updated)
[2026-01-01 09:58:48]   [emp_id: 3386] ✓ Refreshed: 44.37 (unchanged value, timestamp updated)
[2026-01-01 09:58:48]   [emp_id: 3431] ✓ Refreshed: 18.79 (unchanged value, timestamp updated)
[2026-01-01 09:58:48]   [emp_id: 3497] ✓ Refreshed: 8.95 (unchanged value, timestamp updated)
[2026-01-01 09:58:48]   [emp_id: 3532] ✓ Refreshed: 45.79 (unchanged value, timestamp updated)
[2026-01-01 09:58:48]   [emp_id: 3586] ✓ Refreshed: 9.87 (unchanged value, timestamp updated)
[2026-01-01 09:58:48]   [emp_id: 3602] ✓ Refreshed: 1.36 (unchanged value, timestamp updated)
[2026-01-01 09:58:48]   [emp_id: 3618] ✓ Refreshed: 23.34 (unchanged value, timestamp updated)
[2026-01-01 09:58:48]   [emp_id: 3622] ✓ Refreshed: 34.35 (unchanged value, timestamp updated)
[2026-01-01 09:58:48]   [emp_id: 3627] ✓ Refreshed: 9.29 (unchanged value, timestamp updated)
[2026-01-01 09:58:48]   [emp_id: 3665] ✓ Refreshed: 50.87 (unchanged value, timestamp updated)
[2026-01-01 09:58:48]   [emp_id: 3705] ✓ Refreshed: 27.68 (unchanged value, timestamp updated)
[2026-01-01 09:58:48]   [emp_id: 3724] ✓ Refreshed: 43.87 (unchanged value, timestamp updated)
[2026-01-01 09:58:48]   [emp_id: 3726] ✓ Refreshed: 60.29 (unchanged value, timestamp updated)
[2026-01-01 09:58:48]   [emp_id: 3727] ✓ Refreshed: 65.37 (unchanged value, timestamp updated)
[2026-01-01 09:58:48]   [emp_id: 3728] ✓ Refreshed: 9.7 (unchanged value, timestamp updated)
[2026-01-01 09:58:48]   [emp_id: 3767] ✓ Refreshed: 60.45 (unchanged value, timestamp updated)
[2026-01-01 09:58:48]   [emp_id: 3768] ✓ Refreshed: 56.7 (unchanged value, timestamp updated)
[2026-01-01 09:58:48]   [emp_id: 3787] ✓ Refreshed: 57.29 (unchanged value, timestamp updated)
[2026-01-01 09:58:48]   [emp_id: 3790] ✓ Refreshed: 1.84 (unchanged value, timestamp updated)
[2026-01-01 09:58:48]   [emp_id: 3795] ✓ Refreshed: 14.79 (unchanged value, timestamp updated)
[2026-01-01 09:58:48]   [emp_id: 3798] ✓ Refreshed: 93.2 (unchanged value, timestamp updated)
[2026-01-01 09:58:48]   [emp_id: 3801] ✓ Refreshed: 1.47 (unchanged value, timestamp updated)
[2026-01-01 09:58:48]   [emp_id: 3802] ✓ Refreshed: 30.45 (unchanged value, timestamp updated)
[2026-01-01 09:58:48]   [emp_id: 3803] ✓ Refreshed: 114.87 (unchanged value, timestamp updated)
[2026-01-01 09:58:48]   [emp_id: 3810] ✓ Refreshed: 60.87 (unchanged value, timestamp updated)
[2026-01-01 09:58:48]   [emp_id: 3812] ✓ Refreshed: 89.87 (unchanged value, timestamp updated)
[2026-01-01 09:58:48]   [emp_id: 3815] ✓ Refreshed: 89.87 (unchanged value, timestamp updated)
[2026-01-01 09:58:48]   [emp_id: 3836] ✓ Refreshed: 57.54 (unchanged value, timestamp updated)
[2026-01-01 09:58:48]   [emp_id: 3855] ✓ Refreshed: 50.7 (unchanged value, timestamp updated)
[2026-01-01 09:58:48]   [emp_id: 3857] ✓ Refreshed: 54.37 (unchanged value, timestamp updated)
[2026-01-01 09:58:48]   [emp_id: 3862] ✓ Refreshed: 102.45 (unchanged value, timestamp updated)
[2026-01-01 09:58:48]   [emp_id: 3866] ✓ Refreshed: 27.7 (unchanged value, timestamp updated)
[2026-01-01 09:58:48]   [emp_id: 3876] ✓ Refreshed: 11.87 (unchanged value, timestamp updated)
[2026-01-01 09:58:48]   [emp_id: 3877] ✓ Refreshed: 49.37 (unchanged value, timestamp updated)
[2026-01-01 09:58:48]   [emp_id: 3897] ✓ Refreshed: 37.62 (unchanged value, timestamp updated)
[2026-01-01 09:58:48]   [emp_id: 3899] ✓ Refreshed: 0.8 (unchanged value, timestamp updated)
[2026-01-01 09:58:48]   [emp_id: 3928] ✓ Refreshed: 13.7 (unchanged value, timestamp updated)
[2026-01-01 09:58:48]   [emp_id: 3929] ✓ Refreshed: 8.7 (unchanged value, timestamp updated)
[2026-01-01 09:58:48]   [emp_id: 3935] ✓ Refreshed: 93.7 (unchanged value, timestamp updated)
[2026-01-01 09:58:48]   [emp_id: 3952] ✓ Refreshed: 76.04 (unchanged value, timestamp updated)
[2026-01-01 09:58:48]   [emp_id: 3987] ✓ Refreshed: 13.95 (unchanged value, timestamp updated)
[2026-01-01 09:58:48]   [emp_id: 4059] ✓ Refreshed: 3.15 (unchanged value, timestamp updated)
[2026-01-01 09:58:48]   [emp_id: 4119] ✓ Refreshed: 56.62 (unchanged value, timestamp updated)
[2026-01-01 09:58:48]   [emp_id: 4120] ✓ Refreshed: 26.2 (unchanged value, timestamp updated)
[2026-01-01 09:58:48]   [emp_id: 4124] ✓ Refreshed: 26.72 (unchanged value, timestamp updated)
[2026-01-01 09:58:48]   [emp_id: 4133] ✓ Refreshed: 105.2 (unchanged value, timestamp updated)
[2026-01-01 09:58:48]   [emp_id: 4134] ✓ Refreshed: 26.2 (unchanged value, timestamp updated)
[2026-01-01 09:58:48]   [emp_id: 4136] ✓ Refreshed: 26.2 (unchanged value, timestamp updated)
[2026-01-01 09:58:48]   [emp_id: 4150] ✓ Refreshed: 24.87 (unchanged value, timestamp updated)
[2026-01-01 09:58:48]   [emp_id: 4157] ✓ Refreshed: 18.37 (unchanged value, timestamp updated)
[2026-01-01 09:58:48]   [emp_id: 4172] ✓ Refreshed: 12.26 (unchanged value, timestamp updated)
[2026-01-01 09:58:48]   [emp_id: 4195] ✓ Refreshed: 61.95 (unchanged value, timestamp updated)
[2026-01-01 09:58:48]   [emp_id: 4215] ✓ Refreshed: 44.62 (unchanged value, timestamp updated)
[2026-01-01 09:58:48]   [emp_id: 4220] ✓ Refreshed: 40.2 (unchanged value, timestamp updated)
[2026-01-01 09:58:48]   [emp_id: 4273] ✓ Refreshed: 8.87 (unchanged value, timestamp updated)
[2026-01-01 09:58:48]   [emp_id: 4283] ✓ Refreshed: 13.35 (unchanged value, timestamp updated)
[2026-01-01 09:58:48]   [emp_id: 4288] ✓ Refreshed: 1.12 (unchanged value, timestamp updated)
[2026-01-01 09:58:48]   [emp_id: 4315] ✓ Refreshed: 12.12 (unchanged value, timestamp updated)
[2026-01-01 09:58:49]   [emp_id: 4328] ✓ Refreshed: 42.18 (unchanged value, timestamp updated)
[2026-01-01 09:58:49]   [emp_id: 4329] ✓ Refreshed: 5.29 (unchanged value, timestamp updated)
[2026-01-01 09:58:49]   [emp_id: 4338] ✓ Refreshed: 46.87 (unchanged value, timestamp updated)
[2026-01-01 09:58:49]   [emp_id: 4340] ✓ Refreshed: 125.87 (unchanged value, timestamp updated)
[2026-01-01 09:58:49]   [emp_id: 4365] ✓ Refreshed: 60.29 (unchanged value, timestamp updated)
[2026-01-01 09:58:49]   [emp_id: 4366] ✓ Refreshed: 59.37 (unchanged value, timestamp updated)
[2026-01-01 09:58:49]   [emp_id: 4403] ✓ Refreshed: 85.2 (unchanged value, timestamp updated)
[2026-01-01 09:58:49]   [emp_id: 4438] ✓ Refreshed: 20.87 (unchanged value, timestamp updated)
[2026-01-01 09:58:49]   [emp_id: 4465] ✓ Refreshed: 12.51 (unchanged value, timestamp updated)
[2026-01-01 09:58:49]   [emp_id: 4473] ✓ Refreshed: 44.45 (unchanged value, timestamp updated)
[2026-01-01 09:58:49]   [emp_id: 4474] ✓ Refreshed: 0.1 (unchanged value, timestamp updated)
[2026-01-01 09:58:49]   [emp_id: 4493] ✓ Refreshed: 163.29 (unchanged value, timestamp updated)
[2026-01-01 09:58:49]   [emp_id: 4526] ✓ Refreshed: 35.54 (unchanged value, timestamp updated)
[2026-01-01 09:58:49]   [emp_id: 4528] ✓ Refreshed: 107.29 (unchanged value, timestamp updated)
[2026-01-01 09:58:49]   [emp_id: 4528] ✓ Refreshed: 107.29 (unchanged value, timestamp updated)
[2026-01-01 09:58:49]   [emp_id: 4532] ✓ Refreshed: 7.63 (unchanged value, timestamp updated)
[2026-01-01 09:58:49]   [emp_id: 4533] ✓ Refreshed: 35.7 (unchanged value, timestamp updated)
[2026-01-01 09:58:49]   [emp_id: 4564] ✓ Refreshed: 25.26 (unchanged value, timestamp updated)
[2026-01-01 09:58:49]   [emp_id: 4565] ✓ Refreshed: 15.01 (unchanged value, timestamp updated)
[2026-01-01 09:58:49]   [emp_id: 4567] ✓ Refreshed: 19.26 (unchanged value, timestamp updated)
[2026-01-01 09:58:49]   [emp_id: 4572] ✓ Refreshed: 58.76 (unchanged value, timestamp updated)
[2026-01-01 09:58:49]   [emp_id: 4631] ✓ Refreshed: 15.01 (unchanged value, timestamp updated)
[2026-01-01 09:58:49]   [emp_id: 4655] ✓ Refreshed: 24.62 (unchanged value, timestamp updated)
[2026-01-01 09:58:49]   [emp_id: 4689] ✓ Refreshed: 2.39 (unchanged value, timestamp updated)
[2026-01-01 09:58:49]   [emp_id: 4709] ✓ Refreshed: 39.87 (unchanged value, timestamp updated)
[2026-01-01 09:58:49]   [emp_id: 4717] ✓ Refreshed: 65.87 (unchanged value, timestamp updated)
[2026-01-01 09:58:49]   [emp_id: 4736] ✓ Refreshed: 27.7 (unchanged value, timestamp updated)
[2026-01-01 09:58:49]   [emp_id: 4756] ✓ Refreshed: 11.45 (unchanged value, timestamp updated)
[2026-01-01 09:58:49]   [emp_id: 4768] ✓ Refreshed: 12.37 (unchanged value, timestamp updated)
[2026-01-01 09:58:49]   [emp_id: 4780] ✓ Refreshed: 65.18 (unchanged value, timestamp updated)
[2026-01-01 09:58:49]   [emp_id: 4820] ✓ Refreshed: 98.7 (unchanged value, timestamp updated)
[2026-01-01 09:58:49]   [emp_id: 4825] ✓ Refreshed: 30.45 (unchanged value, timestamp updated)
[2026-01-01 09:58:49]   [emp_id: 4835] ✓ Refreshed: 47.93 (unchanged value, timestamp updated)
[2026-01-01 09:58:49]   [emp_id: 4837] ✓ Refreshed: 45.17 (unchanged value, timestamp updated)
[2026-01-01 09:58:49]   [emp_id: 4838] ✓ Refreshed: 44.19 (unchanged value, timestamp updated)
[2026-01-01 09:58:49]   [emp_id: 4840] ✓ Refreshed: 45.17 (unchanged value, timestamp updated)
[2026-01-01 09:58:49]   [emp_id: 4842] ✓ Refreshed: 44.41 (unchanged value, timestamp updated)
[2026-01-01 09:58:49]   [emp_id: 4843] ✓ Refreshed: 44.94 (unchanged value, timestamp updated)
[2026-01-01 09:58:49]   [emp_id: 4853] ✓ Refreshed: 88.76 (unchanged value, timestamp updated)
[2026-01-01 09:58:49]   [emp_id: 4856] ✓ Refreshed: 42.08 (unchanged value, timestamp updated)
[2026-01-01 09:58:49]   [emp_id: 4857] ✓ Refreshed: 24.9 (unchanged value, timestamp updated)
[2026-01-01 09:58:49]   [emp_id: 4858] ✓ Refreshed: 21.78 (unchanged value, timestamp updated)
[2026-01-01 09:58:49]   [emp_id: 4859] ✓ Refreshed: 43.25 (unchanged value, timestamp updated)
[2026-01-01 09:58:49]   [emp_id: 4860] ✓ Refreshed: 7.75 (unchanged value, timestamp updated)
[2026-01-01 09:58:49]   [emp_id: 4861] ✓ Refreshed: 41.21 (unchanged value, timestamp updated)
[2026-01-01 09:58:49]   [emp_id: 4869] ✓ Refreshed: 84.09 (unchanged value, timestamp updated)
[2026-01-01 09:58:49]   [emp_id: 4894] ✓ Refreshed: 7.37 (unchanged value, timestamp updated)
[2026-01-01 09:58:49]   [emp_id: 4897] ✓ Refreshed: 22.99 (unchanged value, timestamp updated)
[2026-01-01 09:58:49]   [emp_id: 4899] ✓ Refreshed: 19.16 (unchanged value, timestamp updated)
[2026-01-01 09:58:49]   [emp_id: 4902] ✓ Refreshed: 18.58 (unchanged value, timestamp updated)
[2026-01-01 09:58:49]   [emp_id: 4903] ✓ Refreshed: 20.8 (unchanged value, timestamp updated)
[2026-01-01 09:58:49]   [emp_id: 4905] ✓ Refreshed: 19.46 (unchanged value, timestamp updated)
[2026-01-01 09:58:49]   [emp_id: 4907] ✓ Refreshed: 47.45 (unchanged value, timestamp updated)
[2026-01-01 09:58:49]   [emp_id: 4917] ✓ Refreshed: 16.42 (unchanged value, timestamp updated)
[2026-01-01 09:58:49]   [emp_id: 4918] ✓ Refreshed: 6.19 (unchanged value, timestamp updated)
[2026-01-01 09:58:49]   [emp_id: 4919] ✓ Refreshed: 58.48 (unchanged value, timestamp updated)
[2026-01-01 09:58:49]   [emp_id: 4920] ✓ Refreshed: 5.56 (unchanged value, timestamp updated)
[2026-01-01 09:58:49]   [emp_id: 4921] ✓ Refreshed: 17.65 (unchanged value, timestamp updated)
[2026-01-01 09:58:49]   [emp_id: 4927] ✓ Refreshed: 16.48 (unchanged value, timestamp updated)
[2026-01-01 09:58:49]   [emp_id: 4929] ✓ Refreshed: 18 (unchanged value, timestamp updated)
[2026-01-01 09:58:49]   [emp_id: 4930] ✓ Refreshed: 58.77 (unchanged value, timestamp updated)
[2026-01-01 09:58:49]   [emp_id: 4932] ✓ Refreshed: 16.77 (unchanged value, timestamp updated)
[2026-01-01 09:58:49]   [emp_id: 4933] ✓ Refreshed: 20.18 (unchanged value, timestamp updated)
[2026-01-01 09:58:49]   [emp_id: 4949] ✓ Refreshed: 35.61 (unchanged value, timestamp updated)
[2026-01-01 09:58:49]   [emp_id: 4956] ✓ Refreshed: 29.2 (unchanged value, timestamp updated)
[2026-01-01 09:58:49]   [emp_id: 4957] ✓ Refreshed: 29.87 (unchanged value, timestamp updated)
[2026-01-01 09:58:49]   [emp_id: 4962] ✓ Refreshed: 46.81 (unchanged value, timestamp updated)
[2026-01-01 09:58:49]   [emp_id: 4969] ✓ Refreshed: 46.12 (unchanged value, timestamp updated)
[2026-01-01 09:58:49]   [emp_id: 4976] ✓ Refreshed: 9.89 (unchanged value, timestamp updated)
[2026-01-01 09:58:49]   [emp_id: 4984] ✓ Refreshed: 37.37 (unchanged value, timestamp updated)
[2026-01-01 09:58:49]   [emp_id: 4995] ✓ Refreshed: 49.44 (unchanged value, timestamp updated)
[2026-01-01 09:58:49]   [emp_id: 5004] ✓ Refreshed: 26.83 (unchanged value, timestamp updated)
[2026-01-01 09:58:49]   [emp_id: 5006] ✓ Refreshed: 26.57 (unchanged value, timestamp updated)
[2026-01-01 09:58:49]   [emp_id: 5011] ✓ Refreshed: 13.04 (unchanged value, timestamp updated)
[2026-01-01 09:58:49]   [emp_id: 5013] ✓ Refreshed: 66.94 (unchanged value, timestamp updated)
[2026-01-01 09:58:49]   [emp_id: 5018] ✓ Refreshed: 3.43 (unchanged value, timestamp updated)
[2026-01-01 09:58:49]   [emp_id: 5021] ✓ Refreshed: 60.47 (unchanged value, timestamp updated)
[2026-01-01 09:58:49]   [emp_id: 5024] ✓ Refreshed: 1.45 (unchanged value, timestamp updated)
[2026-01-01 09:58:49]   [emp_id: 5030] ✓ Refreshed: 31.4 (unchanged value, timestamp updated)
[2026-01-01 09:58:49]   [emp_id: 5033] ✓ Refreshed: 22.2 (unchanged value, timestamp updated)
[2026-01-01 09:58:49]   [emp_id: 5043] ✓ Refreshed: 30.04 (unchanged value, timestamp updated)
[2026-01-01 09:58:49]   [emp_id: 5045] ✓ Refreshed: 26.54 (unchanged value, timestamp updated)
[2026-01-01 09:58:49]   [emp_id: 5046] ✓ Refreshed: 21.73 (unchanged value, timestamp updated)
[2026-01-01 09:58:49]   [emp_id: 5049] ✓ Refreshed: 38.88 (unchanged value, timestamp updated)
[2026-01-01 09:58:49]   [emp_id: 5052] ✓ Refreshed: 30.16 (unchanged value, timestamp updated)
[2026-01-01 09:58:49]   [emp_id: 5055] ✓ Refreshed: 18.6 (unchanged value, timestamp updated)
[2026-01-01 09:58:49]   [emp_id: 5058] ✓ Refreshed: 27.58 (unchanged value, timestamp updated)
[2026-01-01 09:58:49]   [emp_id: 5062] ✓ Refreshed: 39.41 (unchanged value, timestamp updated)
[2026-01-01 09:58:49]   [emp_id: 5064] ✓ Refreshed: 117.37 (unchanged value, timestamp updated)
[2026-01-01 09:58:49]   [emp_id: 5065] ✓ Refreshed: 38.82 (unchanged value, timestamp updated)
[2026-01-01 09:58:49]   [emp_id: 5071] ✓ Refreshed: 22.87 (unchanged value, timestamp updated)
[2026-01-01 09:58:49]   [emp_id: 5073] ✓ Refreshed: 13.42 (unchanged value, timestamp updated)
[2026-01-01 09:58:49]   [emp_id: 5079] ✓ Refreshed: 33.98 (unchanged value, timestamp updated)
[2026-01-01 09:58:49]   [emp_id: 5080] ✓ Refreshed: 29.31 (unchanged value, timestamp updated)
[2026-01-01 09:58:49]   [emp_id: 5081] ✓ Refreshed: 15.57 (unchanged value, timestamp updated)
[2026-01-01 09:58:49]   [emp_id: 5087] ✓ Refreshed: 35.61 (unchanged value, timestamp updated)
[2026-01-01 09:58:49]   [emp_id: 5091] ✓ Refreshed: 75.46 (unchanged value, timestamp updated)
[2026-01-01 09:58:49]   [emp_id: 5093] ✓ Refreshed: 14.04 (unchanged value, timestamp updated)
[2026-01-01 09:58:49]   [emp_id: 5095] ✓ Refreshed: 1 (unchanged value, timestamp updated)
[2026-01-01 09:58:49]   [emp_id: 5101] ✓ Refreshed: 16.12 (unchanged value, timestamp updated)
[2026-01-01 09:58:49]   [emp_id: 5107] ✓ Refreshed: 14.45 (unchanged value, timestamp updated)
[2026-01-01 09:58:49]   [emp_id: 5109] ✓ Refreshed: 11.7 (unchanged value, timestamp updated)
[2026-01-01 09:58:49]   [emp_id: 5119] ✓ Refreshed: 9.87 (unchanged value, timestamp updated)
[2026-01-01 09:58:49]   [emp_id: 5122] ✓ Refreshed: 7.04 (unchanged value, timestamp updated)
[2026-01-01 09:58:49]   [emp_id: 5126] ✓ Refreshed: 26.34 (unchanged value, timestamp updated)
[2026-01-01 09:58:49]   [emp_id: 5127] ✓ Refreshed: 23.13 (unchanged value, timestamp updated)
[2026-01-01 09:58:49]   [emp_id: 5128] ✓ Refreshed: 26.28 (unchanged value, timestamp updated)
[2026-01-01 09:58:49]   [emp_id: 5138] ✓ Refreshed: 65.7 (unchanged value, timestamp updated)
[2026-01-01 09:58:49]   [emp_id: 5138] ✓ Refreshed: 65.7 (unchanged value, timestamp updated)
[2026-01-01 09:58:49]   [emp_id: 5141] ✓ Refreshed: 34.65 (unchanged value, timestamp updated)
[2026-01-01 09:58:49]   [emp_id: 5142] ✓ Refreshed: 13.65 (unchanged value, timestamp updated)
[2026-01-01 09:58:49]   [emp_id: 5146] ✓ Refreshed: 20.65 (unchanged value, timestamp updated)
[2026-01-01 09:58:49]   [emp_id: 5147] ✓ Refreshed: 19.65 (unchanged value, timestamp updated)
[2026-01-01 09:58:49]   [emp_id: 5148] ✓ Refreshed: 25 (unchanged value, timestamp updated)
[2026-01-01 09:58:49]   [emp_id: 5149] ✓ Refreshed: 23.89 (unchanged value, timestamp updated)
[2026-01-01 09:58:49]   [emp_id: 5150] ✓ Refreshed: 23.25 (unchanged value, timestamp updated)
[2026-01-01 09:58:49]   [emp_id: 5151] ✓ Refreshed: 23.07 (unchanged value, timestamp updated)
[2026-01-01 09:58:49]   [emp_id: 5152] ✓ Refreshed: 3.49 (unchanged value, timestamp updated)
[2026-01-01 09:58:49]   [emp_id: 5157] ✓ Refreshed: 23.07 (unchanged value, timestamp updated)
[2026-01-01 09:58:49]   [emp_id: 5160] ✓ Refreshed: 0 (unchanged value, timestamp updated)
[2026-01-01 09:58:49]   [emp_id: 5163] ✓ Refreshed: 20.86 (unchanged value, timestamp updated)
[2026-01-01 09:58:49]   [emp_id: 5165] ✓ Refreshed: 1.14 (unchanged value, timestamp updated)
[2026-01-01 09:58:49]   [emp_id: 5167] ✓ Refreshed: 30.01 (unchanged value, timestamp updated)
[2026-01-01 09:58:49]   [emp_id: 5168] ✓ Refreshed: 22.55 (unchanged value, timestamp updated)
[2026-01-01 09:58:49]   [emp_id: 5173] ✓ Refreshed: 24.79 (unchanged value, timestamp updated)
[2026-01-01 09:58:49]   [emp_id: 5174] ✓ Refreshed: 23.01 (unchanged value, timestamp updated)
[2026-01-01 09:58:49]   [emp_id: 5181] ✓ Refreshed: 19.4 (unchanged value, timestamp updated)
[2026-01-01 09:58:49]   [emp_id: 5186] ✓ Refreshed: 24.93 (unchanged value, timestamp updated)
[2026-01-01 09:58:49]   [emp_id: 5187] ✓ Refreshed: 35.93 (unchanged value, timestamp updated)
[2026-01-01 09:58:49]   [emp_id: 5204] ✓ Refreshed: 16.29 (unchanged value, timestamp updated)
[2026-01-01 09:58:49]   [emp_id: 5205] ✓ Refreshed: 12.14 (unchanged value, timestamp updated)
[2026-01-01 09:58:49]   [emp_id: 5209] ✓ Refreshed: 15.14 (unchanged value, timestamp updated)
[2026-01-01 09:58:49]   [emp_id: 5213] ✓ Refreshed: 1.55 (unchanged value, timestamp updated)
[2026-01-01 09:58:50]   [emp_id: 5214] ✓ Refreshed: 3.39 (unchanged value, timestamp updated)
[2026-01-01 09:58:50]   [emp_id: 5215] ✓ Refreshed: 10.14 (unchanged value, timestamp updated)
[2026-01-01 09:58:50]   [emp_id: 5217] ✓ Refreshed: 9.14 (unchanged value, timestamp updated)
[2026-01-01 09:58:50]   [emp_id: 5219] ✓ Refreshed: 13.14 (unchanged value, timestamp updated)
[2026-01-01 09:58:50]   [emp_id: 5221] ✓ Refreshed: 4.51 (unchanged value, timestamp updated)
[2026-01-01 09:58:50]   [emp_id: 5224] ✓ Refreshed: 14.14 (unchanged value, timestamp updated)
[2026-01-01 09:58:50]   [emp_id: 5225] ✓ Refreshed: 0.81 (unchanged value, timestamp updated)
[2026-01-01 09:58:50]   [emp_id: 5228] ✓ Refreshed: 9.14 (unchanged value, timestamp updated)
[2026-01-01 09:58:50]   [emp_id: 5229] ✓ Refreshed: 5.14 (unchanged value, timestamp updated)
[2026-01-01 09:58:50]   [emp_id: 5230] ✓ Refreshed: 11.81 (unchanged value, timestamp updated)
[2026-01-01 09:58:50]   [emp_id: 5231] ✓ Refreshed: 6.14 (unchanged value, timestamp updated)
[2026-01-01 09:58:50]   [emp_id: 5232] ✓ Refreshed: 11.14 (unchanged value, timestamp updated)
[2026-01-01 09:58:50]   [emp_id: 5233] ✓ Refreshed: 4.14 (unchanged value, timestamp updated)
[2026-01-01 09:58:50]   [emp_id: 5234] ✓ Refreshed: 4.14 (unchanged value, timestamp updated)
[2026-01-01 09:58:50]   [emp_id: 5235] ✓ Refreshed: 4.81 (unchanged value, timestamp updated)
[2026-01-01 09:58:50]   [emp_id: 5237] ✓ Refreshed: 10.39 (unchanged value, timestamp updated)
[2026-01-01 09:58:50]   [emp_id: 5239] ✓ Refreshed: 7.14 (unchanged value, timestamp updated)
[2026-01-01 09:58:50]   [emp_id: 5241] ✓ Refreshed: 5.14 (unchanged value, timestamp updated)
[2026-01-01 09:58:50]   [emp_id: 5242] ✓ Refreshed: 15.14 (unchanged value, timestamp updated)
[2026-01-01 09:58:50]   [emp_id: 5243] ✓ Refreshed: 1.55 (unchanged value, timestamp updated)
[2026-01-01 09:58:50]   [emp_id: 5244] ✓ Refreshed: 0.85 (unchanged value, timestamp updated)
[2026-01-01 09:58:50]   [emp_id: 5246] ✓ Refreshed: 11.14 (unchanged value, timestamp updated)
[2026-01-01 09:58:50]   [emp_id: 5253] ✓ Refreshed: 24.01 (unchanged value, timestamp updated)
[2026-01-01 09:58:50]   [emp_id: 5254] ✓ Refreshed: 11.99 (unchanged value, timestamp updated)
[2026-01-01 09:58:50]   [emp_id: 5257] ✓ Refreshed: 11.7 (unchanged value, timestamp updated)
[2026-01-01 09:58:50]   [emp_id: 5259] ✓ Refreshed: 48.23 (unchanged value, timestamp updated)
[2026-01-01 09:58:50]   [emp_id: 5261] ✓ Refreshed: 15.89 (unchanged value, timestamp updated)
[2026-01-01 09:58:50]   [emp_id: 5264] ✓ Refreshed: 25.71 (unchanged value, timestamp updated)
[2026-01-01 09:58:50]   [emp_id: 5266] ✓ Refreshed: 20.33 (unchanged value, timestamp updated)
[2026-01-01 09:58:50]   [emp_id: 5268] ✓ Refreshed: 8.9 (unchanged value, timestamp updated)
[2026-01-01 09:58:50]   [emp_id: 5271] ✓ Refreshed: 7.56 (unchanged value, timestamp updated)
[2026-01-01 09:58:50]   [emp_id: 5272] ✓ Refreshed: 8.43 (unchanged value, timestamp updated)
[2026-01-01 09:58:50]   [emp_id: 5273] ✓ Refreshed: 23.5 (unchanged value, timestamp updated)
[2026-01-01 09:58:50]   [emp_id: 5275] ✓ Refreshed: 9.25 (unchanged value, timestamp updated)
[2026-01-01 09:58:50]   [emp_id: 5276] ✓ Refreshed: 23.52 (unchanged value, timestamp updated)
[2026-01-01 09:58:50]   [emp_id: 5278] ✓ Refreshed: 7.91 (unchanged value, timestamp updated)
[2026-01-01 09:58:50]   [emp_id: 5280] ✓ Refreshed: 18.31 (unchanged value, timestamp updated)
[2026-01-01 09:58:50]   [emp_id: 5282] ✓ Refreshed: 11.37 (unchanged value, timestamp updated)
[2026-01-01 09:58:50]   [emp_id: 5285] ✓ Refreshed: 28.31 (unchanged value, timestamp updated)
[2026-01-01 09:58:50]   [emp_id: 5286] ✓ Refreshed: 15.31 (unchanged value, timestamp updated)
[2026-01-01 09:58:50]   [emp_id: 5287] ✓ Refreshed: 49.61 (unchanged value, timestamp updated)
[2026-01-01 09:58:50]   [emp_id: 5288] ✓ Refreshed: 6.88 (unchanged value, timestamp updated)
[2026-01-01 09:58:50]   [emp_id: 5289] ✓ Refreshed: 48.16 (unchanged value, timestamp updated)
[2026-01-01 09:58:50]   [emp_id: 5290] ✓ Refreshed: 46.93 (unchanged value, timestamp updated)
[2026-01-01 09:58:50]   [emp_id: 5291] ✓ Refreshed: 4.93 (unchanged value, timestamp updated)
[2026-01-01 09:58:50]   [emp_id: 5292] ✓ Refreshed: 4.87 (unchanged value, timestamp updated)
[2026-01-01 09:58:50]   [emp_id: 5293] ✓ Refreshed: 37.54 (unchanged value, timestamp updated)
[2026-01-01 09:58:50]   [emp_id: 5294] ✓ Refreshed: 7.29 (unchanged value, timestamp updated)
[2026-01-01 09:58:50]   [emp_id: 5295] ✓ Refreshed: 21.11 (unchanged value, timestamp updated)
[2026-01-01 09:58:50]   [emp_id: 5296] ✓ Refreshed: 34.31 (unchanged value, timestamp updated)
[2026-01-01 09:58:50]   [emp_id: 5297] ✓ Refreshed: 45.53 (unchanged value, timestamp updated)
[2026-01-01 09:58:50]   [emp_id: 5298] ✓ Refreshed: 45.53 (unchanged value, timestamp updated)
[2026-01-01 09:58:50]   [emp_id: 5299] ✓ Refreshed: 45.53 (unchanged value, timestamp updated)
[2026-01-01 09:58:50]   [emp_id: 5300] ✓ Refreshed: 45.53 (unchanged value, timestamp updated)
[2026-01-01 09:58:50]   [emp_id: 5301] ✓ Refreshed: 3.35 (unchanged value, timestamp updated)
[2026-01-01 09:58:50]   [emp_id: 5303] ✓ Refreshed: 3.78 (unchanged value, timestamp updated)
[2026-01-01 09:58:50]   [emp_id: 5304] ✓ Refreshed: 45.53 (unchanged value, timestamp updated)
[2026-01-01 09:58:50]   [emp_id: 5305] ✓ Refreshed: 3.53 (unchanged value, timestamp updated)
[2026-01-01 09:58:50]   [emp_id: 5306] ✓ Refreshed: 45.24 (unchanged value, timestamp updated)
[2026-01-01 09:58:50]   [emp_id: 5307] ✓ Refreshed: 45.24 (unchanged value, timestamp updated)
[2026-01-01 09:58:50]   [emp_id: 5312] ✓ Refreshed: 0.85 (unchanged value, timestamp updated)
[2026-01-01 09:58:50]   [emp_id: 5318] ✓ Refreshed: 25.95 (unchanged value, timestamp updated)
[2026-01-01 09:58:50]   [emp_id: 5325] ✓ Refreshed: 21.91 (unchanged value, timestamp updated)
[2026-01-01 09:58:50]   [emp_id: 5327] ✓ Refreshed: 1 (unchanged value, timestamp updated)
[2026-01-01 09:58:50]   [emp_id: 5337] ✓ Refreshed: 35.2 (unchanged value, timestamp updated)
[2026-01-01 09:58:50]   [emp_id: 5339] ✓ Refreshed: 10.1 (unchanged value, timestamp updated)
[2026-01-01 09:58:50]   [emp_id: 5343] ✓ Refreshed: 45.12 (unchanged value, timestamp updated)
[2026-01-01 09:58:50]   [emp_id: 5343] ✓ Refreshed: 45.12 (unchanged value, timestamp updated)
[2026-01-01 09:58:50]   [emp_id: 5345] ✓ Refreshed: 14.95 (unchanged value, timestamp updated)
[2026-01-01 09:58:50]   [emp_id: 5346] ✓ Refreshed: 1.82 (unchanged value, timestamp updated)
[2026-01-01 09:58:50]   [emp_id: 5351] ✓ Refreshed: 16.76 (unchanged value, timestamp updated)
[2026-01-01 09:58:50]   [emp_id: 5352] ✓ Refreshed: 25.37 (unchanged value, timestamp updated)
[2026-01-01 09:58:50]   [emp_id: 5370] ✓ Refreshed: 15.41 (unchanged value, timestamp updated)
[2026-01-01 09:58:50]   [emp_id: 5371] ✓ Refreshed: 1.28 (unchanged value, timestamp updated)
[2026-01-01 09:58:50]   [emp_id: 5376] ✓ Refreshed: 10.01 (unchanged value, timestamp updated)
[2026-01-01 09:58:50]   [emp_id: 5378] ✓ Refreshed: 17.2 (unchanged value, timestamp updated)
[2026-01-01 09:58:50]   [emp_id: 5380] ✓ Refreshed: 16.42 (unchanged value, timestamp updated)
[2026-01-01 09:58:50]   [emp_id: 5381] ✓ Refreshed: 11.64 (unchanged value, timestamp updated)
[2026-01-01 09:58:50]   [emp_id: 5383] ✓ Refreshed: 15.95 (unchanged value, timestamp updated)
[2026-01-01 09:58:50]   [emp_id: 5388] ✓ Refreshed: 27.2 (unchanged value, timestamp updated)
[2026-01-01 09:58:50]   [emp_id: 5396] ✓ Refreshed: 28.44 (unchanged value, timestamp updated)
[2026-01-01 09:58:50]   [emp_id: 5397] ✓ Refreshed: 19.9 (unchanged value, timestamp updated)
[2026-01-01 09:58:50]   [emp_id: 5401] ✓ Refreshed: 23.01 (unchanged value, timestamp updated)
[2026-01-01 09:58:50]   [emp_id: 5402] ✓ Refreshed: 23.13 (unchanged value, timestamp updated)
[2026-01-01 09:58:50]   [emp_id: 5406] ✓ Refreshed: 21.85 (unchanged value, timestamp updated)
[2026-01-01 09:58:50]   [emp_id: 5407] ✓ Refreshed: 15.72 (unchanged value, timestamp updated)
[2026-01-01 09:58:50]   [emp_id: 5409] ✓ Refreshed: 16.19 (unchanged value, timestamp updated)
[2026-01-01 09:58:50]   [emp_id: 5413] ✓ Refreshed: 22.12 (unchanged value, timestamp updated)
[2026-01-01 09:58:50]   [emp_id: 5414] ✓ Refreshed: 27.79 (unchanged value, timestamp updated)
[2026-01-01 09:58:50]   [emp_id: 5415] ✓ Refreshed: 3.72 (unchanged value, timestamp updated)
[2026-01-01 09:58:50]   [emp_id: 5418] ✓ Refreshed: 15.25 (unchanged value, timestamp updated)
[2026-01-01 09:58:50]   [emp_id: 5422] ✓ Refreshed: 20.45 (unchanged value, timestamp updated)
[2026-01-01 09:58:50]   [emp_id: 5423] ✓ Refreshed: 5.14 (unchanged value, timestamp updated)
[2026-01-01 09:58:50]   [emp_id: 5425] ✓ Refreshed: 13.8 (unchanged value, timestamp updated)
[2026-01-01 09:58:50]   [emp_id: 5426] ✓ Refreshed: 3.69 (unchanged value, timestamp updated)
[2026-01-01 09:58:50]   [emp_id: 5426] ✓ Refreshed: 3.69 (unchanged value, timestamp updated)
[2026-01-01 09:58:50]   [emp_id: 5427] ✓ Refreshed: 13.91 (unchanged value, timestamp updated)
[2026-01-01 09:58:50]   [emp_id: 5428] ✓ Refreshed: 13.8 (unchanged value, timestamp updated)
[2026-01-01 09:58:50]   [emp_id: 5430] ✓ Refreshed: 17.45 (unchanged value, timestamp updated)
[2026-01-01 09:58:50]   [emp_id: 5431] ✓ Refreshed: 12.92 (unchanged value, timestamp updated)
[2026-01-01 09:58:50]   [emp_id: 5434] ✓ Refreshed: 12.69 (unchanged value, timestamp updated)
[2026-01-01 09:58:50]   [emp_id: 5435] ✓ Refreshed: 12.63 (unchanged value, timestamp updated)
[2026-01-01 09:58:50]   [emp_id: 5436] ✓ Refreshed: 12.63 (unchanged value, timestamp updated)
[2026-01-01 09:58:50]   [emp_id: 5438] ✓ Refreshed: 15.37 (unchanged value, timestamp updated)
[2026-01-01 09:58:50]   [emp_id: 5439] ✓ Refreshed: 24.87 (unchanged value, timestamp updated)
[2026-01-01 09:58:50]   [emp_id: 5442] ✓ Refreshed: 13.87 (unchanged value, timestamp updated)
[2026-01-01 09:58:50]   [emp_id: 5445] ✓ Refreshed: 7.09 (unchanged value, timestamp updated)
[2026-01-01 09:58:50]   [emp_id: 5446] ✓ Refreshed: 7.09 (unchanged value, timestamp updated)
[2026-01-01 09:58:50]   [emp_id: 5447] ✓ Refreshed: 7.03 (unchanged value, timestamp updated)
[2026-01-01 09:58:50]   [emp_id: 5448] ✓ Refreshed: 6.89 (unchanged value, timestamp updated)
[2026-01-01 09:58:50]   [emp_id: 5449] ✓ Refreshed: 5.11 (unchanged value, timestamp updated)
[2026-01-01 09:58:50]   [emp_id: 5450] ✓ Refreshed: 5.05 (unchanged value, timestamp updated)
[2026-01-01 09:58:50]   [emp_id: 5451] ✓ Refreshed: 5.05 (unchanged value, timestamp updated)
[2026-01-01 09:58:50]   [emp_id: 5454] ✓ Refreshed: 6.95 (unchanged value, timestamp updated)
[2026-01-01 09:58:50]   [emp_id: 5455] ✓ Refreshed: 5.2 (unchanged value, timestamp updated)
[2026-01-01 09:58:50]   [emp_id: 5456] ✓ Refreshed: 6.2 (unchanged value, timestamp updated)
[2026-01-01 09:58:50] Report saved to: /home/almutlak/public_html/hr/cron_logs/last_vacation_update_report.json
[2026-01-01 10:03:12] ========== CRON: Vacation Balance Update Started ==========
[2026-01-01 10:03:12] FORCE RUN enabled: Bypassing once-per-day restriction
[2026-01-01 10:03:12] Database connection established
[2026-01-01 10:03:12] Found 427 active employees with balance records to update
[2026-01-01 10:03:12] (Only employees with status=1 will be processed)
[2026-01-01 10:03:12]   [emp_id: 1061] ✓ Refreshed: 0.16 (unchanged value, timestamp updated)
[2026-01-01 10:03:12]   [emp_id: 1496] ✓ Refreshed: 16.29 (unchanged value, timestamp updated)
[2026-01-01 10:03:12]   [emp_id: 1500] ✓ Refreshed: 3.97 (unchanged value, timestamp updated)
[2026-01-01 10:03:12]   [emp_id: 1574] ✓ Refreshed: 33.2 (unchanged value, timestamp updated)
[2026-01-01 10:03:12]   [emp_id: 1673] ✓ Refreshed: 44.7 (unchanged value, timestamp updated)
[2026-01-01 10:03:12]   [emp_id: 1685] ✓ Refreshed: 14.62 (unchanged value, timestamp updated)
[2026-01-01 10:03:12]   [emp_id: 1764] ✓ Refreshed: 69.29 (unchanged value, timestamp updated)
[2026-01-01 10:03:12]   [emp_id: 1805] ✓ Refreshed: 63.62 (unchanged value, timestamp updated)
[2026-01-01 10:03:12]   [emp_id: 1822] ✓ Refreshed: 68.37 (unchanged value, timestamp updated)
[2026-01-01 10:03:12]   [emp_id: 1837] ✓ Refreshed: 24.54 (unchanged value, timestamp updated)
[2026-01-01 10:03:12]   [emp_id: 1857] ✓ Refreshed: 19.87 (unchanged value, timestamp updated)
[2026-01-01 10:03:12]   [emp_id: 1861] ✓ Refreshed: 70.7 (unchanged value, timestamp updated)
[2026-01-01 10:03:12]   [emp_id: 1872] ✓ Refreshed: 9.54 (unchanged value, timestamp updated)
[2026-01-01 10:03:12]   [emp_id: 1897] ✓ Refreshed: 4.87 (unchanged value, timestamp updated)
[2026-01-01 10:03:12]   [emp_id: 1916] ✓ Refreshed: 11.17 (unchanged value, timestamp updated)
[2026-01-01 10:03:12]   [emp_id: 1928] ✓ Refreshed: 64.12 (unchanged value, timestamp updated)
[2026-01-01 10:03:12]   [emp_id: 1931] ✓ Refreshed: 84.04 (unchanged value, timestamp updated)
[2026-01-01 10:03:12]   [emp_id: 1944] ✓ Refreshed: 42.2 (unchanged value, timestamp updated)
[2026-01-01 10:03:12]   [emp_id: 1996] ✓ Refreshed: 70.7 (unchanged value, timestamp updated)
[2026-01-01 10:03:12]   [emp_id: 1997] ✓ Refreshed: 35.87 (unchanged value, timestamp updated)
[2026-01-01 10:03:12]   [emp_id: 1998] ✓ Refreshed: 27.31 (unchanged value, timestamp updated)
[2026-01-01 10:03:12]   [emp_id: 1999] ✓ Refreshed: 28.31 (unchanged value, timestamp updated)
[2026-01-01 10:03:12]   [emp_id: 2009] ✓ Refreshed: 34.62 (unchanged value, timestamp updated)
[2026-01-01 10:03:12]   [emp_id: 2048] ✓ Refreshed: 24.45 (unchanged value, timestamp updated)
[2026-01-01 10:03:12]   [emp_id: 2057] ✓ Refreshed: 65.29 (unchanged value, timestamp updated)
[2026-01-01 10:03:12]   [emp_id: 2079] ✓ Refreshed: 47.62 (unchanged value, timestamp updated)
[2026-01-01 10:03:12]   [emp_id: 2181] ✓ Refreshed: 36.62 (unchanged value, timestamp updated)
[2026-01-01 10:03:12]   [emp_id: 2190] ✓ Refreshed: 5.95 (unchanged value, timestamp updated)
[2026-01-01 10:03:12]   [emp_id: 2212] ✓ Refreshed: 23.95 (unchanged value, timestamp updated)
[2026-01-01 10:03:12]   [emp_id: 2226] ✓ Refreshed: 68.7 (unchanged value, timestamp updated)
[2026-01-01 10:03:12]   [emp_id: 2238] ✓ Refreshed: 66.95 (unchanged value, timestamp updated)
[2026-01-01 10:03:12]   [emp_id: 2285] ✓ Refreshed: 35.62 (unchanged value, timestamp updated)
[2026-01-01 10:03:12]   [emp_id: 2287] ✓ Refreshed: 47.29 (unchanged value, timestamp updated)
[2026-01-01 10:03:12]   [emp_id: 2288] ✓ Refreshed: 2.31 (unchanged value, timestamp updated)
[2026-01-01 10:03:12]   [emp_id: 2316] ✓ Refreshed: 16.12 (unchanged value, timestamp updated)
[2026-01-01 10:03:12]   [emp_id: 2337] ✓ Refreshed: 37.2 (unchanged value, timestamp updated)
[2026-01-01 10:03:12]   [emp_id: 2352] ✓ Refreshed: 68.7 (unchanged value, timestamp updated)
[2026-01-01 10:03:12]   [emp_id: 2358] ✓ Refreshed: 5.2 (unchanged value, timestamp updated)
[2026-01-01 10:03:12]   [emp_id: 2361] ✓ Refreshed: 70.87 (unchanged value, timestamp updated)
[2026-01-01 10:03:12]   [emp_id: 2363] ✓ Refreshed: 73.45 (unchanged value, timestamp updated)
[2026-01-01 10:03:12]   [emp_id: 2364] ✓ Refreshed: 72.87 (unchanged value, timestamp updated)
[2026-01-01 10:03:12]   [emp_id: 2367] ✓ Refreshed: 100.54 (unchanged value, timestamp updated)
[2026-01-01 10:03:12]   [emp_id: 2368] ✓ Refreshed: 30.95 (unchanged value, timestamp updated)
[2026-01-01 10:03:12]   [emp_id: 2372] ✓ Refreshed: 68.2 (unchanged value, timestamp updated)
[2026-01-01 10:03:12]   [emp_id: 2376] ✓ Refreshed: 118.2 (unchanged value, timestamp updated)
[2026-01-01 10:03:12]   [emp_id: 2423] ✓ Refreshed: 18.95 (unchanged value, timestamp updated)
[2026-01-01 10:03:12]   [emp_id: 2519] ✓ Refreshed: 172.62 (unchanged value, timestamp updated)
[2026-01-01 10:03:12]   [emp_id: 2522] ✓ Refreshed: 56.2 (unchanged value, timestamp updated)
[2026-01-01 10:03:12]   [emp_id: 2530] ✓ Refreshed: 51.45 (unchanged value, timestamp updated)
[2026-01-01 10:03:12]   [emp_id: 2539] ✓ Refreshed: 48.2 (unchanged value, timestamp updated)
[2026-01-01 10:03:12]   [emp_id: 2541] ✓ Refreshed: 28.79 (unchanged value, timestamp updated)
[2026-01-01 10:03:12]   [emp_id: 2550] ✓ Refreshed: 94.95 (unchanged value, timestamp updated)
[2026-01-01 10:03:12]   [emp_id: 2553] ✓ Refreshed: 32.06 (unchanged value, timestamp updated)
[2026-01-01 10:03:12]   [emp_id: 2554] ✓ Refreshed: 38.54 (unchanged value, timestamp updated)
[2026-01-01 10:03:12]   [emp_id: 2565] ✓ Refreshed: 93.12 (unchanged value, timestamp updated)
[2026-01-01 10:03:12]   [emp_id: 2572] ✓ Refreshed: 43.12 (unchanged value, timestamp updated)
[2026-01-01 10:03:12]   [emp_id: 2637] ✓ Refreshed: 63.7 (unchanged value, timestamp updated)
[2026-01-01 10:03:12]   [emp_id: 2642] ✓ Refreshed: 76.45 (unchanged value, timestamp updated)
[2026-01-01 10:03:12]   [emp_id: 2645] ✓ Refreshed: 92.45 (unchanged value, timestamp updated)
[2026-01-01 10:03:12]   [emp_id: 2648] ✓ Refreshed: 44.12 (unchanged value, timestamp updated)
[2026-01-01 10:03:12]   [emp_id: 2654] ✓ Refreshed: 86.79 (unchanged value, timestamp updated)
[2026-01-01 10:03:12]   [emp_id: 2688] ✓ Refreshed: 24.87 (unchanged value, timestamp updated)
[2026-01-01 10:03:12]   [emp_id: 2690] ✓ Refreshed: 13.62 (unchanged value, timestamp updated)
[2026-01-01 10:03:12]   [emp_id: 2709] ✓ Refreshed: 35.87 (unchanged value, timestamp updated)
[2026-01-01 10:03:12]   [emp_id: 2745] ✓ Refreshed: 32.45 (unchanged value, timestamp updated)
[2026-01-01 10:03:12]   [emp_id: 2843] ✓ Refreshed: 79.04 (unchanged value, timestamp updated)
[2026-01-01 10:03:12]   [emp_id: 2854] ✓ Refreshed: 58.95 (unchanged value, timestamp updated)
[2026-01-01 10:03:12]   [emp_id: 2869] ✓ Refreshed: 63.87 (unchanged value, timestamp updated)
[2026-01-01 10:03:12]   [emp_id: 2876] ✓ Refreshed: 33.7 (unchanged value, timestamp updated)
[2026-01-01 10:03:12]   [emp_id: 2924] ✓ Refreshed: 14.87 (unchanged value, timestamp updated)
[2026-01-01 10:03:12]   [emp_id: 2953] ✓ Refreshed: 100.62 (unchanged value, timestamp updated)
[2026-01-01 10:03:12]   [emp_id: 2961] ✓ Refreshed: 10.62 (unchanged value, timestamp updated)
[2026-01-01 10:03:12]   [emp_id: 2975] ✓ Refreshed: 3.72 (unchanged value, timestamp updated)
[2026-01-01 10:03:12]   [emp_id: 3013] ✓ Refreshed: 9.62 (unchanged value, timestamp updated)
[2026-01-01 10:03:12]   [emp_id: 3014] ✓ Refreshed: 88.87 (unchanged value, timestamp updated)
[2026-01-01 10:03:12]   [emp_id: 3015] ✓ Refreshed: 40.12 (unchanged value, timestamp updated)
[2026-01-01 10:03:12]   [emp_id: 3018] ✓ Refreshed: 58.87 (unchanged value, timestamp updated)
[2026-01-01 10:03:12]   [emp_id: 3025] ✓ Refreshed: 22.64 (unchanged value, timestamp updated)
[2026-01-01 10:03:12]   [emp_id: 3037] ✓ Refreshed: 82.37 (unchanged value, timestamp updated)
[2026-01-01 10:03:12]   [emp_id: 3047] ✓ Refreshed: 70.62 (unchanged value, timestamp updated)
[2026-01-01 10:03:12]   [emp_id: 3061] ✓ Refreshed: 17.54 (unchanged value, timestamp updated)
[2026-01-01 10:03:12]   [emp_id: 3062] ✓ Refreshed: 50.7 (unchanged value, timestamp updated)
[2026-01-01 10:03:12]   [emp_id: 3074] ✓ Refreshed: 107.12 (unchanged value, timestamp updated)
[2026-01-01 10:03:12]   [emp_id: 3089] ✓ Refreshed: 6.04 (unchanged value, timestamp updated)
[2026-01-01 10:03:12]   [emp_id: 3090] ✓ Refreshed: 32.62 (unchanged value, timestamp updated)
[2026-01-01 10:03:12]   [emp_id: 3091] ✓ Refreshed: 44.62 (unchanged value, timestamp updated)
[2026-01-01 10:03:12]   [emp_id: 3092] ✓ Refreshed: 27.29 (unchanged value, timestamp updated)
[2026-01-01 10:03:12]   [emp_id: 3105] ✓ Refreshed: 47.62 (unchanged value, timestamp updated)
[2026-01-01 10:03:12]   [emp_id: 3134] ✓ Refreshed: 43.37 (unchanged value, timestamp updated)
[2026-01-01 10:03:12]   [emp_id: 3140] ✓ Refreshed: 40.45 (unchanged value, timestamp updated)
[2026-01-01 10:03:12]   [emp_id: 3144] ✓ Refreshed: 13.29 (unchanged value, timestamp updated)
[2026-01-01 10:03:12]   [emp_id: 3156] ✓ Refreshed: 16.62 (unchanged value, timestamp updated)
[2026-01-01 10:03:12]   [emp_id: 3162] ✓ Refreshed: 1.6 (unchanged value, timestamp updated)
[2026-01-01 10:03:12]   [emp_id: 3163] ✓ Refreshed: 4.87 (unchanged value, timestamp updated)
[2026-01-01 10:03:12]   [emp_id: 3198] ✓ Refreshed: 39.87 (unchanged value, timestamp updated)
[2026-01-01 10:03:12]   [emp_id: 3205] ✓ Refreshed: 16.54 (unchanged value, timestamp updated)
[2026-01-01 10:03:12]   [emp_id: 3209] ✓ Refreshed: 40.7 (unchanged value, timestamp updated)
[2026-01-01 10:03:12]   [emp_id: 3223] ✓ Refreshed: 89.62 (unchanged value, timestamp updated)
[2026-01-01 10:03:12]   [emp_id: 3224] ✓ Refreshed: 64.37 (unchanged value, timestamp updated)
[2026-01-01 10:03:12]   [emp_id: 3230] ✓ Refreshed: 87.79 (unchanged value, timestamp updated)
[2026-01-01 10:03:12]   [emp_id: 3231] ✓ Refreshed: 0.16 (unchanged value, timestamp updated)
[2026-01-01 10:03:12]   [emp_id: 3233] ✓ Refreshed: 80.62 (unchanged value, timestamp updated)
[2026-01-01 10:03:12]   [emp_id: 3249] ✓ Refreshed: 36.45 (unchanged value, timestamp updated)
[2026-01-01 10:03:12]   [emp_id: 3250] ✓ Refreshed: 9.45 (unchanged value, timestamp updated)
[2026-01-01 10:03:12]   [emp_id: 3252] ✓ Refreshed: 10.37 (unchanged value, timestamp updated)
[2026-01-01 10:03:12]   [emp_id: 3254] ✓ Refreshed: 20.87 (unchanged value, timestamp updated)
[2026-01-01 10:03:12]   [emp_id: 3255] ✓ Refreshed: 17.29 (unchanged value, timestamp updated)
[2026-01-01 10:03:12]   [emp_id: 3256] ✓ Refreshed: 13.54 (unchanged value, timestamp updated)
[2026-01-01 10:03:12]   [emp_id: 3263] ✓ Refreshed: 29.62 (unchanged value, timestamp updated)
[2026-01-01 10:03:12]   [emp_id: 3265] ✓ Refreshed: 25.2 (unchanged value, timestamp updated)
[2026-01-01 10:03:12]   [emp_id: 3280] ✓ Refreshed: 72.12 (unchanged value, timestamp updated)
[2026-01-01 10:03:13]   [emp_id: 3286] ✓ Refreshed: 15.29 (unchanged value, timestamp updated)
[2026-01-01 10:03:13]   [emp_id: 3294] ✓ Refreshed: 14.95 (unchanged value, timestamp updated)
[2026-01-01 10:03:13]   [emp_id: 3321] ✓ Refreshed: 72.12 (unchanged value, timestamp updated)
[2026-01-01 10:03:13]   [emp_id: 3325] ✓ Refreshed: 59.87 (unchanged value, timestamp updated)
[2026-01-01 10:03:13]   [emp_id: 3329] ✓ Refreshed: 62.2 (unchanged value, timestamp updated)
[2026-01-01 10:03:13]   [emp_id: 3330] ✓ Refreshed: 62.2 (unchanged value, timestamp updated)
[2026-01-01 10:03:13]   [emp_id: 3332] ✓ Refreshed: 62.2 (unchanged value, timestamp updated)
[2026-01-01 10:03:13]   [emp_id: 3370] ✓ Refreshed: 53.87 (unchanged value, timestamp updated)
[2026-01-01 10:03:13]   [emp_id: 3384] ✓ Refreshed: 14.37 (unchanged value, timestamp updated)
[2026-01-01 10:03:13]   [emp_id: 3386] ✓ Refreshed: 44.37 (unchanged value, timestamp updated)
[2026-01-01 10:03:13]   [emp_id: 3431] ✓ Refreshed: 18.79 (unchanged value, timestamp updated)
[2026-01-01 10:03:13]   [emp_id: 3497] ✓ Refreshed: 8.95 (unchanged value, timestamp updated)
[2026-01-01 10:03:13]   [emp_id: 3532] ✓ Refreshed: 45.79 (unchanged value, timestamp updated)
[2026-01-01 10:03:13]   [emp_id: 3586] ✓ Refreshed: 9.87 (unchanged value, timestamp updated)
[2026-01-01 10:03:13]   [emp_id: 3602] ✓ Refreshed: 1.36 (unchanged value, timestamp updated)
[2026-01-01 10:03:13]   [emp_id: 3618] ✓ Refreshed: 23.34 (unchanged value, timestamp updated)
[2026-01-01 10:03:13]   [emp_id: 3622] ✓ Refreshed: 34.35 (unchanged value, timestamp updated)
[2026-01-01 10:03:13]   [emp_id: 3627] ✓ Refreshed: 9.29 (unchanged value, timestamp updated)
[2026-01-01 10:03:13]   [emp_id: 3665] ✓ Refreshed: 50.87 (unchanged value, timestamp updated)
[2026-01-01 10:03:13]   [emp_id: 3705] ✓ Refreshed: 27.68 (unchanged value, timestamp updated)
[2026-01-01 10:03:13]   [emp_id: 3724] ✓ Refreshed: 43.87 (unchanged value, timestamp updated)
[2026-01-01 10:03:13]   [emp_id: 3726] ✓ Refreshed: 60.29 (unchanged value, timestamp updated)
[2026-01-01 10:03:13]   [emp_id: 3727] ✓ Refreshed: 65.37 (unchanged value, timestamp updated)
[2026-01-01 10:03:13]   [emp_id: 3728] ✓ Refreshed: 9.7 (unchanged value, timestamp updated)
[2026-01-01 10:03:13]   [emp_id: 3767] ✓ Refreshed: 60.45 (unchanged value, timestamp updated)
[2026-01-01 10:03:13]   [emp_id: 3768] ✓ Refreshed: 56.7 (unchanged value, timestamp updated)
[2026-01-01 10:03:13]   [emp_id: 3787] ✓ Refreshed: 57.29 (unchanged value, timestamp updated)
[2026-01-01 10:03:13]   [emp_id: 3790] ✓ Refreshed: 1.84 (unchanged value, timestamp updated)
[2026-01-01 10:03:13]   [emp_id: 3795] ✓ Refreshed: 14.79 (unchanged value, timestamp updated)
[2026-01-01 10:03:13]   [emp_id: 3798] ✓ Refreshed: 93.2 (unchanged value, timestamp updated)
[2026-01-01 10:03:13]   [emp_id: 3801] ✓ Refreshed: 1.47 (unchanged value, timestamp updated)
[2026-01-01 10:03:13]   [emp_id: 3802] ✓ Refreshed: 30.45 (unchanged value, timestamp updated)
[2026-01-01 10:03:13]   [emp_id: 3803] ✓ Refreshed: 114.87 (unchanged value, timestamp updated)
[2026-01-01 10:03:13]   [emp_id: 3810] ✓ Refreshed: 60.87 (unchanged value, timestamp updated)
[2026-01-01 10:03:13]   [emp_id: 3812] ✓ Refreshed: 89.87 (unchanged value, timestamp updated)
[2026-01-01 10:03:13]   [emp_id: 3815] ✓ Refreshed: 89.87 (unchanged value, timestamp updated)
[2026-01-01 10:03:13]   [emp_id: 3836] ✓ Refreshed: 57.54 (unchanged value, timestamp updated)
[2026-01-01 10:03:13]   [emp_id: 3855] ✓ Refreshed: 50.7 (unchanged value, timestamp updated)
[2026-01-01 10:03:13]   [emp_id: 3857] ✓ Refreshed: 54.37 (unchanged value, timestamp updated)
[2026-01-01 10:03:13]   [emp_id: 3862] ✓ Refreshed: 102.45 (unchanged value, timestamp updated)
[2026-01-01 10:03:13]   [emp_id: 3866] ✓ Refreshed: 27.7 (unchanged value, timestamp updated)
[2026-01-01 10:03:13]   [emp_id: 3876] ✓ Refreshed: 11.87 (unchanged value, timestamp updated)
[2026-01-01 10:03:13]   [emp_id: 3877] ✓ Refreshed: 49.37 (unchanged value, timestamp updated)
[2026-01-01 10:03:13]   [emp_id: 3897] ✓ Refreshed: 37.62 (unchanged value, timestamp updated)
[2026-01-01 10:03:13]   [emp_id: 3899] ✓ Refreshed: 0.8 (unchanged value, timestamp updated)
[2026-01-01 10:03:13]   [emp_id: 3928] ✓ Refreshed: 13.7 (unchanged value, timestamp updated)
[2026-01-01 10:03:13]   [emp_id: 3929] ✓ Refreshed: 8.7 (unchanged value, timestamp updated)
[2026-01-01 10:03:13]   [emp_id: 3935] ✓ Refreshed: 93.7 (unchanged value, timestamp updated)
[2026-01-01 10:03:13]   [emp_id: 3952] ✓ Refreshed: 76.04 (unchanged value, timestamp updated)
[2026-01-01 10:03:13]   [emp_id: 3987] ✓ Refreshed: 13.95 (unchanged value, timestamp updated)
[2026-01-01 10:03:13]   [emp_id: 4059] ✓ Refreshed: 3.15 (unchanged value, timestamp updated)
[2026-01-01 10:03:13]   [emp_id: 4119] ✓ Refreshed: 56.62 (unchanged value, timestamp updated)
[2026-01-01 10:03:13]   [emp_id: 4120] ✓ Refreshed: 26.2 (unchanged value, timestamp updated)
[2026-01-01 10:03:13]   [emp_id: 4124] ✓ Refreshed: 26.72 (unchanged value, timestamp updated)
[2026-01-01 10:03:13]   [emp_id: 4133] ✓ Refreshed: 105.2 (unchanged value, timestamp updated)
[2026-01-01 10:03:13]   [emp_id: 4134] ✓ Refreshed: 26.2 (unchanged value, timestamp updated)
[2026-01-01 10:03:13]   [emp_id: 4136] ✓ Refreshed: 26.2 (unchanged value, timestamp updated)
[2026-01-01 10:03:13]   [emp_id: 4150] ✓ Refreshed: 24.87 (unchanged value, timestamp updated)
[2026-01-01 10:03:13]   [emp_id: 4157] ✓ Refreshed: 18.37 (unchanged value, timestamp updated)
[2026-01-01 10:03:13]   [emp_id: 4172] ✓ Refreshed: 12.26 (unchanged value, timestamp updated)
[2026-01-01 10:03:13]   [emp_id: 4195] ✓ Refreshed: 61.95 (unchanged value, timestamp updated)
[2026-01-01 10:03:13]   [emp_id: 4215] ✓ Refreshed: 44.62 (unchanged value, timestamp updated)
[2026-01-01 10:03:13]   [emp_id: 4220] ✓ Refreshed: 40.2 (unchanged value, timestamp updated)
[2026-01-01 10:03:13]   [emp_id: 4273] ✓ Refreshed: 8.87 (unchanged value, timestamp updated)
[2026-01-01 10:03:13]   [emp_id: 4283] ✓ Refreshed: 13.35 (unchanged value, timestamp updated)
[2026-01-01 10:03:13]   [emp_id: 4288] ✓ Refreshed: 1.12 (unchanged value, timestamp updated)
[2026-01-01 10:03:13]   [emp_id: 4315] ✓ Refreshed: 12.12 (unchanged value, timestamp updated)
[2026-01-01 10:03:13]   [emp_id: 4328] ✓ Refreshed: 42.18 (unchanged value, timestamp updated)
[2026-01-01 10:03:13]   [emp_id: 4329] ✓ Refreshed: 5.29 (unchanged value, timestamp updated)
[2026-01-01 10:03:13]   [emp_id: 4338] ✓ Refreshed: 46.87 (unchanged value, timestamp updated)
[2026-01-01 10:03:13]   [emp_id: 4340] ✓ Refreshed: 125.87 (unchanged value, timestamp updated)
[2026-01-01 10:03:13]   [emp_id: 4365] ✓ Refreshed: 60.29 (unchanged value, timestamp updated)
[2026-01-01 10:03:13]   [emp_id: 4366] ✓ Refreshed: 59.37 (unchanged value, timestamp updated)
[2026-01-01 10:03:13]   [emp_id: 4403] ✓ Refreshed: 85.2 (unchanged value, timestamp updated)
[2026-01-01 10:03:13]   [emp_id: 4438] ✓ Refreshed: 20.87 (unchanged value, timestamp updated)
[2026-01-01 10:03:13]   [emp_id: 4465] ✓ Refreshed: 12.51 (unchanged value, timestamp updated)
[2026-01-01 10:03:13]   [emp_id: 4473] ✓ Refreshed: 44.45 (unchanged value, timestamp updated)
[2026-01-01 10:03:13]   [emp_id: 4474] ✓ Refreshed: 0.1 (unchanged value, timestamp updated)
[2026-01-01 10:03:13]   [emp_id: 4493] ✓ Refreshed: 163.29 (unchanged value, timestamp updated)
[2026-01-01 10:03:13]   [emp_id: 4526] ✓ Refreshed: 35.54 (unchanged value, timestamp updated)
[2026-01-01 10:03:13]   [emp_id: 4528] ✓ Refreshed: 107.29 (unchanged value, timestamp updated)
[2026-01-01 10:03:13]   [emp_id: 4528] ✓ Refreshed: 107.29 (unchanged value, timestamp updated)
[2026-01-01 10:03:13]   [emp_id: 4532] ✓ Refreshed: 7.63 (unchanged value, timestamp updated)
[2026-01-01 10:03:13]   [emp_id: 4533] ✓ Refreshed: 35.7 (unchanged value, timestamp updated)
[2026-01-01 10:03:13]   [emp_id: 4564] ✓ Refreshed: 25.26 (unchanged value, timestamp updated)
[2026-01-01 10:03:13]   [emp_id: 4565] ✓ Refreshed: 15.01 (unchanged value, timestamp updated)
[2026-01-01 10:03:13]   [emp_id: 4567] ✓ Refreshed: 19.26 (unchanged value, timestamp updated)
[2026-01-01 10:03:13]   [emp_id: 4572] ✓ Refreshed: 58.76 (unchanged value, timestamp updated)
[2026-01-01 10:03:13]   [emp_id: 4631] ✓ Refreshed: 15.01 (unchanged value, timestamp updated)
[2026-01-01 10:03:13]   [emp_id: 4655] ✓ Refreshed: 24.62 (unchanged value, timestamp updated)
[2026-01-01 10:03:13]   [emp_id: 4689] ✓ Refreshed: 2.39 (unchanged value, timestamp updated)
[2026-01-01 10:03:13]   [emp_id: 4709] ✓ Refreshed: 39.87 (unchanged value, timestamp updated)
[2026-01-01 10:03:13]   [emp_id: 4717] ✓ Refreshed: 65.87 (unchanged value, timestamp updated)
[2026-01-01 10:03:13]   [emp_id: 4736] ✓ Refreshed: 27.7 (unchanged value, timestamp updated)
[2026-01-01 10:03:13]   [emp_id: 4756] ✓ Refreshed: 11.45 (unchanged value, timestamp updated)
[2026-01-01 10:03:13]   [emp_id: 4768] ✓ Refreshed: 12.37 (unchanged value, timestamp updated)
[2026-01-01 10:03:13]   [emp_id: 4780] ✓ Refreshed: 65.18 (unchanged value, timestamp updated)
[2026-01-01 10:03:13]   [emp_id: 4820] ✓ Refreshed: 98.7 (unchanged value, timestamp updated)
[2026-01-01 10:03:13]   [emp_id: 4825] ✓ Refreshed: 30.45 (unchanged value, timestamp updated)
[2026-01-01 10:03:13]   [emp_id: 4835] ✓ Refreshed: 47.93 (unchanged value, timestamp updated)
[2026-01-01 10:03:13]   [emp_id: 4837] ✓ Refreshed: 45.17 (unchanged value, timestamp updated)
[2026-01-01 10:03:13]   [emp_id: 4838] ✓ Refreshed: 44.19 (unchanged value, timestamp updated)
[2026-01-01 10:03:13]   [emp_id: 4840] ✓ Refreshed: 45.17 (unchanged value, timestamp updated)
[2026-01-01 10:03:13]   [emp_id: 4842] ✓ Refreshed: 44.41 (unchanged value, timestamp updated)
[2026-01-01 10:03:13]   [emp_id: 4843] ✓ Refreshed: 44.94 (unchanged value, timestamp updated)
[2026-01-01 10:03:13]   [emp_id: 4853] ✓ Refreshed: 88.76 (unchanged value, timestamp updated)
[2026-01-01 10:03:13]   [emp_id: 4856] ✓ Refreshed: 42.08 (unchanged value, timestamp updated)
[2026-01-01 10:03:13]   [emp_id: 4857] ✓ Refreshed: 24.9 (unchanged value, timestamp updated)
[2026-01-01 10:03:13]   [emp_id: 4858] ✓ Refreshed: 21.78 (unchanged value, timestamp updated)
[2026-01-01 10:03:13]   [emp_id: 4859] ✓ Refreshed: 43.25 (unchanged value, timestamp updated)
[2026-01-01 10:03:13]   [emp_id: 4860] ✓ Refreshed: 7.75 (unchanged value, timestamp updated)
[2026-01-01 10:03:13]   [emp_id: 4861] ✓ Refreshed: 41.21 (unchanged value, timestamp updated)
[2026-01-01 10:03:13]   [emp_id: 4869] ✓ Refreshed: 84.09 (unchanged value, timestamp updated)
[2026-01-01 10:03:13]   [emp_id: 4894] ✓ Refreshed: 7.37 (unchanged value, timestamp updated)
[2026-01-01 10:03:13]   [emp_id: 4897] ✓ Refreshed: 22.99 (unchanged value, timestamp updated)
[2026-01-01 10:03:13]   [emp_id: 4899] ✓ Refreshed: 19.16 (unchanged value, timestamp updated)
[2026-01-01 10:03:13]   [emp_id: 4902] ✓ Refreshed: 18.58 (unchanged value, timestamp updated)
[2026-01-01 10:03:13]   [emp_id: 4903] ✓ Refreshed: 20.8 (unchanged value, timestamp updated)
[2026-01-01 10:03:13]   [emp_id: 4905] ✓ Refreshed: 19.46 (unchanged value, timestamp updated)
[2026-01-01 10:03:13]   [emp_id: 4907] ✓ Refreshed: 47.45 (unchanged value, timestamp updated)
[2026-01-01 10:03:13]   [emp_id: 4917] ✓ Refreshed: 16.42 (unchanged value, timestamp updated)
[2026-01-01 10:03:13]   [emp_id: 4918] ✓ Refreshed: 6.19 (unchanged value, timestamp updated)
[2026-01-01 10:03:13]   [emp_id: 4919] ✓ Refreshed: 58.48 (unchanged value, timestamp updated)
[2026-01-01 10:03:13]   [emp_id: 4920] ✓ Refreshed: 5.56 (unchanged value, timestamp updated)
[2026-01-01 10:03:13]   [emp_id: 4921] ✓ Refreshed: 17.65 (unchanged value, timestamp updated)
[2026-01-01 10:03:13]   [emp_id: 4927] ✓ Refreshed: 16.48 (unchanged value, timestamp updated)
[2026-01-01 10:03:13]   [emp_id: 4929] ✓ Refreshed: 18 (unchanged value, timestamp updated)
[2026-01-01 10:03:13]   [emp_id: 4930] ✓ Refreshed: 58.77 (unchanged value, timestamp updated)
[2026-01-01 10:03:13]   [emp_id: 4932] ✓ Refreshed: 16.77 (unchanged value, timestamp updated)
[2026-01-01 10:03:13]   [emp_id: 4933] ✓ Refreshed: 20.18 (unchanged value, timestamp updated)
[2026-01-01 10:03:13]   [emp_id: 4949] ✓ Refreshed: 35.61 (unchanged value, timestamp updated)
[2026-01-01 10:03:13]   [emp_id: 4956] ✓ Refreshed: 29.2 (unchanged value, timestamp updated)
[2026-01-01 10:03:13]   [emp_id: 4957] ✓ Refreshed: 29.87 (unchanged value, timestamp updated)
[2026-01-01 10:03:13]   [emp_id: 4962] ✓ Refreshed: 46.81 (unchanged value, timestamp updated)
[2026-01-01 10:03:13]   [emp_id: 4969] ✓ Refreshed: 46.12 (unchanged value, timestamp updated)
[2026-01-01 10:03:13]   [emp_id: 4976] ✓ Refreshed: 9.89 (unchanged value, timestamp updated)
[2026-01-01 10:03:13]   [emp_id: 4984] ✓ Refreshed: 37.37 (unchanged value, timestamp updated)
[2026-01-01 10:03:13]   [emp_id: 4995] ✓ Refreshed: 49.44 (unchanged value, timestamp updated)
[2026-01-01 10:03:13]   [emp_id: 5004] ✓ Refreshed: 26.83 (unchanged value, timestamp updated)
[2026-01-01 10:03:13]   [emp_id: 5006] ✓ Refreshed: 26.57 (unchanged value, timestamp updated)
[2026-01-01 10:03:13]   [emp_id: 5011] ✓ Refreshed: 13.04 (unchanged value, timestamp updated)
[2026-01-01 10:03:13]   [emp_id: 5013] ✓ Refreshed: 66.94 (unchanged value, timestamp updated)
[2026-01-01 10:03:13]   [emp_id: 5018] ✓ Refreshed: 3.43 (unchanged value, timestamp updated)
[2026-01-01 10:03:13]   [emp_id: 5021] ✓ Refreshed: 60.47 (unchanged value, timestamp updated)
[2026-01-01 10:03:13]   [emp_id: 5024] ✓ Refreshed: 1.45 (unchanged value, timestamp updated)
[2026-01-01 10:03:13]   [emp_id: 5030] ✓ Refreshed: 31.4 (unchanged value, timestamp updated)
[2026-01-01 10:03:13]   [emp_id: 5033] ✓ Refreshed: 22.2 (unchanged value, timestamp updated)
[2026-01-01 10:03:13]   [emp_id: 5043] ✓ Refreshed: 30.04 (unchanged value, timestamp updated)
[2026-01-01 10:03:13]   [emp_id: 5045] ✓ Refreshed: 26.54 (unchanged value, timestamp updated)
[2026-01-01 10:03:13]   [emp_id: 5046] ✓ Refreshed: 21.73 (unchanged value, timestamp updated)
[2026-01-01 10:03:13]   [emp_id: 5049] ✓ Refreshed: 38.88 (unchanged value, timestamp updated)
[2026-01-01 10:03:13]   [emp_id: 5052] ✓ Refreshed: 30.16 (unchanged value, timestamp updated)
[2026-01-01 10:03:13]   [emp_id: 5055] ✓ Refreshed: 18.6 (unchanged value, timestamp updated)
[2026-01-01 10:03:13]   [emp_id: 5058] ✓ Refreshed: 27.58 (unchanged value, timestamp updated)
[2026-01-01 10:03:13]   [emp_id: 5062] ✓ Refreshed: 39.41 (unchanged value, timestamp updated)
[2026-01-01 10:03:13]   [emp_id: 5064] ✓ Refreshed: 117.37 (unchanged value, timestamp updated)
[2026-01-01 10:03:13]   [emp_id: 5065] ✓ Refreshed: 38.82 (unchanged value, timestamp updated)
[2026-01-01 10:03:14]   [emp_id: 5071] ✓ Refreshed: 22.87 (unchanged value, timestamp updated)
[2026-01-01 10:03:14]   [emp_id: 5073] ✓ Refreshed: 13.42 (unchanged value, timestamp updated)
[2026-01-01 10:03:14]   [emp_id: 5079] ✓ Refreshed: 33.98 (unchanged value, timestamp updated)
[2026-01-01 10:03:14]   [emp_id: 5080] ✓ Refreshed: 29.31 (unchanged value, timestamp updated)
[2026-01-01 10:03:14]   [emp_id: 5081] ✓ Refreshed: 15.57 (unchanged value, timestamp updated)
[2026-01-01 10:03:14]   [emp_id: 5087] ✓ Refreshed: 35.61 (unchanged value, timestamp updated)
[2026-01-01 10:03:14]   [emp_id: 5091] ✓ Refreshed: 75.46 (unchanged value, timestamp updated)
[2026-01-01 10:03:14]   [emp_id: 5093] ✓ Refreshed: 14.04 (unchanged value, timestamp updated)
[2026-01-01 10:03:14]   [emp_id: 5095] ✓ Refreshed: 1 (unchanged value, timestamp updated)
[2026-01-01 10:03:14]   [emp_id: 5101] ✓ Refreshed: 16.12 (unchanged value, timestamp updated)
[2026-01-01 10:03:14]   [emp_id: 5107] ✓ Refreshed: 14.45 (unchanged value, timestamp updated)
[2026-01-01 10:03:14]   [emp_id: 5109] ✓ Refreshed: 11.7 (unchanged value, timestamp updated)
[2026-01-01 10:03:14]   [emp_id: 5119] ✓ Refreshed: 9.87 (unchanged value, timestamp updated)
[2026-01-01 10:03:14]   [emp_id: 5122] ✓ Refreshed: 7.04 (unchanged value, timestamp updated)
[2026-01-01 10:03:14]   [emp_id: 5126] ✓ Refreshed: 26.34 (unchanged value, timestamp updated)
[2026-01-01 10:03:14]   [emp_id: 5127] ✓ Refreshed: 23.13 (unchanged value, timestamp updated)
[2026-01-01 10:03:14]   [emp_id: 5128] ✓ Refreshed: 26.28 (unchanged value, timestamp updated)
[2026-01-01 10:03:14]   [emp_id: 5138] ✓ Refreshed: 65.7 (unchanged value, timestamp updated)
[2026-01-01 10:03:14]   [emp_id: 5138] ✓ Refreshed: 65.7 (unchanged value, timestamp updated)
[2026-01-01 10:03:14]   [emp_id: 5141] ✓ Refreshed: 34.65 (unchanged value, timestamp updated)
[2026-01-01 10:03:14]   [emp_id: 5142] ✓ Refreshed: 13.65 (unchanged value, timestamp updated)
[2026-01-01 10:03:14]   [emp_id: 5146] ✓ Refreshed: 20.65 (unchanged value, timestamp updated)
[2026-01-01 10:03:14]   [emp_id: 5147] ✓ Refreshed: 19.65 (unchanged value, timestamp updated)
[2026-01-01 10:03:14]   [emp_id: 5148] ✓ Refreshed: 25 (unchanged value, timestamp updated)
[2026-01-01 10:03:14]   [emp_id: 5149] ✓ Refreshed: 23.89 (unchanged value, timestamp updated)
[2026-01-01 10:03:14]   [emp_id: 5150] ✓ Refreshed: 23.25 (unchanged value, timestamp updated)
[2026-01-01 10:03:14]   [emp_id: 5151] ✓ Refreshed: 23.07 (unchanged value, timestamp updated)
[2026-01-01 10:03:14]   [emp_id: 5152] ✓ Refreshed: 3.49 (unchanged value, timestamp updated)
[2026-01-01 10:03:14]   [emp_id: 5157] ✓ Refreshed: 23.07 (unchanged value, timestamp updated)
[2026-01-01 10:03:14]   [emp_id: 5160] ✓ Refreshed: 0 (unchanged value, timestamp updated)
[2026-01-01 10:03:14]   [emp_id: 5163] ✓ Refreshed: 20.86 (unchanged value, timestamp updated)
[2026-01-01 10:03:14]   [emp_id: 5165] ✓ Refreshed: 1.14 (unchanged value, timestamp updated)
[2026-01-01 10:03:14]   [emp_id: 5167] ✓ Refreshed: 30.01 (unchanged value, timestamp updated)
[2026-01-01 10:03:14]   [emp_id: 5168] ✓ Refreshed: 22.55 (unchanged value, timestamp updated)
[2026-01-01 10:03:14]   [emp_id: 5173] ✓ Refreshed: 24.79 (unchanged value, timestamp updated)
[2026-01-01 10:03:14]   [emp_id: 5174] ✓ Refreshed: 23.01 (unchanged value, timestamp updated)
[2026-01-01 10:03:14]   [emp_id: 5181] ✓ Refreshed: 19.4 (unchanged value, timestamp updated)
[2026-01-01 10:03:14]   [emp_id: 5186] ✓ Refreshed: 24.93 (unchanged value, timestamp updated)
[2026-01-01 10:03:14]   [emp_id: 5187] ✓ Refreshed: 35.93 (unchanged value, timestamp updated)
[2026-01-01 10:03:14]   [emp_id: 5204] ✓ Refreshed: 16.29 (unchanged value, timestamp updated)
[2026-01-01 10:03:14]   [emp_id: 5205] ✓ Refreshed: 12.14 (unchanged value, timestamp updated)
[2026-01-01 10:03:14]   [emp_id: 5209] ✓ Refreshed: 15.14 (unchanged value, timestamp updated)
[2026-01-01 10:03:14]   [emp_id: 5213] ✓ Refreshed: 1.55 (unchanged value, timestamp updated)
[2026-01-01 10:03:14]   [emp_id: 5214] ✓ Refreshed: 3.39 (unchanged value, timestamp updated)
[2026-01-01 10:03:14]   [emp_id: 5215] ✓ Refreshed: 10.14 (unchanged value, timestamp updated)
[2026-01-01 10:03:14]   [emp_id: 5217] ✓ Refreshed: 9.14 (unchanged value, timestamp updated)
[2026-01-01 10:03:14]   [emp_id: 5219] ✓ Refreshed: 13.14 (unchanged value, timestamp updated)
[2026-01-01 10:03:14]   [emp_id: 5221] ✓ Refreshed: 4.51 (unchanged value, timestamp updated)
[2026-01-01 10:03:14]   [emp_id: 5224] ✓ Refreshed: 14.14 (unchanged value, timestamp updated)
[2026-01-01 10:03:14]   [emp_id: 5225] ✓ Refreshed: 0.81 (unchanged value, timestamp updated)
[2026-01-01 10:03:14]   [emp_id: 5228] ✓ Refreshed: 9.14 (unchanged value, timestamp updated)
[2026-01-01 10:03:14]   [emp_id: 5229] ✓ Refreshed: 5.14 (unchanged value, timestamp updated)
[2026-01-01 10:03:14]   [emp_id: 5230] ✓ Refreshed: 11.81 (unchanged value, timestamp updated)
[2026-01-01 10:03:14]   [emp_id: 5231] ✓ Refreshed: 6.14 (unchanged value, timestamp updated)
[2026-01-01 10:03:14]   [emp_id: 5232] ✓ Refreshed: 11.14 (unchanged value, timestamp updated)
[2026-01-01 10:03:14]   [emp_id: 5233] ✓ Refreshed: 4.14 (unchanged value, timestamp updated)
[2026-01-01 10:03:14]   [emp_id: 5234] ✓ Refreshed: 4.14 (unchanged value, timestamp updated)
[2026-01-01 10:03:14]   [emp_id: 5235] ✓ Refreshed: 4.81 (unchanged value, timestamp updated)
[2026-01-01 10:03:14]   [emp_id: 5237] ✓ Refreshed: 10.39 (unchanged value, timestamp updated)
[2026-01-01 10:03:14]   [emp_id: 5239] ✓ Refreshed: 7.14 (unchanged value, timestamp updated)
[2026-01-01 10:03:14]   [emp_id: 5241] ✓ Refreshed: 5.14 (unchanged value, timestamp updated)
[2026-01-01 10:03:14]   [emp_id: 5242] ✓ Refreshed: 15.14 (unchanged value, timestamp updated)
[2026-01-01 10:03:14]   [emp_id: 5243] ✓ Refreshed: 1.55 (unchanged value, timestamp updated)
[2026-01-01 10:03:14]   [emp_id: 5244] ✓ Refreshed: 0.85 (unchanged value, timestamp updated)
[2026-01-01 10:03:14]   [emp_id: 5246] ✓ Refreshed: 11.14 (unchanged value, timestamp updated)
[2026-01-01 10:03:14]   [emp_id: 5253] ✓ Refreshed: 24.01 (unchanged value, timestamp updated)
[2026-01-01 10:03:14]   [emp_id: 5254] ✓ Refreshed: 11.99 (unchanged value, timestamp updated)
[2026-01-01 10:03:14]   [emp_id: 5257] ✓ Refreshed: 11.7 (unchanged value, timestamp updated)
[2026-01-01 10:03:14]   [emp_id: 5259] ✓ Refreshed: 48.23 (unchanged value, timestamp updated)
[2026-01-01 10:03:14]   [emp_id: 5261] ✓ Refreshed: 15.89 (unchanged value, timestamp updated)
[2026-01-01 10:03:14]   [emp_id: 5264] ✓ Refreshed: 25.71 (unchanged value, timestamp updated)
[2026-01-01 10:03:14]   [emp_id: 5266] ✓ Refreshed: 20.33 (unchanged value, timestamp updated)
[2026-01-01 10:03:14]   [emp_id: 5268] ✓ Refreshed: 8.9 (unchanged value, timestamp updated)
[2026-01-01 10:03:14]   [emp_id: 5271] ✓ Refreshed: 7.56 (unchanged value, timestamp updated)
[2026-01-01 10:03:14]   [emp_id: 5272] ✓ Refreshed: 8.43 (unchanged value, timestamp updated)
[2026-01-01 10:03:14]   [emp_id: 5273] ✓ Refreshed: 23.5 (unchanged value, timestamp updated)
[2026-01-01 10:03:14]   [emp_id: 5275] ✓ Refreshed: 9.25 (unchanged value, timestamp updated)
[2026-01-01 10:03:14]   [emp_id: 5276] ✓ Refreshed: 23.52 (unchanged value, timestamp updated)
[2026-01-01 10:03:14]   [emp_id: 5278] ✓ Refreshed: 7.91 (unchanged value, timestamp updated)
[2026-01-01 10:03:14]   [emp_id: 5280] ✓ Refreshed: 18.31 (unchanged value, timestamp updated)
[2026-01-01 10:03:14]   [emp_id: 5282] ✓ Refreshed: 11.37 (unchanged value, timestamp updated)
[2026-01-01 10:03:14]   [emp_id: 5285] ✓ Refreshed: 28.31 (unchanged value, timestamp updated)
[2026-01-01 10:03:14]   [emp_id: 5286] ✓ Refreshed: 15.31 (unchanged value, timestamp updated)
[2026-01-01 10:03:14]   [emp_id: 5287] ✓ Refreshed: 49.61 (unchanged value, timestamp updated)
[2026-01-01 10:03:14]   [emp_id: 5288] ✓ Refreshed: 6.88 (unchanged value, timestamp updated)
[2026-01-01 10:03:14]   [emp_id: 5289] ✓ Refreshed: 48.16 (unchanged value, timestamp updated)
[2026-01-01 10:03:14]   [emp_id: 5290] ✓ Refreshed: 46.93 (unchanged value, timestamp updated)
[2026-01-01 10:03:14]   [emp_id: 5291] ✓ Refreshed: 4.93 (unchanged value, timestamp updated)
[2026-01-01 10:03:14]   [emp_id: 5292] ✓ Refreshed: 4.87 (unchanged value, timestamp updated)
[2026-01-01 10:03:14]   [emp_id: 5293] ✓ Refreshed: 37.54 (unchanged value, timestamp updated)
[2026-01-01 10:03:14]   [emp_id: 5294] ✓ Refreshed: 7.29 (unchanged value, timestamp updated)
[2026-01-01 10:03:14]   [emp_id: 5295] ✓ Refreshed: 21.11 (unchanged value, timestamp updated)
[2026-01-01 10:03:14]   [emp_id: 5296] ✓ Refreshed: 34.31 (unchanged value, timestamp updated)
[2026-01-01 10:03:14]   [emp_id: 5297] ✓ Refreshed: 45.53 (unchanged value, timestamp updated)
[2026-01-01 10:03:14]   [emp_id: 5298] ✓ Refreshed: 45.53 (unchanged value, timestamp updated)
[2026-01-01 10:03:14]   [emp_id: 5299] ✓ Refreshed: 45.53 (unchanged value, timestamp updated)
[2026-01-01 10:03:14]   [emp_id: 5300] ✓ Refreshed: 45.53 (unchanged value, timestamp updated)
[2026-01-01 10:03:14]   [emp_id: 5301] ✓ Refreshed: 3.35 (unchanged value, timestamp updated)
[2026-01-01 10:03:14]   [emp_id: 5303] ✓ Refreshed: 3.78 (unchanged value, timestamp updated)
[2026-01-01 10:03:14]   [emp_id: 5304] ✓ Refreshed: 45.53 (unchanged value, timestamp updated)
[2026-01-01 10:03:14]   [emp_id: 5305] ✓ Refreshed: 3.53 (unchanged value, timestamp updated)
[2026-01-01 10:03:14]   [emp_id: 5306] ✓ Refreshed: 45.24 (unchanged value, timestamp updated)
[2026-01-01 10:03:14]   [emp_id: 5307] ✓ Refreshed: 45.24 (unchanged value, timestamp updated)
[2026-01-01 10:03:14]   [emp_id: 5312] ✓ Refreshed: 0.85 (unchanged value, timestamp updated)
[2026-01-01 10:03:14]   [emp_id: 5318] ✓ Refreshed: 25.95 (unchanged value, timestamp updated)
[2026-01-01 10:03:14]   [emp_id: 5325] ✓ Refreshed: 21.91 (unchanged value, timestamp updated)
[2026-01-01 10:03:14]   [emp_id: 5327] ✓ Refreshed: 1 (unchanged value, timestamp updated)
[2026-01-01 10:03:14]   [emp_id: 5337] ✓ Refreshed: 35.2 (unchanged value, timestamp updated)
[2026-01-01 10:03:14]   [emp_id: 5339] ✓ Refreshed: 10.1 (unchanged value, timestamp updated)
[2026-01-01 10:03:14]   [emp_id: 5343] ✓ Refreshed: 45.12 (unchanged value, timestamp updated)
[2026-01-01 10:03:14]   [emp_id: 5343] ✓ Refreshed: 45.12 (unchanged value, timestamp updated)
[2026-01-01 10:03:14]   [emp_id: 5345] ✓ Refreshed: 14.95 (unchanged value, timestamp updated)
[2026-01-01 10:03:14]   [emp_id: 5346] ✓ Refreshed: 1.82 (unchanged value, timestamp updated)
[2026-01-01 10:03:14]   [emp_id: 5351] ✓ Refreshed: 16.76 (unchanged value, timestamp updated)
[2026-01-01 10:03:14]   [emp_id: 5352] ✓ Refreshed: 25.37 (unchanged value, timestamp updated)
[2026-01-01 10:03:14]   [emp_id: 5370] ✓ Refreshed: 15.41 (unchanged value, timestamp updated)
[2026-01-01 10:03:14]   [emp_id: 5371] ✓ Refreshed: 1.28 (unchanged value, timestamp updated)
[2026-01-01 10:03:14]   [emp_id: 5376] ✓ Refreshed: 10.01 (unchanged value, timestamp updated)
[2026-01-01 10:03:14]   [emp_id: 5378] ✓ Refreshed: 17.2 (unchanged value, timestamp updated)
[2026-01-01 10:03:14]   [emp_id: 5380] ✓ Refreshed: 16.42 (unchanged value, timestamp updated)
[2026-01-01 10:03:14]   [emp_id: 5381] ✓ Refreshed: 11.64 (unchanged value, timestamp updated)
[2026-01-01 10:03:14]   [emp_id: 5383] ✓ Refreshed: 15.95 (unchanged value, timestamp updated)
[2026-01-01 10:03:14]   [emp_id: 5388] ✓ Refreshed: 27.2 (unchanged value, timestamp updated)
[2026-01-01 10:03:14]   [emp_id: 5396] ✓ Refreshed: 28.44 (unchanged value, timestamp updated)
[2026-01-01 10:03:14]   [emp_id: 5397] ✓ Refreshed: 19.9 (unchanged value, timestamp updated)
[2026-01-01 10:03:14]   [emp_id: 5401] ✓ Refreshed: 23.01 (unchanged value, timestamp updated)
[2026-01-01 10:03:14]   [emp_id: 5402] ✓ Refreshed: 23.13 (unchanged value, timestamp updated)
[2026-01-01 10:03:14]   [emp_id: 5406] ✓ Refreshed: 21.85 (unchanged value, timestamp updated)
[2026-01-01 10:03:14]   [emp_id: 5407] ✓ Refreshed: 15.72 (unchanged value, timestamp updated)
[2026-01-01 10:03:14]   [emp_id: 5409] ✓ Refreshed: 16.19 (unchanged value, timestamp updated)
[2026-01-01 10:03:14]   [emp_id: 5413] ✓ Refreshed: 22.12 (unchanged value, timestamp updated)
[2026-01-01 10:03:14]   [emp_id: 5414] ✓ Refreshed: 27.79 (unchanged value, timestamp updated)
[2026-01-01 10:03:14]   [emp_id: 5415] ✓ Refreshed: 3.72 (unchanged value, timestamp updated)
[2026-01-01 10:03:14]   [emp_id: 5418] ✓ Refreshed: 15.25 (unchanged value, timestamp updated)
[2026-01-01 10:03:14]   [emp_id: 5422] ✓ Refreshed: 20.45 (unchanged value, timestamp updated)
[2026-01-01 10:03:14]   [emp_id: 5423] ✓ Refreshed: 5.14 (unchanged value, timestamp updated)
[2026-01-01 10:03:14]   [emp_id: 5425] ✓ Refreshed: 13.8 (unchanged value, timestamp updated)
[2026-01-01 10:03:14]   [emp_id: 5426] ✓ Refreshed: 3.69 (unchanged value, timestamp updated)
[2026-01-01 10:03:14]   [emp_id: 5426] ✓ Refreshed: 3.69 (unchanged value, timestamp updated)
[2026-01-01 10:03:14]   [emp_id: 5427] ✓ Refreshed: 13.91 (unchanged value, timestamp updated)
[2026-01-01 10:03:14]   [emp_id: 5428] ✓ Refreshed: 13.8 (unchanged value, timestamp updated)
[2026-01-01 10:03:14]   [emp_id: 5430] ✓ Refreshed: 17.45 (unchanged value, timestamp updated)
[2026-01-01 10:03:14]   [emp_id: 5431] ✓ Refreshed: 12.92 (unchanged value, timestamp updated)
[2026-01-01 10:03:14]   [emp_id: 5434] ✓ Refreshed: 12.69 (unchanged value, timestamp updated)
[2026-01-01 10:03:14]   [emp_id: 5435] ✓ Refreshed: 12.63 (unchanged value, timestamp updated)
[2026-01-01 10:03:14]   [emp_id: 5436] ✓ Refreshed: 12.63 (unchanged value, timestamp updated)
[2026-01-01 10:03:14]   [emp_id: 5438] ✓ Refreshed: 15.37 (unchanged value, timestamp updated)
[2026-01-01 10:03:14]   [emp_id: 5439] ✓ Refreshed: 24.87 (unchanged value, timestamp updated)
[2026-01-01 10:03:14]   [emp_id: 5442] ✓ Refreshed: 13.87 (unchanged value, timestamp updated)
[2026-01-01 10:03:15]   [emp_id: 5445] ✓ Refreshed: 7.09 (unchanged value, timestamp updated)
[2026-01-01 10:03:15]   [emp_id: 5446] ✓ Refreshed: 7.09 (unchanged value, timestamp updated)
[2026-01-01 10:03:15]   [emp_id: 5447] ✓ Refreshed: 7.03 (unchanged value, timestamp updated)
[2026-01-01 10:03:15]   [emp_id: 5448] ✓ Refreshed: 6.89 (unchanged value, timestamp updated)
[2026-01-01 10:03:15]   [emp_id: 5449] ✓ Refreshed: 5.11 (unchanged value, timestamp updated)
[2026-01-01 10:03:15]   [emp_id: 5450] ✓ Refreshed: 5.05 (unchanged value, timestamp updated)
[2026-01-01 10:03:15]   [emp_id: 5451] ✓ Refreshed: 5.05 (unchanged value, timestamp updated)
[2026-01-01 10:03:15]   [emp_id: 5454] ✓ Refreshed: 6.95 (unchanged value, timestamp updated)
[2026-01-01 10:03:15]   [emp_id: 5455] ✓ Refreshed: 5.2 (unchanged value, timestamp updated)
[2026-01-01 10:03:15]   [emp_id: 5456] ✓ Refreshed: 6.2 (unchanged value, timestamp updated)
[2026-01-01 10:03:15] Report saved to: /home/almutlak/public_html/hr/cron_logs/last_vacation_update_report.json
[2026-01-01 10:09:39] ========== CRON: Vacation Balance Update Started ==========
[2026-01-01 10:09:39] FORCE RUN enabled: Bypassing once-per-day restriction
[2026-01-01 10:09:39] Database connection established
[2026-01-01 10:09:39] Found 427 active employees with balance records to update
[2026-01-01 10:09:39] (Only employees with status=1 will be processed)
[2026-01-01 10:09:39]   [emp_id: 1061] ✓ Updated: 0.16 → 0 (CHANGED)
[2026-01-01 10:09:39]   [emp_id: 1496] ✓ Updated: 16.29 → 20.67 (CHANGED)
[2026-01-01 10:09:39]   [emp_id: 1500] ✓ Updated: 3.97 → 20.67 (CHANGED)
[2026-01-01 10:09:39]   [emp_id: 1574] ✓ Updated: 33.2 → 0 (CHANGED)
[2026-01-01 10:09:39]   [emp_id: 1673] ✓ Updated: 44.7 → 15 (CHANGED)
[2026-01-01 10:09:39]   [emp_id: 1685] ✓ Updated: 14.62 → 14.75 (CHANGED)
[2026-01-01 10:09:39]   [emp_id: 1764] ✓ Updated: 69.29 → 40.83 (CHANGED)
[2026-01-01 10:09:39]   [emp_id: 1805] ✓ Updated: 63.62 → 0 (CHANGED)
[2026-01-01 10:09:39]   [emp_id: 1822] ✓ Updated: 68.37 → 38.5 (CHANGED)
[2026-01-01 10:09:39]   [emp_id: 1837] ✓ Updated: 24.54 → 30 (CHANGED)
[2026-01-01 10:09:39]   [emp_id: 1857] ✓ Updated: 19.87 → 0 (CHANGED)
[2026-01-01 10:09:39]   [emp_id: 1861] ✓ Updated: 70.7 → 19.5 (CHANGED)
[2026-01-01 10:09:39]   [emp_id: 1872] ✓ Updated: 9.54 → 10.83 (CHANGED)
[2026-01-01 10:09:39]   [emp_id: 1897] ✓ Updated: 4.87 → 0 (CHANGED)
[2026-01-01 10:09:39]   [emp_id: 1916] ✓ Updated: 11.17 → 0 (CHANGED)
[2026-01-01 10:09:39]   [emp_id: 1928] ✓ Updated: 64.12 → 0 (CHANGED)
[2026-01-01 10:09:39]   [emp_id: 1931] ✓ Updated: 84.04 → 17.67 (CHANGED)
[2026-01-01 10:09:40]   [emp_id: 1944] ✓ Updated: 42.2 → 44.75 (CHANGED)
[2026-01-01 10:09:40]   [emp_id: 1996] ✓ Updated: 70.7 → 35.75 (CHANGED)
[2026-01-01 10:09:40]   [emp_id: 1997] ✓ Updated: 35.87 → 35.75 (CHANGED)
[2026-01-01 10:09:40]   [emp_id: 1998] ✓ Updated: 27.31 → 35.75 (CHANGED)
[2026-01-01 10:09:40]   [emp_id: 1999] ✓ Updated: 28.31 → 35.75 (CHANGED)
[2026-01-01 10:09:40]   [emp_id: 2009] ✓ Updated: 34.62 → 4.75 (CHANGED)
[2026-01-01 10:09:40]   [emp_id: 2048] ✓ Updated: 24.45 → 24.58 (CHANGED)
[2026-01-01 10:09:40]   [emp_id: 2057] ✓ Updated: 65.29 → 23.67 (CHANGED)
[2026-01-01 10:09:40]   [emp_id: 2079] ✓ Updated: 47.62 → 19.83 (CHANGED)
[2026-01-01 10:09:40]   [emp_id: 2181] ✓ Updated: 36.62 → 40.33 (CHANGED)
[2026-01-01 10:09:40]   [emp_id: 2190] ✓ Updated: 5.95 → 6.08 (CHANGED)
[2026-01-01 10:09:40]   [emp_id: 2212] ✓ Updated: 23.95 → 0 (CHANGED)
[2026-01-01 10:09:40]   [emp_id: 2226] ✓ Updated: 68.7 → 22.75 (CHANGED)
[2026-01-01 10:09:40]   [emp_id: 2238] ✓ Updated: 66.95 → 16.92 (CHANGED)
[2026-01-01 10:09:40]   [emp_id: 2285] ✓ Updated: 35.62 → 0 (CHANGED)
[2026-01-01 10:09:40]   [emp_id: 2287] ✓ Updated: 47.29 → 0 (CHANGED)
[2026-01-01 10:09:40]   [emp_id: 2288] ✓ Updated: 2.31 → 0 (CHANGED)
[2026-01-01 10:09:40]   [emp_id: 2316] ✓ Updated: 16.12 → 43.83 (CHANGED)
[2026-01-01 10:09:40]   [emp_id: 2337] ✓ Updated: 37.2 → 43.75 (CHANGED)
[2026-01-01 10:09:40]   [emp_id: 2352] ✓ Updated: 68.7 → 38.83 (CHANGED)
[2026-01-01 10:09:40]   [emp_id: 2358] ✓ Updated: 5.2 → 5.33 (CHANGED)
[2026-01-01 10:09:40]   [emp_id: 2361] ✓ Updated: 70.87 → 31.08 (CHANGED)
[2026-01-01 10:09:40]   [emp_id: 2363] ✓ Updated: 73.45 → 31.08 (CHANGED)
[2026-01-01 10:09:40]   [emp_id: 2364] ✓ Updated: 72.87 → 33 (CHANGED)
[2026-01-01 10:09:40]   [emp_id: 2367] ✓ Updated: 100.54 → 30.83 (CHANGED)
[2026-01-01 10:09:40]   [emp_id: 2368] ✓ Updated: 30.95 → 31.08 (CHANGED)
[2026-01-01 10:09:40]   [emp_id: 2372] ✓ Updated: 68.2 → 28.92 (CHANGED)
[2026-01-01 10:09:40]   [emp_id: 2376] ✓ Updated: 118.2 → 28.92 (CHANGED)
[2026-01-01 10:09:40]   [emp_id: 2423] ✓ Updated: 18.95 → 19.08 (CHANGED)
[2026-01-01 10:09:40]   [emp_id: 2519] ✓ Updated: 172.62 → 0 (CHANGED)
[2026-01-01 10:09:40]   [emp_id: 2522] ✓ Updated: 56.2 → 4.75 (CHANGED)
[2026-01-01 10:09:40]   [emp_id: 2530] ✓ Updated: 51.45 → 0 (CHANGED)
[2026-01-01 10:09:40]   [emp_id: 2539] ✓ Updated: 48.2 → 0 (CHANGED)
[2026-01-01 10:09:40]   [emp_id: 2541] ✓ Updated: 28.79 → 0 (CHANGED)
[2026-01-01 10:09:40]   [emp_id: 2550] ✓ Updated: 94.95 → 0 (CHANGED)
[2026-01-01 10:09:40]   [emp_id: 2553] ✓ Updated: 32.06 → 18.08 (CHANGED)
[2026-01-01 10:09:40]   [emp_id: 2554] ✓ Updated: 38.54 → 0 (CHANGED)
[2026-01-01 10:09:40]   [emp_id: 2565] ✓ Updated: 93.12 → 48.75 (CHANGED)
[2026-01-01 10:09:40]   [emp_id: 2572] ✓ Updated: 43.12 → 48.58 (CHANGED)
[2026-01-01 10:09:40]   [emp_id: 2637] ✓ Updated: 63.7 → 43.67 (CHANGED)
[2026-01-01 10:09:40]   [emp_id: 2642] ✓ Updated: 76.45 → 43.25 (CHANGED)
[2026-01-01 10:09:40]   [emp_id: 2645] ✓ Updated: 92.45 → 43.08 (CHANGED)
[2026-01-01 10:09:40]   [emp_id: 2648] ✓ Updated: 44.12 → 37.25 (CHANGED)
[2026-01-01 10:09:40]   [emp_id: 2654] ✓ Updated: 86.79 → 27.33 (CHANGED)
[2026-01-01 10:09:40]   [emp_id: 2688] ✓ Updated: 24.87 → 1.5 (CHANGED)
[2026-01-01 10:09:40]   [emp_id: 2690] ✓ Updated: 13.62 → 0 (CHANGED)
[2026-01-01 10:09:40]   [emp_id: 2709] ✓ Updated: 35.87 → 10.67 (CHANGED)
[2026-01-01 10:09:40]   [emp_id: 2745] ✓ Updated: 32.45 → 49.83 (CHANGED)
[2026-01-01 10:09:40]   [emp_id: 2843] ✓ Updated: 79.04 → 19.17 (CHANGED)
[2026-01-01 10:09:40]   [emp_id: 2854] ✓ Updated: 58.95 → 17.83 (CHANGED)
[2026-01-01 10:09:40]   [emp_id: 2869] ✓ Updated: 63.87 → 15.67 (CHANGED)
[2026-01-01 10:09:40]   [emp_id: 2876] ✓ Updated: 33.7 → 14.25 (CHANGED)
[2026-01-01 10:09:40]   [emp_id: 2924] ✓ Updated: 14.87 → 15 (CHANGED)
[2026-01-01 10:09:40]   [emp_id: 2953] ✓ Updated: 100.62 → 41.42 (CHANGED)
[2026-01-01 10:09:40]   [emp_id: 2961] ✓ Updated: 10.62 → 39.17 (CHANGED)
[2026-01-01 10:09:40]   [emp_id: 2975] ✓ Updated: 3.72 → 6.92 (CHANGED)
[2026-01-01 10:09:40]   [emp_id: 3013] ✓ Updated: 9.62 → 25.5 (CHANGED)
[2026-01-01 10:09:40]   [emp_id: 3014] ✓ Updated: 88.87 → 25.5 (CHANGED)
[2026-01-01 10:09:40]   [emp_id: 3015] ✓ Updated: 40.12 → 0 (CHANGED)
[2026-01-01 10:09:40]   [emp_id: 3018] ✓ Updated: 58.87 → 25.5 (CHANGED)
[2026-01-01 10:09:40]   [emp_id: 3025] ✓ Updated: 22.64 → 22.67 (CHANGED)
[2026-01-01 10:09:40]   [emp_id: 3037] ✓ Updated: 82.37 → 22.5 (CHANGED)
[2026-01-01 10:09:40]   [emp_id: 3047] ✓ Updated: 70.62 → 21.83 (CHANGED)
[2026-01-01 10:09:40]   [emp_id: 3061] ✓ Updated: 17.54 → 17.67 (CHANGED)
[2026-01-01 10:09:40]   [emp_id: 3062] ✓ Updated: 50.7 → 39.83 (CHANGED)
[2026-01-01 10:09:40]   [emp_id: 3074] ✓ Updated: 107.12 → 10 (CHANGED)
[2026-01-01 10:09:40]   [emp_id: 3089] ✓ Updated: 6.04 → 0 (CHANGED)
[2026-01-01 10:09:40]   [emp_id: 3090] ✓ Updated: 32.62 → 0 (CHANGED)
[2026-01-01 10:09:40]   [emp_id: 3091] ✓ Updated: 44.62 → 0 (CHANGED)
[2026-01-01 10:09:40]   [emp_id: 3092] ✓ Updated: 27.29 → 0 (CHANGED)
[2026-01-01 10:09:40]   [emp_id: 3105] ✓ Updated: 47.62 → 0 (CHANGED)
[2026-01-01 10:09:40]   [emp_id: 3134] ✓ Updated: 43.37 → 50.42 (CHANGED)
[2026-01-01 10:09:40]   [emp_id: 3140] ✓ Updated: 40.45 → 48.75 (CHANGED)
[2026-01-01 10:09:40]   [emp_id: 3144] ✓ Updated: 13.29 → 48.75 (CHANGED)
[2026-01-01 10:09:40]   [emp_id: 3156] ✓ Updated: 16.62 → 48.17 (CHANGED)
[2026-01-01 10:09:40]   [emp_id: 3162] ✓ Updated: 1.6 → 21.42 (CHANGED)
[2026-01-01 10:09:40]   [emp_id: 3163] ✓ Updated: 4.87 → 48.17 (CHANGED)
[2026-01-01 10:09:40]   [emp_id: 3198] ✓ Updated: 39.87 → 46.75 (CHANGED)
[2026-01-01 10:09:40]   [emp_id: 3205] ✓ Updated: 16.54 → 16.67 (CHANGED)
[2026-01-01 10:09:40]   [emp_id: 3209] ✓ Updated: 40.7 → 44.83 (CHANGED)
[2026-01-01 10:09:40]   [emp_id: 3223] ✓ Updated: 89.62 → 36.67 (CHANGED)
[2026-01-01 10:09:40]   [emp_id: 3224] ✓ Updated: 64.37 → 36.17 (CHANGED)
[2026-01-01 10:09:40]   [emp_id: 3230] ✓ Updated: 87.79 → 35.42 (CHANGED)
[2026-01-01 10:09:40]   [emp_id: 3231] ✓ Updated: 0.16 → 0 (CHANGED)
[2026-01-01 10:09:40]   [emp_id: 3233] ✓ Updated: 80.62 → 33.92 (CHANGED)
[2026-01-01 10:09:40]   [emp_id: 3249] ✓ Updated: 36.45 → 30.58 (CHANGED)
[2026-01-01 10:09:40]   [emp_id: 3250] ✓ Updated: 9.45 → 30.58 (CHANGED)
[2026-01-01 10:09:40]   [emp_id: 3252] ✓ Updated: 10.37 → 30.58 (CHANGED)
[2026-01-01 10:09:40]   [emp_id: 3254] ✓ Updated: 20.87 → 30.58 (CHANGED)
[2026-01-01 10:09:40]   [emp_id: 3255] ✓ Updated: 17.29 → 30.58 (CHANGED)
[2026-01-01 10:09:40]   [emp_id: 3256] ✓ Updated: 13.54 → 30.58 (CHANGED)
[2026-01-01 10:09:40]   [emp_id: 3263] ✓ Updated: 29.62 → 29 (CHANGED)
[2026-01-01 10:09:40]   [emp_id: 3265] ✓ Updated: 25.2 → 27.92 (CHANGED)
[2026-01-01 10:09:40]   [emp_id: 3280] ✓ Updated: 72.12 → 22.08 (CHANGED)
[2026-01-01 10:09:40]   [emp_id: 3286] ✓ Updated: 15.29 → 18.42 (CHANGED)
[2026-01-01 10:09:40]   [emp_id: 3294] ✓ Updated: 14.95 → 15.08 (CHANGED)
[2026-01-01 10:09:40]   [emp_id: 3321] ✓ Updated: 72.12 → 3.83 (CHANGED)
[2026-01-01 10:09:40]   [emp_id: 3325] ✓ Updated: 59.87 → 3.42 (CHANGED)
[2026-01-01 10:09:40]   [emp_id: 3329] ✓ Updated: 62.2 → 2.33 (CHANGED)
[2026-01-01 10:09:40]   [emp_id: 3330] ✓ Updated: 62.2 → 2.33 (CHANGED)
[2026-01-01 10:09:40]   [emp_id: 3332] ✓ Updated: 62.2 → 2 (CHANGED)
[2026-01-01 10:09:40]   [emp_id: 3370] ✓ Updated: 53.87 → 0 (CHANGED)
[2026-01-01 10:09:40]   [emp_id: 3384] ✓ Updated: 14.37 → 0 (CHANGED)
[2026-01-01 10:09:40]   [emp_id: 3386] ✓ Updated: 44.37 → 0 (CHANGED)
[2026-01-01 10:09:40]   [emp_id: 3431] ✓ Updated: 18.79 → 18.92 (CHANGED)
[2026-01-01 10:09:40]   [emp_id: 3497] ✓ Updated: 8.95 → 14 (CHANGED)
[2026-01-01 10:09:40]   [emp_id: 3532] ✓ Updated: 45.79 → 19.67 (CHANGED)
[2026-01-01 10:09:40]   [emp_id: 3586] ✓ Updated: 9.87 → 0 (CHANGED)
[2026-01-01 10:09:40]   [emp_id: 3602] ✓ Updated: 1.36 → 0 (CHANGED)
[2026-01-01 10:09:40]   [emp_id: 3618] ✓ Updated: 23.34 → 0 (CHANGED)
[2026-01-01 10:09:40]   [emp_id: 3622] ✓ Updated: 34.35 → 18.67 (CHANGED)
[2026-01-01 10:09:40]   [emp_id: 3627] ✓ Updated: 9.29 → 0 (CHANGED)
[2026-01-01 10:09:40]   [emp_id: 3665] ✓ Updated: 50.87 → 7 (CHANGED)
[2026-01-01 10:09:40]   [emp_id: 3705] ✓ Updated: 27.68 → 6.94 (CHANGED)
[2026-01-01 10:09:40]   [emp_id: 3724] ✓ Updated: 43.87 → 7.92 (CHANGED)
[2026-01-01 10:09:40]   [emp_id: 3726] ✓ Updated: 60.29 → 7.92 (CHANGED)
[2026-01-01 10:09:40]   [emp_id: 3727] ✓ Updated: 65.37 → 7.92 (CHANGED)
[2026-01-01 10:09:40]   [emp_id: 3728] ✓ Updated: 9.7 → 7.92 (CHANGED)
[2026-01-01 10:09:40]   [emp_id: 3767] ✓ Updated: 60.45 → 3.08 (CHANGED)
[2026-01-01 10:09:40]   [emp_id: 3768] ✓ Updated: 56.7 → 3.08 (CHANGED)
[2026-01-01 10:09:40]   [emp_id: 3787] ✓ Updated: 57.29 → 2.17 (CHANGED)
[2026-01-01 10:09:40]   [emp_id: 3790] ✓ Updated: 1.84 → 0 (CHANGED)
[2026-01-01 10:09:40]   [emp_id: 3795] ✓ Updated: 14.79 → 1.5 (CHANGED)
[2026-01-01 10:09:40]   [emp_id: 3798] ✓ Updated: 93.2 → 1.5 (CHANGED)
[2026-01-01 10:09:40]   [emp_id: 3801] ✓ Updated: 1.47 → 1.5 (CHANGED)
[2026-01-01 10:09:40]   [emp_id: 3802] ✓ Updated: 30.45 → 1.5 (CHANGED)
[2026-01-01 10:09:40]   [emp_id: 3803] ✓ Updated: 114.87 → 1.5 (CHANGED)
[2026-01-01 10:09:40]   [emp_id: 3810] ✓ Updated: 60.87 → 1 (CHANGED)
[2026-01-01 10:09:40]   [emp_id: 3812] ✓ Updated: 89.87 → 0 (CHANGED)
[2026-01-01 10:09:41]   [emp_id: 3815] ✓ Updated: 89.87 → 0 (CHANGED)
[2026-01-01 10:09:41]   [emp_id: 3836] ✓ Updated: 57.54 → 0 (CHANGED)
[2026-01-01 10:09:41]   [emp_id: 3855] ✓ Updated: 50.7 → 0 (CHANGED)
[2026-01-01 10:09:41]   [emp_id: 3857] ✓ Updated: 54.37 → 0 (CHANGED)
[2026-01-01 10:09:41]   [emp_id: 3862] ✓ Updated: 102.45 → 0 (CHANGED)
[2026-01-01 10:09:41]   [emp_id: 3866] ✓ Updated: 27.7 → 27.83 (CHANGED)
[2026-01-01 10:09:41]   [emp_id: 3876] ✓ Updated: 11.87 → 0 (CHANGED)
[2026-01-01 10:09:41]   [emp_id: 3877] ✓ Updated: 49.37 → 54.08 (CHANGED)
[2026-01-01 10:09:41]   [emp_id: 3897] ✓ Updated: 37.62 → 14.58 (CHANGED)
[2026-01-01 10:09:41]   [emp_id: 3899] ✓ Updated: 0.8 → 0.93 (CHANGED)
[2026-01-01 10:09:41]   [emp_id: 3928] ✓ Updated: 13.7 → 18.83 (CHANGED)
[2026-01-01 10:09:41]   [emp_id: 3929] ✓ Updated: 8.7 → 48.83 (CHANGED)
[2026-01-01 10:09:41]   [emp_id: 3935] ✓ Updated: 93.7 → 3.83 (CHANGED)
[2026-01-01 10:09:41]   [emp_id: 3952] ✓ Updated: 76.04 → 16.17 (CHANGED)
[2026-01-01 10:09:41]   [emp_id: 3987] ✓ Updated: 13.95 → 14.08 (CHANGED)
[2026-01-01 10:09:41]   [emp_id: 4059] ✓ Updated: 3.15 → 5.83 (CHANGED)
[2026-01-01 10:09:41]   [emp_id: 4119] ✓ Updated: 56.62 → 0 (CHANGED)
[2026-01-01 10:09:41]   [emp_id: 4120] ✓ Updated: 26.2 → 0 (CHANGED)
[2026-01-01 10:09:41]   [emp_id: 4124] ✓ Updated: 26.72 → 0 (CHANGED)
[2026-01-01 10:09:41]   [emp_id: 4133] ✓ Updated: 105.2 → 0 (CHANGED)
[2026-01-01 10:09:41]   [emp_id: 4134] ✓ Updated: 26.2 → 0 (CHANGED)
[2026-01-01 10:09:41]   [emp_id: 4136] ✓ Updated: 26.2 → 0 (CHANGED)
[2026-01-01 10:09:41]   [emp_id: 4150] ✓ Updated: 24.87 → 25 (CHANGED)
[2026-01-01 10:09:41]   [emp_id: 4157] ✓ Updated: 18.37 → 26.42 (CHANGED)
[2026-01-01 10:09:41]   [emp_id: 4172] ✓ Updated: 12.26 → 17.27 (CHANGED)
[2026-01-01 10:09:41]   [emp_id: 4195] ✓ Updated: 61.95 → 22.08 (CHANGED)
[2026-01-01 10:09:41]   [emp_id: 4215] ✓ Updated: 44.62 → 18.92 (CHANGED)
[2026-01-01 10:09:41]   [emp_id: 4220] ✓ Updated: 40.2 → 20 (CHANGED)
[2026-01-01 10:09:41]   [emp_id: 4273] ✓ Updated: 8.87 → 11.33 (CHANGED)
[2026-01-01 10:09:41]   [emp_id: 4283] ✓ Updated: 13.35 → 10.15 (CHANGED)
[2026-01-01 10:09:41]   [emp_id: 4288] ✓ Updated: 1.12 → 0 (CHANGED)
[2026-01-01 10:09:41]   [emp_id: 4315] ✓ Updated: 12.12 → 7.5 (CHANGED)
[2026-01-01 10:09:41]   [emp_id: 4328] ✓ Updated: 42.18 → 5.25 (CHANGED)
[2026-01-01 10:09:41]   [emp_id: 4329] ✓ Updated: 5.29 → 7.5 (CHANGED)
[2026-01-01 10:09:41]   [emp_id: 4338] ✓ Updated: 46.87 → 6.5 (CHANGED)
[2026-01-01 10:09:41]   [emp_id: 4340] ✓ Updated: 125.87 → 6 (CHANGED)
[2026-01-01 10:09:41]   [emp_id: 4365] ✓ Updated: 60.29 → 0.67 (CHANGED)
[2026-01-01 10:09:41]   [emp_id: 4366] ✓ Updated: 59.37 → 0.67 (CHANGED)
[2026-01-01 10:09:41]   [emp_id: 4403] ✓ Updated: 85.2 → 0 (CHANGED)
[2026-01-01 10:09:41]   [emp_id: 4438] ✓ Updated: 20.87 → 24.33 (CHANGED)
[2026-01-01 10:09:41]   [emp_id: 4465] ✓ Updated: 12.51 → 34.53 (CHANGED)
[2026-01-01 10:09:41]   [emp_id: 4473] ✓ Updated: 44.45 → 48.42 (CHANGED)
[2026-01-01 10:09:41]   [emp_id: 4474] ✓ Updated: 0.1 → 0 (CHANGED)
[2026-01-01 10:09:41]   [emp_id: 4493] ✓ Updated: 163.29 → 43.42 (CHANGED)
[2026-01-01 10:09:41]   [emp_id: 4526] ✓ Updated: 35.54 → 39.5 (CHANGED)
[2026-01-01 10:09:41]   [emp_id: 4528] ✓ Updated: 107.29 → 9.42 (CHANGED)
[2026-01-01 10:09:41]   [emp_id: 4528] ✓ Updated: 107.29 → 9.42 (CHANGED)
[2026-01-01 10:09:41]   [emp_id: 4532] ✓ Updated: 7.63 → 0 (CHANGED)
[2026-01-01 10:09:41]   [emp_id: 4533] ✓ Updated: 35.7 → 37.75 (CHANGED)
[2026-01-01 10:09:41]   [emp_id: 4564] ✓ Updated: 25.26 → 20.94 (CHANGED)
[2026-01-01 10:09:41]   [emp_id: 4565] ✓ Updated: 15.01 → 20.94 (CHANGED)
[2026-01-01 10:09:41]   [emp_id: 4567] ✓ Updated: 19.26 → 18.67 (CHANGED)
[2026-01-01 10:09:41]   [emp_id: 4572] ✓ Updated: 58.76 → 15.11 (CHANGED)
[2026-01-01 10:09:41]   [emp_id: 4631] ✓ Updated: 15.01 → 0 (CHANGED)
[2026-01-01 10:09:41]   [emp_id: 4655] ✓ Updated: 24.62 → 24.75 (CHANGED)
[2026-01-01 10:09:41]   [emp_id: 4689] ✓ Updated: 2.39 → 14.42 (CHANGED)
[2026-01-01 10:09:41]   [emp_id: 4709] ✓ Updated: 39.87 → 10 (CHANGED)
[2026-01-01 10:09:41]   [emp_id: 4717] ✓ Updated: 65.87 → 7 (CHANGED)
[2026-01-01 10:09:41]   [emp_id: 4736] ✓ Updated: 27.7 → 34.67 (CHANGED)
[2026-01-01 10:09:41]   [emp_id: 4756] ✓ Updated: 11.45 → 18.49 (CHANGED)
[2026-01-01 10:09:41]   [emp_id: 4768] ✓ Updated: 12.37 → 22.5 (CHANGED)
[2026-01-01 10:09:41]   [emp_id: 4780] ✓ Updated: 65.18 → 12.78 (CHANGED)
[2026-01-01 10:09:41]   [emp_id: 4820] ✓ Updated: 98.7 → 8.83 (CHANGED)
[2026-01-01 10:09:41]   [emp_id: 4825] ✓ Updated: 30.45 → 0.58 (CHANGED)
[2026-01-01 10:09:41]   [emp_id: 4835] ✓ Updated: 47.93 → 0 (CHANGED)
[2026-01-01 10:09:41]   [emp_id: 4837] ✓ Updated: 45.17 → 0 (CHANGED)
[2026-01-01 10:09:41]   [emp_id: 4838] ✓ Updated: 44.19 → 0 (CHANGED)
[2026-01-01 10:09:41]   [emp_id: 4840] ✓ Updated: 45.17 → 0 (CHANGED)
[2026-01-01 10:09:41]   [emp_id: 4842] ✓ Updated: 44.41 → 0 (CHANGED)
[2026-01-01 10:09:41]   [emp_id: 4843] ✓ Updated: 44.94 → 0 (CHANGED)
[2026-01-01 10:09:41]   [emp_id: 4853] ✓ Updated: 88.76 → 0 (CHANGED)
[2026-01-01 10:09:41]   [emp_id: 4856] ✓ Updated: 42.08 → 39.32 (CHANGED)
[2026-01-01 10:09:41]   [emp_id: 4857] ✓ Updated: 24.9 → 39.32 (CHANGED)
[2026-01-01 10:09:41]   [emp_id: 4858] ✓ Updated: 21.78 → 39.32 (CHANGED)
[2026-01-01 10:09:41]   [emp_id: 4859] ✓ Updated: 43.25 → 39.32 (CHANGED)
[2026-01-01 10:09:41]   [emp_id: 4860] ✓ Updated: 7.75 → 39.32 (CHANGED)
[2026-01-01 10:09:41]   [emp_id: 4861] ✓ Updated: 41.21 → 39.32 (CHANGED)
[2026-01-01 10:09:41]   [emp_id: 4869] ✓ Updated: 84.09 → 37.98 (CHANGED)
[2026-01-01 10:09:41]   [emp_id: 4894] ✓ Updated: 7.37 → 7.5 (CHANGED)
[2026-01-01 10:09:41]   [emp_id: 4897] ✓ Updated: 22.99 → 25.26 (CHANGED)
[2026-01-01 10:09:41]   [emp_id: 4899] ✓ Updated: 19.16 → 22.75 (CHANGED)
[2026-01-01 10:09:41]   [emp_id: 4902] ✓ Updated: 18.58 → 21.76 (CHANGED)
[2026-01-01 10:09:41]   [emp_id: 4903] ✓ Updated: 20.8 → 21.76 (CHANGED)
[2026-01-01 10:09:41]   [emp_id: 4905] ✓ Updated: 19.46 → 21.76 (CHANGED)
[2026-01-01 10:09:41]   [emp_id: 4907] ✓ Updated: 47.45 → 0 (CHANGED)
[2026-01-01 10:09:41]   [emp_id: 4917] ✓ Updated: 16.42 → 19.72 (CHANGED)
[2026-01-01 10:09:41]   [emp_id: 4918] ✓ Updated: 6.19 → 19.72 (CHANGED)
[2026-01-01 10:09:41]   [emp_id: 4919] ✓ Updated: 58.48 → 19.72 (CHANGED)
[2026-01-01 10:09:41]   [emp_id: 4920] ✓ Updated: 5.56 → 19.72 (CHANGED)
[2026-01-01 10:09:41]   [emp_id: 4921] ✓ Updated: 17.65 → 19.72 (CHANGED)
[2026-01-01 10:09:41]   [emp_id: 4927] ✓ Updated: 16.48 → 18.67 (CHANGED)
[2026-01-01 10:09:41]   [emp_id: 4929] ✓ Updated: 18 → 18.32 (CHANGED)
[2026-01-01 10:09:41]   [emp_id: 4930] ✓ Updated: 58.77 → 18.32 (CHANGED)
[2026-01-01 10:09:41]   [emp_id: 4932] ✓ Updated: 16.77 → 17.5 (CHANGED)
[2026-01-01 10:09:41]   [emp_id: 4933] ✓ Updated: 20.18 → 17.5 (CHANGED)
[2026-01-01 10:09:41]   [emp_id: 4949] ✓ Updated: 35.61 → 14.93 (CHANGED)
[2026-01-01 10:09:41]   [emp_id: 4956] ✓ Updated: 29.2 → 10.25 (CHANGED)
[2026-01-01 10:09:41]   [emp_id: 4957] ✓ Updated: 29.87 → 12.19 (CHANGED)
[2026-01-01 10:09:41]   [emp_id: 4962] ✓ Updated: 46.81 → 16.83 (CHANGED)
[2026-01-01 10:09:41]   [emp_id: 4969] ✓ Updated: 46.12 → 16.25 (CHANGED)
[2026-01-01 10:09:41]   [emp_id: 4976] ✓ Updated: 9.89 → 10.21 (CHANGED)
[2026-01-01 10:09:41]   [emp_id: 4984] ✓ Updated: 37.37 → 12.5 (CHANGED)
[2026-01-01 10:09:41]   [emp_id: 4995] ✓ Updated: 49.44 → 10.58 (CHANGED)
[2026-01-01 10:09:41]   [emp_id: 5004] ✓ Updated: 26.83 → 5.89 (CHANGED)
[2026-01-01 10:09:41]   [emp_id: 5006] ✓ Updated: 26.57 → 5.89 (CHANGED)
[2026-01-01 10:09:41]   [emp_id: 5011] ✓ Updated: 13.04 → 6.17 (CHANGED)
[2026-01-01 10:09:41]   [emp_id: 5013] ✓ Updated: 66.94 → 4.26 (CHANGED)
[2026-01-01 10:09:41]   [emp_id: 5018] ✓ Updated: 3.43 → 3.5 (CHANGED)
[2026-01-01 10:09:41]   [emp_id: 5021] ✓ Updated: 60.47 → 4.5 (CHANGED)
[2026-01-01 10:09:41]   [emp_id: 5024] ✓ Updated: 1.45 → 3.15 (CHANGED)
[2026-01-01 10:09:41]   [emp_id: 5030] ✓ Updated: 31.4 → 1.75 (CHANGED)
[2026-01-01 10:09:41]   [emp_id: 5033] ✓ Updated: 22.2 → 1.52 (CHANGED)
[2026-01-01 10:09:41]   [emp_id: 5043] ✓ Updated: 30.04 → 0.17 (CHANGED)
[2026-01-01 10:09:41]   [emp_id: 5045] ✓ Updated: 26.54 → 0 (CHANGED)
[2026-01-01 10:09:41]   [emp_id: 5046] ✓ Updated: 21.73 → 0 (CHANGED)
[2026-01-01 10:09:41]   [emp_id: 5049] ✓ Updated: 38.88 → 0 (CHANGED)
[2026-01-01 10:09:41]   [emp_id: 5052] ✓ Updated: 30.16 → 19.48 (CHANGED)
[2026-01-01 10:09:41]   [emp_id: 5055] ✓ Updated: 18.6 → 19.31 (CHANGED)
[2026-01-01 10:09:41]   [emp_id: 5058] ✓ Updated: 27.58 → 18.9 (CHANGED)
[2026-01-01 10:09:41]   [emp_id: 5062] ✓ Updated: 39.41 → 18.73 (CHANGED)
[2026-01-01 10:09:41]   [emp_id: 5064] ✓ Updated: 117.37 → 27.5 (CHANGED)
[2026-01-01 10:09:41]   [emp_id: 5065] ✓ Updated: 38.82 → 18.14 (CHANGED)
[2026-01-01 10:09:41]   [emp_id: 5071] ✓ Updated: 22.87 → 25 (CHANGED)
[2026-01-01 10:09:41]   [emp_id: 5073] ✓ Updated: 13.42 → 37.74 (CHANGED)
[2026-01-01 10:09:41]   [emp_id: 5079] ✓ Updated: 33.98 → 15.69 (CHANGED)
[2026-01-01 10:09:41]   [emp_id: 5080] ✓ Updated: 29.31 → 13.63 (CHANGED)
[2026-01-01 10:09:41]   [emp_id: 5081] ✓ Updated: 15.57 → 15.63 (CHANGED)
[2026-01-01 10:09:41]   [emp_id: 5087] ✓ Updated: 35.61 → 35.93 (CHANGED)
[2026-01-01 10:09:41]   [emp_id: 5091] ✓ Updated: 75.46 → 33.78 (CHANGED)
[2026-01-01 10:09:41]   [emp_id: 5093] ✓ Updated: 14.04 → 17.67 (CHANGED)
[2026-01-01 10:09:41]   [emp_id: 5095] ✓ Updated: 1 → 0 (CHANGED)
[2026-01-01 10:09:41]   [emp_id: 5101] ✓ Updated: 16.12 → 16.25 (CHANGED)
[2026-01-01 10:09:41]   [emp_id: 5107] ✓ Updated: 14.45 → 14.58 (CHANGED)
[2026-01-01 10:09:41]   [emp_id: 5109] ✓ Updated: 11.7 → 41.83 (CHANGED)
[2026-01-01 10:09:41]   [emp_id: 5119] ✓ Updated: 9.87 → 10 (CHANGED)
[2026-01-01 10:09:41]   [emp_id: 5122] ✓ Updated: 7.04 → 8.17 (CHANGED)
[2026-01-01 10:09:41]   [emp_id: 5126] ✓ Updated: 26.34 → 5.66 (CHANGED)
[2026-01-01 10:09:41]   [emp_id: 5127] ✓ Updated: 23.13 → 5.19 (CHANGED)
[2026-01-01 10:09:41]   [emp_id: 5128] ✓ Updated: 26.28 → 5.6 (CHANGED)
[2026-01-01 10:09:41]   [emp_id: 5138] ✓ Updated: 65.7 → 6.83 (CHANGED)
[2026-01-01 10:09:41]   [emp_id: 5138] ✓ Updated: 65.7 → 6.83 (CHANGED)
[2026-01-01 10:09:41]   [emp_id: 5141] ✓ Updated: 34.65 → 3.97 (CHANGED)
[2026-01-01 10:09:41]   [emp_id: 5142] ✓ Updated: 13.65 → 3.97 (CHANGED)
[2026-01-01 10:09:41]   [emp_id: 5146] ✓ Updated: 20.65 → 3.97 (CHANGED)
[2026-01-01 10:09:41]   [emp_id: 5147] ✓ Updated: 19.65 → 3.97 (CHANGED)
[2026-01-01 10:09:41]   [emp_id: 5148] ✓ Updated: 25 → 25.32 (CHANGED)
[2026-01-01 10:09:41]   [emp_id: 5149] ✓ Updated: 23.89 → 25.32 (CHANGED)
[2026-01-01 10:09:41]   [emp_id: 5150] ✓ Updated: 23.25 → 24.56 (CHANGED)
[2026-01-01 10:09:41]   [emp_id: 5151] ✓ Updated: 23.07 → 24.5 (CHANGED)
[2026-01-01 10:09:41]   [emp_id: 5152] ✓ Updated: 3.49 → 5.5 (CHANGED)
[2026-01-01 10:09:41]   [emp_id: 5157] ✓ Updated: 23.07 → 2.39 (CHANGED)
[2026-01-01 10:09:41]   [emp_id: 5160] ✓ Refreshed: 0 (unchanged value, timestamp updated)
[2026-01-01 10:09:41]   [emp_id: 5163] ✓ Updated: 20.86 → 22.63 (CHANGED)
[2026-01-01 10:09:41]   [emp_id: 5165] ✓ Updated: 1.14 → 2.75 (CHANGED)
[2026-01-01 10:09:42]   [emp_id: 5167] ✓ Updated: 30.01 → 23.33 (CHANGED)
[2026-01-01 10:09:42]   [emp_id: 5168] ✓ Updated: 22.55 → 1.87 (CHANGED)
[2026-01-01 10:09:42]   [emp_id: 5173] ✓ Updated: 24.79 → 31.08 (CHANGED)
[2026-01-01 10:09:42]   [emp_id: 5174] ✓ Updated: 23.01 → 23.33 (CHANGED)
[2026-01-01 10:09:42]   [emp_id: 5181] ✓ Updated: 19.4 → 19.72 (CHANGED)
[2026-01-01 10:09:42]   [emp_id: 5186] ✓ Updated: 24.93 → 19.25 (CHANGED)
[2026-01-01 10:09:42]   [emp_id: 5187] ✓ Updated: 35.93 → 19.25 (CHANGED)
[2026-01-01 10:09:42]   [emp_id: 5204] ✓ Updated: 16.29 → 16.42 (CHANGED)
[2026-01-01 10:09:42]   [emp_id: 5205] ✓ Updated: 12.14 → 16.04 (CHANGED)
[2026-01-01 10:09:42]   [emp_id: 5209] ✓ Updated: 15.14 → 16.04 (CHANGED)
[2026-01-01 10:09:42]   [emp_id: 5213] ✓ Updated: 1.55 → 12.08 (CHANGED)
[2026-01-01 10:09:42]   [emp_id: 5214] ✓ Updated: 3.39 → 16.04 (CHANGED)
[2026-01-01 10:09:42]   [emp_id: 5215] ✓ Updated: 10.14 → 14.04 (CHANGED)
[2026-01-01 10:09:42]   [emp_id: 5217] ✓ Updated: 9.14 → 16.04 (CHANGED)
[2026-01-01 10:09:42]   [emp_id: 5219] ✓ Updated: 13.14 → 16.04 (CHANGED)
[2026-01-01 10:09:42]   [emp_id: 5221] ✓ Updated: 4.51 → 13.04 (CHANGED)
[2026-01-01 10:09:42]   [emp_id: 5224] ✓ Updated: 14.14 → 16.04 (CHANGED)
[2026-01-01 10:09:42]   [emp_id: 5225] ✓ Updated: 0.81 → 4.04 (CHANGED)
[2026-01-01 10:09:42]   [emp_id: 5228] ✓ Updated: 9.14 → 16.04 (CHANGED)
[2026-01-01 10:09:42]   [emp_id: 5229] ✓ Updated: 5.14 → 16.04 (CHANGED)
[2026-01-01 10:09:42]   [emp_id: 5230] ✓ Updated: 11.81 → 15.04 (CHANGED)
[2026-01-01 10:09:42]   [emp_id: 5231] ✓ Updated: 6.14 → 16.04 (CHANGED)
[2026-01-01 10:09:42]   [emp_id: 5232] ✓ Updated: 11.14 → 16.04 (CHANGED)
[2026-01-01 10:09:42]   [emp_id: 5233] ✓ Updated: 4.14 → 16.04 (CHANGED)
[2026-01-01 10:09:42]   [emp_id: 5234] ✓ Updated: 4.14 → 5.04 (CHANGED)
[2026-01-01 10:09:42]   [emp_id: 5235] ✓ Updated: 4.81 → 8.04 (CHANGED)
[2026-01-01 10:09:42]   [emp_id: 5237] ✓ Updated: 10.39 → 16.04 (CHANGED)
[2026-01-01 10:09:42]   [emp_id: 5239] ✓ Updated: 7.14 → 16.04 (CHANGED)
[2026-01-01 10:09:42]   [emp_id: 5241] ✓ Updated: 5.14 → 11.04 (CHANGED)
[2026-01-01 10:09:42]   [emp_id: 5242] ✓ Updated: 15.14 → 16.04 (CHANGED)
[2026-01-01 10:09:42]   [emp_id: 5243] ✓ Updated: 1.55 → 12.08 (CHANGED)
[2026-01-01 10:09:42]   [emp_id: 5244] ✓ Updated: 0.85 → 8.08 (CHANGED)
[2026-01-01 10:09:42]   [emp_id: 5246] ✓ Updated: 11.14 → 7.17 (CHANGED)
[2026-01-01 10:09:42]   [emp_id: 5253] ✓ Updated: 24.01 → 12.08 (CHANGED)
[2026-01-01 10:09:42]   [emp_id: 5254] ✓ Updated: 11.99 → 12.31 (CHANGED)
[2026-01-01 10:09:42]   [emp_id: 5257] ✓ Updated: 11.7 → 12.02 (CHANGED)
[2026-01-01 10:09:42]   [emp_id: 5259] ✓ Updated: 48.23 → 11.55 (CHANGED)
[2026-01-01 10:09:42]   [emp_id: 5261] ✓ Updated: 15.89 → 15.92 (CHANGED)
[2026-01-01 10:09:42]   [emp_id: 5264] ✓ Updated: 25.71 → 10.03 (CHANGED)
[2026-01-01 10:09:42]   [emp_id: 5266] ✓ Updated: 20.33 → 6.98 (CHANGED)
[2026-01-01 10:09:42]   [emp_id: 5268] ✓ Updated: 8.9 → 9.22 (CHANGED)
[2026-01-01 10:09:42]   [emp_id: 5271] ✓ Updated: 7.56 → 7.88 (CHANGED)
[2026-01-01 10:09:42]   [emp_id: 5272] ✓ Updated: 8.43 → 8.75 (CHANGED)
[2026-01-01 10:09:42]   [emp_id: 5273] ✓ Updated: 23.5 → 9.57 (CHANGED)
[2026-01-01 10:09:42]   [emp_id: 5275] ✓ Updated: 9.25 → 9.57 (CHANGED)
[2026-01-01 10:09:42]   [emp_id: 5276] ✓ Updated: 23.52 → 4.57 (CHANGED)
[2026-01-01 10:09:42]   [emp_id: 5278] ✓ Updated: 7.91 → 8.23 (CHANGED)
[2026-01-01 10:09:42]   [emp_id: 5280] ✓ Updated: 18.31 → 8.63 (CHANGED)
[2026-01-01 10:09:42]   [emp_id: 5282] ✓ Updated: 11.37 → 11.5 (CHANGED)
[2026-01-01 10:09:42]   [emp_id: 5285] ✓ Updated: 28.31 → 8.63 (CHANGED)
[2026-01-01 10:09:42]   [emp_id: 5286] ✓ Updated: 15.31 → 8.63 (CHANGED)
[2026-01-01 10:09:42]   [emp_id: 5287] ✓ Updated: 49.61 → 7.93 (CHANGED)
[2026-01-01 10:09:42]   [emp_id: 5288] ✓ Updated: 6.88 → 6.94 (CHANGED)
[2026-01-01 10:09:42]   [emp_id: 5289] ✓ Updated: 48.16 → 6.48 (CHANGED)
[2026-01-01 10:09:42]   [emp_id: 5290] ✓ Updated: 46.93 → 5.25 (CHANGED)
[2026-01-01 10:09:42]   [emp_id: 5291] ✓ Updated: 4.93 → 5.25 (CHANGED)
[2026-01-01 10:09:42]   [emp_id: 5292] ✓ Updated: 4.87 → 5.19 (CHANGED)
[2026-01-01 10:09:42]   [emp_id: 5293] ✓ Updated: 37.54 → 7.67 (CHANGED)
[2026-01-01 10:09:42]   [emp_id: 5294] ✓ Updated: 7.29 → 7.42 (CHANGED)
[2026-01-01 10:09:42]   [emp_id: 5295] ✓ Updated: 21.11 → 4.43 (CHANGED)
[2026-01-01 10:09:42]   [emp_id: 5296] ✓ Updated: 34.31 → 0.33 (CHANGED)
[2026-01-01 10:09:42]   [emp_id: 5297] ✓ Updated: 45.53 → 3.85 (CHANGED)
[2026-01-01 10:09:42]   [emp_id: 5298] ✓ Updated: 45.53 → 3.85 (CHANGED)
[2026-01-01 10:09:42]   [emp_id: 5299] ✓ Updated: 45.53 → 3.85 (CHANGED)
[2026-01-01 10:09:42]   [emp_id: 5300] ✓ Updated: 45.53 → 3.85 (CHANGED)
[2026-01-01 10:09:42]   [emp_id: 5301] ✓ Updated: 3.35 → 3.85 (CHANGED)
[2026-01-01 10:09:42]   [emp_id: 5303] ✓ Updated: 3.78 → 3.85 (CHANGED)
[2026-01-01 10:09:42]   [emp_id: 5304] ✓ Updated: 45.53 → 3.85 (CHANGED)
[2026-01-01 10:09:42]   [emp_id: 5305] ✓ Updated: 3.53 → 3.85 (CHANGED)
[2026-01-01 10:09:42]   [emp_id: 5306] ✓ Updated: 45.24 → 3.56 (CHANGED)
[2026-01-01 10:09:42]   [emp_id: 5307] ✓ Updated: 45.24 → 3.56 (CHANGED)
[2026-01-01 10:09:42]   [emp_id: 5312] ✓ Updated: 0.85 → 1.23 (CHANGED)
[2026-01-01 10:09:42]   [emp_id: 5318] ✓ Updated: 25.95 → 3.27 (CHANGED)
[2026-01-01 10:09:42]   [emp_id: 5325] ✓ Updated: 21.91 → 1.23 (CHANGED)
[2026-01-01 10:09:42]   [emp_id: 5327] ✓ Updated: 1 → 0.23 (CHANGED)
[2026-01-01 10:09:42]   [emp_id: 5337] ✓ Updated: 35.2 → 0 (CHANGED)
[2026-01-01 10:09:42]   [emp_id: 5339] ✓ Updated: 10.1 → 0 (CHANGED)
[2026-01-01 10:09:42]   [emp_id: 5343] ✓ Updated: 45.12 → 27.25 (CHANGED)
[2026-01-01 10:09:42]   [emp_id: 5343] ✓ Updated: 45.12 → 27.25 (CHANGED)
[2026-01-01 10:09:42]   [emp_id: 5345] ✓ Updated: 14.95 → 26.08 (CHANGED)
[2026-01-01 10:09:42]   [emp_id: 5346] ✓ Updated: 1.82 → 2.14 (CHANGED)
[2026-01-01 10:09:42]   [emp_id: 5351] ✓ Updated: 16.76 → 17.08 (CHANGED)
[2026-01-01 10:09:42]   [emp_id: 5352] ✓ Updated: 25.37 → 25.5 (CHANGED)
[2026-01-01 10:09:42]   [emp_id: 5370] ✓ Updated: 15.41 → 10.73 (CHANGED)
[2026-01-01 10:09:42]   [emp_id: 5371] ✓ Updated: 1.28 → 11 (CHANGED)
[2026-01-01 10:09:42]   [emp_id: 5376] ✓ Updated: 10.01 → 10.33 (CHANGED)
[2026-01-01 10:09:42]   [emp_id: 5378] ✓ Updated: 17.2 → 14.25 (CHANGED)
[2026-01-01 10:09:42]   [emp_id: 5380] ✓ Updated: 16.42 → 9.74 (CHANGED)
[2026-01-01 10:09:42]   [emp_id: 5381] ✓ Updated: 11.64 → 11.67 (CHANGED)
[2026-01-01 10:09:42]   [emp_id: 5383] ✓ Updated: 15.95 → 13.08 (CHANGED)
[2026-01-01 10:09:42]   [emp_id: 5388] ✓ Updated: 27.2 → 8.52 (CHANGED)
[2026-01-01 10:09:42]   [emp_id: 5396] ✓ Updated: 28.44 → 7.76 (CHANGED)
[2026-01-01 10:09:42]   [emp_id: 5397] ✓ Updated: 19.9 → 3.97 (CHANGED)
[2026-01-01 10:09:42]   [emp_id: 5401] ✓ Updated: 23.01 → 2.33 (CHANGED)
[2026-01-01 10:09:42]   [emp_id: 5402] ✓ Updated: 23.13 → 2.45 (CHANGED)
[2026-01-01 10:09:42]   [emp_id: 5406] ✓ Updated: 21.85 → 1.17 (CHANGED)
[2026-01-01 10:09:42]   [emp_id: 5407] ✓ Updated: 15.72 → 0.75 (CHANGED)
[2026-01-01 10:09:42]   [emp_id: 5409] ✓ Updated: 16.19 → 18.24 (CHANGED)
[2026-01-01 10:09:42]   [emp_id: 5413] ✓ Updated: 22.12 → 22.25 (CHANGED)
[2026-01-01 10:09:42]   [emp_id: 5414] ✓ Updated: 27.79 → 27.92 (CHANGED)
[2026-01-01 10:09:42]   [emp_id: 5415] ✓ Updated: 3.72 → 26.75 (CHANGED)
[2026-01-01 10:09:42]   [emp_id: 5418] ✓ Updated: 15.25 → 18.32 (CHANGED)
[2026-01-01 10:09:42]   [emp_id: 5422] ✓ Updated: 20.45 → 20.58 (CHANGED)
[2026-01-01 10:09:42]   [emp_id: 5423] ✓ Updated: 5.14 → 20.17 (CHANGED)
[2026-01-01 10:09:42]   [emp_id: 5425] ✓ Updated: 13.8 → 14.12 (CHANGED)
[2026-01-01 10:09:42]   [emp_id: 5426] ✓ Updated: 3.69 → 13.75 (CHANGED)
[2026-01-01 10:09:42]   [emp_id: 5426] ✓ Updated: 3.69 → 13.75 (CHANGED)
[2026-01-01 10:09:42]   [emp_id: 5427] ✓ Updated: 13.91 → 14.23 (CHANGED)
[2026-01-01 10:09:42]   [emp_id: 5428] ✓ Updated: 13.8 → 14.12 (CHANGED)
[2026-01-01 10:09:42]   [emp_id: 5430] ✓ Updated: 17.45 → 17.58 (CHANGED)
[2026-01-01 10:09:42]   [emp_id: 5431] ✓ Updated: 12.92 → 13.24 (CHANGED)
[2026-01-01 10:09:42]   [emp_id: 5434] ✓ Updated: 12.69 → 13.01 (CHANGED)
[2026-01-01 10:09:42]   [emp_id: 5435] ✓ Updated: 12.63 → 12.95 (CHANGED)
[2026-01-01 10:09:42]   [emp_id: 5436] ✓ Updated: 12.63 → 12.95 (CHANGED)
[2026-01-01 10:09:42]   [emp_id: 5438] ✓ Updated: 15.37 → 15.5 (CHANGED)
[2026-01-01 10:09:42]   [emp_id: 5439] ✓ Updated: 24.87 → 25 (CHANGED)
[2026-01-01 10:09:42]   [emp_id: 5442] ✓ Updated: 13.87 → 14 (CHANGED)
[2026-01-01 10:09:42]   [emp_id: 5445] ✓ Updated: 7.09 → 7.41 (CHANGED)
[2026-01-01 10:09:42]   [emp_id: 5446] ✓ Updated: 7.09 → 7.41 (CHANGED)
[2026-01-01 10:09:42]   [emp_id: 5447] ✓ Updated: 7.03 → 7.35 (CHANGED)
[2026-01-01 10:09:42]   [emp_id: 5448] ✓ Updated: 6.89 → 8.92 (CHANGED)
[2026-01-01 10:09:42]   [emp_id: 5449] ✓ Updated: 5.11 → 5.43 (CHANGED)
[2026-01-01 10:09:42]   [emp_id: 5450] ✓ Updated: 5.05 → 5.37 (CHANGED)
[2026-01-01 10:09:42]   [emp_id: 5451] ✓ Updated: 5.05 → 5.37 (CHANGED)
[2026-01-01 10:09:42]   [emp_id: 5454] ✓ Updated: 6.95 → 7.08 (CHANGED)
[2026-01-01 10:09:42]   [emp_id: 5455] ✓ Updated: 5.2 → 5.33 (CHANGED)
[2026-01-01 10:09:42]   [emp_id: 5456] ✓ Updated: 6.2 → 6.33 (CHANGED)
[2026-01-01 10:09:42] Report saved to: /home/almutlak/public_html/hr/cron_logs/last_vacation_update_report.json
[2026-01-01 10:17:17] ========== CRON: Vacation Balance Update Started ==========
[2026-01-01 10:17:17] FORCE RUN enabled: Bypassing once-per-day restriction
[2026-01-01 10:17:17] Database connection established
[2026-01-01 10:17:17] Found 427 active employees with balance records to update
[2026-01-01 10:17:17] (Only employees with status=1 will be processed)
[2026-01-01 10:17:17]   [emp_id: 1061] ✓ Updated: 0.16 → 0 (CHANGED)
[2026-01-01 10:17:17]   [emp_id: 1496] ✓ Updated: 16.29 → 20.67 (CHANGED)
[2026-01-01 10:17:17]   [emp_id: 1500] ✓ Updated: 3.97 → 20.67 (CHANGED)
[2026-01-01 10:17:17]   [emp_id: 1574] ✓ Updated: 33.2 → 0 (CHANGED)
[2026-01-01 10:17:17]   [emp_id: 1673] ✓ Updated: 44.7 → 15 (CHANGED)
[2026-01-01 10:17:17]   [emp_id: 1685] ✓ Updated: 14.62 → 14.75 (CHANGED)
[2026-01-01 10:17:17]   [emp_id: 1764] ✓ Updated: 69.29 → 40.83 (CHANGED)
[2026-01-01 10:17:17]   [emp_id: 1805] ✓ Updated: 63.62 → 0 (CHANGED)
[2026-01-01 10:17:17]   [emp_id: 1822] ✓ Updated: 68.37 → 38.5 (CHANGED)
[2026-01-01 10:17:17]   [emp_id: 1837] ✓ Updated: 24.54 → 30 (CHANGED)
[2026-01-01 10:17:17]   [emp_id: 1857] ✓ Updated: 19.87 → 0 (CHANGED)
[2026-01-01 10:17:17]   [emp_id: 1861] ✓ Updated: 70.7 → 19.5 (CHANGED)
[2026-01-01 10:17:17]   [emp_id: 1872] ✓ Updated: 9.54 → 10.83 (CHANGED)
[2026-01-01 10:17:17]   [emp_id: 1897] ✓ Updated: 4.87 → 0 (CHANGED)
[2026-01-01 10:17:17]   [emp_id: 1916] ✓ Updated: 11.17 → 0 (CHANGED)
[2026-01-01 10:17:17]   [emp_id: 1928] ✓ Updated: 64.12 → 0 (CHANGED)
[2026-01-01 10:17:17]   [emp_id: 1931] ✓ Updated: 84.04 → 17.67 (CHANGED)
[2026-01-01 10:17:17]   [emp_id: 1944] ✓ Updated: 42.2 → 44.75 (CHANGED)
[2026-01-01 10:17:17]   [emp_id: 1996] ✓ Updated: 70.7 → 35.75 (CHANGED)
[2026-01-01 10:17:17]   [emp_id: 1997] ✓ Updated: 35.87 → 35.75 (CHANGED)
[2026-01-01 10:17:17]   [emp_id: 1998] ✓ Updated: 27.31 → 35.75 (CHANGED)
[2026-01-01 10:17:17]   [emp_id: 1999] ✓ Updated: 28.31 → 35.75 (CHANGED)
[2026-01-01 10:17:17]   [emp_id: 2009] ✓ Updated: 34.62 → 4.75 (CHANGED)
[2026-01-01 10:17:17]   [emp_id: 2048] ✓ Updated: 24.45 → 24.58 (CHANGED)
[2026-01-01 10:17:17]   [emp_id: 2057] ✓ Updated: 65.29 → 23.67 (CHANGED)
[2026-01-01 10:17:17]   [emp_id: 2079] ✓ Updated: 47.62 → 19.83 (CHANGED)
[2026-01-01 10:17:17]   [emp_id: 2181] ✓ Updated: 36.62 → 40.33 (CHANGED)
[2026-01-01 10:17:17]   [emp_id: 2190] ✓ Updated: 5.95 → 6.08 (CHANGED)
[2026-01-01 10:17:17]   [emp_id: 2212] ✓ Updated: 23.95 → 0 (CHANGED)
[2026-01-01 10:17:17]   [emp_id: 2226] ✓ Updated: 68.7 → 22.75 (CHANGED)
[2026-01-01 10:17:17]   [emp_id: 2238] ✓ Updated: 66.95 → 16.92 (CHANGED)
[2026-01-01 10:17:17]   [emp_id: 2285] ✓ Updated: 35.62 → 0 (CHANGED)
[2026-01-01 10:17:17]   [emp_id: 2287] ✓ Updated: 47.29 → 0 (CHANGED)
[2026-01-01 10:17:17]   [emp_id: 2288] ✓ Updated: 2.31 → 0 (CHANGED)
[2026-01-01 10:17:17]   [emp_id: 2316] ✓ Updated: 16.12 → 43.83 (CHANGED)
[2026-01-01 10:17:17]   [emp_id: 2337] ✓ Updated: 37.2 → 43.75 (CHANGED)
[2026-01-01 10:17:17]   [emp_id: 2352] ✓ Updated: 68.7 → 38.83 (CHANGED)
[2026-01-01 10:17:17]   [emp_id: 2358] ✓ Updated: 5.2 → 5.33 (CHANGED)
[2026-01-01 10:17:17]   [emp_id: 2361] ✓ Updated: 70.87 → 31.08 (CHANGED)
[2026-01-01 10:17:17]   [emp_id: 2363] ✓ Updated: 73.45 → 31.08 (CHANGED)
[2026-01-01 10:17:17]   [emp_id: 2364] ✓ Updated: 72.87 → 33 (CHANGED)
[2026-01-01 10:17:17]   [emp_id: 2367] ✓ Updated: 100.54 → 30.83 (CHANGED)
[2026-01-01 10:17:17]   [emp_id: 2368] ✓ Updated: 30.95 → 31.08 (CHANGED)
[2026-01-01 10:17:17]   [emp_id: 2372] ✓ Updated: 68.2 → 28.92 (CHANGED)
[2026-01-01 10:17:17]   [emp_id: 2376] ✓ Updated: 118.2 → 28.92 (CHANGED)
[2026-01-01 10:17:17]   [emp_id: 2423] ✓ Updated: 18.95 → 19.08 (CHANGED)
[2026-01-01 10:17:17]   [emp_id: 2519] ✓ Updated: 172.62 → 0 (CHANGED)
[2026-01-01 10:17:17]   [emp_id: 2522] ✓ Updated: 56.2 → 4.75 (CHANGED)
[2026-01-01 10:17:17]   [emp_id: 2530] ✓ Updated: 51.45 → 0 (CHANGED)
[2026-01-01 10:17:17]   [emp_id: 2539] ✓ Updated: 48.2 → 0 (CHANGED)
[2026-01-01 10:17:17]   [emp_id: 2541] ✓ Updated: 28.79 → 0 (CHANGED)
[2026-01-01 10:17:17]   [emp_id: 2550] ✓ Updated: 94.95 → 0 (CHANGED)
[2026-01-01 10:17:17]   [emp_id: 2553] ✓ Updated: 32.06 → 18.08 (CHANGED)
[2026-01-01 10:17:17]   [emp_id: 2554] ✓ Updated: 38.54 → 0 (CHANGED)
[2026-01-01 10:17:17]   [emp_id: 2565] ✓ Updated: 93.12 → 48.75 (CHANGED)
[2026-01-01 10:17:17]   [emp_id: 2572] ✓ Updated: 43.12 → 48.58 (CHANGED)
[2026-01-01 10:17:17]   [emp_id: 2637] ✓ Updated: 63.7 → 43.67 (CHANGED)
[2026-01-01 10:17:17]   [emp_id: 2642] ✓ Updated: 76.45 → 43.25 (CHANGED)
[2026-01-01 10:17:17]   [emp_id: 2645] ✓ Updated: 92.45 → 43.08 (CHANGED)
[2026-01-01 10:17:17]   [emp_id: 2648] ✓ Updated: 44.12 → 37.25 (CHANGED)
[2026-01-01 10:17:17]   [emp_id: 2654] ✓ Updated: 86.79 → 27.33 (CHANGED)
[2026-01-01 10:17:17]   [emp_id: 2688] ✓ Updated: 24.87 → 1.5 (CHANGED)
[2026-01-01 10:17:17]   [emp_id: 2690] ✓ Updated: 13.62 → 0 (CHANGED)
[2026-01-01 10:17:18]   [emp_id: 2709] ✓ Updated: 35.87 → 10.67 (CHANGED)
[2026-01-01 10:17:18]   [emp_id: 2745] ✓ Updated: 32.45 → 49.83 (CHANGED)
[2026-01-01 10:17:18]   [emp_id: 2843] ✓ Updated: 79.04 → 19.17 (CHANGED)
[2026-01-01 10:17:18]   [emp_id: 2854] ✓ Updated: 58.95 → 17.83 (CHANGED)
[2026-01-01 10:17:18]   [emp_id: 2869] ✓ Updated: 63.87 → 15.67 (CHANGED)
[2026-01-01 10:17:18]   [emp_id: 2876] ✓ Updated: 33.7 → 14.25 (CHANGED)
[2026-01-01 10:17:18]   [emp_id: 2924] ✓ Updated: 14.87 → 15 (CHANGED)
[2026-01-01 10:17:18]   [emp_id: 2953] ✓ Updated: 100.62 → 41.42 (CHANGED)
[2026-01-01 10:17:18]   [emp_id: 2961] ✓ Updated: 10.62 → 39.17 (CHANGED)
[2026-01-01 10:17:18]   [emp_id: 2975] ✓ Updated: 3.72 → 6.92 (CHANGED)
[2026-01-01 10:17:18]   [emp_id: 3013] ✓ Updated: 9.62 → 25.5 (CHANGED)
[2026-01-01 10:17:18]   [emp_id: 3014] ✓ Updated: 88.87 → 25.5 (CHANGED)
[2026-01-01 10:17:18]   [emp_id: 3015] ✓ Updated: 40.12 → 0 (CHANGED)
[2026-01-01 10:17:18]   [emp_id: 3018] ✓ Updated: 58.87 → 25.5 (CHANGED)
[2026-01-01 10:17:18]   [emp_id: 3025] ✓ Updated: 22.64 → 22.67 (CHANGED)
[2026-01-01 10:17:18]   [emp_id: 3037] ✓ Updated: 82.37 → 22.5 (CHANGED)
[2026-01-01 10:17:18]   [emp_id: 3047] ✓ Updated: 70.62 → 21.83 (CHANGED)
[2026-01-01 10:17:18]   [emp_id: 3061] ✓ Updated: 17.54 → 17.67 (CHANGED)
[2026-01-01 10:17:18]   [emp_id: 3062] ✓ Updated: 50.7 → 39.83 (CHANGED)
[2026-01-01 10:17:18]   [emp_id: 3074] ✓ Updated: 107.12 → 10 (CHANGED)
[2026-01-01 10:17:18]   [emp_id: 3089] ✓ Updated: 6.04 → 0 (CHANGED)
[2026-01-01 10:17:18]   [emp_id: 3090] ✓ Updated: 32.62 → 0 (CHANGED)
[2026-01-01 10:17:18]   [emp_id: 3091] ✓ Updated: 44.62 → 0 (CHANGED)
[2026-01-01 10:17:18]   [emp_id: 3092] ✓ Updated: 27.29 → 0 (CHANGED)
[2026-01-01 10:17:18]   [emp_id: 3105] ✓ Updated: 47.62 → 0 (CHANGED)
[2026-01-01 10:17:18]   [emp_id: 3134] ✓ Updated: 43.37 → 50.42 (CHANGED)
[2026-01-01 10:17:18]   [emp_id: 3140] ✓ Updated: 40.45 → 48.75 (CHANGED)
[2026-01-01 10:17:18]   [emp_id: 3144] ✓ Updated: 13.29 → 48.75 (CHANGED)
[2026-01-01 10:17:18]   [emp_id: 3156] ✓ Updated: 16.62 → 48.17 (CHANGED)
[2026-01-01 10:17:18]   [emp_id: 3162] ✓ Updated: 1.6 → 21.42 (CHANGED)
[2026-01-01 10:17:18]   [emp_id: 3163] ✓ Updated: 4.87 → 48.17 (CHANGED)
[2026-01-01 10:17:18]   [emp_id: 3198] ✓ Updated: 39.87 → 46.75 (CHANGED)
[2026-01-01 10:17:18]   [emp_id: 3205] ✓ Updated: 16.54 → 16.67 (CHANGED)
[2026-01-01 10:17:18]   [emp_id: 3209] ✓ Updated: 40.7 → 44.83 (CHANGED)
[2026-01-01 10:17:18]   [emp_id: 3223] ✓ Updated: 89.62 → 36.67 (CHANGED)
[2026-01-01 10:17:18]   [emp_id: 3224] ✓ Updated: 64.37 → 36.17 (CHANGED)
[2026-01-01 10:17:18]   [emp_id: 3230] ✓ Updated: 87.79 → 35.42 (CHANGED)
[2026-01-01 10:17:18]   [emp_id: 3231] ✓ Updated: 0.16 → 0 (CHANGED)
[2026-01-01 10:17:18]   [emp_id: 3233] ✓ Updated: 80.62 → 33.92 (CHANGED)
[2026-01-01 10:17:18]   [emp_id: 3249] ✓ Updated: 36.45 → 30.58 (CHANGED)
[2026-01-01 10:17:18]   [emp_id: 3250] ✓ Updated: 9.45 → 30.58 (CHANGED)
[2026-01-01 10:17:18]   [emp_id: 3252] ✓ Updated: 10.37 → 30.58 (CHANGED)
[2026-01-01 10:17:18]   [emp_id: 3254] ✓ Updated: 20.87 → 30.58 (CHANGED)
[2026-01-01 10:17:18]   [emp_id: 3255] ✓ Updated: 17.29 → 30.58 (CHANGED)
[2026-01-01 10:17:18]   [emp_id: 3256] ✓ Updated: 13.54 → 30.58 (CHANGED)
[2026-01-01 10:17:18]   [emp_id: 3263] ✓ Updated: 29.62 → 29 (CHANGED)
[2026-01-01 10:17:18]   [emp_id: 3265] ✓ Updated: 25.2 → 27.92 (CHANGED)
[2026-01-01 10:17:18]   [emp_id: 3280] ✓ Updated: 72.12 → 22.08 (CHANGED)
[2026-01-01 10:17:18]   [emp_id: 3286] ✓ Updated: 15.29 → 18.42 (CHANGED)
[2026-01-01 10:17:18]   [emp_id: 3294] ✓ Updated: 14.95 → 15.08 (CHANGED)
[2026-01-01 10:17:18]   [emp_id: 3321] ✓ Updated: 72.12 → 3.83 (CHANGED)
[2026-01-01 10:17:18]   [emp_id: 3325] ✓ Updated: 59.87 → 3.42 (CHANGED)
[2026-01-01 10:17:18]   [emp_id: 3329] ✓ Updated: 62.2 → 2.33 (CHANGED)
[2026-01-01 10:17:18]   [emp_id: 3330] ✓ Updated: 62.2 → 2.33 (CHANGED)
[2026-01-01 10:17:18]   [emp_id: 3332] ✓ Updated: 62.2 → 2 (CHANGED)
[2026-01-01 10:17:18]   [emp_id: 3370] ✓ Updated: 53.87 → 0 (CHANGED)
[2026-01-01 10:17:18]   [emp_id: 3384] ✓ Updated: 14.37 → 0 (CHANGED)
[2026-01-01 10:17:18]   [emp_id: 3386] ✓ Updated: 44.37 → 0 (CHANGED)
[2026-01-01 10:17:18]   [emp_id: 3431] ✓ Updated: 18.79 → 18.92 (CHANGED)
[2026-01-01 10:17:18]   [emp_id: 3497] ✓ Updated: 8.95 → 14 (CHANGED)
[2026-01-01 10:17:18]   [emp_id: 3532] ✓ Updated: 45.79 → 19.67 (CHANGED)
[2026-01-01 10:17:18]   [emp_id: 3586] ✓ Updated: 9.87 → 0 (CHANGED)
[2026-01-01 10:17:18]   [emp_id: 3602] ✓ Updated: 1.36 → 0 (CHANGED)
[2026-01-01 10:17:18]   [emp_id: 3618] ✓ Updated: 23.34 → 0 (CHANGED)
[2026-01-01 10:17:18]   [emp_id: 3622] ✓ Updated: 34.35 → 18.67 (CHANGED)
[2026-01-01 10:17:18]   [emp_id: 3627] ✓ Updated: 9.29 → 0 (CHANGED)
[2026-01-01 10:17:18]   [emp_id: 3665] ✓ Updated: 50.87 → 7 (CHANGED)
[2026-01-01 10:17:18]   [emp_id: 3705] ✓ Updated: 27.68 → 6.94 (CHANGED)
[2026-01-01 10:17:18]   [emp_id: 3724] ✓ Updated: 43.87 → 7.92 (CHANGED)
[2026-01-01 10:17:18]   [emp_id: 3726] ✓ Updated: 60.29 → 7.92 (CHANGED)
[2026-01-01 10:17:18]   [emp_id: 3727] ✓ Updated: 65.37 → 7.92 (CHANGED)
[2026-01-01 10:17:18]   [emp_id: 3728] ✓ Updated: 9.7 → 7.92 (CHANGED)
[2026-01-01 10:17:18]   [emp_id: 3767] ✓ Updated: 60.45 → 3.08 (CHANGED)
[2026-01-01 10:17:18]   [emp_id: 3768] ✓ Updated: 56.7 → 3.08 (CHANGED)
[2026-01-01 10:17:18]   [emp_id: 3787] ✓ Updated: 57.29 → 2.17 (CHANGED)
[2026-01-01 10:17:18]   [emp_id: 3790] ✓ Updated: 1.84 → 0 (CHANGED)
[2026-01-01 10:17:18]   [emp_id: 3795] ✓ Updated: 14.79 → 1.5 (CHANGED)
[2026-01-01 10:17:18]   [emp_id: 3798] ✓ Updated: 93.2 → 1.5 (CHANGED)
[2026-01-01 10:17:18]   [emp_id: 3801] ✓ Updated: 1.47 → 1.5 (CHANGED)
[2026-01-01 10:17:18]   [emp_id: 3802] ✓ Updated: 30.45 → 1.5 (CHANGED)
[2026-01-01 10:17:18]   [emp_id: 3803] ✓ Updated: 114.87 → 1.5 (CHANGED)
[2026-01-01 10:17:18]   [emp_id: 3810] ✓ Updated: 60.87 → 1 (CHANGED)
[2026-01-01 10:17:18]   [emp_id: 3812] ✓ Updated: 89.87 → 0 (CHANGED)
[2026-01-01 10:17:18]   [emp_id: 3815] ✓ Updated: 89.87 → 0 (CHANGED)
[2026-01-01 10:17:18]   [emp_id: 3836] ✓ Updated: 57.54 → 0 (CHANGED)
[2026-01-01 10:17:18]   [emp_id: 3855] ✓ Updated: 50.7 → 0 (CHANGED)
[2026-01-01 10:17:18]   [emp_id: 3857] ✓ Updated: 54.37 → 0 (CHANGED)
[2026-01-01 10:17:18]   [emp_id: 3862] ✓ Updated: 102.45 → 0 (CHANGED)
[2026-01-01 10:17:18]   [emp_id: 3866] ✓ Updated: 27.7 → 27.83 (CHANGED)
[2026-01-01 10:17:18]   [emp_id: 3876] ✓ Updated: 47.87 → 12.42 (CHANGED)
[2026-01-01 10:17:18]   [emp_id: 3877] ✓ Updated: 49.37 → 54.08 (CHANGED)
[2026-01-01 10:17:18]   [emp_id: 3897] ✓ Updated: 37.62 → 14.58 (CHANGED)
[2026-01-01 10:17:18]   [emp_id: 3899] ✓ Updated: 0.8 → 0.93 (CHANGED)
[2026-01-01 10:17:18]   [emp_id: 3928] ✓ Updated: 13.7 → 18.83 (CHANGED)
[2026-01-01 10:17:18]   [emp_id: 3929] ✓ Updated: 8.7 → 48.83 (CHANGED)
[2026-01-01 10:17:18]   [emp_id: 3935] ✓ Updated: 93.7 → 3.83 (CHANGED)
[2026-01-01 10:17:18]   [emp_id: 3952] ✓ Updated: 76.04 → 16.17 (CHANGED)
[2026-01-01 10:17:18]   [emp_id: 3987] ✓ Updated: 13.95 → 14.08 (CHANGED)
[2026-01-01 10:17:18]   [emp_id: 4059] ✓ Updated: 3.15 → 5.83 (CHANGED)
[2026-01-01 10:17:18]   [emp_id: 4119] ✓ Updated: 56.62 → 0 (CHANGED)
[2026-01-01 10:17:18]   [emp_id: 4120] ✓ Updated: 26.2 → 0 (CHANGED)
[2026-01-01 10:17:18]   [emp_id: 4124] ✓ Updated: 26.72 → 0 (CHANGED)
[2026-01-01 10:17:18]   [emp_id: 4133] ✓ Updated: 105.2 → 0 (CHANGED)
[2026-01-01 10:17:18]   [emp_id: 4134] ✓ Updated: 26.2 → 0 (CHANGED)
[2026-01-01 10:17:18]   [emp_id: 4136] ✓ Updated: 26.2 → 0 (CHANGED)
[2026-01-01 10:17:18]   [emp_id: 4150] ✓ Updated: 24.87 → 25 (CHANGED)
[2026-01-01 10:17:18]   [emp_id: 4157] ✓ Updated: 18.37 → 26.42 (CHANGED)
[2026-01-01 10:17:18]   [emp_id: 4172] ✓ Updated: 12.26 → 17.27 (CHANGED)
[2026-01-01 10:17:18]   [emp_id: 4195] ✓ Updated: 61.95 → 22.08 (CHANGED)
[2026-01-01 10:17:18]   [emp_id: 4215] ✓ Updated: 44.62 → 18.92 (CHANGED)
[2026-01-01 10:17:18]   [emp_id: 4220] ✓ Updated: 40.2 → 20 (CHANGED)
[2026-01-01 10:17:18]   [emp_id: 4273] ✓ Updated: 8.87 → 11.33 (CHANGED)
[2026-01-01 10:17:18]   [emp_id: 4283] ✓ Updated: 13.35 → 10.15 (CHANGED)
[2026-01-01 10:17:18]   [emp_id: 4288] ✓ Updated: 1.12 → 0 (CHANGED)
[2026-01-01 10:17:18]   [emp_id: 4315] ✓ Updated: 12.12 → 7.5 (CHANGED)
[2026-01-01 10:17:18]   [emp_id: 4328] ✓ Updated: 42.18 → 5.25 (CHANGED)
[2026-01-01 10:17:18]   [emp_id: 4329] ✓ Updated: 5.29 → 7.5 (CHANGED)
[2026-01-01 10:17:18]   [emp_id: 4338] ✓ Updated: 46.87 → 6.5 (CHANGED)
[2026-01-01 10:17:18]   [emp_id: 4340] ✓ Updated: 125.87 → 6 (CHANGED)
[2026-01-01 10:17:18]   [emp_id: 4365] ✓ Updated: 60.29 → 0.67 (CHANGED)
[2026-01-01 10:17:18]   [emp_id: 4366] ✓ Updated: 59.37 → 0.67 (CHANGED)
[2026-01-01 10:17:18]   [emp_id: 4403] ✓ Updated: 85.2 → 0 (CHANGED)
[2026-01-01 10:17:18]   [emp_id: 4438] ✓ Updated: 20.87 → 24.33 (CHANGED)
[2026-01-01 10:17:18]   [emp_id: 4465] ✓ Updated: 12.51 → 34.53 (CHANGED)
[2026-01-01 10:17:18]   [emp_id: 4473] ✓ Updated: 44.45 → 48.42 (CHANGED)
[2026-01-01 10:17:18]   [emp_id: 4474] ✓ Updated: 0.1 → 0 (CHANGED)
[2026-01-01 10:17:18]   [emp_id: 4493] ✓ Updated: 163.29 → 43.42 (CHANGED)
[2026-01-01 10:17:18]   [emp_id: 4526] ✓ Updated: 35.54 → 39.5 (CHANGED)
[2026-01-01 10:17:18]   [emp_id: 4528] ✓ Updated: 107.29 → 9.42 (CHANGED)
[2026-01-01 10:17:18]   [emp_id: 4528] ✓ Updated: 107.29 → 9.42 (CHANGED)
[2026-01-01 10:17:18]   [emp_id: 4532] ✓ Updated: 7.63 → 0 (CHANGED)
[2026-01-01 10:17:18]   [emp_id: 4533] ✓ Updated: 35.7 → 37.75 (CHANGED)
[2026-01-01 10:17:18]   [emp_id: 4564] ✓ Updated: 25.26 → 20.94 (CHANGED)
[2026-01-01 10:17:18]   [emp_id: 4565] ✓ Updated: 15.01 → 20.94 (CHANGED)
[2026-01-01 10:17:18]   [emp_id: 4567] ✓ Updated: 19.26 → 18.67 (CHANGED)
[2026-01-01 10:17:19]   [emp_id: 4572] ✓ Updated: 58.76 → 15.11 (CHANGED)
[2026-01-01 10:17:19]   [emp_id: 4631] ✓ Updated: 15.01 → 0 (CHANGED)
[2026-01-01 10:17:19]   [emp_id: 4655] ✓ Updated: 24.62 → 24.75 (CHANGED)
[2026-01-01 10:17:19]   [emp_id: 4689] ✓ Updated: 2.39 → 14.42 (CHANGED)
[2026-01-01 10:17:19]   [emp_id: 4709] ✓ Updated: 39.87 → 10 (CHANGED)
[2026-01-01 10:17:19]   [emp_id: 4717] ✓ Updated: 65.87 → 7 (CHANGED)
[2026-01-01 10:17:19]   [emp_id: 4736] ✓ Updated: 27.7 → 34.67 (CHANGED)
[2026-01-01 10:17:19]   [emp_id: 4756] ✓ Updated: 11.45 → 18.49 (CHANGED)
[2026-01-01 10:17:19]   [emp_id: 4768] ✓ Updated: 12.37 → 22.5 (CHANGED)
[2026-01-01 10:17:19]   [emp_id: 4780] ✓ Updated: 65.18 → 12.78 (CHANGED)
[2026-01-01 10:17:19]   [emp_id: 4820] ✓ Updated: 98.7 → 8.83 (CHANGED)
[2026-01-01 10:17:19]   [emp_id: 4825] ✓ Updated: 30.45 → 0.58 (CHANGED)
[2026-01-01 10:17:19]   [emp_id: 4835] ✓ Updated: 47.93 → 0 (CHANGED)
[2026-01-01 10:17:19]   [emp_id: 4837] ✓ Updated: 45.17 → 0 (CHANGED)
[2026-01-01 10:17:19]   [emp_id: 4838] ✓ Updated: 44.19 → 0 (CHANGED)
[2026-01-01 10:17:19]   [emp_id: 4840] ✓ Updated: 45.17 → 0 (CHANGED)
[2026-01-01 10:17:19]   [emp_id: 4842] ✓ Updated: 44.41 → 0 (CHANGED)
[2026-01-01 10:17:19]   [emp_id: 4843] ✓ Updated: 44.94 → 0 (CHANGED)
[2026-01-01 10:17:19]   [emp_id: 4853] ✓ Updated: 88.76 → 0 (CHANGED)
[2026-01-01 10:17:19]   [emp_id: 4856] ✓ Updated: 42.08 → 39.32 (CHANGED)
[2026-01-01 10:17:19]   [emp_id: 4857] ✓ Updated: 24.9 → 39.32 (CHANGED)
[2026-01-01 10:17:19]   [emp_id: 4858] ✓ Updated: 21.78 → 39.32 (CHANGED)
[2026-01-01 10:17:19]   [emp_id: 4859] ✓ Updated: 43.25 → 39.32 (CHANGED)
[2026-01-01 10:17:19]   [emp_id: 4860] ✓ Updated: 7.75 → 39.32 (CHANGED)
[2026-01-01 10:17:19]   [emp_id: 4861] ✓ Updated: 41.21 → 39.32 (CHANGED)
[2026-01-01 10:17:19]   [emp_id: 4869] ✓ Updated: 84.09 → 37.98 (CHANGED)
[2026-01-01 10:17:19]   [emp_id: 4894] ✓ Updated: 7.37 → 7.5 (CHANGED)
[2026-01-01 10:17:19]   [emp_id: 4897] ✓ Updated: 22.99 → 25.26 (CHANGED)
[2026-01-01 10:17:19]   [emp_id: 4899] ✓ Updated: 19.16 → 22.75 (CHANGED)
[2026-01-01 10:17:19]   [emp_id: 4902] ✓ Updated: 18.58 → 21.76 (CHANGED)
[2026-01-01 10:17:19]   [emp_id: 4903] ✓ Updated: 20.8 → 21.76 (CHANGED)
[2026-01-01 10:17:19]   [emp_id: 4905] ✓ Updated: 19.46 → 21.76 (CHANGED)
[2026-01-01 10:17:19]   [emp_id: 4907] ✓ Updated: 47.45 → 0 (CHANGED)
[2026-01-01 10:17:19]   [emp_id: 4917] ✓ Updated: 16.42 → 19.72 (CHANGED)
[2026-01-01 10:17:19]   [emp_id: 4918] ✓ Updated: 6.19 → 19.72 (CHANGED)
[2026-01-01 10:17:19]   [emp_id: 4919] ✓ Updated: 58.48 → 19.72 (CHANGED)
[2026-01-01 10:17:19]   [emp_id: 4920] ✓ Updated: 5.56 → 19.72 (CHANGED)
[2026-01-01 10:17:19]   [emp_id: 4921] ✓ Updated: 17.65 → 19.72 (CHANGED)
[2026-01-01 10:17:19]   [emp_id: 4927] ✓ Updated: 16.48 → 18.67 (CHANGED)
[2026-01-01 10:17:19]   [emp_id: 4929] ✓ Updated: 18 → 18.32 (CHANGED)
[2026-01-01 10:17:19]   [emp_id: 4930] ✓ Updated: 58.77 → 18.32 (CHANGED)
[2026-01-01 10:17:19]   [emp_id: 4932] ✓ Updated: 16.77 → 17.5 (CHANGED)
[2026-01-01 10:17:19]   [emp_id: 4933] ✓ Updated: 20.18 → 17.5 (CHANGED)
[2026-01-01 10:17:19]   [emp_id: 4949] ✓ Updated: 35.61 → 14.93 (CHANGED)
[2026-01-01 10:17:19]   [emp_id: 4956] ✓ Updated: 29.2 → 10.25 (CHANGED)
[2026-01-01 10:17:19]   [emp_id: 4957] ✓ Updated: 29.87 → 12.19 (CHANGED)
[2026-01-01 10:17:19]   [emp_id: 4962] ✓ Updated: 46.81 → 16.83 (CHANGED)
[2026-01-01 10:17:19]   [emp_id: 4969] ✓ Updated: 46.12 → 16.25 (CHANGED)
[2026-01-01 10:17:19]   [emp_id: 4976] ✓ Updated: 9.89 → 10.21 (CHANGED)
[2026-01-01 10:17:19]   [emp_id: 4984] ✓ Updated: 37.37 → 12.5 (CHANGED)
[2026-01-01 10:17:19]   [emp_id: 4995] ✓ Updated: 49.44 → 10.58 (CHANGED)
[2026-01-01 10:17:19]   [emp_id: 5004] ✓ Updated: 26.83 → 5.89 (CHANGED)
[2026-01-01 10:17:19]   [emp_id: 5006] ✓ Updated: 26.57 → 5.89 (CHANGED)
[2026-01-01 10:17:19]   [emp_id: 5011] ✓ Updated: 13.04 → 6.17 (CHANGED)
[2026-01-01 10:17:19]   [emp_id: 5013] ✓ Updated: 66.94 → 4.26 (CHANGED)
[2026-01-01 10:17:19]   [emp_id: 5018] ✓ Updated: 3.43 → 3.5 (CHANGED)
[2026-01-01 10:17:19]   [emp_id: 5021] ✓ Updated: 60.47 → 4.5 (CHANGED)
[2026-01-01 10:17:19]   [emp_id: 5024] ✓ Updated: 1.45 → 3.15 (CHANGED)
[2026-01-01 10:17:19]   [emp_id: 5030] ✓ Updated: 31.4 → 1.75 (CHANGED)
[2026-01-01 10:17:19]   [emp_id: 5033] ✓ Updated: 22.2 → 1.52 (CHANGED)
[2026-01-01 10:17:19]   [emp_id: 5043] ✓ Updated: 30.04 → 0.17 (CHANGED)
[2026-01-01 10:17:19]   [emp_id: 5045] ✓ Updated: 26.54 → 0 (CHANGED)
[2026-01-01 10:17:19]   [emp_id: 5046] ✓ Updated: 21.73 → 0 (CHANGED)
[2026-01-01 10:17:19]   [emp_id: 5049] ✓ Updated: 38.88 → 0 (CHANGED)
[2026-01-01 10:17:19]   [emp_id: 5052] ✓ Updated: 30.16 → 19.48 (CHANGED)
[2026-01-01 10:17:19]   [emp_id: 5055] ✓ Updated: 18.6 → 19.31 (CHANGED)
[2026-01-01 10:17:19]   [emp_id: 5058] ✓ Updated: 27.58 → 18.9 (CHANGED)
[2026-01-01 10:17:19]   [emp_id: 5062] ✓ Updated: 39.41 → 18.73 (CHANGED)
[2026-01-01 10:17:19]   [emp_id: 5064] ✓ Updated: 117.37 → 27.5 (CHANGED)
[2026-01-01 10:17:19]   [emp_id: 5065] ✓ Updated: 38.82 → 18.14 (CHANGED)
[2026-01-01 10:17:19]   [emp_id: 5071] ✓ Updated: 22.87 → 25 (CHANGED)
[2026-01-01 10:17:19]   [emp_id: 5073] ✓ Updated: 13.42 → 37.74 (CHANGED)
[2026-01-01 10:17:19]   [emp_id: 5079] ✓ Updated: 33.98 → 15.69 (CHANGED)
[2026-01-01 10:17:19]   [emp_id: 5080] ✓ Updated: 29.31 → 13.63 (CHANGED)
[2026-01-01 10:17:19]   [emp_id: 5081] ✓ Updated: 15.57 → 15.63 (CHANGED)
[2026-01-01 10:17:19]   [emp_id: 5087] ✓ Updated: 35.61 → 35.93 (CHANGED)
[2026-01-01 10:17:19]   [emp_id: 5091] ✓ Updated: 75.46 → 33.78 (CHANGED)
[2026-01-01 10:17:19]   [emp_id: 5093] ✓ Updated: 14.04 → 17.67 (CHANGED)
[2026-01-01 10:17:19]   [emp_id: 5095] ✓ Updated: 1 → 0 (CHANGED)
[2026-01-01 10:17:19]   [emp_id: 5101] ✓ Updated: 16.12 → 16.25 (CHANGED)
[2026-01-01 10:17:19]   [emp_id: 5107] ✓ Updated: 14.45 → 14.58 (CHANGED)
[2026-01-01 10:17:19]   [emp_id: 5109] ✓ Updated: 11.7 → 41.83 (CHANGED)
[2026-01-01 10:17:19]   [emp_id: 5119] ✓ Updated: 9.87 → 10 (CHANGED)
[2026-01-01 10:17:19]   [emp_id: 5122] ✓ Updated: 7.04 → 8.17 (CHANGED)
[2026-01-01 10:17:19]   [emp_id: 5126] ✓ Updated: 26.34 → 5.66 (CHANGED)
[2026-01-01 10:17:19]   [emp_id: 5127] ✓ Updated: 23.13 → 5.19 (CHANGED)
[2026-01-01 10:17:19]   [emp_id: 5128] ✓ Updated: 26.28 → 5.6 (CHANGED)
[2026-01-01 10:17:19]   [emp_id: 5138] ✓ Updated: 65.7 → 6.83 (CHANGED)
[2026-01-01 10:17:19]   [emp_id: 5138] ✓ Updated: 65.7 → 6.83 (CHANGED)
[2026-01-01 10:17:19]   [emp_id: 5141] ✓ Updated: 34.65 → 3.97 (CHANGED)
[2026-01-01 10:17:19]   [emp_id: 5142] ✓ Updated: 13.65 → 3.97 (CHANGED)
[2026-01-01 10:17:19]   [emp_id: 5146] ✓ Updated: 20.65 → 3.97 (CHANGED)
[2026-01-01 10:17:19]   [emp_id: 5147] ✓ Updated: 19.65 → 3.97 (CHANGED)
[2026-01-01 10:17:19]   [emp_id: 5148] ✓ Updated: 25 → 25.32 (CHANGED)
[2026-01-01 10:17:19]   [emp_id: 5149] ✓ Updated: 23.89 → 25.32 (CHANGED)
[2026-01-01 10:17:19]   [emp_id: 5150] ✓ Updated: 23.25 → 24.56 (CHANGED)
[2026-01-01 10:17:19]   [emp_id: 5151] ✓ Updated: 23.07 → 24.5 (CHANGED)
[2026-01-01 10:17:19]   [emp_id: 5152] ✓ Updated: 3.49 → 5.5 (CHANGED)
[2026-01-01 10:17:19]   [emp_id: 5157] ✓ Updated: 23.07 → 2.39 (CHANGED)
[2026-01-01 10:17:19]   [emp_id: 5160] ✓ Updated: 23.07 → 0 (CHANGED)
[2026-01-01 10:17:19]   [emp_id: 5163] ✓ Updated: 20.86 → 22.63 (CHANGED)
[2026-01-01 10:17:19]   [emp_id: 5165] ✓ Updated: 1.14 → 2.75 (CHANGED)
[2026-01-01 10:17:19]   [emp_id: 5167] ✓ Updated: 30.01 → 23.33 (CHANGED)
[2026-01-01 10:17:19]   [emp_id: 5168] ✓ Updated: 22.55 → 1.87 (CHANGED)
[2026-01-01 10:17:19]   [emp_id: 5173] ✓ Updated: 24.79 → 31.08 (CHANGED)
[2026-01-01 10:17:19]   [emp_id: 5174] ✓ Updated: 23.01 → 23.33 (CHANGED)
[2026-01-01 10:17:19]   [emp_id: 5181] ✓ Updated: 19.4 → 19.72 (CHANGED)
[2026-01-01 10:17:19]   [emp_id: 5186] ✓ Updated: 24.93 → 19.25 (CHANGED)
[2026-01-01 10:17:19]   [emp_id: 5187] ✓ Updated: 35.93 → 19.25 (CHANGED)
[2026-01-01 10:17:19]   [emp_id: 5204] ✓ Updated: 22.29 → 20.42 (CHANGED)
[2026-01-01 10:17:19]   [emp_id: 5205] ✓ Updated: 12.14 → 16.04 (CHANGED)
[2026-01-01 10:17:19]   [emp_id: 5209] ✓ Updated: 15.14 → 16.04 (CHANGED)
[2026-01-01 10:17:20]   [emp_id: 5213] ✓ Updated: 1.55 → 12.08 (CHANGED)
[2026-01-01 10:17:20]   [emp_id: 5214] ✓ Updated: 3.39 → 16.04 (CHANGED)
[2026-01-01 10:17:20]   [emp_id: 5215] ✓ Updated: 10.14 → 14.04 (CHANGED)
[2026-01-01 10:17:20]   [emp_id: 5217] ✓ Updated: 9.14 → 16.04 (CHANGED)
[2026-01-01 10:17:20]   [emp_id: 5219] ✓ Updated: 13.14 → 16.04 (CHANGED)
[2026-01-01 10:17:20]   [emp_id: 5221] ✓ Updated: 4.51 → 13.04 (CHANGED)
[2026-01-01 10:17:20]   [emp_id: 5224] ✓ Updated: 14.14 → 16.04 (CHANGED)
[2026-01-01 10:17:20]   [emp_id: 5225] ✓ Updated: 0.81 → 4.04 (CHANGED)
[2026-01-01 10:17:20]   [emp_id: 5228] ✓ Updated: 9.14 → 16.04 (CHANGED)
[2026-01-01 10:17:20]   [emp_id: 5229] ✓ Updated: 5.14 → 16.04 (CHANGED)
[2026-01-01 10:17:20]   [emp_id: 5230] ✓ Updated: 11.81 → 15.04 (CHANGED)
[2026-01-01 10:17:20]   [emp_id: 5231] ✓ Updated: 6.14 → 16.04 (CHANGED)
[2026-01-01 10:17:20]   [emp_id: 5232] ✓ Updated: 11.14 → 16.04 (CHANGED)
[2026-01-01 10:17:20]   [emp_id: 5233] ✓ Updated: 4.14 → 16.04 (CHANGED)
[2026-01-01 10:17:20]   [emp_id: 5234] ✓ Updated: 4.14 → 5.04 (CHANGED)
[2026-01-01 10:17:20]   [emp_id: 5235] ✓ Updated: 4.81 → 8.04 (CHANGED)
[2026-01-01 10:17:20]   [emp_id: 5237] ✓ Updated: 10.39 → 16.04 (CHANGED)
[2026-01-01 10:17:20]   [emp_id: 5239] ✓ Updated: 7.14 → 16.04 (CHANGED)
[2026-01-01 10:17:20]   [emp_id: 5241] ✓ Updated: 5.14 → 11.04 (CHANGED)
[2026-01-01 10:17:20]   [emp_id: 5242] ✓ Updated: 15.14 → 16.04 (CHANGED)
[2026-01-01 10:17:20]   [emp_id: 5243] ✓ Updated: 1.55 → 12.08 (CHANGED)
[2026-01-01 10:17:20]   [emp_id: 5244] ✓ Updated: 0.85 → 8.08 (CHANGED)
[2026-01-01 10:17:20]   [emp_id: 5246] ✓ Updated: 11.14 → 7.17 (CHANGED)
[2026-01-01 10:17:20]   [emp_id: 5253] ✓ Updated: 24.01 → 12.08 (CHANGED)
[2026-01-01 10:17:20]   [emp_id: 5254] ✓ Updated: 11.99 → 12.31 (CHANGED)
[2026-01-01 10:17:20]   [emp_id: 5257] ✓ Updated: 11.7 → 12.02 (CHANGED)
[2026-01-01 10:17:20]   [emp_id: 5259] ✓ Updated: 48.23 → 11.55 (CHANGED)
[2026-01-01 10:17:20]   [emp_id: 5261] ✓ Updated: 15.89 → 15.92 (CHANGED)
[2026-01-01 10:17:20]   [emp_id: 5264] ✓ Updated: 25.71 → 10.03 (CHANGED)
[2026-01-01 10:17:20]   [emp_id: 5266] ✓ Updated: 20.33 → 6.98 (CHANGED)
[2026-01-01 10:17:20]   [emp_id: 5268] ✓ Updated: 8.9 → 9.22 (CHANGED)
[2026-01-01 10:17:20]   [emp_id: 5271] ✓ Updated: 7.56 → 7.88 (CHANGED)
[2026-01-01 10:17:20]   [emp_id: 5272] ✓ Updated: 8.43 → 8.75 (CHANGED)
[2026-01-01 10:17:20]   [emp_id: 5273] ✓ Updated: 23.5 → 9.57 (CHANGED)
[2026-01-01 10:17:20]   [emp_id: 5275] ✓ Updated: 9.25 → 9.57 (CHANGED)
[2026-01-01 10:17:20]   [emp_id: 5276] ✓ Updated: 23.52 → 4.57 (CHANGED)
[2026-01-01 10:17:20]   [emp_id: 5278] ✓ Updated: 7.91 → 8.23 (CHANGED)
[2026-01-01 10:17:20]   [emp_id: 5280] ✓ Updated: 18.31 → 8.63 (CHANGED)
[2026-01-01 10:17:20]   [emp_id: 5282] ✓ Updated: 11.37 → 11.5 (CHANGED)
[2026-01-01 10:17:20]   [emp_id: 5285] ✓ Updated: 28.31 → 8.63 (CHANGED)
[2026-01-01 10:17:20]   [emp_id: 5286] ✓ Updated: 15.31 → 8.63 (CHANGED)
[2026-01-01 10:17:20]   [emp_id: 5287] ✓ Updated: 49.61 → 7.93 (CHANGED)
[2026-01-01 10:17:20]   [emp_id: 5288] ✓ Updated: 6.88 → 6.94 (CHANGED)
[2026-01-01 10:17:20]   [emp_id: 5289] ✓ Updated: 48.16 → 6.48 (CHANGED)
[2026-01-01 10:17:20]   [emp_id: 5290] ✓ Updated: 46.93 → 5.25 (CHANGED)
[2026-01-01 10:17:20]   [emp_id: 5291] ✓ Updated: 4.93 → 5.25 (CHANGED)
[2026-01-01 10:17:20]   [emp_id: 5292] ✓ Updated: 4.87 → 5.19 (CHANGED)
[2026-01-01 10:17:20]   [emp_id: 5293] ✓ Updated: 37.54 → 7.67 (CHANGED)
[2026-01-01 10:17:20]   [emp_id: 5294] ✓ Updated: 7.29 → 7.42 (CHANGED)
[2026-01-01 10:17:20]   [emp_id: 5295] ✓ Updated: 21.11 → 4.43 (CHANGED)
[2026-01-01 10:17:20]   [emp_id: 5296] ✓ Updated: 34.31 → 0.33 (CHANGED)
[2026-01-01 10:17:20]   [emp_id: 5297] ✓ Updated: 45.53 → 3.85 (CHANGED)
[2026-01-01 10:17:20]   [emp_id: 5298] ✓ Updated: 45.53 → 3.85 (CHANGED)
[2026-01-01 10:17:20]   [emp_id: 5299] ✓ Updated: 45.53 → 3.85 (CHANGED)
[2026-01-01 10:17:20]   [emp_id: 5300] ✓ Updated: 45.53 → 3.85 (CHANGED)
[2026-01-01 10:17:20]   [emp_id: 5301] ✓ Updated: 3.35 → 3.85 (CHANGED)
[2026-01-01 10:17:20]   [emp_id: 5303] ✓ Updated: 3.78 → 3.85 (CHANGED)
[2026-01-01 10:17:20]   [emp_id: 5304] ✓ Updated: 45.53 → 3.85 (CHANGED)
[2026-01-01 10:17:20]   [emp_id: 5305] ✓ Updated: 3.53 → 3.85 (CHANGED)
[2026-01-01 10:17:20]   [emp_id: 5306] ✓ Updated: 45.24 → 3.56 (CHANGED)
[2026-01-01 10:17:20]   [emp_id: 5307] ✓ Updated: 45.24 → 3.56 (CHANGED)
[2026-01-01 10:17:20]   [emp_id: 5312] ✓ Updated: 0.85 → 1.23 (CHANGED)
[2026-01-01 10:17:20]   [emp_id: 5318] ✓ Updated: 25.95 → 3.27 (CHANGED)
[2026-01-01 10:17:20]   [emp_id: 5325] ✓ Updated: 21.91 → 1.23 (CHANGED)
[2026-01-01 10:17:20]   [emp_id: 5327] ✓ Updated: 1 → 0.23 (CHANGED)
[2026-01-01 10:17:20]   [emp_id: 5337] ✓ Updated: 35.2 → 0 (CHANGED)
[2026-01-01 10:17:20]   [emp_id: 5339] ✓ Updated: 10.1 → 0 (CHANGED)
[2026-01-01 10:17:20]   [emp_id: 5343] ✓ Updated: 45.12 → 27.25 (CHANGED)
[2026-01-01 10:17:20]   [emp_id: 5343] ✓ Updated: 45.12 → 27.25 (CHANGED)
[2026-01-01 10:17:20]   [emp_id: 5345] ✓ Updated: 14.95 → 26.08 (CHANGED)
[2026-01-01 10:17:20]   [emp_id: 5346] ✓ Updated: 1.82 → 2.14 (CHANGED)
[2026-01-01 10:17:20]   [emp_id: 5351] ✓ Updated: 16.76 → 17.08 (CHANGED)
[2026-01-01 10:17:20]   [emp_id: 5352] ✓ Updated: 25.37 → 25.5 (CHANGED)
[2026-01-01 10:17:20]   [emp_id: 5370] ✓ Updated: 15.41 → 10.73 (CHANGED)
[2026-01-01 10:17:20]   [emp_id: 5371] ✓ Updated: 1.28 → 11 (CHANGED)
[2026-01-01 10:17:20]   [emp_id: 5376] ✓ Updated: 10.01 → 10.33 (CHANGED)
[2026-01-01 10:17:20]   [emp_id: 5378] ✓ Updated: 17.2 → 14.25 (CHANGED)
[2026-01-01 10:17:20]   [emp_id: 5380] ✓ Updated: 16.42 → 9.74 (CHANGED)
[2026-01-01 10:17:20]   [emp_id: 5381] ✓ Updated: 11.64 → 11.67 (CHANGED)
[2026-01-01 10:17:20]   [emp_id: 5383] ✓ Updated: 15.95 → 13.08 (CHANGED)
[2026-01-01 10:17:20]   [emp_id: 5388] ✓ Updated: 27.2 → 8.52 (CHANGED)
[2026-01-01 10:17:20]   [emp_id: 5396] ✓ Updated: 28.44 → 7.76 (CHANGED)
[2026-01-01 10:17:20]   [emp_id: 5397] ✓ Updated: 19.9 → 3.97 (CHANGED)
[2026-01-01 10:17:20]   [emp_id: 5401] ✓ Updated: 23.01 → 2.33 (CHANGED)
[2026-01-01 10:17:20]   [emp_id: 5402] ✓ Updated: 23.13 → 2.45 (CHANGED)
[2026-01-01 10:17:20]   [emp_id: 5406] ✓ Updated: 21.85 → 1.17 (CHANGED)
[2026-01-01 10:17:20]   [emp_id: 5407] ✓ Updated: 15.72 → 0.75 (CHANGED)
[2026-01-01 10:17:20]   [emp_id: 5409] ✓ Updated: 16.19 → 18.24 (CHANGED)
[2026-01-01 10:17:20]   [emp_id: 5413] ✓ Updated: 28.12 → 28.25 (CHANGED)
[2026-01-01 10:17:20]   [emp_id: 5414] ✓ Updated: 27.79 → 27.92 (CHANGED)
[2026-01-01 10:17:20]   [emp_id: 5415] ✓ Updated: 3.72 → 26.75 (CHANGED)
[2026-01-01 10:17:20]   [emp_id: 5418] ✓ Updated: 15.25 → 18.32 (CHANGED)
[2026-01-01 10:17:20]   [emp_id: 5422] ✓ Updated: 20.45 → 20.58 (CHANGED)
[2026-01-01 10:17:20]   [emp_id: 5423] ✓ Updated: 5.14 → 20.17 (CHANGED)
[2026-01-01 10:17:20]   [emp_id: 5425] ✓ Updated: 13.8 → 14.12 (CHANGED)
[2026-01-01 10:17:20]   [emp_id: 5426] ✓ Updated: 3.69 → 13.75 (CHANGED)
[2026-01-01 10:17:20]   [emp_id: 5426] ✓ Updated: 3.69 → 13.75 (CHANGED)
[2026-01-01 10:17:20]   [emp_id: 5427] ✓ Updated: 13.91 → 14.23 (CHANGED)
[2026-01-01 10:17:20]   [emp_id: 5428] ✓ Updated: 13.8 → 14.12 (CHANGED)
[2026-01-01 10:17:20]   [emp_id: 5430] ✓ Updated: 17.45 → 17.58 (CHANGED)
[2026-01-01 10:17:20]   [emp_id: 5431] ✓ Updated: 12.92 → 13.24 (CHANGED)
[2026-01-01 10:17:20]   [emp_id: 5434] ✓ Updated: 12.69 → 13.01 (CHANGED)
[2026-01-01 10:17:20]   [emp_id: 5435] ✓ Updated: 12.63 → 12.95 (CHANGED)
[2026-01-01 10:17:20]   [emp_id: 5436] ✓ Updated: 12.63 → 12.95 (CHANGED)
[2026-01-01 10:17:20]   [emp_id: 5438] ✓ Updated: 15.37 → 15.5 (CHANGED)
[2026-01-01 10:17:20]   [emp_id: 5439] ✓ Updated: 24.87 → 25 (CHANGED)
[2026-01-01 10:17:20]   [emp_id: 5442] ✓ Updated: 13.87 → 14 (CHANGED)
[2026-01-01 10:17:20]   [emp_id: 5445] ✓ Updated: 7.09 → 7.41 (CHANGED)
[2026-01-01 10:17:20]   [emp_id: 5446] ✓ Updated: 7.09 → 7.41 (CHANGED)
[2026-01-01 10:17:20]   [emp_id: 5447] ✓ Updated: 7.03 → 7.35 (CHANGED)
[2026-01-01 10:17:20]   [emp_id: 5448] ✓ Updated: 6.89 → 8.92 (CHANGED)
[2026-01-01 10:17:20]   [emp_id: 5449] ✓ Updated: 5.11 → 5.43 (CHANGED)
[2026-01-01 10:17:20]   [emp_id: 5450] ✓ Updated: 5.05 → 5.37 (CHANGED)
[2026-01-01 10:17:20]   [emp_id: 5451] ✓ Updated: 5.05 → 5.37 (CHANGED)
[2026-01-01 10:17:20]   [emp_id: 5454] ✓ Updated: 6.95 → 7.08 (CHANGED)
[2026-01-01 10:17:20]   [emp_id: 5455] ✓ Updated: 5.2 → 5.33 (CHANGED)
[2026-01-01 10:17:20]   [emp_id: 5456] ✓ Updated: 6.2 → 6.33 (CHANGED)
[2026-01-01 10:17:20] Report saved to: /home/almutlak/public_html/hr/cron_logs/last_vacation_update_report.json
[2026-01-01 10:20:47] ========== CRON: Vacation Balance Update Started ==========
[2026-01-01 10:20:47] FORCE RUN enabled: Bypassing once-per-day restriction
[2026-01-01 10:20:47] Database connection established
[2026-01-01 10:20:47] Found 427 active employees with balance records to update
[2026-01-01 10:20:47] (Only employees with status=1 will be processed)
[2026-01-01 10:20:47]   [emp_id: 1061] ✓ Updated: 0.16 → 0 (CHANGED)
[2026-01-01 10:20:47]   [emp_id: 1496] ✓ Updated: 16.29 → 20.67 (CHANGED)
[2026-01-01 10:20:47]   [emp_id: 1500] ✓ Updated: 3.97 → 20.67 (CHANGED)
[2026-01-01 10:20:47]   [emp_id: 1574] ✓ Updated: 33.2 → 0 (CHANGED)
[2026-01-01 10:20:47]   [emp_id: 1673] ✓ Updated: 44.7 → 15 (CHANGED)
[2026-01-01 10:20:47]   [emp_id: 1685] ✓ Updated: 14.62 → 14.75 (CHANGED)
[2026-01-01 10:20:47]   [emp_id: 1764] ✓ Updated: 69.29 → 40.83 (CHANGED)
[2026-01-01 10:20:47]   [emp_id: 1805] ✓ Updated: 63.62 → 0 (CHANGED)
[2026-01-01 10:20:47]   [emp_id: 1822] ✓ Updated: 68.37 → 38.5 (CHANGED)
[2026-01-01 10:20:47]   [emp_id: 1837] ✓ Updated: 24.54 → 30 (CHANGED)
[2026-01-01 10:20:47]   [emp_id: 1857] ✓ Updated: 19.87 → 0 (CHANGED)
[2026-01-01 10:20:47]   [emp_id: 1861] ✓ Updated: 70.7 → 19.5 (CHANGED)
[2026-01-01 10:20:47]   [emp_id: 1872] ✓ Updated: 9.54 → 10.83 (CHANGED)
[2026-01-01 10:20:47]   [emp_id: 1897] ✓ Updated: 4.87 → 0 (CHANGED)
[2026-01-01 10:20:47]   [emp_id: 1916] ✓ Updated: 11.17 → 0 (CHANGED)
[2026-01-01 10:20:47]   [emp_id: 1928] ✓ Updated: 64.12 → 0 (CHANGED)
[2026-01-01 10:20:47]   [emp_id: 1931] ✓ Updated: 84.04 → 17.67 (CHANGED)
[2026-01-01 10:20:47]   [emp_id: 1944] ✓ Updated: 42.2 → 44.75 (CHANGED)
[2026-01-01 10:20:47]   [emp_id: 1996] ✓ Updated: 70.7 → 35.75 (CHANGED)
[2026-01-01 10:20:47]   [emp_id: 1997] ✓ Updated: 35.87 → 35.75 (CHANGED)
[2026-01-01 10:20:47]   [emp_id: 1998] ✓ Updated: 27.31 → 35.75 (CHANGED)
[2026-01-01 10:20:47]   [emp_id: 1999] ✓ Updated: 28.31 → 35.75 (CHANGED)
[2026-01-01 10:20:47]   [emp_id: 2009] ✓ Updated: 34.62 → 4.75 (CHANGED)
[2026-01-01 10:20:47]   [emp_id: 2048] ✓ Updated: 24.45 → 24.58 (CHANGED)
[2026-01-01 10:20:47]   [emp_id: 2057] ✓ Updated: 65.29 → 23.67 (CHANGED)
[2026-01-01 10:20:47]   [emp_id: 2079] ✓ Updated: 47.62 → 19.83 (CHANGED)
[2026-01-01 10:20:47]   [emp_id: 2181] ✓ Updated: 36.62 → 40.33 (CHANGED)
[2026-01-01 10:20:47]   [emp_id: 2190] ✓ Updated: 5.95 → 6.08 (CHANGED)
[2026-01-01 10:20:47]   [emp_id: 2212] ✓ Updated: 23.95 → 0 (CHANGED)
[2026-01-01 10:20:47]   [emp_id: 2226] ✓ Updated: 68.7 → 22.75 (CHANGED)
[2026-01-01 10:20:47]   [emp_id: 2238] ✓ Updated: 66.95 → 16.92 (CHANGED)
[2026-01-01 10:20:47]   [emp_id: 2285] ✓ Updated: 35.62 → 0 (CHANGED)
[2026-01-01 10:20:47]   [emp_id: 2287] ✓ Updated: 47.29 → 0 (CHANGED)
[2026-01-01 10:20:47]   [emp_id: 2288] ✓ Updated: 2.31 → 0 (CHANGED)
[2026-01-01 10:20:47]   [emp_id: 2316] ✓ Updated: 16.12 → 43.83 (CHANGED)
[2026-01-01 10:20:47]   [emp_id: 2337] ✓ Updated: 37.2 → 43.75 (CHANGED)
[2026-01-01 10:20:47]   [emp_id: 2352] ✓ Updated: 68.7 → 38.83 (CHANGED)
[2026-01-01 10:20:47]   [emp_id: 2358] ✓ Updated: 5.2 → 5.33 (CHANGED)
[2026-01-01 10:20:47]   [emp_id: 2361] ✓ Updated: 70.87 → 31.08 (CHANGED)
[2026-01-01 10:20:47]   [emp_id: 2363] ✓ Updated: 73.45 → 31.08 (CHANGED)
[2026-01-01 10:20:47]   [emp_id: 2364] ✓ Updated: 72.87 → 33 (CHANGED)
[2026-01-01 10:20:47]   [emp_id: 2367] ✓ Updated: 100.54 → 30.83 (CHANGED)
[2026-01-01 10:20:47]   [emp_id: 2368] ✓ Updated: 30.95 → 31.08 (CHANGED)
[2026-01-01 10:20:47]   [emp_id: 2372] ✓ Updated: 68.2 → 28.92 (CHANGED)
[2026-01-01 10:20:47]   [emp_id: 2376] ✓ Updated: 118.2 → 28.92 (CHANGED)
[2026-01-01 10:20:47]   [emp_id: 2423] ✓ Updated: 18.95 → 19.08 (CHANGED)
[2026-01-01 10:20:47]   [emp_id: 2519] ✓ Updated: 172.62 → 0 (CHANGED)
[2026-01-01 10:20:47]   [emp_id: 2522] ✓ Updated: 56.2 → 4.75 (CHANGED)
[2026-01-01 10:20:47]   [emp_id: 2530] ✓ Updated: 51.45 → 0 (CHANGED)
[2026-01-01 10:20:47]   [emp_id: 2539] ✓ Updated: 48.2 → 0 (CHANGED)
[2026-01-01 10:20:47]   [emp_id: 2541] ✓ Updated: 28.79 → 0 (CHANGED)
[2026-01-01 10:20:47]   [emp_id: 2550] ✓ Updated: 94.95 → 0 (CHANGED)
[2026-01-01 10:20:47]   [emp_id: 2553] ✓ Updated: 32.06 → 18.08 (CHANGED)
[2026-01-01 10:20:47]   [emp_id: 2554] ✓ Updated: 38.54 → 0 (CHANGED)
[2026-01-01 10:20:47]   [emp_id: 2565] ✓ Updated: 93.12 → 48.75 (CHANGED)
[2026-01-01 10:20:47]   [emp_id: 2572] ✓ Updated: 43.12 → 48.58 (CHANGED)
[2026-01-01 10:20:47]   [emp_id: 2637] ✓ Updated: 63.7 → 43.67 (CHANGED)
[2026-01-01 10:20:47]   [emp_id: 2642] ✓ Updated: 76.45 → 43.25 (CHANGED)
[2026-01-01 10:20:47]   [emp_id: 2645] ✓ Updated: 92.45 → 43.08 (CHANGED)
[2026-01-01 10:20:47]   [emp_id: 2648] ✓ Updated: 44.12 → 37.25 (CHANGED)
[2026-01-01 10:20:47]   [emp_id: 2654] ✓ Updated: 86.79 → 27.33 (CHANGED)
[2026-01-01 10:20:47]   [emp_id: 2688] ✓ Updated: 24.87 → 1.5 (CHANGED)
[2026-01-01 10:20:47]   [emp_id: 2690] ✓ Updated: 13.62 → 0 (CHANGED)
[2026-01-01 10:20:47]   [emp_id: 2709] ✓ Updated: 35.87 → 10.67 (CHANGED)
[2026-01-01 10:20:47]   [emp_id: 2745] ✓ Updated: 32.45 → 49.83 (CHANGED)
[2026-01-01 10:20:47]   [emp_id: 2843] ✓ Updated: 79.04 → 19.17 (CHANGED)
[2026-01-01 10:20:47]   [emp_id: 2854] ✓ Updated: 58.95 → 17.83 (CHANGED)
[2026-01-01 10:20:47]   [emp_id: 2869] ✓ Updated: 63.87 → 15.67 (CHANGED)
[2026-01-01 10:20:47]   [emp_id: 2876] ✓ Updated: 33.7 → 14.25 (CHANGED)
[2026-01-01 10:20:47]   [emp_id: 2924] ✓ Updated: 14.87 → 15 (CHANGED)
[2026-01-01 10:20:47]   [emp_id: 2953] ✓ Updated: 100.62 → 41.42 (CHANGED)
[2026-01-01 10:20:47]   [emp_id: 2961] ✓ Updated: 10.62 → 39.17 (CHANGED)
[2026-01-01 10:20:47]   [emp_id: 2975] ✓ Updated: 3.72 → 6.92 (CHANGED)
[2026-01-01 10:20:47]   [emp_id: 3013] ✓ Updated: 9.62 → 25.5 (CHANGED)
[2026-01-01 10:20:47]   [emp_id: 3014] ✓ Updated: 88.87 → 25.5 (CHANGED)
[2026-01-01 10:20:47]   [emp_id: 3015] ✓ Updated: 40.12 → 0 (CHANGED)
[2026-01-01 10:20:47]   [emp_id: 3018] ✓ Updated: 58.87 → 25.5 (CHANGED)
[2026-01-01 10:20:47]   [emp_id: 3025] ✓ Updated: 22.64 → 22.67 (CHANGED)
[2026-01-01 10:20:47]   [emp_id: 3037] ✓ Updated: 82.37 → 22.5 (CHANGED)
[2026-01-01 10:20:47]   [emp_id: 3047] ✓ Updated: 70.62 → 21.83 (CHANGED)
[2026-01-01 10:20:47]   [emp_id: 3061] ✓ Updated: 17.54 → 17.67 (CHANGED)
[2026-01-01 10:20:47]   [emp_id: 3062] ✓ Updated: 50.7 → 39.83 (CHANGED)
[2026-01-01 10:20:47]   [emp_id: 3074] ✓ Updated: 107.12 → 10 (CHANGED)
[2026-01-01 10:20:47]   [emp_id: 3089] ✓ Updated: 6.04 → 0 (CHANGED)
[2026-01-01 10:20:47]   [emp_id: 3090] ✓ Updated: 32.62 → 0 (CHANGED)
[2026-01-01 10:20:47]   [emp_id: 3091] ✓ Updated: 44.62 → 0 (CHANGED)
[2026-01-01 10:20:47]   [emp_id: 3092] ✓ Updated: 27.29 → 0 (CHANGED)
[2026-01-01 10:20:47]   [emp_id: 3105] ✓ Updated: 47.62 → 0 (CHANGED)
[2026-01-01 10:20:47]   [emp_id: 3134] ✓ Updated: 43.37 → 50.42 (CHANGED)
[2026-01-01 10:20:47]   [emp_id: 3140] ✓ Updated: 40.45 → 48.75 (CHANGED)
[2026-01-01 10:20:47]   [emp_id: 3144] ✓ Updated: 13.29 → 48.75 (CHANGED)
[2026-01-01 10:20:47]   [emp_id: 3156] ✓ Updated: 16.62 → 48.17 (CHANGED)
[2026-01-01 10:20:47]   [emp_id: 3162] ✓ Updated: 1.6 → 21.42 (CHANGED)
[2026-01-01 10:20:47]   [emp_id: 3163] ✓ Updated: 4.87 → 48.17 (CHANGED)
[2026-01-01 10:20:47]   [emp_id: 3198] ✓ Updated: 39.87 → 46.75 (CHANGED)
[2026-01-01 10:20:47]   [emp_id: 3205] ✓ Updated: 16.54 → 16.67 (CHANGED)
[2026-01-01 10:20:47]   [emp_id: 3209] ✓ Updated: 40.7 → 44.83 (CHANGED)
[2026-01-01 10:20:47]   [emp_id: 3223] ✓ Updated: 89.62 → 36.67 (CHANGED)
[2026-01-01 10:20:47]   [emp_id: 3224] ✓ Updated: 64.37 → 36.17 (CHANGED)
[2026-01-01 10:20:47]   [emp_id: 3230] ✓ Updated: 87.79 → 35.42 (CHANGED)
[2026-01-01 10:20:47]   [emp_id: 3231] ✓ Updated: 0.16 → 0 (CHANGED)
[2026-01-01 10:20:47]   [emp_id: 3233] ✓ Updated: 80.62 → 33.92 (CHANGED)
[2026-01-01 10:20:47]   [emp_id: 3249] ✓ Updated: 36.45 → 30.58 (CHANGED)
[2026-01-01 10:20:47]   [emp_id: 3250] ✓ Updated: 9.45 → 30.58 (CHANGED)
[2026-01-01 10:20:47]   [emp_id: 3252] ✓ Updated: 10.37 → 30.58 (CHANGED)
[2026-01-01 10:20:47]   [emp_id: 3254] ✓ Updated: 20.87 → 30.58 (CHANGED)
[2026-01-01 10:20:47]   [emp_id: 3255] ✓ Updated: 17.29 → 30.58 (CHANGED)
[2026-01-01 10:20:47]   [emp_id: 3256] ✓ Updated: 13.54 → 30.58 (CHANGED)
[2026-01-01 10:20:47]   [emp_id: 3263] ✓ Updated: 29.62 → 29 (CHANGED)
[2026-01-01 10:20:47]   [emp_id: 3265] ✓ Updated: 25.2 → 27.92 (CHANGED)
[2026-01-01 10:20:47]   [emp_id: 3280] ✓ Updated: 72.12 → 22.08 (CHANGED)
[2026-01-01 10:20:47]   [emp_id: 3286] ✓ Updated: 15.29 → 18.42 (CHANGED)
[2026-01-01 10:20:47]   [emp_id: 3294] ✓ Updated: 14.95 → 15.08 (CHANGED)
[2026-01-01 10:20:47]   [emp_id: 3321] ✓ Updated: 72.12 → 3.83 (CHANGED)
[2026-01-01 10:20:47]   [emp_id: 3325] ✓ Updated: 59.87 → 3.42 (CHANGED)
[2026-01-01 10:20:47]   [emp_id: 3329] ✓ Updated: 62.2 → 2.33 (CHANGED)
[2026-01-01 10:20:47]   [emp_id: 3330] ✓ Updated: 62.2 → 2.33 (CHANGED)
[2026-01-01 10:20:47]   [emp_id: 3332] ✓ Updated: 62.2 → 2 (CHANGED)
[2026-01-01 10:20:47]   [emp_id: 3370] ✓ Updated: 53.87 → 0 (CHANGED)
[2026-01-01 10:20:47]   [emp_id: 3384] ✓ Updated: 14.37 → 0 (CHANGED)
[2026-01-01 10:20:47]   [emp_id: 3386] ✓ Updated: 44.37 → 0 (CHANGED)
[2026-01-01 10:20:47]   [emp_id: 3431] ✓ Updated: 18.79 → 18.92 (CHANGED)
[2026-01-01 10:20:47]   [emp_id: 3497] ✓ Updated: 8.95 → 14 (CHANGED)
[2026-01-01 10:20:47]   [emp_id: 3532] ✓ Updated: 45.79 → 19.67 (CHANGED)
[2026-01-01 10:20:47]   [emp_id: 3586] ✓ Updated: 9.87 → 0 (CHANGED)
[2026-01-01 10:20:47]   [emp_id: 3602] ✓ Updated: 1.36 → 0 (CHANGED)
[2026-01-01 10:20:47]   [emp_id: 3618] ✓ Updated: 23.34 → 0 (CHANGED)
[2026-01-01 10:20:47]   [emp_id: 3622] ✓ Updated: 34.35 → 18.67 (CHANGED)
[2026-01-01 10:20:47]   [emp_id: 3627] ✓ Updated: 9.29 → 0 (CHANGED)
[2026-01-01 10:20:47]   [emp_id: 3665] ✓ Updated: 50.87 → 7 (CHANGED)
[2026-01-01 10:20:48]   [emp_id: 3705] ✓ Updated: 27.68 → 6.94 (CHANGED)
[2026-01-01 10:20:48]   [emp_id: 3724] ✓ Updated: 43.87 → 7.92 (CHANGED)
[2026-01-01 10:20:48]   [emp_id: 3726] ✓ Updated: 60.29 → 7.92 (CHANGED)
[2026-01-01 10:20:48]   [emp_id: 3727] ✓ Updated: 65.37 → 7.92 (CHANGED)
[2026-01-01 10:20:48]   [emp_id: 3728] ✓ Updated: 9.7 → 7.92 (CHANGED)
[2026-01-01 10:20:48]   [emp_id: 3767] ✓ Updated: 60.45 → 3.08 (CHANGED)
[2026-01-01 10:20:48]   [emp_id: 3768] ✓ Updated: 56.7 → 3.08 (CHANGED)
[2026-01-01 10:20:48]   [emp_id: 3787] ✓ Updated: 57.29 → 2.17 (CHANGED)
[2026-01-01 10:20:48]   [emp_id: 3790] ✓ Updated: 1.84 → 0 (CHANGED)
[2026-01-01 10:20:48]   [emp_id: 3795] ✓ Updated: 14.79 → 1.5 (CHANGED)
[2026-01-01 10:20:48]   [emp_id: 3798] ✓ Updated: 93.2 → 1.5 (CHANGED)
[2026-01-01 10:20:48]   [emp_id: 3801] ✓ Updated: 1.47 → 1.5 (CHANGED)
[2026-01-01 10:20:48]   [emp_id: 3802] ✓ Updated: 30.45 → 1.5 (CHANGED)
[2026-01-01 10:20:48]   [emp_id: 3803] ✓ Updated: 114.87 → 1.5 (CHANGED)
[2026-01-01 10:20:48]   [emp_id: 3810] ✓ Updated: 60.87 → 1 (CHANGED)
[2026-01-01 10:20:48]   [emp_id: 3812] ✓ Updated: 89.87 → 0 (CHANGED)
[2026-01-01 10:20:48]   [emp_id: 3815] ✓ Updated: 89.87 → 0 (CHANGED)
[2026-01-01 10:20:48]   [emp_id: 3836] ✓ Updated: 57.54 → 0 (CHANGED)
[2026-01-01 10:20:48]   [emp_id: 3855] ✓ Updated: 50.7 → 0 (CHANGED)
[2026-01-01 10:20:48]   [emp_id: 3857] ✓ Updated: 54.37 → 0 (CHANGED)
[2026-01-01 10:20:48]   [emp_id: 3862] ✓ Updated: 102.45 → 0 (CHANGED)
[2026-01-01 10:20:48]   [emp_id: 3866] ✓ Updated: 27.7 → 27.83 (CHANGED)
[2026-01-01 10:20:48]   [emp_id: 3876] ✓ Updated: 47.87 → 12.42 (CHANGED)
[2026-01-01 10:20:48]   [emp_id: 3877] ✓ Updated: 49.37 → 54.08 (CHANGED)
[2026-01-01 10:20:48]   [emp_id: 3897] ✓ Updated: 37.62 → 14.58 (CHANGED)
[2026-01-01 10:20:48]   [emp_id: 3899] ✓ Updated: 0.8 → 0.93 (CHANGED)
[2026-01-01 10:20:48]   [emp_id: 3928] ✓ Updated: 13.7 → 18.83 (CHANGED)
[2026-01-01 10:20:48]   [emp_id: 3929] ✓ Updated: 8.7 → 48.83 (CHANGED)
[2026-01-01 10:20:48]   [emp_id: 3935] ✓ Updated: 93.7 → 3.83 (CHANGED)
[2026-01-01 10:20:48]   [emp_id: 3952] ✓ Updated: 76.04 → 16.17 (CHANGED)
[2026-01-01 10:20:48]   [emp_id: 3987] ✓ Updated: 13.95 → 14.08 (CHANGED)
[2026-01-01 10:20:48]   [emp_id: 4059] ✓ Updated: 3.15 → 5.83 (CHANGED)
[2026-01-01 10:20:48]   [emp_id: 4119] ✓ Updated: 56.62 → 0 (CHANGED)
[2026-01-01 10:20:48]   [emp_id: 4120] ✓ Updated: 26.2 → 0 (CHANGED)
[2026-01-01 10:20:48]   [emp_id: 4124] ✓ Updated: 26.72 → 0 (CHANGED)
[2026-01-01 10:20:48]   [emp_id: 4133] ✓ Updated: 105.2 → 0 (CHANGED)
[2026-01-01 10:20:48]   [emp_id: 4134] ✓ Updated: 26.2 → 0 (CHANGED)
[2026-01-01 10:20:48]   [emp_id: 4136] ✓ Updated: 26.2 → 0 (CHANGED)
[2026-01-01 10:20:48]   [emp_id: 4150] ✓ Updated: 24.87 → 25 (CHANGED)
[2026-01-01 10:20:48]   [emp_id: 4157] ✓ Updated: 18.37 → 26.42 (CHANGED)
[2026-01-01 10:20:48]   [emp_id: 4172] ✓ Updated: 12.26 → 17.27 (CHANGED)
[2026-01-01 10:20:48]   [emp_id: 4195] ✓ Updated: 61.95 → 22.08 (CHANGED)
[2026-01-01 10:20:48]   [emp_id: 4215] ✓ Updated: 44.62 → 18.92 (CHANGED)
[2026-01-01 10:20:48]   [emp_id: 4220] ✓ Updated: 40.2 → 20 (CHANGED)
[2026-01-01 10:20:48]   [emp_id: 4273] ✓ Updated: 8.87 → 11.33 (CHANGED)
[2026-01-01 10:20:48]   [emp_id: 4283] ✓ Updated: 13.35 → 10.15 (CHANGED)
[2026-01-01 10:20:48]   [emp_id: 4288] ✓ Updated: 1.12 → 0 (CHANGED)
[2026-01-01 10:20:48]   [emp_id: 4315] ✓ Updated: 12.12 → 7.5 (CHANGED)
[2026-01-01 10:20:48]   [emp_id: 4328] ✓ Updated: 42.18 → 5.25 (CHANGED)
[2026-01-01 10:20:48]   [emp_id: 4329] ✓ Updated: 5.29 → 7.5 (CHANGED)
[2026-01-01 10:20:48]   [emp_id: 4338] ✓ Updated: 46.87 → 6.5 (CHANGED)
[2026-01-01 10:20:48]   [emp_id: 4340] ✓ Updated: 125.87 → 6 (CHANGED)
[2026-01-01 10:20:48]   [emp_id: 4365] ✓ Updated: 60.29 → 0.67 (CHANGED)
[2026-01-01 10:20:48]   [emp_id: 4366] ✓ Updated: 59.37 → 0.67 (CHANGED)
[2026-01-01 10:20:48]   [emp_id: 4403] ✓ Updated: 85.2 → 0 (CHANGED)
[2026-01-01 10:20:48]   [emp_id: 4438] ✓ Updated: 20.87 → 24.33 (CHANGED)
[2026-01-01 10:20:48]   [emp_id: 4465] ✓ Updated: 12.51 → 34.53 (CHANGED)
[2026-01-01 10:20:48]   [emp_id: 4473] ✓ Updated: 44.45 → 48.42 (CHANGED)
[2026-01-01 10:20:48]   [emp_id: 4474] ✓ Updated: 0.1 → 0 (CHANGED)
[2026-01-01 10:20:48]   [emp_id: 4493] ✓ Updated: 163.29 → 43.42 (CHANGED)
[2026-01-01 10:20:48]   [emp_id: 4526] ✓ Updated: 35.54 → 39.5 (CHANGED)
[2026-01-01 10:20:48]   [emp_id: 4528] ✓ Updated: 107.29 → 9.42 (CHANGED)
[2026-01-01 10:20:48]   [emp_id: 4528] ✓ Updated: 107.29 → 9.42 (CHANGED)
[2026-01-01 10:20:48]   [emp_id: 4532] ✓ Updated: 7.63 → 0 (CHANGED)
[2026-01-01 10:20:48]   [emp_id: 4533] ✓ Updated: 35.7 → 37.75 (CHANGED)
[2026-01-01 10:20:48]   [emp_id: 4564] ✓ Updated: 25.26 → 20.94 (CHANGED)
[2026-01-01 10:20:48]   [emp_id: 4565] ✓ Updated: 15.01 → 20.94 (CHANGED)
[2026-01-01 10:20:48]   [emp_id: 4567] ✓ Updated: 19.26 → 18.67 (CHANGED)
[2026-01-01 10:20:48]   [emp_id: 4572] ✓ Updated: 58.76 → 15.11 (CHANGED)
[2026-01-01 10:20:48]   [emp_id: 4631] ✓ Updated: 15.01 → 0 (CHANGED)
[2026-01-01 10:20:48]   [emp_id: 4655] ✓ Updated: 24.62 → 24.75 (CHANGED)
[2026-01-01 10:20:48]   [emp_id: 4689] ✓ Updated: 2.39 → 14.42 (CHANGED)
[2026-01-01 10:20:48]   [emp_id: 4709] ✓ Updated: 39.87 → 10 (CHANGED)
[2026-01-01 10:20:48]   [emp_id: 4717] ✓ Updated: 65.87 → 7 (CHANGED)
[2026-01-01 10:20:48]   [emp_id: 4736] ✓ Updated: 27.7 → 34.67 (CHANGED)
[2026-01-01 10:20:48]   [emp_id: 4756] ✓ Updated: 11.45 → 18.49 (CHANGED)
[2026-01-01 10:20:48]   [emp_id: 4768] ✓ Updated: 12.37 → 22.5 (CHANGED)
[2026-01-01 10:20:48]   [emp_id: 4780] ✓ Updated: 65.18 → 12.78 (CHANGED)
[2026-01-01 10:20:48]   [emp_id: 4820] ✓ Updated: 98.7 → 8.83 (CHANGED)
[2026-01-01 10:20:48]   [emp_id: 4825] ✓ Updated: 30.45 → 0.58 (CHANGED)
[2026-01-01 10:20:48]   [emp_id: 4835] ✓ Updated: 47.93 → 0 (CHANGED)
[2026-01-01 10:20:48]   [emp_id: 4837] ✓ Updated: 45.17 → 0 (CHANGED)
[2026-01-01 10:20:48]   [emp_id: 4838] ✓ Updated: 44.19 → 0 (CHANGED)
[2026-01-01 10:20:48]   [emp_id: 4840] ✓ Updated: 45.17 → 0 (CHANGED)
[2026-01-01 10:20:48]   [emp_id: 4842] ✓ Updated: 44.41 → 0 (CHANGED)
[2026-01-01 10:20:48]   [emp_id: 4843] ✓ Updated: 44.94 → 0 (CHANGED)
[2026-01-01 10:20:48]   [emp_id: 4853] ✓ Updated: 88.76 → 0 (CHANGED)
[2026-01-01 10:20:48]   [emp_id: 4856] ✓ Updated: 42.08 → 39.32 (CHANGED)
[2026-01-01 10:20:48]   [emp_id: 4857] ✓ Updated: 24.9 → 39.32 (CHANGED)
[2026-01-01 10:20:48]   [emp_id: 4858] ✓ Updated: 21.78 → 39.32 (CHANGED)
[2026-01-01 10:20:48]   [emp_id: 4859] ✓ Updated: 43.25 → 39.32 (CHANGED)
[2026-01-01 10:20:48]   [emp_id: 4860] ✓ Updated: 7.75 → 39.32 (CHANGED)
[2026-01-01 10:20:48]   [emp_id: 4861] ✓ Updated: 41.21 → 39.32 (CHANGED)
[2026-01-01 10:20:48]   [emp_id: 4869] ✓ Updated: 84.09 → 37.98 (CHANGED)
[2026-01-01 10:20:48]   [emp_id: 4894] ✓ Updated: 7.37 → 7.5 (CHANGED)
[2026-01-01 10:20:48]   [emp_id: 4897] ✓ Updated: 22.99 → 25.26 (CHANGED)
[2026-01-01 10:20:48]   [emp_id: 4899] ✓ Updated: 19.16 → 22.75 (CHANGED)
[2026-01-01 10:20:48]   [emp_id: 4902] ✓ Updated: 18.58 → 21.76 (CHANGED)
[2026-01-01 10:20:48]   [emp_id: 4903] ✓ Updated: 20.8 → 21.76 (CHANGED)
[2026-01-01 10:20:48]   [emp_id: 4905] ✓ Updated: 19.46 → 21.76 (CHANGED)
[2026-01-01 10:20:48]   [emp_id: 4907] ✓ Updated: 47.45 → 0 (CHANGED)
[2026-01-01 10:20:48]   [emp_id: 4917] ✓ Updated: 16.42 → 19.72 (CHANGED)
[2026-01-01 10:20:48]   [emp_id: 4918] ✓ Updated: 6.19 → 19.72 (CHANGED)
[2026-01-01 10:20:48]   [emp_id: 4919] ✓ Updated: 58.48 → 19.72 (CHANGED)
[2026-01-01 10:20:48]   [emp_id: 4920] ✓ Updated: 5.56 → 19.72 (CHANGED)
[2026-01-01 10:20:48]   [emp_id: 4921] ✓ Updated: 17.65 → 19.72 (CHANGED)
[2026-01-01 10:20:48]   [emp_id: 4927] ✓ Updated: 16.48 → 18.67 (CHANGED)
[2026-01-01 10:20:48]   [emp_id: 4929] ✓ Updated: 18 → 18.32 (CHANGED)
[2026-01-01 10:20:48]   [emp_id: 4930] ✓ Updated: 58.77 → 18.32 (CHANGED)
[2026-01-01 10:20:48]   [emp_id: 4932] ✓ Updated: 16.77 → 17.5 (CHANGED)
[2026-01-01 10:20:48]   [emp_id: 4933] ✓ Updated: 20.18 → 17.5 (CHANGED)
[2026-01-01 10:20:48]   [emp_id: 4949] ✓ Updated: 35.61 → 14.93 (CHANGED)
[2026-01-01 10:20:48]   [emp_id: 4956] ✓ Updated: 29.2 → 10.25 (CHANGED)
[2026-01-01 10:20:48]   [emp_id: 4957] ✓ Updated: 29.87 → 12.19 (CHANGED)
[2026-01-01 10:20:48]   [emp_id: 4962] ✓ Updated: 46.81 → 16.83 (CHANGED)
[2026-01-01 10:20:48]   [emp_id: 4969] ✓ Updated: 46.12 → 16.25 (CHANGED)
[2026-01-01 10:20:48]   [emp_id: 4976] ✓ Updated: 9.89 → 10.21 (CHANGED)
[2026-01-01 10:20:48]   [emp_id: 4984] ✓ Updated: 37.37 → 12.5 (CHANGED)
[2026-01-01 10:20:48]   [emp_id: 4995] ✓ Updated: 49.44 → 10.58 (CHANGED)
[2026-01-01 10:20:48]   [emp_id: 5004] ✓ Updated: 26.83 → 5.89 (CHANGED)
[2026-01-01 10:20:48]   [emp_id: 5006] ✓ Updated: 26.57 → 5.89 (CHANGED)
[2026-01-01 10:20:48]   [emp_id: 5011] ✓ Updated: 13.04 → 6.17 (CHANGED)
[2026-01-01 10:20:48]   [emp_id: 5013] ✓ Updated: 66.94 → 4.26 (CHANGED)
[2026-01-01 10:20:48]   [emp_id: 5018] ✓ Updated: 3.43 → 3.5 (CHANGED)
[2026-01-01 10:20:48]   [emp_id: 5021] ✓ Updated: 60.47 → 4.5 (CHANGED)
[2026-01-01 10:20:48]   [emp_id: 5024] ✓ Updated: 1.45 → 3.15 (CHANGED)
[2026-01-01 10:20:48]   [emp_id: 5030] ✓ Updated: 31.4 → 1.75 (CHANGED)
[2026-01-01 10:20:48]   [emp_id: 5033] ✓ Updated: 22.2 → 1.52 (CHANGED)
[2026-01-01 10:20:48]   [emp_id: 5043] ✓ Updated: 30.04 → 0.17 (CHANGED)
[2026-01-01 10:20:48]   [emp_id: 5045] ✓ Updated: 26.54 → 0 (CHANGED)
[2026-01-01 10:20:48]   [emp_id: 5046] ✓ Updated: 21.73 → 0 (CHANGED)
[2026-01-01 10:20:48]   [emp_id: 5049] ✓ Updated: 38.88 → 0 (CHANGED)
[2026-01-01 10:20:48]   [emp_id: 5052] ✓ Updated: 30.16 → 19.48 (CHANGED)
[2026-01-01 10:20:48]   [emp_id: 5055] ✓ Updated: 18.6 → 19.31 (CHANGED)
[2026-01-01 10:20:48]   [emp_id: 5058] ✓ Updated: 27.58 → 18.9 (CHANGED)
[2026-01-01 10:20:48]   [emp_id: 5062] ✓ Updated: 39.41 → 18.73 (CHANGED)
[2026-01-01 10:20:48]   [emp_id: 5064] ✓ Updated: 117.37 → 27.5 (CHANGED)
[2026-01-01 10:20:48]   [emp_id: 5065] ✓ Updated: 38.82 → 18.14 (CHANGED)
[2026-01-01 10:20:48]   [emp_id: 5071] ✓ Updated: 22.87 → 25 (CHANGED)
[2026-01-01 10:20:48]   [emp_id: 5073] ✓ Updated: 13.42 → 37.74 (CHANGED)
[2026-01-01 10:20:48]   [emp_id: 5079] ✓ Updated: 33.98 → 15.69 (CHANGED)
[2026-01-01 10:20:48]   [emp_id: 5080] ✓ Updated: 29.31 → 13.63 (CHANGED)
[2026-01-01 10:20:48]   [emp_id: 5081] ✓ Updated: 15.57 → 15.63 (CHANGED)
[2026-01-01 10:20:48]   [emp_id: 5087] ✓ Updated: 35.61 → 35.93 (CHANGED)
[2026-01-01 10:20:48]   [emp_id: 5091] ✓ Updated: 75.46 → 33.78 (CHANGED)
[2026-01-01 10:20:48]   [emp_id: 5093] ✓ Updated: 14.04 → 17.67 (CHANGED)
[2026-01-01 10:20:48]   [emp_id: 5095] ✓ Updated: 1 → 0 (CHANGED)
[2026-01-01 10:20:48]   [emp_id: 5101] ✓ Updated: 16.12 → 16.25 (CHANGED)
[2026-01-01 10:20:48]   [emp_id: 5107] ✓ Updated: 14.45 → 14.58 (CHANGED)
[2026-01-01 10:20:48]   [emp_id: 5109] ✓ Updated: 11.7 → 41.83 (CHANGED)
[2026-01-01 10:20:48]   [emp_id: 5119] ✓ Updated: 9.87 → 10 (CHANGED)
[2026-01-01 10:20:48]   [emp_id: 5122] ✓ Updated: 7.04 → 8.17 (CHANGED)
[2026-01-01 10:20:48]   [emp_id: 5126] ✓ Updated: 26.34 → 5.66 (CHANGED)
[2026-01-01 10:20:48]   [emp_id: 5127] ✓ Updated: 23.13 → 5.19 (CHANGED)
[2026-01-01 10:20:48]   [emp_id: 5128] ✓ Updated: 26.28 → 5.6 (CHANGED)
[2026-01-01 10:20:49]   [emp_id: 5138] ✓ Updated: 65.7 → 6.83 (CHANGED)
[2026-01-01 10:20:49]   [emp_id: 5138] ✓ Updated: 65.7 → 6.83 (CHANGED)
[2026-01-01 10:20:49]   [emp_id: 5141] ✓ Updated: 34.65 → 3.97 (CHANGED)
[2026-01-01 10:20:49]   [emp_id: 5142] ✓ Updated: 13.65 → 3.97 (CHANGED)
[2026-01-01 10:20:49]   [emp_id: 5146] ✓ Updated: 20.65 → 3.97 (CHANGED)
[2026-01-01 10:20:49]   [emp_id: 5147] ✓ Updated: 19.65 → 3.97 (CHANGED)
[2026-01-01 10:20:49]   [emp_id: 5148] ✓ Updated: 25 → 25.32 (CHANGED)
[2026-01-01 10:20:49]   [emp_id: 5149] ✓ Updated: 23.89 → 25.32 (CHANGED)
[2026-01-01 10:20:49]   [emp_id: 5150] ✓ Updated: 23.25 → 24.56 (CHANGED)
[2026-01-01 10:20:49]   [emp_id: 5151] ✓ Updated: 23.07 → 24.5 (CHANGED)
[2026-01-01 10:20:49]   [emp_id: 5152] ✓ Updated: 3.49 → 5.5 (CHANGED)
[2026-01-01 10:20:49]   [emp_id: 5157] ✓ Updated: 23.07 → 2.39 (CHANGED)
[2026-01-01 10:20:49]   [emp_id: 5160] ✓ Updated: 23.07 → 0 (CHANGED)
[2026-01-01 10:20:49]   [emp_id: 5163] ✓ Updated: 20.86 → 22.63 (CHANGED)
[2026-01-01 10:20:49]   [emp_id: 5165] ✓ Updated: 1.14 → 2.75 (CHANGED)
[2026-01-01 10:20:49]   [emp_id: 5167] ✓ Updated: 30.01 → 23.33 (CHANGED)
[2026-01-01 10:20:49]   [emp_id: 5168] ✓ Updated: 22.55 → 1.87 (CHANGED)
[2026-01-01 10:20:49]   [emp_id: 5173] ✓ Updated: 24.79 → 31.08 (CHANGED)
[2026-01-01 10:20:49]   [emp_id: 5174] ✓ Updated: 23.01 → 23.33 (CHANGED)
[2026-01-01 10:20:49]   [emp_id: 5181] ✓ Updated: 19.4 → 19.72 (CHANGED)
[2026-01-01 10:20:49]   [emp_id: 5186] ✓ Updated: 24.93 → 19.25 (CHANGED)
[2026-01-01 10:20:49]   [emp_id: 5187] ✓ Updated: 35.93 → 19.25 (CHANGED)
[2026-01-01 10:20:49]   [emp_id: 5204] ✓ Updated: 22.29 → 20.42 (CHANGED)
[2026-01-01 10:20:49]   [emp_id: 5205] ✓ Updated: 12.14 → 16.04 (CHANGED)
[2026-01-01 10:20:49]   [emp_id: 5209] ✓ Updated: 15.14 → 16.04 (CHANGED)
[2026-01-01 10:20:49]   [emp_id: 5213] ✓ Updated: 1.55 → 12.08 (CHANGED)
[2026-01-01 10:20:49]   [emp_id: 5214] ✓ Updated: 3.39 → 16.04 (CHANGED)
[2026-01-01 10:20:49]   [emp_id: 5215] ✓ Updated: 10.14 → 14.04 (CHANGED)
[2026-01-01 10:20:49]   [emp_id: 5217] ✓ Updated: 9.14 → 16.04 (CHANGED)
[2026-01-01 10:20:49]   [emp_id: 5219] ✓ Updated: 13.14 → 16.04 (CHANGED)
[2026-01-01 10:20:49]   [emp_id: 5221] ✓ Updated: 4.51 → 13.04 (CHANGED)
[2026-01-01 10:20:49]   [emp_id: 5224] ✓ Updated: 14.14 → 16.04 (CHANGED)
[2026-01-01 10:20:49]   [emp_id: 5225] ✓ Updated: 0.81 → 4.04 (CHANGED)
[2026-01-01 10:20:49]   [emp_id: 5228] ✓ Updated: 9.14 → 16.04 (CHANGED)
[2026-01-01 10:20:49]   [emp_id: 5229] ✓ Updated: 5.14 → 16.04 (CHANGED)
[2026-01-01 10:20:49]   [emp_id: 5230] ✓ Updated: 11.81 → 15.04 (CHANGED)
[2026-01-01 10:20:49]   [emp_id: 5231] ✓ Updated: 6.14 → 16.04 (CHANGED)
[2026-01-01 10:20:49]   [emp_id: 5232] ✓ Updated: 11.14 → 16.04 (CHANGED)
[2026-01-01 10:20:49]   [emp_id: 5233] ✓ Updated: 4.14 → 16.04 (CHANGED)
[2026-01-01 10:20:49]   [emp_id: 5234] ✓ Updated: 4.14 → 5.04 (CHANGED)
[2026-01-01 10:20:49]   [emp_id: 5235] ✓ Updated: 4.81 → 8.04 (CHANGED)
[2026-01-01 10:20:49]   [emp_id: 5237] ✓ Updated: 10.39 → 16.04 (CHANGED)
[2026-01-01 10:20:49]   [emp_id: 5239] ✓ Updated: 7.14 → 16.04 (CHANGED)
[2026-01-01 10:20:49]   [emp_id: 5241] ✓ Updated: 5.14 → 11.04 (CHANGED)
[2026-01-01 10:20:49]   [emp_id: 5242] ✓ Updated: 15.14 → 16.04 (CHANGED)
[2026-01-01 10:20:49]   [emp_id: 5243] ✓ Updated: 1.55 → 12.08 (CHANGED)
[2026-01-01 10:20:49]   [emp_id: 5244] ✓ Updated: 0.85 → 8.08 (CHANGED)
[2026-01-01 10:20:49]   [emp_id: 5246] ✓ Updated: 11.14 → 7.17 (CHANGED)
[2026-01-01 10:20:49]   [emp_id: 5253] ✓ Updated: 24.01 → 12.08 (CHANGED)
[2026-01-01 10:20:49]   [emp_id: 5254] ✓ Updated: 11.99 → 12.31 (CHANGED)
[2026-01-01 10:20:49]   [emp_id: 5257] ✓ Updated: 11.7 → 12.02 (CHANGED)
[2026-01-01 10:20:49]   [emp_id: 5259] ✓ Updated: 48.23 → 11.55 (CHANGED)
[2026-01-01 10:20:49]   [emp_id: 5261] ✓ Updated: 15.89 → 15.92 (CHANGED)
[2026-01-01 10:20:49]   [emp_id: 5264] ✓ Updated: 25.71 → 10.03 (CHANGED)
[2026-01-01 10:20:49]   [emp_id: 5266] ✓ Updated: 20.33 → 6.98 (CHANGED)
[2026-01-01 10:20:49]   [emp_id: 5268] ✓ Updated: 8.9 → 9.22 (CHANGED)
[2026-01-01 10:20:49]   [emp_id: 5271] ✓ Updated: 7.56 → 7.88 (CHANGED)
[2026-01-01 10:20:49]   [emp_id: 5272] ✓ Updated: 8.43 → 8.75 (CHANGED)
[2026-01-01 10:20:49]   [emp_id: 5273] ✓ Updated: 23.5 → 9.57 (CHANGED)
[2026-01-01 10:20:49]   [emp_id: 5275] ✓ Updated: 9.25 → 9.57 (CHANGED)
[2026-01-01 10:20:49]   [emp_id: 5276] ✓ Updated: 23.52 → 4.57 (CHANGED)
[2026-01-01 10:20:49]   [emp_id: 5278] ✓ Updated: 7.91 → 8.23 (CHANGED)
[2026-01-01 10:20:49]   [emp_id: 5280] ✓ Updated: 18.31 → 8.63 (CHANGED)
[2026-01-01 10:20:49]   [emp_id: 5282] ✓ Updated: 11.37 → 11.5 (CHANGED)
[2026-01-01 10:20:49]   [emp_id: 5285] ✓ Updated: 28.31 → 8.63 (CHANGED)
[2026-01-01 10:20:49]   [emp_id: 5286] ✓ Updated: 15.31 → 8.63 (CHANGED)
[2026-01-01 10:20:49]   [emp_id: 5287] ✓ Updated: 49.61 → 7.93 (CHANGED)
[2026-01-01 10:20:49]   [emp_id: 5288] ✓ Updated: 6.88 → 6.94 (CHANGED)
[2026-01-01 10:20:49]   [emp_id: 5289] ✓ Updated: 48.16 → 6.48 (CHANGED)
[2026-01-01 10:20:49]   [emp_id: 5290] ✓ Updated: 46.93 → 5.25 (CHANGED)
[2026-01-01 10:20:49]   [emp_id: 5291] ✓ Updated: 4.93 → 5.25 (CHANGED)
[2026-01-01 10:20:49]   [emp_id: 5292] ✓ Updated: 4.87 → 5.19 (CHANGED)
[2026-01-01 10:20:49]   [emp_id: 5293] ✓ Updated: 37.54 → 7.67 (CHANGED)
[2026-01-01 10:20:49]   [emp_id: 5294] ✓ Updated: 7.29 → 7.42 (CHANGED)
[2026-01-01 10:20:49]   [emp_id: 5295] ✓ Updated: 21.11 → 4.43 (CHANGED)
[2026-01-01 10:20:49]   [emp_id: 5296] ✓ Updated: 34.31 → 0.33 (CHANGED)
[2026-01-01 10:20:49]   [emp_id: 5297] ✓ Updated: 45.53 → 3.85 (CHANGED)
[2026-01-01 10:20:49]   [emp_id: 5298] ✓ Updated: 45.53 → 3.85 (CHANGED)
[2026-01-01 10:20:49]   [emp_id: 5299] ✓ Updated: 45.53 → 3.85 (CHANGED)
[2026-01-01 10:20:49]   [emp_id: 5300] ✓ Updated: 45.53 → 3.85 (CHANGED)
[2026-01-01 10:20:49]   [emp_id: 5301] ✓ Updated: 3.35 → 3.85 (CHANGED)
[2026-01-01 10:20:49]   [emp_id: 5303] ✓ Updated: 3.78 → 3.85 (CHANGED)
[2026-01-01 10:20:49]   [emp_id: 5304] ✓ Updated: 45.53 → 3.85 (CHANGED)
[2026-01-01 10:20:49]   [emp_id: 5305] ✓ Updated: 3.53 → 3.85 (CHANGED)
[2026-01-01 10:20:49]   [emp_id: 5306] ✓ Updated: 45.24 → 3.56 (CHANGED)
[2026-01-01 10:20:49]   [emp_id: 5307] ✓ Updated: 45.24 → 3.56 (CHANGED)
[2026-01-01 10:20:49]   [emp_id: 5312] ✓ Updated: 0.85 → 1.23 (CHANGED)
[2026-01-01 10:20:49]   [emp_id: 5318] ✓ Updated: 25.95 → 3.27 (CHANGED)
[2026-01-01 10:20:49]   [emp_id: 5325] ✓ Updated: 21.91 → 1.23 (CHANGED)
[2026-01-01 10:20:49]   [emp_id: 5327] ✓ Updated: 1 → 0.23 (CHANGED)
[2026-01-01 10:20:49]   [emp_id: 5337] ✓ Updated: 35.2 → 0 (CHANGED)
[2026-01-01 10:20:49]   [emp_id: 5339] ✓ Updated: 10.1 → 0 (CHANGED)
[2026-01-01 10:20:49]   [emp_id: 5343] ✓ Updated: 45.12 → 27.25 (CHANGED)
[2026-01-01 10:20:49]   [emp_id: 5343] ✓ Updated: 45.12 → 27.25 (CHANGED)
[2026-01-01 10:20:49]   [emp_id: 5345] ✓ Updated: 14.95 → 26.08 (CHANGED)
[2026-01-01 10:20:49]   [emp_id: 5346] ✓ Updated: 1.82 → 2.14 (CHANGED)
[2026-01-01 10:20:49]   [emp_id: 5351] ✓ Updated: 16.76 → 17.08 (CHANGED)
[2026-01-01 10:20:49]   [emp_id: 5352] ✓ Updated: 25.37 → 25.5 (CHANGED)
[2026-01-01 10:20:49]   [emp_id: 5370] ✓ Updated: 15.41 → 10.73 (CHANGED)
[2026-01-01 10:20:49]   [emp_id: 5371] ✓ Updated: 1.28 → 11 (CHANGED)
[2026-01-01 10:20:49]   [emp_id: 5376] ✓ Updated: 10.01 → 10.33 (CHANGED)
[2026-01-01 10:20:49]   [emp_id: 5378] ✓ Updated: 17.2 → 14.25 (CHANGED)
[2026-01-01 10:20:49]   [emp_id: 5380] ✓ Updated: 16.42 → 9.74 (CHANGED)
[2026-01-01 10:20:49]   [emp_id: 5381] ✓ Updated: 11.64 → 11.67 (CHANGED)
[2026-01-01 10:20:49]   [emp_id: 5383] ✓ Updated: 15.95 → 13.08 (CHANGED)
[2026-01-01 10:20:49]   [emp_id: 5388] ✓ Updated: 27.2 → 8.52 (CHANGED)
[2026-01-01 10:20:49]   [emp_id: 5396] ✓ Updated: 28.44 → 7.76 (CHANGED)
[2026-01-01 10:20:49]   [emp_id: 5397] ✓ Updated: 19.9 → 3.97 (CHANGED)
[2026-01-01 10:20:49]   [emp_id: 5401] ✓ Updated: 23.01 → 2.33 (CHANGED)
[2026-01-01 10:20:49]   [emp_id: 5402] ✓ Updated: 23.13 → 2.45 (CHANGED)
[2026-01-01 10:20:49]   [emp_id: 5406] ✓ Updated: 21.85 → 1.17 (CHANGED)
[2026-01-01 10:20:49]   [emp_id: 5407] ✓ Updated: 15.72 → 0.75 (CHANGED)
[2026-01-01 10:20:49]   [emp_id: 5409] ✓ Updated: 16.19 → 18.24 (CHANGED)
[2026-01-01 10:20:49]   [emp_id: 5413] ✓ Updated: 28.12 → 28.25 (CHANGED)
[2026-01-01 10:20:49]   [emp_id: 5414] ✓ Updated: 27.79 → 27.92 (CHANGED)
[2026-01-01 10:20:49]   [emp_id: 5415] ✓ Updated: 3.72 → 26.75 (CHANGED)
[2026-01-01 10:20:49]   [emp_id: 5418] ✓ Updated: 15.25 → 18.32 (CHANGED)
[2026-01-01 10:20:49]   [emp_id: 5422] ✓ Updated: 20.45 → 20.58 (CHANGED)
[2026-01-01 10:20:49]   [emp_id: 5423] ✓ Updated: 5.14 → 20.17 (CHANGED)
[2026-01-01 10:20:49]   [emp_id: 5425] ✓ Updated: 13.8 → 14.12 (CHANGED)
[2026-01-01 10:20:49]   [emp_id: 5426] ✓ Updated: 3.69 → 13.75 (CHANGED)
[2026-01-01 10:20:49]   [emp_id: 5426] ✓ Updated: 3.69 → 13.75 (CHANGED)
[2026-01-01 10:20:49]   [emp_id: 5427] ✓ Updated: 13.91 → 14.23 (CHANGED)
[2026-01-01 10:20:49]   [emp_id: 5428] ✓ Updated: 13.8 → 14.12 (CHANGED)
[2026-01-01 10:20:49]   [emp_id: 5430] ✓ Updated: 17.45 → 17.58 (CHANGED)
[2026-01-01 10:20:49]   [emp_id: 5431] ✓ Updated: 12.92 → 13.24 (CHANGED)
[2026-01-01 10:20:49]   [emp_id: 5434] ✓ Updated: 12.69 → 13.01 (CHANGED)
[2026-01-01 10:20:49]   [emp_id: 5435] ✓ Updated: 12.63 → 12.95 (CHANGED)
[2026-01-01 10:20:49]   [emp_id: 5436] ✓ Updated: 12.63 → 12.95 (CHANGED)
[2026-01-01 10:20:49]   [emp_id: 5438] ✓ Updated: 15.37 → 15.5 (CHANGED)
[2026-01-01 10:20:49]   [emp_id: 5439] ✓ Updated: 24.87 → 25 (CHANGED)
[2026-01-01 10:20:49]   [emp_id: 5442] ✓ Updated: 13.87 → 14 (CHANGED)
[2026-01-01 10:20:49]   [emp_id: 5445] ✓ Updated: 7.09 → 7.41 (CHANGED)
[2026-01-01 10:20:49]   [emp_id: 5446] ✓ Updated: 7.09 → 7.41 (CHANGED)
[2026-01-01 10:20:49]   [emp_id: 5447] ✓ Updated: 7.03 → 7.35 (CHANGED)
[2026-01-01 10:20:49]   [emp_id: 5448] ✓ Updated: 6.89 → 8.92 (CHANGED)
[2026-01-01 10:20:49]   [emp_id: 5449] ✓ Updated: 5.11 → 5.43 (CHANGED)
[2026-01-01 10:20:49]   [emp_id: 5450] ✓ Updated: 5.05 → 5.37 (CHANGED)
[2026-01-01 10:20:50]   [emp_id: 5451] ✓ Updated: 5.05 → 5.37 (CHANGED)
[2026-01-01 10:20:50]   [emp_id: 5454] ✓ Updated: 6.95 → 7.08 (CHANGED)
[2026-01-01 10:20:50]   [emp_id: 5455] ✓ Updated: 5.2 → 5.33 (CHANGED)
[2026-01-01 10:20:50]   [emp_id: 5456] ✓ Updated: 6.2 → 6.33 (CHANGED)
[2026-01-01 10:20:50] Report saved to: /home/almutlak/public_html/hr/cron_logs/last_vacation_update_report.json
[2026-01-01 10:26:02] ========== CRON: Vacation Balance Update Started ==========
[2026-01-01 10:29:16] ========== CRON: Vacation Balance Update Started ==========
[2026-01-01 10:29:16] FORCE RUN enabled: Bypassing once-per-day restriction
[2026-01-01 10:29:16] Database connection established
[2026-01-01 10:29:16] Found 427 active employees with balance records to update
[2026-01-01 10:29:16] (Only employees with status=1 will be processed)
[2026-01-01 10:29:16]   [emp_id: 1061] ✓ Updated: 0.16 → 0.24 (CHANGED)
[2026-01-01 10:29:16]   [emp_id: 1496] ✓ Updated: 16.29 → 16.37 (CHANGED)
[2026-01-01 10:29:16]   [emp_id: 1500] ✓ Updated: 3.97 → 4.05 (CHANGED)
[2026-01-01 10:29:16]   [emp_id: 1574] ✓ Updated: 33.2 → 33.28 (CHANGED)
[2026-01-01 10:29:16]   [emp_id: 1673] ✓ Updated: 44.7 → 44.78 (CHANGED)
[2026-01-01 10:29:16]   [emp_id: 1685] ✓ Updated: 14.62 → 14.7 (CHANGED)
[2026-01-01 10:29:16]   [emp_id: 1764] ✓ Updated: 69.29 → 69.37 (CHANGED)
[2026-01-01 10:29:16]   [emp_id: 1805] ✓ Updated: 63.62 → 63.7 (CHANGED)
[2026-01-01 10:29:16]   [emp_id: 1822] ✓ Updated: 68.37 → 68.45 (CHANGED)
[2026-01-01 10:29:16]   [emp_id: 1837] ✓ Updated: 24.54 → 24.62 (CHANGED)
[2026-01-01 10:29:16]   [emp_id: 1857] ✓ Updated: 19.87 → 19.95 (CHANGED)
[2026-01-01 10:29:16]   [emp_id: 1861] ✓ Updated: 70.7 → 70.78 (CHANGED)
[2026-01-01 10:29:16]   [emp_id: 1872] ✓ Updated: 9.54 → 9.62 (CHANGED)
[2026-01-01 10:29:16]   [emp_id: 1897] ✓ Updated: 4.87 → 4.95 (CHANGED)
[2026-01-01 10:29:16]   [emp_id: 1916] ✓ Updated: 11.17 → 11.25 (CHANGED)
[2026-01-01 10:29:16]   [emp_id: 1928] ✓ Updated: 64.12 → 64.2 (CHANGED)
[2026-01-01 10:29:16]   [emp_id: 1931] ✓ Updated: 84.04 → 84.12 (CHANGED)
[2026-01-01 10:29:16]   [emp_id: 1944] ✓ Updated: 42.2 → 42.28 (CHANGED)
[2026-01-01 10:29:16]   [emp_id: 1996] ✓ Updated: 70.7 → 70.78 (CHANGED)
[2026-01-01 10:29:16]   [emp_id: 1997] ✓ Updated: 35.87 → 35.95 (CHANGED)
[2026-01-01 10:29:16]   [emp_id: 1998] ✓ Updated: 27.31 → 27.39 (CHANGED)
[2026-01-01 10:29:16]   [emp_id: 1999] ✓ Updated: 28.31 → 28.39 (CHANGED)
[2026-01-01 10:29:16]   [emp_id: 2009] ✓ Updated: 34.62 → 34.7 (CHANGED)
[2026-01-01 10:29:16]   [emp_id: 2048] ✓ Updated: 24.45 → 24.53 (CHANGED)
[2026-01-01 10:29:16]   [emp_id: 2057] ✓ Updated: 65.29 → 65.37 (CHANGED)
[2026-01-01 10:29:16]   [emp_id: 2079] ✓ Updated: 47.62 → 47.7 (CHANGED)
[2026-01-01 10:29:16]   [emp_id: 2181] ✓ Updated: 36.62 → 36.7 (CHANGED)
[2026-01-01 10:29:16]   [emp_id: 2190] ✓ Updated: 5.95 → 6.03 (CHANGED)
[2026-01-01 10:29:16]   [emp_id: 2212] ✓ Updated: 23.95 → 24.03 (CHANGED)
[2026-01-01 10:29:16]   [emp_id: 2226] ✓ Updated: 68.7 → 68.78 (CHANGED)
[2026-01-01 10:29:16]   [emp_id: 2238] ✓ Updated: 66.95 → 67.03 (CHANGED)
[2026-01-01 10:29:16]   [emp_id: 2285] ✓ Updated: 35.62 → 35.7 (CHANGED)
[2026-01-01 10:29:16]   [emp_id: 2287] ✓ Updated: 47.29 → 47.37 (CHANGED)
[2026-01-01 10:29:16]   [emp_id: 2288] ✓ Updated: 2.31 → 2.39 (CHANGED)
[2026-01-01 10:29:16]   [emp_id: 2316] ✓ Updated: 16.12 → 16.2 (CHANGED)
[2026-01-01 10:29:16]   [emp_id: 2337] ✓ Updated: 37.2 → 37.28 (CHANGED)
[2026-01-01 10:29:16]   [emp_id: 2352] ✓ Updated: 68.7 → 68.78 (CHANGED)
[2026-01-01 10:29:17]   [emp_id: 2358] ✓ Updated: 5.2 → 5.28 (CHANGED)
[2026-01-01 10:29:17]   [emp_id: 2361] ✓ Updated: 70.87 → 70.95 (CHANGED)
[2026-01-01 10:29:17]   [emp_id: 2363] ✓ Updated: 73.45 → 73.53 (CHANGED)
[2026-01-01 10:29:17]   [emp_id: 2364] ✓ Updated: 72.87 → 72.95 (CHANGED)
[2026-01-01 10:29:17]   [emp_id: 2367] ✓ Updated: 100.54 → 100.62 (CHANGED)
[2026-01-01 10:29:17]   [emp_id: 2368] ✓ Updated: 30.95 → 31.03 (CHANGED)
[2026-01-01 10:29:17]   [emp_id: 2372] ✓ Updated: 68.2 → 68.28 (CHANGED)
[2026-01-01 10:29:17]   [emp_id: 2376] ✓ Updated: 118.2 → 118.28 (CHANGED)
[2026-01-01 10:29:17]   [emp_id: 2423] ✓ Updated: 18.95 → 19.03 (CHANGED)
[2026-01-01 10:29:17]   [emp_id: 2519] ✓ Updated: 172.62 → 172.7 (CHANGED)
[2026-01-01 10:29:17]   [emp_id: 2522] ✓ Updated: 56.2 → 56.28 (CHANGED)
[2026-01-01 10:29:17]   [emp_id: 2530] ✓ Updated: 51.45 → 51.53 (CHANGED)
[2026-01-01 10:29:17]   [emp_id: 2539] ✓ Updated: 48.2 → 48.28 (CHANGED)
[2026-01-01 10:29:17]   [emp_id: 2541] ✓ Updated: 28.79 → 28.87 (CHANGED)
[2026-01-01 10:29:17]   [emp_id: 2550] ✓ Updated: 94.95 → 95.03 (CHANGED)
[2026-01-01 10:29:17]   [emp_id: 2553] ✓ Updated: 32.06 → 32.14 (CHANGED)
[2026-01-01 10:29:17]   [emp_id: 2554] ✓ Updated: 38.54 → 38.62 (CHANGED)
[2026-01-01 10:29:17]   [emp_id: 2565] ✓ Updated: 93.12 → 93.2 (CHANGED)
[2026-01-01 10:29:17]   [emp_id: 2572] ✓ Updated: 43.12 → 43.2 (CHANGED)
[2026-01-01 10:29:17]   [emp_id: 2637] ✓ Updated: 63.7 → 63.78 (CHANGED)
[2026-01-01 10:29:17]   [emp_id: 2642] ✓ Updated: 76.45 → 76.53 (CHANGED)
[2026-01-01 10:29:17]   [emp_id: 2645] ✓ Updated: 92.45 → 92.53 (CHANGED)
[2026-01-01 10:29:17]   [emp_id: 2648] ✓ Updated: 44.12 → 44.2 (CHANGED)
[2026-01-01 10:29:17]   [emp_id: 2654] ✓ Updated: 86.79 → 86.87 (CHANGED)
[2026-01-01 10:29:17]   [emp_id: 2688] ✓ Updated: 24.87 → 24.95 (CHANGED)
[2026-01-01 10:29:17]   [emp_id: 2690] ✓ Updated: 13.62 → 13.7 (CHANGED)
[2026-01-01 10:29:17]   [emp_id: 2709] ✓ Updated: 35.87 → 35.95 (CHANGED)
[2026-01-01 10:29:17]   [emp_id: 2745] ✓ Updated: 32.45 → 32.53 (CHANGED)
[2026-01-01 10:29:17]   [emp_id: 2843] ✓ Updated: 79.04 → 79.12 (CHANGED)
[2026-01-01 10:29:17]   [emp_id: 2854] ✓ Updated: 58.95 → 59.03 (CHANGED)
[2026-01-01 10:29:17]   [emp_id: 2869] ✓ Updated: 63.87 → 63.95 (CHANGED)
[2026-01-01 10:29:17]   [emp_id: 2876] ✓ Updated: 33.7 → 33.78 (CHANGED)
[2026-01-01 10:29:17]   [emp_id: 2924] ✓ Updated: 14.87 → 14.95 (CHANGED)
[2026-01-01 10:29:17]   [emp_id: 2953] ✓ Updated: 100.62 → 100.7 (CHANGED)
[2026-01-01 10:29:17]   [emp_id: 2961] ✓ Updated: 10.62 → 10.7 (CHANGED)
[2026-01-01 10:29:17]   [emp_id: 2975] ✓ Updated: 3.72 → 3.8 (CHANGED)
[2026-01-01 10:29:17]   [emp_id: 3013] ✓ Updated: 9.62 → 9.7 (CHANGED)
[2026-01-01 10:29:17]   [emp_id: 3014] ✓ Updated: 88.87 → 88.95 (CHANGED)
[2026-01-01 10:29:17]   [emp_id: 3015] ✓ Updated: 40.12 → 40.2 (CHANGED)
[2026-01-01 10:29:17]   [emp_id: 3018] ✓ Updated: 58.87 → 58.95 (CHANGED)
[2026-01-01 10:29:17]   [emp_id: 3025] ✓ Updated: 22.64 → 22.72 (CHANGED)
[2026-01-01 10:29:17]   [emp_id: 3037] ✓ Updated: 82.37 → 82.45 (CHANGED)
[2026-01-01 10:29:17]   [emp_id: 3047] ✓ Updated: 70.62 → 70.7 (CHANGED)
[2026-01-01 10:29:17]   [emp_id: 3061] ✓ Updated: 17.54 → 17.62 (CHANGED)
[2026-01-01 10:29:17]   [emp_id: 3062] ✓ Updated: 50.7 → 50.78 (CHANGED)
[2026-01-01 10:29:17]   [emp_id: 3074] ✓ Updated: 107.12 → 107.2 (CHANGED)
[2026-01-01 10:29:17]   [emp_id: 3089] ✓ Updated: 6.04 → 6.12 (CHANGED)
[2026-01-01 10:29:17]   [emp_id: 3090] ✓ Updated: 32.62 → 32.7 (CHANGED)
[2026-01-01 10:29:17]   [emp_id: 3091] ✓ Updated: 44.62 → 44.7 (CHANGED)
[2026-01-01 10:29:17]   [emp_id: 3092] ✓ Updated: 27.29 → 27.37 (CHANGED)
[2026-01-01 10:29:17]   [emp_id: 3105] ✓ Updated: 47.62 → 47.7 (CHANGED)
[2026-01-01 10:29:17]   [emp_id: 3134] ✓ Updated: 43.37 → 43.45 (CHANGED)
[2026-01-01 10:29:17]   [emp_id: 3140] ✓ Updated: 40.45 → 40.53 (CHANGED)
[2026-01-01 10:29:17]   [emp_id: 3144] ✓ Updated: 13.29 → 13.37 (CHANGED)
[2026-01-01 10:29:17]   [emp_id: 3156] ✓ Updated: 16.62 → 16.7 (CHANGED)
[2026-01-01 10:29:17]   [emp_id: 3162] ✓ Updated: 1.6 → 1.68 (CHANGED)
[2026-01-01 10:29:17]   [emp_id: 3163] ✓ Updated: 4.87 → 4.95 (CHANGED)
[2026-01-01 10:29:17]   [emp_id: 3198] ✓ Updated: 39.87 → 39.95 (CHANGED)
[2026-01-01 10:29:17]   [emp_id: 3205] ✓ Updated: 16.54 → 16.62 (CHANGED)
[2026-01-01 10:29:17]   [emp_id: 3209] ✓ Updated: 40.7 → 40.78 (CHANGED)
[2026-01-01 10:29:17]   [emp_id: 3223] ✓ Updated: 89.62 → 89.7 (CHANGED)
[2026-01-01 10:29:17]   [emp_id: 3224] ✓ Updated: 64.37 → 64.45 (CHANGED)
[2026-01-01 10:29:17]   [emp_id: 3230] ✓ Updated: 87.79 → 87.87 (CHANGED)
[2026-01-01 10:29:17]   [emp_id: 3231] ✓ Updated: 0.16 → 0.24 (CHANGED)
[2026-01-01 10:29:17]   [emp_id: 3233] ✓ Updated: 80.62 → 80.7 (CHANGED)
[2026-01-01 10:29:17]   [emp_id: 3249] ✓ Updated: 36.45 → 36.53 (CHANGED)
[2026-01-01 10:29:17]   [emp_id: 3250] ✓ Updated: 9.45 → 9.53 (CHANGED)
[2026-01-01 10:29:17]   [emp_id: 3252] ✓ Updated: 10.37 → 10.45 (CHANGED)
[2026-01-01 10:29:17]   [emp_id: 3254] ✓ Updated: 20.87 → 20.95 (CHANGED)
[2026-01-01 10:29:17]   [emp_id: 3255] ✓ Updated: 17.29 → 17.37 (CHANGED)
[2026-01-01 10:29:17]   [emp_id: 3256] ✓ Updated: 13.54 → 13.62 (CHANGED)
[2026-01-01 10:29:17]   [emp_id: 3263] ✓ Updated: 29.62 → 29.7 (CHANGED)
[2026-01-01 10:29:17]   [emp_id: 3265] ✓ Updated: 25.2 → 25.28 (CHANGED)
[2026-01-01 10:29:17]   [emp_id: 3280] ✓ Updated: 72.12 → 72.2 (CHANGED)
[2026-01-01 10:29:17]   [emp_id: 3286] ✓ Updated: 15.29 → 15.37 (CHANGED)
[2026-01-01 10:29:17]   [emp_id: 3294] ✓ Updated: 14.95 → 15.03 (CHANGED)
[2026-01-01 10:29:17]   [emp_id: 3321] ✓ Updated: 72.12 → 72.2 (CHANGED)
[2026-01-01 10:29:17]   [emp_id: 3325] ✓ Updated: 59.87 → 59.95 (CHANGED)
[2026-01-01 10:29:17]   [emp_id: 3329] ✓ Updated: 62.2 → 62.28 (CHANGED)
[2026-01-01 10:29:17]   [emp_id: 3330] ✓ Updated: 62.2 → 62.28 (CHANGED)
[2026-01-01 10:29:17]   [emp_id: 3332] ✓ Updated: 62.2 → 62.28 (CHANGED)
[2026-01-01 10:29:17]   [emp_id: 3370] ✓ Updated: 53.87 → 53.95 (CHANGED)
[2026-01-01 10:29:17]   [emp_id: 3384] ✓ Updated: 14.37 → 14.45 (CHANGED)
[2026-01-01 10:29:17]   [emp_id: 3386] ✓ Updated: 44.37 → 44.45 (CHANGED)
[2026-01-01 10:29:17]   [emp_id: 3431] ✓ Updated: 18.79 → 18.87 (CHANGED)
[2026-01-01 10:29:17]   [emp_id: 3497] ✓ Updated: 8.95 → 9.03 (CHANGED)
[2026-01-01 10:29:17]   [emp_id: 3532] ✓ Updated: 45.79 → 45.87 (CHANGED)
[2026-01-01 10:29:17]   [emp_id: 3586] ✓ Updated: 9.87 → 9.95 (CHANGED)
[2026-01-01 10:29:17]   [emp_id: 3602] ✓ Updated: 1.36 → 1.44 (CHANGED)
[2026-01-01 10:29:17]   [emp_id: 3618] ✓ Updated: 23.34 → 23.42 (CHANGED)
[2026-01-01 10:29:17]   [emp_id: 3622] ✓ Updated: 34.35 → 34.41 (CHANGED)
[2026-01-01 10:29:17]   [emp_id: 3627] ✓ Updated: 9.29 → 9.37 (CHANGED)
[2026-01-01 10:29:17]   [emp_id: 3665] ✓ Updated: 50.87 → 50.95 (CHANGED)
[2026-01-01 10:29:17]   [emp_id: 3705] ✓ Updated: 27.68 → 27.74 (CHANGED)
[2026-01-01 10:29:17]   [emp_id: 3724] ✓ Updated: 43.87 → 43.95 (CHANGED)
[2026-01-01 10:29:17]   [emp_id: 3726] ✓ Updated: 60.29 → 60.37 (CHANGED)
[2026-01-01 10:29:17]   [emp_id: 3727] ✓ Updated: 65.37 → 65.45 (CHANGED)
[2026-01-01 10:29:17]   [emp_id: 3728] ✓ Updated: 9.7 → 9.78 (CHANGED)
[2026-01-01 10:29:17]   [emp_id: 3767] ✓ Updated: 60.45 → 60.53 (CHANGED)
[2026-01-01 10:29:17]   [emp_id: 3768] ✓ Updated: 56.7 → 56.78 (CHANGED)
[2026-01-01 10:29:17]   [emp_id: 3787] ✓ Updated: 57.29 → 57.37 (CHANGED)
[2026-01-01 10:29:17]   [emp_id: 3790] ✓ Updated: 1.84 → 1.92 (CHANGED)
[2026-01-01 10:29:17]   [emp_id: 3795] ✓ Updated: 14.79 → 14.87 (CHANGED)
[2026-01-01 10:29:17]   [emp_id: 3798] ✓ Updated: 93.2 → 93.28 (CHANGED)
[2026-01-01 10:29:17]   [emp_id: 3801] ✓ Updated: 1.47 → 1.55 (CHANGED)
[2026-01-01 10:29:17]   [emp_id: 3802] ✓ Updated: 30.45 → 30.53 (CHANGED)
[2026-01-01 10:29:17]   [emp_id: 3803] ✓ Updated: 114.87 → 114.95 (CHANGED)
[2026-01-01 10:29:17]   [emp_id: 3810] ✓ Updated: 60.87 → 60.95 (CHANGED)
[2026-01-01 10:29:17]   [emp_id: 3812] ✓ Updated: 89.87 → 89.95 (CHANGED)
[2026-01-01 10:29:17]   [emp_id: 3815] ✓ Updated: 89.87 → 89.95 (CHANGED)
[2026-01-01 10:29:17]   [emp_id: 3836] ✓ Updated: 57.54 → 57.62 (CHANGED)
[2026-01-01 10:29:17]   [emp_id: 3855] ✓ Updated: 50.7 → 50.78 (CHANGED)
[2026-01-01 10:29:17]   [emp_id: 3857] ✓ Updated: 54.37 → 54.45 (CHANGED)
[2026-01-01 10:29:17]   [emp_id: 3862] ✓ Updated: 102.45 → 102.53 (CHANGED)
[2026-01-01 10:29:17]   [emp_id: 3866] ✓ Updated: 27.7 → 27.78 (CHANGED)
[2026-01-01 10:29:17]   [emp_id: 3876] ✓ Updated: 47.87 → 47.95 (CHANGED)
[2026-01-01 10:29:17]   [emp_id: 3877] ✓ Updated: 49.37 → 49.45 (CHANGED)
[2026-01-01 10:29:17]   [emp_id: 3897] ✓ Updated: 37.62 → 37.7 (CHANGED)
[2026-01-01 10:29:17]   [emp_id: 3899] ✓ Updated: 0.8 → 0.88 (CHANGED)
[2026-01-01 10:29:17]   [emp_id: 3928] ✓ Updated: 13.7 → 13.78 (CHANGED)
[2026-01-01 10:29:17]   [emp_id: 3929] ✓ Updated: 8.7 → 8.78 (CHANGED)
[2026-01-01 10:29:17]   [emp_id: 3935] ✓ Updated: 93.7 → 93.78 (CHANGED)
[2026-01-01 10:29:17]   [emp_id: 3952] ✓ Updated: 76.04 → 76.12 (CHANGED)
[2026-01-01 10:29:17]   [emp_id: 3987] ✓ Updated: 13.95 → 14.03 (CHANGED)
[2026-01-01 10:29:17]   [emp_id: 4059] ✓ Updated: 3.15 → 3.23 (CHANGED)
[2026-01-01 10:29:17]   [emp_id: 4119] ✓ Updated: 56.62 → 56.7 (CHANGED)
[2026-01-01 10:29:17]   [emp_id: 4120] ✓ Updated: 26.2 → 26.28 (CHANGED)
[2026-01-01 10:29:17]   [emp_id: 4124] ✓ Updated: 26.72 → 26.8 (CHANGED)
[2026-01-01 10:29:17]   [emp_id: 4133] ✓ Updated: 105.2 → 105.28 (CHANGED)
[2026-01-01 10:29:17]   [emp_id: 4134] ✓ Updated: 26.2 → 26.28 (CHANGED)
[2026-01-01 10:29:17]   [emp_id: 4136] ✓ Updated: 26.2 → 26.28 (CHANGED)
[2026-01-01 10:29:17]   [emp_id: 4150] ✓ Updated: 24.87 → 24.95 (CHANGED)
[2026-01-01 10:29:17]   [emp_id: 4157] ✓ Updated: 18.37 → 18.45 (CHANGED)
[2026-01-01 10:29:17]   [emp_id: 4172] ✓ Updated: 12.26 → 12.32 (CHANGED)
[2026-01-01 10:29:17]   [emp_id: 4195] ✓ Updated: 61.95 → 62.03 (CHANGED)
[2026-01-01 10:29:17]   [emp_id: 4215] ✓ Updated: 44.62 → 44.7 (CHANGED)
[2026-01-01 10:29:17]   [emp_id: 4220] ✓ Updated: 40.2 → 40.28 (CHANGED)
[2026-01-01 10:29:17]   [emp_id: 4273] ✓ Updated: 8.87 → 8.95 (CHANGED)
[2026-01-01 10:29:17]   [emp_id: 4283] ✓ Updated: 13.35 → 13.41 (CHANGED)
[2026-01-01 10:29:17]   [emp_id: 4288] ✓ Updated: 1.12 → 1.2 (CHANGED)
[2026-01-01 10:29:17]   [emp_id: 4315] ✓ Updated: 12.12 → 12.2 (CHANGED)
[2026-01-01 10:29:17]   [emp_id: 4328] ✓ Updated: 42.18 → 42.24 (CHANGED)
[2026-01-01 10:29:17]   [emp_id: 4329] ✓ Updated: 5.29 → 5.37 (CHANGED)
[2026-01-01 10:29:17]   [emp_id: 4338] ✓ Updated: 46.87 → 46.95 (CHANGED)
[2026-01-01 10:29:17]   [emp_id: 4340] ✓ Updated: 125.87 → 125.95 (CHANGED)
[2026-01-01 10:29:17]   [emp_id: 4365] ✓ Updated: 60.29 → 60.37 (CHANGED)
[2026-01-01 10:29:17]   [emp_id: 4366] ✓ Updated: 59.37 → 59.45 (CHANGED)
[2026-01-01 10:29:17]   [emp_id: 4403] ✓ Updated: 85.2 → 85.28 (CHANGED)
[2026-01-01 10:29:17]   [emp_id: 4438] ✓ Updated: 20.87 → 20.95 (CHANGED)
[2026-01-01 10:29:17]   [emp_id: 4465] ✓ Updated: 12.51 → 12.57 (CHANGED)
[2026-01-01 10:29:18]   [emp_id: 4473] ✓ Updated: 44.45 → 44.53 (CHANGED)
[2026-01-01 10:29:18]   [emp_id: 4474] ✓ Updated: 0.1 → 0.16 (CHANGED)
[2026-01-01 10:29:18]   [emp_id: 4493] ✓ Updated: 163.29 → 163.37 (CHANGED)
[2026-01-01 10:29:18]   [emp_id: 4526] ✓ Updated: 35.54 → 35.62 (CHANGED)
[2026-01-01 10:29:18]   [emp_id: 4528] ✓ Updated: 107.29 → 107.37 (CHANGED)
[2026-01-01 10:29:18]   [emp_id: 4528] ✓ Updated: 107.29 → 107.37 (CHANGED)
[2026-01-01 10:29:18]   [emp_id: 4532] ✓ Updated: 7.63 → 7.69 (CHANGED)
[2026-01-01 10:29:18]   [emp_id: 4533] ✓ Updated: 35.7 → 35.78 (CHANGED)
[2026-01-01 10:29:18]   [emp_id: 4564] ✓ Updated: 25.26 → 25.32 (CHANGED)
[2026-01-01 10:29:18]   [emp_id: 4565] ✓ Updated: 15.01 → 15.07 (CHANGED)
[2026-01-01 10:29:18]   [emp_id: 4567] ✓ Updated: 19.26 → 19.32 (CHANGED)
[2026-01-01 10:29:18]   [emp_id: 4572] ✓ Updated: 58.76 → 58.82 (CHANGED)
[2026-01-01 10:29:18]   [emp_id: 4631] ✓ Updated: 15.01 → 15.07 (CHANGED)
[2026-01-01 10:29:18]   [emp_id: 4655] ✓ Updated: 24.62 → 24.7 (CHANGED)
[2026-01-01 10:29:18]   [emp_id: 4689] ✓ Updated: 2.39 → 2.47 (CHANGED)
[2026-01-01 10:29:18]   [emp_id: 4709] ✓ Updated: 39.87 → 39.95 (CHANGED)
[2026-01-01 10:29:18]   [emp_id: 4717] ✓ Updated: 65.87 → 65.95 (CHANGED)
[2026-01-01 10:29:18]   [emp_id: 4736] ✓ Updated: 27.7 → 27.78 (CHANGED)
[2026-01-01 10:29:18]   [emp_id: 4756] ✓ Updated: 11.45 → 11.51 (CHANGED)
[2026-01-01 10:29:18]   [emp_id: 4768] ✓ Updated: 12.37 → 12.45 (CHANGED)
[2026-01-01 10:29:18]   [emp_id: 4780] ✓ Updated: 65.18 → 65.24 (CHANGED)
[2026-01-01 10:29:18]   [emp_id: 4820] ✓ Updated: 98.7 → 98.78 (CHANGED)
[2026-01-01 10:29:18]   [emp_id: 4825] ✓ Updated: 30.45 → 30.53 (CHANGED)
[2026-01-01 10:29:18]   [emp_id: 4835] ✓ Updated: 47.93 → 47.99 (CHANGED)
[2026-01-01 10:29:18]   [emp_id: 4837] ✓ Updated: 45.17 → 45.23 (CHANGED)
[2026-01-01 10:29:18]   [emp_id: 4838] ✓ Updated: 44.19 → 44.25 (CHANGED)
[2026-01-01 10:29:18]   [emp_id: 4840] ✓ Updated: 45.17 → 45.23 (CHANGED)
[2026-01-01 10:29:18]   [emp_id: 4842] ✓ Updated: 44.41 → 44.47 (CHANGED)
[2026-01-01 10:29:18]   [emp_id: 4843] ✓ Updated: 44.94 → 45 (CHANGED)
[2026-01-01 10:29:18]   [emp_id: 4853] ✓ Updated: 88.76 → 88.82 (CHANGED)
[2026-01-01 10:29:18]   [emp_id: 4856] ✓ Updated: 42.08 → 42.14 (CHANGED)
[2026-01-01 10:29:18]   [emp_id: 4857] ✓ Updated: 24.9 → 24.96 (CHANGED)
[2026-01-01 10:29:18]   [emp_id: 4858] ✓ Updated: 21.78 → 21.84 (CHANGED)
[2026-01-01 10:29:18]   [emp_id: 4859] ✓ Updated: 43.25 → 43.31 (CHANGED)
[2026-01-01 10:29:18]   [emp_id: 4860] ✓ Updated: 7.75 → 7.81 (CHANGED)
[2026-01-01 10:29:18]   [emp_id: 4861] ✓ Updated: 41.21 → 41.27 (CHANGED)
[2026-01-01 10:29:18]   [emp_id: 4869] ✓ Updated: 84.09 → 84.15 (CHANGED)
[2026-01-01 10:29:18]   [emp_id: 4894] ✓ Updated: 7.37 → 7.45 (CHANGED)
[2026-01-01 10:29:18]   [emp_id: 4897] ✓ Updated: 22.99 → 23.05 (CHANGED)
[2026-01-01 10:29:18]   [emp_id: 4899] ✓ Updated: 19.16 → 19.22 (CHANGED)
[2026-01-01 10:29:18]   [emp_id: 4902] ✓ Updated: 18.58 → 18.64 (CHANGED)
[2026-01-01 10:29:18]   [emp_id: 4903] ✓ Updated: 20.8 → 20.86 (CHANGED)
[2026-01-01 10:29:18]   [emp_id: 4905] ✓ Updated: 19.46 → 19.52 (CHANGED)
[2026-01-01 10:29:18]   [emp_id: 4907] ✓ Updated: 47.45 → 47.53 (CHANGED)
[2026-01-01 10:29:18]   [emp_id: 4917] ✓ Updated: 16.42 → 16.48 (CHANGED)
[2026-01-01 10:29:18]   [emp_id: 4918] ✓ Updated: 6.19 → 6.25 (CHANGED)
[2026-01-01 10:29:18]   [emp_id: 4919] ✓ Updated: 58.48 → 58.54 (CHANGED)
[2026-01-01 10:29:18]   [emp_id: 4920] ✓ Updated: 5.56 → 5.62 (CHANGED)
[2026-01-01 10:29:18]   [emp_id: 4921] ✓ Updated: 17.65 → 17.71 (CHANGED)
[2026-01-01 10:29:18]   [emp_id: 4927] ✓ Updated: 16.48 → 16.54 (CHANGED)
[2026-01-01 10:29:18]   [emp_id: 4929] ✓ Updated: 18 → 18.06 (CHANGED)
[2026-01-01 10:29:18]   [emp_id: 4930] ✓ Updated: 58.77 → 58.83 (CHANGED)
[2026-01-01 10:29:18]   [emp_id: 4932] ✓ Updated: 16.77 → 16.83 (CHANGED)
[2026-01-01 10:29:18]   [emp_id: 4933] ✓ Updated: 20.18 → 20.24 (CHANGED)
[2026-01-01 10:29:18]   [emp_id: 4949] ✓ Updated: 35.61 → 35.67 (CHANGED)
[2026-01-01 10:29:18]   [emp_id: 4956] ✓ Updated: 29.2 → 29.26 (CHANGED)
[2026-01-01 10:29:18]   [emp_id: 4957] ✓ Updated: 29.87 → 29.93 (CHANGED)
[2026-01-01 10:29:18]   [emp_id: 4962] ✓ Updated: 46.81 → 46.89 (CHANGED)
[2026-01-01 10:29:18]   [emp_id: 4969] ✓ Updated: 46.12 → 46.2 (CHANGED)
[2026-01-01 10:29:18]   [emp_id: 4976] ✓ Updated: 9.89 → 9.95 (CHANGED)
[2026-01-01 10:29:18]   [emp_id: 4984] ✓ Updated: 37.37 → 37.45 (CHANGED)
[2026-01-01 10:29:18]   [emp_id: 4995] ✓ Updated: 49.44 → 49.52 (CHANGED)
[2026-01-01 10:29:18]   [emp_id: 5004] ✓ Updated: 26.83 → 26.89 (CHANGED)
[2026-01-01 10:29:18]   [emp_id: 5006] ✓ Updated: 26.57 → 26.63 (CHANGED)
[2026-01-01 10:29:18]   [emp_id: 5011] ✓ Updated: 13.04 → 13.12 (CHANGED)
[2026-01-01 10:29:18]   [emp_id: 5013] ✓ Updated: 66.94 → 67 (CHANGED)
[2026-01-01 10:29:18]   [emp_id: 5018] ✓ Updated: 3.43 → 3.49 (CHANGED)
[2026-01-01 10:29:18]   [emp_id: 5021] ✓ Updated: 60.47 → 60.55 (CHANGED)
[2026-01-01 10:29:18]   [emp_id: 5024] ✓ Updated: 1.45 → 1.51 (CHANGED)
[2026-01-01 10:29:18]   [emp_id: 5030] ✓ Updated: 31.4 → 31.46 (CHANGED)
[2026-01-01 10:29:18]   [emp_id: 5033] ✓ Updated: 22.2 → 22.26 (CHANGED)
[2026-01-01 10:29:18]   [emp_id: 5043] ✓ Updated: 30.04 → 30.12 (CHANGED)
[2026-01-01 10:29:18]   [emp_id: 5045] ✓ Updated: 26.54 → 26.62 (CHANGED)
[2026-01-01 10:29:18]   [emp_id: 5046] ✓ Updated: 21.73 → 21.81 (CHANGED)
[2026-01-01 10:29:18]   [emp_id: 5049] ✓ Updated: 38.88 → 38.94 (CHANGED)
[2026-01-01 10:29:18]   [emp_id: 5052] ✓ Updated: 30.16 → 30.22 (CHANGED)
[2026-01-01 10:29:18]   [emp_id: 5055] ✓ Updated: 18.6 → 18.66 (CHANGED)
[2026-01-01 10:29:18]   [emp_id: 5058] ✓ Updated: 27.58 → 27.64 (CHANGED)
[2026-01-01 10:29:18]   [emp_id: 5062] ✓ Updated: 39.41 → 39.47 (CHANGED)
[2026-01-01 10:29:18]   [emp_id: 5064] ✓ Updated: 117.37 → 117.45 (CHANGED)
[2026-01-01 10:29:18]   [emp_id: 5065] ✓ Updated: 38.82 → 38.88 (CHANGED)
[2026-01-01 10:29:18]   [emp_id: 5071] ✓ Updated: 22.87 → 22.95 (CHANGED)
[2026-01-01 10:29:18]   [emp_id: 5073] ✓ Updated: 13.42 → 13.48 (CHANGED)
[2026-01-01 10:29:18]   [emp_id: 5079] ✓ Updated: 33.98 → 34.04 (CHANGED)
[2026-01-01 10:29:18]   [emp_id: 5080] ✓ Updated: 29.31 → 29.37 (CHANGED)
[2026-01-01 10:29:18]   [emp_id: 5081] ✓ Updated: 15.57 → 15.63 (CHANGED)
[2026-01-01 10:29:18]   [emp_id: 5087] ✓ Updated: 35.61 → 35.67 (CHANGED)
[2026-01-01 10:29:18]   [emp_id: 5091] ✓ Updated: 75.46 → 75.52 (CHANGED)
[2026-01-01 10:29:18]   [emp_id: 5093] ✓ Updated: 14.04 → 14.12 (CHANGED)
[2026-01-01 10:29:18]   [emp_id: 5095] ✓ Updated: 1 → 1.06 (CHANGED)
[2026-01-01 10:29:18]   [emp_id: 5101] ✓ Updated: 16.12 → 16.2 (CHANGED)
[2026-01-01 10:29:18]   [emp_id: 5107] ✓ Updated: 14.45 → 14.53 (CHANGED)
[2026-01-01 10:29:18]   [emp_id: 5109] ✓ Updated: 11.7 → 11.78 (CHANGED)
[2026-01-01 10:29:18]   [emp_id: 5119] ✓ Updated: 9.87 → 9.95 (CHANGED)
[2026-01-01 10:29:18]   [emp_id: 5122] ✓ Updated: 7.04 → 7.12 (CHANGED)
[2026-01-01 10:29:18]   [emp_id: 5126] ✓ Updated: 26.34 → 26.4 (CHANGED)
[2026-01-01 10:29:18]   [emp_id: 5127] ✓ Updated: 23.13 → 23.19 (CHANGED)
[2026-01-01 10:29:18]   [emp_id: 5128] ✓ Updated: 26.28 → 26.34 (CHANGED)
[2026-01-01 10:29:18]   [emp_id: 5138] ✓ Updated: 65.7 → 65.78 (CHANGED)
[2026-01-01 10:29:18]   [emp_id: 5138] ✓ Updated: 65.7 → 65.78 (CHANGED)
[2026-01-01 10:29:18]   [emp_id: 5141] ✓ Updated: 34.65 → 34.71 (CHANGED)
[2026-01-01 10:29:18]   [emp_id: 5142] ✓ Updated: 13.65 → 13.71 (CHANGED)
[2026-01-01 10:29:18]   [emp_id: 5146] ✓ Updated: 20.65 → 20.71 (CHANGED)
[2026-01-01 10:29:18]   [emp_id: 5147] ✓ Updated: 19.65 → 19.71 (CHANGED)
[2026-01-01 10:29:18]   [emp_id: 5148] ✓ Updated: 25 → 25.06 (CHANGED)
[2026-01-01 10:29:18]   [emp_id: 5149] ✓ Updated: 23.89 → 23.95 (CHANGED)
[2026-01-01 10:29:18]   [emp_id: 5150] ✓ Updated: 23.25 → 23.31 (CHANGED)
[2026-01-01 10:29:18]   [emp_id: 5151] ✓ Updated: 23.07 → 23.13 (CHANGED)
[2026-01-01 10:29:18]   [emp_id: 5152] ✓ Updated: 3.49 → 3.55 (CHANGED)
[2026-01-01 10:29:18]   [emp_id: 5157] ✓ Updated: 23.07 → 23.13 (CHANGED)
[2026-01-01 10:29:18]   [emp_id: 5160] ✓ Updated: 23.07 → 23.13 (CHANGED)
[2026-01-01 10:29:18]   [emp_id: 5163] ✓ Updated: 20.86 → 20.92 (CHANGED)
[2026-01-01 10:29:18]   [emp_id: 5165] ✓ Updated: 1.14 → 1.22 (CHANGED)
[2026-01-01 10:29:18]   [emp_id: 5167] ✓ Updated: 30.01 → 30.07 (CHANGED)
[2026-01-01 10:29:18]   [emp_id: 5168] ✓ Updated: 22.55 → 22.61 (CHANGED)
[2026-01-01 10:29:18]   [emp_id: 5173] ✓ Updated: 24.79 → 24.87 (CHANGED)
[2026-01-01 10:29:18]   [emp_id: 5174] ✓ Updated: 23.01 → 23.07 (CHANGED)
[2026-01-01 10:29:18]   [emp_id: 5181] ✓ Updated: 19.4 → 19.46 (CHANGED)
[2026-01-01 10:29:18]   [emp_id: 5186] ✓ Updated: 24.93 → 24.99 (CHANGED)
[2026-01-01 10:29:18]   [emp_id: 5187] ✓ Updated: 35.93 → 35.99 (CHANGED)
[2026-01-01 10:29:18]   [emp_id: 5204] ✓ Updated: 22.29 → 22.37 (CHANGED)
[2026-01-01 10:29:18]   [emp_id: 5205] ✓ Updated: 12.14 → 12.2 (CHANGED)
[2026-01-01 10:29:18]   [emp_id: 5209] ✓ Updated: 15.14 → 15.2 (CHANGED)
[2026-01-01 10:29:18]   [emp_id: 5213] ✓ Updated: 1.55 → 1.61 (CHANGED)
[2026-01-01 10:29:18]   [emp_id: 5214] ✓ Updated: 3.39 → 3.45 (CHANGED)
[2026-01-01 10:29:18]   [emp_id: 5215] ✓ Updated: 10.14 → 10.2 (CHANGED)
[2026-01-01 10:29:18]   [emp_id: 5217] ✓ Updated: 9.14 → 9.2 (CHANGED)
[2026-01-01 10:29:18]   [emp_id: 5219] ✓ Updated: 13.14 → 13.2 (CHANGED)
[2026-01-01 10:29:18]   [emp_id: 5221] ✓ Updated: 4.51 → 4.57 (CHANGED)
[2026-01-01 10:29:18]   [emp_id: 5224] ✓ Updated: 14.14 → 14.2 (CHANGED)
[2026-01-01 10:29:18]   [emp_id: 5225] ✓ Updated: 0.81 → 0.87 (CHANGED)
[2026-01-01 10:29:18]   [emp_id: 5228] ✓ Updated: 9.14 → 9.2 (CHANGED)
[2026-01-01 10:29:18]   [emp_id: 5229] ✓ Updated: 5.14 → 5.2 (CHANGED)
[2026-01-01 10:29:18]   [emp_id: 5230] ✓ Updated: 11.81 → 11.87 (CHANGED)
[2026-01-01 10:29:18]   [emp_id: 5231] ✓ Updated: 6.14 → 6.2 (CHANGED)
[2026-01-01 10:29:18]   [emp_id: 5232] ✓ Updated: 11.14 → 11.2 (CHANGED)
[2026-01-01 10:29:18]   [emp_id: 5233] ✓ Updated: 4.14 → 4.2 (CHANGED)
[2026-01-01 10:29:18]   [emp_id: 5234] ✓ Updated: 4.14 → 4.2 (CHANGED)
[2026-01-01 10:29:18]   [emp_id: 5235] ✓ Updated: 4.81 → 4.87 (CHANGED)
[2026-01-01 10:29:18]   [emp_id: 5237] ✓ Updated: 10.39 → 10.45 (CHANGED)
[2026-01-01 10:29:18]   [emp_id: 5239] ✓ Updated: 7.14 → 7.2 (CHANGED)
[2026-01-01 10:29:18]   [emp_id: 5241] ✓ Updated: 5.14 → 5.2 (CHANGED)
[2026-01-01 10:29:18]   [emp_id: 5242] ✓ Updated: 15.14 → 15.2 (CHANGED)
[2026-01-01 10:29:19]   [emp_id: 5243] ✓ Updated: 1.55 → 1.61 (CHANGED)
[2026-01-01 10:29:19]   [emp_id: 5244] ✓ Updated: 0.85 → 0.91 (CHANGED)
[2026-01-01 10:29:19]   [emp_id: 5246] ✓ Updated: 11.14 → 11.2 (CHANGED)
[2026-01-01 10:29:19]   [emp_id: 5253] ✓ Updated: 24.01 → 24.07 (CHANGED)
[2026-01-01 10:29:19]   [emp_id: 5254] ✓ Updated: 11.99 → 12.05 (CHANGED)
[2026-01-01 10:29:19]   [emp_id: 5257] ✓ Updated: 11.7 → 11.76 (CHANGED)
[2026-01-01 10:29:19]   [emp_id: 5259] ✓ Updated: 48.23 → 48.29 (CHANGED)
[2026-01-01 10:29:19]   [emp_id: 5261] ✓ Updated: 15.89 → 15.97 (CHANGED)
[2026-01-01 10:29:19]   [emp_id: 5264] ✓ Updated: 25.71 → 25.77 (CHANGED)
[2026-01-01 10:29:19]   [emp_id: 5266] ✓ Updated: 20.33 → 20.39 (CHANGED)
[2026-01-01 10:29:19]   [emp_id: 5268] ✓ Updated: 8.9 → 8.96 (CHANGED)
[2026-01-01 10:29:19]   [emp_id: 5271] ✓ Updated: 7.56 → 7.62 (CHANGED)
[2026-01-01 10:29:19]   [emp_id: 5272] ✓ Updated: 8.43 → 8.49 (CHANGED)
[2026-01-01 10:29:19]   [emp_id: 5273] ✓ Updated: 23.5 → 23.56 (CHANGED)
[2026-01-01 10:29:19]   [emp_id: 5275] ✓ Updated: 9.25 → 9.31 (CHANGED)
[2026-01-01 10:29:19]   [emp_id: 5276] ✓ Updated: 23.52 → 23.58 (CHANGED)
[2026-01-01 10:29:19]   [emp_id: 5278] ✓ Updated: 7.91 → 7.97 (CHANGED)
[2026-01-01 10:29:19]   [emp_id: 5280] ✓ Updated: 18.31 → 18.37 (CHANGED)
[2026-01-01 10:29:19]   [emp_id: 5282] ✓ Updated: 11.37 → 11.45 (CHANGED)
[2026-01-01 10:29:19]   [emp_id: 5285] ✓ Updated: 28.31 → 28.37 (CHANGED)
[2026-01-01 10:29:19]   [emp_id: 5286] ✓ Updated: 15.31 → 15.37 (CHANGED)
[2026-01-01 10:29:19]   [emp_id: 5287] ✓ Updated: 49.61 → 49.67 (CHANGED)
[2026-01-01 10:29:19]   [emp_id: 5288] ✓ Updated: 6.88 → 6.94 (CHANGED)
[2026-01-01 10:29:19]   [emp_id: 5289] ✓ Updated: 48.16 → 48.22 (CHANGED)
[2026-01-01 10:29:19]   [emp_id: 5290] ✓ Updated: 46.93 → 46.99 (CHANGED)
[2026-01-01 10:29:19]   [emp_id: 5291] ✓ Updated: 4.93 → 4.99 (CHANGED)
[2026-01-01 10:29:19]   [emp_id: 5292] ✓ Updated: 4.87 → 4.93 (CHANGED)
[2026-01-01 10:29:19]   [emp_id: 5293] ✓ Updated: 37.54 → 37.62 (CHANGED)
[2026-01-01 10:29:19]   [emp_id: 5294] ✓ Updated: 7.29 → 7.37 (CHANGED)
[2026-01-01 10:29:19]   [emp_id: 5295] ✓ Updated: 21.11 → 21.17 (CHANGED)
[2026-01-01 10:29:19]   [emp_id: 5296] ✓ Updated: 34.31 → 34.39 (CHANGED)
[2026-01-01 10:29:19]   [emp_id: 5297] ✓ Updated: 45.53 → 45.59 (CHANGED)
[2026-01-01 10:29:19]   [emp_id: 5298] ✓ Updated: 45.53 → 45.59 (CHANGED)
[2026-01-01 10:29:19]   [emp_id: 5299] ✓ Updated: 45.53 → 45.59 (CHANGED)
[2026-01-01 10:29:19]   [emp_id: 5300] ✓ Updated: 45.53 → 45.59 (CHANGED)
[2026-01-01 10:29:19]   [emp_id: 5301] ✓ Updated: 3.35 → 3.41 (CHANGED)
[2026-01-01 10:29:19]   [emp_id: 5303] ✓ Updated: 3.78 → 3.84 (CHANGED)
[2026-01-01 10:29:19]   [emp_id: 5304] ✓ Updated: 45.53 → 45.59 (CHANGED)
[2026-01-01 10:29:19]   [emp_id: 5305] ✓ Updated: 3.53 → 3.59 (CHANGED)
[2026-01-01 10:29:19]   [emp_id: 5306] ✓ Updated: 45.24 → 45.3 (CHANGED)
[2026-01-01 10:29:19]   [emp_id: 5307] ✓ Updated: 45.24 → 45.3 (CHANGED)
[2026-01-01 10:29:19]   [emp_id: 5312] ✓ Updated: 0.85 → 0.91 (CHANGED)
[2026-01-01 10:29:19]   [emp_id: 5318] ✓ Updated: 25.95 → 26.01 (CHANGED)
[2026-01-01 10:29:19]   [emp_id: 5325] ✓ Updated: 21.91 → 21.97 (CHANGED)
[2026-01-01 10:29:19]   [emp_id: 5327] ✓ Updated: 1 → 1.06 (CHANGED)
[2026-01-01 10:29:19]   [emp_id: 5337] ✓ Updated: 35.2 → 35.28 (CHANGED)
[2026-01-01 10:29:19]   [emp_id: 5339] ✓ Updated: 10.1 → 10.16 (CHANGED)
[2026-01-01 10:29:19]   [emp_id: 5343] ✓ Updated: 45.12 → 45.2 (CHANGED)
[2026-01-01 10:29:19]   [emp_id: 5343] ✓ Updated: 45.12 → 45.2 (CHANGED)
[2026-01-01 10:29:19]   [emp_id: 5345] ✓ Updated: 14.95 → 15.03 (CHANGED)
[2026-01-01 10:29:19]   [emp_id: 5346] ✓ Updated: 1.82 → 1.88 (CHANGED)
[2026-01-01 10:29:19]   [emp_id: 5351] ✓ Updated: 16.76 → 16.82 (CHANGED)
[2026-01-01 10:29:19]   [emp_id: 5352] ✓ Updated: 25.37 → 25.45 (CHANGED)
[2026-01-01 10:29:19]   [emp_id: 5370] ✓ Updated: 15.41 → 15.47 (CHANGED)
[2026-01-01 10:29:19]   [emp_id: 5371] ✓ Updated: 1.28 → 1.36 (CHANGED)
[2026-01-01 10:29:19]   [emp_id: 5376] ✓ Updated: 10.01 → 10.07 (CHANGED)
[2026-01-01 10:29:19]   [emp_id: 5378] ✓ Updated: 17.2 → 17.28 (CHANGED)
[2026-01-01 10:29:19]   [emp_id: 5380] ✓ Updated: 16.42 → 16.48 (CHANGED)
[2026-01-01 10:29:19]   [emp_id: 5381] ✓ Updated: 11.64 → 11.72 (CHANGED)
[2026-01-01 10:29:19]   [emp_id: 5383] ✓ Updated: 15.95 → 16.03 (CHANGED)
[2026-01-01 10:29:19]   [emp_id: 5388] ✓ Updated: 27.2 → 27.26 (CHANGED)
[2026-01-01 10:29:19]   [emp_id: 5396] ✓ Updated: 28.44 → 28.5 (CHANGED)
[2026-01-01 10:29:19]   [emp_id: 5397] ✓ Updated: 19.9 → 19.96 (CHANGED)
[2026-01-01 10:29:19]   [emp_id: 5401] ✓ Updated: 23.01 → 23.07 (CHANGED)
[2026-01-01 10:29:19]   [emp_id: 5402] ✓ Updated: 23.13 → 23.19 (CHANGED)
[2026-01-01 10:29:19]   [emp_id: 5406] ✓ Updated: 21.85 → 21.91 (CHANGED)
[2026-01-01 10:29:19]   [emp_id: 5407] ✓ Updated: 15.72 → 15.8 (CHANGED)
[2026-01-01 10:29:19]   [emp_id: 5409] ✓ Updated: 16.19 → 16.25 (CHANGED)
[2026-01-01 10:29:19]   [emp_id: 5413] ✓ Updated: 28.12 → 28.2 (CHANGED)
[2026-01-01 10:29:19]   [emp_id: 5414] ✓ Updated: 27.79 → 27.87 (CHANGED)
[2026-01-01 10:29:19]   [emp_id: 5415] ✓ Updated: 3.72 → 3.8 (CHANGED)
[2026-01-01 10:29:19]   [emp_id: 5418] ✓ Updated: 15.25 → 15.31 (CHANGED)
[2026-01-01 10:29:19]   [emp_id: 5422] ✓ Updated: 20.45 → 20.53 (CHANGED)
[2026-01-01 10:29:19]   [emp_id: 5423] ✓ Updated: 5.14 → 5.22 (CHANGED)
[2026-01-01 10:29:19]   [emp_id: 5425] ✓ Updated: 13.8 → 13.86 (CHANGED)
[2026-01-01 10:29:19]   [emp_id: 5426] ✓ Updated: 3.69 → 3.77 (CHANGED)
[2026-01-01 10:29:19]   [emp_id: 5426] ✓ Updated: 3.69 → 3.77 (CHANGED)
[2026-01-01 10:29:19]   [emp_id: 5427] ✓ Updated: 13.91 → 13.97 (CHANGED)
[2026-01-01 10:29:19]   [emp_id: 5428] ✓ Updated: 13.8 → 13.86 (CHANGED)
[2026-01-01 10:29:19]   [emp_id: 5430] ✓ Updated: 17.45 → 17.53 (CHANGED)
[2026-01-01 10:29:19]   [emp_id: 5431] ✓ Updated: 12.92 → 12.98 (CHANGED)
[2026-01-01 10:29:19]   [emp_id: 5434] ✓ Updated: 12.69 → 12.75 (CHANGED)
[2026-01-01 10:29:19]   [emp_id: 5435] ✓ Updated: 12.63 → 12.69 (CHANGED)
[2026-01-01 10:29:19]   [emp_id: 5436] ✓ Updated: 12.63 → 12.69 (CHANGED)
[2026-01-01 10:29:19]   [emp_id: 5438] ✓ Updated: 15.37 → 15.45 (CHANGED)
[2026-01-01 10:29:19]   [emp_id: 5439] ✓ Updated: 24.87 → 24.95 (CHANGED)
[2026-01-01 10:29:19]   [emp_id: 5442] ✓ Updated: 13.87 → 13.95 (CHANGED)
[2026-01-01 10:29:19]   [emp_id: 5445] ✓ Updated: 7.09 → 7.15 (CHANGED)
[2026-01-01 10:29:19]   [emp_id: 5446] ✓ Updated: 7.09 → 7.15 (CHANGED)
[2026-01-01 10:29:19]   [emp_id: 5447] ✓ Updated: 7.03 → 7.09 (CHANGED)
[2026-01-01 10:29:19]   [emp_id: 5448] ✓ Updated: 6.89 → 6.97 (CHANGED)
[2026-01-01 10:29:19]   [emp_id: 5449] ✓ Updated: 5.11 → 5.17 (CHANGED)
[2026-01-01 10:29:19]   [emp_id: 5450] ✓ Updated: 5.05 → 5.11 (CHANGED)
[2026-01-01 10:29:19]   [emp_id: 5451] ✓ Updated: 5.05 → 5.11 (CHANGED)
[2026-01-01 10:29:19]   [emp_id: 5454] ✓ Updated: 6.95 → 7.03 (CHANGED)
[2026-01-01 10:29:19]   [emp_id: 5455] ✓ Updated: 5.2 → 5.28 (CHANGED)
[2026-01-01 10:29:19]   [emp_id: 5456] ✓ Updated: 6.2 → 6.28 (CHANGED)
[2026-01-01 10:29:19] Report saved to: /home/almutlak/public_html/hr/cron_logs/last_vacation_update_report.json
[2026-01-01 10:30:58] ========== CRON: Vacation Balance Update Started ==========
[2026-01-01 10:31:01] ========== CRON: Vacation Balance Update Started ==========
[2026-01-01 10:43:17] ========== CRON: Vacation Balance Update Started ==========
[2026-01-01 10:43:21] ========== CRON: Vacation Balance Update Started ==========
[2026-01-01 10:43:21] FORCE RUN enabled: Bypassing once-per-day restriction
[2026-01-01 10:43:21] Database connection established
[2026-01-01 10:43:21] Found 427 active employees with balance records to update
[2026-01-01 10:43:21] (Only employees with status=1 will be processed)
[2026-01-01 10:43:21]   [emp_id: 1061] ✓ Updated: 0.16 → 0.24 (CHANGED)
[2026-01-01 10:43:21]   [emp_id: 1496] ✓ Updated: 16.29 → 16.37 (CHANGED)
[2026-01-01 10:43:21]   [emp_id: 1500] ✓ Updated: 3.97 → 4.05 (CHANGED)
[2026-01-01 10:43:21]   [emp_id: 1574] ✓ Updated: 33.2 → 33.28 (CHANGED)
[2026-01-01 10:43:21]   [emp_id: 1673] ✓ Updated: 44.7 → 44.78 (CHANGED)
[2026-01-01 10:43:21]   [emp_id: 1685] ✓ Updated: 14.62 → 14.7 (CHANGED)
[2026-01-01 10:43:21]   [emp_id: 1764] ✓ Updated: 69.29 → 69.37 (CHANGED)
[2026-01-01 10:43:21]   [emp_id: 1805] ✓ Updated: 63.62 → 63.7 (CHANGED)
[2026-01-01 10:43:21]   [emp_id: 1822] ✓ Updated: 68.37 → 68.45 (CHANGED)
[2026-01-01 10:43:21]   [emp_id: 1837] ✓ Updated: 24.54 → 24.62 (CHANGED)
[2026-01-01 10:43:21]   [emp_id: 1857] ✓ Updated: 19.87 → 19.95 (CHANGED)
[2026-01-01 10:43:21]   [emp_id: 1861] ✓ Updated: 70.7 → 70.78 (CHANGED)
[2026-01-01 10:43:21]   [emp_id: 1872] ✓ Updated: 9.54 → 9.62 (CHANGED)
[2026-01-01 10:43:21]   [emp_id: 1897] ✓ Updated: 4.87 → 4.95 (CHANGED)
[2026-01-01 10:43:21]   [emp_id: 1916] ✓ Updated: 11.17 → 11.25 (CHANGED)
[2026-01-01 10:43:21]   [emp_id: 1928] ✓ Updated: 64.12 → 64.2 (CHANGED)
[2026-01-01 10:43:21]   [emp_id: 1931] ✓ Updated: 84.04 → 84.12 (CHANGED)
[2026-01-01 10:43:21]   [emp_id: 1944] ✓ Updated: 42.2 → 42.28 (CHANGED)
[2026-01-01 10:43:21]   [emp_id: 1996] ✓ Updated: 70.7 → 70.78 (CHANGED)
[2026-01-01 10:43:21]   [emp_id: 1997] ✓ Updated: 35.87 → 35.95 (CHANGED)
[2026-01-01 10:43:21]   [emp_id: 1998] ✓ Updated: 27.31 → 27.39 (CHANGED)
[2026-01-01 10:43:21]   [emp_id: 1999] ✓ Updated: 28.31 → 28.39 (CHANGED)
[2026-01-01 10:43:21]   [emp_id: 2009] ✓ Updated: 34.62 → 34.7 (CHANGED)
[2026-01-01 10:43:21]   [emp_id: 2048] ✓ Updated: 24.45 → 24.53 (CHANGED)
[2026-01-01 10:43:21]   [emp_id: 2057] ✓ Updated: 65.29 → 65.37 (CHANGED)
[2026-01-01 10:43:21]   [emp_id: 2079] ✓ Updated: 47.62 → 47.7 (CHANGED)
[2026-01-01 10:43:21]   [emp_id: 2181] ✓ Updated: 36.62 → 36.7 (CHANGED)
[2026-01-01 10:43:21]   [emp_id: 2190] ✓ Updated: 5.95 → 6.03 (CHANGED)
[2026-01-01 10:43:21]   [emp_id: 2212] ✓ Updated: 23.95 → 24.03 (CHANGED)
[2026-01-01 10:43:21]   [emp_id: 2226] ✓ Updated: 68.7 → 68.78 (CHANGED)
[2026-01-01 10:43:21]   [emp_id: 2238] ✓ Updated: 66.95 → 67.03 (CHANGED)
[2026-01-01 10:43:21]   [emp_id: 2285] ✓ Updated: 35.62 → 35.7 (CHANGED)
[2026-01-01 10:43:21]   [emp_id: 2287] ✓ Updated: 47.29 → 47.37 (CHANGED)
[2026-01-01 10:43:21]   [emp_id: 2288] ✓ Updated: 2.31 → 2.39 (CHANGED)
[2026-01-01 10:43:21]   [emp_id: 2316] ✓ Updated: 16.12 → 16.2 (CHANGED)
[2026-01-01 10:43:21]   [emp_id: 2337] ✓ Updated: 37.2 → 37.28 (CHANGED)
[2026-01-01 10:43:21]   [emp_id: 2352] ✓ Updated: 68.7 → 68.78 (CHANGED)
[2026-01-01 10:43:21]   [emp_id: 2358] ✓ Updated: 5.2 → 5.28 (CHANGED)
[2026-01-01 10:43:21]   [emp_id: 2361] ✓ Updated: 70.87 → 70.95 (CHANGED)
[2026-01-01 10:43:21]   [emp_id: 2363] ✓ Updated: 73.45 → 73.53 (CHANGED)
[2026-01-01 10:43:21]   [emp_id: 2364] ✓ Updated: 72.87 → 72.95 (CHANGED)
[2026-01-01 10:43:21]   [emp_id: 2367] ✓ Updated: 100.54 → 100.62 (CHANGED)
[2026-01-01 10:43:21]   [emp_id: 2368] ✓ Updated: 30.95 → 31.03 (CHANGED)
[2026-01-01 10:43:21]   [emp_id: 2372] ✓ Updated: 68.2 → 68.28 (CHANGED)
[2026-01-01 10:43:21]   [emp_id: 2376] ✓ Updated: 118.2 → 118.28 (CHANGED)
[2026-01-01 10:43:21]   [emp_id: 2423] ✓ Updated: 18.95 → 19.03 (CHANGED)
[2026-01-01 10:43:21]   [emp_id: 2519] ✓ Updated: 172.62 → 172.7 (CHANGED)
[2026-01-01 10:43:21]   [emp_id: 2522] ✓ Updated: 56.2 → 56.28 (CHANGED)
[2026-01-01 10:43:21]   [emp_id: 2530] ✓ Updated: 51.45 → 51.53 (CHANGED)
[2026-01-01 10:43:21]   [emp_id: 2539] ✓ Updated: 48.2 → 48.28 (CHANGED)
[2026-01-01 10:43:21]   [emp_id: 2541] ✓ Updated: 28.79 → 28.87 (CHANGED)
[2026-01-01 10:43:21]   [emp_id: 2550] ✓ Updated: 94.95 → 95.03 (CHANGED)
[2026-01-01 10:43:21]   [emp_id: 2553] ✓ Updated: 32.06 → 32.14 (CHANGED)
[2026-01-01 10:43:21]   [emp_id: 2554] ✓ Updated: 38.54 → 38.62 (CHANGED)
[2026-01-01 10:43:21]   [emp_id: 2565] ✓ Updated: 93.12 → 93.2 (CHANGED)
[2026-01-01 10:43:21]   [emp_id: 2572] ✓ Updated: 43.12 → 43.2 (CHANGED)
[2026-01-01 10:43:21]   [emp_id: 2637] ✓ Updated: 63.7 → 63.78 (CHANGED)
[2026-01-01 10:43:21]   [emp_id: 2642] ✓ Updated: 76.45 → 76.53 (CHANGED)
[2026-01-01 10:43:21]   [emp_id: 2645] ✓ Updated: 92.45 → 92.53 (CHANGED)
[2026-01-01 10:43:21]   [emp_id: 2648] ✓ Updated: 44.12 → 44.2 (CHANGED)
[2026-01-01 10:43:21]   [emp_id: 2654] ✓ Updated: 86.79 → 86.87 (CHANGED)
[2026-01-01 10:43:21]   [emp_id: 2688] ✓ Updated: 24.87 → 24.95 (CHANGED)
[2026-01-01 10:43:21]   [emp_id: 2690] ✓ Updated: 13.62 → 13.7 (CHANGED)
[2026-01-01 10:43:21]   [emp_id: 2709] ✓ Updated: 35.87 → 35.95 (CHANGED)
[2026-01-01 10:43:22]   [emp_id: 2745] ✓ Updated: 32.45 → 32.53 (CHANGED)
[2026-01-01 10:43:22]   [emp_id: 2843] ✓ Updated: 79.04 → 79.12 (CHANGED)
[2026-01-01 10:43:22]   [emp_id: 2854] ✓ Updated: 58.95 → 59.03 (CHANGED)
[2026-01-01 10:43:22]   [emp_id: 2869] ✓ Updated: 63.87 → 63.95 (CHANGED)
[2026-01-01 10:43:22]   [emp_id: 2876] ✓ Updated: 33.7 → 33.78 (CHANGED)
[2026-01-01 10:43:22]   [emp_id: 2924] ✓ Updated: 14.87 → 14.95 (CHANGED)
[2026-01-01 10:43:22]   [emp_id: 2953] ✓ Updated: 100.62 → 100.7 (CHANGED)
[2026-01-01 10:43:22]   [emp_id: 2961] ✓ Updated: 10.62 → 10.7 (CHANGED)
[2026-01-01 10:43:22]   [emp_id: 2975] ✓ Updated: 3.72 → 3.8 (CHANGED)
[2026-01-01 10:43:22]   [emp_id: 3013] ✓ Updated: 9.62 → 9.7 (CHANGED)
[2026-01-01 10:43:22]   [emp_id: 3014] ✓ Updated: 88.87 → 88.95 (CHANGED)
[2026-01-01 10:43:22]   [emp_id: 3015] ✓ Updated: 40.12 → 40.2 (CHANGED)
[2026-01-01 10:43:22]   [emp_id: 3018] ✓ Updated: 58.87 → 58.95 (CHANGED)
[2026-01-01 10:43:22]   [emp_id: 3025] ✓ Updated: 22.64 → 22.72 (CHANGED)
[2026-01-01 10:43:22]   [emp_id: 3037] ✓ Updated: 82.37 → 82.45 (CHANGED)
[2026-01-01 10:43:22]   [emp_id: 3047] ✓ Updated: 70.62 → 70.7 (CHANGED)
[2026-01-01 10:43:22]   [emp_id: 3061] ✓ Updated: 17.54 → 17.62 (CHANGED)
[2026-01-01 10:43:22]   [emp_id: 3062] ✓ Updated: 50.7 → 50.78 (CHANGED)
[2026-01-01 10:43:22]   [emp_id: 3074] ✓ Updated: 107.12 → 107.2 (CHANGED)
[2026-01-01 10:43:22]   [emp_id: 3089] ✓ Updated: 6.04 → 6.12 (CHANGED)
[2026-01-01 10:43:22]   [emp_id: 3090] ✓ Updated: 32.62 → 32.7 (CHANGED)
[2026-01-01 10:43:22]   [emp_id: 3091] ✓ Updated: 44.62 → 44.7 (CHANGED)
[2026-01-01 10:43:22]   [emp_id: 3092] ✓ Updated: 27.29 → 27.37 (CHANGED)
[2026-01-01 10:43:22]   [emp_id: 3105] ✓ Updated: 47.62 → 47.7 (CHANGED)
[2026-01-01 10:43:22]   [emp_id: 3134] ✓ Updated: 43.37 → 43.45 (CHANGED)
[2026-01-01 10:43:22]   [emp_id: 3140] ✓ Updated: 40.45 → 40.53 (CHANGED)
[2026-01-01 10:43:22]   [emp_id: 3144] ✓ Updated: 13.29 → 13.37 (CHANGED)
[2026-01-01 10:43:22]   [emp_id: 3156] ✓ Updated: 16.62 → 16.7 (CHANGED)
[2026-01-01 10:43:22]   [emp_id: 3162] ✓ Updated: 1.6 → 1.68 (CHANGED)
[2026-01-01 10:43:22]   [emp_id: 3163] ✓ Updated: 4.87 → 4.95 (CHANGED)
[2026-01-01 10:43:22]   [emp_id: 3198] ✓ Updated: 39.87 → 39.95 (CHANGED)
[2026-01-01 10:43:22]   [emp_id: 3205] ✓ Updated: 16.54 → 16.62 (CHANGED)
[2026-01-01 10:43:22]   [emp_id: 3209] ✓ Updated: 40.7 → 40.78 (CHANGED)
[2026-01-01 10:43:22]   [emp_id: 3223] ✓ Updated: 89.62 → 89.7 (CHANGED)
[2026-01-01 10:43:22]   [emp_id: 3224] ✓ Updated: 64.37 → 64.45 (CHANGED)
[2026-01-01 10:43:22]   [emp_id: 3230] ✓ Updated: 87.79 → 87.87 (CHANGED)
[2026-01-01 10:43:22]   [emp_id: 3231] ✓ Updated: 0.16 → 0.24 (CHANGED)
[2026-01-01 10:43:22]   [emp_id: 3233] ✓ Updated: 80.62 → 80.7 (CHANGED)
[2026-01-01 10:43:22]   [emp_id: 3249] ✓ Updated: 36.45 → 36.53 (CHANGED)
[2026-01-01 10:43:22]   [emp_id: 3250] ✓ Updated: 9.45 → 9.53 (CHANGED)
[2026-01-01 10:43:22]   [emp_id: 3252] ✓ Updated: 10.37 → 10.45 (CHANGED)
[2026-01-01 10:43:22]   [emp_id: 3254] ✓ Updated: 20.87 → 20.95 (CHANGED)
[2026-01-01 10:43:22]   [emp_id: 3255] ✓ Updated: 17.29 → 17.37 (CHANGED)
[2026-01-01 10:43:22]   [emp_id: 3256] ✓ Updated: 13.54 → 13.62 (CHANGED)
[2026-01-01 10:43:22]   [emp_id: 3263] ✓ Updated: 29.62 → 29.7 (CHANGED)
[2026-01-01 10:43:22]   [emp_id: 3265] ✓ Updated: 25.2 → 25.28 (CHANGED)
[2026-01-01 10:43:22]   [emp_id: 3280] ✓ Updated: 72.12 → 72.2 (CHANGED)
[2026-01-01 10:43:22]   [emp_id: 3286] ✓ Updated: 15.29 → 15.37 (CHANGED)
[2026-01-01 10:43:22]   [emp_id: 3294] ✓ Updated: 14.95 → 15.03 (CHANGED)
[2026-01-01 10:43:22]   [emp_id: 3321] ✓ Updated: 72.12 → 72.2 (CHANGED)
[2026-01-01 10:43:22]   [emp_id: 3325] ✓ Updated: 59.87 → 59.95 (CHANGED)
[2026-01-01 10:43:22]   [emp_id: 3329] ✓ Updated: 62.2 → 62.28 (CHANGED)
[2026-01-01 10:43:22]   [emp_id: 3330] ✓ Updated: 62.2 → 62.28 (CHANGED)
[2026-01-01 10:43:22]   [emp_id: 3332] ✓ Updated: 62.2 → 62.28 (CHANGED)
[2026-01-01 10:43:22]   [emp_id: 3370] ✓ Updated: 53.87 → 53.95 (CHANGED)
[2026-01-01 10:43:22]   [emp_id: 3384] ✓ Updated: 14.37 → 14.45 (CHANGED)
[2026-01-01 10:43:22]   [emp_id: 3386] ✓ Updated: 44.37 → 44.45 (CHANGED)
[2026-01-01 10:43:22]   [emp_id: 3431] ✓ Updated: 18.79 → 18.87 (CHANGED)
[2026-01-01 10:43:22]   [emp_id: 3497] ✓ Updated: 8.95 → 9.03 (CHANGED)
[2026-01-01 10:43:22]   [emp_id: 3532] ✓ Updated: 45.79 → 45.87 (CHANGED)
[2026-01-01 10:43:22]   [emp_id: 3586] ✓ Updated: 9.87 → 9.95 (CHANGED)
[2026-01-01 10:43:22]   [emp_id: 3602] ✓ Updated: 1.36 → 1.44 (CHANGED)
[2026-01-01 10:43:22]   [emp_id: 3618] ✓ Updated: 23.34 → 23.42 (CHANGED)
[2026-01-01 10:43:22]   [emp_id: 3622] ✓ Updated: 34.35 → 34.41 (CHANGED)
[2026-01-01 10:43:22]   [emp_id: 3627] ✓ Updated: 9.29 → 9.37 (CHANGED)
[2026-01-01 10:43:22]   [emp_id: 3665] ✓ Updated: 50.87 → 50.95 (CHANGED)
[2026-01-01 10:43:22]   [emp_id: 3705] ✓ Updated: 27.68 → 27.74 (CHANGED)
[2026-01-01 10:43:22]   [emp_id: 3724] ✓ Updated: 43.87 → 43.95 (CHANGED)
[2026-01-01 10:43:22]   [emp_id: 3726] ✓ Updated: 60.29 → 60.37 (CHANGED)
[2026-01-01 10:43:22]   [emp_id: 3727] ✓ Updated: 65.37 → 65.45 (CHANGED)
[2026-01-01 10:43:22]   [emp_id: 3728] ✓ Updated: 9.7 → 9.78 (CHANGED)
[2026-01-01 10:43:22]   [emp_id: 3767] ✓ Updated: 60.45 → 60.53 (CHANGED)
[2026-01-01 10:43:22]   [emp_id: 3768] ✓ Updated: 56.7 → 56.78 (CHANGED)
[2026-01-01 10:43:22]   [emp_id: 3787] ✓ Updated: 57.29 → 57.37 (CHANGED)
[2026-01-01 10:43:22]   [emp_id: 3790] ✓ Updated: 1.84 → 1.92 (CHANGED)
[2026-01-01 10:43:22]   [emp_id: 3795] ✓ Updated: 14.79 → 14.87 (CHANGED)
[2026-01-01 10:43:22]   [emp_id: 3798] ✓ Updated: 93.2 → 93.28 (CHANGED)
[2026-01-01 10:43:22]   [emp_id: 3801] ✓ Updated: 1.47 → 1.55 (CHANGED)
[2026-01-01 10:43:22]   [emp_id: 3802] ✓ Updated: 30.45 → 30.53 (CHANGED)
[2026-01-01 10:43:22]   [emp_id: 3803] ✓ Updated: 114.87 → 114.95 (CHANGED)
[2026-01-01 10:43:22]   [emp_id: 3810] ✓ Updated: 60.87 → 60.95 (CHANGED)
[2026-01-01 10:43:22]   [emp_id: 3812] ✓ Updated: 89.87 → 89.95 (CHANGED)
[2026-01-01 10:43:22]   [emp_id: 3815] ✓ Updated: 89.87 → 89.95 (CHANGED)
[2026-01-01 10:43:22]   [emp_id: 3836] ✓ Updated: 57.54 → 57.62 (CHANGED)
[2026-01-01 10:43:22]   [emp_id: 3855] ✓ Updated: 50.7 → 50.78 (CHANGED)
[2026-01-01 10:43:22]   [emp_id: 3857] ✓ Updated: 54.37 → 54.45 (CHANGED)
[2026-01-01 10:43:22]   [emp_id: 3862] ✓ Updated: 102.45 → 102.53 (CHANGED)
[2026-01-01 10:43:22]   [emp_id: 3866] ✓ Updated: 27.7 → 27.78 (CHANGED)
[2026-01-01 10:43:22]   [emp_id: 3876] ✓ Updated: 47.87 → 47.95 (CHANGED)
[2026-01-01 10:43:22]   [emp_id: 3877] ✓ Updated: 49.37 → 49.45 (CHANGED)
[2026-01-01 10:43:22]   [emp_id: 3897] ✓ Updated: 37.62 → 37.7 (CHANGED)
[2026-01-01 10:43:22]   [emp_id: 3899] ✓ Updated: 0.8 → 0.88 (CHANGED)
[2026-01-01 10:43:22]   [emp_id: 3928] ✓ Updated: 13.7 → 13.78 (CHANGED)
[2026-01-01 10:43:22]   [emp_id: 3929] ✓ Updated: 8.7 → 8.78 (CHANGED)
[2026-01-01 10:43:22]   [emp_id: 3935] ✓ Updated: 93.7 → 93.78 (CHANGED)
[2026-01-01 10:43:22]   [emp_id: 3952] ✓ Updated: 76.04 → 76.12 (CHANGED)
[2026-01-01 10:43:22]   [emp_id: 3987] ✓ Updated: 13.95 → 14.03 (CHANGED)
[2026-01-01 10:43:22]   [emp_id: 4059] ✓ Updated: 3.15 → 3.23 (CHANGED)
[2026-01-01 10:43:22]   [emp_id: 4119] ✓ Updated: 56.62 → 56.7 (CHANGED)
[2026-01-01 10:43:22]   [emp_id: 4120] ✓ Updated: 26.2 → 26.28 (CHANGED)
[2026-01-01 10:43:22]   [emp_id: 4124] ✓ Updated: 26.72 → 26.8 (CHANGED)
[2026-01-01 10:43:22]   [emp_id: 4133] ✓ Updated: 105.2 → 105.28 (CHANGED)
[2026-01-01 10:43:22]   [emp_id: 4134] ✓ Updated: 26.2 → 26.28 (CHANGED)
[2026-01-01 10:43:22]   [emp_id: 4136] ✓ Updated: 26.2 → 26.28 (CHANGED)
[2026-01-01 10:43:22]   [emp_id: 4150] ✓ Updated: 24.87 → 24.95 (CHANGED)
[2026-01-01 10:43:22]   [emp_id: 4157] ✓ Updated: 18.37 → 18.45 (CHANGED)
[2026-01-01 10:43:22]   [emp_id: 4172] ✓ Updated: 12.26 → 12.32 (CHANGED)
[2026-01-01 10:43:22]   [emp_id: 4195] ✓ Updated: 61.95 → 62.03 (CHANGED)
[2026-01-01 10:43:22]   [emp_id: 4215] ✓ Updated: 44.62 → 44.7 (CHANGED)
[2026-01-01 10:43:22]   [emp_id: 4220] ✓ Updated: 40.2 → 40.28 (CHANGED)
[2026-01-01 10:43:22]   [emp_id: 4273] ✓ Updated: 8.87 → 8.95 (CHANGED)
[2026-01-01 10:43:22]   [emp_id: 4283] ✓ Updated: 13.35 → 13.41 (CHANGED)
[2026-01-01 10:43:22]   [emp_id: 4288] ✓ Updated: 1.12 → 1.2 (CHANGED)
[2026-01-01 10:43:22]   [emp_id: 4315] ✓ Updated: 12.12 → 12.2 (CHANGED)
[2026-01-01 10:43:22]   [emp_id: 4328] ✓ Updated: 42.18 → 42.24 (CHANGED)
[2026-01-01 10:43:22]   [emp_id: 4329] ✓ Updated: 5.29 → 5.37 (CHANGED)
[2026-01-01 10:43:22]   [emp_id: 4338] ✓ Updated: 46.87 → 46.95 (CHANGED)
[2026-01-01 10:43:22]   [emp_id: 4340] ✓ Updated: 125.87 → 125.95 (CHANGED)
[2026-01-01 10:43:22]   [emp_id: 4365] ✓ Updated: 60.29 → 60.37 (CHANGED)
[2026-01-01 10:43:22]   [emp_id: 4366] ✓ Updated: 59.37 → 59.45 (CHANGED)
[2026-01-01 10:43:22]   [emp_id: 4403] ✓ Updated: 85.2 → 85.28 (CHANGED)
[2026-01-01 10:43:22]   [emp_id: 4438] ✓ Updated: 20.87 → 20.95 (CHANGED)
[2026-01-01 10:43:22]   [emp_id: 4465] ✓ Updated: 12.51 → 12.57 (CHANGED)
[2026-01-01 10:43:22]   [emp_id: 4473] ✓ Updated: 44.45 → 44.53 (CHANGED)
[2026-01-01 10:43:22]   [emp_id: 4474] ✓ Updated: 0.1 → 0.16 (CHANGED)
[2026-01-01 10:43:22]   [emp_id: 4493] ✓ Updated: 163.29 → 163.37 (CHANGED)
[2026-01-01 10:43:22]   [emp_id: 4526] ✓ Updated: 35.54 → 35.62 (CHANGED)
[2026-01-01 10:43:22]   [emp_id: 4528] ✓ Updated: 107.29 → 107.37 (CHANGED)
[2026-01-01 10:43:22]   [emp_id: 4528] ✓ Updated: 107.29 → 107.37 (CHANGED)
[2026-01-01 10:43:22]   [emp_id: 4532] ✓ Updated: 7.63 → 7.69 (CHANGED)
[2026-01-01 10:43:22]   [emp_id: 4533] ✓ Updated: 35.7 → 35.78 (CHANGED)
[2026-01-01 10:43:22]   [emp_id: 4564] ✓ Updated: 25.26 → 25.32 (CHANGED)
[2026-01-01 10:43:22]   [emp_id: 4565] ✓ Updated: 15.01 → 15.07 (CHANGED)
[2026-01-01 10:43:22]   [emp_id: 4567] ✓ Updated: 19.26 → 19.32 (CHANGED)
[2026-01-01 10:43:22]   [emp_id: 4572] ✓ Updated: 58.76 → 58.82 (CHANGED)
[2026-01-01 10:43:22]   [emp_id: 4631] ✓ Updated: 15.01 → 15.07 (CHANGED)
[2026-01-01 10:43:22]   [emp_id: 4655] ✓ Updated: 24.62 → 24.7 (CHANGED)
[2026-01-01 10:43:22]   [emp_id: 4689] ✓ Updated: 2.39 → 2.47 (CHANGED)
[2026-01-01 10:43:22]   [emp_id: 4709] ✓ Updated: 39.87 → 39.95 (CHANGED)
[2026-01-01 10:43:22]   [emp_id: 4717] ✓ Updated: 65.87 → 65.95 (CHANGED)
[2026-01-01 10:43:22]   [emp_id: 4736] ✓ Updated: 27.7 → 27.78 (CHANGED)
[2026-01-01 10:43:22]   [emp_id: 4756] ✓ Updated: 11.45 → 11.51 (CHANGED)
[2026-01-01 10:43:22]   [emp_id: 4768] ✓ Updated: 12.37 → 12.45 (CHANGED)
[2026-01-01 10:43:22]   [emp_id: 4780] ✓ Updated: 65.18 → 65.24 (CHANGED)
[2026-01-01 10:43:22]   [emp_id: 4820] ✓ Updated: 98.7 → 98.78 (CHANGED)
[2026-01-01 10:43:22]   [emp_id: 4825] ✓ Updated: 30.45 → 30.53 (CHANGED)
[2026-01-01 10:43:23]   [emp_id: 4835] ✓ Updated: 47.93 → 47.99 (CHANGED)
[2026-01-01 10:43:23]   [emp_id: 4837] ✓ Updated: 45.17 → 45.23 (CHANGED)
[2026-01-01 10:43:23]   [emp_id: 4838] ✓ Updated: 44.19 → 44.25 (CHANGED)
[2026-01-01 10:43:23]   [emp_id: 4840] ✓ Updated: 45.17 → 45.23 (CHANGED)
[2026-01-01 10:43:23]   [emp_id: 4842] ✓ Updated: 44.41 → 44.47 (CHANGED)
[2026-01-01 10:43:23]   [emp_id: 4843] ✓ Updated: 44.94 → 45 (CHANGED)
[2026-01-01 10:43:23]   [emp_id: 4853] ✓ Updated: 88.76 → 88.82 (CHANGED)
[2026-01-01 10:43:23]   [emp_id: 4856] ✓ Updated: 42.08 → 42.14 (CHANGED)
[2026-01-01 10:43:23]   [emp_id: 4857] ✓ Updated: 24.9 → 24.96 (CHANGED)
[2026-01-01 10:43:23]   [emp_id: 4858] ✓ Updated: 21.78 → 21.84 (CHANGED)
[2026-01-01 10:43:23]   [emp_id: 4859] ✓ Updated: 43.25 → 43.31 (CHANGED)
[2026-01-01 10:43:23]   [emp_id: 4860] ✓ Updated: 7.75 → 7.81 (CHANGED)
[2026-01-01 10:43:23]   [emp_id: 4861] ✓ Updated: 41.21 → 41.27 (CHANGED)
[2026-01-01 10:43:23]   [emp_id: 4869] ✓ Updated: 84.09 → 84.15 (CHANGED)
[2026-01-01 10:43:23]   [emp_id: 4894] ✓ Updated: 7.37 → 7.45 (CHANGED)
[2026-01-01 10:43:23]   [emp_id: 4897] ✓ Updated: 22.99 → 23.05 (CHANGED)
[2026-01-01 10:43:23]   [emp_id: 4899] ✓ Updated: 19.16 → 19.22 (CHANGED)
[2026-01-01 10:43:23]   [emp_id: 4902] ✓ Updated: 18.58 → 18.64 (CHANGED)
[2026-01-01 10:43:23]   [emp_id: 4903] ✓ Updated: 20.8 → 20.86 (CHANGED)
[2026-01-01 10:43:23]   [emp_id: 4905] ✓ Updated: 19.46 → 19.52 (CHANGED)
[2026-01-01 10:43:23]   [emp_id: 4907] ✓ Updated: 47.45 → 47.53 (CHANGED)
[2026-01-01 10:43:23]   [emp_id: 4917] ✓ Updated: 16.42 → 16.48 (CHANGED)
[2026-01-01 10:43:23]   [emp_id: 4918] ✓ Updated: 6.19 → 6.25 (CHANGED)
[2026-01-01 10:43:23]   [emp_id: 4919] ✓ Updated: 58.48 → 58.54 (CHANGED)
[2026-01-01 10:43:23]   [emp_id: 4920] ✓ Updated: 5.56 → 5.62 (CHANGED)
[2026-01-01 10:43:23]   [emp_id: 4921] ✓ Updated: 17.65 → 17.71 (CHANGED)
[2026-01-01 10:43:23]   [emp_id: 4927] ✓ Updated: 16.48 → 16.54 (CHANGED)
[2026-01-01 10:43:23]   [emp_id: 4929] ✓ Updated: 18 → 18.06 (CHANGED)
[2026-01-01 10:43:23]   [emp_id: 4930] ✓ Updated: 58.77 → 58.83 (CHANGED)
[2026-01-01 10:43:23]   [emp_id: 4932] ✓ Updated: 16.77 → 16.83 (CHANGED)
[2026-01-01 10:43:23]   [emp_id: 4933] ✓ Updated: 20.18 → 20.24 (CHANGED)
[2026-01-01 10:43:23]   [emp_id: 4949] ✓ Updated: 35.61 → 35.67 (CHANGED)
[2026-01-01 10:43:23]   [emp_id: 4956] ✓ Updated: 29.2 → 29.26 (CHANGED)
[2026-01-01 10:43:23]   [emp_id: 4957] ✓ Updated: 29.87 → 29.93 (CHANGED)
[2026-01-01 10:43:23]   [emp_id: 4962] ✓ Updated: 46.81 → 46.89 (CHANGED)
[2026-01-01 10:43:23]   [emp_id: 4969] ✓ Updated: 46.12 → 46.2 (CHANGED)
[2026-01-01 10:43:23]   [emp_id: 4976] ✓ Updated: 9.89 → 9.95 (CHANGED)
[2026-01-01 10:43:23]   [emp_id: 4984] ✓ Updated: 37.37 → 37.45 (CHANGED)
[2026-01-01 10:43:23]   [emp_id: 4995] ✓ Updated: 49.44 → 49.52 (CHANGED)
[2026-01-01 10:43:23]   [emp_id: 5004] ✓ Updated: 26.83 → 26.89 (CHANGED)
[2026-01-01 10:43:23]   [emp_id: 5006] ✓ Updated: 26.57 → 26.63 (CHANGED)
[2026-01-01 10:43:23]   [emp_id: 5011] ✓ Updated: 13.04 → 13.12 (CHANGED)
[2026-01-01 10:43:23]   [emp_id: 5013] ✓ Updated: 66.94 → 67 (CHANGED)
[2026-01-01 10:43:23]   [emp_id: 5018] ✓ Updated: 3.43 → 3.49 (CHANGED)
[2026-01-01 10:43:23]   [emp_id: 5021] ✓ Updated: 60.47 → 60.55 (CHANGED)
[2026-01-01 10:43:23]   [emp_id: 5024] ✓ Updated: 1.45 → 1.51 (CHANGED)
[2026-01-01 10:43:23]   [emp_id: 5030] ✓ Updated: 31.4 → 31.46 (CHANGED)
[2026-01-01 10:43:23]   [emp_id: 5033] ✓ Updated: 22.2 → 22.26 (CHANGED)
[2026-01-01 10:43:23]   [emp_id: 5043] ✓ Updated: 30.04 → 30.12 (CHANGED)
[2026-01-01 10:43:23]   [emp_id: 5045] ✓ Updated: 26.54 → 26.62 (CHANGED)
[2026-01-01 10:43:23]   [emp_id: 5046] ✓ Updated: 21.73 → 21.81 (CHANGED)
[2026-01-01 10:43:23]   [emp_id: 5049] ✓ Updated: 38.88 → 38.94 (CHANGED)
[2026-01-01 10:43:23]   [emp_id: 5052] ✓ Updated: 30.16 → 30.22 (CHANGED)
[2026-01-01 10:43:23]   [emp_id: 5055] ✓ Updated: 18.6 → 18.66 (CHANGED)
[2026-01-01 10:43:23]   [emp_id: 5058] ✓ Updated: 27.58 → 27.64 (CHANGED)
[2026-01-01 10:43:23]   [emp_id: 5062] ✓ Updated: 39.41 → 39.47 (CHANGED)
[2026-01-01 10:43:23]   [emp_id: 5064] ✓ Updated: 117.37 → 117.45 (CHANGED)
[2026-01-01 10:43:23]   [emp_id: 5065] ✓ Updated: 38.82 → 38.88 (CHANGED)
[2026-01-01 10:43:23]   [emp_id: 5071] ✓ Updated: 22.87 → 22.95 (CHANGED)
[2026-01-01 10:43:23]   [emp_id: 5073] ✓ Updated: 13.42 → 13.48 (CHANGED)
[2026-01-01 10:43:23]   [emp_id: 5079] ✓ Updated: 33.98 → 34.04 (CHANGED)
[2026-01-01 10:43:23]   [emp_id: 5080] ✓ Updated: 29.31 → 29.37 (CHANGED)
[2026-01-01 10:43:23]   [emp_id: 5081] ✓ Updated: 15.57 → 15.63 (CHANGED)
[2026-01-01 10:43:23]   [emp_id: 5087] ✓ Updated: 35.61 → 35.67 (CHANGED)
[2026-01-01 10:43:23]   [emp_id: 5091] ✓ Updated: 75.46 → 75.52 (CHANGED)
[2026-01-01 10:43:23]   [emp_id: 5093] ✓ Updated: 14.04 → 14.12 (CHANGED)
[2026-01-01 10:43:23]   [emp_id: 5095] ✓ Updated: 1 → 1.06 (CHANGED)
[2026-01-01 10:43:23]   [emp_id: 5101] ✓ Updated: 16.12 → 16.2 (CHANGED)
[2026-01-01 10:43:23]   [emp_id: 5107] ✓ Updated: 14.45 → 14.53 (CHANGED)
[2026-01-01 10:43:23]   [emp_id: 5109] ✓ Updated: 11.7 → 11.78 (CHANGED)
[2026-01-01 10:43:23]   [emp_id: 5119] ✓ Updated: 9.87 → 9.95 (CHANGED)
[2026-01-01 10:43:23]   [emp_id: 5122] ✓ Updated: 7.04 → 7.12 (CHANGED)
[2026-01-01 10:43:23]   [emp_id: 5126] ✓ Updated: 26.34 → 26.4 (CHANGED)
[2026-01-01 10:43:23]   [emp_id: 5127] ✓ Updated: 23.13 → 23.19 (CHANGED)
[2026-01-01 10:43:23]   [emp_id: 5128] ✓ Updated: 26.28 → 26.34 (CHANGED)
[2026-01-01 10:43:23]   [emp_id: 5138] ✓ Updated: 65.7 → 65.78 (CHANGED)
[2026-01-01 10:43:23]   [emp_id: 5138] ✓ Updated: 65.7 → 65.78 (CHANGED)
[2026-01-01 10:43:23]   [emp_id: 5141] ✓ Updated: 34.65 → 34.71 (CHANGED)
[2026-01-01 10:43:23]   [emp_id: 5142] ✓ Updated: 13.65 → 13.71 (CHANGED)
[2026-01-01 10:43:23]   [emp_id: 5146] ✓ Updated: 20.65 → 20.71 (CHANGED)
[2026-01-01 10:43:23]   [emp_id: 5147] ✓ Updated: 19.65 → 19.71 (CHANGED)
[2026-01-01 10:43:24]   [emp_id: 5148] ✓ Updated: 25 → 25.06 (CHANGED)
[2026-01-01 10:43:25]   [emp_id: 5149] ✓ Updated: 23.89 → 23.95 (CHANGED)
[2026-01-01 10:43:26]   [emp_id: 5150] ✓ Updated: 23.25 → 23.31 (CHANGED)
[2026-01-01 10:43:26]   [emp_id: 5151] ✓ Updated: 23.07 → 23.13 (CHANGED)
[2026-01-01 10:43:26]   [emp_id: 5152] ✓ Updated: 3.49 → 3.55 (CHANGED)
[2026-01-01 10:43:29]   [emp_id: 5157] ✓ Updated: 23.07 → 23.13 (CHANGED)
[2026-01-01 10:43:29]   [emp_id: 5160] ✓ Updated: 23.07 → 23.13 (CHANGED)
[2026-01-01 10:43:29]   [emp_id: 5163] ✓ Updated: 20.86 → 20.92 (CHANGED)
[2026-01-01 10:43:29]   [emp_id: 5165] ✓ Updated: 1.14 → 1.22 (CHANGED)
[2026-01-01 10:43:29]   [emp_id: 5167] ✓ Updated: 30.01 → 30.07 (CHANGED)
[2026-01-01 10:43:29]   [emp_id: 5168] ✓ Updated: 22.55 → 22.61 (CHANGED)
[2026-01-01 10:43:29]   [emp_id: 5173] ✓ Updated: 24.79 → 24.87 (CHANGED)
[2026-01-01 10:43:29]   [emp_id: 5174] ✓ Updated: 23.01 → 23.07 (CHANGED)
[2026-01-01 10:43:29]   [emp_id: 5181] ✓ Updated: 19.4 → 19.46 (CHANGED)
[2026-01-01 10:43:29]   [emp_id: 5186] ✓ Updated: 24.93 → 24.99 (CHANGED)
[2026-01-01 10:43:29]   [emp_id: 5187] ✓ Updated: 35.93 → 35.99 (CHANGED)
[2026-01-01 10:43:30]   [emp_id: 5204] ✓ Updated: 22.29 → 22.37 (CHANGED)
[2026-01-01 10:43:30]   [emp_id: 5205] ✓ Updated: 12.14 → 12.2 (CHANGED)
[2026-01-01 10:43:30]   [emp_id: 5209] ✓ Updated: 15.14 → 15.2 (CHANGED)
[2026-01-01 10:43:30]   [emp_id: 5213] ✓ Updated: 1.55 → 1.61 (CHANGED)
[2026-01-01 10:43:30]   [emp_id: 5214] ✓ Updated: 3.39 → 3.45 (CHANGED)
[2026-01-01 10:43:30]   [emp_id: 5215] ✓ Updated: 10.14 → 10.2 (CHANGED)
[2026-01-01 10:43:30]   [emp_id: 5217] ✓ Updated: 9.14 → 9.2 (CHANGED)
[2026-01-01 10:43:30]   [emp_id: 5219] ✓ Updated: 13.14 → 13.2 (CHANGED)
[2026-01-01 10:43:30]   [emp_id: 5221] ✓ Updated: 4.51 → 4.57 (CHANGED)
[2026-01-01 10:43:30]   [emp_id: 5224] ✓ Updated: 14.14 → 14.2 (CHANGED)
[2026-01-01 10:43:30]   [emp_id: 5225] ✓ Updated: 0.81 → 0.87 (CHANGED)
[2026-01-01 10:43:30]   [emp_id: 5228] ✓ Updated: 9.14 → 9.2 (CHANGED)
[2026-01-01 10:43:30]   [emp_id: 5229] ✓ Updated: 5.14 → 5.2 (CHANGED)
[2026-01-01 10:43:30]   [emp_id: 5230] ✓ Updated: 11.81 → 11.87 (CHANGED)
[2026-01-01 10:43:30]   [emp_id: 5231] ✓ Updated: 6.14 → 6.2 (CHANGED)
[2026-01-01 10:43:30]   [emp_id: 5232] ✓ Updated: 11.14 → 11.2 (CHANGED)
[2026-01-01 10:43:30]   [emp_id: 5233] ✓ Updated: 4.14 → 4.2 (CHANGED)
[2026-01-01 10:43:30]   [emp_id: 5234] ✓ Updated: 4.14 → 4.2 (CHANGED)
[2026-01-01 10:43:30]   [emp_id: 5235] ✓ Updated: 4.81 → 4.87 (CHANGED)
[2026-01-01 10:43:30]   [emp_id: 5237] ✓ Updated: 10.39 → 10.45 (CHANGED)
[2026-01-01 10:43:30]   [emp_id: 5239] ✓ Updated: 7.14 → 7.2 (CHANGED)
[2026-01-01 10:43:30]   [emp_id: 5241] ✓ Updated: 5.14 → 5.2 (CHANGED)
[2026-01-01 10:43:30]   [emp_id: 5242] ✓ Updated: 15.14 → 15.2 (CHANGED)
[2026-01-01 10:43:30]   [emp_id: 5243] ✓ Updated: 1.55 → 1.61 (CHANGED)
[2026-01-01 10:43:30]   [emp_id: 5244] ✓ Updated: 0.85 → 0.91 (CHANGED)
[2026-01-01 10:43:30]   [emp_id: 5246] ✓ Updated: 11.14 → 11.2 (CHANGED)
[2026-01-01 10:43:30]   [emp_id: 5253] ✓ Updated: 24.01 → 24.07 (CHANGED)
[2026-01-01 10:43:30]   [emp_id: 5254] ✓ Updated: 11.99 → 12.05 (CHANGED)
[2026-01-01 10:43:30]   [emp_id: 5257] ✓ Updated: 11.7 → 11.76 (CHANGED)
[2026-01-01 10:43:30]   [emp_id: 5259] ✓ Updated: 48.23 → 48.29 (CHANGED)
[2026-01-01 10:43:30]   [emp_id: 5261] ✓ Updated: 15.89 → 15.97 (CHANGED)
[2026-01-01 10:43:30]   [emp_id: 5264] ✓ Updated: 25.71 → 25.77 (CHANGED)
[2026-01-01 10:43:30]   [emp_id: 5266] ✓ Updated: 20.33 → 20.39 (CHANGED)
[2026-01-01 10:43:30]   [emp_id: 5268] ✓ Updated: 8.9 → 8.96 (CHANGED)
[2026-01-01 10:43:30]   [emp_id: 5271] ✓ Updated: 7.56 → 7.62 (CHANGED)
[2026-01-01 10:43:30]   [emp_id: 5272] ✓ Updated: 8.43 → 8.49 (CHANGED)
[2026-01-01 10:43:30]   [emp_id: 5273] ✓ Updated: 23.5 → 23.56 (CHANGED)
[2026-01-01 10:43:30]   [emp_id: 5275] ✓ Updated: 9.25 → 9.31 (CHANGED)
[2026-01-01 10:43:30]   [emp_id: 5276] ✓ Updated: 23.52 → 23.58 (CHANGED)
[2026-01-01 10:43:30]   [emp_id: 5278] ✓ Updated: 7.91 → 7.97 (CHANGED)
[2026-01-01 10:43:30]   [emp_id: 5280] ✓ Updated: 18.31 → 18.37 (CHANGED)
[2026-01-01 10:43:30]   [emp_id: 5282] ✓ Updated: 11.37 → 11.45 (CHANGED)
[2026-01-01 10:43:30]   [emp_id: 5285] ✓ Updated: 28.31 → 28.37 (CHANGED)
[2026-01-01 10:43:30]   [emp_id: 5286] ✓ Updated: 15.31 → 15.37 (CHANGED)
[2026-01-01 10:43:30]   [emp_id: 5287] ✓ Updated: 49.61 → 49.67 (CHANGED)
[2026-01-01 10:43:30]   [emp_id: 5288] ✓ Updated: 6.88 → 6.94 (CHANGED)
[2026-01-01 10:43:30]   [emp_id: 5289] ✓ Updated: 48.16 → 48.22 (CHANGED)
[2026-01-01 10:43:30]   [emp_id: 5290] ✓ Updated: 46.93 → 46.99 (CHANGED)
[2026-01-01 10:43:30]   [emp_id: 5291] ✓ Updated: 4.93 → 4.99 (CHANGED)
[2026-01-01 10:43:30]   [emp_id: 5292] ✓ Updated: 4.87 → 4.93 (CHANGED)
[2026-01-01 10:43:30]   [emp_id: 5293] ✓ Updated: 37.54 → 37.62 (CHANGED)
[2026-01-01 10:43:30]   [emp_id: 5294] ✓ Updated: 7.29 → 7.37 (CHANGED)
[2026-01-01 10:43:30]   [emp_id: 5295] ✓ Updated: 21.11 → 21.17 (CHANGED)
[2026-01-01 10:43:30]   [emp_id: 5296] ✓ Updated: 34.31 → 34.39 (CHANGED)
[2026-01-01 10:43:30]   [emp_id: 5297] ✓ Updated: 45.53 → 45.59 (CHANGED)
[2026-01-01 10:43:30]   [emp_id: 5298] ✓ Updated: 45.53 → 45.59 (CHANGED)
[2026-01-01 10:43:30]   [emp_id: 5299] ✓ Updated: 45.53 → 45.59 (CHANGED)
[2026-01-01 10:43:30]   [emp_id: 5300] ✓ Updated: 45.53 → 45.59 (CHANGED)
[2026-01-01 10:43:30]   [emp_id: 5301] ✓ Updated: 3.35 → 3.41 (CHANGED)
[2026-01-01 10:43:30]   [emp_id: 5303] ✓ Updated: 3.78 → 3.84 (CHANGED)
[2026-01-01 10:43:30]   [emp_id: 5304] ✓ Updated: 45.53 → 45.59 (CHANGED)
[2026-01-01 10:43:30]   [emp_id: 5305] ✓ Updated: 3.53 → 3.59 (CHANGED)
[2026-01-01 10:43:30]   [emp_id: 5306] ✓ Updated: 45.24 → 45.3 (CHANGED)
[2026-01-01 10:43:30]   [emp_id: 5307] ✓ Updated: 45.24 → 45.3 (CHANGED)
[2026-01-01 10:43:30]   [emp_id: 5312] ✓ Updated: 0.85 → 0.91 (CHANGED)
[2026-01-01 10:43:30]   [emp_id: 5318] ✓ Updated: 25.95 → 26.01 (CHANGED)
[2026-01-01 10:43:30]   [emp_id: 5325] ✓ Updated: 21.91 → 21.97 (CHANGED)
[2026-01-01 10:43:30]   [emp_id: 5327] ✓ Updated: 1 → 1.06 (CHANGED)
[2026-01-01 10:43:30]   [emp_id: 5337] ✓ Updated: 35.2 → 35.28 (CHANGED)
[2026-01-01 10:43:30]   [emp_id: 5339] ✓ Updated: 10.1 → 10.16 (CHANGED)
[2026-01-01 10:43:30]   [emp_id: 5343] ✓ Updated: 45.12 → 45.2 (CHANGED)
[2026-01-01 10:43:30]   [emp_id: 5343] ✓ Updated: 45.12 → 45.2 (CHANGED)
[2026-01-01 10:43:30]   [emp_id: 5345] ✓ Updated: 14.95 → 15.03 (CHANGED)
[2026-01-01 10:43:30]   [emp_id: 5346] ✓ Updated: 1.82 → 1.88 (CHANGED)
[2026-01-01 10:43:30]   [emp_id: 5351] ✓ Updated: 16.76 → 16.82 (CHANGED)
[2026-01-01 10:43:30]   [emp_id: 5352] ✓ Updated: 25.37 → 25.45 (CHANGED)
[2026-01-01 10:43:30]   [emp_id: 5370] ✓ Updated: 15.41 → 15.47 (CHANGED)
[2026-01-01 10:43:30]   [emp_id: 5371] ✓ Updated: 1.28 → 1.36 (CHANGED)
[2026-01-01 10:43:30]   [emp_id: 5376] ✓ Updated: 10.01 → 10.07 (CHANGED)
[2026-01-01 10:43:30]   [emp_id: 5378] ✓ Updated: 17.2 → 17.28 (CHANGED)
[2026-01-01 10:43:30]   [emp_id: 5380] ✓ Updated: 16.42 → 16.48 (CHANGED)
[2026-01-01 10:43:30]   [emp_id: 5381] ✓ Updated: 11.64 → 11.72 (CHANGED)
[2026-01-01 10:43:30]   [emp_id: 5383] ✓ Updated: 15.95 → 16.03 (CHANGED)
[2026-01-01 10:43:30]   [emp_id: 5388] ✓ Updated: 27.2 → 27.26 (CHANGED)
[2026-01-01 10:43:30]   [emp_id: 5396] ✓ Updated: 28.44 → 28.5 (CHANGED)
[2026-01-01 10:43:30]   [emp_id: 5397] ✓ Updated: 19.9 → 19.96 (CHANGED)
[2026-01-01 10:43:30]   [emp_id: 5401] ✓ Updated: 23.01 → 23.07 (CHANGED)
[2026-01-01 10:43:30]   [emp_id: 5402] ✓ Updated: 23.13 → 23.19 (CHANGED)
[2026-01-01 10:43:30]   [emp_id: 5406] ✓ Updated: 21.85 → 21.91 (CHANGED)
[2026-01-01 10:43:30]   [emp_id: 5407] ✓ Updated: 15.72 → 15.8 (CHANGED)
[2026-01-01 10:43:30]   [emp_id: 5409] ✓ Updated: 16.19 → 16.25 (CHANGED)
[2026-01-01 10:43:30]   [emp_id: 5413] ✓ Updated: 28.12 → 28.2 (CHANGED)
[2026-01-01 10:43:30]   [emp_id: 5414] ✓ Updated: 27.79 → 27.87 (CHANGED)
[2026-01-01 10:43:30]   [emp_id: 5415] ✓ Updated: 3.72 → 3.8 (CHANGED)
[2026-01-01 10:43:30]   [emp_id: 5418] ✓ Updated: 15.25 → 15.31 (CHANGED)
[2026-01-01 10:43:30]   [emp_id: 5422] ✓ Updated: 20.45 → 20.53 (CHANGED)
[2026-01-01 10:43:30]   [emp_id: 5423] ✓ Updated: 5.14 → 5.22 (CHANGED)
[2026-01-01 10:43:30]   [emp_id: 5425] ✓ Updated: 13.8 → 13.86 (CHANGED)
[2026-01-01 10:43:30]   [emp_id: 5426] ✓ Updated: 3.69 → 3.77 (CHANGED)
[2026-01-01 10:43:30]   [emp_id: 5426] ✓ Updated: 3.69 → 3.77 (CHANGED)
[2026-01-01 10:43:30]   [emp_id: 5427] ✓ Updated: 13.91 → 13.97 (CHANGED)
[2026-01-01 10:43:30]   [emp_id: 5428] ✓ Updated: 13.8 → 13.86 (CHANGED)
[2026-01-01 10:43:30]   [emp_id: 5430] ✓ Updated: 17.45 → 17.53 (CHANGED)
[2026-01-01 10:43:30]   [emp_id: 5431] ✓ Updated: 12.92 → 12.98 (CHANGED)
[2026-01-01 10:43:30]   [emp_id: 5434] ✓ Updated: 12.69 → 12.75 (CHANGED)
[2026-01-01 10:43:30]   [emp_id: 5435] ✓ Updated: 12.63 → 12.69 (CHANGED)
[2026-01-01 10:43:30]   [emp_id: 5436] ✓ Updated: 12.63 → 12.69 (CHANGED)
[2026-01-01 10:43:30]   [emp_id: 5438] ✓ Updated: 15.37 → 15.45 (CHANGED)
[2026-01-01 10:43:30]   [emp_id: 5439] ✓ Updated: 24.87 → 24.95 (CHANGED)
[2026-01-01 10:43:30]   [emp_id: 5442] ✓ Updated: 13.87 → 13.95 (CHANGED)
[2026-01-01 10:43:30]   [emp_id: 5445] ✓ Updated: 7.09 → 7.15 (CHANGED)
[2026-01-01 10:43:30]   [emp_id: 5446] ✓ Updated: 7.09 → 7.15 (CHANGED)
[2026-01-01 10:43:30]   [emp_id: 5447] ✓ Updated: 7.03 → 7.09 (CHANGED)
[2026-01-01 10:43:30]   [emp_id: 5448] ✓ Updated: 6.89 → 6.97 (CHANGED)
[2026-01-01 10:43:30]   [emp_id: 5449] ✓ Updated: 5.11 → 5.17 (CHANGED)
[2026-01-01 10:43:30]   [emp_id: 5450] ✓ Updated: 5.05 → 5.11 (CHANGED)
[2026-01-01 10:43:30]   [emp_id: 5451] ✓ Updated: 5.05 → 5.11 (CHANGED)
[2026-01-01 10:43:30]   [emp_id: 5454] ✓ Updated: 6.95 → 7.03 (CHANGED)
[2026-01-01 10:43:30]   [emp_id: 5455] ✓ Updated: 5.2 → 5.28 (CHANGED)
[2026-01-01 10:43:30]   [emp_id: 5456] ✓ Updated: 6.2 → 6.28 (CHANGED)
[2026-01-01 10:43:30] Report saved to: /home/almutlak/public_html/hr/cron_logs/last_vacation_update_report.json
[2026-01-01 10:43:46] ========== CRON: Vacation Balance Update Started ==========
[2026-01-01 11:42:35] ========== CRON: Vacation Balance Update Started ==========
