[2026-01-22 08:01:33] ========== CRON: Vacation Balance Update Started ==========
[2026-01-22 08:01:33] Database connection established
[2026-01-22 08:01:33] Found 433 active employees with balance records to update
[2026-01-22 08:01:33] (Only employees with status=1 will be processed)
[2026-01-22 08:01:33]   [emp_id: 1061] ✓ Updated: 1.12 → 1.2 (CHANGED)
[2026-01-22 08:01:33]   [emp_id: 1496] ✓ Updated: 17.97 → 18.05 (CHANGED)
[2026-01-22 08:01:33]   [emp_id: 1500] ✓ Updated: 5.65 → 5.73 (CHANGED)
[2026-01-22 08:01:33]   [emp_id: 1574] ✓ Updated: 34.88 → 34.96 (CHANGED)
[2026-01-22 08:01:33]   [emp_id: 1673] ✓ Updated: 46.38 → 46.46 (CHANGED)
[2026-01-22 08:01:33]   [emp_id: 1685] ✓ Updated: 16.3 → 16.38 (CHANGED)
[2026-01-22 08:01:33]   [emp_id: 1764] ✓ Updated: 70.97 → 71.05 (CHANGED)
[2026-01-22 08:01:33]   [emp_id: 1805] ✓ Updated: 65.3 → 65.38 (CHANGED)
[2026-01-22 08:01:33]   [emp_id: 1822] ✓ Updated: 70.05 → 70.13 (CHANGED)
[2026-01-22 08:01:33]   [emp_id: 1837] ✓ Updated: 26.22 → 26.3 (CHANGED)
[2026-01-22 08:01:33]   [emp_id: 1857] ✓ Updated: 21.55 → 21.63 (CHANGED)
[2026-01-22 08:01:33]   [emp_id: 1861] ✓ Updated: 72.38 → 72.46 (CHANGED)
[2026-01-22 08:01:33]   [emp_id: 1872] ✓ Updated: 11.22 → 11.3 (CHANGED)
[2026-01-22 08:01:33]   [emp_id: 1897] ✓ Updated: 6.55 → 6.63 (CHANGED)
[2026-01-22 08:01:33]   [emp_id: 1916] ✓ Updated: 12.85 → 12.93 (CHANGED)
[2026-01-22 08:01:33]   [emp_id: 1928] ✓ Updated: 65.8 → 65.88 (CHANGED)
[2026-01-22 08:01:33]   [emp_id: 1931] ✓ Updated: 85.72 → 85.8 (CHANGED)
[2026-01-22 08:01:33]   [emp_id: 1944] ✓ Updated: 43.88 → 43.96 (CHANGED)
[2026-01-22 08:01:33]   [emp_id: 1996] ✓ Updated: 72.38 → 72.46 (CHANGED)
[2026-01-22 08:01:33]   [emp_id: 1997] ✓ Updated: 37.55 → 37.63 (CHANGED)
[2026-01-22 08:01:33]   [emp_id: 1998] ✓ Updated: 28.99 → 29.07 (CHANGED)
[2026-01-22 08:01:33]   [emp_id: 1999] ✓ Updated: 29.99 → 30.07 (CHANGED)
[2026-01-22 08:01:33]   [emp_id: 2009] ✓ Updated: 36.3 → 36.38 (CHANGED)
[2026-01-22 08:01:33]   [emp_id: 2048] ✓ Updated: 26.13 → 26.21 (CHANGED)
[2026-01-22 08:01:33]   [emp_id: 2057] ✓ Updated: 66.97 → 67.05 (CHANGED)
[2026-01-22 08:01:33]   [emp_id: 2079] ✓ Updated: 49.3 → 49.38 (CHANGED)
[2026-01-22 08:01:33]   [emp_id: 2181] ✓ Updated: 38.3 → 38.38 (CHANGED)
[2026-01-22 08:01:33]   [emp_id: 2190] ✓ Updated: 7.63 → 7.71 (CHANGED)
[2026-01-22 08:01:33]   [emp_id: 2212] ✓ Updated: 25.63 → 25.71 (CHANGED)
[2026-01-22 08:01:33]   [emp_id: 2226] ✓ Updated: 70.38 → 70.46 (CHANGED)
[2026-01-22 08:01:33]   [emp_id: 2238] ✓ Updated: 68.63 → 68.71 (CHANGED)
[2026-01-22 08:01:33]   [emp_id: 2285] ✓ Updated: 37.3 → 37.38 (CHANGED)
[2026-01-22 08:01:33]   [emp_id: 2287] ✓ Updated: 48.97 → 49.05 (CHANGED)
[2026-01-22 08:01:33]   [emp_id: 2288] ✓ Updated: 3.99 → 4.07 (CHANGED)
[2026-01-22 08:01:34]   [emp_id: 2316] ✓ Updated: 17.8 → 17.88 (CHANGED)
[2026-01-22 08:01:34]   [emp_id: 2337] ✓ Updated: 38.88 → 38.96 (CHANGED)
[2026-01-22 08:01:34]   [emp_id: 2352] ✓ Updated: 70.38 → 70.46 (CHANGED)
[2026-01-22 08:01:34]   [emp_id: 2358] ✓ Updated: 6.88 → 6.96 (CHANGED)
[2026-01-22 08:01:34]   [emp_id: 2361] ✓ Updated: 72.55 → 72.63 (CHANGED)
[2026-01-22 08:01:34]   [emp_id: 2363] ✓ Updated: 75.13 → 75.21 (CHANGED)
[2026-01-22 08:01:34]   [emp_id: 2364] ✓ Updated: 74.55 → 74.63 (CHANGED)
[2026-01-22 08:01:34]   [emp_id: 2367] ✓ Updated: 102.22 → 102.3 (CHANGED)
[2026-01-22 08:01:34]   [emp_id: 2368] ✓ Updated: 32.63 → 32.71 (CHANGED)
[2026-01-22 08:01:34]   [emp_id: 2372] ✓ Updated: 69.88 → 69.96 (CHANGED)
[2026-01-22 08:01:34]   [emp_id: 2376] ✓ Updated: 119.88 → 119.96 (CHANGED)
[2026-01-22 08:01:34]   [emp_id: 2423] ✓ Updated: 20.63 → 20.71 (CHANGED)
[2026-01-22 08:01:34]   [emp_id: 2519] ✓ Updated: 114.3 → 114.38 (CHANGED)
[2026-01-22 08:01:34]   [emp_id: 2522] ✓ Updated: 57.88 → 57.96 (CHANGED)
[2026-01-22 08:01:34]   [emp_id: 2530] ✓ Updated: 53.13 → 53.21 (CHANGED)
[2026-01-22 08:01:34]   [emp_id: 2539] ✓ Updated: 49.88 → 49.96 (CHANGED)
[2026-01-22 08:01:34]   [emp_id: 2541] ✓ Updated: 30.47 → 30.55 (CHANGED)
[2026-01-22 08:01:34]   [emp_id: 2550] ✓ Updated: 96.63 → 96.71 (CHANGED)
[2026-01-22 08:01:34]   [emp_id: 2553] ✓ Updated: 33.74 → 33.82 (CHANGED)
[2026-01-22 08:01:34]   [emp_id: 2554] ✓ Updated: 40.22 → 40.3 (CHANGED)
[2026-01-22 08:01:34]   [emp_id: 2565] ✓ Updated: 94.8 → 94.88 (CHANGED)
[2026-01-22 08:01:34]   [emp_id: 2572] ✓ Updated: 44.8 → 44.88 (CHANGED)
[2026-01-22 08:01:34]   [emp_id: 2637] ✓ Updated: 65.38 → 65.46 (CHANGED)
[2026-01-22 08:01:34]   [emp_id: 2642] ✓ Updated: 78.13 → 78.21 (CHANGED)
[2026-01-22 08:01:34]   [emp_id: 2645] ✓ Updated: 94.13 → 94.21 (CHANGED)
[2026-01-22 08:01:34]   [emp_id: 2648] ✓ Updated: 45.8 → 45.88 (CHANGED)
[2026-01-22 08:01:34]   [emp_id: 2654] ✓ Updated: 88.47 → 88.55 (CHANGED)
[2026-01-22 08:01:34]   [emp_id: 2688] ✓ Updated: 26.55 → 26.63 (CHANGED)
[2026-01-22 08:01:34]   [emp_id: 2690] ✓ Updated: 15.3 → 15.38 (CHANGED)
[2026-01-22 08:01:34]   [emp_id: 2709] ✓ Updated: 37.55 → 37.63 (CHANGED)
[2026-01-22 08:01:34]   [emp_id: 2745] ✓ Updated: 34.13 → 34.21 (CHANGED)
[2026-01-22 08:01:34]   [emp_id: 2843] ✓ Updated: 80.72 → 80.8 (CHANGED)
[2026-01-22 08:01:34]   [emp_id: 2854] ✓ Updated: 60.63 → 60.71 (CHANGED)
[2026-01-22 08:01:34]   [emp_id: 2869] ✓ Updated: 4.55 → 4.63 (CHANGED)
[2026-01-22 08:01:34]   [emp_id: 2876] ✓ Updated: 35.38 → 35.46 (CHANGED)
[2026-01-22 08:01:34]   [emp_id: 2924] ✓ Updated: 16.55 → 16.63 (CHANGED)
[2026-01-22 08:01:34]   [emp_id: 2953] ✓ Updated: 102.3 → 102.38 (CHANGED)
[2026-01-22 08:01:34]   [emp_id: 2961] ✓ Updated: 12.3 → 12.38 (CHANGED)
[2026-01-22 08:01:34]   [emp_id: 2975] ✓ Updated: 1.98 → 2.06 (CHANGED)
[2026-01-22 08:01:34]   [emp_id: 3013] ✓ Updated: 11.3 → 11.38 (CHANGED)
[2026-01-22 08:01:34]   [emp_id: 3014] ✓ Updated: 90.55 → 90.63 (CHANGED)
[2026-01-22 08:01:34]   [emp_id: 3015] ✓ Updated: 1.8 → 1.88 (CHANGED)
[2026-01-22 08:01:34]   [emp_id: 3018] ✓ Updated: 60.55 → 60.63 (CHANGED)
[2026-01-22 08:01:34]   [emp_id: 3025] ✓ Updated: 24.32 → 24.4 (CHANGED)
[2026-01-22 08:01:34]   [emp_id: 3037] ✓ Updated: 84.05 → 84.13 (CHANGED)
[2026-01-22 08:01:34]   [emp_id: 3047] ✓ Updated: 72.3 → 72.38 (CHANGED)
[2026-01-22 08:01:34]   [emp_id: 3061] ✓ Updated: 19.22 → 19.3 (CHANGED)
[2026-01-22 08:01:34]   [emp_id: 3062] ✓ Updated: 52.38 → 52.46 (CHANGED)
[2026-01-22 08:01:34]   [emp_id: 3074] ✓ Updated: 108.8 → 108.88 (CHANGED)
[2026-01-22 08:01:34]   [emp_id: 3089] ✓ Updated: 7.72 → 7.8 (CHANGED)
[2026-01-22 08:01:34]   [emp_id: 3090] ✓ Updated: 34.3 → 34.38 (CHANGED)
[2026-01-22 08:01:34]   [emp_id: 3091] ✓ Updated: 46.3 → 46.38 (CHANGED)
[2026-01-22 08:01:34]   [emp_id: 3092] ✓ Updated: 28.97 → 29.05 (CHANGED)
[2026-01-22 08:01:35]   [emp_id: 3105] ✓ Updated: 49.3 → 49.38 (CHANGED)
[2026-01-22 08:01:35]   [emp_id: 3134] ✓ Updated: 45.05 → 45.13 (CHANGED)
[2026-01-22 08:01:35]   [emp_id: 3140] ✓ Updated: 42.13 → 42.21 (CHANGED)
[2026-01-22 08:01:35]   [emp_id: 3144] ✓ Updated: 14.97 → 15.05 (CHANGED)
[2026-01-22 08:01:35]   [emp_id: 3156] ✓ Updated: 18.3 → 18.38 (CHANGED)
[2026-01-22 08:01:35]   [emp_id: 3162] ✓ Updated: 3.28 → 3.36 (CHANGED)
[2026-01-22 08:01:35]   [emp_id: 3163] ✓ Updated: 6.55 → 6.63 (CHANGED)
[2026-01-22 08:01:35]   [emp_id: 3198] ✓ Updated: 41.55 → 41.63 (CHANGED)
[2026-01-22 08:01:35]   [emp_id: 3205] ✓ Updated: 18.22 → 18.3 (CHANGED)
[2026-01-22 08:01:35]   [emp_id: 3209] ✓ Updated: 42.38 → 42.46 (CHANGED)
[2026-01-22 08:01:35]   [emp_id: 3223] ✓ Updated: 91.3 → 91.38 (CHANGED)
[2026-01-22 08:01:35]   [emp_id: 3224] ✓ Updated: 66.05 → 66.13 (CHANGED)
[2026-01-22 08:01:35]   [emp_id: 3230] ✓ Updated: 89.47 → 89.55 (CHANGED)
[2026-01-22 08:01:35]   [emp_id: 3231] ✓ Updated: 1.84 → 1.92 (CHANGED)
[2026-01-22 08:01:35]   [emp_id: 3233] ✓ Updated: 82.3 → 82.38 (CHANGED)
[2026-01-22 08:01:35]   [emp_id: 3249] ✓ Updated: 38.13 → 38.21 (CHANGED)
[2026-01-22 08:01:35]   [emp_id: 3250] ✓ Updated: 11.13 → 11.21 (CHANGED)
[2026-01-22 08:01:35]   [emp_id: 3252] ✓ Updated: 12.05 → 12.13 (CHANGED)
[2026-01-22 08:01:35]   [emp_id: 3254] ✓ Updated: 22.55 → 22.63 (CHANGED)
[2026-01-22 08:01:35]   [emp_id: 3255] ✓ Updated: 18.97 → 19.05 (CHANGED)
[2026-01-22 08:01:35]   [emp_id: 3256] ✓ Updated: 15.22 → 15.3 (CHANGED)
[2026-01-22 08:01:35]   [emp_id: 3263] ✓ Updated: 31.3 → 31.38 (CHANGED)
[2026-01-22 08:01:35]   [emp_id: 3265] ✓ Updated: 26.88 → 26.96 (CHANGED)
[2026-01-22 08:01:35]   [emp_id: 3280] ✓ Updated: 73.8 → 73.88 (CHANGED)
[2026-01-22 08:01:35]   [emp_id: 3286] ✓ Updated: 16.97 → 17.05 (CHANGED)
[2026-01-22 08:01:35]   [emp_id: 3294] ✓ Updated: 16.63 → 16.71 (CHANGED)
[2026-01-22 08:01:35]   [emp_id: 3321] ✓ Updated: 73.8 → 73.88 (CHANGED)
[2026-01-22 08:01:35]   [emp_id: 3325] ✓ Updated: 61.55 → 61.63 (CHANGED)
[2026-01-22 08:01:35]   [emp_id: 3329] ✓ Updated: 63.88 → 63.96 (CHANGED)
[2026-01-22 08:01:35]   [emp_id: 3330] ✓ Updated: 63.88 → 63.96 (CHANGED)
[2026-01-22 08:01:35]   [emp_id: 3332] ✓ Updated: 63.88 → 63.96 (CHANGED)
[2026-01-22 08:01:35]   [emp_id: 3370] ✓ Updated: 55.39 → 55.64 (CHANGED)
[2026-01-22 08:01:35]   [emp_id: 3384] ✓ Updated: 16.05 → 16.13 (CHANGED)
[2026-01-22 08:01:35]   [emp_id: 3386] ✓ Updated: 46.05 → 46.13 (CHANGED)
[2026-01-22 08:01:35]   [emp_id: 3431] ✓ Updated: 20.47 → 20.55 (CHANGED)
[2026-01-22 08:01:35]   [emp_id: 3497] ✓ Updated: 10.63 → 10.71 (CHANGED)
[2026-01-22 08:01:35]   [emp_id: 3532] ✓ Updated: 1.47 → 1.55 (CHANGED)
[2026-01-22 08:01:35]   [emp_id: 3602] ✓ Updated: 3.04 → 3.12 (CHANGED)
[2026-01-22 08:01:35]   [emp_id: 3618] ✓ Updated: 25.02 → 25.1 (CHANGED)
[2026-01-22 08:01:35]   [emp_id: 3622] ✓ Updated: 35.61 → 35.67 (CHANGED)
[2026-01-22 08:01:35]   [emp_id: 3627] ✓ Updated: 10.97 → 11.05 (CHANGED)
[2026-01-22 08:01:35]   [emp_id: 3665] ✓ Updated: 52.55 → 52.63 (CHANGED)
[2026-01-22 08:01:35]   [emp_id: 3705] ✓ Updated: 28.94 → 29 (CHANGED)
[2026-01-22 08:01:35]   [emp_id: 3724] ✓ Updated: 45.55 → 45.63 (CHANGED)
[2026-01-22 08:01:35]   [emp_id: 3726] ✓ Updated: 61.97 → 62.05 (CHANGED)
[2026-01-22 08:01:35]   [emp_id: 3727] ✓ Updated: 67.05 → 67.13 (CHANGED)
[2026-01-22 08:01:35]   [emp_id: 3728] ✓ Updated: 11.38 → 11.46 (CHANGED)
[2026-01-22 08:01:35]   [emp_id: 3767] ✓ Updated: 2.13 → 2.21 (CHANGED)
[2026-01-22 08:01:35]   [emp_id: 3768] ✓ Updated: 58.38 → 58.46 (CHANGED)
[2026-01-22 08:01:35]   [emp_id: 3787] ✓ Updated: 58.97 → 59.05 (CHANGED)
[2026-01-22 08:01:35]   [emp_id: 3790] ✓ Updated: 3.52 → 3.6 (CHANGED)
[2026-01-22 08:01:35]   [emp_id: 3795] ✓ Updated: 16.47 → 16.55 (CHANGED)
[2026-01-22 08:01:35]   [emp_id: 3798] ✓ Updated: 94.88 → 94.96 (CHANGED)
[2026-01-22 08:01:35]   [emp_id: 3801] ✓ Updated: 3.15 → 3.23 (CHANGED)
[2026-01-22 08:01:35]   [emp_id: 3802] ✓ Updated: 32.13 → 32.21 (CHANGED)
[2026-01-22 08:01:35]   [emp_id: 3803] ✓ Updated: 116.55 → 116.63 (CHANGED)
[2026-01-22 08:01:35]   [emp_id: 3810] ✓ Updated: 62.55 → 62.63 (CHANGED)
[2026-01-22 08:01:35]   [emp_id: 3812] ✓ Updated: 91.55 → 91.63 (CHANGED)
[2026-01-22 08:01:35]   [emp_id: 3815] ✓ Updated: 91.55 → 91.63 (CHANGED)
[2026-01-22 08:01:35]   [emp_id: 3836] ✓ Updated: 59.22 → 59.3 (CHANGED)
[2026-01-22 08:01:35]   [emp_id: 3855] ✓ Updated: 52.38 → 52.46 (CHANGED)
[2026-01-22 08:01:35]   [emp_id: 3857] ✓ Updated: 56.05 → 56.13 (CHANGED)
[2026-01-22 08:01:35]   [emp_id: 3862] ✓ Updated: 104.13 → 104.21 (CHANGED)
[2026-01-22 08:01:35]   [emp_id: 3866] ✓ Updated: 29.38 → 29.46 (CHANGED)
[2026-01-22 08:01:35]   [emp_id: 3876] ✓ Updated: 25.55 → 25.63 (CHANGED)
[2026-01-22 08:01:35]   [emp_id: 3877] ✓ Updated: 51.05 → 51.13 (CHANGED)
[2026-01-22 08:01:35]   [emp_id: 3897] ✓ Updated: 39.3 → 39.38 (CHANGED)
[2026-01-22 08:01:35]   [emp_id: 3899] ✓ Updated: 1.12 → 1.2 (CHANGED)
[2026-01-22 08:01:35]   [emp_id: 3928] ✓ Updated: 15.38 → 15.46 (CHANGED)
[2026-01-22 08:01:35]   [emp_id: 3929] ✓ Updated: 10.38 → 10.46 (CHANGED)
[2026-01-22 08:01:35]   [emp_id: 3935] ✓ Updated: 95.38 → 95.46 (CHANGED)
[2026-01-22 08:01:35]   [emp_id: 3952] ✓ Updated: 76.72 → 76.8 (CHANGED)
[2026-01-22 08:01:35]   [emp_id: 3987] ✓ Updated: 15.63 → 15.71 (CHANGED)
[2026-01-22 08:01:35]   [emp_id: 4059] ✓ Updated: 4.83 → 4.91 (CHANGED)
[2026-01-22 08:01:35]   [emp_id: 4119] ✓ Updated: 58.3 → 58.38 (CHANGED)
[2026-01-22 08:01:35]   [emp_id: 4120] ✓ Updated: 27.88 → 27.96 (CHANGED)
[2026-01-22 08:01:35]   [emp_id: 4124] ✓ Updated: 28.4 → 28.48 (CHANGED)
[2026-01-22 08:01:35]   [emp_id: 4133] ✓ Updated: 106.88 → 106.96 (CHANGED)
[2026-01-22 08:01:35]   [emp_id: 4134] ✓ Updated: 27.88 → 27.96 (CHANGED)
[2026-01-22 08:01:35]   [emp_id: 4136] ✓ Updated: 27.88 → 27.96 (CHANGED)
[2026-01-22 08:01:35]   [emp_id: 4150] ✓ Updated: 26.55 → 26.63 (CHANGED)
[2026-01-22 08:01:35]   [emp_id: 4157] ✓ Updated: 20.05 → 20.13 (CHANGED)
[2026-01-22 08:01:35]   [emp_id: 4172] ✓ Updated: 13.52 → 13.58 (CHANGED)
[2026-01-22 08:01:35]   [emp_id: 4195] ✓ Updated: 63.63 → 63.71 (CHANGED)
[2026-01-22 08:01:35]   [emp_id: 4215] ✓ Updated: 46.3 → 46.38 (CHANGED)
[2026-01-22 08:01:35]   [emp_id: 4220] ✓ Updated: 41.88 → 41.96 (CHANGED)
[2026-01-22 08:01:35]   [emp_id: 4273] ✓ Updated: 10.55 → 10.63 (CHANGED)
[2026-01-22 08:01:35]   [emp_id: 4283] ✓ Updated: 14.61 → 14.67 (CHANGED)
[2026-01-22 08:01:35]   [emp_id: 4288] ✓ Updated: 1.12 → 1.2 (CHANGED)
[2026-01-22 08:01:35]   [emp_id: 4315] ✓ Updated: 13.8 → 13.88 (CHANGED)
[2026-01-22 08:01:35]   [emp_id: 4328] ✓ Updated: 43.44 → 43.5 (CHANGED)
[2026-01-22 08:01:35]   [emp_id: 4329] ✓ Updated: 6.97 → 7.05 (CHANGED)
[2026-01-22 08:01:35]   [emp_id: 4338] ✓ Updated: 48.55 → 48.63 (CHANGED)
[2026-01-22 08:01:35]   [emp_id: 4340] ✓ Updated: 110.55 → 110.63 (CHANGED)
[2026-01-22 08:01:35]   [emp_id: 4365] ✓ Updated: 61.97 → 62.05 (CHANGED)
[2026-01-22 08:01:35]   [emp_id: 4366] ✓ Updated: 61.05 → 61.13 (CHANGED)
[2026-01-22 08:01:35]   [emp_id: 4403] ✓ Updated: 86.88 → 86.96 (CHANGED)
[2026-01-22 08:01:35]   [emp_id: 4438] ✓ Updated: 22.55 → 22.63 (CHANGED)
[2026-01-22 08:01:35]   [emp_id: 4465] ✓ Updated: 13.77 → 13.83 (CHANGED)
[2026-01-22 08:01:35]   [emp_id: 4473] ✓ Updated: 46.13 → 46.21 (CHANGED)
[2026-01-22 08:01:35]   [emp_id: 4474] ✓ Updated: 4.28 → 4.34 (CHANGED)
[2026-01-22 08:01:35]   [emp_id: 4493] ✓ Updated: 164.97 → 165.05 (CHANGED)
[2026-01-22 08:01:36]   [emp_id: 4526] ✓ Updated: 37.22 → 37.3 (CHANGED)
[2026-01-22 08:01:36]   [emp_id: 4528] ✓ Updated: 108.97 → 109.05 (CHANGED)
[2026-01-22 08:01:36]   [emp_id: 4528] ✓ Updated: 108.97 → 109.05 (CHANGED)
[2026-01-22 08:01:36]   [emp_id: 4532] ✓ Updated: 8.89 → 8.95 (CHANGED)
[2026-01-22 08:01:36]   [emp_id: 4533] ✓ Updated: 37.38 → 37.46 (CHANGED)
[2026-01-22 08:01:36]   [emp_id: 4565] ✓ Updated: 16.27 → 16.33 (CHANGED)
[2026-01-22 08:01:36]   [emp_id: 4567] ✓ Updated: 20.52 → 20.58 (CHANGED)
[2026-01-22 08:01:36]   [emp_id: 4572] ✓ Updated: 60.02 → 60.08 (CHANGED)
[2026-01-22 08:01:36]   [emp_id: 4631] ✓ Updated: 16.27 → 16.33 (CHANGED)
[2026-01-22 08:01:36]   [emp_id: 4655] ✓ Updated: 26.3 → 26.38 (CHANGED)
[2026-01-22 08:01:36]   [emp_id: 4709] ✓ Updated: 41.55 → 41.63 (CHANGED)
[2026-01-22 08:01:36]   [emp_id: 4717] ✓ Updated: 67.55 → 67.63 (CHANGED)
[2026-01-22 08:01:36]   [emp_id: 4736] ✓ Updated: 29.38 → 29.46 (CHANGED)
[2026-01-22 08:01:36]   [emp_id: 4756] ✓ Updated: 12.71 → 12.77 (CHANGED)
[2026-01-22 08:01:36]   [emp_id: 4768] ✓ Updated: 15.05 → 15.13 (CHANGED)
[2026-01-22 08:01:36]   [emp_id: 4780] ✓ Updated: 66.44 → 66.5 (CHANGED)
[2026-01-22 08:01:36]   [emp_id: 4820] ✓ Updated: 100.38 → 100.46 (CHANGED)
[2026-01-22 08:01:36]   [emp_id: 4824] ✓ Updated: 3.56 → 3.64 (CHANGED)
[2026-01-22 08:01:36]   [emp_id: 4825] ✓ Updated: 32.13 → 32.21 (CHANGED)
[2026-01-22 08:01:36]   [emp_id: 4837] ✓ Updated: 46.43 → 46.49 (CHANGED)
[2026-01-22 08:01:36]   [emp_id: 4840] ✓ Updated: 46.43 → 46.49 (CHANGED)
[2026-01-22 08:01:36]   [emp_id: 4842] ✓ Updated: 45.67 → 45.73 (CHANGED)
[2026-01-22 08:01:36]   [emp_id: 4843] ✓ Updated: 46.2 → 46.26 (CHANGED)
[2026-01-22 08:01:36]   [emp_id: 4853] ✓ Updated: 90.02 → 90.08 (CHANGED)
[2026-01-22 08:01:36]   [emp_id: 4856] ✓ Updated: 43.34 → 43.4 (CHANGED)
[2026-01-22 08:01:36]   [emp_id: 4857] ✓ Updated: 26.16 → 26.22 (CHANGED)
[2026-01-22 08:01:36]   [emp_id: 4858] ✓ Updated: 23.04 → 23.1 (CHANGED)
[2026-01-22 08:01:36]   [emp_id: 4859] ✓ Updated: 44.51 → 44.57 (CHANGED)
[2026-01-22 08:01:36]   [emp_id: 4860] ✓ Updated: 9.01 → 9.07 (CHANGED)
[2026-01-22 08:01:36]   [emp_id: 4861] ✓ Updated: 42.47 → 42.53 (CHANGED)
[2026-01-22 08:01:36]   [emp_id: 4869] ✓ Updated: 85.35 → 85.41 (CHANGED)
[2026-01-22 08:01:36]   [emp_id: 4894] ✓ Updated: 9.05 → 9.13 (CHANGED)
[2026-01-22 08:01:36]   [emp_id: 4897] ✓ Updated: 24.25 → 24.31 (CHANGED)
[2026-01-22 08:01:36]   [emp_id: 4899] ✓ Updated: 20.42 → 20.48 (CHANGED)
[2026-01-22 08:01:36]   [emp_id: 4902] ✓ Updated: 19.84 → 19.9 (CHANGED)
[2026-01-22 08:01:36]   [emp_id: 4903] ✓ Updated: 22.06 → 22.12 (CHANGED)
[2026-01-22 08:01:36]   [emp_id: 4905] ✓ Updated: 20.72 → 20.78 (CHANGED)
[2026-01-22 08:01:36]   [emp_id: 4907] ✓ Updated: 49.13 → 49.21 (CHANGED)
[2026-01-22 08:01:36]   [emp_id: 4917] ✓ Updated: 17.68 → 17.74 (CHANGED)
[2026-01-22 08:01:36]   [emp_id: 4918] ✓ Updated: 7.45 → 7.51 (CHANGED)
[2026-01-22 08:01:36]   [emp_id: 4919] ✓ Updated: 59.74 → 59.8 (CHANGED)
[2026-01-22 08:01:36]   [emp_id: 4920] ✓ Updated: 6.82 → 6.88 (CHANGED)
[2026-01-22 08:01:36]   [emp_id: 4921] ✓ Updated: 18.91 → 18.97 (CHANGED)
[2026-01-22 08:01:36]   [emp_id: 4927] ✓ Updated: 17.74 → 17.8 (CHANGED)
[2026-01-22 08:01:36]   [emp_id: 4929] ✓ Updated: 19.26 → 19.32 (CHANGED)
[2026-01-22 08:01:36]   [emp_id: 4930] ✓ Updated: 60.03 → 60.09 (CHANGED)
[2026-01-22 08:01:36]   [emp_id: 4932] ✓ Updated: 18.03 → 18.09 (CHANGED)
[2026-01-22 08:01:36]   [emp_id: 4933] ✓ Updated: 21.44 → 21.5 (CHANGED)
[2026-01-22 08:01:36]   [emp_id: 4949] ✓ Updated: 24.87 → 24.93 (CHANGED)
[2026-01-22 08:01:36]   [emp_id: 4956] ✓ Updated: 30.46 → 30.52 (CHANGED)
[2026-01-22 08:01:36]   [emp_id: 4957] ✓ Updated: 26.13 → 26.19 (CHANGED)
[2026-01-22 08:01:36]   [emp_id: 4962] ✓ Updated: 48.49 → 48.57 (CHANGED)
[2026-01-22 08:01:36]   [emp_id: 4969] ✓ Updated: 47.8 → 47.88 (CHANGED)
[2026-01-22 08:01:36]   [emp_id: 4976] ✓ Updated: 11.15 → 11.21 (CHANGED)
[2026-01-22 08:01:36]   [emp_id: 4984] ✓ Updated: 39.05 → 39.13 (CHANGED)
[2026-01-22 08:01:36]   [emp_id: 4995] ✓ Updated: 51.12 → 51.2 (CHANGED)
[2026-01-22 08:01:36]   [emp_id: 5004] ✓ Updated: 28.09 → 28.15 (CHANGED)
[2026-01-22 08:01:36]   [emp_id: 5006] ✓ Updated: 27.83 → 27.89 (CHANGED)
[2026-01-22 08:01:36]   [emp_id: 5011] ✓ Updated: 6.9 → 6.98 (CHANGED)
[2026-01-22 08:01:36]   [emp_id: 5013] ✓ Updated: 68.2 → 68.26 (CHANGED)
[2026-01-22 08:01:36]   [emp_id: 5018] ✓ Updated: 4.69 → 4.75 (CHANGED)
[2026-01-22 08:01:36]   [emp_id: 5021] ✓ Updated: 62.15 → 62.23 (CHANGED)
[2026-01-22 08:01:36]   [emp_id: 5024] ✓ Updated: 2.71 → 2.77 (CHANGED)
[2026-01-22 08:01:36]   [emp_id: 5030] ✓ Updated: 32.66 → 32.72 (CHANGED)
[2026-01-22 08:01:36]   [emp_id: 5033] ✓ Updated: 11.46 → 11.52 (CHANGED)
[2026-01-22 08:01:36]   [emp_id: 5043] ✓ Updated: 31.72 → 31.8 (CHANGED)
[2026-01-22 08:01:36]   [emp_id: 5045] ✓ Updated: 28.22 → 28.3 (CHANGED)
[2026-01-22 08:01:36]   [emp_id: 5046] ✓ Updated: 23.41 → 23.49 (CHANGED)
[2026-01-22 08:01:36]   [emp_id: 5049] ✓ Updated: 40.14 → 40.2 (CHANGED)
[2026-01-22 08:01:36]   [emp_id: 5052] ✓ Updated: 31.42 → 31.48 (CHANGED)
[2026-01-22 08:01:36]   [emp_id: 5055] ✓ Updated: 19.86 → 19.92 (CHANGED)
[2026-01-22 08:01:36]   [emp_id: 5058] ✓ Updated: 28.84 → 28.9 (CHANGED)
[2026-01-22 08:01:36]   [emp_id: 5062] ✓ Updated: 40.67 → 40.73 (CHANGED)
[2026-01-22 08:01:36]   [emp_id: 5064] ✓ Updated: 119.05 → 119.13 (CHANGED)
[2026-01-22 08:01:36]   [emp_id: 5065] ✓ Updated: 40.08 → 40.14 (CHANGED)
[2026-01-22 08:01:36]   [emp_id: 5071] ✓ Updated: 24.55 → 24.63 (CHANGED)
[2026-01-22 08:01:36]   [emp_id: 5073] ✓ Updated: 14.68 → 14.74 (CHANGED)
[2026-01-22 08:01:36]   [emp_id: 5079] ✓ Updated: 35.24 → 35.3 (CHANGED)
[2026-01-22 08:01:36]   [emp_id: 5080] ✓ Updated: 28.57 → 28.63 (CHANGED)
[2026-01-22 08:01:36]   [emp_id: 5081] ✓ Updated: 16.83 → 16.89 (CHANGED)
[2026-01-22 08:01:36]   [emp_id: 5087] ✓ Updated: 36.87 → 36.93 (CHANGED)
[2026-01-22 08:01:36]   [emp_id: 5091] ✓ Updated: 76.72 → 76.78 (CHANGED)
[2026-01-22 08:01:36]   [emp_id: 5093] ✓ Updated: 15.72 → 15.8 (CHANGED)
[2026-01-22 08:01:36]   [emp_id: 5095] ✓ Updated: 2.26 → 2.32 (CHANGED)
[2026-01-22 08:01:36]   [emp_id: 5101] ✓ Updated: 17.8 → 17.88 (CHANGED)
[2026-01-22 08:01:36]   [emp_id: 5107] ✓ Updated: 16.13 → 16.21 (CHANGED)
[2026-01-22 08:01:36]   [emp_id: 5109] ✓ Updated: 13.38 → 13.46 (CHANGED)
[2026-01-22 08:01:36]   [emp_id: 5119] ✓ Updated: 11.55 → 11.63 (CHANGED)
[2026-01-22 08:01:36]   [emp_id: 5122] ✓ Updated: 8.72 → 8.8 (CHANGED)
[2026-01-22 08:01:36]   [emp_id: 5126] ✓ Updated: 27.6 → 27.66 (CHANGED)
[2026-01-22 08:01:36]   [emp_id: 5127] ✓ Updated: 21.39 → 21.45 (CHANGED)
[2026-01-22 08:01:36]   [emp_id: 5128] ✓ Updated: 27.54 → 27.6 (CHANGED)
[2026-01-22 08:01:36]   [emp_id: 5138] ✓ Updated: 51.38 → 51.46 (CHANGED)
[2026-01-22 08:01:36]   [emp_id: 5138] ✓ Updated: 51.38 → 51.46 (CHANGED)
[2026-01-22 08:01:36]   [emp_id: 5141] ✓ Updated: 35.91 → 35.97 (CHANGED)
[2026-01-22 08:01:36]   [emp_id: 5142] ✓ Updated: 14.91 → 14.97 (CHANGED)
[2026-01-22 08:01:36]   [emp_id: 5146] ✓ Updated: 21.91 → 21.97 (CHANGED)
[2026-01-22 08:01:36]   [emp_id: 5147] ✓ Updated: 20.91 → 20.97 (CHANGED)
[2026-01-22 08:01:36]   [emp_id: 5148] ✓ Updated: 26.26 → 26.32 (CHANGED)
[2026-01-22 08:01:36]   [emp_id: 5149] ✓ Updated: 25.15 → 25.21 (CHANGED)
[2026-01-22 08:01:36]   [emp_id: 5150] ✓ Updated: 24.51 → 24.57 (CHANGED)
[2026-01-22 08:01:37]   [emp_id: 5151] ✓ Updated: 24.33 → 24.39 (CHANGED)
[2026-01-22 08:01:37]   [emp_id: 5152] ✓ Updated: 4.75 → 4.81 (CHANGED)
[2026-01-22 08:01:37]   [emp_id: 5157] ✓ Updated: 24.33 → 24.39 (CHANGED)
[2026-01-22 08:01:37]   [emp_id: 5160] ✓ Updated: 24.33 → 24.39 (CHANGED)
[2026-01-22 08:01:37]   [emp_id: 5163] ✓ Updated: 22.12 → 22.18 (CHANGED)
[2026-01-22 08:01:37]   [emp_id: 5165] ✓ Updated: 2.82 → 2.9 (CHANGED)
[2026-01-22 08:01:37]   [emp_id: 5167] ✓ Updated: 31.27 → 31.33 (CHANGED)
[2026-01-22 08:01:37]   [emp_id: 5168] ✓ Updated: 23.81 → 23.87 (CHANGED)
[2026-01-22 08:01:37]   [emp_id: 5173] ✓ Updated: 26.47 → 26.55 (CHANGED)
[2026-01-22 08:01:37]   [emp_id: 5174] ✓ Updated: 24.27 → 24.33 (CHANGED)
[2026-01-22 08:01:37]   [emp_id: 5181] ✓ Updated: 20.66 → 20.72 (CHANGED)
[2026-01-22 08:01:37]   [emp_id: 5186] ✓ Updated: 26.19 → 26.25 (CHANGED)
[2026-01-22 08:01:37]   [emp_id: 5187] ✓ Updated: 37.19 → 37.25 (CHANGED)
[2026-01-22 08:01:37]   [emp_id: 5204] ✓ Updated: 23.97 → 24.05 (CHANGED)
[2026-01-22 08:01:37]   [emp_id: 5205] ✓ Updated: 13.4 → 13.46 (CHANGED)
[2026-01-22 08:01:37]   [emp_id: 5209] ✓ Updated: 16.4 → 16.46 (CHANGED)
[2026-01-22 08:01:37]   [emp_id: 5213] ✓ Updated: 3.81 → 3.87 (CHANGED)
[2026-01-22 08:01:37]   [emp_id: 5214] ✓ Updated: 2.65 → 2.71 (CHANGED)
[2026-01-22 08:01:37]   [emp_id: 5215] ✓ Updated: 11.4 → 11.46 (CHANGED)
[2026-01-22 08:01:37]   [emp_id: 5217] ✓ Updated: 10.4 → 10.46 (CHANGED)
[2026-01-22 08:01:37]   [emp_id: 5219] ✓ Updated: 14.4 → 14.46 (CHANGED)
[2026-01-22 08:01:37]   [emp_id: 5221] ✓ Updated: 3.71 → 3.77 (CHANGED)
[2026-01-22 08:01:37]   [emp_id: 5224] ✓ Updated: 15.4 → 15.46 (CHANGED)
[2026-01-22 08:01:37]   [emp_id: 5225] ✓ Updated: 7.71 → 7.77 (CHANGED)
[2026-01-22 08:01:37]   [emp_id: 5228] ✓ Updated: 10.4 → 10.46 (CHANGED)
[2026-01-22 08:01:37]   [emp_id: 5229] ✓ Updated: 6.4 → 6.46 (CHANGED)
[2026-01-22 08:01:37]   [emp_id: 5230] ✓ Updated: 11.07 → 11.13 (CHANGED)
[2026-01-22 08:01:37]   [emp_id: 5231] ✓ Updated: 7.4 → 7.46 (CHANGED)
[2026-01-22 08:01:37]   [emp_id: 5232] ✓ Updated: 1.4 → 1.46 (CHANGED)
[2026-01-22 08:01:37]   [emp_id: 5233] ✓ Updated: 5.4 → 5.46 (CHANGED)
[2026-01-22 08:01:37]   [emp_id: 5234] ✓ Updated: 5.4 → 5.46 (CHANGED)
[2026-01-22 08:01:37]   [emp_id: 5235] ✓ Updated: 0.84 → 0.9 (CHANGED)
[2026-01-22 08:01:37]   [emp_id: 5237] ✓ Updated: 11.65 → 11.71 (CHANGED)
[2026-01-22 08:01:37]   [emp_id: 5239] ✓ Updated: 8.4 → 8.46 (CHANGED)
[2026-01-22 08:01:37]   [emp_id: 5241] ✓ Updated: 6.4 → 6.46 (CHANGED)
[2026-01-22 08:01:37]   [emp_id: 5242] ✓ Updated: 16.4 → 16.46 (CHANGED)
[2026-01-22 08:01:37]   [emp_id: 5243] ✓ Updated: 2.81 → 2.87 (CHANGED)
[2026-01-22 08:01:37]   [emp_id: 5244] ✓ Updated: 0.84 → 0.9 (CHANGED)
[2026-01-22 08:01:37]   [emp_id: 5246] ✓ Updated: 12.4 → 12.46 (CHANGED)
[2026-01-22 08:01:37]   [emp_id: 5253] ✓ Updated: 25.27 → 25.33 (CHANGED)
[2026-01-22 08:01:37]   [emp_id: 5254] ✓ Updated: 13.25 → 13.31 (CHANGED)
[2026-01-22 08:01:37]   [emp_id: 5257] ✓ Updated: 12.96 → 13.02 (CHANGED)
[2026-01-22 08:01:37]   [emp_id: 5259] ✓ Updated: 49.49 → 49.55 (CHANGED)
[2026-01-22 08:01:37]   [emp_id: 5261] ✓ Updated: 17.57 → 17.65 (CHANGED)
[2026-01-22 08:01:37]   [emp_id: 5264] ✓ Updated: 14.97 → 15.03 (CHANGED)
[2026-01-22 08:01:37]   [emp_id: 5266] ✓ Updated: 21.59 → 21.65 (CHANGED)
[2026-01-22 08:01:37]   [emp_id: 5268] ✓ Updated: 10.16 → 10.22 (CHANGED)
[2026-01-22 08:01:37]   [emp_id: 5271] ✓ Updated: 8.82 → 8.88 (CHANGED)
[2026-01-22 08:01:37]   [emp_id: 5272] ✓ Updated: 9.69 → 9.75 (CHANGED)
[2026-01-22 08:01:37]   [emp_id: 5273] ✓ Updated: 24.76 → 24.82 (CHANGED)
[2026-01-22 08:01:37]   [emp_id: 5275] ✓ Updated: 10.51 → 10.57 (CHANGED)
[2026-01-22 08:01:37]   [emp_id: 5276] ✓ Updated: 24.78 → 24.84 (CHANGED)
[2026-01-22 08:01:37]   [emp_id: 5278] ✓ Updated: 9.17 → 9.23 (CHANGED)
[2026-01-22 08:01:37]   [emp_id: 5280] ✓ Updated: 19.57 → 19.63 (CHANGED)
[2026-01-22 08:01:37]   [emp_id: 5282] ✓ Updated: 13.05 → 13.13 (CHANGED)
[2026-01-22 08:01:37]   [emp_id: 5285] ✓ Updated: 29.57 → 29.63 (CHANGED)
[2026-01-22 08:01:37]   [emp_id: 5286] ✓ Updated: 16.57 → 16.63 (CHANGED)
[2026-01-22 08:01:37]   [emp_id: 5287] ✓ Updated: 50.87 → 50.93 (CHANGED)
[2026-01-22 08:01:37]   [emp_id: 5288] ✓ Updated: 8.14 → 8.2 (CHANGED)
[2026-01-22 08:01:37]   [emp_id: 5289] ✓ Updated: 49.42 → 49.48 (CHANGED)
[2026-01-22 08:01:37]   [emp_id: 5290] ✓ Updated: 48.19 → 48.25 (CHANGED)
[2026-01-22 08:01:37]   [emp_id: 5291] ✓ Updated: 6.19 → 6.25 (CHANGED)
[2026-01-22 08:01:37]   [emp_id: 5292] ✓ Updated: 6.13 → 6.19 (CHANGED)
[2026-01-22 08:01:37]   [emp_id: 5293] ✓ Updated: 9.31 → 9.39 (CHANGED)
[2026-01-22 08:01:37]   [emp_id: 5294] ✓ Updated: 8.97 → 9.05 (CHANGED)
[2026-01-22 08:01:37]   [emp_id: 5295] ✓ Updated: 22.37 → 22.43 (CHANGED)
[2026-01-22 08:01:37]   [emp_id: 5296] ✓ Updated: 35.99 → 36.07 (CHANGED)
[2026-01-22 08:01:38]   [emp_id: 5297] ✓ Updated: 46.79 → 46.85 (CHANGED)
[2026-01-22 08:01:38]   [emp_id: 5298] ✓ Updated: 46.79 → 46.85 (CHANGED)
[2026-01-22 08:01:38]   [emp_id: 5299] ✓ Updated: 46.79 → 46.85 (CHANGED)
[2026-01-22 08:01:38]   [emp_id: 5300] ✓ Updated: 46.79 → 46.85 (CHANGED)
[2026-01-22 08:01:38]   [emp_id: 5301] ✓ Updated: 4.61 → 4.67 (CHANGED)
[2026-01-22 08:01:38]   [emp_id: 5303] ✓ Updated: 5.04 → 5.1 (CHANGED)
[2026-01-22 08:01:38]   [emp_id: 5304] ✓ Updated: 1.79 → 1.85 (CHANGED)
[2026-01-22 08:01:38]   [emp_id: 5305] ✓ Updated: 4.79 → 4.85 (CHANGED)
[2026-01-22 08:01:38]   [emp_id: 5306] ✓ Updated: 46.5 → 46.56 (CHANGED)
[2026-01-22 08:01:38]   [emp_id: 5307] ✓ Updated: 46.5 → 46.56 (CHANGED)
[2026-01-22 08:01:38]   [emp_id: 5312] ✓ Updated: 0.84 → 0.9 (CHANGED)
[2026-01-22 08:01:38]   [emp_id: 5318] ✓ Updated: 27.21 → 27.27 (CHANGED)
[2026-01-22 08:01:38]   [emp_id: 5325] ✓ Updated: 1.17 → 1.23 (CHANGED)
[2026-01-22 08:01:38]   [emp_id: 5327] ✓ Updated: 2.26 → 2.32 (CHANGED)
[2026-01-22 08:01:38]   [emp_id: 5337] ✓ Updated: 36.88 → 36.96 (CHANGED)
[2026-01-22 08:01:38]   [emp_id: 5339] ✓ Updated: 11.36 → 11.42 (CHANGED)
[2026-01-22 08:01:38]   [emp_id: 5343] ✓ Updated: 46.8 → 46.88 (CHANGED)
[2026-01-22 08:01:38]   [emp_id: 5343] ✓ Updated: 46.8 → 46.88 (CHANGED)
[2026-01-22 08:01:38]   [emp_id: 5345] ✓ Updated: 16.63 → 16.71 (CHANGED)
[2026-01-22 08:01:38]   [emp_id: 5346] ✓ Updated: 3.08 → 3.14 (CHANGED)
[2026-01-22 08:01:38]   [emp_id: 5351] ✓ Updated: 18.02 → 18.08 (CHANGED)
[2026-01-22 08:01:38]   [emp_id: 5352] ✓ Updated: 27.05 → 27.13 (CHANGED)
[2026-01-22 08:01:38]   [emp_id: 5370] ✓ Updated: 16.67 → 16.73 (CHANGED)
[2026-01-22 08:01:38]   [emp_id: 5371] ✓ Updated: 8.8 → 8.88 (CHANGED)
[2026-01-22 08:01:38]   [emp_id: 5376] ✓ Updated: 11.27 → 11.33 (CHANGED)
[2026-01-22 08:01:38]   [emp_id: 5378] ✓ Updated: 18.88 → 18.96 (CHANGED)
[2026-01-22 08:01:38]   [emp_id: 5380] ✓ Updated: 17.68 → 17.74 (CHANGED)
[2026-01-22 08:01:38]   [emp_id: 5381] ✓ Updated: 13.32 → 13.4 (CHANGED)
[2026-01-22 08:01:38]   [emp_id: 5383] ✓ Updated: 16.63 → 16.71 (CHANGED)
[2026-01-22 08:01:38]   [emp_id: 5388] ✓ Updated: 28.46 → 28.52 (CHANGED)
[2026-01-22 08:01:38]   [emp_id: 5396] ✓ Updated: 29.7 → 29.76 (CHANGED)
[2026-01-22 08:01:38]   [emp_id: 5397] ✓ Updated: 21.16 → 21.22 (CHANGED)
[2026-01-22 08:01:38]   [emp_id: 5401] ✓ Updated: 24.27 → 24.33 (CHANGED)
[2026-01-22 08:01:38]   [emp_id: 5402] ✓ Updated: 24.39 → 24.45 (CHANGED)
[2026-01-22 08:01:38]   [emp_id: 5406] ✓ Updated: 18.11 → 18.17 (CHANGED)
[2026-01-22 08:01:38]   [emp_id: 5407] ✓ Updated: 17.4 → 17.48 (CHANGED)
[2026-01-22 08:01:38]   [emp_id: 5409] ✓ Updated: 17.45 → 17.51 (CHANGED)
[2026-01-22 08:01:38]   [emp_id: 5413] ✓ Updated: 29.8 → 29.88 (CHANGED)
[2026-01-22 08:01:38]   [emp_id: 5414] ✓ Updated: 29.47 → 29.55 (CHANGED)
[2026-01-22 08:01:38]   [emp_id: 5415] ✓ Updated: 5.4 → 5.48 (CHANGED)
[2026-01-22 08:01:38]   [emp_id: 5418] ✓ Updated: 16.51 → 16.57 (CHANGED)
[2026-01-22 08:01:38]   [emp_id: 5422] ✓ Updated: 22.13 → 22.21 (CHANGED)
[2026-01-22 08:01:38]   [emp_id: 5423] ✓ Updated: 6.82 → 6.9 (CHANGED)
[2026-01-22 08:01:38]   [emp_id: 5425] ✓ Updated: 15.06 → 15.12 (CHANGED)
[2026-01-22 08:01:38]   [emp_id: 5426] ✓ Updated: 3.37 → 3.45 (CHANGED)
[2026-01-22 08:01:38]   [emp_id: 5426] ✓ Updated: 3.37 → 3.45 (CHANGED)
[2026-01-22 08:01:38]   [emp_id: 5427] ✓ Updated: 15.17 → 15.23 (CHANGED)
[2026-01-22 08:01:38]   [emp_id: 5428] ✓ Updated: 15.06 → 15.12 (CHANGED)
[2026-01-22 08:01:38]   [emp_id: 5430] ✓ Updated: 19.19 → 19.27 (CHANGED)
[2026-01-22 08:01:38]   [emp_id: 5431] ✓ Updated: 14.18 → 14.24 (CHANGED)
[2026-01-22 08:01:38]   [emp_id: 5433] ✓ Updated: 14.2 → 14.26 (CHANGED)
[2026-01-22 08:01:38]   [emp_id: 5434] ✓ Updated: 13.95 → 14.01 (CHANGED)
[2026-01-22 08:01:38]   [emp_id: 5435] ✓ Updated: 13.89 → 13.95 (CHANGED)
[2026-01-22 08:01:38]   [emp_id: 5436] ✓ Updated: 13.89 → 13.95 (CHANGED)
[2026-01-22 08:01:38]   [emp_id: 5438] ✓ Updated: 17.05 → 17.13 (CHANGED)
[2026-01-22 08:01:38]   [emp_id: 5439] ✓ Updated: 26.55 → 26.63 (CHANGED)
[2026-01-22 08:01:38]   [emp_id: 5442] ✓ Updated: 15.55 → 15.63 (CHANGED)
[2026-01-22 08:01:39]   [emp_id: 5445] ✓ Updated: 8.35 → 8.41 (CHANGED)
[2026-01-22 08:01:39]   [emp_id: 5446] ✓ Updated: 8.35 → 8.41 (CHANGED)
[2026-01-22 08:01:39]   [emp_id: 5447] ✓ Updated: 8.29 → 8.35 (CHANGED)
[2026-01-22 08:01:39]   [emp_id: 5448] ✓ Updated: 2.57 → 2.65 (CHANGED)
[2026-01-22 08:01:39]   [emp_id: 5449] ✓ Updated: 6.37 → 6.43 (CHANGED)
[2026-01-22 08:01:39]   [emp_id: 5450] ✓ Updated: 6.31 → 6.37 (CHANGED)
[2026-01-22 08:01:39]   [emp_id: 5451] ✓ Updated: 6.31 → 6.37 (CHANGED)
[2026-01-22 08:01:39]   [emp_id: 5453] ✓ Updated: 6.15 → 6.21 (CHANGED)
[2026-01-22 08:01:39]   [emp_id: 5454] ✓ Updated: 8.63 → 8.71 (CHANGED)
[2026-01-22 08:01:39]   [emp_id: 5455] ✓ Updated: 2.88 → 2.96 (CHANGED)
[2026-01-22 08:01:39]   [emp_id: 5456] ✓ Updated: 7.88 → 7.96 (CHANGED)
[2026-01-22 08:01:39]   [emp_id: 5457] ✓ Updated: 5.4 → 5.46 (CHANGED)
[2026-01-22 08:01:39]   [emp_id: 5460] ✓ Updated: 6.53 → 6.61 (CHANGED)
[2026-01-22 08:01:39]   [emp_id: 5463] ✓ Updated: 5.86 → 5.94 (CHANGED)
[2026-01-22 08:01:39]   [emp_id: 5464] ✓ Updated: 5.86 → 5.94 (CHANGED)
[2026-01-22 08:01:39]   [emp_id: 5466] ✓ Updated: 3.61 → 3.69 (CHANGED)
[2026-01-22 08:01:39]   [emp_id: 5467] ✓ Updated: 2.53 → 2.61 (CHANGED)
[2026-01-22 08:01:39]   [emp_id: 5468] ✓ Updated: 1.48 → 1.56 (CHANGED)
[2026-01-22 08:01:39]   [emp_id: 5469] ✓ Updated: 1.39 → 1.47 (CHANGED)
[2026-01-22 08:01:39] Report saved to: D:\xampp\htdocs\almutlak\system/cron_logs/last_vacation_update_report.json
[2026-01-22 10:10:43] ========== CRON: Vacation Balance Update Started ==========
[2026-01-22 15:36:51] ========== CRON: Vacation Balance Update Started ==========
[2026-01-22 15:36:55] ========== CRON: Vacation Balance Update Started ==========
[2026-01-22 15:36:55] FORCE RUN enabled: Bypassing once-per-day restriction
[2026-01-22 15:36:55] Database connection established
[2026-01-22 15:36:55] Found 433 active employees with balance records to update
[2026-01-22 15:36:55] (Only employees with status=1 will be processed)
[2026-01-22 15:36:55]   [emp_id: 1061] ✓ Updated: 1.12 → 1.29 (CHANGED)
[2026-01-22 15:36:56]   [emp_id: 1496] ✓ Updated: 17.97 → 18.14 (CHANGED)
[2026-01-22 15:36:56]   [emp_id: 1500] ✓ Updated: 5.65 → 5.82 (CHANGED)
[2026-01-22 15:36:56]   [emp_id: 1574] ✓ Updated: 34.88 → 35.05 (CHANGED)
[2026-01-22 15:36:56]   [emp_id: 1673] ✓ Updated: 46.38 → 46.55 (CHANGED)
[2026-01-22 15:36:56]   [emp_id: 1685] ✓ Updated: 16.3 → 16.47 (CHANGED)
[2026-01-22 15:36:56]   [emp_id: 1764] ✓ Updated: 70.97 → 71.14 (CHANGED)
[2026-01-22 15:36:56]   [emp_id: 1805] ✓ Updated: 65.3 → 65.47 (CHANGED)
[2026-01-22 15:36:56]   [emp_id: 1822] ✓ Updated: 70.05 → 70.22 (CHANGED)
[2026-01-22 15:36:56]   [emp_id: 1837] ✓ Updated: 26.22 → 26.39 (CHANGED)
[2026-01-22 15:36:56]   [emp_id: 1857] ✓ Updated: 21.55 → 21.72 (CHANGED)
[2026-01-22 15:36:56]   [emp_id: 1861] ✓ Updated: 72.38 → 72.55 (CHANGED)
[2026-01-22 15:36:56]   [emp_id: 1872] ✓ Updated: 11.22 → 11.39 (CHANGED)
[2026-01-22 15:36:56]   [emp_id: 1897] ✓ Updated: 6.55 → 6.72 (CHANGED)
[2026-01-22 15:36:56]   [emp_id: 1916] ✓ Updated: 12.85 → 13.02 (CHANGED)
[2026-01-22 15:36:56]   [emp_id: 1928] ✓ Updated: 65.8 → 65.97 (CHANGED)
[2026-01-22 15:36:56]   [emp_id: 1931] ✓ Updated: 85.72 → 85.89 (CHANGED)
[2026-01-22 15:36:56]   [emp_id: 1944] ✓ Updated: 43.88 → 44.05 (CHANGED)
[2026-01-22 15:36:56]   [emp_id: 1996] ✓ Updated: 72.38 → 72.55 (CHANGED)
[2026-01-22 15:36:56]   [emp_id: 1997] ✓ Updated: 37.55 → 37.72 (CHANGED)
[2026-01-22 15:36:56]   [emp_id: 1998] ✓ Updated: 28.99 → 29.16 (CHANGED)
[2026-01-22 15:36:56]   [emp_id: 1999] ✓ Updated: 29.99 → 30.16 (CHANGED)
[2026-01-22 15:36:56]   [emp_id: 2009] ✓ Updated: 36.3 → 36.47 (CHANGED)
[2026-01-22 15:36:56]   [emp_id: 2048] ✓ Updated: 26.13 → 26.3 (CHANGED)
[2026-01-22 15:36:56]   [emp_id: 2057] ✓ Updated: 66.97 → 67.14 (CHANGED)
[2026-01-22 15:36:56]   [emp_id: 2079] ✓ Updated: 49.3 → 49.47 (CHANGED)
[2026-01-22 15:36:56]   [emp_id: 2181] ✓ Updated: 38.3 → 38.47 (CHANGED)
[2026-01-22 15:36:56]   [emp_id: 2190] ✓ Updated: 7.63 → 7.8 (CHANGED)
[2026-01-22 15:36:56]   [emp_id: 2212] ✓ Updated: 25.63 → 25.8 (CHANGED)
[2026-01-22 15:36:56]   [emp_id: 2226] ✓ Updated: 70.38 → 70.55 (CHANGED)
[2026-01-22 15:36:56]   [emp_id: 2238] ✓ Updated: 68.63 → 68.8 (CHANGED)
[2026-01-22 15:36:56]   [emp_id: 2285] ✓ Updated: 37.3 → 37.47 (CHANGED)
[2026-01-22 15:36:56]   [emp_id: 2287] ✓ Updated: 48.97 → 49.14 (CHANGED)
[2026-01-22 15:36:56]   [emp_id: 2288] ✓ Updated: 3.99 → 4.16 (CHANGED)
[2026-01-22 15:36:56]   [emp_id: 2316] ✓ Updated: 17.8 → 17.97 (CHANGED)
[2026-01-22 15:36:56]   [emp_id: 2337] ✓ Updated: 38.88 → 39.05 (CHANGED)
[2026-01-22 15:36:56]   [emp_id: 2352] ✓ Updated: 70.38 → 70.55 (CHANGED)
[2026-01-22 15:36:56]   [emp_id: 2358] ✓ Updated: 6.88 → 7.05 (CHANGED)
[2026-01-22 15:36:56]   [emp_id: 2361] ✓ Updated: 72.55 → 72.72 (CHANGED)
[2026-01-22 15:36:56]   [emp_id: 2363] ✓ Updated: 75.13 → 75.3 (CHANGED)
[2026-01-22 15:36:56]   [emp_id: 2364] ✓ Updated: 74.55 → 74.72 (CHANGED)
[2026-01-22 15:36:56]   [emp_id: 2367] ✓ Updated: 102.22 → 102.39 (CHANGED)
[2026-01-22 15:36:56]   [emp_id: 2368] ✓ Updated: 32.63 → 32.8 (CHANGED)
[2026-01-22 15:36:56]   [emp_id: 2372] ✓ Updated: 69.88 → 70.05 (CHANGED)
[2026-01-22 15:36:56]   [emp_id: 2376] ✓ Updated: 119.88 → 120.05 (CHANGED)
[2026-01-22 15:36:56]   [emp_id: 2423] ✓ Updated: 20.63 → 20.8 (CHANGED)
[2026-01-22 15:36:56]   [emp_id: 2519] ✓ Updated: 114.3 → 114.47 (CHANGED)
[2026-01-22 15:36:57]   [emp_id: 2522] ✓ Updated: 57.88 → 58.05 (CHANGED)
[2026-01-22 15:36:57]   [emp_id: 2530] ✓ Updated: 53.13 → 53.3 (CHANGED)
[2026-01-22 15:36:57]   [emp_id: 2539] ✓ Updated: 49.88 → 50.05 (CHANGED)
[2026-01-22 15:36:57]   [emp_id: 2541] ✓ Updated: 30.47 → 30.64 (CHANGED)
[2026-01-22 15:36:57]   [emp_id: 2550] ✓ Updated: 96.63 → 96.8 (CHANGED)
[2026-01-22 15:36:57]   [emp_id: 2553] ✓ Updated: 33.74 → 33.91 (CHANGED)
[2026-01-22 15:36:57]   [emp_id: 2554] ✓ Updated: 40.22 → 40.39 (CHANGED)
[2026-01-22 15:36:57]   [emp_id: 2565] ✓ Updated: 94.8 → 94.97 (CHANGED)
[2026-01-22 15:36:57]   [emp_id: 2572] ✓ Updated: 44.8 → 44.97 (CHANGED)
[2026-01-22 15:36:57]   [emp_id: 2637] ✓ Updated: 65.38 → 65.55 (CHANGED)
[2026-01-22 15:36:57]   [emp_id: 2642] ✓ Updated: 78.13 → 78.3 (CHANGED)
[2026-01-22 15:36:57]   [emp_id: 2645] ✓ Updated: 94.13 → 94.3 (CHANGED)
[2026-01-22 15:36:57]   [emp_id: 2648] ✓ Updated: 45.8 → 45.97 (CHANGED)
[2026-01-22 15:36:57]   [emp_id: 2654] ✓ Updated: 88.47 → 88.64 (CHANGED)
[2026-01-22 15:36:57]   [emp_id: 2688] ✓ Updated: 26.55 → 26.72 (CHANGED)
[2026-01-22 15:36:57]   [emp_id: 2690] ✓ Updated: 15.3 → 15.47 (CHANGED)
[2026-01-22 15:36:57]   [emp_id: 2709] ✓ Updated: 37.55 → 37.72 (CHANGED)
[2026-01-22 15:36:57]   [emp_id: 2745] ✓ Updated: 34.13 → 34.3 (CHANGED)
[2026-01-22 15:36:57]   [emp_id: 2843] ✓ Updated: 80.72 → 80.89 (CHANGED)
[2026-01-22 15:36:57]   [emp_id: 2854] ✓ Updated: 60.63 → 60.8 (CHANGED)
[2026-01-22 15:36:57]   [emp_id: 2869] ✓ Updated: 4.55 → 4.72 (CHANGED)
[2026-01-22 15:36:57]   [emp_id: 2876] ✓ Updated: 35.38 → 35.55 (CHANGED)
[2026-01-22 15:36:57]   [emp_id: 2924] ✓ Updated: 16.55 → 16.72 (CHANGED)
[2026-01-22 15:36:57]   [emp_id: 2953] ✓ Updated: 102.3 → 102.47 (CHANGED)
[2026-01-22 15:36:57]   [emp_id: 2961] ✓ Updated: 12.3 → 12.47 (CHANGED)
[2026-01-22 15:36:57]   [emp_id: 2975] ✓ Updated: 1.98 → 2.15 (CHANGED)
[2026-01-22 15:36:57]   [emp_id: 3013] ✓ Updated: 11.3 → 11.47 (CHANGED)
[2026-01-22 15:36:57]   [emp_id: 3014] ✓ Updated: 90.55 → 90.72 (CHANGED)
[2026-01-22 15:36:57]   [emp_id: 3015] ✓ Updated: 1.8 → 1.97 (CHANGED)
[2026-01-22 15:36:57]   [emp_id: 3018] ✓ Updated: 60.55 → 60.72 (CHANGED)
[2026-01-22 15:36:57]   [emp_id: 3025] ✓ Updated: 24.32 → 24.49 (CHANGED)
[2026-01-22 15:36:57]   [emp_id: 3037] ✓ Updated: 84.05 → 84.22 (CHANGED)
[2026-01-22 15:36:57]   [emp_id: 3047] ✓ Updated: 72.3 → 72.47 (CHANGED)
[2026-01-22 15:36:57]   [emp_id: 3061] ✓ Updated: 19.22 → 19.39 (CHANGED)
[2026-01-22 15:36:57]   [emp_id: 3062] ✓ Updated: 52.38 → 52.55 (CHANGED)
[2026-01-22 15:36:57]   [emp_id: 3074] ✓ Updated: 108.8 → 108.97 (CHANGED)
[2026-01-22 15:36:57]   [emp_id: 3089] ✓ Updated: 7.72 → 7.89 (CHANGED)
[2026-01-22 15:36:57]   [emp_id: 3090] ✓ Updated: 34.3 → 34.47 (CHANGED)
[2026-01-22 15:36:57]   [emp_id: 3091] ✓ Updated: 46.3 → 46.47 (CHANGED)
[2026-01-22 15:36:57]   [emp_id: 3092] ✓ Updated: 28.97 → 29.14 (CHANGED)
[2026-01-22 15:36:57]   [emp_id: 3105] ✓ Updated: 49.3 → 49.47 (CHANGED)
[2026-01-22 15:36:57]   [emp_id: 3134] ✓ Updated: 45.05 → 45.22 (CHANGED)
[2026-01-22 15:36:57]   [emp_id: 3140] ✓ Updated: 42.13 → 42.3 (CHANGED)
[2026-01-22 15:36:58]   [emp_id: 3144] ✓ Updated: 14.97 → 15.14 (CHANGED)
[2026-01-22 15:36:58]   [emp_id: 3156] ✓ Updated: 18.3 → 18.47 (CHANGED)
[2026-01-22 15:36:58]   [emp_id: 3162] ✓ Updated: 3.28 → 3.45 (CHANGED)
[2026-01-22 15:36:58]   [emp_id: 3163] ✓ Updated: 6.55 → 6.72 (CHANGED)
[2026-01-22 15:36:58]   [emp_id: 3198] ✓ Updated: 41.55 → 41.72 (CHANGED)
[2026-01-22 15:36:58]   [emp_id: 3205] ✓ Updated: 18.22 → 18.39 (CHANGED)
[2026-01-22 15:36:58]   [emp_id: 3209] ✓ Updated: 42.38 → 42.55 (CHANGED)
[2026-01-22 15:36:58]   [emp_id: 3223] ✓ Updated: 91.3 → 91.47 (CHANGED)
[2026-01-22 15:36:58]   [emp_id: 3224] ✓ Updated: 66.05 → 66.22 (CHANGED)
[2026-01-22 15:36:58]   [emp_id: 3230] ✓ Updated: 89.47 → 89.64 (CHANGED)
[2026-01-22 15:36:58]   [emp_id: 3231] ✓ Updated: 1.84 → 2.01 (CHANGED)
[2026-01-22 15:36:58]   [emp_id: 3233] ✓ Updated: 82.3 → 82.47 (CHANGED)
[2026-01-22 15:36:58]   [emp_id: 3249] ✓ Updated: 38.13 → 38.3 (CHANGED)
[2026-01-22 15:36:58]   [emp_id: 3250] ✓ Updated: 11.13 → 11.3 (CHANGED)
[2026-01-22 15:36:58]   [emp_id: 3252] ✓ Updated: 12.05 → 12.22 (CHANGED)
[2026-01-22 15:36:58]   [emp_id: 3254] ✓ Updated: 22.55 → 22.72 (CHANGED)
[2026-01-22 15:36:58]   [emp_id: 3255] ✓ Updated: 18.97 → 19.14 (CHANGED)
[2026-01-22 15:36:58]   [emp_id: 3256] ✓ Updated: 15.22 → 15.39 (CHANGED)
[2026-01-22 15:36:58]   [emp_id: 3263] ✓ Updated: 31.3 → 31.47 (CHANGED)
[2026-01-22 15:36:58]   [emp_id: 3265] ✓ Updated: 26.88 → 27.05 (CHANGED)
[2026-01-22 15:36:58]   [emp_id: 3280] ✓ Updated: 73.8 → 73.97 (CHANGED)
[2026-01-22 15:36:58]   [emp_id: 3286] ✓ Updated: 16.97 → 17.14 (CHANGED)
[2026-01-22 15:36:58]   [emp_id: 3294] ✓ Updated: 16.63 → 16.8 (CHANGED)
[2026-01-22 15:36:58]   [emp_id: 3321] ✓ Updated: 73.8 → 73.97 (CHANGED)
[2026-01-22 15:36:58]   [emp_id: 3325] ✓ Updated: 61.55 → 61.72 (CHANGED)
[2026-01-22 15:36:58]   [emp_id: 3329] ✓ Updated: 63.88 → 64.05 (CHANGED)
[2026-01-22 15:36:58]   [emp_id: 3330] ✓ Updated: 63.88 → 64.05 (CHANGED)
[2026-01-22 15:36:58]   [emp_id: 3332] ✓ Updated: 63.88 → 64.05 (CHANGED)
[2026-01-22 15:36:58]   [emp_id: 3370] ✓ Updated: 55.39 → 55.72 (CHANGED)
[2026-01-22 15:36:58]   [emp_id: 3384] ✓ Updated: 16.05 → 16.22 (CHANGED)
[2026-01-22 15:36:58]   [emp_id: 3386] ✓ Updated: 46.05 → 46.22 (CHANGED)
[2026-01-22 15:36:58]   [emp_id: 3431] ✓ Updated: 20.47 → 20.64 (CHANGED)
[2026-01-22 15:36:58]   [emp_id: 3497] ✓ Updated: 10.63 → 10.8 (CHANGED)
[2026-01-22 15:36:58]   [emp_id: 3532] ✓ Updated: 1.47 → 1.64 (CHANGED)
[2026-01-22 15:36:58]   [emp_id: 3602] ✓ Updated: 3.04 → 3.21 (CHANGED)
[2026-01-22 15:36:58]   [emp_id: 3618] ✓ Updated: 25.02 → 25.19 (CHANGED)
[2026-01-22 15:36:58]   [emp_id: 3622] ✓ Updated: 35.61 → 35.73 (CHANGED)
[2026-01-22 15:36:58]   [emp_id: 3627] ✓ Updated: 10.97 → 11.14 (CHANGED)
[2026-01-22 15:36:58]   [emp_id: 3665] ✓ Updated: 52.55 → 52.72 (CHANGED)
[2026-01-22 15:36:58]   [emp_id: 3705] ✓ Updated: 28.94 → 29.06 (CHANGED)
[2026-01-22 15:36:58]   [emp_id: 3724] ✓ Updated: 45.55 → 45.72 (CHANGED)
[2026-01-22 15:36:58]   [emp_id: 3726] ✓ Updated: 61.97 → 62.14 (CHANGED)
[2026-01-22 15:36:58]   [emp_id: 3727] ✓ Updated: 67.05 → 67.22 (CHANGED)
[2026-01-22 15:36:58]   [emp_id: 3728] ✓ Updated: 11.38 → 11.55 (CHANGED)
[2026-01-22 15:36:58]   [emp_id: 3767] ✓ Updated: 2.13 → 2.3 (CHANGED)
[2026-01-22 15:36:58]   [emp_id: 3768] ✓ Updated: 58.38 → 58.55 (CHANGED)
[2026-01-22 15:36:58]   [emp_id: 3787] ✓ Updated: 58.97 → 59.14 (CHANGED)
[2026-01-22 15:36:58]   [emp_id: 3790] ✓ Updated: 3.52 → 3.69 (CHANGED)
[2026-01-22 15:36:58]   [emp_id: 3795] ✓ Updated: 16.47 → 16.64 (CHANGED)
[2026-01-22 15:36:58]   [emp_id: 3798] ✓ Updated: 94.88 → 95.05 (CHANGED)
[2026-01-22 15:36:58]   [emp_id: 3801] ✓ Updated: 3.15 → 3.32 (CHANGED)
[2026-01-22 15:36:59]   [emp_id: 3802] ✓ Updated: 32.13 → 32.3 (CHANGED)
[2026-01-22 15:36:59]   [emp_id: 3803] ✓ Updated: 116.55 → 116.72 (CHANGED)
[2026-01-22 15:36:59]   [emp_id: 3810] ✓ Updated: 62.55 → 62.72 (CHANGED)
[2026-01-22 15:36:59]   [emp_id: 3812] ✓ Updated: 91.55 → 91.72 (CHANGED)
[2026-01-22 15:36:59]   [emp_id: 3815] ✓ Updated: 91.55 → 91.72 (CHANGED)
[2026-01-22 15:36:59]   [emp_id: 3836] ✓ Updated: 59.22 → 59.39 (CHANGED)
[2026-01-22 15:36:59]   [emp_id: 3855] ✓ Updated: 52.38 → 52.55 (CHANGED)
[2026-01-22 15:36:59]   [emp_id: 3857] ✓ Updated: 56.05 → 56.22 (CHANGED)
[2026-01-22 15:36:59]   [emp_id: 3862] ✓ Updated: 104.13 → 104.3 (CHANGED)
[2026-01-22 15:36:59]   [emp_id: 3866] ✓ Updated: 29.38 → 29.55 (CHANGED)
[2026-01-22 15:36:59]   [emp_id: 3876] ✓ Updated: 25.55 → 25.72 (CHANGED)
[2026-01-22 15:36:59]   [emp_id: 3877] ✓ Updated: 51.05 → 51.22 (CHANGED)
[2026-01-22 15:36:59]   [emp_id: 3897] ✓ Updated: 39.3 → 39.47 (CHANGED)
[2026-01-22 15:36:59]   [emp_id: 3899] ✓ Updated: 1.12 → 1.29 (CHANGED)
[2026-01-22 15:36:59]   [emp_id: 3928] ✓ Updated: 15.38 → 15.55 (CHANGED)
[2026-01-22 15:36:59]   [emp_id: 3929] ✓ Updated: 10.38 → 10.55 (CHANGED)
[2026-01-22 15:36:59]   [emp_id: 3935] ✓ Updated: 95.38 → 95.55 (CHANGED)
[2026-01-22 15:36:59]   [emp_id: 3952] ✓ Updated: 76.72 → 76.89 (CHANGED)
[2026-01-22 15:36:59]   [emp_id: 3987] ✓ Updated: 15.63 → 15.8 (CHANGED)
[2026-01-22 15:36:59]   [emp_id: 4059] ✓ Updated: 4.83 → 5 (CHANGED)
[2026-01-22 15:36:59]   [emp_id: 4119] ✓ Updated: 58.3 → 58.47 (CHANGED)
[2026-01-22 15:36:59]   [emp_id: 4120] ✓ Updated: 27.88 → 28.05 (CHANGED)
[2026-01-22 15:36:59]   [emp_id: 4124] ✓ Updated: 28.4 → 28.57 (CHANGED)
[2026-01-22 15:36:59]   [emp_id: 4133] ✓ Updated: 106.88 → 107.05 (CHANGED)
[2026-01-22 15:36:59]   [emp_id: 4134] ✓ Updated: 27.88 → 28.05 (CHANGED)
[2026-01-22 15:36:59]   [emp_id: 4136] ✓ Updated: 27.88 → 28.05 (CHANGED)
[2026-01-22 15:36:59]   [emp_id: 4150] ✓ Updated: 26.55 → 26.72 (CHANGED)
[2026-01-22 15:36:59]   [emp_id: 4157] ✓ Updated: 20.05 → 20.22 (CHANGED)
[2026-01-22 15:36:59]   [emp_id: 4172] ✓ Updated: 13.52 → 13.64 (CHANGED)
[2026-01-22 15:36:59]   [emp_id: 4195] ✓ Updated: 63.63 → 63.8 (CHANGED)
[2026-01-22 15:36:59]   [emp_id: 4215] ✓ Updated: 46.3 → 46.47 (CHANGED)
[2026-01-22 15:36:59]   [emp_id: 4220] ✓ Updated: 41.88 → 42.05 (CHANGED)
[2026-01-22 15:36:59]   [emp_id: 4273] ✓ Updated: 10.55 → 10.72 (CHANGED)
[2026-01-22 15:36:59]   [emp_id: 4283] ✓ Updated: 14.61 → 14.73 (CHANGED)
[2026-01-22 15:36:59]   [emp_id: 4288] ✓ Updated: 1.12 → 1.29 (CHANGED)
[2026-01-22 15:36:59]   [emp_id: 4315] ✓ Updated: 13.8 → 13.97 (CHANGED)
[2026-01-22 15:36:59]   [emp_id: 4328] ✓ Updated: 43.44 → 43.56 (CHANGED)
[2026-01-22 15:36:59]   [emp_id: 4329] ✓ Updated: 6.97 → 7.14 (CHANGED)
[2026-01-22 15:36:59]   [emp_id: 4338] ✓ Updated: 48.55 → 48.72 (CHANGED)
[2026-01-22 15:36:59]   [emp_id: 4340] ✓ Updated: 110.55 → 110.72 (CHANGED)
[2026-01-22 15:36:59]   [emp_id: 4365] ✓ Updated: 61.97 → 62.14 (CHANGED)
[2026-01-22 15:36:59]   [emp_id: 4366] ✓ Updated: 61.05 → 61.22 (CHANGED)
[2026-01-22 15:36:59]   [emp_id: 4403] ✓ Updated: 86.88 → 87.05 (CHANGED)
[2026-01-22 15:36:59]   [emp_id: 4438] ✓ Updated: 22.55 → 22.72 (CHANGED)
[2026-01-22 15:36:59]   [emp_id: 4465] ✓ Updated: 13.77 → 13.89 (CHANGED)
[2026-01-22 15:36:59]   [emp_id: 4473] ✓ Updated: 46.13 → 46.3 (CHANGED)
[2026-01-22 15:36:59]   [emp_id: 4474] ✓ Updated: 4.28 → 4.4 (CHANGED)
[2026-01-22 15:36:59]   [emp_id: 4493] ✓ Updated: 164.97 → 165.14 (CHANGED)
[2026-01-22 15:36:59]   [emp_id: 4526] ✓ Updated: 37.22 → 37.39 (CHANGED)
[2026-01-22 15:37:00]   [emp_id: 4528] ✓ Updated: 108.97 → 109.14 (CHANGED)
[2026-01-22 15:37:00]   [emp_id: 4528] ✓ Updated: 108.97 → 109.14 (CHANGED)
[2026-01-22 15:37:00]   [emp_id: 4532] ✓ Updated: 8.89 → 9.01 (CHANGED)
[2026-01-22 15:37:00]   [emp_id: 4533] ✓ Updated: 37.38 → 37.55 (CHANGED)
[2026-01-22 15:37:00]   [emp_id: 4565] ✓ Updated: 16.27 → 16.39 (CHANGED)
[2026-01-22 15:37:00]   [emp_id: 4567] ✓ Updated: 20.52 → 20.64 (CHANGED)
[2026-01-22 15:37:00]   [emp_id: 4572] ✓ Updated: 60.02 → 60.14 (CHANGED)
[2026-01-22 15:37:00]   [emp_id: 4631] ✓ Updated: 16.27 → 16.39 (CHANGED)
[2026-01-22 15:37:00]   [emp_id: 4655] ✓ Updated: 26.3 → 26.47 (CHANGED)
[2026-01-22 15:37:00]   [emp_id: 4709] ✓ Updated: 41.55 → 41.72 (CHANGED)
[2026-01-22 15:37:00]   [emp_id: 4717] ✓ Updated: 67.55 → 67.72 (CHANGED)
[2026-01-22 15:37:00]   [emp_id: 4736] ✓ Updated: 29.38 → 29.55 (CHANGED)
[2026-01-22 15:37:00]   [emp_id: 4756] ✓ Updated: 12.71 → 12.83 (CHANGED)
[2026-01-22 15:37:00]   [emp_id: 4768] ✓ Updated: 15.05 → 15.22 (CHANGED)
[2026-01-22 15:37:00]   [emp_id: 4780] ✓ Updated: 66.44 → 66.56 (CHANGED)
[2026-01-22 15:37:00]   [emp_id: 4820] ✓ Updated: 100.38 → 100.55 (CHANGED)
[2026-01-22 15:37:00]   [emp_id: 4824] ✓ Updated: 3.56 → 3.73 (CHANGED)
[2026-01-22 15:37:00]   [emp_id: 4825] ✓ Updated: 32.13 → 32.3 (CHANGED)
[2026-01-22 15:37:00]   [emp_id: 4837] ✓ Updated: 46.43 → 46.55 (CHANGED)
[2026-01-22 15:37:00]   [emp_id: 4840] ✓ Updated: 46.43 → 46.55 (CHANGED)
[2026-01-22 15:37:00]   [emp_id: 4842] ✓ Updated: 45.67 → 45.79 (CHANGED)
[2026-01-22 15:37:00]   [emp_id: 4843] ✓ Updated: 46.2 → 46.32 (CHANGED)
[2026-01-22 15:37:00]   [emp_id: 4853] ✓ Updated: 90.02 → 90.14 (CHANGED)
[2026-01-22 15:37:00]   [emp_id: 4856] ✓ Updated: 43.34 → 43.46 (CHANGED)
[2026-01-22 15:37:00]   [emp_id: 4857] ✓ Updated: 26.16 → 26.28 (CHANGED)
[2026-01-22 15:37:00]   [emp_id: 4858] ✓ Updated: 23.04 → 23.16 (CHANGED)
[2026-01-22 15:37:00]   [emp_id: 4859] ✓ Updated: 44.51 → 44.63 (CHANGED)
[2026-01-22 15:37:00]   [emp_id: 4860] ✓ Updated: 9.01 → 9.13 (CHANGED)
[2026-01-22 15:37:00]   [emp_id: 4861] ✓ Updated: 42.47 → 42.59 (CHANGED)
[2026-01-22 15:37:00]   [emp_id: 4869] ✓ Updated: 85.35 → 85.47 (CHANGED)
[2026-01-22 15:37:00]   [emp_id: 4894] ✓ Updated: 9.05 → 9.22 (CHANGED)
[2026-01-22 15:37:00]   [emp_id: 4897] ✓ Updated: 24.25 → 24.37 (CHANGED)
[2026-01-22 15:37:00]   [emp_id: 4899] ✓ Updated: 20.42 → 20.54 (CHANGED)
[2026-01-22 15:37:00]   [emp_id: 4902] ✓ Updated: 19.84 → 19.96 (CHANGED)
[2026-01-22 15:37:00]   [emp_id: 4903] ✓ Updated: 22.06 → 22.18 (CHANGED)
[2026-01-22 15:37:00]   [emp_id: 4905] ✓ Updated: 20.72 → 20.84 (CHANGED)
[2026-01-22 15:37:00]   [emp_id: 4907] ✓ Updated: 49.13 → 49.3 (CHANGED)
[2026-01-22 15:37:00]   [emp_id: 4917] ✓ Updated: 17.68 → 17.8 (CHANGED)
[2026-01-22 15:37:00]   [emp_id: 4918] ✓ Updated: 7.45 → 7.57 (CHANGED)
[2026-01-22 15:37:00]   [emp_id: 4919] ✓ Updated: 59.74 → 59.86 (CHANGED)
[2026-01-22 15:37:00]   [emp_id: 4920] ✓ Updated: 6.82 → 6.94 (CHANGED)
[2026-01-22 15:37:00]   [emp_id: 4921] ✓ Updated: 18.91 → 19.03 (CHANGED)
[2026-01-22 15:37:00]   [emp_id: 4927] ✓ Updated: 17.74 → 17.86 (CHANGED)
[2026-01-22 15:37:00]   [emp_id: 4929] ✓ Updated: 19.26 → 19.38 (CHANGED)
[2026-01-22 15:37:00]   [emp_id: 4930] ✓ Updated: 60.03 → 60.15 (CHANGED)
[2026-01-22 15:37:00]   [emp_id: 4932] ✓ Updated: 18.03 → 18.15 (CHANGED)
[2026-01-22 15:37:00]   [emp_id: 4933] ✓ Updated: 21.44 → 21.56 (CHANGED)
[2026-01-22 15:37:00]   [emp_id: 4949] ✓ Updated: 24.87 → 24.99 (CHANGED)
[2026-01-22 15:37:00]   [emp_id: 4956] ✓ Updated: 30.46 → 30.58 (CHANGED)
[2026-01-22 15:37:00]   [emp_id: 4957] ✓ Updated: 26.13 → 26.25 (CHANGED)
[2026-01-22 15:37:01]   [emp_id: 4962] ✓ Updated: 48.49 → 48.66 (CHANGED)
[2026-01-22 15:37:01]   [emp_id: 4969] ✓ Updated: 47.8 → 47.97 (CHANGED)
[2026-01-22 15:37:01]   [emp_id: 4976] ✓ Updated: 11.15 → 11.27 (CHANGED)
[2026-01-22 15:37:01]   [emp_id: 4984] ✓ Updated: 39.05 → 39.22 (CHANGED)
[2026-01-22 15:37:01]   [emp_id: 4995] ✓ Updated: 51.12 → 51.29 (CHANGED)
[2026-01-22 15:37:01]   [emp_id: 5004] ✓ Updated: 28.09 → 28.21 (CHANGED)
[2026-01-22 15:37:01]   [emp_id: 5006] ✓ Updated: 27.83 → 27.95 (CHANGED)
[2026-01-22 15:37:01]   [emp_id: 5011] ✓ Updated: 6.9 → 7.07 (CHANGED)
[2026-01-22 15:37:01]   [emp_id: 5013] ✓ Updated: 68.2 → 68.32 (CHANGED)
[2026-01-22 15:37:01]   [emp_id: 5018] ✓ Updated: 4.69 → 4.81 (CHANGED)
[2026-01-22 15:37:01]   [emp_id: 5021] ✓ Updated: 62.15 → 62.32 (CHANGED)
[2026-01-22 15:37:01]   [emp_id: 5024] ✓ Updated: 2.71 → 2.83 (CHANGED)
[2026-01-22 15:37:01]   [emp_id: 5030] ✓ Updated: 32.66 → 32.78 (CHANGED)
[2026-01-22 15:37:01]   [emp_id: 5033] ✓ Updated: 11.46 → 11.58 (CHANGED)
[2026-01-22 15:37:01]   [emp_id: 5043] ✓ Updated: 31.72 → 31.89 (CHANGED)
[2026-01-22 15:37:01]   [emp_id: 5045] ✓ Updated: 28.22 → 28.39 (CHANGED)
[2026-01-22 15:37:01]   [emp_id: 5046] ✓ Updated: 23.41 → 23.58 (CHANGED)
[2026-01-22 15:37:01]   [emp_id: 5049] ✓ Updated: 40.14 → 40.26 (CHANGED)
[2026-01-22 15:37:01]   [emp_id: 5052] ✓ Updated: 31.42 → 31.54 (CHANGED)
[2026-01-22 15:37:01]   [emp_id: 5055] ✓ Updated: 19.86 → 19.98 (CHANGED)
[2026-01-22 15:37:01]   [emp_id: 5058] ✓ Updated: 28.84 → 28.96 (CHANGED)
[2026-01-22 15:37:01]   [emp_id: 5062] ✓ Updated: 40.67 → 40.79 (CHANGED)
[2026-01-22 15:37:01]   [emp_id: 5064] ✓ Updated: 119.05 → 119.22 (CHANGED)
[2026-01-22 15:37:01]   [emp_id: 5065] ✓ Updated: 40.08 → 40.2 (CHANGED)
[2026-01-22 15:37:01]   [emp_id: 5071] ✓ Updated: 24.55 → 24.72 (CHANGED)
[2026-01-22 15:37:01]   [emp_id: 5073] ✓ Updated: 14.68 → 14.8 (CHANGED)
[2026-01-22 15:37:01]   [emp_id: 5079] ✓ Updated: 35.24 → 35.36 (CHANGED)
[2026-01-22 15:37:01]   [emp_id: 5080] ✓ Updated: 28.57 → 28.69 (CHANGED)
[2026-01-22 15:37:01]   [emp_id: 5081] ✓ Updated: 16.83 → 16.95 (CHANGED)
[2026-01-22 15:37:01]   [emp_id: 5087] ✓ Updated: 36.87 → 36.99 (CHANGED)
[2026-01-22 15:37:01]   [emp_id: 5091] ✓ Updated: 76.72 → 76.84 (CHANGED)
[2026-01-22 15:37:01]   [emp_id: 5093] ✓ Updated: 15.72 → 15.89 (CHANGED)
[2026-01-22 15:37:01]   [emp_id: 5095] ✓ Updated: 2.26 → 2.38 (CHANGED)
[2026-01-22 15:37:01]   [emp_id: 5101] ✓ Updated: 17.8 → 17.97 (CHANGED)
[2026-01-22 15:37:01]   [emp_id: 5107] ✓ Updated: 16.13 → 16.3 (CHANGED)
[2026-01-22 15:37:01]   [emp_id: 5109] ✓ Updated: 13.38 → 13.55 (CHANGED)
[2026-01-22 15:37:01]   [emp_id: 5119] ✓ Updated: 11.55 → 11.72 (CHANGED)
[2026-01-22 15:37:01]   [emp_id: 5122] ✓ Updated: 8.72 → 8.89 (CHANGED)
[2026-01-22 15:37:01]   [emp_id: 5126] ✓ Updated: 27.6 → 27.72 (CHANGED)
[2026-01-22 15:37:01]   [emp_id: 5127] ✓ Updated: 24.39 → 24.51 (CHANGED)
[2026-01-22 15:37:01]   [emp_id: 5128] ✓ Updated: 27.54 → 27.66 (CHANGED)
[2026-01-22 15:37:01]   [emp_id: 5138] ✓ Updated: 51.38 → 51.55 (CHANGED)
[2026-01-22 15:37:01]   [emp_id: 5138] ✓ Updated: 51.38 → 51.55 (CHANGED)
[2026-01-22 15:37:01]   [emp_id: 5141] ✓ Updated: 35.91 → 36.03 (CHANGED)
[2026-01-22 15:37:01]   [emp_id: 5142] ✓ Updated: 14.91 → 15.03 (CHANGED)
[2026-01-22 15:37:01]   [emp_id: 5146] ✓ Updated: 21.91 → 22.03 (CHANGED)
[2026-01-22 15:37:02]   [emp_id: 5147] ✓ Updated: 20.91 → 21.03 (CHANGED)
[2026-01-22 15:37:02]   [emp_id: 5148] ✓ Updated: 26.26 → 26.38 (CHANGED)
[2026-01-22 15:37:02]   [emp_id: 5149] ✓ Updated: 25.15 → 25.27 (CHANGED)
[2026-01-22 15:37:02]   [emp_id: 5150] ✓ Updated: 24.51 → 24.63 (CHANGED)
[2026-01-22 15:37:02]   [emp_id: 5151] ✓ Updated: 24.33 → 24.45 (CHANGED)
[2026-01-22 15:37:02]   [emp_id: 5152] ✓ Updated: 4.75 → 4.87 (CHANGED)
[2026-01-22 15:37:02]   [emp_id: 5157] ✓ Updated: 24.33 → 24.45 (CHANGED)
[2026-01-22 15:37:02]   [emp_id: 5160] ✓ Updated: 24.33 → 24.45 (CHANGED)
[2026-01-22 15:37:02]   [emp_id: 5163] ✓ Updated: 22.12 → 22.24 (CHANGED)
[2026-01-22 15:37:02]   [emp_id: 5165] ✓ Updated: 2.82 → 2.99 (CHANGED)
[2026-01-22 15:37:02]   [emp_id: 5167] ✓ Updated: 31.27 → 31.39 (CHANGED)
[2026-01-22 15:37:02]   [emp_id: 5168] ✓ Updated: 23.81 → 23.93 (CHANGED)
[2026-01-22 15:37:02]   [emp_id: 5173] ✓ Updated: 26.47 → 26.64 (CHANGED)
[2026-01-22 15:37:02]   [emp_id: 5174] ✓ Updated: 24.27 → 24.39 (CHANGED)
[2026-01-22 15:37:02]   [emp_id: 5181] ✓ Updated: 20.66 → 20.78 (CHANGED)
[2026-01-22 15:37:02]   [emp_id: 5186] ✓ Updated: 26.19 → 26.31 (CHANGED)
[2026-01-22 15:37:02]   [emp_id: 5187] ✓ Updated: 37.19 → 37.31 (CHANGED)
[2026-01-22 15:37:02]   [emp_id: 5204] ✓ Updated: 23.97 → 24.14 (CHANGED)
[2026-01-22 15:37:02]   [emp_id: 5205] ✓ Updated: 13.4 → 13.52 (CHANGED)
[2026-01-22 15:37:02]   [emp_id: 5209] ✓ Updated: 16.4 → 16.52 (CHANGED)
[2026-01-22 15:37:02]   [emp_id: 5213] ✓ Updated: 3.81 → 3.93 (CHANGED)
[2026-01-22 15:37:02]   [emp_id: 5214] ✓ Updated: 2.65 → 2.77 (CHANGED)
[2026-01-22 15:37:02]   [emp_id: 5215] ✓ Updated: 11.4 → 11.52 (CHANGED)
[2026-01-22 15:37:02]   [emp_id: 5217] ✓ Updated: 10.4 → 10.52 (CHANGED)
[2026-01-22 15:37:02]   [emp_id: 5219] ✓ Updated: 14.4 → 14.52 (CHANGED)
[2026-01-22 15:37:02]   [emp_id: 5221] ✓ Updated: 3.71 → 3.83 (CHANGED)
[2026-01-22 15:37:02]   [emp_id: 5224] ✓ Updated: 15.4 → 15.52 (CHANGED)
[2026-01-22 15:37:02]   [emp_id: 5225] ✓ Updated: 7.71 → 7.83 (CHANGED)
[2026-01-22 15:37:02]   [emp_id: 5228] ✓ Updated: 10.4 → 10.52 (CHANGED)
[2026-01-22 15:37:02]   [emp_id: 5229] ✓ Updated: 6.4 → 6.52 (CHANGED)
[2026-01-22 15:37:02]   [emp_id: 5230] ✓ Updated: 11.07 → 11.19 (CHANGED)
[2026-01-22 15:37:02]   [emp_id: 5231] ✓ Updated: 7.4 → 7.52 (CHANGED)
[2026-01-22 15:37:02]   [emp_id: 5232] ✓ Updated: 1.4 → 1.52 (CHANGED)
[2026-01-22 15:37:02]   [emp_id: 5233] ✓ Updated: 5.4 → 5.52 (CHANGED)
[2026-01-22 15:37:02]   [emp_id: 5234] ✓ Updated: 5.4 → 5.52 (CHANGED)
[2026-01-22 15:37:02]   [emp_id: 5235] ✓ Updated: 0.84 → 0.96 (CHANGED)
[2026-01-22 15:37:02]   [emp_id: 5237] ✓ Updated: 11.65 → 11.77 (CHANGED)
[2026-01-22 15:37:02]   [emp_id: 5239] ✓ Updated: 8.4 → 8.52 (CHANGED)
[2026-01-22 15:37:02]   [emp_id: 5241] ✓ Updated: 6.4 → 6.52 (CHANGED)
[2026-01-22 15:37:02]   [emp_id: 5242] ✓ Updated: 16.4 → 16.52 (CHANGED)
[2026-01-22 15:37:02]   [emp_id: 5243] ✓ Updated: 2.81 → 2.93 (CHANGED)
[2026-01-22 15:37:02]   [emp_id: 5244] ✓ Updated: 0.84 → 0.96 (CHANGED)
[2026-01-22 15:37:02]   [emp_id: 5246] ✓ Updated: 12.4 → 12.52 (CHANGED)
[2026-01-22 15:37:02]   [emp_id: 5253] ✓ Updated: 25.27 → 25.39 (CHANGED)
[2026-01-22 15:37:02]   [emp_id: 5254] ✓ Updated: 13.25 → 13.37 (CHANGED)
[2026-01-22 15:37:02]   [emp_id: 5257] ✓ Updated: 12.96 → 13.08 (CHANGED)
[2026-01-22 15:37:02]   [emp_id: 5259] ✓ Updated: 49.49 → 49.61 (CHANGED)
[2026-01-22 15:37:02]   [emp_id: 5261] ✓ Updated: 17.57 → 17.74 (CHANGED)
[2026-01-22 15:37:02]   [emp_id: 5264] ✓ Updated: 14.97 → 15.09 (CHANGED)
[2026-01-22 15:37:03]   [emp_id: 5266] ✓ Updated: 21.59 → 21.71 (CHANGED)
[2026-01-22 15:37:03]   [emp_id: 5268] ✓ Updated: 10.16 → 10.28 (CHANGED)
[2026-01-22 15:37:03]   [emp_id: 5271] ✓ Updated: 8.82 → 8.94 (CHANGED)
[2026-01-22 15:37:03]   [emp_id: 5272] ✓ Updated: 9.69 → 9.81 (CHANGED)
[2026-01-22 15:37:03]   [emp_id: 5273] ✓ Updated: 24.76 → 24.88 (CHANGED)
[2026-01-22 15:37:03]   [emp_id: 5275] ✓ Updated: 10.51 → 10.63 (CHANGED)
[2026-01-22 15:37:03]   [emp_id: 5276] ✓ Updated: 24.78 → 24.9 (CHANGED)
[2026-01-22 15:37:03]   [emp_id: 5278] ✓ Updated: 9.17 → 9.29 (CHANGED)
[2026-01-22 15:37:03]   [emp_id: 5280] ✓ Updated: 19.57 → 19.69 (CHANGED)
[2026-01-22 15:37:03]   [emp_id: 5282] ✓ Updated: 13.05 → 13.22 (CHANGED)
[2026-01-22 15:37:03]   [emp_id: 5285] ✓ Updated: 29.57 → 29.69 (CHANGED)
[2026-01-22 15:37:03]   [emp_id: 5286] ✓ Updated: 16.57 → 16.69 (CHANGED)
[2026-01-22 15:37:03]   [emp_id: 5287] ✓ Updated: 50.87 → 50.99 (CHANGED)
[2026-01-22 15:37:03]   [emp_id: 5288] ✓ Updated: 8.14 → 8.26 (CHANGED)
[2026-01-22 15:37:03]   [emp_id: 5289] ✓ Updated: 49.42 → 49.54 (CHANGED)
[2026-01-22 15:37:03]   [emp_id: 5290] ✓ Updated: 48.19 → 48.31 (CHANGED)
[2026-01-22 15:37:03]   [emp_id: 5291] ✓ Updated: 6.19 → 6.31 (CHANGED)
[2026-01-22 15:37:03]   [emp_id: 5292] ✓ Updated: 6.13 → 6.25 (CHANGED)
[2026-01-22 15:37:03]   [emp_id: 5293] ✓ Updated: 9.31 → 9.48 (CHANGED)
[2026-01-22 15:37:03]   [emp_id: 5294] ✓ Updated: 8.97 → 9.14 (CHANGED)
[2026-01-22 15:37:03]   [emp_id: 5295] ✓ Updated: 22.37 → 22.49 (CHANGED)
[2026-01-22 15:37:03]   [emp_id: 5296] ✓ Updated: 35.99 → 36.16 (CHANGED)
[2026-01-22 15:37:03]   [emp_id: 5297] ✓ Updated: 46.79 → 46.91 (CHANGED)
[2026-01-22 15:37:03]   [emp_id: 5298] ✓ Updated: 46.79 → 46.91 (CHANGED)
[2026-01-22 15:37:03]   [emp_id: 5299] ✓ Updated: 46.79 → 46.91 (CHANGED)
[2026-01-22 15:37:03]   [emp_id: 5300] ✓ Updated: 46.79 → 46.91 (CHANGED)
[2026-01-22 15:37:03]   [emp_id: 5301] ✓ Updated: 4.61 → 4.73 (CHANGED)
[2026-01-22 15:37:03]   [emp_id: 5303] ✓ Updated: 5.04 → 5.16 (CHANGED)
[2026-01-22 15:37:03]   [emp_id: 5304] ✓ Updated: 1.79 → 1.91 (CHANGED)
[2026-01-22 15:37:03]   [emp_id: 5305] ✓ Updated: 4.79 → 4.91 (CHANGED)
[2026-01-22 15:37:03]   [emp_id: 5306] ✓ Updated: 46.5 → 46.62 (CHANGED)
[2026-01-22 15:37:03]   [emp_id: 5307] ✓ Updated: 46.5 → 46.62 (CHANGED)
[2026-01-22 15:37:03]   [emp_id: 5312] ✓ Updated: 0.84 → 0.96 (CHANGED)
[2026-01-22 15:37:03]   [emp_id: 5318] ✓ Updated: 27.21 → 27.33 (CHANGED)
[2026-01-22 15:37:03]   [emp_id: 5325] ✓ Updated: 1.17 → 1.29 (CHANGED)
[2026-01-22 15:37:03]   [emp_id: 5327] ✓ Updated: 2.26 → 2.38 (CHANGED)
[2026-01-22 15:37:03]   [emp_id: 5337] ✓ Updated: 36.88 → 37.05 (CHANGED)
[2026-01-22 15:37:03]   [emp_id: 5339] ✓ Updated: 11.36 → 11.48 (CHANGED)
[2026-01-22 15:37:03]   [emp_id: 5343] ✓ Updated: 46.8 → 46.97 (CHANGED)
[2026-01-22 15:37:03]   [emp_id: 5343] ✓ Updated: 46.8 → 46.97 (CHANGED)
[2026-01-22 15:37:03]   [emp_id: 5345] ✓ Updated: 16.63 → 16.8 (CHANGED)
[2026-01-22 15:37:03]   [emp_id: 5346] ✓ Updated: 3.08 → 3.2 (CHANGED)
[2026-01-22 15:37:03]   [emp_id: 5351] ✓ Updated: 18.02 → 18.14 (CHANGED)
[2026-01-22 15:37:03]   [emp_id: 5352] ✓ Updated: 27.05 → 27.22 (CHANGED)
[2026-01-22 15:37:04]   [emp_id: 5370] ✓ Updated: 16.67 → 16.79 (CHANGED)
[2026-01-22 15:37:04]   [emp_id: 5371] ✓ Updated: 8.8 → 8.97 (CHANGED)
[2026-01-22 15:37:04]   [emp_id: 5376] ✓ Updated: 11.27 → 11.39 (CHANGED)
[2026-01-22 15:37:04]   [emp_id: 5378] ✓ Updated: 18.88 → 19.05 (CHANGED)
[2026-01-22 15:37:04]   [emp_id: 5380] ✓ Updated: 17.68 → 17.8 (CHANGED)
[2026-01-22 15:37:04]   [emp_id: 5381] ✓ Updated: 13.32 → 13.49 (CHANGED)
[2026-01-22 15:37:04]   [emp_id: 5383] ✓ Updated: 16.63 → 16.8 (CHANGED)
[2026-01-22 15:37:04]   [emp_id: 5388] ✓ Updated: 28.46 → 28.58 (CHANGED)
[2026-01-22 15:37:04]   [emp_id: 5396] ✓ Updated: 29.7 → 29.82 (CHANGED)
[2026-01-22 15:37:04]   [emp_id: 5397] ✓ Updated: 21.16 → 21.28 (CHANGED)
[2026-01-22 15:37:04]   [emp_id: 5401] ✓ Updated: 24.27 → 24.39 (CHANGED)
[2026-01-22 15:37:04]   [emp_id: 5402] ✓ Updated: 24.39 → 24.51 (CHANGED)
[2026-01-22 15:37:04]   [emp_id: 5406] ✓ Updated: 18.11 → 18.23 (CHANGED)
[2026-01-22 15:37:04]   [emp_id: 5407] ✓ Updated: 17.4 → 17.57 (CHANGED)
[2026-01-22 15:37:04]   [emp_id: 5409] ✓ Updated: 17.45 → 17.57 (CHANGED)
[2026-01-22 15:37:04]   [emp_id: 5413] ✓ Updated: 29.8 → 29.97 (CHANGED)
[2026-01-22 15:37:04]   [emp_id: 5414] ✓ Updated: 29.47 → 29.64 (CHANGED)
[2026-01-22 15:37:04]   [emp_id: 5415] ✓ Updated: 5.4 → 5.57 (CHANGED)
[2026-01-22 15:37:04]   [emp_id: 5418] ✓ Updated: 16.51 → 16.63 (CHANGED)
[2026-01-22 15:37:04]   [emp_id: 5422] ✓ Updated: 22.13 → 22.3 (CHANGED)
[2026-01-22 15:37:04]   [emp_id: 5423] ✓ Updated: 6.82 → 6.99 (CHANGED)
[2026-01-22 15:37:04]   [emp_id: 5425] ✓ Updated: 15.06 → 15.18 (CHANGED)
[2026-01-22 15:37:04]   [emp_id: 5426] ✓ Updated: 3.37 → 3.54 (CHANGED)
[2026-01-22 15:37:04]   [emp_id: 5426] ✓ Updated: 3.37 → 3.54 (CHANGED)
[2026-01-22 15:37:04]   [emp_id: 5427] ✓ Updated: 15.17 → 15.29 (CHANGED)
[2026-01-22 15:37:04]   [emp_id: 5428] ✓ Updated: 15.06 → 15.18 (CHANGED)
[2026-01-22 15:37:04]   [emp_id: 5430] ✓ Updated: 19.19 → 19.36 (CHANGED)
[2026-01-22 15:37:04]   [emp_id: 5431] ✓ Updated: 14.18 → 14.3 (CHANGED)
[2026-01-22 15:37:04]   [emp_id: 5433] ✓ Updated: 14.2 → 14.32 (CHANGED)
[2026-01-22 15:37:04]   [emp_id: 5434] ✓ Updated: 13.95 → 14.07 (CHANGED)
[2026-01-22 15:37:04]   [emp_id: 5435] ✓ Updated: 13.89 → 14.01 (CHANGED)
[2026-01-22 15:37:04]   [emp_id: 5436] ✓ Updated: 13.89 → 14.01 (CHANGED)
[2026-01-22 15:37:04]   [emp_id: 5438] ✓ Updated: 17.05 → 17.22 (CHANGED)
[2026-01-22 15:37:04]   [emp_id: 5439] ✓ Updated: 26.55 → 26.72 (CHANGED)
[2026-01-22 15:37:04]   [emp_id: 5442] ✓ Updated: 15.55 → 15.72 (CHANGED)
[2026-01-22 15:37:04]   [emp_id: 5445] ✓ Updated: 8.35 → 8.47 (CHANGED)
[2026-01-22 15:37:04]   [emp_id: 5446] ✓ Updated: 8.35 → 8.47 (CHANGED)
[2026-01-22 15:37:04]   [emp_id: 5447] ✓ Updated: 8.29 → 8.41 (CHANGED)
[2026-01-22 15:37:04]   [emp_id: 5448] ✓ Updated: 2.57 → 2.74 (CHANGED)
[2026-01-22 15:37:04]   [emp_id: 5449] ✓ Updated: 6.37 → 6.49 (CHANGED)
[2026-01-22 15:37:04]   [emp_id: 5450] ✓ Updated: 6.31 → 6.43 (CHANGED)
[2026-01-22 15:37:04]   [emp_id: 5451] ✓ Updated: 6.31 → 6.43 (CHANGED)
[2026-01-22 15:37:04]   [emp_id: 5453] ✓ Updated: 6.15 → 6.27 (CHANGED)
[2026-01-22 15:37:04]   [emp_id: 5454] ✓ Updated: 8.63 → 8.8 (CHANGED)
[2026-01-22 15:37:05]   [emp_id: 5455] ✓ Updated: 2.88 → 3.05 (CHANGED)
[2026-01-22 15:37:05]   [emp_id: 5456] ✓ Updated: 7.88 → 8.05 (CHANGED)
[2026-01-22 15:37:05]   [emp_id: 5457] ✓ Updated: 5.4 → 5.52 (CHANGED)
[2026-01-22 15:37:05]   [emp_id: 5460] ✓ Updated: 6.53 → 6.7 (CHANGED)
[2026-01-22 15:37:05]   [emp_id: 5463] ✓ Updated: 5.86 → 6.03 (CHANGED)
[2026-01-22 15:37:05]   [emp_id: 5464] ✓ Updated: 5.86 → 6.03 (CHANGED)
[2026-01-22 15:37:05]   [emp_id: 5466] ✓ Updated: 3.61 → 3.78 (CHANGED)
[2026-01-22 15:37:05]   [emp_id: 5467] ✓ Updated: 2.53 → 2.7 (CHANGED)
[2026-01-22 15:37:05]   [emp_id: 5468] ✓ Updated: 1.48 → 1.65 (CHANGED)
[2026-01-22 15:37:05]   [emp_id: 5469] ✓ Updated: 1.39 → 1.56 (CHANGED)
[2026-01-22 15:37:05] Report saved to: D:\xampp\htdocs\almutlak\system/cron_logs/last_vacation_update_report.json
[2026-01-22 15:40:46] ========== CRON: Vacation Balance Update Started ==========
[2026-01-22 15:40:46] FORCE RUN enabled: Bypassing once-per-day restriction
[2026-01-22 15:40:46] Database connection established
[2026-01-22 15:40:46] Found 433 active employees with balance records to update
[2026-01-22 15:40:46] (Only employees with status=1 will be processed)
[2026-01-22 15:40:46]   [emp_id: 1061] ✓ Updated: 1.12 → 1.2 (CHANGED)
[2026-01-22 15:40:46]   [emp_id: 1496] ✓ Updated: 17.97 → 18.05 (CHANGED)
[2026-01-22 15:40:46]   [emp_id: 1500] ✓ Updated: 5.65 → 5.73 (CHANGED)
[2026-01-22 15:40:46]   [emp_id: 1574] ✓ Updated: 34.88 → 34.96 (CHANGED)
[2026-01-22 15:40:46]   [emp_id: 1673] ✓ Updated: 46.38 → 46.46 (CHANGED)
[2026-01-22 15:40:46]   [emp_id: 1685] ✓ Updated: 16.3 → 16.38 (CHANGED)
[2026-01-22 15:40:46]   [emp_id: 1764] ✓ Updated: 70.97 → 71.05 (CHANGED)
[2026-01-22 15:40:46]   [emp_id: 1805] ✓ Updated: 65.3 → 65.38 (CHANGED)
[2026-01-22 15:40:46]   [emp_id: 1822] ✓ Updated: 70.05 → 70.13 (CHANGED)
[2026-01-22 15:40:46]   [emp_id: 1837] ✓ Updated: 26.22 → 26.3 (CHANGED)
[2026-01-22 15:40:46]   [emp_id: 1857] ✓ Updated: 21.55 → 21.63 (CHANGED)
[2026-01-22 15:40:46]   [emp_id: 1861] ✓ Updated: 72.38 → 72.46 (CHANGED)
[2026-01-22 15:40:46]   [emp_id: 1872] ✓ Updated: 11.22 → 11.3 (CHANGED)
[2026-01-22 15:40:46]   [emp_id: 1897] ✓ Updated: 6.55 → 6.63 (CHANGED)
[2026-01-22 15:40:46]   [emp_id: 1916] ✓ Updated: 12.85 → 12.93 (CHANGED)
[2026-01-22 15:40:46]   [emp_id: 1928] ✓ Updated: 65.8 → 65.88 (CHANGED)
[2026-01-22 15:40:46]   [emp_id: 1931] ✓ Updated: 85.72 → 85.8 (CHANGED)
[2026-01-22 15:40:46]   [emp_id: 1944] ✓ Updated: 43.88 → 43.96 (CHANGED)
[2026-01-22 15:40:46]   [emp_id: 1996] ✓ Updated: 72.38 → 72.46 (CHANGED)
[2026-01-22 15:40:47]   [emp_id: 1997] ✓ Updated: 37.55 → 37.63 (CHANGED)
[2026-01-22 15:40:47]   [emp_id: 1998] ✓ Updated: 28.99 → 29.07 (CHANGED)
[2026-01-22 15:40:47]   [emp_id: 1999] ✓ Updated: 29.99 → 30.07 (CHANGED)
[2026-01-22 15:40:47]   [emp_id: 2009] ✓ Updated: 36.3 → 36.38 (CHANGED)
[2026-01-22 15:40:47]   [emp_id: 2048] ✓ Updated: 26.13 → 26.21 (CHANGED)
[2026-01-22 15:40:47]   [emp_id: 2057] ✓ Updated: 66.97 → 67.05 (CHANGED)
[2026-01-22 15:40:47]   [emp_id: 2079] ✓ Updated: 49.3 → 49.38 (CHANGED)
[2026-01-22 15:40:47]   [emp_id: 2181] ✓ Updated: 38.3 → 38.38 (CHANGED)
[2026-01-22 15:40:47]   [emp_id: 2190] ✓ Updated: 7.63 → 7.71 (CHANGED)
[2026-01-22 15:40:47]   [emp_id: 2212] ✓ Updated: 25.63 → 25.71 (CHANGED)
[2026-01-22 15:40:47]   [emp_id: 2226] ✓ Updated: 70.38 → 70.46 (CHANGED)
[2026-01-22 15:40:47]   [emp_id: 2238] ✓ Updated: 68.63 → 68.71 (CHANGED)
[2026-01-22 15:40:47]   [emp_id: 2285] ✓ Updated: 37.3 → 37.38 (CHANGED)
[2026-01-22 15:40:47]   [emp_id: 2287] ✓ Updated: 48.97 → 49.05 (CHANGED)
[2026-01-22 15:40:47]   [emp_id: 2288] ✓ Updated: 3.99 → 4.07 (CHANGED)
[2026-01-22 15:40:47]   [emp_id: 2316] ✓ Updated: 17.8 → 17.88 (CHANGED)
[2026-01-22 15:40:47]   [emp_id: 2337] ✓ Updated: 38.88 → 38.96 (CHANGED)
[2026-01-22 15:40:47]   [emp_id: 2352] ✓ Updated: 70.38 → 70.46 (CHANGED)
[2026-01-22 15:40:47]   [emp_id: 2358] ✓ Updated: 6.88 → 6.96 (CHANGED)
[2026-01-22 15:40:47]   [emp_id: 2361] ✓ Updated: 72.55 → 72.63 (CHANGED)
[2026-01-22 15:40:47]   [emp_id: 2363] ✓ Updated: 75.13 → 75.21 (CHANGED)
[2026-01-22 15:40:47]   [emp_id: 2364] ✓ Updated: 74.55 → 74.63 (CHANGED)
[2026-01-22 15:40:47]   [emp_id: 2367] ✓ Updated: 102.22 → 102.3 (CHANGED)
[2026-01-22 15:40:47]   [emp_id: 2368] ✓ Updated: 32.63 → 32.71 (CHANGED)
[2026-01-22 15:40:47]   [emp_id: 2372] ✓ Updated: 69.88 → 69.96 (CHANGED)
[2026-01-22 15:40:47]   [emp_id: 2376] ✓ Updated: 119.88 → 119.96 (CHANGED)
[2026-01-22 15:40:47]   [emp_id: 2423] ✓ Updated: 20.63 → 20.71 (CHANGED)
[2026-01-22 15:40:47]   [emp_id: 2519] ✓ Updated: 114.3 → 114.38 (CHANGED)
[2026-01-22 15:40:47]   [emp_id: 2522] ✓ Updated: 57.88 → 57.96 (CHANGED)
[2026-01-22 15:40:47]   [emp_id: 2530] ✓ Updated: 53.13 → 53.21 (CHANGED)
[2026-01-22 15:40:47]   [emp_id: 2539] ✓ Updated: 49.88 → 49.96 (CHANGED)
[2026-01-22 15:40:47]   [emp_id: 2541] ✓ Updated: 30.47 → 30.55 (CHANGED)
[2026-01-22 15:40:47]   [emp_id: 2550] ✓ Updated: 96.63 → 96.71 (CHANGED)
[2026-01-22 15:40:47]   [emp_id: 2553] ✓ Updated: 33.74 → 33.82 (CHANGED)
[2026-01-22 15:40:47]   [emp_id: 2554] ✓ Updated: 40.22 → 40.3 (CHANGED)
[2026-01-22 15:40:47]   [emp_id: 2565] ✓ Updated: 94.8 → 94.88 (CHANGED)
[2026-01-22 15:40:47]   [emp_id: 2572] ✓ Updated: 44.8 → 44.88 (CHANGED)
[2026-01-22 15:40:47]   [emp_id: 2637] ✓ Updated: 65.38 → 65.46 (CHANGED)
[2026-01-22 15:40:47]   [emp_id: 2642] ✓ Updated: 78.13 → 78.21 (CHANGED)
[2026-01-22 15:40:47]   [emp_id: 2645] ✓ Updated: 94.13 → 94.21 (CHANGED)
[2026-01-22 15:40:47]   [emp_id: 2648] ✓ Updated: 45.8 → 45.88 (CHANGED)
[2026-01-22 15:40:47]   [emp_id: 2654] ✓ Updated: 88.47 → 88.55 (CHANGED)
[2026-01-22 15:40:47]   [emp_id: 2688] ✓ Updated: 26.55 → 26.63 (CHANGED)
[2026-01-22 15:40:48]   [emp_id: 2690] ✓ Updated: 15.3 → 15.38 (CHANGED)
[2026-01-22 15:40:48]   [emp_id: 2709] ✓ Updated: 37.55 → 37.63 (CHANGED)
[2026-01-22 15:40:48]   [emp_id: 2745] ✓ Updated: 34.13 → 34.21 (CHANGED)
[2026-01-22 15:40:48]   [emp_id: 2843] ✓ Updated: 80.72 → 80.8 (CHANGED)
[2026-01-22 15:40:48]   [emp_id: 2854] ✓ Updated: 60.63 → 60.71 (CHANGED)
[2026-01-22 15:40:48]   [emp_id: 2869] ✓ Updated: 4.55 → 4.63 (CHANGED)
[2026-01-22 15:40:48]   [emp_id: 2876] ✓ Updated: 35.38 → 35.46 (CHANGED)
[2026-01-22 15:40:48]   [emp_id: 2924] ✓ Updated: 16.55 → 16.63 (CHANGED)
[2026-01-22 15:40:48]   [emp_id: 2953] ✓ Updated: 102.3 → 102.38 (CHANGED)
[2026-01-22 15:40:48]   [emp_id: 2961] ✓ Updated: 12.3 → 12.38 (CHANGED)
[2026-01-22 15:40:48]   [emp_id: 2975] ✓ Updated: 1.98 → 2.06 (CHANGED)
[2026-01-22 15:40:48]   [emp_id: 3013] ✓ Updated: 11.3 → 11.38 (CHANGED)
[2026-01-22 15:40:48]   [emp_id: 3014] ✓ Updated: 90.55 → 90.63 (CHANGED)
[2026-01-22 15:40:48]   [emp_id: 3015] ✓ Updated: 1.8 → 1.88 (CHANGED)
[2026-01-22 15:40:48]   [emp_id: 3018] ✓ Updated: 60.55 → 60.63 (CHANGED)
[2026-01-22 15:40:48]   [emp_id: 3025] ✓ Updated: 24.32 → 24.4 (CHANGED)
[2026-01-22 15:40:48]   [emp_id: 3037] ✓ Updated: 84.05 → 84.13 (CHANGED)
[2026-01-22 15:40:48]   [emp_id: 3047] ✓ Updated: 72.3 → 72.38 (CHANGED)
[2026-01-22 15:40:48]   [emp_id: 3061] ✓ Updated: 19.22 → 19.3 (CHANGED)
[2026-01-22 15:40:48]   [emp_id: 3062] ✓ Updated: 52.38 → 52.46 (CHANGED)
[2026-01-22 15:40:48]   [emp_id: 3074] ✓ Updated: 108.8 → 108.88 (CHANGED)
[2026-01-22 15:40:48]   [emp_id: 3089] ✓ Updated: 7.72 → 7.8 (CHANGED)
[2026-01-22 15:40:48]   [emp_id: 3090] ✓ Updated: 34.3 → 34.38 (CHANGED)
[2026-01-22 15:40:48]   [emp_id: 3091] ✓ Updated: 46.3 → 46.38 (CHANGED)
[2026-01-22 15:40:48]   [emp_id: 3092] ✓ Updated: 28.97 → 29.05 (CHANGED)
[2026-01-22 15:40:48]   [emp_id: 3105] ✓ Updated: 49.3 → 49.38 (CHANGED)
[2026-01-22 15:40:48]   [emp_id: 3134] ✓ Updated: 45.05 → 45.13 (CHANGED)
[2026-01-22 15:40:48]   [emp_id: 3140] ✓ Updated: 42.13 → 42.21 (CHANGED)
[2026-01-22 15:40:48]   [emp_id: 3144] ✓ Updated: 14.97 → 15.05 (CHANGED)
[2026-01-22 15:40:48]   [emp_id: 3156] ✓ Updated: 18.3 → 18.38 (CHANGED)
[2026-01-22 15:40:48]   [emp_id: 3162] ✓ Updated: 3.28 → 3.36 (CHANGED)
[2026-01-22 15:40:48]   [emp_id: 3163] ✓ Updated: 6.55 → 6.63 (CHANGED)
[2026-01-22 15:40:48]   [emp_id: 3198] ✓ Updated: 41.55 → 41.63 (CHANGED)
[2026-01-22 15:40:48]   [emp_id: 3205] ✓ Updated: 18.22 → 18.3 (CHANGED)
[2026-01-22 15:40:48]   [emp_id: 3209] ✓ Updated: 42.38 → 42.46 (CHANGED)
[2026-01-22 15:40:48]   [emp_id: 3223] ✓ Updated: 91.3 → 91.38 (CHANGED)
[2026-01-22 15:40:48]   [emp_id: 3224] ✓ Updated: 66.05 → 66.13 (CHANGED)
[2026-01-22 15:40:48]   [emp_id: 3230] ✓ Updated: 89.47 → 89.55 (CHANGED)
[2026-01-22 15:40:48]   [emp_id: 3231] ✓ Updated: 1.84 → 1.92 (CHANGED)
[2026-01-22 15:40:48]   [emp_id: 3233] ✓ Updated: 82.3 → 82.38 (CHANGED)
[2026-01-22 15:40:48]   [emp_id: 3249] ✓ Updated: 38.13 → 38.21 (CHANGED)
[2026-01-22 15:40:48]   [emp_id: 3250] ✓ Updated: 11.13 → 11.21 (CHANGED)
[2026-01-22 15:40:48]   [emp_id: 3252] ✓ Updated: 12.05 → 12.13 (CHANGED)
[2026-01-22 15:40:48]   [emp_id: 3254] ✓ Updated: 22.55 → 22.63 (CHANGED)
[2026-01-22 15:40:49]   [emp_id: 3255] ✓ Updated: 18.97 → 19.05 (CHANGED)
[2026-01-22 15:40:49]   [emp_id: 3256] ✓ Updated: 15.22 → 15.3 (CHANGED)
[2026-01-22 15:40:49]   [emp_id: 3263] ✓ Updated: 31.3 → 31.38 (CHANGED)
[2026-01-22 15:40:49]   [emp_id: 3265] ✓ Updated: 26.88 → 26.96 (CHANGED)
[2026-01-22 15:40:49]   [emp_id: 3280] ✓ Updated: 73.8 → 73.88 (CHANGED)
[2026-01-22 15:40:49]   [emp_id: 3286] ✓ Updated: 16.97 → 17.05 (CHANGED)
[2026-01-22 15:40:49]   [emp_id: 3294] ✓ Updated: 16.63 → 16.71 (CHANGED)
[2026-01-22 15:40:49]   [emp_id: 3321] ✓ Updated: 73.8 → 73.88 (CHANGED)
[2026-01-22 15:40:49]   [emp_id: 3325] ✓ Updated: 61.55 → 61.63 (CHANGED)
[2026-01-22 15:40:49]   [emp_id: 3329] ✓ Updated: 63.88 → 63.96 (CHANGED)
[2026-01-22 15:40:49]   [emp_id: 3330] ✓ Updated: 63.88 → 63.96 (CHANGED)
[2026-01-22 15:40:49]   [emp_id: 3332] ✓ Updated: 63.88 → 63.96 (CHANGED)
[2026-01-22 15:40:49]   [emp_id: 3370] ✓ Updated: 55.39 → 55.47 (CHANGED)
[2026-01-22 15:40:49]   [emp_id: 3384] ✓ Updated: 16.05 → 16.13 (CHANGED)
[2026-01-22 15:40:49]   [emp_id: 3386] ✓ Updated: 46.05 → 46.13 (CHANGED)
[2026-01-22 15:40:49]   [emp_id: 3431] ✓ Updated: 20.47 → 20.55 (CHANGED)
[2026-01-22 15:40:49]   [emp_id: 3497] ✓ Updated: 10.63 → 10.71 (CHANGED)
[2026-01-22 15:40:49]   [emp_id: 3532] ✓ Updated: 1.47 → 1.55 (CHANGED)
[2026-01-22 15:40:49]   [emp_id: 3602] ✓ Updated: 3.04 → 3.12 (CHANGED)
[2026-01-22 15:40:49]   [emp_id: 3618] ✓ Updated: 25.02 → 25.1 (CHANGED)
[2026-01-22 15:40:49]   [emp_id: 3622] ✓ Updated: 35.61 → 35.67 (CHANGED)
[2026-01-22 15:40:49]   [emp_id: 3627] ✓ Updated: 10.97 → 11.05 (CHANGED)
[2026-01-22 15:40:49]   [emp_id: 3665] ✓ Updated: 52.55 → 52.63 (CHANGED)
[2026-01-22 15:40:49]   [emp_id: 3705] ✓ Updated: 28.94 → 29 (CHANGED)
[2026-01-22 15:40:49]   [emp_id: 3724] ✓ Updated: 45.55 → 45.63 (CHANGED)
[2026-01-22 15:40:49]   [emp_id: 3726] ✓ Updated: 61.97 → 62.05 (CHANGED)
[2026-01-22 15:40:49]   [emp_id: 3727] ✓ Updated: 67.05 → 67.13 (CHANGED)
[2026-01-22 15:40:49]   [emp_id: 3728] ✓ Updated: 11.38 → 11.46 (CHANGED)
[2026-01-22 15:40:49]   [emp_id: 3767] ✓ Updated: 2.13 → 2.21 (CHANGED)
[2026-01-22 15:40:49]   [emp_id: 3768] ✓ Updated: 58.38 → 58.46 (CHANGED)
[2026-01-22 15:40:49]   [emp_id: 3787] ✓ Updated: 58.97 → 59.05 (CHANGED)
[2026-01-22 15:40:49]   [emp_id: 3790] ✓ Updated: 3.52 → 3.6 (CHANGED)
[2026-01-22 15:40:49]   [emp_id: 3795] ✓ Updated: 16.47 → 16.55 (CHANGED)
[2026-01-22 15:40:49]   [emp_id: 3798] ✓ Updated: 94.88 → 94.96 (CHANGED)
[2026-01-22 15:40:49]   [emp_id: 3801] ✓ Updated: 3.15 → 3.23 (CHANGED)
[2026-01-22 15:40:49]   [emp_id: 3802] ✓ Updated: 32.13 → 32.21 (CHANGED)
[2026-01-22 15:40:49]   [emp_id: 3803] ✓ Updated: 116.55 → 116.63 (CHANGED)
[2026-01-22 15:40:49]   [emp_id: 3810] ✓ Updated: 62.55 → 62.63 (CHANGED)
[2026-01-22 15:40:49]   [emp_id: 3812] ✓ Updated: 91.55 → 91.63 (CHANGED)
[2026-01-22 15:40:49]   [emp_id: 3815] ✓ Updated: 91.55 → 91.63 (CHANGED)
[2026-01-22 15:40:49]   [emp_id: 3836] ✓ Updated: 59.22 → 59.3 (CHANGED)
[2026-01-22 15:40:49]   [emp_id: 3855] ✓ Updated: 52.38 → 52.46 (CHANGED)
[2026-01-22 15:40:50]   [emp_id: 3857] ✓ Updated: 56.05 → 56.13 (CHANGED)
[2026-01-22 15:40:50]   [emp_id: 3862] ✓ Updated: 104.13 → 104.21 (CHANGED)
[2026-01-22 15:40:50]   [emp_id: 3866] ✓ Updated: 29.38 → 29.46 (CHANGED)
[2026-01-22 15:40:50]   [emp_id: 3876] ✓ Updated: 25.55 → 25.63 (CHANGED)
[2026-01-22 15:40:50]   [emp_id: 3877] ✓ Updated: 51.05 → 51.13 (CHANGED)
[2026-01-22 15:40:50]   [emp_id: 3897] ✓ Updated: 39.3 → 39.38 (CHANGED)
[2026-01-22 15:40:50]   [emp_id: 3899] ✓ Updated: 1.12 → 1.2 (CHANGED)
[2026-01-22 15:40:50]   [emp_id: 3928] ✓ Updated: 15.38 → 15.46 (CHANGED)
[2026-01-22 15:40:50]   [emp_id: 3929] ✓ Updated: 10.38 → 10.46 (CHANGED)
[2026-01-22 15:40:50]   [emp_id: 3935] ✓ Updated: 95.38 → 95.46 (CHANGED)
[2026-01-22 15:40:50]   [emp_id: 3952] ✓ Updated: 76.72 → 76.8 (CHANGED)
[2026-01-22 15:40:50]   [emp_id: 3987] ✓ Updated: 15.63 → 15.71 (CHANGED)
[2026-01-22 15:40:50]   [emp_id: 4059] ✓ Updated: 4.83 → 4.91 (CHANGED)
[2026-01-22 15:40:50]   [emp_id: 4119] ✓ Updated: 58.3 → 58.38 (CHANGED)
[2026-01-22 15:40:50]   [emp_id: 4120] ✓ Updated: 27.88 → 27.96 (CHANGED)
[2026-01-22 15:40:50]   [emp_id: 4124] ✓ Updated: 28.4 → 28.48 (CHANGED)
[2026-01-22 15:40:50]   [emp_id: 4133] ✓ Updated: 106.88 → 106.96 (CHANGED)
[2026-01-22 15:40:50]   [emp_id: 4134] ✓ Updated: 27.88 → 27.96 (CHANGED)
[2026-01-22 15:40:50]   [emp_id: 4136] ✓ Updated: 27.88 → 27.96 (CHANGED)
[2026-01-22 15:40:50]   [emp_id: 4150] ✓ Updated: 26.55 → 26.63 (CHANGED)
[2026-01-22 15:40:50]   [emp_id: 4157] ✓ Updated: 20.05 → 20.13 (CHANGED)
[2026-01-22 15:40:50]   [emp_id: 4172] ✓ Updated: 13.52 → 13.58 (CHANGED)
[2026-01-22 15:40:50]   [emp_id: 4195] ✓ Updated: 63.63 → 63.71 (CHANGED)
[2026-01-22 15:40:50]   [emp_id: 4215] ✓ Updated: 46.3 → 46.38 (CHANGED)
[2026-01-22 15:40:50]   [emp_id: 4220] ✓ Updated: 41.88 → 41.96 (CHANGED)
[2026-01-22 15:40:50]   [emp_id: 4273] ✓ Updated: 10.55 → 10.63 (CHANGED)
[2026-01-22 15:40:50]   [emp_id: 4283] ✓ Updated: 14.61 → 14.67 (CHANGED)
[2026-01-22 15:40:50]   [emp_id: 4288] ✓ Updated: 1.12 → 1.2 (CHANGED)
[2026-01-22 15:40:50]   [emp_id: 4315] ✓ Updated: 13.8 → 13.88 (CHANGED)
[2026-01-22 15:40:50]   [emp_id: 4328] ✓ Updated: 43.44 → 43.5 (CHANGED)
[2026-01-22 15:40:50]   [emp_id: 4329] ✓ Updated: 6.97 → 7.05 (CHANGED)
[2026-01-22 15:40:50]   [emp_id: 4338] ✓ Updated: 48.55 → 48.63 (CHANGED)
[2026-01-22 15:40:50]   [emp_id: 4340] ✓ Updated: 110.55 → 110.63 (CHANGED)
[2026-01-22 15:40:50]   [emp_id: 4365] ✓ Updated: 61.97 → 62.05 (CHANGED)
[2026-01-22 15:40:50]   [emp_id: 4366] ✓ Updated: 61.05 → 61.13 (CHANGED)
[2026-01-22 15:40:50]   [emp_id: 4403] ✓ Updated: 86.88 → 86.96 (CHANGED)
[2026-01-22 15:40:50]   [emp_id: 4438] ✓ Updated: 22.55 → 22.63 (CHANGED)
[2026-01-22 15:40:50]   [emp_id: 4465] ✓ Updated: 13.77 → 13.83 (CHANGED)
[2026-01-22 15:40:50]   [emp_id: 4473] ✓ Updated: 46.13 → 46.21 (CHANGED)
[2026-01-22 15:40:50]   [emp_id: 4474] ✓ Updated: 4.28 → 4.34 (CHANGED)
[2026-01-22 15:40:50]   [emp_id: 4493] ✓ Updated: 164.97 → 165.05 (CHANGED)
[2026-01-22 15:40:50]   [emp_id: 4526] ✓ Updated: 37.22 → 37.3 (CHANGED)
[2026-01-22 15:40:50]   [emp_id: 4528] ✓ Updated: 108.97 → 109.05 (CHANGED)
[2026-01-22 15:40:50]   [emp_id: 4528] ✓ Updated: 108.97 → 109.05 (CHANGED)
[2026-01-22 15:40:50]   [emp_id: 4532] ✓ Updated: 8.89 → 8.95 (CHANGED)
[2026-01-22 15:40:50]   [emp_id: 4533] ✓ Updated: 37.38 → 37.46 (CHANGED)
[2026-01-22 15:40:50]   [emp_id: 4565] ✓ Updated: 16.27 → 16.33 (CHANGED)
[2026-01-22 15:40:51]   [emp_id: 4567] ✓ Updated: 20.52 → 20.58 (CHANGED)
[2026-01-22 15:40:51]   [emp_id: 4572] ✓ Updated: 60.02 → 60.08 (CHANGED)
[2026-01-22 15:40:51]   [emp_id: 4631] ✓ Updated: 16.27 → 16.33 (CHANGED)
[2026-01-22 15:40:51]   [emp_id: 4655] ✓ Updated: 26.3 → 26.38 (CHANGED)
[2026-01-22 15:40:51]   [emp_id: 4709] ✓ Updated: 41.55 → 41.63 (CHANGED)
[2026-01-22 15:40:51]   [emp_id: 4717] ✓ Updated: 67.55 → 67.63 (CHANGED)
[2026-01-22 15:40:51]   [emp_id: 4736] ✓ Updated: 29.38 → 29.46 (CHANGED)
[2026-01-22 15:40:51]   [emp_id: 4756] ✓ Updated: 12.71 → 12.77 (CHANGED)
[2026-01-22 15:40:51]   [emp_id: 4768] ✓ Updated: 15.05 → 15.13 (CHANGED)
[2026-01-22 15:40:51]   [emp_id: 4780] ✓ Updated: 66.44 → 66.5 (CHANGED)
[2026-01-22 15:40:51]   [emp_id: 4820] ✓ Updated: 100.38 → 100.46 (CHANGED)
[2026-01-22 15:40:51]   [emp_id: 4824] ✓ Updated: 3.56 → 3.64 (CHANGED)
[2026-01-22 15:40:51]   [emp_id: 4825] ✓ Updated: 32.13 → 32.21 (CHANGED)
[2026-01-22 15:40:51]   [emp_id: 4837] ✓ Updated: 46.43 → 46.49 (CHANGED)
[2026-01-22 15:40:51]   [emp_id: 4840] ✓ Updated: 46.43 → 46.49 (CHANGED)
[2026-01-22 15:40:51]   [emp_id: 4842] ✓ Updated: 45.67 → 45.73 (CHANGED)
[2026-01-22 15:40:51]   [emp_id: 4843] ✓ Updated: 46.2 → 46.26 (CHANGED)
[2026-01-22 15:40:51]   [emp_id: 4853] ✓ Updated: 90.02 → 90.08 (CHANGED)
[2026-01-22 15:40:51]   [emp_id: 4856] ✓ Updated: 43.34 → 43.4 (CHANGED)
[2026-01-22 15:40:51]   [emp_id: 4857] ✓ Updated: 26.16 → 26.22 (CHANGED)
[2026-01-22 15:40:51]   [emp_id: 4858] ✓ Updated: 23.04 → 23.1 (CHANGED)
[2026-01-22 15:40:51]   [emp_id: 4859] ✓ Updated: 44.51 → 44.57 (CHANGED)
[2026-01-22 15:40:51]   [emp_id: 4860] ✓ Updated: 9.01 → 9.07 (CHANGED)
[2026-01-22 15:40:51]   [emp_id: 4861] ✓ Updated: 42.47 → 42.53 (CHANGED)
[2026-01-22 15:40:51]   [emp_id: 4869] ✓ Updated: 85.35 → 85.41 (CHANGED)
[2026-01-22 15:40:51]   [emp_id: 4894] ✓ Updated: 9.05 → 9.13 (CHANGED)
[2026-01-22 15:40:51]   [emp_id: 4897] ✓ Updated: 24.25 → 24.31 (CHANGED)
[2026-01-22 15:40:51]   [emp_id: 4899] ✓ Updated: 20.42 → 20.48 (CHANGED)
[2026-01-22 15:40:51]   [emp_id: 4902] ✓ Updated: 19.84 → 19.9 (CHANGED)
[2026-01-22 15:40:51]   [emp_id: 4903] ✓ Updated: 22.06 → 22.12 (CHANGED)
[2026-01-22 15:40:51]   [emp_id: 4905] ✓ Updated: 20.72 → 20.78 (CHANGED)
[2026-01-22 15:40:51]   [emp_id: 4907] ✓ Updated: 49.13 → 49.21 (CHANGED)
[2026-01-22 15:40:51]   [emp_id: 4917] ✓ Updated: 17.68 → 17.74 (CHANGED)
[2026-01-22 15:40:51]   [emp_id: 4918] ✓ Updated: 7.45 → 7.51 (CHANGED)
[2026-01-22 15:40:51]   [emp_id: 4919] ✓ Updated: 59.74 → 59.8 (CHANGED)
[2026-01-22 15:40:51]   [emp_id: 4920] ✓ Updated: 6.82 → 6.88 (CHANGED)
[2026-01-22 15:40:51]   [emp_id: 4921] ✓ Updated: 18.91 → 18.97 (CHANGED)
[2026-01-22 15:40:51]   [emp_id: 4927] ✓ Updated: 17.74 → 17.8 (CHANGED)
[2026-01-22 15:40:51]   [emp_id: 4929] ✓ Updated: 19.26 → 19.32 (CHANGED)
[2026-01-22 15:40:51]   [emp_id: 4930] ✓ Updated: 60.03 → 60.09 (CHANGED)
[2026-01-22 15:40:51]   [emp_id: 4932] ✓ Updated: 18.03 → 18.09 (CHANGED)
[2026-01-22 15:40:51]   [emp_id: 4933] ✓ Updated: 21.44 → 21.5 (CHANGED)
[2026-01-22 15:40:51]   [emp_id: 4949] ✓ Updated: 24.87 → 24.93 (CHANGED)
[2026-01-22 15:40:52]   [emp_id: 4956] ✓ Updated: 30.46 → 30.52 (CHANGED)
[2026-01-22 15:40:52]   [emp_id: 4957] ✓ Updated: 26.13 → 26.19 (CHANGED)
[2026-01-22 15:40:52]   [emp_id: 4962] ✓ Updated: 48.49 → 48.57 (CHANGED)
[2026-01-22 15:40:52]   [emp_id: 4969] ✓ Updated: 47.8 → 47.88 (CHANGED)
[2026-01-22 15:40:52]   [emp_id: 4976] ✓ Updated: 11.15 → 11.21 (CHANGED)
[2026-01-22 15:40:52]   [emp_id: 4984] ✓ Updated: 39.05 → 39.13 (CHANGED)
[2026-01-22 15:40:52]   [emp_id: 4995] ✓ Updated: 51.12 → 51.2 (CHANGED)
[2026-01-22 15:40:52]   [emp_id: 5004] ✓ Updated: 28.09 → 28.15 (CHANGED)
[2026-01-22 15:40:52]   [emp_id: 5006] ✓ Updated: 27.83 → 27.89 (CHANGED)
[2026-01-22 15:40:52]   [emp_id: 5011] ✓ Updated: 6.9 → 6.98 (CHANGED)
[2026-01-22 15:40:52]   [emp_id: 5013] ✓ Updated: 68.2 → 68.26 (CHANGED)
[2026-01-22 15:40:52]   [emp_id: 5018] ✓ Updated: 4.69 → 4.75 (CHANGED)
[2026-01-22 15:40:52]   [emp_id: 5021] ✓ Updated: 62.15 → 62.23 (CHANGED)
[2026-01-22 15:40:52]   [emp_id: 5024] ✓ Updated: 2.71 → 2.77 (CHANGED)
[2026-01-22 15:40:52]   [emp_id: 5030] ✓ Updated: 32.66 → 32.72 (CHANGED)
[2026-01-22 15:40:52]   [emp_id: 5033] ✓ Updated: 11.46 → 11.52 (CHANGED)
[2026-01-22 15:40:52]   [emp_id: 5043] ✓ Updated: 31.72 → 31.8 (CHANGED)
[2026-01-22 15:40:52]   [emp_id: 5045] ✓ Updated: 28.22 → 28.3 (CHANGED)
[2026-01-22 15:40:52]   [emp_id: 5046] ✓ Updated: 23.41 → 23.49 (CHANGED)
[2026-01-22 15:40:52]   [emp_id: 5049] ✓ Updated: 40.14 → 40.2 (CHANGED)
[2026-01-22 15:40:52]   [emp_id: 5052] ✓ Updated: 31.42 → 31.48 (CHANGED)
[2026-01-22 15:40:52]   [emp_id: 5055] ✓ Updated: 19.86 → 19.92 (CHANGED)
[2026-01-22 15:40:52]   [emp_id: 5058] ✓ Updated: 28.84 → 28.9 (CHANGED)
[2026-01-22 15:40:52]   [emp_id: 5062] ✓ Updated: 40.67 → 40.73 (CHANGED)
[2026-01-22 15:40:52]   [emp_id: 5064] ✓ Updated: 119.05 → 119.13 (CHANGED)
[2026-01-22 15:40:52]   [emp_id: 5065] ✓ Updated: 40.08 → 40.14 (CHANGED)
[2026-01-22 15:40:52]   [emp_id: 5071] ✓ Updated: 24.55 → 24.63 (CHANGED)
[2026-01-22 15:40:52]   [emp_id: 5073] ✓ Updated: 14.68 → 14.74 (CHANGED)
[2026-01-22 15:40:52]   [emp_id: 5079] ✓ Updated: 35.24 → 35.3 (CHANGED)
[2026-01-22 15:40:52]   [emp_id: 5080] ✓ Updated: 28.57 → 28.63 (CHANGED)
[2026-01-22 15:40:52]   [emp_id: 5081] ✓ Updated: 16.83 → 16.89 (CHANGED)
[2026-01-22 15:40:52]   [emp_id: 5087] ✓ Updated: 36.87 → 36.93 (CHANGED)
[2026-01-22 15:40:52]   [emp_id: 5091] ✓ Updated: 76.72 → 76.78 (CHANGED)
[2026-01-22 15:40:52]   [emp_id: 5093] ✓ Updated: 15.72 → 15.8 (CHANGED)
[2026-01-22 15:40:52]   [emp_id: 5095] ✓ Updated: 2.26 → 2.32 (CHANGED)
[2026-01-22 15:40:52]   [emp_id: 5101] ✓ Updated: 17.8 → 17.88 (CHANGED)
[2026-01-22 15:40:52]   [emp_id: 5107] ✓ Updated: 16.13 → 16.21 (CHANGED)
[2026-01-22 15:40:52]   [emp_id: 5109] ✓ Updated: 13.38 → 13.46 (CHANGED)
[2026-01-22 15:40:52]   [emp_id: 5119] ✓ Updated: 11.55 → 11.63 (CHANGED)
[2026-01-22 15:40:52]   [emp_id: 5122] ✓ Updated: 8.72 → 8.8 (CHANGED)
[2026-01-22 15:40:52]   [emp_id: 5126] ✓ Updated: 27.6 → 27.66 (CHANGED)
[2026-01-22 15:40:52]   [emp_id: 5127] ✓ Updated: 24.39 → 24.45 (CHANGED)
[2026-01-22 15:40:52]   [emp_id: 5128] ✓ Updated: 27.54 → 27.6 (CHANGED)
[2026-01-22 15:40:53]   [emp_id: 5138] ✓ Updated: 51.38 → 51.46 (CHANGED)
[2026-01-22 15:40:53]   [emp_id: 5138] ✓ Updated: 51.38 → 51.46 (CHANGED)
[2026-01-22 15:40:53]   [emp_id: 5141] ✓ Updated: 35.91 → 35.97 (CHANGED)
[2026-01-22 15:40:53]   [emp_id: 5142] ✓ Updated: 14.91 → 14.97 (CHANGED)
[2026-01-22 15:40:53]   [emp_id: 5146] ✓ Updated: 21.91 → 21.97 (CHANGED)
[2026-01-22 15:40:53]   [emp_id: 5147] ✓ Updated: 20.91 → 20.97 (CHANGED)
[2026-01-22 15:40:53]   [emp_id: 5148] ✓ Updated: 26.26 → 26.32 (CHANGED)
[2026-01-22 15:40:53]   [emp_id: 5149] ✓ Updated: 25.15 → 25.21 (CHANGED)
[2026-01-22 15:40:53]   [emp_id: 5150] ✓ Updated: 24.51 → 24.57 (CHANGED)
[2026-01-22 15:40:53]   [emp_id: 5151] ✓ Updated: 24.33 → 24.39 (CHANGED)
[2026-01-22 15:40:53]   [emp_id: 5152] ✓ Updated: 4.75 → 4.81 (CHANGED)
[2026-01-22 15:40:53]   [emp_id: 5157] ✓ Updated: 24.33 → 24.39 (CHANGED)
[2026-01-22 15:40:53]   [emp_id: 5160] ✓ Updated: 24.33 → 24.39 (CHANGED)
[2026-01-22 15:40:53]   [emp_id: 5163] ✓ Updated: 22.12 → 22.18 (CHANGED)
[2026-01-22 15:40:53]   [emp_id: 5165] ✓ Updated: 2.82 → 2.9 (CHANGED)
[2026-01-22 15:40:53]   [emp_id: 5167] ✓ Updated: 31.27 → 31.33 (CHANGED)
[2026-01-22 15:40:53]   [emp_id: 5168] ✓ Updated: 23.81 → 23.87 (CHANGED)
[2026-01-22 15:40:53]   [emp_id: 5173] ✓ Updated: 26.47 → 26.55 (CHANGED)
[2026-01-22 15:40:53]   [emp_id: 5174] ✓ Updated: 24.27 → 24.33 (CHANGED)
[2026-01-22 15:40:53]   [emp_id: 5181] ✓ Updated: 20.66 → 20.72 (CHANGED)
[2026-01-22 15:40:53]   [emp_id: 5186] ✓ Updated: 26.19 → 26.25 (CHANGED)
[2026-01-22 15:40:53]   [emp_id: 5187] ✓ Updated: 37.19 → 37.25 (CHANGED)
[2026-01-22 15:40:53]   [emp_id: 5204] ✓ Updated: 23.97 → 24.05 (CHANGED)
[2026-01-22 15:40:53]   [emp_id: 5205] ✓ Updated: 13.4 → 13.46 (CHANGED)
[2026-01-22 15:40:53]   [emp_id: 5209] ✓ Updated: 16.4 → 16.46 (CHANGED)
[2026-01-22 15:40:53]   [emp_id: 5213] ✓ Updated: 3.81 → 3.87 (CHANGED)
[2026-01-22 15:40:53]   [emp_id: 5214] ✓ Updated: 2.65 → 2.71 (CHANGED)
[2026-01-22 15:40:53]   [emp_id: 5215] ✓ Updated: 11.4 → 11.46 (CHANGED)
[2026-01-22 15:40:53]   [emp_id: 5217] ✓ Updated: 10.4 → 10.46 (CHANGED)
[2026-01-22 15:40:53]   [emp_id: 5219] ✓ Updated: 14.4 → 14.46 (CHANGED)
[2026-01-22 15:40:53]   [emp_id: 5221] ✓ Updated: 3.71 → 3.77 (CHANGED)
[2026-01-22 15:40:53]   [emp_id: 5224] ✓ Updated: 15.4 → 15.46 (CHANGED)
[2026-01-22 15:40:53]   [emp_id: 5225] ✓ Updated: 7.71 → 7.77 (CHANGED)
[2026-01-22 15:40:53]   [emp_id: 5228] ✓ Updated: 10.4 → 10.46 (CHANGED)
[2026-01-22 15:40:53]   [emp_id: 5229] ✓ Updated: 6.4 → 6.46 (CHANGED)
[2026-01-22 15:40:53]   [emp_id: 5230] ✓ Updated: 11.07 → 11.13 (CHANGED)
[2026-01-22 15:40:53]   [emp_id: 5231] ✓ Updated: 7.4 → 7.46 (CHANGED)
[2026-01-22 15:40:53]   [emp_id: 5232] ✓ Updated: 1.4 → 1.46 (CHANGED)
[2026-01-22 15:40:53]   [emp_id: 5233] ✓ Updated: 5.4 → 5.46 (CHANGED)
[2026-01-22 15:40:53]   [emp_id: 5234] ✓ Updated: 5.4 → 5.46 (CHANGED)
[2026-01-22 15:40:53]   [emp_id: 5235] ✓ Updated: 0.84 → 0.9 (CHANGED)
[2026-01-22 15:40:53]   [emp_id: 5237] ✓ Updated: 11.65 → 11.71 (CHANGED)
[2026-01-22 15:40:53]   [emp_id: 5239] ✓ Updated: 8.4 → 8.46 (CHANGED)
[2026-01-22 15:40:53]   [emp_id: 5241] ✓ Updated: 6.4 → 6.46 (CHANGED)
[2026-01-22 15:40:53]   [emp_id: 5242] ✓ Updated: 16.4 → 16.46 (CHANGED)
[2026-01-22 15:40:54]   [emp_id: 5243] ✓ Updated: 2.81 → 2.87 (CHANGED)
[2026-01-22 15:40:54]   [emp_id: 5244] ✓ Updated: 0.84 → 0.9 (CHANGED)
[2026-01-22 15:40:54]   [emp_id: 5246] ✓ Updated: 12.4 → 12.46 (CHANGED)
[2026-01-22 15:40:54]   [emp_id: 5253] ✓ Updated: 25.27 → 25.33 (CHANGED)
[2026-01-22 15:40:54]   [emp_id: 5254] ✓ Updated: 13.25 → 13.31 (CHANGED)
[2026-01-22 15:40:54]   [emp_id: 5257] ✓ Updated: 12.96 → 13.02 (CHANGED)
[2026-01-22 15:40:54]   [emp_id: 5259] ✓ Updated: 49.49 → 49.55 (CHANGED)
[2026-01-22 15:40:54]   [emp_id: 5261] ✓ Updated: 17.57 → 17.65 (CHANGED)
[2026-01-22 15:40:54]   [emp_id: 5264] ✓ Updated: 14.97 → 15.03 (CHANGED)
[2026-01-22 15:40:54]   [emp_id: 5266] ✓ Updated: 21.59 → 21.65 (CHANGED)
[2026-01-22 15:40:54]   [emp_id: 5268] ✓ Updated: 10.16 → 10.22 (CHANGED)
[2026-01-22 15:40:54]   [emp_id: 5271] ✓ Updated: 8.82 → 8.88 (CHANGED)
[2026-01-22 15:40:54]   [emp_id: 5272] ✓ Updated: 9.69 → 9.75 (CHANGED)
[2026-01-22 15:40:54]   [emp_id: 5273] ✓ Updated: 24.76 → 24.82 (CHANGED)
[2026-01-22 15:40:54]   [emp_id: 5275] ✓ Updated: 10.51 → 10.57 (CHANGED)
[2026-01-22 15:40:54]   [emp_id: 5276] ✓ Updated: 24.78 → 24.84 (CHANGED)
[2026-01-22 15:40:54]   [emp_id: 5278] ✓ Updated: 9.17 → 9.23 (CHANGED)
[2026-01-22 15:40:54]   [emp_id: 5280] ✓ Updated: 19.57 → 19.63 (CHANGED)
[2026-01-22 15:40:54]   [emp_id: 5282] ✓ Updated: 13.05 → 13.13 (CHANGED)
[2026-01-22 15:40:54]   [emp_id: 5285] ✓ Updated: 29.57 → 29.63 (CHANGED)
[2026-01-22 15:40:54]   [emp_id: 5286] ✓ Updated: 16.57 → 16.63 (CHANGED)
[2026-01-22 15:40:54]   [emp_id: 5287] ✓ Updated: 50.87 → 50.93 (CHANGED)
[2026-01-22 15:40:54]   [emp_id: 5288] ✓ Updated: 8.14 → 8.2 (CHANGED)
[2026-01-22 15:40:54]   [emp_id: 5289] ✓ Updated: 49.42 → 49.48 (CHANGED)
[2026-01-22 15:40:54]   [emp_id: 5290] ✓ Updated: 48.19 → 48.25 (CHANGED)
[2026-01-22 15:40:54]   [emp_id: 5291] ✓ Updated: 6.19 → 6.25 (CHANGED)
[2026-01-22 15:40:54]   [emp_id: 5292] ✓ Updated: 6.13 → 6.19 (CHANGED)
[2026-01-22 15:40:54]   [emp_id: 5293] ✓ Updated: 9.31 → 9.39 (CHANGED)
[2026-01-22 15:40:54]   [emp_id: 5294] ✓ Updated: 8.97 → 9.05 (CHANGED)
[2026-01-22 15:40:54]   [emp_id: 5295] ✓ Updated: 22.37 → 22.43 (CHANGED)
[2026-01-22 15:40:54]   [emp_id: 5296] ✓ Updated: 35.99 → 36.07 (CHANGED)
[2026-01-22 15:40:54]   [emp_id: 5297] ✓ Updated: 46.79 → 46.85 (CHANGED)
[2026-01-22 15:40:54]   [emp_id: 5298] ✓ Updated: 46.79 → 46.85 (CHANGED)
[2026-01-22 15:40:54]   [emp_id: 5299] ✓ Updated: 46.79 → 46.85 (CHANGED)
[2026-01-22 15:40:54]   [emp_id: 5300] ✓ Updated: 46.79 → 46.85 (CHANGED)
[2026-01-22 15:40:54]   [emp_id: 5301] ✓ Updated: 4.61 → 4.67 (CHANGED)
[2026-01-22 15:40:54]   [emp_id: 5303] ✓ Updated: 5.04 → 5.1 (CHANGED)
[2026-01-22 15:40:54]   [emp_id: 5304] ✓ Updated: 1.79 → 1.85 (CHANGED)
[2026-01-22 15:40:54]   [emp_id: 5305] ✓ Updated: 4.79 → 4.85 (CHANGED)
[2026-01-22 15:40:54]   [emp_id: 5306] ✓ Updated: 46.5 → 46.56 (CHANGED)
[2026-01-22 15:40:54]   [emp_id: 5307] ✓ Updated: 46.5 → 46.56 (CHANGED)
[2026-01-22 15:40:54]   [emp_id: 5312] ✓ Updated: 0.84 → 0.9 (CHANGED)
[2026-01-22 15:40:54]   [emp_id: 5318] ✓ Updated: 27.21 → 27.27 (CHANGED)
[2026-01-22 15:40:54]   [emp_id: 5325] ✓ Updated: 1.17 → 1.23 (CHANGED)
[2026-01-22 15:40:54]   [emp_id: 5327] ✓ Updated: 2.26 → 2.32 (CHANGED)
[2026-01-22 15:40:54]   [emp_id: 5337] ✓ Updated: 36.88 → 36.96 (CHANGED)
[2026-01-22 15:40:55]   [emp_id: 5339] ✓ Updated: 11.36 → 11.42 (CHANGED)
[2026-01-22 15:40:55]   [emp_id: 5343] ✓ Updated: 46.8 → 46.88 (CHANGED)
[2026-01-22 15:40:55]   [emp_id: 5343] ✓ Updated: 46.8 → 46.88 (CHANGED)
[2026-01-22 15:40:55]   [emp_id: 5345] ✓ Updated: 16.63 → 16.71 (CHANGED)
[2026-01-22 15:40:55]   [emp_id: 5346] ✓ Updated: 3.08 → 3.14 (CHANGED)
[2026-01-22 15:40:55]   [emp_id: 5351] ✓ Updated: 18.02 → 18.08 (CHANGED)
[2026-01-22 15:40:55]   [emp_id: 5352] ✓ Updated: 27.05 → 27.13 (CHANGED)
[2026-01-22 15:40:55]   [emp_id: 5370] ✓ Updated: 16.67 → 16.73 (CHANGED)
[2026-01-22 15:40:55]   [emp_id: 5371] ✓ Updated: 8.8 → 8.88 (CHANGED)
[2026-01-22 15:40:55]   [emp_id: 5376] ✓ Updated: 11.27 → 11.33 (CHANGED)
[2026-01-22 15:40:55]   [emp_id: 5378] ✓ Updated: 18.88 → 18.96 (CHANGED)
[2026-01-22 15:40:55]   [emp_id: 5380] ✓ Updated: 17.68 → 17.74 (CHANGED)
[2026-01-22 15:40:55]   [emp_id: 5381] ✓ Updated: 13.32 → 13.4 (CHANGED)
[2026-01-22 15:40:55]   [emp_id: 5383] ✓ Updated: 16.63 → 16.71 (CHANGED)
[2026-01-22 15:40:55]   [emp_id: 5388] ✓ Updated: 28.46 → 28.52 (CHANGED)
[2026-01-22 15:40:55]   [emp_id: 5396] ✓ Updated: 29.7 → 29.76 (CHANGED)
[2026-01-22 15:40:55]   [emp_id: 5397] ✓ Updated: 21.16 → 21.22 (CHANGED)
[2026-01-22 15:40:55]   [emp_id: 5401] ✓ Updated: 24.27 → 24.33 (CHANGED)
[2026-01-22 15:40:55]   [emp_id: 5402] ✓ Updated: 24.39 → 24.45 (CHANGED)
[2026-01-22 15:40:55]   [emp_id: 5406] ✓ Updated: 18.11 → 18.17 (CHANGED)
[2026-01-22 15:40:55]   [emp_id: 5407] ✓ Updated: 17.4 → 17.48 (CHANGED)
[2026-01-22 15:40:55]   [emp_id: 5409] ✓ Updated: 17.45 → 17.51 (CHANGED)
[2026-01-22 15:40:55]   [emp_id: 5413] ✓ Updated: 29.8 → 29.88 (CHANGED)
[2026-01-22 15:40:55]   [emp_id: 5414] ✓ Updated: 29.47 → 29.55 (CHANGED)
[2026-01-22 15:40:55]   [emp_id: 5415] ✓ Updated: 5.4 → 5.48 (CHANGED)
[2026-01-22 15:40:55]   [emp_id: 5418] ✓ Updated: 16.51 → 16.57 (CHANGED)
[2026-01-22 15:40:55]   [emp_id: 5422] ✓ Updated: 22.13 → 22.21 (CHANGED)
[2026-01-22 15:40:55]   [emp_id: 5423] ✓ Updated: 6.82 → 6.9 (CHANGED)
[2026-01-22 15:40:55]   [emp_id: 5425] ✓ Updated: 15.06 → 15.12 (CHANGED)
[2026-01-22 15:40:55]   [emp_id: 5426] ✓ Updated: 3.37 → 3.45 (CHANGED)
[2026-01-22 15:40:55]   [emp_id: 5426] ✓ Updated: 3.37 → 3.45 (CHANGED)
[2026-01-22 15:40:55]   [emp_id: 5427] ✓ Updated: 15.17 → 15.23 (CHANGED)
[2026-01-22 15:40:55]   [emp_id: 5428] ✓ Updated: 15.06 → 15.12 (CHANGED)
[2026-01-22 15:40:55]   [emp_id: 5430] ✓ Updated: 19.19 → 19.27 (CHANGED)
[2026-01-22 15:40:55]   [emp_id: 5431] ✓ Updated: 14.18 → 14.24 (CHANGED)
[2026-01-22 15:40:55]   [emp_id: 5433] ✓ Updated: 14.2 → 14.26 (CHANGED)
[2026-01-22 15:40:55]   [emp_id: 5434] ✓ Updated: 13.95 → 14.01 (CHANGED)
[2026-01-22 15:40:55]   [emp_id: 5435] ✓ Updated: 13.89 → 13.95 (CHANGED)
[2026-01-22 15:40:55]   [emp_id: 5436] ✓ Updated: 13.89 → 13.95 (CHANGED)
[2026-01-22 15:40:55]   [emp_id: 5438] ✓ Updated: 17.05 → 17.13 (CHANGED)
[2026-01-22 15:40:55]   [emp_id: 5439] ✓ Updated: 26.55 → 26.63 (CHANGED)
[2026-01-22 15:40:55]   [emp_id: 5442] ✓ Updated: 15.55 → 15.63 (CHANGED)
[2026-01-22 15:40:55]   [emp_id: 5445] ✓ Updated: 8.35 → 8.41 (CHANGED)
[2026-01-22 15:40:55]   [emp_id: 5446] ✓ Updated: 8.35 → 8.41 (CHANGED)
[2026-01-22 15:40:55]   [emp_id: 5447] ✓ Updated: 8.29 → 8.35 (CHANGED)
[2026-01-22 15:40:55]   [emp_id: 5448] ✓ Updated: 2.57 → 2.65 (CHANGED)
[2026-01-22 15:40:55]   [emp_id: 5449] ✓ Updated: 6.37 → 6.43 (CHANGED)
[2026-01-22 15:40:56]   [emp_id: 5450] ✓ Updated: 6.31 → 6.37 (CHANGED)
[2026-01-22 15:40:56]   [emp_id: 5451] ✓ Updated: 6.31 → 6.37 (CHANGED)
[2026-01-22 15:40:56]   [emp_id: 5453] ✓ Updated: 6.15 → 6.21 (CHANGED)
[2026-01-22 15:40:56]   [emp_id: 5454] ✓ Updated: 8.63 → 8.71 (CHANGED)
[2026-01-22 15:40:56]   [emp_id: 5455] ✓ Updated: 2.88 → 2.96 (CHANGED)
[2026-01-22 15:40:56]   [emp_id: 5456] ✓ Updated: 7.88 → 7.96 (CHANGED)
[2026-01-22 15:40:56]   [emp_id: 5457] ✓ Updated: 5.4 → 5.46 (CHANGED)
[2026-01-22 15:40:56]   [emp_id: 5460] ✓ Updated: 6.53 → 6.61 (CHANGED)
[2026-01-22 15:40:56]   [emp_id: 5463] ✓ Updated: 5.86 → 5.94 (CHANGED)
[2026-01-22 15:40:56]   [emp_id: 5464] ✓ Updated: 5.86 → 5.94 (CHANGED)
[2026-01-22 15:40:56]   [emp_id: 5466] ✓ Updated: 3.61 → 3.69 (CHANGED)
[2026-01-22 15:40:56]   [emp_id: 5467] ✓ Updated: 2.53 → 2.61 (CHANGED)
[2026-01-22 15:40:56]   [emp_id: 5468] ✓ Updated: 1.48 → 1.56 (CHANGED)
[2026-01-22 15:40:56]   [emp_id: 5469] ✓ Updated: 1.39 → 1.47 (CHANGED)
[2026-01-22 15:40:56] Report saved to: D:\xampp\htdocs\almutlak\system/cron_logs/last_vacation_update_report.json
[2026-01-22 15:41:09] ========== CRON: Vacation Balance Update Started ==========
[2026-01-22 15:41:10] ========== CRON: Vacation Balance Update Started ==========
[2026-01-22 15:42:50] ========== CRON: Vacation Balance Update Started ==========
[2026-01-22 15:42:50] FORCE RUN enabled: Bypassing once-per-day restriction
[2026-01-22 15:42:50] Database connection established
[2026-01-22 15:42:50] Found 433 active employees with balance records to update
[2026-01-22 15:42:50] (Only employees with status=1 will be processed)
[2026-01-22 15:42:50]   [emp_id: 1061] ✓ Refreshed: 1.2 (unchanged value, timestamp updated)
[2026-01-22 15:42:50]   [emp_id: 1496] ✓ Refreshed: 18.05 (unchanged value, timestamp updated)
[2026-01-22 15:42:50]   [emp_id: 1500] ✓ Refreshed: 5.73 (unchanged value, timestamp updated)
[2026-01-22 15:42:50]   [emp_id: 1574] ✓ Refreshed: 34.96 (unchanged value, timestamp updated)
[2026-01-22 15:42:50]   [emp_id: 1673] ✓ Refreshed: 46.46 (unchanged value, timestamp updated)
[2026-01-22 15:42:50]   [emp_id: 1685] ✓ Refreshed: 16.38 (unchanged value, timestamp updated)
[2026-01-22 15:42:50]   [emp_id: 1764] ✓ Refreshed: 71.05 (unchanged value, timestamp updated)
[2026-01-22 15:42:51]   [emp_id: 1805] ✓ Refreshed: 65.38 (unchanged value, timestamp updated)
[2026-01-22 15:42:51]   [emp_id: 1822] ✓ Refreshed: 70.13 (unchanged value, timestamp updated)
[2026-01-22 15:42:51]   [emp_id: 1837] ✓ Refreshed: 26.3 (unchanged value, timestamp updated)
[2026-01-22 15:42:51]   [emp_id: 1857] ✓ Refreshed: 21.63 (unchanged value, timestamp updated)
[2026-01-22 15:42:51]   [emp_id: 1861] ✓ Refreshed: 72.46 (unchanged value, timestamp updated)
[2026-01-22 15:42:51]   [emp_id: 1872] ✓ Refreshed: 11.3 (unchanged value, timestamp updated)
[2026-01-22 15:42:51]   [emp_id: 1897] ✓ Refreshed: 6.63 (unchanged value, timestamp updated)
[2026-01-22 15:42:51]   [emp_id: 1916] ✓ Refreshed: 12.93 (unchanged value, timestamp updated)
[2026-01-22 15:42:51]   [emp_id: 1928] ✓ Refreshed: 65.88 (unchanged value, timestamp updated)
[2026-01-22 15:42:51]   [emp_id: 1931] ✓ Refreshed: 85.8 (unchanged value, timestamp updated)
[2026-01-22 15:42:51]   [emp_id: 1944] ✓ Refreshed: 43.96 (unchanged value, timestamp updated)
[2026-01-22 15:42:51]   [emp_id: 1996] ✓ Refreshed: 72.46 (unchanged value, timestamp updated)
[2026-01-22 15:42:51]   [emp_id: 1997] ✓ Refreshed: 37.63 (unchanged value, timestamp updated)
[2026-01-22 15:42:51]   [emp_id: 1998] ✓ Refreshed: 29.07 (unchanged value, timestamp updated)
[2026-01-22 15:42:51]   [emp_id: 1999] ✓ Refreshed: 30.07 (unchanged value, timestamp updated)
[2026-01-22 15:42:51]   [emp_id: 2009] ✓ Refreshed: 36.38 (unchanged value, timestamp updated)
[2026-01-22 15:42:51]   [emp_id: 2048] ✓ Refreshed: 26.21 (unchanged value, timestamp updated)
[2026-01-22 15:42:51]   [emp_id: 2057] ✓ Refreshed: 67.05 (unchanged value, timestamp updated)
[2026-01-22 15:42:51]   [emp_id: 2079] ✓ Refreshed: 49.38 (unchanged value, timestamp updated)
[2026-01-22 15:42:51]   [emp_id: 2181] ✓ Refreshed: 38.38 (unchanged value, timestamp updated)
[2026-01-22 15:42:51]   [emp_id: 2190] ✓ Refreshed: 7.71 (unchanged value, timestamp updated)
[2026-01-22 15:42:51]   [emp_id: 2212] ✓ Refreshed: 25.71 (unchanged value, timestamp updated)
[2026-01-22 15:42:51]   [emp_id: 2226] ✓ Refreshed: 70.46 (unchanged value, timestamp updated)
[2026-01-22 15:42:51]   [emp_id: 2238] ✓ Refreshed: 68.71 (unchanged value, timestamp updated)
[2026-01-22 15:42:51]   [emp_id: 2285] ✓ Refreshed: 37.38 (unchanged value, timestamp updated)
[2026-01-22 15:42:51]   [emp_id: 2287] ✓ Refreshed: 49.05 (unchanged value, timestamp updated)
[2026-01-22 15:42:51]   [emp_id: 2288] ✓ Refreshed: 4.07 (unchanged value, timestamp updated)
[2026-01-22 15:42:51]   [emp_id: 2316] ✓ Refreshed: 17.88 (unchanged value, timestamp updated)
[2026-01-22 15:42:51]   [emp_id: 2337] ✓ Refreshed: 38.96 (unchanged value, timestamp updated)
[2026-01-22 15:42:51]   [emp_id: 2352] ✓ Refreshed: 70.46 (unchanged value, timestamp updated)
[2026-01-22 15:42:51]   [emp_id: 2358] ✓ Refreshed: 6.96 (unchanged value, timestamp updated)
[2026-01-22 15:42:51]   [emp_id: 2361] ✓ Refreshed: 72.63 (unchanged value, timestamp updated)
[2026-01-22 15:42:51]   [emp_id: 2363] ✓ Refreshed: 75.21 (unchanged value, timestamp updated)
[2026-01-22 15:42:51]   [emp_id: 2364] ✓ Refreshed: 74.63 (unchanged value, timestamp updated)
[2026-01-22 15:42:51]   [emp_id: 2367] ✓ Refreshed: 102.3 (unchanged value, timestamp updated)
[2026-01-22 15:42:51]   [emp_id: 2368] ✓ Refreshed: 32.71 (unchanged value, timestamp updated)
[2026-01-22 15:42:51]   [emp_id: 2372] ✓ Refreshed: 69.96 (unchanged value, timestamp updated)
[2026-01-22 15:42:51]   [emp_id: 2376] ✓ Refreshed: 119.96 (unchanged value, timestamp updated)
[2026-01-22 15:42:51]   [emp_id: 2423] ✓ Refreshed: 20.71 (unchanged value, timestamp updated)
[2026-01-22 15:42:51]   [emp_id: 2519] ✓ Refreshed: 114.38 (unchanged value, timestamp updated)
[2026-01-22 15:42:51]   [emp_id: 2522] ✓ Refreshed: 57.96 (unchanged value, timestamp updated)
[2026-01-22 15:42:51]   [emp_id: 2530] ✓ Refreshed: 53.21 (unchanged value, timestamp updated)
[2026-01-22 15:42:51]   [emp_id: 2539] ✓ Refreshed: 49.96 (unchanged value, timestamp updated)
[2026-01-22 15:42:51]   [emp_id: 2541] ✓ Refreshed: 30.55 (unchanged value, timestamp updated)
[2026-01-22 15:42:51]   [emp_id: 2550] ✓ Refreshed: 96.71 (unchanged value, timestamp updated)
[2026-01-22 15:42:51]   [emp_id: 2553] ✓ Refreshed: 33.82 (unchanged value, timestamp updated)
[2026-01-22 15:42:51]   [emp_id: 2554] ✓ Refreshed: 40.3 (unchanged value, timestamp updated)
[2026-01-22 15:42:51]   [emp_id: 2565] ✓ Refreshed: 94.88 (unchanged value, timestamp updated)
[2026-01-22 15:42:51]   [emp_id: 2572] ✓ Refreshed: 44.88 (unchanged value, timestamp updated)
[2026-01-22 15:42:52]   [emp_id: 2637] ✓ Refreshed: 65.46 (unchanged value, timestamp updated)
[2026-01-22 15:42:52]   [emp_id: 2642] ✓ Refreshed: 78.21 (unchanged value, timestamp updated)
[2026-01-22 15:42:52]   [emp_id: 2645] ✓ Refreshed: 94.21 (unchanged value, timestamp updated)
[2026-01-22 15:42:52]   [emp_id: 2648] ✓ Refreshed: 45.88 (unchanged value, timestamp updated)
[2026-01-22 15:42:52]   [emp_id: 2654] ✓ Refreshed: 88.55 (unchanged value, timestamp updated)
[2026-01-22 15:42:52]   [emp_id: 2688] ✓ Refreshed: 26.63 (unchanged value, timestamp updated)
[2026-01-22 15:42:52]   [emp_id: 2690] ✓ Refreshed: 15.38 (unchanged value, timestamp updated)
[2026-01-22 15:42:52]   [emp_id: 2709] ✓ Refreshed: 37.63 (unchanged value, timestamp updated)
[2026-01-22 15:42:52]   [emp_id: 2745] ✓ Refreshed: 34.21 (unchanged value, timestamp updated)
[2026-01-22 15:42:52]   [emp_id: 2843] ✓ Refreshed: 80.8 (unchanged value, timestamp updated)
[2026-01-22 15:42:52]   [emp_id: 2854] ✓ Refreshed: 60.71 (unchanged value, timestamp updated)
[2026-01-22 15:42:52]   [emp_id: 2869] ✓ Refreshed: 4.63 (unchanged value, timestamp updated)
[2026-01-22 15:42:52]   [emp_id: 2876] ✓ Refreshed: 35.46 (unchanged value, timestamp updated)
[2026-01-22 15:42:52]   [emp_id: 2924] ✓ Refreshed: 16.63 (unchanged value, timestamp updated)
[2026-01-22 15:42:52]   [emp_id: 2953] ✓ Refreshed: 102.38 (unchanged value, timestamp updated)
[2026-01-22 15:42:52]   [emp_id: 2961] ✓ Refreshed: 12.38 (unchanged value, timestamp updated)
[2026-01-22 15:42:52]   [emp_id: 2975] ✓ Refreshed: 2.06 (unchanged value, timestamp updated)
[2026-01-22 15:42:52]   [emp_id: 3013] ✓ Refreshed: 11.38 (unchanged value, timestamp updated)
[2026-01-22 15:42:52]   [emp_id: 3014] ✓ Refreshed: 90.63 (unchanged value, timestamp updated)
[2026-01-22 15:42:52]   [emp_id: 3015] ✓ Refreshed: 1.88 (unchanged value, timestamp updated)
[2026-01-22 15:42:52]   [emp_id: 3018] ✓ Refreshed: 60.63 (unchanged value, timestamp updated)
[2026-01-22 15:42:52]   [emp_id: 3025] ✓ Refreshed: 24.4 (unchanged value, timestamp updated)
[2026-01-22 15:42:52]   [emp_id: 3037] ✓ Refreshed: 84.13 (unchanged value, timestamp updated)
[2026-01-22 15:42:52]   [emp_id: 3047] ✓ Refreshed: 72.38 (unchanged value, timestamp updated)
[2026-01-22 15:42:52]   [emp_id: 3061] ✓ Refreshed: 19.3 (unchanged value, timestamp updated)
[2026-01-22 15:42:52]   [emp_id: 3062] ✓ Refreshed: 52.46 (unchanged value, timestamp updated)
[2026-01-22 15:42:52]   [emp_id: 3074] ✓ Refreshed: 108.88 (unchanged value, timestamp updated)
[2026-01-22 15:42:52]   [emp_id: 3089] ✓ Refreshed: 7.8 (unchanged value, timestamp updated)
[2026-01-22 15:42:52]   [emp_id: 3090] ✓ Refreshed: 34.38 (unchanged value, timestamp updated)
[2026-01-22 15:42:52]   [emp_id: 3091] ✓ Refreshed: 46.38 (unchanged value, timestamp updated)
[2026-01-22 15:42:52]   [emp_id: 3092] ✓ Refreshed: 29.05 (unchanged value, timestamp updated)
[2026-01-22 15:42:52]   [emp_id: 3105] ✓ Refreshed: 49.38 (unchanged value, timestamp updated)
[2026-01-22 15:42:52]   [emp_id: 3134] ✓ Refreshed: 45.13 (unchanged value, timestamp updated)
[2026-01-22 15:42:52]   [emp_id: 3140] ✓ Refreshed: 42.21 (unchanged value, timestamp updated)
[2026-01-22 15:42:52]   [emp_id: 3144] ✓ Refreshed: 15.05 (unchanged value, timestamp updated)
[2026-01-22 15:42:52]   [emp_id: 3156] ✓ Refreshed: 18.38 (unchanged value, timestamp updated)
[2026-01-22 15:42:52]   [emp_id: 3162] ✓ Refreshed: 3.36 (unchanged value, timestamp updated)
[2026-01-22 15:42:52]   [emp_id: 3163] ✓ Refreshed: 6.63 (unchanged value, timestamp updated)
[2026-01-22 15:42:52]   [emp_id: 3198] ✓ Refreshed: 41.63 (unchanged value, timestamp updated)
[2026-01-22 15:42:52]   [emp_id: 3205] ✓ Refreshed: 18.3 (unchanged value, timestamp updated)
[2026-01-22 15:42:52]   [emp_id: 3209] ✓ Refreshed: 42.46 (unchanged value, timestamp updated)
[2026-01-22 15:42:52]   [emp_id: 3223] ✓ Refreshed: 91.38 (unchanged value, timestamp updated)
[2026-01-22 15:42:52]   [emp_id: 3224] ✓ Refreshed: 66.13 (unchanged value, timestamp updated)
[2026-01-22 15:42:52]   [emp_id: 3230] ✓ Refreshed: 89.55 (unchanged value, timestamp updated)
[2026-01-22 15:42:52]   [emp_id: 3231] ✓ Refreshed: 1.92 (unchanged value, timestamp updated)
[2026-01-22 15:42:52]   [emp_id: 3233] ✓ Refreshed: 82.38 (unchanged value, timestamp updated)
[2026-01-22 15:42:53]   [emp_id: 3249] ✓ Refreshed: 38.21 (unchanged value, timestamp updated)
[2026-01-22 15:42:53]   [emp_id: 3250] ✓ Refreshed: 11.21 (unchanged value, timestamp updated)
[2026-01-22 15:42:53]   [emp_id: 3252] ✓ Refreshed: 12.13 (unchanged value, timestamp updated)
[2026-01-22 15:42:53]   [emp_id: 3254] ✓ Refreshed: 22.63 (unchanged value, timestamp updated)
[2026-01-22 15:42:53]   [emp_id: 3255] ✓ Refreshed: 19.05 (unchanged value, timestamp updated)
[2026-01-22 15:42:53]   [emp_id: 3256] ✓ Refreshed: 15.3 (unchanged value, timestamp updated)
[2026-01-22 15:42:53]   [emp_id: 3263] ✓ Refreshed: 31.38 (unchanged value, timestamp updated)
[2026-01-22 15:42:53]   [emp_id: 3265] ✓ Refreshed: 26.96 (unchanged value, timestamp updated)
[2026-01-22 15:42:53]   [emp_id: 3280] ✓ Refreshed: 73.88 (unchanged value, timestamp updated)
[2026-01-22 15:42:53]   [emp_id: 3286] ✓ Refreshed: 17.05 (unchanged value, timestamp updated)
[2026-01-22 15:42:53]   [emp_id: 3294] ✓ Refreshed: 16.71 (unchanged value, timestamp updated)
[2026-01-22 15:42:53]   [emp_id: 3321] ✓ Refreshed: 73.88 (unchanged value, timestamp updated)
[2026-01-22 15:42:53]   [emp_id: 3325] ✓ Refreshed: 61.63 (unchanged value, timestamp updated)
[2026-01-22 15:42:53]   [emp_id: 3329] ✓ Refreshed: 63.96 (unchanged value, timestamp updated)
[2026-01-22 15:42:53]   [emp_id: 3330] ✓ Refreshed: 63.96 (unchanged value, timestamp updated)
[2026-01-22 15:42:53]   [emp_id: 3332] ✓ Refreshed: 63.96 (unchanged value, timestamp updated)
[2026-01-22 15:42:53]   [emp_id: 3370] ✓ Refreshed: 55.47 (unchanged value, timestamp updated)
[2026-01-22 15:42:53]   [emp_id: 3384] ✓ Refreshed: 16.13 (unchanged value, timestamp updated)
[2026-01-22 15:42:53]   [emp_id: 3386] ✓ Refreshed: 46.13 (unchanged value, timestamp updated)
[2026-01-22 15:42:53]   [emp_id: 3431] ✓ Refreshed: 20.55 (unchanged value, timestamp updated)
[2026-01-22 15:42:53]   [emp_id: 3497] ✓ Refreshed: 10.71 (unchanged value, timestamp updated)
[2026-01-22 15:42:53]   [emp_id: 3532] ✓ Refreshed: 1.55 (unchanged value, timestamp updated)
[2026-01-22 15:42:53]   [emp_id: 3602] ✓ Refreshed: 3.12 (unchanged value, timestamp updated)
[2026-01-22 15:42:53]   [emp_id: 3618] ✓ Refreshed: 25.1 (unchanged value, timestamp updated)
[2026-01-22 15:42:53]   [emp_id: 3622] ✓ Refreshed: 35.67 (unchanged value, timestamp updated)
[2026-01-22 15:42:53]   [emp_id: 3627] ✓ Refreshed: 11.05 (unchanged value, timestamp updated)
[2026-01-22 15:42:53]   [emp_id: 3665] ✓ Refreshed: 52.63 (unchanged value, timestamp updated)
[2026-01-22 15:42:53]   [emp_id: 3705] ✓ Refreshed: 29 (unchanged value, timestamp updated)
[2026-01-22 15:42:53]   [emp_id: 3724] ✓ Refreshed: 45.63 (unchanged value, timestamp updated)
[2026-01-22 15:42:53]   [emp_id: 3726] ✓ Refreshed: 62.05 (unchanged value, timestamp updated)
[2026-01-22 15:42:53]   [emp_id: 3727] ✓ Refreshed: 67.13 (unchanged value, timestamp updated)
[2026-01-22 15:42:53]   [emp_id: 3728] ✓ Refreshed: 11.46 (unchanged value, timestamp updated)
[2026-01-22 15:42:53]   [emp_id: 3767] ✓ Refreshed: 2.21 (unchanged value, timestamp updated)
[2026-01-22 15:42:53]   [emp_id: 3768] ✓ Refreshed: 58.46 (unchanged value, timestamp updated)
[2026-01-22 15:42:53]   [emp_id: 3787] ✓ Refreshed: 59.05 (unchanged value, timestamp updated)
[2026-01-22 15:42:53]   [emp_id: 3790] ✓ Refreshed: 3.6 (unchanged value, timestamp updated)
[2026-01-22 15:42:53]   [emp_id: 3795] ✓ Refreshed: 16.55 (unchanged value, timestamp updated)
[2026-01-22 15:42:53]   [emp_id: 3798] ✓ Refreshed: 94.96 (unchanged value, timestamp updated)
[2026-01-22 15:42:53]   [emp_id: 3801] ✓ Refreshed: 3.23 (unchanged value, timestamp updated)
[2026-01-22 15:42:53]   [emp_id: 3802] ✓ Refreshed: 32.21 (unchanged value, timestamp updated)
[2026-01-22 15:42:53]   [emp_id: 3803] ✓ Refreshed: 116.63 (unchanged value, timestamp updated)
[2026-01-22 15:42:53]   [emp_id: 3810] ✓ Refreshed: 62.63 (unchanged value, timestamp updated)
[2026-01-22 15:42:53]   [emp_id: 3812] ✓ Refreshed: 91.63 (unchanged value, timestamp updated)
[2026-01-22 15:42:53]   [emp_id: 3815] ✓ Refreshed: 91.63 (unchanged value, timestamp updated)
[2026-01-22 15:42:53]   [emp_id: 3836] ✓ Refreshed: 59.3 (unchanged value, timestamp updated)
[2026-01-22 15:42:53]   [emp_id: 3855] ✓ Refreshed: 52.46 (unchanged value, timestamp updated)
[2026-01-22 15:42:53]   [emp_id: 3857] ✓ Refreshed: 56.13 (unchanged value, timestamp updated)
[2026-01-22 15:42:53]   [emp_id: 3862] ✓ Refreshed: 104.21 (unchanged value, timestamp updated)
[2026-01-22 15:42:53]   [emp_id: 3866] ✓ Refreshed: 29.46 (unchanged value, timestamp updated)
[2026-01-22 15:42:54]   [emp_id: 3876] ✓ Refreshed: 25.63 (unchanged value, timestamp updated)
[2026-01-22 15:42:54]   [emp_id: 3877] ✓ Refreshed: 51.13 (unchanged value, timestamp updated)
[2026-01-22 15:42:54]   [emp_id: 3897] ✓ Refreshed: 39.38 (unchanged value, timestamp updated)
[2026-01-22 15:42:54]   [emp_id: 3899] ✓ Refreshed: 1.2 (unchanged value, timestamp updated)
[2026-01-22 15:42:54]   [emp_id: 3928] ✓ Refreshed: 15.46 (unchanged value, timestamp updated)
[2026-01-22 15:42:54]   [emp_id: 3929] ✓ Refreshed: 10.46 (unchanged value, timestamp updated)
[2026-01-22 15:42:54]   [emp_id: 3935] ✓ Refreshed: 95.46 (unchanged value, timestamp updated)
[2026-01-22 15:42:54]   [emp_id: 3952] ✓ Refreshed: 76.8 (unchanged value, timestamp updated)
[2026-01-22 15:42:54]   [emp_id: 3987] ✓ Refreshed: 15.71 (unchanged value, timestamp updated)
[2026-01-22 15:42:54]   [emp_id: 4059] ✓ Refreshed: 4.91 (unchanged value, timestamp updated)
[2026-01-22 15:42:54]   [emp_id: 4119] ✓ Refreshed: 58.38 (unchanged value, timestamp updated)
[2026-01-22 15:42:54]   [emp_id: 4120] ✓ Refreshed: 27.96 (unchanged value, timestamp updated)
[2026-01-22 15:42:54]   [emp_id: 4124] ✓ Refreshed: 28.48 (unchanged value, timestamp updated)
[2026-01-22 15:42:54]   [emp_id: 4133] ✓ Refreshed: 106.96 (unchanged value, timestamp updated)
[2026-01-22 15:42:54]   [emp_id: 4134] ✓ Refreshed: 27.96 (unchanged value, timestamp updated)
[2026-01-22 15:42:54]   [emp_id: 4136] ✓ Refreshed: 27.96 (unchanged value, timestamp updated)
[2026-01-22 15:42:54]   [emp_id: 4150] ✓ Refreshed: 26.63 (unchanged value, timestamp updated)
[2026-01-22 15:42:54]   [emp_id: 4157] ✓ Refreshed: 20.13 (unchanged value, timestamp updated)
[2026-01-22 15:42:54]   [emp_id: 4172] ✓ Refreshed: 13.58 (unchanged value, timestamp updated)
[2026-01-22 15:42:54]   [emp_id: 4195] ✓ Refreshed: 63.71 (unchanged value, timestamp updated)
[2026-01-22 15:42:54]   [emp_id: 4215] ✓ Refreshed: 46.38 (unchanged value, timestamp updated)
[2026-01-22 15:42:54]   [emp_id: 4220] ✓ Refreshed: 41.96 (unchanged value, timestamp updated)
[2026-01-22 15:42:54]   [emp_id: 4273] ✓ Refreshed: 10.63 (unchanged value, timestamp updated)
[2026-01-22 15:42:54]   [emp_id: 4283] ✓ Refreshed: 14.67 (unchanged value, timestamp updated)
[2026-01-22 15:42:54]   [emp_id: 4288] ✓ Refreshed: 1.2 (unchanged value, timestamp updated)
[2026-01-22 15:42:54]   [emp_id: 4315] ✓ Refreshed: 13.88 (unchanged value, timestamp updated)
[2026-01-22 15:42:54]   [emp_id: 4328] ✓ Refreshed: 43.5 (unchanged value, timestamp updated)
[2026-01-22 15:42:54]   [emp_id: 4329] ✓ Refreshed: 7.05 (unchanged value, timestamp updated)
[2026-01-22 15:42:54]   [emp_id: 4338] ✓ Refreshed: 48.63 (unchanged value, timestamp updated)
[2026-01-22 15:42:54]   [emp_id: 4340] ✓ Refreshed: 110.63 (unchanged value, timestamp updated)
[2026-01-22 15:42:54]   [emp_id: 4365] ✓ Refreshed: 62.05 (unchanged value, timestamp updated)
[2026-01-22 15:42:54]   [emp_id: 4366] ✓ Refreshed: 61.13 (unchanged value, timestamp updated)
[2026-01-22 15:42:54]   [emp_id: 4403] ✓ Refreshed: 86.96 (unchanged value, timestamp updated)
[2026-01-22 15:42:54]   [emp_id: 4438] ✓ Refreshed: 22.63 (unchanged value, timestamp updated)
[2026-01-22 15:42:54]   [emp_id: 4465] ✓ Refreshed: 13.83 (unchanged value, timestamp updated)
[2026-01-22 15:42:54]   [emp_id: 4473] ✓ Refreshed: 46.21 (unchanged value, timestamp updated)
[2026-01-22 15:42:54]   [emp_id: 4474] ✓ Refreshed: 4.34 (unchanged value, timestamp updated)
[2026-01-22 15:42:54]   [emp_id: 4493] ✓ Refreshed: 165.05 (unchanged value, timestamp updated)
[2026-01-22 15:42:54]   [emp_id: 4526] ✓ Refreshed: 37.3 (unchanged value, timestamp updated)
[2026-01-22 15:42:54]   [emp_id: 4528] ✓ Refreshed: 109.05 (unchanged value, timestamp updated)
[2026-01-22 15:42:54]   [emp_id: 4528] ✓ Refreshed: 109.05 (unchanged value, timestamp updated)
[2026-01-22 15:42:54]   [emp_id: 4532] ✓ Refreshed: 8.95 (unchanged value, timestamp updated)
[2026-01-22 15:42:54]   [emp_id: 4533] ✓ Refreshed: 37.46 (unchanged value, timestamp updated)
[2026-01-22 15:42:54]   [emp_id: 4565] ✓ Refreshed: 16.33 (unchanged value, timestamp updated)
[2026-01-22 15:42:54]   [emp_id: 4567] ✓ Refreshed: 20.58 (unchanged value, timestamp updated)
[2026-01-22 15:42:54]   [emp_id: 4572] ✓ Refreshed: 60.08 (unchanged value, timestamp updated)
[2026-01-22 15:42:54]   [emp_id: 4631] ✓ Refreshed: 16.33 (unchanged value, timestamp updated)
[2026-01-22 15:42:54]   [emp_id: 4655] ✓ Refreshed: 26.38 (unchanged value, timestamp updated)
[2026-01-22 15:42:54]   [emp_id: 4709] ✓ Refreshed: 41.63 (unchanged value, timestamp updated)
[2026-01-22 15:42:54]   [emp_id: 4717] ✓ Refreshed: 67.63 (unchanged value, timestamp updated)
[2026-01-22 15:42:55]   [emp_id: 4736] ✓ Refreshed: 29.46 (unchanged value, timestamp updated)
[2026-01-22 15:42:55]   [emp_id: 4756] ✓ Refreshed: 12.77 (unchanged value, timestamp updated)
[2026-01-22 15:42:55]   [emp_id: 4768] ✓ Refreshed: 15.13 (unchanged value, timestamp updated)
[2026-01-22 15:42:55]   [emp_id: 4780] ✓ Refreshed: 66.5 (unchanged value, timestamp updated)
[2026-01-22 15:42:55]   [emp_id: 4820] ✓ Refreshed: 100.46 (unchanged value, timestamp updated)
[2026-01-22 15:42:55]   [emp_id: 4824] ✓ Refreshed: 3.64 (unchanged value, timestamp updated)
[2026-01-22 15:42:55]   [emp_id: 4825] ✓ Refreshed: 32.21 (unchanged value, timestamp updated)
[2026-01-22 15:42:55]   [emp_id: 4837] ✓ Refreshed: 46.49 (unchanged value, timestamp updated)
[2026-01-22 15:42:55]   [emp_id: 4840] ✓ Refreshed: 46.49 (unchanged value, timestamp updated)
[2026-01-22 15:42:55]   [emp_id: 4842] ✓ Refreshed: 45.73 (unchanged value, timestamp updated)
[2026-01-22 15:42:55]   [emp_id: 4843] ✓ Refreshed: 46.26 (unchanged value, timestamp updated)
[2026-01-22 15:42:55]   [emp_id: 4853] ✓ Refreshed: 90.08 (unchanged value, timestamp updated)
[2026-01-22 15:42:55]   [emp_id: 4856] ✓ Refreshed: 43.4 (unchanged value, timestamp updated)
[2026-01-22 15:42:55]   [emp_id: 4857] ✓ Refreshed: 26.22 (unchanged value, timestamp updated)
[2026-01-22 15:42:55]   [emp_id: 4858] ✓ Refreshed: 23.1 (unchanged value, timestamp updated)
[2026-01-22 15:42:55]   [emp_id: 4859] ✓ Refreshed: 44.57 (unchanged value, timestamp updated)
[2026-01-22 15:42:55]   [emp_id: 4860] ✓ Refreshed: 9.07 (unchanged value, timestamp updated)
[2026-01-22 15:42:55]   [emp_id: 4861] ✓ Refreshed: 42.53 (unchanged value, timestamp updated)
[2026-01-22 15:42:55]   [emp_id: 4869] ✓ Refreshed: 85.41 (unchanged value, timestamp updated)
[2026-01-22 15:42:55]   [emp_id: 4894] ✓ Refreshed: 9.13 (unchanged value, timestamp updated)
[2026-01-22 15:42:55]   [emp_id: 4897] ✓ Refreshed: 24.31 (unchanged value, timestamp updated)
[2026-01-22 15:42:55]   [emp_id: 4899] ✓ Refreshed: 20.48 (unchanged value, timestamp updated)
[2026-01-22 15:42:55]   [emp_id: 4902] ✓ Refreshed: 19.9 (unchanged value, timestamp updated)
[2026-01-22 15:42:55]   [emp_id: 4903] ✓ Refreshed: 22.12 (unchanged value, timestamp updated)
[2026-01-22 15:42:55]   [emp_id: 4905] ✓ Refreshed: 20.78 (unchanged value, timestamp updated)
[2026-01-22 15:42:55]   [emp_id: 4907] ✓ Refreshed: 49.21 (unchanged value, timestamp updated)
[2026-01-22 15:42:55]   [emp_id: 4917] ✓ Refreshed: 17.74 (unchanged value, timestamp updated)
[2026-01-22 15:42:55]   [emp_id: 4918] ✓ Refreshed: 7.51 (unchanged value, timestamp updated)
[2026-01-22 15:42:55]   [emp_id: 4919] ✓ Refreshed: 59.8 (unchanged value, timestamp updated)
[2026-01-22 15:42:55]   [emp_id: 4920] ✓ Refreshed: 6.88 (unchanged value, timestamp updated)
[2026-01-22 15:42:55]   [emp_id: 4921] ✓ Refreshed: 18.97 (unchanged value, timestamp updated)
[2026-01-22 15:42:55]   [emp_id: 4927] ✓ Refreshed: 17.8 (unchanged value, timestamp updated)
[2026-01-22 15:42:55]   [emp_id: 4929] ✓ Refreshed: 19.32 (unchanged value, timestamp updated)
[2026-01-22 15:42:55]   [emp_id: 4930] ✓ Refreshed: 60.09 (unchanged value, timestamp updated)
[2026-01-22 15:42:55]   [emp_id: 4932] ✓ Refreshed: 18.09 (unchanged value, timestamp updated)
[2026-01-22 15:42:55]   [emp_id: 4933] ✓ Refreshed: 21.5 (unchanged value, timestamp updated)
[2026-01-22 15:42:55]   [emp_id: 4949] ✓ Refreshed: 24.93 (unchanged value, timestamp updated)
[2026-01-22 15:42:55]   [emp_id: 4956] ✓ Refreshed: 30.52 (unchanged value, timestamp updated)
[2026-01-22 15:42:55]   [emp_id: 4957] ✓ Refreshed: 26.19 (unchanged value, timestamp updated)
[2026-01-22 15:42:55]   [emp_id: 4962] ✓ Refreshed: 48.57 (unchanged value, timestamp updated)
[2026-01-22 15:42:55]   [emp_id: 4969] ✓ Refreshed: 47.88 (unchanged value, timestamp updated)
[2026-01-22 15:42:55]   [emp_id: 4976] ✓ Refreshed: 11.21 (unchanged value, timestamp updated)
[2026-01-22 15:42:55]   [emp_id: 4984] ✓ Refreshed: 39.13 (unchanged value, timestamp updated)
[2026-01-22 15:42:55]   [emp_id: 4995] ✓ Refreshed: 51.2 (unchanged value, timestamp updated)
[2026-01-22 15:42:55]   [emp_id: 5004] ✓ Refreshed: 28.15 (unchanged value, timestamp updated)
[2026-01-22 15:42:55]   [emp_id: 5006] ✓ Refreshed: 27.89 (unchanged value, timestamp updated)
[2026-01-22 15:42:55]   [emp_id: 5011] ✓ Refreshed: 6.98 (unchanged value, timestamp updated)
[2026-01-22 15:42:56]   [emp_id: 5013] ✓ Refreshed: 68.26 (unchanged value, timestamp updated)
[2026-01-22 15:42:56]   [emp_id: 5018] ✓ Refreshed: 4.75 (unchanged value, timestamp updated)
[2026-01-22 15:42:56]   [emp_id: 5021] ✓ Refreshed: 62.23 (unchanged value, timestamp updated)
[2026-01-22 15:42:56]   [emp_id: 5024] ✓ Refreshed: 2.77 (unchanged value, timestamp updated)
[2026-01-22 15:42:56]   [emp_id: 5030] ✓ Refreshed: 32.72 (unchanged value, timestamp updated)
[2026-01-22 15:42:56]   [emp_id: 5033] ✓ Refreshed: 11.52 (unchanged value, timestamp updated)
[2026-01-22 15:42:56]   [emp_id: 5043] ✓ Refreshed: 31.8 (unchanged value, timestamp updated)
[2026-01-22 15:42:56]   [emp_id: 5045] ✓ Refreshed: 28.3 (unchanged value, timestamp updated)
[2026-01-22 15:42:56]   [emp_id: 5046] ✓ Refreshed: 23.49 (unchanged value, timestamp updated)
[2026-01-22 15:42:56]   [emp_id: 5049] ✓ Refreshed: 40.2 (unchanged value, timestamp updated)
[2026-01-22 15:42:56]   [emp_id: 5052] ✓ Refreshed: 31.48 (unchanged value, timestamp updated)
[2026-01-22 15:42:56]   [emp_id: 5055] ✓ Refreshed: 19.92 (unchanged value, timestamp updated)
[2026-01-22 15:42:56]   [emp_id: 5058] ✓ Refreshed: 28.9 (unchanged value, timestamp updated)
[2026-01-22 15:42:56]   [emp_id: 5062] ✓ Refreshed: 40.73 (unchanged value, timestamp updated)
[2026-01-22 15:42:56]   [emp_id: 5064] ✓ Refreshed: 119.13 (unchanged value, timestamp updated)
[2026-01-22 15:42:56]   [emp_id: 5065] ✓ Refreshed: 40.14 (unchanged value, timestamp updated)
[2026-01-22 15:42:56]   [emp_id: 5071] ✓ Refreshed: 24.63 (unchanged value, timestamp updated)
[2026-01-22 15:42:56]   [emp_id: 5073] ✓ Refreshed: 14.74 (unchanged value, timestamp updated)
[2026-01-22 15:42:56]   [emp_id: 5079] ✓ Refreshed: 35.3 (unchanged value, timestamp updated)
[2026-01-22 15:42:56]   [emp_id: 5080] ✓ Refreshed: 28.63 (unchanged value, timestamp updated)
[2026-01-22 15:42:56]   [emp_id: 5081] ✓ Refreshed: 16.89 (unchanged value, timestamp updated)
[2026-01-22 15:42:56]   [emp_id: 5087] ✓ Refreshed: 36.93 (unchanged value, timestamp updated)
[2026-01-22 15:42:56]   [emp_id: 5091] ✓ Refreshed: 76.78 (unchanged value, timestamp updated)
[2026-01-22 15:42:56]   [emp_id: 5093] ✓ Refreshed: 15.8 (unchanged value, timestamp updated)
[2026-01-22 15:42:56]   [emp_id: 5095] ✓ Refreshed: 2.32 (unchanged value, timestamp updated)
[2026-01-22 15:42:56]   [emp_id: 5101] ✓ Refreshed: 17.88 (unchanged value, timestamp updated)
[2026-01-22 15:42:56]   [emp_id: 5107] ✓ Refreshed: 16.21 (unchanged value, timestamp updated)
[2026-01-22 15:42:56]   [emp_id: 5109] ✓ Refreshed: 13.46 (unchanged value, timestamp updated)
[2026-01-22 15:42:56]   [emp_id: 5119] ✓ Refreshed: 11.63 (unchanged value, timestamp updated)
[2026-01-22 15:42:56]   [emp_id: 5122] ✓ Refreshed: 8.8 (unchanged value, timestamp updated)
[2026-01-22 15:42:56]   [emp_id: 5126] ✓ Refreshed: 27.66 (unchanged value, timestamp updated)
[2026-01-22 15:42:56]   [emp_id: 5127] ✓ Refreshed: 24.45 (unchanged value, timestamp updated)
[2026-01-22 15:42:56]   [emp_id: 5128] ✓ Refreshed: 27.6 (unchanged value, timestamp updated)
[2026-01-22 15:42:56]   [emp_id: 5138] ✓ Refreshed: 51.46 (unchanged value, timestamp updated)
[2026-01-22 15:42:56]   [emp_id: 5138] ✓ Refreshed: 51.46 (unchanged value, timestamp updated)
[2026-01-22 15:42:56]   [emp_id: 5141] ✓ Refreshed: 35.97 (unchanged value, timestamp updated)
[2026-01-22 15:42:56]   [emp_id: 5142] ✓ Refreshed: 14.97 (unchanged value, timestamp updated)
[2026-01-22 15:42:56]   [emp_id: 5146] ✓ Refreshed: 21.97 (unchanged value, timestamp updated)
[2026-01-22 15:42:56]   [emp_id: 5147] ✓ Refreshed: 20.97 (unchanged value, timestamp updated)
[2026-01-22 15:42:56]   [emp_id: 5148] ✓ Refreshed: 26.32 (unchanged value, timestamp updated)
[2026-01-22 15:42:56]   [emp_id: 5149] ✓ Refreshed: 25.21 (unchanged value, timestamp updated)
[2026-01-22 15:42:56]   [emp_id: 5150] ✓ Refreshed: 24.57 (unchanged value, timestamp updated)
[2026-01-22 15:42:56]   [emp_id: 5151] ✓ Refreshed: 24.39 (unchanged value, timestamp updated)
[2026-01-22 15:42:56]   [emp_id: 5152] ✓ Refreshed: 4.81 (unchanged value, timestamp updated)
[2026-01-22 15:42:56]   [emp_id: 5157] ✓ Refreshed: 24.39 (unchanged value, timestamp updated)
[2026-01-22 15:42:56]   [emp_id: 5160] ✓ Refreshed: 24.39 (unchanged value, timestamp updated)
[2026-01-22 15:42:57]   [emp_id: 5163] ✓ Refreshed: 22.18 (unchanged value, timestamp updated)
[2026-01-22 15:42:57]   [emp_id: 5165] ✓ Refreshed: 2.9 (unchanged value, timestamp updated)
[2026-01-22 15:42:57]   [emp_id: 5167] ✓ Refreshed: 31.33 (unchanged value, timestamp updated)
[2026-01-22 15:42:57]   [emp_id: 5168] ✓ Refreshed: 23.87 (unchanged value, timestamp updated)
[2026-01-22 15:42:57]   [emp_id: 5173] ✓ Refreshed: 26.55 (unchanged value, timestamp updated)
[2026-01-22 15:42:57]   [emp_id: 5174] ✓ Refreshed: 24.33 (unchanged value, timestamp updated)
[2026-01-22 15:42:57]   [emp_id: 5181] ✓ Refreshed: 20.72 (unchanged value, timestamp updated)
[2026-01-22 15:42:57]   [emp_id: 5186] ✓ Refreshed: 26.25 (unchanged value, timestamp updated)
[2026-01-22 15:42:57]   [emp_id: 5187] ✓ Refreshed: 37.25 (unchanged value, timestamp updated)
[2026-01-22 15:42:57]   [emp_id: 5204] ✓ Refreshed: 24.05 (unchanged value, timestamp updated)
[2026-01-22 15:42:57]   [emp_id: 5205] ✓ Refreshed: 13.46 (unchanged value, timestamp updated)
[2026-01-22 15:42:57]   [emp_id: 5209] ✓ Refreshed: 16.46 (unchanged value, timestamp updated)
[2026-01-22 15:42:57]   [emp_id: 5213] ✓ Refreshed: 3.87 (unchanged value, timestamp updated)
[2026-01-22 15:42:57]   [emp_id: 5214] ✓ Refreshed: 2.71 (unchanged value, timestamp updated)
[2026-01-22 15:42:57]   [emp_id: 5215] ✓ Refreshed: 11.46 (unchanged value, timestamp updated)
[2026-01-22 15:42:57]   [emp_id: 5217] ✓ Refreshed: 10.46 (unchanged value, timestamp updated)
[2026-01-22 15:42:57]   [emp_id: 5219] ✓ Refreshed: 14.46 (unchanged value, timestamp updated)
[2026-01-22 15:42:57]   [emp_id: 5221] ✓ Refreshed: 3.77 (unchanged value, timestamp updated)
[2026-01-22 15:42:57]   [emp_id: 5224] ✓ Refreshed: 15.46 (unchanged value, timestamp updated)
[2026-01-22 15:42:57]   [emp_id: 5225] ✓ Refreshed: 7.77 (unchanged value, timestamp updated)
[2026-01-22 15:42:57]   [emp_id: 5228] ✓ Refreshed: 10.46 (unchanged value, timestamp updated)
[2026-01-22 15:42:57]   [emp_id: 5229] ✓ Refreshed: 6.46 (unchanged value, timestamp updated)
[2026-01-22 15:42:57]   [emp_id: 5230] ✓ Refreshed: 11.13 (unchanged value, timestamp updated)
[2026-01-22 15:42:57]   [emp_id: 5231] ✓ Refreshed: 7.46 (unchanged value, timestamp updated)
[2026-01-22 15:42:57]   [emp_id: 5232] ✓ Refreshed: 1.46 (unchanged value, timestamp updated)
[2026-01-22 15:42:57]   [emp_id: 5233] ✓ Refreshed: 5.46 (unchanged value, timestamp updated)
[2026-01-22 15:42:57]   [emp_id: 5234] ✓ Refreshed: 5.46 (unchanged value, timestamp updated)
[2026-01-22 15:42:57]   [emp_id: 5235] ✓ Refreshed: 0.9 (unchanged value, timestamp updated)
[2026-01-22 15:42:57]   [emp_id: 5237] ✓ Refreshed: 11.71 (unchanged value, timestamp updated)
[2026-01-22 15:42:57]   [emp_id: 5239] ✓ Refreshed: 8.46 (unchanged value, timestamp updated)
[2026-01-22 15:42:57]   [emp_id: 5241] ✓ Refreshed: 6.46 (unchanged value, timestamp updated)
[2026-01-22 15:42:57]   [emp_id: 5242] ✓ Refreshed: 16.46 (unchanged value, timestamp updated)
[2026-01-22 15:42:57]   [emp_id: 5243] ✓ Refreshed: 2.87 (unchanged value, timestamp updated)
[2026-01-22 15:42:57]   [emp_id: 5244] ✓ Refreshed: 0.9 (unchanged value, timestamp updated)
[2026-01-22 15:42:57]   [emp_id: 5246] ✓ Refreshed: 12.46 (unchanged value, timestamp updated)
[2026-01-22 15:42:57]   [emp_id: 5253] ✓ Refreshed: 25.33 (unchanged value, timestamp updated)
[2026-01-22 15:42:57]   [emp_id: 5254] ✓ Refreshed: 13.31 (unchanged value, timestamp updated)
[2026-01-22 15:42:57]   [emp_id: 5257] ✓ Refreshed: 13.02 (unchanged value, timestamp updated)
[2026-01-22 15:42:57]   [emp_id: 5259] ✓ Refreshed: 49.55 (unchanged value, timestamp updated)
[2026-01-22 15:42:57]   [emp_id: 5261] ✓ Refreshed: 17.65 (unchanged value, timestamp updated)
[2026-01-22 15:42:57]   [emp_id: 5264] ✓ Refreshed: 15.03 (unchanged value, timestamp updated)
[2026-01-22 15:42:57]   [emp_id: 5266] ✓ Refreshed: 21.65 (unchanged value, timestamp updated)
[2026-01-22 15:42:57]   [emp_id: 5268] ✓ Refreshed: 10.22 (unchanged value, timestamp updated)
[2026-01-22 15:42:57]   [emp_id: 5271] ✓ Refreshed: 8.88 (unchanged value, timestamp updated)
[2026-01-22 15:42:57]   [emp_id: 5272] ✓ Refreshed: 9.75 (unchanged value, timestamp updated)
[2026-01-22 15:42:57]   [emp_id: 5273] ✓ Refreshed: 24.82 (unchanged value, timestamp updated)
[2026-01-22 15:42:57]   [emp_id: 5275] ✓ Refreshed: 10.57 (unchanged value, timestamp updated)
[2026-01-22 15:42:57]   [emp_id: 5276] ✓ Refreshed: 24.84 (unchanged value, timestamp updated)
[2026-01-22 15:42:58]   [emp_id: 5278] ✓ Refreshed: 9.23 (unchanged value, timestamp updated)
[2026-01-22 15:42:58]   [emp_id: 5280] ✓ Refreshed: 19.63 (unchanged value, timestamp updated)
[2026-01-22 15:42:58]   [emp_id: 5282] ✓ Refreshed: 13.13 (unchanged value, timestamp updated)
[2026-01-22 15:42:58]   [emp_id: 5285] ✓ Refreshed: 29.63 (unchanged value, timestamp updated)
[2026-01-22 15:42:58]   [emp_id: 5286] ✓ Refreshed: 16.63 (unchanged value, timestamp updated)
[2026-01-22 15:42:58]   [emp_id: 5287] ✓ Refreshed: 50.93 (unchanged value, timestamp updated)
[2026-01-22 15:42:58]   [emp_id: 5288] ✓ Refreshed: 8.2 (unchanged value, timestamp updated)
[2026-01-22 15:42:58]   [emp_id: 5289] ✓ Refreshed: 49.48 (unchanged value, timestamp updated)
[2026-01-22 15:42:58]   [emp_id: 5290] ✓ Refreshed: 48.25 (unchanged value, timestamp updated)
[2026-01-22 15:42:58]   [emp_id: 5291] ✓ Refreshed: 6.25 (unchanged value, timestamp updated)
[2026-01-22 15:42:58]   [emp_id: 5292] ✓ Refreshed: 6.19 (unchanged value, timestamp updated)
[2026-01-22 15:42:58]   [emp_id: 5293] ✓ Refreshed: 9.39 (unchanged value, timestamp updated)
[2026-01-22 15:42:58]   [emp_id: 5294] ✓ Refreshed: 9.05 (unchanged value, timestamp updated)
[2026-01-22 15:42:58]   [emp_id: 5295] ✓ Refreshed: 22.43 (unchanged value, timestamp updated)
[2026-01-22 15:42:58]   [emp_id: 5296] ✓ Refreshed: 36.07 (unchanged value, timestamp updated)
[2026-01-22 15:42:58]   [emp_id: 5297] ✓ Refreshed: 46.85 (unchanged value, timestamp updated)
[2026-01-22 15:42:58]   [emp_id: 5298] ✓ Refreshed: 46.85 (unchanged value, timestamp updated)
[2026-01-22 15:42:58]   [emp_id: 5299] ✓ Refreshed: 46.85 (unchanged value, timestamp updated)
[2026-01-22 15:42:58]   [emp_id: 5300] ✓ Refreshed: 46.85 (unchanged value, timestamp updated)
[2026-01-22 15:42:58]   [emp_id: 5301] ✓ Refreshed: 4.67 (unchanged value, timestamp updated)
[2026-01-22 15:42:58]   [emp_id: 5303] ✓ Refreshed: 5.1 (unchanged value, timestamp updated)
[2026-01-22 15:42:58]   [emp_id: 5304] ✓ Refreshed: 1.85 (unchanged value, timestamp updated)
[2026-01-22 15:42:58]   [emp_id: 5305] ✓ Refreshed: 4.85 (unchanged value, timestamp updated)
[2026-01-22 15:42:58]   [emp_id: 5306] ✓ Refreshed: 46.56 (unchanged value, timestamp updated)
[2026-01-22 15:42:58]   [emp_id: 5307] ✓ Refreshed: 46.56 (unchanged value, timestamp updated)
[2026-01-22 15:42:58]   [emp_id: 5312] ✓ Refreshed: 0.9 (unchanged value, timestamp updated)
[2026-01-22 15:42:58]   [emp_id: 5318] ✓ Refreshed: 27.27 (unchanged value, timestamp updated)
[2026-01-22 15:42:58]   [emp_id: 5325] ✓ Refreshed: 1.23 (unchanged value, timestamp updated)
[2026-01-22 15:42:58]   [emp_id: 5327] ✓ Refreshed: 2.32 (unchanged value, timestamp updated)
[2026-01-22 15:42:58]   [emp_id: 5337] ✓ Refreshed: 36.96 (unchanged value, timestamp updated)
[2026-01-22 15:42:58]   [emp_id: 5339] ✓ Refreshed: 11.42 (unchanged value, timestamp updated)
[2026-01-22 15:42:58]   [emp_id: 5343] ✓ Refreshed: 46.88 (unchanged value, timestamp updated)
[2026-01-22 15:42:58]   [emp_id: 5343] ✓ Refreshed: 46.88 (unchanged value, timestamp updated)
[2026-01-22 15:42:58]   [emp_id: 5345] ✓ Refreshed: 16.71 (unchanged value, timestamp updated)
[2026-01-22 15:42:58]   [emp_id: 5346] ✓ Refreshed: 3.14 (unchanged value, timestamp updated)
[2026-01-22 15:42:58]   [emp_id: 5351] ✓ Refreshed: 18.08 (unchanged value, timestamp updated)
[2026-01-22 15:42:58]   [emp_id: 5352] ✓ Refreshed: 27.13 (unchanged value, timestamp updated)
[2026-01-22 15:42:58]   [emp_id: 5370] ✓ Refreshed: 16.73 (unchanged value, timestamp updated)
[2026-01-22 15:42:58]   [emp_id: 5371] ✓ Refreshed: 8.88 (unchanged value, timestamp updated)
[2026-01-22 15:42:58]   [emp_id: 5376] ✓ Refreshed: 11.33 (unchanged value, timestamp updated)
[2026-01-22 15:42:58]   [emp_id: 5378] ✓ Refreshed: 18.96 (unchanged value, timestamp updated)
[2026-01-22 15:42:58]   [emp_id: 5380] ✓ Refreshed: 17.74 (unchanged value, timestamp updated)
[2026-01-22 15:42:58]   [emp_id: 5381] ✓ Refreshed: 13.4 (unchanged value, timestamp updated)
[2026-01-22 15:42:58]   [emp_id: 5383] ✓ Refreshed: 16.71 (unchanged value, timestamp updated)
[2026-01-22 15:42:58]   [emp_id: 5388] ✓ Refreshed: 28.52 (unchanged value, timestamp updated)
[2026-01-22 15:42:58]   [emp_id: 5396] ✓ Refreshed: 29.76 (unchanged value, timestamp updated)
[2026-01-22 15:42:58]   [emp_id: 5397] ✓ Refreshed: 21.22 (unchanged value, timestamp updated)
[2026-01-22 15:42:58]   [emp_id: 5401] ✓ Refreshed: 24.33 (unchanged value, timestamp updated)
[2026-01-22 15:42:58]   [emp_id: 5402] ✓ Refreshed: 24.45 (unchanged value, timestamp updated)
[2026-01-22 15:42:59]   [emp_id: 5406] ✓ Refreshed: 18.17 (unchanged value, timestamp updated)
[2026-01-22 15:42:59]   [emp_id: 5407] ✓ Refreshed: 17.48 (unchanged value, timestamp updated)
[2026-01-22 15:42:59]   [emp_id: 5409] ✓ Refreshed: 17.51 (unchanged value, timestamp updated)
[2026-01-22 15:42:59]   [emp_id: 5413] ✓ Refreshed: 29.88 (unchanged value, timestamp updated)
[2026-01-22 15:42:59]   [emp_id: 5414] ✓ Refreshed: 29.55 (unchanged value, timestamp updated)
[2026-01-22 15:42:59]   [emp_id: 5415] ✓ Refreshed: 5.48 (unchanged value, timestamp updated)
[2026-01-22 15:42:59]   [emp_id: 5418] ✓ Refreshed: 16.57 (unchanged value, timestamp updated)
[2026-01-22 15:42:59]   [emp_id: 5422] ✓ Refreshed: 22.21 (unchanged value, timestamp updated)
[2026-01-22 15:42:59]   [emp_id: 5423] ✓ Refreshed: 6.9 (unchanged value, timestamp updated)
[2026-01-22 15:42:59]   [emp_id: 5425] ✓ Refreshed: 15.12 (unchanged value, timestamp updated)
[2026-01-22 15:42:59]   [emp_id: 5426] ✓ Refreshed: 3.45 (unchanged value, timestamp updated)
[2026-01-22 15:42:59]   [emp_id: 5426] ✓ Refreshed: 3.45 (unchanged value, timestamp updated)
[2026-01-22 15:42:59]   [emp_id: 5427] ✓ Refreshed: 15.23 (unchanged value, timestamp updated)
[2026-01-22 15:42:59]   [emp_id: 5428] ✓ Refreshed: 15.12 (unchanged value, timestamp updated)
[2026-01-22 15:42:59]   [emp_id: 5430] ✓ Refreshed: 19.27 (unchanged value, timestamp updated)
[2026-01-22 15:42:59]   [emp_id: 5431] ✓ Refreshed: 14.24 (unchanged value, timestamp updated)
[2026-01-22 15:42:59]   [emp_id: 5433] ✓ Refreshed: 14.26 (unchanged value, timestamp updated)
[2026-01-22 15:42:59]   [emp_id: 5434] ✓ Refreshed: 14.01 (unchanged value, timestamp updated)
[2026-01-22 15:42:59]   [emp_id: 5435] ✓ Refreshed: 13.95 (unchanged value, timestamp updated)
[2026-01-22 15:42:59]   [emp_id: 5436] ✓ Refreshed: 13.95 (unchanged value, timestamp updated)
[2026-01-22 15:42:59]   [emp_id: 5438] ✓ Refreshed: 17.13 (unchanged value, timestamp updated)
[2026-01-22 15:42:59]   [emp_id: 5439] ✓ Refreshed: 26.63 (unchanged value, timestamp updated)
[2026-01-22 15:42:59]   [emp_id: 5442] ✓ Refreshed: 15.63 (unchanged value, timestamp updated)
[2026-01-22 15:42:59]   [emp_id: 5445] ✓ Refreshed: 8.41 (unchanged value, timestamp updated)
[2026-01-22 15:42:59]   [emp_id: 5446] ✓ Refreshed: 8.41 (unchanged value, timestamp updated)
[2026-01-22 15:42:59]   [emp_id: 5447] ✓ Refreshed: 8.35 (unchanged value, timestamp updated)
[2026-01-22 15:42:59]   [emp_id: 5448] ✓ Refreshed: 2.65 (unchanged value, timestamp updated)
[2026-01-22 15:42:59]   [emp_id: 5449] ✓ Refreshed: 6.43 (unchanged value, timestamp updated)
[2026-01-22 15:42:59]   [emp_id: 5450] ✓ Refreshed: 6.37 (unchanged value, timestamp updated)
[2026-01-22 15:42:59]   [emp_id: 5451] ✓ Refreshed: 6.37 (unchanged value, timestamp updated)
[2026-01-22 15:42:59]   [emp_id: 5453] ✓ Refreshed: 6.21 (unchanged value, timestamp updated)
[2026-01-22 15:42:59]   [emp_id: 5454] ✓ Refreshed: 8.71 (unchanged value, timestamp updated)
[2026-01-22 15:42:59]   [emp_id: 5455] ✓ Refreshed: 2.96 (unchanged value, timestamp updated)
[2026-01-22 15:42:59]   [emp_id: 5456] ✓ Refreshed: 7.96 (unchanged value, timestamp updated)
[2026-01-22 15:42:59]   [emp_id: 5457] ✓ Refreshed: 5.46 (unchanged value, timestamp updated)
[2026-01-22 15:42:59]   [emp_id: 5460] ✓ Refreshed: 6.61 (unchanged value, timestamp updated)
[2026-01-22 15:42:59]   [emp_id: 5463] ✓ Refreshed: 5.94 (unchanged value, timestamp updated)
[2026-01-22 15:42:59]   [emp_id: 5464] ✓ Refreshed: 5.94 (unchanged value, timestamp updated)
[2026-01-22 15:42:59]   [emp_id: 5466] ✓ Refreshed: 3.69 (unchanged value, timestamp updated)
[2026-01-22 15:42:59]   [emp_id: 5467] ✓ Refreshed: 2.61 (unchanged value, timestamp updated)
[2026-01-22 15:42:59]   [emp_id: 5468] ✓ Refreshed: 1.56 (unchanged value, timestamp updated)
[2026-01-22 15:42:59]   [emp_id: 5469] ✓ Refreshed: 1.47 (unchanged value, timestamp updated)
[2026-01-22 15:42:59] Report saved to: D:\xampp\htdocs\almutlak\system/cron_logs/last_vacation_update_report.json
[2026-01-22 15:43:56] ========== CRON: Vacation Balance Update Started ==========
[2026-01-22 15:43:57] ========== CRON: Vacation Balance Update Started ==========
