[2025-12-18 00:30:01] ========== CRON: Vacation Balance Update Started ==========
[2025-12-18 00:30:01] Database connection established
[2025-12-18 00:30:01] Found 437 active employees with balance records to update
[2025-12-18 00:30:01] (Only employees with status=1 will be processed)
[2025-12-18 00:30:01]   [emp_id: 1061] ✓ Updated: 32 → 32.08 (CHANGED)
[2025-12-18 00:30:01]   [emp_id: 1496] ✓ Updated: 15.17 → 15.25 (CHANGED)
[2025-12-18 00:30:02]   [emp_id: 1500] ✓ Updated: 24.42 → 24.5 (CHANGED)
[2025-12-18 00:30:02]   [emp_id: 1574] ✓ Updated: 32.08 → 32.16 (CHANGED)
[2025-12-18 00:30:02]   [emp_id: 1673] ✓ Updated: 43.58 → 43.66 (CHANGED)
[2025-12-18 00:30:02]   [emp_id: 1685] ✓ Updated: 13.5 → 13.58 (CHANGED)
[2025-12-18 00:30:02]   [emp_id: 1764] ✓ Updated: 68.17 → 68.25 (CHANGED)
[2025-12-18 00:30:02]   [emp_id: 1805] ✓ Updated: 62.5 → 62.58 (CHANGED)
[2025-12-18 00:30:02]   [emp_id: 1822] ✓ Updated: 67.25 → 67.33 (CHANGED)
[2025-12-18 00:30:02]   [emp_id: 1837] ✓ Updated: 23.42 → 23.5 (CHANGED)
[2025-12-18 00:30:02]   [emp_id: 1857] ✓ Updated: 18.75 → 18.83 (CHANGED)
[2025-12-18 00:30:02]   [emp_id: 1861] ✓ Updated: 69.58 → 69.66 (CHANGED)
[2025-12-18 00:30:02]   [emp_id: 1872] ✓ Updated: 8.42 → 8.5 (CHANGED)
[2025-12-18 00:30:02]   [emp_id: 1897] ✓ Updated: 30.75 → 30.83 (CHANGED)
[2025-12-18 00:30:02]   [emp_id: 1916] ✓ Updated: 10.05 → 10.13 (CHANGED)
[2025-12-18 00:30:02]   [emp_id: 1928] ✓ Updated: 63 → 63.08 (CHANGED)
[2025-12-18 00:30:02]   [emp_id: 1931] ✓ Updated: 82.92 → 83 (CHANGED)
[2025-12-18 00:30:02]   [emp_id: 1944] ✓ Updated: 41.08 → 41.16 (CHANGED)
[2025-12-18 00:30:02]   [emp_id: 1996] ✓ Updated: 69.58 → 69.66 (CHANGED)
[2025-12-18 00:30:02]   [emp_id: 1997] ✓ Updated: 34.75 → 34.83 (CHANGED)
[2025-12-18 00:30:02]   [emp_id: 1998] ✓ Updated: 86.08 → 86.16 (CHANGED)
[2025-12-18 00:30:02]   [emp_id: 1999] ✓ Updated: 87.08 → 87.16 (CHANGED)
[2025-12-18 00:30:02]   [emp_id: 2009] ✓ Updated: 33.5 → 33.58 (CHANGED)
[2025-12-18 00:30:02]   [emp_id: 2048] ✓ Updated: 23.33 → 23.41 (CHANGED)
[2025-12-18 00:30:02]   [emp_id: 2057] ✓ Updated: 64.17 → 64.25 (CHANGED)
[2025-12-18 00:30:02]   [emp_id: 2079] ✓ Updated: 46.5 → 46.58 (CHANGED)
[2025-12-18 00:30:02]   [emp_id: 2181] ✓ Updated: 35.5 → 35.58 (CHANGED)
[2025-12-18 00:30:02]   [emp_id: 2190] ✓ Updated: 4.83 → 4.91 (CHANGED)
[2025-12-18 00:30:02]   [emp_id: 2212] ✓ Updated: 22.83 → 22.91 (CHANGED)
[2025-12-18 00:30:02]   [emp_id: 2226] ✓ Updated: 67.58 → 67.66 (CHANGED)
[2025-12-18 00:30:02]   [emp_id: 2238] ✓ Updated: 65.83 → 65.91 (CHANGED)
[2025-12-18 00:30:02]   [emp_id: 2285] ✓ Updated: 34.5 → 34.58 (CHANGED)
[2025-12-18 00:30:02]   [emp_id: 2287] ✓ Updated: 46.17 → 46.25 (CHANGED)
[2025-12-18 00:30:02]   [emp_id: 2288] ✓ Updated: 61.08 → 61.16 (CHANGED)
[2025-12-18 00:30:02]   [emp_id: 2290] ✓ Updated: 78 → 78.08 (CHANGED)
[2025-12-18 00:30:02]   [emp_id: 2316] ✓ Updated: 15 → 15.08 (CHANGED)
[2025-12-18 00:30:02]   [emp_id: 2337] ✓ Updated: 36.08 → 36.16 (CHANGED)
[2025-12-18 00:30:02]   [emp_id: 2352] ✓ Updated: 67.58 → 67.66 (CHANGED)
[2025-12-18 00:30:02]   [emp_id: 2358] ✓ Updated: 4.08 → 4.16 (CHANGED)
[2025-12-18 00:30:02]   [emp_id: 2361] ✓ Updated: 69.75 → 69.83 (CHANGED)
[2025-12-18 00:30:02]   [emp_id: 2363] ✓ Updated: 72.33 → 72.41 (CHANGED)
[2025-12-18 00:30:02]   [emp_id: 2364] ✓ Updated: 71.75 → 71.83 (CHANGED)
[2025-12-18 00:30:02]   [emp_id: 2367] ✓ Updated: 99.42 → 99.5 (CHANGED)
[2025-12-18 00:30:02]   [emp_id: 2368] ✓ Updated: 29.83 → 29.91 (CHANGED)
[2025-12-18 00:30:02]   [emp_id: 2372] ✓ Updated: 67.08 → 67.16 (CHANGED)
[2025-12-18 00:30:02]   [emp_id: 2376] ✓ Updated: 117.08 → 117.16 (CHANGED)
[2025-12-18 00:30:02]   [emp_id: 2423] ✓ Updated: 17.83 → 17.91 (CHANGED)
[2025-12-18 00:30:02]   [emp_id: 2519] ✓ Updated: 171.5 → 171.58 (CHANGED)
[2025-12-18 00:30:02]   [emp_id: 2522] ✓ Updated: 55.08 → 55.16 (CHANGED)
[2025-12-18 00:30:02]   [emp_id: 2530] ✓ Updated: 50.33 → 50.41 (CHANGED)
[2025-12-18 00:30:02]   [emp_id: 2539] ✓ Updated: 47.08 → 47.16 (CHANGED)
[2025-12-18 00:30:02]   [emp_id: 2541] ✓ Updated: 27.67 → 27.75 (CHANGED)
[2025-12-18 00:30:02]   [emp_id: 2550] ✓ Updated: 93.83 → 93.91 (CHANGED)
[2025-12-18 00:30:02]   [emp_id: 2553] ✓ Updated: 60.83 → 60.91 (CHANGED)
[2025-12-18 00:30:02]   [emp_id: 2554] ✓ Updated: 37.42 → 37.5 (CHANGED)
[2025-12-18 00:30:02]   [emp_id: 2565] ✓ Updated: 92 → 92.08 (CHANGED)
[2025-12-18 00:30:02]   [emp_id: 2572] ✓ Updated: 42 → 42.08 (CHANGED)
[2025-12-18 00:30:02]   [emp_id: 2637] ✓ Updated: 62.58 → 62.66 (CHANGED)
[2025-12-18 00:30:02]   [emp_id: 2642] ✓ Updated: 75.33 → 75.41 (CHANGED)
[2025-12-18 00:30:02]   [emp_id: 2645] ✓ Updated: 91.33 → 91.41 (CHANGED)
[2025-12-18 00:30:02]   [emp_id: 2648] ✓ Updated: 43 → 43.08 (CHANGED)
[2025-12-18 00:30:02]   [emp_id: 2654] ✓ Updated: 85.67 → 85.75 (CHANGED)
[2025-12-18 00:30:02]   [emp_id: 2688] ✓ Updated: 23.75 → 23.83 (CHANGED)
[2025-12-18 00:30:02]   [emp_id: 2690] ✓ Updated: 12.5 → 12.58 (CHANGED)
[2025-12-18 00:30:02]   [emp_id: 2709] ✓ Updated: 34.75 → 34.83 (CHANGED)
[2025-12-18 00:30:02]   [emp_id: 2745] ✓ Updated: 31.33 → 31.41 (CHANGED)
[2025-12-18 00:30:02]   [emp_id: 2843] ✓ Updated: 77.92 → 78 (CHANGED)
[2025-12-18 00:30:02]   [emp_id: 2854] ✓ Updated: 57.83 → 57.91 (CHANGED)
[2025-12-18 00:30:02]   [emp_id: 2869] ✓ Updated: 62.75 → 62.83 (CHANGED)
[2025-12-18 00:30:02]   [emp_id: 2876] ✓ Updated: 32.58 → 32.66 (CHANGED)
[2025-12-18 00:30:02]   [emp_id: 2924] ✓ Updated: 13.75 → 13.83 (CHANGED)
[2025-12-18 00:30:02]   [emp_id: 2953] ✓ Updated: 99.5 → 99.58 (CHANGED)
[2025-12-18 00:30:02]   [emp_id: 2961] ✓ Updated: 9.5 → 9.58 (CHANGED)
[2025-12-18 00:30:02]   [emp_id: 2975] ✓ Updated: 11.5 → 11.58 (CHANGED)
[2025-12-18 00:30:02]   [emp_id: 3013] ✓ Updated: 8.5 → 8.58 (CHANGED)
[2025-12-18 00:30:02]   [emp_id: 3014] ✓ Updated: 87.75 → 87.83 (CHANGED)
[2025-12-18 00:30:02]   [emp_id: 3015] ✓ Updated: 39 → 39.08 (CHANGED)
[2025-12-18 00:30:02]   [emp_id: 3018] ✓ Updated: 57.75 → 57.83 (CHANGED)
[2025-12-18 00:30:02]   [emp_id: 3025] ✓ Updated: 81.42 → 81.5 (CHANGED)
[2025-12-18 00:30:02]   [emp_id: 3037] ✓ Updated: 81.25 → 81.33 (CHANGED)
[2025-12-18 00:30:02]   [emp_id: 3047] ✓ Updated: 69.5 → 69.58 (CHANGED)
[2025-12-18 00:30:02]   [emp_id: 3061] ✓ Updated: 16.42 → 16.5 (CHANGED)
[2025-12-18 00:30:02]   [emp_id: 3062] ✓ Updated: 49.58 → 49.66 (CHANGED)
[2025-12-18 00:30:02]   [emp_id: 3074] ✓ Updated: 106 → 106.08 (CHANGED)
[2025-12-18 00:30:02]   [emp_id: 3089] ✓ Updated: 4.92 → 5 (CHANGED)
[2025-12-18 00:30:02]   [emp_id: 3090] ✓ Updated: 31.5 → 31.58 (CHANGED)
[2025-12-18 00:30:02]   [emp_id: 3091] ✓ Updated: 43.5 → 43.58 (CHANGED)
[2025-12-18 00:30:02]   [emp_id: 3092] ✓ Updated: 26.17 → 26.25 (CHANGED)
[2025-12-18 00:30:02]   [emp_id: 3105] ✓ Updated: 46.5 → 46.58 (CHANGED)
[2025-12-18 00:30:02]   [emp_id: 3134] ✓ Updated: 42.25 → 42.33 (CHANGED)
[2025-12-18 00:30:02]   [emp_id: 3140] ✓ Updated: 39.33 → 39.41 (CHANGED)
[2025-12-18 00:30:02]   [emp_id: 3144] ✓ Updated: 12.17 → 12.25 (CHANGED)
[2025-12-18 00:30:02]   [emp_id: 3156] ✓ Updated: 15.5 → 15.58 (CHANGED)
[2025-12-18 00:30:03]   [emp_id: 3162] ✓ Updated: 0.48 → 0.56 (CHANGED)
[2025-12-18 00:30:03]   [emp_id: 3163] ✓ Updated: 3.75 → 3.83 (CHANGED)
[2025-12-18 00:30:03]   [emp_id: 3198] ✓ Updated: 38.75 → 38.83 (CHANGED)
[2025-12-18 00:30:03]   [emp_id: 3205] ✓ Updated: 15.42 → 15.5 (CHANGED)
[2025-12-18 00:30:03]   [emp_id: 3209] ✓ Updated: 39.58 → 39.66 (CHANGED)
[2025-12-18 00:30:03]   [emp_id: 3223] ✓ Updated: 88.5 → 88.58 (CHANGED)
[2025-12-18 00:30:03]   [emp_id: 3224] ✓ Updated: 63.25 → 63.33 (CHANGED)
[2025-12-18 00:30:03]   [emp_id: 3230] ✓ Updated: 86.67 → 86.75 (CHANGED)
[2025-12-18 00:30:03]   [emp_id: 3231] ✓ Updated: 87.92 → 88 (CHANGED)
[2025-12-18 00:30:03]   [emp_id: 3233] ✓ Updated: 79.5 → 79.58 (CHANGED)
[2025-12-18 00:30:03]   [emp_id: 3249] ✓ Updated: 35.33 → 35.41 (CHANGED)
[2025-12-18 00:30:03]   [emp_id: 3250] ✓ Updated: 8.33 → 8.41 (CHANGED)
[2025-12-18 00:30:03]   [emp_id: 3252] ✓ Updated: 9.25 → 9.33 (CHANGED)
[2025-12-18 00:30:03]   [emp_id: 3254] ✓ Updated: 19.75 → 19.83 (CHANGED)
[2025-12-18 00:30:03]   [emp_id: 3255] ✓ Updated: 16.17 → 16.25 (CHANGED)
[2025-12-18 00:30:03]   [emp_id: 3256] ✓ Updated: 12.42 → 12.5 (CHANGED)
[2025-12-18 00:30:03]   [emp_id: 3263] ✓ Updated: 28.5 → 28.58 (CHANGED)
[2025-12-18 00:30:03]   [emp_id: 3265] ✓ Updated: 24.08 → 24.16 (CHANGED)
[2025-12-18 00:30:03]   [emp_id: 3280] ✓ Updated: 71 → 71.08 (CHANGED)
[2025-12-18 00:30:03]   [emp_id: 3286] ✓ Updated: 14.17 → 14.25 (CHANGED)
[2025-12-18 00:30:03]   [emp_id: 3294] ✓ Updated: 13.83 → 13.91 (CHANGED)
[2025-12-18 00:30:03]   [emp_id: 3321] ✓ Updated: 71 → 71.08 (CHANGED)
[2025-12-18 00:30:03]   [emp_id: 3325] ✓ Updated: 58.75 → 58.83 (CHANGED)
[2025-12-18 00:30:03]   [emp_id: 3329] ✓ Updated: 61.08 → 61.16 (CHANGED)
[2025-12-18 00:30:03]   [emp_id: 3330] ✓ Updated: 61.08 → 61.16 (CHANGED)
[2025-12-18 00:30:03]   [emp_id: 3332] ✓ Updated: 61.08 → 61.16 (CHANGED)
[2025-12-18 00:30:03]   [emp_id: 3370] ✓ Updated: 52.75 → 52.83 (CHANGED)
[2025-12-18 00:30:03]   [emp_id: 3384] ✓ Updated: 13.25 → 13.33 (CHANGED)
[2025-12-18 00:30:03]   [emp_id: 3386] ✓ Updated: 43.25 → 43.33 (CHANGED)
[2025-12-18 00:30:03]   [emp_id: 3431] ✓ Updated: 17.67 → 17.75 (CHANGED)
[2025-12-18 00:30:03]   [emp_id: 3497] ✓ Updated: 7.83 → 7.91 (CHANGED)
[2025-12-18 00:30:03]   [emp_id: 3532] ✓ Updated: 44.67 → 44.75 (CHANGED)
[2025-12-18 00:30:03]   [emp_id: 3586] ✓ Updated: 8.75 → 8.83 (CHANGED)
[2025-12-18 00:30:03]   [emp_id: 3602] ✓ Updated: 0.24 → 0.32 (CHANGED)
[2025-12-18 00:30:03]   [emp_id: 3618] ✓ Updated: 22.22 → 22.3 (CHANGED)
[2025-12-18 00:30:03]   [emp_id: 3622] ✓ Updated: 33.65 → 33.7 (CHANGED)
[2025-12-18 00:30:03]   [emp_id: 3627] ✓ Updated: 8.17 → 8.25 (CHANGED)
[2025-12-18 00:30:03]   [emp_id: 3665] ✓ Updated: 49.75 → 49.83 (CHANGED)
[2025-12-18 00:30:03]   [emp_id: 3705] ✓ Updated: 26.98 → 27.03 (CHANGED)
[2025-12-18 00:30:03]   [emp_id: 3724] ✓ Updated: 42.75 → 42.83 (CHANGED)
[2025-12-18 00:30:03]   [emp_id: 3726] ✓ Updated: 59.17 → 59.25 (CHANGED)
[2025-12-18 00:30:03]   [emp_id: 3727] ✓ Updated: 64.25 → 64.33 (CHANGED)
[2025-12-18 00:30:03]   [emp_id: 3728] ✓ Updated: 8.58 → 8.66 (CHANGED)
[2025-12-18 00:30:03]   [emp_id: 3742] ✓ Updated: 31.75 → 31.83 (CHANGED)
[2025-12-18 00:30:03]   [emp_id: 3767] ✓ Updated: 59.33 → 59.41 (CHANGED)
[2025-12-18 00:30:03]   [emp_id: 3768] ✓ Updated: 55.58 → 55.66 (CHANGED)
[2025-12-18 00:30:03]   [emp_id: 3787] ✓ Updated: 56.17 → 56.25 (CHANGED)
[2025-12-18 00:30:03]   [emp_id: 3790] ✓ Updated: 0.72 → 0.8 (CHANGED)
[2025-12-18 00:30:03]   [emp_id: 3795] ✓ Updated: 13.67 → 13.75 (CHANGED)
[2025-12-18 00:30:03]   [emp_id: 3798] ✓ Updated: 92.08 → 92.16 (CHANGED)
[2025-12-18 00:30:03]   [emp_id: 3801] ✓ Updated: 30.25 → 30.33 (CHANGED)
[2025-12-18 00:30:03]   [emp_id: 3802] ✓ Updated: 29.33 → 29.41 (CHANGED)
[2025-12-18 00:30:03]   [emp_id: 3803] ✓ Updated: 113.75 → 113.83 (CHANGED)
[2025-12-18 00:30:03]   [emp_id: 3810] ✓ Updated: 59.75 → 59.83 (CHANGED)
[2025-12-18 00:30:03]   [emp_id: 3812] ✓ Updated: 88.75 → 88.83 (CHANGED)
[2025-12-18 00:30:03]   [emp_id: 3815] ✓ Updated: 88.75 → 88.83 (CHANGED)
[2025-12-18 00:30:03]   [emp_id: 3836] ✓ Updated: 56.42 → 56.5 (CHANGED)
[2025-12-18 00:30:03]   [emp_id: 3855] ✓ Updated: 49.58 → 49.66 (CHANGED)
[2025-12-18 00:30:03]   [emp_id: 3857] ✓ Updated: 53.25 → 53.33 (CHANGED)
[2025-12-18 00:30:03]   [emp_id: 3862] ✓ Updated: 101.33 → 101.41 (CHANGED)
[2025-12-18 00:30:03]   [emp_id: 3866] ✓ Updated: 26.58 → 26.66 (CHANGED)
[2025-12-18 00:30:03]   [emp_id: 3876] ✓ Updated: 46.75 → 46.83 (CHANGED)
[2025-12-18 00:30:03]   [emp_id: 3877] ✓ Updated: 48.25 → 48.33 (CHANGED)
[2025-12-18 00:30:03]   [emp_id: 3897] ✓ Updated: 36.5 → 36.58 (CHANGED)
[2025-12-18 00:30:03]   [emp_id: 3899] ✓ Updated: 51.67 → 51.75 (CHANGED)
[2025-12-18 00:30:03]   [emp_id: 3928] ✓ Updated: 12.58 → 12.66 (CHANGED)
[2025-12-18 00:30:03]   [emp_id: 3929] ✓ Updated: 7.58 → 7.66 (CHANGED)
[2025-12-18 00:30:03]   [emp_id: 3935] ✓ Updated: 92.58 → 92.66 (CHANGED)
[2025-12-18 00:30:03]   [emp_id: 3952] ✓ Updated: 74.92 → 75 (CHANGED)
[2025-12-18 00:30:03]   [emp_id: 3987] ✓ Updated: 12.83 → 12.91 (CHANGED)
[2025-12-18 00:30:03]   [emp_id: 4059] ✓ Updated: 2.03 → 2.11 (CHANGED)
[2025-12-18 00:30:03]   [emp_id: 4119] ✓ Updated: 55.5 → 55.58 (CHANGED)
[2025-12-18 00:30:03]   [emp_id: 4120] ✓ Updated: 25.08 → 25.16 (CHANGED)
[2025-12-18 00:30:03]   [emp_id: 4124] ✓ Updated: 55.5 → 55.58 (CHANGED)
[2025-12-18 00:30:03]   [emp_id: 4133] ✓ Updated: 104.08 → 104.16 (CHANGED)
[2025-12-18 00:30:03]   [emp_id: 4134] ✓ Updated: 25.08 → 25.16 (CHANGED)
[2025-12-18 00:30:03]   [emp_id: 4136] ✓ Updated: 25.08 → 25.16 (CHANGED)
[2025-12-18 00:30:03]   [emp_id: 4150] ✓ Updated: 23.75 → 23.83 (CHANGED)
[2025-12-18 00:30:03]   [emp_id: 4157] ✓ Updated: 17.25 → 17.33 (CHANGED)
[2025-12-18 00:30:03]   [emp_id: 4172] ✓ Updated: 11.56 → 11.61 (CHANGED)
[2025-12-18 00:30:03]   [emp_id: 4195] ✓ Updated: 60.83 → 60.91 (CHANGED)
[2025-12-18 00:30:03]   [emp_id: 4215] ✓ Updated: 43.5 → 43.58 (CHANGED)
[2025-12-18 00:30:03]   [emp_id: 4220] ✓ Updated: 39.08 → 39.16 (CHANGED)
[2025-12-18 00:30:03]   [emp_id: 4273] ✓ Updated: 7.75 → 7.83 (CHANGED)
[2025-12-18 00:30:03]   [emp_id: 4283] ✓ Updated: 12.65 → 12.7 (CHANGED)
[2025-12-18 00:30:03]   [emp_id: 4288] ✓ Updated: 0 → 0.08 (CHANGED)
[2025-12-18 00:30:03]   [emp_id: 4315] ✓ Updated: 14 → 14.08 (CHANGED)
[2025-12-18 00:30:03]   [emp_id: 4328] ✓ Updated: 41.48 → 41.53 (CHANGED)
[2025-12-18 00:30:03]   [emp_id: 4329] ✓ Updated: 4.17 → 4.25 (CHANGED)
[2025-12-18 00:30:03]   [emp_id: 4338] ✓ Updated: 45.75 → 45.83 (CHANGED)
[2025-12-18 00:30:03]   [emp_id: 4340] ✓ Updated: 124.75 → 124.83 (CHANGED)
[2025-12-18 00:30:03]   [emp_id: 4365] ✓ Updated: 59.17 → 59.25 (CHANGED)
[2025-12-18 00:30:03]   [emp_id: 4366] ✓ Updated: 58.25 → 58.33 (CHANGED)
[2025-12-18 00:30:03]   [emp_id: 4403] ✓ Updated: 84.08 → 84.16 (CHANGED)
[2025-12-18 00:30:03]   [emp_id: 4438] ✓ Updated: 19.75 → 19.83 (CHANGED)
[2025-12-18 00:30:03]   [emp_id: 4465] ✓ Updated: 11.81 → 11.86 (CHANGED)
[2025-12-18 00:30:03]   [emp_id: 4473] ✓ Updated: 43.33 → 43.41 (CHANGED)
[2025-12-18 00:30:03]   [emp_id: 4474] ✓ Updated: 58.56 → 58.61 (CHANGED)
[2025-12-18 00:30:03]   [emp_id: 4493] ✓ Updated: 162.17 → 162.25 (CHANGED)
[2025-12-18 00:30:03]   [emp_id: 4526] ✓ Updated: 34.42 → 34.5 (CHANGED)
[2025-12-18 00:30:03]   [emp_id: 4528] ✓ Updated: 106.17 → 106.25 (CHANGED)
[2025-12-18 00:30:03]   [emp_id: 4528] ✓ Updated: 106.17 → 106.25 (CHANGED)
[2025-12-18 00:30:03]   [emp_id: 4532] ✓ Updated: 6.93 → 6.98 (CHANGED)
[2025-12-18 00:30:03]   [emp_id: 4533] ✓ Updated: 34.58 → 34.66 (CHANGED)
[2025-12-18 00:30:03]   [emp_id: 4564] ✓ Updated: 24.56 → 24.61 (CHANGED)
[2025-12-18 00:30:03]   [emp_id: 4565] ✓ Updated: 14.31 → 14.36 (CHANGED)
[2025-12-18 00:30:03]   [emp_id: 4567] ✓ Updated: 18.56 → 18.61 (CHANGED)
[2025-12-18 00:30:04]   [emp_id: 4572] ✓ Updated: 58.06 → 58.11 (CHANGED)
[2025-12-18 00:30:04]   [emp_id: 4631] ✓ Updated: 14.31 → 14.36 (CHANGED)
[2025-12-18 00:30:04]   [emp_id: 4655] ✓ Updated: 23.5 → 23.58 (CHANGED)
[2025-12-18 00:30:04]   [emp_id: 4689] ✓ Updated: 21.17 → 21.25 (CHANGED)
[2025-12-18 00:30:04]   [emp_id: 4709] ✓ Updated: 38.75 → 38.83 (CHANGED)
[2025-12-18 00:30:04]   [emp_id: 4717] ✓ Updated: 64.75 → 64.83 (CHANGED)
[2025-12-18 00:30:04]   [emp_id: 4736] ✓ Updated: 26.58 → 26.66 (CHANGED)
[2025-12-18 00:30:04]   [emp_id: 4756] ✓ Updated: 60.2 → 60.25 (CHANGED)
[2025-12-18 00:30:04]   [emp_id: 4768] ✓ Updated: 11.25 → 11.33 (CHANGED)
[2025-12-18 00:30:04]   [emp_id: 4780] ✓ Updated: 64.48 → 64.53 (CHANGED)
[2025-12-18 00:30:04]   [emp_id: 4820] ✓ Updated: 97.58 → 97.66 (CHANGED)
[2025-12-18 00:30:04]   [emp_id: 4825] ✓ Updated: 29.33 → 29.41 (CHANGED)
[2025-12-18 00:30:04]   [emp_id: 4835] ✓ Updated: 47.23 → 47.28 (CHANGED)
[2025-12-18 00:30:04]   [emp_id: 4837] ✓ Updated: 44.47 → 44.52 (CHANGED)
[2025-12-18 00:30:04]   [emp_id: 4838] ✓ Updated: 43.49 → 43.54 (CHANGED)
[2025-12-18 00:30:04]   [emp_id: 4840] ✓ Updated: 44.47 → 44.52 (CHANGED)
[2025-12-18 00:30:04]   [emp_id: 4842] ✓ Updated: 43.71 → 43.76 (CHANGED)
[2025-12-18 00:30:04]   [emp_id: 4843] ✓ Updated: 44.24 → 44.29 (CHANGED)
[2025-12-18 00:30:04]   [emp_id: 4853] ✓ Updated: 88.06 → 88.11 (CHANGED)
[2025-12-18 00:30:04]   [emp_id: 4856] ✓ Updated: 41.38 → 41.43 (CHANGED)
[2025-12-18 00:30:04]   [emp_id: 4857] ✓ Updated: 24.2 → 24.25 (CHANGED)
[2025-12-18 00:30:04]   [emp_id: 4858] ✓ Updated: 21.08 → 21.13 (CHANGED)
[2025-12-18 00:30:04]   [emp_id: 4859] ✓ Updated: 42.55 → 42.6 (CHANGED)
[2025-12-18 00:30:04]   [emp_id: 4860] ✓ Updated: 7.05 → 7.1 (CHANGED)
[2025-12-18 00:30:04]   [emp_id: 4861] ✓ Updated: 40.51 → 40.56 (CHANGED)
[2025-12-18 00:30:04]   [emp_id: 4869] ✓ Updated: 83.39 → 83.44 (CHANGED)
[2025-12-18 00:30:04]   [emp_id: 4894] ✓ Updated: 6.25 → 6.33 (CHANGED)
[2025-12-18 00:30:04]   [emp_id: 4897] ✓ Updated: 22.29 → 22.34 (CHANGED)
[2025-12-18 00:30:04]   [emp_id: 4899] ✓ Updated: 18.46 → 18.51 (CHANGED)
[2025-12-18 00:30:04]   [emp_id: 4902] ✓ Updated: 17.88 → 17.93 (CHANGED)
[2025-12-18 00:30:04]   [emp_id: 4903] ✓ Updated: 20.1 → 20.15 (CHANGED)
[2025-12-18 00:30:04]   [emp_id: 4905] ✓ Updated: 18.76 → 18.81 (CHANGED)
[2025-12-18 00:30:04]   [emp_id: 4907] ✓ Updated: 46.33 → 46.41 (CHANGED)
[2025-12-18 00:30:04]   [emp_id: 4917] ✓ Updated: 15.72 → 15.77 (CHANGED)
[2025-12-18 00:30:04]   [emp_id: 4918] ✓ Updated: 5.49 → 5.54 (CHANGED)
[2025-12-18 00:30:04]   [emp_id: 4919] ✓ Updated: 57.78 → 57.83 (CHANGED)
[2025-12-18 00:30:04]   [emp_id: 4920] ✓ Updated: 57.61 → 57.66 (CHANGED)
[2025-12-18 00:30:04]   [emp_id: 4921] ✓ Updated: 16.95 → 17 (CHANGED)
[2025-12-18 00:30:04]   [emp_id: 4927] ✓ Updated: 15.78 → 15.83 (CHANGED)
[2025-12-18 00:30:04]   [emp_id: 4929] ✓ Updated: 17.3 → 17.35 (CHANGED)
[2025-12-18 00:30:04]   [emp_id: 4930] ✓ Updated: 58.07 → 58.12 (CHANGED)
[2025-12-18 00:30:04]   [emp_id: 4932] ✓ Updated: 16.07 → 16.12 (CHANGED)
[2025-12-18 00:30:04]   [emp_id: 4933] ✓ Updated: 19.48 → 19.53 (CHANGED)
[2025-12-18 00:30:04]   [emp_id: 4949] ✓ Updated: 34.91 → 34.96 (CHANGED)
[2025-12-18 00:30:04]   [emp_id: 4956] ✓ Updated: 28.5 → 28.55 (CHANGED)
[2025-12-18 00:30:04]   [emp_id: 4957] ✓ Updated: 29.17 → 29.22 (CHANGED)
[2025-12-18 00:30:04]   [emp_id: 4962] ✓ Updated: 52.58 → 52.66 (CHANGED)
[2025-12-18 00:30:04]   [emp_id: 4969] ✓ Updated: 45 → 45.08 (CHANGED)
[2025-12-18 00:30:04]   [emp_id: 4976] ✓ Updated: 9.19 → 9.24 (CHANGED)
[2025-12-18 00:30:04]   [emp_id: 4984] ✓ Updated: 36.25 → 36.33 (CHANGED)
[2025-12-18 00:30:04]   [emp_id: 4995] ✓ Updated: 48.32 → 48.4 (CHANGED)
[2025-12-18 00:30:04]   [emp_id: 5004] ✓ Updated: 44.87 → 44.92 (CHANGED)
[2025-12-18 00:30:04]   [emp_id: 5006] ✓ Updated: 25.87 → 25.92 (CHANGED)
[2025-12-18 00:30:04]   [emp_id: 5011] ✓ Updated: 11.92 → 12 (CHANGED)
[2025-12-18 00:30:04]   [emp_id: 5013] ✓ Updated: 66.24 → 66.29 (CHANGED)
[2025-12-18 00:30:04]   [emp_id: 5018] ✓ Updated: 20.48 → 20.53 (CHANGED)
[2025-12-18 00:30:04]   [emp_id: 5021] ✓ Updated: 63.43 → 63.51 (CHANGED)
[2025-12-18 00:30:04]   [emp_id: 5021] ✓ Updated: 63.43 → 63.51 (CHANGED)
[2025-12-18 00:30:04]   [emp_id: 5024] ✓ Updated: 0.75 → 0.8 (CHANGED)
[2025-12-18 00:30:04]   [emp_id: 5030] ✓ Updated: 30.7 → 30.75 (CHANGED)
[2025-12-18 00:30:04]   [emp_id: 5033] ✓ Updated: 21.5 → 21.55 (CHANGED)
[2025-12-18 00:30:04]   [emp_id: 5043] ✓ Updated: 28.92 → 29 (CHANGED)
[2025-12-18 00:30:04]   [emp_id: 5045] ✓ Updated: 25.42 → 25.5 (CHANGED)
[2025-12-18 00:30:04]   [emp_id: 5046] ✓ Updated: 20.61 → 20.69 (CHANGED)
[2025-12-18 00:30:04]   [emp_id: 5049] ✓ Updated: 38.18 → 38.23 (CHANGED)
[2025-12-18 00:30:04]   [emp_id: 5052] ✓ Updated: 29.46 → 29.51 (CHANGED)
[2025-12-18 00:30:04]   [emp_id: 5055] ✓ Updated: 36.65 → 36.7 (CHANGED)
[2025-12-18 00:30:04]   [emp_id: 5058] ✓ Updated: 26.88 → 26.93 (CHANGED)
[2025-12-18 00:30:04]   [emp_id: 5062] ✓ Updated: 38.71 → 38.76 (CHANGED)
[2025-12-18 00:30:04]   [emp_id: 5064] ✓ Updated: 116.25 → 116.33 (CHANGED)
[2025-12-18 00:30:04]   [emp_id: 5065] ✓ Updated: 38.12 → 38.17 (CHANGED)
[2025-12-18 00:30:04]   [emp_id: 5071] ✓ Updated: 21.75 → 21.83 (CHANGED)
[2025-12-18 00:30:04]   [emp_id: 5073] ✓ Updated: 12.72 → 12.77 (CHANGED)
[2025-12-18 00:30:04]   [emp_id: 5079] ✓ Updated: 33.28 → 33.33 (CHANGED)
[2025-12-18 00:30:04]   [emp_id: 5080] ✓ Updated: 30.61 → 30.66 (CHANGED)
[2025-12-18 00:30:04]   [emp_id: 5081] ✓ Updated: 35.61 → 35.66 (CHANGED)
[2025-12-18 00:30:04]   [emp_id: 5087] ✓ Updated: 34.91 → 34.96 (CHANGED)
[2025-12-18 00:30:04]   [emp_id: 5091] ✓ Updated: 74.76 → 74.81 (CHANGED)
[2025-12-18 00:30:04]   [emp_id: 5093] ✓ Updated: 12.92 → 13 (CHANGED)
[2025-12-18 00:30:04]   [emp_id: 5095] ✓ Updated: 0.3 → 0.35 (CHANGED)
[2025-12-18 00:30:04]   [emp_id: 5101] ✓ Updated: 15 → 15.08 (CHANGED)
[2025-12-18 00:30:04]   [emp_id: 5107] ✓ Updated: 13.33 → 13.41 (CHANGED)
[2025-12-18 00:30:04]   [emp_id: 5109] ✓ Updated: 10.58 → 10.66 (CHANGED)
[2025-12-18 00:30:04]   [emp_id: 5119] ✓ Updated: 8.75 → 8.83 (CHANGED)
[2025-12-18 00:30:04]   [emp_id: 5122] ✓ Updated: 5.92 → 6 (CHANGED)
[2025-12-18 00:30:04]   [emp_id: 5126] ✓ Updated: 25.64 → 25.69 (CHANGED)
[2025-12-18 00:30:04]   [emp_id: 5127] ✓ Updated: 22.43 → 22.48 (CHANGED)
[2025-12-18 00:30:04]   [emp_id: 5128] ✓ Updated: 25.58 → 25.63 (CHANGED)
[2025-12-18 00:30:04]   [emp_id: 5138] ✓ Updated: 64.58 → 64.66 (CHANGED)
[2025-12-18 00:30:04]   [emp_id: 5138] ✓ Updated: 64.58 → 64.66 (CHANGED)
[2025-12-18 00:30:04]   [emp_id: 5141] ✓ Updated: 33.95 → 34 (CHANGED)
[2025-12-18 00:30:04]   [emp_id: 5142] ✓ Updated: 12.95 → 13 (CHANGED)
[2025-12-18 00:30:04]   [emp_id: 5146] ✓ Updated: 19.95 → 20 (CHANGED)
[2025-12-18 00:30:04]   [emp_id: 5147] ✓ Updated: 18.95 → 19 (CHANGED)
[2025-12-18 00:30:04]   [emp_id: 5148] ✓ Updated: 24.3 → 24.35 (CHANGED)
[2025-12-18 00:30:04]   [emp_id: 5149] ✓ Updated: 23.19 → 23.24 (CHANGED)
[2025-12-18 00:30:04]   [emp_id: 5150] ✓ Updated: 22.55 → 22.6 (CHANGED)
[2025-12-18 00:30:04]   [emp_id: 5151] ✓ Updated: 22.37 → 22.42 (CHANGED)
[2025-12-18 00:30:04]   [emp_id: 5152] ✓ Updated: 2.79 → 2.84 (CHANGED)
[2025-12-18 00:30:04]   [emp_id: 5157] ✓ Updated: 22.37 → 22.42 (CHANGED)
[2025-12-18 00:30:04]   [emp_id: 5160] ✓ Updated: 22.37 → 22.42 (CHANGED)
[2025-12-18 00:30:04]   [emp_id: 5163] ✓ Updated: 20.16 → 20.21 (CHANGED)
[2025-12-18 00:30:04]   [emp_id: 5165] ✓ Updated: 25.92 → 26 (CHANGED)
[2025-12-18 00:30:04]   [emp_id: 5167] ✓ Updated: 29.31 → 29.36 (CHANGED)
[2025-12-18 00:30:04]   [emp_id: 5168] ✓ Updated: 21.85 → 21.9 (CHANGED)
[2025-12-18 00:30:04]   [emp_id: 5173] ✓ Updated: 23.67 → 23.75 (CHANGED)
[2025-12-18 00:30:04]   [emp_id: 5174] ✓ Updated: 22.31 → 22.36 (CHANGED)
[2025-12-18 00:30:04]   [emp_id: 5181] ✓ Updated: 18.7 → 18.75 (CHANGED)
[2025-12-18 00:30:04]   [emp_id: 5186] ✓ Updated: 24.23 → 24.28 (CHANGED)
[2025-12-18 00:30:04]   [emp_id: 5187] ✓ Updated: 35.23 → 35.28 (CHANGED)
[2025-12-18 00:30:04]   [emp_id: 5204] ✓ Updated: 21.17 → 21.25 (CHANGED)
[2025-12-18 00:30:04]   [emp_id: 5205] ✓ Updated: 11.44 → 11.49 (CHANGED)
[2025-12-18 00:30:04]   [emp_id: 5209] ✓ Updated: 14.44 → 14.49 (CHANGED)
[2025-12-18 00:30:04]   [emp_id: 5213] ✓ Updated: 0.85 → 0.9 (CHANGED)
[2025-12-18 00:30:04]   [emp_id: 5214] ✓ Updated: 14.44 → 14.49 (CHANGED)
[2025-12-18 00:30:04]   [emp_id: 5215] ✓ Updated: 9.44 → 9.49 (CHANGED)
[2025-12-18 00:30:04]   [emp_id: 5217] ✓ Updated: 8.44 → 8.49 (CHANGED)
[2025-12-18 00:30:04]   [emp_id: 5219] ✓ Updated: 12.44 → 12.49 (CHANGED)
[2025-12-18 00:30:04]   [emp_id: 5221] ✓ Updated: 3.81 → 3.86 (CHANGED)
[2025-12-18 00:30:04]   [emp_id: 5224] ✓ Updated: 13.44 → 13.49 (CHANGED)
[2025-12-18 00:30:04]   [emp_id: 5225] ✓ Updated: 8.11 → 8.16 (CHANGED)
[2025-12-18 00:30:04]   [emp_id: 5228] ✓ Updated: 8.44 → 8.49 (CHANGED)
[2025-12-18 00:30:04]   [emp_id: 5229] ✓ Updated: 4.44 → 4.49 (CHANGED)
[2025-12-18 00:30:04]   [emp_id: 5230] ✓ Updated: 11.11 → 11.16 (CHANGED)
[2025-12-18 00:30:04]   [emp_id: 5231] ✓ Updated: 5.44 → 5.49 (CHANGED)
[2025-12-18 00:30:04]   [emp_id: 5232] ✓ Updated: 10.44 → 10.49 (CHANGED)
[2025-12-18 00:30:04]   [emp_id: 5233] ✓ Updated: 3.44 → 3.49 (CHANGED)
[2025-12-18 00:30:04]   [emp_id: 5234] ✓ Updated: 3.44 → 3.49 (CHANGED)
[2025-12-18 00:30:04]   [emp_id: 5235] ✓ Updated: 4.11 → 4.16 (CHANGED)
[2025-12-18 00:30:04]   [emp_id: 5237] ✓ Updated: 14.44 → 14.49 (CHANGED)
[2025-12-18 00:30:04]   [emp_id: 5238] ✓ Updated: 7.06 → 7.11 (CHANGED)
[2025-12-18 00:30:04]   [emp_id: 5239] ✓ Updated: 6.44 → 6.49 (CHANGED)
[2025-12-18 00:30:04]   [emp_id: 5241] ✓ Updated: 4.44 → 4.49 (CHANGED)
[2025-12-18 00:30:04]   [emp_id: 5242] ✓ Updated: 14.44 → 14.49 (CHANGED)
[2025-12-18 00:30:04]   [emp_id: 5243] ✓ Updated: 0.85 → 0.9 (CHANGED)
[2025-12-18 00:30:04]   [emp_id: 5244] ✓ Updated: 0.15 → 0.2 (CHANGED)
[2025-12-18 00:30:04]   [emp_id: 5246] ✓ Updated: 10.44 → 10.49 (CHANGED)
[2025-12-18 00:30:04]   [emp_id: 5253] ✓ Updated: 29.06 → 29.11 (CHANGED)
[2025-12-18 00:30:04]   [emp_id: 5254] ✓ Updated: 11.29 → 11.34 (CHANGED)
[2025-12-18 00:30:04]   [emp_id: 5257] ✓ Updated: 11 → 11.05 (CHANGED)
[2025-12-18 00:30:04]   [emp_id: 5259] ✓ Updated: 47.53 → 47.58 (CHANGED)
[2025-12-18 00:30:04]   [emp_id: 5261] ✓ Updated: 48.67 → 48.75 (CHANGED)
[2025-12-18 00:30:04]   [emp_id: 5264] ✓ Updated: 25.01 → 25.06 (CHANGED)
[2025-12-18 00:30:04]   [emp_id: 5266] ✓ Updated: 19.63 → 19.68 (CHANGED)
[2025-12-18 00:30:04]   [emp_id: 5268] ✓ Updated: 8.2 → 8.25 (CHANGED)
[2025-12-18 00:30:04]   [emp_id: 5271] ✓ Updated: 6.86 → 6.91 (CHANGED)
[2025-12-18 00:30:04]   [emp_id: 5272] ✓ Updated: 7.73 → 7.78 (CHANGED)
[2025-12-18 00:30:04]   [emp_id: 5273] ✓ Updated: 25.52 → 25.57 (CHANGED)
[2025-12-18 00:30:04]   [emp_id: 5275] ✓ Updated: 8.55 → 8.6 (CHANGED)
[2025-12-18 00:30:04]   [emp_id: 5276] ✓ Updated: 22.82 → 22.87 (CHANGED)
[2025-12-18 00:30:04]   [emp_id: 5278] ✓ Updated: 7.21 → 7.26 (CHANGED)
[2025-12-18 00:30:04]   [emp_id: 5280] ✓ Updated: 17.61 → 17.66 (CHANGED)
[2025-12-18 00:30:04]   [emp_id: 5282] ✓ Updated: 10.25 → 10.33 (CHANGED)
[2025-12-18 00:30:05]   [emp_id: 5285] ✓ Updated: 27.61 → 27.66 (CHANGED)
[2025-12-18 00:30:05]   [emp_id: 5286] ✓ Updated: 14.61 → 14.66 (CHANGED)
[2025-12-18 00:30:05]   [emp_id: 5287] ✓ Updated: 48.91 → 48.96 (CHANGED)
[2025-12-18 00:30:05]   [emp_id: 5288] ✓ Updated: 37.92 → 37.97 (CHANGED)
[2025-12-18 00:30:05]   [emp_id: 5289] ✓ Updated: 47.46 → 47.51 (CHANGED)
[2025-12-18 00:30:05]   [emp_id: 5290] ✓ Updated: 46.23 → 46.28 (CHANGED)
[2025-12-18 00:30:05]   [emp_id: 5291] ✓ Updated: 4.23 → 4.28 (CHANGED)
[2025-12-18 00:30:05]   [emp_id: 5292] ✓ Updated: 4.17 → 4.22 (CHANGED)
[2025-12-18 00:30:05]   [emp_id: 5293] ✓ Updated: 36.42 → 36.5 (CHANGED)
[2025-12-18 00:30:05]   [emp_id: 5294] ✓ Updated: 6.17 → 6.25 (CHANGED)
[2025-12-18 00:30:05]   [emp_id: 5295] ✓ Updated: 20.41 → 20.46 (CHANGED)
[2025-12-18 00:30:05]   [emp_id: 5296] ✓ Updated: 30.05 → 30.13 (CHANGED)
[2025-12-18 00:30:05]   [emp_id: 5297] ✓ Updated: 44.83 → 44.88 (CHANGED)
[2025-12-18 00:30:05]   [emp_id: 5298] ✓ Updated: 44.83 → 44.88 (CHANGED)
[2025-12-18 00:30:05]   [emp_id: 5299] ✓ Updated: 44.83 → 44.88 (CHANGED)
[2025-12-18 00:30:05]   [emp_id: 5300] ✓ Updated: 44.83 → 44.88 (CHANGED)
[2025-12-18 00:30:05]   [emp_id: 5301] ✓ Updated: 2.65 → 2.7 (CHANGED)
[2025-12-18 00:30:05]   [emp_id: 5303] ✓ Updated: 44.83 → 44.88 (CHANGED)
[2025-12-18 00:30:05]   [emp_id: 5304] ✓ Updated: 44.83 → 44.88 (CHANGED)
[2025-12-18 00:30:05]   [emp_id: 5305] ✓ Updated: 2.83 → 2.88 (CHANGED)
[2025-12-18 00:30:05]   [emp_id: 5306] ✓ Updated: 44.54 → 44.59 (CHANGED)
[2025-12-18 00:30:05]   [emp_id: 5307] ✓ Updated: 44.54 → 44.59 (CHANGED)
[2025-12-18 00:30:05]   [emp_id: 5312] ✓ Updated: 0.15 → 0.2 (CHANGED)
[2025-12-18 00:30:05]   [emp_id: 5318] ✓ Updated: 25.25 → 25.3 (CHANGED)
[2025-12-18 00:30:05]   [emp_id: 5325] ✓ Updated: 21.21 → 21.26 (CHANGED)
[2025-12-18 00:30:05]   [emp_id: 5327] ✓ Updated: 0.3 → 0.35 (CHANGED)
[2025-12-18 00:30:05]   [emp_id: 5331] ✓ Updated: 20.62 → 20.67 (CHANGED)
[2025-12-18 00:30:05]   [emp_id: 5337] ✓ Updated: 34.08 → 34.16 (CHANGED)
[2025-12-18 00:30:05]   [emp_id: 5339] ✓ Updated: 9.4 → 9.45 (CHANGED)
[2025-12-18 00:30:05]   [emp_id: 5343] ✓ Updated: 44 → 44.08 (CHANGED)
[2025-12-18 00:30:05]   [emp_id: 5343] ✓ Updated: 44 → 44.08 (CHANGED)
[2025-12-18 00:30:05]   [emp_id: 5345] ✓ Updated: 13.83 → 13.91 (CHANGED)
[2025-12-18 00:30:05]   [emp_id: 5346] ✓ Updated: 38.12 → 38.17 (CHANGED)
[2025-12-18 00:30:05]   [emp_id: 5351] ✓ Updated: 17.06 → 17.11 (CHANGED)
[2025-12-18 00:30:05]   [emp_id: 5352] ✓ Updated: 24.25 → 24.33 (CHANGED)
[2025-12-18 00:30:05]   [emp_id: 5370] ✓ Updated: 14.71 → 14.76 (CHANGED)
[2025-12-18 00:30:05]   [emp_id: 5371] ✓ Updated: 0.16 → 0.24 (CHANGED)
[2025-12-18 00:30:05]   [emp_id: 5376] ✓ Updated: 9.31 → 9.36 (CHANGED)
[2025-12-18 00:30:05]   [emp_id: 5378] ✓ Updated: 22 → 22.08 (CHANGED)
[2025-12-18 00:30:05]   [emp_id: 5380] ✓ Updated: 15.72 → 15.77 (CHANGED)
[2025-12-18 00:30:05]   [emp_id: 5381] ✓ Updated: 16.42 → 16.5 (CHANGED)
[2025-12-18 00:30:05]   [emp_id: 5383] ✓ Updated: 14.83 → 14.91 (CHANGED)
[2025-12-18 00:30:05]   [emp_id: 5388] ✓ Updated: 26.5 → 26.55 (CHANGED)
[2025-12-18 00:30:05]   [emp_id: 5396] ✓ Updated: 27.74 → 27.79 (CHANGED)
[2025-12-18 00:30:05]   [emp_id: 5397] ✓ Updated: 23.95 → 24 (CHANGED)
[2025-12-18 00:30:05]   [emp_id: 5401] ✓ Updated: 22.31 → 22.36 (CHANGED)
[2025-12-18 00:30:05]   [emp_id: 5402] ✓ Updated: 22.43 → 22.48 (CHANGED)
[2025-12-18 00:30:05]   [emp_id: 5406] ✓ Updated: 21.15 → 21.2 (CHANGED)
[2025-12-18 00:30:05]   [emp_id: 5407] ✓ Updated: 23.5 → 23.58 (CHANGED)
[2025-12-18 00:30:05]   [emp_id: 5408] ✓ Updated: 21.25 → 21.33 (CHANGED)
[2025-12-18 00:30:05]   [emp_id: 5409] ✓ Updated: 15.49 → 15.54 (CHANGED)
[2025-12-18 00:30:05]   [emp_id: 5413] ✓ Updated: 27 → 27.08 (CHANGED)
[2025-12-18 00:30:05]   [emp_id: 5414] ✓ Updated: 26.67 → 26.75 (CHANGED)
[2025-12-18 00:30:05]   [emp_id: 5415] ✓ Updated: 17.5 → 17.58 (CHANGED)
[2025-12-18 00:30:05]   [emp_id: 5418] ✓ Updated: 12.27 → 12.32 (CHANGED)
[2025-12-18 00:30:05]   [emp_id: 5422] ✓ Updated: 19.33 → 19.41 (CHANGED)
[2025-12-18 00:30:05]   [emp_id: 5423] ✓ Updated: 15.92 → 16 (CHANGED)
[2025-12-18 00:30:05]   [emp_id: 5423] ✓ Updated: 15.92 → 16 (CHANGED)
[2025-12-18 00:30:05]   [emp_id: 5423] ✓ Updated: 15.92 → 16 (CHANGED)
[2025-12-18 00:30:05]   [emp_id: 5424] ✓ Updated: 13.1 → 13.15 (CHANGED)
[2025-12-18 00:30:05]   [emp_id: 5425] ✓ Updated: 13.1 → 13.15 (CHANGED)
[2025-12-18 00:30:05]   [emp_id: 5426] ✓ Updated: 2.57 → 2.65 (CHANGED)
[2025-12-18 00:30:05]   [emp_id: 5426] ✓ Updated: 2.57 → 2.65 (CHANGED)
[2025-12-18 00:30:05]   [emp_id: 5427] ✓ Updated: 13.21 → 13.26 (CHANGED)
[2025-12-18 00:30:05]   [emp_id: 5428] ✓ Updated: 13.1 → 13.15 (CHANGED)
[2025-12-18 00:30:05]   [emp_id: 5430] ✓ Updated: 16.33 → 16.41 (CHANGED)
[2025-12-18 00:30:05]   [emp_id: 5431] ✓ Updated: 12.22 → 12.27 (CHANGED)
[2025-12-18 00:30:05]   [emp_id: 5434] ✓ Updated: 11.99 → 12.04 (CHANGED)
[2025-12-18 00:30:05]   [emp_id: 5435] ✓ Updated: 11.93 → 11.98 (CHANGED)
[2025-12-18 00:30:05]   [emp_id: 5436] ✓ Updated: 11.93 → 11.98 (CHANGED)
[2025-12-18 00:30:05]   [emp_id: 5438] ✓ Updated: 14.25 → 14.33 (CHANGED)
[2025-12-18 00:30:05]   [emp_id: 5439] ✓ Updated: 23.75 → 23.83 (CHANGED)
[2025-12-18 00:30:05]   [emp_id: 5442] ✓ Updated: 12.75 → 12.83 (CHANGED)
[2025-12-18 00:30:05]   [emp_id: 5443] ✓ Updated: 7.61 → 7.66 (CHANGED)
[2025-12-18 00:30:05]   [emp_id: 5445] ✓ Updated: 6.39 → 6.44 (CHANGED)
[2025-12-18 00:30:05]   [emp_id: 5446] ✓ Updated: 6.39 → 6.44 (CHANGED)
[2025-12-18 00:30:05]   [emp_id: 5447] ✓ Updated: 6.33 → 6.38 (CHANGED)
[2025-12-18 00:30:05]   [emp_id: 5448] ✓ Updated: 4.28 → 4.36 (CHANGED)
[2025-12-18 00:30:05]   [emp_id: 5449] ✓ Updated: 4.41 → 4.46 (CHANGED)
[2025-12-18 00:30:05]   [emp_id: 5450] ✓ Updated: 4.35 → 4.4 (CHANGED)
[2025-12-18 00:30:05]   [emp_id: 5451] ✓ Updated: 4.35 → 4.4 (CHANGED)
[2025-12-18 00:30:05]   [emp_id: 5454] ✓ Updated: 5.83 → 5.91 (CHANGED)
[2025-12-18 00:30:05]   [emp_id: 5455] ✓ Updated: 4.08 → 4.16 (CHANGED)
[2025-12-18 00:30:05]   [emp_id: 5456] ✓ Updated: 5.08 → 5.16 (CHANGED)
[2025-12-18 00:30:05] 
[2025-12-18 00:30:05] ========== SUMMARY ==========
[2025-12-18 00:30:05] Total employees processed: 437
[2025-12-18 00:30:05] Records updated: 437
[2025-12-18 00:30:05] Balances changed: 437
[2025-12-18 00:30:05] Errors: 0
[2025-12-18 00:30:05] ========== CRON: Vacation Balance Update Completed ==========
[2025-12-18 00:30:05] 
[2025-12-18 08:25:37] ========== CRON: Vacation Balance Update Started ==========
[2025-12-18 08:25:37] Database connection established
[2025-12-18 08:25:37] Found 437 active employees with balance records to update
[2025-12-18 08:25:37] (Only employees with status=1 will be processed)
[2025-12-18 08:25:37]   [emp_id: 1061] SKIPPED: Already updated today (2025-12-18 03:00:01)
[2025-12-18 08:25:37]   [emp_id: 1496] SKIPPED: Already updated today (2025-12-18 03:00:01)
[2025-12-18 08:25:37]   [emp_id: 1500] SKIPPED: Already updated today (2025-12-18 03:00:01)
[2025-12-18 08:25:37]   [emp_id: 1574] SKIPPED: Already updated today (2025-12-18 03:00:02)
[2025-12-18 08:25:37]   [emp_id: 1673] SKIPPED: Already updated today (2025-12-18 03:00:02)
[2025-12-18 08:25:37]   [emp_id: 1685] SKIPPED: Already updated today (2025-12-18 03:00:02)
[2025-12-18 08:25:37]   [emp_id: 1764] SKIPPED: Already updated today (2025-12-18 03:00:02)
[2025-12-18 08:25:37]   [emp_id: 1805] SKIPPED: Already updated today (2025-12-18 03:00:02)
[2025-12-18 08:25:37]   [emp_id: 1822] SKIPPED: Already updated today (2025-12-18 03:00:02)
[2025-12-18 08:25:37]   [emp_id: 1837] SKIPPED: Already updated today (2025-12-18 03:00:02)
[2025-12-18 08:25:37]   [emp_id: 1857] SKIPPED: Already updated today (2025-12-18 03:00:02)
[2025-12-18 08:25:37]   [emp_id: 1861] SKIPPED: Already updated today (2025-12-18 03:00:02)
[2025-12-18 08:25:37]   [emp_id: 1872] SKIPPED: Already updated today (2025-12-18 03:00:02)
[2025-12-18 08:25:37]   [emp_id: 1897] SKIPPED: Already updated today (2025-12-18 03:00:02)
[2025-12-18 08:25:37]   [emp_id: 1916] SKIPPED: Already updated today (2025-12-18 03:00:02)
[2025-12-18 08:25:37]   [emp_id: 1928] SKIPPED: Already updated today (2025-12-18 03:00:02)
[2025-12-18 08:25:37]   [emp_id: 1931] SKIPPED: Already updated today (2025-12-18 03:00:02)
[2025-12-18 08:25:37]   [emp_id: 1944] SKIPPED: Already updated today (2025-12-18 03:00:02)
[2025-12-18 08:25:37]   [emp_id: 1996] SKIPPED: Already updated today (2025-12-18 03:00:02)
[2025-12-18 08:25:37]   [emp_id: 1997] SKIPPED: Already updated today (2025-12-18 03:00:02)
[2025-12-18 08:25:37]   [emp_id: 1998] SKIPPED: Already updated today (2025-12-18 03:00:02)
[2025-12-18 08:25:37]   [emp_id: 1999] SKIPPED: Already updated today (2025-12-18 03:00:02)
[2025-12-18 08:25:37]   [emp_id: 2009] SKIPPED: Already updated today (2025-12-18 03:00:02)
[2025-12-18 08:25:37]   [emp_id: 2048] SKIPPED: Already updated today (2025-12-18 03:00:02)
[2025-12-18 08:25:37]   [emp_id: 2057] SKIPPED: Already updated today (2025-12-18 03:00:02)
[2025-12-18 08:25:37]   [emp_id: 2079] SKIPPED: Already updated today (2025-12-18 03:00:02)
[2025-12-18 08:25:37]   [emp_id: 2181] SKIPPED: Already updated today (2025-12-18 03:00:02)
[2025-12-18 08:25:37]   [emp_id: 2190] SKIPPED: Already updated today (2025-12-18 03:00:02)
[2025-12-18 08:25:37]   [emp_id: 2212] SKIPPED: Already updated today (2025-12-18 03:00:02)
[2025-12-18 08:25:37]   [emp_id: 2226] SKIPPED: Already updated today (2025-12-18 03:00:02)
[2025-12-18 08:25:37]   [emp_id: 2238] SKIPPED: Already updated today (2025-12-18 03:00:02)
[2025-12-18 08:25:37]   [emp_id: 2285] SKIPPED: Already updated today (2025-12-18 03:00:02)
[2025-12-18 08:25:37]   [emp_id: 2287] SKIPPED: Already updated today (2025-12-18 03:00:02)
[2025-12-18 08:25:37]   [emp_id: 2288] SKIPPED: Already updated today (2025-12-18 03:00:02)
[2025-12-18 08:25:37]   [emp_id: 2290] SKIPPED: Already updated today (2025-12-18 03:00:02)
[2025-12-18 08:25:37]   [emp_id: 2316] SKIPPED: Already updated today (2025-12-18 03:00:02)
[2025-12-18 08:25:37]   [emp_id: 2337] SKIPPED: Already updated today (2025-12-18 03:00:02)
[2025-12-18 08:25:37]   [emp_id: 2352] SKIPPED: Already updated today (2025-12-18 03:00:02)
[2025-12-18 08:25:37]   [emp_id: 2358] SKIPPED: Already updated today (2025-12-18 03:00:02)
[2025-12-18 08:25:37]   [emp_id: 2361] SKIPPED: Already updated today (2025-12-18 03:00:02)
[2025-12-18 08:25:37]   [emp_id: 2363] SKIPPED: Already updated today (2025-12-18 03:00:02)
[2025-12-18 08:25:37]   [emp_id: 2364] SKIPPED: Already updated today (2025-12-18 03:00:02)
[2025-12-18 08:25:37]   [emp_id: 2367] SKIPPED: Already updated today (2025-12-18 03:00:02)
[2025-12-18 08:25:37]   [emp_id: 2368] SKIPPED: Already updated today (2025-12-18 03:00:02)
[2025-12-18 08:25:37]   [emp_id: 2372] SKIPPED: Already updated today (2025-12-18 03:00:02)
[2025-12-18 08:25:37]   [emp_id: 2376] SKIPPED: Already updated today (2025-12-18 03:00:02)
[2025-12-18 08:25:37]   [emp_id: 2423] SKIPPED: Already updated today (2025-12-18 03:00:02)
[2025-12-18 08:25:37]   [emp_id: 2519] SKIPPED: Already updated today (2025-12-18 03:00:02)
[2025-12-18 08:25:37]   [emp_id: 2522] SKIPPED: Already updated today (2025-12-18 03:00:02)
[2025-12-18 08:25:37]   [emp_id: 2530] SKIPPED: Already updated today (2025-12-18 03:00:02)
[2025-12-18 08:25:37]   [emp_id: 2539] SKIPPED: Already updated today (2025-12-18 03:00:02)
[2025-12-18 08:25:37]   [emp_id: 2541] SKIPPED: Already updated today (2025-12-18 03:00:02)
[2025-12-18 08:25:37]   [emp_id: 2550] SKIPPED: Already updated today (2025-12-18 03:00:02)
[2025-12-18 08:25:37]   [emp_id: 2553] SKIPPED: Already updated today (2025-12-18 03:00:02)
[2025-12-18 08:25:37]   [emp_id: 2554] SKIPPED: Already updated today (2025-12-18 03:00:02)
[2025-12-18 08:25:37]   [emp_id: 2565] SKIPPED: Already updated today (2025-12-18 03:00:02)
[2025-12-18 08:25:37]   [emp_id: 2572] SKIPPED: Already updated today (2025-12-18 03:00:02)
[2025-12-18 08:25:37]   [emp_id: 2637] SKIPPED: Already updated today (2025-12-18 03:00:02)
[2025-12-18 08:25:37]   [emp_id: 2642] SKIPPED: Already updated today (2025-12-18 03:00:02)
[2025-12-18 08:25:37]   [emp_id: 2645] SKIPPED: Already updated today (2025-12-18 03:00:02)
[2025-12-18 08:25:37]   [emp_id: 2648] SKIPPED: Already updated today (2025-12-18 03:00:02)
[2025-12-18 08:25:37]   [emp_id: 2654] SKIPPED: Already updated today (2025-12-18 03:00:02)
[2025-12-18 08:25:37]   [emp_id: 2688] SKIPPED: Already updated today (2025-12-18 03:00:02)
[2025-12-18 08:25:37]   [emp_id: 2690] SKIPPED: Already updated today (2025-12-18 03:00:02)
[2025-12-18 08:25:37]   [emp_id: 2709] SKIPPED: Already updated today (2025-12-18 03:00:02)
[2025-12-18 08:25:37]   [emp_id: 2745] SKIPPED: Already updated today (2025-12-18 03:00:02)
[2025-12-18 08:25:37]   [emp_id: 2843] SKIPPED: Already updated today (2025-12-18 03:00:02)
[2025-12-18 08:25:37]   [emp_id: 2854] SKIPPED: Already updated today (2025-12-18 03:00:02)
[2025-12-18 08:25:37]   [emp_id: 2869] SKIPPED: Already updated today (2025-12-18 03:00:02)
[2025-12-18 08:25:37]   [emp_id: 2876] SKIPPED: Already updated today (2025-12-18 03:00:02)
[2025-12-18 08:25:37]   [emp_id: 2924] SKIPPED: Already updated today (2025-12-18 03:00:02)
[2025-12-18 08:25:37]   [emp_id: 2953] SKIPPED: Already updated today (2025-12-18 03:00:02)
[2025-12-18 08:25:37]   [emp_id: 2961] SKIPPED: Already updated today (2025-12-18 03:00:02)
[2025-12-18 08:25:37]   [emp_id: 2975] SKIPPED: Already updated today (2025-12-18 03:00:02)
[2025-12-18 08:25:37]   [emp_id: 3013] SKIPPED: Already updated today (2025-12-18 03:00:02)
[2025-12-18 08:25:37]   [emp_id: 3014] SKIPPED: Already updated today (2025-12-18 03:00:02)
[2025-12-18 08:25:37]   [emp_id: 3015] SKIPPED: Already updated today (2025-12-18 03:00:02)
[2025-12-18 08:25:37]   [emp_id: 3018] SKIPPED: Already updated today (2025-12-18 03:00:02)
[2025-12-18 08:25:37]   [emp_id: 3025] SKIPPED: Already updated today (2025-12-18 03:00:02)
[2025-12-18 08:25:37]   [emp_id: 3037] SKIPPED: Already updated today (2025-12-18 03:00:02)
[2025-12-18 08:25:37]   [emp_id: 3047] SKIPPED: Already updated today (2025-12-18 03:00:02)
[2025-12-18 08:25:37]   [emp_id: 3061] SKIPPED: Already updated today (2025-12-18 03:00:02)
[2025-12-18 08:25:37]   [emp_id: 3062] SKIPPED: Already updated today (2025-12-18 03:00:02)
[2025-12-18 08:25:37]   [emp_id: 3074] SKIPPED: Already updated today (2025-12-18 03:00:02)
[2025-12-18 08:25:37]   [emp_id: 3089] SKIPPED: Already updated today (2025-12-18 03:00:02)
[2025-12-18 08:25:37]   [emp_id: 3090] SKIPPED: Already updated today (2025-12-18 03:00:02)
[2025-12-18 08:25:37]   [emp_id: 3091] SKIPPED: Already updated today (2025-12-18 03:00:02)
[2025-12-18 08:25:37]   [emp_id: 3092] SKIPPED: Already updated today (2025-12-18 03:00:02)
[2025-12-18 08:25:37]   [emp_id: 3105] SKIPPED: Already updated today (2025-12-18 03:00:02)
[2025-12-18 08:25:37]   [emp_id: 3134] SKIPPED: Already updated today (2025-12-18 03:00:02)
[2025-12-18 08:25:37]   [emp_id: 3140] SKIPPED: Already updated today (2025-12-18 03:00:02)
[2025-12-18 08:25:37]   [emp_id: 3144] SKIPPED: Already updated today (2025-12-18 03:00:02)
[2025-12-18 08:25:37]   [emp_id: 3156] SKIPPED: Already updated today (2025-12-18 03:00:02)
[2025-12-18 08:25:37]   [emp_id: 3162] SKIPPED: Already updated today (2025-12-18 03:00:02)
[2025-12-18 08:25:37]   [emp_id: 3163] SKIPPED: Already updated today (2025-12-18 03:00:03)
[2025-12-18 08:25:37]   [emp_id: 3198] SKIPPED: Already updated today (2025-12-18 03:00:03)
[2025-12-18 08:25:37]   [emp_id: 3205] SKIPPED: Already updated today (2025-12-18 03:00:03)
[2025-12-18 08:25:37]   [emp_id: 3209] SKIPPED: Already updated today (2025-12-18 03:00:03)
[2025-12-18 08:25:37]   [emp_id: 3223] SKIPPED: Already updated today (2025-12-18 03:00:03)
[2025-12-18 08:25:37]   [emp_id: 3224] SKIPPED: Already updated today (2025-12-18 03:00:03)
[2025-12-18 08:25:37]   [emp_id: 3230] SKIPPED: Already updated today (2025-12-18 03:00:03)
[2025-12-18 08:25:37]   [emp_id: 3231] SKIPPED: Already updated today (2025-12-18 03:00:03)
[2025-12-18 08:25:37]   [emp_id: 3233] SKIPPED: Already updated today (2025-12-18 03:00:03)
[2025-12-18 08:25:37]   [emp_id: 3249] SKIPPED: Already updated today (2025-12-18 03:00:03)
[2025-12-18 08:25:37]   [emp_id: 3250] SKIPPED: Already updated today (2025-12-18 03:00:03)
[2025-12-18 08:25:37]   [emp_id: 3252] SKIPPED: Already updated today (2025-12-18 03:00:03)
[2025-12-18 08:25:37]   [emp_id: 3254] SKIPPED: Already updated today (2025-12-18 03:00:03)
[2025-12-18 08:25:37]   [emp_id: 3255] SKIPPED: Already updated today (2025-12-18 03:00:03)
[2025-12-18 08:25:37]   [emp_id: 3256] SKIPPED: Already updated today (2025-12-18 03:00:03)
[2025-12-18 08:25:37]   [emp_id: 3263] SKIPPED: Already updated today (2025-12-18 03:00:03)
[2025-12-18 08:25:37]   [emp_id: 3265] SKIPPED: Already updated today (2025-12-18 03:00:03)
[2025-12-18 08:25:37]   [emp_id: 3280] SKIPPED: Already updated today (2025-12-18 03:00:03)
[2025-12-18 08:25:37]   [emp_id: 3286] SKIPPED: Already updated today (2025-12-18 03:00:03)
[2025-12-18 08:25:37]   [emp_id: 3294] SKIPPED: Already updated today (2025-12-18 03:00:03)
[2025-12-18 08:25:37]   [emp_id: 3321] SKIPPED: Already updated today (2025-12-18 03:00:03)
[2025-12-18 08:25:37]   [emp_id: 3325] SKIPPED: Already updated today (2025-12-18 03:00:03)
[2025-12-18 08:25:37]   [emp_id: 3329] SKIPPED: Already updated today (2025-12-18 03:00:03)
[2025-12-18 08:25:37]   [emp_id: 3330] SKIPPED: Already updated today (2025-12-18 03:00:03)
[2025-12-18 08:25:37]   [emp_id: 3332] SKIPPED: Already updated today (2025-12-18 03:00:03)
[2025-12-18 08:25:37]   [emp_id: 3370] SKIPPED: Already updated today (2025-12-18 03:00:03)
[2025-12-18 08:25:37]   [emp_id: 3384] SKIPPED: Already updated today (2025-12-18 03:00:03)
[2025-12-18 08:25:37]   [emp_id: 3386] SKIPPED: Already updated today (2025-12-18 03:00:03)
[2025-12-18 08:25:37]   [emp_id: 3431] SKIPPED: Already updated today (2025-12-18 03:00:03)
[2025-12-18 08:25:37]   [emp_id: 3497] SKIPPED: Already updated today (2025-12-18 03:00:03)
[2025-12-18 08:25:37]   [emp_id: 3532] SKIPPED: Already updated today (2025-12-18 03:00:03)
[2025-12-18 08:25:37]   [emp_id: 3586] SKIPPED: Already updated today (2025-12-18 03:00:03)
[2025-12-18 08:25:37]   [emp_id: 3602] SKIPPED: Already updated today (2025-12-18 03:00:03)
[2025-12-18 08:25:37]   [emp_id: 3618] SKIPPED: Already updated today (2025-12-18 03:00:03)
[2025-12-18 08:25:37]   [emp_id: 3622] SKIPPED: Already updated today (2025-12-18 03:00:03)
[2025-12-18 08:25:37]   [emp_id: 3627] SKIPPED: Already updated today (2025-12-18 03:00:03)
[2025-12-18 08:25:37]   [emp_id: 3665] SKIPPED: Already updated today (2025-12-18 03:00:03)
[2025-12-18 08:25:37]   [emp_id: 3705] SKIPPED: Already updated today (2025-12-18 03:00:03)
[2025-12-18 08:25:37]   [emp_id: 3724] SKIPPED: Already updated today (2025-12-18 03:00:03)
[2025-12-18 08:25:37]   [emp_id: 3726] SKIPPED: Already updated today (2025-12-18 03:00:03)
[2025-12-18 08:25:37]   [emp_id: 3727] SKIPPED: Already updated today (2025-12-18 03:00:03)
[2025-12-18 08:25:37]   [emp_id: 3728] SKIPPED: Already updated today (2025-12-18 03:00:03)
[2025-12-18 08:25:37]   [emp_id: 3742] SKIPPED: Already updated today (2025-12-18 03:00:03)
[2025-12-18 08:25:37]   [emp_id: 3767] SKIPPED: Already updated today (2025-12-18 03:00:03)
[2025-12-18 08:25:37]   [emp_id: 3768] SKIPPED: Already updated today (2025-12-18 03:00:03)
[2025-12-18 08:25:37]   [emp_id: 3787] SKIPPED: Already updated today (2025-12-18 03:00:03)
[2025-12-18 08:25:37]   [emp_id: 3790] SKIPPED: Already updated today (2025-12-18 03:00:03)
[2025-12-18 08:25:37]   [emp_id: 3795] SKIPPED: Already updated today (2025-12-18 03:00:03)
[2025-12-18 08:25:37]   [emp_id: 3798] SKIPPED: Already updated today (2025-12-18 03:00:03)
[2025-12-18 08:25:37]   [emp_id: 3801] SKIPPED: Already updated today (2025-12-18 03:00:03)
[2025-12-18 08:25:37]   [emp_id: 3802] SKIPPED: Already updated today (2025-12-18 03:00:03)
[2025-12-18 08:25:37]   [emp_id: 3803] SKIPPED: Already updated today (2025-12-18 03:00:03)
[2025-12-18 08:25:37]   [emp_id: 3810] SKIPPED: Already updated today (2025-12-18 03:00:03)
[2025-12-18 08:25:37]   [emp_id: 3812] SKIPPED: Already updated today (2025-12-18 03:00:03)
[2025-12-18 08:25:37]   [emp_id: 3815] SKIPPED: Already updated today (2025-12-18 03:00:03)
[2025-12-18 08:25:37]   [emp_id: 3836] SKIPPED: Already updated today (2025-12-18 03:00:03)
[2025-12-18 08:25:37]   [emp_id: 3855] SKIPPED: Already updated today (2025-12-18 03:00:03)
[2025-12-18 08:25:37]   [emp_id: 3857] SKIPPED: Already updated today (2025-12-18 03:00:03)
[2025-12-18 08:25:37]   [emp_id: 3862] SKIPPED: Already updated today (2025-12-18 03:00:03)
[2025-12-18 08:25:37]   [emp_id: 3866] SKIPPED: Already updated today (2025-12-18 03:00:03)
[2025-12-18 08:25:37]   [emp_id: 3876] SKIPPED: Already updated today (2025-12-18 03:00:03)
[2025-12-18 08:25:37]   [emp_id: 3877] SKIPPED: Already updated today (2025-12-18 03:00:03)
[2025-12-18 08:25:37]   [emp_id: 3897] SKIPPED: Already updated today (2025-12-18 03:00:03)
[2025-12-18 08:25:37]   [emp_id: 3899] SKIPPED: Already updated today (2025-12-18 03:00:03)
[2025-12-18 08:25:37]   [emp_id: 3928] SKIPPED: Already updated today (2025-12-18 03:00:03)
[2025-12-18 08:25:37]   [emp_id: 3929] SKIPPED: Already updated today (2025-12-18 03:00:03)
[2025-12-18 08:25:37]   [emp_id: 3935] SKIPPED: Already updated today (2025-12-18 03:00:03)
[2025-12-18 08:25:37]   [emp_id: 3952] SKIPPED: Already updated today (2025-12-18 03:00:03)
[2025-12-18 08:25:37]   [emp_id: 3987] SKIPPED: Already updated today (2025-12-18 03:00:03)
[2025-12-18 08:25:37]   [emp_id: 4059] SKIPPED: Already updated today (2025-12-18 03:00:03)
[2025-12-18 08:25:37]   [emp_id: 4119] SKIPPED: Already updated today (2025-12-18 03:00:03)
[2025-12-18 08:25:37]   [emp_id: 4120] SKIPPED: Already updated today (2025-12-18 03:00:03)
[2025-12-18 08:25:37]   [emp_id: 4124] SKIPPED: Already updated today (2025-12-18 03:00:03)
[2025-12-18 08:25:37]   [emp_id: 4133] SKIPPED: Already updated today (2025-12-18 03:00:03)
[2025-12-18 08:25:37]   [emp_id: 4134] SKIPPED: Already updated today (2025-12-18 03:00:03)
[2025-12-18 08:25:37]   [emp_id: 4136] SKIPPED: Already updated today (2025-12-18 03:00:03)
[2025-12-18 08:25:37]   [emp_id: 4150] SKIPPED: Already updated today (2025-12-18 03:00:03)
[2025-12-18 08:25:37]   [emp_id: 4157] SKIPPED: Already updated today (2025-12-18 03:00:03)
[2025-12-18 08:25:37]   [emp_id: 4172] SKIPPED: Already updated today (2025-12-18 03:00:03)
[2025-12-18 08:25:37]   [emp_id: 4195] SKIPPED: Already updated today (2025-12-18 03:00:03)
[2025-12-18 08:25:37]   [emp_id: 4215] SKIPPED: Already updated today (2025-12-18 03:00:03)
[2025-12-18 08:25:37]   [emp_id: 4220] SKIPPED: Already updated today (2025-12-18 03:00:03)
[2025-12-18 08:25:37]   [emp_id: 4273] SKIPPED: Already updated today (2025-12-18 03:00:03)
[2025-12-18 08:25:37]   [emp_id: 4283] SKIPPED: Already updated today (2025-12-18 03:00:03)
[2025-12-18 08:25:37]   [emp_id: 4288] SKIPPED: Already updated today (2025-12-18 03:00:03)
[2025-12-18 08:25:37]   [emp_id: 4315] SKIPPED: Already updated today (2025-12-18 03:00:03)
[2025-12-18 08:25:37]   [emp_id: 4328] SKIPPED: Already updated today (2025-12-18 03:00:03)
[2025-12-18 08:25:37]   [emp_id: 4329] SKIPPED: Already updated today (2025-12-18 03:00:03)
[2025-12-18 08:25:37]   [emp_id: 4338] SKIPPED: Already updated today (2025-12-18 03:00:03)
[2025-12-18 08:25:37]   [emp_id: 4340] SKIPPED: Already updated today (2025-12-18 03:00:03)
[2025-12-18 08:25:37]   [emp_id: 4365] SKIPPED: Already updated today (2025-12-18 03:00:03)
[2025-12-18 08:25:37]   [emp_id: 4366] SKIPPED: Already updated today (2025-12-18 03:00:03)
[2025-12-18 08:25:37]   [emp_id: 4403] SKIPPED: Already updated today (2025-12-18 03:00:03)
[2025-12-18 08:25:37]   [emp_id: 4438] SKIPPED: Already updated today (2025-12-18 03:00:03)
[2025-12-18 08:25:37]   [emp_id: 4465] SKIPPED: Already updated today (2025-12-18 03:00:03)
[2025-12-18 08:25:37]   [emp_id: 4473] SKIPPED: Already updated today (2025-12-18 03:00:03)
[2025-12-18 08:25:37]   [emp_id: 4474] SKIPPED: Already updated today (2025-12-18 03:00:03)
[2025-12-18 08:25:37]   [emp_id: 4493] SKIPPED: Already updated today (2025-12-18 03:00:03)
[2025-12-18 08:25:37]   [emp_id: 4526] SKIPPED: Already updated today (2025-12-18 03:00:03)
[2025-12-18 08:25:37]   [emp_id: 4528] SKIPPED: Already updated today (2025-12-18 03:00:03)
[2025-12-18 08:25:37]   [emp_id: 4528] SKIPPED: Already updated today (2025-12-18 03:00:03)
[2025-12-18 08:25:37]   [emp_id: 4532] SKIPPED: Already updated today (2025-12-18 03:00:03)
[2025-12-18 08:25:37]   [emp_id: 4533] SKIPPED: Already updated today (2025-12-18 03:00:03)
[2025-12-18 08:25:37]   [emp_id: 4564] SKIPPED: Already updated today (2025-12-18 03:00:03)
[2025-12-18 08:25:37]   [emp_id: 4565] SKIPPED: Already updated today (2025-12-18 03:00:03)
[2025-12-18 08:25:37]   [emp_id: 4567] SKIPPED: Already updated today (2025-12-18 03:00:03)
[2025-12-18 08:25:37]   [emp_id: 4572] SKIPPED: Already updated today (2025-12-18 03:00:04)
[2025-12-18 08:25:37]   [emp_id: 4631] SKIPPED: Already updated today (2025-12-18 03:00:04)
[2025-12-18 08:25:37]   [emp_id: 4655] SKIPPED: Already updated today (2025-12-18 03:00:04)
[2025-12-18 08:25:37]   [emp_id: 4689] SKIPPED: Already updated today (2025-12-18 03:00:04)
[2025-12-18 08:25:37]   [emp_id: 4709] SKIPPED: Already updated today (2025-12-18 03:00:04)
[2025-12-18 08:25:37]   [emp_id: 4717] SKIPPED: Already updated today (2025-12-18 03:00:04)
[2025-12-18 08:25:37]   [emp_id: 4736] SKIPPED: Already updated today (2025-12-18 03:00:04)
[2025-12-18 08:25:37]   [emp_id: 4756] SKIPPED: Already updated today (2025-12-18 03:00:04)
[2025-12-18 08:25:37]   [emp_id: 4768] SKIPPED: Already updated today (2025-12-18 03:00:04)
[2025-12-18 08:25:37]   [emp_id: 4780] SKIPPED: Already updated today (2025-12-18 03:00:04)
[2025-12-18 08:25:37]   [emp_id: 4820] SKIPPED: Already updated today (2025-12-18 03:00:04)
[2025-12-18 08:25:37]   [emp_id: 4825] SKIPPED: Already updated today (2025-12-18 03:00:04)
[2025-12-18 08:25:37]   [emp_id: 4835] SKIPPED: Already updated today (2025-12-18 03:00:04)
[2025-12-18 08:25:37]   [emp_id: 4837] SKIPPED: Already updated today (2025-12-18 03:00:04)
[2025-12-18 08:25:37]   [emp_id: 4838] SKIPPED: Already updated today (2025-12-18 03:00:04)
[2025-12-18 08:25:37]   [emp_id: 4840] SKIPPED: Already updated today (2025-12-18 03:00:04)
[2025-12-18 08:25:37]   [emp_id: 4842] SKIPPED: Already updated today (2025-12-18 03:00:04)
[2025-12-18 08:25:37]   [emp_id: 4843] SKIPPED: Already updated today (2025-12-18 03:00:04)
[2025-12-18 08:25:37]   [emp_id: 4853] SKIPPED: Already updated today (2025-12-18 03:00:04)
[2025-12-18 08:25:37]   [emp_id: 4856] SKIPPED: Already updated today (2025-12-18 03:00:04)
[2025-12-18 08:25:37]   [emp_id: 4857] SKIPPED: Already updated today (2025-12-18 03:00:04)
[2025-12-18 08:25:37]   [emp_id: 4858] SKIPPED: Already updated today (2025-12-18 03:00:04)
[2025-12-18 08:25:37]   [emp_id: 4859] SKIPPED: Already updated today (2025-12-18 03:00:04)
[2025-12-18 08:25:37]   [emp_id: 4860] SKIPPED: Already updated today (2025-12-18 03:00:04)
[2025-12-18 08:25:37]   [emp_id: 4861] SKIPPED: Already updated today (2025-12-18 03:00:04)
[2025-12-18 08:25:37]   [emp_id: 4869] SKIPPED: Already updated today (2025-12-18 03:00:04)
[2025-12-18 08:25:37]   [emp_id: 4894] SKIPPED: Already updated today (2025-12-18 03:00:04)
[2025-12-18 08:25:37]   [emp_id: 4897] SKIPPED: Already updated today (2025-12-18 03:00:04)
[2025-12-18 08:25:37]   [emp_id: 4899] SKIPPED: Already updated today (2025-12-18 03:00:04)
[2025-12-18 08:25:37]   [emp_id: 4902] SKIPPED: Already updated today (2025-12-18 03:00:04)
[2025-12-18 08:25:37]   [emp_id: 4903] SKIPPED: Already updated today (2025-12-18 03:00:04)
[2025-12-18 08:25:37]   [emp_id: 4905] SKIPPED: Already updated today (2025-12-18 03:00:04)
[2025-12-18 08:25:37]   [emp_id: 4907] SKIPPED: Already updated today (2025-12-18 03:00:04)
[2025-12-18 08:25:37]   [emp_id: 4917] SKIPPED: Already updated today (2025-12-18 03:00:04)
[2025-12-18 08:25:37]   [emp_id: 4918] SKIPPED: Already updated today (2025-12-18 03:00:04)
[2025-12-18 08:25:37]   [emp_id: 4919] SKIPPED: Already updated today (2025-12-18 03:00:04)
[2025-12-18 08:25:37]   [emp_id: 4920] SKIPPED: Already updated today (2025-12-18 03:00:04)
[2025-12-18 08:25:37]   [emp_id: 4921] SKIPPED: Already updated today (2025-12-18 03:00:04)
[2025-12-18 08:25:37]   [emp_id: 4927] SKIPPED: Already updated today (2025-12-18 03:00:04)
[2025-12-18 08:25:37]   [emp_id: 4929] SKIPPED: Already updated today (2025-12-18 03:00:04)
[2025-12-18 08:25:37]   [emp_id: 4930] SKIPPED: Already updated today (2025-12-18 03:00:04)
[2025-12-18 08:25:37]   [emp_id: 4932] SKIPPED: Already updated today (2025-12-18 03:00:04)
[2025-12-18 08:25:37]   [emp_id: 4933] SKIPPED: Already updated today (2025-12-18 03:00:04)
[2025-12-18 08:25:37]   [emp_id: 4949] SKIPPED: Already updated today (2025-12-18 03:00:04)
[2025-12-18 08:25:37]   [emp_id: 4956] SKIPPED: Already updated today (2025-12-18 03:00:04)
[2025-12-18 08:25:37]   [emp_id: 4957] SKIPPED: Already updated today (2025-12-18 03:00:04)
[2025-12-18 08:25:37]   [emp_id: 4962] SKIPPED: Already updated today (2025-12-18 03:00:04)
[2025-12-18 08:25:37]   [emp_id: 4969] SKIPPED: Already updated today (2025-12-18 03:00:04)
[2025-12-18 08:25:37]   [emp_id: 4976] SKIPPED: Already updated today (2025-12-18 03:00:04)
[2025-12-18 08:25:37]   [emp_id: 4984] SKIPPED: Already updated today (2025-12-18 03:00:04)
[2025-12-18 08:25:37]   [emp_id: 4995] SKIPPED: Already updated today (2025-12-18 03:00:04)
[2025-12-18 08:25:37]   [emp_id: 5004] SKIPPED: Already updated today (2025-12-18 03:00:04)
[2025-12-18 08:25:37]   [emp_id: 5006] SKIPPED: Already updated today (2025-12-18 03:00:04)
[2025-12-18 08:25:37]   [emp_id: 5011] SKIPPED: Already updated today (2025-12-18 03:00:04)
[2025-12-18 08:25:37]   [emp_id: 5013] SKIPPED: Already updated today (2025-12-18 03:00:04)
[2025-12-18 08:25:37]   [emp_id: 5018] SKIPPED: Already updated today (2025-12-18 03:00:04)
[2025-12-18 08:25:37]   [emp_id: 5021] SKIPPED: Already updated today (2025-12-18 03:00:04)
[2025-12-18 08:25:37]   [emp_id: 5021] SKIPPED: Already updated today (2025-12-18 03:00:04)
[2025-12-18 08:25:37]   [emp_id: 5024] SKIPPED: Already updated today (2025-12-18 03:00:04)
[2025-12-18 08:25:37]   [emp_id: 5030] SKIPPED: Already updated today (2025-12-18 03:00:04)
[2025-12-18 08:25:37]   [emp_id: 5033] SKIPPED: Already updated today (2025-12-18 03:00:04)
[2025-12-18 08:25:37]   [emp_id: 5043] SKIPPED: Already updated today (2025-12-18 03:00:04)
[2025-12-18 08:25:37]   [emp_id: 5045] SKIPPED: Already updated today (2025-12-18 03:00:04)
[2025-12-18 08:25:37]   [emp_id: 5046] SKIPPED: Already updated today (2025-12-18 03:00:04)
[2025-12-18 08:25:37]   [emp_id: 5049] SKIPPED: Already updated today (2025-12-18 03:00:04)
[2025-12-18 08:25:37]   [emp_id: 5052] SKIPPED: Already updated today (2025-12-18 03:00:04)
[2025-12-18 08:25:37]   [emp_id: 5055] SKIPPED: Already updated today (2025-12-18 03:00:04)
[2025-12-18 08:25:37]   [emp_id: 5058] SKIPPED: Already updated today (2025-12-18 03:00:04)
[2025-12-18 08:25:37]   [emp_id: 5062] SKIPPED: Already updated today (2025-12-18 03:00:04)
[2025-12-18 08:25:37]   [emp_id: 5064] SKIPPED: Already updated today (2025-12-18 03:00:04)
[2025-12-18 08:25:37]   [emp_id: 5065] SKIPPED: Already updated today (2025-12-18 03:00:04)
[2025-12-18 08:25:37]   [emp_id: 5071] SKIPPED: Already updated today (2025-12-18 03:00:04)
[2025-12-18 08:25:37]   [emp_id: 5073] SKIPPED: Already updated today (2025-12-18 03:00:04)
[2025-12-18 08:25:37]   [emp_id: 5079] SKIPPED: Already updated today (2025-12-18 03:00:04)
[2025-12-18 08:25:37]   [emp_id: 5080] SKIPPED: Already updated today (2025-12-18 03:00:04)
[2025-12-18 08:25:37]   [emp_id: 5081] SKIPPED: Already updated today (2025-12-18 03:00:04)
[2025-12-18 08:25:37]   [emp_id: 5087] SKIPPED: Already updated today (2025-12-18 03:00:04)
[2025-12-18 08:25:37]   [emp_id: 5091] SKIPPED: Already updated today (2025-12-18 03:00:04)
[2025-12-18 08:25:37]   [emp_id: 5093] SKIPPED: Already updated today (2025-12-18 03:00:04)
[2025-12-18 08:25:37]   [emp_id: 5095] SKIPPED: Already updated today (2025-12-18 03:00:04)
[2025-12-18 08:25:37]   [emp_id: 5101] SKIPPED: Already updated today (2025-12-18 03:00:04)
[2025-12-18 08:25:37]   [emp_id: 5107] SKIPPED: Already updated today (2025-12-18 03:00:04)
[2025-12-18 08:25:37]   [emp_id: 5109] SKIPPED: Already updated today (2025-12-18 03:00:04)
[2025-12-18 08:25:37]   [emp_id: 5119] SKIPPED: Already updated today (2025-12-18 03:00:04)
[2025-12-18 08:25:37]   [emp_id: 5122] SKIPPED: Already updated today (2025-12-18 03:00:04)
[2025-12-18 08:25:37]   [emp_id: 5126] SKIPPED: Already updated today (2025-12-18 03:00:04)
[2025-12-18 08:25:37]   [emp_id: 5127] SKIPPED: Already updated today (2025-12-18 03:00:04)
[2025-12-18 08:25:37]   [emp_id: 5128] SKIPPED: Already updated today (2025-12-18 03:00:04)
[2025-12-18 08:25:37]   [emp_id: 5138] SKIPPED: Already updated today (2025-12-18 03:00:04)
[2025-12-18 08:25:37]   [emp_id: 5138] SKIPPED: Already updated today (2025-12-18 03:00:04)
[2025-12-18 08:25:37]   [emp_id: 5141] SKIPPED: Already updated today (2025-12-18 03:00:04)
[2025-12-18 08:25:37]   [emp_id: 5142] SKIPPED: Already updated today (2025-12-18 03:00:04)
[2025-12-18 08:25:37]   [emp_id: 5146] SKIPPED: Already updated today (2025-12-18 03:00:04)
[2025-12-18 08:25:37]   [emp_id: 5147] SKIPPED: Already updated today (2025-12-18 03:00:04)
[2025-12-18 08:25:37]   [emp_id: 5148] SKIPPED: Already updated today (2025-12-18 03:00:04)
[2025-12-18 08:25:37]   [emp_id: 5149] SKIPPED: Already updated today (2025-12-18 03:00:04)
[2025-12-18 08:25:37]   [emp_id: 5150] SKIPPED: Already updated today (2025-12-18 03:00:04)
[2025-12-18 08:25:37]   [emp_id: 5151] SKIPPED: Already updated today (2025-12-18 03:00:04)
[2025-12-18 08:25:37]   [emp_id: 5152] SKIPPED: Already updated today (2025-12-18 03:00:04)
[2025-12-18 08:25:37]   [emp_id: 5157] SKIPPED: Already updated today (2025-12-18 03:00:04)
[2025-12-18 08:25:37]   [emp_id: 5160] SKIPPED: Already updated today (2025-12-18 03:00:04)
[2025-12-18 08:25:37]   [emp_id: 5163] SKIPPED: Already updated today (2025-12-18 03:00:04)
[2025-12-18 08:25:37]   [emp_id: 5165] SKIPPED: Already updated today (2025-12-18 03:00:04)
[2025-12-18 08:25:37]   [emp_id: 5167] SKIPPED: Already updated today (2025-12-18 03:00:04)
[2025-12-18 08:25:37]   [emp_id: 5168] SKIPPED: Already updated today (2025-12-18 03:00:04)
[2025-12-18 08:25:37]   [emp_id: 5173] SKIPPED: Already updated today (2025-12-18 03:00:04)
[2025-12-18 08:25:37]   [emp_id: 5174] SKIPPED: Already updated today (2025-12-18 03:00:04)
[2025-12-18 08:25:37]   [emp_id: 5181] SKIPPED: Already updated today (2025-12-18 03:00:04)
[2025-12-18 08:25:37]   [emp_id: 5186] SKIPPED: Already updated today (2025-12-18 03:00:04)
[2025-12-18 08:25:37]   [emp_id: 5187] SKIPPED: Already updated today (2025-12-18 03:00:04)
[2025-12-18 08:25:37]   [emp_id: 5204] SKIPPED: Already updated today (2025-12-18 03:00:04)
[2025-12-18 08:25:37]   [emp_id: 5205] SKIPPED: Already updated today (2025-12-18 03:00:04)
[2025-12-18 08:25:37]   [emp_id: 5209] SKIPPED: Already updated today (2025-12-18 03:00:04)
[2025-12-18 08:25:37]   [emp_id: 5213] SKIPPED: Already updated today (2025-12-18 03:00:04)
[2025-12-18 08:25:37]   [emp_id: 5214] SKIPPED: Already updated today (2025-12-18 03:00:04)
[2025-12-18 08:25:37]   [emp_id: 5215] SKIPPED: Already updated today (2025-12-18 03:00:04)
[2025-12-18 08:25:37]   [emp_id: 5217] SKIPPED: Already updated today (2025-12-18 03:00:04)
[2025-12-18 08:25:37]   [emp_id: 5219] SKIPPED: Already updated today (2025-12-18 03:00:04)
[2025-12-18 08:25:37]   [emp_id: 5221] SKIPPED: Already updated today (2025-12-18 03:00:04)
[2025-12-18 08:25:37]   [emp_id: 5224] SKIPPED: Already updated today (2025-12-18 03:00:04)
[2025-12-18 08:25:37]   [emp_id: 5225] SKIPPED: Already updated today (2025-12-18 03:00:04)
[2025-12-18 08:25:37]   [emp_id: 5228] SKIPPED: Already updated today (2025-12-18 03:00:04)
[2025-12-18 08:25:37]   [emp_id: 5229] SKIPPED: Already updated today (2025-12-18 03:00:04)
[2025-12-18 08:25:37]   [emp_id: 5230] SKIPPED: Already updated today (2025-12-18 03:00:04)
[2025-12-18 08:25:37]   [emp_id: 5231] SKIPPED: Already updated today (2025-12-18 03:00:04)
[2025-12-18 08:25:37]   [emp_id: 5232] SKIPPED: Already updated today (2025-12-18 03:00:04)
[2025-12-18 08:25:37]   [emp_id: 5233] SKIPPED: Already updated today (2025-12-18 03:00:04)
[2025-12-18 08:25:37]   [emp_id: 5234] SKIPPED: Already updated today (2025-12-18 03:00:04)
[2025-12-18 08:25:37]   [emp_id: 5235] SKIPPED: Already updated today (2025-12-18 03:00:04)
[2025-12-18 08:25:37]   [emp_id: 5237] SKIPPED: Already updated today (2025-12-18 03:00:04)
[2025-12-18 08:25:37]   [emp_id: 5238] SKIPPED: Already updated today (2025-12-18 03:00:04)
[2025-12-18 08:25:37]   [emp_id: 5239] SKIPPED: Already updated today (2025-12-18 03:00:04)
[2025-12-18 08:25:37]   [emp_id: 5241] SKIPPED: Already updated today (2025-12-18 03:00:04)
[2025-12-18 08:25:37]   [emp_id: 5242] SKIPPED: Already updated today (2025-12-18 03:00:04)
[2025-12-18 08:25:37]   [emp_id: 5243] SKIPPED: Already updated today (2025-12-18 03:00:04)
[2025-12-18 08:25:37]   [emp_id: 5244] SKIPPED: Already updated today (2025-12-18 03:00:04)
[2025-12-18 08:25:37]   [emp_id: 5246] SKIPPED: Already updated today (2025-12-18 03:00:04)
[2025-12-18 08:25:37]   [emp_id: 5253] SKIPPED: Already updated today (2025-12-18 03:00:04)
[2025-12-18 08:25:37]   [emp_id: 5254] SKIPPED: Already updated today (2025-12-18 03:00:04)
[2025-12-18 08:25:37]   [emp_id: 5257] SKIPPED: Already updated today (2025-12-18 03:00:04)
[2025-12-18 08:25:37]   [emp_id: 5259] SKIPPED: Already updated today (2025-12-18 03:00:04)
[2025-12-18 08:25:37]   [emp_id: 5261] SKIPPED: Already updated today (2025-12-18 03:00:04)
[2025-12-18 08:25:37]   [emp_id: 5264] SKIPPED: Already updated today (2025-12-18 03:00:04)
[2025-12-18 08:25:37]   [emp_id: 5266] SKIPPED: Already updated today (2025-12-18 03:00:04)
[2025-12-18 08:25:37]   [emp_id: 5268] SKIPPED: Already updated today (2025-12-18 03:00:04)
[2025-12-18 08:25:37]   [emp_id: 5271] SKIPPED: Already updated today (2025-12-18 03:00:04)
[2025-12-18 08:25:37]   [emp_id: 5272] SKIPPED: Already updated today (2025-12-18 03:00:04)
[2025-12-18 08:25:37]   [emp_id: 5273] SKIPPED: Already updated today (2025-12-18 03:00:04)
[2025-12-18 08:25:37]   [emp_id: 5275] SKIPPED: Already updated today (2025-12-18 03:00:04)
[2025-12-18 08:25:37]   [emp_id: 5276] SKIPPED: Already updated today (2025-12-18 03:00:04)
[2025-12-18 08:25:37]   [emp_id: 5278] SKIPPED: Already updated today (2025-12-18 03:00:04)
[2025-12-18 08:25:37]   [emp_id: 5280] SKIPPED: Already updated today (2025-12-18 03:00:04)
[2025-12-18 08:25:37]   [emp_id: 5282] SKIPPED: Already updated today (2025-12-18 03:00:04)
[2025-12-18 08:25:37]   [emp_id: 5285] SKIPPED: Already updated today (2025-12-18 03:00:05)
[2025-12-18 08:25:37]   [emp_id: 5286] SKIPPED: Already updated today (2025-12-18 03:00:05)
[2025-12-18 08:25:37]   [emp_id: 5287] SKIPPED: Already updated today (2025-12-18 03:00:05)
[2025-12-18 08:25:37]   [emp_id: 5288] SKIPPED: Already updated today (2025-12-18 03:00:05)
[2025-12-18 08:25:37]   [emp_id: 5289] SKIPPED: Already updated today (2025-12-18 03:00:05)
[2025-12-18 08:25:37]   [emp_id: 5290] SKIPPED: Already updated today (2025-12-18 03:00:05)
[2025-12-18 08:25:37]   [emp_id: 5291] SKIPPED: Already updated today (2025-12-18 03:00:05)
[2025-12-18 08:25:37]   [emp_id: 5292] SKIPPED: Already updated today (2025-12-18 03:00:05)
[2025-12-18 08:25:37]   [emp_id: 5293] SKIPPED: Already updated today (2025-12-18 03:00:05)
[2025-12-18 08:25:37]   [emp_id: 5294] SKIPPED: Already updated today (2025-12-18 03:00:05)
[2025-12-18 08:25:37]   [emp_id: 5295] SKIPPED: Already updated today (2025-12-18 03:00:05)
[2025-12-18 08:25:37]   [emp_id: 5296] SKIPPED: Already updated today (2025-12-18 03:00:05)
[2025-12-18 08:25:37]   [emp_id: 5297] SKIPPED: Already updated today (2025-12-18 03:00:05)
[2025-12-18 08:25:37]   [emp_id: 5298] SKIPPED: Already updated today (2025-12-18 03:00:05)
[2025-12-18 08:25:37]   [emp_id: 5299] SKIPPED: Already updated today (2025-12-18 03:00:05)
[2025-12-18 08:25:37]   [emp_id: 5300] SKIPPED: Already updated today (2025-12-18 03:00:05)
[2025-12-18 08:25:37]   [emp_id: 5301] SKIPPED: Already updated today (2025-12-18 03:00:05)
[2025-12-18 08:25:37]   [emp_id: 5303] SKIPPED: Already updated today (2025-12-18 03:00:05)
[2025-12-18 08:25:37]   [emp_id: 5304] SKIPPED: Already updated today (2025-12-18 03:00:05)
[2025-12-18 08:25:37]   [emp_id: 5305] SKIPPED: Already updated today (2025-12-18 03:00:05)
[2025-12-18 08:25:37]   [emp_id: 5306] SKIPPED: Already updated today (2025-12-18 03:00:05)
[2025-12-18 08:25:37]   [emp_id: 5307] SKIPPED: Already updated today (2025-12-18 03:00:05)
[2025-12-18 08:25:37]   [emp_id: 5312] SKIPPED: Already updated today (2025-12-18 03:00:05)
[2025-12-18 08:25:37]   [emp_id: 5318] SKIPPED: Already updated today (2025-12-18 03:00:05)
[2025-12-18 08:25:37]   [emp_id: 5325] SKIPPED: Already updated today (2025-12-18 03:00:05)
[2025-12-18 08:25:37]   [emp_id: 5327] SKIPPED: Already updated today (2025-12-18 03:00:05)
[2025-12-18 08:25:37]   [emp_id: 5331] SKIPPED: Already updated today (2025-12-18 03:00:05)
[2025-12-18 08:25:37]   [emp_id: 5337] SKIPPED: Already updated today (2025-12-18 03:00:05)
[2025-12-18 08:25:37]   [emp_id: 5339] SKIPPED: Already updated today (2025-12-18 03:00:05)
[2025-12-18 08:25:37]   [emp_id: 5343] SKIPPED: Already updated today (2025-12-18 03:00:05)
[2025-12-18 08:25:37]   [emp_id: 5343] SKIPPED: Already updated today (2025-12-18 03:00:05)
[2025-12-18 08:25:37]   [emp_id: 5345] SKIPPED: Already updated today (2025-12-18 03:00:05)
[2025-12-18 08:25:37]   [emp_id: 5346] SKIPPED: Already updated today (2025-12-18 03:00:05)
[2025-12-18 08:25:37]   [emp_id: 5351] SKIPPED: Already updated today (2025-12-18 03:00:05)
[2025-12-18 08:25:37]   [emp_id: 5352] SKIPPED: Already updated today (2025-12-18 03:00:05)
[2025-12-18 08:25:37]   [emp_id: 5370] SKIPPED: Already updated today (2025-12-18 03:00:05)
[2025-12-18 08:25:37]   [emp_id: 5371] SKIPPED: Already updated today (2025-12-18 03:00:05)
[2025-12-18 08:25:37]   [emp_id: 5376] SKIPPED: Already updated today (2025-12-18 03:00:05)
[2025-12-18 08:25:37]   [emp_id: 5378] SKIPPED: Already updated today (2025-12-18 03:00:05)
[2025-12-18 08:25:37]   [emp_id: 5380] SKIPPED: Already updated today (2025-12-18 03:00:05)
[2025-12-18 08:25:37]   [emp_id: 5381] SKIPPED: Already updated today (2025-12-18 03:00:05)
[2025-12-18 08:25:37]   [emp_id: 5383] SKIPPED: Already updated today (2025-12-18 03:00:05)
[2025-12-18 08:25:37]   [emp_id: 5388] SKIPPED: Already updated today (2025-12-18 03:00:05)
[2025-12-18 08:25:37]   [emp_id: 5396] SKIPPED: Already updated today (2025-12-18 03:00:05)
[2025-12-18 08:25:37]   [emp_id: 5397] SKIPPED: Already updated today (2025-12-18 03:00:05)
[2025-12-18 08:25:37]   [emp_id: 5401] SKIPPED: Already updated today (2025-12-18 03:00:05)
[2025-12-18 08:25:37]   [emp_id: 5402] SKIPPED: Already updated today (2025-12-18 03:00:05)
[2025-12-18 08:25:37]   [emp_id: 5406] SKIPPED: Already updated today (2025-12-18 03:00:05)
[2025-12-18 08:25:37]   [emp_id: 5407] SKIPPED: Already updated today (2025-12-18 03:00:05)
[2025-12-18 08:25:37]   [emp_id: 5408] SKIPPED: Already updated today (2025-12-18 03:00:05)
[2025-12-18 08:25:37]   [emp_id: 5409] SKIPPED: Already updated today (2025-12-18 03:00:05)
[2025-12-18 08:25:37]   [emp_id: 5413] SKIPPED: Already updated today (2025-12-18 03:00:05)
[2025-12-18 08:25:37]   [emp_id: 5414] SKIPPED: Already updated today (2025-12-18 03:00:05)
[2025-12-18 08:25:37]   [emp_id: 5415] SKIPPED: Already updated today (2025-12-18 03:00:05)
[2025-12-18 08:25:37]   [emp_id: 5418] SKIPPED: Already updated today (2025-12-18 03:00:05)
[2025-12-18 08:25:37]   [emp_id: 5422] SKIPPED: Already updated today (2025-12-18 03:00:05)
[2025-12-18 08:25:37]   [emp_id: 5423] SKIPPED: Already updated today (2025-12-18 03:00:05)
[2025-12-18 08:25:37]   [emp_id: 5423] SKIPPED: Already updated today (2025-12-18 03:00:05)
[2025-12-18 08:25:37]   [emp_id: 5423] SKIPPED: Already updated today (2025-12-18 03:00:05)
[2025-12-18 08:25:37]   [emp_id: 5424] SKIPPED: Already updated today (2025-12-18 03:00:05)
[2025-12-18 08:25:37]   [emp_id: 5425] SKIPPED: Already updated today (2025-12-18 03:00:05)
[2025-12-18 08:25:37]   [emp_id: 5426] SKIPPED: Already updated today (2025-12-18 03:00:05)
[2025-12-18 08:25:37]   [emp_id: 5426] SKIPPED: Already updated today (2025-12-18 03:00:05)
[2025-12-18 08:25:37]   [emp_id: 5427] SKIPPED: Already updated today (2025-12-18 03:00:05)
[2025-12-18 08:25:37]   [emp_id: 5428] SKIPPED: Already updated today (2025-12-18 03:00:05)
[2025-12-18 08:25:37]   [emp_id: 5430] SKIPPED: Already updated today (2025-12-18 03:00:05)
[2025-12-18 08:25:37]   [emp_id: 5431] SKIPPED: Already updated today (2025-12-18 03:00:05)
[2025-12-18 08:25:37]   [emp_id: 5434] SKIPPED: Already updated today (2025-12-18 03:00:05)
[2025-12-18 08:25:37]   [emp_id: 5435] SKIPPED: Already updated today (2025-12-18 03:00:05)
[2025-12-18 08:25:37]   [emp_id: 5436] SKIPPED: Already updated today (2025-12-18 03:00:05)
[2025-12-18 08:25:37]   [emp_id: 5438] SKIPPED: Already updated today (2025-12-18 03:00:05)
[2025-12-18 08:25:37]   [emp_id: 5439] SKIPPED: Already updated today (2025-12-18 03:00:05)
[2025-12-18 08:25:37]   [emp_id: 5442] SKIPPED: Already updated today (2025-12-18 03:00:05)
[2025-12-18 08:25:37]   [emp_id: 5443] SKIPPED: Already updated today (2025-12-18 03:00:05)
[2025-12-18 08:25:37]   [emp_id: 5445] SKIPPED: Already updated today (2025-12-18 03:00:05)
[2025-12-18 08:25:37]   [emp_id: 5446] SKIPPED: Already updated today (2025-12-18 03:00:05)
[2025-12-18 08:25:37]   [emp_id: 5447] SKIPPED: Already updated today (2025-12-18 03:00:05)
[2025-12-18 08:25:37]   [emp_id: 5448] SKIPPED: Already updated today (2025-12-18 03:00:05)
[2025-12-18 08:25:37]   [emp_id: 5449] SKIPPED: Already updated today (2025-12-18 03:00:05)
[2025-12-18 08:25:37]   [emp_id: 5450] SKIPPED: Already updated today (2025-12-18 03:00:05)
[2025-12-18 08:25:37]   [emp_id: 5451] SKIPPED: Already updated today (2025-12-18 03:00:05)
[2025-12-18 08:25:37]   [emp_id: 5454] SKIPPED: Already updated today (2025-12-18 03:00:05)
[2025-12-18 08:25:37]   [emp_id: 5455] SKIPPED: Already updated today (2025-12-18 03:00:05)
[2025-12-18 08:25:37]   [emp_id: 5456] SKIPPED: Already updated today (2025-12-18 03:00:05)
[2025-12-18 08:25:37] 
[2025-12-18 08:25:37] ========== SUMMARY ==========
[2025-12-18 08:25:37] Total employees processed: 437
[2025-12-18 08:25:37] Records updated: 0
[2025-12-18 08:25:37] Balances changed: 0
[2025-12-18 08:25:37] Errors: 0
[2025-12-18 08:25:37] ========== CRON: Vacation Balance Update Completed ==========
[2025-12-18 08:25:37] 
[2025-12-18 12:45:55] ========== CRON: Vacation Balance Update Started ==========
[2025-12-18 12:45:55] Database connection established
[2025-12-18 12:45:55] Found 437 active employees with balance records to update
[2025-12-18 12:45:55] (Only employees with status=1 will be processed)
[2025-12-18 12:45:55]   [emp_id: 1061] SKIPPED: Already updated today (2025-12-18 03:00:01)
[2025-12-18 12:45:55]   [emp_id: 1496] SKIPPED: Already updated today (2025-12-18 03:00:01)
[2025-12-18 12:45:55]   [emp_id: 1500] SKIPPED: Already updated today (2025-12-18 03:00:01)
[2025-12-18 12:45:55]   [emp_id: 1574] SKIPPED: Already updated today (2025-12-18 03:00:02)
[2025-12-18 12:45:55]   [emp_id: 1673] SKIPPED: Already updated today (2025-12-18 03:00:02)
[2025-12-18 12:45:55]   [emp_id: 1685] SKIPPED: Already updated today (2025-12-18 03:00:02)
[2025-12-18 12:45:55]   [emp_id: 1764] SKIPPED: Already updated today (2025-12-18 03:00:02)
[2025-12-18 12:45:55]   [emp_id: 1805] SKIPPED: Already updated today (2025-12-18 03:00:02)
[2025-12-18 12:45:55]   [emp_id: 1822] SKIPPED: Already updated today (2025-12-18 03:00:02)
[2025-12-18 12:45:55]   [emp_id: 1837] SKIPPED: Already updated today (2025-12-18 03:00:02)
[2025-12-18 12:45:55]   [emp_id: 1857] SKIPPED: Already updated today (2025-12-18 03:00:02)
[2025-12-18 12:45:55]   [emp_id: 1861] SKIPPED: Already updated today (2025-12-18 03:00:02)
[2025-12-18 12:45:55]   [emp_id: 1872] SKIPPED: Already updated today (2025-12-18 03:00:02)
[2025-12-18 12:45:55]   [emp_id: 1897] SKIPPED: Already updated today (2025-12-18 03:00:02)
[2025-12-18 12:45:55]   [emp_id: 1916] SKIPPED: Already updated today (2025-12-18 03:00:02)
[2025-12-18 12:45:55]   [emp_id: 1928] SKIPPED: Already updated today (2025-12-18 03:00:02)
[2025-12-18 12:45:55]   [emp_id: 1931] SKIPPED: Already updated today (2025-12-18 03:00:02)
[2025-12-18 12:45:55]   [emp_id: 1944] SKIPPED: Already updated today (2025-12-18 03:00:02)
[2025-12-18 12:45:55]   [emp_id: 1996] SKIPPED: Already updated today (2025-12-18 03:00:02)
[2025-12-18 12:45:55]   [emp_id: 1997] SKIPPED: Already updated today (2025-12-18 03:00:02)
[2025-12-18 12:45:55]   [emp_id: 1998] SKIPPED: Already updated today (2025-12-18 03:00:02)
[2025-12-18 12:45:55]   [emp_id: 1999] SKIPPED: Already updated today (2025-12-18 03:00:02)
[2025-12-18 12:45:55]   [emp_id: 2009] SKIPPED: Already updated today (2025-12-18 03:00:02)
[2025-12-18 12:45:55]   [emp_id: 2048] SKIPPED: Already updated today (2025-12-18 03:00:02)
[2025-12-18 12:45:55]   [emp_id: 2057] SKIPPED: Already updated today (2025-12-18 03:00:02)
[2025-12-18 12:45:55]   [emp_id: 2079] SKIPPED: Already updated today (2025-12-18 03:00:02)
[2025-12-18 12:45:55]   [emp_id: 2181] SKIPPED: Already updated today (2025-12-18 03:00:02)
[2025-12-18 12:45:55]   [emp_id: 2190] SKIPPED: Already updated today (2025-12-18 03:00:02)
[2025-12-18 12:45:55]   [emp_id: 2212] SKIPPED: Already updated today (2025-12-18 03:00:02)
[2025-12-18 12:45:55]   [emp_id: 2226] SKIPPED: Already updated today (2025-12-18 03:00:02)
[2025-12-18 12:45:55]   [emp_id: 2238] SKIPPED: Already updated today (2025-12-18 03:00:02)
[2025-12-18 12:45:55]   [emp_id: 2285] SKIPPED: Already updated today (2025-12-18 03:00:02)
[2025-12-18 12:45:55]   [emp_id: 2287] SKIPPED: Already updated today (2025-12-18 03:00:02)
[2025-12-18 12:45:55]   [emp_id: 2288] SKIPPED: Already updated today (2025-12-18 03:00:02)
[2025-12-18 12:45:55]   [emp_id: 2290] SKIPPED: Already updated today (2025-12-18 03:00:02)
[2025-12-18 12:45:55]   [emp_id: 2316] SKIPPED: Already updated today (2025-12-18 03:00:02)
[2025-12-18 12:45:55]   [emp_id: 2337] SKIPPED: Already updated today (2025-12-18 03:00:02)
[2025-12-18 12:45:55]   [emp_id: 2352] SKIPPED: Already updated today (2025-12-18 03:00:02)
[2025-12-18 12:45:55]   [emp_id: 2358] SKIPPED: Already updated today (2025-12-18 03:00:02)
[2025-12-18 12:45:55]   [emp_id: 2361] SKIPPED: Already updated today (2025-12-18 03:00:02)
[2025-12-18 12:45:55]   [emp_id: 2363] SKIPPED: Already updated today (2025-12-18 03:00:02)
[2025-12-18 12:45:55]   [emp_id: 2364] SKIPPED: Already updated today (2025-12-18 03:00:02)
[2025-12-18 12:45:55]   [emp_id: 2367] SKIPPED: Already updated today (2025-12-18 03:00:02)
[2025-12-18 12:45:55]   [emp_id: 2368] SKIPPED: Already updated today (2025-12-18 03:00:02)
[2025-12-18 12:45:55]   [emp_id: 2372] SKIPPED: Already updated today (2025-12-18 03:00:02)
[2025-12-18 12:45:55]   [emp_id: 2376] SKIPPED: Already updated today (2025-12-18 03:00:02)
[2025-12-18 12:45:55]   [emp_id: 2423] SKIPPED: Already updated today (2025-12-18 03:00:02)
[2025-12-18 12:45:55]   [emp_id: 2519] SKIPPED: Already updated today (2025-12-18 03:00:02)
[2025-12-18 12:45:55]   [emp_id: 2522] SKIPPED: Already updated today (2025-12-18 03:00:02)
[2025-12-18 12:45:55]   [emp_id: 2530] SKIPPED: Already updated today (2025-12-18 03:00:02)
[2025-12-18 12:45:55]   [emp_id: 2539] SKIPPED: Already updated today (2025-12-18 03:00:02)
[2025-12-18 12:45:55]   [emp_id: 2541] SKIPPED: Already updated today (2025-12-18 03:00:02)
[2025-12-18 12:45:55]   [emp_id: 2550] SKIPPED: Already updated today (2025-12-18 03:00:02)
[2025-12-18 12:45:55]   [emp_id: 2553] SKIPPED: Already updated today (2025-12-18 03:00:02)
[2025-12-18 12:45:55]   [emp_id: 2554] SKIPPED: Already updated today (2025-12-18 03:00:02)
[2025-12-18 12:45:55]   [emp_id: 2565] SKIPPED: Already updated today (2025-12-18 03:00:02)
[2025-12-18 12:45:55]   [emp_id: 2572] SKIPPED: Already updated today (2025-12-18 03:00:02)
[2025-12-18 12:45:55]   [emp_id: 2637] SKIPPED: Already updated today (2025-12-18 03:00:02)
[2025-12-18 12:45:55]   [emp_id: 2642] SKIPPED: Already updated today (2025-12-18 03:00:02)
[2025-12-18 12:45:55]   [emp_id: 2645] SKIPPED: Already updated today (2025-12-18 03:00:02)
[2025-12-18 12:45:55]   [emp_id: 2648] SKIPPED: Already updated today (2025-12-18 03:00:02)
[2025-12-18 12:45:55]   [emp_id: 2654] SKIPPED: Already updated today (2025-12-18 03:00:02)
[2025-12-18 12:45:55]   [emp_id: 2688] SKIPPED: Already updated today (2025-12-18 03:00:02)
[2025-12-18 12:45:55]   [emp_id: 2690] SKIPPED: Already updated today (2025-12-18 03:00:02)
[2025-12-18 12:45:55]   [emp_id: 2709] SKIPPED: Already updated today (2025-12-18 03:00:02)
[2025-12-18 12:45:55]   [emp_id: 2745] SKIPPED: Already updated today (2025-12-18 03:00:02)
[2025-12-18 12:45:55]   [emp_id: 2843] SKIPPED: Already updated today (2025-12-18 03:00:02)
[2025-12-18 12:45:55]   [emp_id: 2854] SKIPPED: Already updated today (2025-12-18 03:00:02)
[2025-12-18 12:45:55]   [emp_id: 2869] SKIPPED: Already updated today (2025-12-18 03:00:02)
[2025-12-18 12:45:55]   [emp_id: 2876] SKIPPED: Already updated today (2025-12-18 03:00:02)
[2025-12-18 12:45:55]   [emp_id: 2924] SKIPPED: Already updated today (2025-12-18 03:00:02)
[2025-12-18 12:45:55]   [emp_id: 2953] SKIPPED: Already updated today (2025-12-18 03:00:02)
[2025-12-18 12:45:55]   [emp_id: 2961] SKIPPED: Already updated today (2025-12-18 03:00:02)
[2025-12-18 12:45:55]   [emp_id: 2975] SKIPPED: Already updated today (2025-12-18 03:00:02)
[2025-12-18 12:45:55]   [emp_id: 3013] SKIPPED: Already updated today (2025-12-18 03:00:02)
[2025-12-18 12:45:55]   [emp_id: 3014] SKIPPED: Already updated today (2025-12-18 03:00:02)
[2025-12-18 12:45:55]   [emp_id: 3015] SKIPPED: Already updated today (2025-12-18 03:00:02)
[2025-12-18 12:45:55]   [emp_id: 3018] SKIPPED: Already updated today (2025-12-18 03:00:02)
[2025-12-18 12:45:55]   [emp_id: 3025] SKIPPED: Already updated today (2025-12-18 03:00:02)
[2025-12-18 12:45:55]   [emp_id: 3037] SKIPPED: Already updated today (2025-12-18 03:00:02)
[2025-12-18 12:45:55]   [emp_id: 3047] SKIPPED: Already updated today (2025-12-18 03:00:02)
[2025-12-18 12:45:55]   [emp_id: 3061] SKIPPED: Already updated today (2025-12-18 03:00:02)
[2025-12-18 12:45:55]   [emp_id: 3062] SKIPPED: Already updated today (2025-12-18 03:00:02)
[2025-12-18 12:45:55]   [emp_id: 3074] SKIPPED: Already updated today (2025-12-18 03:00:02)
[2025-12-18 12:45:55]   [emp_id: 3089] SKIPPED: Already updated today (2025-12-18 03:00:02)
[2025-12-18 12:45:55]   [emp_id: 3090] SKIPPED: Already updated today (2025-12-18 03:00:02)
[2025-12-18 12:45:55]   [emp_id: 3091] SKIPPED: Already updated today (2025-12-18 03:00:02)
[2025-12-18 12:45:55]   [emp_id: 3092] SKIPPED: Already updated today (2025-12-18 03:00:02)
[2025-12-18 12:45:55]   [emp_id: 3105] SKIPPED: Already updated today (2025-12-18 03:00:02)
[2025-12-18 12:45:55]   [emp_id: 3134] SKIPPED: Already updated today (2025-12-18 03:00:02)
[2025-12-18 12:45:55]   [emp_id: 3140] SKIPPED: Already updated today (2025-12-18 03:00:02)
[2025-12-18 12:45:55]   [emp_id: 3144] SKIPPED: Already updated today (2025-12-18 03:00:02)
[2025-12-18 12:45:55]   [emp_id: 3156] SKIPPED: Already updated today (2025-12-18 03:00:02)
[2025-12-18 12:45:55]   [emp_id: 3162] SKIPPED: Already updated today (2025-12-18 03:00:02)
[2025-12-18 12:45:55]   [emp_id: 3163] SKIPPED: Already updated today (2025-12-18 03:00:03)
[2025-12-18 12:45:55]   [emp_id: 3198] SKIPPED: Already updated today (2025-12-18 03:00:03)
[2025-12-18 12:45:55]   [emp_id: 3205] SKIPPED: Already updated today (2025-12-18 03:00:03)
[2025-12-18 12:45:55]   [emp_id: 3209] SKIPPED: Already updated today (2025-12-18 03:00:03)
[2025-12-18 12:45:55]   [emp_id: 3223] SKIPPED: Already updated today (2025-12-18 03:00:03)
[2025-12-18 12:45:55]   [emp_id: 3224] SKIPPED: Already updated today (2025-12-18 03:00:03)
[2025-12-18 12:45:55]   [emp_id: 3230] SKIPPED: Already updated today (2025-12-18 03:00:03)
[2025-12-18 12:45:55]   [emp_id: 3231] SKIPPED: Already updated today (2025-12-18 03:00:03)
[2025-12-18 12:45:55]   [emp_id: 3233] SKIPPED: Already updated today (2025-12-18 03:00:03)
[2025-12-18 12:45:55]   [emp_id: 3249] SKIPPED: Already updated today (2025-12-18 03:00:03)
[2025-12-18 12:45:55]   [emp_id: 3250] SKIPPED: Already updated today (2025-12-18 03:00:03)
[2025-12-18 12:45:55]   [emp_id: 3252] SKIPPED: Already updated today (2025-12-18 03:00:03)
[2025-12-18 12:45:55]   [emp_id: 3254] SKIPPED: Already updated today (2025-12-18 03:00:03)
[2025-12-18 12:45:55]   [emp_id: 3255] SKIPPED: Already updated today (2025-12-18 03:00:03)
[2025-12-18 12:45:55]   [emp_id: 3256] SKIPPED: Already updated today (2025-12-18 03:00:03)
[2025-12-18 12:45:55]   [emp_id: 3263] SKIPPED: Already updated today (2025-12-18 03:00:03)
[2025-12-18 12:45:55]   [emp_id: 3265] SKIPPED: Already updated today (2025-12-18 03:00:03)
[2025-12-18 12:45:55]   [emp_id: 3280] SKIPPED: Already updated today (2025-12-18 03:00:03)
[2025-12-18 12:45:55]   [emp_id: 3286] SKIPPED: Already updated today (2025-12-18 03:00:03)
[2025-12-18 12:45:55]   [emp_id: 3294] SKIPPED: Already updated today (2025-12-18 03:00:03)
[2025-12-18 12:45:55]   [emp_id: 3321] SKIPPED: Already updated today (2025-12-18 03:00:03)
[2025-12-18 12:45:55]   [emp_id: 3325] SKIPPED: Already updated today (2025-12-18 03:00:03)
[2025-12-18 12:45:55]   [emp_id: 3329] SKIPPED: Already updated today (2025-12-18 03:00:03)
[2025-12-18 12:45:55]   [emp_id: 3330] SKIPPED: Already updated today (2025-12-18 03:00:03)
[2025-12-18 12:45:55]   [emp_id: 3332] SKIPPED: Already updated today (2025-12-18 03:00:03)
[2025-12-18 12:45:55]   [emp_id: 3370] SKIPPED: Already updated today (2025-12-18 03:00:03)
[2025-12-18 12:45:55]   [emp_id: 3384] SKIPPED: Already updated today (2025-12-18 03:00:03)
[2025-12-18 12:45:55]   [emp_id: 3386] SKIPPED: Already updated today (2025-12-18 03:00:03)
[2025-12-18 12:45:55]   [emp_id: 3431] SKIPPED: Already updated today (2025-12-18 03:00:03)
[2025-12-18 12:45:55]   [emp_id: 3497] SKIPPED: Already updated today (2025-12-18 03:00:03)
[2025-12-18 12:45:55]   [emp_id: 3532] SKIPPED: Already updated today (2025-12-18 03:00:03)
[2025-12-18 12:45:55]   [emp_id: 3586] SKIPPED: Already updated today (2025-12-18 03:00:03)
[2025-12-18 12:45:55]   [emp_id: 3602] SKIPPED: Already updated today (2025-12-18 03:00:03)
[2025-12-18 12:45:55]   [emp_id: 3618] SKIPPED: Already updated today (2025-12-18 03:00:03)
[2025-12-18 12:45:55]   [emp_id: 3622] SKIPPED: Already updated today (2025-12-18 03:00:03)
[2025-12-18 12:45:55]   [emp_id: 3627] SKIPPED: Already updated today (2025-12-18 03:00:03)
[2025-12-18 12:45:55]   [emp_id: 3665] SKIPPED: Already updated today (2025-12-18 03:00:03)
[2025-12-18 12:45:55]   [emp_id: 3705] SKIPPED: Already updated today (2025-12-18 03:00:03)
[2025-12-18 12:45:55]   [emp_id: 3724] SKIPPED: Already updated today (2025-12-18 03:00:03)
[2025-12-18 12:45:55]   [emp_id: 3726] SKIPPED: Already updated today (2025-12-18 03:00:03)
[2025-12-18 12:45:55]   [emp_id: 3727] SKIPPED: Already updated today (2025-12-18 03:00:03)
[2025-12-18 12:45:55]   [emp_id: 3728] SKIPPED: Already updated today (2025-12-18 03:00:03)
[2025-12-18 12:45:55]   [emp_id: 3742] SKIPPED: Already updated today (2025-12-18 03:00:03)
[2025-12-18 12:45:55]   [emp_id: 3767] SKIPPED: Already updated today (2025-12-18 03:00:03)
[2025-12-18 12:45:55]   [emp_id: 3768] SKIPPED: Already updated today (2025-12-18 03:00:03)
[2025-12-18 12:45:55]   [emp_id: 3787] SKIPPED: Already updated today (2025-12-18 03:00:03)
[2025-12-18 12:45:55]   [emp_id: 3790] SKIPPED: Already updated today (2025-12-18 03:00:03)
[2025-12-18 12:45:55]   [emp_id: 3795] SKIPPED: Already updated today (2025-12-18 03:00:03)
[2025-12-18 12:45:55]   [emp_id: 3798] SKIPPED: Already updated today (2025-12-18 03:00:03)
[2025-12-18 12:45:55]   [emp_id: 3801] SKIPPED: Already updated today (2025-12-18 03:00:03)
[2025-12-18 12:45:55]   [emp_id: 3802] SKIPPED: Already updated today (2025-12-18 03:00:03)
[2025-12-18 12:45:55]   [emp_id: 3803] SKIPPED: Already updated today (2025-12-18 03:00:03)
[2025-12-18 12:45:55]   [emp_id: 3810] SKIPPED: Already updated today (2025-12-18 03:00:03)
[2025-12-18 12:45:55]   [emp_id: 3812] SKIPPED: Already updated today (2025-12-18 03:00:03)
[2025-12-18 12:45:55]   [emp_id: 3815] SKIPPED: Already updated today (2025-12-18 03:00:03)
[2025-12-18 12:45:55]   [emp_id: 3836] SKIPPED: Already updated today (2025-12-18 03:00:03)
[2025-12-18 12:45:55]   [emp_id: 3855] SKIPPED: Already updated today (2025-12-18 03:00:03)
[2025-12-18 12:45:55]   [emp_id: 3857] SKIPPED: Already updated today (2025-12-18 03:00:03)
[2025-12-18 12:45:55]   [emp_id: 3862] SKIPPED: Already updated today (2025-12-18 03:00:03)
[2025-12-18 12:45:55]   [emp_id: 3866] SKIPPED: Already updated today (2025-12-18 03:00:03)
[2025-12-18 12:45:55]   [emp_id: 3876] SKIPPED: Already updated today (2025-12-18 03:00:03)
[2025-12-18 12:45:55]   [emp_id: 3877] SKIPPED: Already updated today (2025-12-18 03:00:03)
[2025-12-18 12:45:55]   [emp_id: 3897] SKIPPED: Already updated today (2025-12-18 03:00:03)
[2025-12-18 12:45:55]   [emp_id: 3899] SKIPPED: Already updated today (2025-12-18 03:00:03)
[2025-12-18 12:45:55]   [emp_id: 3928] SKIPPED: Already updated today (2025-12-18 03:00:03)
[2025-12-18 12:45:55]   [emp_id: 3929] SKIPPED: Already updated today (2025-12-18 03:00:03)
[2025-12-18 12:45:55]   [emp_id: 3935] SKIPPED: Already updated today (2025-12-18 03:00:03)
[2025-12-18 12:45:55]   [emp_id: 3952] SKIPPED: Already updated today (2025-12-18 03:00:03)
[2025-12-18 12:45:55]   [emp_id: 3987] SKIPPED: Already updated today (2025-12-18 03:00:03)
[2025-12-18 12:45:55]   [emp_id: 4059] SKIPPED: Already updated today (2025-12-18 03:00:03)
[2025-12-18 12:45:55]   [emp_id: 4119] SKIPPED: Already updated today (2025-12-18 03:00:03)
[2025-12-18 12:45:55]   [emp_id: 4120] SKIPPED: Already updated today (2025-12-18 03:00:03)
[2025-12-18 12:45:55]   [emp_id: 4124] SKIPPED: Already updated today (2025-12-18 03:00:03)
[2025-12-18 12:45:55]   [emp_id: 4133] SKIPPED: Already updated today (2025-12-18 03:00:03)
[2025-12-18 12:45:55]   [emp_id: 4134] SKIPPED: Already updated today (2025-12-18 03:00:03)
[2025-12-18 12:45:55]   [emp_id: 4136] SKIPPED: Already updated today (2025-12-18 03:00:03)
[2025-12-18 12:45:55]   [emp_id: 4150] SKIPPED: Already updated today (2025-12-18 03:00:03)
[2025-12-18 12:45:55]   [emp_id: 4157] SKIPPED: Already updated today (2025-12-18 03:00:03)
[2025-12-18 12:45:55]   [emp_id: 4172] SKIPPED: Already updated today (2025-12-18 03:00:03)
[2025-12-18 12:45:55]   [emp_id: 4195] SKIPPED: Already updated today (2025-12-18 03:00:03)
[2025-12-18 12:45:55]   [emp_id: 4215] SKIPPED: Already updated today (2025-12-18 03:00:03)
[2025-12-18 12:45:55]   [emp_id: 4220] SKIPPED: Already updated today (2025-12-18 03:00:03)
[2025-12-18 12:45:55]   [emp_id: 4273] SKIPPED: Already updated today (2025-12-18 03:00:03)
[2025-12-18 12:45:55]   [emp_id: 4283] SKIPPED: Already updated today (2025-12-18 03:00:03)
[2025-12-18 12:45:55]   [emp_id: 4288] SKIPPED: Already updated today (2025-12-18 03:00:03)
[2025-12-18 12:45:55]   [emp_id: 4315] SKIPPED: Already updated today (2025-12-18 03:00:03)
[2025-12-18 12:45:55]   [emp_id: 4328] SKIPPED: Already updated today (2025-12-18 03:00:03)
[2025-12-18 12:45:55]   [emp_id: 4329] SKIPPED: Already updated today (2025-12-18 03:00:03)
[2025-12-18 12:45:55]   [emp_id: 4338] SKIPPED: Already updated today (2025-12-18 03:00:03)
[2025-12-18 12:45:55]   [emp_id: 4340] SKIPPED: Already updated today (2025-12-18 03:00:03)
[2025-12-18 12:45:55]   [emp_id: 4365] SKIPPED: Already updated today (2025-12-18 03:00:03)
[2025-12-18 12:45:55]   [emp_id: 4366] SKIPPED: Already updated today (2025-12-18 03:00:03)
[2025-12-18 12:45:55]   [emp_id: 4403] SKIPPED: Already updated today (2025-12-18 03:00:03)
[2025-12-18 12:45:55]   [emp_id: 4438] SKIPPED: Already updated today (2025-12-18 03:00:03)
[2025-12-18 12:45:55]   [emp_id: 4465] SKIPPED: Already updated today (2025-12-18 03:00:03)
[2025-12-18 12:45:55]   [emp_id: 4473] SKIPPED: Already updated today (2025-12-18 03:00:03)
[2025-12-18 12:45:55]   [emp_id: 4474] SKIPPED: Already updated today (2025-12-18 03:00:03)
[2025-12-18 12:45:55]   [emp_id: 4493] SKIPPED: Already updated today (2025-12-18 03:00:03)
[2025-12-18 12:45:55]   [emp_id: 4526] SKIPPED: Already updated today (2025-12-18 03:00:03)
[2025-12-18 12:45:55]   [emp_id: 4528] SKIPPED: Already updated today (2025-12-18 03:00:03)
[2025-12-18 12:45:55]   [emp_id: 4528] SKIPPED: Already updated today (2025-12-18 03:00:03)
[2025-12-18 12:45:55]   [emp_id: 4532] SKIPPED: Already updated today (2025-12-18 03:00:03)
[2025-12-18 12:45:55]   [emp_id: 4533] SKIPPED: Already updated today (2025-12-18 03:00:03)
[2025-12-18 12:45:55]   [emp_id: 4564] SKIPPED: Already updated today (2025-12-18 03:00:03)
[2025-12-18 12:45:55]   [emp_id: 4565] SKIPPED: Already updated today (2025-12-18 03:00:03)
[2025-12-18 12:45:55]   [emp_id: 4567] SKIPPED: Already updated today (2025-12-18 03:00:03)
[2025-12-18 12:45:55]   [emp_id: 4572] SKIPPED: Already updated today (2025-12-18 03:00:04)
[2025-12-18 12:45:55]   [emp_id: 4631] SKIPPED: Already updated today (2025-12-18 03:00:04)
[2025-12-18 12:45:55]   [emp_id: 4655] SKIPPED: Already updated today (2025-12-18 03:00:04)
[2025-12-18 12:45:55]   [emp_id: 4689] SKIPPED: Already updated today (2025-12-18 03:00:04)
[2025-12-18 12:45:55]   [emp_id: 4709] SKIPPED: Already updated today (2025-12-18 03:00:04)
[2025-12-18 12:45:55]   [emp_id: 4717] SKIPPED: Already updated today (2025-12-18 03:00:04)
[2025-12-18 12:45:55]   [emp_id: 4736] SKIPPED: Already updated today (2025-12-18 03:00:04)
[2025-12-18 12:45:55]   [emp_id: 4756] SKIPPED: Already updated today (2025-12-18 03:00:04)
[2025-12-18 12:45:55]   [emp_id: 4768] SKIPPED: Already updated today (2025-12-18 03:00:04)
[2025-12-18 12:45:55]   [emp_id: 4780] SKIPPED: Already updated today (2025-12-18 03:00:04)
[2025-12-18 12:45:55]   [emp_id: 4820] SKIPPED: Already updated today (2025-12-18 03:00:04)
[2025-12-18 12:45:55]   [emp_id: 4825] SKIPPED: Already updated today (2025-12-18 03:00:04)
[2025-12-18 12:45:55]   [emp_id: 4835] SKIPPED: Already updated today (2025-12-18 03:00:04)
[2025-12-18 12:45:55]   [emp_id: 4837] SKIPPED: Already updated today (2025-12-18 03:00:04)
[2025-12-18 12:45:55]   [emp_id: 4838] SKIPPED: Already updated today (2025-12-18 03:00:04)
[2025-12-18 12:45:55]   [emp_id: 4840] SKIPPED: Already updated today (2025-12-18 03:00:04)
[2025-12-18 12:45:55]   [emp_id: 4842] SKIPPED: Already updated today (2025-12-18 03:00:04)
[2025-12-18 12:45:55]   [emp_id: 4843] SKIPPED: Already updated today (2025-12-18 03:00:04)
[2025-12-18 12:45:55]   [emp_id: 4853] SKIPPED: Already updated today (2025-12-18 03:00:04)
[2025-12-18 12:45:55]   [emp_id: 4856] SKIPPED: Already updated today (2025-12-18 03:00:04)
[2025-12-18 12:45:55]   [emp_id: 4857] SKIPPED: Already updated today (2025-12-18 03:00:04)
[2025-12-18 12:45:55]   [emp_id: 4858] SKIPPED: Already updated today (2025-12-18 03:00:04)
[2025-12-18 12:45:55]   [emp_id: 4859] SKIPPED: Already updated today (2025-12-18 03:00:04)
[2025-12-18 12:45:55]   [emp_id: 4860] SKIPPED: Already updated today (2025-12-18 03:00:04)
[2025-12-18 12:45:55]   [emp_id: 4861] SKIPPED: Already updated today (2025-12-18 03:00:04)
[2025-12-18 12:45:55]   [emp_id: 4869] SKIPPED: Already updated today (2025-12-18 03:00:04)
[2025-12-18 12:45:55]   [emp_id: 4894] SKIPPED: Already updated today (2025-12-18 03:00:04)
[2025-12-18 12:45:55]   [emp_id: 4897] SKIPPED: Already updated today (2025-12-18 03:00:04)
[2025-12-18 12:45:55]   [emp_id: 4899] SKIPPED: Already updated today (2025-12-18 03:00:04)
[2025-12-18 12:45:55]   [emp_id: 4902] SKIPPED: Already updated today (2025-12-18 03:00:04)
[2025-12-18 12:45:55]   [emp_id: 4903] SKIPPED: Already updated today (2025-12-18 03:00:04)
[2025-12-18 12:45:55]   [emp_id: 4905] SKIPPED: Already updated today (2025-12-18 03:00:04)
[2025-12-18 12:45:55]   [emp_id: 4907] SKIPPED: Already updated today (2025-12-18 03:00:04)
[2025-12-18 12:45:55]   [emp_id: 4917] SKIPPED: Already updated today (2025-12-18 03:00:04)
[2025-12-18 12:45:55]   [emp_id: 4918] SKIPPED: Already updated today (2025-12-18 03:00:04)
[2025-12-18 12:45:55]   [emp_id: 4919] SKIPPED: Already updated today (2025-12-18 03:00:04)
[2025-12-18 12:45:55]   [emp_id: 4920] SKIPPED: Already updated today (2025-12-18 03:00:04)
[2025-12-18 12:45:55]   [emp_id: 4921] SKIPPED: Already updated today (2025-12-18 03:00:04)
[2025-12-18 12:45:55]   [emp_id: 4927] SKIPPED: Already updated today (2025-12-18 03:00:04)
[2025-12-18 12:45:55]   [emp_id: 4929] SKIPPED: Already updated today (2025-12-18 03:00:04)
[2025-12-18 12:45:55]   [emp_id: 4930] SKIPPED: Already updated today (2025-12-18 03:00:04)
[2025-12-18 12:45:55]   [emp_id: 4932] SKIPPED: Already updated today (2025-12-18 03:00:04)
[2025-12-18 12:45:55]   [emp_id: 4933] SKIPPED: Already updated today (2025-12-18 03:00:04)
[2025-12-18 12:45:55]   [emp_id: 4949] SKIPPED: Already updated today (2025-12-18 03:00:04)
[2025-12-18 12:45:55]   [emp_id: 4956] SKIPPED: Already updated today (2025-12-18 03:00:04)
[2025-12-18 12:45:55]   [emp_id: 4957] SKIPPED: Already updated today (2025-12-18 03:00:04)
[2025-12-18 12:45:55]   [emp_id: 4962] SKIPPED: Already updated today (2025-12-18 03:00:04)
[2025-12-18 12:45:55]   [emp_id: 4969] SKIPPED: Already updated today (2025-12-18 03:00:04)
[2025-12-18 12:45:55]   [emp_id: 4976] SKIPPED: Already updated today (2025-12-18 03:00:04)
[2025-12-18 12:45:55]   [emp_id: 4984] SKIPPED: Already updated today (2025-12-18 03:00:04)
[2025-12-18 12:45:55]   [emp_id: 4995] SKIPPED: Already updated today (2025-12-18 03:00:04)
[2025-12-18 12:45:55]   [emp_id: 5004] SKIPPED: Already updated today (2025-12-18 03:00:04)
[2025-12-18 12:45:55]   [emp_id: 5006] SKIPPED: Already updated today (2025-12-18 03:00:04)
[2025-12-18 12:45:55]   [emp_id: 5011] SKIPPED: Already updated today (2025-12-18 03:00:04)
[2025-12-18 12:45:55]   [emp_id: 5013] SKIPPED: Already updated today (2025-12-18 03:00:04)
[2025-12-18 12:45:55]   [emp_id: 5018] SKIPPED: Already updated today (2025-12-18 03:00:04)
[2025-12-18 12:45:55]   [emp_id: 5021] SKIPPED: Already updated today (2025-12-18 03:00:04)
[2025-12-18 12:45:55]   [emp_id: 5021] SKIPPED: Already updated today (2025-12-18 03:00:04)
[2025-12-18 12:45:55]   [emp_id: 5024] SKIPPED: Already updated today (2025-12-18 03:00:04)
[2025-12-18 12:45:55]   [emp_id: 5030] SKIPPED: Already updated today (2025-12-18 03:00:04)
[2025-12-18 12:45:55]   [emp_id: 5033] SKIPPED: Already updated today (2025-12-18 03:00:04)
[2025-12-18 12:45:55]   [emp_id: 5043] SKIPPED: Already updated today (2025-12-18 03:00:04)
[2025-12-18 12:45:55]   [emp_id: 5045] SKIPPED: Already updated today (2025-12-18 03:00:04)
[2025-12-18 12:45:55]   [emp_id: 5046] SKIPPED: Already updated today (2025-12-18 03:00:04)
[2025-12-18 12:45:55]   [emp_id: 5049] SKIPPED: Already updated today (2025-12-18 03:00:04)
[2025-12-18 12:45:55]   [emp_id: 5052] SKIPPED: Already updated today (2025-12-18 03:00:04)
[2025-12-18 12:45:55]   [emp_id: 5055] SKIPPED: Already updated today (2025-12-18 03:00:04)
[2025-12-18 12:45:55]   [emp_id: 5058] SKIPPED: Already updated today (2025-12-18 03:00:04)
[2025-12-18 12:45:55]   [emp_id: 5062] SKIPPED: Already updated today (2025-12-18 03:00:04)
[2025-12-18 12:45:55]   [emp_id: 5064] SKIPPED: Already updated today (2025-12-18 03:00:04)
[2025-12-18 12:45:55]   [emp_id: 5065] SKIPPED: Already updated today (2025-12-18 03:00:04)
[2025-12-18 12:45:55]   [emp_id: 5071] SKIPPED: Already updated today (2025-12-18 03:00:04)
[2025-12-18 12:45:55]   [emp_id: 5073] SKIPPED: Already updated today (2025-12-18 03:00:04)
[2025-12-18 12:45:55]   [emp_id: 5079] SKIPPED: Already updated today (2025-12-18 03:00:04)
[2025-12-18 12:45:55]   [emp_id: 5080] SKIPPED: Already updated today (2025-12-18 03:00:04)
[2025-12-18 12:45:55]   [emp_id: 5081] SKIPPED: Already updated today (2025-12-18 03:00:04)
[2025-12-18 12:45:55]   [emp_id: 5087] SKIPPED: Already updated today (2025-12-18 03:00:04)
[2025-12-18 12:45:55]   [emp_id: 5091] SKIPPED: Already updated today (2025-12-18 03:00:04)
[2025-12-18 12:45:55]   [emp_id: 5093] SKIPPED: Already updated today (2025-12-18 03:00:04)
[2025-12-18 12:45:55]   [emp_id: 5095] SKIPPED: Already updated today (2025-12-18 03:00:04)
[2025-12-18 12:45:55]   [emp_id: 5101] SKIPPED: Already updated today (2025-12-18 03:00:04)
[2025-12-18 12:45:55]   [emp_id: 5107] SKIPPED: Already updated today (2025-12-18 03:00:04)
[2025-12-18 12:45:55]   [emp_id: 5109] SKIPPED: Already updated today (2025-12-18 03:00:04)
[2025-12-18 12:45:55]   [emp_id: 5119] SKIPPED: Already updated today (2025-12-18 03:00:04)
[2025-12-18 12:45:55]   [emp_id: 5122] SKIPPED: Already updated today (2025-12-18 03:00:04)
[2025-12-18 12:45:55]   [emp_id: 5126] SKIPPED: Already updated today (2025-12-18 03:00:04)
[2025-12-18 12:45:55]   [emp_id: 5127] SKIPPED: Already updated today (2025-12-18 03:00:04)
[2025-12-18 12:45:55]   [emp_id: 5128] SKIPPED: Already updated today (2025-12-18 03:00:04)
[2025-12-18 12:45:55]   [emp_id: 5138] SKIPPED: Already updated today (2025-12-18 03:00:04)
[2025-12-18 12:45:55]   [emp_id: 5138] SKIPPED: Already updated today (2025-12-18 03:00:04)
[2025-12-18 12:45:55]   [emp_id: 5141] SKIPPED: Already updated today (2025-12-18 03:00:04)
[2025-12-18 12:45:55]   [emp_id: 5142] SKIPPED: Already updated today (2025-12-18 03:00:04)
[2025-12-18 12:45:55]   [emp_id: 5146] SKIPPED: Already updated today (2025-12-18 03:00:04)
[2025-12-18 12:45:55]   [emp_id: 5147] SKIPPED: Already updated today (2025-12-18 03:00:04)
[2025-12-18 12:45:55]   [emp_id: 5148] SKIPPED: Already updated today (2025-12-18 03:00:04)
[2025-12-18 12:45:55]   [emp_id: 5149] SKIPPED: Already updated today (2025-12-18 03:00:04)
[2025-12-18 12:45:55]   [emp_id: 5150] SKIPPED: Already updated today (2025-12-18 03:00:04)
[2025-12-18 12:45:55]   [emp_id: 5151] SKIPPED: Already updated today (2025-12-18 03:00:04)
[2025-12-18 12:45:55]   [emp_id: 5152] SKIPPED: Already updated today (2025-12-18 03:00:04)
[2025-12-18 12:45:55]   [emp_id: 5157] SKIPPED: Already updated today (2025-12-18 03:00:04)
[2025-12-18 12:45:55]   [emp_id: 5160] SKIPPED: Already updated today (2025-12-18 03:00:04)
[2025-12-18 12:45:55]   [emp_id: 5163] SKIPPED: Already updated today (2025-12-18 03:00:04)
[2025-12-18 12:45:55]   [emp_id: 5165] SKIPPED: Already updated today (2025-12-18 03:00:04)
[2025-12-18 12:45:55]   [emp_id: 5167] SKIPPED: Already updated today (2025-12-18 03:00:04)
[2025-12-18 12:45:55]   [emp_id: 5168] SKIPPED: Already updated today (2025-12-18 03:00:04)
[2025-12-18 12:45:55]   [emp_id: 5173] SKIPPED: Already updated today (2025-12-18 03:00:04)
[2025-12-18 12:45:55]   [emp_id: 5174] SKIPPED: Already updated today (2025-12-18 03:00:04)
[2025-12-18 12:45:55]   [emp_id: 5181] SKIPPED: Already updated today (2025-12-18 03:00:04)
[2025-12-18 12:45:55]   [emp_id: 5186] SKIPPED: Already updated today (2025-12-18 03:00:04)
[2025-12-18 12:45:55]   [emp_id: 5187] SKIPPED: Already updated today (2025-12-18 03:00:04)
[2025-12-18 12:45:55]   [emp_id: 5204] SKIPPED: Already updated today (2025-12-18 03:00:04)
[2025-12-18 12:45:55]   [emp_id: 5205] SKIPPED: Already updated today (2025-12-18 03:00:04)
[2025-12-18 12:45:55]   [emp_id: 5209] SKIPPED: Already updated today (2025-12-18 03:00:04)
[2025-12-18 12:45:55]   [emp_id: 5213] SKIPPED: Already updated today (2025-12-18 03:00:04)
[2025-12-18 12:45:55]   [emp_id: 5214] SKIPPED: Already updated today (2025-12-18 03:00:04)
[2025-12-18 12:45:55]   [emp_id: 5215] SKIPPED: Already updated today (2025-12-18 03:00:04)
[2025-12-18 12:45:55]   [emp_id: 5217] SKIPPED: Already updated today (2025-12-18 03:00:04)
[2025-12-18 12:45:55]   [emp_id: 5219] SKIPPED: Already updated today (2025-12-18 03:00:04)
[2025-12-18 12:45:55]   [emp_id: 5221] SKIPPED: Already updated today (2025-12-18 03:00:04)
[2025-12-18 12:45:55]   [emp_id: 5224] SKIPPED: Already updated today (2025-12-18 03:00:04)
[2025-12-18 12:45:55]   [emp_id: 5225] SKIPPED: Already updated today (2025-12-18 03:00:04)
[2025-12-18 12:45:55]   [emp_id: 5228] SKIPPED: Already updated today (2025-12-18 03:00:04)
[2025-12-18 12:45:55]   [emp_id: 5229] SKIPPED: Already updated today (2025-12-18 03:00:04)
[2025-12-18 12:45:55]   [emp_id: 5230] SKIPPED: Already updated today (2025-12-18 03:00:04)
[2025-12-18 12:45:55]   [emp_id: 5231] SKIPPED: Already updated today (2025-12-18 03:00:04)
[2025-12-18 12:45:55]   [emp_id: 5232] SKIPPED: Already updated today (2025-12-18 03:00:04)
[2025-12-18 12:45:55]   [emp_id: 5233] SKIPPED: Already updated today (2025-12-18 03:00:04)
[2025-12-18 12:45:55]   [emp_id: 5234] SKIPPED: Already updated today (2025-12-18 03:00:04)
[2025-12-18 12:45:55]   [emp_id: 5235] SKIPPED: Already updated today (2025-12-18 03:00:04)
[2025-12-18 12:45:55]   [emp_id: 5237] SKIPPED: Already updated today (2025-12-18 03:00:04)
[2025-12-18 12:45:55]   [emp_id: 5238] SKIPPED: Already updated today (2025-12-18 03:00:04)
[2025-12-18 12:45:55]   [emp_id: 5239] SKIPPED: Already updated today (2025-12-18 03:00:04)
[2025-12-18 12:45:55]   [emp_id: 5241] SKIPPED: Already updated today (2025-12-18 03:00:04)
[2025-12-18 12:45:55]   [emp_id: 5242] SKIPPED: Already updated today (2025-12-18 03:00:04)
[2025-12-18 12:45:55]   [emp_id: 5243] SKIPPED: Already updated today (2025-12-18 03:00:04)
[2025-12-18 12:45:55]   [emp_id: 5244] SKIPPED: Already updated today (2025-12-18 03:00:04)
[2025-12-18 12:45:55]   [emp_id: 5246] SKIPPED: Already updated today (2025-12-18 03:00:04)
[2025-12-18 12:45:55]   [emp_id: 5253] SKIPPED: Already updated today (2025-12-18 03:00:04)
[2025-12-18 12:45:55]   [emp_id: 5254] SKIPPED: Already updated today (2025-12-18 03:00:04)
[2025-12-18 12:45:55]   [emp_id: 5257] SKIPPED: Already updated today (2025-12-18 03:00:04)
[2025-12-18 12:45:55]   [emp_id: 5259] SKIPPED: Already updated today (2025-12-18 03:00:04)
[2025-12-18 12:45:55]   [emp_id: 5261] SKIPPED: Already updated today (2025-12-18 03:00:04)
[2025-12-18 12:45:55]   [emp_id: 5264] SKIPPED: Already updated today (2025-12-18 03:00:04)
[2025-12-18 12:45:55]   [emp_id: 5266] SKIPPED: Already updated today (2025-12-18 03:00:04)
[2025-12-18 12:45:55]   [emp_id: 5268] SKIPPED: Already updated today (2025-12-18 03:00:04)
[2025-12-18 12:45:55]   [emp_id: 5271] SKIPPED: Already updated today (2025-12-18 03:00:04)
[2025-12-18 12:45:55]   [emp_id: 5272] SKIPPED: Already updated today (2025-12-18 03:00:04)
[2025-12-18 12:45:55]   [emp_id: 5273] SKIPPED: Already updated today (2025-12-18 03:00:04)
[2025-12-18 12:45:55]   [emp_id: 5275] SKIPPED: Already updated today (2025-12-18 03:00:04)
[2025-12-18 12:45:55]   [emp_id: 5276] SKIPPED: Already updated today (2025-12-18 03:00:04)
[2025-12-18 12:45:55]   [emp_id: 5278] SKIPPED: Already updated today (2025-12-18 03:00:04)
[2025-12-18 12:45:55]   [emp_id: 5280] SKIPPED: Already updated today (2025-12-18 03:00:04)
[2025-12-18 12:45:55]   [emp_id: 5282] SKIPPED: Already updated today (2025-12-18 03:00:04)
[2025-12-18 12:45:55]   [emp_id: 5285] SKIPPED: Already updated today (2025-12-18 03:00:05)
[2025-12-18 12:45:55]   [emp_id: 5286] SKIPPED: Already updated today (2025-12-18 03:00:05)
[2025-12-18 12:45:55]   [emp_id: 5287] SKIPPED: Already updated today (2025-12-18 03:00:05)
[2025-12-18 12:45:55]   [emp_id: 5288] SKIPPED: Already updated today (2025-12-18 03:00:05)
[2025-12-18 12:45:55]   [emp_id: 5289] SKIPPED: Already updated today (2025-12-18 03:00:05)
[2025-12-18 12:45:55]   [emp_id: 5290] SKIPPED: Already updated today (2025-12-18 03:00:05)
[2025-12-18 12:45:55]   [emp_id: 5291] SKIPPED: Already updated today (2025-12-18 03:00:05)
[2025-12-18 12:45:55]   [emp_id: 5292] SKIPPED: Already updated today (2025-12-18 03:00:05)
[2025-12-18 12:45:55]   [emp_id: 5293] SKIPPED: Already updated today (2025-12-18 03:00:05)
[2025-12-18 12:45:55]   [emp_id: 5294] SKIPPED: Already updated today (2025-12-18 03:00:05)
[2025-12-18 12:45:55]   [emp_id: 5295] SKIPPED: Already updated today (2025-12-18 03:00:05)
[2025-12-18 12:45:55]   [emp_id: 5296] SKIPPED: Already updated today (2025-12-18 03:00:05)
[2025-12-18 12:45:55]   [emp_id: 5297] SKIPPED: Already updated today (2025-12-18 03:00:05)
[2025-12-18 12:45:55]   [emp_id: 5298] SKIPPED: Already updated today (2025-12-18 03:00:05)
[2025-12-18 12:45:55]   [emp_id: 5299] SKIPPED: Already updated today (2025-12-18 03:00:05)
[2025-12-18 12:45:55]   [emp_id: 5300] SKIPPED: Already updated today (2025-12-18 03:00:05)
[2025-12-18 12:45:55]   [emp_id: 5301] SKIPPED: Already updated today (2025-12-18 03:00:05)
[2025-12-18 12:45:55]   [emp_id: 5303] SKIPPED: Already updated today (2025-12-18 03:00:05)
[2025-12-18 12:45:55]   [emp_id: 5304] SKIPPED: Already updated today (2025-12-18 03:00:05)
[2025-12-18 12:45:55]   [emp_id: 5305] SKIPPED: Already updated today (2025-12-18 03:00:05)
[2025-12-18 12:45:55]   [emp_id: 5306] SKIPPED: Already updated today (2025-12-18 03:00:05)
[2025-12-18 12:45:55]   [emp_id: 5307] SKIPPED: Already updated today (2025-12-18 03:00:05)
[2025-12-18 12:45:55]   [emp_id: 5312] SKIPPED: Already updated today (2025-12-18 03:00:05)
[2025-12-18 12:45:55]   [emp_id: 5318] SKIPPED: Already updated today (2025-12-18 03:00:05)
[2025-12-18 12:45:55]   [emp_id: 5325] SKIPPED: Already updated today (2025-12-18 03:00:05)
[2025-12-18 12:45:55]   [emp_id: 5327] SKIPPED: Already updated today (2025-12-18 03:00:05)
[2025-12-18 12:45:55]   [emp_id: 5331] SKIPPED: Already updated today (2025-12-18 03:00:05)
[2025-12-18 12:45:55]   [emp_id: 5337] SKIPPED: Already updated today (2025-12-18 03:00:05)
[2025-12-18 12:45:55]   [emp_id: 5339] SKIPPED: Already updated today (2025-12-18 03:00:05)
[2025-12-18 12:45:55]   [emp_id: 5343] SKIPPED: Already updated today (2025-12-18 03:00:05)
[2025-12-18 12:45:55]   [emp_id: 5343] SKIPPED: Already updated today (2025-12-18 03:00:05)
[2025-12-18 12:45:55]   [emp_id: 5345] SKIPPED: Already updated today (2025-12-18 03:00:05)
[2025-12-18 12:45:55]   [emp_id: 5346] SKIPPED: Already updated today (2025-12-18 13:43:49)
[2025-12-18 12:45:55]   [emp_id: 5351] SKIPPED: Already updated today (2025-12-18 13:43:10)
[2025-12-18 12:45:55]   [emp_id: 5352] SKIPPED: Already updated today (2025-12-18 03:00:05)
[2025-12-18 12:45:55]   [emp_id: 5370] SKIPPED: Already updated today (2025-12-18 03:00:05)
[2025-12-18 12:45:55]   [emp_id: 5371] SKIPPED: Already updated today (2025-12-18 03:00:05)
[2025-12-18 12:45:55]   [emp_id: 5376] SKIPPED: Already updated today (2025-12-18 03:00:05)
[2025-12-18 12:45:55]   [emp_id: 5378] SKIPPED: Already updated today (2025-12-18 03:00:05)
[2025-12-18 12:45:55]   [emp_id: 5380] SKIPPED: Already updated today (2025-12-18 03:00:05)
[2025-12-18 12:45:55]   [emp_id: 5381] SKIPPED: Already updated today (2025-12-18 03:00:05)
[2025-12-18 12:45:55]   [emp_id: 5383] SKIPPED: Already updated today (2025-12-18 03:00:05)
[2025-12-18 12:45:55]   [emp_id: 5388] SKIPPED: Already updated today (2025-12-18 03:00:05)
[2025-12-18 12:45:55]   [emp_id: 5396] SKIPPED: Already updated today (2025-12-18 03:00:05)
[2025-12-18 12:45:55]   [emp_id: 5397] SKIPPED: Already updated today (2025-12-18 03:00:05)
[2025-12-18 12:45:55]   [emp_id: 5401] SKIPPED: Already updated today (2025-12-18 03:00:05)
[2025-12-18 12:45:55]   [emp_id: 5402] SKIPPED: Already updated today (2025-12-18 03:00:05)
[2025-12-18 12:45:55]   [emp_id: 5406] SKIPPED: Already updated today (2025-12-18 03:00:05)
[2025-12-18 12:45:55]   [emp_id: 5407] SKIPPED: Already updated today (2025-12-18 03:00:05)
[2025-12-18 12:45:55]   [emp_id: 5408] SKIPPED: Already updated today (2025-12-18 03:00:05)
[2025-12-18 12:45:55]   [emp_id: 5409] SKIPPED: Already updated today (2025-12-18 03:00:05)
[2025-12-18 12:45:55]   [emp_id: 5413] SKIPPED: Already updated today (2025-12-18 03:00:05)
[2025-12-18 12:45:55]   [emp_id: 5414] SKIPPED: Already updated today (2025-12-18 03:00:05)
[2025-12-18 12:45:55]   [emp_id: 5415] SKIPPED: Already updated today (2025-12-18 03:00:05)
[2025-12-18 12:45:55]   [emp_id: 5418] SKIPPED: Already updated today (2025-12-18 03:00:05)
[2025-12-18 12:45:55]   [emp_id: 5422] SKIPPED: Already updated today (2025-12-18 03:00:05)
[2025-12-18 12:45:55]   [emp_id: 5423] SKIPPED: Already updated today (2025-12-18 03:00:05)
[2025-12-18 12:45:55]   [emp_id: 5423] SKIPPED: Already updated today (2025-12-18 03:00:05)
[2025-12-18 12:45:55]   [emp_id: 5423] SKIPPED: Already updated today (2025-12-18 03:00:05)
[2025-12-18 12:45:55]   [emp_id: 5424] SKIPPED: Already updated today (2025-12-18 03:00:05)
[2025-12-18 12:45:55]   [emp_id: 5425] SKIPPED: Already updated today (2025-12-18 03:00:05)
[2025-12-18 12:45:55]   [emp_id: 5426] SKIPPED: Already updated today (2025-12-18 03:00:05)
[2025-12-18 12:45:55]   [emp_id: 5426] SKIPPED: Already updated today (2025-12-18 03:00:05)
[2025-12-18 12:45:55]   [emp_id: 5427] SKIPPED: Already updated today (2025-12-18 03:00:05)
[2025-12-18 12:45:55]   [emp_id: 5428] SKIPPED: Already updated today (2025-12-18 03:00:05)
[2025-12-18 12:45:55]   [emp_id: 5430] SKIPPED: Already updated today (2025-12-18 03:00:05)
[2025-12-18 12:45:55]   [emp_id: 5431] SKIPPED: Already updated today (2025-12-18 03:00:05)
[2025-12-18 12:45:55]   [emp_id: 5434] SKIPPED: Already updated today (2025-12-18 03:00:05)
[2025-12-18 12:45:55]   [emp_id: 5435] SKIPPED: Already updated today (2025-12-18 03:00:05)
[2025-12-18 12:45:55]   [emp_id: 5436] SKIPPED: Already updated today (2025-12-18 03:00:05)
[2025-12-18 12:45:55]   [emp_id: 5438] SKIPPED: Already updated today (2025-12-18 03:00:05)
[2025-12-18 12:45:55]   [emp_id: 5439] SKIPPED: Already updated today (2025-12-18 03:00:05)
[2025-12-18 12:45:55]   [emp_id: 5442] SKIPPED: Already updated today (2025-12-18 03:00:05)
[2025-12-18 12:45:55]   [emp_id: 5443] SKIPPED: Already updated today (2025-12-18 03:00:05)
[2025-12-18 12:45:55]   [emp_id: 5445] SKIPPED: Already updated today (2025-12-18 03:00:05)
[2025-12-18 12:45:55]   [emp_id: 5446] SKIPPED: Already updated today (2025-12-18 03:00:05)
[2025-12-18 12:45:55]   [emp_id: 5447] SKIPPED: Already updated today (2025-12-18 03:00:05)
[2025-12-18 12:45:55]   [emp_id: 5448] SKIPPED: Already updated today (2025-12-18 03:00:05)
[2025-12-18 12:45:55]   [emp_id: 5449] SKIPPED: Already updated today (2025-12-18 03:00:05)
[2025-12-18 12:45:55]   [emp_id: 5450] SKIPPED: Already updated today (2025-12-18 03:00:05)
[2025-12-18 12:45:55]   [emp_id: 5451] SKIPPED: Already updated today (2025-12-18 03:00:05)
[2025-12-18 12:45:55]   [emp_id: 5454] SKIPPED: Already updated today (2025-12-18 03:00:05)
[2025-12-18 12:45:55]   [emp_id: 5455] SKIPPED: Already updated today (2025-12-18 03:00:05)
[2025-12-18 12:45:55]   [emp_id: 5456] SKIPPED: Already updated today (2025-12-18 03:00:05)
[2025-12-18 12:45:55] 
[2025-12-18 12:45:55] ========== SUMMARY ==========
[2025-12-18 12:45:55] Total employees processed: 437
[2025-12-18 12:45:55] Records updated: 0
[2025-12-18 12:45:55] Balances changed: 0
[2025-12-18 12:45:55] Errors: 0
[2025-12-18 12:45:55] ========== CRON: Vacation Balance Update Completed ==========
[2025-12-18 12:45:55] 
[2025-12-18 13:03:18] ========== CRON: Vacation Balance Update Started ==========
[2025-12-18 13:03:18] Database connection established
[2025-12-18 13:03:18] Found 437 active employees with balance records to update
[2025-12-18 13:03:18] (Only employees with status=1 will be processed)
[2025-12-18 13:03:18]   [emp_id: 1061] SKIPPED: Already updated today (2025-12-18 03:00:01)
[2025-12-18 13:03:18]   [emp_id: 1496] SKIPPED: Already updated today (2025-12-18 03:00:01)
[2025-12-18 13:03:18]   [emp_id: 1500] SKIPPED: Already updated today (2025-12-18 03:00:01)
[2025-12-18 13:03:18]   [emp_id: 1574] SKIPPED: Already updated today (2025-12-18 03:00:02)
[2025-12-18 13:03:18]   [emp_id: 1673] SKIPPED: Already updated today (2025-12-18 03:00:02)
[2025-12-18 13:03:18]   [emp_id: 1685] SKIPPED: Already updated today (2025-12-18 03:00:02)
[2025-12-18 13:03:18]   [emp_id: 1764] SKIPPED: Already updated today (2025-12-18 03:00:02)
[2025-12-18 13:03:18]   [emp_id: 1805] SKIPPED: Already updated today (2025-12-18 03:00:02)
[2025-12-18 13:03:18]   [emp_id: 1822] SKIPPED: Already updated today (2025-12-18 03:00:02)
[2025-12-18 13:03:18]   [emp_id: 1837] SKIPPED: Already updated today (2025-12-18 03:00:02)
[2025-12-18 13:03:18]   [emp_id: 1857] SKIPPED: Already updated today (2025-12-18 03:00:02)
[2025-12-18 13:03:18]   [emp_id: 1861] SKIPPED: Already updated today (2025-12-18 03:00:02)
[2025-12-18 13:03:18]   [emp_id: 1872] SKIPPED: Already updated today (2025-12-18 03:00:02)
[2025-12-18 13:03:18]   [emp_id: 1897] SKIPPED: Already updated today (2025-12-18 03:00:02)
[2025-12-18 13:03:18]   [emp_id: 1916] SKIPPED: Already updated today (2025-12-18 03:00:02)
[2025-12-18 13:03:18]   [emp_id: 1928] SKIPPED: Already updated today (2025-12-18 03:00:02)
[2025-12-18 13:03:18]   [emp_id: 1931] SKIPPED: Already updated today (2025-12-18 03:00:02)
[2025-12-18 13:03:18]   [emp_id: 1944] SKIPPED: Already updated today (2025-12-18 03:00:02)
[2025-12-18 13:03:18]   [emp_id: 1996] SKIPPED: Already updated today (2025-12-18 03:00:02)
[2025-12-18 13:03:18]   [emp_id: 1997] SKIPPED: Already updated today (2025-12-18 03:00:02)
[2025-12-18 13:03:18]   [emp_id: 1998] SKIPPED: Already updated today (2025-12-18 03:00:02)
[2025-12-18 13:03:18]   [emp_id: 1999] SKIPPED: Already updated today (2025-12-18 03:00:02)
[2025-12-18 13:03:18]   [emp_id: 2009] SKIPPED: Already updated today (2025-12-18 03:00:02)
[2025-12-18 13:03:18]   [emp_id: 2048] SKIPPED: Already updated today (2025-12-18 03:00:02)
[2025-12-18 13:03:18]   [emp_id: 2057] SKIPPED: Already updated today (2025-12-18 03:00:02)
[2025-12-18 13:03:18]   [emp_id: 2079] SKIPPED: Already updated today (2025-12-18 03:00:02)
[2025-12-18 13:03:18]   [emp_id: 2181] SKIPPED: Already updated today (2025-12-18 03:00:02)
[2025-12-18 13:03:18]   [emp_id: 2190] SKIPPED: Already updated today (2025-12-18 03:00:02)
[2025-12-18 13:03:18]   [emp_id: 2212] SKIPPED: Already updated today (2025-12-18 03:00:02)
[2025-12-18 13:03:18]   [emp_id: 2226] SKIPPED: Already updated today (2025-12-18 03:00:02)
[2025-12-18 13:03:18]   [emp_id: 2238] SKIPPED: Already updated today (2025-12-18 03:00:02)
[2025-12-18 13:03:18]   [emp_id: 2285] SKIPPED: Already updated today (2025-12-18 03:00:02)
[2025-12-18 13:03:18]   [emp_id: 2287] SKIPPED: Already updated today (2025-12-18 03:00:02)
[2025-12-18 13:03:18]   [emp_id: 2288] SKIPPED: Already updated today (2025-12-18 03:00:02)
[2025-12-18 13:03:18]   [emp_id: 2290] SKIPPED: Already updated today (2025-12-18 03:00:02)
[2025-12-18 13:03:18]   [emp_id: 2316] SKIPPED: Already updated today (2025-12-18 03:00:02)
[2025-12-18 13:03:18]   [emp_id: 2337] SKIPPED: Already updated today (2025-12-18 03:00:02)
[2025-12-18 13:03:18]   [emp_id: 2352] SKIPPED: Already updated today (2025-12-18 03:00:02)
[2025-12-18 13:03:18]   [emp_id: 2358] SKIPPED: Already updated today (2025-12-18 03:00:02)
[2025-12-18 13:03:18]   [emp_id: 2361] SKIPPED: Already updated today (2025-12-18 03:00:02)
[2025-12-18 13:03:18]   [emp_id: 2363] SKIPPED: Already updated today (2025-12-18 03:00:02)
[2025-12-18 13:03:18]   [emp_id: 2364] SKIPPED: Already updated today (2025-12-18 03:00:02)
[2025-12-18 13:03:18]   [emp_id: 2367] SKIPPED: Already updated today (2025-12-18 03:00:02)
[2025-12-18 13:03:18]   [emp_id: 2368] SKIPPED: Already updated today (2025-12-18 03:00:02)
[2025-12-18 13:03:18]   [emp_id: 2372] SKIPPED: Already updated today (2025-12-18 03:00:02)
[2025-12-18 13:03:18]   [emp_id: 2376] SKIPPED: Already updated today (2025-12-18 03:00:02)
[2025-12-18 13:03:18]   [emp_id: 2423] SKIPPED: Already updated today (2025-12-18 03:00:02)
[2025-12-18 13:03:18]   [emp_id: 2519] SKIPPED: Already updated today (2025-12-18 03:00:02)
[2025-12-18 13:03:18]   [emp_id: 2522] SKIPPED: Already updated today (2025-12-18 03:00:02)
[2025-12-18 13:03:18]   [emp_id: 2530] SKIPPED: Already updated today (2025-12-18 03:00:02)
[2025-12-18 13:03:18]   [emp_id: 2539] SKIPPED: Already updated today (2025-12-18 03:00:02)
[2025-12-18 13:03:18]   [emp_id: 2541] SKIPPED: Already updated today (2025-12-18 03:00:02)
[2025-12-18 13:03:18]   [emp_id: 2550] SKIPPED: Already updated today (2025-12-18 03:00:02)
[2025-12-18 13:03:18]   [emp_id: 2553] SKIPPED: Already updated today (2025-12-18 03:00:02)
[2025-12-18 13:03:18]   [emp_id: 2554] SKIPPED: Already updated today (2025-12-18 03:00:02)
[2025-12-18 13:03:18]   [emp_id: 2565] SKIPPED: Already updated today (2025-12-18 03:00:02)
[2025-12-18 13:03:18]   [emp_id: 2572] SKIPPED: Already updated today (2025-12-18 03:00:02)
[2025-12-18 13:03:18]   [emp_id: 2637] SKIPPED: Already updated today (2025-12-18 03:00:02)
[2025-12-18 13:03:18]   [emp_id: 2642] SKIPPED: Already updated today (2025-12-18 03:00:02)
[2025-12-18 13:03:18]   [emp_id: 2645] SKIPPED: Already updated today (2025-12-18 03:00:02)
[2025-12-18 13:03:18]   [emp_id: 2648] SKIPPED: Already updated today (2025-12-18 03:00:02)
[2025-12-18 13:03:18]   [emp_id: 2654] SKIPPED: Already updated today (2025-12-18 03:00:02)
[2025-12-18 13:03:18]   [emp_id: 2688] SKIPPED: Already updated today (2025-12-18 03:00:02)
[2025-12-18 13:03:18]   [emp_id: 2690] SKIPPED: Already updated today (2025-12-18 03:00:02)
[2025-12-18 13:03:18]   [emp_id: 2709] SKIPPED: Already updated today (2025-12-18 03:00:02)
[2025-12-18 13:03:18]   [emp_id: 2745] SKIPPED: Already updated today (2025-12-18 03:00:02)
[2025-12-18 13:03:18]   [emp_id: 2843] SKIPPED: Already updated today (2025-12-18 03:00:02)
[2025-12-18 13:03:18]   [emp_id: 2854] SKIPPED: Already updated today (2025-12-18 03:00:02)
[2025-12-18 13:03:18]   [emp_id: 2869] SKIPPED: Already updated today (2025-12-18 03:00:02)
[2025-12-18 13:03:18]   [emp_id: 2876] SKIPPED: Already updated today (2025-12-18 03:00:02)
[2025-12-18 13:03:18]   [emp_id: 2924] SKIPPED: Already updated today (2025-12-18 03:00:02)
[2025-12-18 13:03:18]   [emp_id: 2953] SKIPPED: Already updated today (2025-12-18 03:00:02)
[2025-12-18 13:03:18]   [emp_id: 2961] SKIPPED: Already updated today (2025-12-18 03:00:02)
[2025-12-18 13:03:18]   [emp_id: 2975] SKIPPED: Already updated today (2025-12-18 03:00:02)
[2025-12-18 13:03:18]   [emp_id: 3013] SKIPPED: Already updated today (2025-12-18 03:00:02)
[2025-12-18 13:03:18]   [emp_id: 3014] SKIPPED: Already updated today (2025-12-18 03:00:02)
[2025-12-18 13:03:18]   [emp_id: 3015] SKIPPED: Already updated today (2025-12-18 03:00:02)
[2025-12-18 13:03:18]   [emp_id: 3018] SKIPPED: Already updated today (2025-12-18 03:00:02)
[2025-12-18 13:03:18]   [emp_id: 3025] SKIPPED: Already updated today (2025-12-18 03:00:02)
[2025-12-18 13:03:18]   [emp_id: 3037] SKIPPED: Already updated today (2025-12-18 03:00:02)
[2025-12-18 13:03:18]   [emp_id: 3047] SKIPPED: Already updated today (2025-12-18 03:00:02)
[2025-12-18 13:03:18]   [emp_id: 3061] SKIPPED: Already updated today (2025-12-18 03:00:02)
[2025-12-18 13:03:18]   [emp_id: 3062] SKIPPED: Already updated today (2025-12-18 03:00:02)
[2025-12-18 13:03:18]   [emp_id: 3074] SKIPPED: Already updated today (2025-12-18 03:00:02)
[2025-12-18 13:03:18]   [emp_id: 3089] SKIPPED: Already updated today (2025-12-18 03:00:02)
[2025-12-18 13:03:18]   [emp_id: 3090] SKIPPED: Already updated today (2025-12-18 03:00:02)
[2025-12-18 13:03:18]   [emp_id: 3091] SKIPPED: Already updated today (2025-12-18 03:00:02)
[2025-12-18 13:03:18]   [emp_id: 3092] SKIPPED: Already updated today (2025-12-18 03:00:02)
[2025-12-18 13:03:18]   [emp_id: 3105] SKIPPED: Already updated today (2025-12-18 03:00:02)
[2025-12-18 13:03:18]   [emp_id: 3134] SKIPPED: Already updated today (2025-12-18 03:00:02)
[2025-12-18 13:03:18]   [emp_id: 3140] SKIPPED: Already updated today (2025-12-18 03:00:02)
[2025-12-18 13:03:18]   [emp_id: 3144] SKIPPED: Already updated today (2025-12-18 03:00:02)
[2025-12-18 13:03:18]   [emp_id: 3156] SKIPPED: Already updated today (2025-12-18 03:00:02)
[2025-12-18 13:03:18]   [emp_id: 3162] SKIPPED: Already updated today (2025-12-18 03:00:02)
[2025-12-18 13:03:18]   [emp_id: 3163] SKIPPED: Already updated today (2025-12-18 03:00:03)
[2025-12-18 13:03:18]   [emp_id: 3198] SKIPPED: Already updated today (2025-12-18 03:00:03)
[2025-12-18 13:03:18]   [emp_id: 3205] SKIPPED: Already updated today (2025-12-18 03:00:03)
[2025-12-18 13:03:18]   [emp_id: 3209] SKIPPED: Already updated today (2025-12-18 03:00:03)
[2025-12-18 13:03:18]   [emp_id: 3223] SKIPPED: Already updated today (2025-12-18 03:00:03)
[2025-12-18 13:03:18]   [emp_id: 3224] SKIPPED: Already updated today (2025-12-18 03:00:03)
[2025-12-18 13:03:18]   [emp_id: 3230] SKIPPED: Already updated today (2025-12-18 03:00:03)
[2025-12-18 13:03:18]   [emp_id: 3231] SKIPPED: Already updated today (2025-12-18 03:00:03)
[2025-12-18 13:03:18]   [emp_id: 3233] SKIPPED: Already updated today (2025-12-18 03:00:03)
[2025-12-18 13:03:18]   [emp_id: 3249] SKIPPED: Already updated today (2025-12-18 03:00:03)
[2025-12-18 13:03:18]   [emp_id: 3250] SKIPPED: Already updated today (2025-12-18 03:00:03)
[2025-12-18 13:03:18]   [emp_id: 3252] SKIPPED: Already updated today (2025-12-18 03:00:03)
[2025-12-18 13:03:18]   [emp_id: 3254] SKIPPED: Already updated today (2025-12-18 03:00:03)
[2025-12-18 13:03:18]   [emp_id: 3255] SKIPPED: Already updated today (2025-12-18 03:00:03)
[2025-12-18 13:03:18]   [emp_id: 3256] SKIPPED: Already updated today (2025-12-18 03:00:03)
[2025-12-18 13:03:18]   [emp_id: 3263] SKIPPED: Already updated today (2025-12-18 03:00:03)
[2025-12-18 13:03:18]   [emp_id: 3265] SKIPPED: Already updated today (2025-12-18 03:00:03)
[2025-12-18 13:03:18]   [emp_id: 3280] SKIPPED: Already updated today (2025-12-18 03:00:03)
[2025-12-18 13:03:18]   [emp_id: 3286] SKIPPED: Already updated today (2025-12-18 03:00:03)
[2025-12-18 13:03:18]   [emp_id: 3294] SKIPPED: Already updated today (2025-12-18 03:00:03)
[2025-12-18 13:03:18]   [emp_id: 3321] SKIPPED: Already updated today (2025-12-18 03:00:03)
[2025-12-18 13:03:18]   [emp_id: 3325] SKIPPED: Already updated today (2025-12-18 03:00:03)
[2025-12-18 13:03:18]   [emp_id: 3329] SKIPPED: Already updated today (2025-12-18 03:00:03)
[2025-12-18 13:03:18]   [emp_id: 3330] SKIPPED: Already updated today (2025-12-18 03:00:03)
[2025-12-18 13:03:18]   [emp_id: 3332] SKIPPED: Already updated today (2025-12-18 03:00:03)
[2025-12-18 13:03:18]   [emp_id: 3370] SKIPPED: Already updated today (2025-12-18 03:00:03)
[2025-12-18 13:03:18]   [emp_id: 3384] SKIPPED: Already updated today (2025-12-18 03:00:03)
[2025-12-18 13:03:18]   [emp_id: 3386] SKIPPED: Already updated today (2025-12-18 03:00:03)
[2025-12-18 13:03:18]   [emp_id: 3431] SKIPPED: Already updated today (2025-12-18 03:00:03)
[2025-12-18 13:03:18]   [emp_id: 3497] SKIPPED: Already updated today (2025-12-18 03:00:03)
[2025-12-18 13:03:18]   [emp_id: 3532] SKIPPED: Already updated today (2025-12-18 03:00:03)
[2025-12-18 13:03:18]   [emp_id: 3586] SKIPPED: Already updated today (2025-12-18 03:00:03)
[2025-12-18 13:03:18]   [emp_id: 3602] SKIPPED: Already updated today (2025-12-18 03:00:03)
[2025-12-18 13:03:18]   [emp_id: 3618] SKIPPED: Already updated today (2025-12-18 03:00:03)
[2025-12-18 13:03:18]   [emp_id: 3622] SKIPPED: Already updated today (2025-12-18 03:00:03)
[2025-12-18 13:03:18]   [emp_id: 3627] SKIPPED: Already updated today (2025-12-18 03:00:03)
[2025-12-18 13:03:18]   [emp_id: 3665] SKIPPED: Already updated today (2025-12-18 03:00:03)
[2025-12-18 13:03:18]   [emp_id: 3705] SKIPPED: Already updated today (2025-12-18 03:00:03)
[2025-12-18 13:03:18]   [emp_id: 3724] SKIPPED: Already updated today (2025-12-18 03:00:03)
[2025-12-18 13:03:18]   [emp_id: 3726] SKIPPED: Already updated today (2025-12-18 03:00:03)
[2025-12-18 13:03:18]   [emp_id: 3727] SKIPPED: Already updated today (2025-12-18 03:00:03)
[2025-12-18 13:03:18]   [emp_id: 3728] SKIPPED: Already updated today (2025-12-18 03:00:03)
[2025-12-18 13:03:18]   [emp_id: 3742] SKIPPED: Already updated today (2025-12-18 03:00:03)
[2025-12-18 13:03:18]   [emp_id: 3767] SKIPPED: Already updated today (2025-12-18 03:00:03)
[2025-12-18 13:03:18]   [emp_id: 3768] SKIPPED: Already updated today (2025-12-18 03:00:03)
[2025-12-18 13:03:18]   [emp_id: 3787] SKIPPED: Already updated today (2025-12-18 03:00:03)
[2025-12-18 13:03:18]   [emp_id: 3790] SKIPPED: Already updated today (2025-12-18 03:00:03)
[2025-12-18 13:03:18]   [emp_id: 3795] SKIPPED: Already updated today (2025-12-18 03:00:03)
[2025-12-18 13:03:18]   [emp_id: 3798] SKIPPED: Already updated today (2025-12-18 03:00:03)
[2025-12-18 13:03:18]   [emp_id: 3801] SKIPPED: Already updated today (2025-12-18 03:00:03)
[2025-12-18 13:03:18]   [emp_id: 3802] SKIPPED: Already updated today (2025-12-18 03:00:03)
[2025-12-18 13:03:18]   [emp_id: 3803] SKIPPED: Already updated today (2025-12-18 03:00:03)
[2025-12-18 13:03:18]   [emp_id: 3810] SKIPPED: Already updated today (2025-12-18 03:00:03)
[2025-12-18 13:03:18]   [emp_id: 3812] SKIPPED: Already updated today (2025-12-18 03:00:03)
[2025-12-18 13:03:18]   [emp_id: 3815] SKIPPED: Already updated today (2025-12-18 03:00:03)
[2025-12-18 13:03:18]   [emp_id: 3836] SKIPPED: Already updated today (2025-12-18 03:00:03)
[2025-12-18 13:03:18]   [emp_id: 3855] SKIPPED: Already updated today (2025-12-18 03:00:03)
[2025-12-18 13:03:18]   [emp_id: 3857] SKIPPED: Already updated today (2025-12-18 03:00:03)
[2025-12-18 13:03:18]   [emp_id: 3862] SKIPPED: Already updated today (2025-12-18 03:00:03)
[2025-12-18 13:03:18]   [emp_id: 3866] SKIPPED: Already updated today (2025-12-18 03:00:03)
[2025-12-18 13:03:18]   [emp_id: 3876] SKIPPED: Already updated today (2025-12-18 03:00:03)
[2025-12-18 13:03:18]   [emp_id: 3877] SKIPPED: Already updated today (2025-12-18 03:00:03)
[2025-12-18 13:03:18]   [emp_id: 3897] SKIPPED: Already updated today (2025-12-18 03:00:03)
[2025-12-18 13:03:18]   [emp_id: 3899] SKIPPED: Already updated today (2025-12-18 03:00:03)
[2025-12-18 13:03:18]   [emp_id: 3928] SKIPPED: Already updated today (2025-12-18 03:00:03)
[2025-12-18 13:03:18]   [emp_id: 3929] SKIPPED: Already updated today (2025-12-18 03:00:03)
[2025-12-18 13:03:18]   [emp_id: 3935] SKIPPED: Already updated today (2025-12-18 03:00:03)
[2025-12-18 13:03:18]   [emp_id: 3952] SKIPPED: Already updated today (2025-12-18 03:00:03)
[2025-12-18 13:03:18]   [emp_id: 3987] SKIPPED: Already updated today (2025-12-18 03:00:03)
[2025-12-18 13:03:18]   [emp_id: 4059] SKIPPED: Already updated today (2025-12-18 03:00:03)
[2025-12-18 13:03:18]   [emp_id: 4119] SKIPPED: Already updated today (2025-12-18 03:00:03)
[2025-12-18 13:03:18]   [emp_id: 4120] SKIPPED: Already updated today (2025-12-18 03:00:03)
[2025-12-18 13:03:18]   [emp_id: 4124] SKIPPED: Already updated today (2025-12-18 03:00:03)
[2025-12-18 13:03:18]   [emp_id: 4133] SKIPPED: Already updated today (2025-12-18 03:00:03)
[2025-12-18 13:03:18]   [emp_id: 4134] SKIPPED: Already updated today (2025-12-18 03:00:03)
[2025-12-18 13:03:18]   [emp_id: 4136] SKIPPED: Already updated today (2025-12-18 03:00:03)
[2025-12-18 13:03:18]   [emp_id: 4150] SKIPPED: Already updated today (2025-12-18 03:00:03)
[2025-12-18 13:03:18]   [emp_id: 4157] SKIPPED: Already updated today (2025-12-18 03:00:03)
[2025-12-18 13:03:18]   [emp_id: 4172] SKIPPED: Already updated today (2025-12-18 03:00:03)
[2025-12-18 13:03:18]   [emp_id: 4195] SKIPPED: Already updated today (2025-12-18 03:00:03)
[2025-12-18 13:03:18]   [emp_id: 4215] SKIPPED: Already updated today (2025-12-18 03:00:03)
[2025-12-18 13:03:18]   [emp_id: 4220] SKIPPED: Already updated today (2025-12-18 03:00:03)
[2025-12-18 13:03:18]   [emp_id: 4273] SKIPPED: Already updated today (2025-12-18 03:00:03)
[2025-12-18 13:03:18]   [emp_id: 4283] SKIPPED: Already updated today (2025-12-18 03:00:03)
[2025-12-18 13:03:18]   [emp_id: 4288] SKIPPED: Already updated today (2025-12-18 03:00:03)
[2025-12-18 13:03:18]   [emp_id: 4315] SKIPPED: Already updated today (2025-12-18 03:00:03)
[2025-12-18 13:03:18]   [emp_id: 4328] SKIPPED: Already updated today (2025-12-18 03:00:03)
[2025-12-18 13:03:18]   [emp_id: 4329] SKIPPED: Already updated today (2025-12-18 03:00:03)
[2025-12-18 13:03:18]   [emp_id: 4338] SKIPPED: Already updated today (2025-12-18 03:00:03)
[2025-12-18 13:03:18]   [emp_id: 4340] SKIPPED: Already updated today (2025-12-18 03:00:03)
[2025-12-18 13:03:18]   [emp_id: 4365] SKIPPED: Already updated today (2025-12-18 03:00:03)
[2025-12-18 13:03:18]   [emp_id: 4366] SKIPPED: Already updated today (2025-12-18 03:00:03)
[2025-12-18 13:03:18]   [emp_id: 4403] SKIPPED: Already updated today (2025-12-18 03:00:03)
[2025-12-18 13:03:18]   [emp_id: 4438] SKIPPED: Already updated today (2025-12-18 03:00:03)
[2025-12-18 13:03:18]   [emp_id: 4465] SKIPPED: Already updated today (2025-12-18 03:00:03)
[2025-12-18 13:03:18]   [emp_id: 4473] SKIPPED: Already updated today (2025-12-18 03:00:03)
[2025-12-18 13:03:18]   [emp_id: 4474] SKIPPED: Already updated today (2025-12-18 03:00:03)
[2025-12-18 13:03:18]   [emp_id: 4493] SKIPPED: Already updated today (2025-12-18 03:00:03)
[2025-12-18 13:03:18]   [emp_id: 4526] SKIPPED: Already updated today (2025-12-18 03:00:03)
[2025-12-18 13:03:18]   [emp_id: 4528] SKIPPED: Already updated today (2025-12-18 03:00:03)
[2025-12-18 13:03:18]   [emp_id: 4528] SKIPPED: Already updated today (2025-12-18 03:00:03)
[2025-12-18 13:03:18]   [emp_id: 4532] SKIPPED: Already updated today (2025-12-18 03:00:03)
[2025-12-18 13:03:18]   [emp_id: 4533] SKIPPED: Already updated today (2025-12-18 03:00:03)
[2025-12-18 13:03:18]   [emp_id: 4564] SKIPPED: Already updated today (2025-12-18 03:00:03)
[2025-12-18 13:03:18]   [emp_id: 4565] SKIPPED: Already updated today (2025-12-18 03:00:03)
[2025-12-18 13:03:18]   [emp_id: 4567] SKIPPED: Already updated today (2025-12-18 03:00:03)
[2025-12-18 13:03:18]   [emp_id: 4572] SKIPPED: Already updated today (2025-12-18 03:00:04)
[2025-12-18 13:03:18]   [emp_id: 4631] SKIPPED: Already updated today (2025-12-18 03:00:04)
[2025-12-18 13:03:18]   [emp_id: 4655] SKIPPED: Already updated today (2025-12-18 03:00:04)
[2025-12-18 13:03:18]   [emp_id: 4689] SKIPPED: Already updated today (2025-12-18 03:00:04)
[2025-12-18 13:03:18]   [emp_id: 4709] SKIPPED: Already updated today (2025-12-18 03:00:04)
[2025-12-18 13:03:18]   [emp_id: 4717] SKIPPED: Already updated today (2025-12-18 03:00:04)
[2025-12-18 13:03:18]   [emp_id: 4736] SKIPPED: Already updated today (2025-12-18 03:00:04)
[2025-12-18 13:03:18]   [emp_id: 4756] SKIPPED: Already updated today (2025-12-18 03:00:04)
[2025-12-18 13:03:18]   [emp_id: 4768] SKIPPED: Already updated today (2025-12-18 03:00:04)
[2025-12-18 13:03:18]   [emp_id: 4780] SKIPPED: Already updated today (2025-12-18 03:00:04)
[2025-12-18 13:03:18]   [emp_id: 4820] SKIPPED: Already updated today (2025-12-18 03:00:04)
[2025-12-18 13:03:18]   [emp_id: 4825] SKIPPED: Already updated today (2025-12-18 03:00:04)
[2025-12-18 13:03:18]   [emp_id: 4835] SKIPPED: Already updated today (2025-12-18 03:00:04)
[2025-12-18 13:03:18]   [emp_id: 4837] SKIPPED: Already updated today (2025-12-18 03:00:04)
[2025-12-18 13:03:18]   [emp_id: 4838] SKIPPED: Already updated today (2025-12-18 03:00:04)
[2025-12-18 13:03:18]   [emp_id: 4840] SKIPPED: Already updated today (2025-12-18 03:00:04)
[2025-12-18 13:03:18]   [emp_id: 4842] SKIPPED: Already updated today (2025-12-18 03:00:04)
[2025-12-18 13:03:18]   [emp_id: 4843] SKIPPED: Already updated today (2025-12-18 03:00:04)
[2025-12-18 13:03:18]   [emp_id: 4853] SKIPPED: Already updated today (2025-12-18 03:00:04)
[2025-12-18 13:03:18]   [emp_id: 4856] SKIPPED: Already updated today (2025-12-18 03:00:04)
[2025-12-18 13:03:18]   [emp_id: 4857] SKIPPED: Already updated today (2025-12-18 03:00:04)
[2025-12-18 13:03:18]   [emp_id: 4858] SKIPPED: Already updated today (2025-12-18 03:00:04)
[2025-12-18 13:03:18]   [emp_id: 4859] SKIPPED: Already updated today (2025-12-18 03:00:04)
[2025-12-18 13:03:18]   [emp_id: 4860] SKIPPED: Already updated today (2025-12-18 03:00:04)
[2025-12-18 13:03:18]   [emp_id: 4861] SKIPPED: Already updated today (2025-12-18 03:00:04)
[2025-12-18 13:03:18]   [emp_id: 4869] SKIPPED: Already updated today (2025-12-18 03:00:04)
[2025-12-18 13:03:18]   [emp_id: 4894] SKIPPED: Already updated today (2025-12-18 03:00:04)
[2025-12-18 13:03:18]   [emp_id: 4897] SKIPPED: Already updated today (2025-12-18 03:00:04)
[2025-12-18 13:03:18]   [emp_id: 4899] SKIPPED: Already updated today (2025-12-18 03:00:04)
[2025-12-18 13:03:18]   [emp_id: 4902] SKIPPED: Already updated today (2025-12-18 03:00:04)
[2025-12-18 13:03:18]   [emp_id: 4903] SKIPPED: Already updated today (2025-12-18 03:00:04)
[2025-12-18 13:03:18]   [emp_id: 4905] SKIPPED: Already updated today (2025-12-18 03:00:04)
[2025-12-18 13:03:18]   [emp_id: 4907] SKIPPED: Already updated today (2025-12-18 03:00:04)
[2025-12-18 13:03:18]   [emp_id: 4917] SKIPPED: Already updated today (2025-12-18 03:00:04)
[2025-12-18 13:03:18]   [emp_id: 4918] SKIPPED: Already updated today (2025-12-18 03:00:04)
[2025-12-18 13:03:18]   [emp_id: 4919] SKIPPED: Already updated today (2025-12-18 03:00:04)
[2025-12-18 13:03:18]   [emp_id: 4920] SKIPPED: Already updated today (2025-12-18 03:00:04)
[2025-12-18 13:03:18]   [emp_id: 4921] SKIPPED: Already updated today (2025-12-18 03:00:04)
[2025-12-18 13:03:18]   [emp_id: 4927] SKIPPED: Already updated today (2025-12-18 03:00:04)
[2025-12-18 13:03:18]   [emp_id: 4929] SKIPPED: Already updated today (2025-12-18 03:00:04)
[2025-12-18 13:03:18]   [emp_id: 4930] SKIPPED: Already updated today (2025-12-18 03:00:04)
[2025-12-18 13:03:18]   [emp_id: 4932] SKIPPED: Already updated today (2025-12-18 03:00:04)
[2025-12-18 13:03:18]   [emp_id: 4933] SKIPPED: Already updated today (2025-12-18 03:00:04)
[2025-12-18 13:03:18]   [emp_id: 4949] SKIPPED: Already updated today (2025-12-18 03:00:04)
[2025-12-18 13:03:18]   [emp_id: 4956] SKIPPED: Already updated today (2025-12-18 03:00:04)
[2025-12-18 13:03:18]   [emp_id: 4957] SKIPPED: Already updated today (2025-12-18 03:00:04)
[2025-12-18 13:03:18]   [emp_id: 4962] SKIPPED: Already updated today (2025-12-18 03:00:04)
[2025-12-18 13:03:18]   [emp_id: 4969] SKIPPED: Already updated today (2025-12-18 03:00:04)
[2025-12-18 13:03:18]   [emp_id: 4976] SKIPPED: Already updated today (2025-12-18 03:00:04)
[2025-12-18 13:03:18]   [emp_id: 4984] SKIPPED: Already updated today (2025-12-18 03:00:04)
[2025-12-18 13:03:18]   [emp_id: 4995] SKIPPED: Already updated today (2025-12-18 03:00:04)
[2025-12-18 13:03:18]   [emp_id: 5004] SKIPPED: Already updated today (2025-12-18 03:00:04)
[2025-12-18 13:03:18]   [emp_id: 5006] SKIPPED: Already updated today (2025-12-18 03:00:04)
[2025-12-18 13:03:18]   [emp_id: 5011] SKIPPED: Already updated today (2025-12-18 03:00:04)
[2025-12-18 13:03:18]   [emp_id: 5013] SKIPPED: Already updated today (2025-12-18 03:00:04)
[2025-12-18 13:03:18]   [emp_id: 5018] SKIPPED: Already updated today (2025-12-18 03:00:04)
[2025-12-18 13:03:18]   [emp_id: 5021] SKIPPED: Already updated today (2025-12-18 03:00:04)
[2025-12-18 13:03:18]   [emp_id: 5021] SKIPPED: Already updated today (2025-12-18 03:00:04)
[2025-12-18 13:03:18]   [emp_id: 5024] SKIPPED: Already updated today (2025-12-18 03:00:04)
[2025-12-18 13:03:18]   [emp_id: 5030] SKIPPED: Already updated today (2025-12-18 03:00:04)
[2025-12-18 13:03:18]   [emp_id: 5033] SKIPPED: Already updated today (2025-12-18 03:00:04)
[2025-12-18 13:03:18]   [emp_id: 5043] SKIPPED: Already updated today (2025-12-18 03:00:04)
[2025-12-18 13:03:18]   [emp_id: 5045] SKIPPED: Already updated today (2025-12-18 03:00:04)
[2025-12-18 13:03:18]   [emp_id: 5046] SKIPPED: Already updated today (2025-12-18 03:00:04)
[2025-12-18 13:03:18]   [emp_id: 5049] SKIPPED: Already updated today (2025-12-18 03:00:04)
[2025-12-18 13:03:18]   [emp_id: 5052] SKIPPED: Already updated today (2025-12-18 03:00:04)
[2025-12-18 13:03:18]   [emp_id: 5055] SKIPPED: Already updated today (2025-12-18 03:00:04)
[2025-12-18 13:03:18]   [emp_id: 5058] SKIPPED: Already updated today (2025-12-18 03:00:04)
[2025-12-18 13:03:18]   [emp_id: 5062] SKIPPED: Already updated today (2025-12-18 03:00:04)
[2025-12-18 13:03:18]   [emp_id: 5064] SKIPPED: Already updated today (2025-12-18 03:00:04)
[2025-12-18 13:03:18]   [emp_id: 5065] SKIPPED: Already updated today (2025-12-18 03:00:04)
[2025-12-18 13:03:18]   [emp_id: 5071] SKIPPED: Already updated today (2025-12-18 03:00:04)
[2025-12-18 13:03:18]   [emp_id: 5073] SKIPPED: Already updated today (2025-12-18 03:00:04)
[2025-12-18 13:03:18]   [emp_id: 5079] SKIPPED: Already updated today (2025-12-18 03:00:04)
[2025-12-18 13:03:18]   [emp_id: 5080] SKIPPED: Already updated today (2025-12-18 03:00:04)
[2025-12-18 13:03:18]   [emp_id: 5081] SKIPPED: Already updated today (2025-12-18 03:00:04)
[2025-12-18 13:03:18]   [emp_id: 5087] SKIPPED: Already updated today (2025-12-18 03:00:04)
[2025-12-18 13:03:18]   [emp_id: 5091] SKIPPED: Already updated today (2025-12-18 03:00:04)
[2025-12-18 13:03:18]   [emp_id: 5093] SKIPPED: Already updated today (2025-12-18 03:00:04)
[2025-12-18 13:03:18]   [emp_id: 5095] SKIPPED: Already updated today (2025-12-18 03:00:04)
[2025-12-18 13:03:18]   [emp_id: 5101] SKIPPED: Already updated today (2025-12-18 03:00:04)
[2025-12-18 13:03:18]   [emp_id: 5107] SKIPPED: Already updated today (2025-12-18 03:00:04)
[2025-12-18 13:03:18]   [emp_id: 5109] SKIPPED: Already updated today (2025-12-18 03:00:04)
[2025-12-18 13:03:18]   [emp_id: 5119] SKIPPED: Already updated today (2025-12-18 03:00:04)
[2025-12-18 13:03:18]   [emp_id: 5122] SKIPPED: Already updated today (2025-12-18 03:00:04)
[2025-12-18 13:03:18]   [emp_id: 5126] SKIPPED: Already updated today (2025-12-18 03:00:04)
[2025-12-18 13:03:18]   [emp_id: 5127] SKIPPED: Already updated today (2025-12-18 03:00:04)
[2025-12-18 13:03:18]   [emp_id: 5128] SKIPPED: Already updated today (2025-12-18 03:00:04)
[2025-12-18 13:03:18]   [emp_id: 5138] SKIPPED: Already updated today (2025-12-18 03:00:04)
[2025-12-18 13:03:18]   [emp_id: 5138] SKIPPED: Already updated today (2025-12-18 03:00:04)
[2025-12-18 13:03:18]   [emp_id: 5141] SKIPPED: Already updated today (2025-12-18 03:00:04)
[2025-12-18 13:03:18]   [emp_id: 5142] SKIPPED: Already updated today (2025-12-18 03:00:04)
[2025-12-18 13:03:18]   [emp_id: 5146] SKIPPED: Already updated today (2025-12-18 03:00:04)
[2025-12-18 13:03:18]   [emp_id: 5147] SKIPPED: Already updated today (2025-12-18 03:00:04)
[2025-12-18 13:03:18]   [emp_id: 5148] SKIPPED: Already updated today (2025-12-18 03:00:04)
[2025-12-18 13:03:18]   [emp_id: 5149] SKIPPED: Already updated today (2025-12-18 03:00:04)
[2025-12-18 13:03:18]   [emp_id: 5150] SKIPPED: Already updated today (2025-12-18 03:00:04)
[2025-12-18 13:03:18]   [emp_id: 5151] SKIPPED: Already updated today (2025-12-18 03:00:04)
[2025-12-18 13:03:18]   [emp_id: 5152] SKIPPED: Already updated today (2025-12-18 03:00:04)
[2025-12-18 13:03:18]   [emp_id: 5157] SKIPPED: Already updated today (2025-12-18 03:00:04)
[2025-12-18 13:03:18]   [emp_id: 5160] SKIPPED: Already updated today (2025-12-18 03:00:04)
[2025-12-18 13:03:18]   [emp_id: 5163] SKIPPED: Already updated today (2025-12-18 03:00:04)
[2025-12-18 13:03:18]   [emp_id: 5165] SKIPPED: Already updated today (2025-12-18 03:00:04)
[2025-12-18 13:03:18]   [emp_id: 5167] SKIPPED: Already updated today (2025-12-18 03:00:04)
[2025-12-18 13:03:18]   [emp_id: 5168] SKIPPED: Already updated today (2025-12-18 03:00:04)
[2025-12-18 13:03:18]   [emp_id: 5173] SKIPPED: Already updated today (2025-12-18 03:00:04)
[2025-12-18 13:03:18]   [emp_id: 5174] SKIPPED: Already updated today (2025-12-18 03:00:04)
[2025-12-18 13:03:18]   [emp_id: 5181] SKIPPED: Already updated today (2025-12-18 03:00:04)
[2025-12-18 13:03:18]   [emp_id: 5186] SKIPPED: Already updated today (2025-12-18 03:00:04)
[2025-12-18 13:03:18]   [emp_id: 5187] SKIPPED: Already updated today (2025-12-18 03:00:04)
[2025-12-18 13:03:18]   [emp_id: 5204] SKIPPED: Already updated today (2025-12-18 03:00:04)
[2025-12-18 13:03:18]   [emp_id: 5205] SKIPPED: Already updated today (2025-12-18 03:00:04)
[2025-12-18 13:03:18]   [emp_id: 5209] SKIPPED: Already updated today (2025-12-18 03:00:04)
[2025-12-18 13:03:18]   [emp_id: 5213] SKIPPED: Already updated today (2025-12-18 03:00:04)
[2025-12-18 13:03:18]   [emp_id: 5214] SKIPPED: Already updated today (2025-12-18 03:00:04)
[2025-12-18 13:03:18]   [emp_id: 5215] SKIPPED: Already updated today (2025-12-18 03:00:04)
[2025-12-18 13:03:18]   [emp_id: 5217] SKIPPED: Already updated today (2025-12-18 03:00:04)
[2025-12-18 13:03:18]   [emp_id: 5219] SKIPPED: Already updated today (2025-12-18 03:00:04)
[2025-12-18 13:03:18]   [emp_id: 5221] SKIPPED: Already updated today (2025-12-18 03:00:04)
[2025-12-18 13:03:18]   [emp_id: 5224] SKIPPED: Already updated today (2025-12-18 03:00:04)
[2025-12-18 13:03:18]   [emp_id: 5225] SKIPPED: Already updated today (2025-12-18 03:00:04)
[2025-12-18 13:03:18]   [emp_id: 5228] SKIPPED: Already updated today (2025-12-18 03:00:04)
[2025-12-18 13:03:18]   [emp_id: 5229] SKIPPED: Already updated today (2025-12-18 03:00:04)
[2025-12-18 13:03:18]   [emp_id: 5230] SKIPPED: Already updated today (2025-12-18 03:00:04)
[2025-12-18 13:03:18]   [emp_id: 5231] SKIPPED: Already updated today (2025-12-18 03:00:04)
[2025-12-18 13:03:18]   [emp_id: 5232] SKIPPED: Already updated today (2025-12-18 03:00:04)
[2025-12-18 13:03:18]   [emp_id: 5233] SKIPPED: Already updated today (2025-12-18 03:00:04)
[2025-12-18 13:03:18]   [emp_id: 5234] SKIPPED: Already updated today (2025-12-18 03:00:04)
[2025-12-18 13:03:18]   [emp_id: 5235] SKIPPED: Already updated today (2025-12-18 03:00:04)
[2025-12-18 13:03:18]   [emp_id: 5237] SKIPPED: Already updated today (2025-12-18 03:00:04)
[2025-12-18 13:03:18]   [emp_id: 5238] SKIPPED: Already updated today (2025-12-18 03:00:04)
[2025-12-18 13:03:18]   [emp_id: 5239] SKIPPED: Already updated today (2025-12-18 03:00:04)
[2025-12-18 13:03:18]   [emp_id: 5241] SKIPPED: Already updated today (2025-12-18 03:00:04)
[2025-12-18 13:03:18]   [emp_id: 5242] SKIPPED: Already updated today (2025-12-18 03:00:04)
[2025-12-18 13:03:18]   [emp_id: 5243] SKIPPED: Already updated today (2025-12-18 03:00:04)
[2025-12-18 13:03:18]   [emp_id: 5244] SKIPPED: Already updated today (2025-12-18 03:00:04)
[2025-12-18 13:03:18]   [emp_id: 5246] SKIPPED: Already updated today (2025-12-18 03:00:04)
[2025-12-18 13:03:18]   [emp_id: 5253] SKIPPED: Already updated today (2025-12-18 03:00:04)
[2025-12-18 13:03:18]   [emp_id: 5254] SKIPPED: Already updated today (2025-12-18 03:00:04)
[2025-12-18 13:03:18]   [emp_id: 5257] SKIPPED: Already updated today (2025-12-18 03:00:04)
[2025-12-18 13:03:18]   [emp_id: 5259] SKIPPED: Already updated today (2025-12-18 03:00:04)
[2025-12-18 13:03:18]   [emp_id: 5261] SKIPPED: Already updated today (2025-12-18 03:00:04)
[2025-12-18 13:03:18]   [emp_id: 5264] SKIPPED: Already updated today (2025-12-18 03:00:04)
[2025-12-18 13:03:18]   [emp_id: 5266] SKIPPED: Already updated today (2025-12-18 03:00:04)
[2025-12-18 13:03:18]   [emp_id: 5268] SKIPPED: Already updated today (2025-12-18 03:00:04)
[2025-12-18 13:03:18]   [emp_id: 5271] SKIPPED: Already updated today (2025-12-18 03:00:04)
[2025-12-18 13:03:18]   [emp_id: 5272] SKIPPED: Already updated today (2025-12-18 03:00:04)
[2025-12-18 13:03:18]   [emp_id: 5273] SKIPPED: Already updated today (2025-12-18 03:00:04)
[2025-12-18 13:03:18]   [emp_id: 5275] SKIPPED: Already updated today (2025-12-18 03:00:04)
[2025-12-18 13:03:18]   [emp_id: 5276] SKIPPED: Already updated today (2025-12-18 03:00:04)
[2025-12-18 13:03:18]   [emp_id: 5278] SKIPPED: Already updated today (2025-12-18 03:00:04)
[2025-12-18 13:03:18]   [emp_id: 5280] SKIPPED: Already updated today (2025-12-18 03:00:04)
[2025-12-18 13:03:18]   [emp_id: 5282] SKIPPED: Already updated today (2025-12-18 03:00:04)
[2025-12-18 13:03:18]   [emp_id: 5285] SKIPPED: Already updated today (2025-12-18 03:00:05)
[2025-12-18 13:03:18]   [emp_id: 5286] SKIPPED: Already updated today (2025-12-18 03:00:05)
[2025-12-18 13:03:18]   [emp_id: 5287] SKIPPED: Already updated today (2025-12-18 03:00:05)
[2025-12-18 13:03:18]   [emp_id: 5288] SKIPPED: Already updated today (2025-12-18 03:00:05)
[2025-12-18 13:03:18]   [emp_id: 5289] SKIPPED: Already updated today (2025-12-18 03:00:05)
[2025-12-18 13:03:18]   [emp_id: 5290] SKIPPED: Already updated today (2025-12-18 03:00:05)
[2025-12-18 13:03:18]   [emp_id: 5291] SKIPPED: Already updated today (2025-12-18 03:00:05)
[2025-12-18 13:03:18]   [emp_id: 5292] SKIPPED: Already updated today (2025-12-18 03:00:05)
[2025-12-18 13:03:18]   [emp_id: 5293] SKIPPED: Already updated today (2025-12-18 03:00:05)
[2025-12-18 13:03:18]   [emp_id: 5294] SKIPPED: Already updated today (2025-12-18 03:00:05)
[2025-12-18 13:03:18]   [emp_id: 5295] SKIPPED: Already updated today (2025-12-18 03:00:05)
[2025-12-18 13:03:18]   [emp_id: 5296] SKIPPED: Already updated today (2025-12-18 03:00:05)
[2025-12-18 13:03:18]   [emp_id: 5297] SKIPPED: Already updated today (2025-12-18 03:00:05)
[2025-12-18 13:03:18]   [emp_id: 5298] SKIPPED: Already updated today (2025-12-18 03:00:05)
[2025-12-18 13:03:18]   [emp_id: 5299] SKIPPED: Already updated today (2025-12-18 03:00:05)
[2025-12-18 13:03:18]   [emp_id: 5300] SKIPPED: Already updated today (2025-12-18 03:00:05)
[2025-12-18 13:03:18]   [emp_id: 5301] SKIPPED: Already updated today (2025-12-18 03:00:05)
[2025-12-18 13:03:18]   [emp_id: 5303] SKIPPED: Already updated today (2025-12-18 03:00:05)
[2025-12-18 13:03:18]   [emp_id: 5304] SKIPPED: Already updated today (2025-12-18 03:00:05)
[2025-12-18 13:03:18]   [emp_id: 5305] SKIPPED: Already updated today (2025-12-18 03:00:05)
[2025-12-18 13:03:18]   [emp_id: 5306] SKIPPED: Already updated today (2025-12-18 03:00:05)
[2025-12-18 13:03:18]   [emp_id: 5307] SKIPPED: Already updated today (2025-12-18 03:00:05)
[2025-12-18 13:03:18]   [emp_id: 5312] SKIPPED: Already updated today (2025-12-18 03:00:05)
[2025-12-18 13:03:18]   [emp_id: 5318] SKIPPED: Already updated today (2025-12-18 03:00:05)
[2025-12-18 13:03:18]   [emp_id: 5325] SKIPPED: Already updated today (2025-12-18 03:00:05)
[2025-12-18 13:03:18]   [emp_id: 5327] SKIPPED: Already updated today (2025-12-18 03:00:05)
[2025-12-18 13:03:18]   [emp_id: 5331] SKIPPED: Already updated today (2025-12-18 03:00:05)
[2025-12-18 13:03:18]   [emp_id: 5337] SKIPPED: Already updated today (2025-12-18 03:00:05)
[2025-12-18 13:03:18]   [emp_id: 5339] SKIPPED: Already updated today (2025-12-18 03:00:05)
[2025-12-18 13:03:18]   [emp_id: 5343] SKIPPED: Already updated today (2025-12-18 03:00:05)
[2025-12-18 13:03:18]   [emp_id: 5343] SKIPPED: Already updated today (2025-12-18 03:00:05)
[2025-12-18 13:03:18]   [emp_id: 5345] SKIPPED: Already updated today (2025-12-18 03:00:05)
[2025-12-18 13:03:18]   [emp_id: 5346] SKIPPED: Already updated today (2025-12-18 13:43:49)
[2025-12-18 13:03:18]   [emp_id: 5351] SKIPPED: Already updated today (2025-12-18 13:43:10)
[2025-12-18 13:03:18]   [emp_id: 5352] SKIPPED: Already updated today (2025-12-18 03:00:05)
[2025-12-18 13:03:18]   [emp_id: 5370] SKIPPED: Already updated today (2025-12-18 03:00:05)
[2025-12-18 13:03:18]   [emp_id: 5371] SKIPPED: Already updated today (2025-12-18 03:00:05)
[2025-12-18 13:03:18]   [emp_id: 5376] SKIPPED: Already updated today (2025-12-18 03:00:05)
[2025-12-18 13:03:18]   [emp_id: 5378] SKIPPED: Already updated today (2025-12-18 03:00:05)
[2025-12-18 13:03:18]   [emp_id: 5380] SKIPPED: Already updated today (2025-12-18 03:00:05)
[2025-12-18 13:03:18]   [emp_id: 5381] SKIPPED: Already updated today (2025-12-18 03:00:05)
[2025-12-18 13:03:18]   [emp_id: 5383] SKIPPED: Already updated today (2025-12-18 03:00:05)
[2025-12-18 13:03:18]   [emp_id: 5388] SKIPPED: Already updated today (2025-12-18 03:00:05)
[2025-12-18 13:03:18]   [emp_id: 5396] SKIPPED: Already updated today (2025-12-18 03:00:05)
[2025-12-18 13:03:18]   [emp_id: 5397] SKIPPED: Already updated today (2025-12-18 03:00:05)
[2025-12-18 13:03:18]   [emp_id: 5401] SKIPPED: Already updated today (2025-12-18 03:00:05)
[2025-12-18 13:03:18]   [emp_id: 5402] SKIPPED: Already updated today (2025-12-18 03:00:05)
[2025-12-18 13:03:18]   [emp_id: 5406] SKIPPED: Already updated today (2025-12-18 03:00:05)
[2025-12-18 13:03:18]   [emp_id: 5407] SKIPPED: Already updated today (2025-12-18 03:00:05)
[2025-12-18 13:03:18]   [emp_id: 5408] SKIPPED: Already updated today (2025-12-18 03:00:05)
[2025-12-18 13:03:18]   [emp_id: 5409] SKIPPED: Already updated today (2025-12-18 03:00:05)
[2025-12-18 13:03:18]   [emp_id: 5413] SKIPPED: Already updated today (2025-12-18 03:00:05)
[2025-12-18 13:03:18]   [emp_id: 5414] SKIPPED: Already updated today (2025-12-18 03:00:05)
[2025-12-18 13:03:18]   [emp_id: 5415] SKIPPED: Already updated today (2025-12-18 03:00:05)
[2025-12-18 13:03:18]   [emp_id: 5418] SKIPPED: Already updated today (2025-12-18 03:00:05)
[2025-12-18 13:03:18]   [emp_id: 5422] SKIPPED: Already updated today (2025-12-18 03:00:05)
[2025-12-18 13:03:18]   [emp_id: 5423] SKIPPED: Already updated today (2025-12-18 03:00:05)
[2025-12-18 13:03:18]   [emp_id: 5423] SKIPPED: Already updated today (2025-12-18 03:00:05)
[2025-12-18 13:03:18]   [emp_id: 5423] SKIPPED: Already updated today (2025-12-18 03:00:05)
[2025-12-18 13:03:18]   [emp_id: 5424] SKIPPED: Already updated today (2025-12-18 03:00:05)
[2025-12-18 13:03:18]   [emp_id: 5425] SKIPPED: Already updated today (2025-12-18 03:00:05)
[2025-12-18 13:03:18]   [emp_id: 5426] SKIPPED: Already updated today (2025-12-18 03:00:05)
[2025-12-18 13:03:18]   [emp_id: 5426] SKIPPED: Already updated today (2025-12-18 03:00:05)
[2025-12-18 13:03:18]   [emp_id: 5427] SKIPPED: Already updated today (2025-12-18 03:00:05)
[2025-12-18 13:03:18]   [emp_id: 5428] SKIPPED: Already updated today (2025-12-18 03:00:05)
[2025-12-18 13:03:18]   [emp_id: 5430] SKIPPED: Already updated today (2025-12-18 03:00:05)
[2025-12-18 13:03:18]   [emp_id: 5431] SKIPPED: Already updated today (2025-12-18 03:00:05)
[2025-12-18 13:03:18]   [emp_id: 5434] SKIPPED: Already updated today (2025-12-18 03:00:05)
[2025-12-18 13:03:18]   [emp_id: 5435] SKIPPED: Already updated today (2025-12-18 03:00:05)
[2025-12-18 13:03:18]   [emp_id: 5436] SKIPPED: Already updated today (2025-12-18 03:00:05)
[2025-12-18 13:03:18]   [emp_id: 5438] SKIPPED: Already updated today (2025-12-18 03:00:05)
[2025-12-18 13:03:18]   [emp_id: 5439] SKIPPED: Already updated today (2025-12-18 03:00:05)
[2025-12-18 13:03:18]   [emp_id: 5442] SKIPPED: Already updated today (2025-12-18 03:00:05)
[2025-12-18 13:03:18]   [emp_id: 5443] SKIPPED: Already updated today (2025-12-18 03:00:05)
[2025-12-18 13:03:18]   [emp_id: 5445] SKIPPED: Already updated today (2025-12-18 03:00:05)
[2025-12-18 13:03:18]   [emp_id: 5446] SKIPPED: Already updated today (2025-12-18 03:00:05)
[2025-12-18 13:03:18]   [emp_id: 5447] SKIPPED: Already updated today (2025-12-18 03:00:05)
[2025-12-18 13:03:18]   [emp_id: 5448] SKIPPED: Already updated today (2025-12-18 03:00:05)
[2025-12-18 13:03:18]   [emp_id: 5449] SKIPPED: Already updated today (2025-12-18 03:00:05)
[2025-12-18 13:03:18]   [emp_id: 5450] SKIPPED: Already updated today (2025-12-18 03:00:05)
[2025-12-18 13:03:18]   [emp_id: 5451] SKIPPED: Already updated today (2025-12-18 03:00:05)
[2025-12-18 13:03:18]   [emp_id: 5454] SKIPPED: Already updated today (2025-12-18 03:00:05)
[2025-12-18 13:03:18]   [emp_id: 5455] SKIPPED: Already updated today (2025-12-18 03:00:05)
[2025-12-18 13:03:18]   [emp_id: 5456] SKIPPED: Already updated today (2025-12-18 03:00:05)
[2025-12-18 13:03:18] 
[2025-12-18 13:03:18] ========== SUMMARY ==========
[2025-12-18 13:03:18] Total employees processed: 437
[2025-12-18 13:03:18] Records updated: 0
[2025-12-18 13:03:18] Balances changed: 0
[2025-12-18 13:03:18] Errors: 0
[2025-12-18 13:03:18] ========== CRON: Vacation Balance Update Completed ==========
[2025-12-18 13:03:18] 
[2025-12-18 13:03:20] ========== CRON: Vacation Balance Update Started ==========
[2025-12-18 13:03:20] Database connection established
[2025-12-18 13:03:20] Found 437 active employees with balance records to update
[2025-12-18 13:03:20] (Only employees with status=1 will be processed)
[2025-12-18 13:03:20]   [emp_id: 1061] SKIPPED: Already updated today (2025-12-18 03:00:01)
[2025-12-18 13:03:20]   [emp_id: 1496] SKIPPED: Already updated today (2025-12-18 03:00:01)
[2025-12-18 13:03:20]   [emp_id: 1500] SKIPPED: Already updated today (2025-12-18 03:00:01)
[2025-12-18 13:03:20]   [emp_id: 1574] SKIPPED: Already updated today (2025-12-18 03:00:02)
[2025-12-18 13:03:20]   [emp_id: 1673] SKIPPED: Already updated today (2025-12-18 03:00:02)
[2025-12-18 13:03:20]   [emp_id: 1685] SKIPPED: Already updated today (2025-12-18 03:00:02)
[2025-12-18 13:03:20]   [emp_id: 1764] SKIPPED: Already updated today (2025-12-18 03:00:02)
[2025-12-18 13:03:20]   [emp_id: 1805] SKIPPED: Already updated today (2025-12-18 03:00:02)
[2025-12-18 13:03:20]   [emp_id: 1822] SKIPPED: Already updated today (2025-12-18 03:00:02)
[2025-12-18 13:03:20]   [emp_id: 1837] SKIPPED: Already updated today (2025-12-18 03:00:02)
[2025-12-18 13:03:20]   [emp_id: 1857] SKIPPED: Already updated today (2025-12-18 03:00:02)
[2025-12-18 13:03:20]   [emp_id: 1861] SKIPPED: Already updated today (2025-12-18 03:00:02)
[2025-12-18 13:03:20]   [emp_id: 1872] SKIPPED: Already updated today (2025-12-18 03:00:02)
[2025-12-18 13:03:20]   [emp_id: 1897] SKIPPED: Already updated today (2025-12-18 03:00:02)
[2025-12-18 13:03:20]   [emp_id: 1916] SKIPPED: Already updated today (2025-12-18 03:00:02)
[2025-12-18 13:03:20]   [emp_id: 1928] SKIPPED: Already updated today (2025-12-18 03:00:02)
[2025-12-18 13:03:20]   [emp_id: 1931] SKIPPED: Already updated today (2025-12-18 03:00:02)
[2025-12-18 13:03:20]   [emp_id: 1944] SKIPPED: Already updated today (2025-12-18 03:00:02)
[2025-12-18 13:03:20]   [emp_id: 1996] SKIPPED: Already updated today (2025-12-18 03:00:02)
[2025-12-18 13:03:20]   [emp_id: 1997] SKIPPED: Already updated today (2025-12-18 03:00:02)
[2025-12-18 13:03:20]   [emp_id: 1998] SKIPPED: Already updated today (2025-12-18 03:00:02)
[2025-12-18 13:03:20]   [emp_id: 1999] SKIPPED: Already updated today (2025-12-18 03:00:02)
[2025-12-18 13:03:20]   [emp_id: 2009] SKIPPED: Already updated today (2025-12-18 03:00:02)
[2025-12-18 13:03:20]   [emp_id: 2048] SKIPPED: Already updated today (2025-12-18 03:00:02)
[2025-12-18 13:03:20]   [emp_id: 2057] SKIPPED: Already updated today (2025-12-18 03:00:02)
[2025-12-18 13:03:20]   [emp_id: 2079] SKIPPED: Already updated today (2025-12-18 03:00:02)
[2025-12-18 13:03:20]   [emp_id: 2181] SKIPPED: Already updated today (2025-12-18 03:00:02)
[2025-12-18 13:03:20]   [emp_id: 2190] SKIPPED: Already updated today (2025-12-18 03:00:02)
[2025-12-18 13:03:20]   [emp_id: 2212] SKIPPED: Already updated today (2025-12-18 03:00:02)
[2025-12-18 13:03:20]   [emp_id: 2226] SKIPPED: Already updated today (2025-12-18 03:00:02)
[2025-12-18 13:03:20]   [emp_id: 2238] SKIPPED: Already updated today (2025-12-18 03:00:02)
[2025-12-18 13:03:20]   [emp_id: 2285] SKIPPED: Already updated today (2025-12-18 03:00:02)
[2025-12-18 13:03:20]   [emp_id: 2287] SKIPPED: Already updated today (2025-12-18 03:00:02)
[2025-12-18 13:03:20]   [emp_id: 2288] SKIPPED: Already updated today (2025-12-18 03:00:02)
[2025-12-18 13:03:20]   [emp_id: 2290] SKIPPED: Already updated today (2025-12-18 03:00:02)
[2025-12-18 13:03:20]   [emp_id: 2316] SKIPPED: Already updated today (2025-12-18 03:00:02)
[2025-12-18 13:03:20]   [emp_id: 2337] SKIPPED: Already updated today (2025-12-18 03:00:02)
[2025-12-18 13:03:20]   [emp_id: 2352] SKIPPED: Already updated today (2025-12-18 03:00:02)
[2025-12-18 13:03:20]   [emp_id: 2358] SKIPPED: Already updated today (2025-12-18 03:00:02)
[2025-12-18 13:03:20]   [emp_id: 2361] SKIPPED: Already updated today (2025-12-18 03:00:02)
[2025-12-18 13:03:20]   [emp_id: 2363] SKIPPED: Already updated today (2025-12-18 03:00:02)
[2025-12-18 13:03:20]   [emp_id: 2364] SKIPPED: Already updated today (2025-12-18 03:00:02)
[2025-12-18 13:03:20]   [emp_id: 2367] SKIPPED: Already updated today (2025-12-18 03:00:02)
[2025-12-18 13:03:20]   [emp_id: 2368] SKIPPED: Already updated today (2025-12-18 03:00:02)
[2025-12-18 13:03:20]   [emp_id: 2372] SKIPPED: Already updated today (2025-12-18 03:00:02)
[2025-12-18 13:03:20]   [emp_id: 2376] SKIPPED: Already updated today (2025-12-18 03:00:02)
[2025-12-18 13:03:20]   [emp_id: 2423] SKIPPED: Already updated today (2025-12-18 03:00:02)
[2025-12-18 13:03:20]   [emp_id: 2519] SKIPPED: Already updated today (2025-12-18 03:00:02)
[2025-12-18 13:03:20]   [emp_id: 2522] SKIPPED: Already updated today (2025-12-18 03:00:02)
[2025-12-18 13:03:20]   [emp_id: 2530] SKIPPED: Already updated today (2025-12-18 03:00:02)
[2025-12-18 13:03:20]   [emp_id: 2539] SKIPPED: Already updated today (2025-12-18 03:00:02)
[2025-12-18 13:03:20]   [emp_id: 2541] SKIPPED: Already updated today (2025-12-18 03:00:02)
[2025-12-18 13:03:20]   [emp_id: 2550] SKIPPED: Already updated today (2025-12-18 03:00:02)
[2025-12-18 13:03:20]   [emp_id: 2553] SKIPPED: Already updated today (2025-12-18 03:00:02)
[2025-12-18 13:03:20]   [emp_id: 2554] SKIPPED: Already updated today (2025-12-18 03:00:02)
[2025-12-18 13:03:20]   [emp_id: 2565] SKIPPED: Already updated today (2025-12-18 03:00:02)
[2025-12-18 13:03:20]   [emp_id: 2572] SKIPPED: Already updated today (2025-12-18 03:00:02)
[2025-12-18 13:03:20]   [emp_id: 2637] SKIPPED: Already updated today (2025-12-18 03:00:02)
[2025-12-18 13:03:20]   [emp_id: 2642] SKIPPED: Already updated today (2025-12-18 03:00:02)
[2025-12-18 13:03:20]   [emp_id: 2645] SKIPPED: Already updated today (2025-12-18 03:00:02)
[2025-12-18 13:03:20]   [emp_id: 2648] SKIPPED: Already updated today (2025-12-18 03:00:02)
[2025-12-18 13:03:20]   [emp_id: 2654] SKIPPED: Already updated today (2025-12-18 03:00:02)
[2025-12-18 13:03:20]   [emp_id: 2688] SKIPPED: Already updated today (2025-12-18 03:00:02)
[2025-12-18 13:03:20]   [emp_id: 2690] SKIPPED: Already updated today (2025-12-18 03:00:02)
[2025-12-18 13:03:20]   [emp_id: 2709] SKIPPED: Already updated today (2025-12-18 03:00:02)
[2025-12-18 13:03:20]   [emp_id: 2745] SKIPPED: Already updated today (2025-12-18 03:00:02)
[2025-12-18 13:03:20]   [emp_id: 2843] SKIPPED: Already updated today (2025-12-18 03:00:02)
[2025-12-18 13:03:20]   [emp_id: 2854] SKIPPED: Already updated today (2025-12-18 03:00:02)
[2025-12-18 13:03:20]   [emp_id: 2869] SKIPPED: Already updated today (2025-12-18 03:00:02)
[2025-12-18 13:03:20]   [emp_id: 2876] SKIPPED: Already updated today (2025-12-18 03:00:02)
[2025-12-18 13:03:20]   [emp_id: 2924] SKIPPED: Already updated today (2025-12-18 03:00:02)
[2025-12-18 13:03:20]   [emp_id: 2953] SKIPPED: Already updated today (2025-12-18 03:00:02)
[2025-12-18 13:03:20]   [emp_id: 2961] SKIPPED: Already updated today (2025-12-18 03:00:02)
[2025-12-18 13:03:20]   [emp_id: 2975] SKIPPED: Already updated today (2025-12-18 03:00:02)
[2025-12-18 13:03:20]   [emp_id: 3013] SKIPPED: Already updated today (2025-12-18 03:00:02)
[2025-12-18 13:03:20]   [emp_id: 3014] SKIPPED: Already updated today (2025-12-18 03:00:02)
[2025-12-18 13:03:20]   [emp_id: 3015] SKIPPED: Already updated today (2025-12-18 03:00:02)
[2025-12-18 13:03:20]   [emp_id: 3018] SKIPPED: Already updated today (2025-12-18 03:00:02)
[2025-12-18 13:03:20]   [emp_id: 3025] SKIPPED: Already updated today (2025-12-18 03:00:02)
[2025-12-18 13:03:20]   [emp_id: 3037] SKIPPED: Already updated today (2025-12-18 03:00:02)
[2025-12-18 13:03:20]   [emp_id: 3047] SKIPPED: Already updated today (2025-12-18 03:00:02)
[2025-12-18 13:03:20]   [emp_id: 3061] SKIPPED: Already updated today (2025-12-18 03:00:02)
[2025-12-18 13:03:20]   [emp_id: 3062] SKIPPED: Already updated today (2025-12-18 03:00:02)
[2025-12-18 13:03:20]   [emp_id: 3074] SKIPPED: Already updated today (2025-12-18 03:00:02)
[2025-12-18 13:03:20]   [emp_id: 3089] SKIPPED: Already updated today (2025-12-18 03:00:02)
[2025-12-18 13:03:20]   [emp_id: 3090] SKIPPED: Already updated today (2025-12-18 03:00:02)
[2025-12-18 13:03:20]   [emp_id: 3091] SKIPPED: Already updated today (2025-12-18 03:00:02)
[2025-12-18 13:03:20]   [emp_id: 3092] SKIPPED: Already updated today (2025-12-18 03:00:02)
[2025-12-18 13:03:20]   [emp_id: 3105] SKIPPED: Already updated today (2025-12-18 03:00:02)
[2025-12-18 13:03:20]   [emp_id: 3134] SKIPPED: Already updated today (2025-12-18 03:00:02)
[2025-12-18 13:03:20]   [emp_id: 3140] SKIPPED: Already updated today (2025-12-18 03:00:02)
[2025-12-18 13:03:20]   [emp_id: 3144] SKIPPED: Already updated today (2025-12-18 03:00:02)
[2025-12-18 13:03:20]   [emp_id: 3156] SKIPPED: Already updated today (2025-12-18 03:00:02)
[2025-12-18 13:03:20]   [emp_id: 3162] SKIPPED: Already updated today (2025-12-18 03:00:02)
[2025-12-18 13:03:20]   [emp_id: 3163] SKIPPED: Already updated today (2025-12-18 03:00:03)
[2025-12-18 13:03:20]   [emp_id: 3198] SKIPPED: Already updated today (2025-12-18 03:00:03)
[2025-12-18 13:03:20]   [emp_id: 3205] SKIPPED: Already updated today (2025-12-18 03:00:03)
[2025-12-18 13:03:20]   [emp_id: 3209] SKIPPED: Already updated today (2025-12-18 03:00:03)
[2025-12-18 13:03:20]   [emp_id: 3223] SKIPPED: Already updated today (2025-12-18 03:00:03)
[2025-12-18 13:03:20]   [emp_id: 3224] SKIPPED: Already updated today (2025-12-18 03:00:03)
[2025-12-18 13:03:20]   [emp_id: 3230] SKIPPED: Already updated today (2025-12-18 03:00:03)
[2025-12-18 13:03:20]   [emp_id: 3231] SKIPPED: Already updated today (2025-12-18 03:00:03)
[2025-12-18 13:03:20]   [emp_id: 3233] SKIPPED: Already updated today (2025-12-18 03:00:03)
[2025-12-18 13:03:20]   [emp_id: 3249] SKIPPED: Already updated today (2025-12-18 03:00:03)
[2025-12-18 13:03:20]   [emp_id: 3250] SKIPPED: Already updated today (2025-12-18 03:00:03)
[2025-12-18 13:03:20]   [emp_id: 3252] SKIPPED: Already updated today (2025-12-18 03:00:03)
[2025-12-18 13:03:20]   [emp_id: 3254] SKIPPED: Already updated today (2025-12-18 03:00:03)
[2025-12-18 13:03:20]   [emp_id: 3255] SKIPPED: Already updated today (2025-12-18 03:00:03)
[2025-12-18 13:03:20]   [emp_id: 3256] SKIPPED: Already updated today (2025-12-18 03:00:03)
[2025-12-18 13:03:20]   [emp_id: 3263] SKIPPED: Already updated today (2025-12-18 03:00:03)
[2025-12-18 13:03:20]   [emp_id: 3265] SKIPPED: Already updated today (2025-12-18 03:00:03)
[2025-12-18 13:03:20]   [emp_id: 3280] SKIPPED: Already updated today (2025-12-18 03:00:03)
[2025-12-18 13:03:20]   [emp_id: 3286] SKIPPED: Already updated today (2025-12-18 03:00:03)
[2025-12-18 13:03:20]   [emp_id: 3294] SKIPPED: Already updated today (2025-12-18 03:00:03)
[2025-12-18 13:03:20]   [emp_id: 3321] SKIPPED: Already updated today (2025-12-18 03:00:03)
[2025-12-18 13:03:20]   [emp_id: 3325] SKIPPED: Already updated today (2025-12-18 03:00:03)
[2025-12-18 13:03:20]   [emp_id: 3329] SKIPPED: Already updated today (2025-12-18 03:00:03)
[2025-12-18 13:03:20]   [emp_id: 3330] SKIPPED: Already updated today (2025-12-18 03:00:03)
[2025-12-18 13:03:20]   [emp_id: 3332] SKIPPED: Already updated today (2025-12-18 03:00:03)
[2025-12-18 13:03:20]   [emp_id: 3370] SKIPPED: Already updated today (2025-12-18 03:00:03)
[2025-12-18 13:03:20]   [emp_id: 3384] SKIPPED: Already updated today (2025-12-18 03:00:03)
[2025-12-18 13:03:20]   [emp_id: 3386] SKIPPED: Already updated today (2025-12-18 03:00:03)
[2025-12-18 13:03:20]   [emp_id: 3431] SKIPPED: Already updated today (2025-12-18 03:00:03)
[2025-12-18 13:03:20]   [emp_id: 3497] SKIPPED: Already updated today (2025-12-18 03:00:03)
[2025-12-18 13:03:20]   [emp_id: 3532] SKIPPED: Already updated today (2025-12-18 03:00:03)
[2025-12-18 13:03:20]   [emp_id: 3586] SKIPPED: Already updated today (2025-12-18 03:00:03)
[2025-12-18 13:03:20]   [emp_id: 3602] SKIPPED: Already updated today (2025-12-18 03:00:03)
[2025-12-18 13:03:20]   [emp_id: 3618] SKIPPED: Already updated today (2025-12-18 03:00:03)
[2025-12-18 13:03:20]   [emp_id: 3622] SKIPPED: Already updated today (2025-12-18 03:00:03)
[2025-12-18 13:03:20]   [emp_id: 3627] SKIPPED: Already updated today (2025-12-18 03:00:03)
[2025-12-18 13:03:20]   [emp_id: 3665] SKIPPED: Already updated today (2025-12-18 03:00:03)
[2025-12-18 13:03:20]   [emp_id: 3705] SKIPPED: Already updated today (2025-12-18 03:00:03)
[2025-12-18 13:03:20]   [emp_id: 3724] SKIPPED: Already updated today (2025-12-18 03:00:03)
[2025-12-18 13:03:20]   [emp_id: 3726] SKIPPED: Already updated today (2025-12-18 03:00:03)
[2025-12-18 13:03:20]   [emp_id: 3727] SKIPPED: Already updated today (2025-12-18 03:00:03)
[2025-12-18 13:03:20]   [emp_id: 3728] SKIPPED: Already updated today (2025-12-18 03:00:03)
[2025-12-18 13:03:20]   [emp_id: 3742] SKIPPED: Already updated today (2025-12-18 03:00:03)
[2025-12-18 13:03:20]   [emp_id: 3767] SKIPPED: Already updated today (2025-12-18 03:00:03)
[2025-12-18 13:03:20]   [emp_id: 3768] SKIPPED: Already updated today (2025-12-18 03:00:03)
[2025-12-18 13:03:20]   [emp_id: 3787] SKIPPED: Already updated today (2025-12-18 03:00:03)
[2025-12-18 13:03:20]   [emp_id: 3790] SKIPPED: Already updated today (2025-12-18 03:00:03)
[2025-12-18 13:03:20]   [emp_id: 3795] SKIPPED: Already updated today (2025-12-18 03:00:03)
[2025-12-18 13:03:20]   [emp_id: 3798] SKIPPED: Already updated today (2025-12-18 03:00:03)
[2025-12-18 13:03:20]   [emp_id: 3801] SKIPPED: Already updated today (2025-12-18 03:00:03)
[2025-12-18 13:03:20]   [emp_id: 3802] SKIPPED: Already updated today (2025-12-18 03:00:03)
[2025-12-18 13:03:20]   [emp_id: 3803] SKIPPED: Already updated today (2025-12-18 03:00:03)
[2025-12-18 13:03:20]   [emp_id: 3810] SKIPPED: Already updated today (2025-12-18 03:00:03)
[2025-12-18 13:03:20]   [emp_id: 3812] SKIPPED: Already updated today (2025-12-18 03:00:03)
[2025-12-18 13:03:20]   [emp_id: 3815] SKIPPED: Already updated today (2025-12-18 03:00:03)
[2025-12-18 13:03:20]   [emp_id: 3836] SKIPPED: Already updated today (2025-12-18 03:00:03)
[2025-12-18 13:03:20]   [emp_id: 3855] SKIPPED: Already updated today (2025-12-18 03:00:03)
[2025-12-18 13:03:20]   [emp_id: 3857] SKIPPED: Already updated today (2025-12-18 03:00:03)
[2025-12-18 13:03:20]   [emp_id: 3862] SKIPPED: Already updated today (2025-12-18 03:00:03)
[2025-12-18 13:03:20]   [emp_id: 3866] SKIPPED: Already updated today (2025-12-18 03:00:03)
[2025-12-18 13:03:20]   [emp_id: 3876] SKIPPED: Already updated today (2025-12-18 03:00:03)
[2025-12-18 13:03:20]   [emp_id: 3877] SKIPPED: Already updated today (2025-12-18 03:00:03)
[2025-12-18 13:03:20]   [emp_id: 3897] SKIPPED: Already updated today (2025-12-18 03:00:03)
[2025-12-18 13:03:20]   [emp_id: 3899] SKIPPED: Already updated today (2025-12-18 03:00:03)
[2025-12-18 13:03:20]   [emp_id: 3928] SKIPPED: Already updated today (2025-12-18 03:00:03)
[2025-12-18 13:03:20]   [emp_id: 3929] SKIPPED: Already updated today (2025-12-18 03:00:03)
[2025-12-18 13:03:20]   [emp_id: 3935] SKIPPED: Already updated today (2025-12-18 03:00:03)
[2025-12-18 13:03:20]   [emp_id: 3952] SKIPPED: Already updated today (2025-12-18 03:00:03)
[2025-12-18 13:03:20]   [emp_id: 3987] SKIPPED: Already updated today (2025-12-18 03:00:03)
[2025-12-18 13:03:20]   [emp_id: 4059] SKIPPED: Already updated today (2025-12-18 03:00:03)
[2025-12-18 13:03:20]   [emp_id: 4119] SKIPPED: Already updated today (2025-12-18 03:00:03)
[2025-12-18 13:03:20]   [emp_id: 4120] SKIPPED: Already updated today (2025-12-18 03:00:03)
[2025-12-18 13:03:20]   [emp_id: 4124] SKIPPED: Already updated today (2025-12-18 03:00:03)
[2025-12-18 13:03:20]   [emp_id: 4133] SKIPPED: Already updated today (2025-12-18 03:00:03)
[2025-12-18 13:03:20]   [emp_id: 4134] SKIPPED: Already updated today (2025-12-18 03:00:03)
[2025-12-18 13:03:20]   [emp_id: 4136] SKIPPED: Already updated today (2025-12-18 03:00:03)
[2025-12-18 13:03:20]   [emp_id: 4150] SKIPPED: Already updated today (2025-12-18 03:00:03)
[2025-12-18 13:03:20]   [emp_id: 4157] SKIPPED: Already updated today (2025-12-18 03:00:03)
[2025-12-18 13:03:20]   [emp_id: 4172] SKIPPED: Already updated today (2025-12-18 03:00:03)
[2025-12-18 13:03:20]   [emp_id: 4195] SKIPPED: Already updated today (2025-12-18 03:00:03)
[2025-12-18 13:03:20]   [emp_id: 4215] SKIPPED: Already updated today (2025-12-18 03:00:03)
[2025-12-18 13:03:20]   [emp_id: 4220] SKIPPED: Already updated today (2025-12-18 03:00:03)
[2025-12-18 13:03:20]   [emp_id: 4273] SKIPPED: Already updated today (2025-12-18 03:00:03)
[2025-12-18 13:03:20]   [emp_id: 4283] SKIPPED: Already updated today (2025-12-18 03:00:03)
[2025-12-18 13:03:20]   [emp_id: 4288] SKIPPED: Already updated today (2025-12-18 03:00:03)
[2025-12-18 13:03:20]   [emp_id: 4315] SKIPPED: Already updated today (2025-12-18 03:00:03)
[2025-12-18 13:03:20]   [emp_id: 4328] SKIPPED: Already updated today (2025-12-18 03:00:03)
[2025-12-18 13:03:20]   [emp_id: 4329] SKIPPED: Already updated today (2025-12-18 03:00:03)
[2025-12-18 13:03:20]   [emp_id: 4338] SKIPPED: Already updated today (2025-12-18 03:00:03)
[2025-12-18 13:03:20]   [emp_id: 4340] SKIPPED: Already updated today (2025-12-18 03:00:03)
[2025-12-18 13:03:20]   [emp_id: 4365] SKIPPED: Already updated today (2025-12-18 03:00:03)
[2025-12-18 13:03:20]   [emp_id: 4366] SKIPPED: Already updated today (2025-12-18 03:00:03)
[2025-12-18 13:03:20]   [emp_id: 4403] SKIPPED: Already updated today (2025-12-18 03:00:03)
[2025-12-18 13:03:20]   [emp_id: 4438] SKIPPED: Already updated today (2025-12-18 03:00:03)
[2025-12-18 13:03:20]   [emp_id: 4465] SKIPPED: Already updated today (2025-12-18 03:00:03)
[2025-12-18 13:03:20]   [emp_id: 4473] SKIPPED: Already updated today (2025-12-18 03:00:03)
[2025-12-18 13:03:20]   [emp_id: 4474] SKIPPED: Already updated today (2025-12-18 03:00:03)
[2025-12-18 13:03:20]   [emp_id: 4493] SKIPPED: Already updated today (2025-12-18 03:00:03)
[2025-12-18 13:03:20]   [emp_id: 4526] SKIPPED: Already updated today (2025-12-18 03:00:03)
[2025-12-18 13:03:20]   [emp_id: 4528] SKIPPED: Already updated today (2025-12-18 03:00:03)
[2025-12-18 13:03:20]   [emp_id: 4528] SKIPPED: Already updated today (2025-12-18 03:00:03)
[2025-12-18 13:03:20]   [emp_id: 4532] SKIPPED: Already updated today (2025-12-18 03:00:03)
[2025-12-18 13:03:20]   [emp_id: 4533] SKIPPED: Already updated today (2025-12-18 03:00:03)
[2025-12-18 13:03:20]   [emp_id: 4564] SKIPPED: Already updated today (2025-12-18 03:00:03)
[2025-12-18 13:03:20]   [emp_id: 4565] SKIPPED: Already updated today (2025-12-18 03:00:03)
[2025-12-18 13:03:20]   [emp_id: 4567] SKIPPED: Already updated today (2025-12-18 03:00:03)
[2025-12-18 13:03:20]   [emp_id: 4572] SKIPPED: Already updated today (2025-12-18 03:00:04)
[2025-12-18 13:03:20]   [emp_id: 4631] SKIPPED: Already updated today (2025-12-18 03:00:04)
[2025-12-18 13:03:20]   [emp_id: 4655] SKIPPED: Already updated today (2025-12-18 03:00:04)
[2025-12-18 13:03:20]   [emp_id: 4689] SKIPPED: Already updated today (2025-12-18 03:00:04)
[2025-12-18 13:03:20]   [emp_id: 4709] SKIPPED: Already updated today (2025-12-18 03:00:04)
[2025-12-18 13:03:20]   [emp_id: 4717] SKIPPED: Already updated today (2025-12-18 03:00:04)
[2025-12-18 13:03:20]   [emp_id: 4736] SKIPPED: Already updated today (2025-12-18 03:00:04)
[2025-12-18 13:03:20]   [emp_id: 4756] SKIPPED: Already updated today (2025-12-18 03:00:04)
[2025-12-18 13:03:20]   [emp_id: 4768] SKIPPED: Already updated today (2025-12-18 03:00:04)
[2025-12-18 13:03:20]   [emp_id: 4780] SKIPPED: Already updated today (2025-12-18 03:00:04)
[2025-12-18 13:03:20]   [emp_id: 4820] SKIPPED: Already updated today (2025-12-18 03:00:04)
[2025-12-18 13:03:20]   [emp_id: 4825] SKIPPED: Already updated today (2025-12-18 03:00:04)
[2025-12-18 13:03:20]   [emp_id: 4835] SKIPPED: Already updated today (2025-12-18 03:00:04)
[2025-12-18 13:03:20]   [emp_id: 4837] SKIPPED: Already updated today (2025-12-18 03:00:04)
[2025-12-18 13:03:20]   [emp_id: 4838] SKIPPED: Already updated today (2025-12-18 03:00:04)
[2025-12-18 13:03:20]   [emp_id: 4840] SKIPPED: Already updated today (2025-12-18 03:00:04)
[2025-12-18 13:03:20]   [emp_id: 4842] SKIPPED: Already updated today (2025-12-18 03:00:04)
[2025-12-18 13:03:20]   [emp_id: 4843] SKIPPED: Already updated today (2025-12-18 03:00:04)
[2025-12-18 13:03:20]   [emp_id: 4853] SKIPPED: Already updated today (2025-12-18 03:00:04)
[2025-12-18 13:03:20]   [emp_id: 4856] SKIPPED: Already updated today (2025-12-18 03:00:04)
[2025-12-18 13:03:20]   [emp_id: 4857] SKIPPED: Already updated today (2025-12-18 03:00:04)
[2025-12-18 13:03:20]   [emp_id: 4858] SKIPPED: Already updated today (2025-12-18 03:00:04)
[2025-12-18 13:03:20]   [emp_id: 4859] SKIPPED: Already updated today (2025-12-18 03:00:04)
[2025-12-18 13:03:20]   [emp_id: 4860] SKIPPED: Already updated today (2025-12-18 03:00:04)
[2025-12-18 13:03:20]   [emp_id: 4861] SKIPPED: Already updated today (2025-12-18 03:00:04)
[2025-12-18 13:03:20]   [emp_id: 4869] SKIPPED: Already updated today (2025-12-18 03:00:04)
[2025-12-18 13:03:20]   [emp_id: 4894] SKIPPED: Already updated today (2025-12-18 03:00:04)
[2025-12-18 13:03:20]   [emp_id: 4897] SKIPPED: Already updated today (2025-12-18 03:00:04)
[2025-12-18 13:03:20]   [emp_id: 4899] SKIPPED: Already updated today (2025-12-18 03:00:04)
[2025-12-18 13:03:20]   [emp_id: 4902] SKIPPED: Already updated today (2025-12-18 03:00:04)
[2025-12-18 13:03:20]   [emp_id: 4903] SKIPPED: Already updated today (2025-12-18 03:00:04)
[2025-12-18 13:03:20]   [emp_id: 4905] SKIPPED: Already updated today (2025-12-18 03:00:04)
[2025-12-18 13:03:20]   [emp_id: 4907] SKIPPED: Already updated today (2025-12-18 03:00:04)
[2025-12-18 13:03:20]   [emp_id: 4917] SKIPPED: Already updated today (2025-12-18 03:00:04)
[2025-12-18 13:03:20]   [emp_id: 4918] SKIPPED: Already updated today (2025-12-18 03:00:04)
[2025-12-18 13:03:20]   [emp_id: 4919] SKIPPED: Already updated today (2025-12-18 03:00:04)
[2025-12-18 13:03:20]   [emp_id: 4920] SKIPPED: Already updated today (2025-12-18 03:00:04)
[2025-12-18 13:03:20]   [emp_id: 4921] SKIPPED: Already updated today (2025-12-18 03:00:04)
[2025-12-18 13:03:20]   [emp_id: 4927] SKIPPED: Already updated today (2025-12-18 03:00:04)
[2025-12-18 13:03:20]   [emp_id: 4929] SKIPPED: Already updated today (2025-12-18 03:00:04)
[2025-12-18 13:03:20]   [emp_id: 4930] SKIPPED: Already updated today (2025-12-18 03:00:04)
[2025-12-18 13:03:20]   [emp_id: 4932] SKIPPED: Already updated today (2025-12-18 03:00:04)
[2025-12-18 13:03:20]   [emp_id: 4933] SKIPPED: Already updated today (2025-12-18 03:00:04)
[2025-12-18 13:03:20]   [emp_id: 4949] SKIPPED: Already updated today (2025-12-18 03:00:04)
[2025-12-18 13:03:20]   [emp_id: 4956] SKIPPED: Already updated today (2025-12-18 03:00:04)
[2025-12-18 13:03:20]   [emp_id: 4957] SKIPPED: Already updated today (2025-12-18 03:00:04)
[2025-12-18 13:03:20]   [emp_id: 4962] SKIPPED: Already updated today (2025-12-18 03:00:04)
[2025-12-18 13:03:20]   [emp_id: 4969] SKIPPED: Already updated today (2025-12-18 03:00:04)
[2025-12-18 13:03:20]   [emp_id: 4976] SKIPPED: Already updated today (2025-12-18 03:00:04)
[2025-12-18 13:03:20]   [emp_id: 4984] SKIPPED: Already updated today (2025-12-18 03:00:04)
[2025-12-18 13:03:20]   [emp_id: 4995] SKIPPED: Already updated today (2025-12-18 03:00:04)
[2025-12-18 13:03:20]   [emp_id: 5004] SKIPPED: Already updated today (2025-12-18 03:00:04)
[2025-12-18 13:03:20]   [emp_id: 5006] SKIPPED: Already updated today (2025-12-18 03:00:04)
[2025-12-18 13:03:20]   [emp_id: 5011] SKIPPED: Already updated today (2025-12-18 03:00:04)
[2025-12-18 13:03:20]   [emp_id: 5013] SKIPPED: Already updated today (2025-12-18 03:00:04)
[2025-12-18 13:03:20]   [emp_id: 5018] SKIPPED: Already updated today (2025-12-18 03:00:04)
[2025-12-18 13:03:20]   [emp_id: 5021] SKIPPED: Already updated today (2025-12-18 03:00:04)
[2025-12-18 13:03:20]   [emp_id: 5021] SKIPPED: Already updated today (2025-12-18 03:00:04)
[2025-12-18 13:03:20]   [emp_id: 5024] SKIPPED: Already updated today (2025-12-18 03:00:04)
[2025-12-18 13:03:20]   [emp_id: 5030] SKIPPED: Already updated today (2025-12-18 03:00:04)
[2025-12-18 13:03:20]   [emp_id: 5033] SKIPPED: Already updated today (2025-12-18 03:00:04)
[2025-12-18 13:03:20]   [emp_id: 5043] SKIPPED: Already updated today (2025-12-18 03:00:04)
[2025-12-18 13:03:20]   [emp_id: 5045] SKIPPED: Already updated today (2025-12-18 03:00:04)
[2025-12-18 13:03:20]   [emp_id: 5046] SKIPPED: Already updated today (2025-12-18 03:00:04)
[2025-12-18 13:03:20]   [emp_id: 5049] SKIPPED: Already updated today (2025-12-18 03:00:04)
[2025-12-18 13:03:20]   [emp_id: 5052] SKIPPED: Already updated today (2025-12-18 03:00:04)
[2025-12-18 13:03:20]   [emp_id: 5055] SKIPPED: Already updated today (2025-12-18 03:00:04)
[2025-12-18 13:03:20]   [emp_id: 5058] SKIPPED: Already updated today (2025-12-18 03:00:04)
[2025-12-18 13:03:20]   [emp_id: 5062] SKIPPED: Already updated today (2025-12-18 03:00:04)
[2025-12-18 13:03:20]   [emp_id: 5064] SKIPPED: Already updated today (2025-12-18 03:00:04)
[2025-12-18 13:03:20]   [emp_id: 5065] SKIPPED: Already updated today (2025-12-18 03:00:04)
[2025-12-18 13:03:20]   [emp_id: 5071] SKIPPED: Already updated today (2025-12-18 03:00:04)
[2025-12-18 13:03:20]   [emp_id: 5073] SKIPPED: Already updated today (2025-12-18 03:00:04)
[2025-12-18 13:03:20]   [emp_id: 5079] SKIPPED: Already updated today (2025-12-18 03:00:04)
[2025-12-18 13:03:20]   [emp_id: 5080] SKIPPED: Already updated today (2025-12-18 03:00:04)
[2025-12-18 13:03:20]   [emp_id: 5081] SKIPPED: Already updated today (2025-12-18 03:00:04)
[2025-12-18 13:03:20]   [emp_id: 5087] SKIPPED: Already updated today (2025-12-18 03:00:04)
[2025-12-18 13:03:20]   [emp_id: 5091] SKIPPED: Already updated today (2025-12-18 03:00:04)
[2025-12-18 13:03:20]   [emp_id: 5093] SKIPPED: Already updated today (2025-12-18 03:00:04)
[2025-12-18 13:03:20]   [emp_id: 5095] SKIPPED: Already updated today (2025-12-18 03:00:04)
[2025-12-18 13:03:20]   [emp_id: 5101] SKIPPED: Already updated today (2025-12-18 03:00:04)
[2025-12-18 13:03:20]   [emp_id: 5107] SKIPPED: Already updated today (2025-12-18 03:00:04)
[2025-12-18 13:03:20]   [emp_id: 5109] SKIPPED: Already updated today (2025-12-18 03:00:04)
[2025-12-18 13:03:20]   [emp_id: 5119] SKIPPED: Already updated today (2025-12-18 03:00:04)
[2025-12-18 13:03:20]   [emp_id: 5122] SKIPPED: Already updated today (2025-12-18 03:00:04)
[2025-12-18 13:03:20]   [emp_id: 5126] SKIPPED: Already updated today (2025-12-18 03:00:04)
[2025-12-18 13:03:20]   [emp_id: 5127] SKIPPED: Already updated today (2025-12-18 03:00:04)
[2025-12-18 13:03:20]   [emp_id: 5128] SKIPPED: Already updated today (2025-12-18 03:00:04)
[2025-12-18 13:03:20]   [emp_id: 5138] SKIPPED: Already updated today (2025-12-18 03:00:04)
[2025-12-18 13:03:20]   [emp_id: 5138] SKIPPED: Already updated today (2025-12-18 03:00:04)
[2025-12-18 13:03:20]   [emp_id: 5141] SKIPPED: Already updated today (2025-12-18 03:00:04)
[2025-12-18 13:03:20]   [emp_id: 5142] SKIPPED: Already updated today (2025-12-18 03:00:04)
[2025-12-18 13:03:20]   [emp_id: 5146] SKIPPED: Already updated today (2025-12-18 03:00:04)
[2025-12-18 13:03:20]   [emp_id: 5147] SKIPPED: Already updated today (2025-12-18 03:00:04)
[2025-12-18 13:03:20]   [emp_id: 5148] SKIPPED: Already updated today (2025-12-18 03:00:04)
[2025-12-18 13:03:20]   [emp_id: 5149] SKIPPED: Already updated today (2025-12-18 03:00:04)
[2025-12-18 13:03:20]   [emp_id: 5150] SKIPPED: Already updated today (2025-12-18 03:00:04)
[2025-12-18 13:03:20]   [emp_id: 5151] SKIPPED: Already updated today (2025-12-18 03:00:04)
[2025-12-18 13:03:20]   [emp_id: 5152] SKIPPED: Already updated today (2025-12-18 03:00:04)
[2025-12-18 13:03:20]   [emp_id: 5157] SKIPPED: Already updated today (2025-12-18 03:00:04)
[2025-12-18 13:03:20]   [emp_id: 5160] SKIPPED: Already updated today (2025-12-18 03:00:04)
[2025-12-18 13:03:20]   [emp_id: 5163] SKIPPED: Already updated today (2025-12-18 03:00:04)
[2025-12-18 13:03:20]   [emp_id: 5165] SKIPPED: Already updated today (2025-12-18 03:00:04)
[2025-12-18 13:03:20]   [emp_id: 5167] SKIPPED: Already updated today (2025-12-18 03:00:04)
[2025-12-18 13:03:20]   [emp_id: 5168] SKIPPED: Already updated today (2025-12-18 03:00:04)
[2025-12-18 13:03:20]   [emp_id: 5173] SKIPPED: Already updated today (2025-12-18 03:00:04)
[2025-12-18 13:03:20]   [emp_id: 5174] SKIPPED: Already updated today (2025-12-18 03:00:04)
[2025-12-18 13:03:20]   [emp_id: 5181] SKIPPED: Already updated today (2025-12-18 03:00:04)
[2025-12-18 13:03:20]   [emp_id: 5186] SKIPPED: Already updated today (2025-12-18 03:00:04)
[2025-12-18 13:03:20]   [emp_id: 5187] SKIPPED: Already updated today (2025-12-18 03:00:04)
[2025-12-18 13:03:20]   [emp_id: 5204] SKIPPED: Already updated today (2025-12-18 03:00:04)
[2025-12-18 13:03:20]   [emp_id: 5205] SKIPPED: Already updated today (2025-12-18 03:00:04)
[2025-12-18 13:03:20]   [emp_id: 5209] SKIPPED: Already updated today (2025-12-18 03:00:04)
[2025-12-18 13:03:20]   [emp_id: 5213] SKIPPED: Already updated today (2025-12-18 03:00:04)
[2025-12-18 13:03:20]   [emp_id: 5214] SKIPPED: Already updated today (2025-12-18 03:00:04)
[2025-12-18 13:03:20]   [emp_id: 5215] SKIPPED: Already updated today (2025-12-18 03:00:04)
[2025-12-18 13:03:20]   [emp_id: 5217] SKIPPED: Already updated today (2025-12-18 03:00:04)
[2025-12-18 13:03:20]   [emp_id: 5219] SKIPPED: Already updated today (2025-12-18 03:00:04)
[2025-12-18 13:03:20]   [emp_id: 5221] SKIPPED: Already updated today (2025-12-18 03:00:04)
[2025-12-18 13:03:20]   [emp_id: 5224] SKIPPED: Already updated today (2025-12-18 03:00:04)
[2025-12-18 13:03:20]   [emp_id: 5225] SKIPPED: Already updated today (2025-12-18 03:00:04)
[2025-12-18 13:03:20]   [emp_id: 5228] SKIPPED: Already updated today (2025-12-18 03:00:04)
[2025-12-18 13:03:20]   [emp_id: 5229] SKIPPED: Already updated today (2025-12-18 03:00:04)
[2025-12-18 13:03:20]   [emp_id: 5230] SKIPPED: Already updated today (2025-12-18 03:00:04)
[2025-12-18 13:03:20]   [emp_id: 5231] SKIPPED: Already updated today (2025-12-18 03:00:04)
[2025-12-18 13:03:20]   [emp_id: 5232] SKIPPED: Already updated today (2025-12-18 03:00:04)
[2025-12-18 13:03:20]   [emp_id: 5233] SKIPPED: Already updated today (2025-12-18 03:00:04)
[2025-12-18 13:03:20]   [emp_id: 5234] SKIPPED: Already updated today (2025-12-18 03:00:04)
[2025-12-18 13:03:20]   [emp_id: 5235] SKIPPED: Already updated today (2025-12-18 03:00:04)
[2025-12-18 13:03:20]   [emp_id: 5237] SKIPPED: Already updated today (2025-12-18 03:00:04)
[2025-12-18 13:03:20]   [emp_id: 5238] SKIPPED: Already updated today (2025-12-18 03:00:04)
[2025-12-18 13:03:20]   [emp_id: 5239] SKIPPED: Already updated today (2025-12-18 03:00:04)
[2025-12-18 13:03:20]   [emp_id: 5241] SKIPPED: Already updated today (2025-12-18 03:00:04)
[2025-12-18 13:03:20]   [emp_id: 5242] SKIPPED: Already updated today (2025-12-18 03:00:04)
[2025-12-18 13:03:20]   [emp_id: 5243] SKIPPED: Already updated today (2025-12-18 03:00:04)
[2025-12-18 13:03:20]   [emp_id: 5244] SKIPPED: Already updated today (2025-12-18 03:00:04)
[2025-12-18 13:03:20]   [emp_id: 5246] SKIPPED: Already updated today (2025-12-18 03:00:04)
[2025-12-18 13:03:20]   [emp_id: 5253] SKIPPED: Already updated today (2025-12-18 03:00:04)
[2025-12-18 13:03:20]   [emp_id: 5254] SKIPPED: Already updated today (2025-12-18 03:00:04)
[2025-12-18 13:03:20]   [emp_id: 5257] SKIPPED: Already updated today (2025-12-18 03:00:04)
[2025-12-18 13:03:20]   [emp_id: 5259] SKIPPED: Already updated today (2025-12-18 03:00:04)
[2025-12-18 13:03:20]   [emp_id: 5261] SKIPPED: Already updated today (2025-12-18 03:00:04)
[2025-12-18 13:03:20]   [emp_id: 5264] SKIPPED: Already updated today (2025-12-18 03:00:04)
[2025-12-18 13:03:20]   [emp_id: 5266] SKIPPED: Already updated today (2025-12-18 03:00:04)
[2025-12-18 13:03:20]   [emp_id: 5268] SKIPPED: Already updated today (2025-12-18 03:00:04)
[2025-12-18 13:03:20]   [emp_id: 5271] SKIPPED: Already updated today (2025-12-18 03:00:04)
[2025-12-18 13:03:20]   [emp_id: 5272] SKIPPED: Already updated today (2025-12-18 03:00:04)
[2025-12-18 13:03:20]   [emp_id: 5273] SKIPPED: Already updated today (2025-12-18 03:00:04)
[2025-12-18 13:03:20]   [emp_id: 5275] SKIPPED: Already updated today (2025-12-18 03:00:04)
[2025-12-18 13:03:20]   [emp_id: 5276] SKIPPED: Already updated today (2025-12-18 03:00:04)
[2025-12-18 13:03:20]   [emp_id: 5278] SKIPPED: Already updated today (2025-12-18 03:00:04)
[2025-12-18 13:03:20]   [emp_id: 5280] SKIPPED: Already updated today (2025-12-18 03:00:04)
[2025-12-18 13:03:20]   [emp_id: 5282] SKIPPED: Already updated today (2025-12-18 03:00:04)
[2025-12-18 13:03:20]   [emp_id: 5285] SKIPPED: Already updated today (2025-12-18 03:00:05)
[2025-12-18 13:03:20]   [emp_id: 5286] SKIPPED: Already updated today (2025-12-18 03:00:05)
[2025-12-18 13:03:20]   [emp_id: 5287] SKIPPED: Already updated today (2025-12-18 03:00:05)
[2025-12-18 13:03:20]   [emp_id: 5288] SKIPPED: Already updated today (2025-12-18 03:00:05)
[2025-12-18 13:03:20]   [emp_id: 5289] SKIPPED: Already updated today (2025-12-18 03:00:05)
[2025-12-18 13:03:20]   [emp_id: 5290] SKIPPED: Already updated today (2025-12-18 03:00:05)
[2025-12-18 13:03:20]   [emp_id: 5291] SKIPPED: Already updated today (2025-12-18 03:00:05)
[2025-12-18 13:03:20]   [emp_id: 5292] SKIPPED: Already updated today (2025-12-18 03:00:05)
[2025-12-18 13:03:20]   [emp_id: 5293] SKIPPED: Already updated today (2025-12-18 03:00:05)
[2025-12-18 13:03:20]   [emp_id: 5294] SKIPPED: Already updated today (2025-12-18 03:00:05)
[2025-12-18 13:03:20]   [emp_id: 5295] SKIPPED: Already updated today (2025-12-18 03:00:05)
[2025-12-18 13:03:20]   [emp_id: 5296] SKIPPED: Already updated today (2025-12-18 03:00:05)
[2025-12-18 13:03:20]   [emp_id: 5297] SKIPPED: Already updated today (2025-12-18 03:00:05)
[2025-12-18 13:03:20]   [emp_id: 5298] SKIPPED: Already updated today (2025-12-18 03:00:05)
[2025-12-18 13:03:20]   [emp_id: 5299] SKIPPED: Already updated today (2025-12-18 03:00:05)
[2025-12-18 13:03:20]   [emp_id: 5300] SKIPPED: Already updated today (2025-12-18 03:00:05)
[2025-12-18 13:03:20]   [emp_id: 5301] SKIPPED: Already updated today (2025-12-18 03:00:05)
[2025-12-18 13:03:20]   [emp_id: 5303] SKIPPED: Already updated today (2025-12-18 03:00:05)
[2025-12-18 13:03:20]   [emp_id: 5304] SKIPPED: Already updated today (2025-12-18 03:00:05)
[2025-12-18 13:03:20]   [emp_id: 5305] SKIPPED: Already updated today (2025-12-18 03:00:05)
[2025-12-18 13:03:20]   [emp_id: 5306] SKIPPED: Already updated today (2025-12-18 03:00:05)
[2025-12-18 13:03:20]   [emp_id: 5307] SKIPPED: Already updated today (2025-12-18 03:00:05)
[2025-12-18 13:03:20]   [emp_id: 5312] SKIPPED: Already updated today (2025-12-18 03:00:05)
[2025-12-18 13:03:20]   [emp_id: 5318] SKIPPED: Already updated today (2025-12-18 03:00:05)
[2025-12-18 13:03:20]   [emp_id: 5325] SKIPPED: Already updated today (2025-12-18 03:00:05)
[2025-12-18 13:03:20]   [emp_id: 5327] SKIPPED: Already updated today (2025-12-18 03:00:05)
[2025-12-18 13:03:20]   [emp_id: 5331] SKIPPED: Already updated today (2025-12-18 03:00:05)
[2025-12-18 13:03:20]   [emp_id: 5337] SKIPPED: Already updated today (2025-12-18 03:00:05)
[2025-12-18 13:03:20]   [emp_id: 5339] SKIPPED: Already updated today (2025-12-18 03:00:05)
[2025-12-18 13:03:20]   [emp_id: 5343] SKIPPED: Already updated today (2025-12-18 03:00:05)
[2025-12-18 13:03:20]   [emp_id: 5343] SKIPPED: Already updated today (2025-12-18 03:00:05)
[2025-12-18 13:03:20]   [emp_id: 5345] SKIPPED: Already updated today (2025-12-18 03:00:05)
[2025-12-18 13:03:20]   [emp_id: 5346] SKIPPED: Already updated today (2025-12-18 13:43:49)
[2025-12-18 13:03:20]   [emp_id: 5351] SKIPPED: Already updated today (2025-12-18 13:43:10)
[2025-12-18 13:03:20]   [emp_id: 5352] SKIPPED: Already updated today (2025-12-18 03:00:05)
[2025-12-18 13:03:20]   [emp_id: 5370] SKIPPED: Already updated today (2025-12-18 03:00:05)
[2025-12-18 13:03:20]   [emp_id: 5371] SKIPPED: Already updated today (2025-12-18 03:00:05)
[2025-12-18 13:03:20]   [emp_id: 5376] SKIPPED: Already updated today (2025-12-18 03:00:05)
[2025-12-18 13:03:20]   [emp_id: 5378] SKIPPED: Already updated today (2025-12-18 03:00:05)
[2025-12-18 13:03:20]   [emp_id: 5380] SKIPPED: Already updated today (2025-12-18 03:00:05)
[2025-12-18 13:03:20]   [emp_id: 5381] SKIPPED: Already updated today (2025-12-18 03:00:05)
[2025-12-18 13:03:20]   [emp_id: 5383] SKIPPED: Already updated today (2025-12-18 03:00:05)
[2025-12-18 13:03:20]   [emp_id: 5388] SKIPPED: Already updated today (2025-12-18 03:00:05)
[2025-12-18 13:03:20]   [emp_id: 5396] SKIPPED: Already updated today (2025-12-18 03:00:05)
[2025-12-18 13:03:20]   [emp_id: 5397] SKIPPED: Already updated today (2025-12-18 03:00:05)
[2025-12-18 13:03:20]   [emp_id: 5401] SKIPPED: Already updated today (2025-12-18 03:00:05)
[2025-12-18 13:03:20]   [emp_id: 5402] SKIPPED: Already updated today (2025-12-18 03:00:05)
[2025-12-18 13:03:20]   [emp_id: 5406] SKIPPED: Already updated today (2025-12-18 03:00:05)
[2025-12-18 13:03:20]   [emp_id: 5407] SKIPPED: Already updated today (2025-12-18 03:00:05)
[2025-12-18 13:03:20]   [emp_id: 5408] SKIPPED: Already updated today (2025-12-18 03:00:05)
[2025-12-18 13:03:20]   [emp_id: 5409] SKIPPED: Already updated today (2025-12-18 03:00:05)
[2025-12-18 13:03:20]   [emp_id: 5413] SKIPPED: Already updated today (2025-12-18 03:00:05)
[2025-12-18 13:03:20]   [emp_id: 5414] SKIPPED: Already updated today (2025-12-18 03:00:05)
[2025-12-18 13:03:20]   [emp_id: 5415] SKIPPED: Already updated today (2025-12-18 03:00:05)
[2025-12-18 13:03:20]   [emp_id: 5418] SKIPPED: Already updated today (2025-12-18 03:00:05)
[2025-12-18 13:03:20]   [emp_id: 5422] SKIPPED: Already updated today (2025-12-18 03:00:05)
[2025-12-18 13:03:20]   [emp_id: 5423] SKIPPED: Already updated today (2025-12-18 03:00:05)
[2025-12-18 13:03:20]   [emp_id: 5423] SKIPPED: Already updated today (2025-12-18 03:00:05)
[2025-12-18 13:03:20]   [emp_id: 5423] SKIPPED: Already updated today (2025-12-18 03:00:05)
[2025-12-18 13:03:20]   [emp_id: 5424] SKIPPED: Already updated today (2025-12-18 03:00:05)
[2025-12-18 13:03:20]   [emp_id: 5425] SKIPPED: Already updated today (2025-12-18 03:00:05)
[2025-12-18 13:03:20]   [emp_id: 5426] SKIPPED: Already updated today (2025-12-18 03:00:05)
[2025-12-18 13:03:20]   [emp_id: 5426] SKIPPED: Already updated today (2025-12-18 03:00:05)
[2025-12-18 13:03:20]   [emp_id: 5427] SKIPPED: Already updated today (2025-12-18 03:00:05)
[2025-12-18 13:03:20]   [emp_id: 5428] SKIPPED: Already updated today (2025-12-18 03:00:05)
[2025-12-18 13:03:20]   [emp_id: 5430] SKIPPED: Already updated today (2025-12-18 03:00:05)
[2025-12-18 13:03:20]   [emp_id: 5431] SKIPPED: Already updated today (2025-12-18 03:00:05)
[2025-12-18 13:03:20]   [emp_id: 5434] SKIPPED: Already updated today (2025-12-18 03:00:05)
[2025-12-18 13:03:20]   [emp_id: 5435] SKIPPED: Already updated today (2025-12-18 03:00:05)
[2025-12-18 13:03:20]   [emp_id: 5436] SKIPPED: Already updated today (2025-12-18 03:00:05)
[2025-12-18 13:03:20]   [emp_id: 5438] SKIPPED: Already updated today (2025-12-18 03:00:05)
[2025-12-18 13:03:20]   [emp_id: 5439] SKIPPED: Already updated today (2025-12-18 03:00:05)
[2025-12-18 13:03:20]   [emp_id: 5442] SKIPPED: Already updated today (2025-12-18 03:00:05)
[2025-12-18 13:03:20]   [emp_id: 5443] SKIPPED: Already updated today (2025-12-18 03:00:05)
[2025-12-18 13:03:20]   [emp_id: 5445] SKIPPED: Already updated today (2025-12-18 03:00:05)
[2025-12-18 13:03:20]   [emp_id: 5446] SKIPPED: Already updated today (2025-12-18 03:00:05)
[2025-12-18 13:03:20]   [emp_id: 5447] SKIPPED: Already updated today (2025-12-18 03:00:05)
[2025-12-18 13:03:20]   [emp_id: 5448] SKIPPED: Already updated today (2025-12-18 03:00:05)
[2025-12-18 13:03:20]   [emp_id: 5449] SKIPPED: Already updated today (2025-12-18 03:00:05)
[2025-12-18 13:03:20]   [emp_id: 5450] SKIPPED: Already updated today (2025-12-18 03:00:05)
[2025-12-18 13:03:20]   [emp_id: 5451] SKIPPED: Already updated today (2025-12-18 03:00:05)
[2025-12-18 13:03:20]   [emp_id: 5454] SKIPPED: Already updated today (2025-12-18 03:00:05)
[2025-12-18 13:03:20]   [emp_id: 5455] SKIPPED: Already updated today (2025-12-18 03:00:05)
[2025-12-18 13:03:20]   [emp_id: 5456] SKIPPED: Already updated today (2025-12-18 03:00:05)
[2025-12-18 13:03:20] 
[2025-12-18 13:03:20] ========== SUMMARY ==========
[2025-12-18 13:03:20] Total employees processed: 437
[2025-12-18 13:03:20] Records updated: 0
[2025-12-18 13:03:20] Balances changed: 0
[2025-12-18 13:03:20] Errors: 0
[2025-12-18 13:03:20] ========== CRON: Vacation Balance Update Completed ==========
[2025-12-18 13:03:20] 
[2025-12-18 13:03:23] ========== CRON: Vacation Balance Update Started ==========
[2025-12-18 13:03:23] Database connection established
[2025-12-18 13:03:23] Found 437 active employees with balance records to update
[2025-12-18 13:03:23] (Only employees with status=1 will be processed)
[2025-12-18 13:03:23]   [emp_id: 1061] SKIPPED: Already updated today (2025-12-18 03:00:01)
[2025-12-18 13:03:23]   [emp_id: 1496] SKIPPED: Already updated today (2025-12-18 03:00:01)
[2025-12-18 13:03:23]   [emp_id: 1500] SKIPPED: Already updated today (2025-12-18 03:00:01)
[2025-12-18 13:03:23]   [emp_id: 1574] SKIPPED: Already updated today (2025-12-18 03:00:02)
[2025-12-18 13:03:23]   [emp_id: 1673] SKIPPED: Already updated today (2025-12-18 03:00:02)
[2025-12-18 13:03:23]   [emp_id: 1685] SKIPPED: Already updated today (2025-12-18 03:00:02)
[2025-12-18 13:03:23]   [emp_id: 1764] SKIPPED: Already updated today (2025-12-18 03:00:02)
[2025-12-18 13:03:23]   [emp_id: 1805] SKIPPED: Already updated today (2025-12-18 03:00:02)
[2025-12-18 13:03:23]   [emp_id: 1822] SKIPPED: Already updated today (2025-12-18 03:00:02)
[2025-12-18 13:03:23]   [emp_id: 1837] SKIPPED: Already updated today (2025-12-18 03:00:02)
[2025-12-18 13:03:23]   [emp_id: 1857] SKIPPED: Already updated today (2025-12-18 03:00:02)
[2025-12-18 13:03:23]   [emp_id: 1861] SKIPPED: Already updated today (2025-12-18 03:00:02)
[2025-12-18 13:03:23]   [emp_id: 1872] SKIPPED: Already updated today (2025-12-18 03:00:02)
[2025-12-18 13:03:23]   [emp_id: 1897] SKIPPED: Already updated today (2025-12-18 03:00:02)
[2025-12-18 13:03:23]   [emp_id: 1916] SKIPPED: Already updated today (2025-12-18 03:00:02)
[2025-12-18 13:03:23]   [emp_id: 1928] SKIPPED: Already updated today (2025-12-18 03:00:02)
[2025-12-18 13:03:23]   [emp_id: 1931] SKIPPED: Already updated today (2025-12-18 03:00:02)
[2025-12-18 13:03:23]   [emp_id: 1944] SKIPPED: Already updated today (2025-12-18 03:00:02)
[2025-12-18 13:03:23]   [emp_id: 1996] SKIPPED: Already updated today (2025-12-18 03:00:02)
[2025-12-18 13:03:23]   [emp_id: 1997] SKIPPED: Already updated today (2025-12-18 03:00:02)
[2025-12-18 13:03:23]   [emp_id: 1998] SKIPPED: Already updated today (2025-12-18 03:00:02)
[2025-12-18 13:03:23]   [emp_id: 1999] SKIPPED: Already updated today (2025-12-18 03:00:02)
[2025-12-18 13:03:23]   [emp_id: 2009] SKIPPED: Already updated today (2025-12-18 03:00:02)
[2025-12-18 13:03:23]   [emp_id: 2048] SKIPPED: Already updated today (2025-12-18 03:00:02)
[2025-12-18 13:03:23]   [emp_id: 2057] SKIPPED: Already updated today (2025-12-18 03:00:02)
[2025-12-18 13:03:23]   [emp_id: 2079] SKIPPED: Already updated today (2025-12-18 03:00:02)
[2025-12-18 13:03:23]   [emp_id: 2181] SKIPPED: Already updated today (2025-12-18 03:00:02)
[2025-12-18 13:03:23]   [emp_id: 2190] SKIPPED: Already updated today (2025-12-18 03:00:02)
[2025-12-18 13:03:23]   [emp_id: 2212] SKIPPED: Already updated today (2025-12-18 03:00:02)
[2025-12-18 13:03:23]   [emp_id: 2226] SKIPPED: Already updated today (2025-12-18 03:00:02)
[2025-12-18 13:03:23]   [emp_id: 2238] SKIPPED: Already updated today (2025-12-18 03:00:02)
[2025-12-18 13:03:23]   [emp_id: 2285] SKIPPED: Already updated today (2025-12-18 03:00:02)
[2025-12-18 13:03:23]   [emp_id: 2287] SKIPPED: Already updated today (2025-12-18 03:00:02)
[2025-12-18 13:03:23]   [emp_id: 2288] SKIPPED: Already updated today (2025-12-18 03:00:02)
[2025-12-18 13:03:23]   [emp_id: 2290] SKIPPED: Already updated today (2025-12-18 03:00:02)
[2025-12-18 13:03:23]   [emp_id: 2316] SKIPPED: Already updated today (2025-12-18 03:00:02)
[2025-12-18 13:03:23]   [emp_id: 2337] SKIPPED: Already updated today (2025-12-18 03:00:02)
[2025-12-18 13:03:23]   [emp_id: 2352] SKIPPED: Already updated today (2025-12-18 03:00:02)
[2025-12-18 13:03:23]   [emp_id: 2358] SKIPPED: Already updated today (2025-12-18 03:00:02)
[2025-12-18 13:03:23]   [emp_id: 2361] SKIPPED: Already updated today (2025-12-18 03:00:02)
[2025-12-18 13:03:23]   [emp_id: 2363] SKIPPED: Already updated today (2025-12-18 03:00:02)
[2025-12-18 13:03:23]   [emp_id: 2364] SKIPPED: Already updated today (2025-12-18 03:00:02)
[2025-12-18 13:03:23]   [emp_id: 2367] SKIPPED: Already updated today (2025-12-18 03:00:02)
[2025-12-18 13:03:23]   [emp_id: 2368] SKIPPED: Already updated today (2025-12-18 03:00:02)
[2025-12-18 13:03:23]   [emp_id: 2372] SKIPPED: Already updated today (2025-12-18 03:00:02)
[2025-12-18 13:03:23]   [emp_id: 2376] SKIPPED: Already updated today (2025-12-18 03:00:02)
[2025-12-18 13:03:23]   [emp_id: 2423] SKIPPED: Already updated today (2025-12-18 03:00:02)
[2025-12-18 13:03:23]   [emp_id: 2519] SKIPPED: Already updated today (2025-12-18 03:00:02)
[2025-12-18 13:03:23]   [emp_id: 2522] SKIPPED: Already updated today (2025-12-18 03:00:02)
[2025-12-18 13:03:23]   [emp_id: 2530] SKIPPED: Already updated today (2025-12-18 03:00:02)
[2025-12-18 13:03:23]   [emp_id: 2539] SKIPPED: Already updated today (2025-12-18 03:00:02)
[2025-12-18 13:03:23]   [emp_id: 2541] SKIPPED: Already updated today (2025-12-18 03:00:02)
[2025-12-18 13:03:23]   [emp_id: 2550] SKIPPED: Already updated today (2025-12-18 03:00:02)
[2025-12-18 13:03:23]   [emp_id: 2553] SKIPPED: Already updated today (2025-12-18 03:00:02)
[2025-12-18 13:03:23]   [emp_id: 2554] SKIPPED: Already updated today (2025-12-18 03:00:02)
[2025-12-18 13:03:23]   [emp_id: 2565] SKIPPED: Already updated today (2025-12-18 03:00:02)
[2025-12-18 13:03:23]   [emp_id: 2572] SKIPPED: Already updated today (2025-12-18 03:00:02)
[2025-12-18 13:03:23]   [emp_id: 2637] SKIPPED: Already updated today (2025-12-18 03:00:02)
[2025-12-18 13:03:23]   [emp_id: 2642] SKIPPED: Already updated today (2025-12-18 03:00:02)
[2025-12-18 13:03:23]   [emp_id: 2645] SKIPPED: Already updated today (2025-12-18 03:00:02)
[2025-12-18 13:03:23]   [emp_id: 2648] SKIPPED: Already updated today (2025-12-18 03:00:02)
[2025-12-18 13:03:23]   [emp_id: 2654] SKIPPED: Already updated today (2025-12-18 03:00:02)
[2025-12-18 13:03:23]   [emp_id: 2688] SKIPPED: Already updated today (2025-12-18 03:00:02)
[2025-12-18 13:03:23]   [emp_id: 2690] SKIPPED: Already updated today (2025-12-18 03:00:02)
[2025-12-18 13:03:23]   [emp_id: 2709] SKIPPED: Already updated today (2025-12-18 03:00:02)
[2025-12-18 13:03:23]   [emp_id: 2745] SKIPPED: Already updated today (2025-12-18 03:00:02)
[2025-12-18 13:03:23]   [emp_id: 2843] SKIPPED: Already updated today (2025-12-18 03:00:02)
[2025-12-18 13:03:23]   [emp_id: 2854] SKIPPED: Already updated today (2025-12-18 03:00:02)
[2025-12-18 13:03:23]   [emp_id: 2869] SKIPPED: Already updated today (2025-12-18 03:00:02)
[2025-12-18 13:03:23]   [emp_id: 2876] SKIPPED: Already updated today (2025-12-18 03:00:02)
[2025-12-18 13:03:23]   [emp_id: 2924] SKIPPED: Already updated today (2025-12-18 03:00:02)
[2025-12-18 13:03:23]   [emp_id: 2953] SKIPPED: Already updated today (2025-12-18 03:00:02)
[2025-12-18 13:03:23]   [emp_id: 2961] SKIPPED: Already updated today (2025-12-18 03:00:02)
[2025-12-18 13:03:23]   [emp_id: 2975] SKIPPED: Already updated today (2025-12-18 03:00:02)
[2025-12-18 13:03:23]   [emp_id: 3013] SKIPPED: Already updated today (2025-12-18 03:00:02)
[2025-12-18 13:03:23]   [emp_id: 3014] SKIPPED: Already updated today (2025-12-18 03:00:02)
[2025-12-18 13:03:23]   [emp_id: 3015] SKIPPED: Already updated today (2025-12-18 03:00:02)
[2025-12-18 13:03:23]   [emp_id: 3018] SKIPPED: Already updated today (2025-12-18 03:00:02)
[2025-12-18 13:03:23]   [emp_id: 3025] SKIPPED: Already updated today (2025-12-18 03:00:02)
[2025-12-18 13:03:23]   [emp_id: 3037] SKIPPED: Already updated today (2025-12-18 03:00:02)
[2025-12-18 13:03:23]   [emp_id: 3047] SKIPPED: Already updated today (2025-12-18 03:00:02)
[2025-12-18 13:03:23]   [emp_id: 3061] SKIPPED: Already updated today (2025-12-18 03:00:02)
[2025-12-18 13:03:23]   [emp_id: 3062] SKIPPED: Already updated today (2025-12-18 03:00:02)
[2025-12-18 13:03:23]   [emp_id: 3074] SKIPPED: Already updated today (2025-12-18 03:00:02)
[2025-12-18 13:03:23]   [emp_id: 3089] SKIPPED: Already updated today (2025-12-18 03:00:02)
[2025-12-18 13:03:23]   [emp_id: 3090] SKIPPED: Already updated today (2025-12-18 03:00:02)
[2025-12-18 13:03:23]   [emp_id: 3091] SKIPPED: Already updated today (2025-12-18 03:00:02)
[2025-12-18 13:03:23]   [emp_id: 3092] SKIPPED: Already updated today (2025-12-18 03:00:02)
[2025-12-18 13:03:23]   [emp_id: 3105] SKIPPED: Already updated today (2025-12-18 03:00:02)
[2025-12-18 13:03:23]   [emp_id: 3134] SKIPPED: Already updated today (2025-12-18 03:00:02)
[2025-12-18 13:03:23]   [emp_id: 3140] SKIPPED: Already updated today (2025-12-18 03:00:02)
[2025-12-18 13:03:23]   [emp_id: 3144] SKIPPED: Already updated today (2025-12-18 03:00:02)
[2025-12-18 13:03:23]   [emp_id: 3156] SKIPPED: Already updated today (2025-12-18 03:00:02)
[2025-12-18 13:03:23]   [emp_id: 3162] SKIPPED: Already updated today (2025-12-18 03:00:02)
[2025-12-18 13:03:23]   [emp_id: 3163] SKIPPED: Already updated today (2025-12-18 03:00:03)
[2025-12-18 13:03:23]   [emp_id: 3198] SKIPPED: Already updated today (2025-12-18 03:00:03)
[2025-12-18 13:03:23]   [emp_id: 3205] SKIPPED: Already updated today (2025-12-18 03:00:03)
[2025-12-18 13:03:23]   [emp_id: 3209] SKIPPED: Already updated today (2025-12-18 03:00:03)
[2025-12-18 13:03:23]   [emp_id: 3223] SKIPPED: Already updated today (2025-12-18 03:00:03)
[2025-12-18 13:03:23]   [emp_id: 3224] SKIPPED: Already updated today (2025-12-18 03:00:03)
[2025-12-18 13:03:23]   [emp_id: 3230] SKIPPED: Already updated today (2025-12-18 03:00:03)
[2025-12-18 13:03:23]   [emp_id: 3231] SKIPPED: Already updated today (2025-12-18 03:00:03)
[2025-12-18 13:03:23]   [emp_id: 3233] SKIPPED: Already updated today (2025-12-18 03:00:03)
[2025-12-18 13:03:23]   [emp_id: 3249] SKIPPED: Already updated today (2025-12-18 03:00:03)
[2025-12-18 13:03:23]   [emp_id: 3250] SKIPPED: Already updated today (2025-12-18 03:00:03)
[2025-12-18 13:03:23]   [emp_id: 3252] SKIPPED: Already updated today (2025-12-18 03:00:03)
[2025-12-18 13:03:23]   [emp_id: 3254] SKIPPED: Already updated today (2025-12-18 03:00:03)
[2025-12-18 13:03:23]   [emp_id: 3255] SKIPPED: Already updated today (2025-12-18 03:00:03)
[2025-12-18 13:03:23]   [emp_id: 3256] SKIPPED: Already updated today (2025-12-18 03:00:03)
[2025-12-18 13:03:23]   [emp_id: 3263] SKIPPED: Already updated today (2025-12-18 03:00:03)
[2025-12-18 13:03:23]   [emp_id: 3265] SKIPPED: Already updated today (2025-12-18 03:00:03)
[2025-12-18 13:03:23]   [emp_id: 3280] SKIPPED: Already updated today (2025-12-18 03:00:03)
[2025-12-18 13:03:23]   [emp_id: 3286] SKIPPED: Already updated today (2025-12-18 03:00:03)
[2025-12-18 13:03:23]   [emp_id: 3294] SKIPPED: Already updated today (2025-12-18 03:00:03)
[2025-12-18 13:03:23]   [emp_id: 3321] SKIPPED: Already updated today (2025-12-18 03:00:03)
[2025-12-18 13:03:23]   [emp_id: 3325] SKIPPED: Already updated today (2025-12-18 03:00:03)
[2025-12-18 13:03:23]   [emp_id: 3329] SKIPPED: Already updated today (2025-12-18 03:00:03)
[2025-12-18 13:03:23]   [emp_id: 3330] SKIPPED: Already updated today (2025-12-18 03:00:03)
[2025-12-18 13:03:23]   [emp_id: 3332] SKIPPED: Already updated today (2025-12-18 03:00:03)
[2025-12-18 13:03:23]   [emp_id: 3370] SKIPPED: Already updated today (2025-12-18 03:00:03)
[2025-12-18 13:03:23]   [emp_id: 3384] SKIPPED: Already updated today (2025-12-18 03:00:03)
[2025-12-18 13:03:23]   [emp_id: 3386] SKIPPED: Already updated today (2025-12-18 03:00:03)
[2025-12-18 13:03:23]   [emp_id: 3431] SKIPPED: Already updated today (2025-12-18 03:00:03)
[2025-12-18 13:03:23]   [emp_id: 3497] SKIPPED: Already updated today (2025-12-18 03:00:03)
[2025-12-18 13:03:23]   [emp_id: 3532] SKIPPED: Already updated today (2025-12-18 03:00:03)
[2025-12-18 13:03:23]   [emp_id: 3586] SKIPPED: Already updated today (2025-12-18 03:00:03)
[2025-12-18 13:03:23]   [emp_id: 3602] SKIPPED: Already updated today (2025-12-18 03:00:03)
[2025-12-18 13:03:23]   [emp_id: 3618] SKIPPED: Already updated today (2025-12-18 03:00:03)
[2025-12-18 13:03:23]   [emp_id: 3622] SKIPPED: Already updated today (2025-12-18 03:00:03)
[2025-12-18 13:03:23]   [emp_id: 3627] SKIPPED: Already updated today (2025-12-18 03:00:03)
[2025-12-18 13:03:23]   [emp_id: 3665] SKIPPED: Already updated today (2025-12-18 03:00:03)
[2025-12-18 13:03:23]   [emp_id: 3705] SKIPPED: Already updated today (2025-12-18 03:00:03)
[2025-12-18 13:03:23]   [emp_id: 3724] SKIPPED: Already updated today (2025-12-18 03:00:03)
[2025-12-18 13:03:23]   [emp_id: 3726] SKIPPED: Already updated today (2025-12-18 03:00:03)
[2025-12-18 13:03:23]   [emp_id: 3727] SKIPPED: Already updated today (2025-12-18 03:00:03)
[2025-12-18 13:03:23]   [emp_id: 3728] SKIPPED: Already updated today (2025-12-18 03:00:03)
[2025-12-18 13:03:23]   [emp_id: 3742] SKIPPED: Already updated today (2025-12-18 03:00:03)
[2025-12-18 13:03:23]   [emp_id: 3767] SKIPPED: Already updated today (2025-12-18 03:00:03)
[2025-12-18 13:03:23]   [emp_id: 3768] SKIPPED: Already updated today (2025-12-18 03:00:03)
[2025-12-18 13:03:23]   [emp_id: 3787] SKIPPED: Already updated today (2025-12-18 03:00:03)
[2025-12-18 13:03:23]   [emp_id: 3790] SKIPPED: Already updated today (2025-12-18 03:00:03)
[2025-12-18 13:03:23]   [emp_id: 3795] SKIPPED: Already updated today (2025-12-18 03:00:03)
[2025-12-18 13:03:23]   [emp_id: 3798] SKIPPED: Already updated today (2025-12-18 03:00:03)
[2025-12-18 13:03:23]   [emp_id: 3801] SKIPPED: Already updated today (2025-12-18 03:00:03)
[2025-12-18 13:03:23]   [emp_id: 3802] SKIPPED: Already updated today (2025-12-18 03:00:03)
[2025-12-18 13:03:23]   [emp_id: 3803] SKIPPED: Already updated today (2025-12-18 03:00:03)
[2025-12-18 13:03:23]   [emp_id: 3810] SKIPPED: Already updated today (2025-12-18 03:00:03)
[2025-12-18 13:03:23]   [emp_id: 3812] SKIPPED: Already updated today (2025-12-18 03:00:03)
[2025-12-18 13:03:23]   [emp_id: 3815] SKIPPED: Already updated today (2025-12-18 03:00:03)
[2025-12-18 13:03:23]   [emp_id: 3836] SKIPPED: Already updated today (2025-12-18 03:00:03)
[2025-12-18 13:03:23]   [emp_id: 3855] SKIPPED: Already updated today (2025-12-18 03:00:03)
[2025-12-18 13:03:23]   [emp_id: 3857] SKIPPED: Already updated today (2025-12-18 03:00:03)
[2025-12-18 13:03:23]   [emp_id: 3862] SKIPPED: Already updated today (2025-12-18 03:00:03)
[2025-12-18 13:03:23]   [emp_id: 3866] SKIPPED: Already updated today (2025-12-18 03:00:03)
[2025-12-18 13:03:23]   [emp_id: 3876] SKIPPED: Already updated today (2025-12-18 03:00:03)
[2025-12-18 13:03:23]   [emp_id: 3877] SKIPPED: Already updated today (2025-12-18 03:00:03)
[2025-12-18 13:03:23]   [emp_id: 3897] SKIPPED: Already updated today (2025-12-18 03:00:03)
[2025-12-18 13:03:23]   [emp_id: 3899] SKIPPED: Already updated today (2025-12-18 03:00:03)
[2025-12-18 13:03:23]   [emp_id: 3928] SKIPPED: Already updated today (2025-12-18 03:00:03)
[2025-12-18 13:03:23]   [emp_id: 3929] SKIPPED: Already updated today (2025-12-18 03:00:03)
[2025-12-18 13:03:23]   [emp_id: 3935] SKIPPED: Already updated today (2025-12-18 03:00:03)
[2025-12-18 13:03:23]   [emp_id: 3952] SKIPPED: Already updated today (2025-12-18 03:00:03)
[2025-12-18 13:03:23]   [emp_id: 3987] SKIPPED: Already updated today (2025-12-18 03:00:03)
[2025-12-18 13:03:23]   [emp_id: 4059] SKIPPED: Already updated today (2025-12-18 03:00:03)
[2025-12-18 13:03:23]   [emp_id: 4119] SKIPPED: Already updated today (2025-12-18 03:00:03)
[2025-12-18 13:03:23]   [emp_id: 4120] SKIPPED: Already updated today (2025-12-18 03:00:03)
[2025-12-18 13:03:23]   [emp_id: 4124] SKIPPED: Already updated today (2025-12-18 03:00:03)
[2025-12-18 13:03:23]   [emp_id: 4133] SKIPPED: Already updated today (2025-12-18 03:00:03)
[2025-12-18 13:03:23]   [emp_id: 4134] SKIPPED: Already updated today (2025-12-18 03:00:03)
[2025-12-18 13:03:23]   [emp_id: 4136] SKIPPED: Already updated today (2025-12-18 03:00:03)
[2025-12-18 13:03:23]   [emp_id: 4150] SKIPPED: Already updated today (2025-12-18 03:00:03)
[2025-12-18 13:03:23]   [emp_id: 4157] SKIPPED: Already updated today (2025-12-18 03:00:03)
[2025-12-18 13:03:23]   [emp_id: 4172] SKIPPED: Already updated today (2025-12-18 03:00:03)
[2025-12-18 13:03:23]   [emp_id: 4195] SKIPPED: Already updated today (2025-12-18 03:00:03)
[2025-12-18 13:03:23]   [emp_id: 4215] SKIPPED: Already updated today (2025-12-18 03:00:03)
[2025-12-18 13:03:23]   [emp_id: 4220] SKIPPED: Already updated today (2025-12-18 03:00:03)
[2025-12-18 13:03:23]   [emp_id: 4273] SKIPPED: Already updated today (2025-12-18 03:00:03)
[2025-12-18 13:03:23]   [emp_id: 4283] SKIPPED: Already updated today (2025-12-18 03:00:03)
[2025-12-18 13:03:23]   [emp_id: 4288] SKIPPED: Already updated today (2025-12-18 03:00:03)
[2025-12-18 13:03:23]   [emp_id: 4315] SKIPPED: Already updated today (2025-12-18 03:00:03)
[2025-12-18 13:03:23]   [emp_id: 4328] SKIPPED: Already updated today (2025-12-18 03:00:03)
[2025-12-18 13:03:23]   [emp_id: 4329] SKIPPED: Already updated today (2025-12-18 03:00:03)
[2025-12-18 13:03:23]   [emp_id: 4338] SKIPPED: Already updated today (2025-12-18 03:00:03)
[2025-12-18 13:03:23]   [emp_id: 4340] SKIPPED: Already updated today (2025-12-18 03:00:03)
[2025-12-18 13:03:23]   [emp_id: 4365] SKIPPED: Already updated today (2025-12-18 03:00:03)
[2025-12-18 13:03:23]   [emp_id: 4366] SKIPPED: Already updated today (2025-12-18 03:00:03)
[2025-12-18 13:03:23]   [emp_id: 4403] SKIPPED: Already updated today (2025-12-18 03:00:03)
[2025-12-18 13:03:23]   [emp_id: 4438] SKIPPED: Already updated today (2025-12-18 03:00:03)
[2025-12-18 13:03:23]   [emp_id: 4465] SKIPPED: Already updated today (2025-12-18 03:00:03)
[2025-12-18 13:03:23]   [emp_id: 4473] SKIPPED: Already updated today (2025-12-18 03:00:03)
[2025-12-18 13:03:23]   [emp_id: 4474] SKIPPED: Already updated today (2025-12-18 03:00:03)
[2025-12-18 13:03:23]   [emp_id: 4493] SKIPPED: Already updated today (2025-12-18 03:00:03)
[2025-12-18 13:03:23]   [emp_id: 4526] SKIPPED: Already updated today (2025-12-18 03:00:03)
[2025-12-18 13:03:23]   [emp_id: 4528] SKIPPED: Already updated today (2025-12-18 03:00:03)
[2025-12-18 13:03:23]   [emp_id: 4528] SKIPPED: Already updated today (2025-12-18 03:00:03)
[2025-12-18 13:03:23]   [emp_id: 4532] SKIPPED: Already updated today (2025-12-18 03:00:03)
[2025-12-18 13:03:23]   [emp_id: 4533] SKIPPED: Already updated today (2025-12-18 03:00:03)
[2025-12-18 13:03:23]   [emp_id: 4564] SKIPPED: Already updated today (2025-12-18 03:00:03)
[2025-12-18 13:03:23]   [emp_id: 4565] SKIPPED: Already updated today (2025-12-18 03:00:03)
[2025-12-18 13:03:23]   [emp_id: 4567] SKIPPED: Already updated today (2025-12-18 03:00:03)
[2025-12-18 13:03:23]   [emp_id: 4572] SKIPPED: Already updated today (2025-12-18 03:00:04)
[2025-12-18 13:03:23]   [emp_id: 4631] SKIPPED: Already updated today (2025-12-18 03:00:04)
[2025-12-18 13:03:23]   [emp_id: 4655] SKIPPED: Already updated today (2025-12-18 03:00:04)
[2025-12-18 13:03:23]   [emp_id: 4689] SKIPPED: Already updated today (2025-12-18 03:00:04)
[2025-12-18 13:03:23]   [emp_id: 4709] SKIPPED: Already updated today (2025-12-18 03:00:04)
[2025-12-18 13:03:23]   [emp_id: 4717] SKIPPED: Already updated today (2025-12-18 03:00:04)
[2025-12-18 13:03:23]   [emp_id: 4736] SKIPPED: Already updated today (2025-12-18 03:00:04)
[2025-12-18 13:03:23]   [emp_id: 4756] SKIPPED: Already updated today (2025-12-18 03:00:04)
[2025-12-18 13:03:23]   [emp_id: 4768] SKIPPED: Already updated today (2025-12-18 03:00:04)
[2025-12-18 13:03:23]   [emp_id: 4780] SKIPPED: Already updated today (2025-12-18 03:00:04)
[2025-12-18 13:03:23]   [emp_id: 4820] SKIPPED: Already updated today (2025-12-18 03:00:04)
[2025-12-18 13:03:23]   [emp_id: 4825] SKIPPED: Already updated today (2025-12-18 03:00:04)
[2025-12-18 13:03:23]   [emp_id: 4835] SKIPPED: Already updated today (2025-12-18 03:00:04)
[2025-12-18 13:03:23]   [emp_id: 4837] SKIPPED: Already updated today (2025-12-18 03:00:04)
[2025-12-18 13:03:23]   [emp_id: 4838] SKIPPED: Already updated today (2025-12-18 03:00:04)
[2025-12-18 13:03:23]   [emp_id: 4840] SKIPPED: Already updated today (2025-12-18 03:00:04)
[2025-12-18 13:03:23]   [emp_id: 4842] SKIPPED: Already updated today (2025-12-18 03:00:04)
[2025-12-18 13:03:23]   [emp_id: 4843] SKIPPED: Already updated today (2025-12-18 03:00:04)
[2025-12-18 13:03:23]   [emp_id: 4853] SKIPPED: Already updated today (2025-12-18 03:00:04)
[2025-12-18 13:03:23]   [emp_id: 4856] SKIPPED: Already updated today (2025-12-18 03:00:04)
[2025-12-18 13:03:23]   [emp_id: 4857] SKIPPED: Already updated today (2025-12-18 03:00:04)
[2025-12-18 13:03:23]   [emp_id: 4858] SKIPPED: Already updated today (2025-12-18 03:00:04)
[2025-12-18 13:03:23]   [emp_id: 4859] SKIPPED: Already updated today (2025-12-18 03:00:04)
[2025-12-18 13:03:23]   [emp_id: 4860] SKIPPED: Already updated today (2025-12-18 03:00:04)
[2025-12-18 13:03:23]   [emp_id: 4861] SKIPPED: Already updated today (2025-12-18 03:00:04)
[2025-12-18 13:03:23]   [emp_id: 4869] SKIPPED: Already updated today (2025-12-18 03:00:04)
[2025-12-18 13:03:23]   [emp_id: 4894] SKIPPED: Already updated today (2025-12-18 03:00:04)
[2025-12-18 13:03:23]   [emp_id: 4897] SKIPPED: Already updated today (2025-12-18 03:00:04)
[2025-12-18 13:03:23]   [emp_id: 4899] SKIPPED: Already updated today (2025-12-18 03:00:04)
[2025-12-18 13:03:23]   [emp_id: 4902] SKIPPED: Already updated today (2025-12-18 03:00:04)
[2025-12-18 13:03:23]   [emp_id: 4903] SKIPPED: Already updated today (2025-12-18 03:00:04)
[2025-12-18 13:03:23]   [emp_id: 4905] SKIPPED: Already updated today (2025-12-18 03:00:04)
[2025-12-18 13:03:23]   [emp_id: 4907] SKIPPED: Already updated today (2025-12-18 03:00:04)
[2025-12-18 13:03:23]   [emp_id: 4917] SKIPPED: Already updated today (2025-12-18 03:00:04)
[2025-12-18 13:03:23]   [emp_id: 4918] SKIPPED: Already updated today (2025-12-18 03:00:04)
[2025-12-18 13:03:23]   [emp_id: 4919] SKIPPED: Already updated today (2025-12-18 03:00:04)
[2025-12-18 13:03:23]   [emp_id: 4920] SKIPPED: Already updated today (2025-12-18 03:00:04)
[2025-12-18 13:03:23]   [emp_id: 4921] SKIPPED: Already updated today (2025-12-18 03:00:04)
[2025-12-18 13:03:23]   [emp_id: 4927] SKIPPED: Already updated today (2025-12-18 03:00:04)
[2025-12-18 13:03:23]   [emp_id: 4929] SKIPPED: Already updated today (2025-12-18 03:00:04)
[2025-12-18 13:03:23]   [emp_id: 4930] SKIPPED: Already updated today (2025-12-18 03:00:04)
[2025-12-18 13:03:23]   [emp_id: 4932] SKIPPED: Already updated today (2025-12-18 03:00:04)
[2025-12-18 13:03:23]   [emp_id: 4933] SKIPPED: Already updated today (2025-12-18 03:00:04)
[2025-12-18 13:03:23]   [emp_id: 4949] SKIPPED: Already updated today (2025-12-18 03:00:04)
[2025-12-18 13:03:23]   [emp_id: 4956] SKIPPED: Already updated today (2025-12-18 03:00:04)
[2025-12-18 13:03:23]   [emp_id: 4957] SKIPPED: Already updated today (2025-12-18 03:00:04)
[2025-12-18 13:03:23]   [emp_id: 4962] SKIPPED: Already updated today (2025-12-18 03:00:04)
[2025-12-18 13:03:23]   [emp_id: 4969] SKIPPED: Already updated today (2025-12-18 03:00:04)
[2025-12-18 13:03:23]   [emp_id: 4976] SKIPPED: Already updated today (2025-12-18 03:00:04)
[2025-12-18 13:03:23]   [emp_id: 4984] SKIPPED: Already updated today (2025-12-18 03:00:04)
[2025-12-18 13:03:23]   [emp_id: 4995] SKIPPED: Already updated today (2025-12-18 03:00:04)
[2025-12-18 13:03:23]   [emp_id: 5004] SKIPPED: Already updated today (2025-12-18 03:00:04)
[2025-12-18 13:03:23]   [emp_id: 5006] SKIPPED: Already updated today (2025-12-18 03:00:04)
[2025-12-18 13:03:23]   [emp_id: 5011] SKIPPED: Already updated today (2025-12-18 03:00:04)
[2025-12-18 13:03:23]   [emp_id: 5013] SKIPPED: Already updated today (2025-12-18 03:00:04)
[2025-12-18 13:03:23]   [emp_id: 5018] SKIPPED: Already updated today (2025-12-18 03:00:04)
[2025-12-18 13:03:23]   [emp_id: 5021] SKIPPED: Already updated today (2025-12-18 03:00:04)
[2025-12-18 13:03:23]   [emp_id: 5021] SKIPPED: Already updated today (2025-12-18 03:00:04)
[2025-12-18 13:03:23]   [emp_id: 5024] SKIPPED: Already updated today (2025-12-18 03:00:04)
[2025-12-18 13:03:23]   [emp_id: 5030] SKIPPED: Already updated today (2025-12-18 03:00:04)
[2025-12-18 13:03:23]   [emp_id: 5033] SKIPPED: Already updated today (2025-12-18 03:00:04)
[2025-12-18 13:03:23]   [emp_id: 5043] SKIPPED: Already updated today (2025-12-18 03:00:04)
[2025-12-18 13:03:23]   [emp_id: 5045] SKIPPED: Already updated today (2025-12-18 03:00:04)
[2025-12-18 13:03:23]   [emp_id: 5046] SKIPPED: Already updated today (2025-12-18 03:00:04)
[2025-12-18 13:03:23]   [emp_id: 5049] SKIPPED: Already updated today (2025-12-18 03:00:04)
[2025-12-18 13:03:23]   [emp_id: 5052] SKIPPED: Already updated today (2025-12-18 03:00:04)
[2025-12-18 13:03:23]   [emp_id: 5055] SKIPPED: Already updated today (2025-12-18 03:00:04)
[2025-12-18 13:03:23]   [emp_id: 5058] SKIPPED: Already updated today (2025-12-18 03:00:04)
[2025-12-18 13:03:23]   [emp_id: 5062] SKIPPED: Already updated today (2025-12-18 03:00:04)
[2025-12-18 13:03:23]   [emp_id: 5064] SKIPPED: Already updated today (2025-12-18 03:00:04)
[2025-12-18 13:03:23]   [emp_id: 5065] SKIPPED: Already updated today (2025-12-18 03:00:04)
[2025-12-18 13:03:23]   [emp_id: 5071] SKIPPED: Already updated today (2025-12-18 03:00:04)
[2025-12-18 13:03:23]   [emp_id: 5073] SKIPPED: Already updated today (2025-12-18 03:00:04)
[2025-12-18 13:03:23]   [emp_id: 5079] SKIPPED: Already updated today (2025-12-18 03:00:04)
[2025-12-18 13:03:23]   [emp_id: 5080] SKIPPED: Already updated today (2025-12-18 03:00:04)
[2025-12-18 13:03:23]   [emp_id: 5081] SKIPPED: Already updated today (2025-12-18 03:00:04)
[2025-12-18 13:03:23]   [emp_id: 5087] SKIPPED: Already updated today (2025-12-18 03:00:04)
[2025-12-18 13:03:23]   [emp_id: 5091] SKIPPED: Already updated today (2025-12-18 03:00:04)
[2025-12-18 13:03:23]   [emp_id: 5093] SKIPPED: Already updated today (2025-12-18 03:00:04)
[2025-12-18 13:03:23]   [emp_id: 5095] SKIPPED: Already updated today (2025-12-18 03:00:04)
[2025-12-18 13:03:23]   [emp_id: 5101] SKIPPED: Already updated today (2025-12-18 03:00:04)
[2025-12-18 13:03:23]   [emp_id: 5107] SKIPPED: Already updated today (2025-12-18 03:00:04)
[2025-12-18 13:03:23]   [emp_id: 5109] SKIPPED: Already updated today (2025-12-18 03:00:04)
[2025-12-18 13:03:23]   [emp_id: 5119] SKIPPED: Already updated today (2025-12-18 03:00:04)
[2025-12-18 13:03:23]   [emp_id: 5122] SKIPPED: Already updated today (2025-12-18 03:00:04)
[2025-12-18 13:03:23]   [emp_id: 5126] SKIPPED: Already updated today (2025-12-18 03:00:04)
[2025-12-18 13:03:23]   [emp_id: 5127] SKIPPED: Already updated today (2025-12-18 03:00:04)
[2025-12-18 13:03:23]   [emp_id: 5128] SKIPPED: Already updated today (2025-12-18 03:00:04)
[2025-12-18 13:03:23]   [emp_id: 5138] SKIPPED: Already updated today (2025-12-18 03:00:04)
[2025-12-18 13:03:23]   [emp_id: 5138] SKIPPED: Already updated today (2025-12-18 03:00:04)
[2025-12-18 13:03:23]   [emp_id: 5141] SKIPPED: Already updated today (2025-12-18 03:00:04)
[2025-12-18 13:03:23]   [emp_id: 5142] SKIPPED: Already updated today (2025-12-18 03:00:04)
[2025-12-18 13:03:23]   [emp_id: 5146] SKIPPED: Already updated today (2025-12-18 03:00:04)
[2025-12-18 13:03:23]   [emp_id: 5147] SKIPPED: Already updated today (2025-12-18 03:00:04)
[2025-12-18 13:03:23]   [emp_id: 5148] SKIPPED: Already updated today (2025-12-18 03:00:04)
[2025-12-18 13:03:23]   [emp_id: 5149] SKIPPED: Already updated today (2025-12-18 03:00:04)
[2025-12-18 13:03:23]   [emp_id: 5150] SKIPPED: Already updated today (2025-12-18 03:00:04)
[2025-12-18 13:03:23]   [emp_id: 5151] SKIPPED: Already updated today (2025-12-18 03:00:04)
[2025-12-18 13:03:23]   [emp_id: 5152] SKIPPED: Already updated today (2025-12-18 03:00:04)
[2025-12-18 13:03:23]   [emp_id: 5157] SKIPPED: Already updated today (2025-12-18 03:00:04)
[2025-12-18 13:03:23]   [emp_id: 5160] SKIPPED: Already updated today (2025-12-18 03:00:04)
[2025-12-18 13:03:23]   [emp_id: 5163] SKIPPED: Already updated today (2025-12-18 03:00:04)
[2025-12-18 13:03:23]   [emp_id: 5165] SKIPPED: Already updated today (2025-12-18 03:00:04)
[2025-12-18 13:03:23]   [emp_id: 5167] SKIPPED: Already updated today (2025-12-18 03:00:04)
[2025-12-18 13:03:23]   [emp_id: 5168] SKIPPED: Already updated today (2025-12-18 03:00:04)
[2025-12-18 13:03:23]   [emp_id: 5173] SKIPPED: Already updated today (2025-12-18 03:00:04)
[2025-12-18 13:03:23]   [emp_id: 5174] SKIPPED: Already updated today (2025-12-18 03:00:04)
[2025-12-18 13:03:23]   [emp_id: 5181] SKIPPED: Already updated today (2025-12-18 03:00:04)
[2025-12-18 13:03:23]   [emp_id: 5186] SKIPPED: Already updated today (2025-12-18 03:00:04)
[2025-12-18 13:03:23]   [emp_id: 5187] SKIPPED: Already updated today (2025-12-18 03:00:04)
[2025-12-18 13:03:23]   [emp_id: 5204] SKIPPED: Already updated today (2025-12-18 03:00:04)
[2025-12-18 13:03:23]   [emp_id: 5205] SKIPPED: Already updated today (2025-12-18 03:00:04)
[2025-12-18 13:03:23]   [emp_id: 5209] SKIPPED: Already updated today (2025-12-18 03:00:04)
[2025-12-18 13:03:23]   [emp_id: 5213] SKIPPED: Already updated today (2025-12-18 03:00:04)
[2025-12-18 13:03:23]   [emp_id: 5214] SKIPPED: Already updated today (2025-12-18 03:00:04)
[2025-12-18 13:03:23]   [emp_id: 5215] SKIPPED: Already updated today (2025-12-18 03:00:04)
[2025-12-18 13:03:23]   [emp_id: 5217] SKIPPED: Already updated today (2025-12-18 03:00:04)
[2025-12-18 13:03:23]   [emp_id: 5219] SKIPPED: Already updated today (2025-12-18 03:00:04)
[2025-12-18 13:03:23]   [emp_id: 5221] SKIPPED: Already updated today (2025-12-18 03:00:04)
[2025-12-18 13:03:23]   [emp_id: 5224] SKIPPED: Already updated today (2025-12-18 03:00:04)
[2025-12-18 13:03:23]   [emp_id: 5225] SKIPPED: Already updated today (2025-12-18 03:00:04)
[2025-12-18 13:03:23]   [emp_id: 5228] SKIPPED: Already updated today (2025-12-18 03:00:04)
[2025-12-18 13:03:23]   [emp_id: 5229] SKIPPED: Already updated today (2025-12-18 03:00:04)
[2025-12-18 13:03:23]   [emp_id: 5230] SKIPPED: Already updated today (2025-12-18 03:00:04)
[2025-12-18 13:03:23]   [emp_id: 5231] SKIPPED: Already updated today (2025-12-18 03:00:04)
[2025-12-18 13:03:23]   [emp_id: 5232] SKIPPED: Already updated today (2025-12-18 03:00:04)
[2025-12-18 13:03:23]   [emp_id: 5233] SKIPPED: Already updated today (2025-12-18 03:00:04)
[2025-12-18 13:03:23]   [emp_id: 5234] SKIPPED: Already updated today (2025-12-18 03:00:04)
[2025-12-18 13:03:23]   [emp_id: 5235] SKIPPED: Already updated today (2025-12-18 03:00:04)
[2025-12-18 13:03:23]   [emp_id: 5237] SKIPPED: Already updated today (2025-12-18 03:00:04)
[2025-12-18 13:03:23]   [emp_id: 5238] SKIPPED: Already updated today (2025-12-18 03:00:04)
[2025-12-18 13:03:23]   [emp_id: 5239] SKIPPED: Already updated today (2025-12-18 03:00:04)
[2025-12-18 13:03:23]   [emp_id: 5241] SKIPPED: Already updated today (2025-12-18 03:00:04)
[2025-12-18 13:03:23]   [emp_id: 5242] SKIPPED: Already updated today (2025-12-18 03:00:04)
[2025-12-18 13:03:23]   [emp_id: 5243] SKIPPED: Already updated today (2025-12-18 03:00:04)
[2025-12-18 13:03:23]   [emp_id: 5244] SKIPPED: Already updated today (2025-12-18 03:00:04)
[2025-12-18 13:03:23]   [emp_id: 5246] SKIPPED: Already updated today (2025-12-18 03:00:04)
[2025-12-18 13:03:23]   [emp_id: 5253] SKIPPED: Already updated today (2025-12-18 03:00:04)
[2025-12-18 13:03:23]   [emp_id: 5254] SKIPPED: Already updated today (2025-12-18 03:00:04)
[2025-12-18 13:03:23]   [emp_id: 5257] SKIPPED: Already updated today (2025-12-18 03:00:04)
[2025-12-18 13:03:23]   [emp_id: 5259] SKIPPED: Already updated today (2025-12-18 03:00:04)
[2025-12-18 13:03:23]   [emp_id: 5261] SKIPPED: Already updated today (2025-12-18 03:00:04)
[2025-12-18 13:03:23]   [emp_id: 5264] SKIPPED: Already updated today (2025-12-18 03:00:04)
[2025-12-18 13:03:23]   [emp_id: 5266] SKIPPED: Already updated today (2025-12-18 03:00:04)
[2025-12-18 13:03:23]   [emp_id: 5268] SKIPPED: Already updated today (2025-12-18 03:00:04)
[2025-12-18 13:03:23]   [emp_id: 5271] SKIPPED: Already updated today (2025-12-18 03:00:04)
[2025-12-18 13:03:23]   [emp_id: 5272] SKIPPED: Already updated today (2025-12-18 03:00:04)
[2025-12-18 13:03:23]   [emp_id: 5273] SKIPPED: Already updated today (2025-12-18 03:00:04)
[2025-12-18 13:03:23]   [emp_id: 5275] SKIPPED: Already updated today (2025-12-18 03:00:04)
[2025-12-18 13:03:23]   [emp_id: 5276] SKIPPED: Already updated today (2025-12-18 03:00:04)
[2025-12-18 13:03:23]   [emp_id: 5278] SKIPPED: Already updated today (2025-12-18 03:00:04)
[2025-12-18 13:03:23]   [emp_id: 5280] SKIPPED: Already updated today (2025-12-18 03:00:04)
[2025-12-18 13:03:23]   [emp_id: 5282] SKIPPED: Already updated today (2025-12-18 03:00:04)
[2025-12-18 13:03:23]   [emp_id: 5285] SKIPPED: Already updated today (2025-12-18 03:00:05)
[2025-12-18 13:03:23]   [emp_id: 5286] SKIPPED: Already updated today (2025-12-18 03:00:05)
[2025-12-18 13:03:23]   [emp_id: 5287] SKIPPED: Already updated today (2025-12-18 03:00:05)
[2025-12-18 13:03:23]   [emp_id: 5288] SKIPPED: Already updated today (2025-12-18 03:00:05)
[2025-12-18 13:03:23]   [emp_id: 5289] SKIPPED: Already updated today (2025-12-18 03:00:05)
[2025-12-18 13:03:23]   [emp_id: 5290] SKIPPED: Already updated today (2025-12-18 03:00:05)
[2025-12-18 13:03:23]   [emp_id: 5291] SKIPPED: Already updated today (2025-12-18 03:00:05)
[2025-12-18 13:03:23]   [emp_id: 5292] SKIPPED: Already updated today (2025-12-18 03:00:05)
[2025-12-18 13:03:23]   [emp_id: 5293] SKIPPED: Already updated today (2025-12-18 03:00:05)
[2025-12-18 13:03:23]   [emp_id: 5294] SKIPPED: Already updated today (2025-12-18 03:00:05)
[2025-12-18 13:03:23]   [emp_id: 5295] SKIPPED: Already updated today (2025-12-18 03:00:05)
[2025-12-18 13:03:23]   [emp_id: 5296] SKIPPED: Already updated today (2025-12-18 03:00:05)
[2025-12-18 13:03:23]   [emp_id: 5297] SKIPPED: Already updated today (2025-12-18 03:00:05)
[2025-12-18 13:03:23]   [emp_id: 5298] SKIPPED: Already updated today (2025-12-18 03:00:05)
[2025-12-18 13:03:23]   [emp_id: 5299] SKIPPED: Already updated today (2025-12-18 03:00:05)
[2025-12-18 13:03:23]   [emp_id: 5300] SKIPPED: Already updated today (2025-12-18 03:00:05)
[2025-12-18 13:03:23]   [emp_id: 5301] SKIPPED: Already updated today (2025-12-18 03:00:05)
[2025-12-18 13:03:23]   [emp_id: 5303] SKIPPED: Already updated today (2025-12-18 03:00:05)
[2025-12-18 13:03:23]   [emp_id: 5304] SKIPPED: Already updated today (2025-12-18 03:00:05)
[2025-12-18 13:03:23]   [emp_id: 5305] SKIPPED: Already updated today (2025-12-18 03:00:05)
[2025-12-18 13:03:23]   [emp_id: 5306] SKIPPED: Already updated today (2025-12-18 03:00:05)
[2025-12-18 13:03:23]   [emp_id: 5307] SKIPPED: Already updated today (2025-12-18 03:00:05)
[2025-12-18 13:03:23]   [emp_id: 5312] SKIPPED: Already updated today (2025-12-18 03:00:05)
[2025-12-18 13:03:23]   [emp_id: 5318] SKIPPED: Already updated today (2025-12-18 03:00:05)
[2025-12-18 13:03:23]   [emp_id: 5325] SKIPPED: Already updated today (2025-12-18 03:00:05)
[2025-12-18 13:03:23]   [emp_id: 5327] SKIPPED: Already updated today (2025-12-18 03:00:05)
[2025-12-18 13:03:23]   [emp_id: 5331] SKIPPED: Already updated today (2025-12-18 03:00:05)
[2025-12-18 13:03:23]   [emp_id: 5337] SKIPPED: Already updated today (2025-12-18 03:00:05)
[2025-12-18 13:03:23]   [emp_id: 5339] SKIPPED: Already updated today (2025-12-18 03:00:05)
[2025-12-18 13:03:23]   [emp_id: 5343] SKIPPED: Already updated today (2025-12-18 03:00:05)
[2025-12-18 13:03:23]   [emp_id: 5343] SKIPPED: Already updated today (2025-12-18 03:00:05)
[2025-12-18 13:03:23]   [emp_id: 5345] SKIPPED: Already updated today (2025-12-18 03:00:05)
[2025-12-18 13:03:23]   [emp_id: 5346] SKIPPED: Already updated today (2025-12-18 13:43:49)
[2025-12-18 13:03:23]   [emp_id: 5351] SKIPPED: Already updated today (2025-12-18 13:43:10)
[2025-12-18 13:03:23]   [emp_id: 5352] SKIPPED: Already updated today (2025-12-18 03:00:05)
[2025-12-18 13:03:23]   [emp_id: 5370] SKIPPED: Already updated today (2025-12-18 03:00:05)
[2025-12-18 13:03:23]   [emp_id: 5371] SKIPPED: Already updated today (2025-12-18 03:00:05)
[2025-12-18 13:03:23]   [emp_id: 5376] SKIPPED: Already updated today (2025-12-18 03:00:05)
[2025-12-18 13:03:23]   [emp_id: 5378] SKIPPED: Already updated today (2025-12-18 03:00:05)
[2025-12-18 13:03:23]   [emp_id: 5380] SKIPPED: Already updated today (2025-12-18 03:00:05)
[2025-12-18 13:03:23]   [emp_id: 5381] SKIPPED: Already updated today (2025-12-18 03:00:05)
[2025-12-18 13:03:23]   [emp_id: 5383] SKIPPED: Already updated today (2025-12-18 03:00:05)
[2025-12-18 13:03:23]   [emp_id: 5388] SKIPPED: Already updated today (2025-12-18 03:00:05)
[2025-12-18 13:03:23]   [emp_id: 5396] SKIPPED: Already updated today (2025-12-18 03:00:05)
[2025-12-18 13:03:23]   [emp_id: 5397] SKIPPED: Already updated today (2025-12-18 03:00:05)
[2025-12-18 13:03:23]   [emp_id: 5401] SKIPPED: Already updated today (2025-12-18 03:00:05)
[2025-12-18 13:03:23]   [emp_id: 5402] SKIPPED: Already updated today (2025-12-18 03:00:05)
[2025-12-18 13:03:23]   [emp_id: 5406] SKIPPED: Already updated today (2025-12-18 03:00:05)
[2025-12-18 13:03:23]   [emp_id: 5407] SKIPPED: Already updated today (2025-12-18 03:00:05)
[2025-12-18 13:03:23]   [emp_id: 5408] SKIPPED: Already updated today (2025-12-18 03:00:05)
[2025-12-18 13:03:23]   [emp_id: 5409] SKIPPED: Already updated today (2025-12-18 03:00:05)
[2025-12-18 13:03:23]   [emp_id: 5413] SKIPPED: Already updated today (2025-12-18 03:00:05)
[2025-12-18 13:03:23]   [emp_id: 5414] SKIPPED: Already updated today (2025-12-18 03:00:05)
[2025-12-18 13:03:23]   [emp_id: 5415] SKIPPED: Already updated today (2025-12-18 03:00:05)
[2025-12-18 13:03:23]   [emp_id: 5418] SKIPPED: Already updated today (2025-12-18 03:00:05)
[2025-12-18 13:03:23]   [emp_id: 5422] SKIPPED: Already updated today (2025-12-18 03:00:05)
[2025-12-18 13:03:23]   [emp_id: 5423] SKIPPED: Already updated today (2025-12-18 03:00:05)
[2025-12-18 13:03:23]   [emp_id: 5423] SKIPPED: Already updated today (2025-12-18 03:00:05)
[2025-12-18 13:03:23]   [emp_id: 5423] SKIPPED: Already updated today (2025-12-18 03:00:05)
[2025-12-18 13:03:23]   [emp_id: 5424] SKIPPED: Already updated today (2025-12-18 03:00:05)
[2025-12-18 13:03:23]   [emp_id: 5425] SKIPPED: Already updated today (2025-12-18 03:00:05)
[2025-12-18 13:03:23]   [emp_id: 5426] SKIPPED: Already updated today (2025-12-18 03:00:05)
[2025-12-18 13:03:23]   [emp_id: 5426] SKIPPED: Already updated today (2025-12-18 03:00:05)
[2025-12-18 13:03:23]   [emp_id: 5427] SKIPPED: Already updated today (2025-12-18 03:00:05)
[2025-12-18 13:03:23]   [emp_id: 5428] SKIPPED: Already updated today (2025-12-18 03:00:05)
[2025-12-18 13:03:23]   [emp_id: 5430] SKIPPED: Already updated today (2025-12-18 03:00:05)
[2025-12-18 13:03:23]   [emp_id: 5431] SKIPPED: Already updated today (2025-12-18 03:00:05)
[2025-12-18 13:03:23]   [emp_id: 5434] SKIPPED: Already updated today (2025-12-18 03:00:05)
[2025-12-18 13:03:23]   [emp_id: 5435] SKIPPED: Already updated today (2025-12-18 03:00:05)
[2025-12-18 13:03:23]   [emp_id: 5436] SKIPPED: Already updated today (2025-12-18 03:00:05)
[2025-12-18 13:03:23]   [emp_id: 5438] SKIPPED: Already updated today (2025-12-18 03:00:05)
[2025-12-18 13:03:23]   [emp_id: 5439] SKIPPED: Already updated today (2025-12-18 03:00:05)
[2025-12-18 13:03:23]   [emp_id: 5442] SKIPPED: Already updated today (2025-12-18 03:00:05)
[2025-12-18 13:03:23]   [emp_id: 5443] SKIPPED: Already updated today (2025-12-18 03:00:05)
[2025-12-18 13:03:23]   [emp_id: 5445] SKIPPED: Already updated today (2025-12-18 03:00:05)
[2025-12-18 13:03:23]   [emp_id: 5446] SKIPPED: Already updated today (2025-12-18 03:00:05)
[2025-12-18 13:03:23]   [emp_id: 5447] SKIPPED: Already updated today (2025-12-18 03:00:05)
[2025-12-18 13:03:23]   [emp_id: 5448] SKIPPED: Already updated today (2025-12-18 03:00:05)
[2025-12-18 13:03:23]   [emp_id: 5449] SKIPPED: Already updated today (2025-12-18 03:00:05)
[2025-12-18 13:03:23]   [emp_id: 5450] SKIPPED: Already updated today (2025-12-18 03:00:05)
[2025-12-18 13:03:23]   [emp_id: 5451] SKIPPED: Already updated today (2025-12-18 03:00:05)
[2025-12-18 13:03:23]   [emp_id: 5454] SKIPPED: Already updated today (2025-12-18 03:00:05)
[2025-12-18 13:03:23]   [emp_id: 5455] SKIPPED: Already updated today (2025-12-18 03:00:05)
[2025-12-18 13:03:23]   [emp_id: 5456] SKIPPED: Already updated today (2025-12-18 03:00:05)
[2025-12-18 13:03:23] 
[2025-12-18 13:03:23] ========== SUMMARY ==========
[2025-12-18 13:03:23] Total employees processed: 437
[2025-12-18 13:03:23] Records updated: 0
[2025-12-18 13:03:23] Balances changed: 0
[2025-12-18 13:03:23] Errors: 0
[2025-12-18 13:03:23] ========== CRON: Vacation Balance Update Completed ==========
[2025-12-18 13:03:23] 
