[2025-11-24 00:40:31] ========== CRON: Vacation Balance Update Started ==========
[2025-11-24 00:40:31] Database connection established
[2025-11-24 00:40:31] Found 451 active employees with balance records to update
[2025-11-24 00:40:31] (Only employees with status=1 will be processed)
[2025-11-24 00:40:31]   [emp_id: 1061] ✓ Updated: 30.08 → 30.16 (CHANGED)
[2025-11-24 00:40:31]   [emp_id: 1496] ✓ Updated: 13.25 → 13.33 (CHANGED)
[2025-11-24 00:40:31]   [emp_id: 1500] ✓ Updated: 22.5 → 22.58 (CHANGED)
[2025-11-24 00:40:31]   [emp_id: 1574] ✓ Updated: 30.16 → 30.24 (CHANGED)
[2025-11-24 00:40:31]   [emp_id: 1673] ✓ Updated: 41.66 → 41.74 (CHANGED)
[2025-11-24 00:40:31]   [emp_id: 1685] ✓ Updated: 11.58 → 11.66 (CHANGED)
[2025-11-24 00:40:31]   [emp_id: 1764] ✓ Updated: 66.25 → 66.33 (CHANGED)
[2025-11-24 00:40:31]   [emp_id: 1805] ✓ Updated: 60.58 → 60.66 (CHANGED)
[2025-11-24 00:40:31]   [emp_id: 1822] ✓ Updated: 65.33 → 65.41 (CHANGED)
[2025-11-24 00:40:31]   [emp_id: 1837] ✓ Updated: 21.5 → 21.58 (CHANGED)
[2025-11-24 00:40:31]   [emp_id: 1857] ✓ Updated: 16.83 → 16.91 (CHANGED)
[2025-11-24 00:40:31]   [emp_id: 1861] ✓ Updated: 67.66 → 67.74 (CHANGED)
[2025-11-24 00:40:31]   [emp_id: 1872] ✓ Updated: 6.5 → 6.58 (CHANGED)
[2025-11-24 00:40:31]   [emp_id: 1897] ✓ Updated: 28.83 → 28.91 (CHANGED)
[2025-11-24 00:40:31]   [emp_id: 1916] ✓ Updated: 71.16 → 71.24 (CHANGED)
[2025-11-24 00:40:32]   [emp_id: 1928] ✓ Updated: 61.08 → 61.16 (CHANGED)
[2025-11-24 00:40:32]   [emp_id: 1931] ✓ Updated: 81 → 81.08 (CHANGED)
[2025-11-24 00:40:32]   [emp_id: 1944] ✓ Updated: 39.16 → 39.24 (CHANGED)
[2025-11-24 00:40:32]   [emp_id: 1996] ✓ Updated: 67.66 → 67.74 (CHANGED)
[2025-11-24 00:40:32]   [emp_id: 1997] ✓ Updated: 32.83 → 32.91 (CHANGED)
[2025-11-24 00:40:32]   [emp_id: 1998] ✓ Updated: 84.16 → 84.24 (CHANGED)
[2025-11-24 00:40:32]   [emp_id: 1999] ✓ Updated: 85.16 → 85.24 (CHANGED)
[2025-11-24 00:40:32]   [emp_id: 2009] ✓ Updated: 31.58 → 31.66 (CHANGED)
[2025-11-24 00:40:32]   [emp_id: 2048] ✓ Updated: 21.41 → 21.49 (CHANGED)
[2025-11-24 00:40:32]   [emp_id: 2057] ✓ Updated: 62.25 → 62.33 (CHANGED)
[2025-11-24 00:40:32]   [emp_id: 2079] ✓ Updated: 44.58 → 44.66 (CHANGED)
[2025-11-24 00:40:32]   [emp_id: 2181] ✓ Updated: 33.58 → 33.66 (CHANGED)
[2025-11-24 00:40:32]   [emp_id: 2190] ✓ Updated: 2.91 → 2.99 (CHANGED)
[2025-11-24 00:40:32]   [emp_id: 2212] ✓ Updated: 20.91 → 20.99 (CHANGED)
[2025-11-24 00:40:32]   [emp_id: 2226] ✓ Updated: 65.66 → 65.74 (CHANGED)
[2025-11-24 00:40:32]   [emp_id: 2238] ✓ Updated: 63.91 → 63.99 (CHANGED)
[2025-11-24 00:40:32]   [emp_id: 2285] ✓ Updated: 32.58 → 32.66 (CHANGED)
[2025-11-24 00:40:32]   [emp_id: 2287] ✓ Updated: 44.25 → 44.33 (CHANGED)
[2025-11-24 00:40:32]   [emp_id: 2288] ✓ Updated: 59.16 → 59.24 (CHANGED)
[2025-11-24 00:40:32]   [emp_id: 2290] ✓ Updated: 76.08 → 76.16 (CHANGED)
[2025-11-24 00:40:32]   [emp_id: 2316] ✓ Updated: 13.08 → 13.16 (CHANGED)
[2025-11-24 00:40:32]   [emp_id: 2337] ✓ Updated: 34.16 → 34.24 (CHANGED)
[2025-11-24 00:40:32]   [emp_id: 2352] ✓ Updated: 65.66 → 65.74 (CHANGED)
[2025-11-24 00:40:32]   [emp_id: 2358] ✓ Updated: 2.16 → 2.24 (CHANGED)
[2025-11-24 00:40:32]   [emp_id: 2361] ✓ Updated: 67.83 → 67.91 (CHANGED)
[2025-11-24 00:40:32]   [emp_id: 2363] ✓ Updated: 70.41 → 70.49 (CHANGED)
[2025-11-24 00:40:32]   [emp_id: 2364] ✓ Updated: 69.83 → 69.91 (CHANGED)
[2025-11-24 00:40:32]   [emp_id: 2367] ✓ Updated: 97.5 → 97.58 (CHANGED)
[2025-11-24 00:40:32]   [emp_id: 2368] ✓ Updated: 27.91 → 27.99 (CHANGED)
[2025-11-24 00:40:32]   [emp_id: 2372] ✓ Updated: 65.16 → 65.24 (CHANGED)
[2025-11-24 00:40:32]   [emp_id: 2376] ✓ Updated: 115.16 → 115.24 (CHANGED)
[2025-11-24 00:40:32]   [emp_id: 2423] ✓ Updated: 15.91 → 15.99 (CHANGED)
[2025-11-24 00:40:32]   [emp_id: 2519] ✓ Updated: 169.58 → 169.66 (CHANGED)
[2025-11-24 00:40:32]   [emp_id: 2522] ✓ Updated: 53.16 → 53.24 (CHANGED)
[2025-11-24 00:40:32]   [emp_id: 2530] ✓ Updated: 48.41 → 48.49 (CHANGED)
[2025-11-24 00:40:32]   [emp_id: 2539] ✓ Updated: 45.16 → 45.24 (CHANGED)
[2025-11-24 00:40:32]   [emp_id: 2541] ✓ Updated: 25.75 → 25.83 (CHANGED)
[2025-11-24 00:40:32]   [emp_id: 2550] ✓ Updated: 91.91 → 91.99 (CHANGED)
[2025-11-24 00:40:32]   [emp_id: 2553] ✓ Updated: 58.91 → 58.99 (CHANGED)
[2025-11-24 00:40:32]   [emp_id: 2554] ✓ Updated: 35.5 → 35.58 (CHANGED)
[2025-11-24 00:40:32]   [emp_id: 2565] ✓ Updated: 90.08 → 90.16 (CHANGED)
[2025-11-24 00:40:32]   [emp_id: 2572] ✓ Updated: 40.08 → 40.16 (CHANGED)
[2025-11-24 00:40:32]   [emp_id: 2637] ✓ Updated: 60.66 → 60.74 (CHANGED)
[2025-11-24 00:40:32]   [emp_id: 2642] ✓ Updated: 73.41 → 73.49 (CHANGED)
[2025-11-24 00:40:32]   [emp_id: 2645] ✓ Updated: 89.41 → 89.49 (CHANGED)
[2025-11-24 00:40:32]   [emp_id: 2648] ✓ Updated: 41.08 → 41.16 (CHANGED)
[2025-11-24 00:40:32]   [emp_id: 2654] ✓ Updated: 83.75 → 83.83 (CHANGED)
[2025-11-24 00:40:32]   [emp_id: 2688] ✓ Updated: 21.83 → 21.91 (CHANGED)
[2025-11-24 00:40:32]   [emp_id: 2690] ✓ Updated: 10.58 → 10.66 (CHANGED)
[2025-11-24 00:40:32]   [emp_id: 2709] ✓ Updated: 32.83 → 32.91 (CHANGED)
[2025-11-24 00:40:32]   [emp_id: 2745] ✓ Updated: 29.41 → 29.49 (CHANGED)
[2025-11-24 00:40:32]   [emp_id: 2843] ✓ Updated: 76 → 76.08 (CHANGED)
[2025-11-24 00:40:32]   [emp_id: 2854] ✓ Updated: 55.91 → 55.99 (CHANGED)
[2025-11-24 00:40:32]   [emp_id: 2869] ✓ Updated: 60.83 → 60.91 (CHANGED)
[2025-11-24 00:40:32]   [emp_id: 2876] ✓ Updated: 30.66 → 30.74 (CHANGED)
[2025-11-24 00:40:32]   [emp_id: 2924] ✓ Updated: 11.83 → 11.91 (CHANGED)
[2025-11-24 00:40:32]   [emp_id: 2953] ✓ Updated: 97.58 → 97.66 (CHANGED)
[2025-11-24 00:40:32]   [emp_id: 2961] ✓ Updated: 7.58 → 7.66 (CHANGED)
[2025-11-24 00:40:32]   [emp_id: 2975] ✓ Updated: 9.58 → 9.66 (CHANGED)
[2025-11-24 00:40:32]   [emp_id: 3013] ✓ Updated: 6.58 → 6.66 (CHANGED)
[2025-11-24 00:40:32]   [emp_id: 3014] ✓ Updated: 85.83 → 85.91 (CHANGED)
[2025-11-24 00:40:32]   [emp_id: 3015] ✓ Updated: 37.08 → 37.16 (CHANGED)
[2025-11-24 00:40:32]   [emp_id: 3018] ✓ Updated: 55.83 → 55.91 (CHANGED)
[2025-11-24 00:40:32]   [emp_id: 3025] ✓ Updated: 79.5 → 79.58 (CHANGED)
[2025-11-24 00:40:32]   [emp_id: 3037] ✓ Updated: 79.33 → 79.41 (CHANGED)
[2025-11-24 00:40:32]   [emp_id: 3047] ✓ Updated: 67.58 → 67.66 (CHANGED)
[2025-11-24 00:40:32]   [emp_id: 3061] ✓ Updated: 14.5 → 14.58 (CHANGED)
[2025-11-24 00:40:32]   [emp_id: 3062] ✓ Updated: 47.66 → 47.74 (CHANGED)
[2025-11-24 00:40:32]   [emp_id: 3074] ✓ Updated: 104.08 → 104.16 (CHANGED)
[2025-11-24 00:40:32]   [emp_id: 3089] ✓ Updated: 3 → 3.08 (CHANGED)
[2025-11-24 00:40:32]   [emp_id: 3090] ✓ Updated: 29.58 → 29.66 (CHANGED)
[2025-11-24 00:40:32]   [emp_id: 3091] ✓ Updated: 41.58 → 41.66 (CHANGED)
[2025-11-24 00:40:32]   [emp_id: 3092] ✓ Updated: 24.25 → 24.33 (CHANGED)
[2025-11-24 00:40:32]   [emp_id: 3105] ✓ Updated: 44.58 → 44.66 (CHANGED)
[2025-11-24 00:40:32]   [emp_id: 3134] ✓ Updated: 40.33 → 40.41 (CHANGED)
[2025-11-24 00:40:32]   [emp_id: 3140] ✓ Updated: 37.41 → 37.49 (CHANGED)
[2025-11-24 00:40:32]   [emp_id: 3144] ✓ Updated: 10.25 → 10.33 (CHANGED)
[2025-11-24 00:40:32]   [emp_id: 3156] ✓ Updated: 13.58 → 13.66 (CHANGED)
[2025-11-24 00:40:32]   [emp_id: 3162] ✓ Updated: 28.58 → 28.66 (CHANGED)
[2025-11-24 00:40:32]   [emp_id: 3163] ✓ Updated: 1.83 → 1.91 (CHANGED)
[2025-11-24 00:40:32]   [emp_id: 3198] ✓ Updated: 36.83 → 36.91 (CHANGED)
[2025-11-24 00:40:32]   [emp_id: 3205] ✓ Updated: 13.5 → 13.58 (CHANGED)
[2025-11-24 00:40:32]   [emp_id: 3209] ✓ Updated: 37.66 → 37.74 (CHANGED)
[2025-11-24 00:40:32]   [emp_id: 3223] ✓ Updated: 86.58 → 86.66 (CHANGED)
[2025-11-24 00:40:32]   [emp_id: 3224] ✓ Updated: 61.33 → 61.41 (CHANGED)
[2025-11-24 00:40:32]   [emp_id: 3230] ✓ Updated: 84.75 → 84.83 (CHANGED)
[2025-11-24 00:40:32]   [emp_id: 3231] ✓ Updated: 86 → 86.08 (CHANGED)
[2025-11-24 00:40:32]   [emp_id: 3233] ✓ Updated: 77.58 → 77.66 (CHANGED)
[2025-11-24 00:40:32]   [emp_id: 3249] ✓ Updated: 33.41 → 33.49 (CHANGED)
[2025-11-24 00:40:32]   [emp_id: 3250] ✓ Updated: 6.41 → 6.49 (CHANGED)
[2025-11-24 00:40:32]   [emp_id: 3252] ✓ Updated: 7.33 → 7.41 (CHANGED)
[2025-11-24 00:40:32]   [emp_id: 3254] ✓ Updated: 17.83 → 17.91 (CHANGED)
[2025-11-24 00:40:32]   [emp_id: 3255] ✓ Updated: 14.25 → 14.33 (CHANGED)
[2025-11-24 00:40:32]   [emp_id: 3256] ✓ Updated: 10.5 → 10.58 (CHANGED)
[2025-11-24 00:40:32]   [emp_id: 3263] ✓ Updated: 26.58 → 26.66 (CHANGED)
[2025-11-24 00:40:32]   [emp_id: 3265] ✓ Updated: 22.16 → 22.24 (CHANGED)
[2025-11-24 00:40:32]   [emp_id: 3280] ✓ Updated: 69.08 → 69.16 (CHANGED)
[2025-11-24 00:40:32]   [emp_id: 3286] ✓ Updated: 12.25 → 12.33 (CHANGED)
[2025-11-24 00:40:32]   [emp_id: 3294] ✓ Updated: 11.91 → 11.99 (CHANGED)
[2025-11-24 00:40:32]   [emp_id: 3321] ✓ Updated: 69.08 → 69.16 (CHANGED)
[2025-11-24 00:40:32]   [emp_id: 3325] ✓ Updated: 56.83 → 56.91 (CHANGED)
[2025-11-24 00:40:32]   [emp_id: 3329] ✓ Updated: 59.16 → 59.24 (CHANGED)
[2025-11-24 00:40:32]   [emp_id: 3330] ✓ Updated: 59.16 → 59.24 (CHANGED)
[2025-11-24 00:40:32]   [emp_id: 3332] ✓ Updated: 59.16 → 59.24 (CHANGED)
[2025-11-24 00:40:32]   [emp_id: 3370] ✓ Updated: 50.83 → 50.91 (CHANGED)
[2025-11-24 00:40:32]   [emp_id: 3384] ✓ Updated: 11.33 → 11.41 (CHANGED)
[2025-11-24 00:40:32]   [emp_id: 3386] ✓ Updated: 41.33 → 41.41 (CHANGED)
[2025-11-24 00:40:32]   [emp_id: 3431] ✓ Updated: 16.75 → 16.83 (CHANGED)
[2025-11-24 00:40:32]   [emp_id: 3497] ✓ Updated: 5.91 → 5.99 (CHANGED)
[2025-11-24 00:40:32]   [emp_id: 3532] ✓ Updated: 42.75 → 42.83 (CHANGED)
[2025-11-24 00:40:32]   [emp_id: 3586] ✓ Updated: 6.83 → 6.91 (CHANGED)
[2025-11-24 00:40:32]   [emp_id: 3602] ✓ Updated: 49.83 → 49.91 (CHANGED)
[2025-11-24 00:40:32]   [emp_id: 3618] ✓ Updated: 54.33 → 54.41 (CHANGED)
[2025-11-24 00:40:32]   [emp_id: 3622] ✓ Updated: 32.45 → 32.5 (CHANGED)
[2025-11-24 00:40:32]   [emp_id: 3627] ✓ Updated: 6.25 → 6.33 (CHANGED)
[2025-11-24 00:40:32]   [emp_id: 3665] ✓ Updated: 47.83 → 47.91 (CHANGED)
[2025-11-24 00:40:32]   [emp_id: 3705] ✓ Updated: 25.78 → 25.83 (CHANGED)
[2025-11-24 00:40:32]   [emp_id: 3724] ✓ Updated: 40.83 → 40.91 (CHANGED)
[2025-11-24 00:40:32]   [emp_id: 3726] ✓ Updated: 57.25 → 57.33 (CHANGED)
[2025-11-24 00:40:32]   [emp_id: 3727] ✓ Updated: 62.33 → 62.41 (CHANGED)
[2025-11-24 00:40:32]   [emp_id: 3728] ✓ Updated: 6.66 → 6.74 (CHANGED)
[2025-11-24 00:40:32]   [emp_id: 3742] ✓ Updated: 29.83 → 29.91 (CHANGED)
[2025-11-24 00:40:32]   [emp_id: 3767] ✓ Updated: 57.41 → 57.49 (CHANGED)
[2025-11-24 00:40:32]   [emp_id: 3768] ✓ Updated: 53.66 → 53.74 (CHANGED)
[2025-11-24 00:40:32]   [emp_id: 3787] ✓ Updated: 54.25 → 54.33 (CHANGED)
[2025-11-24 00:40:32]   [emp_id: 3790] ✓ Updated: 58.41 → 58.49 (CHANGED)
[2025-11-24 00:40:32]   [emp_id: 3795] ✓ Updated: 11.75 → 11.83 (CHANGED)
[2025-11-24 00:40:32]   [emp_id: 3798] ✓ Updated: 90.16 → 90.24 (CHANGED)
[2025-11-24 00:40:32]   [emp_id: 3801] ✓ Updated: 28.33 → 28.41 (CHANGED)
[2025-11-24 00:40:32]   [emp_id: 3802] ✓ Updated: 27.41 → 27.49 (CHANGED)
[2025-11-24 00:40:33]   [emp_id: 3803] ✓ Updated: 111.83 → 111.91 (CHANGED)
[2025-11-24 00:40:33]   [emp_id: 3810] ✓ Updated: 57.83 → 57.91 (CHANGED)
[2025-11-24 00:40:33]   [emp_id: 3812] ✓ Updated: 86.83 → 86.91 (CHANGED)
[2025-11-24 00:40:33]   [emp_id: 3815] ✓ Updated: 86.83 → 86.91 (CHANGED)
[2025-11-24 00:40:33]   [emp_id: 3836] ✓ Updated: 54.5 → 54.58 (CHANGED)
[2025-11-24 00:40:33]   [emp_id: 3855] ✓ Updated: 47.66 → 47.74 (CHANGED)
[2025-11-24 00:40:33]   [emp_id: 3857] ✓ Updated: 51.33 → 51.41 (CHANGED)
[2025-11-24 00:40:33]   [emp_id: 3862] ✓ Updated: 99.41 → 99.49 (CHANGED)
[2025-11-24 00:40:33]   [emp_id: 3866] ✓ Updated: 24.66 → 24.74 (CHANGED)
[2025-11-24 00:40:33]   [emp_id: 3876] ✓ Updated: 44.83 → 44.91 (CHANGED)
[2025-11-24 00:40:33]   [emp_id: 3877] ✓ Updated: 46.33 → 46.41 (CHANGED)
[2025-11-24 00:40:33]   [emp_id: 3897] ✓ Updated: 34.58 → 34.66 (CHANGED)
[2025-11-24 00:40:33]   [emp_id: 3899] ✓ Updated: 49.75 → 49.83 (CHANGED)
[2025-11-24 00:40:33]   [emp_id: 3928] ✓ Updated: 10.66 → 10.74 (CHANGED)
[2025-11-24 00:40:33]   [emp_id: 3929] ✓ Updated: 5.66 → 5.74 (CHANGED)
[2025-11-24 00:40:33]   [emp_id: 3935] ✓ Updated: 90.66 → 90.74 (CHANGED)
[2025-11-24 00:40:33]   [emp_id: 3952] ✓ Updated: 73 → 73.08 (CHANGED)
[2025-11-24 00:40:33]   [emp_id: 3987] ✓ Updated: 10.91 → 10.99 (CHANGED)
[2025-11-24 00:40:33]   [emp_id: 4059] ✓ Updated: 13.66 → 13.74 (CHANGED)
[2025-11-24 00:40:33]   [emp_id: 4119] ✓ Updated: 53.58 → 53.66 (CHANGED)
[2025-11-24 00:40:33]   [emp_id: 4120] ✓ Updated: 23.16 → 23.24 (CHANGED)
[2025-11-24 00:40:33]   [emp_id: 4124] ✓ Updated: 53.58 → 53.66 (CHANGED)
[2025-11-24 00:40:33]   [emp_id: 4133] ✓ Updated: 102.16 → 102.24 (CHANGED)
[2025-11-24 00:40:33]   [emp_id: 4134] ✓ Updated: 23.16 → 23.24 (CHANGED)
[2025-11-24 00:40:33]   [emp_id: 4136] ✓ Updated: 23.16 → 23.24 (CHANGED)
[2025-11-24 00:40:33]   [emp_id: 4150] ✓ Updated: 21.83 → 21.91 (CHANGED)
[2025-11-24 00:40:33]   [emp_id: 4157] ✓ Updated: 15.33 → 15.41 (CHANGED)
[2025-11-24 00:40:33]   [emp_id: 4172] ✓ Updated: 10.36 → 10.41 (CHANGED)
[2025-11-24 00:40:33]   [emp_id: 4195] ✓ Updated: 58.91 → 58.99 (CHANGED)
[2025-11-24 00:40:33]   [emp_id: 4215] ✓ Updated: 41.58 → 41.66 (CHANGED)
[2025-11-24 00:40:33]   [emp_id: 4220] ✓ Updated: 37.16 → 37.24 (CHANGED)
[2025-11-24 00:40:33]   [emp_id: 4273] ✓ Updated: 5.83 → 5.91 (CHANGED)
[2025-11-24 00:40:33]   [emp_id: 4283] ✓ Updated: 11.45 → 11.5 (CHANGED)
[2025-11-24 00:40:33]   [emp_id: 4288] ✓ Updated: 40.66 → 40.74 (CHANGED)
[2025-11-24 00:40:33]   [emp_id: 4315] ✓ Updated: 12.08 → 12.16 (CHANGED)
[2025-11-24 00:40:33]   [emp_id: 4328] ✓ Updated: 40.28 → 40.33 (CHANGED)
[2025-11-24 00:40:33]   [emp_id: 4329] ✓ Updated: 2.25 → 2.33 (CHANGED)
[2025-11-24 00:40:33]   [emp_id: 4338] ✓ Updated: 43.83 → 43.91 (CHANGED)
[2025-11-24 00:40:33]   [emp_id: 4340] ✓ Updated: 122.83 → 122.91 (CHANGED)
[2025-11-24 00:40:33]   [emp_id: 4365] ✓ Updated: 57.25 → 57.33 (CHANGED)
[2025-11-24 00:40:33]   [emp_id: 4366] ✓ Updated: 56.33 → 56.41 (CHANGED)
[2025-11-24 00:40:33]   [emp_id: 4385] ✓ Updated: 47 → 47.08 (CHANGED)
[2025-11-24 00:40:33]   [emp_id: 4403] ✓ Updated: 82.16 → 82.24 (CHANGED)
[2025-11-24 00:40:33]   [emp_id: 4438] ✓ Updated: 17.83 → 17.91 (CHANGED)
[2025-11-24 00:40:33]   [emp_id: 4465] ✓ Updated: 10.61 → 10.66 (CHANGED)
[2025-11-24 00:40:33]   [emp_id: 4473] ✓ Updated: 41.41 → 41.49 (CHANGED)
[2025-11-24 00:40:33]   [emp_id: 4474] ✓ Updated: 57.36 → 57.41 (CHANGED)
[2025-11-24 00:40:33]   [emp_id: 4493] ✓ Updated: 160.25 → 160.33 (CHANGED)
[2025-11-24 00:40:33]   [emp_id: 4526] ✓ Updated: 32.5 → 32.58 (CHANGED)
[2025-11-24 00:40:33]   [emp_id: 4528] ✓ Updated: 104.25 → 104.33 (CHANGED)
[2025-11-24 00:40:33]   [emp_id: 4528] ✓ Updated: 104.25 → 104.33 (CHANGED)
[2025-11-24 00:40:33]   [emp_id: 4532] ✓ Updated: 68.11 → 68.16 (CHANGED)
[2025-11-24 00:40:33]   [emp_id: 4533] ✓ Updated: 32.66 → 32.74 (CHANGED)
[2025-11-24 00:40:33]   [emp_id: 4564] ✓ Updated: 23.36 → 23.41 (CHANGED)
[2025-11-24 00:40:33]   [emp_id: 4565] ✓ Updated: 13.11 → 13.16 (CHANGED)
[2025-11-24 00:40:33]   [emp_id: 4567] ✓ Updated: 17.36 → 17.41 (CHANGED)
[2025-11-24 00:40:33]   [emp_id: 4572] ✓ Updated: 56.86 → 56.91 (CHANGED)
[2025-11-24 00:40:33]   [emp_id: 4631] ✓ Updated: 13.11 → 13.16 (CHANGED)
[2025-11-24 00:40:33]   [emp_id: 4655] ✓ Updated: 21.58 → 21.66 (CHANGED)
[2025-11-24 00:40:33]   [emp_id: 4689] ✓ Updated: 19.25 → 19.33 (CHANGED)
[2025-11-24 00:40:33]   [emp_id: 4709] ✓ Updated: 36.83 → 36.91 (CHANGED)
[2025-11-24 00:40:33]   [emp_id: 4717] ✓ Updated: 62.83 → 62.91 (CHANGED)
[2025-11-24 00:40:33]   [emp_id: 4736] ✓ Updated: 24.66 → 24.74 (CHANGED)
[2025-11-24 00:40:33]   [emp_id: 4756] ✓ Updated: 59 → 59.05 (CHANGED)
[2025-11-24 00:40:33]   [emp_id: 4768] ✓ Updated: 9.33 → 9.41 (CHANGED)
[2025-11-24 00:40:33]   [emp_id: 4780] ✓ Updated: 63.28 → 63.33 (CHANGED)
[2025-11-24 00:40:33]   [emp_id: 4820] ✓ Updated: 95.66 → 95.74 (CHANGED)
[2025-11-24 00:40:33]   [emp_id: 4825] ✓ Updated: 27.41 → 27.49 (CHANGED)
[2025-11-24 00:40:33]   [emp_id: 4835] ✓ Updated: 46.03 → 46.08 (CHANGED)
[2025-11-24 00:40:33]   [emp_id: 4837] ✓ Updated: 43.27 → 43.32 (CHANGED)
[2025-11-24 00:40:33]   [emp_id: 4838] ✓ Updated: 42.29 → 42.34 (CHANGED)
[2025-11-24 00:40:33]   [emp_id: 4840] ✓ Updated: 43.27 → 43.32 (CHANGED)
[2025-11-24 00:40:33]   [emp_id: 4842] ✓ Updated: 42.51 → 42.56 (CHANGED)
[2025-11-24 00:40:33]   [emp_id: 4843] ✓ Updated: 43.04 → 43.09 (CHANGED)
[2025-11-24 00:40:33]   [emp_id: 4853] ✓ Updated: 86.86 → 86.91 (CHANGED)
[2025-11-24 00:40:33]   [emp_id: 4856] ✓ Updated: 40.18 → 40.23 (CHANGED)
[2025-11-24 00:40:33]   [emp_id: 4857] ✓ Updated: 23 → 23.05 (CHANGED)
[2025-11-24 00:40:33]   [emp_id: 4858] ✓ Updated: 19.88 → 19.93 (CHANGED)
[2025-11-24 00:40:33]   [emp_id: 4859] ✓ Updated: 41.35 → 41.4 (CHANGED)
[2025-11-24 00:40:33]   [emp_id: 4860] ✓ Updated: 5.85 → 5.9 (CHANGED)
[2025-11-24 00:40:33]   [emp_id: 4861] ✓ Updated: 39.31 → 39.36 (CHANGED)
[2025-11-24 00:40:33]   [emp_id: 4869] ✓ Updated: 82.19 → 82.24 (CHANGED)
[2025-11-24 00:40:33]   [emp_id: 4894] ✓ Updated: 4.33 → 4.41 (CHANGED)
[2025-11-24 00:40:33]   [emp_id: 4897] ✓ Updated: 21.09 → 21.14 (CHANGED)
[2025-11-24 00:40:33]   [emp_id: 4899] ✓ Updated: 17.26 → 17.31 (CHANGED)
[2025-11-24 00:40:33]   [emp_id: 4902] ✓ Updated: 16.68 → 16.73 (CHANGED)
[2025-11-24 00:40:33]   [emp_id: 4903] ✓ Updated: 18.9 → 18.95 (CHANGED)
[2025-11-24 00:40:33]   [emp_id: 4905] ✓ Updated: 17.56 → 17.61 (CHANGED)
[2025-11-24 00:40:33]   [emp_id: 4907] ✓ Updated: 44.41 → 44.49 (CHANGED)
[2025-11-24 00:40:33]   [emp_id: 4917] ✓ Updated: 14.52 → 14.57 (CHANGED)
[2025-11-24 00:40:33]   [emp_id: 4918] ✓ Updated: 4.29 → 4.34 (CHANGED)
[2025-11-24 00:40:33]   [emp_id: 4919] ✓ Updated: 56.58 → 56.63 (CHANGED)
[2025-11-24 00:40:33]   [emp_id: 4920] ✓ Updated: 56.41 → 56.46 (CHANGED)
[2025-11-24 00:40:33]   [emp_id: 4921] ✓ Updated: 15.75 → 15.8 (CHANGED)
[2025-11-24 00:40:33]   [emp_id: 4927] ✓ Updated: 14.58 → 14.63 (CHANGED)
[2025-11-24 00:40:33]   [emp_id: 4929] ✓ Updated: 16.1 → 16.15 (CHANGED)
[2025-11-24 00:40:33]   [emp_id: 4930] ✓ Updated: 56.87 → 56.92 (CHANGED)
[2025-11-24 00:40:33]   [emp_id: 4932] ✓ Updated: 14.87 → 14.92 (CHANGED)
[2025-11-24 00:40:33]   [emp_id: 4933] ✓ Updated: 18.28 → 18.33 (CHANGED)
[2025-11-24 00:40:33]   [emp_id: 4949] ✓ Updated: 33.71 → 33.76 (CHANGED)
[2025-11-24 00:40:33]   [emp_id: 4956] ✓ Updated: 31.03 → 31.08 (CHANGED)
[2025-11-24 00:40:33]   [emp_id: 4957] ✓ Updated: 27.97 → 28.02 (CHANGED)
[2025-11-24 00:40:33]   [emp_id: 4962] ✓ Updated: 50.66 → 50.74 (CHANGED)
[2025-11-24 00:40:33]   [emp_id: 4969] ✓ Updated: 43.08 → 43.16 (CHANGED)
[2025-11-24 00:40:33]   [emp_id: 4976] ✓ Updated: 7.99 → 8.04 (CHANGED)
[2025-11-24 00:40:33]   [emp_id: 4984] ✓ Updated: 34.33 → 34.41 (CHANGED)
[2025-11-24 00:40:33]   [emp_id: 4995] ✓ Updated: 46.4 → 46.48 (CHANGED)
[2025-11-24 00:40:33]   [emp_id: 5004] ✓ Updated: 43.67 → 43.72 (CHANGED)
[2025-11-24 00:40:33]   [emp_id: 5006] ✓ Updated: 24.67 → 24.72 (CHANGED)
[2025-11-24 00:40:33]   [emp_id: 5011] ✓ Updated: 10 → 10.08 (CHANGED)
[2025-11-24 00:40:33]   [emp_id: 5013] ✓ Updated: 65.04 → 65.09 (CHANGED)
[2025-11-24 00:40:33]   [emp_id: 5018] ✓ Updated: 19.28 → 19.33 (CHANGED)
[2025-11-24 00:40:33]   [emp_id: 5021] ✓ Updated: 61.78 → 61.83 (CHANGED)
[2025-11-24 00:40:33]   [emp_id: 5021] ✓ Updated: 61.78 → 61.83 (CHANGED)
[2025-11-24 00:40:33]   [emp_id: 5024] ✓ Updated: 11.93 → 11.98 (CHANGED)
[2025-11-24 00:40:33]   [emp_id: 5029] ✓ Updated: 21.53 → 21.58 (CHANGED)
[2025-11-24 00:40:33]   [emp_id: 5030] ✓ Updated: 36.53 → 36.58 (CHANGED)
[2025-11-24 00:40:33]   [emp_id: 5033] ✓ Updated: 20.3 → 20.35 (CHANGED)
[2025-11-24 00:40:33]   [emp_id: 5043] ✓ Updated: 27 → 27.08 (CHANGED)
[2025-11-24 00:40:33]   [emp_id: 5045] ✓ Updated: 23.5 → 23.58 (CHANGED)
[2025-11-24 00:40:33]   [emp_id: 5046] ✓ Updated: 18.69 → 18.77 (CHANGED)
[2025-11-24 00:40:33]   [emp_id: 5049] ✓ Updated: 36.98 → 37.03 (CHANGED)
[2025-11-24 00:40:33]   [emp_id: 5052] ✓ Updated: 28.26 → 28.31 (CHANGED)
[2025-11-24 00:40:33]   [emp_id: 5055] ✓ Updated: 35.45 → 35.5 (CHANGED)
[2025-11-24 00:40:33]   [emp_id: 5058] ✓ Updated: 25.68 → 25.73 (CHANGED)
[2025-11-24 00:40:33]   [emp_id: 5062] ✓ Updated: 37.51 → 37.56 (CHANGED)
[2025-11-24 00:40:33]   [emp_id: 5064] ✓ Updated: 114.33 → 114.41 (CHANGED)
[2025-11-24 00:40:33]   [emp_id: 5065] ✓ Updated: 36.92 → 36.97 (CHANGED)
[2025-11-24 00:40:33]   [emp_id: 5071] ✓ Updated: 19.83 → 19.91 (CHANGED)
[2025-11-24 00:40:33]   [emp_id: 5072] ✓ Updated: 56.04 → 56.08 (CHANGED)
[2025-11-24 00:40:33]   [emp_id: 5073] ✓ Updated: 11.52 → 11.57 (CHANGED)
[2025-11-24 00:40:33]   [emp_id: 5079] ✓ Updated: 32.08 → 32.13 (CHANGED)
[2025-11-24 00:40:33]   [emp_id: 5080] ✓ Updated: 29.41 → 29.46 (CHANGED)
[2025-11-24 00:40:33]   [emp_id: 5081] ✓ Updated: 34.41 → 34.46 (CHANGED)
[2025-11-24 00:40:33]   [emp_id: 5087] ✓ Updated: 33.71 → 33.76 (CHANGED)
[2025-11-24 00:40:33]   [emp_id: 5091] ✓ Updated: 73.56 → 73.61 (CHANGED)
[2025-11-24 00:40:33]   [emp_id: 5093] ✓ Updated: 11 → 11.08 (CHANGED)
[2025-11-24 00:40:33]   [emp_id: 5095] ✓ Updated: 31.03 → 31.08 (CHANGED)
[2025-11-24 00:40:33]   [emp_id: 5101] ✓ Updated: 13.08 → 13.16 (CHANGED)
[2025-11-24 00:40:33]   [emp_id: 5107] ✓ Updated: 11.41 → 11.49 (CHANGED)
[2025-11-24 00:40:33]   [emp_id: 5109] ✓ Updated: 8.66 → 8.74 (CHANGED)
[2025-11-24 00:40:33]   [emp_id: 5115] ✓ Updated: 41.08 → 41.16 (CHANGED)
[2025-11-24 00:40:33]   [emp_id: 5116] ✓ Updated: 25.75 → 25.83 (CHANGED)
[2025-11-24 00:40:33]   [emp_id: 5119] ✓ Updated: 6.83 → 6.91 (CHANGED)
[2025-11-24 00:40:33]   [emp_id: 5122] ✓ Updated: 4 → 4.08 (CHANGED)
[2025-11-24 00:40:33]   [emp_id: 5126] ✓ Updated: 24.44 → 24.49 (CHANGED)
[2025-11-24 00:40:33]   [emp_id: 5127] ✓ Updated: 21.23 → 21.28 (CHANGED)
[2025-11-24 00:40:33]   [emp_id: 5128] ✓ Updated: 24.38 → 24.43 (CHANGED)
[2025-11-24 00:40:33]   [emp_id: 5138] ✓ Updated: 62.66 → 62.74 (CHANGED)
[2025-11-24 00:40:33]   [emp_id: 5138] ✓ Updated: 62.66 → 62.74 (CHANGED)
[2025-11-24 00:40:33]   [emp_id: 5141] ✓ Updated: 32.75 → 32.8 (CHANGED)
[2025-11-24 00:40:34]   [emp_id: 5142] ✓ Updated: 11.75 → 11.8 (CHANGED)
[2025-11-24 00:40:34]   [emp_id: 5146] ✓ Updated: 18.75 → 18.8 (CHANGED)
[2025-11-24 00:40:34]   [emp_id: 5147] ✓ Updated: 17.75 → 17.8 (CHANGED)
[2025-11-24 00:40:34]   [emp_id: 5148] ✓ Updated: 23.1 → 23.15 (CHANGED)
[2025-11-24 00:40:34]   [emp_id: 5149] ✓ Updated: 21.99 → 22.04 (CHANGED)
[2025-11-24 00:40:34]   [emp_id: 5150] ✓ Updated: 21.35 → 21.4 (CHANGED)
[2025-11-24 00:40:34]   [emp_id: 5151] ✓ Updated: 21.17 → 21.22 (CHANGED)
[2025-11-24 00:40:34]   [emp_id: 5152] ✓ Updated: 1.59 → 1.64 (CHANGED)
[2025-11-24 00:40:34]   [emp_id: 5157] ✓ Updated: 21.17 → 21.22 (CHANGED)
[2025-11-24 00:40:34]   [emp_id: 5160] ✓ Updated: 21.17 → 21.22 (CHANGED)
[2025-11-24 00:40:34]   [emp_id: 5161] ✓ Updated: 21.17 → 21.22 (CHANGED)
[2025-11-24 00:40:34]   [emp_id: 5163] ✓ Updated: 18.96 → 19.01 (CHANGED)
[2025-11-24 00:40:34]   [emp_id: 5165] ✓ Updated: 27 → 27.08 (CHANGED)
[2025-11-24 00:40:34]   [emp_id: 5167] ✓ Updated: 28.11 → 28.16 (CHANGED)
[2025-11-24 00:40:34]   [emp_id: 5168] ✓ Updated: 20.65 → 20.7 (CHANGED)
[2025-11-24 00:40:34]   [emp_id: 5173] ✓ Updated: 21.75 → 21.83 (CHANGED)
[2025-11-24 00:40:34]   [emp_id: 5174] ✓ Updated: 21.11 → 21.16 (CHANGED)
[2025-11-24 00:40:34]   [emp_id: 5181] ✓ Updated: 17.5 → 17.55 (CHANGED)
[2025-11-24 00:40:34]   [emp_id: 5186] ✓ Updated: 23.03 → 23.08 (CHANGED)
[2025-11-24 00:40:34]   [emp_id: 5187] ✓ Updated: 34.03 → 34.08 (CHANGED)
[2025-11-24 00:40:34]   [emp_id: 5204] ✓ Updated: 19.25 → 19.33 (CHANGED)
[2025-11-24 00:40:34]   [emp_id: 5205] ✓ Updated: 10.24 → 10.29 (CHANGED)
[2025-11-24 00:40:34]   [emp_id: 5209] ✓ Updated: 13.24 → 13.29 (CHANGED)
[2025-11-24 00:40:34]   [emp_id: 5211] ✓ Updated: 5.24 → 5.29 (CHANGED)
[2025-11-24 00:40:34]   [emp_id: 5213] ✓ Updated: 5.24 → 5.29 (CHANGED)
[2025-11-24 00:40:34]   [emp_id: 5214] ✓ Updated: 13.24 → 13.29 (CHANGED)
[2025-11-24 00:40:34]   [emp_id: 5215] ✓ Updated: 8.24 → 8.29 (CHANGED)
[2025-11-24 00:40:34]   [emp_id: 5217] ✓ Updated: 7.24 → 7.29 (CHANGED)
[2025-11-24 00:40:34]   [emp_id: 5218] ✓ Updated: 13.24 → 13.29 (CHANGED)
[2025-11-24 00:40:34]   [emp_id: 5219] ✓ Updated: 11.24 → 11.29 (CHANGED)
[2025-11-24 00:40:34]   [emp_id: 5221] ✓ Updated: 7.24 → 7.29 (CHANGED)
[2025-11-24 00:40:34]   [emp_id: 5224] ✓ Updated: 12.24 → 12.29 (CHANGED)
[2025-11-24 00:40:34]   [emp_id: 5225] ✓ Updated: 12.24 → 12.29 (CHANGED)
[2025-11-24 00:40:34]   [emp_id: 5228] ✓ Updated: 7.24 → 7.29 (CHANGED)
[2025-11-24 00:40:34]   [emp_id: 5229] ✓ Updated: 3.24 → 3.29 (CHANGED)
[2025-11-24 00:40:34]   [emp_id: 5230] ✓ Updated: 13.24 → 13.29 (CHANGED)
[2025-11-24 00:40:34]   [emp_id: 5231] ✓ Updated: 4.24 → 4.29 (CHANGED)
[2025-11-24 00:40:34]   [emp_id: 5232] ✓ Updated: 9.24 → 9.29 (CHANGED)
[2025-11-24 00:40:34]   [emp_id: 5233] ✓ Updated: 2.24 → 2.29 (CHANGED)
[2025-11-24 00:40:34]   [emp_id: 5234] ✓ Updated: 2.24 → 2.29 (CHANGED)
[2025-11-24 00:40:34]   [emp_id: 5235] ✓ Updated: 13.24 → 13.29 (CHANGED)
[2025-11-24 00:40:34]   [emp_id: 5237] ✓ Updated: 13.24 → 13.29 (CHANGED)
[2025-11-24 00:40:34]   [emp_id: 5238] ✓ Updated: 13.24 → 13.29 (CHANGED)
[2025-11-24 00:40:34]   [emp_id: 5239] ✓ Updated: 5.24 → 5.29 (CHANGED)
[2025-11-24 00:40:34]   [emp_id: 5241] ✓ Updated: 3.24 → 3.29 (CHANGED)
[2025-11-24 00:40:34]   [emp_id: 5242] ✓ Updated: 13.24 → 13.29 (CHANGED)
[2025-11-24 00:40:34]   [emp_id: 5243] ✓ Updated: 5.24 → 5.29 (CHANGED)
[2025-11-24 00:40:34]   [emp_id: 5244] ✓ Updated: 9.24 → 9.29 (CHANGED)
[2025-11-24 00:40:34]   [emp_id: 5246] ✓ Updated: 9.24 → 9.29 (CHANGED)
[2025-11-24 00:40:34]   [emp_id: 5253] ✓ Updated: 27.86 → 27.91 (CHANGED)
[2025-11-24 00:40:34]   [emp_id: 5254] ✓ Updated: 10.09 → 10.14 (CHANGED)
[2025-11-24 00:40:34]   [emp_id: 5257] ✓ Updated: 9.8 → 9.85 (CHANGED)
[2025-11-24 00:40:34]   [emp_id: 5259] ✓ Updated: 46.33 → 46.38 (CHANGED)
[2025-11-24 00:40:34]   [emp_id: 5261] ✓ Updated: 46.75 → 46.83 (CHANGED)
[2025-11-24 00:40:34]   [emp_id: 5264] ✓ Updated: 23.81 → 23.86 (CHANGED)
[2025-11-24 00:40:34]   [emp_id: 5266] ✓ Updated: 23.76 → 23.81 (CHANGED)
[2025-11-24 00:40:34]   [emp_id: 5268] ✓ Updated: 7 → 7.05 (CHANGED)
[2025-11-24 00:40:34]   [emp_id: 5271] ✓ Updated: 5.66 → 5.71 (CHANGED)
[2025-11-24 00:40:34]   [emp_id: 5272] ✓ Updated: 6.53 → 6.58 (CHANGED)
[2025-11-24 00:40:34]   [emp_id: 5273] ✓ Updated: 28.35 → 28.4 (CHANGED)
[2025-11-24 00:40:34]   [emp_id: 5275] ✓ Updated: 7.35 → 7.4 (CHANGED)
[2025-11-24 00:40:34]   [emp_id: 5276] ✓ Updated: 28.35 → 28.4 (CHANGED)
[2025-11-24 00:40:34]   [emp_id: 5278] ✓ Updated: 6.01 → 6.06 (CHANGED)
[2025-11-24 00:40:34]   [emp_id: 5280] ✓ Updated: 16.41 → 16.46 (CHANGED)
[2025-11-24 00:40:34]   [emp_id: 5282] ✓ Updated: 8.33 → 8.41 (CHANGED)
[2025-11-24 00:40:34]   [emp_id: 5285] ✓ Updated: 26.41 → 26.46 (CHANGED)
[2025-11-24 00:40:34]   [emp_id: 5286] ✓ Updated: 13.41 → 13.46 (CHANGED)
[2025-11-24 00:40:34]   [emp_id: 5287] ✓ Updated: 47.71 → 47.76 (CHANGED)
[2025-11-24 00:40:34]   [emp_id: 5288] ✓ Updated: 36.72 → 36.77 (CHANGED)
[2025-11-24 00:40:34]   [emp_id: 5289] ✓ Updated: 46.26 → 46.31 (CHANGED)
[2025-11-24 00:40:34]   [emp_id: 5290] ✓ Updated: 45.03 → 45.08 (CHANGED)
[2025-11-24 00:40:34]   [emp_id: 5291] ✓ Updated: 3.03 → 3.08 (CHANGED)
[2025-11-24 00:40:34]   [emp_id: 5292] ✓ Updated: 2.97 → 3.02 (CHANGED)
[2025-11-24 00:40:34]   [emp_id: 5293] ✓ Updated: 34.5 → 34.58 (CHANGED)
[2025-11-24 00:40:34]   [emp_id: 5294] ✓ Updated: 4.25 → 4.33 (CHANGED)
[2025-11-24 00:40:34]   [emp_id: 5295] ✓ Updated: 19.21 → 19.26 (CHANGED)
[2025-11-24 00:40:34]   [emp_id: 5296] ✓ Updated: 37.16 → 37.24 (CHANGED)
[2025-11-24 00:40:34]   [emp_id: 5297] ✓ Updated: 43.63 → 43.68 (CHANGED)
[2025-11-24 00:40:34]   [emp_id: 5298] ✓ Updated: 43.63 → 43.68 (CHANGED)
[2025-11-24 00:40:34]   [emp_id: 5299] ✓ Updated: 43.63 → 43.68 (CHANGED)
[2025-11-24 00:40:34]   [emp_id: 5300] ✓ Updated: 43.63 → 43.68 (CHANGED)
[2025-11-24 00:40:34]   [emp_id: 5301] ✓ Updated: 43.63 → 43.68 (CHANGED)
[2025-11-24 00:40:34]   [emp_id: 5303] ✓ Updated: 43.63 → 43.68 (CHANGED)
[2025-11-24 00:40:34]   [emp_id: 5304] ✓ Updated: 43.63 → 43.68 (CHANGED)
[2025-11-24 00:40:34]   [emp_id: 5305] ✓ Updated: 1.63 → 1.68 (CHANGED)
[2025-11-24 00:40:34]   [emp_id: 5306] ✓ Updated: 43.34 → 43.39 (CHANGED)
[2025-11-24 00:40:34]   [emp_id: 5307] ✓ Updated: 43.34 → 43.39 (CHANGED)
[2025-11-24 00:40:34]   [emp_id: 5308] ✓ Updated: 43.34 → 43.39 (CHANGED)
[2025-11-24 00:40:34]   [emp_id: 5309] ✓ Updated: 43.34 → 43.39 (CHANGED)
[2025-11-24 00:40:34]   [emp_id: 5312] ✓ Updated: 41.01 → 41.06 (CHANGED)
[2025-11-24 00:40:34]   [emp_id: 5318] ✓ Updated: 24.05 → 24.1 (CHANGED)
[2025-11-24 00:40:34]   [emp_id: 5325] ✓ Updated: 20.01 → 20.06 (CHANGED)
[2025-11-24 00:40:34]   [emp_id: 5326] ✓ Updated: 40.83 → 40.88 (CHANGED)
[2025-11-24 00:40:34]   [emp_id: 5327] ✓ Updated: 40.01 → 40.06 (CHANGED)
[2025-11-24 00:40:34]   [emp_id: 5328] ✓ Updated: 40.01 → 40.06 (CHANGED)
[2025-11-24 00:40:34]   [emp_id: 5329] ✓ Updated: 40.01 → 40.06 (CHANGED)
[2025-11-24 00:40:34]   [emp_id: 5331] ✓ Updated: 19.42 → 19.47 (CHANGED)
[2025-11-24 00:40:34]   [emp_id: 5337] ✓ Updated: 32.16 → 32.24 (CHANGED)
[2025-11-24 00:40:34]   [emp_id: 5339] ✓ Updated: 8.2 → 8.25 (CHANGED)
[2025-11-24 00:40:34]   [emp_id: 5343] ✓ Updated: 42.08 → 42.16 (CHANGED)
[2025-11-24 00:40:34]   [emp_id: 5343] ✓ Updated: 42.08 → 42.16 (CHANGED)
[2025-11-24 00:40:34]   [emp_id: 5345] ✓ Updated: 11.91 → 11.99 (CHANGED)
[2025-11-24 00:40:34]   [emp_id: 5346] ✓ Updated: 36.92 → 36.97 (CHANGED)
[2025-11-24 00:40:34]   [emp_id: 5351] ✓ Updated: 15.86 → 15.91 (CHANGED)
[2025-11-24 00:40:34]   [emp_id: 5352] ✓ Updated: 22.33 → 22.41 (CHANGED)
[2025-11-24 00:40:34]   [emp_id: 5370] ✓ Updated: 13.51 → 13.56 (CHANGED)
[2025-11-24 00:40:34]   [emp_id: 5371] ✓ Updated: 5.91 → 5.99 (CHANGED)
[2025-11-24 00:40:34]   [emp_id: 5376] ✓ Updated: 8.11 → 8.16 (CHANGED)
[2025-11-24 00:40:34]   [emp_id: 5378] ✓ Updated: 20.08 → 20.16 (CHANGED)
[2025-11-24 00:40:34]   [emp_id: 5380] ✓ Updated: 14.52 → 14.57 (CHANGED)
[2025-11-24 00:40:34]   [emp_id: 5381] ✓ Updated: 14.5 → 14.58 (CHANGED)
[2025-11-24 00:40:34]   [emp_id: 5383] ✓ Updated: 12.91 → 12.99 (CHANGED)
[2025-11-24 00:40:34]   [emp_id: 5388] ✓ Updated: 25.3 → 25.35 (CHANGED)
[2025-11-24 00:40:34]   [emp_id: 5392] ✓ Updated: 10.83 → 10.91 (CHANGED)
[2025-11-24 00:40:34]   [emp_id: 5396] ✓ Updated: 26.54 → 26.59 (CHANGED)
[2025-11-24 00:40:34]   [emp_id: 5397] ✓ Updated: 22.75 → 22.8 (CHANGED)
[2025-11-24 00:40:34]   [emp_id: 5401] ✓ Updated: 21.11 → 21.16 (CHANGED)
[2025-11-24 00:40:34]   [emp_id: 5402] ✓ Updated: 21.23 → 21.28 (CHANGED)
[2025-11-24 00:40:34]   [emp_id: 5406] ✓ Updated: 19.95 → 20 (CHANGED)
[2025-11-24 00:40:34]   [emp_id: 5407] ✓ Updated: 21.58 → 21.66 (CHANGED)
[2025-11-24 00:40:34]   [emp_id: 5408] ✓ Updated: 19.33 → 19.41 (CHANGED)
[2025-11-24 00:40:34]   [emp_id: 5409] ✓ Updated: 18.02 → 18.07 (CHANGED)
[2025-11-24 00:40:34]   [emp_id: 5413] ✓ Updated: 25.08 → 25.16 (CHANGED)
[2025-11-24 00:40:34]   [emp_id: 5414] ✓ Updated: 24.75 → 24.83 (CHANGED)
[2025-11-24 00:40:34]   [emp_id: 5415] ✓ Updated: 15.58 → 15.66 (CHANGED)
[2025-11-24 00:40:34]   [emp_id: 5418] ✓ Updated: 16.1 → 16.15 (CHANGED)
[2025-11-24 00:40:34]   [emp_id: 5422] ✓ Updated: 17.41 → 17.49 (CHANGED)
[2025-11-24 00:40:34]   [emp_id: 5423] ✓ Updated: 15.83 → 14.08 (CHANGED)
[2025-11-24 00:40:34]   [emp_id: 5423] ✓ Updated: 14 → 14.08 (CHANGED)
[2025-11-24 00:40:34]   [emp_id: 5423] ✓ Updated: 14 → 14.08 (CHANGED)
[2025-11-24 00:40:34]   [emp_id: 5424] ✓ Updated: 11.9 → 11.95 (CHANGED)
[2025-11-24 00:40:34]   [emp_id: 5425] ✓ Updated: 11.9 → 11.95 (CHANGED)
[2025-11-24 00:40:34]   [emp_id: 5426] ✓ Updated: 7.16 → 7.24 (CHANGED)
[2025-11-24 00:40:34]   [emp_id: 5426] ✓ Updated: 7.16 → 7.24 (CHANGED)
[2025-11-24 00:40:34]   [emp_id: 5427] ✓ Updated: 12.01 → 12.06 (CHANGED)
[2025-11-24 00:40:34]   [emp_id: 5428] ✓ Updated: 11.9 → 11.95 (CHANGED)
[2025-11-24 00:40:34]   [emp_id: 5430] ✓ Updated: 14.41 → 14.49 (CHANGED)
[2025-11-24 00:40:34]   [emp_id: 5431] ✓ Updated: 11.02 → 11.07 (CHANGED)
[2025-11-24 00:40:34]   [emp_id: 5434] ✓ Updated: 10.79 → 10.84 (CHANGED)
[2025-11-24 00:40:35]   [emp_id: 5435] ✓ Updated: 10.73 → 10.78 (CHANGED)
[2025-11-24 00:40:35]   [emp_id: 5436] ✓ Updated: 10.73 → 10.78 (CHANGED)
[2025-11-24 00:40:35]   [emp_id: 5438] ✓ Updated: 12.33 → 12.41 (CHANGED)
[2025-11-24 00:40:35]   [emp_id: 5439] ✓ Updated: 21.83 → 21.91 (CHANGED)
[2025-11-24 00:40:35]   [emp_id: 5442] ✓ Updated: 10.83 → 10.91 (CHANGED)
[2025-11-24 00:40:35]   [emp_id: 5443] ✓ Updated: 6.41 → 6.46 (CHANGED)
[2025-11-24 00:40:35]   [emp_id: 5445] ✓ Updated: 5.19 → 5.24 (CHANGED)
[2025-11-24 00:40:35]   [emp_id: 5446] ✓ Updated: 5.19 → 5.24 (CHANGED)
[2025-11-24 00:40:35]   [emp_id: 5447] ✓ Updated: 5.13 → 5.18 (CHANGED)
[2025-11-24 00:40:35]   [emp_id: 5448] ✓ Updated: 5.75 → 5.83 (CHANGED)
[2025-11-24 00:40:35]   [emp_id: 5449] ✓ Updated: 3.21 → 3.26 (CHANGED)
[2025-11-24 00:40:35]   [emp_id: 5450] ✓ Updated: 3.15 → 3.2 (CHANGED)
[2025-11-24 00:40:35]   [emp_id: 5451] ✓ Updated: 3.15 → 3.2 (CHANGED)
[2025-11-24 00:40:35]   [emp_id: 5454] ✓ Updated: 3.91 → 3.99 (CHANGED)
[2025-11-24 00:40:35]   [emp_id: 5455] ✓ Updated: 2.16 → 2.24 (CHANGED)
[2025-11-24 00:40:35]   [emp_id: 5456] ✓ Updated: 3.16 → 3.24 (CHANGED)
[2025-11-24 00:40:35] 
[2025-11-24 00:40:35] ========== SUMMARY ==========
[2025-11-24 00:40:35] Total employees processed: 451
[2025-11-24 00:40:35] Records updated: 451
[2025-11-24 00:40:35] Balances changed: 451
[2025-11-24 00:40:35] Errors: 0
[2025-11-24 00:40:35] ========== CRON: Vacation Balance Update Completed ==========
[2025-11-24 00:40:35] 
[2025-11-24 00:40:39] ========== CRON: Vacation Balance Update Started ==========
[2025-11-24 00:40:39] Database connection established
[2025-11-24 00:40:39] Found 451 active employees with balance records to update
[2025-11-24 00:40:39] (Only employees with status=1 will be processed)
[2025-11-24 00:40:39]   [emp_id: 1061] SKIPPED: Already updated today (2025-11-24 03:10:31)
[2025-11-24 00:40:39]   [emp_id: 1496] SKIPPED: Already updated today (2025-11-24 03:10:31)
[2025-11-24 00:40:39]   [emp_id: 1500] SKIPPED: Already updated today (2025-11-24 03:10:31)
[2025-11-24 00:40:39]   [emp_id: 1574] SKIPPED: Already updated today (2025-11-24 03:10:31)
[2025-11-24 00:40:39]   [emp_id: 1673] SKIPPED: Already updated today (2025-11-24 03:10:31)
[2025-11-24 00:40:39]   [emp_id: 1685] SKIPPED: Already updated today (2025-11-24 03:10:31)
[2025-11-24 00:40:39]   [emp_id: 1764] SKIPPED: Already updated today (2025-11-24 03:10:31)
[2025-11-24 00:40:39]   [emp_id: 1805] SKIPPED: Already updated today (2025-11-24 03:10:31)
[2025-11-24 00:40:39]   [emp_id: 1822] SKIPPED: Already updated today (2025-11-24 03:10:31)
[2025-11-24 00:40:39]   [emp_id: 1837] SKIPPED: Already updated today (2025-11-24 03:10:31)
[2025-11-24 00:40:39]   [emp_id: 1857] SKIPPED: Already updated today (2025-11-24 03:10:31)
[2025-11-24 00:40:39]   [emp_id: 1861] SKIPPED: Already updated today (2025-11-24 03:10:31)
[2025-11-24 00:40:39]   [emp_id: 1872] SKIPPED: Already updated today (2025-11-24 03:10:31)
[2025-11-24 00:40:39]   [emp_id: 1897] SKIPPED: Already updated today (2025-11-24 03:10:31)
[2025-11-24 00:40:39]   [emp_id: 1916] SKIPPED: Already updated today (2025-11-24 03:10:31)
[2025-11-24 00:40:39]   [emp_id: 1928] SKIPPED: Already updated today (2025-11-24 03:10:32)
[2025-11-24 00:40:39]   [emp_id: 1931] SKIPPED: Already updated today (2025-11-24 03:10:32)
[2025-11-24 00:40:39]   [emp_id: 1944] SKIPPED: Already updated today (2025-11-24 03:10:32)
[2025-11-24 00:40:39]   [emp_id: 1996] SKIPPED: Already updated today (2025-11-24 03:10:32)
[2025-11-24 00:40:39]   [emp_id: 1997] SKIPPED: Already updated today (2025-11-24 03:10:32)
[2025-11-24 00:40:39]   [emp_id: 1998] SKIPPED: Already updated today (2025-11-24 03:10:32)
[2025-11-24 00:40:39]   [emp_id: 1999] SKIPPED: Already updated today (2025-11-24 03:10:32)
[2025-11-24 00:40:39]   [emp_id: 2009] SKIPPED: Already updated today (2025-11-24 03:10:32)
[2025-11-24 00:40:39]   [emp_id: 2048] SKIPPED: Already updated today (2025-11-24 03:10:32)
[2025-11-24 00:40:39]   [emp_id: 2057] SKIPPED: Already updated today (2025-11-24 03:10:32)
[2025-11-24 00:40:39]   [emp_id: 2079] SKIPPED: Already updated today (2025-11-24 03:10:32)
[2025-11-24 00:40:39]   [emp_id: 2181] SKIPPED: Already updated today (2025-11-24 03:10:32)
[2025-11-24 00:40:39]   [emp_id: 2190] SKIPPED: Already updated today (2025-11-24 03:10:32)
[2025-11-24 00:40:39]   [emp_id: 2212] SKIPPED: Already updated today (2025-11-24 03:10:32)
[2025-11-24 00:40:39]   [emp_id: 2226] SKIPPED: Already updated today (2025-11-24 03:10:32)
[2025-11-24 00:40:39]   [emp_id: 2238] SKIPPED: Already updated today (2025-11-24 03:10:32)
[2025-11-24 00:40:39]   [emp_id: 2285] SKIPPED: Already updated today (2025-11-24 03:10:32)
[2025-11-24 00:40:39]   [emp_id: 2287] SKIPPED: Already updated today (2025-11-24 03:10:32)
[2025-11-24 00:40:39]   [emp_id: 2288] SKIPPED: Already updated today (2025-11-24 03:10:32)
[2025-11-24 00:40:39]   [emp_id: 2290] SKIPPED: Already updated today (2025-11-24 03:10:32)
[2025-11-24 00:40:39]   [emp_id: 2316] SKIPPED: Already updated today (2025-11-24 03:10:32)
[2025-11-24 00:40:39]   [emp_id: 2337] SKIPPED: Already updated today (2025-11-24 03:10:32)
[2025-11-24 00:40:39]   [emp_id: 2352] SKIPPED: Already updated today (2025-11-24 03:10:32)
[2025-11-24 00:40:39]   [emp_id: 2358] SKIPPED: Already updated today (2025-11-24 03:10:32)
[2025-11-24 00:40:39]   [emp_id: 2361] SKIPPED: Already updated today (2025-11-24 03:10:32)
[2025-11-24 00:40:39]   [emp_id: 2363] SKIPPED: Already updated today (2025-11-24 03:10:32)
[2025-11-24 00:40:39]   [emp_id: 2364] SKIPPED: Already updated today (2025-11-24 03:10:32)
[2025-11-24 00:40:39]   [emp_id: 2367] SKIPPED: Already updated today (2025-11-24 03:10:32)
[2025-11-24 00:40:39]   [emp_id: 2368] SKIPPED: Already updated today (2025-11-24 03:10:32)
[2025-11-24 00:40:39]   [emp_id: 2372] SKIPPED: Already updated today (2025-11-24 03:10:32)
[2025-11-24 00:40:39]   [emp_id: 2376] SKIPPED: Already updated today (2025-11-24 03:10:32)
[2025-11-24 00:40:39]   [emp_id: 2423] SKIPPED: Already updated today (2025-11-24 03:10:32)
[2025-11-24 00:40:39]   [emp_id: 2519] SKIPPED: Already updated today (2025-11-24 03:10:32)
[2025-11-24 00:40:39]   [emp_id: 2522] SKIPPED: Already updated today (2025-11-24 03:10:32)
[2025-11-24 00:40:39]   [emp_id: 2530] SKIPPED: Already updated today (2025-11-24 03:10:32)
[2025-11-24 00:40:39]   [emp_id: 2539] SKIPPED: Already updated today (2025-11-24 03:10:32)
[2025-11-24 00:40:39]   [emp_id: 2541] SKIPPED: Already updated today (2025-11-24 03:10:32)
[2025-11-24 00:40:39]   [emp_id: 2550] SKIPPED: Already updated today (2025-11-24 03:10:32)
[2025-11-24 00:40:39]   [emp_id: 2553] SKIPPED: Already updated today (2025-11-24 03:10:32)
[2025-11-24 00:40:39]   [emp_id: 2554] SKIPPED: Already updated today (2025-11-24 03:10:32)
[2025-11-24 00:40:39]   [emp_id: 2565] SKIPPED: Already updated today (2025-11-24 03:10:32)
[2025-11-24 00:40:39]   [emp_id: 2572] SKIPPED: Already updated today (2025-11-24 03:10:32)
[2025-11-24 00:40:39]   [emp_id: 2637] SKIPPED: Already updated today (2025-11-24 03:10:32)
[2025-11-24 00:40:39]   [emp_id: 2642] SKIPPED: Already updated today (2025-11-24 03:10:32)
[2025-11-24 00:40:39]   [emp_id: 2645] SKIPPED: Already updated today (2025-11-24 03:10:32)
[2025-11-24 00:40:39]   [emp_id: 2648] SKIPPED: Already updated today (2025-11-24 03:10:32)
[2025-11-24 00:40:39]   [emp_id: 2654] SKIPPED: Already updated today (2025-11-24 03:10:32)
[2025-11-24 00:40:39]   [emp_id: 2688] SKIPPED: Already updated today (2025-11-24 03:10:32)
[2025-11-24 00:40:39]   [emp_id: 2690] SKIPPED: Already updated today (2025-11-24 03:10:32)
[2025-11-24 00:40:39]   [emp_id: 2709] SKIPPED: Already updated today (2025-11-24 03:10:32)
[2025-11-24 00:40:39]   [emp_id: 2745] SKIPPED: Already updated today (2025-11-24 03:10:32)
[2025-11-24 00:40:39]   [emp_id: 2843] SKIPPED: Already updated today (2025-11-24 03:10:32)
[2025-11-24 00:40:39]   [emp_id: 2854] SKIPPED: Already updated today (2025-11-24 03:10:32)
[2025-11-24 00:40:39]   [emp_id: 2869] SKIPPED: Already updated today (2025-11-24 03:10:32)
[2025-11-24 00:40:39]   [emp_id: 2876] SKIPPED: Already updated today (2025-11-24 03:10:32)
[2025-11-24 00:40:39]   [emp_id: 2924] SKIPPED: Already updated today (2025-11-24 03:10:32)
[2025-11-24 00:40:39]   [emp_id: 2953] SKIPPED: Already updated today (2025-11-24 03:10:32)
[2025-11-24 00:40:39]   [emp_id: 2961] SKIPPED: Already updated today (2025-11-24 03:10:32)
[2025-11-24 00:40:39]   [emp_id: 2975] SKIPPED: Already updated today (2025-11-24 03:10:32)
[2025-11-24 00:40:39]   [emp_id: 3013] SKIPPED: Already updated today (2025-11-24 03:10:32)
[2025-11-24 00:40:39]   [emp_id: 3014] SKIPPED: Already updated today (2025-11-24 03:10:32)
[2025-11-24 00:40:39]   [emp_id: 3015] SKIPPED: Already updated today (2025-11-24 03:10:32)
[2025-11-24 00:40:39]   [emp_id: 3018] SKIPPED: Already updated today (2025-11-24 03:10:32)
[2025-11-24 00:40:39]   [emp_id: 3025] SKIPPED: Already updated today (2025-11-24 03:10:32)
[2025-11-24 00:40:39]   [emp_id: 3037] SKIPPED: Already updated today (2025-11-24 03:10:32)
[2025-11-24 00:40:39]   [emp_id: 3047] SKIPPED: Already updated today (2025-11-24 03:10:32)
[2025-11-24 00:40:39]   [emp_id: 3061] SKIPPED: Already updated today (2025-11-24 03:10:32)
[2025-11-24 00:40:39]   [emp_id: 3062] SKIPPED: Already updated today (2025-11-24 03:10:32)
[2025-11-24 00:40:39]   [emp_id: 3074] SKIPPED: Already updated today (2025-11-24 03:10:32)
[2025-11-24 00:40:39]   [emp_id: 3089] SKIPPED: Already updated today (2025-11-24 03:10:32)
[2025-11-24 00:40:39]   [emp_id: 3090] SKIPPED: Already updated today (2025-11-24 03:10:32)
[2025-11-24 00:40:39]   [emp_id: 3091] SKIPPED: Already updated today (2025-11-24 03:10:32)
[2025-11-24 00:40:39]   [emp_id: 3092] SKIPPED: Already updated today (2025-11-24 03:10:32)
[2025-11-24 00:40:39]   [emp_id: 3105] SKIPPED: Already updated today (2025-11-24 03:10:32)
[2025-11-24 00:40:39]   [emp_id: 3134] SKIPPED: Already updated today (2025-11-24 03:10:32)
[2025-11-24 00:40:39]   [emp_id: 3140] SKIPPED: Already updated today (2025-11-24 03:10:32)
[2025-11-24 00:40:39]   [emp_id: 3144] SKIPPED: Already updated today (2025-11-24 03:10:32)
[2025-11-24 00:40:39]   [emp_id: 3156] SKIPPED: Already updated today (2025-11-24 03:10:32)
[2025-11-24 00:40:39]   [emp_id: 3162] SKIPPED: Already updated today (2025-11-24 03:10:32)
[2025-11-24 00:40:39]   [emp_id: 3163] SKIPPED: Already updated today (2025-11-24 03:10:32)
[2025-11-24 00:40:39]   [emp_id: 3198] SKIPPED: Already updated today (2025-11-24 03:10:32)
[2025-11-24 00:40:39]   [emp_id: 3205] SKIPPED: Already updated today (2025-11-24 03:10:32)
[2025-11-24 00:40:39]   [emp_id: 3209] SKIPPED: Already updated today (2025-11-24 03:10:32)
[2025-11-24 00:40:39]   [emp_id: 3223] SKIPPED: Already updated today (2025-11-24 03:10:32)
[2025-11-24 00:40:39]   [emp_id: 3224] SKIPPED: Already updated today (2025-11-24 03:10:32)
[2025-11-24 00:40:39]   [emp_id: 3230] SKIPPED: Already updated today (2025-11-24 03:10:32)
[2025-11-24 00:40:39]   [emp_id: 3231] SKIPPED: Already updated today (2025-11-24 03:10:32)
[2025-11-24 00:40:39]   [emp_id: 3233] SKIPPED: Already updated today (2025-11-24 03:10:32)
[2025-11-24 00:40:39]   [emp_id: 3249] SKIPPED: Already updated today (2025-11-24 03:10:32)
[2025-11-24 00:40:39]   [emp_id: 3250] SKIPPED: Already updated today (2025-11-24 03:10:32)
[2025-11-24 00:40:39]   [emp_id: 3252] SKIPPED: Already updated today (2025-11-24 03:10:32)
[2025-11-24 00:40:39]   [emp_id: 3254] SKIPPED: Already updated today (2025-11-24 03:10:32)
[2025-11-24 00:40:39]   [emp_id: 3255] SKIPPED: Already updated today (2025-11-24 03:10:32)
[2025-11-24 00:40:39]   [emp_id: 3256] SKIPPED: Already updated today (2025-11-24 03:10:32)
[2025-11-24 00:40:39]   [emp_id: 3263] SKIPPED: Already updated today (2025-11-24 03:10:32)
[2025-11-24 00:40:39]   [emp_id: 3265] SKIPPED: Already updated today (2025-11-24 03:10:32)
[2025-11-24 00:40:39]   [emp_id: 3280] SKIPPED: Already updated today (2025-11-24 03:10:32)
[2025-11-24 00:40:39]   [emp_id: 3286] SKIPPED: Already updated today (2025-11-24 03:10:32)
[2025-11-24 00:40:39]   [emp_id: 3294] SKIPPED: Already updated today (2025-11-24 03:10:32)
[2025-11-24 00:40:39]   [emp_id: 3321] SKIPPED: Already updated today (2025-11-24 03:10:32)
[2025-11-24 00:40:39]   [emp_id: 3325] SKIPPED: Already updated today (2025-11-24 03:10:32)
[2025-11-24 00:40:39]   [emp_id: 3329] SKIPPED: Already updated today (2025-11-24 03:10:32)
[2025-11-24 00:40:39]   [emp_id: 3330] SKIPPED: Already updated today (2025-11-24 03:10:32)
[2025-11-24 00:40:39]   [emp_id: 3332] SKIPPED: Already updated today (2025-11-24 03:10:32)
[2025-11-24 00:40:39]   [emp_id: 3370] SKIPPED: Already updated today (2025-11-24 03:10:32)
[2025-11-24 00:40:39]   [emp_id: 3384] SKIPPED: Already updated today (2025-11-24 03:10:32)
[2025-11-24 00:40:39]   [emp_id: 3386] SKIPPED: Already updated today (2025-11-24 03:10:32)
[2025-11-24 00:40:39]   [emp_id: 3431] SKIPPED: Already updated today (2025-11-24 03:10:32)
[2025-11-24 00:40:39]   [emp_id: 3497] SKIPPED: Already updated today (2025-11-24 03:10:32)
[2025-11-24 00:40:39]   [emp_id: 3532] SKIPPED: Already updated today (2025-11-24 03:10:32)
[2025-11-24 00:40:39]   [emp_id: 3586] SKIPPED: Already updated today (2025-11-24 03:10:32)
[2025-11-24 00:40:39]   [emp_id: 3602] SKIPPED: Already updated today (2025-11-24 03:10:32)
[2025-11-24 00:40:39]   [emp_id: 3618] SKIPPED: Already updated today (2025-11-24 03:10:32)
[2025-11-24 00:40:39]   [emp_id: 3622] SKIPPED: Already updated today (2025-11-24 03:10:32)
[2025-11-24 00:40:39]   [emp_id: 3627] SKIPPED: Already updated today (2025-11-24 03:10:32)
[2025-11-24 00:40:39]   [emp_id: 3665] SKIPPED: Already updated today (2025-11-24 03:10:32)
[2025-11-24 00:40:39]   [emp_id: 3705] SKIPPED: Already updated today (2025-11-24 03:10:32)
[2025-11-24 00:40:39]   [emp_id: 3724] SKIPPED: Already updated today (2025-11-24 03:10:32)
[2025-11-24 00:40:39]   [emp_id: 3726] SKIPPED: Already updated today (2025-11-24 03:10:32)
[2025-11-24 00:40:39]   [emp_id: 3727] SKIPPED: Already updated today (2025-11-24 03:10:32)
[2025-11-24 00:40:39]   [emp_id: 3728] SKIPPED: Already updated today (2025-11-24 03:10:32)
[2025-11-24 00:40:39]   [emp_id: 3742] SKIPPED: Already updated today (2025-11-24 03:10:32)
[2025-11-24 00:40:39]   [emp_id: 3767] SKIPPED: Already updated today (2025-11-24 03:10:32)
[2025-11-24 00:40:39]   [emp_id: 3768] SKIPPED: Already updated today (2025-11-24 03:10:32)
[2025-11-24 00:40:39]   [emp_id: 3787] SKIPPED: Already updated today (2025-11-24 03:10:32)
[2025-11-24 00:40:39]   [emp_id: 3790] SKIPPED: Already updated today (2025-11-24 03:10:32)
[2025-11-24 00:40:39]   [emp_id: 3795] SKIPPED: Already updated today (2025-11-24 03:10:32)
[2025-11-24 00:40:39]   [emp_id: 3798] SKIPPED: Already updated today (2025-11-24 03:10:32)
[2025-11-24 00:40:39]   [emp_id: 3801] SKIPPED: Already updated today (2025-11-24 03:10:32)
[2025-11-24 00:40:39]   [emp_id: 3802] SKIPPED: Already updated today (2025-11-24 03:10:32)
[2025-11-24 00:40:39]   [emp_id: 3803] SKIPPED: Already updated today (2025-11-24 03:10:32)
[2025-11-24 00:40:39]   [emp_id: 3810] SKIPPED: Already updated today (2025-11-24 03:10:33)
[2025-11-24 00:40:39]   [emp_id: 3812] SKIPPED: Already updated today (2025-11-24 03:10:33)
[2025-11-24 00:40:39]   [emp_id: 3815] SKIPPED: Already updated today (2025-11-24 03:10:33)
[2025-11-24 00:40:39]   [emp_id: 3836] SKIPPED: Already updated today (2025-11-24 03:10:33)
[2025-11-24 00:40:39]   [emp_id: 3855] SKIPPED: Already updated today (2025-11-24 03:10:33)
[2025-11-24 00:40:39]   [emp_id: 3857] SKIPPED: Already updated today (2025-11-24 03:10:33)
[2025-11-24 00:40:39]   [emp_id: 3862] SKIPPED: Already updated today (2025-11-24 03:10:33)
[2025-11-24 00:40:39]   [emp_id: 3866] SKIPPED: Already updated today (2025-11-24 03:10:33)
[2025-11-24 00:40:39]   [emp_id: 3876] SKIPPED: Already updated today (2025-11-24 03:10:33)
[2025-11-24 00:40:39]   [emp_id: 3877] SKIPPED: Already updated today (2025-11-24 03:10:33)
[2025-11-24 00:40:39]   [emp_id: 3897] SKIPPED: Already updated today (2025-11-24 03:10:33)
[2025-11-24 00:40:39]   [emp_id: 3899] SKIPPED: Already updated today (2025-11-24 03:10:33)
[2025-11-24 00:40:39]   [emp_id: 3928] SKIPPED: Already updated today (2025-11-24 03:10:33)
[2025-11-24 00:40:39]   [emp_id: 3929] SKIPPED: Already updated today (2025-11-24 03:10:33)
[2025-11-24 00:40:39]   [emp_id: 3935] SKIPPED: Already updated today (2025-11-24 03:10:33)
[2025-11-24 00:40:39]   [emp_id: 3952] SKIPPED: Already updated today (2025-11-24 03:10:33)
[2025-11-24 00:40:39]   [emp_id: 3987] SKIPPED: Already updated today (2025-11-24 03:10:33)
[2025-11-24 00:40:39]   [emp_id: 4059] SKIPPED: Already updated today (2025-11-24 03:10:33)
[2025-11-24 00:40:39]   [emp_id: 4119] SKIPPED: Already updated today (2025-11-24 03:10:33)
[2025-11-24 00:40:39]   [emp_id: 4120] SKIPPED: Already updated today (2025-11-24 03:10:33)
[2025-11-24 00:40:39]   [emp_id: 4124] SKIPPED: Already updated today (2025-11-24 03:10:33)
[2025-11-24 00:40:39]   [emp_id: 4133] SKIPPED: Already updated today (2025-11-24 03:10:33)
[2025-11-24 00:40:39]   [emp_id: 4134] SKIPPED: Already updated today (2025-11-24 03:10:33)
[2025-11-24 00:40:39]   [emp_id: 4136] SKIPPED: Already updated today (2025-11-24 03:10:33)
[2025-11-24 00:40:39]   [emp_id: 4150] SKIPPED: Already updated today (2025-11-24 03:10:33)
[2025-11-24 00:40:39]   [emp_id: 4157] SKIPPED: Already updated today (2025-11-24 03:10:33)
[2025-11-24 00:40:39]   [emp_id: 4172] SKIPPED: Already updated today (2025-11-24 03:10:33)
[2025-11-24 00:40:39]   [emp_id: 4195] SKIPPED: Already updated today (2025-11-24 03:10:33)
[2025-11-24 00:40:39]   [emp_id: 4215] SKIPPED: Already updated today (2025-11-24 03:10:33)
[2025-11-24 00:40:39]   [emp_id: 4220] SKIPPED: Already updated today (2025-11-24 03:10:33)
[2025-11-24 00:40:39]   [emp_id: 4273] SKIPPED: Already updated today (2025-11-24 03:10:33)
[2025-11-24 00:40:39]   [emp_id: 4283] SKIPPED: Already updated today (2025-11-24 03:10:33)
[2025-11-24 00:40:39]   [emp_id: 4288] SKIPPED: Already updated today (2025-11-24 03:10:33)
[2025-11-24 00:40:39]   [emp_id: 4315] SKIPPED: Already updated today (2025-11-24 03:10:33)
[2025-11-24 00:40:39]   [emp_id: 4328] SKIPPED: Already updated today (2025-11-24 03:10:33)
[2025-11-24 00:40:39]   [emp_id: 4329] SKIPPED: Already updated today (2025-11-24 03:10:33)
[2025-11-24 00:40:39]   [emp_id: 4338] SKIPPED: Already updated today (2025-11-24 03:10:33)
[2025-11-24 00:40:39]   [emp_id: 4340] SKIPPED: Already updated today (2025-11-24 03:10:33)
[2025-11-24 00:40:39]   [emp_id: 4365] SKIPPED: Already updated today (2025-11-24 03:10:33)
[2025-11-24 00:40:39]   [emp_id: 4366] SKIPPED: Already updated today (2025-11-24 03:10:33)
[2025-11-24 00:40:39]   [emp_id: 4385] SKIPPED: Already updated today (2025-11-24 03:10:33)
[2025-11-24 00:40:39]   [emp_id: 4403] SKIPPED: Already updated today (2025-11-24 03:10:33)
[2025-11-24 00:40:39]   [emp_id: 4438] SKIPPED: Already updated today (2025-11-24 03:10:33)
[2025-11-24 00:40:39]   [emp_id: 4465] SKIPPED: Already updated today (2025-11-24 03:10:33)
[2025-11-24 00:40:39]   [emp_id: 4473] SKIPPED: Already updated today (2025-11-24 03:10:33)
[2025-11-24 00:40:39]   [emp_id: 4474] SKIPPED: Already updated today (2025-11-24 03:10:33)
[2025-11-24 00:40:39]   [emp_id: 4493] SKIPPED: Already updated today (2025-11-24 03:10:33)
[2025-11-24 00:40:39]   [emp_id: 4526] SKIPPED: Already updated today (2025-11-24 03:10:33)
[2025-11-24 00:40:39]   [emp_id: 4528] SKIPPED: Already updated today (2025-11-24 03:10:33)
[2025-11-24 00:40:39]   [emp_id: 4528] SKIPPED: Already updated today (2025-11-24 03:10:33)
[2025-11-24 00:40:39]   [emp_id: 4532] SKIPPED: Already updated today (2025-11-24 03:10:33)
[2025-11-24 00:40:39]   [emp_id: 4533] SKIPPED: Already updated today (2025-11-24 03:10:33)
[2025-11-24 00:40:39]   [emp_id: 4564] SKIPPED: Already updated today (2025-11-24 03:10:33)
[2025-11-24 00:40:39]   [emp_id: 4565] SKIPPED: Already updated today (2025-11-24 03:10:33)
[2025-11-24 00:40:39]   [emp_id: 4567] SKIPPED: Already updated today (2025-11-24 03:10:33)
[2025-11-24 00:40:39]   [emp_id: 4572] SKIPPED: Already updated today (2025-11-24 03:10:33)
[2025-11-24 00:40:39]   [emp_id: 4631] SKIPPED: Already updated today (2025-11-24 03:10:33)
[2025-11-24 00:40:39]   [emp_id: 4655] SKIPPED: Already updated today (2025-11-24 03:10:33)
[2025-11-24 00:40:39]   [emp_id: 4689] SKIPPED: Already updated today (2025-11-24 03:10:33)
[2025-11-24 00:40:39]   [emp_id: 4709] SKIPPED: Already updated today (2025-11-24 03:10:33)
[2025-11-24 00:40:39]   [emp_id: 4717] SKIPPED: Already updated today (2025-11-24 03:10:33)
[2025-11-24 00:40:39]   [emp_id: 4736] SKIPPED: Already updated today (2025-11-24 03:10:33)
[2025-11-24 00:40:39]   [emp_id: 4756] SKIPPED: Already updated today (2025-11-24 03:10:33)
[2025-11-24 00:40:39]   [emp_id: 4768] SKIPPED: Already updated today (2025-11-24 03:10:33)
[2025-11-24 00:40:39]   [emp_id: 4780] SKIPPED: Already updated today (2025-11-24 03:10:33)
[2025-11-24 00:40:39]   [emp_id: 4820] SKIPPED: Already updated today (2025-11-24 03:10:33)
[2025-11-24 00:40:39]   [emp_id: 4825] SKIPPED: Already updated today (2025-11-24 03:10:33)
[2025-11-24 00:40:39]   [emp_id: 4835] SKIPPED: Already updated today (2025-11-24 03:10:33)
[2025-11-24 00:40:39]   [emp_id: 4837] SKIPPED: Already updated today (2025-11-24 03:10:33)
[2025-11-24 00:40:39]   [emp_id: 4838] SKIPPED: Already updated today (2025-11-24 03:10:33)
[2025-11-24 00:40:39]   [emp_id: 4840] SKIPPED: Already updated today (2025-11-24 03:10:33)
[2025-11-24 00:40:39]   [emp_id: 4842] SKIPPED: Already updated today (2025-11-24 03:10:33)
[2025-11-24 00:40:39]   [emp_id: 4843] SKIPPED: Already updated today (2025-11-24 03:10:33)
[2025-11-24 00:40:39]   [emp_id: 4853] SKIPPED: Already updated today (2025-11-24 03:10:33)
[2025-11-24 00:40:39]   [emp_id: 4856] SKIPPED: Already updated today (2025-11-24 03:10:33)
[2025-11-24 00:40:39]   [emp_id: 4857] SKIPPED: Already updated today (2025-11-24 03:10:33)
[2025-11-24 00:40:39]   [emp_id: 4858] SKIPPED: Already updated today (2025-11-24 03:10:33)
[2025-11-24 00:40:39]   [emp_id: 4859] SKIPPED: Already updated today (2025-11-24 03:10:33)
[2025-11-24 00:40:39]   [emp_id: 4860] SKIPPED: Already updated today (2025-11-24 03:10:33)
[2025-11-24 00:40:39]   [emp_id: 4861] SKIPPED: Already updated today (2025-11-24 03:10:33)
[2025-11-24 00:40:39]   [emp_id: 4869] SKIPPED: Already updated today (2025-11-24 03:10:33)
[2025-11-24 00:40:39]   [emp_id: 4894] SKIPPED: Already updated today (2025-11-24 03:10:33)
[2025-11-24 00:40:39]   [emp_id: 4897] SKIPPED: Already updated today (2025-11-24 03:10:33)
[2025-11-24 00:40:39]   [emp_id: 4899] SKIPPED: Already updated today (2025-11-24 03:10:33)
[2025-11-24 00:40:39]   [emp_id: 4902] SKIPPED: Already updated today (2025-11-24 03:10:33)
[2025-11-24 00:40:39]   [emp_id: 4903] SKIPPED: Already updated today (2025-11-24 03:10:33)
[2025-11-24 00:40:39]   [emp_id: 4905] SKIPPED: Already updated today (2025-11-24 03:10:33)
[2025-11-24 00:40:39]   [emp_id: 4907] SKIPPED: Already updated today (2025-11-24 03:10:33)
[2025-11-24 00:40:39]   [emp_id: 4917] SKIPPED: Already updated today (2025-11-24 03:10:33)
[2025-11-24 00:40:39]   [emp_id: 4918] SKIPPED: Already updated today (2025-11-24 03:10:33)
[2025-11-24 00:40:39]   [emp_id: 4919] SKIPPED: Already updated today (2025-11-24 03:10:33)
[2025-11-24 00:40:39]   [emp_id: 4920] SKIPPED: Already updated today (2025-11-24 03:10:33)
[2025-11-24 00:40:39]   [emp_id: 4921] SKIPPED: Already updated today (2025-11-24 03:10:33)
[2025-11-24 00:40:39]   [emp_id: 4927] SKIPPED: Already updated today (2025-11-24 03:10:33)
[2025-11-24 00:40:39]   [emp_id: 4929] SKIPPED: Already updated today (2025-11-24 03:10:33)
[2025-11-24 00:40:39]   [emp_id: 4930] SKIPPED: Already updated today (2025-11-24 03:10:33)
[2025-11-24 00:40:39]   [emp_id: 4932] SKIPPED: Already updated today (2025-11-24 03:10:33)
[2025-11-24 00:40:39]   [emp_id: 4933] SKIPPED: Already updated today (2025-11-24 03:10:33)
[2025-11-24 00:40:39]   [emp_id: 4949] SKIPPED: Already updated today (2025-11-24 03:10:33)
[2025-11-24 00:40:39]   [emp_id: 4956] SKIPPED: Already updated today (2025-11-24 03:10:33)
[2025-11-24 00:40:39]   [emp_id: 4957] SKIPPED: Already updated today (2025-11-24 03:10:33)
[2025-11-24 00:40:39]   [emp_id: 4962] SKIPPED: Already updated today (2025-11-24 03:10:33)
[2025-11-24 00:40:39]   [emp_id: 4969] SKIPPED: Already updated today (2025-11-24 03:10:33)
[2025-11-24 00:40:39]   [emp_id: 4976] SKIPPED: Already updated today (2025-11-24 03:10:33)
[2025-11-24 00:40:39]   [emp_id: 4984] SKIPPED: Already updated today (2025-11-24 03:10:33)
[2025-11-24 00:40:39]   [emp_id: 4995] SKIPPED: Already updated today (2025-11-24 03:10:33)
[2025-11-24 00:40:39]   [emp_id: 5004] SKIPPED: Already updated today (2025-11-24 03:10:33)
[2025-11-24 00:40:39]   [emp_id: 5006] SKIPPED: Already updated today (2025-11-24 03:10:33)
[2025-11-24 00:40:39]   [emp_id: 5011] SKIPPED: Already updated today (2025-11-24 03:10:33)
[2025-11-24 00:40:39]   [emp_id: 5013] SKIPPED: Already updated today (2025-11-24 03:10:33)
[2025-11-24 00:40:39]   [emp_id: 5018] SKIPPED: Already updated today (2025-11-24 03:10:33)
[2025-11-24 00:40:39]   [emp_id: 5021] SKIPPED: Already updated today (2025-11-24 03:10:33)
[2025-11-24 00:40:39]   [emp_id: 5021] SKIPPED: Already updated today (2025-11-24 03:10:33)
[2025-11-24 00:40:39]   [emp_id: 5024] SKIPPED: Already updated today (2025-11-24 03:10:33)
[2025-11-24 00:40:39]   [emp_id: 5029] SKIPPED: Already updated today (2025-11-24 03:10:33)
[2025-11-24 00:40:39]   [emp_id: 5030] SKIPPED: Already updated today (2025-11-24 03:10:33)
[2025-11-24 00:40:39]   [emp_id: 5033] SKIPPED: Already updated today (2025-11-24 03:10:33)
[2025-11-24 00:40:39]   [emp_id: 5043] SKIPPED: Already updated today (2025-11-24 03:10:33)
[2025-11-24 00:40:39]   [emp_id: 5045] SKIPPED: Already updated today (2025-11-24 03:10:33)
[2025-11-24 00:40:39]   [emp_id: 5046] SKIPPED: Already updated today (2025-11-24 03:10:33)
[2025-11-24 00:40:39]   [emp_id: 5049] SKIPPED: Already updated today (2025-11-24 03:10:33)
[2025-11-24 00:40:39]   [emp_id: 5052] SKIPPED: Already updated today (2025-11-24 03:10:33)
[2025-11-24 00:40:39]   [emp_id: 5055] SKIPPED: Already updated today (2025-11-24 03:10:33)
[2025-11-24 00:40:39]   [emp_id: 5058] SKIPPED: Already updated today (2025-11-24 03:10:33)
[2025-11-24 00:40:39]   [emp_id: 5062] SKIPPED: Already updated today (2025-11-24 03:10:33)
[2025-11-24 00:40:39]   [emp_id: 5064] SKIPPED: Already updated today (2025-11-24 03:10:33)
[2025-11-24 00:40:39]   [emp_id: 5065] SKIPPED: Already updated today (2025-11-24 03:10:33)
[2025-11-24 00:40:39]   [emp_id: 5071] SKIPPED: Already updated today (2025-11-24 03:10:33)
[2025-11-24 00:40:39]   [emp_id: 5072] SKIPPED: Already updated today (2025-11-24 03:10:33)
[2025-11-24 00:40:39]   [emp_id: 5073] SKIPPED: Already updated today (2025-11-24 03:10:33)
[2025-11-24 00:40:39]   [emp_id: 5079] SKIPPED: Already updated today (2025-11-24 03:10:33)
[2025-11-24 00:40:39]   [emp_id: 5080] SKIPPED: Already updated today (2025-11-24 03:10:33)
[2025-11-24 00:40:39]   [emp_id: 5081] SKIPPED: Already updated today (2025-11-24 03:10:33)
[2025-11-24 00:40:39]   [emp_id: 5087] SKIPPED: Already updated today (2025-11-24 03:10:33)
[2025-11-24 00:40:39]   [emp_id: 5091] SKIPPED: Already updated today (2025-11-24 03:10:33)
[2025-11-24 00:40:39]   [emp_id: 5093] SKIPPED: Already updated today (2025-11-24 03:10:33)
[2025-11-24 00:40:39]   [emp_id: 5095] SKIPPED: Already updated today (2025-11-24 03:10:33)
[2025-11-24 00:40:39]   [emp_id: 5101] SKIPPED: Already updated today (2025-11-24 03:10:33)
[2025-11-24 00:40:39]   [emp_id: 5107] SKIPPED: Already updated today (2025-11-24 03:10:33)
[2025-11-24 00:40:39]   [emp_id: 5109] SKIPPED: Already updated today (2025-11-24 03:10:33)
[2025-11-24 00:40:39]   [emp_id: 5115] SKIPPED: Already updated today (2025-11-24 03:10:33)
[2025-11-24 00:40:39]   [emp_id: 5116] SKIPPED: Already updated today (2025-11-24 03:10:33)
[2025-11-24 00:40:39]   [emp_id: 5119] SKIPPED: Already updated today (2025-11-24 03:10:33)
[2025-11-24 00:40:39]   [emp_id: 5122] SKIPPED: Already updated today (2025-11-24 03:10:33)
[2025-11-24 00:40:39]   [emp_id: 5126] SKIPPED: Already updated today (2025-11-24 03:10:33)
[2025-11-24 00:40:39]   [emp_id: 5127] SKIPPED: Already updated today (2025-11-24 03:10:33)
[2025-11-24 00:40:39]   [emp_id: 5128] SKIPPED: Already updated today (2025-11-24 03:10:33)
[2025-11-24 00:40:39]   [emp_id: 5138] SKIPPED: Already updated today (2025-11-24 03:10:33)
[2025-11-24 00:40:39]   [emp_id: 5138] SKIPPED: Already updated today (2025-11-24 03:10:33)
[2025-11-24 00:40:39]   [emp_id: 5141] SKIPPED: Already updated today (2025-11-24 03:10:33)
[2025-11-24 00:40:39]   [emp_id: 5142] SKIPPED: Already updated today (2025-11-24 03:10:34)
[2025-11-24 00:40:39]   [emp_id: 5146] SKIPPED: Already updated today (2025-11-24 03:10:34)
[2025-11-24 00:40:39]   [emp_id: 5147] SKIPPED: Already updated today (2025-11-24 03:10:34)
[2025-11-24 00:40:39]   [emp_id: 5148] SKIPPED: Already updated today (2025-11-24 03:10:34)
[2025-11-24 00:40:39]   [emp_id: 5149] SKIPPED: Already updated today (2025-11-24 03:10:34)
[2025-11-24 00:40:39]   [emp_id: 5150] SKIPPED: Already updated today (2025-11-24 03:10:34)
[2025-11-24 00:40:39]   [emp_id: 5151] SKIPPED: Already updated today (2025-11-24 03:10:34)
[2025-11-24 00:40:39]   [emp_id: 5152] SKIPPED: Already updated today (2025-11-24 03:10:34)
[2025-11-24 00:40:39]   [emp_id: 5157] SKIPPED: Already updated today (2025-11-24 03:10:34)
[2025-11-24 00:40:39]   [emp_id: 5160] SKIPPED: Already updated today (2025-11-24 03:10:34)
[2025-11-24 00:40:39]   [emp_id: 5161] SKIPPED: Already updated today (2025-11-24 03:10:34)
[2025-11-24 00:40:39]   [emp_id: 5163] SKIPPED: Already updated today (2025-11-24 03:10:34)
[2025-11-24 00:40:39]   [emp_id: 5165] SKIPPED: Already updated today (2025-11-24 03:10:34)
[2025-11-24 00:40:39]   [emp_id: 5167] SKIPPED: Already updated today (2025-11-24 03:10:34)
[2025-11-24 00:40:39]   [emp_id: 5168] SKIPPED: Already updated today (2025-11-24 03:10:34)
[2025-11-24 00:40:39]   [emp_id: 5173] SKIPPED: Already updated today (2025-11-24 03:10:34)
[2025-11-24 00:40:39]   [emp_id: 5174] SKIPPED: Already updated today (2025-11-24 03:10:34)
[2025-11-24 00:40:39]   [emp_id: 5181] SKIPPED: Already updated today (2025-11-24 03:10:34)
[2025-11-24 00:40:39]   [emp_id: 5186] SKIPPED: Already updated today (2025-11-24 03:10:34)
[2025-11-24 00:40:39]   [emp_id: 5187] SKIPPED: Already updated today (2025-11-24 03:10:34)
[2025-11-24 00:40:39]   [emp_id: 5204] SKIPPED: Already updated today (2025-11-24 03:10:34)
[2025-11-24 00:40:39]   [emp_id: 5205] SKIPPED: Already updated today (2025-11-24 03:10:34)
[2025-11-24 00:40:39]   [emp_id: 5209] SKIPPED: Already updated today (2025-11-24 03:10:34)
[2025-11-24 00:40:39]   [emp_id: 5211] SKIPPED: Already updated today (2025-11-24 03:10:34)
[2025-11-24 00:40:39]   [emp_id: 5213] SKIPPED: Already updated today (2025-11-24 03:10:34)
[2025-11-24 00:40:39]   [emp_id: 5214] SKIPPED: Already updated today (2025-11-24 03:10:34)
[2025-11-24 00:40:39]   [emp_id: 5215] SKIPPED: Already updated today (2025-11-24 03:10:34)
[2025-11-24 00:40:39]   [emp_id: 5217] SKIPPED: Already updated today (2025-11-24 03:10:34)
[2025-11-24 00:40:39]   [emp_id: 5218] SKIPPED: Already updated today (2025-11-24 03:10:34)
[2025-11-24 00:40:39]   [emp_id: 5219] SKIPPED: Already updated today (2025-11-24 03:10:34)
[2025-11-24 00:40:39]   [emp_id: 5221] SKIPPED: Already updated today (2025-11-24 03:10:34)
[2025-11-24 00:40:39]   [emp_id: 5224] SKIPPED: Already updated today (2025-11-24 03:10:34)
[2025-11-24 00:40:39]   [emp_id: 5225] SKIPPED: Already updated today (2025-11-24 03:10:34)
[2025-11-24 00:40:39]   [emp_id: 5228] SKIPPED: Already updated today (2025-11-24 03:10:34)
[2025-11-24 00:40:39]   [emp_id: 5229] SKIPPED: Already updated today (2025-11-24 03:10:34)
[2025-11-24 00:40:39]   [emp_id: 5230] SKIPPED: Already updated today (2025-11-24 03:10:34)
[2025-11-24 00:40:39]   [emp_id: 5231] SKIPPED: Already updated today (2025-11-24 03:10:34)
[2025-11-24 00:40:39]   [emp_id: 5232] SKIPPED: Already updated today (2025-11-24 03:10:34)
[2025-11-24 00:40:39]   [emp_id: 5233] SKIPPED: Already updated today (2025-11-24 03:10:34)
[2025-11-24 00:40:39]   [emp_id: 5234] SKIPPED: Already updated today (2025-11-24 03:10:34)
[2025-11-24 00:40:39]   [emp_id: 5235] SKIPPED: Already updated today (2025-11-24 03:10:34)
[2025-11-24 00:40:39]   [emp_id: 5237] SKIPPED: Already updated today (2025-11-24 03:10:34)
[2025-11-24 00:40:39]   [emp_id: 5238] SKIPPED: Already updated today (2025-11-24 03:10:34)
[2025-11-24 00:40:39]   [emp_id: 5239] SKIPPED: Already updated today (2025-11-24 03:10:34)
[2025-11-24 00:40:39]   [emp_id: 5241] SKIPPED: Already updated today (2025-11-24 03:10:34)
[2025-11-24 00:40:39]   [emp_id: 5242] SKIPPED: Already updated today (2025-11-24 03:10:34)
[2025-11-24 00:40:39]   [emp_id: 5243] SKIPPED: Already updated today (2025-11-24 03:10:34)
[2025-11-24 00:40:39]   [emp_id: 5244] SKIPPED: Already updated today (2025-11-24 03:10:34)
[2025-11-24 00:40:39]   [emp_id: 5246] SKIPPED: Already updated today (2025-11-24 03:10:34)
[2025-11-24 00:40:39]   [emp_id: 5253] SKIPPED: Already updated today (2025-11-24 03:10:34)
[2025-11-24 00:40:39]   [emp_id: 5254] SKIPPED: Already updated today (2025-11-24 03:10:34)
[2025-11-24 00:40:39]   [emp_id: 5257] SKIPPED: Already updated today (2025-11-24 03:10:34)
[2025-11-24 00:40:39]   [emp_id: 5259] SKIPPED: Already updated today (2025-11-24 03:10:34)
[2025-11-24 00:40:39]   [emp_id: 5261] SKIPPED: Already updated today (2025-11-24 03:10:34)
[2025-11-24 00:40:39]   [emp_id: 5264] SKIPPED: Already updated today (2025-11-24 03:10:34)
[2025-11-24 00:40:39]   [emp_id: 5266] SKIPPED: Already updated today (2025-11-24 03:10:34)
[2025-11-24 00:40:39]   [emp_id: 5268] SKIPPED: Already updated today (2025-11-24 03:10:34)
[2025-11-24 00:40:39]   [emp_id: 5271] SKIPPED: Already updated today (2025-11-24 03:10:34)
[2025-11-24 00:40:39]   [emp_id: 5272] SKIPPED: Already updated today (2025-11-24 03:10:34)
[2025-11-24 00:40:39]   [emp_id: 5273] SKIPPED: Already updated today (2025-11-24 03:10:34)
[2025-11-24 00:40:39]   [emp_id: 5275] SKIPPED: Already updated today (2025-11-24 03:10:34)
[2025-11-24 00:40:39]   [emp_id: 5276] SKIPPED: Already updated today (2025-11-24 03:10:34)
[2025-11-24 00:40:39]   [emp_id: 5278] SKIPPED: Already updated today (2025-11-24 03:10:34)
[2025-11-24 00:40:39]   [emp_id: 5280] SKIPPED: Already updated today (2025-11-24 03:10:34)
[2025-11-24 00:40:39]   [emp_id: 5282] SKIPPED: Already updated today (2025-11-24 03:10:34)
[2025-11-24 00:40:39]   [emp_id: 5285] SKIPPED: Already updated today (2025-11-24 03:10:34)
[2025-11-24 00:40:39]   [emp_id: 5286] SKIPPED: Already updated today (2025-11-24 03:10:34)
[2025-11-24 00:40:39]   [emp_id: 5287] SKIPPED: Already updated today (2025-11-24 03:10:34)
[2025-11-24 00:40:39]   [emp_id: 5288] SKIPPED: Already updated today (2025-11-24 03:10:34)
[2025-11-24 00:40:39]   [emp_id: 5289] SKIPPED: Already updated today (2025-11-24 03:10:34)
[2025-11-24 00:40:39]   [emp_id: 5290] SKIPPED: Already updated today (2025-11-24 03:10:34)
[2025-11-24 00:40:39]   [emp_id: 5291] SKIPPED: Already updated today (2025-11-24 03:10:34)
[2025-11-24 00:40:39]   [emp_id: 5292] SKIPPED: Already updated today (2025-11-24 03:10:34)
[2025-11-24 00:40:39]   [emp_id: 5293] SKIPPED: Already updated today (2025-11-24 03:10:34)
[2025-11-24 00:40:39]   [emp_id: 5294] SKIPPED: Already updated today (2025-11-24 03:10:34)
[2025-11-24 00:40:39]   [emp_id: 5295] SKIPPED: Already updated today (2025-11-24 03:10:34)
[2025-11-24 00:40:39]   [emp_id: 5296] SKIPPED: Already updated today (2025-11-24 03:10:34)
[2025-11-24 00:40:39]   [emp_id: 5297] SKIPPED: Already updated today (2025-11-24 03:10:34)
[2025-11-24 00:40:39]   [emp_id: 5298] SKIPPED: Already updated today (2025-11-24 03:10:34)
[2025-11-24 00:40:39]   [emp_id: 5299] SKIPPED: Already updated today (2025-11-24 03:10:34)
[2025-11-24 00:40:39]   [emp_id: 5300] SKIPPED: Already updated today (2025-11-24 03:10:34)
[2025-11-24 00:40:39]   [emp_id: 5301] SKIPPED: Already updated today (2025-11-24 03:10:34)
[2025-11-24 00:40:39]   [emp_id: 5303] SKIPPED: Already updated today (2025-11-24 03:10:34)
[2025-11-24 00:40:39]   [emp_id: 5304] SKIPPED: Already updated today (2025-11-24 03:10:34)
[2025-11-24 00:40:39]   [emp_id: 5305] SKIPPED: Already updated today (2025-11-24 03:10:34)
[2025-11-24 00:40:39]   [emp_id: 5306] SKIPPED: Already updated today (2025-11-24 03:10:34)
[2025-11-24 00:40:39]   [emp_id: 5307] SKIPPED: Already updated today (2025-11-24 03:10:34)
[2025-11-24 00:40:39]   [emp_id: 5308] SKIPPED: Already updated today (2025-11-24 03:10:34)
[2025-11-24 00:40:39]   [emp_id: 5309] SKIPPED: Already updated today (2025-11-24 03:10:34)
[2025-11-24 00:40:39]   [emp_id: 5312] SKIPPED: Already updated today (2025-11-24 03:10:34)
[2025-11-24 00:40:39]   [emp_id: 5318] SKIPPED: Already updated today (2025-11-24 03:10:34)
[2025-11-24 00:40:39]   [emp_id: 5325] SKIPPED: Already updated today (2025-11-24 03:10:34)
[2025-11-24 00:40:39]   [emp_id: 5326] SKIPPED: Already updated today (2025-11-24 03:10:34)
[2025-11-24 00:40:39]   [emp_id: 5327] SKIPPED: Already updated today (2025-11-24 03:10:34)
[2025-11-24 00:40:39]   [emp_id: 5328] SKIPPED: Already updated today (2025-11-24 03:10:34)
[2025-11-24 00:40:39]   [emp_id: 5329] SKIPPED: Already updated today (2025-11-24 03:10:34)
[2025-11-24 00:40:39]   [emp_id: 5331] SKIPPED: Already updated today (2025-11-24 03:10:34)
[2025-11-24 00:40:39]   [emp_id: 5337] SKIPPED: Already updated today (2025-11-24 03:10:34)
[2025-11-24 00:40:39]   [emp_id: 5339] SKIPPED: Already updated today (2025-11-24 03:10:34)
[2025-11-24 00:40:39]   [emp_id: 5343] SKIPPED: Already updated today (2025-11-24 03:10:34)
[2025-11-24 00:40:39]   [emp_id: 5343] SKIPPED: Already updated today (2025-11-24 03:10:34)
[2025-11-24 00:40:39]   [emp_id: 5345] SKIPPED: Already updated today (2025-11-24 03:10:34)
[2025-11-24 00:40:39]   [emp_id: 5346] SKIPPED: Already updated today (2025-11-24 03:10:34)
[2025-11-24 00:40:39]   [emp_id: 5351] SKIPPED: Already updated today (2025-11-24 03:10:34)
[2025-11-24 00:40:39]   [emp_id: 5352] SKIPPED: Already updated today (2025-11-24 03:10:34)
[2025-11-24 00:40:39]   [emp_id: 5370] SKIPPED: Already updated today (2025-11-24 03:10:34)
[2025-11-24 00:40:39]   [emp_id: 5371] SKIPPED: Already updated today (2025-11-24 03:10:34)
[2025-11-24 00:40:39]   [emp_id: 5376] SKIPPED: Already updated today (2025-11-24 03:10:34)
[2025-11-24 00:40:39]   [emp_id: 5378] SKIPPED: Already updated today (2025-11-24 03:10:34)
[2025-11-24 00:40:39]   [emp_id: 5380] SKIPPED: Already updated today (2025-11-24 03:10:34)
[2025-11-24 00:40:39]   [emp_id: 5381] SKIPPED: Already updated today (2025-11-24 03:10:34)
[2025-11-24 00:40:39]   [emp_id: 5383] SKIPPED: Already updated today (2025-11-24 03:10:34)
[2025-11-24 00:40:39]   [emp_id: 5388] SKIPPED: Already updated today (2025-11-24 03:10:34)
[2025-11-24 00:40:39]   [emp_id: 5392] SKIPPED: Already updated today (2025-11-24 03:10:34)
[2025-11-24 00:40:39]   [emp_id: 5396] SKIPPED: Already updated today (2025-11-24 03:10:34)
[2025-11-24 00:40:39]   [emp_id: 5397] SKIPPED: Already updated today (2025-11-24 03:10:34)
[2025-11-24 00:40:39]   [emp_id: 5401] SKIPPED: Already updated today (2025-11-24 03:10:34)
[2025-11-24 00:40:39]   [emp_id: 5402] SKIPPED: Already updated today (2025-11-24 03:10:34)
[2025-11-24 00:40:39]   [emp_id: 5406] SKIPPED: Already updated today (2025-11-24 03:10:34)
[2025-11-24 00:40:39]   [emp_id: 5407] SKIPPED: Already updated today (2025-11-24 03:10:34)
[2025-11-24 00:40:39]   [emp_id: 5408] SKIPPED: Already updated today (2025-11-24 03:10:34)
[2025-11-24 00:40:39]   [emp_id: 5409] SKIPPED: Already updated today (2025-11-24 03:10:34)
[2025-11-24 00:40:39]   [emp_id: 5413] SKIPPED: Already updated today (2025-11-24 03:10:34)
[2025-11-24 00:40:39]   [emp_id: 5414] SKIPPED: Already updated today (2025-11-24 03:10:34)
[2025-11-24 00:40:39]   [emp_id: 5415] SKIPPED: Already updated today (2025-11-24 03:10:34)
[2025-11-24 00:40:39]   [emp_id: 5418] SKIPPED: Already updated today (2025-11-24 03:10:34)
[2025-11-24 00:40:39]   [emp_id: 5422] SKIPPED: Already updated today (2025-11-24 03:10:34)
[2025-11-24 00:40:39]   [emp_id: 5423] SKIPPED: Already updated today (2025-11-24 03:10:34)
[2025-11-24 00:40:39]   [emp_id: 5423] SKIPPED: Already updated today (2025-11-24 03:10:34)
[2025-11-24 00:40:39]   [emp_id: 5423] SKIPPED: Already updated today (2025-11-24 03:10:34)
[2025-11-24 00:40:39]   [emp_id: 5424] SKIPPED: Already updated today (2025-11-24 03:10:34)
[2025-11-24 00:40:39]   [emp_id: 5425] SKIPPED: Already updated today (2025-11-24 03:10:34)
[2025-11-24 00:40:39]   [emp_id: 5426] SKIPPED: Already updated today (2025-11-24 03:10:34)
[2025-11-24 00:40:39]   [emp_id: 5426] SKIPPED: Already updated today (2025-11-24 03:10:34)
[2025-11-24 00:40:39]   [emp_id: 5427] SKIPPED: Already updated today (2025-11-24 03:10:34)
[2025-11-24 00:40:39]   [emp_id: 5428] SKIPPED: Already updated today (2025-11-24 03:10:34)
[2025-11-24 00:40:39]   [emp_id: 5430] SKIPPED: Already updated today (2025-11-24 03:10:34)
[2025-11-24 00:40:39]   [emp_id: 5431] SKIPPED: Already updated today (2025-11-24 03:10:34)
[2025-11-24 00:40:39]   [emp_id: 5434] SKIPPED: Already updated today (2025-11-24 03:10:34)
[2025-11-24 00:40:39]   [emp_id: 5435] SKIPPED: Already updated today (2025-11-24 03:10:35)
[2025-11-24 00:40:39]   [emp_id: 5436] SKIPPED: Already updated today (2025-11-24 03:10:35)
[2025-11-24 00:40:39]   [emp_id: 5438] SKIPPED: Already updated today (2025-11-24 03:10:35)
[2025-11-24 00:40:39]   [emp_id: 5439] SKIPPED: Already updated today (2025-11-24 03:10:35)
[2025-11-24 00:40:39]   [emp_id: 5442] SKIPPED: Already updated today (2025-11-24 03:10:35)
[2025-11-24 00:40:39]   [emp_id: 5443] SKIPPED: Already updated today (2025-11-24 03:10:35)
[2025-11-24 00:40:39]   [emp_id: 5445] SKIPPED: Already updated today (2025-11-24 03:10:35)
[2025-11-24 00:40:39]   [emp_id: 5446] SKIPPED: Already updated today (2025-11-24 03:10:35)
[2025-11-24 00:40:39]   [emp_id: 5447] SKIPPED: Already updated today (2025-11-24 03:10:35)
[2025-11-24 00:40:39]   [emp_id: 5448] SKIPPED: Already updated today (2025-11-24 03:10:35)
[2025-11-24 00:40:39]   [emp_id: 5449] SKIPPED: Already updated today (2025-11-24 03:10:35)
[2025-11-24 00:40:39]   [emp_id: 5450] SKIPPED: Already updated today (2025-11-24 03:10:35)
[2025-11-24 00:40:39]   [emp_id: 5451] SKIPPED: Already updated today (2025-11-24 03:10:35)
[2025-11-24 00:40:39]   [emp_id: 5454] SKIPPED: Already updated today (2025-11-24 03:10:35)
[2025-11-24 00:40:39]   [emp_id: 5455] SKIPPED: Already updated today (2025-11-24 03:10:35)
[2025-11-24 00:40:39]   [emp_id: 5456] SKIPPED: Already updated today (2025-11-24 03:10:35)
[2025-11-24 00:40:39] 
[2025-11-24 00:40:39] ========== SUMMARY ==========
[2025-11-24 00:40:39] Total employees processed: 451
[2025-11-24 00:40:39] Records updated: 0
[2025-11-24 00:40:39] Balances changed: 0
[2025-11-24 00:40:39] Errors: 0
[2025-11-24 00:40:39] ========== CRON: Vacation Balance Update Completed ==========
[2025-11-24 00:40:39] 
[2025-11-24 08:12:32] ========== CRON: Vacation Balance Update Started ==========
[2025-11-24 08:12:32] Database connection established
[2025-11-24 08:12:32] Found 451 active employees with balance records to update
[2025-11-24 08:12:32] (Only employees with status=1 will be processed)
[2025-11-24 08:12:32]   [emp_id: 1061] SKIPPED: Already updated today (2025-11-24 03:10:31)
[2025-11-24 08:12:32]   [emp_id: 1496] SKIPPED: Already updated today (2025-11-24 03:10:31)
[2025-11-24 08:12:32]   [emp_id: 1500] SKIPPED: Already updated today (2025-11-24 03:10:31)
[2025-11-24 08:12:32]   [emp_id: 1574] SKIPPED: Already updated today (2025-11-24 03:10:31)
[2025-11-24 08:12:32]   [emp_id: 1673] SKIPPED: Already updated today (2025-11-24 03:10:31)
[2025-11-24 08:12:32]   [emp_id: 1685] SKIPPED: Already updated today (2025-11-24 03:10:31)
[2025-11-24 08:12:32]   [emp_id: 1764] SKIPPED: Already updated today (2025-11-24 03:10:31)
[2025-11-24 08:12:32]   [emp_id: 1805] SKIPPED: Already updated today (2025-11-24 03:10:31)
[2025-11-24 08:12:32]   [emp_id: 1822] SKIPPED: Already updated today (2025-11-24 03:10:31)
[2025-11-24 08:12:32]   [emp_id: 1837] SKIPPED: Already updated today (2025-11-24 03:10:31)
[2025-11-24 08:12:32]   [emp_id: 1857] SKIPPED: Already updated today (2025-11-24 03:10:31)
[2025-11-24 08:12:32]   [emp_id: 1861] SKIPPED: Already updated today (2025-11-24 03:10:31)
[2025-11-24 08:12:32]   [emp_id: 1872] SKIPPED: Already updated today (2025-11-24 03:10:31)
[2025-11-24 08:12:32]   [emp_id: 1897] SKIPPED: Already updated today (2025-11-24 03:10:31)
[2025-11-24 08:12:32]   [emp_id: 1916] SKIPPED: Already updated today (2025-11-24 03:10:31)
[2025-11-24 08:12:32]   [emp_id: 1928] SKIPPED: Already updated today (2025-11-24 03:10:32)
[2025-11-24 08:12:32]   [emp_id: 1931] SKIPPED: Already updated today (2025-11-24 03:10:32)
[2025-11-24 08:12:32]   [emp_id: 1944] SKIPPED: Already updated today (2025-11-24 03:10:32)
[2025-11-24 08:12:32]   [emp_id: 1996] SKIPPED: Already updated today (2025-11-24 03:10:32)
[2025-11-24 08:12:32]   [emp_id: 1997] SKIPPED: Already updated today (2025-11-24 03:10:32)
[2025-11-24 08:12:32]   [emp_id: 1998] SKIPPED: Already updated today (2025-11-24 03:10:32)
[2025-11-24 08:12:32]   [emp_id: 1999] SKIPPED: Already updated today (2025-11-24 03:10:32)
[2025-11-24 08:12:32]   [emp_id: 2009] SKIPPED: Already updated today (2025-11-24 03:10:32)
[2025-11-24 08:12:32]   [emp_id: 2048] SKIPPED: Already updated today (2025-11-24 03:10:32)
[2025-11-24 08:12:32]   [emp_id: 2057] SKIPPED: Already updated today (2025-11-24 03:10:32)
[2025-11-24 08:12:32]   [emp_id: 2079] SKIPPED: Already updated today (2025-11-24 03:10:32)
[2025-11-24 08:12:32]   [emp_id: 2181] SKIPPED: Already updated today (2025-11-24 03:10:32)
[2025-11-24 08:12:32]   [emp_id: 2190] SKIPPED: Already updated today (2025-11-24 03:10:32)
[2025-11-24 08:12:32]   [emp_id: 2212] SKIPPED: Already updated today (2025-11-24 03:10:32)
[2025-11-24 08:12:32]   [emp_id: 2226] SKIPPED: Already updated today (2025-11-24 03:10:32)
[2025-11-24 08:12:32]   [emp_id: 2238] SKIPPED: Already updated today (2025-11-24 03:10:32)
[2025-11-24 08:12:32]   [emp_id: 2285] SKIPPED: Already updated today (2025-11-24 03:10:32)
[2025-11-24 08:12:32]   [emp_id: 2287] SKIPPED: Already updated today (2025-11-24 03:10:32)
[2025-11-24 08:12:32]   [emp_id: 2288] SKIPPED: Already updated today (2025-11-24 03:10:32)
[2025-11-24 08:12:32]   [emp_id: 2290] SKIPPED: Already updated today (2025-11-24 03:10:32)
[2025-11-24 08:12:32]   [emp_id: 2316] SKIPPED: Already updated today (2025-11-24 03:10:32)
[2025-11-24 08:12:32]   [emp_id: 2337] SKIPPED: Already updated today (2025-11-24 03:10:32)
[2025-11-24 08:12:32]   [emp_id: 2352] SKIPPED: Already updated today (2025-11-24 03:10:32)
[2025-11-24 08:12:32]   [emp_id: 2358] SKIPPED: Already updated today (2025-11-24 03:10:32)
[2025-11-24 08:12:32]   [emp_id: 2361] SKIPPED: Already updated today (2025-11-24 03:10:32)
[2025-11-24 08:12:32]   [emp_id: 2363] SKIPPED: Already updated today (2025-11-24 03:10:32)
[2025-11-24 08:12:32]   [emp_id: 2364] SKIPPED: Already updated today (2025-11-24 03:10:32)
[2025-11-24 08:12:32]   [emp_id: 2367] SKIPPED: Already updated today (2025-11-24 03:10:32)
[2025-11-24 08:12:32]   [emp_id: 2368] SKIPPED: Already updated today (2025-11-24 03:10:32)
[2025-11-24 08:12:32]   [emp_id: 2372] SKIPPED: Already updated today (2025-11-24 03:10:32)
[2025-11-24 08:12:32]   [emp_id: 2376] SKIPPED: Already updated today (2025-11-24 03:10:32)
[2025-11-24 08:12:32]   [emp_id: 2423] SKIPPED: Already updated today (2025-11-24 03:10:32)
[2025-11-24 08:12:32]   [emp_id: 2519] SKIPPED: Already updated today (2025-11-24 03:10:32)
[2025-11-24 08:12:32]   [emp_id: 2522] SKIPPED: Already updated today (2025-11-24 03:10:32)
[2025-11-24 08:12:32]   [emp_id: 2530] SKIPPED: Already updated today (2025-11-24 03:10:32)
[2025-11-24 08:12:32]   [emp_id: 2539] SKIPPED: Already updated today (2025-11-24 03:10:32)
[2025-11-24 08:12:32]   [emp_id: 2541] SKIPPED: Already updated today (2025-11-24 03:10:32)
[2025-11-24 08:12:32]   [emp_id: 2550] SKIPPED: Already updated today (2025-11-24 03:10:32)
[2025-11-24 08:12:32]   [emp_id: 2553] SKIPPED: Already updated today (2025-11-24 03:10:32)
[2025-11-24 08:12:32]   [emp_id: 2554] SKIPPED: Already updated today (2025-11-24 03:10:32)
[2025-11-24 08:12:32]   [emp_id: 2565] SKIPPED: Already updated today (2025-11-24 03:10:32)
[2025-11-24 08:12:32]   [emp_id: 2572] SKIPPED: Already updated today (2025-11-24 03:10:32)
[2025-11-24 08:12:32]   [emp_id: 2637] SKIPPED: Already updated today (2025-11-24 03:10:32)
[2025-11-24 08:12:32]   [emp_id: 2642] SKIPPED: Already updated today (2025-11-24 03:10:32)
[2025-11-24 08:12:32]   [emp_id: 2645] SKIPPED: Already updated today (2025-11-24 03:10:32)
[2025-11-24 08:12:32]   [emp_id: 2648] SKIPPED: Already updated today (2025-11-24 03:10:32)
[2025-11-24 08:12:32]   [emp_id: 2654] SKIPPED: Already updated today (2025-11-24 03:10:32)
[2025-11-24 08:12:32]   [emp_id: 2688] SKIPPED: Already updated today (2025-11-24 03:10:32)
[2025-11-24 08:12:32]   [emp_id: 2690] SKIPPED: Already updated today (2025-11-24 03:10:32)
[2025-11-24 08:12:32]   [emp_id: 2709] SKIPPED: Already updated today (2025-11-24 03:10:32)
[2025-11-24 08:12:32]   [emp_id: 2745] SKIPPED: Already updated today (2025-11-24 03:10:32)
[2025-11-24 08:12:32]   [emp_id: 2843] SKIPPED: Already updated today (2025-11-24 03:10:32)
[2025-11-24 08:12:32]   [emp_id: 2854] SKIPPED: Already updated today (2025-11-24 03:10:32)
[2025-11-24 08:12:32]   [emp_id: 2869] SKIPPED: Already updated today (2025-11-24 03:10:32)
[2025-11-24 08:12:32]   [emp_id: 2876] SKIPPED: Already updated today (2025-11-24 03:10:32)
[2025-11-24 08:12:32]   [emp_id: 2924] SKIPPED: Already updated today (2025-11-24 03:10:32)
[2025-11-24 08:12:32]   [emp_id: 2953] SKIPPED: Already updated today (2025-11-24 03:10:32)
[2025-11-24 08:12:32]   [emp_id: 2961] SKIPPED: Already updated today (2025-11-24 03:10:32)
[2025-11-24 08:12:32]   [emp_id: 2975] SKIPPED: Already updated today (2025-11-24 03:10:32)
[2025-11-24 08:12:32]   [emp_id: 3013] SKIPPED: Already updated today (2025-11-24 03:10:32)
[2025-11-24 08:12:32]   [emp_id: 3014] SKIPPED: Already updated today (2025-11-24 03:10:32)
[2025-11-24 08:12:32]   [emp_id: 3015] SKIPPED: Already updated today (2025-11-24 03:10:32)
[2025-11-24 08:12:32]   [emp_id: 3018] SKIPPED: Already updated today (2025-11-24 03:10:32)
[2025-11-24 08:12:32]   [emp_id: 3025] SKIPPED: Already updated today (2025-11-24 03:10:32)
[2025-11-24 08:12:32]   [emp_id: 3037] SKIPPED: Already updated today (2025-11-24 03:10:32)
[2025-11-24 08:12:32]   [emp_id: 3047] SKIPPED: Already updated today (2025-11-24 03:10:32)
[2025-11-24 08:12:32]   [emp_id: 3061] SKIPPED: Already updated today (2025-11-24 03:10:32)
[2025-11-24 08:12:32]   [emp_id: 3062] SKIPPED: Already updated today (2025-11-24 03:10:32)
[2025-11-24 08:12:32]   [emp_id: 3074] SKIPPED: Already updated today (2025-11-24 03:10:32)
[2025-11-24 08:12:32]   [emp_id: 3089] SKIPPED: Already updated today (2025-11-24 03:10:32)
[2025-11-24 08:12:32]   [emp_id: 3090] SKIPPED: Already updated today (2025-11-24 03:10:32)
[2025-11-24 08:12:32]   [emp_id: 3091] SKIPPED: Already updated today (2025-11-24 03:10:32)
[2025-11-24 08:12:32]   [emp_id: 3092] SKIPPED: Already updated today (2025-11-24 03:10:32)
[2025-11-24 08:12:32]   [emp_id: 3105] SKIPPED: Already updated today (2025-11-24 03:10:32)
[2025-11-24 08:12:32]   [emp_id: 3134] SKIPPED: Already updated today (2025-11-24 03:10:32)
[2025-11-24 08:12:32]   [emp_id: 3140] SKIPPED: Already updated today (2025-11-24 03:10:32)
[2025-11-24 08:12:32]   [emp_id: 3144] SKIPPED: Already updated today (2025-11-24 03:10:32)
[2025-11-24 08:12:32]   [emp_id: 3156] SKIPPED: Already updated today (2025-11-24 03:10:32)
[2025-11-24 08:12:32]   [emp_id: 3162] SKIPPED: Already updated today (2025-11-24 03:10:32)
[2025-11-24 08:12:32]   [emp_id: 3163] SKIPPED: Already updated today (2025-11-24 03:10:32)
[2025-11-24 08:12:32]   [emp_id: 3198] SKIPPED: Already updated today (2025-11-24 03:10:32)
[2025-11-24 08:12:32]   [emp_id: 3205] SKIPPED: Already updated today (2025-11-24 03:10:32)
[2025-11-24 08:12:32]   [emp_id: 3209] SKIPPED: Already updated today (2025-11-24 03:10:32)
[2025-11-24 08:12:32]   [emp_id: 3223] SKIPPED: Already updated today (2025-11-24 03:10:32)
[2025-11-24 08:12:32]   [emp_id: 3224] SKIPPED: Already updated today (2025-11-24 03:10:32)
[2025-11-24 08:12:32]   [emp_id: 3230] SKIPPED: Already updated today (2025-11-24 03:10:32)
[2025-11-24 08:12:32]   [emp_id: 3231] SKIPPED: Already updated today (2025-11-24 03:10:32)
[2025-11-24 08:12:32]   [emp_id: 3233] SKIPPED: Already updated today (2025-11-24 03:10:32)
[2025-11-24 08:12:32]   [emp_id: 3249] SKIPPED: Already updated today (2025-11-24 03:10:32)
[2025-11-24 08:12:32]   [emp_id: 3250] SKIPPED: Already updated today (2025-11-24 03:10:32)
[2025-11-24 08:12:32]   [emp_id: 3252] SKIPPED: Already updated today (2025-11-24 03:10:32)
[2025-11-24 08:12:32]   [emp_id: 3254] SKIPPED: Already updated today (2025-11-24 03:10:32)
[2025-11-24 08:12:32]   [emp_id: 3255] SKIPPED: Already updated today (2025-11-24 03:10:32)
[2025-11-24 08:12:32]   [emp_id: 3256] SKIPPED: Already updated today (2025-11-24 03:10:32)
[2025-11-24 08:12:32]   [emp_id: 3263] SKIPPED: Already updated today (2025-11-24 03:10:32)
[2025-11-24 08:12:32]   [emp_id: 3265] SKIPPED: Already updated today (2025-11-24 03:10:32)
[2025-11-24 08:12:32]   [emp_id: 3280] SKIPPED: Already updated today (2025-11-24 03:10:32)
[2025-11-24 08:12:32]   [emp_id: 3286] SKIPPED: Already updated today (2025-11-24 03:10:32)
[2025-11-24 08:12:32]   [emp_id: 3294] SKIPPED: Already updated today (2025-11-24 03:10:32)
[2025-11-24 08:12:32]   [emp_id: 3321] SKIPPED: Already updated today (2025-11-24 03:10:32)
[2025-11-24 08:12:32]   [emp_id: 3325] SKIPPED: Already updated today (2025-11-24 03:10:32)
[2025-11-24 08:12:32]   [emp_id: 3329] SKIPPED: Already updated today (2025-11-24 03:10:32)
[2025-11-24 08:12:32]   [emp_id: 3330] SKIPPED: Already updated today (2025-11-24 03:10:32)
[2025-11-24 08:12:32]   [emp_id: 3332] SKIPPED: Already updated today (2025-11-24 03:10:32)
[2025-11-24 08:12:32]   [emp_id: 3370] SKIPPED: Already updated today (2025-11-24 03:10:32)
[2025-11-24 08:12:32]   [emp_id: 3384] SKIPPED: Already updated today (2025-11-24 03:10:32)
[2025-11-24 08:12:32]   [emp_id: 3386] SKIPPED: Already updated today (2025-11-24 03:10:32)
[2025-11-24 08:12:32]   [emp_id: 3431] SKIPPED: Already updated today (2025-11-24 03:10:32)
[2025-11-24 08:12:32]   [emp_id: 3497] SKIPPED: Already updated today (2025-11-24 03:10:32)
[2025-11-24 08:12:32]   [emp_id: 3532] SKIPPED: Already updated today (2025-11-24 03:10:32)
[2025-11-24 08:12:32]   [emp_id: 3586] SKIPPED: Already updated today (2025-11-24 03:10:32)
[2025-11-24 08:12:32]   [emp_id: 3602] SKIPPED: Already updated today (2025-11-24 03:10:32)
[2025-11-24 08:12:32]   [emp_id: 3618] SKIPPED: Already updated today (2025-11-24 03:10:32)
[2025-11-24 08:12:32]   [emp_id: 3622] SKIPPED: Already updated today (2025-11-24 03:10:32)
[2025-11-24 08:12:32]   [emp_id: 3627] SKIPPED: Already updated today (2025-11-24 03:10:32)
[2025-11-24 08:12:32]   [emp_id: 3665] SKIPPED: Already updated today (2025-11-24 03:10:32)
[2025-11-24 08:12:32]   [emp_id: 3705] SKIPPED: Already updated today (2025-11-24 03:10:32)
[2025-11-24 08:12:32]   [emp_id: 3724] SKIPPED: Already updated today (2025-11-24 03:10:32)
[2025-11-24 08:12:32]   [emp_id: 3726] SKIPPED: Already updated today (2025-11-24 03:10:32)
[2025-11-24 08:12:32]   [emp_id: 3727] SKIPPED: Already updated today (2025-11-24 03:10:32)
[2025-11-24 08:12:32]   [emp_id: 3728] SKIPPED: Already updated today (2025-11-24 03:10:32)
[2025-11-24 08:12:32]   [emp_id: 3742] SKIPPED: Already updated today (2025-11-24 03:10:32)
[2025-11-24 08:12:32]   [emp_id: 3767] SKIPPED: Already updated today (2025-11-24 03:10:32)
[2025-11-24 08:12:32]   [emp_id: 3768] SKIPPED: Already updated today (2025-11-24 03:10:32)
[2025-11-24 08:12:32]   [emp_id: 3787] SKIPPED: Already updated today (2025-11-24 03:10:32)
[2025-11-24 08:12:32]   [emp_id: 3790] SKIPPED: Already updated today (2025-11-24 03:10:32)
[2025-11-24 08:12:32]   [emp_id: 3795] SKIPPED: Already updated today (2025-11-24 03:10:32)
[2025-11-24 08:12:32]   [emp_id: 3798] SKIPPED: Already updated today (2025-11-24 03:10:32)
[2025-11-24 08:12:32]   [emp_id: 3801] SKIPPED: Already updated today (2025-11-24 03:10:32)
[2025-11-24 08:12:32]   [emp_id: 3802] SKIPPED: Already updated today (2025-11-24 03:10:32)
[2025-11-24 08:12:32]   [emp_id: 3803] SKIPPED: Already updated today (2025-11-24 03:10:32)
[2025-11-24 08:12:32]   [emp_id: 3810] SKIPPED: Already updated today (2025-11-24 03:10:33)
[2025-11-24 08:12:32]   [emp_id: 3812] SKIPPED: Already updated today (2025-11-24 03:10:33)
[2025-11-24 08:12:32]   [emp_id: 3815] SKIPPED: Already updated today (2025-11-24 03:10:33)
[2025-11-24 08:12:32]   [emp_id: 3836] SKIPPED: Already updated today (2025-11-24 03:10:33)
[2025-11-24 08:12:32]   [emp_id: 3855] SKIPPED: Already updated today (2025-11-24 03:10:33)
[2025-11-24 08:12:32]   [emp_id: 3857] SKIPPED: Already updated today (2025-11-24 03:10:33)
[2025-11-24 08:12:32]   [emp_id: 3862] SKIPPED: Already updated today (2025-11-24 03:10:33)
[2025-11-24 08:12:32]   [emp_id: 3866] SKIPPED: Already updated today (2025-11-24 03:10:33)
[2025-11-24 08:12:32]   [emp_id: 3876] SKIPPED: Already updated today (2025-11-24 03:10:33)
[2025-11-24 08:12:32]   [emp_id: 3877] SKIPPED: Already updated today (2025-11-24 03:10:33)
[2025-11-24 08:12:32]   [emp_id: 3897] SKIPPED: Already updated today (2025-11-24 03:10:33)
[2025-11-24 08:12:32]   [emp_id: 3899] SKIPPED: Already updated today (2025-11-24 03:10:33)
[2025-11-24 08:12:32]   [emp_id: 3928] SKIPPED: Already updated today (2025-11-24 03:10:33)
[2025-11-24 08:12:32]   [emp_id: 3929] SKIPPED: Already updated today (2025-11-24 03:10:33)
[2025-11-24 08:12:32]   [emp_id: 3935] SKIPPED: Already updated today (2025-11-24 03:10:33)
[2025-11-24 08:12:32]   [emp_id: 3952] SKIPPED: Already updated today (2025-11-24 03:10:33)
[2025-11-24 08:12:32]   [emp_id: 3987] SKIPPED: Already updated today (2025-11-24 03:10:33)
[2025-11-24 08:12:32]   [emp_id: 4059] SKIPPED: Already updated today (2025-11-24 03:10:33)
[2025-11-24 08:12:32]   [emp_id: 4119] SKIPPED: Already updated today (2025-11-24 03:10:33)
[2025-11-24 08:12:32]   [emp_id: 4120] SKIPPED: Already updated today (2025-11-24 03:10:33)
[2025-11-24 08:12:32]   [emp_id: 4124] SKIPPED: Already updated today (2025-11-24 03:10:33)
[2025-11-24 08:12:32]   [emp_id: 4133] SKIPPED: Already updated today (2025-11-24 03:10:33)
[2025-11-24 08:12:32]   [emp_id: 4134] SKIPPED: Already updated today (2025-11-24 03:10:33)
[2025-11-24 08:12:32]   [emp_id: 4136] SKIPPED: Already updated today (2025-11-24 03:10:33)
[2025-11-24 08:12:32]   [emp_id: 4150] SKIPPED: Already updated today (2025-11-24 03:10:33)
[2025-11-24 08:12:32]   [emp_id: 4157] SKIPPED: Already updated today (2025-11-24 03:10:33)
[2025-11-24 08:12:32]   [emp_id: 4172] SKIPPED: Already updated today (2025-11-24 03:10:33)
[2025-11-24 08:12:32]   [emp_id: 4195] SKIPPED: Already updated today (2025-11-24 03:10:33)
[2025-11-24 08:12:32]   [emp_id: 4215] SKIPPED: Already updated today (2025-11-24 03:10:33)
[2025-11-24 08:12:32]   [emp_id: 4220] SKIPPED: Already updated today (2025-11-24 03:10:33)
[2025-11-24 08:12:32]   [emp_id: 4273] SKIPPED: Already updated today (2025-11-24 03:10:33)
[2025-11-24 08:12:32]   [emp_id: 4283] SKIPPED: Already updated today (2025-11-24 03:10:33)
[2025-11-24 08:12:32]   [emp_id: 4288] SKIPPED: Already updated today (2025-11-24 03:10:33)
[2025-11-24 08:12:32]   [emp_id: 4315] SKIPPED: Already updated today (2025-11-24 03:10:33)
[2025-11-24 08:12:32]   [emp_id: 4328] SKIPPED: Already updated today (2025-11-24 03:10:33)
[2025-11-24 08:12:32]   [emp_id: 4329] SKIPPED: Already updated today (2025-11-24 03:10:33)
[2025-11-24 08:12:32]   [emp_id: 4338] SKIPPED: Already updated today (2025-11-24 03:10:33)
[2025-11-24 08:12:32]   [emp_id: 4340] SKIPPED: Already updated today (2025-11-24 03:10:33)
[2025-11-24 08:12:32]   [emp_id: 4365] SKIPPED: Already updated today (2025-11-24 03:10:33)
[2025-11-24 08:12:32]   [emp_id: 4366] SKIPPED: Already updated today (2025-11-24 03:10:33)
[2025-11-24 08:12:32]   [emp_id: 4385] SKIPPED: Already updated today (2025-11-24 03:10:33)
[2025-11-24 08:12:32]   [emp_id: 4403] SKIPPED: Already updated today (2025-11-24 03:10:33)
[2025-11-24 08:12:32]   [emp_id: 4438] SKIPPED: Already updated today (2025-11-24 03:10:33)
[2025-11-24 08:12:32]   [emp_id: 4465] SKIPPED: Already updated today (2025-11-24 03:10:33)
[2025-11-24 08:12:32]   [emp_id: 4473] SKIPPED: Already updated today (2025-11-24 03:10:33)
[2025-11-24 08:12:32]   [emp_id: 4474] SKIPPED: Already updated today (2025-11-24 03:10:33)
[2025-11-24 08:12:32]   [emp_id: 4493] SKIPPED: Already updated today (2025-11-24 03:10:33)
[2025-11-24 08:12:32]   [emp_id: 4526] SKIPPED: Already updated today (2025-11-24 03:10:33)
[2025-11-24 08:12:32]   [emp_id: 4528] SKIPPED: Already updated today (2025-11-24 03:10:33)
[2025-11-24 08:12:32]   [emp_id: 4528] SKIPPED: Already updated today (2025-11-24 03:10:33)
[2025-11-24 08:12:32]   [emp_id: 4532] SKIPPED: Already updated today (2025-11-24 03:10:33)
[2025-11-24 08:12:32]   [emp_id: 4533] SKIPPED: Already updated today (2025-11-24 03:10:33)
[2025-11-24 08:12:32]   [emp_id: 4564] SKIPPED: Already updated today (2025-11-24 03:10:33)
[2025-11-24 08:12:32]   [emp_id: 4565] SKIPPED: Already updated today (2025-11-24 03:10:33)
[2025-11-24 08:12:32]   [emp_id: 4567] SKIPPED: Already updated today (2025-11-24 03:10:33)
[2025-11-24 08:12:32]   [emp_id: 4572] SKIPPED: Already updated today (2025-11-24 03:10:33)
[2025-11-24 08:12:32]   [emp_id: 4631] SKIPPED: Already updated today (2025-11-24 03:10:33)
[2025-11-24 08:12:32]   [emp_id: 4655] SKIPPED: Already updated today (2025-11-24 03:10:33)
[2025-11-24 08:12:32]   [emp_id: 4689] SKIPPED: Already updated today (2025-11-24 03:10:33)
[2025-11-24 08:12:32]   [emp_id: 4709] SKIPPED: Already updated today (2025-11-24 03:10:33)
[2025-11-24 08:12:32]   [emp_id: 4717] SKIPPED: Already updated today (2025-11-24 03:10:33)
[2025-11-24 08:12:32]   [emp_id: 4736] SKIPPED: Already updated today (2025-11-24 03:10:33)
[2025-11-24 08:12:32]   [emp_id: 4756] SKIPPED: Already updated today (2025-11-24 03:10:33)
[2025-11-24 08:12:32]   [emp_id: 4768] SKIPPED: Already updated today (2025-11-24 03:10:33)
[2025-11-24 08:12:32]   [emp_id: 4780] SKIPPED: Already updated today (2025-11-24 03:10:33)
[2025-11-24 08:12:32]   [emp_id: 4820] SKIPPED: Already updated today (2025-11-24 03:10:33)
[2025-11-24 08:12:32]   [emp_id: 4825] SKIPPED: Already updated today (2025-11-24 03:10:33)
[2025-11-24 08:12:32]   [emp_id: 4835] SKIPPED: Already updated today (2025-11-24 03:10:33)
[2025-11-24 08:12:32]   [emp_id: 4837] SKIPPED: Already updated today (2025-11-24 03:10:33)
[2025-11-24 08:12:32]   [emp_id: 4838] SKIPPED: Already updated today (2025-11-24 03:10:33)
[2025-11-24 08:12:32]   [emp_id: 4840] SKIPPED: Already updated today (2025-11-24 03:10:33)
[2025-11-24 08:12:32]   [emp_id: 4842] SKIPPED: Already updated today (2025-11-24 03:10:33)
[2025-11-24 08:12:32]   [emp_id: 4843] SKIPPED: Already updated today (2025-11-24 03:10:33)
[2025-11-24 08:12:32]   [emp_id: 4853] SKIPPED: Already updated today (2025-11-24 03:10:33)
[2025-11-24 08:12:32]   [emp_id: 4856] SKIPPED: Already updated today (2025-11-24 03:10:33)
[2025-11-24 08:12:32]   [emp_id: 4857] SKIPPED: Already updated today (2025-11-24 03:10:33)
[2025-11-24 08:12:32]   [emp_id: 4858] SKIPPED: Already updated today (2025-11-24 03:10:33)
[2025-11-24 08:12:32]   [emp_id: 4859] SKIPPED: Already updated today (2025-11-24 03:10:33)
[2025-11-24 08:12:32]   [emp_id: 4860] SKIPPED: Already updated today (2025-11-24 03:10:33)
[2025-11-24 08:12:32]   [emp_id: 4861] SKIPPED: Already updated today (2025-11-24 03:10:33)
[2025-11-24 08:12:32]   [emp_id: 4869] SKIPPED: Already updated today (2025-11-24 03:10:33)
[2025-11-24 08:12:32]   [emp_id: 4894] SKIPPED: Already updated today (2025-11-24 03:10:33)
[2025-11-24 08:12:32]   [emp_id: 4897] SKIPPED: Already updated today (2025-11-24 03:10:33)
[2025-11-24 08:12:32]   [emp_id: 4899] SKIPPED: Already updated today (2025-11-24 03:10:33)
[2025-11-24 08:12:32]   [emp_id: 4902] SKIPPED: Already updated today (2025-11-24 03:10:33)
[2025-11-24 08:12:32]   [emp_id: 4903] SKIPPED: Already updated today (2025-11-24 03:10:33)
[2025-11-24 08:12:32]   [emp_id: 4905] SKIPPED: Already updated today (2025-11-24 03:10:33)
[2025-11-24 08:12:32]   [emp_id: 4907] SKIPPED: Already updated today (2025-11-24 03:10:33)
[2025-11-24 08:12:32]   [emp_id: 4917] SKIPPED: Already updated today (2025-11-24 03:10:33)
[2025-11-24 08:12:32]   [emp_id: 4918] SKIPPED: Already updated today (2025-11-24 03:10:33)
[2025-11-24 08:12:32]   [emp_id: 4919] SKIPPED: Already updated today (2025-11-24 03:10:33)
[2025-11-24 08:12:32]   [emp_id: 4920] SKIPPED: Already updated today (2025-11-24 03:10:33)
[2025-11-24 08:12:32]   [emp_id: 4921] SKIPPED: Already updated today (2025-11-24 03:10:33)
[2025-11-24 08:12:32]   [emp_id: 4927] SKIPPED: Already updated today (2025-11-24 03:10:33)
[2025-11-24 08:12:32]   [emp_id: 4929] SKIPPED: Already updated today (2025-11-24 03:10:33)
[2025-11-24 08:12:32]   [emp_id: 4930] SKIPPED: Already updated today (2025-11-24 03:10:33)
[2025-11-24 08:12:32]   [emp_id: 4932] SKIPPED: Already updated today (2025-11-24 03:10:33)
[2025-11-24 08:12:32]   [emp_id: 4933] SKIPPED: Already updated today (2025-11-24 03:10:33)
[2025-11-24 08:12:32]   [emp_id: 4949] SKIPPED: Already updated today (2025-11-24 03:10:33)
[2025-11-24 08:12:32]   [emp_id: 4956] SKIPPED: Already updated today (2025-11-24 03:10:33)
[2025-11-24 08:12:32]   [emp_id: 4957] SKIPPED: Already updated today (2025-11-24 03:10:33)
[2025-11-24 08:12:32]   [emp_id: 4962] SKIPPED: Already updated today (2025-11-24 03:10:33)
[2025-11-24 08:12:32]   [emp_id: 4969] SKIPPED: Already updated today (2025-11-24 03:10:33)
[2025-11-24 08:12:32]   [emp_id: 4976] SKIPPED: Already updated today (2025-11-24 03:10:33)
[2025-11-24 08:12:32]   [emp_id: 4984] SKIPPED: Already updated today (2025-11-24 03:10:33)
[2025-11-24 08:12:32]   [emp_id: 4995] SKIPPED: Already updated today (2025-11-24 03:10:33)
[2025-11-24 08:12:32]   [emp_id: 5004] SKIPPED: Already updated today (2025-11-24 03:10:33)
[2025-11-24 08:12:32]   [emp_id: 5006] SKIPPED: Already updated today (2025-11-24 03:10:33)
[2025-11-24 08:12:32]   [emp_id: 5011] SKIPPED: Already updated today (2025-11-24 03:10:33)
[2025-11-24 08:12:32]   [emp_id: 5013] SKIPPED: Already updated today (2025-11-24 03:10:33)
[2025-11-24 08:12:32]   [emp_id: 5018] SKIPPED: Already updated today (2025-11-24 03:10:33)
[2025-11-24 08:12:32]   [emp_id: 5021] SKIPPED: Already updated today (2025-11-24 03:10:33)
[2025-11-24 08:12:32]   [emp_id: 5021] SKIPPED: Already updated today (2025-11-24 03:10:33)
[2025-11-24 08:12:32]   [emp_id: 5024] SKIPPED: Already updated today (2025-11-24 03:10:33)
[2025-11-24 08:12:32]   [emp_id: 5029] SKIPPED: Already updated today (2025-11-24 03:10:33)
[2025-11-24 08:12:32]   [emp_id: 5030] SKIPPED: Already updated today (2025-11-24 03:10:33)
[2025-11-24 08:12:32]   [emp_id: 5033] SKIPPED: Already updated today (2025-11-24 03:10:33)
[2025-11-24 08:12:32]   [emp_id: 5043] SKIPPED: Already updated today (2025-11-24 03:10:33)
[2025-11-24 08:12:32]   [emp_id: 5045] SKIPPED: Already updated today (2025-11-24 03:10:33)
[2025-11-24 08:12:32]   [emp_id: 5046] SKIPPED: Already updated today (2025-11-24 03:10:33)
[2025-11-24 08:12:32]   [emp_id: 5049] SKIPPED: Already updated today (2025-11-24 03:10:33)
[2025-11-24 08:12:32]   [emp_id: 5052] SKIPPED: Already updated today (2025-11-24 03:10:33)
[2025-11-24 08:12:32]   [emp_id: 5055] SKIPPED: Already updated today (2025-11-24 03:10:33)
[2025-11-24 08:12:32]   [emp_id: 5058] SKIPPED: Already updated today (2025-11-24 03:10:33)
[2025-11-24 08:12:32]   [emp_id: 5062] SKIPPED: Already updated today (2025-11-24 03:10:33)
[2025-11-24 08:12:32]   [emp_id: 5064] SKIPPED: Already updated today (2025-11-24 03:10:33)
[2025-11-24 08:12:32]   [emp_id: 5065] SKIPPED: Already updated today (2025-11-24 03:10:33)
[2025-11-24 08:12:32]   [emp_id: 5071] SKIPPED: Already updated today (2025-11-24 03:10:33)
[2025-11-24 08:12:32]   [emp_id: 5072] SKIPPED: Already updated today (2025-11-24 03:10:33)
[2025-11-24 08:12:32]   [emp_id: 5073] SKIPPED: Already updated today (2025-11-24 03:10:33)
[2025-11-24 08:12:32]   [emp_id: 5079] SKIPPED: Already updated today (2025-11-24 03:10:33)
[2025-11-24 08:12:32]   [emp_id: 5080] SKIPPED: Already updated today (2025-11-24 03:10:33)
[2025-11-24 08:12:32]   [emp_id: 5081] SKIPPED: Already updated today (2025-11-24 03:10:33)
[2025-11-24 08:12:32]   [emp_id: 5087] SKIPPED: Already updated today (2025-11-24 03:10:33)
[2025-11-24 08:12:32]   [emp_id: 5091] SKIPPED: Already updated today (2025-11-24 03:10:33)
[2025-11-24 08:12:32]   [emp_id: 5093] SKIPPED: Already updated today (2025-11-24 03:10:33)
[2025-11-24 08:12:32]   [emp_id: 5095] SKIPPED: Already updated today (2025-11-24 03:10:33)
[2025-11-24 08:12:32]   [emp_id: 5101] SKIPPED: Already updated today (2025-11-24 03:10:33)
[2025-11-24 08:12:32]   [emp_id: 5107] SKIPPED: Already updated today (2025-11-24 03:10:33)
[2025-11-24 08:12:32]   [emp_id: 5109] SKIPPED: Already updated today (2025-11-24 03:10:33)
[2025-11-24 08:12:32]   [emp_id: 5115] SKIPPED: Already updated today (2025-11-24 03:10:33)
[2025-11-24 08:12:32]   [emp_id: 5116] SKIPPED: Already updated today (2025-11-24 03:10:33)
[2025-11-24 08:12:32]   [emp_id: 5119] SKIPPED: Already updated today (2025-11-24 03:10:33)
[2025-11-24 08:12:32]   [emp_id: 5122] SKIPPED: Already updated today (2025-11-24 03:10:33)
[2025-11-24 08:12:32]   [emp_id: 5126] SKIPPED: Already updated today (2025-11-24 03:10:33)
[2025-11-24 08:12:32]   [emp_id: 5127] SKIPPED: Already updated today (2025-11-24 03:10:33)
[2025-11-24 08:12:32]   [emp_id: 5128] SKIPPED: Already updated today (2025-11-24 03:10:33)
[2025-11-24 08:12:32]   [emp_id: 5138] SKIPPED: Already updated today (2025-11-24 03:10:33)
[2025-11-24 08:12:32]   [emp_id: 5138] SKIPPED: Already updated today (2025-11-24 03:10:33)
[2025-11-24 08:12:32]   [emp_id: 5141] SKIPPED: Already updated today (2025-11-24 03:10:33)
[2025-11-24 08:12:32]   [emp_id: 5142] SKIPPED: Already updated today (2025-11-24 03:10:34)
[2025-11-24 08:12:32]   [emp_id: 5146] SKIPPED: Already updated today (2025-11-24 03:10:34)
[2025-11-24 08:12:32]   [emp_id: 5147] SKIPPED: Already updated today (2025-11-24 03:10:34)
[2025-11-24 08:12:32]   [emp_id: 5148] SKIPPED: Already updated today (2025-11-24 03:10:34)
[2025-11-24 08:12:32]   [emp_id: 5149] SKIPPED: Already updated today (2025-11-24 03:10:34)
[2025-11-24 08:12:32]   [emp_id: 5150] SKIPPED: Already updated today (2025-11-24 03:10:34)
[2025-11-24 08:12:32]   [emp_id: 5151] SKIPPED: Already updated today (2025-11-24 03:10:34)
[2025-11-24 08:12:32]   [emp_id: 5152] SKIPPED: Already updated today (2025-11-24 03:10:34)
[2025-11-24 08:12:32]   [emp_id: 5157] SKIPPED: Already updated today (2025-11-24 03:10:34)
[2025-11-24 08:12:32]   [emp_id: 5160] SKIPPED: Already updated today (2025-11-24 03:10:34)
[2025-11-24 08:12:32]   [emp_id: 5161] SKIPPED: Already updated today (2025-11-24 03:10:34)
[2025-11-24 08:12:32]   [emp_id: 5163] SKIPPED: Already updated today (2025-11-24 03:10:34)
[2025-11-24 08:12:32]   [emp_id: 5165] SKIPPED: Already updated today (2025-11-24 03:10:34)
[2025-11-24 08:12:32]   [emp_id: 5167] SKIPPED: Already updated today (2025-11-24 03:10:34)
[2025-11-24 08:12:32]   [emp_id: 5168] SKIPPED: Already updated today (2025-11-24 03:10:34)
[2025-11-24 08:12:32]   [emp_id: 5173] SKIPPED: Already updated today (2025-11-24 03:10:34)
[2025-11-24 08:12:32]   [emp_id: 5174] SKIPPED: Already updated today (2025-11-24 03:10:34)
[2025-11-24 08:12:32]   [emp_id: 5181] SKIPPED: Already updated today (2025-11-24 03:10:34)
[2025-11-24 08:12:32]   [emp_id: 5186] SKIPPED: Already updated today (2025-11-24 03:10:34)
[2025-11-24 08:12:32]   [emp_id: 5187] SKIPPED: Already updated today (2025-11-24 03:10:34)
[2025-11-24 08:12:32]   [emp_id: 5204] SKIPPED: Already updated today (2025-11-24 03:10:34)
[2025-11-24 08:12:32]   [emp_id: 5205] SKIPPED: Already updated today (2025-11-24 03:10:34)
[2025-11-24 08:12:32]   [emp_id: 5209] SKIPPED: Already updated today (2025-11-24 03:10:34)
[2025-11-24 08:12:32]   [emp_id: 5211] SKIPPED: Already updated today (2025-11-24 03:10:34)
[2025-11-24 08:12:32]   [emp_id: 5213] SKIPPED: Already updated today (2025-11-24 03:10:34)
[2025-11-24 08:12:32]   [emp_id: 5214] SKIPPED: Already updated today (2025-11-24 03:10:34)
[2025-11-24 08:12:32]   [emp_id: 5215] SKIPPED: Already updated today (2025-11-24 03:10:34)
[2025-11-24 08:12:32]   [emp_id: 5217] SKIPPED: Already updated today (2025-11-24 03:10:34)
[2025-11-24 08:12:32]   [emp_id: 5218] SKIPPED: Already updated today (2025-11-24 03:10:34)
[2025-11-24 08:12:32]   [emp_id: 5219] SKIPPED: Already updated today (2025-11-24 03:10:34)
[2025-11-24 08:12:32]   [emp_id: 5221] SKIPPED: Already updated today (2025-11-24 03:10:34)
[2025-11-24 08:12:32]   [emp_id: 5224] SKIPPED: Already updated today (2025-11-24 03:10:34)
[2025-11-24 08:12:32]   [emp_id: 5225] SKIPPED: Already updated today (2025-11-24 03:10:34)
[2025-11-24 08:12:32]   [emp_id: 5228] SKIPPED: Already updated today (2025-11-24 03:10:34)
[2025-11-24 08:12:32]   [emp_id: 5229] SKIPPED: Already updated today (2025-11-24 03:10:34)
[2025-11-24 08:12:32]   [emp_id: 5230] SKIPPED: Already updated today (2025-11-24 03:10:34)
[2025-11-24 08:12:32]   [emp_id: 5231] SKIPPED: Already updated today (2025-11-24 03:10:34)
[2025-11-24 08:12:32]   [emp_id: 5232] SKIPPED: Already updated today (2025-11-24 03:10:34)
[2025-11-24 08:12:32]   [emp_id: 5233] SKIPPED: Already updated today (2025-11-24 03:10:34)
[2025-11-24 08:12:32]   [emp_id: 5234] SKIPPED: Already updated today (2025-11-24 03:10:34)
[2025-11-24 08:12:32]   [emp_id: 5235] SKIPPED: Already updated today (2025-11-24 03:10:34)
[2025-11-24 08:12:32]   [emp_id: 5237] SKIPPED: Already updated today (2025-11-24 03:10:34)
[2025-11-24 08:12:32]   [emp_id: 5238] SKIPPED: Already updated today (2025-11-24 03:10:34)
[2025-11-24 08:12:32]   [emp_id: 5239] SKIPPED: Already updated today (2025-11-24 03:10:34)
[2025-11-24 08:12:32]   [emp_id: 5241] SKIPPED: Already updated today (2025-11-24 03:10:34)
[2025-11-24 08:12:32]   [emp_id: 5242] SKIPPED: Already updated today (2025-11-24 03:10:34)
[2025-11-24 08:12:32]   [emp_id: 5243] SKIPPED: Already updated today (2025-11-24 03:10:34)
[2025-11-24 08:12:32]   [emp_id: 5244] SKIPPED: Already updated today (2025-11-24 03:10:34)
[2025-11-24 08:12:32]   [emp_id: 5246] SKIPPED: Already updated today (2025-11-24 03:10:34)
[2025-11-24 08:12:32]   [emp_id: 5253] SKIPPED: Already updated today (2025-11-24 03:10:34)
[2025-11-24 08:12:32]   [emp_id: 5254] SKIPPED: Already updated today (2025-11-24 03:10:34)
[2025-11-24 08:12:32]   [emp_id: 5257] SKIPPED: Already updated today (2025-11-24 03:10:34)
[2025-11-24 08:12:32]   [emp_id: 5259] SKIPPED: Already updated today (2025-11-24 03:10:34)
[2025-11-24 08:12:32]   [emp_id: 5261] SKIPPED: Already updated today (2025-11-24 03:10:34)
[2025-11-24 08:12:32]   [emp_id: 5264] SKIPPED: Already updated today (2025-11-24 03:10:34)
[2025-11-24 08:12:32]   [emp_id: 5266] SKIPPED: Already updated today (2025-11-24 03:10:34)
[2025-11-24 08:12:32]   [emp_id: 5268] SKIPPED: Already updated today (2025-11-24 03:10:34)
[2025-11-24 08:12:32]   [emp_id: 5271] SKIPPED: Already updated today (2025-11-24 03:10:34)
[2025-11-24 08:12:32]   [emp_id: 5272] SKIPPED: Already updated today (2025-11-24 03:10:34)
[2025-11-24 08:12:32]   [emp_id: 5273] SKIPPED: Already updated today (2025-11-24 03:10:34)
[2025-11-24 08:12:32]   [emp_id: 5275] SKIPPED: Already updated today (2025-11-24 03:10:34)
[2025-11-24 08:12:32]   [emp_id: 5276] SKIPPED: Already updated today (2025-11-24 03:10:34)
[2025-11-24 08:12:32]   [emp_id: 5278] SKIPPED: Already updated today (2025-11-24 03:10:34)
[2025-11-24 08:12:32]   [emp_id: 5280] SKIPPED: Already updated today (2025-11-24 03:10:34)
[2025-11-24 08:12:32]   [emp_id: 5282] SKIPPED: Already updated today (2025-11-24 03:10:34)
[2025-11-24 08:12:32]   [emp_id: 5285] SKIPPED: Already updated today (2025-11-24 03:10:34)
[2025-11-24 08:12:32]   [emp_id: 5286] SKIPPED: Already updated today (2025-11-24 03:10:34)
[2025-11-24 08:12:32]   [emp_id: 5287] SKIPPED: Already updated today (2025-11-24 03:10:34)
[2025-11-24 08:12:32]   [emp_id: 5288] SKIPPED: Already updated today (2025-11-24 03:10:34)
[2025-11-24 08:12:32]   [emp_id: 5289] SKIPPED: Already updated today (2025-11-24 03:10:34)
[2025-11-24 08:12:32]   [emp_id: 5290] SKIPPED: Already updated today (2025-11-24 03:10:34)
[2025-11-24 08:12:32]   [emp_id: 5291] SKIPPED: Already updated today (2025-11-24 03:10:34)
[2025-11-24 08:12:32]   [emp_id: 5292] SKIPPED: Already updated today (2025-11-24 03:10:34)
[2025-11-24 08:12:32]   [emp_id: 5293] SKIPPED: Already updated today (2025-11-24 03:10:34)
[2025-11-24 08:12:32]   [emp_id: 5294] SKIPPED: Already updated today (2025-11-24 03:10:34)
[2025-11-24 08:12:32]   [emp_id: 5295] SKIPPED: Already updated today (2025-11-24 03:10:34)
[2025-11-24 08:12:32]   [emp_id: 5296] SKIPPED: Already updated today (2025-11-24 03:10:34)
[2025-11-24 08:12:32]   [emp_id: 5297] SKIPPED: Already updated today (2025-11-24 03:10:34)
[2025-11-24 08:12:32]   [emp_id: 5298] SKIPPED: Already updated today (2025-11-24 03:10:34)
[2025-11-24 08:12:32]   [emp_id: 5299] SKIPPED: Already updated today (2025-11-24 03:10:34)
[2025-11-24 08:12:32]   [emp_id: 5300] SKIPPED: Already updated today (2025-11-24 03:10:34)
[2025-11-24 08:12:32]   [emp_id: 5301] SKIPPED: Already updated today (2025-11-24 03:10:34)
[2025-11-24 08:12:32]   [emp_id: 5303] SKIPPED: Already updated today (2025-11-24 03:10:34)
[2025-11-24 08:12:32]   [emp_id: 5304] SKIPPED: Already updated today (2025-11-24 03:10:34)
[2025-11-24 08:12:32]   [emp_id: 5305] SKIPPED: Already updated today (2025-11-24 03:10:34)
[2025-11-24 08:12:32]   [emp_id: 5306] SKIPPED: Already updated today (2025-11-24 03:10:34)
[2025-11-24 08:12:32]   [emp_id: 5307] SKIPPED: Already updated today (2025-11-24 03:10:34)
[2025-11-24 08:12:32]   [emp_id: 5308] SKIPPED: Already updated today (2025-11-24 03:10:34)
[2025-11-24 08:12:32]   [emp_id: 5309] SKIPPED: Already updated today (2025-11-24 03:10:34)
[2025-11-24 08:12:32]   [emp_id: 5312] SKIPPED: Already updated today (2025-11-24 03:10:34)
[2025-11-24 08:12:32]   [emp_id: 5318] SKIPPED: Already updated today (2025-11-24 03:10:34)
[2025-11-24 08:12:32]   [emp_id: 5325] SKIPPED: Already updated today (2025-11-24 03:10:34)
[2025-11-24 08:12:32]   [emp_id: 5326] SKIPPED: Already updated today (2025-11-24 03:10:34)
[2025-11-24 08:12:32]   [emp_id: 5327] SKIPPED: Already updated today (2025-11-24 03:10:34)
[2025-11-24 08:12:32]   [emp_id: 5328] SKIPPED: Already updated today (2025-11-24 03:10:34)
[2025-11-24 08:12:32]   [emp_id: 5329] SKIPPED: Already updated today (2025-11-24 03:10:34)
[2025-11-24 08:12:32]   [emp_id: 5331] SKIPPED: Already updated today (2025-11-24 03:10:34)
[2025-11-24 08:12:32]   [emp_id: 5337] SKIPPED: Already updated today (2025-11-24 03:10:34)
[2025-11-24 08:12:32]   [emp_id: 5339] SKIPPED: Already updated today (2025-11-24 03:10:34)
[2025-11-24 08:12:32]   [emp_id: 5343] SKIPPED: Already updated today (2025-11-24 03:10:34)
[2025-11-24 08:12:32]   [emp_id: 5343] SKIPPED: Already updated today (2025-11-24 03:10:34)
[2025-11-24 08:12:32]   [emp_id: 5345] SKIPPED: Already updated today (2025-11-24 03:10:34)
[2025-11-24 08:12:32]   [emp_id: 5346] SKIPPED: Already updated today (2025-11-24 03:10:34)
[2025-11-24 08:12:32]   [emp_id: 5351] SKIPPED: Already updated today (2025-11-24 03:10:34)
[2025-11-24 08:12:32]   [emp_id: 5352] SKIPPED: Already updated today (2025-11-24 03:10:34)
[2025-11-24 08:12:32]   [emp_id: 5370] SKIPPED: Already updated today (2025-11-24 03:10:34)
[2025-11-24 08:12:32]   [emp_id: 5371] SKIPPED: Already updated today (2025-11-24 03:10:34)
[2025-11-24 08:12:32]   [emp_id: 5376] SKIPPED: Already updated today (2025-11-24 03:10:34)
[2025-11-24 08:12:32]   [emp_id: 5378] SKIPPED: Already updated today (2025-11-24 03:10:34)
[2025-11-24 08:12:32]   [emp_id: 5380] SKIPPED: Already updated today (2025-11-24 03:10:34)
[2025-11-24 08:12:32]   [emp_id: 5381] SKIPPED: Already updated today (2025-11-24 03:10:34)
[2025-11-24 08:12:32]   [emp_id: 5383] SKIPPED: Already updated today (2025-11-24 03:10:34)
[2025-11-24 08:12:32]   [emp_id: 5388] SKIPPED: Already updated today (2025-11-24 03:10:34)
[2025-11-24 08:12:32]   [emp_id: 5392] SKIPPED: Already updated today (2025-11-24 03:10:34)
[2025-11-24 08:12:32]   [emp_id: 5396] SKIPPED: Already updated today (2025-11-24 03:10:34)
[2025-11-24 08:12:32]   [emp_id: 5397] SKIPPED: Already updated today (2025-11-24 03:10:34)
[2025-11-24 08:12:32]   [emp_id: 5401] SKIPPED: Already updated today (2025-11-24 03:10:34)
[2025-11-24 08:12:32]   [emp_id: 5402] SKIPPED: Already updated today (2025-11-24 03:10:34)
[2025-11-24 08:12:32]   [emp_id: 5406] SKIPPED: Already updated today (2025-11-24 03:10:34)
[2025-11-24 08:12:32]   [emp_id: 5407] SKIPPED: Already updated today (2025-11-24 03:10:34)
[2025-11-24 08:12:32]   [emp_id: 5408] SKIPPED: Already updated today (2025-11-24 03:10:34)
[2025-11-24 08:12:32]   [emp_id: 5409] SKIPPED: Already updated today (2025-11-24 03:10:34)
[2025-11-24 08:12:32]   [emp_id: 5413] SKIPPED: Already updated today (2025-11-24 03:10:34)
[2025-11-24 08:12:32]   [emp_id: 5414] SKIPPED: Already updated today (2025-11-24 03:10:34)
[2025-11-24 08:12:32]   [emp_id: 5415] SKIPPED: Already updated today (2025-11-24 03:10:34)
[2025-11-24 08:12:32]   [emp_id: 5418] SKIPPED: Already updated today (2025-11-24 03:10:34)
[2025-11-24 08:12:32]   [emp_id: 5422] SKIPPED: Already updated today (2025-11-24 03:10:34)
[2025-11-24 08:12:32]   [emp_id: 5423] SKIPPED: Already updated today (2025-11-24 03:10:34)
[2025-11-24 08:12:32]   [emp_id: 5423] SKIPPED: Already updated today (2025-11-24 03:10:34)
[2025-11-24 08:12:32]   [emp_id: 5423] SKIPPED: Already updated today (2025-11-24 03:10:34)
[2025-11-24 08:12:32]   [emp_id: 5424] SKIPPED: Already updated today (2025-11-24 03:10:34)
[2025-11-24 08:12:32]   [emp_id: 5425] SKIPPED: Already updated today (2025-11-24 03:10:34)
[2025-11-24 08:12:32]   [emp_id: 5426] SKIPPED: Already updated today (2025-11-24 03:10:34)
[2025-11-24 08:12:32]   [emp_id: 5426] SKIPPED: Already updated today (2025-11-24 03:10:34)
[2025-11-24 08:12:32]   [emp_id: 5427] SKIPPED: Already updated today (2025-11-24 03:10:34)
[2025-11-24 08:12:32]   [emp_id: 5428] SKIPPED: Already updated today (2025-11-24 03:10:34)
[2025-11-24 08:12:32]   [emp_id: 5430] SKIPPED: Already updated today (2025-11-24 03:10:34)
[2025-11-24 08:12:32]   [emp_id: 5431] SKIPPED: Already updated today (2025-11-24 03:10:34)
[2025-11-24 08:12:32]   [emp_id: 5434] SKIPPED: Already updated today (2025-11-24 03:10:34)
[2025-11-24 08:12:32]   [emp_id: 5435] SKIPPED: Already updated today (2025-11-24 03:10:35)
[2025-11-24 08:12:32]   [emp_id: 5436] SKIPPED: Already updated today (2025-11-24 03:10:35)
[2025-11-24 08:12:32]   [emp_id: 5438] SKIPPED: Already updated today (2025-11-24 03:10:35)
[2025-11-24 08:12:32]   [emp_id: 5439] SKIPPED: Already updated today (2025-11-24 03:10:35)
[2025-11-24 08:12:32]   [emp_id: 5442] SKIPPED: Already updated today (2025-11-24 03:10:35)
[2025-11-24 08:12:32]   [emp_id: 5443] SKIPPED: Already updated today (2025-11-24 03:10:35)
[2025-11-24 08:12:32]   [emp_id: 5445] SKIPPED: Already updated today (2025-11-24 03:10:35)
[2025-11-24 08:12:32]   [emp_id: 5446] SKIPPED: Already updated today (2025-11-24 03:10:35)
[2025-11-24 08:12:32]   [emp_id: 5447] SKIPPED: Already updated today (2025-11-24 03:10:35)
[2025-11-24 08:12:32]   [emp_id: 5448] SKIPPED: Already updated today (2025-11-24 03:10:35)
[2025-11-24 08:12:32]   [emp_id: 5449] SKIPPED: Already updated today (2025-11-24 03:10:35)
[2025-11-24 08:12:32]   [emp_id: 5450] SKIPPED: Already updated today (2025-11-24 03:10:35)
[2025-11-24 08:12:32]   [emp_id: 5451] SKIPPED: Already updated today (2025-11-24 03:10:35)
[2025-11-24 08:12:32]   [emp_id: 5454] SKIPPED: Already updated today (2025-11-24 03:10:35)
[2025-11-24 08:12:32]   [emp_id: 5455] SKIPPED: Already updated today (2025-11-24 03:10:35)
[2025-11-24 08:12:32]   [emp_id: 5456] SKIPPED: Already updated today (2025-11-24 03:10:35)
[2025-11-24 08:12:32] 
[2025-11-24 08:12:32] ========== SUMMARY ==========
[2025-11-24 08:12:32] Total employees processed: 451
[2025-11-24 08:12:32] Records updated: 0
[2025-11-24 08:12:32] Balances changed: 0
[2025-11-24 08:12:32] Errors: 0
[2025-11-24 08:12:32] ========== CRON: Vacation Balance Update Completed ==========
[2025-11-24 08:12:32] 
[2025-11-24 13:03:21] ========== CRON: Vacation Balance Update Started ==========
[2025-11-24 13:03:21] Database connection established
[2025-11-24 13:03:21] Found 451 active employees with balance records to update
[2025-11-24 13:03:21] (Only employees with status=1 will be processed)
[2025-11-24 13:03:21]   [emp_id: 1061] SKIPPED: Already updated today (2025-11-24 03:10:31)
[2025-11-24 13:03:21]   [emp_id: 1496] SKIPPED: Already updated today (2025-11-24 03:10:31)
[2025-11-24 13:03:21]   [emp_id: 1500] SKIPPED: Already updated today (2025-11-24 03:10:31)
[2025-11-24 13:03:21]   [emp_id: 1574] SKIPPED: Already updated today (2025-11-24 03:10:31)
[2025-11-24 13:03:21]   [emp_id: 1673] SKIPPED: Already updated today (2025-11-24 03:10:31)
[2025-11-24 13:03:21]   [emp_id: 1685] SKIPPED: Already updated today (2025-11-24 03:10:31)
[2025-11-24 13:03:21]   [emp_id: 1764] SKIPPED: Already updated today (2025-11-24 03:10:31)
[2025-11-24 13:03:21]   [emp_id: 1805] SKIPPED: Already updated today (2025-11-24 03:10:31)
[2025-11-24 13:03:21]   [emp_id: 1822] SKIPPED: Already updated today (2025-11-24 03:10:31)
[2025-11-24 13:03:21]   [emp_id: 1837] SKIPPED: Already updated today (2025-11-24 03:10:31)
[2025-11-24 13:03:21]   [emp_id: 1857] SKIPPED: Already updated today (2025-11-24 03:10:31)
[2025-11-24 13:03:21]   [emp_id: 1861] SKIPPED: Already updated today (2025-11-24 03:10:31)
[2025-11-24 13:03:21]   [emp_id: 1872] SKIPPED: Already updated today (2025-11-24 03:10:31)
[2025-11-24 13:03:21]   [emp_id: 1897] SKIPPED: Already updated today (2025-11-24 03:10:31)
[2025-11-24 13:03:21]   [emp_id: 1916] SKIPPED: Already updated today (2025-11-24 03:10:31)
[2025-11-24 13:03:21]   [emp_id: 1928] SKIPPED: Already updated today (2025-11-24 03:10:32)
[2025-11-24 13:03:21]   [emp_id: 1931] SKIPPED: Already updated today (2025-11-24 03:10:32)
[2025-11-24 13:03:21]   [emp_id: 1944] SKIPPED: Already updated today (2025-11-24 03:10:32)
[2025-11-24 13:03:21]   [emp_id: 1996] SKIPPED: Already updated today (2025-11-24 03:10:32)
[2025-11-24 13:03:21]   [emp_id: 1997] SKIPPED: Already updated today (2025-11-24 03:10:32)
[2025-11-24 13:03:21]   [emp_id: 1998] SKIPPED: Already updated today (2025-11-24 03:10:32)
[2025-11-24 13:03:21]   [emp_id: 1999] SKIPPED: Already updated today (2025-11-24 03:10:32)
[2025-11-24 13:03:21]   [emp_id: 2009] SKIPPED: Already updated today (2025-11-24 03:10:32)
[2025-11-24 13:03:21]   [emp_id: 2048] SKIPPED: Already updated today (2025-11-24 03:10:32)
[2025-11-24 13:03:21]   [emp_id: 2057] SKIPPED: Already updated today (2025-11-24 03:10:32)
[2025-11-24 13:03:21]   [emp_id: 2079] SKIPPED: Already updated today (2025-11-24 03:10:32)
[2025-11-24 13:03:21]   [emp_id: 2181] SKIPPED: Already updated today (2025-11-24 03:10:32)
[2025-11-24 13:03:21]   [emp_id: 2190] SKIPPED: Already updated today (2025-11-24 03:10:32)
[2025-11-24 13:03:21]   [emp_id: 2212] SKIPPED: Already updated today (2025-11-24 03:10:32)
[2025-11-24 13:03:21]   [emp_id: 2226] SKIPPED: Already updated today (2025-11-24 03:10:32)
[2025-11-24 13:03:21]   [emp_id: 2238] SKIPPED: Already updated today (2025-11-24 03:10:32)
[2025-11-24 13:03:21]   [emp_id: 2285] SKIPPED: Already updated today (2025-11-24 03:10:32)
[2025-11-24 13:03:21]   [emp_id: 2287] SKIPPED: Already updated today (2025-11-24 03:10:32)
[2025-11-24 13:03:21]   [emp_id: 2288] SKIPPED: Already updated today (2025-11-24 03:10:32)
[2025-11-24 13:03:21]   [emp_id: 2290] SKIPPED: Already updated today (2025-11-24 03:10:32)
[2025-11-24 13:03:21]   [emp_id: 2316] SKIPPED: Already updated today (2025-11-24 03:10:32)
[2025-11-24 13:03:21]   [emp_id: 2337] SKIPPED: Already updated today (2025-11-24 03:10:32)
[2025-11-24 13:03:21]   [emp_id: 2352] SKIPPED: Already updated today (2025-11-24 03:10:32)
[2025-11-24 13:03:21]   [emp_id: 2358] SKIPPED: Already updated today (2025-11-24 03:10:32)
[2025-11-24 13:03:21]   [emp_id: 2361] SKIPPED: Already updated today (2025-11-24 03:10:32)
[2025-11-24 13:03:21]   [emp_id: 2363] SKIPPED: Already updated today (2025-11-24 03:10:32)
[2025-11-24 13:03:21]   [emp_id: 2364] SKIPPED: Already updated today (2025-11-24 03:10:32)
[2025-11-24 13:03:21]   [emp_id: 2367] SKIPPED: Already updated today (2025-11-24 03:10:32)
[2025-11-24 13:03:21]   [emp_id: 2368] SKIPPED: Already updated today (2025-11-24 03:10:32)
[2025-11-24 13:03:21]   [emp_id: 2372] SKIPPED: Already updated today (2025-11-24 03:10:32)
[2025-11-24 13:03:21]   [emp_id: 2376] SKIPPED: Already updated today (2025-11-24 03:10:32)
[2025-11-24 13:03:21]   [emp_id: 2423] SKIPPED: Already updated today (2025-11-24 03:10:32)
[2025-11-24 13:03:21]   [emp_id: 2519] SKIPPED: Already updated today (2025-11-24 03:10:32)
[2025-11-24 13:03:21]   [emp_id: 2522] SKIPPED: Already updated today (2025-11-24 03:10:32)
[2025-11-24 13:03:21]   [emp_id: 2530] SKIPPED: Already updated today (2025-11-24 03:10:32)
[2025-11-24 13:03:21]   [emp_id: 2539] SKIPPED: Already updated today (2025-11-24 03:10:32)
[2025-11-24 13:03:21]   [emp_id: 2541] SKIPPED: Already updated today (2025-11-24 03:10:32)
[2025-11-24 13:03:21]   [emp_id: 2550] SKIPPED: Already updated today (2025-11-24 03:10:32)
[2025-11-24 13:03:21]   [emp_id: 2553] SKIPPED: Already updated today (2025-11-24 03:10:32)
[2025-11-24 13:03:21]   [emp_id: 2554] SKIPPED: Already updated today (2025-11-24 03:10:32)
[2025-11-24 13:03:21]   [emp_id: 2565] SKIPPED: Already updated today (2025-11-24 03:10:32)
[2025-11-24 13:03:21]   [emp_id: 2572] SKIPPED: Already updated today (2025-11-24 03:10:32)
[2025-11-24 13:03:21]   [emp_id: 2637] SKIPPED: Already updated today (2025-11-24 03:10:32)
[2025-11-24 13:03:21]   [emp_id: 2642] SKIPPED: Already updated today (2025-11-24 03:10:32)
[2025-11-24 13:03:21]   [emp_id: 2645] SKIPPED: Already updated today (2025-11-24 03:10:32)
[2025-11-24 13:03:21]   [emp_id: 2648] SKIPPED: Already updated today (2025-11-24 03:10:32)
[2025-11-24 13:03:21]   [emp_id: 2654] SKIPPED: Already updated today (2025-11-24 03:10:32)
[2025-11-24 13:03:21]   [emp_id: 2688] SKIPPED: Already updated today (2025-11-24 03:10:32)
[2025-11-24 13:03:21]   [emp_id: 2690] SKIPPED: Already updated today (2025-11-24 03:10:32)
[2025-11-24 13:03:21]   [emp_id: 2709] SKIPPED: Already updated today (2025-11-24 03:10:32)
[2025-11-24 13:03:21]   [emp_id: 2745] SKIPPED: Already updated today (2025-11-24 03:10:32)
[2025-11-24 13:03:21]   [emp_id: 2843] SKIPPED: Already updated today (2025-11-24 03:10:32)
[2025-11-24 13:03:21]   [emp_id: 2854] SKIPPED: Already updated today (2025-11-24 03:10:32)
[2025-11-24 13:03:21]   [emp_id: 2869] SKIPPED: Already updated today (2025-11-24 03:10:32)
[2025-11-24 13:03:21]   [emp_id: 2876] SKIPPED: Already updated today (2025-11-24 03:10:32)
[2025-11-24 13:03:21]   [emp_id: 2924] SKIPPED: Already updated today (2025-11-24 03:10:32)
[2025-11-24 13:03:21]   [emp_id: 2953] SKIPPED: Already updated today (2025-11-24 03:10:32)
[2025-11-24 13:03:21]   [emp_id: 2961] SKIPPED: Already updated today (2025-11-24 03:10:32)
[2025-11-24 13:03:21]   [emp_id: 2975] SKIPPED: Already updated today (2025-11-24 03:10:32)
[2025-11-24 13:03:21]   [emp_id: 3013] SKIPPED: Already updated today (2025-11-24 03:10:32)
[2025-11-24 13:03:21]   [emp_id: 3014] SKIPPED: Already updated today (2025-11-24 03:10:32)
[2025-11-24 13:03:21]   [emp_id: 3015] SKIPPED: Already updated today (2025-11-24 03:10:32)
[2025-11-24 13:03:21]   [emp_id: 3018] SKIPPED: Already updated today (2025-11-24 03:10:32)
[2025-11-24 13:03:21]   [emp_id: 3025] SKIPPED: Already updated today (2025-11-24 03:10:32)
[2025-11-24 13:03:21]   [emp_id: 3037] SKIPPED: Already updated today (2025-11-24 03:10:32)
[2025-11-24 13:03:21]   [emp_id: 3047] SKIPPED: Already updated today (2025-11-24 03:10:32)
[2025-11-24 13:03:21]   [emp_id: 3061] SKIPPED: Already updated today (2025-11-24 03:10:32)
[2025-11-24 13:03:21]   [emp_id: 3062] SKIPPED: Already updated today (2025-11-24 03:10:32)
[2025-11-24 13:03:21]   [emp_id: 3074] SKIPPED: Already updated today (2025-11-24 03:10:32)
[2025-11-24 13:03:21]   [emp_id: 3089] SKIPPED: Already updated today (2025-11-24 03:10:32)
[2025-11-24 13:03:21]   [emp_id: 3090] SKIPPED: Already updated today (2025-11-24 03:10:32)
[2025-11-24 13:03:21]   [emp_id: 3091] SKIPPED: Already updated today (2025-11-24 03:10:32)
[2025-11-24 13:03:21]   [emp_id: 3092] SKIPPED: Already updated today (2025-11-24 03:10:32)
[2025-11-24 13:03:21]   [emp_id: 3105] SKIPPED: Already updated today (2025-11-24 03:10:32)
[2025-11-24 13:03:21]   [emp_id: 3134] SKIPPED: Already updated today (2025-11-24 03:10:32)
[2025-11-24 13:03:21]   [emp_id: 3140] SKIPPED: Already updated today (2025-11-24 03:10:32)
[2025-11-24 13:03:21]   [emp_id: 3144] SKIPPED: Already updated today (2025-11-24 03:10:32)
[2025-11-24 13:03:21]   [emp_id: 3156] SKIPPED: Already updated today (2025-11-24 03:10:32)
[2025-11-24 13:03:21]   [emp_id: 3162] SKIPPED: Already updated today (2025-11-24 03:10:32)
[2025-11-24 13:03:21]   [emp_id: 3163] SKIPPED: Already updated today (2025-11-24 03:10:32)
[2025-11-24 13:03:21]   [emp_id: 3198] SKIPPED: Already updated today (2025-11-24 03:10:32)
[2025-11-24 13:03:21]   [emp_id: 3205] SKIPPED: Already updated today (2025-11-24 03:10:32)
[2025-11-24 13:03:21]   [emp_id: 3209] SKIPPED: Already updated today (2025-11-24 03:10:32)
[2025-11-24 13:03:21]   [emp_id: 3223] SKIPPED: Already updated today (2025-11-24 03:10:32)
[2025-11-24 13:03:21]   [emp_id: 3224] SKIPPED: Already updated today (2025-11-24 03:10:32)
[2025-11-24 13:03:21]   [emp_id: 3230] SKIPPED: Already updated today (2025-11-24 03:10:32)
[2025-11-24 13:03:21]   [emp_id: 3231] SKIPPED: Already updated today (2025-11-24 03:10:32)
[2025-11-24 13:03:21]   [emp_id: 3233] SKIPPED: Already updated today (2025-11-24 03:10:32)
[2025-11-24 13:03:21]   [emp_id: 3249] SKIPPED: Already updated today (2025-11-24 03:10:32)
[2025-11-24 13:03:21]   [emp_id: 3250] SKIPPED: Already updated today (2025-11-24 03:10:32)
[2025-11-24 13:03:21]   [emp_id: 3252] SKIPPED: Already updated today (2025-11-24 03:10:32)
[2025-11-24 13:03:21]   [emp_id: 3254] SKIPPED: Already updated today (2025-11-24 03:10:32)
[2025-11-24 13:03:21]   [emp_id: 3255] SKIPPED: Already updated today (2025-11-24 03:10:32)
[2025-11-24 13:03:21]   [emp_id: 3256] SKIPPED: Already updated today (2025-11-24 03:10:32)
[2025-11-24 13:03:21]   [emp_id: 3263] SKIPPED: Already updated today (2025-11-24 03:10:32)
[2025-11-24 13:03:21]   [emp_id: 3265] SKIPPED: Already updated today (2025-11-24 03:10:32)
[2025-11-24 13:03:21]   [emp_id: 3280] SKIPPED: Already updated today (2025-11-24 03:10:32)
[2025-11-24 13:03:21]   [emp_id: 3286] SKIPPED: Already updated today (2025-11-24 03:10:32)
[2025-11-24 13:03:21]   [emp_id: 3294] SKIPPED: Already updated today (2025-11-24 03:10:32)
[2025-11-24 13:03:21]   [emp_id: 3321] SKIPPED: Already updated today (2025-11-24 03:10:32)
[2025-11-24 13:03:21]   [emp_id: 3325] SKIPPED: Already updated today (2025-11-24 03:10:32)
[2025-11-24 13:03:21]   [emp_id: 3329] SKIPPED: Already updated today (2025-11-24 03:10:32)
[2025-11-24 13:03:21]   [emp_id: 3330] SKIPPED: Already updated today (2025-11-24 03:10:32)
[2025-11-24 13:03:21]   [emp_id: 3332] SKIPPED: Already updated today (2025-11-24 03:10:32)
[2025-11-24 13:03:21]   [emp_id: 3370] SKIPPED: Already updated today (2025-11-24 03:10:32)
[2025-11-24 13:03:21]   [emp_id: 3384] SKIPPED: Already updated today (2025-11-24 03:10:32)
[2025-11-24 13:03:21]   [emp_id: 3386] SKIPPED: Already updated today (2025-11-24 03:10:32)
[2025-11-24 13:03:21]   [emp_id: 3431] SKIPPED: Already updated today (2025-11-24 03:10:32)
[2025-11-24 13:03:21]   [emp_id: 3497] SKIPPED: Already updated today (2025-11-24 03:10:32)
[2025-11-24 13:03:21]   [emp_id: 3532] SKIPPED: Already updated today (2025-11-24 03:10:32)
[2025-11-24 13:03:21]   [emp_id: 3586] SKIPPED: Already updated today (2025-11-24 03:10:32)
[2025-11-24 13:03:21]   [emp_id: 3602] SKIPPED: Already updated today (2025-11-24 03:10:32)
[2025-11-24 13:03:21]   [emp_id: 3618] SKIPPED: Already updated today (2025-11-24 03:10:32)
[2025-11-24 13:03:21]   [emp_id: 3622] SKIPPED: Already updated today (2025-11-24 03:10:32)
[2025-11-24 13:03:21]   [emp_id: 3627] SKIPPED: Already updated today (2025-11-24 03:10:32)
[2025-11-24 13:03:21]   [emp_id: 3665] SKIPPED: Already updated today (2025-11-24 03:10:32)
[2025-11-24 13:03:21]   [emp_id: 3705] SKIPPED: Already updated today (2025-11-24 03:10:32)
[2025-11-24 13:03:21]   [emp_id: 3724] SKIPPED: Already updated today (2025-11-24 03:10:32)
[2025-11-24 13:03:21]   [emp_id: 3726] SKIPPED: Already updated today (2025-11-24 03:10:32)
[2025-11-24 13:03:21]   [emp_id: 3727] SKIPPED: Already updated today (2025-11-24 03:10:32)
[2025-11-24 13:03:21]   [emp_id: 3728] SKIPPED: Already updated today (2025-11-24 03:10:32)
[2025-11-24 13:03:21]   [emp_id: 3742] SKIPPED: Already updated today (2025-11-24 03:10:32)
[2025-11-24 13:03:21]   [emp_id: 3767] SKIPPED: Already updated today (2025-11-24 03:10:32)
[2025-11-24 13:03:21]   [emp_id: 3768] SKIPPED: Already updated today (2025-11-24 03:10:32)
[2025-11-24 13:03:21]   [emp_id: 3787] SKIPPED: Already updated today (2025-11-24 03:10:32)
[2025-11-24 13:03:21]   [emp_id: 3790] SKIPPED: Already updated today (2025-11-24 03:10:32)
[2025-11-24 13:03:21]   [emp_id: 3795] SKIPPED: Already updated today (2025-11-24 03:10:32)
[2025-11-24 13:03:21]   [emp_id: 3798] SKIPPED: Already updated today (2025-11-24 03:10:32)
[2025-11-24 13:03:21]   [emp_id: 3801] SKIPPED: Already updated today (2025-11-24 03:10:32)
[2025-11-24 13:03:21]   [emp_id: 3802] SKIPPED: Already updated today (2025-11-24 03:10:32)
[2025-11-24 13:03:21]   [emp_id: 3803] SKIPPED: Already updated today (2025-11-24 03:10:32)
[2025-11-24 13:03:21]   [emp_id: 3810] SKIPPED: Already updated today (2025-11-24 03:10:33)
[2025-11-24 13:03:21]   [emp_id: 3812] SKIPPED: Already updated today (2025-11-24 03:10:33)
[2025-11-24 13:03:21]   [emp_id: 3815] SKIPPED: Already updated today (2025-11-24 03:10:33)
[2025-11-24 13:03:21]   [emp_id: 3836] SKIPPED: Already updated today (2025-11-24 03:10:33)
[2025-11-24 13:03:21]   [emp_id: 3855] SKIPPED: Already updated today (2025-11-24 03:10:33)
[2025-11-24 13:03:21]   [emp_id: 3857] SKIPPED: Already updated today (2025-11-24 03:10:33)
[2025-11-24 13:03:21]   [emp_id: 3862] SKIPPED: Already updated today (2025-11-24 03:10:33)
[2025-11-24 13:03:21]   [emp_id: 3866] SKIPPED: Already updated today (2025-11-24 03:10:33)
[2025-11-24 13:03:21]   [emp_id: 3876] SKIPPED: Already updated today (2025-11-24 03:10:33)
[2025-11-24 13:03:21]   [emp_id: 3877] SKIPPED: Already updated today (2025-11-24 03:10:33)
[2025-11-24 13:03:21]   [emp_id: 3897] SKIPPED: Already updated today (2025-11-24 03:10:33)
[2025-11-24 13:03:21]   [emp_id: 3899] SKIPPED: Already updated today (2025-11-24 03:10:33)
[2025-11-24 13:03:21]   [emp_id: 3928] SKIPPED: Already updated today (2025-11-24 03:10:33)
[2025-11-24 13:03:21]   [emp_id: 3929] SKIPPED: Already updated today (2025-11-24 03:10:33)
[2025-11-24 13:03:21]   [emp_id: 3935] SKIPPED: Already updated today (2025-11-24 03:10:33)
[2025-11-24 13:03:21]   [emp_id: 3952] SKIPPED: Already updated today (2025-11-24 03:10:33)
[2025-11-24 13:03:21]   [emp_id: 3987] SKIPPED: Already updated today (2025-11-24 03:10:33)
[2025-11-24 13:03:21]   [emp_id: 4059] SKIPPED: Already updated today (2025-11-24 03:10:33)
[2025-11-24 13:03:21]   [emp_id: 4119] SKIPPED: Already updated today (2025-11-24 03:10:33)
[2025-11-24 13:03:21]   [emp_id: 4120] SKIPPED: Already updated today (2025-11-24 03:10:33)
[2025-11-24 13:03:21]   [emp_id: 4124] SKIPPED: Already updated today (2025-11-24 03:10:33)
[2025-11-24 13:03:21]   [emp_id: 4133] SKIPPED: Already updated today (2025-11-24 03:10:33)
[2025-11-24 13:03:21]   [emp_id: 4134] SKIPPED: Already updated today (2025-11-24 03:10:33)
[2025-11-24 13:03:21]   [emp_id: 4136] SKIPPED: Already updated today (2025-11-24 03:10:33)
[2025-11-24 13:03:21]   [emp_id: 4150] SKIPPED: Already updated today (2025-11-24 03:10:33)
[2025-11-24 13:03:21]   [emp_id: 4157] SKIPPED: Already updated today (2025-11-24 03:10:33)
[2025-11-24 13:03:21]   [emp_id: 4172] SKIPPED: Already updated today (2025-11-24 03:10:33)
[2025-11-24 13:03:21]   [emp_id: 4195] SKIPPED: Already updated today (2025-11-24 03:10:33)
[2025-11-24 13:03:21]   [emp_id: 4215] SKIPPED: Already updated today (2025-11-24 03:10:33)
[2025-11-24 13:03:21]   [emp_id: 4220] SKIPPED: Already updated today (2025-11-24 03:10:33)
[2025-11-24 13:03:21]   [emp_id: 4273] SKIPPED: Already updated today (2025-11-24 03:10:33)
[2025-11-24 13:03:21]   [emp_id: 4283] SKIPPED: Already updated today (2025-11-24 03:10:33)
[2025-11-24 13:03:21]   [emp_id: 4288] SKIPPED: Already updated today (2025-11-24 03:10:33)
[2025-11-24 13:03:21]   [emp_id: 4315] SKIPPED: Already updated today (2025-11-24 03:10:33)
[2025-11-24 13:03:21]   [emp_id: 4328] SKIPPED: Already updated today (2025-11-24 03:10:33)
[2025-11-24 13:03:21]   [emp_id: 4329] SKIPPED: Already updated today (2025-11-24 03:10:33)
[2025-11-24 13:03:21]   [emp_id: 4338] SKIPPED: Already updated today (2025-11-24 03:10:33)
[2025-11-24 13:03:21]   [emp_id: 4340] SKIPPED: Already updated today (2025-11-24 03:10:33)
[2025-11-24 13:03:21]   [emp_id: 4365] SKIPPED: Already updated today (2025-11-24 03:10:33)
[2025-11-24 13:03:21]   [emp_id: 4366] SKIPPED: Already updated today (2025-11-24 03:10:33)
[2025-11-24 13:03:21]   [emp_id: 4385] SKIPPED: Already updated today (2025-11-24 03:10:33)
[2025-11-24 13:03:21]   [emp_id: 4403] SKIPPED: Already updated today (2025-11-24 03:10:33)
[2025-11-24 13:03:21]   [emp_id: 4438] SKIPPED: Already updated today (2025-11-24 03:10:33)
[2025-11-24 13:03:21]   [emp_id: 4465] SKIPPED: Already updated today (2025-11-24 03:10:33)
[2025-11-24 13:03:21]   [emp_id: 4473] SKIPPED: Already updated today (2025-11-24 03:10:33)
[2025-11-24 13:03:21]   [emp_id: 4474] SKIPPED: Already updated today (2025-11-24 03:10:33)
[2025-11-24 13:03:21]   [emp_id: 4493] SKIPPED: Already updated today (2025-11-24 03:10:33)
[2025-11-24 13:03:21]   [emp_id: 4526] SKIPPED: Already updated today (2025-11-24 03:10:33)
[2025-11-24 13:03:21]   [emp_id: 4528] SKIPPED: Already updated today (2025-11-24 03:10:33)
[2025-11-24 13:03:21]   [emp_id: 4528] SKIPPED: Already updated today (2025-11-24 03:10:33)
[2025-11-24 13:03:21]   [emp_id: 4532] SKIPPED: Already updated today (2025-11-24 03:10:33)
[2025-11-24 13:03:21]   [emp_id: 4533] SKIPPED: Already updated today (2025-11-24 03:10:33)
[2025-11-24 13:03:21]   [emp_id: 4564] SKIPPED: Already updated today (2025-11-24 03:10:33)
[2025-11-24 13:03:21]   [emp_id: 4565] SKIPPED: Already updated today (2025-11-24 03:10:33)
[2025-11-24 13:03:21]   [emp_id: 4567] SKIPPED: Already updated today (2025-11-24 03:10:33)
[2025-11-24 13:03:21]   [emp_id: 4572] SKIPPED: Already updated today (2025-11-24 03:10:33)
[2025-11-24 13:03:21]   [emp_id: 4631] SKIPPED: Already updated today (2025-11-24 03:10:33)
[2025-11-24 13:03:21]   [emp_id: 4655] SKIPPED: Already updated today (2025-11-24 03:10:33)
[2025-11-24 13:03:21]   [emp_id: 4689] SKIPPED: Already updated today (2025-11-24 03:10:33)
[2025-11-24 13:03:21]   [emp_id: 4709] SKIPPED: Already updated today (2025-11-24 03:10:33)
[2025-11-24 13:03:21]   [emp_id: 4717] SKIPPED: Already updated today (2025-11-24 03:10:33)
[2025-11-24 13:03:21]   [emp_id: 4736] SKIPPED: Already updated today (2025-11-24 03:10:33)
[2025-11-24 13:03:21]   [emp_id: 4756] SKIPPED: Already updated today (2025-11-24 03:10:33)
[2025-11-24 13:03:21]   [emp_id: 4768] SKIPPED: Already updated today (2025-11-24 03:10:33)
[2025-11-24 13:03:21]   [emp_id: 4780] SKIPPED: Already updated today (2025-11-24 03:10:33)
[2025-11-24 13:03:21]   [emp_id: 4820] SKIPPED: Already updated today (2025-11-24 03:10:33)
[2025-11-24 13:03:21]   [emp_id: 4825] SKIPPED: Already updated today (2025-11-24 03:10:33)
[2025-11-24 13:03:21]   [emp_id: 4835] SKIPPED: Already updated today (2025-11-24 03:10:33)
[2025-11-24 13:03:21]   [emp_id: 4837] SKIPPED: Already updated today (2025-11-24 03:10:33)
[2025-11-24 13:03:21]   [emp_id: 4838] SKIPPED: Already updated today (2025-11-24 03:10:33)
[2025-11-24 13:03:21]   [emp_id: 4840] SKIPPED: Already updated today (2025-11-24 03:10:33)
[2025-11-24 13:03:21]   [emp_id: 4842] SKIPPED: Already updated today (2025-11-24 03:10:33)
[2025-11-24 13:03:21]   [emp_id: 4843] SKIPPED: Already updated today (2025-11-24 03:10:33)
[2025-11-24 13:03:21]   [emp_id: 4853] SKIPPED: Already updated today (2025-11-24 03:10:33)
[2025-11-24 13:03:21]   [emp_id: 4856] SKIPPED: Already updated today (2025-11-24 03:10:33)
[2025-11-24 13:03:21]   [emp_id: 4857] SKIPPED: Already updated today (2025-11-24 03:10:33)
[2025-11-24 13:03:21]   [emp_id: 4858] SKIPPED: Already updated today (2025-11-24 03:10:33)
[2025-11-24 13:03:21]   [emp_id: 4859] SKIPPED: Already updated today (2025-11-24 03:10:33)
[2025-11-24 13:03:21]   [emp_id: 4860] SKIPPED: Already updated today (2025-11-24 03:10:33)
[2025-11-24 13:03:21]   [emp_id: 4861] SKIPPED: Already updated today (2025-11-24 03:10:33)
[2025-11-24 13:03:21]   [emp_id: 4869] SKIPPED: Already updated today (2025-11-24 03:10:33)
[2025-11-24 13:03:21]   [emp_id: 4894] SKIPPED: Already updated today (2025-11-24 03:10:33)
[2025-11-24 13:03:21]   [emp_id: 4897] SKIPPED: Already updated today (2025-11-24 03:10:33)
[2025-11-24 13:03:21]   [emp_id: 4899] SKIPPED: Already updated today (2025-11-24 03:10:33)
[2025-11-24 13:03:21]   [emp_id: 4902] SKIPPED: Already updated today (2025-11-24 03:10:33)
[2025-11-24 13:03:21]   [emp_id: 4903] SKIPPED: Already updated today (2025-11-24 03:10:33)
[2025-11-24 13:03:21]   [emp_id: 4905] SKIPPED: Already updated today (2025-11-24 03:10:33)
[2025-11-24 13:03:21]   [emp_id: 4907] SKIPPED: Already updated today (2025-11-24 03:10:33)
[2025-11-24 13:03:21]   [emp_id: 4917] SKIPPED: Already updated today (2025-11-24 03:10:33)
[2025-11-24 13:03:21]   [emp_id: 4918] SKIPPED: Already updated today (2025-11-24 03:10:33)
[2025-11-24 13:03:21]   [emp_id: 4919] SKIPPED: Already updated today (2025-11-24 03:10:33)
[2025-11-24 13:03:21]   [emp_id: 4920] SKIPPED: Already updated today (2025-11-24 03:10:33)
[2025-11-24 13:03:21]   [emp_id: 4921] SKIPPED: Already updated today (2025-11-24 03:10:33)
[2025-11-24 13:03:21]   [emp_id: 4927] SKIPPED: Already updated today (2025-11-24 03:10:33)
[2025-11-24 13:03:21]   [emp_id: 4929] SKIPPED: Already updated today (2025-11-24 03:10:33)
[2025-11-24 13:03:21]   [emp_id: 4930] SKIPPED: Already updated today (2025-11-24 03:10:33)
[2025-11-24 13:03:21]   [emp_id: 4932] SKIPPED: Already updated today (2025-11-24 03:10:33)
[2025-11-24 13:03:21]   [emp_id: 4933] SKIPPED: Already updated today (2025-11-24 03:10:33)
[2025-11-24 13:03:21]   [emp_id: 4949] SKIPPED: Already updated today (2025-11-24 03:10:33)
[2025-11-24 13:03:21]   [emp_id: 4956] SKIPPED: Already updated today (2025-11-24 03:10:33)
[2025-11-24 13:03:21]   [emp_id: 4957] SKIPPED: Already updated today (2025-11-24 03:10:33)
[2025-11-24 13:03:21]   [emp_id: 4962] SKIPPED: Already updated today (2025-11-24 03:10:33)
[2025-11-24 13:03:21]   [emp_id: 4969] SKIPPED: Already updated today (2025-11-24 03:10:33)
[2025-11-24 13:03:21]   [emp_id: 4976] SKIPPED: Already updated today (2025-11-24 03:10:33)
[2025-11-24 13:03:21]   [emp_id: 4984] SKIPPED: Already updated today (2025-11-24 03:10:33)
[2025-11-24 13:03:21]   [emp_id: 4995] SKIPPED: Already updated today (2025-11-24 03:10:33)
[2025-11-24 13:03:21]   [emp_id: 5004] SKIPPED: Already updated today (2025-11-24 03:10:33)
[2025-11-24 13:03:21]   [emp_id: 5006] SKIPPED: Already updated today (2025-11-24 03:10:33)
[2025-11-24 13:03:21]   [emp_id: 5011] SKIPPED: Already updated today (2025-11-24 03:10:33)
[2025-11-24 13:03:21]   [emp_id: 5013] SKIPPED: Already updated today (2025-11-24 03:10:33)
[2025-11-24 13:03:21]   [emp_id: 5018] SKIPPED: Already updated today (2025-11-24 03:10:33)
[2025-11-24 13:03:21]   [emp_id: 5021] SKIPPED: Already updated today (2025-11-24 03:10:33)
[2025-11-24 13:03:21]   [emp_id: 5021] SKIPPED: Already updated today (2025-11-24 03:10:33)
[2025-11-24 13:03:21]   [emp_id: 5024] SKIPPED: Already updated today (2025-11-24 03:10:33)
[2025-11-24 13:03:21]   [emp_id: 5029] SKIPPED: Already updated today (2025-11-24 03:10:33)
[2025-11-24 13:03:21]   [emp_id: 5030] SKIPPED: Already updated today (2025-11-24 03:10:33)
[2025-11-24 13:03:21]   [emp_id: 5033] SKIPPED: Already updated today (2025-11-24 03:10:33)
[2025-11-24 13:03:21]   [emp_id: 5043] SKIPPED: Already updated today (2025-11-24 03:10:33)
[2025-11-24 13:03:21]   [emp_id: 5045] SKIPPED: Already updated today (2025-11-24 03:10:33)
[2025-11-24 13:03:21]   [emp_id: 5046] SKIPPED: Already updated today (2025-11-24 03:10:33)
[2025-11-24 13:03:21]   [emp_id: 5049] SKIPPED: Already updated today (2025-11-24 03:10:33)
[2025-11-24 13:03:21]   [emp_id: 5052] SKIPPED: Already updated today (2025-11-24 03:10:33)
[2025-11-24 13:03:21]   [emp_id: 5055] SKIPPED: Already updated today (2025-11-24 03:10:33)
[2025-11-24 13:03:21]   [emp_id: 5058] SKIPPED: Already updated today (2025-11-24 03:10:33)
[2025-11-24 13:03:21]   [emp_id: 5062] SKIPPED: Already updated today (2025-11-24 03:10:33)
[2025-11-24 13:03:21]   [emp_id: 5064] SKIPPED: Already updated today (2025-11-24 03:10:33)
[2025-11-24 13:03:21]   [emp_id: 5065] SKIPPED: Already updated today (2025-11-24 03:10:33)
[2025-11-24 13:03:21]   [emp_id: 5071] SKIPPED: Already updated today (2025-11-24 03:10:33)
[2025-11-24 13:03:21]   [emp_id: 5072] SKIPPED: Already updated today (2025-11-24 03:10:33)
[2025-11-24 13:03:21]   [emp_id: 5073] SKIPPED: Already updated today (2025-11-24 03:10:33)
[2025-11-24 13:03:21]   [emp_id: 5079] SKIPPED: Already updated today (2025-11-24 03:10:33)
[2025-11-24 13:03:21]   [emp_id: 5080] SKIPPED: Already updated today (2025-11-24 03:10:33)
[2025-11-24 13:03:21]   [emp_id: 5081] SKIPPED: Already updated today (2025-11-24 03:10:33)
[2025-11-24 13:03:21]   [emp_id: 5087] SKIPPED: Already updated today (2025-11-24 03:10:33)
[2025-11-24 13:03:21]   [emp_id: 5091] SKIPPED: Already updated today (2025-11-24 03:10:33)
[2025-11-24 13:03:21]   [emp_id: 5093] SKIPPED: Already updated today (2025-11-24 03:10:33)
[2025-11-24 13:03:21]   [emp_id: 5095] SKIPPED: Already updated today (2025-11-24 03:10:33)
[2025-11-24 13:03:21]   [emp_id: 5101] SKIPPED: Already updated today (2025-11-24 03:10:33)
[2025-11-24 13:03:21]   [emp_id: 5107] SKIPPED: Already updated today (2025-11-24 03:10:33)
[2025-11-24 13:03:21]   [emp_id: 5109] SKIPPED: Already updated today (2025-11-24 03:10:33)
[2025-11-24 13:03:21]   [emp_id: 5115] SKIPPED: Already updated today (2025-11-24 03:10:33)
[2025-11-24 13:03:21]   [emp_id: 5116] SKIPPED: Already updated today (2025-11-24 03:10:33)
[2025-11-24 13:03:21]   [emp_id: 5119] SKIPPED: Already updated today (2025-11-24 03:10:33)
[2025-11-24 13:03:21]   [emp_id: 5122] SKIPPED: Already updated today (2025-11-24 03:10:33)
[2025-11-24 13:03:21]   [emp_id: 5126] SKIPPED: Already updated today (2025-11-24 03:10:33)
[2025-11-24 13:03:21]   [emp_id: 5127] SKIPPED: Already updated today (2025-11-24 03:10:33)
[2025-11-24 13:03:21]   [emp_id: 5128] SKIPPED: Already updated today (2025-11-24 03:10:33)
[2025-11-24 13:03:21]   [emp_id: 5138] SKIPPED: Already updated today (2025-11-24 03:10:33)
[2025-11-24 13:03:21]   [emp_id: 5138] SKIPPED: Already updated today (2025-11-24 03:10:33)
[2025-11-24 13:03:21]   [emp_id: 5141] SKIPPED: Already updated today (2025-11-24 03:10:33)
[2025-11-24 13:03:21]   [emp_id: 5142] SKIPPED: Already updated today (2025-11-24 03:10:34)
[2025-11-24 13:03:21]   [emp_id: 5146] SKIPPED: Already updated today (2025-11-24 03:10:34)
[2025-11-24 13:03:21]   [emp_id: 5147] SKIPPED: Already updated today (2025-11-24 03:10:34)
[2025-11-24 13:03:21]   [emp_id: 5148] SKIPPED: Already updated today (2025-11-24 03:10:34)
[2025-11-24 13:03:21]   [emp_id: 5149] SKIPPED: Already updated today (2025-11-24 03:10:34)
[2025-11-24 13:03:21]   [emp_id: 5150] SKIPPED: Already updated today (2025-11-24 03:10:34)
[2025-11-24 13:03:21]   [emp_id: 5151] SKIPPED: Already updated today (2025-11-24 03:10:34)
[2025-11-24 13:03:21]   [emp_id: 5152] SKIPPED: Already updated today (2025-11-24 03:10:34)
[2025-11-24 13:03:21]   [emp_id: 5157] SKIPPED: Already updated today (2025-11-24 03:10:34)
[2025-11-24 13:03:21]   [emp_id: 5160] SKIPPED: Already updated today (2025-11-24 03:10:34)
[2025-11-24 13:03:21]   [emp_id: 5161] SKIPPED: Already updated today (2025-11-24 03:10:34)
[2025-11-24 13:03:21]   [emp_id: 5163] SKIPPED: Already updated today (2025-11-24 03:10:34)
[2025-11-24 13:03:21]   [emp_id: 5165] SKIPPED: Already updated today (2025-11-24 03:10:34)
[2025-11-24 13:03:21]   [emp_id: 5167] SKIPPED: Already updated today (2025-11-24 03:10:34)
[2025-11-24 13:03:21]   [emp_id: 5168] SKIPPED: Already updated today (2025-11-24 03:10:34)
[2025-11-24 13:03:21]   [emp_id: 5173] SKIPPED: Already updated today (2025-11-24 03:10:34)
[2025-11-24 13:03:21]   [emp_id: 5174] SKIPPED: Already updated today (2025-11-24 03:10:34)
[2025-11-24 13:03:21]   [emp_id: 5181] SKIPPED: Already updated today (2025-11-24 03:10:34)
[2025-11-24 13:03:21]   [emp_id: 5186] SKIPPED: Already updated today (2025-11-24 03:10:34)
[2025-11-24 13:03:21]   [emp_id: 5187] SKIPPED: Already updated today (2025-11-24 03:10:34)
[2025-11-24 13:03:21]   [emp_id: 5204] SKIPPED: Already updated today (2025-11-24 03:10:34)
[2025-11-24 13:03:21]   [emp_id: 5205] SKIPPED: Already updated today (2025-11-24 03:10:34)
[2025-11-24 13:03:21]   [emp_id: 5209] SKIPPED: Already updated today (2025-11-24 03:10:34)
[2025-11-24 13:03:21]   [emp_id: 5211] SKIPPED: Already updated today (2025-11-24 03:10:34)
[2025-11-24 13:03:21]   [emp_id: 5213] SKIPPED: Already updated today (2025-11-24 03:10:34)
[2025-11-24 13:03:21]   [emp_id: 5214] SKIPPED: Already updated today (2025-11-24 03:10:34)
[2025-11-24 13:03:21]   [emp_id: 5215] SKIPPED: Already updated today (2025-11-24 03:10:34)
[2025-11-24 13:03:21]   [emp_id: 5217] SKIPPED: Already updated today (2025-11-24 03:10:34)
[2025-11-24 13:03:21]   [emp_id: 5218] SKIPPED: Already updated today (2025-11-24 03:10:34)
[2025-11-24 13:03:21]   [emp_id: 5219] SKIPPED: Already updated today (2025-11-24 03:10:34)
[2025-11-24 13:03:21]   [emp_id: 5221] SKIPPED: Already updated today (2025-11-24 03:10:34)
[2025-11-24 13:03:21]   [emp_id: 5224] SKIPPED: Already updated today (2025-11-24 03:10:34)
[2025-11-24 13:03:21]   [emp_id: 5225] SKIPPED: Already updated today (2025-11-24 03:10:34)
[2025-11-24 13:03:21]   [emp_id: 5228] SKIPPED: Already updated today (2025-11-24 03:10:34)
[2025-11-24 13:03:21]   [emp_id: 5229] SKIPPED: Already updated today (2025-11-24 03:10:34)
[2025-11-24 13:03:21]   [emp_id: 5230] SKIPPED: Already updated today (2025-11-24 03:10:34)
[2025-11-24 13:03:21]   [emp_id: 5231] SKIPPED: Already updated today (2025-11-24 03:10:34)
[2025-11-24 13:03:21]   [emp_id: 5232] SKIPPED: Already updated today (2025-11-24 03:10:34)
[2025-11-24 13:03:21]   [emp_id: 5233] SKIPPED: Already updated today (2025-11-24 03:10:34)
[2025-11-24 13:03:21]   [emp_id: 5234] SKIPPED: Already updated today (2025-11-24 03:10:34)
[2025-11-24 13:03:21]   [emp_id: 5235] SKIPPED: Already updated today (2025-11-24 03:10:34)
[2025-11-24 13:03:21]   [emp_id: 5237] SKIPPED: Already updated today (2025-11-24 03:10:34)
[2025-11-24 13:03:21]   [emp_id: 5238] SKIPPED: Already updated today (2025-11-24 03:10:34)
[2025-11-24 13:03:21]   [emp_id: 5239] SKIPPED: Already updated today (2025-11-24 03:10:34)
[2025-11-24 13:03:21]   [emp_id: 5241] SKIPPED: Already updated today (2025-11-24 03:10:34)
[2025-11-24 13:03:21]   [emp_id: 5242] SKIPPED: Already updated today (2025-11-24 03:10:34)
[2025-11-24 13:03:21]   [emp_id: 5243] SKIPPED: Already updated today (2025-11-24 03:10:34)
[2025-11-24 13:03:21]   [emp_id: 5244] SKIPPED: Already updated today (2025-11-24 03:10:34)
[2025-11-24 13:03:21]   [emp_id: 5246] SKIPPED: Already updated today (2025-11-24 03:10:34)
[2025-11-24 13:03:21]   [emp_id: 5253] SKIPPED: Already updated today (2025-11-24 03:10:34)
[2025-11-24 13:03:21]   [emp_id: 5254] SKIPPED: Already updated today (2025-11-24 03:10:34)
[2025-11-24 13:03:21]   [emp_id: 5257] SKIPPED: Already updated today (2025-11-24 03:10:34)
[2025-11-24 13:03:21]   [emp_id: 5259] SKIPPED: Already updated today (2025-11-24 03:10:34)
[2025-11-24 13:03:21]   [emp_id: 5261] SKIPPED: Already updated today (2025-11-24 03:10:34)
[2025-11-24 13:03:21]   [emp_id: 5264] SKIPPED: Already updated today (2025-11-24 03:10:34)
[2025-11-24 13:03:21]   [emp_id: 5266] SKIPPED: Already updated today (2025-11-24 03:10:34)
[2025-11-24 13:03:21]   [emp_id: 5268] SKIPPED: Already updated today (2025-11-24 03:10:34)
[2025-11-24 13:03:21]   [emp_id: 5271] SKIPPED: Already updated today (2025-11-24 03:10:34)
[2025-11-24 13:03:21]   [emp_id: 5272] SKIPPED: Already updated today (2025-11-24 03:10:34)
[2025-11-24 13:03:21]   [emp_id: 5273] SKIPPED: Already updated today (2025-11-24 03:10:34)
[2025-11-24 13:03:21]   [emp_id: 5275] SKIPPED: Already updated today (2025-11-24 03:10:34)
[2025-11-24 13:03:21]   [emp_id: 5276] SKIPPED: Already updated today (2025-11-24 03:10:34)
[2025-11-24 13:03:21]   [emp_id: 5278] SKIPPED: Already updated today (2025-11-24 03:10:34)
[2025-11-24 13:03:21]   [emp_id: 5280] SKIPPED: Already updated today (2025-11-24 03:10:34)
[2025-11-24 13:03:21]   [emp_id: 5282] SKIPPED: Already updated today (2025-11-24 03:10:34)
[2025-11-24 13:03:21]   [emp_id: 5285] SKIPPED: Already updated today (2025-11-24 03:10:34)
[2025-11-24 13:03:21]   [emp_id: 5286] SKIPPED: Already updated today (2025-11-24 03:10:34)
[2025-11-24 13:03:21]   [emp_id: 5287] SKIPPED: Already updated today (2025-11-24 03:10:34)
[2025-11-24 13:03:21]   [emp_id: 5288] SKIPPED: Already updated today (2025-11-24 03:10:34)
[2025-11-24 13:03:21]   [emp_id: 5289] SKIPPED: Already updated today (2025-11-24 03:10:34)
[2025-11-24 13:03:21]   [emp_id: 5290] SKIPPED: Already updated today (2025-11-24 03:10:34)
[2025-11-24 13:03:21]   [emp_id: 5291] SKIPPED: Already updated today (2025-11-24 03:10:34)
[2025-11-24 13:03:21]   [emp_id: 5292] SKIPPED: Already updated today (2025-11-24 03:10:34)
[2025-11-24 13:03:21]   [emp_id: 5293] SKIPPED: Already updated today (2025-11-24 03:10:34)
[2025-11-24 13:03:21]   [emp_id: 5294] SKIPPED: Already updated today (2025-11-24 03:10:34)
[2025-11-24 13:03:21]   [emp_id: 5295] SKIPPED: Already updated today (2025-11-24 03:10:34)
[2025-11-24 13:03:21]   [emp_id: 5296] SKIPPED: Already updated today (2025-11-24 03:10:34)
[2025-11-24 13:03:21]   [emp_id: 5297] SKIPPED: Already updated today (2025-11-24 03:10:34)
[2025-11-24 13:03:21]   [emp_id: 5298] SKIPPED: Already updated today (2025-11-24 03:10:34)
[2025-11-24 13:03:21]   [emp_id: 5299] SKIPPED: Already updated today (2025-11-24 03:10:34)
[2025-11-24 13:03:21]   [emp_id: 5300] SKIPPED: Already updated today (2025-11-24 03:10:34)
[2025-11-24 13:03:21]   [emp_id: 5301] SKIPPED: Already updated today (2025-11-24 03:10:34)
[2025-11-24 13:03:21]   [emp_id: 5303] SKIPPED: Already updated today (2025-11-24 03:10:34)
[2025-11-24 13:03:21]   [emp_id: 5304] SKIPPED: Already updated today (2025-11-24 03:10:34)
[2025-11-24 13:03:21]   [emp_id: 5305] SKIPPED: Already updated today (2025-11-24 03:10:34)
[2025-11-24 13:03:21]   [emp_id: 5306] SKIPPED: Already updated today (2025-11-24 03:10:34)
[2025-11-24 13:03:21]   [emp_id: 5307] SKIPPED: Already updated today (2025-11-24 03:10:34)
[2025-11-24 13:03:21]   [emp_id: 5308] SKIPPED: Already updated today (2025-11-24 03:10:34)
[2025-11-24 13:03:21]   [emp_id: 5309] SKIPPED: Already updated today (2025-11-24 03:10:34)
[2025-11-24 13:03:21]   [emp_id: 5312] SKIPPED: Already updated today (2025-11-24 03:10:34)
[2025-11-24 13:03:21]   [emp_id: 5318] SKIPPED: Already updated today (2025-11-24 03:10:34)
[2025-11-24 13:03:21]   [emp_id: 5325] SKIPPED: Already updated today (2025-11-24 03:10:34)
[2025-11-24 13:03:21]   [emp_id: 5326] SKIPPED: Already updated today (2025-11-24 03:10:34)
[2025-11-24 13:03:21]   [emp_id: 5327] SKIPPED: Already updated today (2025-11-24 03:10:34)
[2025-11-24 13:03:21]   [emp_id: 5328] SKIPPED: Already updated today (2025-11-24 03:10:34)
[2025-11-24 13:03:21]   [emp_id: 5329] SKIPPED: Already updated today (2025-11-24 03:10:34)
[2025-11-24 13:03:21]   [emp_id: 5331] SKIPPED: Already updated today (2025-11-24 03:10:34)
[2025-11-24 13:03:21]   [emp_id: 5337] SKIPPED: Already updated today (2025-11-24 03:10:34)
[2025-11-24 13:03:21]   [emp_id: 5339] SKIPPED: Already updated today (2025-11-24 03:10:34)
[2025-11-24 13:03:21]   [emp_id: 5343] SKIPPED: Already updated today (2025-11-24 03:10:34)
[2025-11-24 13:03:21]   [emp_id: 5343] SKIPPED: Already updated today (2025-11-24 03:10:34)
[2025-11-24 13:03:21]   [emp_id: 5345] SKIPPED: Already updated today (2025-11-24 03:10:34)
[2025-11-24 13:03:21]   [emp_id: 5346] SKIPPED: Already updated today (2025-11-24 03:10:34)
[2025-11-24 13:03:21]   [emp_id: 5351] SKIPPED: Already updated today (2025-11-24 03:10:34)
[2025-11-24 13:03:21]   [emp_id: 5352] SKIPPED: Already updated today (2025-11-24 03:10:34)
[2025-11-24 13:03:21]   [emp_id: 5370] SKIPPED: Already updated today (2025-11-24 03:10:34)
[2025-11-24 13:03:21]   [emp_id: 5371] SKIPPED: Already updated today (2025-11-24 03:10:34)
[2025-11-24 13:03:21]   [emp_id: 5376] SKIPPED: Already updated today (2025-11-24 03:10:34)
[2025-11-24 13:03:21]   [emp_id: 5378] SKIPPED: Already updated today (2025-11-24 03:10:34)
[2025-11-24 13:03:21]   [emp_id: 5380] SKIPPED: Already updated today (2025-11-24 03:10:34)
[2025-11-24 13:03:21]   [emp_id: 5381] SKIPPED: Already updated today (2025-11-24 03:10:34)
[2025-11-24 13:03:21]   [emp_id: 5383] SKIPPED: Already updated today (2025-11-24 03:10:34)
[2025-11-24 13:03:21]   [emp_id: 5388] SKIPPED: Already updated today (2025-11-24 03:10:34)
[2025-11-24 13:03:21]   [emp_id: 5392] SKIPPED: Already updated today (2025-11-24 03:10:34)
[2025-11-24 13:03:21]   [emp_id: 5396] SKIPPED: Already updated today (2025-11-24 03:10:34)
[2025-11-24 13:03:21]   [emp_id: 5397] SKIPPED: Already updated today (2025-11-24 03:10:34)
[2025-11-24 13:03:21]   [emp_id: 5401] SKIPPED: Already updated today (2025-11-24 03:10:34)
[2025-11-24 13:03:21]   [emp_id: 5402] SKIPPED: Already updated today (2025-11-24 03:10:34)
[2025-11-24 13:03:21]   [emp_id: 5406] SKIPPED: Already updated today (2025-11-24 03:10:34)
[2025-11-24 13:03:21]   [emp_id: 5407] SKIPPED: Already updated today (2025-11-24 03:10:34)
[2025-11-24 13:03:21]   [emp_id: 5408] SKIPPED: Already updated today (2025-11-24 03:10:34)
[2025-11-24 13:03:21]   [emp_id: 5409] SKIPPED: Already updated today (2025-11-24 03:10:34)
[2025-11-24 13:03:21]   [emp_id: 5413] SKIPPED: Already updated today (2025-11-24 03:10:34)
[2025-11-24 13:03:21]   [emp_id: 5414] SKIPPED: Already updated today (2025-11-24 03:10:34)
[2025-11-24 13:03:21]   [emp_id: 5415] SKIPPED: Already updated today (2025-11-24 03:10:34)
[2025-11-24 13:03:21]   [emp_id: 5418] SKIPPED: Already updated today (2025-11-24 03:10:34)
[2025-11-24 13:03:21]   [emp_id: 5422] SKIPPED: Already updated today (2025-11-24 03:10:34)
[2025-11-24 13:03:21]   [emp_id: 5423] SKIPPED: Already updated today (2025-11-24 03:10:34)
[2025-11-24 13:03:21]   [emp_id: 5423] SKIPPED: Already updated today (2025-11-24 03:10:34)
[2025-11-24 13:03:21]   [emp_id: 5423] SKIPPED: Already updated today (2025-11-24 03:10:34)
[2025-11-24 13:03:21]   [emp_id: 5424] SKIPPED: Already updated today (2025-11-24 03:10:34)
[2025-11-24 13:03:21]   [emp_id: 5425] SKIPPED: Already updated today (2025-11-24 03:10:34)
[2025-11-24 13:03:21]   [emp_id: 5426] SKIPPED: Already updated today (2025-11-24 03:10:34)
[2025-11-24 13:03:21]   [emp_id: 5426] SKIPPED: Already updated today (2025-11-24 03:10:34)
[2025-11-24 13:03:21]   [emp_id: 5427] SKIPPED: Already updated today (2025-11-24 03:10:34)
[2025-11-24 13:03:21]   [emp_id: 5428] SKIPPED: Already updated today (2025-11-24 03:10:34)
[2025-11-24 13:03:21]   [emp_id: 5430] SKIPPED: Already updated today (2025-11-24 03:10:34)
[2025-11-24 13:03:21]   [emp_id: 5431] SKIPPED: Already updated today (2025-11-24 03:10:34)
[2025-11-24 13:03:21]   [emp_id: 5434] SKIPPED: Already updated today (2025-11-24 03:10:34)
[2025-11-24 13:03:21]   [emp_id: 5435] SKIPPED: Already updated today (2025-11-24 03:10:35)
[2025-11-24 13:03:21]   [emp_id: 5436] SKIPPED: Already updated today (2025-11-24 03:10:35)
[2025-11-24 13:03:21]   [emp_id: 5438] SKIPPED: Already updated today (2025-11-24 03:10:35)
[2025-11-24 13:03:21]   [emp_id: 5439] SKIPPED: Already updated today (2025-11-24 03:10:35)
[2025-11-24 13:03:21]   [emp_id: 5442] SKIPPED: Already updated today (2025-11-24 03:10:35)
[2025-11-24 13:03:21]   [emp_id: 5443] SKIPPED: Already updated today (2025-11-24 03:10:35)
[2025-11-24 13:03:21]   [emp_id: 5445] SKIPPED: Already updated today (2025-11-24 03:10:35)
[2025-11-24 13:03:21]   [emp_id: 5446] SKIPPED: Already updated today (2025-11-24 03:10:35)
[2025-11-24 13:03:21]   [emp_id: 5447] SKIPPED: Already updated today (2025-11-24 03:10:35)
[2025-11-24 13:03:21]   [emp_id: 5448] SKIPPED: Already updated today (2025-11-24 03:10:35)
[2025-11-24 13:03:21]   [emp_id: 5449] SKIPPED: Already updated today (2025-11-24 03:10:35)
[2025-11-24 13:03:21]   [emp_id: 5450] SKIPPED: Already updated today (2025-11-24 03:10:35)
[2025-11-24 13:03:21]   [emp_id: 5451] SKIPPED: Already updated today (2025-11-24 03:10:35)
[2025-11-24 13:03:21]   [emp_id: 5454] SKIPPED: Already updated today (2025-11-24 03:10:35)
[2025-11-24 13:03:21]   [emp_id: 5455] SKIPPED: Already updated today (2025-11-24 03:10:35)
[2025-11-24 13:03:21]   [emp_id: 5456] SKIPPED: Already updated today (2025-11-24 03:10:35)
[2025-11-24 13:03:21] 
[2025-11-24 13:03:21] ========== SUMMARY ==========
[2025-11-24 13:03:21] Total employees processed: 451
[2025-11-24 13:03:21] Records updated: 0
[2025-11-24 13:03:21] Balances changed: 0
[2025-11-24 13:03:21] Errors: 0
[2025-11-24 13:03:21] ========== CRON: Vacation Balance Update Completed ==========
[2025-11-24 13:03:21] 
