[2026-02-01 00:30:01] ========== CRON: Vacation Balance Update Started ==========
[2026-02-01 00:30:01] Database connection established
[2026-02-01 00:30:01] Found 422 active employees with balance records to update
[2026-02-01 00:30:01] (Only employees with status=1 will be processed)
[2026-02-01 00:30:01]   [emp_id: 1061] ✓ Refreshed: 1.92 (unchanged value, timestamp updated)
[2026-02-01 00:30:01]   [emp_id: 1496] ✓ Refreshed: 18.77 (unchanged value, timestamp updated)
[2026-02-01 00:30:01]   [emp_id: 1500] ✓ Refreshed: 6.45 (unchanged value, timestamp updated)
[2026-02-01 00:30:01]   [emp_id: 1673] ✓ Refreshed: 47.18 (unchanged value, timestamp updated)
[2026-02-01 00:30:01]   [emp_id: 1685] ✓ Refreshed: 17.1 (unchanged value, timestamp updated)
[2026-02-01 00:30:01]   [emp_id: 1764] ✓ Refreshed: 71.77 (unchanged value, timestamp updated)
[2026-02-01 00:30:01]   [emp_id: 1805] ✓ Refreshed: 66.1 (unchanged value, timestamp updated)
[2026-02-01 00:30:01]   [emp_id: 1822] ✓ Refreshed: 70.85 (unchanged value, timestamp updated)
[2026-02-01 00:30:01]   [emp_id: 1837] ✓ Refreshed: 27.02 (unchanged value, timestamp updated)
[2026-02-01 00:30:01]   [emp_id: 1857] ✓ Refreshed: 22.35 (unchanged value, timestamp updated)
[2026-02-01 00:30:01]   [emp_id: 1861] ✓ Refreshed: 73.18 (unchanged value, timestamp updated)
[2026-02-01 00:30:01]   [emp_id: 1872] ✓ Refreshed: 12.02 (unchanged value, timestamp updated)
[2026-02-01 00:30:01]   [emp_id: 1897] ✓ Refreshed: 7.35 (unchanged value, timestamp updated)
[2026-02-01 00:30:02]   [emp_id: 1916] ✓ Refreshed: 13.65 (unchanged value, timestamp updated)
[2026-02-01 00:30:02]   [emp_id: 1928] ✓ Refreshed: 66.6 (unchanged value, timestamp updated)
[2026-02-01 00:30:02]   [emp_id: 1931] ✓ Refreshed: 86.52 (unchanged value, timestamp updated)
[2026-02-01 00:30:02]   [emp_id: 1944] ✓ Refreshed: 44.68 (unchanged value, timestamp updated)
[2026-02-01 00:30:02]   [emp_id: 1996] ✓ Refreshed: 1.18 (unchanged value, timestamp updated)
[2026-02-01 00:30:02]   [emp_id: 1997] ✓ Refreshed: 38.35 (unchanged value, timestamp updated)
[2026-02-01 00:30:02]   [emp_id: 1998] ✓ Refreshed: 29.79 (unchanged value, timestamp updated)
[2026-02-01 00:30:02]   [emp_id: 1999] ✓ Refreshed: 30.79 (unchanged value, timestamp updated)
[2026-02-01 00:30:02]   [emp_id: 2009] ✓ Refreshed: 37.1 (unchanged value, timestamp updated)
[2026-02-01 00:30:02]   [emp_id: 2048] ✓ Refreshed: 26.93 (unchanged value, timestamp updated)
[2026-02-01 00:30:02]   [emp_id: 2057] ✓ Refreshed: 67.77 (unchanged value, timestamp updated)
[2026-02-01 00:30:02]   [emp_id: 2079] ✓ Refreshed: 50.1 (unchanged value, timestamp updated)
[2026-02-01 00:30:02]   [emp_id: 2181] ✓ Refreshed: 39.1 (unchanged value, timestamp updated)
[2026-02-01 00:30:02]   [emp_id: 2190] ✓ Refreshed: 8.43 (unchanged value, timestamp updated)
[2026-02-01 00:30:02]   [emp_id: 2212] ✓ Refreshed: 26.43 (unchanged value, timestamp updated)
[2026-02-01 00:30:02]   [emp_id: 2226] ✓ Refreshed: 71.18 (unchanged value, timestamp updated)
[2026-02-01 00:30:02]   [emp_id: 2238] ✓ Refreshed: 69.43 (unchanged value, timestamp updated)
[2026-02-01 00:30:02]   [emp_id: 2285] ✓ Refreshed: 38.1 (unchanged value, timestamp updated)
[2026-02-01 00:30:02]   [emp_id: 2287] ✓ Refreshed: 49.77 (unchanged value, timestamp updated)
[2026-02-01 00:30:02]   [emp_id: 2288] ✓ Refreshed: 4.79 (unchanged value, timestamp updated)
[2026-02-01 00:30:02]   [emp_id: 2316] ✓ Refreshed: 18.6 (unchanged value, timestamp updated)
[2026-02-01 00:30:02]   [emp_id: 2337] ✓ Refreshed: 39.68 (unchanged value, timestamp updated)
[2026-02-01 00:30:02]   [emp_id: 2352] ✓ Refreshed: 71.18 (unchanged value, timestamp updated)
[2026-02-01 00:30:02]   [emp_id: 2358] ✓ Refreshed: 7.68 (unchanged value, timestamp updated)
[2026-02-01 00:30:02]   [emp_id: 2361] ✓ Refreshed: 73.35 (unchanged value, timestamp updated)
[2026-02-01 00:30:02]   [emp_id: 2363] ✓ Refreshed: 75.93 (unchanged value, timestamp updated)
[2026-02-01 00:30:02]   [emp_id: 2364] ✓ Refreshed: 75.35 (unchanged value, timestamp updated)
[2026-02-01 00:30:02]   [emp_id: 2367] ✓ Refreshed: 103.02 (unchanged value, timestamp updated)
[2026-02-01 00:30:02]   [emp_id: 2368] ✓ Refreshed: 33.43 (unchanged value, timestamp updated)
[2026-02-01 00:30:02]   [emp_id: 2372] ✓ Refreshed: 70.68 (unchanged value, timestamp updated)
[2026-02-01 00:30:02]   [emp_id: 2376] ✓ Refreshed: 120.68 (unchanged value, timestamp updated)
[2026-02-01 00:30:02]   [emp_id: 2423] ✓ Refreshed: 21.43 (unchanged value, timestamp updated)
[2026-02-01 00:30:02]   [emp_id: 2519] ✓ Refreshed: 115.1 (unchanged value, timestamp updated)
[2026-02-01 00:30:02]   [emp_id: 2522] ✓ Refreshed: 58.68 (unchanged value, timestamp updated)
[2026-02-01 00:30:02]   [emp_id: 2530] ✓ Refreshed: 53.93 (unchanged value, timestamp updated)
[2026-02-01 00:30:02]   [emp_id: 2539] ✓ Refreshed: 50.68 (unchanged value, timestamp updated)
[2026-02-01 00:30:02]   [emp_id: 2541] ✓ Refreshed: 31.27 (unchanged value, timestamp updated)
[2026-02-01 00:30:02]   [emp_id: 2550] ✓ Refreshed: 97.43 (unchanged value, timestamp updated)
[2026-02-01 00:30:02]   [emp_id: 2553] ✓ Refreshed: 34.54 (unchanged value, timestamp updated)
[2026-02-01 00:30:02]   [emp_id: 2554] ✓ Refreshed: 41.02 (unchanged value, timestamp updated)
[2026-02-01 00:30:02]   [emp_id: 2565] ✓ Refreshed: 5.6 (unchanged value, timestamp updated)
[2026-02-01 00:30:02]   [emp_id: 2572] ✓ Refreshed: 45.6 (unchanged value, timestamp updated)
[2026-02-01 00:30:02]   [emp_id: 2637] ✓ Refreshed: 6.18 (unchanged value, timestamp updated)
[2026-02-01 00:30:02]   [emp_id: 2642] ✓ Refreshed: 78.93 (unchanged value, timestamp updated)
[2026-02-01 00:30:02]   [emp_id: 2645] ✓ Refreshed: 94.93 (unchanged value, timestamp updated)
[2026-02-01 00:30:02]   [emp_id: 2648] ✓ Refreshed: 46.6 (unchanged value, timestamp updated)
[2026-02-01 00:30:02]   [emp_id: 2654] ✓ Refreshed: 89.27 (unchanged value, timestamp updated)
[2026-02-01 00:30:02]   [emp_id: 2688] ✓ Refreshed: 27.35 (unchanged value, timestamp updated)
[2026-02-01 00:30:02]   [emp_id: 2690] ✓ Refreshed: 16.1 (unchanged value, timestamp updated)
[2026-02-01 00:30:02]   [emp_id: 2709] ✓ Refreshed: 38.35 (unchanged value, timestamp updated)
[2026-02-01 00:30:02]   [emp_id: 2745] ✓ Refreshed: 34.93 (unchanged value, timestamp updated)
[2026-02-01 00:30:02]   [emp_id: 2843] ✓ Refreshed: 81.52 (unchanged value, timestamp updated)
[2026-02-01 00:30:02]   [emp_id: 2854] ✓ Refreshed: 61.43 (unchanged value, timestamp updated)
[2026-02-01 00:30:02]   [emp_id: 2869] ✓ Refreshed: 5.35 (unchanged value, timestamp updated)
[2026-02-01 00:30:02]   [emp_id: 2876] ✓ Refreshed: 36.18 (unchanged value, timestamp updated)
[2026-02-01 00:30:02]   [emp_id: 2924] ✓ Refreshed: 17.35 (unchanged value, timestamp updated)
[2026-02-01 00:30:02]   [emp_id: 2953] ✓ Refreshed: 103.1 (unchanged value, timestamp updated)
[2026-02-01 00:30:02]   [emp_id: 2961] ✓ Refreshed: 13.1 (unchanged value, timestamp updated)
[2026-02-01 00:30:02]   [emp_id: 2975] ✓ Refreshed: 2.78 (unchanged value, timestamp updated)
[2026-02-01 00:30:02]   [emp_id: 3013] ✓ Refreshed: 12.1 (unchanged value, timestamp updated)
[2026-02-01 00:30:02]   [emp_id: 3014] ✓ Refreshed: 91.35 (unchanged value, timestamp updated)
[2026-02-01 00:30:02]   [emp_id: 3015] ✓ Refreshed: 2.6 (unchanged value, timestamp updated)
[2026-02-01 00:30:02]   [emp_id: 3018] ✓ Refreshed: 61.35 (unchanged value, timestamp updated)
[2026-02-01 00:30:02]   [emp_id: 3025] ✓ Refreshed: 25.12 (unchanged value, timestamp updated)
[2026-02-01 00:30:02]   [emp_id: 3037] ✓ Refreshed: 4.85 (unchanged value, timestamp updated)
[2026-02-01 00:30:02]   [emp_id: 3047] ✓ Refreshed: 73.1 (unchanged value, timestamp updated)
[2026-02-01 00:30:02]   [emp_id: 3061] ✓ Refreshed: 20.02 (unchanged value, timestamp updated)
[2026-02-01 00:30:02]   [emp_id: 3062] ✓ Refreshed: 53.18 (unchanged value, timestamp updated)
[2026-02-01 00:30:02]   [emp_id: 3074] ✓ Refreshed: 109.6 (unchanged value, timestamp updated)
[2026-02-01 00:30:02]   [emp_id: 3089] ✓ Refreshed: 8.52 (unchanged value, timestamp updated)
[2026-02-01 00:30:02]   [emp_id: 3090] ✓ Refreshed: 35.1 (unchanged value, timestamp updated)
[2026-02-01 00:30:02]   [emp_id: 3091] ✓ Refreshed: 47.1 (unchanged value, timestamp updated)
[2026-02-01 00:30:02]   [emp_id: 3092] ✓ Refreshed: 29.77 (unchanged value, timestamp updated)
[2026-02-01 00:30:02]   [emp_id: 3105] ✓ Refreshed: 50.1 (unchanged value, timestamp updated)
[2026-02-01 00:30:02]   [emp_id: 3134] ✓ Refreshed: 45.85 (unchanged value, timestamp updated)
[2026-02-01 00:30:03]   [emp_id: 3140] ✓ Refreshed: 42.93 (unchanged value, timestamp updated)
[2026-02-01 00:30:03]   [emp_id: 3144] ✓ Refreshed: 15.77 (unchanged value, timestamp updated)
[2026-02-01 00:30:03]   [emp_id: 3156] ✓ Refreshed: 19.1 (unchanged value, timestamp updated)
[2026-02-01 00:30:03]   [emp_id: 3162] ✓ Refreshed: 4.08 (unchanged value, timestamp updated)
[2026-02-01 00:30:03]   [emp_id: 3163] ✓ Refreshed: 7.35 (unchanged value, timestamp updated)
[2026-02-01 00:30:03]   [emp_id: 3198] ✓ Refreshed: 42.35 (unchanged value, timestamp updated)
[2026-02-01 00:30:03]   [emp_id: 3205] ✓ Refreshed: 19.02 (unchanged value, timestamp updated)
[2026-02-01 00:30:03]   [emp_id: 3209] ✓ Refreshed: 43.18 (unchanged value, timestamp updated)
[2026-02-01 00:30:03]   [emp_id: 3223] ✓ Refreshed: 92.1 (unchanged value, timestamp updated)
[2026-02-01 00:30:03]   [emp_id: 3224] ✓ Refreshed: 66.85 (unchanged value, timestamp updated)
[2026-02-01 00:30:03]   [emp_id: 3230] ✓ Refreshed: 90.27 (unchanged value, timestamp updated)
[2026-02-01 00:30:03]   [emp_id: 3231] ✓ Refreshed: 2.64 (unchanged value, timestamp updated)
[2026-02-01 00:30:03]   [emp_id: 3233] ✓ Refreshed: 79.1 (unchanged value, timestamp updated)
[2026-02-01 00:30:03]   [emp_id: 3249] ✓ Refreshed: 38.93 (unchanged value, timestamp updated)
[2026-02-01 00:30:03]   [emp_id: 3250] ✓ Refreshed: 11.93 (unchanged value, timestamp updated)
[2026-02-01 00:30:03]   [emp_id: 3252] ✓ Refreshed: 12.85 (unchanged value, timestamp updated)
[2026-02-01 00:30:03]   [emp_id: 3254] ✓ Refreshed: 23.35 (unchanged value, timestamp updated)
[2026-02-01 00:30:03]   [emp_id: 3255] ✓ Refreshed: 19.77 (unchanged value, timestamp updated)
[2026-02-01 00:30:03]   [emp_id: 3256] ✓ Refreshed: 16.02 (unchanged value, timestamp updated)
[2026-02-01 00:30:03]   [emp_id: 3263] ✓ Refreshed: 32.1 (unchanged value, timestamp updated)
[2026-02-01 00:30:03]   [emp_id: 3265] ✓ Refreshed: 27.68 (unchanged value, timestamp updated)
[2026-02-01 00:30:03]   [emp_id: 3280] ✓ Refreshed: 15.6 (unchanged value, timestamp updated)
[2026-02-01 00:30:03]   [emp_id: 3286] ✓ Refreshed: 17.77 (unchanged value, timestamp updated)
[2026-02-01 00:30:03]   [emp_id: 3294] ✓ Refreshed: 15.43 (unchanged value, timestamp updated)
[2026-02-01 00:30:03]   [emp_id: 3321] ✓ Refreshed: 74.6 (unchanged value, timestamp updated)
[2026-02-01 00:30:03]   [emp_id: 3325] ✓ Refreshed: 62.35 (unchanged value, timestamp updated)
[2026-02-01 00:30:03]   [emp_id: 3329] ✓ Refreshed: 64.68 (unchanged value, timestamp updated)
[2026-02-01 00:30:03]   [emp_id: 3330] ✓ Refreshed: 64.68 (unchanged value, timestamp updated)
[2026-02-01 00:30:03]   [emp_id: 3332] ✓ Refreshed: 64.68 (unchanged value, timestamp updated)
[2026-02-01 00:30:03]   [emp_id: 3384] ✓ Refreshed: 16.85 (unchanged value, timestamp updated)
[2026-02-01 00:30:03]   [emp_id: 3386] ✓ Refreshed: 46.85 (unchanged value, timestamp updated)
[2026-02-01 00:30:03]   [emp_id: 3431] ✓ Refreshed: 21.27 (unchanged value, timestamp updated)
[2026-02-01 00:30:03]   [emp_id: 3497] ✓ Refreshed: 11.43 (unchanged value, timestamp updated)
[2026-02-01 00:30:03]   [emp_id: 3532] ✓ Refreshed: 2.27 (unchanged value, timestamp updated)
[2026-02-01 00:30:03]   [emp_id: 3602] ✓ Refreshed: 3.84 (unchanged value, timestamp updated)
[2026-02-01 00:30:03]   [emp_id: 3618] ✓ Refreshed: 25.82 (unchanged value, timestamp updated)
[2026-02-01 00:30:03]   [emp_id: 3622] ✓ Refreshed: 36.21 (unchanged value, timestamp updated)
[2026-02-01 00:30:03]   [emp_id: 3627] ✓ Refreshed: 11.77 (unchanged value, timestamp updated)
[2026-02-01 00:30:03]   [emp_id: 3665] ✓ Refreshed: 53.35 (unchanged value, timestamp updated)
[2026-02-01 00:30:03]   [emp_id: 3705] ✓ Refreshed: 29.54 (unchanged value, timestamp updated)
[2026-02-01 00:30:03]   [emp_id: 3724] ✓ Refreshed: 46.35 (unchanged value, timestamp updated)
[2026-02-01 00:30:03]   [emp_id: 3726] ✓ Refreshed: 62.77 (unchanged value, timestamp updated)
[2026-02-01 00:30:03]   [emp_id: 3727] ✓ Refreshed: 67.85 (unchanged value, timestamp updated)
[2026-02-01 00:30:03]   [emp_id: 3728] ✓ Refreshed: 12.18 (unchanged value, timestamp updated)
[2026-02-01 00:30:03]   [emp_id: 3767] ✓ Refreshed: 2.93 (unchanged value, timestamp updated)
[2026-02-01 00:30:03]   [emp_id: 3768] ✓ Refreshed: 59.18 (unchanged value, timestamp updated)
[2026-02-01 00:30:03]   [emp_id: 3787] ✓ Refreshed: 59.77 (unchanged value, timestamp updated)
[2026-02-01 00:30:03]   [emp_id: 3790] ✓ Refreshed: 4.32 (unchanged value, timestamp updated)
[2026-02-01 00:30:03]   [emp_id: 3795] ✓ Refreshed: 17.27 (unchanged value, timestamp updated)
[2026-02-01 00:30:03]   [emp_id: 3798] ✓ Refreshed: 95.68 (unchanged value, timestamp updated)
[2026-02-01 00:30:03]   [emp_id: 3801] ✓ Refreshed: 3.95 (unchanged value, timestamp updated)
[2026-02-01 00:30:03]   [emp_id: 3802] ✓ Refreshed: 32.93 (unchanged value, timestamp updated)
[2026-02-01 00:30:03]   [emp_id: 3803] ✓ Refreshed: 27.35 (unchanged value, timestamp updated)
[2026-02-01 00:30:03]   [emp_id: 3810] ✓ Refreshed: 63.35 (unchanged value, timestamp updated)
[2026-02-01 00:30:03]   [emp_id: 3812] ✓ Refreshed: 92.35 (unchanged value, timestamp updated)
[2026-02-01 00:30:03]   [emp_id: 3815] ✓ Refreshed: 92.35 (unchanged value, timestamp updated)
[2026-02-01 00:30:03]   [emp_id: 3836] ✓ Refreshed: 60.02 (unchanged value, timestamp updated)
[2026-02-01 00:30:03]   [emp_id: 3855] ✓ Refreshed: 53.18 (unchanged value, timestamp updated)
[2026-02-01 00:30:03]   [emp_id: 3857] ✓ Refreshed: 56.85 (unchanged value, timestamp updated)
[2026-02-01 00:30:03]   [emp_id: 3862] ✓ Refreshed: 104.93 (unchanged value, timestamp updated)
[2026-02-01 00:30:03]   [emp_id: 3866] ✓ Refreshed: 30.18 (unchanged value, timestamp updated)
[2026-02-01 00:30:03]   [emp_id: 3876] ✓ Refreshed: 26.35 (unchanged value, timestamp updated)
[2026-02-01 00:30:03]   [emp_id: 3877] ✓ Refreshed: 51.85 (unchanged value, timestamp updated)
[2026-02-01 00:30:03]   [emp_id: 3897] ✓ Refreshed: 1.1 (unchanged value, timestamp updated)
[2026-02-01 00:30:03]   [emp_id: 3899] ✓ Refreshed: 1.92 (unchanged value, timestamp updated)
[2026-02-01 00:30:03]   [emp_id: 3928] ✓ Refreshed: 16.18 (unchanged value, timestamp updated)
[2026-02-01 00:30:03]   [emp_id: 3929] ✓ Refreshed: 11.18 (unchanged value, timestamp updated)
[2026-02-01 00:30:03]   [emp_id: 3935] ✓ Refreshed: 96.18 (unchanged value, timestamp updated)
[2026-02-01 00:30:03]   [emp_id: 3952] ✓ Refreshed: 77.52 (unchanged value, timestamp updated)
[2026-02-01 00:30:03]   [emp_id: 3987] ✓ Refreshed: 16.43 (unchanged value, timestamp updated)
[2026-02-01 00:30:03]   [emp_id: 4059] ✓ Refreshed: 5.63 (unchanged value, timestamp updated)
[2026-02-01 00:30:03]   [emp_id: 4119] ✓ Refreshed: 59.1 (unchanged value, timestamp updated)
[2026-02-01 00:30:03]   [emp_id: 4120] ✓ Refreshed: 28.68 (unchanged value, timestamp updated)
[2026-02-01 00:30:03]   [emp_id: 4124] ✓ Refreshed: 29.2 (unchanged value, timestamp updated)
[2026-02-01 00:30:03]   [emp_id: 4133] ✓ Refreshed: 107.68 (unchanged value, timestamp updated)
[2026-02-01 00:30:03]   [emp_id: 4134] ✓ Refreshed: 28.68 (unchanged value, timestamp updated)
[2026-02-01 00:30:03]   [emp_id: 4136] ✓ Refreshed: 28.68 (unchanged value, timestamp updated)
[2026-02-01 00:30:03]   [emp_id: 4150] ✓ Refreshed: 27.35 (unchanged value, timestamp updated)
[2026-02-01 00:30:03]   [emp_id: 4157] ✓ Refreshed: 20.85 (unchanged value, timestamp updated)
[2026-02-01 00:30:03]   [emp_id: 4172] ✓ Refreshed: 14.12 (unchanged value, timestamp updated)
[2026-02-01 00:30:03]   [emp_id: 4195] ✓ Refreshed: 64.43 (unchanged value, timestamp updated)
[2026-02-01 00:30:03]   [emp_id: 4215] ✓ Refreshed: 47.1 (unchanged value, timestamp updated)
[2026-02-01 00:30:03]   [emp_id: 4220] ✓ Refreshed: 42.68 (unchanged value, timestamp updated)
[2026-02-01 00:30:03]   [emp_id: 4273] ✓ Refreshed: 11.35 (unchanged value, timestamp updated)
[2026-02-01 00:30:03]   [emp_id: 4283] ✓ Refreshed: 15.21 (unchanged value, timestamp updated)
[2026-02-01 00:30:04]   [emp_id: 4288] ✓ Refreshed: 1.92 (unchanged value, timestamp updated)
[2026-02-01 00:30:04]   [emp_id: 4315] ✓ Refreshed: 14.6 (unchanged value, timestamp updated)
[2026-02-01 00:30:04]   [emp_id: 4328] ✓ Refreshed: 44.04 (unchanged value, timestamp updated)
[2026-02-01 00:30:04]   [emp_id: 4329] ✓ Refreshed: 7.77 (unchanged value, timestamp updated)
[2026-02-01 00:30:04]   [emp_id: 4338] ✓ Refreshed: 49.35 (unchanged value, timestamp updated)
[2026-02-01 00:30:04]   [emp_id: 4340] ✓ Refreshed: 111.35 (unchanged value, timestamp updated)
[2026-02-01 00:30:04]   [emp_id: 4365] ✓ Refreshed: 62.77 (unchanged value, timestamp updated)
[2026-02-01 00:30:04]   [emp_id: 4366] ✓ Refreshed: 61.85 (unchanged value, timestamp updated)
[2026-02-01 00:30:04]   [emp_id: 4403] ✓ Refreshed: 87.68 (unchanged value, timestamp updated)
[2026-02-01 00:30:04]   [emp_id: 4438] ✓ Refreshed: 23.35 (unchanged value, timestamp updated)
[2026-02-01 00:30:04]   [emp_id: 4473] ✓ Refreshed: 46.93 (unchanged value, timestamp updated)
[2026-02-01 00:30:04]   [emp_id: 4474] ✓ Refreshed: 4.88 (unchanged value, timestamp updated)
[2026-02-01 00:30:04]   [emp_id: 4493] ✓ Refreshed: 165.77 (unchanged value, timestamp updated)
[2026-02-01 00:30:04]   [emp_id: 4526] ✓ Refreshed: 38.02 (unchanged value, timestamp updated)
[2026-02-01 00:30:04]   [emp_id: 4528] ✓ Refreshed: 109.77 (unchanged value, timestamp updated)
[2026-02-01 00:30:04]   [emp_id: 4528] ✓ Refreshed: 109.77 (unchanged value, timestamp updated)
[2026-02-01 00:30:04]   [emp_id: 4532] ✓ Refreshed: 0.36 (unchanged value, timestamp updated)
[2026-02-01 00:30:04]   [emp_id: 4533] ✓ Refreshed: 38.18 (unchanged value, timestamp updated)
[2026-02-01 00:30:04]   [emp_id: 4565] ✓ Refreshed: 16.87 (unchanged value, timestamp updated)
[2026-02-01 00:30:04]   [emp_id: 4567] ✓ Refreshed: 21.12 (unchanged value, timestamp updated)
[2026-02-01 00:30:04]   [emp_id: 4572] ✓ Refreshed: 60.62 (unchanged value, timestamp updated)
[2026-02-01 00:30:04]   [emp_id: 4631] ✓ Refreshed: 16.87 (unchanged value, timestamp updated)
[2026-02-01 00:30:04]   [emp_id: 4655] ✓ Refreshed: 27.1 (unchanged value, timestamp updated)
[2026-02-01 00:30:04]   [emp_id: 4709] ✓ Refreshed: 42.35 (unchanged value, timestamp updated)
[2026-02-01 00:30:04]   [emp_id: 4717] ✓ Refreshed: 68.35 (unchanged value, timestamp updated)
[2026-02-01 00:30:04]   [emp_id: 4736] ✓ Refreshed: 30.18 (unchanged value, timestamp updated)
[2026-02-01 00:30:04]   [emp_id: 4756] ✓ Refreshed: 13.31 (unchanged value, timestamp updated)
[2026-02-01 00:30:04]   [emp_id: 4768] ✓ Refreshed: 15.85 (unchanged value, timestamp updated)
[2026-02-01 00:30:04]   [emp_id: 4780] ✓ Refreshed: 67.04 (unchanged value, timestamp updated)
[2026-02-01 00:30:04]   [emp_id: 4820] ✓ Refreshed: 101.18 (unchanged value, timestamp updated)
[2026-02-01 00:30:04]   [emp_id: 4824] ✓ Refreshed: 4.36 (unchanged value, timestamp updated)
[2026-02-01 00:30:04]   [emp_id: 4825] ✓ Refreshed: 32.93 (unchanged value, timestamp updated)
[2026-02-01 00:30:04]   [emp_id: 4837] ✓ Refreshed: 47.03 (unchanged value, timestamp updated)
[2026-02-01 00:30:04]   [emp_id: 4840] ✓ Refreshed: 47.03 (unchanged value, timestamp updated)
[2026-02-01 00:30:04]   [emp_id: 4842] ✓ Refreshed: 46.27 (unchanged value, timestamp updated)
[2026-02-01 00:30:04]   [emp_id: 4843] ✓ Refreshed: 46.8 (unchanged value, timestamp updated)
[2026-02-01 00:30:04]   [emp_id: 4856] ✓ Refreshed: 43.94 (unchanged value, timestamp updated)
[2026-02-01 00:30:04]   [emp_id: 4857] ✓ Refreshed: 26.76 (unchanged value, timestamp updated)
[2026-02-01 00:30:04]   [emp_id: 4858] ✓ Refreshed: 23.64 (unchanged value, timestamp updated)
[2026-02-01 00:30:04]   [emp_id: 4859] ✓ Refreshed: 45.11 (unchanged value, timestamp updated)
[2026-02-01 00:30:04]   [emp_id: 4860] ✓ Refreshed: 9.61 (unchanged value, timestamp updated)
[2026-02-01 00:30:04]   [emp_id: 4861] ✓ Refreshed: 43.07 (unchanged value, timestamp updated)
[2026-02-01 00:30:04]   [emp_id: 4869] ✓ Refreshed: 85.95 (unchanged value, timestamp updated)
[2026-02-01 00:30:04]   [emp_id: 4894] ✓ Refreshed: 9.85 (unchanged value, timestamp updated)
[2026-02-01 00:30:04]   [emp_id: 4897] ✓ Refreshed: 24.85 (unchanged value, timestamp updated)
[2026-02-01 00:30:04]   [emp_id: 4899] ✓ Refreshed: 21.02 (unchanged value, timestamp updated)
[2026-02-01 00:30:04]   [emp_id: 4902] ✓ Refreshed: 20.44 (unchanged value, timestamp updated)
[2026-02-01 00:30:04]   [emp_id: 4903] ✓ Refreshed: 22.66 (unchanged value, timestamp updated)
[2026-02-01 00:30:04]   [emp_id: 4905] ✓ Refreshed: 21.32 (unchanged value, timestamp updated)
[2026-02-01 00:30:04]   [emp_id: 4907] ✓ Refreshed: 49.93 (unchanged value, timestamp updated)
[2026-02-01 00:30:04]   [emp_id: 4917] ✓ Refreshed: 18.28 (unchanged value, timestamp updated)
[2026-02-01 00:30:04]   [emp_id: 4918] ✓ Refreshed: 8.05 (unchanged value, timestamp updated)
[2026-02-01 00:30:04]   [emp_id: 4919] ✓ Refreshed: 60.34 (unchanged value, timestamp updated)
[2026-02-01 00:30:04]   [emp_id: 4920] ✓ Refreshed: 7.42 (unchanged value, timestamp updated)
[2026-02-01 00:30:04]   [emp_id: 4921] ✓ Refreshed: 19.51 (unchanged value, timestamp updated)
[2026-02-01 00:30:04]   [emp_id: 4927] ✓ Refreshed: 18.34 (unchanged value, timestamp updated)
[2026-02-01 00:30:04]   [emp_id: 4929] ✓ Refreshed: 19.86 (unchanged value, timestamp updated)
[2026-02-01 00:30:04]   [emp_id: 4930] ✓ Refreshed: 60.63 (unchanged value, timestamp updated)
[2026-02-01 00:30:04]   [emp_id: 4932] ✓ Refreshed: 18.63 (unchanged value, timestamp updated)
[2026-02-01 00:30:04]   [emp_id: 4933] ✓ Refreshed: 22.04 (unchanged value, timestamp updated)
[2026-02-01 00:30:04]   [emp_id: 4949] ✓ Refreshed: 25.47 (unchanged value, timestamp updated)
[2026-02-01 00:30:04]   [emp_id: 4956] ✓ Refreshed: 31.06 (unchanged value, timestamp updated)
[2026-02-01 00:30:04]   [emp_id: 4957] ✓ Refreshed: 26.73 (unchanged value, timestamp updated)
[2026-02-01 00:30:04]   [emp_id: 4962] ✓ Refreshed: 49.29 (unchanged value, timestamp updated)
[2026-02-01 00:30:04]   [emp_id: 4969] ✓ Refreshed: 48.6 (unchanged value, timestamp updated)
[2026-02-01 00:30:04]   [emp_id: 4976] ✓ Refreshed: 11.75 (unchanged value, timestamp updated)
[2026-02-01 00:30:04]   [emp_id: 4984] ✓ Refreshed: 39.85 (unchanged value, timestamp updated)
[2026-02-01 00:30:04]   [emp_id: 4995] ✓ Refreshed: 51.92 (unchanged value, timestamp updated)
[2026-02-01 00:30:04]   [emp_id: 5004] ✓ Refreshed: 28.69 (unchanged value, timestamp updated)
[2026-02-01 00:30:04]   [emp_id: 5006] ✓ Refreshed: 28.43 (unchanged value, timestamp updated)
[2026-02-01 00:30:04]   [emp_id: 5011] ✓ Refreshed: 7.7 (unchanged value, timestamp updated)
[2026-02-01 00:30:04]   [emp_id: 5013] ✓ Refreshed: 68.8 (unchanged value, timestamp updated)
[2026-02-01 00:30:04]   [emp_id: 5018] ✓ Refreshed: 5.29 (unchanged value, timestamp updated)
[2026-02-01 00:30:04]   [emp_id: 5021] ✓ Refreshed: 62.95 (unchanged value, timestamp updated)
[2026-02-01 00:30:04]   [emp_id: 5024] ✓ Refreshed: 3.31 (unchanged value, timestamp updated)
[2026-02-01 00:30:04]   [emp_id: 5030] ✓ Refreshed: 33.26 (unchanged value, timestamp updated)
[2026-02-01 00:30:04]   [emp_id: 5033] ✓ Refreshed: 12.06 (unchanged value, timestamp updated)
[2026-02-01 00:30:04]   [emp_id: 5043] ✓ Refreshed: 32.52 (unchanged value, timestamp updated)
[2026-02-01 00:30:04]   [emp_id: 5045] ✓ Refreshed: 29.02 (unchanged value, timestamp updated)
[2026-02-01 00:30:05]   [emp_id: 5046] ✓ Refreshed: 24.21 (unchanged value, timestamp updated)
[2026-02-01 00:30:05]   [emp_id: 5049] ✓ Refreshed: 0.24 (unchanged value, timestamp updated)
[2026-02-01 00:30:05]   [emp_id: 5055] ✓ Refreshed: 20.46 (unchanged value, timestamp updated)
[2026-02-01 00:30:05]   [emp_id: 5058] ✓ Refreshed: 29.44 (unchanged value, timestamp updated)
[2026-02-01 00:30:05]   [emp_id: 5062] ✓ Refreshed: 41.27 (unchanged value, timestamp updated)
[2026-02-01 00:30:05]   [emp_id: 5064] ✓ Refreshed: 119.85 (unchanged value, timestamp updated)
[2026-02-01 00:30:05]   [emp_id: 5065] ✓ Refreshed: 40.68 (unchanged value, timestamp updated)
[2026-02-01 00:30:05]   [emp_id: 5071] ✓ Refreshed: 25.35 (unchanged value, timestamp updated)
[2026-02-01 00:30:05]   [emp_id: 5073] ✓ Refreshed: 15.28 (unchanged value, timestamp updated)
[2026-02-01 00:30:05]   [emp_id: 5079] ✓ Refreshed: 35.84 (unchanged value, timestamp updated)
[2026-02-01 00:30:05]   [emp_id: 5080] ✓ Refreshed: 29.17 (unchanged value, timestamp updated)
[2026-02-01 00:30:05]   [emp_id: 5081] ✓ Refreshed: 17.43 (unchanged value, timestamp updated)
[2026-02-01 00:30:05]   [emp_id: 5087] ✓ Refreshed: 37.47 (unchanged value, timestamp updated)
[2026-02-01 00:30:05]   [emp_id: 5091] ✓ Refreshed: 77.32 (unchanged value, timestamp updated)
[2026-02-01 00:30:05]   [emp_id: 5093] ✓ Refreshed: 16.52 (unchanged value, timestamp updated)
[2026-02-01 00:30:05]   [emp_id: 5095] ✓ Refreshed: 2.86 (unchanged value, timestamp updated)
[2026-02-01 00:30:05]   [emp_id: 5101] ✓ Refreshed: 18.6 (unchanged value, timestamp updated)
[2026-02-01 00:30:05]   [emp_id: 5107] ✓ Refreshed: 16.93 (unchanged value, timestamp updated)
[2026-02-01 00:30:05]   [emp_id: 5109] ✓ Refreshed: 14.18 (unchanged value, timestamp updated)
[2026-02-01 00:30:05]   [emp_id: 5119] ✓ Refreshed: 12.35 (unchanged value, timestamp updated)
[2026-02-01 00:30:05]   [emp_id: 5122] ✓ Refreshed: 9.52 (unchanged value, timestamp updated)
[2026-02-01 00:30:05]   [emp_id: 5126] ✓ Refreshed: 28.2 (unchanged value, timestamp updated)
[2026-02-01 00:30:05]   [emp_id: 5127] ✓ Refreshed: 24.99 (unchanged value, timestamp updated)
[2026-02-01 00:30:05]   [emp_id: 5128] ✓ Refreshed: 28.14 (unchanged value, timestamp updated)
[2026-02-01 00:30:05]   [emp_id: 5138] ✓ Refreshed: 52.18 (unchanged value, timestamp updated)
[2026-02-01 00:30:05]   [emp_id: 5138] ✓ Refreshed: 52.18 (unchanged value, timestamp updated)
[2026-02-01 00:30:05]   [emp_id: 5141] ✓ Refreshed: 36.51 (unchanged value, timestamp updated)
[2026-02-01 00:30:05]   [emp_id: 5142] ✓ Refreshed: 5.51 (unchanged value, timestamp updated)
[2026-02-01 00:30:05]   [emp_id: 5146] ✓ Refreshed: 22.51 (unchanged value, timestamp updated)
[2026-02-01 00:30:05]   [emp_id: 5147] ✓ Refreshed: 21.51 (unchanged value, timestamp updated)
[2026-02-01 00:30:05]   [emp_id: 5148] ✓ Refreshed: 26.86 (unchanged value, timestamp updated)
[2026-02-01 00:30:05]   [emp_id: 5149] ✓ Refreshed: 25.75 (unchanged value, timestamp updated)
[2026-02-01 00:30:05]   [emp_id: 5150] ✓ Refreshed: 25.11 (unchanged value, timestamp updated)
[2026-02-01 00:30:05]   [emp_id: 5151] ✓ Refreshed: 24.93 (unchanged value, timestamp updated)
[2026-02-01 00:30:05]   [emp_id: 5152] ✓ Refreshed: 5.35 (unchanged value, timestamp updated)
[2026-02-01 00:30:05]   [emp_id: 5157] ✓ Refreshed: 24.93 (unchanged value, timestamp updated)
[2026-02-01 00:30:05]   [emp_id: 5160] ✓ Refreshed: 24.93 (unchanged value, timestamp updated)
[2026-02-01 00:30:05]   [emp_id: 5163] ✓ Refreshed: 22.72 (unchanged value, timestamp updated)
[2026-02-01 00:30:05]   [emp_id: 5165] ✓ Refreshed: 3.62 (unchanged value, timestamp updated)
[2026-02-01 00:30:05]   [emp_id: 5167] ✓ Refreshed: 31.87 (unchanged value, timestamp updated)
[2026-02-01 00:30:05]   [emp_id: 5168] ✓ Refreshed: 24.41 (unchanged value, timestamp updated)
[2026-02-01 00:30:05]   [emp_id: 5173] ✓ Refreshed: 27.27 (unchanged value, timestamp updated)
[2026-02-01 00:30:05]   [emp_id: 5174] ✓ Refreshed: 24.87 (unchanged value, timestamp updated)
[2026-02-01 00:30:05]   [emp_id: 5181] ✓ Refreshed: 21.26 (unchanged value, timestamp updated)
[2026-02-01 00:30:05]   [emp_id: 5187] ✓ Refreshed: 37.79 (unchanged value, timestamp updated)
[2026-02-01 00:30:05]   [emp_id: 5204] ✓ Refreshed: 20.77 (unchanged value, timestamp updated)
[2026-02-01 00:30:05]   [emp_id: 5205] ✓ Refreshed: 14 (unchanged value, timestamp updated)
[2026-02-01 00:30:05]   [emp_id: 5209] ✓ Refreshed: 16 (unchanged value, timestamp updated)
[2026-02-01 00:30:05]   [emp_id: 5213] ✓ Refreshed: 4.41 (unchanged value, timestamp updated)
[2026-02-01 00:30:05]   [emp_id: 5214] ✓ Refreshed: 3.25 (unchanged value, timestamp updated)
[2026-02-01 00:30:05]   [emp_id: 5215] ✓ Refreshed: 12 (unchanged value, timestamp updated)
[2026-02-01 00:30:05]   [emp_id: 5217] ✓ Refreshed: 10 (unchanged value, timestamp updated)
[2026-02-01 00:30:05]   [emp_id: 5219] ✓ Refreshed: 15 (unchanged value, timestamp updated)
[2026-02-01 00:30:05]   [emp_id: 5221] ✓ Refreshed: 4.31 (unchanged value, timestamp updated)
[2026-02-01 00:30:05]   [emp_id: 5224] ✓ Refreshed: 16 (unchanged value, timestamp updated)
[2026-02-01 00:30:05]   [emp_id: 5229] ✓ Refreshed: 7 (unchanged value, timestamp updated)
[2026-02-01 00:30:05]   [emp_id: 5230] ✓ Refreshed: 11.67 (unchanged value, timestamp updated)
[2026-02-01 00:30:05]   [emp_id: 5231] ✓ Refreshed: 8 (unchanged value, timestamp updated)
[2026-02-01 00:30:05]   [emp_id: 5232] ✓ Refreshed: 2 (unchanged value, timestamp updated)
[2026-02-01 00:30:05]   [emp_id: 5233] ✓ Refreshed: 6 (unchanged value, timestamp updated)
[2026-02-01 00:30:05]   [emp_id: 5235] ✓ Refreshed: 1.44 (unchanged value, timestamp updated)
[2026-02-01 00:30:05]   [emp_id: 5237] ✓ Refreshed: 12.25 (unchanged value, timestamp updated)
[2026-02-01 00:30:05]   [emp_id: 5239] ✓ Refreshed: 5 (unchanged value, timestamp updated)
[2026-02-01 00:30:05]   [emp_id: 5241] ✓ Refreshed: 7 (unchanged value, timestamp updated)
[2026-02-01 00:30:05]   [emp_id: 5242] ✓ Refreshed: 17 (unchanged value, timestamp updated)
[2026-02-01 00:30:05]   [emp_id: 5243] ✓ Refreshed: 3.41 (unchanged value, timestamp updated)
[2026-02-01 00:30:05]   [emp_id: 5244] ✓ Refreshed: 1.44 (unchanged value, timestamp updated)
[2026-02-01 00:30:05]   [emp_id: 5246] ✓ Refreshed: 13 (unchanged value, timestamp updated)
[2026-02-01 00:30:05]   [emp_id: 5253] ✓ Refreshed: 24.87 (unchanged value, timestamp updated)
[2026-02-01 00:30:05]   [emp_id: 5254] ✓ Refreshed: 2.85 (unchanged value, timestamp updated)
[2026-02-01 00:30:05]   [emp_id: 5257] ✓ Refreshed: 13.56 (unchanged value, timestamp updated)
[2026-02-01 00:30:05]   [emp_id: 5259] ✓ Refreshed: 50.09 (unchanged value, timestamp updated)
[2026-02-01 00:30:05]   [emp_id: 5261] ✓ Refreshed: 6.37 (unchanged value, timestamp updated)
[2026-02-01 00:30:05]   [emp_id: 5264] ✓ Refreshed: 15.57 (unchanged value, timestamp updated)
[2026-02-01 00:30:05]   [emp_id: 5266] ✓ Refreshed: 22.19 (unchanged value, timestamp updated)
[2026-02-01 00:30:05]   [emp_id: 5268] ✓ Refreshed: 10.76 (unchanged value, timestamp updated)
[2026-02-01 00:30:05]   [emp_id: 5271] ✓ Refreshed: 9.42 (unchanged value, timestamp updated)
[2026-02-01 00:30:05]   [emp_id: 5272] ✓ Refreshed: 10.29 (unchanged value, timestamp updated)
[2026-02-01 00:30:05]   [emp_id: 5273] ✓ Refreshed: 25.36 (unchanged value, timestamp updated)
[2026-02-01 00:30:05]   [emp_id: 5275] ✓ Refreshed: 11.11 (unchanged value, timestamp updated)
[2026-02-01 00:30:05]   [emp_id: 5276] ✓ Refreshed: 25.38 (unchanged value, timestamp updated)
[2026-02-01 00:30:05]   [emp_id: 5278] ✓ Refreshed: 9.77 (unchanged value, timestamp updated)
[2026-02-01 00:30:05]   [emp_id: 5280] ✓ Refreshed: 20.17 (unchanged value, timestamp updated)
[2026-02-01 00:30:06]   [emp_id: 5282] ✓ Refreshed: 13.85 (unchanged value, timestamp updated)
[2026-02-01 00:30:06]   [emp_id: 5285] ✓ Refreshed: 30.17 (unchanged value, timestamp updated)
[2026-02-01 00:30:06]   [emp_id: 5286] ✓ Refreshed: 17.17 (unchanged value, timestamp updated)
[2026-02-01 00:30:06]   [emp_id: 5287] ✓ Refreshed: 51.47 (unchanged value, timestamp updated)
[2026-02-01 00:30:06]   [emp_id: 5288] ✓ Refreshed: 8.74 (unchanged value, timestamp updated)
[2026-02-01 00:30:06]   [emp_id: 5289] ✓ Refreshed: 50.02 (unchanged value, timestamp updated)
[2026-02-01 00:30:06]   [emp_id: 5290] ✓ Refreshed: 48.79 (unchanged value, timestamp updated)
[2026-02-01 00:30:06]   [emp_id: 5291] ✓ Refreshed: 6.79 (unchanged value, timestamp updated)
[2026-02-01 00:30:06]   [emp_id: 5292] ✓ Refreshed: 6.73 (unchanged value, timestamp updated)
[2026-02-01 00:30:06]   [emp_id: 5293] ✓ Refreshed: 10.11 (unchanged value, timestamp updated)
[2026-02-01 00:30:06]   [emp_id: 5294] ✓ Refreshed: 9.77 (unchanged value, timestamp updated)
[2026-02-01 00:30:06]   [emp_id: 5295] ✓ Refreshed: 22.97 (unchanged value, timestamp updated)
[2026-02-01 00:30:06]   [emp_id: 5296] ✓ Refreshed: 30.79 (unchanged value, timestamp updated)
[2026-02-01 00:30:06]   [emp_id: 5297] ✓ Refreshed: 47.39 (unchanged value, timestamp updated)
[2026-02-01 00:30:06]   [emp_id: 5298] ✓ Refreshed: 47.39 (unchanged value, timestamp updated)
[2026-02-01 00:30:06]   [emp_id: 5299] ✓ Refreshed: 47.39 (unchanged value, timestamp updated)
[2026-02-01 00:30:06]   [emp_id: 5300] ✓ Refreshed: 47.39 (unchanged value, timestamp updated)
[2026-02-01 00:30:06]   [emp_id: 5301] ✓ Refreshed: 5.21 (unchanged value, timestamp updated)
[2026-02-01 00:30:06]   [emp_id: 5303] ✓ Refreshed: 5.64 (unchanged value, timestamp updated)
[2026-02-01 00:30:06]   [emp_id: 5304] ✓ Refreshed: 2.39 (unchanged value, timestamp updated)
[2026-02-01 00:30:06]   [emp_id: 5305] ✓ Refreshed: 5.39 (unchanged value, timestamp updated)
[2026-02-01 00:30:06]   [emp_id: 5306] ✓ Refreshed: 47.1 (unchanged value, timestamp updated)
[2026-02-01 00:30:06]   [emp_id: 5307] ✓ Refreshed: 47.1 (unchanged value, timestamp updated)
[2026-02-01 00:30:06]   [emp_id: 5312] ✓ Refreshed: 1.44 (unchanged value, timestamp updated)
[2026-02-01 00:30:06]   [emp_id: 5318] ✓ Refreshed: 22.81 (unchanged value, timestamp updated)
[2026-02-01 00:30:06]   [emp_id: 5325] ✓ Refreshed: 1.77 (unchanged value, timestamp updated)
[2026-02-01 00:30:06]   [emp_id: 5327] ✓ Refreshed: 2.86 (unchanged value, timestamp updated)
[2026-02-01 00:30:06]   [emp_id: 5337] ✓ Refreshed: 37.68 (unchanged value, timestamp updated)
[2026-02-01 00:30:06]   [emp_id: 5339] ✓ Refreshed: 11.96 (unchanged value, timestamp updated)
[2026-02-01 00:30:06]   [emp_id: 5343] ✓ Refreshed: 47.6 (unchanged value, timestamp updated)
[2026-02-01 00:30:06]   [emp_id: 5343] ✓ Refreshed: 47.6 (unchanged value, timestamp updated)
[2026-02-01 00:30:06]   [emp_id: 5345] ✓ Refreshed: 17.43 (unchanged value, timestamp updated)
[2026-02-01 00:30:06]   [emp_id: 5346] ✓ Refreshed: 3.68 (unchanged value, timestamp updated)
[2026-02-01 00:30:06]   [emp_id: 5351] ✓ Refreshed: 18.62 (unchanged value, timestamp updated)
[2026-02-01 00:30:06]   [emp_id: 5352] ✓ Refreshed: 27.85 (unchanged value, timestamp updated)
[2026-02-01 00:30:06]   [emp_id: 5370] ✓ Refreshed: 17.27 (unchanged value, timestamp updated)
[2026-02-01 00:30:06]   [emp_id: 5371] ✓ Refreshed: 9.6 (unchanged value, timestamp updated)
[2026-02-01 00:30:06]   [emp_id: 5376] ✓ Refreshed: 11.87 (unchanged value, timestamp updated)
[2026-02-01 00:30:06]   [emp_id: 5378] ✓ Refreshed: 19.68 (unchanged value, timestamp updated)
[2026-02-01 00:30:06]   [emp_id: 5380] ✓ Refreshed: 18.28 (unchanged value, timestamp updated)
[2026-02-01 00:30:06]   [emp_id: 5381] ✓ Refreshed: 12.12 (unchanged value, timestamp updated)
[2026-02-01 00:30:06]   [emp_id: 5383] ✓ Refreshed: 17.43 (unchanged value, timestamp updated)
[2026-02-01 00:30:06]   [emp_id: 5388] ✓ Refreshed: 29.06 (unchanged value, timestamp updated)
[2026-02-01 00:30:06]   [emp_id: 5396] ✓ Refreshed: 30.3 (unchanged value, timestamp updated)
[2026-02-01 00:30:06]   [emp_id: 5397] ✓ Refreshed: 21.76 (unchanged value, timestamp updated)
[2026-02-01 00:30:06]   [emp_id: 5401] ✓ Refreshed: 24.87 (unchanged value, timestamp updated)
[2026-02-01 00:30:06]   [emp_id: 5402] ✓ Refreshed: 24.99 (unchanged value, timestamp updated)
[2026-02-01 00:30:06]   [emp_id: 5406] ✓ Refreshed: 18.71 (unchanged value, timestamp updated)
[2026-02-01 00:30:06]   [emp_id: 5407] ✓ Refreshed: 18.2 (unchanged value, timestamp updated)
[2026-02-01 00:30:06]   [emp_id: 5409] ✓ Refreshed: 18.05 (unchanged value, timestamp updated)
[2026-02-01 00:30:06]   [emp_id: 5413] ✓ Refreshed: 30.6 (unchanged value, timestamp updated)
[2026-02-01 00:30:06]   [emp_id: 5415] ✓ Refreshed: 6.2 (unchanged value, timestamp updated)
[2026-02-01 00:30:06]   [emp_id: 5418] ✓ Refreshed: 17.11 (unchanged value, timestamp updated)
[2026-02-01 00:30:06]   [emp_id: 5422] ✓ Refreshed: 22.93 (unchanged value, timestamp updated)
[2026-02-01 00:30:06]   [emp_id: 5423] ✓ Refreshed: 5.62 (unchanged value, timestamp updated)
[2026-02-01 00:30:06]   [emp_id: 5425] ✓ Refreshed: 15.66 (unchanged value, timestamp updated)
[2026-02-01 00:30:06]   [emp_id: 5426] ✓ Refreshed: 4.17 (unchanged value, timestamp updated)
[2026-02-01 00:30:06]   [emp_id: 5426] ✓ Refreshed: 4.17 (unchanged value, timestamp updated)
[2026-02-01 00:30:06]   [emp_id: 5427] ✓ Refreshed: 15.77 (unchanged value, timestamp updated)
[2026-02-01 00:30:06]   [emp_id: 5428] ✓ Refreshed: 15.66 (unchanged value, timestamp updated)
[2026-02-01 00:30:06]   [emp_id: 5430] ✓ Refreshed: 19.99 (unchanged value, timestamp updated)
[2026-02-01 00:30:06]   [emp_id: 5431] ✓ Refreshed: 14.78 (unchanged value, timestamp updated)
[2026-02-01 00:30:06]   [emp_id: 5433] ✓ Refreshed: 14.8 (unchanged value, timestamp updated)
[2026-02-01 00:30:06]   [emp_id: 5434] ✓ Refreshed: 14.55 (unchanged value, timestamp updated)
[2026-02-01 00:30:06]   [emp_id: 5435] ✓ Refreshed: 14.49 (unchanged value, timestamp updated)
[2026-02-01 00:30:06]   [emp_id: 5438] ✓ Refreshed: 17.85 (unchanged value, timestamp updated)
[2026-02-01 00:30:06]   [emp_id: 5439] ✓ Refreshed: 27.35 (unchanged value, timestamp updated)
[2026-02-01 00:30:06]   [emp_id: 5442] ✓ Refreshed: 16.35 (unchanged value, timestamp updated)
[2026-02-01 00:30:06]   [emp_id: 5445] ✓ Refreshed: 8.95 (unchanged value, timestamp updated)
[2026-02-01 00:30:06]   [emp_id: 5446] ✓ Refreshed: 8.95 (unchanged value, timestamp updated)
[2026-02-01 00:30:06]   [emp_id: 5447] ✓ Refreshed: 8.89 (unchanged value, timestamp updated)
[2026-02-01 00:30:06]   [emp_id: 5448] ✓ Refreshed: 3.37 (unchanged value, timestamp updated)
[2026-02-01 00:30:06]   [emp_id: 5449] ✓ Refreshed: 6.97 (unchanged value, timestamp updated)
[2026-02-01 00:30:06]   [emp_id: 5450] ✓ Refreshed: 6.91 (unchanged value, timestamp updated)
[2026-02-01 00:30:06]   [emp_id: 5451] ✓ Refreshed: 6.91 (unchanged value, timestamp updated)
[2026-02-01 00:30:06]   [emp_id: 5453] ✓ Refreshed: 6.75 (unchanged value, timestamp updated)
[2026-02-01 00:30:06]   [emp_id: 5454] ✓ Refreshed: 9.43 (unchanged value, timestamp updated)
[2026-02-01 00:30:06]   [emp_id: 5455] ✓ Refreshed: 3.68 (unchanged value, timestamp updated)
[2026-02-01 00:30:06]   [emp_id: 5456] ✓ Refreshed: 8.68 (unchanged value, timestamp updated)
[2026-02-01 00:30:06]   [emp_id: 5457] ✓ Refreshed: 6 (unchanged value, timestamp updated)
[2026-02-01 00:30:06]   [emp_id: 5460] ✓ Refreshed: 7.33 (unchanged value, timestamp updated)
[2026-02-01 00:30:06]   [emp_id: 5463] ✓ Refreshed: 6.66 (unchanged value, timestamp updated)
[2026-02-01 00:30:06]   [emp_id: 5464] ✓ Refreshed: 6.66 (unchanged value, timestamp updated)
[2026-02-01 00:30:06]   [emp_id: 5466] ✓ Refreshed: 4.41 (unchanged value, timestamp updated)
[2026-02-01 00:30:06]   [emp_id: 5468] ✓ Refreshed: 2.28 (unchanged value, timestamp updated)
[2026-02-01 00:30:07]   [emp_id: 5469] ✓ Refreshed: 2.19 (unchanged value, timestamp updated)
[2026-02-01 00:30:07]   [emp_id: 5471] ✓ Refreshed: 1.04 (unchanged value, timestamp updated)
[2026-02-01 00:30:07] Report saved to: /home/almutlak/public_html/hr/cron_logs/last_vacation_update_report.json
[2026-02-01 08:25:19] ========== CRON: Vacation Balance Update Started ==========
[2026-02-01 08:35:27] ========== CRON: Vacation Balance Update Started ==========
[2026-02-01 08:36:16] ========== CRON: Vacation Balance Update Started ==========
[2026-02-01 08:36:20] ========== CRON: Vacation Balance Update Started ==========
[2026-02-01 08:36:20] FORCE RUN enabled: Bypassing once-per-day restriction
[2026-02-01 08:36:20] Database connection established
[2026-02-01 08:36:20] Found 422 active employees with balance records to update
[2026-02-01 08:36:20] (Only employees with status=1 will be processed)
[2026-02-01 08:36:21]   [emp_id: 1061] ✓ Updated: 1.92 (synced daily for consistency)
[2026-02-01 08:36:21]   [emp_id: 1496] ✓ Updated: 18.77 (synced daily for consistency)
[2026-02-01 08:36:21]   [emp_id: 1500] ✓ Updated: 6.45 (synced daily for consistency)
[2026-02-01 08:36:21]   [emp_id: 1673] ✓ Updated: 47.18 (synced daily for consistency)
[2026-02-01 08:36:21]   [emp_id: 1685] ✓ Updated: 17.1 (synced daily for consistency)
[2026-02-01 08:36:21]   [emp_id: 1764] ✓ Updated: 71.77 (synced daily for consistency)
[2026-02-01 08:36:21]   [emp_id: 1805] ✓ Updated: 66.1 (synced daily for consistency)
[2026-02-01 08:36:21]   [emp_id: 1822] ✓ Updated: 70.85 (synced daily for consistency)
[2026-02-01 08:36:21]   [emp_id: 1837] ✓ Updated: 27.02 (synced daily for consistency)
[2026-02-01 08:36:21]   [emp_id: 1857] ✓ Updated: 22.35 (synced daily for consistency)
[2026-02-01 08:36:21]   [emp_id: 1861] ✓ Updated: 73.18 (synced daily for consistency)
[2026-02-01 08:36:21]   [emp_id: 1872] ✓ Updated: 12.02 (synced daily for consistency)
[2026-02-01 08:36:21]   [emp_id: 1897] ✓ Updated: 7.35 (synced daily for consistency)
[2026-02-01 08:36:21]   [emp_id: 1916] ✓ Updated: 13.65 (synced daily for consistency)
[2026-02-01 08:36:21]   [emp_id: 1928] ✓ Updated: 66.6 (synced daily for consistency)
[2026-02-01 08:36:21]   [emp_id: 1931] ✓ Updated: 86.52 (synced daily for consistency)
[2026-02-01 08:36:21]   [emp_id: 1944] ✓ Updated: 44.68 (synced daily for consistency)
[2026-02-01 08:36:21]   [emp_id: 1996] ✓ Updated: 1.18 (synced daily for consistency)
[2026-02-01 08:36:21]   [emp_id: 1997] ✓ Updated: 38.35 (synced daily for consistency)
[2026-02-01 08:36:21]   [emp_id: 1998] ✓ Updated: 29.79 (synced daily for consistency)
[2026-02-01 08:36:21]   [emp_id: 1999] ✓ Updated: 30.79 (synced daily for consistency)
[2026-02-01 08:36:21]   [emp_id: 2009] ✓ Updated: 37.1 (synced daily for consistency)
[2026-02-01 08:36:21]   [emp_id: 2048] ✓ Updated: 26.93 (synced daily for consistency)
[2026-02-01 08:36:21]   [emp_id: 2057] ✓ Updated: 67.77 (synced daily for consistency)
[2026-02-01 08:36:21]   [emp_id: 2079] ✓ Updated: 50.1 (synced daily for consistency)
[2026-02-01 08:36:21]   [emp_id: 2181] ✓ Updated: 39.1 (synced daily for consistency)
[2026-02-01 08:36:21]   [emp_id: 2190] ✓ Updated: 8.43 (synced daily for consistency)
[2026-02-01 08:36:21]   [emp_id: 2212] ✓ Updated: 26.43 (synced daily for consistency)
[2026-02-01 08:36:21]   [emp_id: 2226] ✓ Updated: 71.18 (synced daily for consistency)
[2026-02-01 08:36:21]   [emp_id: 2238] ✓ Updated: 69.43 (synced daily for consistency)
[2026-02-01 08:36:21]   [emp_id: 2285] ✓ Updated: 38.1 (synced daily for consistency)
[2026-02-01 08:36:21]   [emp_id: 2287] ✓ Updated: 49.77 (synced daily for consistency)
[2026-02-01 08:36:21]   [emp_id: 2288] ✓ Updated: 4.79 (synced daily for consistency)
[2026-02-01 08:36:21]   [emp_id: 2316] ✓ Updated: 18.6 (synced daily for consistency)
[2026-02-01 08:36:21]   [emp_id: 2337] ✓ Updated: 39.68 (synced daily for consistency)
[2026-02-01 08:36:21]   [emp_id: 2352] ✓ Updated: 71.18 (synced daily for consistency)
[2026-02-01 08:36:21]   [emp_id: 2358] ✓ Updated: 7.68 (synced daily for consistency)
[2026-02-01 08:36:22]   [emp_id: 2361] ✓ Updated: 73.35 (synced daily for consistency)
[2026-02-01 08:36:22]   [emp_id: 2363] ✓ Updated: 75.93 (synced daily for consistency)
[2026-02-01 08:36:22]   [emp_id: 2364] ✓ Updated: 75.35 (synced daily for consistency)
[2026-02-01 08:36:22]   [emp_id: 2367] ✓ Updated: 103.02 (synced daily for consistency)
[2026-02-01 08:36:22]   [emp_id: 2368] ✓ Updated: 33.43 (synced daily for consistency)
[2026-02-01 08:36:22]   [emp_id: 2372] ✓ Updated: 70.68 (synced daily for consistency)
[2026-02-01 08:36:22]   [emp_id: 2376] ✓ Updated: 120.68 (synced daily for consistency)
[2026-02-01 08:36:22]   [emp_id: 2423] ✓ Updated: 21.43 (synced daily for consistency)
[2026-02-01 08:36:22]   [emp_id: 2519] ✓ Updated: 115.1 (synced daily for consistency)
[2026-02-01 08:36:22]   [emp_id: 2522] ✓ Updated: 58.68 (synced daily for consistency)
[2026-02-01 08:36:22]   [emp_id: 2530] ✓ Updated: 53.93 (synced daily for consistency)
[2026-02-01 08:36:22]   [emp_id: 2539] ✓ Updated: 50.68 (synced daily for consistency)
[2026-02-01 08:36:22]   [emp_id: 2541] ✓ Updated: 31.27 (synced daily for consistency)
[2026-02-01 08:36:22]   [emp_id: 2550] ✓ Updated: 97.43 (synced daily for consistency)
[2026-02-01 08:36:22]   [emp_id: 2553] ✓ Updated: 34.54 (synced daily for consistency)
[2026-02-01 08:36:22]   [emp_id: 2554] ✓ Updated: 41.02 (synced daily for consistency)
[2026-02-01 08:36:22]   [emp_id: 2565] ✓ Updated: 5.6 (synced daily for consistency)
[2026-02-01 08:36:22]   [emp_id: 2572] ✓ Updated: 45.6 (synced daily for consistency)
[2026-02-01 08:36:22]   [emp_id: 2637] ✓ Updated: 6.18 (synced daily for consistency)
[2026-02-01 08:36:22]   [emp_id: 2642] ✓ Updated: 78.93 (synced daily for consistency)
[2026-02-01 08:36:22]   [emp_id: 2645] ✓ Updated: 94.93 (synced daily for consistency)
[2026-02-01 08:36:22]   [emp_id: 2648] ✓ Updated: 46.6 (synced daily for consistency)
[2026-02-01 08:36:22]   [emp_id: 2654] ✓ Updated: 89.27 (synced daily for consistency)
[2026-02-01 08:36:22]   [emp_id: 2688] ✓ Updated: 27.35 (synced daily for consistency)
[2026-02-01 08:36:22]   [emp_id: 2690] ✓ Updated: 16.1 (synced daily for consistency)
[2026-02-01 08:36:22]   [emp_id: 2709] ✓ Updated: 38.35 (synced daily for consistency)
[2026-02-01 08:36:22]   [emp_id: 2745] ✓ Updated: 34.93 (synced daily for consistency)
[2026-02-01 08:36:22]   [emp_id: 2843] ✓ Updated: 81.52 (synced daily for consistency)
[2026-02-01 08:36:22]   [emp_id: 2854] ✓ Updated: 61.43 (synced daily for consistency)
[2026-02-01 08:36:22]   [emp_id: 2869] ✓ Updated: 5.35 (synced daily for consistency)
[2026-02-01 08:36:22]   [emp_id: 2876] ✓ Updated: 36.18 (synced daily for consistency)
[2026-02-01 08:36:22]   [emp_id: 2924] ✓ Updated: 17.35 (synced daily for consistency)
[2026-02-01 08:36:22]   [emp_id: 2953] ✓ Updated: 103.1 (synced daily for consistency)
[2026-02-01 08:36:22]   [emp_id: 2961] ✓ Updated: 13.1 (synced daily for consistency)
[2026-02-01 08:36:22]   [emp_id: 2975] ✓ Updated: 2.78 (synced daily for consistency)
[2026-02-01 08:36:22]   [emp_id: 3013] ✓ Updated: 12.1 (synced daily for consistency)
[2026-02-01 08:36:22]   [emp_id: 3014] ✓ Updated: 91.35 (synced daily for consistency)
[2026-02-01 08:36:22]   [emp_id: 3015] ✓ Updated: 2.6 (synced daily for consistency)
[2026-02-01 08:36:22]   [emp_id: 3018] ✓ Updated: 61.35 (synced daily for consistency)
[2026-02-01 08:36:22]   [emp_id: 3025] ✓ Updated: 25.12 (synced daily for consistency)
[2026-02-01 08:36:22]   [emp_id: 3037] ✓ Updated: 4.85 (synced daily for consistency)
[2026-02-01 08:36:22]   [emp_id: 3047] ✓ Updated: 73.1 (synced daily for consistency)
[2026-02-01 08:36:22]   [emp_id: 3061] ✓ Updated: 20.02 (synced daily for consistency)
[2026-02-01 08:36:22]   [emp_id: 3062] ✓ Updated: 53.18 (synced daily for consistency)
[2026-02-01 08:36:22]   [emp_id: 3074] ✓ Updated: 109.6 (synced daily for consistency)
[2026-02-01 08:36:22]   [emp_id: 3089] ✓ Updated: 8.52 (synced daily for consistency)
[2026-02-01 08:36:22]   [emp_id: 3090] ✓ Updated: 35.1 (synced daily for consistency)
[2026-02-01 08:36:22]   [emp_id: 3091] ✓ Updated: 47.1 (synced daily for consistency)
[2026-02-01 08:36:22]   [emp_id: 3092] ✓ Updated: 29.77 (synced daily for consistency)
[2026-02-01 08:36:22]   [emp_id: 3105] ✓ Updated: 50.1 (synced daily for consistency)
[2026-02-01 08:36:22]   [emp_id: 3134] ✓ Updated: 45.85 (synced daily for consistency)
[2026-02-01 08:36:22]   [emp_id: 3140] ✓ Updated: 42.93 (synced daily for consistency)
[2026-02-01 08:36:22]   [emp_id: 3144] ✓ Updated: 15.77 (synced daily for consistency)
[2026-02-01 08:36:22]   [emp_id: 3156] ✓ Updated: 19.1 (synced daily for consistency)
[2026-02-01 08:36:22]   [emp_id: 3162] ✓ Updated: 4.08 (synced daily for consistency)
[2026-02-01 08:36:22]   [emp_id: 3163] ✓ Updated: 7.35 (synced daily for consistency)
[2026-02-01 08:36:22]   [emp_id: 3198] ✓ Updated: 42.35 (synced daily for consistency)
[2026-02-01 08:36:22]   [emp_id: 3205] ✓ Updated: 19.02 (synced daily for consistency)
[2026-02-01 08:36:22]   [emp_id: 3209] ✓ Updated: 43.18 (synced daily for consistency)
[2026-02-01 08:36:22]   [emp_id: 3223] ✓ Updated: 92.1 (synced daily for consistency)
[2026-02-01 08:36:22]   [emp_id: 3224] ✓ Updated: 66.85 (synced daily for consistency)
[2026-02-01 08:36:22]   [emp_id: 3230] ✓ Updated: 90.27 (synced daily for consistency)
[2026-02-01 08:36:22]   [emp_id: 3231] ✓ Updated: 2.64 (synced daily for consistency)
[2026-02-01 08:36:22]   [emp_id: 3233] ✓ Updated: 79.1 (synced daily for consistency)
[2026-02-01 08:36:22]   [emp_id: 3249] ✓ Updated: 38.93 (synced daily for consistency)
[2026-02-01 08:36:22]   [emp_id: 3250] ✓ Updated: 11.93 (synced daily for consistency)
[2026-02-01 08:36:22]   [emp_id: 3252] ✓ Updated: 12.85 (synced daily for consistency)
[2026-02-01 08:36:22]   [emp_id: 3254] ✓ Updated: 23.35 (synced daily for consistency)
[2026-02-01 08:36:22]   [emp_id: 3255] ✓ Updated: 19.77 (synced daily for consistency)
[2026-02-01 08:36:22]   [emp_id: 3256] ✓ Updated: 16.02 (synced daily for consistency)
[2026-02-01 08:36:22]   [emp_id: 3263] ✓ Updated: 32.1 (synced daily for consistency)
[2026-02-01 08:36:22]   [emp_id: 3265] ✓ Updated: 27.68 (synced daily for consistency)
[2026-02-01 08:36:22]   [emp_id: 3280] ✓ Updated: 15.6 (synced daily for consistency)
[2026-02-01 08:36:22]   [emp_id: 3286] ✓ Updated: 17.77 (synced daily for consistency)
[2026-02-01 08:36:22]   [emp_id: 3294] ✓ Updated: 15.43 (synced daily for consistency)
[2026-02-01 08:36:22]   [emp_id: 3321] ✓ Updated: 74.6 (synced daily for consistency)
[2026-02-01 08:36:23]   [emp_id: 3325] ✓ Updated: 62.35 (synced daily for consistency)
[2026-02-01 08:36:23]   [emp_id: 3329] ✓ Updated: 64.68 (synced daily for consistency)
[2026-02-01 08:36:23]   [emp_id: 3330] ✓ Updated: 64.68 (synced daily for consistency)
[2026-02-01 08:36:23]   [emp_id: 3332] ✓ Updated: 64.68 (synced daily for consistency)
[2026-02-01 08:36:23]   [emp_id: 3384] ✓ Updated: 16.85 (synced daily for consistency)
[2026-02-01 08:36:23]   [emp_id: 3386] ✓ Updated: 46.85 (synced daily for consistency)
[2026-02-01 08:36:23]   [emp_id: 3431] ✓ Updated: 21.27 (synced daily for consistency)
[2026-02-01 08:36:23]   [emp_id: 3497] ✓ Updated: 11.43 (synced daily for consistency)
[2026-02-01 08:36:23]   [emp_id: 3532] ✓ Updated: 2.27 (synced daily for consistency)
[2026-02-01 08:36:23]   [emp_id: 3602] ✓ Updated: 3.84 (synced daily for consistency)
[2026-02-01 08:36:23]   [emp_id: 3618] ✓ Updated: 25.82 (synced daily for consistency)
[2026-02-01 08:36:23]   [emp_id: 3622] ✓ Updated: 36.21 (synced daily for consistency)
[2026-02-01 08:36:23]   [emp_id: 3627] ✓ Updated: 11.77 (synced daily for consistency)
[2026-02-01 08:36:23]   [emp_id: 3665] ✓ Updated: 53.35 (synced daily for consistency)
[2026-02-01 08:36:23]   [emp_id: 3705] ✓ Updated: 29.54 (synced daily for consistency)
[2026-02-01 08:36:23]   [emp_id: 3724] ✓ Updated: 46.35 (synced daily for consistency)
[2026-02-01 08:36:23]   [emp_id: 3726] ✓ Updated: 62.77 (synced daily for consistency)
[2026-02-01 08:36:23]   [emp_id: 3727] ✓ Updated: 67.85 (synced daily for consistency)
[2026-02-01 08:36:23]   [emp_id: 3728] ✓ Updated: 12.18 (synced daily for consistency)
[2026-02-01 08:36:23]   [emp_id: 3767] ✓ Updated: 2.93 (synced daily for consistency)
[2026-02-01 08:36:23]   [emp_id: 3768] ✓ Updated: 59.18 (synced daily for consistency)
[2026-02-01 08:36:23]   [emp_id: 3787] ✓ Updated: 59.77 (synced daily for consistency)
[2026-02-01 08:36:23]   [emp_id: 3790] ✓ Updated: 4.32 (synced daily for consistency)
[2026-02-01 08:36:23]   [emp_id: 3795] ✓ Updated: 17.27 (synced daily for consistency)
[2026-02-01 08:36:23]   [emp_id: 3798] ✓ Updated: 95.68 (synced daily for consistency)
[2026-02-01 08:36:23]   [emp_id: 3801] ✓ Updated: 3.95 (synced daily for consistency)
[2026-02-01 08:36:23]   [emp_id: 3802] ✓ Updated: 32.93 (synced daily for consistency)
[2026-02-01 08:36:23]   [emp_id: 3803] ✓ Updated: 27.35 (synced daily for consistency)
[2026-02-01 08:36:23]   [emp_id: 3810] ✓ Updated: 63.35 (synced daily for consistency)
[2026-02-01 08:36:23]   [emp_id: 3812] ✓ Updated: 92.35 (synced daily for consistency)
[2026-02-01 08:36:23]   [emp_id: 3815] ✓ Updated: 92.35 (synced daily for consistency)
[2026-02-01 08:36:23]   [emp_id: 3836] ✓ Updated: 60.02 (synced daily for consistency)
[2026-02-01 08:36:23]   [emp_id: 3855] ✓ Updated: 53.18 (synced daily for consistency)
[2026-02-01 08:36:23]   [emp_id: 3857] ✓ Updated: 56.85 (synced daily for consistency)
[2026-02-01 08:36:23]   [emp_id: 3862] ✓ Updated: 104.93 (synced daily for consistency)
[2026-02-01 08:36:23]   [emp_id: 3866] ✓ Updated: 30.18 (synced daily for consistency)
[2026-02-01 08:36:23]   [emp_id: 3876] ✓ Updated: 26.35 (synced daily for consistency)
[2026-02-01 08:36:23]   [emp_id: 3877] ✓ Updated: 51.85 (synced daily for consistency)
[2026-02-01 08:36:23]   [emp_id: 3897] ✓ Updated: 1.1 (synced daily for consistency)
[2026-02-01 08:36:23]   [emp_id: 3899] ✓ Updated: 1.92 (synced daily for consistency)
[2026-02-01 08:36:23]   [emp_id: 3928] ✓ Updated: 16.18 (synced daily for consistency)
[2026-02-01 08:36:23]   [emp_id: 3929] ✓ Updated: 11.18 (synced daily for consistency)
[2026-02-01 08:36:23]   [emp_id: 3935] ✓ Updated: 96.18 (synced daily for consistency)
[2026-02-01 08:36:23]   [emp_id: 3952] ✓ Updated: 77.52 (synced daily for consistency)
[2026-02-01 08:36:23]   [emp_id: 3987] ✓ Updated: 16.43 (synced daily for consistency)
[2026-02-01 08:36:23]   [emp_id: 4059] ✓ Updated: 5.63 (synced daily for consistency)
[2026-02-01 08:36:23]   [emp_id: 4119] ✓ Updated: 59.1 (synced daily for consistency)
[2026-02-01 08:36:23]   [emp_id: 4120] ✓ Updated: 28.68 (synced daily for consistency)
[2026-02-01 08:36:23]   [emp_id: 4124] ✓ Updated: 29.2 (synced daily for consistency)
[2026-02-01 08:36:23]   [emp_id: 4133] ✓ Updated: 107.68 (synced daily for consistency)
[2026-02-01 08:36:23]   [emp_id: 4134] ✓ Updated: 28.68 (synced daily for consistency)
[2026-02-01 08:36:23]   [emp_id: 4136] ✓ Updated: 28.68 (synced daily for consistency)
[2026-02-01 08:36:23]   [emp_id: 4150] ✓ Updated: 27.35 (synced daily for consistency)
[2026-02-01 08:36:23]   [emp_id: 4157] ✓ Updated: 20.85 (synced daily for consistency)
[2026-02-01 08:36:23]   [emp_id: 4172] ✓ Updated: 14.12 (synced daily for consistency)
[2026-02-01 08:36:23]   [emp_id: 4195] ✓ Updated: 64.43 (synced daily for consistency)
[2026-02-01 08:36:23]   [emp_id: 4215] ✓ Updated: 47.1 (synced daily for consistency)
[2026-02-01 08:36:23]   [emp_id: 4220] ✓ Updated: 42.68 (synced daily for consistency)
[2026-02-01 08:36:23]   [emp_id: 4273] ✓ Updated: 11.35 (synced daily for consistency)
[2026-02-01 08:36:23]   [emp_id: 4283] ✓ Updated: 15.21 (synced daily for consistency)
[2026-02-01 08:36:23]   [emp_id: 4288] ✓ Updated: 1.92 (synced daily for consistency)
[2026-02-01 08:36:23]   [emp_id: 4315] ✓ Updated: 14.6 (synced daily for consistency)
[2026-02-01 08:36:23]   [emp_id: 4328] ✓ Updated: 44.04 (synced daily for consistency)
[2026-02-01 08:36:23]   [emp_id: 4329] ✓ Updated: 7.77 (synced daily for consistency)
[2026-02-01 08:36:23]   [emp_id: 4338] ✓ Updated: 49.35 (synced daily for consistency)
[2026-02-01 08:36:23]   [emp_id: 4340] ✓ Updated: 111.35 (synced daily for consistency)
[2026-02-01 08:36:23]   [emp_id: 4365] ✓ Updated: 62.77 (synced daily for consistency)
[2026-02-01 08:36:23]   [emp_id: 4366] ✓ Updated: 61.85 (synced daily for consistency)
[2026-02-01 08:36:23]   [emp_id: 4403] ✓ Updated: 87.68 (synced daily for consistency)
[2026-02-01 08:36:23]   [emp_id: 4438] ✓ Updated: 23.35 (synced daily for consistency)
[2026-02-01 08:36:23]   [emp_id: 4473] ✓ Updated: 46.93 (synced daily for consistency)
[2026-02-01 08:36:23]   [emp_id: 4474] ✓ Updated: 4.88 (synced daily for consistency)
[2026-02-01 08:36:23]   [emp_id: 4493] ✓ Updated: 165.77 (synced daily for consistency)
[2026-02-01 08:36:23]   [emp_id: 4526] ✓ Updated: 38.02 (synced daily for consistency)
[2026-02-01 08:36:23]   [emp_id: 4528] ✓ Updated: 109.77 (synced daily for consistency)
[2026-02-01 08:36:24]   [emp_id: 4528] ✓ Updated: 109.77 (synced daily for consistency)
[2026-02-01 08:36:24]   [emp_id: 4532] ✓ Updated: 0.36 (synced daily for consistency)
[2026-02-01 08:36:24]   [emp_id: 4533] ✓ Updated: 38.18 (synced daily for consistency)
[2026-02-01 08:36:24]   [emp_id: 4565] ✓ Updated: 16.87 (synced daily for consistency)
[2026-02-01 08:36:24]   [emp_id: 4567] ✓ Updated: 21.12 (synced daily for consistency)
[2026-02-01 08:36:24]   [emp_id: 4572] ✓ Updated: 60.62 (synced daily for consistency)
[2026-02-01 08:36:24]   [emp_id: 4631] ✓ Updated: 16.87 (synced daily for consistency)
[2026-02-01 08:36:24]   [emp_id: 4655] ✓ Updated: 27.1 (synced daily for consistency)
[2026-02-01 08:36:24]   [emp_id: 4709] ✓ Updated: 42.35 (synced daily for consistency)
[2026-02-01 08:36:24]   [emp_id: 4717] ✓ Updated: 68.35 (synced daily for consistency)
[2026-02-01 08:36:24]   [emp_id: 4736] ✓ Updated: 30.18 (synced daily for consistency)
[2026-02-01 08:36:24]   [emp_id: 4756] ✓ Updated: 13.31 (synced daily for consistency)
[2026-02-01 08:36:24]   [emp_id: 4768] ✓ Updated: 15.85 (synced daily for consistency)
[2026-02-01 08:36:24]   [emp_id: 4780] ✓ Updated: 67.04 (synced daily for consistency)
[2026-02-01 08:36:24]   [emp_id: 4820] ✓ Updated: 101.18 (synced daily for consistency)
[2026-02-01 08:36:24]   [emp_id: 4824] ✓ Updated: 4.36 (synced daily for consistency)
[2026-02-01 08:36:24]   [emp_id: 4825] ✓ Updated: 32.93 (synced daily for consistency)
[2026-02-01 08:36:24]   [emp_id: 4837] ✓ Updated: 47.03 (synced daily for consistency)
[2026-02-01 08:36:24]   [emp_id: 4840] ✓ Updated: 47.03 (synced daily for consistency)
[2026-02-01 08:36:24]   [emp_id: 4842] ✓ Updated: 46.27 (synced daily for consistency)
[2026-02-01 08:36:24]   [emp_id: 4843] ✓ Updated: 46.8 (synced daily for consistency)
[2026-02-01 08:36:24]   [emp_id: 4856] ✓ Updated: 43.94 (synced daily for consistency)
[2026-02-01 08:36:24]   [emp_id: 4857] ✓ Updated: 26.76 (synced daily for consistency)
[2026-02-01 08:36:24]   [emp_id: 4858] ✓ Updated: 23.64 (synced daily for consistency)
[2026-02-01 08:36:24]   [emp_id: 4859] ✓ Updated: 45.11 (synced daily for consistency)
[2026-02-01 08:36:24]   [emp_id: 4860] ✓ Updated: 9.61 (synced daily for consistency)
[2026-02-01 08:36:24]   [emp_id: 4861] ✓ Updated: 43.07 (synced daily for consistency)
[2026-02-01 08:36:24]   [emp_id: 4869] ✓ Updated: 85.95 (synced daily for consistency)
[2026-02-01 08:36:24]   [emp_id: 4894] ✓ Updated: 9.85 (synced daily for consistency)
[2026-02-01 08:36:24]   [emp_id: 4897] ✓ Updated: 24.85 (synced daily for consistency)
[2026-02-01 08:36:24]   [emp_id: 4899] ✓ Updated: 21.02 (synced daily for consistency)
[2026-02-01 08:36:24]   [emp_id: 4902] ✓ Updated: 20.44 (synced daily for consistency)
[2026-02-01 08:36:24]   [emp_id: 4903] ✓ Updated: 22.66 (synced daily for consistency)
[2026-02-01 08:36:24]   [emp_id: 4905] ✓ Updated: 21.32 (synced daily for consistency)
[2026-02-01 08:36:24]   [emp_id: 4907] ✓ Updated: 49.93 (synced daily for consistency)
[2026-02-01 08:36:24]   [emp_id: 4917] ✓ Updated: 18.28 (synced daily for consistency)
[2026-02-01 08:36:24]   [emp_id: 4918] ✓ Updated: 8.05 (synced daily for consistency)
[2026-02-01 08:36:24]   [emp_id: 4919] ✓ Updated: 60.34 (synced daily for consistency)
[2026-02-01 08:36:24]   [emp_id: 4920] ✓ Updated: 7.42 (synced daily for consistency)
[2026-02-01 08:36:24]   [emp_id: 4921] ✓ Updated: 19.51 (synced daily for consistency)
[2026-02-01 08:36:24]   [emp_id: 4927] ✓ Updated: 18.34 (synced daily for consistency)
[2026-02-01 08:36:24]   [emp_id: 4929] ✓ Updated: 19.86 (synced daily for consistency)
[2026-02-01 08:36:24]   [emp_id: 4930] ✓ Updated: 60.63 (synced daily for consistency)
[2026-02-01 08:36:24]   [emp_id: 4932] ✓ Updated: 18.63 (synced daily for consistency)
[2026-02-01 08:36:24]   [emp_id: 4933] ✓ Updated: 22.04 (synced daily for consistency)
[2026-02-01 08:36:24]   [emp_id: 4949] ✓ Updated: 25.47 (synced daily for consistency)
[2026-02-01 08:36:24]   [emp_id: 4956] ✓ Updated: 31.06 (synced daily for consistency)
[2026-02-01 08:36:24]   [emp_id: 4957] ✓ Updated: 26.73 (synced daily for consistency)
[2026-02-01 08:36:24]   [emp_id: 4962] ✓ Updated: 49.29 (synced daily for consistency)
[2026-02-01 08:36:24]   [emp_id: 4969] ✓ Updated: 48.6 (synced daily for consistency)
[2026-02-01 08:36:24]   [emp_id: 4976] ✓ Updated: 11.75 (synced daily for consistency)
[2026-02-01 08:36:24]   [emp_id: 4984] ✓ Updated: 39.85 (synced daily for consistency)
[2026-02-01 08:36:24]   [emp_id: 4995] ✓ Updated: 51.92 (synced daily for consistency)
[2026-02-01 08:36:24]   [emp_id: 5004] ✓ Updated: 28.69 (synced daily for consistency)
[2026-02-01 08:36:24]   [emp_id: 5006] ✓ Updated: 28.43 (synced daily for consistency)
[2026-02-01 08:36:24]   [emp_id: 5011] ✓ Updated: 7.7 (synced daily for consistency)
[2026-02-01 08:36:24]   [emp_id: 5013] ✓ Updated: 68.8 (synced daily for consistency)
[2026-02-01 08:36:24]   [emp_id: 5018] ✓ Updated: 5.29 (synced daily for consistency)
[2026-02-01 08:36:24]   [emp_id: 5021] ✓ Updated: 62.95 (synced daily for consistency)
[2026-02-01 08:36:24]   [emp_id: 5024] ✓ Updated: 3.31 (synced daily for consistency)
[2026-02-01 08:36:24]   [emp_id: 5030] ✓ Updated: 33.26 (synced daily for consistency)
[2026-02-01 08:36:24]   [emp_id: 5033] ✓ Updated: 12.06 (synced daily for consistency)
[2026-02-01 08:36:24]   [emp_id: 5043] ✓ Updated: 32.52 (synced daily for consistency)
[2026-02-01 08:36:24]   [emp_id: 5045] ✓ Updated: 29.02 (synced daily for consistency)
[2026-02-01 08:36:24]   [emp_id: 5046] ✓ Updated: 24.21 (synced daily for consistency)
[2026-02-01 08:36:24]   [emp_id: 5049] ✓ Updated: 0.24 (synced daily for consistency)
[2026-02-01 08:36:24]   [emp_id: 5055] ✓ Updated: 20.46 (synced daily for consistency)
[2026-02-01 08:36:24]   [emp_id: 5058] ✓ Updated: 29.44 (synced daily for consistency)
[2026-02-01 08:36:24]   [emp_id: 5062] ✓ Updated: 41.27 (synced daily for consistency)
[2026-02-01 08:36:24]   [emp_id: 5064] ✓ Updated: 119.85 (synced daily for consistency)
[2026-02-01 08:36:24]   [emp_id: 5065] ✓ Updated: 40.68 (synced daily for consistency)
[2026-02-01 08:36:24]   [emp_id: 5071] ✓ Updated: 25.35 (synced daily for consistency)
[2026-02-01 08:36:24]   [emp_id: 5073] ✓ Updated: 15.28 (synced daily for consistency)
[2026-02-01 08:36:24]   [emp_id: 5079] ✓ Updated: 35.84 (synced daily for consistency)
[2026-02-01 08:36:24]   [emp_id: 5080] ✓ Updated: 29.17 (synced daily for consistency)
[2026-02-01 08:36:24]   [emp_id: 5081] ✓ Updated: 17.43 (synced daily for consistency)
[2026-02-01 08:36:25]   [emp_id: 5087] ✓ Updated: 37.47 (synced daily for consistency)
[2026-02-01 08:36:25]   [emp_id: 5091] ✓ Updated: 77.32 (synced daily for consistency)
[2026-02-01 08:36:25]   [emp_id: 5093] ✓ Updated: 16.52 (synced daily for consistency)
[2026-02-01 08:36:25]   [emp_id: 5095] ✓ Updated: 2.86 (synced daily for consistency)
[2026-02-01 08:36:25]   [emp_id: 5101] ✓ Updated: 18.6 (synced daily for consistency)
[2026-02-01 08:36:25]   [emp_id: 5107] ✓ Updated: 16.93 (synced daily for consistency)
[2026-02-01 08:36:25]   [emp_id: 5109] ✓ Updated: 14.18 (synced daily for consistency)
[2026-02-01 08:36:25]   [emp_id: 5119] ✓ Updated: 12.35 (synced daily for consistency)
[2026-02-01 08:36:25]   [emp_id: 5122] ✓ Updated: 9.52 (synced daily for consistency)
[2026-02-01 08:36:25]   [emp_id: 5126] ✓ Updated: 28.2 (synced daily for consistency)
[2026-02-01 08:36:25]   [emp_id: 5127] ✓ Updated: 24.99 (synced daily for consistency)
[2026-02-01 08:36:25]   [emp_id: 5128] ✓ Updated: 28.14 (synced daily for consistency)
[2026-02-01 08:36:25]   [emp_id: 5138] ✓ Updated: 52.18 (synced daily for consistency)
[2026-02-01 08:36:25]   [emp_id: 5138] ✓ Updated: 52.18 (synced daily for consistency)
[2026-02-01 08:36:25]   [emp_id: 5141] ✓ Updated: 36.51 (synced daily for consistency)
[2026-02-01 08:36:25]   [emp_id: 5142] ✓ Updated: 5.51 (synced daily for consistency)
[2026-02-01 08:36:25]   [emp_id: 5146] ✓ Updated: 22.51 (synced daily for consistency)
[2026-02-01 08:36:25]   [emp_id: 5147] ✓ Updated: 21.51 (synced daily for consistency)
[2026-02-01 08:36:25]   [emp_id: 5148] ✓ Updated: 26.86 (synced daily for consistency)
[2026-02-01 08:36:25]   [emp_id: 5149] ✓ Updated: 25.75 (synced daily for consistency)
[2026-02-01 08:36:25]   [emp_id: 5150] ✓ Updated: 25.11 (synced daily for consistency)
[2026-02-01 08:36:25]   [emp_id: 5151] ✓ Updated: 24.93 (synced daily for consistency)
[2026-02-01 08:36:25]   [emp_id: 5152] ✓ Updated: 5.35 (synced daily for consistency)
[2026-02-01 08:36:25]   [emp_id: 5157] ✓ Updated: 24.93 (synced daily for consistency)
[2026-02-01 08:36:25]   [emp_id: 5160] ✓ Updated: 24.93 (synced daily for consistency)
[2026-02-01 08:36:25]   [emp_id: 5163] ✓ Updated: 22.72 (synced daily for consistency)
[2026-02-01 08:36:25]   [emp_id: 5165] ✓ Updated: 3.62 (synced daily for consistency)
[2026-02-01 08:36:25]   [emp_id: 5167] ✓ Updated: 31.87 (synced daily for consistency)
[2026-02-01 08:36:25]   [emp_id: 5168] ✓ Updated: 24.41 (synced daily for consistency)
[2026-02-01 08:36:25]   [emp_id: 5173] ✓ Updated: 27.27 (synced daily for consistency)
[2026-02-01 08:36:25]   [emp_id: 5174] ✓ Updated: 24.87 (synced daily for consistency)
[2026-02-01 08:36:25]   [emp_id: 5181] ✓ Updated: 21.26 (synced daily for consistency)
[2026-02-01 08:36:25]   [emp_id: 5187] ✓ Updated: 37.79 (synced daily for consistency)
[2026-02-01 08:36:25]   [emp_id: 5204] ✓ Updated: 20.77 (synced daily for consistency)
[2026-02-01 08:36:25]   [emp_id: 5205] ✓ Updated: 14 (synced daily for consistency)
[2026-02-01 08:36:25]   [emp_id: 5209] ✓ Updated: 16 (synced daily for consistency)
[2026-02-01 08:36:25]   [emp_id: 5213] ✓ Updated: 4.41 (synced daily for consistency)
[2026-02-01 08:36:25]   [emp_id: 5214] ✓ Updated: 3.25 (synced daily for consistency)
[2026-02-01 08:36:25]   [emp_id: 5215] ✓ Updated: 12 (synced daily for consistency)
[2026-02-01 08:36:25]   [emp_id: 5217] ✓ Updated: 10 (synced daily for consistency)
[2026-02-01 08:36:25]   [emp_id: 5219] ✓ Updated: 15 (synced daily for consistency)
[2026-02-01 08:36:25]   [emp_id: 5221] ✓ Updated: 4.31 (synced daily for consistency)
[2026-02-01 08:36:25]   [emp_id: 5224] ✓ Updated: 16 (synced daily for consistency)
[2026-02-01 08:36:25]   [emp_id: 5229] ✓ Updated: 7 (synced daily for consistency)
[2026-02-01 08:36:25]   [emp_id: 5230] ✓ Updated: 11.67 (synced daily for consistency)
[2026-02-01 08:36:25]   [emp_id: 5231] ✓ Updated: 8 (synced daily for consistency)
[2026-02-01 08:36:25]   [emp_id: 5232] ✓ Updated: 2 (synced daily for consistency)
[2026-02-01 08:36:25]   [emp_id: 5233] ✓ Updated: 6 (synced daily for consistency)
[2026-02-01 08:36:25]   [emp_id: 5235] ✓ Updated: 1.44 (synced daily for consistency)
[2026-02-01 08:36:25]   [emp_id: 5237] ✓ Updated: 12.25 (synced daily for consistency)
[2026-02-01 08:36:25]   [emp_id: 5239] ✓ Updated: 5 (synced daily for consistency)
[2026-02-01 08:36:25]   [emp_id: 5241] ✓ Updated: 7 (synced daily for consistency)
[2026-02-01 08:36:25]   [emp_id: 5242] ✓ Updated: 17 (synced daily for consistency)
[2026-02-01 08:36:25]   [emp_id: 5243] ✓ Updated: 3.41 (synced daily for consistency)
[2026-02-01 08:36:25]   [emp_id: 5244] ✓ Updated: 1.44 (synced daily for consistency)
[2026-02-01 08:36:25]   [emp_id: 5246] ✓ Updated: 13 (synced daily for consistency)
[2026-02-01 08:36:25]   [emp_id: 5253] ✓ Updated: 24.87 (synced daily for consistency)
[2026-02-01 08:36:25]   [emp_id: 5254] ✓ Updated: 2.85 (synced daily for consistency)
[2026-02-01 08:36:25]   [emp_id: 5257] ✓ Updated: 13.56 (synced daily for consistency)
[2026-02-01 08:36:25]   [emp_id: 5259] ✓ Updated: 50.09 (synced daily for consistency)
[2026-02-01 08:36:25]   [emp_id: 5261] ✓ Updated: 6.37 (synced daily for consistency)
[2026-02-01 08:36:25]   [emp_id: 5264] ✓ Updated: 15.57 (synced daily for consistency)
[2026-02-01 08:36:25]   [emp_id: 5266] ✓ Updated: 22.19 (synced daily for consistency)
[2026-02-01 08:36:25]   [emp_id: 5268] ✓ Updated: 10.76 (synced daily for consistency)
[2026-02-01 08:36:25]   [emp_id: 5271] ✓ Updated: 9.42 (synced daily for consistency)
[2026-02-01 08:36:25]   [emp_id: 5272] ✓ Updated: 10.29 (synced daily for consistency)
[2026-02-01 08:36:25]   [emp_id: 5273] ✓ Updated: 25.36 (synced daily for consistency)
[2026-02-01 08:36:25]   [emp_id: 5275] ✓ Updated: 11.11 (synced daily for consistency)
[2026-02-01 08:36:25]   [emp_id: 5276] ✓ Updated: 25.38 (synced daily for consistency)
[2026-02-01 08:36:25]   [emp_id: 5278] ✓ Updated: 9.77 (synced daily for consistency)
[2026-02-01 08:36:25]   [emp_id: 5280] ✓ Updated: 20.17 (synced daily for consistency)
[2026-02-01 08:36:25]   [emp_id: 5282] ✓ Updated: 13.85 (synced daily for consistency)
[2026-02-01 08:36:25]   [emp_id: 5285] ✓ Updated: 30.17 (synced daily for consistency)
[2026-02-01 08:36:25]   [emp_id: 5286] ✓ Updated: 17.17 (synced daily for consistency)
[2026-02-01 08:36:25]   [emp_id: 5287] ✓ Updated: 51.47 (synced daily for consistency)
[2026-02-01 08:36:25]   [emp_id: 5288] ✓ Updated: 8.74 (synced daily for consistency)
[2026-02-01 08:36:25]   [emp_id: 5289] ✓ Updated: 50.02 (synced daily for consistency)
[2026-02-01 08:36:26]   [emp_id: 5290] ✓ Updated: 48.79 (synced daily for consistency)
[2026-02-01 08:36:26]   [emp_id: 5291] ✓ Updated: 6.79 (synced daily for consistency)
[2026-02-01 08:36:26]   [emp_id: 5292] ✓ Updated: 6.73 (synced daily for consistency)
[2026-02-01 08:36:26]   [emp_id: 5293] ✓ Updated: 10.11 (synced daily for consistency)
[2026-02-01 08:36:26]   [emp_id: 5294] ✓ Updated: 9.77 (synced daily for consistency)
[2026-02-01 08:36:26]   [emp_id: 5295] ✓ Updated: 22.97 (synced daily for consistency)
[2026-02-01 08:36:26]   [emp_id: 5296] ✓ Updated: 30.79 (synced daily for consistency)
[2026-02-01 08:36:26]   [emp_id: 5297] ✓ Updated: 47.39 (synced daily for consistency)
[2026-02-01 08:36:26]   [emp_id: 5298] ✓ Updated: 47.39 (synced daily for consistency)
[2026-02-01 08:36:26]   [emp_id: 5299] ✓ Updated: 47.39 (synced daily for consistency)
[2026-02-01 08:36:26]   [emp_id: 5300] ✓ Updated: 47.39 (synced daily for consistency)
[2026-02-01 08:36:26]   [emp_id: 5301] ✓ Updated: 5.21 (synced daily for consistency)
[2026-02-01 08:36:26]   [emp_id: 5303] ✓ Updated: 5.64 (synced daily for consistency)
[2026-02-01 08:36:26]   [emp_id: 5304] ✓ Updated: 2.39 (synced daily for consistency)
[2026-02-01 08:36:26]   [emp_id: 5305] ✓ Updated: 5.39 (synced daily for consistency)
[2026-02-01 08:36:26]   [emp_id: 5306] ✓ Updated: 47.1 (synced daily for consistency)
[2026-02-01 08:36:26]   [emp_id: 5307] ✓ Updated: 47.1 (synced daily for consistency)
[2026-02-01 08:36:26]   [emp_id: 5312] ✓ Updated: 1.44 (synced daily for consistency)
[2026-02-01 08:36:26]   [emp_id: 5318] ✓ Updated: 22.81 (synced daily for consistency)
[2026-02-01 08:36:26]   [emp_id: 5325] ✓ Updated: 1.77 (synced daily for consistency)
[2026-02-01 08:36:26]   [emp_id: 5327] ✓ Updated: 2.86 (synced daily for consistency)
[2026-02-01 08:36:26]   [emp_id: 5337] ✓ Updated: 37.68 (synced daily for consistency)
[2026-02-01 08:36:26]   [emp_id: 5339] ✓ Updated: 11.96 (synced daily for consistency)
[2026-02-01 08:36:26]   [emp_id: 5343] ✓ Updated: 47.6 (synced daily for consistency)
[2026-02-01 08:36:26]   [emp_id: 5343] ✓ Updated: 47.6 (synced daily for consistency)
[2026-02-01 08:36:26]   [emp_id: 5345] ✓ Updated: 17.43 (synced daily for consistency)
[2026-02-01 08:36:26]   [emp_id: 5346] ✓ Updated: 3.68 (synced daily for consistency)
[2026-02-01 08:36:26]   [emp_id: 5351] ✓ Updated: 18.62 (synced daily for consistency)
[2026-02-01 08:36:26]   [emp_id: 5352] ✓ Updated: 27.85 (synced daily for consistency)
[2026-02-01 08:36:26]   [emp_id: 5370] ✓ Updated: 17.27 (synced daily for consistency)
[2026-02-01 08:36:26]   [emp_id: 5371] ✓ Updated: 9.6 (synced daily for consistency)
[2026-02-01 08:36:26]   [emp_id: 5376] ✓ Updated: 11.87 (synced daily for consistency)
[2026-02-01 08:36:26]   [emp_id: 5378] ✓ Updated: 19.68 (synced daily for consistency)
[2026-02-01 08:36:26]   [emp_id: 5380] ✓ Updated: 18.28 (synced daily for consistency)
[2026-02-01 08:36:26]   [emp_id: 5381] ✓ Updated: 12.12 (synced daily for consistency)
[2026-02-01 08:36:26]   [emp_id: 5383] ✓ Updated: 17.43 (synced daily for consistency)
[2026-02-01 08:36:26]   [emp_id: 5388] ✓ Updated: 29.06 (synced daily for consistency)
[2026-02-01 08:36:26]   [emp_id: 5396] ✓ Updated: 30.3 (synced daily for consistency)
[2026-02-01 08:36:26]   [emp_id: 5397] ✓ Updated: 21.76 (synced daily for consistency)
[2026-02-01 08:36:26]   [emp_id: 5401] ✓ Updated: 24.87 (synced daily for consistency)
[2026-02-01 08:36:26]   [emp_id: 5402] ✓ Updated: 24.99 (synced daily for consistency)
[2026-02-01 08:36:26]   [emp_id: 5406] ✓ Updated: 18.71 (synced daily for consistency)
[2026-02-01 08:36:26]   [emp_id: 5407] ✓ Updated: 18.2 (synced daily for consistency)
[2026-02-01 08:36:26]   [emp_id: 5409] ✓ Updated: 18.05 (synced daily for consistency)
[2026-02-01 08:36:26]   [emp_id: 5413] ✓ Updated: 30.6 (synced daily for consistency)
[2026-02-01 08:36:26]   [emp_id: 5415] ✓ Updated: 6.2 (synced daily for consistency)
[2026-02-01 08:36:26]   [emp_id: 5418] ✓ Updated: 17.11 (synced daily for consistency)
[2026-02-01 08:36:26]   [emp_id: 5422] ✓ Updated: 22.93 (synced daily for consistency)
[2026-02-01 08:36:26]   [emp_id: 5423] ✓ Updated: 5.62 (synced daily for consistency)
[2026-02-01 08:36:26]   [emp_id: 5425] ✓ Updated: 15.66 (synced daily for consistency)
[2026-02-01 08:36:26]   [emp_id: 5426] ✓ Updated: 4.17 (synced daily for consistency)
[2026-02-01 08:36:26]   [emp_id: 5426] ✓ Updated: 4.17 (synced daily for consistency)
[2026-02-01 08:36:26]   [emp_id: 5427] ✓ Updated: 15.77 (synced daily for consistency)
[2026-02-01 08:36:26]   [emp_id: 5428] ✓ Updated: 15.66 (synced daily for consistency)
[2026-02-01 08:36:26]   [emp_id: 5430] ✓ Updated: 19.99 (synced daily for consistency)
[2026-02-01 08:36:26]   [emp_id: 5431] ✓ Updated: 14.78 (synced daily for consistency)
[2026-02-01 08:36:26]   [emp_id: 5433] ✓ Updated: 14.8 (synced daily for consistency)
[2026-02-01 08:36:26]   [emp_id: 5434] ✓ Updated: 14.55 (synced daily for consistency)
[2026-02-01 08:36:26]   [emp_id: 5435] ✓ Updated: 14.49 (synced daily for consistency)
[2026-02-01 08:36:26]   [emp_id: 5438] ✓ Updated: 17.85 (synced daily for consistency)
[2026-02-01 08:36:26]   [emp_id: 5439] ✓ Updated: 27.35 (synced daily for consistency)
[2026-02-01 08:36:26]   [emp_id: 5442] ✓ Updated: 16.35 (synced daily for consistency)
[2026-02-01 08:36:26]   [emp_id: 5445] ✓ Updated: 8.95 (synced daily for consistency)
[2026-02-01 08:36:26]   [emp_id: 5446] ✓ Updated: 8.95 (synced daily for consistency)
[2026-02-01 08:36:26]   [emp_id: 5447] ✓ Updated: 8.89 (synced daily for consistency)
[2026-02-01 08:36:26]   [emp_id: 5448] ✓ Updated: 3.37 (synced daily for consistency)
[2026-02-01 08:36:26]   [emp_id: 5449] ✓ Updated: 6.97 (synced daily for consistency)
[2026-02-01 08:36:26]   [emp_id: 5450] ✓ Updated: 6.91 (synced daily for consistency)
[2026-02-01 08:36:26]   [emp_id: 5451] ✓ Updated: 6.91 (synced daily for consistency)
[2026-02-01 08:36:26]   [emp_id: 5453] ✓ Updated: 6.75 (synced daily for consistency)
[2026-02-01 08:36:26]   [emp_id: 5454] ✓ Updated: 9.43 (synced daily for consistency)
[2026-02-01 08:36:26]   [emp_id: 5455] ✓ Updated: 3.68 (synced daily for consistency)
[2026-02-01 08:36:26]   [emp_id: 5456] ✓ Updated: 8.68 (synced daily for consistency)
[2026-02-01 08:36:26]   [emp_id: 5457] ✓ Updated: 6 (synced daily for consistency)
[2026-02-01 08:36:26]   [emp_id: 5460] ✓ Updated: 7.33 (synced daily for consistency)
[2026-02-01 08:36:26]   [emp_id: 5463] ✓ Updated: 6.66 (synced daily for consistency)
[2026-02-01 08:36:26]   [emp_id: 5464] ✓ Updated: 6.66 (synced daily for consistency)
[2026-02-01 08:36:27]   [emp_id: 5466] ✓ Updated: 4.41 (synced daily for consistency)
[2026-02-01 08:36:27]   [emp_id: 5468] ✓ Updated: 2.28 (synced daily for consistency)
[2026-02-01 08:36:27]   [emp_id: 5469] ✓ Updated: 2.19 (synced daily for consistency)
[2026-02-01 08:36:27]   [emp_id: 5471] ✓ Updated: 1.04 (synced daily for consistency)
[2026-02-01 08:36:27] Report saved to: /home/almutlak/public_html/hr/cron_logs/last_vacation_update_report.json
[2026-02-01 08:36:46] ========== CRON: Vacation Balance Update Started ==========
[2026-02-01 08:51:28] ========== CRON: Vacation Balance Update Started ==========
[2026-02-01 08:51:28] FORCE RUN enabled: Bypassing once-per-day restriction
[2026-02-01 08:51:28] Database connection established
[2026-02-01 08:51:28] Found 422 active employees with balance records to update
[2026-02-01 08:51:28] (Only employees with status=1 will be processed)
[2026-02-01 08:51:28]   [emp_id: 1061] ✓ Updated: 1.92 (synced daily for consistency)
[2026-02-01 08:51:28]   [emp_id: 1496] ✓ Updated: 18.77 (synced daily for consistency)
[2026-02-01 08:51:28]   [emp_id: 1500] ✓ Updated: 6.45 (synced daily for consistency)
[2026-02-01 08:51:28]   [emp_id: 1673] ✓ Updated: 47.18 (synced daily for consistency)
[2026-02-01 08:51:28]   [emp_id: 1685] ✓ Updated: 17.1 (synced daily for consistency)
[2026-02-01 08:51:28]   [emp_id: 1764] ✓ Updated: 71.77 (synced daily for consistency)
[2026-02-01 08:51:28]   [emp_id: 1805] ✓ Updated: 66.1 (synced daily for consistency)
[2026-02-01 08:51:28]   [emp_id: 1822] ✓ Updated: 70.85 (synced daily for consistency)
[2026-02-01 08:51:28]   [emp_id: 1837] ✓ Updated: 27.02 (synced daily for consistency)
[2026-02-01 08:51:28]   [emp_id: 1857] ✓ Updated: 22.35 (synced daily for consistency)
[2026-02-01 08:51:28]   [emp_id: 1861] ✓ Updated: 73.18 (synced daily for consistency)
[2026-02-01 08:51:28]   [emp_id: 1872] ✓ Updated: 12.02 (synced daily for consistency)
[2026-02-01 08:51:28]   [emp_id: 1897] ✓ Updated: 7.35 (synced daily for consistency)
[2026-02-01 08:51:28]   [emp_id: 1916] ✓ Updated: 13.65 (synced daily for consistency)
[2026-02-01 08:51:28]   [emp_id: 1928] ✓ Updated: 66.6 (synced daily for consistency)
[2026-02-01 08:51:28]   [emp_id: 1931] ✓ Updated: 86.52 (synced daily for consistency)
[2026-02-01 08:51:28]   [emp_id: 1944] ✓ Updated: 44.68 (synced daily for consistency)
[2026-02-01 08:51:28]   [emp_id: 1996] ✓ Updated: 1.18 (synced daily for consistency)
[2026-02-01 08:51:28]   [emp_id: 1997] ✓ Updated: 38.35 (synced daily for consistency)
[2026-02-01 08:51:28]   [emp_id: 1998] ✓ Updated: 29.79 (synced daily for consistency)
[2026-02-01 08:51:28]   [emp_id: 1999] ✓ Updated: 30.79 (synced daily for consistency)
[2026-02-01 08:51:28]   [emp_id: 2009] ✓ Updated: 37.1 (synced daily for consistency)
[2026-02-01 08:51:28]   [emp_id: 2048] ✓ Updated: 26.93 (synced daily for consistency)
[2026-02-01 08:51:28]   [emp_id: 2057] ✓ Updated: 67.77 (synced daily for consistency)
[2026-02-01 08:51:28]   [emp_id: 2079] ✓ Updated: 50.1 (synced daily for consistency)
[2026-02-01 08:51:28]   [emp_id: 2181] ✓ Updated: 39.1 (synced daily for consistency)
[2026-02-01 08:51:28]   [emp_id: 2190] ✓ Updated: 8.43 (synced daily for consistency)
[2026-02-01 08:51:28]   [emp_id: 2212] ✓ Updated: 26.43 (synced daily for consistency)
[2026-02-01 08:51:28]   [emp_id: 2226] ✓ Updated: 71.18 (synced daily for consistency)
[2026-02-01 08:51:28]   [emp_id: 2238] ✓ Updated: 69.43 (synced daily for consistency)
[2026-02-01 08:51:28]   [emp_id: 2285] ✓ Updated: 38.1 (synced daily for consistency)
[2026-02-01 08:51:28]   [emp_id: 2287] ✓ Updated: 49.77 (synced daily for consistency)
[2026-02-01 08:51:28]   [emp_id: 2288] ✓ Updated: 4.79 (synced daily for consistency)
[2026-02-01 08:51:28]   [emp_id: 2316] ✓ Updated: 18.6 (synced daily for consistency)
[2026-02-01 08:51:29]   [emp_id: 2337] ✓ Updated: 39.68 (synced daily for consistency)
[2026-02-01 08:51:29]   [emp_id: 2352] ✓ Updated: 71.18 (synced daily for consistency)
[2026-02-01 08:51:29]   [emp_id: 2358] ✓ Updated: 7.68 (synced daily for consistency)
[2026-02-01 08:51:29]   [emp_id: 2361] ✓ Updated: 73.35 (synced daily for consistency)
[2026-02-01 08:51:29]   [emp_id: 2363] ✓ Updated: 75.93 (synced daily for consistency)
[2026-02-01 08:51:29]   [emp_id: 2364] ✓ Updated: 75.35 (synced daily for consistency)
[2026-02-01 08:51:29]   [emp_id: 2367] ✓ Updated: 103.02 (synced daily for consistency)
[2026-02-01 08:51:29]   [emp_id: 2368] ✓ Updated: 33.43 (synced daily for consistency)
[2026-02-01 08:51:29]   [emp_id: 2372] ✓ Updated: 70.68 (synced daily for consistency)
[2026-02-01 08:51:29]   [emp_id: 2376] ✓ Updated: 120.68 (synced daily for consistency)
[2026-02-01 08:51:29]   [emp_id: 2423] ✓ Updated: 21.43 (synced daily for consistency)
[2026-02-01 08:51:29]   [emp_id: 2519] ✓ Updated: 115.1 (synced daily for consistency)
[2026-02-01 08:51:29]   [emp_id: 2522] ✓ Updated: 58.68 (synced daily for consistency)
[2026-02-01 08:51:29]   [emp_id: 2530] ✓ Updated: 53.93 (synced daily for consistency)
[2026-02-01 08:51:29]   [emp_id: 2539] ✓ Updated: 50.68 (synced daily for consistency)
[2026-02-01 08:51:29]   [emp_id: 2541] ✓ Updated: 31.27 (synced daily for consistency)
[2026-02-01 08:51:29]   [emp_id: 2550] ✓ Updated: 97.43 (synced daily for consistency)
[2026-02-01 08:51:29]   [emp_id: 2553] ✓ Updated: 34.54 (synced daily for consistency)
[2026-02-01 08:51:29]   [emp_id: 2554] ✓ Updated: 41.02 (synced daily for consistency)
[2026-02-01 08:51:29]   [emp_id: 2565] ✓ Updated: 5.6 (synced daily for consistency)
[2026-02-01 08:51:29]   [emp_id: 2572] ✓ Updated: 45.6 (synced daily for consistency)
[2026-02-01 08:51:29]   [emp_id: 2637] ✓ Updated: 6.18 (synced daily for consistency)
[2026-02-01 08:51:29]   [emp_id: 2642] ✓ Updated: 78.93 (synced daily for consistency)
[2026-02-01 08:51:29]   [emp_id: 2645] ✓ Updated: 94.93 (synced daily for consistency)
[2026-02-01 08:51:29]   [emp_id: 2648] ✓ Updated: 46.6 (synced daily for consistency)
[2026-02-01 08:51:29]   [emp_id: 2654] ✓ Updated: 89.27 (synced daily for consistency)
[2026-02-01 08:51:29]   [emp_id: 2688] ✓ Updated: 27.35 (synced daily for consistency)
[2026-02-01 08:51:29]   [emp_id: 2690] ✓ Updated: 16.1 (synced daily for consistency)
[2026-02-01 08:51:29]   [emp_id: 2709] ✓ Updated: 38.35 (synced daily for consistency)
[2026-02-01 08:51:29]   [emp_id: 2745] ✓ Updated: 34.93 (synced daily for consistency)
[2026-02-01 08:51:29]   [emp_id: 2843] ✓ Updated: 81.52 (synced daily for consistency)
[2026-02-01 08:51:29]   [emp_id: 2854] ✓ Updated: 61.43 (synced daily for consistency)
[2026-02-01 08:51:29]   [emp_id: 2869] ✓ Updated: 5.35 (synced daily for consistency)
[2026-02-01 08:51:29]   [emp_id: 2876] ✓ Updated: 36.18 (synced daily for consistency)
[2026-02-01 08:51:29]   [emp_id: 2924] ✓ Updated: 17.35 (synced daily for consistency)
[2026-02-01 08:51:29]   [emp_id: 2953] ✓ Updated: 103.1 (synced daily for consistency)
[2026-02-01 08:51:29]   [emp_id: 2961] ✓ Updated: 13.1 (synced daily for consistency)
[2026-02-01 08:51:29]   [emp_id: 2975] ✓ Updated: 2.78 (synced daily for consistency)
[2026-02-01 08:51:29]   [emp_id: 3013] ✓ Updated: 12.1 (synced daily for consistency)
[2026-02-01 08:51:29]   [emp_id: 3014] ✓ Updated: 91.35 (synced daily for consistency)
[2026-02-01 08:51:29]   [emp_id: 3015] ✓ Updated: 2.6 (synced daily for consistency)
[2026-02-01 08:51:29]   [emp_id: 3018] ✓ Updated: 61.35 (synced daily for consistency)
[2026-02-01 08:51:29]   [emp_id: 3025] ✓ Updated: 25.12 (synced daily for consistency)
[2026-02-01 08:51:29]   [emp_id: 3037] ✓ Updated: 4.85 (synced daily for consistency)
[2026-02-01 08:51:29]   [emp_id: 3047] ✓ Updated: 73.1 (synced daily for consistency)
[2026-02-01 08:51:29]   [emp_id: 3061] ✓ Updated: 20.02 (synced daily for consistency)
[2026-02-01 08:51:29]   [emp_id: 3062] ✓ Updated: 53.18 (synced daily for consistency)
[2026-02-01 08:51:29]   [emp_id: 3074] ✓ Updated: 109.6 (synced daily for consistency)
[2026-02-01 08:51:29]   [emp_id: 3089] ✓ Updated: 8.52 (synced daily for consistency)
[2026-02-01 08:51:29]   [emp_id: 3090] ✓ Updated: 35.1 (synced daily for consistency)
[2026-02-01 08:51:29]   [emp_id: 3091] ✓ Updated: 47.1 (synced daily for consistency)
[2026-02-01 08:51:29]   [emp_id: 3092] ✓ Updated: 29.77 (synced daily for consistency)
[2026-02-01 08:51:29]   [emp_id: 3105] ✓ Updated: 50.1 (synced daily for consistency)
[2026-02-01 08:51:29]   [emp_id: 3134] ✓ Updated: 45.85 (synced daily for consistency)
[2026-02-01 08:51:29]   [emp_id: 3140] ✓ Updated: 42.93 (synced daily for consistency)
[2026-02-01 08:51:29]   [emp_id: 3144] ✓ Updated: 15.77 (synced daily for consistency)
[2026-02-01 08:51:29]   [emp_id: 3156] ✓ Updated: 19.1 (synced daily for consistency)
[2026-02-01 08:51:29]   [emp_id: 3162] ✓ Updated: 4.08 (synced daily for consistency)
[2026-02-01 08:51:29]   [emp_id: 3163] ✓ Updated: 7.35 (synced daily for consistency)
[2026-02-01 08:51:29]   [emp_id: 3198] ✓ Updated: 42.35 (synced daily for consistency)
[2026-02-01 08:51:29]   [emp_id: 3205] ✓ Updated: 19.02 (synced daily for consistency)
[2026-02-01 08:51:30]   [emp_id: 3209] ✓ Updated: 43.18 (synced daily for consistency)
[2026-02-01 08:51:30]   [emp_id: 3223] ✓ Updated: 92.1 (synced daily for consistency)
[2026-02-01 08:51:30]   [emp_id: 3224] ✓ Updated: 66.85 (synced daily for consistency)
[2026-02-01 08:51:30]   [emp_id: 3230] ✓ Updated: 90.27 (synced daily for consistency)
[2026-02-01 08:51:30]   [emp_id: 3231] ✓ Updated: 2.64 (synced daily for consistency)
[2026-02-01 08:51:30]   [emp_id: 3233] ✓ Updated: 79.1 (synced daily for consistency)
[2026-02-01 08:51:30]   [emp_id: 3249] ✓ Updated: 38.93 (synced daily for consistency)
[2026-02-01 08:51:30]   [emp_id: 3250] ✓ Updated: 11.93 (synced daily for consistency)
[2026-02-01 08:51:30]   [emp_id: 3252] ✓ Updated: 12.85 (synced daily for consistency)
[2026-02-01 08:51:30]   [emp_id: 3254] ✓ Updated: 23.35 (synced daily for consistency)
[2026-02-01 08:51:30]   [emp_id: 3255] ✓ Updated: 19.77 (synced daily for consistency)
[2026-02-01 08:51:30]   [emp_id: 3256] ✓ Updated: 16.02 (synced daily for consistency)
[2026-02-01 08:51:30]   [emp_id: 3263] ✓ Updated: 32.1 (synced daily for consistency)
[2026-02-01 08:51:30]   [emp_id: 3265] ✓ Updated: 27.68 (synced daily for consistency)
[2026-02-01 08:51:30]   [emp_id: 3280] ✓ Updated: 15.6 (synced daily for consistency)
[2026-02-01 08:51:30]   [emp_id: 3286] ✓ Updated: 17.77 (synced daily for consistency)
[2026-02-01 08:51:30]   [emp_id: 3294] ✓ Updated: 15.43 (synced daily for consistency)
[2026-02-01 08:51:30]   [emp_id: 3321] ✓ Updated: 74.6 (synced daily for consistency)
[2026-02-01 08:51:30]   [emp_id: 3325] ✓ Updated: 62.35 (synced daily for consistency)
[2026-02-01 08:51:30]   [emp_id: 3329] ✓ Updated: 64.68 (synced daily for consistency)
[2026-02-01 08:51:30]   [emp_id: 3330] ✓ Updated: 64.68 (synced daily for consistency)
[2026-02-01 08:51:30]   [emp_id: 3332] ✓ Updated: 64.68 (synced daily for consistency)
[2026-02-01 08:51:30]   [emp_id: 3384] ✓ Updated: 16.85 (synced daily for consistency)
[2026-02-01 08:51:30]   [emp_id: 3386] ✓ Updated: 46.85 (synced daily for consistency)
[2026-02-01 08:51:30]   [emp_id: 3431] ✓ Updated: 21.27 (synced daily for consistency)
[2026-02-01 08:51:30]   [emp_id: 3497] ✓ Updated: 11.43 (synced daily for consistency)
[2026-02-01 08:51:30]   [emp_id: 3532] ✓ Updated: 2.27 (synced daily for consistency)
[2026-02-01 08:51:30]   [emp_id: 3602] ✓ Updated: 3.84 (synced daily for consistency)
[2026-02-01 08:51:30]   [emp_id: 3618] ✓ Updated: 25.82 (synced daily for consistency)
[2026-02-01 08:51:30]   [emp_id: 3622] ✓ Updated: 36.21 (synced daily for consistency)
[2026-02-01 08:51:30]   [emp_id: 3627] ✓ Updated: 11.77 (synced daily for consistency)
[2026-02-01 08:51:30]   [emp_id: 3665] ✓ Updated: 53.35 (synced daily for consistency)
[2026-02-01 08:51:30]   [emp_id: 3705] ✓ Updated: 29.54 (synced daily for consistency)
[2026-02-01 08:51:30]   [emp_id: 3724] ✓ Updated: 46.35 (synced daily for consistency)
[2026-02-01 08:51:30]   [emp_id: 3726] ✓ Updated: 62.77 (synced daily for consistency)
[2026-02-01 08:51:30]   [emp_id: 3727] ✓ Updated: 67.85 (synced daily for consistency)
[2026-02-01 08:51:30]   [emp_id: 3728] ✓ Updated: 12.18 (synced daily for consistency)
[2026-02-01 08:51:30]   [emp_id: 3767] ✓ Updated: 2.93 (synced daily for consistency)
[2026-02-01 08:51:30]   [emp_id: 3768] ✓ Updated: 59.18 (synced daily for consistency)
[2026-02-01 08:51:30]   [emp_id: 3787] ✓ Updated: 59.77 (synced daily for consistency)
[2026-02-01 08:51:30]   [emp_id: 3790] ✓ Updated: 4.32 (synced daily for consistency)
[2026-02-01 08:51:30]   [emp_id: 3795] ✓ Updated: 17.27 (synced daily for consistency)
[2026-02-01 08:51:30]   [emp_id: 3798] ✓ Updated: 95.68 (synced daily for consistency)
[2026-02-01 08:51:30]   [emp_id: 3801] ✓ Updated: 3.95 (synced daily for consistency)
[2026-02-01 08:51:30]   [emp_id: 3802] ✓ Updated: 32.93 (synced daily for consistency)
[2026-02-01 08:51:30]   [emp_id: 3803] ✓ Updated: 27.35 (synced daily for consistency)
[2026-02-01 08:51:30]   [emp_id: 3810] ✓ Updated: 63.35 (synced daily for consistency)
[2026-02-01 08:51:30]   [emp_id: 3812] ✓ Updated: 92.35 (synced daily for consistency)
[2026-02-01 08:51:30]   [emp_id: 3815] ✓ Updated: 92.35 (synced daily for consistency)
[2026-02-01 08:51:30]   [emp_id: 3836] ✓ Updated: 60.02 (synced daily for consistency)
[2026-02-01 08:51:30]   [emp_id: 3855] ✓ Updated: 53.18 (synced daily for consistency)
[2026-02-01 08:51:30]   [emp_id: 3857] ✓ Updated: 56.85 (synced daily for consistency)
[2026-02-01 08:51:30]   [emp_id: 3862] ✓ Updated: 104.93 (synced daily for consistency)
[2026-02-01 08:51:30]   [emp_id: 3866] ✓ Updated: 30.18 (synced daily for consistency)
[2026-02-01 08:51:30]   [emp_id: 3876] ✓ Updated: 26.35 (synced daily for consistency)
[2026-02-01 08:51:30]   [emp_id: 3877] ✓ Updated: 51.85 (synced daily for consistency)
[2026-02-01 08:51:30]   [emp_id: 3897] ✓ Updated: 1.1 (synced daily for consistency)
[2026-02-01 08:51:30]   [emp_id: 3899] ✓ Updated: 1.92 (synced daily for consistency)
[2026-02-01 08:51:30]   [emp_id: 3928] ✓ Updated: 16.18 (synced daily for consistency)
[2026-02-01 08:51:30]   [emp_id: 3929] ✓ Updated: 11.18 (synced daily for consistency)
[2026-02-01 08:51:30]   [emp_id: 3935] ✓ Updated: 96.18 (synced daily for consistency)
[2026-02-01 08:51:30]   [emp_id: 3952] ✓ Updated: 77.52 (synced daily for consistency)
[2026-02-01 08:51:30]   [emp_id: 3987] ✓ Updated: 16.43 (synced daily for consistency)
[2026-02-01 08:51:30]   [emp_id: 4059] ✓ Updated: 5.63 (synced daily for consistency)
[2026-02-01 08:51:30]   [emp_id: 4119] ✓ Updated: 59.1 (synced daily for consistency)
[2026-02-01 08:51:30]   [emp_id: 4120] ✓ Updated: 28.68 (synced daily for consistency)
[2026-02-01 08:51:31]   [emp_id: 4124] ✓ Updated: 29.2 (synced daily for consistency)
[2026-02-01 08:51:31]   [emp_id: 4133] ✓ Updated: 107.68 (synced daily for consistency)
[2026-02-01 08:51:31]   [emp_id: 4134] ✓ Updated: 28.68 (synced daily for consistency)
[2026-02-01 08:51:31]   [emp_id: 4136] ✓ Updated: 28.68 (synced daily for consistency)
[2026-02-01 08:51:31]   [emp_id: 4150] ✓ Updated: 27.35 (synced daily for consistency)
[2026-02-01 08:51:31]   [emp_id: 4157] ✓ Updated: 20.85 (synced daily for consistency)
[2026-02-01 08:51:31]   [emp_id: 4172] ✓ Updated: 14.12 (synced daily for consistency)
[2026-02-01 08:51:31]   [emp_id: 4195] ✓ Updated: 64.43 (synced daily for consistency)
[2026-02-01 08:51:31]   [emp_id: 4215] ✓ Updated: 47.1 (synced daily for consistency)
[2026-02-01 08:51:31]   [emp_id: 4220] ✓ Updated: 42.68 (synced daily for consistency)
[2026-02-01 08:51:31]   [emp_id: 4273] ✓ Updated: 11.35 (synced daily for consistency)
[2026-02-01 08:51:31]   [emp_id: 4283] ✓ Updated: 15.21 (synced daily for consistency)
[2026-02-01 08:51:31]   [emp_id: 4288] ✓ Updated: 1.92 (synced daily for consistency)
[2026-02-01 08:51:31]   [emp_id: 4315] ✓ Updated: 14.6 (synced daily for consistency)
[2026-02-01 08:51:31]   [emp_id: 4328] ✓ Updated: 44.04 (synced daily for consistency)
[2026-02-01 08:51:31]   [emp_id: 4329] ✓ Updated: 7.77 (synced daily for consistency)
[2026-02-01 08:51:31]   [emp_id: 4338] ✓ Updated: 49.35 (synced daily for consistency)
[2026-02-01 08:51:31]   [emp_id: 4340] ✓ Updated: 111.35 (synced daily for consistency)
[2026-02-01 08:51:31]   [emp_id: 4365] ✓ Updated: 62.77 (synced daily for consistency)
[2026-02-01 08:51:31]   [emp_id: 4366] ✓ Updated: 61.85 (synced daily for consistency)
[2026-02-01 08:51:31]   [emp_id: 4403] ✓ Updated: 87.68 (synced daily for consistency)
[2026-02-01 08:51:31]   [emp_id: 4438] ✓ Updated: 23.35 (synced daily for consistency)
[2026-02-01 08:51:31]   [emp_id: 4473] ✓ Updated: 46.93 (synced daily for consistency)
[2026-02-01 08:51:31]   [emp_id: 4474] ✓ Updated: 4.88 (synced daily for consistency)
[2026-02-01 08:51:31]   [emp_id: 4493] ✓ Updated: 165.77 (synced daily for consistency)
[2026-02-01 08:51:31]   [emp_id: 4526] ✓ Updated: 38.02 (synced daily for consistency)
[2026-02-01 08:51:31]   [emp_id: 4528] ✓ Updated: 109.77 (synced daily for consistency)
[2026-02-01 08:51:31]   [emp_id: 4528] ✓ Updated: 109.77 (synced daily for consistency)
[2026-02-01 08:51:31]   [emp_id: 4532] ✓ Updated: 0.36 (synced daily for consistency)
[2026-02-01 08:51:31]   [emp_id: 4533] ✓ Updated: 38.18 (synced daily for consistency)
[2026-02-01 08:51:31]   [emp_id: 4565] ✓ Updated: 16.87 (synced daily for consistency)
[2026-02-01 08:51:31]   [emp_id: 4567] ✓ Updated: 21.12 (synced daily for consistency)
[2026-02-01 08:51:31]   [emp_id: 4572] ✓ Updated: 60.62 (synced daily for consistency)
[2026-02-01 08:51:31]   [emp_id: 4631] ✓ Updated: 16.87 (synced daily for consistency)
[2026-02-01 08:51:31]   [emp_id: 4655] ✓ Updated: 27.1 (synced daily for consistency)
[2026-02-01 08:51:31]   [emp_id: 4709] ✓ Updated: 42.35 (synced daily for consistency)
[2026-02-01 08:51:31]   [emp_id: 4717] ✓ Updated: 68.35 (synced daily for consistency)
[2026-02-01 08:51:31]   [emp_id: 4736] ✓ Updated: 30.18 (synced daily for consistency)
[2026-02-01 08:51:31]   [emp_id: 4756] ✓ Updated: 13.31 (synced daily for consistency)
[2026-02-01 08:51:31]   [emp_id: 4768] ✓ Updated: 15.85 (synced daily for consistency)
[2026-02-01 08:51:31]   [emp_id: 4780] ✓ Updated: 67.04 (synced daily for consistency)
[2026-02-01 08:51:31]   [emp_id: 4820] ✓ Updated: 101.18 (synced daily for consistency)
[2026-02-01 08:51:31]   [emp_id: 4824] ✓ Updated: 4.36 (synced daily for consistency)
[2026-02-01 08:51:31]   [emp_id: 4825] ✓ Updated: 32.93 (synced daily for consistency)
[2026-02-01 08:51:31]   [emp_id: 4837] ✓ Updated: 47.03 (synced daily for consistency)
[2026-02-01 08:51:31]   [emp_id: 4840] ✓ Updated: 47.03 (synced daily for consistency)
[2026-02-01 08:51:31]   [emp_id: 4842] ✓ Updated: 46.27 (synced daily for consistency)
[2026-02-01 08:51:31]   [emp_id: 4843] ✓ Updated: 46.8 (synced daily for consistency)
[2026-02-01 08:51:31]   [emp_id: 4856] ✓ Updated: 43.94 (synced daily for consistency)
[2026-02-01 08:51:31]   [emp_id: 4857] ✓ Updated: 26.76 (synced daily for consistency)
[2026-02-01 08:51:31]   [emp_id: 4858] ✓ Updated: 23.64 (synced daily for consistency)
[2026-02-01 08:51:31]   [emp_id: 4859] ✓ Updated: 45.11 (synced daily for consistency)
[2026-02-01 08:51:31]   [emp_id: 4860] ✓ Updated: 9.61 (synced daily for consistency)
[2026-02-01 08:51:31]   [emp_id: 4861] ✓ Updated: 43.07 (synced daily for consistency)
[2026-02-01 08:51:31]   [emp_id: 4869] ✓ Updated: 85.95 (synced daily for consistency)
[2026-02-01 08:51:31]   [emp_id: 4894] ✓ Updated: 9.85 (synced daily for consistency)
[2026-02-01 08:51:31]   [emp_id: 4897] ✓ Updated: 24.85 (synced daily for consistency)
[2026-02-01 08:51:31]   [emp_id: 4899] ✓ Updated: 21.02 (synced daily for consistency)
[2026-02-01 08:51:31]   [emp_id: 4902] ✓ Updated: 20.44 (synced daily for consistency)
[2026-02-01 08:51:31]   [emp_id: 4903] ✓ Updated: 22.66 (synced daily for consistency)
[2026-02-01 08:51:31]   [emp_id: 4905] ✓ Updated: 21.32 (synced daily for consistency)
[2026-02-01 08:51:31]   [emp_id: 4907] ✓ Updated: 49.93 (synced daily for consistency)
[2026-02-01 08:51:31]   [emp_id: 4917] ✓ Updated: 18.28 (synced daily for consistency)
[2026-02-01 08:51:31]   [emp_id: 4918] ✓ Updated: 8.05 (synced daily for consistency)
[2026-02-01 08:51:31]   [emp_id: 4919] ✓ Updated: 60.34 (synced daily for consistency)
[2026-02-01 08:51:31]   [emp_id: 4920] ✓ Updated: 7.42 (synced daily for consistency)
[2026-02-01 08:51:31]   [emp_id: 4921] ✓ Updated: 19.51 (synced daily for consistency)
[2026-02-01 08:51:31]   [emp_id: 4927] ✓ Updated: 18.34 (synced daily for consistency)
[2026-02-01 08:51:31]   [emp_id: 4929] ✓ Updated: 19.86 (synced daily for consistency)
[2026-02-01 08:51:31]   [emp_id: 4930] ✓ Updated: 60.63 (synced daily for consistency)
[2026-02-01 08:51:31]   [emp_id: 4932] ✓ Updated: 18.63 (synced daily for consistency)
[2026-02-01 08:51:31]   [emp_id: 4933] ✓ Updated: 22.04 (synced daily for consistency)
[2026-02-01 08:51:31]   [emp_id: 4949] ✓ Updated: 25.47 (synced daily for consistency)
[2026-02-01 08:51:32]   [emp_id: 4956] ✓ Updated: 31.06 (synced daily for consistency)
[2026-02-01 08:51:32]   [emp_id: 4957] ✓ Updated: 26.73 (synced daily for consistency)
[2026-02-01 08:51:32]   [emp_id: 4962] ✓ Updated: 49.29 (synced daily for consistency)
[2026-02-01 08:51:32]   [emp_id: 4969] ✓ Updated: 48.6 (synced daily for consistency)
[2026-02-01 08:51:32]   [emp_id: 4976] ✓ Updated: 11.75 (synced daily for consistency)
[2026-02-01 08:51:32]   [emp_id: 4984] ✓ Updated: 39.85 (synced daily for consistency)
[2026-02-01 08:51:32]   [emp_id: 4995] ✓ Updated: 51.92 (synced daily for consistency)
[2026-02-01 08:51:32]   [emp_id: 5004] ✓ Updated: 28.69 (synced daily for consistency)
[2026-02-01 08:51:32]   [emp_id: 5006] ✓ Updated: 28.43 (synced daily for consistency)
[2026-02-01 08:51:32]   [emp_id: 5011] ✓ Updated: 7.7 (synced daily for consistency)
[2026-02-01 08:51:32]   [emp_id: 5013] ✓ Updated: 68.8 (synced daily for consistency)
[2026-02-01 08:51:32]   [emp_id: 5018] ✓ Updated: 5.29 (synced daily for consistency)
[2026-02-01 08:51:32]   [emp_id: 5021] ✓ Updated: 62.95 (synced daily for consistency)
[2026-02-01 08:51:32]   [emp_id: 5024] ✓ Updated: 3.31 (synced daily for consistency)
[2026-02-01 08:51:32]   [emp_id: 5030] ✓ Updated: 33.26 (synced daily for consistency)
[2026-02-01 08:51:32]   [emp_id: 5033] ✓ Updated: 12.06 (synced daily for consistency)
[2026-02-01 08:51:32]   [emp_id: 5043] ✓ Updated: 32.52 (synced daily for consistency)
[2026-02-01 08:51:32]   [emp_id: 5045] ✓ Updated: 29.02 (synced daily for consistency)
[2026-02-01 08:51:32]   [emp_id: 5046] ✓ Updated: 24.21 (synced daily for consistency)
[2026-02-01 08:51:32]   [emp_id: 5049] ✓ Updated: 0.24 (synced daily for consistency)
[2026-02-01 08:51:32]   [emp_id: 5055] ✓ Updated: 20.46 (synced daily for consistency)
[2026-02-01 08:51:32]   [emp_id: 5058] ✓ Updated: 29.44 (synced daily for consistency)
[2026-02-01 08:51:32]   [emp_id: 5062] ✓ Updated: 41.27 (synced daily for consistency)
[2026-02-01 08:51:32]   [emp_id: 5064] ✓ Updated: 119.85 (synced daily for consistency)
[2026-02-01 08:51:32]   [emp_id: 5065] ✓ Updated: 40.68 (synced daily for consistency)
[2026-02-01 08:51:32]   [emp_id: 5071] ✓ Updated: 25.35 (synced daily for consistency)
[2026-02-01 08:51:32]   [emp_id: 5073] ✓ Updated: 15.28 (synced daily for consistency)
[2026-02-01 08:51:32]   [emp_id: 5079] ✓ Updated: 35.84 (synced daily for consistency)
[2026-02-01 08:51:32]   [emp_id: 5080] ✓ Updated: 29.17 (synced daily for consistency)
[2026-02-01 08:51:32]   [emp_id: 5081] ✓ Updated: 17.43 (synced daily for consistency)
[2026-02-01 08:51:32]   [emp_id: 5087] ✓ Updated: 37.47 (synced daily for consistency)
[2026-02-01 08:51:32]   [emp_id: 5091] ✓ Updated: 77.32 (synced daily for consistency)
[2026-02-01 08:51:32]   [emp_id: 5093] ✓ Updated: 16.52 (synced daily for consistency)
[2026-02-01 08:51:32]   [emp_id: 5095] ✓ Updated: 2.86 (synced daily for consistency)
[2026-02-01 08:51:32]   [emp_id: 5101] ✓ Updated: 18.6 (synced daily for consistency)
[2026-02-01 08:51:32]   [emp_id: 5107] ✓ Updated: 16.93 (synced daily for consistency)
[2026-02-01 08:51:32]   [emp_id: 5109] ✓ Updated: 14.18 (synced daily for consistency)
[2026-02-01 08:51:32]   [emp_id: 5119] ✓ Updated: 12.35 (synced daily for consistency)
[2026-02-01 08:51:32]   [emp_id: 5122] ✓ Updated: 9.52 (synced daily for consistency)
[2026-02-01 08:51:32]   [emp_id: 5126] ✓ Updated: 28.2 (synced daily for consistency)
[2026-02-01 08:51:32]   [emp_id: 5127] ✓ Updated: 24.99 (synced daily for consistency)
[2026-02-01 08:51:32]   [emp_id: 5128] ✓ Updated: 28.14 (synced daily for consistency)
[2026-02-01 08:51:32]   [emp_id: 5138] ✓ Updated: 52.18 (synced daily for consistency)
[2026-02-01 08:51:32]   [emp_id: 5138] ✓ Updated: 52.18 (synced daily for consistency)
[2026-02-01 08:51:32]   [emp_id: 5141] ✓ Updated: 36.51 (synced daily for consistency)
[2026-02-01 08:51:32]   [emp_id: 5142] ✓ Updated: 5.51 (synced daily for consistency)
[2026-02-01 08:51:32]   [emp_id: 5146] ✓ Updated: 22.51 (synced daily for consistency)
[2026-02-01 08:51:32]   [emp_id: 5147] ✓ Updated: 21.51 (synced daily for consistency)
[2026-02-01 08:51:32]   [emp_id: 5148] ✓ Updated: 26.86 (synced daily for consistency)
[2026-02-01 08:51:32]   [emp_id: 5149] ✓ Updated: 25.75 (synced daily for consistency)
[2026-02-01 08:51:32]   [emp_id: 5150] ✓ Updated: 25.11 (synced daily for consistency)
[2026-02-01 08:51:32]   [emp_id: 5151] ✓ Updated: 24.93 (synced daily for consistency)
[2026-02-01 08:51:32]   [emp_id: 5152] ✓ Updated: 5.35 (synced daily for consistency)
[2026-02-01 08:51:32]   [emp_id: 5157] ✓ Updated: 24.93 (synced daily for consistency)
[2026-02-01 08:51:32]   [emp_id: 5160] ✓ Updated: 24.93 (synced daily for consistency)
[2026-02-01 08:51:32]   [emp_id: 5163] ✓ Updated: 22.72 (synced daily for consistency)
[2026-02-01 08:51:32]   [emp_id: 5165] ✓ Updated: 3.62 (synced daily for consistency)
[2026-02-01 08:51:32]   [emp_id: 5167] ✓ Updated: 31.87 (synced daily for consistency)
[2026-02-01 08:51:32]   [emp_id: 5168] ✓ Updated: 24.41 (synced daily for consistency)
[2026-02-01 08:51:32]   [emp_id: 5173] ✓ Updated: 27.27 (synced daily for consistency)
[2026-02-01 08:51:32]   [emp_id: 5174] ✓ Updated: 24.87 (synced daily for consistency)
[2026-02-01 08:51:32]   [emp_id: 5181] ✓ Updated: 21.26 (synced daily for consistency)
[2026-02-01 08:51:32]   [emp_id: 5187] ✓ Updated: 37.79 (synced daily for consistency)
[2026-02-01 08:51:32]   [emp_id: 5204] ✓ Updated: 20.77 (synced daily for consistency)
[2026-02-01 08:51:33]   [emp_id: 5205] ✓ Updated: 14 (synced daily for consistency)
[2026-02-01 08:51:33]   [emp_id: 5209] ✓ Updated: 16 (synced daily for consistency)
[2026-02-01 08:51:33]   [emp_id: 5213] ✓ Updated: 4.41 (synced daily for consistency)
[2026-02-01 08:51:33]   [emp_id: 5214] ✓ Updated: 3.25 (synced daily for consistency)
[2026-02-01 08:51:33]   [emp_id: 5215] ✓ Updated: 12 (synced daily for consistency)
[2026-02-01 08:51:33]   [emp_id: 5217] ✓ Updated: 10 (synced daily for consistency)
[2026-02-01 08:51:33]   [emp_id: 5219] ✓ Updated: 15 (synced daily for consistency)
[2026-02-01 08:51:33]   [emp_id: 5221] ✓ Updated: 4.31 (synced daily for consistency)
[2026-02-01 08:51:34]   [emp_id: 5224] ✓ Updated: 16 (synced daily for consistency)
[2026-02-01 08:51:36]   [emp_id: 5229] ✓ Updated: 7 (synced daily for consistency)
[2026-02-01 08:51:36]   [emp_id: 5230] ✓ Updated: 11.67 (synced daily for consistency)
[2026-02-01 08:51:36]   [emp_id: 5231] ✓ Updated: 8 (synced daily for consistency)
[2026-02-01 08:51:36]   [emp_id: 5232] ✓ Updated: 2 (synced daily for consistency)
[2026-02-01 08:51:36]   [emp_id: 5233] ✓ Updated: 6 (synced daily for consistency)
[2026-02-01 08:51:37]   [emp_id: 5235] ✓ Updated: 1.44 (synced daily for consistency)
[2026-02-01 08:51:37]   [emp_id: 5237] ✓ Updated: 12.25 (synced daily for consistency)
[2026-02-01 08:51:38]   [emp_id: 5239] ✓ Updated: 5 (synced daily for consistency)
[2026-02-01 08:51:38]   [emp_id: 5241] ✓ Updated: 7 (synced daily for consistency)
[2026-02-01 08:51:38]   [emp_id: 5242] ✓ Updated: 17 (synced daily for consistency)
[2026-02-01 08:51:38]   [emp_id: 5243] ✓ Updated: 3.41 (synced daily for consistency)
[2026-02-01 08:51:38]   [emp_id: 5244] ✓ Updated: 1.44 (synced daily for consistency)
[2026-02-01 08:51:38]   [emp_id: 5246] ✓ Updated: 13 (synced daily for consistency)
[2026-02-01 08:51:38]   [emp_id: 5253] ✓ Updated: 24.87 (synced daily for consistency)
[2026-02-01 08:51:38]   [emp_id: 5254] ✓ Updated: 2.85 (synced daily for consistency)
[2026-02-01 08:51:38]   [emp_id: 5257] ✓ Updated: 13.56 (synced daily for consistency)
[2026-02-01 08:51:38]   [emp_id: 5259] ✓ Updated: 50.09 (synced daily for consistency)
[2026-02-01 08:51:38]   [emp_id: 5261] ✓ Updated: 6.37 (synced daily for consistency)
[2026-02-01 08:51:38]   [emp_id: 5264] ✓ Updated: 15.57 (synced daily for consistency)
[2026-02-01 08:51:38]   [emp_id: 5266] ✓ Updated: 22.19 (synced daily for consistency)
[2026-02-01 08:51:38]   [emp_id: 5268] ✓ Updated: 10.76 (synced daily for consistency)
[2026-02-01 08:51:38]   [emp_id: 5271] ✓ Updated: 9.42 (synced daily for consistency)
[2026-02-01 08:51:38]   [emp_id: 5272] ✓ Updated: 10.29 (synced daily for consistency)
[2026-02-01 08:51:38]   [emp_id: 5273] ✓ Updated: 25.36 (synced daily for consistency)
[2026-02-01 08:51:38]   [emp_id: 5275] ✓ Updated: 11.11 (synced daily for consistency)
[2026-02-01 08:51:38]   [emp_id: 5276] ✓ Updated: 25.38 (synced daily for consistency)
[2026-02-01 08:51:38]   [emp_id: 5278] ✓ Updated: 9.77 (synced daily for consistency)
[2026-02-01 08:51:38]   [emp_id: 5280] ✓ Updated: 20.17 (synced daily for consistency)
[2026-02-01 08:51:38]   [emp_id: 5282] ✓ Updated: 13.85 (synced daily for consistency)
[2026-02-01 08:51:38]   [emp_id: 5285] ✓ Updated: 30.17 (synced daily for consistency)
[2026-02-01 08:51:38]   [emp_id: 5286] ✓ Updated: 17.17 (synced daily for consistency)
[2026-02-01 08:51:38]   [emp_id: 5287] ✓ Updated: 51.47 (synced daily for consistency)
[2026-02-01 08:51:38]   [emp_id: 5288] ✓ Updated: 8.74 (synced daily for consistency)
[2026-02-01 08:51:38]   [emp_id: 5289] ✓ Updated: 50.02 (synced daily for consistency)
[2026-02-01 08:51:38]   [emp_id: 5290] ✓ Updated: 48.79 (synced daily for consistency)
[2026-02-01 08:51:38]   [emp_id: 5291] ✓ Updated: 6.79 (synced daily for consistency)
[2026-02-01 08:51:38]   [emp_id: 5292] ✓ Updated: 6.73 (synced daily for consistency)
[2026-02-01 08:51:38]   [emp_id: 5293] ✓ Updated: 10.11 (synced daily for consistency)
[2026-02-01 08:51:38]   [emp_id: 5294] ✓ Updated: 9.77 (synced daily for consistency)
[2026-02-01 08:51:38]   [emp_id: 5295] ✓ Updated: 22.97 (synced daily for consistency)
[2026-02-01 08:51:38]   [emp_id: 5296] ✓ Updated: 30.79 (synced daily for consistency)
[2026-02-01 08:51:38]   [emp_id: 5297] ✓ Updated: 47.39 (synced daily for consistency)
[2026-02-01 08:51:38]   [emp_id: 5298] ✓ Updated: 47.39 (synced daily for consistency)
[2026-02-01 08:51:38]   [emp_id: 5299] ✓ Updated: 47.39 (synced daily for consistency)
[2026-02-01 08:51:38]   [emp_id: 5300] ✓ Updated: 47.39 (synced daily for consistency)
[2026-02-01 08:51:38]   [emp_id: 5301] ✓ Updated: 5.21 (synced daily for consistency)
[2026-02-01 08:51:38]   [emp_id: 5303] ✓ Updated: 5.64 (synced daily for consistency)
[2026-02-01 08:51:38]   [emp_id: 5304] ✓ Updated: 2.39 (synced daily for consistency)
[2026-02-01 08:51:38]   [emp_id: 5305] ✓ Updated: 5.39 (synced daily for consistency)
[2026-02-01 08:51:38]   [emp_id: 5306] ✓ Updated: 47.1 (synced daily for consistency)
[2026-02-01 08:51:38]   [emp_id: 5307] ✓ Updated: 47.1 (synced daily for consistency)
[2026-02-01 08:51:38]   [emp_id: 5312] ✓ Updated: 1.44 (synced daily for consistency)
[2026-02-01 08:51:38]   [emp_id: 5318] ✓ Updated: 22.81 (synced daily for consistency)
[2026-02-01 08:51:38]   [emp_id: 5325] ✓ Updated: 1.77 (synced daily for consistency)
[2026-02-01 08:51:38]   [emp_id: 5327] ✓ Updated: 2.86 (synced daily for consistency)
[2026-02-01 08:51:38]   [emp_id: 5337] ✓ Updated: 37.68 (synced daily for consistency)
[2026-02-01 08:51:38]   [emp_id: 5339] ✓ Updated: 11.96 (synced daily for consistency)
[2026-02-01 08:51:38]   [emp_id: 5343] ✓ Updated: 47.6 (synced daily for consistency)
[2026-02-01 08:51:38]   [emp_id: 5343] ✓ Updated: 47.6 (synced daily for consistency)
[2026-02-01 08:51:38]   [emp_id: 5345] ✓ Updated: 17.43 (synced daily for consistency)
[2026-02-01 08:51:38]   [emp_id: 5346] ✓ Updated: 3.68 (synced daily for consistency)
[2026-02-01 08:51:38]   [emp_id: 5351] ✓ Updated: 18.62 (synced daily for consistency)
[2026-02-01 08:51:38]   [emp_id: 5352] ✓ Updated: 27.85 (synced daily for consistency)
[2026-02-01 08:51:38]   [emp_id: 5370] ✓ Updated: 17.27 (synced daily for consistency)
[2026-02-01 08:51:38]   [emp_id: 5371] ✓ Updated: 9.6 (synced daily for consistency)
[2026-02-01 08:51:38]   [emp_id: 5376] ✓ Updated: 11.87 (synced daily for consistency)
[2026-02-01 08:51:38]   [emp_id: 5378] ✓ Updated: 19.68 (synced daily for consistency)
[2026-02-01 08:51:38]   [emp_id: 5380] ✓ Updated: 18.28 (synced daily for consistency)
[2026-02-01 08:51:38]   [emp_id: 5381] ✓ Updated: 12.12 (synced daily for consistency)
[2026-02-01 08:51:38]   [emp_id: 5383] ✓ Updated: 17.43 (synced daily for consistency)
[2026-02-01 08:51:39]   [emp_id: 5388] ✓ Updated: 29.06 (synced daily for consistency)
[2026-02-01 08:51:39]   [emp_id: 5396] ✓ Updated: 30.3 (synced daily for consistency)
[2026-02-01 08:51:39]   [emp_id: 5397] ✓ Updated: 21.76 (synced daily for consistency)
[2026-02-01 08:51:39]   [emp_id: 5401] ✓ Updated: 24.87 (synced daily for consistency)
[2026-02-01 08:51:39]   [emp_id: 5402] ✓ Updated: 24.99 (synced daily for consistency)
[2026-02-01 08:51:39]   [emp_id: 5406] ✓ Updated: 18.71 (synced daily for consistency)
[2026-02-01 08:51:39]   [emp_id: 5407] ✓ Updated: 18.2 (synced daily for consistency)
[2026-02-01 08:51:39]   [emp_id: 5409] ✓ Updated: 18.05 (synced daily for consistency)
[2026-02-01 08:51:39]   [emp_id: 5413] ✓ Updated: 30.6 (synced daily for consistency)
[2026-02-01 08:51:39]   [emp_id: 5415] ✓ Updated: 6.2 (synced daily for consistency)
[2026-02-01 08:51:39]   [emp_id: 5418] ✓ Updated: 17.11 (synced daily for consistency)
[2026-02-01 08:51:39]   [emp_id: 5422] ✓ Updated: 22.93 (synced daily for consistency)
[2026-02-01 08:51:39]   [emp_id: 5423] ✓ Updated: 5.62 (synced daily for consistency)
[2026-02-01 08:51:39]   [emp_id: 5425] ✓ Updated: 15.66 (synced daily for consistency)
[2026-02-01 08:51:39]   [emp_id: 5426] ✓ Updated: 4.17 (synced daily for consistency)
[2026-02-01 08:51:39]   [emp_id: 5426] ✓ Updated: 4.17 (synced daily for consistency)
[2026-02-01 08:51:39]   [emp_id: 5427] ✓ Updated: 15.77 (synced daily for consistency)
[2026-02-01 08:51:39]   [emp_id: 5428] ✓ Updated: 15.66 (synced daily for consistency)
[2026-02-01 08:51:39]   [emp_id: 5430] ✓ Updated: 19.99 (synced daily for consistency)
[2026-02-01 08:51:39]   [emp_id: 5431] ✓ Updated: 14.78 (synced daily for consistency)
[2026-02-01 08:51:39]   [emp_id: 5433] ✓ Updated: 14.8 (synced daily for consistency)
[2026-02-01 08:51:39]   [emp_id: 5434] ✓ Updated: 14.55 (synced daily for consistency)
[2026-02-01 08:51:39]   [emp_id: 5435] ✓ Updated: 14.49 (synced daily for consistency)
[2026-02-01 08:51:39]   [emp_id: 5438] ✓ Updated: 17.85 (synced daily for consistency)
[2026-02-01 08:51:39]   [emp_id: 5439] ✓ Updated: 27.35 (synced daily for consistency)
[2026-02-01 08:51:39]   [emp_id: 5442] ✓ Updated: 16.35 (synced daily for consistency)
[2026-02-01 08:51:39]   [emp_id: 5445] ✓ Updated: 8.95 (synced daily for consistency)
[2026-02-01 08:51:39]   [emp_id: 5446] ✓ Updated: 8.95 (synced daily for consistency)
[2026-02-01 08:51:39]   [emp_id: 5447] ✓ Updated: 8.89 (synced daily for consistency)
[2026-02-01 08:51:39]   [emp_id: 5448] ✓ Updated: 3.37 (synced daily for consistency)
[2026-02-01 08:51:39]   [emp_id: 5449] ✓ Updated: 6.97 (synced daily for consistency)
[2026-02-01 08:51:39]   [emp_id: 5450] ✓ Updated: 6.91 (synced daily for consistency)
[2026-02-01 08:51:39]   [emp_id: 5451] ✓ Updated: 6.91 (synced daily for consistency)
[2026-02-01 08:51:39]   [emp_id: 5453] ✓ Updated: 6.75 (synced daily for consistency)
[2026-02-01 08:51:39]   [emp_id: 5454] ✓ Updated: 9.43 (synced daily for consistency)
[2026-02-01 08:51:39]   [emp_id: 5455] ✓ Updated: 3.68 (synced daily for consistency)
[2026-02-01 08:51:39]   [emp_id: 5456] ✓ Updated: 8.68 (synced daily for consistency)
[2026-02-01 08:51:39]   [emp_id: 5457] ✓ Updated: 6 (synced daily for consistency)
[2026-02-01 08:51:39]   [emp_id: 5460] ✓ Updated: 7.33 (synced daily for consistency)
[2026-02-01 08:51:39]   [emp_id: 5463] ✓ Updated: 6.66 (synced daily for consistency)
[2026-02-01 08:51:39]   [emp_id: 5464] ✓ Updated: 6.66 (synced daily for consistency)
[2026-02-01 08:51:39]   [emp_id: 5466] ✓ Updated: 4.41 (synced daily for consistency)
[2026-02-01 08:51:39]   [emp_id: 5468] ✓ Updated: 2.28 (synced daily for consistency)
[2026-02-01 08:51:39]   [emp_id: 5469] ✓ Updated: 2.19 (synced daily for consistency)
[2026-02-01 08:51:39]   [emp_id: 5471] ✓ Updated: 1.04 (synced daily for consistency)
[2026-02-01 08:51:39] Report saved to: /home/almutlak/public_html/hr/cron_logs/last_vacation_update_report.json
[2026-02-01 08:56:50] ========== CRON: Vacation Balance Update Started ==========
[2026-02-01 08:56:50] FORCE RUN enabled: Bypassing once-per-day restriction
[2026-02-01 08:57:13] ========== CRON: Vacation Balance Update Started ==========
[2026-02-01 08:57:13] FORCE RUN enabled: Bypassing once-per-day restriction
[2026-02-01 08:57:13] Database connection established
[2026-02-01 08:57:13] Found 433 active employees with balance records to update
[2026-02-01 08:57:13] (Only employees with status=1 will be processed)
[2026-02-01 08:57:13]   [emp_id: 1061] ✓ Updated: 1.94 (synced daily for consistency)
[2026-02-01 08:57:13]   [emp_id: 1496] ✓ Updated: 18.79 (synced daily for consistency)
[2026-02-01 08:57:13]   [emp_id: 1500] ✓ Updated: 6.47 (synced daily for consistency)
[2026-02-01 08:57:13]   [emp_id: 1574] ✓ Updated: 35.7 (synced daily for consistency)
[2026-02-01 08:57:13]   [emp_id: 1673] ✓ Updated: 47.2 (synced daily for consistency)
[2026-02-01 08:57:13]   [emp_id: 1685] ✓ Updated: 17.12 (synced daily for consistency)
[2026-02-01 08:57:13]   [emp_id: 1764] ✓ Updated: 71.79 (synced daily for consistency)
[2026-02-01 08:57:13]   [emp_id: 1805] ✓ Updated: 66.12 (synced daily for consistency)
[2026-02-01 08:57:13]   [emp_id: 1822] ✓ Updated: 70.87 (synced daily for consistency)
[2026-02-01 08:57:13]   [emp_id: 1837] ✓ Updated: 27.04 (synced daily for consistency)
[2026-02-01 08:57:13]   [emp_id: 1857] ✓ Updated: 22.37 (synced daily for consistency)
[2026-02-01 08:57:13]   [emp_id: 1861] ✓ Updated: 73.2 (synced daily for consistency)
[2026-02-01 08:57:13]   [emp_id: 1872] ✓ Updated: 12.04 (synced daily for consistency)
[2026-02-01 08:57:13]   [emp_id: 1897] ✓ Updated: 7.37 (synced daily for consistency)
[2026-02-01 08:57:13]   [emp_id: 1916] ✓ Updated: 13.67 (synced daily for consistency)
[2026-02-01 08:57:13]   [emp_id: 1928] ✓ Updated: 66.62 (synced daily for consistency)
[2026-02-01 08:57:13]   [emp_id: 1931] ✓ Updated: 86.54 (synced daily for consistency)
[2026-02-01 08:57:13]   [emp_id: 1944] ✓ Updated: 44.7 (synced daily for consistency)
[2026-02-01 08:57:13]   [emp_id: 1996] ✓ Updated: 73.2 (synced daily for consistency)
[2026-02-01 08:57:13]   [emp_id: 1997] ✓ Updated: 38.37 (synced daily for consistency)
[2026-02-01 08:57:13]   [emp_id: 1998] ✓ Updated: 29.81 (synced daily for consistency)
[2026-02-01 08:57:13]   [emp_id: 1999] ✓ Updated: 30.81 (synced daily for consistency)
[2026-02-01 08:57:13]   [emp_id: 2009] ✓ Updated: 37.12 (synced daily for consistency)
[2026-02-01 08:57:13]   [emp_id: 2048] ✓ Updated: 26.95 (synced daily for consistency)
[2026-02-01 08:57:13]   [emp_id: 2057] ✓ Updated: 67.79 (synced daily for consistency)
[2026-02-01 08:57:13]   [emp_id: 2079] ✓ Updated: 50.12 (synced daily for consistency)
[2026-02-01 08:57:14]   [emp_id: 2181] ✓ Updated: 39.12 (synced daily for consistency)
[2026-02-01 08:57:14]   [emp_id: 2190] ✓ Updated: 8.45 (synced daily for consistency)
[2026-02-01 08:57:14]   [emp_id: 2212] ✓ Updated: 26.45 (synced daily for consistency)
[2026-02-01 08:57:14]   [emp_id: 2226] ✓ Updated: 71.2 (synced daily for consistency)
[2026-02-01 08:57:14]   [emp_id: 2238] ✓ Updated: 69.45 (synced daily for consistency)
[2026-02-01 08:57:14]   [emp_id: 2285] ✓ Updated: 38.12 (synced daily for consistency)
[2026-02-01 08:57:14]   [emp_id: 2287] ✓ Updated: 49.79 (synced daily for consistency)
[2026-02-01 08:57:14]   [emp_id: 2288] ✓ Updated: 4.81 (synced daily for consistency)
[2026-02-01 08:57:14]   [emp_id: 2316] ✓ Updated: 18.62 (synced daily for consistency)
[2026-02-01 08:57:14]   [emp_id: 2337] ✓ Updated: 39.7 (synced daily for consistency)
[2026-02-01 08:57:14]   [emp_id: 2352] ✓ Updated: 71.2 (synced daily for consistency)
[2026-02-01 08:57:14]   [emp_id: 2358] ✓ Updated: 7.7 (synced daily for consistency)
[2026-02-01 08:57:14]   [emp_id: 2361] ✓ Updated: 73.37 (synced daily for consistency)
[2026-02-01 08:57:14]   [emp_id: 2363] ✓ Updated: 75.95 (synced daily for consistency)
[2026-02-01 08:57:14]   [emp_id: 2364] ✓ Updated: 75.37 (synced daily for consistency)
[2026-02-01 08:57:14]   [emp_id: 2367] ✓ Updated: 103.04 (synced daily for consistency)
[2026-02-01 08:57:14]   [emp_id: 2368] ✓ Updated: 33.45 (synced daily for consistency)
[2026-02-01 08:57:14]   [emp_id: 2372] ✓ Updated: 70.7 (synced daily for consistency)
[2026-02-01 08:57:14]   [emp_id: 2376] ✓ Updated: 120.7 (synced daily for consistency)
[2026-02-01 08:57:14]   [emp_id: 2423] ✓ Updated: 21.45 (synced daily for consistency)
[2026-02-01 08:57:14]   [emp_id: 2519] ✓ Updated: 115.12 (synced daily for consistency)
[2026-02-01 08:57:14]   [emp_id: 2522] ✓ Updated: 58.7 (synced daily for consistency)
[2026-02-01 08:57:14]   [emp_id: 2530] ✓ Updated: 53.95 (synced daily for consistency)
[2026-02-01 08:57:14]   [emp_id: 2539] ✓ Updated: 50.7 (synced daily for consistency)
[2026-02-01 08:57:14]   [emp_id: 2541] ✓ Updated: 31.29 (synced daily for consistency)
[2026-02-01 08:57:14]   [emp_id: 2550] ✓ Updated: 97.45 (synced daily for consistency)
[2026-02-01 08:57:14]   [emp_id: 2553] ✓ Updated: 34.56 (synced daily for consistency)
[2026-02-01 08:57:14]   [emp_id: 2554] ✓ Updated: 41.04 (synced daily for consistency)
[2026-02-01 08:57:14]   [emp_id: 2565] ✓ Updated: 95.62 (synced daily for consistency)
[2026-02-01 08:57:14]   [emp_id: 2572] ✓ Updated: 45.62 (synced daily for consistency)
[2026-02-01 08:57:14]   [emp_id: 2637] ✓ Updated: 66.2 (synced daily for consistency)
[2026-02-01 08:57:14]   [emp_id: 2642] ✓ Updated: 78.95 (synced daily for consistency)
[2026-02-01 08:57:14]   [emp_id: 2645] ✓ Updated: 94.95 (synced daily for consistency)
[2026-02-01 08:57:14]   [emp_id: 2648] ✓ Updated: 46.62 (synced daily for consistency)
[2026-02-01 08:57:14]   [emp_id: 2654] ✓ Updated: 89.29 (synced daily for consistency)
[2026-02-01 08:57:14]   [emp_id: 2688] ✓ Updated: 27.37 (synced daily for consistency)
[2026-02-01 08:57:14]   [emp_id: 2690] ✓ Updated: 16.12 (synced daily for consistency)
[2026-02-01 08:57:14]   [emp_id: 2709] ✓ Updated: 38.37 (synced daily for consistency)
[2026-02-01 08:57:14]   [emp_id: 2745] ✓ Updated: 34.95 (synced daily for consistency)
[2026-02-01 08:57:14]   [emp_id: 2843] ✓ Updated: 81.54 (synced daily for consistency)
[2026-02-01 08:57:14]   [emp_id: 2854] ✓ Updated: 61.45 (synced daily for consistency)
[2026-02-01 08:57:14]   [emp_id: 2869] ✓ Updated: 5.37 (synced daily for consistency)
[2026-02-01 08:57:14]   [emp_id: 2876] ✓ Updated: 36.2 (synced daily for consistency)
[2026-02-01 08:57:14]   [emp_id: 2924] ✓ Updated: 17.37 (synced daily for consistency)
[2026-02-01 08:57:15]   [emp_id: 2953] ✓ Updated: 103.12 (synced daily for consistency)
[2026-02-01 08:57:15]   [emp_id: 2961] ✓ Updated: 13.12 (synced daily for consistency)
[2026-02-01 08:57:15]   [emp_id: 2975] ✓ Updated: 2.8 (synced daily for consistency)
[2026-02-01 08:57:15]   [emp_id: 3013] ✓ Updated: 12.12 (synced daily for consistency)
[2026-02-01 08:57:15]   [emp_id: 3014] ✓ Updated: 91.37 (synced daily for consistency)
[2026-02-01 08:57:15]   [emp_id: 3015] ✓ Updated: 2.62 (synced daily for consistency)
[2026-02-01 08:57:15]   [emp_id: 3018] ✓ Updated: 61.37 (synced daily for consistency)
[2026-02-01 08:57:15]   [emp_id: 3025] ✓ Updated: 25.14 (synced daily for consistency)
[2026-02-01 08:57:15]   [emp_id: 3037] ✓ Updated: 84.87 (synced daily for consistency)
[2026-02-01 08:57:15]   [emp_id: 3047] ✓ Updated: 73.12 (synced daily for consistency)
[2026-02-01 08:57:15]   [emp_id: 3061] ✓ Updated: 20.04 (synced daily for consistency)
[2026-02-01 08:57:15]   [emp_id: 3062] ✓ Updated: 53.2 (synced daily for consistency)
[2026-02-01 08:57:15]   [emp_id: 3074] ✓ Updated: 109.62 (synced daily for consistency)
[2026-02-01 08:57:15]   [emp_id: 3089] ✓ Updated: 8.54 (synced daily for consistency)
[2026-02-01 08:57:15]   [emp_id: 3090] ✓ Updated: 35.12 (synced daily for consistency)
[2026-02-01 08:57:15]   [emp_id: 3091] ✓ Updated: 47.12 (synced daily for consistency)
[2026-02-01 08:57:15]   [emp_id: 3092] ✓ Updated: 29.79 (synced daily for consistency)
[2026-02-01 08:57:15]   [emp_id: 3105] ✓ Updated: 50.12 (synced daily for consistency)
[2026-02-01 08:57:15]   [emp_id: 3134] ✓ Updated: 45.87 (synced daily for consistency)
[2026-02-01 08:57:15]   [emp_id: 3140] ✓ Updated: 42.95 (synced daily for consistency)
[2026-02-01 08:57:15]   [emp_id: 3144] ✓ Updated: 15.79 (synced daily for consistency)
[2026-02-01 08:57:15]   [emp_id: 3156] ✓ Updated: 19.12 (synced daily for consistency)
[2026-02-01 08:57:15]   [emp_id: 3162] ✓ Updated: 4.1 (synced daily for consistency)
[2026-02-01 08:57:15]   [emp_id: 3163] ✓ Updated: 7.37 (synced daily for consistency)
[2026-02-01 08:57:15]   [emp_id: 3198] ✓ Updated: 42.37 (synced daily for consistency)
[2026-02-01 08:57:15]   [emp_id: 3205] ✓ Updated: 19.04 (synced daily for consistency)
[2026-02-01 08:57:15]   [emp_id: 3209] ✓ Updated: 43.2 (synced daily for consistency)
[2026-02-01 08:57:15]   [emp_id: 3223] ✓ Updated: 92.12 (synced daily for consistency)
[2026-02-01 08:57:15]   [emp_id: 3224] ✓ Updated: 66.87 (synced daily for consistency)
[2026-02-01 08:57:15]   [emp_id: 3230] ✓ Updated: 90.29 (synced daily for consistency)
[2026-02-01 08:57:15]   [emp_id: 3231] ✓ Updated: 2.66 (synced daily for consistency)
[2026-02-01 08:57:15]   [emp_id: 3233] ✓ Updated: 83.12 (synced daily for consistency)
[2026-02-01 08:57:15]   [emp_id: 3249] ✓ Updated: 38.95 (synced daily for consistency)
[2026-02-01 08:57:15]   [emp_id: 3250] ✓ Updated: 11.95 (synced daily for consistency)
[2026-02-01 08:57:15]   [emp_id: 3252] ✓ Updated: 12.87 (synced daily for consistency)
[2026-02-01 08:57:15]   [emp_id: 3254] ✓ Updated: 23.37 (synced daily for consistency)
[2026-02-01 08:57:15]   [emp_id: 3255] ✓ Updated: 19.79 (synced daily for consistency)
[2026-02-01 08:57:15]   [emp_id: 3256] ✓ Updated: 16.04 (synced daily for consistency)
[2026-02-01 08:57:15]   [emp_id: 3263] ✓ Updated: 32.12 (synced daily for consistency)
[2026-02-01 08:57:15]   [emp_id: 3265] ✓ Updated: 27.7 (synced daily for consistency)
[2026-02-01 08:57:15]   [emp_id: 3280] ✓ Updated: 74.62 (synced daily for consistency)
[2026-02-01 08:57:15]   [emp_id: 3286] ✓ Updated: 17.79 (synced daily for consistency)
[2026-02-01 08:57:15]   [emp_id: 3294] ✓ Updated: 17.45 (synced daily for consistency)
[2026-02-01 08:57:15]   [emp_id: 3321] ✓ Updated: 74.62 (synced daily for consistency)
[2026-02-01 08:57:15]   [emp_id: 3325] ✓ Updated: 62.37 (synced daily for consistency)
[2026-02-01 08:57:15]   [emp_id: 3329] ✓ Updated: 64.7 (synced daily for consistency)
[2026-02-01 08:57:15]   [emp_id: 3330] ✓ Updated: 64.7 (synced daily for consistency)
[2026-02-01 08:57:16]   [emp_id: 3332] ✓ Updated: 64.7 (synced daily for consistency)
[2026-02-01 08:57:16]   [emp_id: 3370] ✓ Updated: 56.21 (synced daily for consistency)
[2026-02-01 08:57:16]   [emp_id: 3384] ✓ Updated: 16.87 (synced daily for consistency)
[2026-02-01 08:57:16]   [emp_id: 3386] ✓ Updated: 46.87 (synced daily for consistency)
[2026-02-01 08:57:16]   [emp_id: 3431] ✓ Updated: 21.29 (synced daily for consistency)
[2026-02-01 08:57:16]   [emp_id: 3497] ✓ Updated: 11.45 (synced daily for consistency)
[2026-02-01 08:57:16]   [emp_id: 3532] ✓ Updated: 2.29 (synced daily for consistency)
[2026-02-01 08:57:16]   [emp_id: 3602] ✓ Updated: 3.86 (synced daily for consistency)
[2026-02-01 08:57:16]   [emp_id: 3618] ✓ Updated: 25.84 (synced daily for consistency)
[2026-02-01 08:57:16]   [emp_id: 3622] ✓ Updated: 36.21 (synced daily for consistency)
[2026-02-01 08:57:16]   [emp_id: 3627] ✓ Updated: 11.79 (synced daily for consistency)
[2026-02-01 08:57:16]   [emp_id: 3665] ✓ Updated: 53.37 (synced daily for consistency)
[2026-02-01 08:57:16]   [emp_id: 3705] ✓ Updated: 29.54 (synced daily for consistency)
[2026-02-01 08:57:16]   [emp_id: 3724] ✓ Updated: 46.37 (synced daily for consistency)
[2026-02-01 08:57:16]   [emp_id: 3726] ✓ Updated: 62.79 (synced daily for consistency)
[2026-02-01 08:57:16]   [emp_id: 3727] ✓ Updated: 67.87 (synced daily for consistency)
[2026-02-01 08:57:16]   [emp_id: 3728] ✓ Updated: 12.2 (synced daily for consistency)
[2026-02-01 08:57:16]   [emp_id: 3767] ✓ Updated: 2.95 (synced daily for consistency)
[2026-02-01 08:57:16]   [emp_id: 3768] ✓ Updated: 59.2 (synced daily for consistency)
[2026-02-01 08:57:16]   [emp_id: 3787] ✓ Updated: 59.79 (synced daily for consistency)
[2026-02-01 08:57:16]   [emp_id: 3790] ✓ Updated: 4.34 (synced daily for consistency)
[2026-02-01 08:57:16]   [emp_id: 3795] ✓ Updated: 17.29 (synced daily for consistency)
[2026-02-01 08:57:16]   [emp_id: 3798] ✓ Updated: 95.7 (synced daily for consistency)
[2026-02-01 08:57:16]   [emp_id: 3801] ✓ Updated: 3.97 (synced daily for consistency)
[2026-02-01 08:57:16]   [emp_id: 3802] ✓ Updated: 32.95 (synced daily for consistency)
[2026-02-01 08:57:16]   [emp_id: 3803] ✓ Updated: 117.37 (synced daily for consistency)
[2026-02-01 08:57:16]   [emp_id: 3810] ✓ Updated: 63.37 (synced daily for consistency)
[2026-02-01 08:57:16]   [emp_id: 3812] ✓ Updated: 92.37 (synced daily for consistency)
[2026-02-01 08:57:16]   [emp_id: 3815] ✓ Updated: 92.37 (synced daily for consistency)
[2026-02-01 08:57:16]   [emp_id: 3836] ✓ Updated: 60.04 (synced daily for consistency)
[2026-02-01 08:57:16]   [emp_id: 3855] ✓ Updated: 53.2 (synced daily for consistency)
[2026-02-01 08:57:16]   [emp_id: 3857] ✓ Updated: 56.87 (synced daily for consistency)
[2026-02-01 08:57:16]   [emp_id: 3862] ✓ Updated: 104.95 (synced daily for consistency)
[2026-02-01 08:57:16]   [emp_id: 3866] ✓ Updated: 30.2 (synced daily for consistency)
[2026-02-01 08:57:16]   [emp_id: 3876] ✓ Updated: 26.37 (synced daily for consistency)
[2026-02-01 08:57:16]   [emp_id: 3877] ✓ Updated: 51.87 (synced daily for consistency)
[2026-02-01 08:57:16]   [emp_id: 3897] ✓ Updated: 40.12 (synced daily for consistency)
[2026-02-01 08:57:16]   [emp_id: 3899] ✓ Updated: 1.94 (synced daily for consistency)
[2026-02-01 08:57:16]   [emp_id: 3928] ✓ Updated: 16.2 (synced daily for consistency)
[2026-02-01 08:57:16]   [emp_id: 3929] ✓ Updated: 11.2 (synced daily for consistency)
[2026-02-01 08:57:16]   [emp_id: 3935] ✓ Updated: 96.2 (synced daily for consistency)
[2026-02-01 08:57:16]   [emp_id: 3952] ✓ Updated: 77.54 (synced daily for consistency)
[2026-02-01 08:57:16]   [emp_id: 3987] ✓ Updated: 16.45 (synced daily for consistency)
[2026-02-01 08:57:16]   [emp_id: 4059] ✓ Updated: 5.65 (synced daily for consistency)
[2026-02-01 08:57:16]   [emp_id: 4119] ✓ Updated: 59.12 (synced daily for consistency)
[2026-02-01 08:57:16]   [emp_id: 4120] ✓ Updated: 28.7 (synced daily for consistency)
[2026-02-01 08:57:16]   [emp_id: 4124] ✓ Updated: 29.22 (synced daily for consistency)
[2026-02-01 08:57:17]   [emp_id: 4133] ✓ Updated: 107.7 (synced daily for consistency)
[2026-02-01 08:57:17]   [emp_id: 4134] ✓ Updated: 28.7 (synced daily for consistency)
[2026-02-01 08:57:17]   [emp_id: 4136] ✓ Updated: 28.7 (synced daily for consistency)
[2026-02-01 08:57:17]   [emp_id: 4150] ✓ Updated: 27.37 (synced daily for consistency)
[2026-02-01 08:57:17]   [emp_id: 4157] ✓ Updated: 20.87 (synced daily for consistency)
[2026-02-01 08:57:17]   [emp_id: 4172] ✓ Updated: 14.12 (synced daily for consistency)
[2026-02-01 08:57:17]   [emp_id: 4195] ✓ Updated: 64.45 (synced daily for consistency)
[2026-02-01 08:57:17]   [emp_id: 4215] ✓ Updated: 47.12 (synced daily for consistency)
[2026-02-01 08:57:17]   [emp_id: 4220] ✓ Updated: 42.7 (synced daily for consistency)
[2026-02-01 08:57:17]   [emp_id: 4273] ✓ Updated: 11.37 (synced daily for consistency)
[2026-02-01 08:57:17]   [emp_id: 4283] ✓ Updated: 15.21 (synced daily for consistency)
[2026-02-01 08:57:17]   [emp_id: 4288] ✓ Updated: 1.94 (synced daily for consistency)
[2026-02-01 08:57:17]   [emp_id: 4315] ✓ Updated: 14.62 (synced daily for consistency)
[2026-02-01 08:57:17]   [emp_id: 4328] ✓ Updated: 44.04 (synced daily for consistency)
[2026-02-01 08:57:17]   [emp_id: 4329] ✓ Updated: 7.79 (synced daily for consistency)
[2026-02-01 08:57:17]   [emp_id: 4338] ✓ Updated: 49.37 (synced daily for consistency)
[2026-02-01 08:57:17]   [emp_id: 4340] ✓ Updated: 111.37 (synced daily for consistency)
[2026-02-01 08:57:17]   [emp_id: 4365] ✓ Updated: 62.79 (synced daily for consistency)
[2026-02-01 08:57:17]   [emp_id: 4366] ✓ Updated: 61.87 (synced daily for consistency)
[2026-02-01 08:57:17]   [emp_id: 4403] ✓ Updated: 87.7 (synced daily for consistency)
[2026-02-01 08:57:17]   [emp_id: 4438] ✓ Updated: 23.37 (synced daily for consistency)
[2026-02-01 08:57:17]   [emp_id: 4465] ✓ Updated: 14.37 (synced daily for consistency)
[2026-02-01 08:57:17]   [emp_id: 4473] ✓ Updated: 46.95 (synced daily for consistency)
[2026-02-01 08:57:17]   [emp_id: 4474] ✓ Updated: 4.88 (synced daily for consistency)
[2026-02-01 08:57:17]   [emp_id: 4493] ✓ Updated: 165.79 (synced daily for consistency)
[2026-02-01 08:57:17]   [emp_id: 4526] ✓ Updated: 38.04 (synced daily for consistency)
[2026-02-01 08:57:17]   [emp_id: 4528] ✓ Updated: 109.79 (synced daily for consistency)
[2026-02-01 08:57:17]   [emp_id: 4528] ✓ Updated: 109.79 (synced daily for consistency)
[2026-02-01 08:57:17]   [emp_id: 4532] ✓ Updated: 9.49 (synced daily for consistency)
[2026-02-01 08:57:17]   [emp_id: 4533] ✓ Updated: 38.2 (synced daily for consistency)
[2026-02-01 08:57:17]   [emp_id: 4565] ✓ Updated: 16.87 (synced daily for consistency)
[2026-02-01 08:57:17]   [emp_id: 4567] ✓ Updated: 21.12 (synced daily for consistency)
[2026-02-01 08:57:17]   [emp_id: 4572] ✓ Updated: 60.62 (synced daily for consistency)
[2026-02-01 08:57:17]   [emp_id: 4631] ✓ Updated: 16.87 (synced daily for consistency)
[2026-02-01 08:57:17]   [emp_id: 4655] ✓ Updated: 27.12 (synced daily for consistency)
[2026-02-01 08:57:17]   [emp_id: 4709] ✓ Updated: 42.37 (synced daily for consistency)
[2026-02-01 08:57:17]   [emp_id: 4717] ✓ Updated: 68.37 (synced daily for consistency)
[2026-02-01 08:57:17]   [emp_id: 4736] ✓ Updated: 30.2 (synced daily for consistency)
[2026-02-01 08:57:17]   [emp_id: 4756] ✓ Updated: 13.31 (synced daily for consistency)
[2026-02-01 08:57:17]   [emp_id: 4768] ✓ Updated: 15.87 (synced daily for consistency)
[2026-02-01 08:57:17]   [emp_id: 4780] ✓ Updated: 67.04 (synced daily for consistency)
[2026-02-01 08:57:17]   [emp_id: 4820] ✓ Updated: 101.2 (synced daily for consistency)
[2026-02-01 08:57:17]   [emp_id: 4824] ✓ Updated: 4.38 (synced daily for consistency)
[2026-02-01 08:57:17]   [emp_id: 4825] ✓ Updated: 32.95 (synced daily for consistency)
[2026-02-01 08:57:17]   [emp_id: 4837] ✓ Updated: 47.03 (synced daily for consistency)
[2026-02-01 08:57:17]   [emp_id: 4840] ✓ Updated: 47.03 (synced daily for consistency)
[2026-02-01 08:57:17]   [emp_id: 4842] ✓ Updated: 46.27 (synced daily for consistency)
[2026-02-01 08:57:18]   [emp_id: 4843] ✓ Updated: 46.8 (synced daily for consistency)
[2026-02-01 08:57:18]   [emp_id: 4853] ✓ Updated: 90.62 (synced daily for consistency)
[2026-02-01 08:57:18]   [emp_id: 4856] ✓ Updated: 43.94 (synced daily for consistency)
[2026-02-01 08:57:18]   [emp_id: 4857] ✓ Updated: 26.76 (synced daily for consistency)
[2026-02-01 08:57:18]   [emp_id: 4858] ✓ Updated: 23.64 (synced daily for consistency)
[2026-02-01 08:57:18]   [emp_id: 4859] ✓ Updated: 45.11 (synced daily for consistency)
[2026-02-01 08:57:18]   [emp_id: 4860] ✓ Updated: 9.61 (synced daily for consistency)
[2026-02-01 08:57:18]   [emp_id: 4861] ✓ Updated: 43.07 (synced daily for consistency)
[2026-02-01 08:57:18]   [emp_id: 4869] ✓ Updated: 85.95 (synced daily for consistency)
[2026-02-01 08:57:18]   [emp_id: 4894] ✓ Updated: 9.87 (synced daily for consistency)
[2026-02-01 08:57:18]   [emp_id: 4897] ✓ Updated: 24.85 (synced daily for consistency)
[2026-02-01 08:57:18]   [emp_id: 4899] ✓ Updated: 21.02 (synced daily for consistency)
[2026-02-01 08:57:18]   [emp_id: 4902] ✓ Updated: 20.44 (synced daily for consistency)
[2026-02-01 08:57:18]   [emp_id: 4903] ✓ Updated: 22.66 (synced daily for consistency)
[2026-02-01 08:57:18]   [emp_id: 4905] ✓ Updated: 21.32 (synced daily for consistency)
[2026-02-01 08:57:18]   [emp_id: 4907] ✓ Updated: 49.95 (synced daily for consistency)
[2026-02-01 08:57:18]   [emp_id: 4917] ✓ Updated: 18.28 (synced daily for consistency)
[2026-02-01 08:57:18]   [emp_id: 4918] ✓ Updated: 8.05 (synced daily for consistency)
[2026-02-01 08:57:18]   [emp_id: 4919] ✓ Updated: 60.34 (synced daily for consistency)
[2026-02-01 08:57:18]   [emp_id: 4920] ✓ Updated: 7.42 (synced daily for consistency)
[2026-02-01 08:57:18]   [emp_id: 4921] ✓ Updated: 19.51 (synced daily for consistency)
[2026-02-01 08:57:18]   [emp_id: 4927] ✓ Updated: 18.34 (synced daily for consistency)
[2026-02-01 08:57:18]   [emp_id: 4929] ✓ Updated: 19.86 (synced daily for consistency)
[2026-02-01 08:57:18]   [emp_id: 4930] ✓ Updated: 60.63 (synced daily for consistency)
[2026-02-01 08:57:18]   [emp_id: 4932] ✓ Updated: 18.63 (synced daily for consistency)
[2026-02-01 08:57:18]   [emp_id: 4933] ✓ Updated: 22.04 (synced daily for consistency)
[2026-02-01 08:57:18]   [emp_id: 4949] ✓ Updated: 25.47 (synced daily for consistency)
[2026-02-01 08:57:18]   [emp_id: 4956] ✓ Updated: 31.06 (synced daily for consistency)
[2026-02-01 08:57:18]   [emp_id: 4957] ✓ Updated: 26.73 (synced daily for consistency)
[2026-02-01 08:57:18]   [emp_id: 4962] ✓ Updated: 49.31 (synced daily for consistency)
[2026-02-01 08:57:18]   [emp_id: 4969] ✓ Updated: 48.62 (synced daily for consistency)
[2026-02-01 08:57:18]   [emp_id: 4976] ✓ Updated: 11.75 (synced daily for consistency)
[2026-02-01 08:57:18]   [emp_id: 4984] ✓ Updated: 39.87 (synced daily for consistency)
[2026-02-01 08:57:18]   [emp_id: 4995] ✓ Updated: 51.94 (synced daily for consistency)
[2026-02-01 08:57:18]   [emp_id: 5004] ✓ Updated: 28.69 (synced daily for consistency)
[2026-02-01 08:57:18]   [emp_id: 5006] ✓ Updated: 28.43 (synced daily for consistency)
[2026-02-01 08:57:18]   [emp_id: 5011] ✓ Updated: 7.72 (synced daily for consistency)
[2026-02-01 08:57:18]   [emp_id: 5013] ✓ Updated: 68.8 (synced daily for consistency)
[2026-02-01 08:57:18]   [emp_id: 5018] ✓ Updated: 5.29 (synced daily for consistency)
[2026-02-01 08:57:18]   [emp_id: 5021] ✓ Updated: 62.97 (synced daily for consistency)
[2026-02-01 08:57:18]   [emp_id: 5024] ✓ Updated: 3.31 (synced daily for consistency)
[2026-02-01 08:57:18]   [emp_id: 5030] ✓ Updated: 33.26 (synced daily for consistency)
[2026-02-01 08:57:18]   [emp_id: 5033] ✓ Updated: 12.06 (synced daily for consistency)
[2026-02-01 08:57:18]   [emp_id: 5043] ✓ Updated: 32.54 (synced daily for consistency)
[2026-02-01 08:57:18]   [emp_id: 5045] ✓ Updated: 29.04 (synced daily for consistency)
[2026-02-01 08:57:18]   [emp_id: 5046] ✓ Updated: 24.23 (synced daily for consistency)
[2026-02-01 08:57:18]   [emp_id: 5049] ✓ Updated: 0.74 (synced daily for consistency)
[2026-02-01 08:57:18]   [emp_id: 5052] ✓ Updated: 32.02 (synced daily for consistency)
[2026-02-01 08:57:19]   [emp_id: 5055] ✓ Updated: 20.46 (synced daily for consistency)
[2026-02-01 08:57:19]   [emp_id: 5058] ✓ Updated: 29.44 (synced daily for consistency)
[2026-02-01 08:57:19]   [emp_id: 5062] ✓ Updated: 41.27 (synced daily for consistency)
[2026-02-01 08:57:19]   [emp_id: 5064] ✓ Updated: 119.87 (synced daily for consistency)
[2026-02-01 08:57:19]   [emp_id: 5065] ✓ Updated: 40.68 (synced daily for consistency)
[2026-02-01 08:57:19]   [emp_id: 5071] ✓ Updated: 25.37 (synced daily for consistency)
[2026-02-01 08:57:19]   [emp_id: 5073] ✓ Updated: 15.28 (synced daily for consistency)
[2026-02-01 08:57:19]   [emp_id: 5079] ✓ Updated: 35.84 (synced daily for consistency)
[2026-02-01 08:57:19]   [emp_id: 5080] ✓ Updated: 29.17 (synced daily for consistency)
[2026-02-01 08:57:19]   [emp_id: 5081] ✓ Updated: 17.43 (synced daily for consistency)
[2026-02-01 08:57:19]   [emp_id: 5087] ✓ Updated: 37.47 (synced daily for consistency)
[2026-02-01 08:57:19]   [emp_id: 5091] ✓ Updated: 77.32 (synced daily for consistency)
[2026-02-01 08:57:19]   [emp_id: 5093] ✓ Updated: 16.54 (synced daily for consistency)
[2026-02-01 08:57:19]   [emp_id: 5095] ✓ Updated: 2.86 (synced daily for consistency)
[2026-02-01 08:57:19]   [emp_id: 5101] ✓ Updated: 18.62 (synced daily for consistency)
[2026-02-01 08:57:19]   [emp_id: 5107] ✓ Updated: 16.95 (synced daily for consistency)
[2026-02-01 08:57:19]   [emp_id: 5109] ✓ Updated: 14.2 (synced daily for consistency)
[2026-02-01 08:57:19]   [emp_id: 5119] ✓ Updated: 12.37 (synced daily for consistency)
[2026-02-01 08:57:19]   [emp_id: 5122] ✓ Updated: 9.54 (synced daily for consistency)
[2026-02-01 08:57:19]   [emp_id: 5126] ✓ Updated: 28.2 (synced daily for consistency)
[2026-02-01 08:57:19]   [emp_id: 5127] ✓ Updated: 6.99 (synced daily for consistency)
[2026-02-01 08:57:19]   [emp_id: 5128] ✓ Updated: 28.14 (synced daily for consistency)
[2026-02-01 08:57:19]   [emp_id: 5138] ✓ Updated: 52.2 (synced daily for consistency)
[2026-02-01 08:57:19]   [emp_id: 5138] ✓ Updated: 52.2 (synced daily for consistency)
[2026-02-01 08:57:19]   [emp_id: 5141] ✓ Updated: 36.51 (synced daily for consistency)
[2026-02-01 08:57:19]   [emp_id: 5142] ✓ Updated: 15.51 (synced daily for consistency)
[2026-02-01 08:57:19]   [emp_id: 5146] ✓ Updated: 22.51 (synced daily for consistency)
[2026-02-01 08:57:19]   [emp_id: 5147] ✓ Updated: 21.51 (synced daily for consistency)
[2026-02-01 08:57:19]   [emp_id: 5148] ✓ Updated: 26.86 (synced daily for consistency)
[2026-02-01 08:57:19]   [emp_id: 5149] ✓ Updated: 25.75 (synced daily for consistency)
[2026-02-01 08:57:19]   [emp_id: 5150] ✓ Updated: 25.11 (synced daily for consistency)
[2026-02-01 08:57:19]   [emp_id: 5151] ✓ Updated: 24.93 (synced daily for consistency)
[2026-02-01 08:57:19]   [emp_id: 5152] ✓ Updated: 5.35 (synced daily for consistency)
[2026-02-01 08:57:19]   [emp_id: 5157] ✓ Updated: 24.93 (synced daily for consistency)
[2026-02-01 08:57:19]   [emp_id: 5160] ✓ Updated: 24.93 (synced daily for consistency)
[2026-02-01 08:57:19]   [emp_id: 5163] ✓ Updated: 22.72 (synced daily for consistency)
[2026-02-01 08:57:19]   [emp_id: 5165] ✓ Updated: 3.64 (synced daily for consistency)
[2026-02-01 08:57:19]   [emp_id: 5167] ✓ Updated: 31.87 (synced daily for consistency)
[2026-02-01 08:57:19]   [emp_id: 5168] ✓ Updated: 24.41 (synced daily for consistency)
[2026-02-01 08:57:19]   [emp_id: 5173] ✓ Updated: 27.29 (synced daily for consistency)
[2026-02-01 08:57:19]   [emp_id: 5174] ✓ Updated: 24.87 (synced daily for consistency)
[2026-02-01 08:57:19]   [emp_id: 5181] ✓ Updated: 21.26 (synced daily for consistency)
[2026-02-01 08:57:19]   [emp_id: 5186] ✓ Updated: 26.79 (synced daily for consistency)
[2026-02-01 08:57:19]   [emp_id: 5187] ✓ Updated: 37.79 (synced daily for consistency)
[2026-02-01 08:57:19]   [emp_id: 5204] ✓ Updated: 24.79 (synced daily for consistency)
[2026-02-01 08:57:19]   [emp_id: 5205] ✓ Updated: 14 (synced daily for consistency)
[2026-02-01 08:57:20]   [emp_id: 5209] ✓ Updated: 17 (synced daily for consistency)
[2026-02-01 08:57:20]   [emp_id: 5213] ✓ Updated: 4.41 (synced daily for consistency)
[2026-02-01 08:57:20]   [emp_id: 5214] ✓ Updated: 3.25 (synced daily for consistency)
[2026-02-01 08:57:20]   [emp_id: 5215] ✓ Updated: 12 (synced daily for consistency)
[2026-02-01 08:57:20]   [emp_id: 5217] ✓ Updated: 11 (synced daily for consistency)
[2026-02-01 08:57:20]   [emp_id: 5219] ✓ Updated: 15 (synced daily for consistency)
[2026-02-01 08:57:20]   [emp_id: 5221] ✓ Updated: 4.31 (synced daily for consistency)
[2026-02-01 08:57:20]   [emp_id: 5224] ✓ Updated: 16 (synced daily for consistency)
[2026-02-01 08:57:20]   [emp_id: 5225] ✓ Updated: 8.31 (synced daily for consistency)
[2026-02-01 08:57:20]   [emp_id: 5228] ✓ Updated: 11 (synced daily for consistency)
[2026-02-01 08:57:20]   [emp_id: 5229] ✓ Updated: 7 (synced daily for consistency)
[2026-02-01 08:57:20]   [emp_id: 5230] ✓ Updated: 11.67 (synced daily for consistency)
[2026-02-01 08:57:20]   [emp_id: 5231] ✓ Updated: 8 (synced daily for consistency)
[2026-02-01 08:57:20]   [emp_id: 5232] ✓ Updated: 2 (synced daily for consistency)
[2026-02-01 08:57:20]   [emp_id: 5233] ✓ Updated: 6 (synced daily for consistency)
[2026-02-01 08:57:20]   [emp_id: 5234] ✓ Updated: 6 (synced daily for consistency)
[2026-02-01 08:57:20]   [emp_id: 5235] ✓ Updated: 1.44 (synced daily for consistency)
[2026-02-01 08:57:20]   [emp_id: 5237] ✓ Updated: 12.25 (synced daily for consistency)
[2026-02-01 08:57:20]   [emp_id: 5239] ✓ Updated: 9 (synced daily for consistency)
[2026-02-01 08:57:20]   [emp_id: 5241] ✓ Updated: 7 (synced daily for consistency)
[2026-02-01 08:57:20]   [emp_id: 5242] ✓ Updated: 17 (synced daily for consistency)
[2026-02-01 08:57:20]   [emp_id: 5243] ✓ Updated: 3.41 (synced daily for consistency)
[2026-02-01 08:57:20]   [emp_id: 5244] ✓ Updated: 1.44 (synced daily for consistency)
[2026-02-01 08:57:20]   [emp_id: 5246] ✓ Updated: 13 (synced daily for consistency)
[2026-02-01 08:57:20]   [emp_id: 5253] ✓ Updated: 25.87 (synced daily for consistency)
[2026-02-01 08:57:20]   [emp_id: 5254] ✓ Updated: 13.85 (synced daily for consistency)
[2026-02-01 08:57:20]   [emp_id: 5257] ✓ Updated: 13.56 (synced daily for consistency)
[2026-02-01 08:57:20]   [emp_id: 5259] ✓ Updated: 50.09 (synced daily for consistency)
[2026-02-01 08:57:20]   [emp_id: 5261] ✓ Updated: 18.39 (synced daily for consistency)
[2026-02-01 08:57:20]   [emp_id: 5264] ✓ Updated: 15.57 (synced daily for consistency)
[2026-02-01 08:57:20]   [emp_id: 5266] ✓ Updated: 22.19 (synced daily for consistency)
[2026-02-01 08:57:20]   [emp_id: 5268] ✓ Updated: 10.76 (synced daily for consistency)
[2026-02-01 08:57:20]   [emp_id: 5271] ✓ Updated: 9.42 (synced daily for consistency)
[2026-02-01 08:57:20]   [emp_id: 5272] ✓ Updated: 10.29 (synced daily for consistency)
[2026-02-01 08:57:20]   [emp_id: 5273] ✓ Updated: 25.36 (synced daily for consistency)
[2026-02-01 08:57:20]   [emp_id: 5275] ✓ Updated: 11.11 (synced daily for consistency)
[2026-02-01 08:57:20]   [emp_id: 5276] ✓ Updated: 25.38 (synced daily for consistency)
[2026-02-01 08:57:20]   [emp_id: 5278] ✓ Updated: 9.77 (synced daily for consistency)
[2026-02-01 08:57:20]   [emp_id: 5280] ✓ Updated: 20.17 (synced daily for consistency)
[2026-02-01 08:57:20]   [emp_id: 5282] ✓ Updated: 13.87 (synced daily for consistency)
[2026-02-01 08:57:20]   [emp_id: 5285] ✓ Updated: 30.17 (synced daily for consistency)
[2026-02-01 08:57:20]   [emp_id: 5286] ✓ Updated: 17.17 (synced daily for consistency)
[2026-02-01 08:57:20]   [emp_id: 5287] ✓ Updated: 51.47 (synced daily for consistency)
[2026-02-01 08:57:20]   [emp_id: 5288] ✓ Updated: 8.74 (synced daily for consistency)
[2026-02-01 08:57:20]   [emp_id: 5289] ✓ Updated: 50.02 (synced daily for consistency)
[2026-02-01 08:57:20]   [emp_id: 5290] ✓ Updated: 48.79 (synced daily for consistency)
[2026-02-01 08:57:20]   [emp_id: 5291] ✓ Updated: 6.79 (synced daily for consistency)
[2026-02-01 08:57:21]   [emp_id: 5292] ✓ Updated: 6.73 (synced daily for consistency)
[2026-02-01 08:57:21]   [emp_id: 5293] ✓ Updated: 10.13 (synced daily for consistency)
[2026-02-01 08:57:21]   [emp_id: 5294] ✓ Updated: 9.79 (synced daily for consistency)
[2026-02-01 08:57:21]   [emp_id: 5295] ✓ Updated: 22.97 (synced daily for consistency)
[2026-02-01 08:57:21]   [emp_id: 5296] ✓ Updated: 36.81 (synced daily for consistency)
[2026-02-01 08:57:21]   [emp_id: 5297] ✓ Updated: 47.39 (synced daily for consistency)
[2026-02-01 08:57:21]   [emp_id: 5298] ✓ Updated: 47.39 (synced daily for consistency)
[2026-02-01 08:57:21]   [emp_id: 5299] ✓ Updated: 47.39 (synced daily for consistency)
[2026-02-01 08:57:21]   [emp_id: 5300] ✓ Updated: 47.39 (synced daily for consistency)
[2026-02-01 08:57:21]   [emp_id: 5301] ✓ Updated: 5.21 (synced daily for consistency)
[2026-02-01 08:57:21]   [emp_id: 5303] ✓ Updated: 5.64 (synced daily for consistency)
[2026-02-01 08:57:21]   [emp_id: 5304] ✓ Updated: 2.39 (synced daily for consistency)
[2026-02-01 08:57:21]   [emp_id: 5305] ✓ Updated: 5.39 (synced daily for consistency)
[2026-02-01 08:57:21]   [emp_id: 5306] ✓ Updated: 47.1 (synced daily for consistency)
[2026-02-01 08:57:21]   [emp_id: 5307] ✓ Updated: 47.1 (synced daily for consistency)
[2026-02-01 08:57:21]   [emp_id: 5312] ✓ Updated: 1.44 (synced daily for consistency)
[2026-02-01 08:57:21]   [emp_id: 5318] ✓ Updated: 27.81 (synced daily for consistency)
[2026-02-01 08:57:21]   [emp_id: 5325] ✓ Updated: 1.77 (synced daily for consistency)
[2026-02-01 08:57:21]   [emp_id: 5327] ✓ Updated: 2.86 (synced daily for consistency)
[2026-02-01 08:57:21]   [emp_id: 5337] ✓ Updated: 37.7 (synced daily for consistency)
[2026-02-01 08:57:21]   [emp_id: 5339] ✓ Updated: 11.96 (synced daily for consistency)
[2026-02-01 08:57:21]   [emp_id: 5343] ✓ Updated: 47.62 (synced daily for consistency)
[2026-02-01 08:57:21]   [emp_id: 5343] ✓ Updated: 47.62 (synced daily for consistency)
[2026-02-01 08:57:21]   [emp_id: 5345] ✓ Updated: 17.45 (synced daily for consistency)
[2026-02-01 08:57:21]   [emp_id: 5346] ✓ Updated: 3.68 (synced daily for consistency)
[2026-02-01 08:57:21]   [emp_id: 5351] ✓ Updated: 18.62 (synced daily for consistency)
[2026-02-01 08:57:21]   [emp_id: 5352] ✓ Updated: 27.87 (synced daily for consistency)
[2026-02-01 08:57:21]   [emp_id: 5370] ✓ Updated: 17.27 (synced daily for consistency)
[2026-02-01 08:57:21]   [emp_id: 5371] ✓ Updated: 9.62 (synced daily for consistency)
[2026-02-01 08:57:21]   [emp_id: 5376] ✓ Updated: 11.87 (synced daily for consistency)
[2026-02-01 08:57:21]   [emp_id: 5378] ✓ Updated: 19.7 (synced daily for consistency)
[2026-02-01 08:57:21]   [emp_id: 5380] ✓ Updated: 18.28 (synced daily for consistency)
[2026-02-01 08:57:21]   [emp_id: 5381] ✓ Updated: 14.14 (synced daily for consistency)
[2026-02-01 08:57:21]   [emp_id: 5383] ✓ Updated: 17.45 (synced daily for consistency)
[2026-02-01 08:57:21]   [emp_id: 5388] ✓ Updated: 29.06 (synced daily for consistency)
[2026-02-01 08:57:21]   [emp_id: 5396] ✓ Updated: 30.3 (synced daily for consistency)
[2026-02-01 08:57:21]   [emp_id: 5397] ✓ Updated: 21.76 (synced daily for consistency)
[2026-02-01 08:57:21]   [emp_id: 5401] ✓ Updated: 24.87 (synced daily for consistency)
[2026-02-01 08:57:21]   [emp_id: 5402] ✓ Updated: 24.99 (synced daily for consistency)
[2026-02-01 08:57:21]   [emp_id: 5406] ✓ Updated: 18.71 (synced daily for consistency)
[2026-02-01 08:57:21]   [emp_id: 5407] ✓ Updated: 18.22 (synced daily for consistency)
[2026-02-01 08:57:21]   [emp_id: 5409] ✓ Updated: 18.05 (synced daily for consistency)
[2026-02-01 08:57:21]   [emp_id: 5413] ✓ Updated: 30.62 (synced daily for consistency)
[2026-02-01 08:57:21]   [emp_id: 5414] ✓ Updated: 30.29 (synced daily for consistency)
[2026-02-01 08:57:21]   [emp_id: 5415] ✓ Updated: 6.22 (synced daily for consistency)
[2026-02-01 08:57:21]   [emp_id: 5418] ✓ Updated: 17.11 (synced daily for consistency)
[2026-02-01 08:57:21]   [emp_id: 5422] ✓ Updated: 22.95 (synced daily for consistency)
[2026-02-01 08:57:22]   [emp_id: 5423] ✓ Updated: 7.64 (synced daily for consistency)
[2026-02-01 08:57:22]   [emp_id: 5425] ✓ Updated: 15.66 (synced daily for consistency)
[2026-02-01 08:57:22]   [emp_id: 5426] ✓ Updated: 4.19 (synced daily for consistency)
[2026-02-01 08:57:22]   [emp_id: 5426] ✓ Updated: 4.19 (synced daily for consistency)
[2026-02-01 08:57:22]   [emp_id: 5427] ✓ Updated: 15.77 (synced daily for consistency)
[2026-02-01 08:57:22]   [emp_id: 5428] ✓ Updated: 15.66 (synced daily for consistency)
[2026-02-01 08:57:22]   [emp_id: 5430] ✓ Updated: 20.01 (synced daily for consistency)
[2026-02-01 08:57:22]   [emp_id: 5431] ✓ Updated: 14.78 (synced daily for consistency)
[2026-02-01 08:57:22]   [emp_id: 5433] ✓ Updated: 14.8 (synced daily for consistency)
[2026-02-01 08:57:22]   [emp_id: 5434] ✓ Updated: 14.55 (synced daily for consistency)
[2026-02-01 08:57:22]   [emp_id: 5435] ✓ Updated: 14.49 (synced daily for consistency)
[2026-02-01 08:57:22]   [emp_id: 5436] ✓ Updated: 14.49 (synced daily for consistency)
[2026-02-01 08:57:22]   [emp_id: 5438] ✓ Updated: 17.87 (synced daily for consistency)
[2026-02-01 08:57:22]   [emp_id: 5439] ✓ Updated: 27.37 (synced daily for consistency)
[2026-02-01 08:57:22]   [emp_id: 5442] ✓ Updated: 16.37 (synced daily for consistency)
[2026-02-01 08:57:22]   [emp_id: 5445] ✓ Updated: 8.95 (synced daily for consistency)
[2026-02-01 08:57:22]   [emp_id: 5446] ✓ Updated: 8.95 (synced daily for consistency)
[2026-02-01 08:57:22]   [emp_id: 5447] ✓ Updated: 8.89 (synced daily for consistency)
[2026-02-01 08:57:22]   [emp_id: 5448] ✓ Updated: 3.39 (synced daily for consistency)
[2026-02-01 08:57:22]   [emp_id: 5449] ✓ Updated: 6.97 (synced daily for consistency)
[2026-02-01 08:57:22]   [emp_id: 5450] ✓ Updated: 6.91 (synced daily for consistency)
[2026-02-01 08:57:22]   [emp_id: 5451] ✓ Updated: 6.91 (synced daily for consistency)
[2026-02-01 08:57:22]   [emp_id: 5453] ✓ Updated: 6.75 (synced daily for consistency)
[2026-02-01 08:57:22]   [emp_id: 5454] ✓ Updated: 9.45 (synced daily for consistency)
[2026-02-01 08:57:22]   [emp_id: 5455] ✓ Updated: 3.7 (synced daily for consistency)
[2026-02-01 08:57:22]   [emp_id: 5456] ✓ Updated: 8.7 (synced daily for consistency)
[2026-02-01 08:57:22]   [emp_id: 5457] ✓ Updated: 6 (synced daily for consistency)
[2026-02-01 08:57:22]   [emp_id: 5460] ✓ Updated: 7.35 (synced daily for consistency)
[2026-02-01 08:57:22]   [emp_id: 5463] ✓ Updated: 6.68 (synced daily for consistency)
[2026-02-01 08:57:22]   [emp_id: 5464] ✓ Updated: 6.68 (synced daily for consistency)
[2026-02-01 08:57:22]   [emp_id: 5466] ✓ Updated: 4.43 (synced daily for consistency)
[2026-02-01 08:57:22]   [emp_id: 5467] ✓ Updated: 3.35 (synced daily for consistency)
[2026-02-01 08:57:22]   [emp_id: 5468] ✓ Updated: 2.3 (synced daily for consistency)
[2026-02-01 08:57:22]   [emp_id: 5469] ✓ Updated: 2.21 (synced daily for consistency)
[2026-02-01 08:57:22] Report saved to: D:\xampp\htdocs\almutlak\system/cron_logs/last_vacation_update_report.json
[2026-02-01 08:57:22] 
========== RECALCULATING EARNED DAYS ==========

[2026-02-01 08:57:22]   [emp_id: 1061] ✓ Earned days recalculated: 1.94 days
[2026-02-01 08:57:22]   [emp_id: 1496] ✓ Earned days recalculated: 18.79 days
[2026-02-01 08:57:22]   [emp_id: 1500] ✓ Earned days recalculated: 6.47 days
[2026-02-01 08:57:22]   [emp_id: 1574] ✓ Earned days recalculated: 35.7 days
[2026-02-01 08:57:22]   [emp_id: 1673] ✓ Earned days recalculated: 47.2 days
[2026-02-01 08:57:22]   [emp_id: 1685] ✓ Earned days recalculated: 17.12 days
[2026-02-01 08:57:22]   [emp_id: 1764] ✓ Earned days recalculated: 71.79 days
[2026-02-01 08:57:22]   [emp_id: 1805] ✓ Earned days recalculated: 66.12 days
[2026-02-01 08:57:22]   [emp_id: 1822] ✓ Earned days recalculated: 70.87 days
[2026-02-01 08:57:22]   [emp_id: 1837] ✓ Earned days recalculated: 27.04 days
[2026-02-01 08:57:22]   [emp_id: 1857] ✓ Earned days recalculated: 22.37 days
[2026-02-01 08:57:22]   [emp_id: 1861] ✓ Earned days recalculated: 73.2 days
[2026-02-01 08:57:22]   [emp_id: 1872] ✓ Earned days recalculated: 12.04 days
[2026-02-01 08:57:22]   [emp_id: 1897] ✓ Earned days recalculated: 7.37 days
[2026-02-01 08:57:22]   [emp_id: 1916] ✓ Earned days recalculated: 13.67 days
[2026-02-01 08:57:22]   [emp_id: 1928] ✓ Earned days recalculated: 66.62 days
[2026-02-01 08:57:23]   [emp_id: 1931] ✓ Earned days recalculated: 86.54 days
[2026-02-01 08:57:23]   [emp_id: 1944] ✓ Earned days recalculated: 44.7 days
[2026-02-01 08:57:23]   [emp_id: 1996] ✓ Earned days recalculated: 73.2 days
[2026-02-01 08:57:23]   [emp_id: 1997] ✓ Earned days recalculated: 38.37 days
[2026-02-01 08:57:23]   [emp_id: 1998] ✓ Earned days recalculated: 29.81 days
[2026-02-01 08:57:23]   [emp_id: 1999] ✓ Earned days recalculated: 30.81 days
[2026-02-01 08:57:23]   [emp_id: 2009] ✓ Earned days recalculated: 37.12 days
[2026-02-01 08:57:23]   [emp_id: 2048] ✓ Earned days recalculated: 26.95 days
[2026-02-01 08:57:23]   [emp_id: 2057] ✓ Earned days recalculated: 67.79 days
[2026-02-01 08:57:23]   [emp_id: 2079] ✓ Earned days recalculated: 50.12 days
[2026-02-01 08:57:23]   [emp_id: 2181] ✓ Earned days recalculated: 39.12 days
[2026-02-01 08:57:23]   [emp_id: 2190] ✓ Earned days recalculated: 8.45 days
[2026-02-01 08:57:23]   [emp_id: 2212] ✓ Earned days recalculated: 26.45 days
[2026-02-01 08:57:23]   [emp_id: 2226] ✓ Earned days recalculated: 71.2 days
[2026-02-01 08:57:23]   [emp_id: 2238] ✓ Earned days recalculated: 69.45 days
[2026-02-01 08:57:23]   [emp_id: 2285] ✓ Earned days recalculated: 38.12 days
[2026-02-01 08:57:23]   [emp_id: 2287] ✓ Earned days recalculated: 49.79 days
[2026-02-01 08:57:23]   [emp_id: 2288] ✓ Earned days recalculated: 4.81 days
[2026-02-01 08:57:23]   [emp_id: 2316] ✓ Earned days recalculated: 18.62 days
[2026-02-01 08:57:23]   [emp_id: 2337] ✓ Earned days recalculated: 39.7 days
[2026-02-01 08:57:23]   [emp_id: 2352] ✓ Earned days recalculated: 71.2 days
[2026-02-01 08:57:23]   [emp_id: 2358] ✓ Earned days recalculated: 7.7 days
[2026-02-01 08:57:23]   [emp_id: 2361] ✓ Earned days recalculated: 73.37 days
[2026-02-01 08:57:23]   [emp_id: 2363] ✓ Earned days recalculated: 75.95 days
[2026-02-01 08:57:23]   [emp_id: 2364] ✓ Earned days recalculated: 75.37 days
[2026-02-01 08:57:23]   [emp_id: 2367] ✓ Earned days recalculated: 103.04 days
[2026-02-01 08:57:23]   [emp_id: 2368] ✓ Earned days recalculated: 33.45 days
[2026-02-01 08:57:23]   [emp_id: 2372] ✓ Earned days recalculated: 70.7 days
[2026-02-01 08:57:23]   [emp_id: 2376] ✓ Earned days recalculated: 120.7 days
[2026-02-01 08:57:23]   [emp_id: 2423] ✓ Earned days recalculated: 21.45 days
[2026-02-01 08:57:23]   [emp_id: 2519] ✓ Earned days recalculated: 115.12 days
[2026-02-01 08:57:23]   [emp_id: 2522] ✓ Earned days recalculated: 58.7 days
[2026-02-01 08:57:23]   [emp_id: 2530] ✓ Earned days recalculated: 53.95 days
[2026-02-01 08:57:23]   [emp_id: 2539] ✓ Earned days recalculated: 50.7 days
[2026-02-01 08:57:23]   [emp_id: 2541] ✓ Earned days recalculated: 31.29 days
[2026-02-01 08:57:23]   [emp_id: 2550] ✓ Earned days recalculated: 97.45 days
[2026-02-01 08:57:23]   [emp_id: 2553] ✓ Earned days recalculated: 34.56 days
[2026-02-01 08:57:23]   [emp_id: 2554] ✓ Earned days recalculated: 41.04 days
[2026-02-01 08:57:23]   [emp_id: 2565] ✓ Earned days recalculated: 95.62 days
[2026-02-01 08:57:23]   [emp_id: 2572] ✓ Earned days recalculated: 45.62 days
[2026-02-01 08:57:23]   [emp_id: 2637] ✓ Earned days recalculated: 66.2 days
[2026-02-01 08:57:23]   [emp_id: 2642] ✓ Earned days recalculated: 78.95 days
[2026-02-01 08:57:23]   [emp_id: 2645] ✓ Earned days recalculated: 94.95 days
[2026-02-01 08:57:23]   [emp_id: 2648] ✓ Earned days recalculated: 46.62 days
[2026-02-01 08:57:23]   [emp_id: 2654] ✓ Earned days recalculated: 89.29 days
[2026-02-01 08:57:23]   [emp_id: 2688] ✓ Earned days recalculated: 27.37 days
[2026-02-01 08:57:23]   [emp_id: 2690] ✓ Earned days recalculated: 16.12 days
[2026-02-01 08:57:23]   [emp_id: 2709] ✓ Earned days recalculated: 38.37 days
[2026-02-01 08:57:23]   [emp_id: 2745] ✓ Earned days recalculated: 34.95 days
[2026-02-01 08:57:23]   [emp_id: 2843] ✓ Earned days recalculated: 81.54 days
[2026-02-01 08:57:23]   [emp_id: 2854] ✓ Earned days recalculated: 61.45 days
[2026-02-01 08:57:23]   [emp_id: 2869] ✓ Earned days recalculated: 5.37 days
[2026-02-01 08:57:23]   [emp_id: 2876] ✓ Earned days recalculated: 36.2 days
[2026-02-01 08:57:23]   [emp_id: 2924] ✓ Earned days recalculated: 17.37 days
[2026-02-01 08:57:23]   [emp_id: 2953] ✓ Earned days recalculated: 103.12 days
[2026-02-01 08:57:23]   [emp_id: 2961] ✓ Earned days recalculated: 13.12 days
[2026-02-01 08:57:23]   [emp_id: 2975] ✓ Earned days recalculated: 2.8 days
[2026-02-01 08:57:23]   [emp_id: 3013] ✓ Earned days recalculated: 12.12 days
[2026-02-01 08:57:23]   [emp_id: 3014] ✓ Earned days recalculated: 91.37 days
[2026-02-01 08:57:24]   [emp_id: 3015] ✓ Earned days recalculated: 2.62 days
[2026-02-01 08:57:24]   [emp_id: 3018] ✓ Earned days recalculated: 61.37 days
[2026-02-01 08:57:24]   [emp_id: 3025] ✓ Earned days recalculated: 25.14 days
[2026-02-01 08:57:24]   [emp_id: 3037] ✓ Earned days recalculated: 84.87 days
[2026-02-01 08:57:24]   [emp_id: 3047] ✓ Earned days recalculated: 73.12 days
[2026-02-01 08:57:24]   [emp_id: 3061] ✓ Earned days recalculated: 20.04 days
[2026-02-01 08:57:24]   [emp_id: 3062] ✓ Earned days recalculated: 53.2 days
[2026-02-01 08:57:24]   [emp_id: 3074] ✓ Earned days recalculated: 109.62 days
[2026-02-01 08:57:24]   [emp_id: 3089] ✓ Earned days recalculated: 8.54 days
[2026-02-01 08:57:24]   [emp_id: 3090] ✓ Earned days recalculated: 35.12 days
[2026-02-01 08:57:24]   [emp_id: 3091] ✓ Earned days recalculated: 47.12 days
[2026-02-01 08:57:24]   [emp_id: 3092] ✓ Earned days recalculated: 29.79 days
[2026-02-01 08:57:24]   [emp_id: 3105] ✓ Earned days recalculated: 50.12 days
[2026-02-01 08:57:24]   [emp_id: 3134] ✓ Earned days recalculated: 45.87 days
[2026-02-01 08:57:24]   [emp_id: 3140] ✓ Earned days recalculated: 42.95 days
[2026-02-01 08:57:24]   [emp_id: 3144] ✓ Earned days recalculated: 15.79 days
[2026-02-01 08:57:24]   [emp_id: 3156] ✓ Earned days recalculated: 19.12 days
[2026-02-01 08:57:24]   [emp_id: 3162] ✓ Earned days recalculated: 4.1 days
[2026-02-01 08:57:24]   [emp_id: 3163] ✓ Earned days recalculated: 7.37 days
[2026-02-01 08:57:24]   [emp_id: 3198] ✓ Earned days recalculated: 42.37 days
[2026-02-01 08:57:24]   [emp_id: 3205] ✓ Earned days recalculated: 19.04 days
[2026-02-01 08:57:24]   [emp_id: 3209] ✓ Earned days recalculated: 43.2 days
[2026-02-01 08:57:24]   [emp_id: 3223] ✓ Earned days recalculated: 92.12 days
[2026-02-01 08:57:24]   [emp_id: 3224] ✓ Earned days recalculated: 66.87 days
[2026-02-01 08:57:24]   [emp_id: 3230] ✓ Earned days recalculated: 90.29 days
[2026-02-01 08:57:24]   [emp_id: 3231] ✓ Earned days recalculated: 2.66 days
[2026-02-01 08:57:24]   [emp_id: 3233] ✓ Earned days recalculated: 83.12 days
[2026-02-01 08:57:24]   [emp_id: 3249] ✓ Earned days recalculated: 38.95 days
[2026-02-01 08:57:24]   [emp_id: 3250] ✓ Earned days recalculated: 11.95 days
[2026-02-01 08:57:24]   [emp_id: 3252] ✓ Earned days recalculated: 12.87 days
[2026-02-01 08:57:24]   [emp_id: 3254] ✓ Earned days recalculated: 23.37 days
[2026-02-01 08:57:24]   [emp_id: 3255] ✓ Earned days recalculated: 19.79 days
[2026-02-01 08:57:24]   [emp_id: 3256] ✓ Earned days recalculated: 16.04 days
[2026-02-01 08:57:24]   [emp_id: 3263] ✓ Earned days recalculated: 32.12 days
[2026-02-01 08:57:24]   [emp_id: 3265] ✓ Earned days recalculated: 27.7 days
[2026-02-01 08:57:24]   [emp_id: 3280] ✓ Earned days recalculated: 74.62 days
[2026-02-01 08:57:24]   [emp_id: 3286] ✓ Earned days recalculated: 17.79 days
[2026-02-01 08:57:24]   [emp_id: 3294] ✓ Earned days recalculated: 17.45 days
[2026-02-01 08:57:24]   [emp_id: 3321] ✓ Earned days recalculated: 74.62 days
[2026-02-01 08:57:24]   [emp_id: 3325] ✓ Earned days recalculated: 62.37 days
[2026-02-01 08:57:24]   [emp_id: 3329] ✓ Earned days recalculated: 64.7 days
[2026-02-01 08:57:24]   [emp_id: 3330] ✓ Earned days recalculated: 64.7 days
[2026-02-01 08:57:24]   [emp_id: 3332] ✓ Earned days recalculated: 64.7 days
[2026-02-01 08:57:24]   [emp_id: 3370] ✓ Earned days recalculated: 56.21 days
[2026-02-01 08:57:24]   [emp_id: 3384] ✓ Earned days recalculated: 16.87 days
[2026-02-01 08:57:24]   [emp_id: 3386] ✓ Earned days recalculated: 46.87 days
[2026-02-01 08:57:24]   [emp_id: 3431] ✓ Earned days recalculated: 21.29 days
[2026-02-01 08:57:24]   [emp_id: 3497] ✓ Earned days recalculated: 11.45 days
[2026-02-01 08:57:24]   [emp_id: 3532] ✓ Earned days recalculated: 2.29 days
[2026-02-01 08:57:24]   [emp_id: 3602] ✓ Earned days recalculated: 3.86 days
[2026-02-01 08:57:24]   [emp_id: 3618] ✓ Earned days recalculated: 25.84 days
[2026-02-01 08:57:24]   [emp_id: 3622] ✓ Earned days recalculated: 36.21 days
[2026-02-01 08:57:24]   [emp_id: 3627] ✓ Earned days recalculated: 11.79 days
[2026-02-01 08:57:24]   [emp_id: 3665] ✓ Earned days recalculated: 53.37 days
[2026-02-01 08:57:24]   [emp_id: 3705] ✓ Earned days recalculated: 29.54 days
[2026-02-01 08:57:24]   [emp_id: 3724] ✓ Earned days recalculated: 46.37 days
[2026-02-01 08:57:24]   [emp_id: 3726] ✓ Earned days recalculated: 62.79 days
[2026-02-01 08:57:24]   [emp_id: 3727] ✓ Earned days recalculated: 67.87 days
[2026-02-01 08:57:25]   [emp_id: 3728] ✓ Earned days recalculated: 12.2 days
[2026-02-01 08:57:25]   [emp_id: 3767] ✓ Earned days recalculated: 2.95 days
[2026-02-01 08:57:25]   [emp_id: 3768] ✓ Earned days recalculated: 59.2 days
[2026-02-01 08:57:25]   [emp_id: 3787] ✓ Earned days recalculated: 59.79 days
[2026-02-01 08:57:25]   [emp_id: 3790] ✓ Earned days recalculated: 4.34 days
[2026-02-01 08:57:25]   [emp_id: 3795] ✓ Earned days recalculated: 17.29 days
[2026-02-01 08:57:25]   [emp_id: 3798] ✓ Earned days recalculated: 95.7 days
[2026-02-01 08:57:25]   [emp_id: 3801] ✓ Earned days recalculated: 3.97 days
[2026-02-01 08:57:25]   [emp_id: 3802] ✓ Earned days recalculated: 32.95 days
[2026-02-01 08:57:25]   [emp_id: 3803] ✓ Earned days recalculated: 117.37 days
[2026-02-01 08:57:25]   [emp_id: 3810] ✓ Earned days recalculated: 63.37 days
[2026-02-01 08:57:25]   [emp_id: 3812] ✓ Earned days recalculated: 92.37 days
[2026-02-01 08:57:25]   [emp_id: 3815] ✓ Earned days recalculated: 92.37 days
[2026-02-01 08:57:25]   [emp_id: 3836] ✓ Earned days recalculated: 60.04 days
[2026-02-01 08:57:25]   [emp_id: 3855] ✓ Earned days recalculated: 53.2 days
[2026-02-01 08:57:25]   [emp_id: 3857] ✓ Earned days recalculated: 56.87 days
[2026-02-01 08:57:25]   [emp_id: 3862] ✓ Earned days recalculated: 104.95 days
[2026-02-01 08:57:25]   [emp_id: 3866] ✓ Earned days recalculated: 30.2 days
[2026-02-01 08:57:25]   [emp_id: 3876] ✓ Earned days recalculated: 26.37 days
[2026-02-01 08:57:25]   [emp_id: 3877] ✓ Earned days recalculated: 51.87 days
[2026-02-01 08:57:25]   [emp_id: 3897] ✓ Earned days recalculated: 40.12 days
[2026-02-01 08:57:25]   [emp_id: 3899] ✓ Earned days recalculated: 1.94 days
[2026-02-01 08:57:25]   [emp_id: 3928] ✓ Earned days recalculated: 16.2 days
[2026-02-01 08:57:25]   [emp_id: 3929] ✓ Earned days recalculated: 11.2 days
[2026-02-01 08:57:25]   [emp_id: 3935] ✓ Earned days recalculated: 96.2 days
[2026-02-01 08:57:25]   [emp_id: 3952] ✓ Earned days recalculated: 77.54 days
[2026-02-01 08:57:25]   [emp_id: 3987] ✓ Earned days recalculated: 16.45 days
[2026-02-01 08:57:25]   [emp_id: 4059] ✓ Earned days recalculated: 5.65 days
[2026-02-01 08:57:25]   [emp_id: 4119] ✓ Earned days recalculated: 59.12 days
[2026-02-01 08:57:25]   [emp_id: 4120] ✓ Earned days recalculated: 28.7 days
[2026-02-01 08:57:25]   [emp_id: 4124] ✓ Earned days recalculated: 29.22 days
[2026-02-01 08:57:25]   [emp_id: 4133] ✓ Earned days recalculated: 107.7 days
[2026-02-01 08:57:25]   [emp_id: 4134] ✓ Earned days recalculated: 28.7 days
[2026-02-01 08:57:25]   [emp_id: 4136] ✓ Earned days recalculated: 28.7 days
[2026-02-01 08:57:25]   [emp_id: 4150] ✓ Earned days recalculated: 27.37 days
[2026-02-01 08:57:25]   [emp_id: 4157] ✓ Earned days recalculated: 20.87 days
[2026-02-01 08:57:25]   [emp_id: 4172] ✓ Earned days recalculated: 14.12 days
[2026-02-01 08:57:25]   [emp_id: 4195] ✓ Earned days recalculated: 64.45 days
[2026-02-01 08:57:25]   [emp_id: 4215] ✓ Earned days recalculated: 47.12 days
[2026-02-01 08:57:25]   [emp_id: 4220] ✓ Earned days recalculated: 42.7 days
[2026-02-01 08:57:25]   [emp_id: 4273] ✓ Earned days recalculated: 11.37 days
[2026-02-01 08:57:25]   [emp_id: 4283] ✓ Earned days recalculated: 15.21 days
[2026-02-01 08:57:25]   [emp_id: 4288] ✓ Earned days recalculated: 1.94 days
[2026-02-01 08:57:25]   [emp_id: 4315] ✓ Earned days recalculated: 14.62 days
[2026-02-01 08:57:25]   [emp_id: 4328] ✓ Earned days recalculated: 44.04 days
[2026-02-01 08:57:25]   [emp_id: 4329] ✓ Earned days recalculated: 7.79 days
[2026-02-01 08:57:25]   [emp_id: 4338] ✓ Earned days recalculated: 49.37 days
[2026-02-01 08:57:25]   [emp_id: 4340] ✓ Earned days recalculated: 111.37 days
[2026-02-01 08:57:25]   [emp_id: 4365] ✓ Earned days recalculated: 62.79 days
[2026-02-01 08:57:25]   [emp_id: 4366] ✓ Earned days recalculated: 61.87 days
[2026-02-01 08:57:25]   [emp_id: 4403] ✓ Earned days recalculated: 87.7 days
[2026-02-01 08:57:25]   [emp_id: 4438] ✓ Earned days recalculated: 23.37 days
[2026-02-01 08:57:25]   [emp_id: 4465] ✓ Earned days recalculated: 14.37 days
[2026-02-01 08:57:25]   [emp_id: 4473] ✓ Earned days recalculated: 46.95 days
[2026-02-01 08:57:26]   [emp_id: 4474] ✓ Earned days recalculated: 4.88 days
[2026-02-01 08:57:26]   [emp_id: 4493] ✓ Earned days recalculated: 165.79 days
[2026-02-01 08:57:26]   [emp_id: 4526] ✓ Earned days recalculated: 38.04 days
[2026-02-01 08:57:26]   [emp_id: 4528] ✓ Earned days recalculated: 109.79 days
[2026-02-01 08:57:26]   [emp_id: 4528] ✓ Earned days recalculated: 109.79 days
[2026-02-01 08:57:26]   [emp_id: 4532] ✓ Earned days recalculated: 9.49 days
[2026-02-01 08:57:26]   [emp_id: 4533] ✓ Earned days recalculated: 38.2 days
[2026-02-01 08:57:26]   [emp_id: 4565] ✓ Earned days recalculated: 16.87 days
[2026-02-01 08:57:26]   [emp_id: 4567] ✓ Earned days recalculated: 21.12 days
[2026-02-01 08:57:26]   [emp_id: 4572] ✓ Earned days recalculated: 60.62 days
[2026-02-01 08:57:26]   [emp_id: 4631] ✓ Earned days recalculated: 16.87 days
[2026-02-01 08:57:26]   [emp_id: 4655] ✓ Earned days recalculated: 27.12 days
[2026-02-01 08:57:26]   [emp_id: 4709] ✓ Earned days recalculated: 42.37 days
[2026-02-01 08:57:26]   [emp_id: 4717] ✓ Earned days recalculated: 68.37 days
[2026-02-01 08:57:26]   [emp_id: 4736] ✓ Earned days recalculated: 30.2 days
[2026-02-01 08:57:26]   [emp_id: 4756] ✓ Earned days recalculated: 13.31 days
[2026-02-01 08:57:26]   [emp_id: 4768] ✓ Earned days recalculated: 15.87 days
[2026-02-01 08:57:26]   [emp_id: 4780] ✓ Earned days recalculated: 67.04 days
[2026-02-01 08:57:26]   [emp_id: 4820] ✓ Earned days recalculated: 101.2 days
[2026-02-01 08:57:26]   [emp_id: 4824] ✓ Earned days recalculated: 4.38 days
[2026-02-01 08:57:26]   [emp_id: 4825] ✓ Earned days recalculated: 32.95 days
[2026-02-01 08:57:26]   [emp_id: 4837] ✓ Earned days recalculated: 47.03 days
[2026-02-01 08:57:26]   [emp_id: 4840] ✓ Earned days recalculated: 47.03 days
[2026-02-01 08:57:26]   [emp_id: 4842] ✓ Earned days recalculated: 46.27 days
[2026-02-01 08:57:26]   [emp_id: 4843] ✓ Earned days recalculated: 46.8 days
[2026-02-01 08:57:26]   [emp_id: 4853] ✓ Earned days recalculated: 90.62 days
[2026-02-01 08:57:26]   [emp_id: 4856] ✓ Earned days recalculated: 43.94 days
[2026-02-01 08:57:26]   [emp_id: 4857] ✓ Earned days recalculated: 26.76 days
[2026-02-01 08:57:26]   [emp_id: 4858] ✓ Earned days recalculated: 23.64 days
[2026-02-01 08:57:26]   [emp_id: 4859] ✓ Earned days recalculated: 45.11 days
[2026-02-01 08:57:26]   [emp_id: 4860] ✓ Earned days recalculated: 9.61 days
[2026-02-01 08:57:26]   [emp_id: 4861] ✓ Earned days recalculated: 43.07 days
[2026-02-01 08:57:26]   [emp_id: 4869] ✓ Earned days recalculated: 85.95 days
[2026-02-01 08:57:26]   [emp_id: 4894] ✓ Earned days recalculated: 9.87 days
[2026-02-01 08:57:26]   [emp_id: 4897] ✓ Earned days recalculated: 24.85 days
[2026-02-01 08:57:26]   [emp_id: 4899] ✓ Earned days recalculated: 21.02 days
[2026-02-01 08:57:26]   [emp_id: 4902] ✓ Earned days recalculated: 20.44 days
[2026-02-01 08:57:26]   [emp_id: 4903] ✓ Earned days recalculated: 22.66 days
[2026-02-01 08:57:26]   [emp_id: 4905] ✓ Earned days recalculated: 21.32 days
[2026-02-01 08:57:26]   [emp_id: 4907] ✓ Earned days recalculated: 49.95 days
[2026-02-01 08:57:26]   [emp_id: 4917] ✓ Earned days recalculated: 18.28 days
[2026-02-01 08:57:26]   [emp_id: 4918] ✓ Earned days recalculated: 8.05 days
[2026-02-01 08:57:26]   [emp_id: 4919] ✓ Earned days recalculated: 60.34 days
[2026-02-01 08:57:26]   [emp_id: 4920] ✓ Earned days recalculated: 7.42 days
[2026-02-01 08:57:26]   [emp_id: 4921] ✓ Earned days recalculated: 19.51 days
[2026-02-01 08:57:26]   [emp_id: 4927] ✓ Earned days recalculated: 18.34 days
[2026-02-01 08:57:26]   [emp_id: 4929] ✓ Earned days recalculated: 19.86 days
[2026-02-01 08:57:26]   [emp_id: 4930] ✓ Earned days recalculated: 60.63 days
[2026-02-01 08:57:26]   [emp_id: 4932] ✓ Earned days recalculated: 18.63 days
[2026-02-01 08:57:26]   [emp_id: 4933] ✓ Earned days recalculated: 22.04 days
[2026-02-01 08:57:26]   [emp_id: 4949] ✓ Earned days recalculated: 25.47 days
[2026-02-01 08:57:26]   [emp_id: 4956] ✓ Earned days recalculated: 31.06 days
[2026-02-01 08:57:26]   [emp_id: 4957] ✓ Earned days recalculated: 26.73 days
[2026-02-01 08:57:26]   [emp_id: 4962] ✓ Earned days recalculated: 49.31 days
[2026-02-01 08:57:26]   [emp_id: 4969] ✓ Earned days recalculated: 48.62 days
[2026-02-01 08:57:26]   [emp_id: 4976] ✓ Earned days recalculated: 11.75 days
[2026-02-01 08:57:27]   [emp_id: 4984] ✓ Earned days recalculated: 39.87 days
[2026-02-01 08:57:27]   [emp_id: 4995] ✓ Earned days recalculated: 51.94 days
[2026-02-01 08:57:27]   [emp_id: 5004] ✓ Earned days recalculated: 28.69 days
[2026-02-01 08:57:27]   [emp_id: 5006] ✓ Earned days recalculated: 28.43 days
[2026-02-01 08:57:27]   [emp_id: 5011] ✓ Earned days recalculated: 7.72 days
[2026-02-01 08:57:27]   [emp_id: 5013] ✓ Earned days recalculated: 68.8 days
[2026-02-01 08:57:27]   [emp_id: 5018] ✓ Earned days recalculated: 5.29 days
[2026-02-01 08:57:27]   [emp_id: 5021] ✓ Earned days recalculated: 62.97 days
[2026-02-01 08:57:27]   [emp_id: 5024] ✓ Earned days recalculated: 3.31 days
[2026-02-01 08:57:27]   [emp_id: 5030] ✓ Earned days recalculated: 33.26 days
[2026-02-01 08:57:27]   [emp_id: 5033] ✓ Earned days recalculated: 12.06 days
[2026-02-01 08:57:27]   [emp_id: 5043] ✓ Earned days recalculated: 32.54 days
[2026-02-01 08:57:27]   [emp_id: 5045] ✓ Earned days recalculated: 29.04 days
[2026-02-01 08:57:27]   [emp_id: 5046] ✓ Earned days recalculated: 24.23 days
[2026-02-01 08:57:27]   [emp_id: 5049] ✓ Earned days recalculated: 0.74 days
[2026-02-01 08:57:27]   [emp_id: 5052] ✓ Earned days recalculated: 32.02 days
[2026-02-01 08:57:27]   [emp_id: 5055] ✓ Earned days recalculated: 20.46 days
[2026-02-01 08:57:27]   [emp_id: 5058] ✓ Earned days recalculated: 29.44 days
[2026-02-01 08:57:27]   [emp_id: 5062] ✓ Earned days recalculated: 41.27 days
[2026-02-01 08:57:27]   [emp_id: 5064] ✓ Earned days recalculated: 119.87 days
[2026-02-01 08:57:27]   [emp_id: 5065] ✓ Earned days recalculated: 40.68 days
[2026-02-01 08:57:27]   [emp_id: 5071] ✓ Earned days recalculated: 25.37 days
[2026-02-01 08:57:27]   [emp_id: 5073] ✓ Earned days recalculated: 15.28 days
[2026-02-01 08:57:27]   [emp_id: 5079] ✓ Earned days recalculated: 35.84 days
[2026-02-01 08:57:27]   [emp_id: 5080] ✓ Earned days recalculated: 29.17 days
[2026-02-01 08:57:27]   [emp_id: 5081] ✓ Earned days recalculated: 17.43 days
[2026-02-01 08:57:27]   [emp_id: 5087] ✓ Earned days recalculated: 37.47 days
[2026-02-01 08:57:27]   [emp_id: 5091] ✓ Earned days recalculated: 77.32 days
[2026-02-01 08:57:27]   [emp_id: 5093] ✓ Earned days recalculated: 16.54 days
[2026-02-01 08:57:27]   [emp_id: 5095] ✓ Earned days recalculated: 2.86 days
[2026-02-01 08:57:27]   [emp_id: 5101] ✓ Earned days recalculated: 18.62 days
[2026-02-01 08:57:27]   [emp_id: 5107] ✓ Earned days recalculated: 16.95 days
[2026-02-01 08:57:27]   [emp_id: 5109] ✓ Earned days recalculated: 14.2 days
[2026-02-01 08:57:27]   [emp_id: 5119] ✓ Earned days recalculated: 12.37 days
[2026-02-01 08:57:27]   [emp_id: 5122] ✓ Earned days recalculated: 9.54 days
[2026-02-01 08:57:27]   [emp_id: 5126] ✓ Earned days recalculated: 28.2 days
[2026-02-01 08:57:27]   [emp_id: 5127] ✓ Earned days recalculated: 6.99 days
[2026-02-01 08:57:27]   [emp_id: 5128] ✓ Earned days recalculated: 28.14 days
[2026-02-01 08:57:27]   [emp_id: 5138] ✓ Earned days recalculated: 52.2 days
[2026-02-01 08:57:27]   [emp_id: 5138] ✓ Earned days recalculated: 52.2 days
[2026-02-01 08:57:27]   [emp_id: 5141] ✓ Earned days recalculated: 36.51 days
[2026-02-01 08:57:27]   [emp_id: 5142] ✓ Earned days recalculated: 15.51 days
[2026-02-01 08:57:27]   [emp_id: 5146] ✓ Earned days recalculated: 22.51 days
[2026-02-01 08:57:27]   [emp_id: 5147] ✓ Earned days recalculated: 21.51 days
[2026-02-01 08:57:27]   [emp_id: 5148] ✓ Earned days recalculated: 26.86 days
[2026-02-01 08:57:27]   [emp_id: 5149] ✓ Earned days recalculated: 25.75 days
[2026-02-01 08:57:27]   [emp_id: 5150] ✓ Earned days recalculated: 25.11 days
[2026-02-01 08:57:27]   [emp_id: 5151] ✓ Earned days recalculated: 24.93 days
[2026-02-01 08:57:27]   [emp_id: 5152] ✓ Earned days recalculated: 5.35 days
[2026-02-01 08:57:27]   [emp_id: 5157] ✓ Earned days recalculated: 24.93 days
[2026-02-01 08:57:27]   [emp_id: 5160] ✓ Earned days recalculated: 24.93 days
[2026-02-01 08:57:27]   [emp_id: 5163] ✓ Earned days recalculated: 22.72 days
[2026-02-01 08:57:27]   [emp_id: 5165] ✓ Earned days recalculated: 3.64 days
[2026-02-01 08:57:27]   [emp_id: 5167] ✓ Earned days recalculated: 31.87 days
[2026-02-01 08:57:27]   [emp_id: 5168] ✓ Earned days recalculated: 24.41 days
[2026-02-01 08:57:27]   [emp_id: 5173] ✓ Earned days recalculated: 27.29 days
[2026-02-01 08:57:27]   [emp_id: 5174] ✓ Earned days recalculated: 24.87 days
[2026-02-01 08:57:27]   [emp_id: 5181] ✓ Earned days recalculated: 21.26 days
[2026-02-01 08:57:27]   [emp_id: 5186] ✓ Earned days recalculated: 26.79 days
[2026-02-01 08:57:28]   [emp_id: 5187] ✓ Earned days recalculated: 37.79 days
[2026-02-01 08:57:28]   [emp_id: 5204] ✓ Earned days recalculated: 24.79 days
[2026-02-01 08:57:28]   [emp_id: 5205] ✓ Earned days recalculated: 14 days
[2026-02-01 08:57:28]   [emp_id: 5209] ✓ Earned days recalculated: 17 days
[2026-02-01 08:57:28]   [emp_id: 5213] ✓ Earned days recalculated: 4.41 days
[2026-02-01 08:57:28]   [emp_id: 5214] ✓ Earned days recalculated: 3.25 days
[2026-02-01 08:57:28]   [emp_id: 5215] ✓ Earned days recalculated: 12 days
[2026-02-01 08:57:28]   [emp_id: 5217] ✓ Earned days recalculated: 11 days
[2026-02-01 08:57:28]   [emp_id: 5219] ✓ Earned days recalculated: 15 days
[2026-02-01 08:57:28]   [emp_id: 5221] ✓ Earned days recalculated: 4.31 days
[2026-02-01 08:57:28]   [emp_id: 5224] ✓ Earned days recalculated: 16 days
[2026-02-01 08:57:28]   [emp_id: 5225] ✓ Earned days recalculated: 8.31 days
[2026-02-01 08:57:28]   [emp_id: 5228] ✓ Earned days recalculated: 11 days
[2026-02-01 08:57:28]   [emp_id: 5229] ✓ Earned days recalculated: 7 days
[2026-02-01 08:57:28]   [emp_id: 5230] ✓ Earned days recalculated: 11.67 days
[2026-02-01 08:57:28]   [emp_id: 5231] ✓ Earned days recalculated: 8 days
[2026-02-01 08:57:28]   [emp_id: 5232] ✓ Earned days recalculated: 2 days
[2026-02-01 08:57:28]   [emp_id: 5233] ✓ Earned days recalculated: 6 days
[2026-02-01 08:57:28]   [emp_id: 5234] ✓ Earned days recalculated: 6 days
[2026-02-01 08:57:28]   [emp_id: 5235] ✓ Earned days recalculated: 1.44 days
[2026-02-01 08:57:28]   [emp_id: 5237] ✓ Earned days recalculated: 12.25 days
[2026-02-01 08:57:28]   [emp_id: 5239] ✓ Earned days recalculated: 9 days
[2026-02-01 08:57:28]   [emp_id: 5241] ✓ Earned days recalculated: 7 days
[2026-02-01 08:57:28]   [emp_id: 5242] ✓ Earned days recalculated: 17 days
[2026-02-01 08:57:28]   [emp_id: 5243] ✓ Earned days recalculated: 3.41 days
[2026-02-01 08:57:28]   [emp_id: 5244] ✓ Earned days recalculated: 1.44 days
[2026-02-01 08:57:28]   [emp_id: 5246] ✓ Earned days recalculated: 13 days
[2026-02-01 08:57:28]   [emp_id: 5253] ✓ Earned days recalculated: 25.87 days
[2026-02-01 08:57:28]   [emp_id: 5254] ✓ Earned days recalculated: 13.85 days
[2026-02-01 08:57:28]   [emp_id: 5257] ✓ Earned days recalculated: 13.56 days
[2026-02-01 08:57:28]   [emp_id: 5259] ✓ Earned days recalculated: 50.09 days
[2026-02-01 08:57:28]   [emp_id: 5261] ✓ Earned days recalculated: 18.39 days
[2026-02-01 08:57:28]   [emp_id: 5264] ✓ Earned days recalculated: 15.57 days
[2026-02-01 08:57:28]   [emp_id: 5266] ✓ Earned days recalculated: 22.19 days
[2026-02-01 08:57:28]   [emp_id: 5268] ✓ Earned days recalculated: 10.76 days
[2026-02-01 08:57:28]   [emp_id: 5271] ✓ Earned days recalculated: 9.42 days
[2026-02-01 08:57:28]   [emp_id: 5272] ✓ Earned days recalculated: 10.29 days
[2026-02-01 08:57:28]   [emp_id: 5273] ✓ Earned days recalculated: 25.36 days
[2026-02-01 08:57:28]   [emp_id: 5275] ✓ Earned days recalculated: 11.11 days
[2026-02-01 08:57:28]   [emp_id: 5276] ✓ Earned days recalculated: 25.38 days
[2026-02-01 08:57:28]   [emp_id: 5278] ✓ Earned days recalculated: 9.77 days
[2026-02-01 08:57:28]   [emp_id: 5280] ✓ Earned days recalculated: 20.17 days
[2026-02-01 08:57:28]   [emp_id: 5282] ✓ Earned days recalculated: 13.87 days
[2026-02-01 08:57:28]   [emp_id: 5285] ✓ Earned days recalculated: 30.17 days
[2026-02-01 08:57:28]   [emp_id: 5286] ✓ Earned days recalculated: 17.17 days
[2026-02-01 08:57:28]   [emp_id: 5287] ✓ Earned days recalculated: 51.47 days
[2026-02-01 08:57:28]   [emp_id: 5288] ✓ Earned days recalculated: 8.74 days
[2026-02-01 08:57:28]   [emp_id: 5289] ✓ Earned days recalculated: 50.02 days
[2026-02-01 08:57:28]   [emp_id: 5290] ✓ Earned days recalculated: 48.79 days
[2026-02-01 08:57:28]   [emp_id: 5291] ✓ Earned days recalculated: 6.79 days
[2026-02-01 08:57:28]   [emp_id: 5292] ✓ Earned days recalculated: 6.73 days
[2026-02-01 08:57:28]   [emp_id: 5293] ✓ Earned days recalculated: 10.13 days
[2026-02-01 08:57:28]   [emp_id: 5294] ✓ Earned days recalculated: 9.79 days
[2026-02-01 08:57:28]   [emp_id: 5295] ✓ Earned days recalculated: 22.97 days
[2026-02-01 08:57:28]   [emp_id: 5296] ✓ Earned days recalculated: 36.81 days
[2026-02-01 08:57:29]   [emp_id: 5297] ✓ Earned days recalculated: 47.39 days
[2026-02-01 08:57:29]   [emp_id: 5298] ✓ Earned days recalculated: 47.39 days
[2026-02-01 08:57:29]   [emp_id: 5299] ✓ Earned days recalculated: 47.39 days
[2026-02-01 08:57:29]   [emp_id: 5300] ✓ Earned days recalculated: 47.39 days
[2026-02-01 08:57:29]   [emp_id: 5301] ✓ Earned days recalculated: 5.21 days
[2026-02-01 08:57:29]   [emp_id: 5303] ✓ Earned days recalculated: 5.64 days
[2026-02-01 08:57:29]   [emp_id: 5304] ✓ Earned days recalculated: 2.39 days
[2026-02-01 08:57:29]   [emp_id: 5305] ✓ Earned days recalculated: 5.39 days
[2026-02-01 08:57:29]   [emp_id: 5306] ✓ Earned days recalculated: 47.1 days
[2026-02-01 08:57:29]   [emp_id: 5307] ✓ Earned days recalculated: 47.1 days
[2026-02-01 08:57:29]   [emp_id: 5312] ✓ Earned days recalculated: 1.44 days
[2026-02-01 08:57:29]   [emp_id: 5318] ✓ Earned days recalculated: 27.81 days
[2026-02-01 08:57:29]   [emp_id: 5325] ✓ Earned days recalculated: 1.77 days
[2026-02-01 08:57:29]   [emp_id: 5327] ✓ Earned days recalculated: 2.86 days
[2026-02-01 08:57:29]   [emp_id: 5337] ✓ Earned days recalculated: 37.7 days
[2026-02-01 08:57:29]   [emp_id: 5339] ✓ Earned days recalculated: 11.96 days
[2026-02-01 08:57:29]   [emp_id: 5343] ✓ Earned days recalculated: 47.62 days
[2026-02-01 08:57:29]   [emp_id: 5343] ✓ Earned days recalculated: 47.62 days
[2026-02-01 08:57:29]   [emp_id: 5345] ✓ Earned days recalculated: 17.45 days
[2026-02-01 08:57:29]   [emp_id: 5346] ✓ Earned days recalculated: 3.68 days
[2026-02-01 08:57:29]   [emp_id: 5351] ✓ Earned days recalculated: 18.62 days
[2026-02-01 08:57:29]   [emp_id: 5352] ✓ Earned days recalculated: 27.87 days
[2026-02-01 08:57:29]   [emp_id: 5370] ✓ Earned days recalculated: 17.27 days
[2026-02-01 08:57:29]   [emp_id: 5371] ✓ Earned days recalculated: 9.62 days
[2026-02-01 08:57:29]   [emp_id: 5376] ✓ Earned days recalculated: 11.87 days
[2026-02-01 08:57:29]   [emp_id: 5378] ✓ Earned days recalculated: 19.7 days
[2026-02-01 08:57:29]   [emp_id: 5380] ✓ Earned days recalculated: 18.28 days
[2026-02-01 08:57:29]   [emp_id: 5381] ✓ Earned days recalculated: 14.14 days
[2026-02-01 08:57:29]   [emp_id: 5383] ✓ Earned days recalculated: 17.45 days
[2026-02-01 08:57:29]   [emp_id: 5388] ✓ Earned days recalculated: 29.06 days
[2026-02-01 08:57:29]   [emp_id: 5396] ✓ Earned days recalculated: 30.3 days
[2026-02-01 08:57:29]   [emp_id: 5397] ✓ Earned days recalculated: 21.76 days
[2026-02-01 08:57:29]   [emp_id: 5401] ✓ Earned days recalculated: 24.87 days
[2026-02-01 08:57:29]   [emp_id: 5402] ✓ Earned days recalculated: 24.99 days
[2026-02-01 08:57:29]   [emp_id: 5406] ✓ Earned days recalculated: 18.71 days
[2026-02-01 08:57:29]   [emp_id: 5407] ✓ Earned days recalculated: 18.22 days
[2026-02-01 08:57:29]   [emp_id: 5409] ✓ Earned days recalculated: 18.05 days
[2026-02-01 08:57:29]   [emp_id: 5413] ✓ Earned days recalculated: 30.62 days
[2026-02-01 08:57:29]   [emp_id: 5414] ✓ Earned days recalculated: 30.29 days
[2026-02-01 08:57:29]   [emp_id: 5415] ✓ Earned days recalculated: 6.22 days
[2026-02-01 08:57:29]   [emp_id: 5418] ✓ Earned days recalculated: 17.11 days
[2026-02-01 08:57:29]   [emp_id: 5422] ✓ Earned days recalculated: 22.95 days
[2026-02-01 08:57:29]   [emp_id: 5423] ✓ Earned days recalculated: 7.64 days
[2026-02-01 08:57:29]   [emp_id: 5425] ✓ Earned days recalculated: 15.66 days
[2026-02-01 08:57:29]   [emp_id: 5426] ✓ Earned days recalculated: 4.19 days
[2026-02-01 08:57:29]   [emp_id: 5426] ✓ Earned days recalculated: 4.19 days
[2026-02-01 08:57:29]   [emp_id: 5427] ✓ Earned days recalculated: 15.77 days
[2026-02-01 08:57:29]   [emp_id: 5428] ✓ Earned days recalculated: 15.66 days
[2026-02-01 08:57:29]   [emp_id: 5430] ✓ Earned days recalculated: 20.01 days
[2026-02-01 08:57:29]   [emp_id: 5431] ✓ Earned days recalculated: 14.78 days
[2026-02-01 08:57:29]   [emp_id: 5433] ✓ Earned days recalculated: 14.8 days
[2026-02-01 08:57:29]   [emp_id: 5434] ✓ Earned days recalculated: 14.55 days
[2026-02-01 08:57:29]   [emp_id: 5435] ✓ Earned days recalculated: 14.49 days
[2026-02-01 08:57:29]   [emp_id: 5436] ✓ Earned days recalculated: 14.49 days
[2026-02-01 08:57:29]   [emp_id: 5438] ✓ Earned days recalculated: 17.87 days
[2026-02-01 08:57:29]   [emp_id: 5439] ✓ Earned days recalculated: 27.37 days
[2026-02-01 08:57:30]   [emp_id: 5442] ✓ Earned days recalculated: 16.37 days
[2026-02-01 08:57:30]   [emp_id: 5445] ✓ Earned days recalculated: 8.95 days
[2026-02-01 08:57:30]   [emp_id: 5446] ✓ Earned days recalculated: 8.95 days
[2026-02-01 08:57:30]   [emp_id: 5447] ✓ Earned days recalculated: 8.89 days
[2026-02-01 08:57:30]   [emp_id: 5448] ✓ Earned days recalculated: 3.39 days
[2026-02-01 08:57:30]   [emp_id: 5449] ✓ Earned days recalculated: 6.97 days
[2026-02-01 08:57:30]   [emp_id: 5450] ✓ Earned days recalculated: 6.91 days
[2026-02-01 08:57:30]   [emp_id: 5451] ✓ Earned days recalculated: 6.91 days
[2026-02-01 08:57:30]   [emp_id: 5453] ✓ Earned days recalculated: 6.75 days
[2026-02-01 08:57:30]   [emp_id: 5454] ✓ Earned days recalculated: 9.45 days
[2026-02-01 08:57:30]   [emp_id: 5455] ✓ Earned days recalculated: 3.7 days
[2026-02-01 08:57:30]   [emp_id: 5456] ✓ Earned days recalculated: 8.7 days
[2026-02-01 08:57:30]   [emp_id: 5457] ✓ Earned days recalculated: 6 days
[2026-02-01 08:57:30]   [emp_id: 5460] ✓ Earned days recalculated: 7.35 days
[2026-02-01 08:57:30]   [emp_id: 5463] ✓ Earned days recalculated: 6.68 days
[2026-02-01 08:57:30]   [emp_id: 5464] ✓ Earned days recalculated: 6.68 days
[2026-02-01 08:57:30]   [emp_id: 5466] ✓ Earned days recalculated: 4.43 days
[2026-02-01 08:57:30]   [emp_id: 5467] ✓ Earned days recalculated: 3.35 days
[2026-02-01 08:57:30]   [emp_id: 5468] ✓ Earned days recalculated: 2.3 days
[2026-02-01 08:57:30]   [emp_id: 5469] ✓ Earned days recalculated: 2.21 days
[2026-02-01 08:57:30] Earned days recalculation complete. Updated: 433, Errors: 0
[2026-02-01 09:01:15] ========== CRON: Vacation Balance Update Started ==========
[2026-02-01 09:01:15] FORCE RUN enabled: Bypassing once-per-day restriction
[2026-02-01 09:01:15] Database connection established
[2026-02-01 09:01:15] Found 433 active employees with balance records to update
[2026-02-01 09:01:15] (Only employees with status=1 will be processed)
[2026-02-01 09:01:15]   [emp_id: 1061] ✓ Updated: 1.94 (synced daily for consistency)
[2026-02-01 09:01:16]   [emp_id: 1496] ✓ Updated: 18.79 (synced daily for consistency)
[2026-02-01 09:01:16]   [emp_id: 1500] ✓ Updated: 6.47 (synced daily for consistency)
[2026-02-01 09:01:16]   [emp_id: 1574] ✓ Updated: 35.7 (synced daily for consistency)
[2026-02-01 09:01:16]   [emp_id: 1673] ✓ Updated: 47.2 (synced daily for consistency)
[2026-02-01 09:01:16]   [emp_id: 1685] ✓ Updated: 17.12 (synced daily for consistency)
[2026-02-01 09:01:16]   [emp_id: 1764] ✓ Updated: 71.79 (synced daily for consistency)
[2026-02-01 09:01:16]   [emp_id: 1805] ✓ Updated: 66.12 (synced daily for consistency)
[2026-02-01 09:01:16]   [emp_id: 1822] ✓ Updated: 70.87 (synced daily for consistency)
[2026-02-01 09:01:16]   [emp_id: 1837] ✓ Updated: 27.04 (synced daily for consistency)
[2026-02-01 09:01:16]   [emp_id: 1857] ✓ Updated: 22.37 (synced daily for consistency)
[2026-02-01 09:01:16]   [emp_id: 1861] ✓ Updated: 73.2 (synced daily for consistency)
[2026-02-01 09:01:16]   [emp_id: 1872] ✓ Updated: 12.04 (synced daily for consistency)
[2026-02-01 09:01:16]   [emp_id: 1897] ✓ Updated: 7.37 (synced daily for consistency)
[2026-02-01 09:01:16]   [emp_id: 1916] ✓ Updated: 13.67 (synced daily for consistency)
[2026-02-01 09:01:16]   [emp_id: 1928] ✓ Updated: 66.62 (synced daily for consistency)
[2026-02-01 09:01:16]   [emp_id: 1931] ✓ Updated: 86.54 (synced daily for consistency)
[2026-02-01 09:01:16]   [emp_id: 1944] ✓ Updated: 44.7 (synced daily for consistency)
[2026-02-01 09:01:16]   [emp_id: 1996] ✓ Updated: 73.2 (synced daily for consistency)
[2026-02-01 09:01:16]   [emp_id: 1997] ✓ Updated: 38.37 (synced daily for consistency)
[2026-02-01 09:01:16]   [emp_id: 1998] ✓ Updated: 29.81 (synced daily for consistency)
[2026-02-01 09:01:16]   [emp_id: 1999] ✓ Updated: 30.81 (synced daily for consistency)
[2026-02-01 09:01:16]   [emp_id: 2009] ✓ Updated: 37.12 (synced daily for consistency)
[2026-02-01 09:01:16]   [emp_id: 2048] ✓ Updated: 26.95 (synced daily for consistency)
[2026-02-01 09:01:16]   [emp_id: 2057] ✓ Updated: 67.79 (synced daily for consistency)
[2026-02-01 09:01:16]   [emp_id: 2079] ✓ Updated: 50.12 (synced daily for consistency)
[2026-02-01 09:01:16]   [emp_id: 2181] ✓ Updated: 39.12 (synced daily for consistency)
[2026-02-01 09:01:16]   [emp_id: 2190] ✓ Updated: 8.45 (synced daily for consistency)
[2026-02-01 09:01:16]   [emp_id: 2212] ✓ Updated: 26.45 (synced daily for consistency)
[2026-02-01 09:01:16]   [emp_id: 2226] ✓ Updated: 71.2 (synced daily for consistency)
[2026-02-01 09:01:16]   [emp_id: 2238] ✓ Updated: 69.45 (synced daily for consistency)
[2026-02-01 09:01:16]   [emp_id: 2285] ✓ Updated: 38.12 (synced daily for consistency)
[2026-02-01 09:01:16]   [emp_id: 2287] ✓ Updated: 49.79 (synced daily for consistency)
[2026-02-01 09:01:16]   [emp_id: 2288] ✓ Updated: 4.81 (synced daily for consistency)
[2026-02-01 09:01:16]   [emp_id: 2316] ✓ Updated: 18.62 (synced daily for consistency)
[2026-02-01 09:01:16]   [emp_id: 2337] ✓ Updated: 39.7 (synced daily for consistency)
[2026-02-01 09:01:16]   [emp_id: 2352] ✓ Updated: 71.2 (synced daily for consistency)
[2026-02-01 09:01:16]   [emp_id: 2358] ✓ Updated: 7.7 (synced daily for consistency)
[2026-02-01 09:01:16]   [emp_id: 2361] ✓ Updated: 73.37 (synced daily for consistency)
[2026-02-01 09:01:16]   [emp_id: 2363] ✓ Updated: 75.95 (synced daily for consistency)
[2026-02-01 09:01:16]   [emp_id: 2364] ✓ Updated: 75.37 (synced daily for consistency)
[2026-02-01 09:01:16]   [emp_id: 2367] ✓ Updated: 103.04 (synced daily for consistency)
[2026-02-01 09:01:16]   [emp_id: 2368] ✓ Updated: 33.45 (synced daily for consistency)
[2026-02-01 09:01:16]   [emp_id: 2372] ✓ Updated: 70.7 (synced daily for consistency)
[2026-02-01 09:01:16]   [emp_id: 2376] ✓ Updated: 120.7 (synced daily for consistency)
[2026-02-01 09:01:17]   [emp_id: 2423] ✓ Updated: 21.45 (synced daily for consistency)
[2026-02-01 09:01:17]   [emp_id: 2519] ✓ Updated: 115.12 (synced daily for consistency)
[2026-02-01 09:01:17]   [emp_id: 2522] ✓ Updated: 58.7 (synced daily for consistency)
[2026-02-01 09:01:17]   [emp_id: 2530] ✓ Updated: 53.95 (synced daily for consistency)
[2026-02-01 09:01:17]   [emp_id: 2539] ✓ Updated: 50.7 (synced daily for consistency)
[2026-02-01 09:01:17]   [emp_id: 2541] ✓ Updated: 31.29 (synced daily for consistency)
[2026-02-01 09:01:17]   [emp_id: 2550] ✓ Updated: 97.45 (synced daily for consistency)
[2026-02-01 09:01:17]   [emp_id: 2553] ✓ Updated: 34.56 (synced daily for consistency)
[2026-02-01 09:01:17]   [emp_id: 2554] ✓ Updated: 41.04 (synced daily for consistency)
[2026-02-01 09:01:17]   [emp_id: 2565] ✓ Updated: 95.62 (synced daily for consistency)
[2026-02-01 09:01:17]   [emp_id: 2572] ✓ Updated: 45.62 (synced daily for consistency)
[2026-02-01 09:01:17]   [emp_id: 2637] ✓ Updated: 66.2 (synced daily for consistency)
[2026-02-01 09:01:17]   [emp_id: 2642] ✓ Updated: 78.95 (synced daily for consistency)
[2026-02-01 09:01:17]   [emp_id: 2645] ✓ Updated: 94.95 (synced daily for consistency)
[2026-02-01 09:01:17]   [emp_id: 2648] ✓ Updated: 46.62 (synced daily for consistency)
[2026-02-01 09:01:17]   [emp_id: 2654] ✓ Updated: 89.29 (synced daily for consistency)
[2026-02-01 09:01:17]   [emp_id: 2688] ✓ Updated: 27.37 (synced daily for consistency)
[2026-02-01 09:01:17]   [emp_id: 2690] ✓ Updated: 16.12 (synced daily for consistency)
[2026-02-01 09:01:17]   [emp_id: 2709] ✓ Updated: 38.37 (synced daily for consistency)
[2026-02-01 09:01:17]   [emp_id: 2745] ✓ Updated: 34.95 (synced daily for consistency)
[2026-02-01 09:01:17]   [emp_id: 2843] ✓ Updated: 81.54 (synced daily for consistency)
[2026-02-01 09:01:17]   [emp_id: 2854] ✓ Updated: 61.45 (synced daily for consistency)
[2026-02-01 09:01:17]   [emp_id: 2869] ✓ Updated: 5.37 (synced daily for consistency)
[2026-02-01 09:01:17]   [emp_id: 2876] ✓ Updated: 36.2 (synced daily for consistency)
[2026-02-01 09:01:17]   [emp_id: 2924] ✓ Updated: 17.37 (synced daily for consistency)
[2026-02-01 09:01:17]   [emp_id: 2953] ✓ Updated: 103.12 (synced daily for consistency)
[2026-02-01 09:01:17]   [emp_id: 2961] ✓ Updated: 13.12 (synced daily for consistency)
[2026-02-01 09:01:17]   [emp_id: 2975] ✓ Updated: 2.8 (synced daily for consistency)
[2026-02-01 09:01:17]   [emp_id: 3013] ✓ Updated: 12.12 (synced daily for consistency)
[2026-02-01 09:01:17]   [emp_id: 3014] ✓ Updated: 91.37 (synced daily for consistency)
[2026-02-01 09:01:17]   [emp_id: 3015] ✓ Updated: 2.62 (synced daily for consistency)
[2026-02-01 09:01:17]   [emp_id: 3018] ✓ Updated: 61.37 (synced daily for consistency)
[2026-02-01 09:01:17]   [emp_id: 3025] ✓ Updated: 25.14 (synced daily for consistency)
[2026-02-01 09:01:17]   [emp_id: 3037] ✓ Updated: 84.87 (synced daily for consistency)
[2026-02-01 09:01:17]   [emp_id: 3047] ✓ Updated: 73.12 (synced daily for consistency)
[2026-02-01 09:01:17]   [emp_id: 3061] ✓ Updated: 20.04 (synced daily for consistency)
[2026-02-01 09:01:17]   [emp_id: 3062] ✓ Updated: 53.2 (synced daily for consistency)
[2026-02-01 09:01:17]   [emp_id: 3074] ✓ Updated: 109.62 (synced daily for consistency)
[2026-02-01 09:01:17]   [emp_id: 3089] ✓ Updated: 8.54 (synced daily for consistency)
[2026-02-01 09:01:17]   [emp_id: 3090] ✓ Updated: 35.12 (synced daily for consistency)
[2026-02-01 09:01:17]   [emp_id: 3091] ✓ Updated: 47.12 (synced daily for consistency)
[2026-02-01 09:01:17]   [emp_id: 3092] ✓ Updated: 29.79 (synced daily for consistency)
[2026-02-01 09:01:17]   [emp_id: 3105] ✓ Updated: 50.12 (synced daily for consistency)
[2026-02-01 09:01:17]   [emp_id: 3134] ✓ Updated: 45.87 (synced daily for consistency)
[2026-02-01 09:01:17]   [emp_id: 3140] ✓ Updated: 42.95 (synced daily for consistency)
[2026-02-01 09:01:18]   [emp_id: 3144] ✓ Updated: 15.79 (synced daily for consistency)
[2026-02-01 09:01:18]   [emp_id: 3156] ✓ Updated: 19.12 (synced daily for consistency)
[2026-02-01 09:01:18]   [emp_id: 3162] ✓ Updated: 4.1 (synced daily for consistency)
[2026-02-01 09:01:18]   [emp_id: 3163] ✓ Updated: 7.37 (synced daily for consistency)
[2026-02-01 09:01:18]   [emp_id: 3198] ✓ Updated: 42.37 (synced daily for consistency)
[2026-02-01 09:01:18]   [emp_id: 3205] ✓ Updated: 19.04 (synced daily for consistency)
[2026-02-01 09:01:18]   [emp_id: 3209] ✓ Updated: 43.2 (synced daily for consistency)
[2026-02-01 09:01:18]   [emp_id: 3223] ✓ Updated: 92.12 (synced daily for consistency)
[2026-02-01 09:01:18]   [emp_id: 3224] ✓ Updated: 66.87 (synced daily for consistency)
[2026-02-01 09:01:18]   [emp_id: 3230] ✓ Updated: 90.29 (synced daily for consistency)
[2026-02-01 09:01:18]   [emp_id: 3231] ✓ Updated: 2.66 (synced daily for consistency)
[2026-02-01 09:01:18]   [emp_id: 3233] ✓ Updated: 83.12 (synced daily for consistency)
[2026-02-01 09:01:18]   [emp_id: 3249] ✓ Updated: 38.95 (synced daily for consistency)
[2026-02-01 09:01:18]   [emp_id: 3250] ✓ Updated: 11.95 (synced daily for consistency)
[2026-02-01 09:01:18]   [emp_id: 3252] ✓ Updated: 12.87 (synced daily for consistency)
[2026-02-01 09:01:18]   [emp_id: 3254] ✓ Updated: 23.37 (synced daily for consistency)
[2026-02-01 09:01:18]   [emp_id: 3255] ✓ Updated: 19.79 (synced daily for consistency)
[2026-02-01 09:01:18]   [emp_id: 3256] ✓ Updated: 16.04 (synced daily for consistency)
[2026-02-01 09:01:18]   [emp_id: 3263] ✓ Updated: 32.12 (synced daily for consistency)
[2026-02-01 09:01:18]   [emp_id: 3265] ✓ Updated: 27.7 (synced daily for consistency)
[2026-02-01 09:01:18]   [emp_id: 3280] ✓ Updated: 74.62 (synced daily for consistency)
[2026-02-01 09:01:18]   [emp_id: 3286] ✓ Updated: 17.79 (synced daily for consistency)
[2026-02-01 09:01:18]   [emp_id: 3294] ✓ Updated: 17.45 (synced daily for consistency)
[2026-02-01 09:01:18]   [emp_id: 3321] ✓ Updated: 74.62 (synced daily for consistency)
[2026-02-01 09:01:18]   [emp_id: 3325] ✓ Updated: 62.37 (synced daily for consistency)
[2026-02-01 09:01:18]   [emp_id: 3329] ✓ Updated: 64.7 (synced daily for consistency)
[2026-02-01 09:01:18]   [emp_id: 3330] ✓ Updated: 64.7 (synced daily for consistency)
[2026-02-01 09:01:18]   [emp_id: 3332] ✓ Updated: 64.7 (synced daily for consistency)
[2026-02-01 09:01:18]   [emp_id: 3370] ✓ Updated: 56.21 (synced daily for consistency)
[2026-02-01 09:01:18]   [emp_id: 3384] ✓ Updated: 16.87 (synced daily for consistency)
[2026-02-01 09:01:18]   [emp_id: 3386] ✓ Updated: 46.87 (synced daily for consistency)
[2026-02-01 09:01:18]   [emp_id: 3431] ✓ Updated: 21.29 (synced daily for consistency)
[2026-02-01 09:01:18]   [emp_id: 3497] ✓ Updated: 11.45 (synced daily for consistency)
[2026-02-01 09:01:18]   [emp_id: 3532] ✓ Updated: 2.29 (synced daily for consistency)
[2026-02-01 09:01:18]   [emp_id: 3602] ✓ Updated: 3.86 (synced daily for consistency)
[2026-02-01 09:01:18]   [emp_id: 3618] ✓ Updated: 25.84 (synced daily for consistency)
[2026-02-01 09:01:18]   [emp_id: 3622] ✓ Updated: 36.21 (synced daily for consistency)
[2026-02-01 09:01:18]   [emp_id: 3627] ✓ Updated: 11.79 (synced daily for consistency)
[2026-02-01 09:01:18]   [emp_id: 3665] ✓ Updated: 53.37 (synced daily for consistency)
[2026-02-01 09:01:18]   [emp_id: 3705] ✓ Updated: 29.54 (synced daily for consistency)
[2026-02-01 09:01:18]   [emp_id: 3724] ✓ Updated: 46.37 (synced daily for consistency)
[2026-02-01 09:01:18]   [emp_id: 3726] ✓ Updated: 62.79 (synced daily for consistency)
[2026-02-01 09:01:18]   [emp_id: 3727] ✓ Updated: 67.87 (synced daily for consistency)
[2026-02-01 09:01:18]   [emp_id: 3728] ✓ Updated: 12.2 (synced daily for consistency)
[2026-02-01 09:01:18]   [emp_id: 3767] ✓ Updated: 2.95 (synced daily for consistency)
[2026-02-01 09:01:19]   [emp_id: 3768] ✓ Updated: 59.2 (synced daily for consistency)
[2026-02-01 09:01:19]   [emp_id: 3787] ✓ Updated: 59.79 (synced daily for consistency)
[2026-02-01 09:01:19]   [emp_id: 3790] ✓ Updated: 4.34 (synced daily for consistency)
[2026-02-01 09:01:19]   [emp_id: 3795] ✓ Updated: 17.29 (synced daily for consistency)
[2026-02-01 09:01:19]   [emp_id: 3798] ✓ Updated: 95.7 (synced daily for consistency)
[2026-02-01 09:01:19]   [emp_id: 3801] ✓ Updated: 3.97 (synced daily for consistency)
[2026-02-01 09:01:19]   [emp_id: 3802] ✓ Updated: 32.95 (synced daily for consistency)
[2026-02-01 09:01:19]   [emp_id: 3803] ✓ Updated: 117.37 (synced daily for consistency)
[2026-02-01 09:01:19]   [emp_id: 3810] ✓ Updated: 63.37 (synced daily for consistency)
[2026-02-01 09:01:19]   [emp_id: 3812] ✓ Updated: 92.37 (synced daily for consistency)
[2026-02-01 09:01:19]   [emp_id: 3815] ✓ Updated: 92.37 (synced daily for consistency)
[2026-02-01 09:01:19]   [emp_id: 3836] ✓ Updated: 60.04 (synced daily for consistency)
[2026-02-01 09:01:19]   [emp_id: 3855] ✓ Updated: 53.2 (synced daily for consistency)
[2026-02-01 09:01:19]   [emp_id: 3857] ✓ Updated: 56.87 (synced daily for consistency)
[2026-02-01 09:01:19]   [emp_id: 3862] ✓ Updated: 104.95 (synced daily for consistency)
[2026-02-01 09:01:19]   [emp_id: 3866] ✓ Updated: 30.2 (synced daily for consistency)
[2026-02-01 09:01:19]   [emp_id: 3876] ✓ Updated: 26.37 (synced daily for consistency)
[2026-02-01 09:01:19]   [emp_id: 3877] ✓ Updated: 51.87 (synced daily for consistency)
[2026-02-01 09:01:19]   [emp_id: 3897] ✓ Updated: 40.12 (synced daily for consistency)
[2026-02-01 09:01:19]   [emp_id: 3899] ✓ Updated: 1.94 (synced daily for consistency)
[2026-02-01 09:01:19]   [emp_id: 3928] ✓ Updated: 16.2 (synced daily for consistency)
[2026-02-01 09:01:19]   [emp_id: 3929] ✓ Updated: 11.2 (synced daily for consistency)
[2026-02-01 09:01:19]   [emp_id: 3935] ✓ Updated: 96.2 (synced daily for consistency)
[2026-02-01 09:01:19]   [emp_id: 3952] ✓ Updated: 77.54 (synced daily for consistency)
[2026-02-01 09:01:19]   [emp_id: 3987] ✓ Updated: 16.45 (synced daily for consistency)
[2026-02-01 09:01:19]   [emp_id: 4059] ✓ Updated: 5.65 (synced daily for consistency)
[2026-02-01 09:01:19]   [emp_id: 4119] ✓ Updated: 59.12 (synced daily for consistency)
[2026-02-01 09:01:19]   [emp_id: 4120] ✓ Updated: 28.7 (synced daily for consistency)
[2026-02-01 09:01:19]   [emp_id: 4124] ✓ Updated: 29.22 (synced daily for consistency)
[2026-02-01 09:01:19]   [emp_id: 4133] ✓ Updated: 107.7 (synced daily for consistency)
[2026-02-01 09:01:19]   [emp_id: 4134] ✓ Updated: 28.7 (synced daily for consistency)
[2026-02-01 09:01:19]   [emp_id: 4136] ✓ Updated: 28.7 (synced daily for consistency)
[2026-02-01 09:01:19]   [emp_id: 4150] ✓ Updated: 27.37 (synced daily for consistency)
[2026-02-01 09:01:19]   [emp_id: 4157] ✓ Updated: 20.87 (synced daily for consistency)
[2026-02-01 09:01:19]   [emp_id: 4172] ✓ Updated: 14.12 (synced daily for consistency)
[2026-02-01 09:01:19]   [emp_id: 4195] ✓ Updated: 64.45 (synced daily for consistency)
[2026-02-01 09:01:19]   [emp_id: 4215] ✓ Updated: 47.12 (synced daily for consistency)
[2026-02-01 09:01:19]   [emp_id: 4220] ✓ Updated: 42.7 (synced daily for consistency)
[2026-02-01 09:01:19]   [emp_id: 4273] ✓ Updated: 11.37 (synced daily for consistency)
[2026-02-01 09:01:19]   [emp_id: 4283] ✓ Updated: 15.21 (synced daily for consistency)
[2026-02-01 09:01:19]   [emp_id: 4288] ✓ Updated: 1.94 (synced daily for consistency)
[2026-02-01 09:01:19]   [emp_id: 4315] ✓ Updated: 14.62 (synced daily for consistency)
[2026-02-01 09:01:19]   [emp_id: 4328] ✓ Updated: 44.04 (synced daily for consistency)
[2026-02-01 09:01:19]   [emp_id: 4329] ✓ Updated: 7.79 (synced daily for consistency)
[2026-02-01 09:01:19]   [emp_id: 4338] ✓ Updated: 49.37 (synced daily for consistency)
[2026-02-01 09:01:19]   [emp_id: 4340] ✓ Updated: 111.37 (synced daily for consistency)
[2026-02-01 09:01:20]   [emp_id: 4365] ✓ Updated: 62.79 (synced daily for consistency)
[2026-02-01 09:01:20]   [emp_id: 4366] ✓ Updated: 61.87 (synced daily for consistency)
[2026-02-01 09:01:20]   [emp_id: 4403] ✓ Updated: 87.7 (synced daily for consistency)
[2026-02-01 09:01:20]   [emp_id: 4438] ✓ Updated: 23.37 (synced daily for consistency)
[2026-02-01 09:01:20]   [emp_id: 4465] ✓ Updated: 14.37 (synced daily for consistency)
[2026-02-01 09:01:20]   [emp_id: 4473] ✓ Updated: 46.95 (synced daily for consistency)
[2026-02-01 09:01:20]   [emp_id: 4474] ✓ Updated: 4.88 (synced daily for consistency)
[2026-02-01 09:01:20]   [emp_id: 4493] ✓ Updated: 165.79 (synced daily for consistency)
[2026-02-01 09:01:20]   [emp_id: 4526] ✓ Updated: 38.04 (synced daily for consistency)
[2026-02-01 09:01:20]   [emp_id: 4528] ✓ Updated: 109.79 (synced daily for consistency)
[2026-02-01 09:01:20]   [emp_id: 4528] ✓ Updated: 109.79 (synced daily for consistency)
[2026-02-01 09:01:20]   [emp_id: 4532] ✓ Updated: 9.49 (synced daily for consistency)
[2026-02-01 09:01:20]   [emp_id: 4533] ✓ Updated: 38.2 (synced daily for consistency)
[2026-02-01 09:01:20]   [emp_id: 4565] ✓ Updated: 16.87 (synced daily for consistency)
[2026-02-01 09:01:20]   [emp_id: 4567] ✓ Updated: 21.12 (synced daily for consistency)
[2026-02-01 09:01:20]   [emp_id: 4572] ✓ Updated: 60.62 (synced daily for consistency)
[2026-02-01 09:01:20]   [emp_id: 4631] ✓ Updated: 16.87 (synced daily for consistency)
[2026-02-01 09:01:20]   [emp_id: 4655] ✓ Updated: 27.12 (synced daily for consistency)
[2026-02-01 09:01:20]   [emp_id: 4709] ✓ Updated: 42.37 (synced daily for consistency)
[2026-02-01 09:01:20]   [emp_id: 4717] ✓ Updated: 68.37 (synced daily for consistency)
[2026-02-01 09:01:20]   [emp_id: 4736] ✓ Updated: 30.2 (synced daily for consistency)
[2026-02-01 09:01:20]   [emp_id: 4756] ✓ Updated: 13.31 (synced daily for consistency)
[2026-02-01 09:01:20]   [emp_id: 4768] ✓ Updated: 15.87 (synced daily for consistency)
[2026-02-01 09:01:20]   [emp_id: 4780] ✓ Updated: 67.04 (synced daily for consistency)
[2026-02-01 09:01:20]   [emp_id: 4820] ✓ Updated: 101.2 (synced daily for consistency)
[2026-02-01 09:01:20]   [emp_id: 4824] ✓ Updated: 4.38 (synced daily for consistency)
[2026-02-01 09:01:20]   [emp_id: 4825] ✓ Updated: 32.95 (synced daily for consistency)
[2026-02-01 09:01:20]   [emp_id: 4837] ✓ Updated: 47.03 (synced daily for consistency)
[2026-02-01 09:01:20]   [emp_id: 4840] ✓ Updated: 47.03 (synced daily for consistency)
[2026-02-01 09:01:20]   [emp_id: 4842] ✓ Updated: 46.27 (synced daily for consistency)
[2026-02-01 09:01:20]   [emp_id: 4843] ✓ Updated: 46.8 (synced daily for consistency)
[2026-02-01 09:01:20]   [emp_id: 4853] ✓ Updated: 90.62 (synced daily for consistency)
[2026-02-01 09:01:20]   [emp_id: 4856] ✓ Updated: 43.94 (synced daily for consistency)
[2026-02-01 09:01:20]   [emp_id: 4857] ✓ Updated: 26.76 (synced daily for consistency)
[2026-02-01 09:01:20]   [emp_id: 4858] ✓ Updated: 23.64 (synced daily for consistency)
[2026-02-01 09:01:20]   [emp_id: 4859] ✓ Updated: 45.11 (synced daily for consistency)
[2026-02-01 09:01:20]   [emp_id: 4860] ✓ Updated: 9.61 (synced daily for consistency)
[2026-02-01 09:01:20]   [emp_id: 4861] ✓ Updated: 43.07 (synced daily for consistency)
[2026-02-01 09:01:20]   [emp_id: 4869] ✓ Updated: 85.95 (synced daily for consistency)
[2026-02-01 09:01:20]   [emp_id: 4894] ✓ Updated: 9.87 (synced daily for consistency)
[2026-02-01 09:01:20]   [emp_id: 4897] ✓ Updated: 24.85 (synced daily for consistency)
[2026-02-01 09:01:20]   [emp_id: 4899] ✓ Updated: 21.02 (synced daily for consistency)
[2026-02-01 09:01:20]   [emp_id: 4902] ✓ Updated: 20.44 (synced daily for consistency)
[2026-02-01 09:01:20]   [emp_id: 4903] ✓ Updated: 22.66 (synced daily for consistency)
[2026-02-01 09:01:20]   [emp_id: 4905] ✓ Updated: 21.32 (synced daily for consistency)
[2026-02-01 09:01:21]   [emp_id: 4907] ✓ Updated: 49.95 (synced daily for consistency)
[2026-02-01 09:01:21]   [emp_id: 4917] ✓ Updated: 18.28 (synced daily for consistency)
[2026-02-01 09:01:21]   [emp_id: 4918] ✓ Updated: 8.05 (synced daily for consistency)
[2026-02-01 09:01:21]   [emp_id: 4919] ✓ Updated: 60.34 (synced daily for consistency)
[2026-02-01 09:01:21]   [emp_id: 4920] ✓ Updated: 7.42 (synced daily for consistency)
[2026-02-01 09:01:21]   [emp_id: 4921] ✓ Updated: 19.51 (synced daily for consistency)
[2026-02-01 09:01:21]   [emp_id: 4927] ✓ Updated: 18.34 (synced daily for consistency)
[2026-02-01 09:01:21]   [emp_id: 4929] ✓ Updated: 19.86 (synced daily for consistency)
[2026-02-01 09:01:21]   [emp_id: 4930] ✓ Updated: 60.63 (synced daily for consistency)
[2026-02-01 09:01:21]   [emp_id: 4932] ✓ Updated: 18.63 (synced daily for consistency)
[2026-02-01 09:01:21]   [emp_id: 4933] ✓ Updated: 22.04 (synced daily for consistency)
[2026-02-01 09:01:21]   [emp_id: 4949] ✓ Updated: 25.47 (synced daily for consistency)
[2026-02-01 09:01:21]   [emp_id: 4956] ✓ Updated: 31.06 (synced daily for consistency)
[2026-02-01 09:01:21]   [emp_id: 4957] ✓ Updated: 26.73 (synced daily for consistency)
[2026-02-01 09:01:21]   [emp_id: 4962] ✓ Updated: 49.31 (synced daily for consistency)
[2026-02-01 09:01:21]   [emp_id: 4969] ✓ Updated: 48.62 (synced daily for consistency)
[2026-02-01 09:01:21]   [emp_id: 4976] ✓ Updated: 11.75 (synced daily for consistency)
[2026-02-01 09:01:21]   [emp_id: 4984] ✓ Updated: 39.87 (synced daily for consistency)
[2026-02-01 09:01:21]   [emp_id: 4995] ✓ Updated: 51.94 (synced daily for consistency)
[2026-02-01 09:01:21]   [emp_id: 5004] ✓ Updated: 28.69 (synced daily for consistency)
[2026-02-01 09:01:21]   [emp_id: 5006] ✓ Updated: 28.43 (synced daily for consistency)
[2026-02-01 09:01:21]   [emp_id: 5011] ✓ Updated: 7.72 (synced daily for consistency)
[2026-02-01 09:01:21]   [emp_id: 5013] ✓ Updated: 68.8 (synced daily for consistency)
[2026-02-01 09:01:21]   [emp_id: 5018] ✓ Updated: 5.29 (synced daily for consistency)
[2026-02-01 09:01:21]   [emp_id: 5021] ✓ Updated: 62.97 (synced daily for consistency)
[2026-02-01 09:01:21]   [emp_id: 5024] ✓ Updated: 3.31 (synced daily for consistency)
[2026-02-01 09:01:21]   [emp_id: 5030] ✓ Updated: 33.26 (synced daily for consistency)
[2026-02-01 09:01:21]   [emp_id: 5033] ✓ Updated: 12.06 (synced daily for consistency)
[2026-02-01 09:01:21]   [emp_id: 5043] ✓ Updated: 32.54 (synced daily for consistency)
[2026-02-01 09:01:21]   [emp_id: 5045] ✓ Updated: 29.04 (synced daily for consistency)
[2026-02-01 09:01:21]   [emp_id: 5046] ✓ Updated: 24.23 (synced daily for consistency)
[2026-02-01 09:01:21]   [emp_id: 5049] ✓ Updated: 0.74 (synced daily for consistency)
[2026-02-01 09:01:21]   [emp_id: 5052] ✓ Updated: 32.02 (synced daily for consistency)
[2026-02-01 09:01:21]   [emp_id: 5055] ✓ Updated: 20.46 (synced daily for consistency)
[2026-02-01 09:01:21]   [emp_id: 5058] ✓ Updated: 29.44 (synced daily for consistency)
[2026-02-01 09:01:21]   [emp_id: 5062] ✓ Updated: 41.27 (synced daily for consistency)
[2026-02-01 09:01:21]   [emp_id: 5064] ✓ Updated: 119.87 (synced daily for consistency)
[2026-02-01 09:01:21]   [emp_id: 5065] ✓ Updated: 40.68 (synced daily for consistency)
[2026-02-01 09:01:21]   [emp_id: 5071] ✓ Updated: 25.37 (synced daily for consistency)
[2026-02-01 09:01:21]   [emp_id: 5073] ✓ Updated: 15.28 (synced daily for consistency)
[2026-02-01 09:01:21]   [emp_id: 5079] ✓ Updated: 35.84 (synced daily for consistency)
[2026-02-01 09:01:21]   [emp_id: 5080] ✓ Updated: 29.17 (synced daily for consistency)
[2026-02-01 09:01:21]   [emp_id: 5081] ✓ Updated: 17.43 (synced daily for consistency)
[2026-02-01 09:01:21]   [emp_id: 5087] ✓ Updated: 37.47 (synced daily for consistency)
[2026-02-01 09:01:22]   [emp_id: 5091] ✓ Updated: 77.32 (synced daily for consistency)
[2026-02-01 09:01:22]   [emp_id: 5093] ✓ Updated: 16.54 (synced daily for consistency)
[2026-02-01 09:01:22]   [emp_id: 5095] ✓ Updated: 2.86 (synced daily for consistency)
[2026-02-01 09:01:22]   [emp_id: 5101] ✓ Updated: 18.62 (synced daily for consistency)
[2026-02-01 09:01:22]   [emp_id: 5107] ✓ Updated: 16.95 (synced daily for consistency)
[2026-02-01 09:01:22]   [emp_id: 5109] ✓ Updated: 14.2 (synced daily for consistency)
[2026-02-01 09:01:22]   [emp_id: 5119] ✓ Updated: 12.37 (synced daily for consistency)
[2026-02-01 09:01:22]   [emp_id: 5122] ✓ Updated: 9.54 (synced daily for consistency)
[2026-02-01 09:01:22]   [emp_id: 5126] ✓ Updated: 28.2 (synced daily for consistency)
[2026-02-01 09:01:22]   [emp_id: 5127] ✓ Updated: 6.99 (synced daily for consistency)
[2026-02-01 09:01:22]   [emp_id: 5128] ✓ Updated: 28.14 (synced daily for consistency)
[2026-02-01 09:01:22]   [emp_id: 5138] ✓ Updated: 52.2 (synced daily for consistency)
[2026-02-01 09:01:22]   [emp_id: 5138] ✓ Updated: 52.2 (synced daily for consistency)
[2026-02-01 09:01:22]   [emp_id: 5141] ✓ Updated: 36.51 (synced daily for consistency)
[2026-02-01 09:01:22]   [emp_id: 5142] ✓ Updated: 15.51 (synced daily for consistency)
[2026-02-01 09:01:22]   [emp_id: 5146] ✓ Updated: 22.51 (synced daily for consistency)
[2026-02-01 09:01:22]   [emp_id: 5147] ✓ Updated: 21.51 (synced daily for consistency)
[2026-02-01 09:01:22]   [emp_id: 5148] ✓ Updated: 26.86 (synced daily for consistency)
[2026-02-01 09:01:22]   [emp_id: 5149] ✓ Updated: 25.75 (synced daily for consistency)
[2026-02-01 09:01:22]   [emp_id: 5150] ✓ Updated: 25.11 (synced daily for consistency)
[2026-02-01 09:01:22]   [emp_id: 5151] ✓ Updated: 24.93 (synced daily for consistency)
[2026-02-01 09:01:22]   [emp_id: 5152] ✓ Updated: 5.35 (synced daily for consistency)
[2026-02-01 09:01:22]   [emp_id: 5157] ✓ Updated: 24.93 (synced daily for consistency)
[2026-02-01 09:01:22]   [emp_id: 5160] ✓ Updated: 24.93 (synced daily for consistency)
[2026-02-01 09:01:22]   [emp_id: 5163] ✓ Updated: 22.72 (synced daily for consistency)
[2026-02-01 09:01:22]   [emp_id: 5165] ✓ Updated: 3.64 (synced daily for consistency)
[2026-02-01 09:01:22]   [emp_id: 5167] ✓ Updated: 31.87 (synced daily for consistency)
[2026-02-01 09:01:22]   [emp_id: 5168] ✓ Updated: 24.41 (synced daily for consistency)
[2026-02-01 09:01:22]   [emp_id: 5173] ✓ Updated: 27.29 (synced daily for consistency)
[2026-02-01 09:01:22]   [emp_id: 5174] ✓ Updated: 24.87 (synced daily for consistency)
[2026-02-01 09:01:22]   [emp_id: 5181] ✓ Updated: 21.26 (synced daily for consistency)
[2026-02-01 09:01:22]   [emp_id: 5186] ✓ Updated: 26.79 (synced daily for consistency)
[2026-02-01 09:01:22]   [emp_id: 5187] ✓ Updated: 37.79 (synced daily for consistency)
[2026-02-01 09:01:22]   [emp_id: 5204] ✓ Updated: 24.79 (synced daily for consistency)
[2026-02-01 09:01:22]   [emp_id: 5205] ✓ Updated: 14 (synced daily for consistency)
[2026-02-01 09:01:22]   [emp_id: 5209] ✓ Updated: 17 (synced daily for consistency)
[2026-02-01 09:01:22]   [emp_id: 5213] ✓ Updated: 4.41 (synced daily for consistency)
[2026-02-01 09:01:22]   [emp_id: 5214] ✓ Updated: 3.25 (synced daily for consistency)
[2026-02-01 09:01:22]   [emp_id: 5215] ✓ Updated: 12 (synced daily for consistency)
[2026-02-01 09:01:22]   [emp_id: 5217] ✓ Updated: 11 (synced daily for consistency)
[2026-02-01 09:01:22]   [emp_id: 5219] ✓ Updated: 15 (synced daily for consistency)
[2026-02-01 09:01:22]   [emp_id: 5221] ✓ Updated: 4.31 (synced daily for consistency)
[2026-02-01 09:01:22]   [emp_id: 5224] ✓ Updated: 16 (synced daily for consistency)
[2026-02-01 09:01:22]   [emp_id: 5225] ✓ Updated: 8.31 (synced daily for consistency)
[2026-02-01 09:01:23]   [emp_id: 5228] ✓ Updated: 11 (synced daily for consistency)
[2026-02-01 09:01:23]   [emp_id: 5229] ✓ Updated: 7 (synced daily for consistency)
[2026-02-01 09:01:23]   [emp_id: 5230] ✓ Updated: 11.67 (synced daily for consistency)
[2026-02-01 09:01:23]   [emp_id: 5231] ✓ Updated: 8 (synced daily for consistency)
[2026-02-01 09:01:23]   [emp_id: 5232] ✓ Updated: 2 (synced daily for consistency)
[2026-02-01 09:01:23]   [emp_id: 5233] ✓ Updated: 6 (synced daily for consistency)
[2026-02-01 09:01:23]   [emp_id: 5234] ✓ Updated: 6 (synced daily for consistency)
[2026-02-01 09:01:23]   [emp_id: 5235] ✓ Updated: 1.44 (synced daily for consistency)
[2026-02-01 09:01:23]   [emp_id: 5237] ✓ Updated: 12.25 (synced daily for consistency)
[2026-02-01 09:01:23]   [emp_id: 5239] ✓ Updated: 9 (synced daily for consistency)
[2026-02-01 09:01:23]   [emp_id: 5241] ✓ Updated: 7 (synced daily for consistency)
[2026-02-01 09:01:23]   [emp_id: 5242] ✓ Updated: 17 (synced daily for consistency)
[2026-02-01 09:01:23]   [emp_id: 5243] ✓ Updated: 3.41 (synced daily for consistency)
[2026-02-01 09:01:23]   [emp_id: 5244] ✓ Updated: 1.44 (synced daily for consistency)
[2026-02-01 09:01:23]   [emp_id: 5246] ✓ Updated: 13 (synced daily for consistency)
[2026-02-01 09:01:23]   [emp_id: 5253] ✓ Updated: 25.87 (synced daily for consistency)
[2026-02-01 09:01:23]   [emp_id: 5254] ✓ Updated: 13.85 (synced daily for consistency)
[2026-02-01 09:01:23]   [emp_id: 5257] ✓ Updated: 13.56 (synced daily for consistency)
[2026-02-01 09:01:23]   [emp_id: 5259] ✓ Updated: 50.09 (synced daily for consistency)
[2026-02-01 09:01:23]   [emp_id: 5261] ✓ Updated: 18.39 (synced daily for consistency)
[2026-02-01 09:01:23]   [emp_id: 5264] ✓ Updated: 15.57 (synced daily for consistency)
[2026-02-01 09:01:23]   [emp_id: 5266] ✓ Updated: 22.19 (synced daily for consistency)
[2026-02-01 09:01:23]   [emp_id: 5268] ✓ Updated: 10.76 (synced daily for consistency)
[2026-02-01 09:01:23]   [emp_id: 5271] ✓ Updated: 9.42 (synced daily for consistency)
[2026-02-01 09:01:23]   [emp_id: 5272] ✓ Updated: 10.29 (synced daily for consistency)
[2026-02-01 09:01:23]   [emp_id: 5273] ✓ Updated: 25.36 (synced daily for consistency)
[2026-02-01 09:01:23]   [emp_id: 5275] ✓ Updated: 11.11 (synced daily for consistency)
[2026-02-01 09:01:23]   [emp_id: 5276] ✓ Updated: 25.38 (synced daily for consistency)
[2026-02-01 09:01:23]   [emp_id: 5278] ✓ Updated: 9.77 (synced daily for consistency)
[2026-02-01 09:01:23]   [emp_id: 5280] ✓ Updated: 20.17 (synced daily for consistency)
[2026-02-01 09:01:23]   [emp_id: 5282] ✓ Updated: 13.87 (synced daily for consistency)
[2026-02-01 09:01:23]   [emp_id: 5285] ✓ Updated: 30.17 (synced daily for consistency)
[2026-02-01 09:01:23]   [emp_id: 5286] ✓ Updated: 17.17 (synced daily for consistency)
[2026-02-01 09:01:23]   [emp_id: 5287] ✓ Updated: 51.47 (synced daily for consistency)
[2026-02-01 09:01:23]   [emp_id: 5288] ✓ Updated: 8.74 (synced daily for consistency)
[2026-02-01 09:01:23]   [emp_id: 5289] ✓ Updated: 50.02 (synced daily for consistency)
[2026-02-01 09:01:23]   [emp_id: 5290] ✓ Updated: 48.79 (synced daily for consistency)
[2026-02-01 09:01:23]   [emp_id: 5291] ✓ Updated: 6.79 (synced daily for consistency)
[2026-02-01 09:01:23]   [emp_id: 5292] ✓ Updated: 6.73 (synced daily for consistency)
[2026-02-01 09:01:23]   [emp_id: 5293] ✓ Updated: 10.13 (synced daily for consistency)
[2026-02-01 09:01:23]   [emp_id: 5294] ✓ Updated: 9.79 (synced daily for consistency)
[2026-02-01 09:01:23]   [emp_id: 5295] ✓ Updated: 22.97 (synced daily for consistency)
[2026-02-01 09:01:23]   [emp_id: 5296] ✓ Updated: 36.81 (synced daily for consistency)
[2026-02-01 09:01:23]   [emp_id: 5297] ✓ Updated: 47.39 (synced daily for consistency)
[2026-02-01 09:01:23]   [emp_id: 5298] ✓ Updated: 47.39 (synced daily for consistency)
[2026-02-01 09:01:23]   [emp_id: 5299] ✓ Updated: 47.39 (synced daily for consistency)
[2026-02-01 09:01:23]   [emp_id: 5300] ✓ Updated: 47.39 (synced daily for consistency)
[2026-02-01 09:01:24]   [emp_id: 5301] ✓ Updated: 5.21 (synced daily for consistency)
[2026-02-01 09:01:24]   [emp_id: 5303] ✓ Updated: 5.64 (synced daily for consistency)
[2026-02-01 09:01:24]   [emp_id: 5304] ✓ Updated: 2.39 (synced daily for consistency)
[2026-02-01 09:01:24]   [emp_id: 5305] ✓ Updated: 5.39 (synced daily for consistency)
[2026-02-01 09:01:24]   [emp_id: 5306] ✓ Updated: 47.1 (synced daily for consistency)
[2026-02-01 09:01:24]   [emp_id: 5307] ✓ Updated: 47.1 (synced daily for consistency)
[2026-02-01 09:01:24]   [emp_id: 5312] ✓ Updated: 1.44 (synced daily for consistency)
[2026-02-01 09:01:24]   [emp_id: 5318] ✓ Updated: 27.81 (synced daily for consistency)
[2026-02-01 09:01:24]   [emp_id: 5325] ✓ Updated: 1.77 (synced daily for consistency)
[2026-02-01 09:01:24]   [emp_id: 5327] ✓ Updated: 2.86 (synced daily for consistency)
[2026-02-01 09:01:24]   [emp_id: 5337] ✓ Updated: 37.7 (synced daily for consistency)
[2026-02-01 09:01:24]   [emp_id: 5339] ✓ Updated: 11.96 (synced daily for consistency)
[2026-02-01 09:01:24]   [emp_id: 5343] ✓ Updated: 47.62 (synced daily for consistency)
[2026-02-01 09:01:24]   [emp_id: 5343] ✓ Updated: 47.62 (synced daily for consistency)
[2026-02-01 09:01:24]   [emp_id: 5345] ✓ Updated: 17.45 (synced daily for consistency)
[2026-02-01 09:01:24]   [emp_id: 5346] ✓ Updated: 3.68 (synced daily for consistency)
[2026-02-01 09:01:24]   [emp_id: 5351] ✓ Updated: 18.62 (synced daily for consistency)
[2026-02-01 09:01:24]   [emp_id: 5352] ✓ Updated: 27.87 (synced daily for consistency)
[2026-02-01 09:01:24]   [emp_id: 5370] ✓ Updated: 17.27 (synced daily for consistency)
[2026-02-01 09:01:24]   [emp_id: 5371] ✓ Updated: 9.62 (synced daily for consistency)
[2026-02-01 09:01:24]   [emp_id: 5376] ✓ Updated: 11.87 (synced daily for consistency)
[2026-02-01 09:01:24]   [emp_id: 5378] ✓ Updated: 19.7 (synced daily for consistency)
[2026-02-01 09:01:24]   [emp_id: 5380] ✓ Updated: 18.28 (synced daily for consistency)
[2026-02-01 09:01:24]   [emp_id: 5381] ✓ Updated: 14.14 (synced daily for consistency)
[2026-02-01 09:01:24]   [emp_id: 5383] ✓ Updated: 17.45 (synced daily for consistency)
[2026-02-01 09:01:24]   [emp_id: 5388] ✓ Updated: 29.06 (synced daily for consistency)
[2026-02-01 09:01:24]   [emp_id: 5396] ✓ Updated: 30.3 (synced daily for consistency)
[2026-02-01 09:01:24]   [emp_id: 5397] ✓ Updated: 21.76 (synced daily for consistency)
[2026-02-01 09:01:24]   [emp_id: 5401] ✓ Updated: 24.87 (synced daily for consistency)
[2026-02-01 09:01:24]   [emp_id: 5402] ✓ Updated: 24.99 (synced daily for consistency)
[2026-02-01 09:01:24]   [emp_id: 5406] ✓ Updated: 18.71 (synced daily for consistency)
[2026-02-01 09:01:24]   [emp_id: 5407] ✓ Updated: 18.22 (synced daily for consistency)
[2026-02-01 09:01:24]   [emp_id: 5409] ✓ Updated: 18.05 (synced daily for consistency)
[2026-02-01 09:01:24]   [emp_id: 5413] ✓ Updated: 30.62 (synced daily for consistency)
[2026-02-01 09:01:24]   [emp_id: 5414] ✓ Updated: 30.29 (synced daily for consistency)
[2026-02-01 09:01:24]   [emp_id: 5415] ✓ Updated: 6.22 (synced daily for consistency)
[2026-02-01 09:01:24]   [emp_id: 5418] ✓ Updated: 17.11 (synced daily for consistency)
[2026-02-01 09:01:24]   [emp_id: 5422] ✓ Updated: 22.95 (synced daily for consistency)
[2026-02-01 09:01:24]   [emp_id: 5423] ✓ Updated: 7.64 (synced daily for consistency)
[2026-02-01 09:01:24]   [emp_id: 5425] ✓ Updated: 15.66 (synced daily for consistency)
[2026-02-01 09:01:24]   [emp_id: 5426] ✓ Updated: 4.19 (synced daily for consistency)
[2026-02-01 09:01:24]   [emp_id: 5426] ✓ Updated: 4.19 (synced daily for consistency)
[2026-02-01 09:01:25]   [emp_id: 5427] ✓ Updated: 15.77 (synced daily for consistency)
[2026-02-01 09:01:25]   [emp_id: 5428] ✓ Updated: 15.66 (synced daily for consistency)
[2026-02-01 09:01:25]   [emp_id: 5430] ✓ Updated: 20.01 (synced daily for consistency)
[2026-02-01 09:01:25]   [emp_id: 5431] ✓ Updated: 14.78 (synced daily for consistency)
[2026-02-01 09:01:25]   [emp_id: 5433] ✓ Updated: 14.8 (synced daily for consistency)
[2026-02-01 09:01:25]   [emp_id: 5434] ✓ Updated: 14.55 (synced daily for consistency)
[2026-02-01 09:01:25]   [emp_id: 5435] ✓ Updated: 14.49 (synced daily for consistency)
[2026-02-01 09:01:25]   [emp_id: 5436] ✓ Updated: 14.49 (synced daily for consistency)
[2026-02-01 09:01:25]   [emp_id: 5438] ✓ Updated: 17.87 (synced daily for consistency)
[2026-02-01 09:01:25]   [emp_id: 5439] ✓ Updated: 27.37 (synced daily for consistency)
[2026-02-01 09:01:25]   [emp_id: 5442] ✓ Updated: 16.37 (synced daily for consistency)
[2026-02-01 09:01:25]   [emp_id: 5445] ✓ Updated: 8.95 (synced daily for consistency)
[2026-02-01 09:01:25]   [emp_id: 5446] ✓ Updated: 8.95 (synced daily for consistency)
[2026-02-01 09:01:25]   [emp_id: 5447] ✓ Updated: 8.89 (synced daily for consistency)
[2026-02-01 09:01:25]   [emp_id: 5448] ✓ Updated: 3.39 (synced daily for consistency)
[2026-02-01 09:01:25]   [emp_id: 5449] ✓ Updated: 6.97 (synced daily for consistency)
[2026-02-01 09:01:25]   [emp_id: 5450] ✓ Updated: 6.91 (synced daily for consistency)
[2026-02-01 09:01:25]   [emp_id: 5451] ✓ Updated: 6.91 (synced daily for consistency)
[2026-02-01 09:01:25]   [emp_id: 5453] ✓ Updated: 6.75 (synced daily for consistency)
[2026-02-01 09:01:25]   [emp_id: 5454] ✓ Updated: 9.45 (synced daily for consistency)
[2026-02-01 09:01:25]   [emp_id: 5455] ✓ Updated: 3.7 (synced daily for consistency)
[2026-02-01 09:01:25]   [emp_id: 5456] ✓ Updated: 8.7 (synced daily for consistency)
[2026-02-01 09:01:25]   [emp_id: 5457] ✓ Updated: 6 (synced daily for consistency)
[2026-02-01 09:01:25]   [emp_id: 5460] ✓ Updated: 7.35 (synced daily for consistency)
[2026-02-01 09:01:25]   [emp_id: 5463] ✓ Updated: 6.68 (synced daily for consistency)
[2026-02-01 09:01:25]   [emp_id: 5464] ✓ Updated: 6.68 (synced daily for consistency)
[2026-02-01 09:01:25]   [emp_id: 5466] ✓ Updated: 4.43 (synced daily for consistency)
[2026-02-01 09:01:25]   [emp_id: 5467] ✓ Updated: 3.35 (synced daily for consistency)
[2026-02-01 09:01:25]   [emp_id: 5468] ✓ Updated: 2.3 (synced daily for consistency)
[2026-02-01 09:01:25]   [emp_id: 5469] ✓ Updated: 2.21 (synced daily for consistency)
[2026-02-01 09:01:25] Report saved to: D:\xampp\htdocs\almutlak\system/cron_logs/last_vacation_update_report.json
[2026-02-01 09:03:36] ========== CRON: Vacation Balance Update Started ==========
[2026-02-01 09:03:36] FORCE RUN enabled: Bypassing once-per-day restriction
[2026-02-01 09:03:36] Database connection established
[2026-02-01 09:03:36] Found 433 active employees with balance records to update
[2026-02-01 09:03:36] (Only employees with status=1 will be processed)
[2026-02-01 09:03:36]   [emp_id: 1061] ✓ Updated: 1.94 (synced daily for consistency)
[2026-02-01 09:03:36]   [emp_id: 1496] ✓ Updated: 18.79 (synced daily for consistency)
[2026-02-01 09:03:36]   [emp_id: 1500] ✓ Updated: 6.47 (synced daily for consistency)
[2026-02-01 09:03:36]   [emp_id: 1574] ✓ Updated: 35.7 (synced daily for consistency)
[2026-02-01 09:03:36]   [emp_id: 1673] ✓ Updated: 47.2 (synced daily for consistency)
[2026-02-01 09:03:36]   [emp_id: 1685] ✓ Updated: 17.12 (synced daily for consistency)
[2026-02-01 09:03:36]   [emp_id: 1764] ✓ Updated: 71.79 (synced daily for consistency)
[2026-02-01 09:03:36]   [emp_id: 1805] ✓ Updated: 66.12 (synced daily for consistency)
[2026-02-01 09:03:36]   [emp_id: 1822] ✓ Updated: 70.87 (synced daily for consistency)
[2026-02-01 09:03:36]   [emp_id: 1837] ✓ Updated: 27.04 (synced daily for consistency)
[2026-02-01 09:03:36]   [emp_id: 1857] ✓ Updated: 22.37 (synced daily for consistency)
[2026-02-01 09:03:36]   [emp_id: 1861] ✓ Updated: 73.2 (synced daily for consistency)
[2026-02-01 09:03:36]   [emp_id: 1872] ✓ Updated: 12.04 (synced daily for consistency)
[2026-02-01 09:03:36]   [emp_id: 1897] ✓ Updated: 7.37 (synced daily for consistency)
[2026-02-01 09:03:36]   [emp_id: 1916] ✓ Updated: 13.67 (synced daily for consistency)
[2026-02-01 09:03:36]   [emp_id: 1928] ✓ Updated: 66.62 (synced daily for consistency)
[2026-02-01 09:03:36]   [emp_id: 1931] ✓ Updated: 86.54 (synced daily for consistency)
[2026-02-01 09:03:36]   [emp_id: 1944] ✓ Updated: 44.7 (synced daily for consistency)
[2026-02-01 09:03:36]   [emp_id: 1996] ✓ Updated: 73.2 (synced daily for consistency)
[2026-02-01 09:03:36]   [emp_id: 1997] ✓ Updated: 38.37 (synced daily for consistency)
[2026-02-01 09:03:36]   [emp_id: 1998] ✓ Updated: 29.81 (synced daily for consistency)
[2026-02-01 09:03:36]   [emp_id: 1999] ✓ Updated: 30.81 (synced daily for consistency)
[2026-02-01 09:03:36]   [emp_id: 2009] ✓ Updated: 37.12 (synced daily for consistency)
[2026-02-01 09:03:36]   [emp_id: 2048] ✓ Updated: 26.95 (synced daily for consistency)
[2026-02-01 09:03:36]   [emp_id: 2057] ✓ Updated: 67.79 (synced daily for consistency)
[2026-02-01 09:03:36]   [emp_id: 2079] ✓ Updated: 50.12 (synced daily for consistency)
[2026-02-01 09:03:36]   [emp_id: 2181] ✓ Updated: 39.12 (synced daily for consistency)
[2026-02-01 09:03:36]   [emp_id: 2190] ✓ Updated: 8.45 (synced daily for consistency)
[2026-02-01 09:03:36]   [emp_id: 2212] ✓ Updated: 26.45 (synced daily for consistency)
[2026-02-01 09:03:36]   [emp_id: 2226] ✓ Updated: 71.2 (synced daily for consistency)
[2026-02-01 09:03:36]   [emp_id: 2238] ✓ Updated: 69.45 (synced daily for consistency)
[2026-02-01 09:03:36]   [emp_id: 2285] ✓ Updated: 38.12 (synced daily for consistency)
[2026-02-01 09:03:36]   [emp_id: 2287] ✓ Updated: 49.79 (synced daily for consistency)
[2026-02-01 09:03:37]   [emp_id: 2288] ✓ Updated: 4.81 (synced daily for consistency)
[2026-02-01 09:03:37]   [emp_id: 2316] ✓ Updated: 18.62 (synced daily for consistency)
[2026-02-01 09:03:37]   [emp_id: 2337] ✓ Updated: 39.7 (synced daily for consistency)
[2026-02-01 09:03:37]   [emp_id: 2352] ✓ Updated: 71.2 (synced daily for consistency)
[2026-02-01 09:03:37]   [emp_id: 2358] ✓ Updated: 7.7 (synced daily for consistency)
[2026-02-01 09:03:37]   [emp_id: 2361] ✓ Updated: 73.37 (synced daily for consistency)
[2026-02-01 09:03:37]   [emp_id: 2363] ✓ Updated: 75.95 (synced daily for consistency)
[2026-02-01 09:03:37]   [emp_id: 2364] ✓ Updated: 75.37 (synced daily for consistency)
[2026-02-01 09:03:37]   [emp_id: 2367] ✓ Updated: 103.04 (synced daily for consistency)
[2026-02-01 09:03:37]   [emp_id: 2368] ✓ Updated: 33.45 (synced daily for consistency)
[2026-02-01 09:03:37]   [emp_id: 2372] ✓ Updated: 70.7 (synced daily for consistency)
[2026-02-01 09:03:37]   [emp_id: 2376] ✓ Updated: 120.7 (synced daily for consistency)
[2026-02-01 09:03:37]   [emp_id: 2423] ✓ Updated: 21.45 (synced daily for consistency)
[2026-02-01 09:03:37]   [emp_id: 2519] ✓ Updated: 115.12 (synced daily for consistency)
[2026-02-01 09:03:37]   [emp_id: 2522] ✓ Updated: 58.7 (synced daily for consistency)
[2026-02-01 09:03:37]   [emp_id: 2530] ✓ Updated: 53.95 (synced daily for consistency)
[2026-02-01 09:03:37]   [emp_id: 2539] ✓ Updated: 50.7 (synced daily for consistency)
[2026-02-01 09:03:37]   [emp_id: 2541] ✓ Updated: 31.29 (synced daily for consistency)
[2026-02-01 09:03:37]   [emp_id: 2550] ✓ Updated: 97.45 (synced daily for consistency)
[2026-02-01 09:03:37]   [emp_id: 2553] ✓ Updated: 34.56 (synced daily for consistency)
[2026-02-01 09:03:37]   [emp_id: 2554] ✓ Updated: 41.04 (synced daily for consistency)
[2026-02-01 09:03:37]   [emp_id: 2565] ✓ Updated: 95.62 (synced daily for consistency)
[2026-02-01 09:03:37]   [emp_id: 2572] ✓ Updated: 45.62 (synced daily for consistency)
[2026-02-01 09:03:37]   [emp_id: 2637] ✓ Updated: 66.2 (synced daily for consistency)
[2026-02-01 09:03:37]   [emp_id: 2642] ✓ Updated: 78.95 (synced daily for consistency)
[2026-02-01 09:03:37]   [emp_id: 2645] ✓ Updated: 94.95 (synced daily for consistency)
[2026-02-01 09:03:37]   [emp_id: 2648] ✓ Updated: 46.62 (synced daily for consistency)
[2026-02-01 09:03:37]   [emp_id: 2654] ✓ Updated: 89.29 (synced daily for consistency)
[2026-02-01 09:03:37]   [emp_id: 2688] ✓ Updated: 27.37 (synced daily for consistency)
[2026-02-01 09:03:37]   [emp_id: 2690] ✓ Updated: 16.12 (synced daily for consistency)
[2026-02-01 09:03:37]   [emp_id: 2709] ✓ Updated: 38.37 (synced daily for consistency)
[2026-02-01 09:03:37]   [emp_id: 2745] ✓ Updated: 34.95 (synced daily for consistency)
[2026-02-01 09:03:37]   [emp_id: 2843] ✓ Updated: 81.54 (synced daily for consistency)
[2026-02-01 09:03:37]   [emp_id: 2854] ✓ Updated: 61.45 (synced daily for consistency)
[2026-02-01 09:03:37]   [emp_id: 2869] ✓ Updated: 5.37 (synced daily for consistency)
[2026-02-01 09:03:37]   [emp_id: 2876] ✓ Updated: 36.2 (synced daily for consistency)
[2026-02-01 09:03:37]   [emp_id: 2924] ✓ Updated: 17.37 (synced daily for consistency)
[2026-02-01 09:03:37]   [emp_id: 2953] ✓ Updated: 103.12 (synced daily for consistency)
[2026-02-01 09:03:37]   [emp_id: 2961] ✓ Updated: 13.12 (synced daily for consistency)
[2026-02-01 09:03:37]   [emp_id: 2975] ✓ Updated: 2.8 (synced daily for consistency)
[2026-02-01 09:03:37]   [emp_id: 3013] ✓ Updated: 12.12 (synced daily for consistency)
[2026-02-01 09:03:37]   [emp_id: 3014] ✓ Updated: 91.37 (synced daily for consistency)
[2026-02-01 09:03:37]   [emp_id: 3015] ✓ Updated: 2.62 (synced daily for consistency)
[2026-02-01 09:03:37]   [emp_id: 3018] ✓ Updated: 61.37 (synced daily for consistency)
[2026-02-01 09:03:37]   [emp_id: 3025] ✓ Updated: 25.14 (synced daily for consistency)
[2026-02-01 09:03:37]   [emp_id: 3037] ✓ Updated: 84.87 (synced daily for consistency)
[2026-02-01 09:03:37]   [emp_id: 3047] ✓ Updated: 73.12 (synced daily for consistency)
[2026-02-01 09:03:38]   [emp_id: 3061] ✓ Updated: 20.04 (synced daily for consistency)
[2026-02-01 09:03:38]   [emp_id: 3062] ✓ Updated: 53.2 (synced daily for consistency)
[2026-02-01 09:03:38]   [emp_id: 3074] ✓ Updated: 109.62 (synced daily for consistency)
[2026-02-01 09:03:38]   [emp_id: 3089] ✓ Updated: 8.54 (synced daily for consistency)
[2026-02-01 09:03:38]   [emp_id: 3090] ✓ Updated: 35.12 (synced daily for consistency)
[2026-02-01 09:03:38]   [emp_id: 3091] ✓ Updated: 47.12 (synced daily for consistency)
[2026-02-01 09:03:38]   [emp_id: 3092] ✓ Updated: 29.79 (synced daily for consistency)
[2026-02-01 09:03:38]   [emp_id: 3105] ✓ Updated: 50.12 (synced daily for consistency)
[2026-02-01 09:03:38]   [emp_id: 3134] ✓ Updated: 45.87 (synced daily for consistency)
[2026-02-01 09:03:38]   [emp_id: 3140] ✓ Updated: 42.95 (synced daily for consistency)
[2026-02-01 09:03:38]   [emp_id: 3144] ✓ Updated: 15.79 (synced daily for consistency)
[2026-02-01 09:03:38]   [emp_id: 3156] ✓ Updated: 19.12 (synced daily for consistency)
[2026-02-01 09:03:38]   [emp_id: 3162] ✓ Updated: 4.1 (synced daily for consistency)
[2026-02-01 09:03:38]   [emp_id: 3163] ✓ Updated: 7.37 (synced daily for consistency)
[2026-02-01 09:03:38]   [emp_id: 3198] ✓ Updated: 42.37 (synced daily for consistency)
[2026-02-01 09:03:38]   [emp_id: 3205] ✓ Updated: 19.04 (synced daily for consistency)
[2026-02-01 09:03:38]   [emp_id: 3209] ✓ Updated: 43.2 (synced daily for consistency)
[2026-02-01 09:03:38]   [emp_id: 3223] ✓ Updated: 92.12 (synced daily for consistency)
[2026-02-01 09:03:38]   [emp_id: 3224] ✓ Updated: 66.87 (synced daily for consistency)
[2026-02-01 09:03:38]   [emp_id: 3230] ✓ Updated: 90.29 (synced daily for consistency)
[2026-02-01 09:03:38]   [emp_id: 3231] ✓ Updated: 2.66 (synced daily for consistency)
[2026-02-01 09:03:38]   [emp_id: 3233] ✓ Updated: 83.12 (synced daily for consistency)
[2026-02-01 09:03:38]   [emp_id: 3249] ✓ Updated: 38.95 (synced daily for consistency)
[2026-02-01 09:03:38]   [emp_id: 3250] ✓ Updated: 11.95 (synced daily for consistency)
[2026-02-01 09:03:38]   [emp_id: 3252] ✓ Updated: 12.87 (synced daily for consistency)
[2026-02-01 09:03:38]   [emp_id: 3254] ✓ Updated: 23.37 (synced daily for consistency)
[2026-02-01 09:03:38]   [emp_id: 3255] ✓ Updated: 19.79 (synced daily for consistency)
[2026-02-01 09:03:38]   [emp_id: 3256] ✓ Updated: 16.04 (synced daily for consistency)
[2026-02-01 09:03:38]   [emp_id: 3263] ✓ Updated: 32.12 (synced daily for consistency)
[2026-02-01 09:03:38]   [emp_id: 3265] ✓ Updated: 27.7 (synced daily for consistency)
[2026-02-01 09:03:38]   [emp_id: 3280] ✓ Updated: 74.62 (synced daily for consistency)
[2026-02-01 09:03:38]   [emp_id: 3286] ✓ Updated: 17.79 (synced daily for consistency)
[2026-02-01 09:03:38]   [emp_id: 3294] ✓ Updated: 17.45 (synced daily for consistency)
[2026-02-01 09:03:38]   [emp_id: 3321] ✓ Updated: 74.62 (synced daily for consistency)
[2026-02-01 09:03:38]   [emp_id: 3325] ✓ Updated: 62.37 (synced daily for consistency)
[2026-02-01 09:03:38]   [emp_id: 3329] ✓ Updated: 64.7 (synced daily for consistency)
[2026-02-01 09:03:38]   [emp_id: 3330] ✓ Updated: 64.7 (synced daily for consistency)
[2026-02-01 09:03:38]   [emp_id: 3332] ✓ Updated: 64.7 (synced daily for consistency)
[2026-02-01 09:03:38]   [emp_id: 3370] ✓ Updated: 56.21 (synced daily for consistency)
[2026-02-01 09:03:38]   [emp_id: 3384] ✓ Updated: 16.87 (synced daily for consistency)
[2026-02-01 09:03:38]   [emp_id: 3386] ✓ Updated: 46.87 (synced daily for consistency)
[2026-02-01 09:03:38]   [emp_id: 3431] ✓ Updated: 21.29 (synced daily for consistency)
[2026-02-01 09:03:38]   [emp_id: 3497] ✓ Updated: 11.45 (synced daily for consistency)
[2026-02-01 09:03:38]   [emp_id: 3532] ✓ Updated: 2.29 (synced daily for consistency)
[2026-02-01 09:03:38]   [emp_id: 3602] ✓ Updated: 3.86 (synced daily for consistency)
[2026-02-01 09:03:38]   [emp_id: 3618] ✓ Updated: 25.84 (synced daily for consistency)
[2026-02-01 09:03:39]   [emp_id: 3622] ✓ Updated: 36.21 (synced daily for consistency)
[2026-02-01 09:03:39]   [emp_id: 3627] ✓ Updated: 11.79 (synced daily for consistency)
[2026-02-01 09:03:39]   [emp_id: 3665] ✓ Updated: 53.37 (synced daily for consistency)
[2026-02-01 09:03:39]   [emp_id: 3705] ✓ Updated: 29.54 (synced daily for consistency)
[2026-02-01 09:03:39]   [emp_id: 3724] ✓ Updated: 46.37 (synced daily for consistency)
[2026-02-01 09:03:39]   [emp_id: 3726] ✓ Updated: 62.79 (synced daily for consistency)
[2026-02-01 09:03:39]   [emp_id: 3727] ✓ Updated: 67.87 (synced daily for consistency)
[2026-02-01 09:03:39]   [emp_id: 3728] ✓ Updated: 12.2 (synced daily for consistency)
[2026-02-01 09:03:39]   [emp_id: 3767] ✓ Updated: 2.95 (synced daily for consistency)
[2026-02-01 09:03:39]   [emp_id: 3768] ✓ Updated: 59.2 (synced daily for consistency)
[2026-02-01 09:03:39]   [emp_id: 3787] ✓ Updated: 59.79 (synced daily for consistency)
[2026-02-01 09:03:39]   [emp_id: 3790] ✓ Updated: 4.34 (synced daily for consistency)
[2026-02-01 09:03:39]   [emp_id: 3795] ✓ Updated: 17.29 (synced daily for consistency)
[2026-02-01 09:03:39]   [emp_id: 3798] ✓ Updated: 95.7 (synced daily for consistency)
[2026-02-01 09:03:39]   [emp_id: 3801] ✓ Updated: 3.97 (synced daily for consistency)
[2026-02-01 09:03:39]   [emp_id: 3802] ✓ Updated: 32.95 (synced daily for consistency)
[2026-02-01 09:03:39]   [emp_id: 3803] ✓ Updated: 117.37 (synced daily for consistency)
[2026-02-01 09:03:39]   [emp_id: 3810] ✓ Updated: 63.37 (synced daily for consistency)
[2026-02-01 09:03:39]   [emp_id: 3812] ✓ Updated: 92.37 (synced daily for consistency)
[2026-02-01 09:03:39]   [emp_id: 3815] ✓ Updated: 92.37 (synced daily for consistency)
[2026-02-01 09:03:39]   [emp_id: 3836] ✓ Updated: 60.04 (synced daily for consistency)
[2026-02-01 09:03:39]   [emp_id: 3855] ✓ Updated: 53.2 (synced daily for consistency)
[2026-02-01 09:03:39]   [emp_id: 3857] ✓ Updated: 56.87 (synced daily for consistency)
[2026-02-01 09:03:39]   [emp_id: 3862] ✓ Updated: 104.95 (synced daily for consistency)
[2026-02-01 09:03:39]   [emp_id: 3866] ✓ Updated: 30.2 (synced daily for consistency)
[2026-02-01 09:03:39]   [emp_id: 3876] ✓ Updated: 26.37 (synced daily for consistency)
[2026-02-01 09:03:39]   [emp_id: 3877] ✓ Updated: 51.87 (synced daily for consistency)
[2026-02-01 09:03:39]   [emp_id: 3897] ✓ Updated: 40.12 (synced daily for consistency)
[2026-02-01 09:03:39]   [emp_id: 3899] ✓ Updated: 1.94 (synced daily for consistency)
[2026-02-01 09:03:39]   [emp_id: 3928] ✓ Updated: 16.2 (synced daily for consistency)
[2026-02-01 09:03:39]   [emp_id: 3929] ✓ Updated: 11.2 (synced daily for consistency)
[2026-02-01 09:03:39]   [emp_id: 3935] ✓ Updated: 96.2 (synced daily for consistency)
[2026-02-01 09:03:39]   [emp_id: 3952] ✓ Updated: 77.54 (synced daily for consistency)
[2026-02-01 09:03:39]   [emp_id: 3987] ✓ Updated: 16.45 (synced daily for consistency)
[2026-02-01 09:03:39]   [emp_id: 4059] ✓ Updated: 5.65 (synced daily for consistency)
[2026-02-01 09:03:39]   [emp_id: 4119] ✓ Updated: 59.12 (synced daily for consistency)
[2026-02-01 09:03:39]   [emp_id: 4120] ✓ Updated: 28.7 (synced daily for consistency)
[2026-02-01 09:03:39]   [emp_id: 4124] ✓ Updated: 29.22 (synced daily for consistency)
[2026-02-01 09:03:39]   [emp_id: 4133] ✓ Updated: 107.7 (synced daily for consistency)
[2026-02-01 09:03:39]   [emp_id: 4134] ✓ Updated: 28.7 (synced daily for consistency)
[2026-02-01 09:03:39]   [emp_id: 4136] ✓ Updated: 28.7 (synced daily for consistency)
[2026-02-01 09:03:39]   [emp_id: 4150] ✓ Updated: 27.37 (synced daily for consistency)
[2026-02-01 09:03:39]   [emp_id: 4157] ✓ Updated: 20.87 (synced daily for consistency)
[2026-02-01 09:03:39]   [emp_id: 4172] ✓ Updated: 14.12 (synced daily for consistency)
[2026-02-01 09:03:39]   [emp_id: 4195] ✓ Updated: 64.45 (synced daily for consistency)
[2026-02-01 09:03:39]   [emp_id: 4215] ✓ Updated: 47.12 (synced daily for consistency)
[2026-02-01 09:03:40]   [emp_id: 4220] ✓ Updated: 42.7 (synced daily for consistency)
[2026-02-01 09:03:40]   [emp_id: 4273] ✓ Updated: 11.37 (synced daily for consistency)
[2026-02-01 09:03:40]   [emp_id: 4283] ✓ Updated: 15.21 (synced daily for consistency)
[2026-02-01 09:03:40]   [emp_id: 4288] ✓ Updated: 1.94 (synced daily for consistency)
[2026-02-01 09:03:40]   [emp_id: 4315] ✓ Updated: 14.62 (synced daily for consistency)
[2026-02-01 09:03:40]   [emp_id: 4328] ✓ Updated: 44.04 (synced daily for consistency)
[2026-02-01 09:03:40]   [emp_id: 4329] ✓ Updated: 7.79 (synced daily for consistency)
[2026-02-01 09:03:40]   [emp_id: 4338] ✓ Updated: 49.37 (synced daily for consistency)
[2026-02-01 09:03:40]   [emp_id: 4340] ✓ Updated: 111.37 (synced daily for consistency)
[2026-02-01 09:03:40]   [emp_id: 4365] ✓ Updated: 62.79 (synced daily for consistency)
[2026-02-01 09:03:40]   [emp_id: 4366] ✓ Updated: 61.87 (synced daily for consistency)
[2026-02-01 09:03:40]   [emp_id: 4403] ✓ Updated: 87.7 (synced daily for consistency)
[2026-02-01 09:03:40]   [emp_id: 4438] ✓ Updated: 23.37 (synced daily for consistency)
[2026-02-01 09:03:40]   [emp_id: 4465] ✓ Updated: 14.37 (synced daily for consistency)
[2026-02-01 09:03:40]   [emp_id: 4473] ✓ Updated: 46.95 (synced daily for consistency)
[2026-02-01 09:03:40]   [emp_id: 4474] ✓ Updated: 4.88 (synced daily for consistency)
[2026-02-01 09:03:40]   [emp_id: 4493] ✓ Updated: 165.79 (synced daily for consistency)
[2026-02-01 09:03:40]   [emp_id: 4526] ✓ Updated: 38.04 (synced daily for consistency)
[2026-02-01 09:03:40]   [emp_id: 4528] ✓ Updated: 109.79 (synced daily for consistency)
[2026-02-01 09:03:40]   [emp_id: 4528] ✓ Updated: 109.79 (synced daily for consistency)
[2026-02-01 09:03:40]   [emp_id: 4532] ✓ Updated: 9.49 (synced daily for consistency)
[2026-02-01 09:03:40]   [emp_id: 4533] ✓ Updated: 38.2 (synced daily for consistency)
[2026-02-01 09:03:40]   [emp_id: 4565] ✓ Updated: 16.87 (synced daily for consistency)
[2026-02-01 09:03:40]   [emp_id: 4567] ✓ Updated: 21.12 (synced daily for consistency)
[2026-02-01 09:03:40]   [emp_id: 4572] ✓ Updated: 60.62 (synced daily for consistency)
[2026-02-01 09:03:40]   [emp_id: 4631] ✓ Updated: 16.87 (synced daily for consistency)
[2026-02-01 09:03:40]   [emp_id: 4655] ✓ Updated: 27.12 (synced daily for consistency)
[2026-02-01 09:03:40]   [emp_id: 4709] ✓ Updated: 42.37 (synced daily for consistency)
[2026-02-01 09:03:40]   [emp_id: 4717] ✓ Updated: 68.37 (synced daily for consistency)
[2026-02-01 09:03:40]   [emp_id: 4736] ✓ Updated: 30.2 (synced daily for consistency)
[2026-02-01 09:03:40]   [emp_id: 4756] ✓ Updated: 13.31 (synced daily for consistency)
[2026-02-01 09:03:40]   [emp_id: 4768] ✓ Updated: 15.87 (synced daily for consistency)
[2026-02-01 09:03:40]   [emp_id: 4780] ✓ Updated: 67.04 (synced daily for consistency)
[2026-02-01 09:03:40]   [emp_id: 4820] ✓ Updated: 101.2 (synced daily for consistency)
[2026-02-01 09:03:40]   [emp_id: 4824] ✓ Updated: 4.38 (synced daily for consistency)
[2026-02-01 09:03:40]   [emp_id: 4825] ✓ Updated: 32.95 (synced daily for consistency)
[2026-02-01 09:03:40]   [emp_id: 4837] ✓ Updated: 47.03 (synced daily for consistency)
[2026-02-01 09:03:40]   [emp_id: 4840] ✓ Updated: 47.03 (synced daily for consistency)
[2026-02-01 09:03:40]   [emp_id: 4842] ✓ Updated: 46.27 (synced daily for consistency)
[2026-02-01 09:03:40]   [emp_id: 4843] ✓ Updated: 46.8 (synced daily for consistency)
[2026-02-01 09:03:40]   [emp_id: 4853] ✓ Updated: 90.62 (synced daily for consistency)
[2026-02-01 09:03:40]   [emp_id: 4856] ✓ Updated: 43.94 (synced daily for consistency)
[2026-02-01 09:03:40]   [emp_id: 4857] ✓ Updated: 26.76 (synced daily for consistency)
[2026-02-01 09:03:40]   [emp_id: 4858] ✓ Updated: 23.64 (synced daily for consistency)
[2026-02-01 09:03:40]   [emp_id: 4859] ✓ Updated: 45.11 (synced daily for consistency)
[2026-02-01 09:03:40]   [emp_id: 4860] ✓ Updated: 9.61 (synced daily for consistency)
[2026-02-01 09:03:41]   [emp_id: 4861] ✓ Updated: 43.07 (synced daily for consistency)
[2026-02-01 09:03:41]   [emp_id: 4869] ✓ Updated: 85.95 (synced daily for consistency)
[2026-02-01 09:03:41]   [emp_id: 4894] ✓ Updated: 9.87 (synced daily for consistency)
[2026-02-01 09:03:41]   [emp_id: 4897] ✓ Updated: 24.85 (synced daily for consistency)
[2026-02-01 09:03:41]   [emp_id: 4899] ✓ Updated: 21.02 (synced daily for consistency)
[2026-02-01 09:03:41]   [emp_id: 4902] ✓ Updated: 20.44 (synced daily for consistency)
[2026-02-01 09:03:41]   [emp_id: 4903] ✓ Updated: 22.66 (synced daily for consistency)
[2026-02-01 09:03:41]   [emp_id: 4905] ✓ Updated: 21.32 (synced daily for consistency)
[2026-02-01 09:03:41]   [emp_id: 4907] ✓ Updated: 49.95 (synced daily for consistency)
[2026-02-01 09:03:41]   [emp_id: 4917] ✓ Updated: 18.28 (synced daily for consistency)
[2026-02-01 09:03:41]   [emp_id: 4918] ✓ Updated: 8.05 (synced daily for consistency)
[2026-02-01 09:03:41]   [emp_id: 4919] ✓ Updated: 60.34 (synced daily for consistency)
[2026-02-01 09:03:41]   [emp_id: 4920] ✓ Updated: 7.42 (synced daily for consistency)
[2026-02-01 09:03:41]   [emp_id: 4921] ✓ Updated: 19.51 (synced daily for consistency)
[2026-02-01 09:03:41]   [emp_id: 4927] ✓ Updated: 18.34 (synced daily for consistency)
[2026-02-01 09:03:41]   [emp_id: 4929] ✓ Updated: 19.86 (synced daily for consistency)
[2026-02-01 09:03:41]   [emp_id: 4930] ✓ Updated: 60.63 (synced daily for consistency)
[2026-02-01 09:03:41]   [emp_id: 4932] ✓ Updated: 18.63 (synced daily for consistency)
[2026-02-01 09:03:41]   [emp_id: 4933] ✓ Updated: 22.04 (synced daily for consistency)
[2026-02-01 09:03:41]   [emp_id: 4949] ✓ Updated: 25.47 (synced daily for consistency)
[2026-02-01 09:03:41]   [emp_id: 4956] ✓ Updated: 31.06 (synced daily for consistency)
[2026-02-01 09:03:41]   [emp_id: 4957] ✓ Updated: 26.73 (synced daily for consistency)
[2026-02-01 09:03:41]   [emp_id: 4962] ✓ Updated: 49.31 (synced daily for consistency)
[2026-02-01 09:03:41]   [emp_id: 4969] ✓ Updated: 48.62 (synced daily for consistency)
[2026-02-01 09:03:41]   [emp_id: 4976] ✓ Updated: 11.75 (synced daily for consistency)
[2026-02-01 09:03:41]   [emp_id: 4984] ✓ Updated: 39.87 (synced daily for consistency)
[2026-02-01 09:03:41]   [emp_id: 4995] ✓ Updated: 51.94 (synced daily for consistency)
[2026-02-01 09:03:41]   [emp_id: 5004] ✓ Updated: 28.69 (synced daily for consistency)
[2026-02-01 09:03:41]   [emp_id: 5006] ✓ Updated: 28.43 (synced daily for consistency)
[2026-02-01 09:03:41]   [emp_id: 5011] ✓ Updated: 7.72 (synced daily for consistency)
[2026-02-01 09:03:41]   [emp_id: 5013] ✓ Updated: 68.8 (synced daily for consistency)
[2026-02-01 09:03:41]   [emp_id: 5018] ✓ Updated: 5.29 (synced daily for consistency)
[2026-02-01 09:03:41]   [emp_id: 5021] ✓ Updated: 62.97 (synced daily for consistency)
[2026-02-01 09:03:41]   [emp_id: 5024] ✓ Updated: 3.31 (synced daily for consistency)
[2026-02-01 09:03:41]   [emp_id: 5030] ✓ Updated: 33.26 (synced daily for consistency)
[2026-02-01 09:03:41]   [emp_id: 5033] ✓ Updated: 12.06 (synced daily for consistency)
[2026-02-01 09:03:41]   [emp_id: 5043] ✓ Updated: 32.54 (synced daily for consistency)
[2026-02-01 09:03:41]   [emp_id: 5045] ✓ Updated: 29.04 (synced daily for consistency)
[2026-02-01 09:03:41]   [emp_id: 5046] ✓ Updated: 24.23 (synced daily for consistency)
[2026-02-01 09:03:41]   [emp_id: 5049] ✓ Updated: 0.74 (synced daily for consistency)
[2026-02-01 09:03:41]   [emp_id: 5052] ✓ Updated: 32.02 (synced daily for consistency)
[2026-02-01 09:03:41]   [emp_id: 5055] ✓ Updated: 20.46 (synced daily for consistency)
[2026-02-01 09:03:41]   [emp_id: 5058] ✓ Updated: 29.44 (synced daily for consistency)
[2026-02-01 09:03:41]   [emp_id: 5062] ✓ Updated: 41.27 (synced daily for consistency)
[2026-02-01 09:03:41]   [emp_id: 5064] ✓ Updated: 119.87 (synced daily for consistency)
[2026-02-01 09:03:42]   [emp_id: 5065] ✓ Updated: 40.68 (synced daily for consistency)
[2026-02-01 09:03:42]   [emp_id: 5071] ✓ Updated: 25.37 (synced daily for consistency)
[2026-02-01 09:03:42]   [emp_id: 5073] ✓ Updated: 15.28 (synced daily for consistency)
[2026-02-01 09:03:42]   [emp_id: 5079] ✓ Updated: 35.84 (synced daily for consistency)
[2026-02-01 09:03:42]   [emp_id: 5080] ✓ Updated: 29.17 (synced daily for consistency)
[2026-02-01 09:03:42]   [emp_id: 5081] ✓ Updated: 17.43 (synced daily for consistency)
[2026-02-01 09:03:42]   [emp_id: 5087] ✓ Updated: 37.47 (synced daily for consistency)
[2026-02-01 09:03:42]   [emp_id: 5091] ✓ Updated: 77.32 (synced daily for consistency)
[2026-02-01 09:03:42]   [emp_id: 5093] ✓ Updated: 16.54 (synced daily for consistency)
[2026-02-01 09:03:42]   [emp_id: 5095] ✓ Updated: 2.86 (synced daily for consistency)
[2026-02-01 09:03:42]   [emp_id: 5101] ✓ Updated: 18.62 (synced daily for consistency)
[2026-02-01 09:03:42]   [emp_id: 5107] ✓ Updated: 16.95 (synced daily for consistency)
[2026-02-01 09:03:42]   [emp_id: 5109] ✓ Updated: 14.2 (synced daily for consistency)
[2026-02-01 09:03:42]   [emp_id: 5119] ✓ Updated: 12.37 (synced daily for consistency)
[2026-02-01 09:03:42]   [emp_id: 5122] ✓ Updated: 9.54 (synced daily for consistency)
[2026-02-01 09:03:42]   [emp_id: 5126] ✓ Updated: 28.2 (synced daily for consistency)
[2026-02-01 09:03:42]   [emp_id: 5127] ✓ Updated: 6.99 (synced daily for consistency)
[2026-02-01 09:03:42]   [emp_id: 5128] ✓ Updated: 28.14 (synced daily for consistency)
[2026-02-01 09:03:42]   [emp_id: 5138] ✓ Updated: 52.2 (synced daily for consistency)
[2026-02-01 09:03:42]   [emp_id: 5138] ✓ Updated: 52.2 (synced daily for consistency)
[2026-02-01 09:03:42]   [emp_id: 5141] ✓ Updated: 36.51 (synced daily for consistency)
[2026-02-01 09:03:42]   [emp_id: 5142] ✓ Updated: 15.51 (synced daily for consistency)
[2026-02-01 09:03:42]   [emp_id: 5146] ✓ Updated: 22.51 (synced daily for consistency)
[2026-02-01 09:03:42]   [emp_id: 5147] ✓ Updated: 21.51 (synced daily for consistency)
[2026-02-01 09:03:42]   [emp_id: 5148] ✓ Updated: 26.86 (synced daily for consistency)
[2026-02-01 09:03:42]   [emp_id: 5149] ✓ Updated: 25.75 (synced daily for consistency)
[2026-02-01 09:03:42]   [emp_id: 5150] ✓ Updated: 25.11 (synced daily for consistency)
[2026-02-01 09:03:42]   [emp_id: 5151] ✓ Updated: 24.93 (synced daily for consistency)
[2026-02-01 09:03:42]   [emp_id: 5152] ✓ Updated: 5.35 (synced daily for consistency)
[2026-02-01 09:03:42]   [emp_id: 5157] ✓ Updated: 24.93 (synced daily for consistency)
[2026-02-01 09:03:42]   [emp_id: 5160] ✓ Updated: 24.93 (synced daily for consistency)
[2026-02-01 09:03:42]   [emp_id: 5163] ✓ Updated: 22.72 (synced daily for consistency)
[2026-02-01 09:03:42]   [emp_id: 5165] ✓ Updated: 3.64 (synced daily for consistency)
[2026-02-01 09:03:42]   [emp_id: 5167] ✓ Updated: 31.87 (synced daily for consistency)
[2026-02-01 09:03:42]   [emp_id: 5168] ✓ Updated: 24.41 (synced daily for consistency)
[2026-02-01 09:03:42]   [emp_id: 5173] ✓ Updated: 27.29 (synced daily for consistency)
[2026-02-01 09:03:42]   [emp_id: 5174] ✓ Updated: 24.87 (synced daily for consistency)
[2026-02-01 09:03:42]   [emp_id: 5181] ✓ Updated: 21.26 (synced daily for consistency)
[2026-02-01 09:03:42]   [emp_id: 5186] ✓ Updated: 26.79 (synced daily for consistency)
[2026-02-01 09:03:42]   [emp_id: 5187] ✓ Updated: 37.79 (synced daily for consistency)
[2026-02-01 09:03:42]   [emp_id: 5204] ✓ Updated: 24.79 (synced daily for consistency)
[2026-02-01 09:03:42]   [emp_id: 5205] ✓ Updated: 14 (synced daily for consistency)
[2026-02-01 09:03:42]   [emp_id: 5209] ✓ Updated: 17 (synced daily for consistency)
[2026-02-01 09:03:42]   [emp_id: 5213] ✓ Updated: 4.41 (synced daily for consistency)
[2026-02-01 09:03:42]   [emp_id: 5214] ✓ Updated: 3.25 (synced daily for consistency)
[2026-02-01 09:03:42]   [emp_id: 5215] ✓ Updated: 12 (synced daily for consistency)
[2026-02-01 09:03:42]   [emp_id: 5217] ✓ Updated: 11 (synced daily for consistency)
[2026-02-01 09:03:43]   [emp_id: 5219] ✓ Updated: 15 (synced daily for consistency)
[2026-02-01 09:03:43]   [emp_id: 5221] ✓ Updated: 4.31 (synced daily for consistency)
[2026-02-01 09:03:43]   [emp_id: 5224] ✓ Updated: 16 (synced daily for consistency)
[2026-02-01 09:03:43]   [emp_id: 5225] ✓ Updated: 8.31 (synced daily for consistency)
[2026-02-01 09:03:43]   [emp_id: 5228] ✓ Updated: 11 (synced daily for consistency)
[2026-02-01 09:03:43]   [emp_id: 5229] ✓ Updated: 7 (synced daily for consistency)
[2026-02-01 09:03:43]   [emp_id: 5230] ✓ Updated: 11.67 (synced daily for consistency)
[2026-02-01 09:03:43]   [emp_id: 5231] ✓ Updated: 8 (synced daily for consistency)
[2026-02-01 09:03:43]   [emp_id: 5232] ✓ Updated: 2 (synced daily for consistency)
[2026-02-01 09:03:43]   [emp_id: 5233] ✓ Updated: 6 (synced daily for consistency)
[2026-02-01 09:03:43]   [emp_id: 5234] ✓ Updated: 6 (synced daily for consistency)
[2026-02-01 09:03:43]   [emp_id: 5235] ✓ Updated: 1.44 (synced daily for consistency)
[2026-02-01 09:03:43]   [emp_id: 5237] ✓ Updated: 12.25 (synced daily for consistency)
[2026-02-01 09:03:43]   [emp_id: 5239] ✓ Updated: 9 (synced daily for consistency)
[2026-02-01 09:03:43]   [emp_id: 5241] ✓ Updated: 7 (synced daily for consistency)
[2026-02-01 09:03:43]   [emp_id: 5242] ✓ Updated: 17 (synced daily for consistency)
[2026-02-01 09:03:43]   [emp_id: 5243] ✓ Updated: 3.41 (synced daily for consistency)
[2026-02-01 09:03:43]   [emp_id: 5244] ✓ Updated: 1.44 (synced daily for consistency)
[2026-02-01 09:03:43]   [emp_id: 5246] ✓ Updated: 13 (synced daily for consistency)
[2026-02-01 09:03:43]   [emp_id: 5253] ✓ Updated: 25.87 (synced daily for consistency)
[2026-02-01 09:03:43]   [emp_id: 5254] ✓ Updated: 13.85 (synced daily for consistency)
[2026-02-01 09:03:43]   [emp_id: 5257] ✓ Updated: 13.56 (synced daily for consistency)
[2026-02-01 09:03:43]   [emp_id: 5259] ✓ Updated: 50.09 (synced daily for consistency)
[2026-02-01 09:03:43]   [emp_id: 5261] ✓ Updated: 18.39 (synced daily for consistency)
[2026-02-01 09:03:43]   [emp_id: 5264] ✓ Updated: 15.57 (synced daily for consistency)
[2026-02-01 09:03:43]   [emp_id: 5266] ✓ Updated: 22.19 (synced daily for consistency)
[2026-02-01 09:03:43]   [emp_id: 5268] ✓ Updated: 10.76 (synced daily for consistency)
[2026-02-01 09:03:43]   [emp_id: 5271] ✓ Updated: 9.42 (synced daily for consistency)
[2026-02-01 09:03:43]   [emp_id: 5272] ✓ Updated: 10.29 (synced daily for consistency)
[2026-02-01 09:03:43]   [emp_id: 5273] ✓ Updated: 25.36 (synced daily for consistency)
[2026-02-01 09:03:43]   [emp_id: 5275] ✓ Updated: 11.11 (synced daily for consistency)
[2026-02-01 09:03:43]   [emp_id: 5276] ✓ Updated: 25.38 (synced daily for consistency)
[2026-02-01 09:03:43]   [emp_id: 5278] ✓ Updated: 9.77 (synced daily for consistency)
[2026-02-01 09:03:43]   [emp_id: 5280] ✓ Updated: 20.17 (synced daily for consistency)
[2026-02-01 09:03:43]   [emp_id: 5282] ✓ Updated: 13.87 (synced daily for consistency)
[2026-02-01 09:03:43]   [emp_id: 5285] ✓ Updated: 30.17 (synced daily for consistency)
[2026-02-01 09:03:43]   [emp_id: 5286] ✓ Updated: 17.17 (synced daily for consistency)
[2026-02-01 09:03:43]   [emp_id: 5287] ✓ Updated: 51.47 (synced daily for consistency)
[2026-02-01 09:03:43]   [emp_id: 5288] ✓ Updated: 8.74 (synced daily for consistency)
[2026-02-01 09:03:43]   [emp_id: 5289] ✓ Updated: 50.02 (synced daily for consistency)
[2026-02-01 09:03:43]   [emp_id: 5290] ✓ Updated: 48.79 (synced daily for consistency)
[2026-02-01 09:03:43]   [emp_id: 5291] ✓ Updated: 6.79 (synced daily for consistency)
[2026-02-01 09:03:43]   [emp_id: 5292] ✓ Updated: 6.73 (synced daily for consistency)
[2026-02-01 09:03:43]   [emp_id: 5293] ✓ Updated: 10.13 (synced daily for consistency)
[2026-02-01 09:03:43]   [emp_id: 5294] ✓ Updated: 9.79 (synced daily for consistency)
[2026-02-01 09:03:44]   [emp_id: 5295] ✓ Updated: 22.97 (synced daily for consistency)
[2026-02-01 09:03:44]   [emp_id: 5296] ✓ Updated: 36.81 (synced daily for consistency)
[2026-02-01 09:03:44]   [emp_id: 5297] ✓ Updated: 47.39 (synced daily for consistency)
[2026-02-01 09:03:44]   [emp_id: 5298] ✓ Updated: 47.39 (synced daily for consistency)
[2026-02-01 09:03:44]   [emp_id: 5299] ✓ Updated: 47.39 (synced daily for consistency)
[2026-02-01 09:03:44]   [emp_id: 5300] ✓ Updated: 47.39 (synced daily for consistency)
[2026-02-01 09:03:44]   [emp_id: 5301] ✓ Updated: 5.21 (synced daily for consistency)
[2026-02-01 09:03:44]   [emp_id: 5303] ✓ Updated: 5.64 (synced daily for consistency)
[2026-02-01 09:03:44]   [emp_id: 5304] ✓ Updated: 2.39 (synced daily for consistency)
[2026-02-01 09:03:44]   [emp_id: 5305] ✓ Updated: 5.39 (synced daily for consistency)
[2026-02-01 09:03:44]   [emp_id: 5306] ✓ Updated: 47.1 (synced daily for consistency)
[2026-02-01 09:03:44]   [emp_id: 5307] ✓ Updated: 47.1 (synced daily for consistency)
[2026-02-01 09:03:44]   [emp_id: 5312] ✓ Updated: 1.44 (synced daily for consistency)
[2026-02-01 09:03:44]   [emp_id: 5318] ✓ Updated: 27.81 (synced daily for consistency)
[2026-02-01 09:03:44]   [emp_id: 5325] ✓ Updated: 1.77 (synced daily for consistency)
[2026-02-01 09:03:44]   [emp_id: 5327] ✓ Updated: 2.86 (synced daily for consistency)
[2026-02-01 09:03:44]   [emp_id: 5337] ✓ Updated: 37.7 (synced daily for consistency)
[2026-02-01 09:03:44]   [emp_id: 5339] ✓ Updated: 11.96 (synced daily for consistency)
[2026-02-01 09:03:44]   [emp_id: 5343] ✓ Updated: 47.62 (synced daily for consistency)
[2026-02-01 09:03:44]   [emp_id: 5343] ✓ Updated: 47.62 (synced daily for consistency)
[2026-02-01 09:03:44]   [emp_id: 5345] ✓ Updated: 17.45 (synced daily for consistency)
[2026-02-01 09:03:44]   [emp_id: 5346] ✓ Updated: 3.68 (synced daily for consistency)
[2026-02-01 09:03:44]   [emp_id: 5351] ✓ Updated: 18.62 (synced daily for consistency)
[2026-02-01 09:03:44]   [emp_id: 5352] ✓ Updated: 27.87 (synced daily for consistency)
[2026-02-01 09:03:44]   [emp_id: 5370] ✓ Updated: 17.27 (synced daily for consistency)
[2026-02-01 09:03:44]   [emp_id: 5371] ✓ Updated: 9.62 (synced daily for consistency)
[2026-02-01 09:03:44]   [emp_id: 5376] ✓ Updated: 11.87 (synced daily for consistency)
[2026-02-01 09:03:44]   [emp_id: 5378] ✓ Updated: 19.7 (synced daily for consistency)
[2026-02-01 09:03:44]   [emp_id: 5380] ✓ Updated: 18.28 (synced daily for consistency)
[2026-02-01 09:03:44]   [emp_id: 5381] ✓ Updated: 14.14 (synced daily for consistency)
[2026-02-01 09:03:44]   [emp_id: 5383] ✓ Updated: 17.45 (synced daily for consistency)
[2026-02-01 09:03:44]   [emp_id: 5388] ✓ Updated: 29.06 (synced daily for consistency)
[2026-02-01 09:03:44]   [emp_id: 5396] ✓ Updated: 30.3 (synced daily for consistency)
[2026-02-01 09:03:44]   [emp_id: 5397] ✓ Updated: 21.76 (synced daily for consistency)
[2026-02-01 09:03:44]   [emp_id: 5401] ✓ Updated: 24.87 (synced daily for consistency)
[2026-02-01 09:03:44]   [emp_id: 5402] ✓ Updated: 24.99 (synced daily for consistency)
[2026-02-01 09:03:44]   [emp_id: 5406] ✓ Updated: 18.71 (synced daily for consistency)
[2026-02-01 09:03:44]   [emp_id: 5407] ✓ Updated: 18.22 (synced daily for consistency)
[2026-02-01 09:03:44]   [emp_id: 5409] ✓ Updated: 18.05 (synced daily for consistency)
[2026-02-01 09:03:44]   [emp_id: 5413] ✓ Updated: 30.62 (synced daily for consistency)
[2026-02-01 09:03:44]   [emp_id: 5414] ✓ Updated: 30.29 (synced daily for consistency)
[2026-02-01 09:03:44]   [emp_id: 5415] ✓ Updated: 6.22 (synced daily for consistency)
[2026-02-01 09:03:44]   [emp_id: 5418] ✓ Updated: 17.11 (synced daily for consistency)
[2026-02-01 09:03:44]   [emp_id: 5422] ✓ Updated: 22.95 (synced daily for consistency)
[2026-02-01 09:03:44]   [emp_id: 5423] ✓ Updated: 7.64 (synced daily for consistency)
[2026-02-01 09:03:44]   [emp_id: 5425] ✓ Updated: 15.66 (synced daily for consistency)
[2026-02-01 09:03:45]   [emp_id: 5426] ✓ Updated: 4.19 (synced daily for consistency)
[2026-02-01 09:03:45]   [emp_id: 5426] ✓ Updated: 4.19 (synced daily for consistency)
[2026-02-01 09:03:45]   [emp_id: 5427] ✓ Updated: 15.77 (synced daily for consistency)
[2026-02-01 09:03:45]   [emp_id: 5428] ✓ Updated: 15.66 (synced daily for consistency)
[2026-02-01 09:03:45]   [emp_id: 5430] ✓ Updated: 20.01 (synced daily for consistency)
[2026-02-01 09:03:45]   [emp_id: 5431] ✓ Updated: 14.78 (synced daily for consistency)
[2026-02-01 09:03:45]   [emp_id: 5433] ✓ Updated: 14.8 (synced daily for consistency)
[2026-02-01 09:03:45]   [emp_id: 5434] ✓ Updated: 14.55 (synced daily for consistency)
[2026-02-01 09:03:45]   [emp_id: 5435] ✓ Updated: 14.49 (synced daily for consistency)
[2026-02-01 09:03:45]   [emp_id: 5436] ✓ Updated: 14.49 (synced daily for consistency)
[2026-02-01 09:03:45]   [emp_id: 5438] ✓ Updated: 17.87 (synced daily for consistency)
[2026-02-01 09:03:45]   [emp_id: 5439] ✓ Updated: 27.37 (synced daily for consistency)
[2026-02-01 09:03:45]   [emp_id: 5442] ✓ Updated: 16.37 (synced daily for consistency)
[2026-02-01 09:03:45]   [emp_id: 5445] ✓ Updated: 8.95 (synced daily for consistency)
[2026-02-01 09:03:45]   [emp_id: 5446] ✓ Updated: 8.95 (synced daily for consistency)
[2026-02-01 09:03:45]   [emp_id: 5447] ✓ Updated: 8.89 (synced daily for consistency)
[2026-02-01 09:03:45]   [emp_id: 5448] ✓ Updated: 3.39 (synced daily for consistency)
[2026-02-01 09:03:45]   [emp_id: 5449] ✓ Updated: 6.97 (synced daily for consistency)
[2026-02-01 09:03:45]   [emp_id: 5450] ✓ Updated: 6.91 (synced daily for consistency)
[2026-02-01 09:03:45]   [emp_id: 5451] ✓ Updated: 6.91 (synced daily for consistency)
[2026-02-01 09:03:45]   [emp_id: 5453] ✓ Updated: 6.75 (synced daily for consistency)
[2026-02-01 09:03:45]   [emp_id: 5454] ✓ Updated: 9.45 (synced daily for consistency)
[2026-02-01 09:03:45]   [emp_id: 5455] ✓ Updated: 3.7 (synced daily for consistency)
[2026-02-01 09:03:45]   [emp_id: 5456] ✓ Updated: 8.7 (synced daily for consistency)
[2026-02-01 09:03:45]   [emp_id: 5457] ✓ Updated: 6 (synced daily for consistency)
[2026-02-01 09:03:45]   [emp_id: 5460] ✓ Updated: 7.35 (synced daily for consistency)
[2026-02-01 09:03:45]   [emp_id: 5463] ✓ Updated: 6.68 (synced daily for consistency)
[2026-02-01 09:03:45]   [emp_id: 5464] ✓ Updated: 6.68 (synced daily for consistency)
[2026-02-01 09:03:45]   [emp_id: 5466] ✓ Updated: 4.43 (synced daily for consistency)
[2026-02-01 09:03:45]   [emp_id: 5467] ✓ Updated: 3.35 (synced daily for consistency)
[2026-02-01 09:03:45]   [emp_id: 5468] ✓ Updated: 2.3 (synced daily for consistency)
[2026-02-01 09:03:45]   [emp_id: 5469] ✓ Updated: 2.21 (synced daily for consistency)
[2026-02-01 09:03:45] Report saved to: D:\xampp\htdocs\almutlak\system/cron_logs/last_vacation_update_report.json
[2026-02-01 09:10:36] ========== CRON: Vacation Balance Update Started ==========
[2026-02-01 09:10:36] FORCE RUN enabled: Bypassing once-per-day restriction
[2026-02-01 09:10:36] Database connection established
[2026-02-01 09:10:36] Found 433 active employees with balance records to update
[2026-02-01 09:10:36] (Only employees with status=1 will be processed)
[2026-02-01 09:10:36]   [emp_id: 1061] ✓ Updated: 1.94 → 2.02 (VALUE CHANGED)
[2026-02-01 09:10:36]   [emp_id: 1496] ✓ Updated: 18.79 → 18.87 (VALUE CHANGED)
[2026-02-01 09:10:36]   [emp_id: 1500] ✓ Updated: 6.47 → 6.55 (VALUE CHANGED)
[2026-02-01 09:10:36]   [emp_id: 1574] ✓ Updated: 35.7 → 35.78 (VALUE CHANGED)
[2026-02-01 09:10:36]   [emp_id: 1673] ✓ Updated: 47.2 → 47.28 (VALUE CHANGED)
[2026-02-01 09:10:36]   [emp_id: 1685] ✓ Updated: 17.12 → 17.2 (VALUE CHANGED)
[2026-02-01 09:10:36]   [emp_id: 1764] ✓ Updated: 71.79 → 71.87 (VALUE CHANGED)
[2026-02-01 09:10:37]   [emp_id: 1805] ✓ Updated: 66.12 → 66.2 (VALUE CHANGED)
[2026-02-01 09:10:37]   [emp_id: 1822] ✓ Updated: 70.87 → 70.95 (VALUE CHANGED)
[2026-02-01 09:10:37]   [emp_id: 1837] ✓ Updated: 27.04 → 27.12 (VALUE CHANGED)
[2026-02-01 09:10:37]   [emp_id: 1857] ✓ Updated: 22.37 → 22.45 (VALUE CHANGED)
[2026-02-01 09:10:37]   [emp_id: 1861] ✓ Updated: 73.2 → 73.28 (VALUE CHANGED)
[2026-02-01 09:10:37]   [emp_id: 1872] ✓ Updated: 12.04 → 12.12 (VALUE CHANGED)
[2026-02-01 09:10:37]   [emp_id: 1897] ✓ Updated: 7.37 → 7.45 (VALUE CHANGED)
[2026-02-01 09:10:37]   [emp_id: 1916] ✓ Updated: 13.67 → 13.75 (VALUE CHANGED)
[2026-02-01 09:10:37]   [emp_id: 1928] ✓ Updated: 66.62 → 66.7 (VALUE CHANGED)
[2026-02-01 09:10:37]   [emp_id: 1931] ✓ Updated: 86.54 → 86.62 (VALUE CHANGED)
[2026-02-01 09:10:37]   [emp_id: 1944] ✓ Updated: 44.7 → 44.78 (VALUE CHANGED)
[2026-02-01 09:10:37]   [emp_id: 1996] ✓ Updated: 73.2 → 73.28 (VALUE CHANGED)
[2026-02-01 09:10:37]   [emp_id: 1997] ✓ Updated: 38.37 → 38.45 (VALUE CHANGED)
[2026-02-01 09:10:37]   [emp_id: 1998] ✓ Updated: 29.81 → 29.89 (VALUE CHANGED)
[2026-02-01 09:10:37]   [emp_id: 1999] ✓ Updated: 30.81 → 30.89 (VALUE CHANGED)
[2026-02-01 09:10:37]   [emp_id: 2009] ✓ Updated: 37.12 → 37.2 (VALUE CHANGED)
[2026-02-01 09:10:37]   [emp_id: 2048] ✓ Updated: 26.95 → 27.03 (VALUE CHANGED)
[2026-02-01 09:10:37]   [emp_id: 2057] ✓ Updated: 67.79 → 67.87 (VALUE CHANGED)
[2026-02-01 09:10:37]   [emp_id: 2079] ✓ Updated: 50.12 → 50.2 (VALUE CHANGED)
[2026-02-01 09:10:37]   [emp_id: 2181] ✓ Updated: 39.12 → 39.2 (VALUE CHANGED)
[2026-02-01 09:10:37]   [emp_id: 2190] ✓ Updated: 8.45 → 8.53 (VALUE CHANGED)
[2026-02-01 09:10:37]   [emp_id: 2212] ✓ Updated: 26.45 → 26.53 (VALUE CHANGED)
[2026-02-01 09:10:37]   [emp_id: 2226] ✓ Updated: 71.2 → 71.28 (VALUE CHANGED)
[2026-02-01 09:10:37]   [emp_id: 2238] ✓ Updated: 69.45 → 69.53 (VALUE CHANGED)
[2026-02-01 09:10:37]   [emp_id: 2285] ✓ Updated: 38.12 → 38.2 (VALUE CHANGED)
[2026-02-01 09:10:37]   [emp_id: 2287] ✓ Updated: 49.79 → 49.87 (VALUE CHANGED)
[2026-02-01 09:10:37]   [emp_id: 2288] ✓ Updated: 4.81 → 4.89 (VALUE CHANGED)
[2026-02-01 09:10:37]   [emp_id: 2316] ✓ Updated: 18.62 → 18.7 (VALUE CHANGED)
[2026-02-01 09:10:37]   [emp_id: 2337] ✓ Updated: 39.7 → 39.78 (VALUE CHANGED)
[2026-02-01 09:10:37]   [emp_id: 2352] ✓ Updated: 71.2 → 71.28 (VALUE CHANGED)
[2026-02-01 09:10:37]   [emp_id: 2358] ✓ Updated: 7.7 → 7.78 (VALUE CHANGED)
[2026-02-01 09:10:37]   [emp_id: 2361] ✓ Updated: 73.37 → 73.45 (VALUE CHANGED)
[2026-02-01 09:10:37]   [emp_id: 2363] ✓ Updated: 75.95 → 76.03 (VALUE CHANGED)
[2026-02-01 09:10:37]   [emp_id: 2364] ✓ Updated: 75.37 → 75.45 (VALUE CHANGED)
[2026-02-01 09:10:37]   [emp_id: 2367] ✓ Updated: 103.04 → 103.12 (VALUE CHANGED)
[2026-02-01 09:10:37]   [emp_id: 2368] ✓ Updated: 33.45 → 33.53 (VALUE CHANGED)
[2026-02-01 09:10:37]   [emp_id: 2372] ✓ Updated: 70.7 → 70.78 (VALUE CHANGED)
[2026-02-01 09:10:37]   [emp_id: 2376] ✓ Updated: 120.7 → 120.78 (VALUE CHANGED)
[2026-02-01 09:10:37]   [emp_id: 2423] ✓ Updated: 21.45 → 21.53 (VALUE CHANGED)
[2026-02-01 09:10:37]   [emp_id: 2519] ✓ Updated: 115.12 → 115.2 (VALUE CHANGED)
[2026-02-01 09:10:37]   [emp_id: 2522] ✓ Updated: 58.7 → 58.78 (VALUE CHANGED)
[2026-02-01 09:10:37]   [emp_id: 2530] ✓ Updated: 53.95 → 54.03 (VALUE CHANGED)
[2026-02-01 09:10:37]   [emp_id: 2539] ✓ Updated: 50.7 → 50.78 (VALUE CHANGED)
[2026-02-01 09:10:37]   [emp_id: 2541] ✓ Updated: 31.29 → 31.37 (VALUE CHANGED)
[2026-02-01 09:10:38]   [emp_id: 2550] ✓ Updated: 97.45 → 97.53 (VALUE CHANGED)
[2026-02-01 09:10:38]   [emp_id: 2553] ✓ Updated: 34.56 → 34.64 (VALUE CHANGED)
[2026-02-01 09:10:38]   [emp_id: 2554] ✓ Updated: 41.04 → 41.12 (VALUE CHANGED)
[2026-02-01 09:10:38]   [emp_id: 2565] ✓ Updated: 95.62 → 95.7 (VALUE CHANGED)
[2026-02-01 09:10:38]   [emp_id: 2572] ✓ Updated: 45.62 → 45.7 (VALUE CHANGED)
[2026-02-01 09:10:38]   [emp_id: 2637] ✓ Updated: 66.2 → 66.28 (VALUE CHANGED)
[2026-02-01 09:10:38]   [emp_id: 2642] ✓ Updated: 78.95 → 79.03 (VALUE CHANGED)
[2026-02-01 09:10:38]   [emp_id: 2645] ✓ Updated: 94.95 → 95.03 (VALUE CHANGED)
[2026-02-01 09:10:38]   [emp_id: 2648] ✓ Updated: 46.62 → 46.7 (VALUE CHANGED)
[2026-02-01 09:10:38]   [emp_id: 2654] ✓ Updated: 89.29 → 89.37 (VALUE CHANGED)
[2026-02-01 09:10:38]   [emp_id: 2688] ✓ Updated: 27.37 → 27.45 (VALUE CHANGED)
[2026-02-01 09:10:38]   [emp_id: 2690] ✓ Updated: 16.12 → 16.2 (VALUE CHANGED)
[2026-02-01 09:10:38]   [emp_id: 2709] ✓ Updated: 38.37 → 38.45 (VALUE CHANGED)
[2026-02-01 09:10:38]   [emp_id: 2745] ✓ Updated: 34.95 → 35.03 (VALUE CHANGED)
[2026-02-01 09:10:38]   [emp_id: 2843] ✓ Updated: 81.54 → 81.62 (VALUE CHANGED)
[2026-02-01 09:10:38]   [emp_id: 2854] ✓ Updated: 61.45 → 61.53 (VALUE CHANGED)
[2026-02-01 09:10:38]   [emp_id: 2869] ✓ Updated: 5.37 → 5.45 (VALUE CHANGED)
[2026-02-01 09:10:38]   [emp_id: 2876] ✓ Updated: 36.2 → 36.28 (VALUE CHANGED)
[2026-02-01 09:10:38]   [emp_id: 2924] ✓ Updated: 17.37 → 17.45 (VALUE CHANGED)
[2026-02-01 09:10:38]   [emp_id: 2953] ✓ Updated: 103.12 → 103.2 (VALUE CHANGED)
[2026-02-01 09:10:38]   [emp_id: 2961] ✓ Updated: 13.12 → 13.2 (VALUE CHANGED)
[2026-02-01 09:10:38]   [emp_id: 2975] ✓ Updated: 2.8 → 2.88 (VALUE CHANGED)
[2026-02-01 09:10:38]   [emp_id: 3013] ✓ Updated: 12.12 → 12.2 (VALUE CHANGED)
[2026-02-01 09:10:38]   [emp_id: 3014] ✓ Updated: 91.37 → 91.45 (VALUE CHANGED)
[2026-02-01 09:10:38]   [emp_id: 3015] ✓ Updated: 2.62 → 2.7 (VALUE CHANGED)
[2026-02-01 09:10:38]   [emp_id: 3018] ✓ Updated: 61.37 → 61.45 (VALUE CHANGED)
[2026-02-01 09:10:38]   [emp_id: 3025] ✓ Updated: 25.14 → 25.22 (VALUE CHANGED)
[2026-02-01 09:10:38]   [emp_id: 3037] ✓ Updated: 84.87 → 84.95 (VALUE CHANGED)
[2026-02-01 09:10:38]   [emp_id: 3047] ✓ Updated: 73.12 → 73.2 (VALUE CHANGED)
[2026-02-01 09:10:38]   [emp_id: 3061] ✓ Updated: 20.04 → 20.12 (VALUE CHANGED)
[2026-02-01 09:10:38]   [emp_id: 3062] ✓ Updated: 53.2 → 53.28 (VALUE CHANGED)
[2026-02-01 09:10:38]   [emp_id: 3074] ✓ Updated: 109.62 → 109.7 (VALUE CHANGED)
[2026-02-01 09:10:38]   [emp_id: 3089] ✓ Updated: 8.54 → 8.62 (VALUE CHANGED)
[2026-02-01 09:10:38]   [emp_id: 3090] ✓ Updated: 35.12 → 35.2 (VALUE CHANGED)
[2026-02-01 09:10:38]   [emp_id: 3091] ✓ Updated: 47.12 → 47.2 (VALUE CHANGED)
[2026-02-01 09:10:38]   [emp_id: 3092] ✓ Updated: 29.79 → 29.87 (VALUE CHANGED)
[2026-02-01 09:10:38]   [emp_id: 3105] ✓ Updated: 50.12 → 50.2 (VALUE CHANGED)
[2026-02-01 09:10:38]   [emp_id: 3134] ✓ Updated: 45.87 → 45.95 (VALUE CHANGED)
[2026-02-01 09:10:38]   [emp_id: 3140] ✓ Updated: 42.95 → 43.03 (VALUE CHANGED)
[2026-02-01 09:10:38]   [emp_id: 3144] ✓ Updated: 15.79 → 15.87 (VALUE CHANGED)
[2026-02-01 09:10:38]   [emp_id: 3156] ✓ Updated: 19.12 → 19.2 (VALUE CHANGED)
[2026-02-01 09:10:38]   [emp_id: 3162] ✓ Updated: 4.1 → 4.18 (VALUE CHANGED)
[2026-02-01 09:10:38]   [emp_id: 3163] ✓ Updated: 7.37 → 7.45 (VALUE CHANGED)
[2026-02-01 09:10:38]   [emp_id: 3198] ✓ Updated: 42.37 → 42.45 (VALUE CHANGED)
[2026-02-01 09:10:38]   [emp_id: 3205] ✓ Updated: 19.04 → 19.12 (VALUE CHANGED)
[2026-02-01 09:10:39]   [emp_id: 3209] ✓ Updated: 43.2 → 43.28 (VALUE CHANGED)
[2026-02-01 09:10:39]   [emp_id: 3223] ✓ Updated: 92.12 → 92.2 (VALUE CHANGED)
[2026-02-01 09:10:39]   [emp_id: 3224] ✓ Updated: 66.87 → 66.95 (VALUE CHANGED)
[2026-02-01 09:10:39]   [emp_id: 3230] ✓ Updated: 90.29 → 90.37 (VALUE CHANGED)
[2026-02-01 09:10:39]   [emp_id: 3231] ✓ Updated: 2.66 → 2.74 (VALUE CHANGED)
[2026-02-01 09:10:39]   [emp_id: 3233] ✓ Updated: 83.12 → 83.2 (VALUE CHANGED)
[2026-02-01 09:10:39]   [emp_id: 3249] ✓ Updated: 38.95 → 39.03 (VALUE CHANGED)
[2026-02-01 09:10:39]   [emp_id: 3250] ✓ Updated: 11.95 → 12.03 (VALUE CHANGED)
[2026-02-01 09:10:39]   [emp_id: 3252] ✓ Updated: 12.87 → 12.95 (VALUE CHANGED)
[2026-02-01 09:10:39]   [emp_id: 3254] ✓ Updated: 23.37 → 23.45 (VALUE CHANGED)
[2026-02-01 09:10:39]   [emp_id: 3255] ✓ Updated: 19.79 → 19.87 (VALUE CHANGED)
[2026-02-01 09:10:39]   [emp_id: 3256] ✓ Updated: 16.04 → 16.12 (VALUE CHANGED)
[2026-02-01 09:10:39]   [emp_id: 3263] ✓ Updated: 32.12 → 32.2 (VALUE CHANGED)
[2026-02-01 09:10:39]   [emp_id: 3265] ✓ Updated: 27.7 → 27.78 (VALUE CHANGED)
[2026-02-01 09:10:39]   [emp_id: 3280] ✓ Updated: 74.62 → 74.7 (VALUE CHANGED)
[2026-02-01 09:10:39]   [emp_id: 3286] ✓ Updated: 17.79 → 17.87 (VALUE CHANGED)
[2026-02-01 09:10:39]   [emp_id: 3294] ✓ Updated: 17.45 → 17.53 (VALUE CHANGED)
[2026-02-01 09:10:39]   [emp_id: 3321] ✓ Updated: 74.62 → 74.7 (VALUE CHANGED)
[2026-02-01 09:10:39]   [emp_id: 3325] ✓ Updated: 62.37 → 62.45 (VALUE CHANGED)
[2026-02-01 09:10:39]   [emp_id: 3329] ✓ Updated: 64.7 → 64.78 (VALUE CHANGED)
[2026-02-01 09:10:39]   [emp_id: 3330] ✓ Updated: 64.7 → 64.78 (VALUE CHANGED)
[2026-02-01 09:10:39]   [emp_id: 3332] ✓ Updated: 64.7 → 64.78 (VALUE CHANGED)
[2026-02-01 09:10:39]   [emp_id: 3370] ✓ Updated: 56.21 → 56.29 (VALUE CHANGED)
[2026-02-01 09:10:39]   [emp_id: 3384] ✓ Updated: 16.87 → 16.95 (VALUE CHANGED)
[2026-02-01 09:10:39]   [emp_id: 3386] ✓ Updated: 46.87 → 46.95 (VALUE CHANGED)
[2026-02-01 09:10:39]   [emp_id: 3431] ✓ Updated: 21.29 → 21.37 (VALUE CHANGED)
[2026-02-01 09:10:39]   [emp_id: 3497] ✓ Updated: 11.45 → 11.53 (VALUE CHANGED)
[2026-02-01 09:10:39]   [emp_id: 3532] ✓ Updated: 2.29 → 2.37 (VALUE CHANGED)
[2026-02-01 09:10:39]   [emp_id: 3602] ✓ Updated: 3.86 → 3.94 (VALUE CHANGED)
[2026-02-01 09:10:39]   [emp_id: 3618] ✓ Updated: 25.84 → 25.92 (VALUE CHANGED)
[2026-02-01 09:10:39]   [emp_id: 3622] ✓ Updated: 36.21 → 36.27 (VALUE CHANGED)
[2026-02-01 09:10:39]   [emp_id: 3627] ✓ Updated: 11.79 → 11.87 (VALUE CHANGED)
[2026-02-01 09:10:39]   [emp_id: 3665] ✓ Updated: 53.37 → 53.45 (VALUE CHANGED)
[2026-02-01 09:10:39]   [emp_id: 3705] ✓ Updated: 29.54 → 29.6 (VALUE CHANGED)
[2026-02-01 09:10:39]   [emp_id: 3724] ✓ Updated: 46.37 → 46.45 (VALUE CHANGED)
[2026-02-01 09:10:39]   [emp_id: 3726] ✓ Updated: 62.79 → 62.87 (VALUE CHANGED)
[2026-02-01 09:10:39]   [emp_id: 3727] ✓ Updated: 67.87 → 67.95 (VALUE CHANGED)
[2026-02-01 09:10:39]   [emp_id: 3728] ✓ Updated: 12.2 → 12.28 (VALUE CHANGED)
[2026-02-01 09:10:39]   [emp_id: 3767] ✓ Updated: 2.95 → 3.03 (VALUE CHANGED)
[2026-02-01 09:10:39]   [emp_id: 3768] ✓ Updated: 59.2 → 59.28 (VALUE CHANGED)
[2026-02-01 09:10:39]   [emp_id: 3787] ✓ Updated: 59.79 → 59.87 (VALUE CHANGED)
[2026-02-01 09:10:39]   [emp_id: 3790] ✓ Updated: 4.34 → 4.42 (VALUE CHANGED)
[2026-02-01 09:10:39]   [emp_id: 3795] ✓ Updated: 17.29 → 17.37 (VALUE CHANGED)
[2026-02-01 09:10:40]   [emp_id: 3798] ✓ Updated: 95.7 → 95.78 (VALUE CHANGED)
[2026-02-01 09:10:40]   [emp_id: 3801] ✓ Updated: 3.97 → 4.05 (VALUE CHANGED)
[2026-02-01 09:10:40]   [emp_id: 3802] ✓ Updated: 32.95 → 33.03 (VALUE CHANGED)
[2026-02-01 09:10:40]   [emp_id: 3803] ✓ Updated: 117.37 → 117.45 (VALUE CHANGED)
[2026-02-01 09:10:40]   [emp_id: 3810] ✓ Updated: 63.37 → 63.45 (VALUE CHANGED)
[2026-02-01 09:10:40]   [emp_id: 3812] ✓ Updated: 92.37 → 92.45 (VALUE CHANGED)
[2026-02-01 09:10:40]   [emp_id: 3815] ✓ Updated: 92.37 → 92.45 (VALUE CHANGED)
[2026-02-01 09:10:40]   [emp_id: 3836] ✓ Updated: 60.04 → 60.12 (VALUE CHANGED)
[2026-02-01 09:10:40]   [emp_id: 3855] ✓ Updated: 53.2 → 53.28 (VALUE CHANGED)
[2026-02-01 09:10:40]   [emp_id: 3857] ✓ Updated: 56.87 → 56.95 (VALUE CHANGED)
[2026-02-01 09:10:40]   [emp_id: 3862] ✓ Updated: 104.95 → 105.03 (VALUE CHANGED)
[2026-02-01 09:10:40]   [emp_id: 3866] ✓ Updated: 30.2 → 30.28 (VALUE CHANGED)
[2026-02-01 09:10:40]   [emp_id: 3876] ✓ Updated: 26.37 → 26.45 (VALUE CHANGED)
[2026-02-01 09:10:40]   [emp_id: 3877] ✓ Updated: 51.87 → 51.95 (VALUE CHANGED)
[2026-02-01 09:10:40]   [emp_id: 3897] ✓ Updated: 40.12 → 40.2 (VALUE CHANGED)
[2026-02-01 09:10:40]   [emp_id: 3899] ✓ Updated: 1.94 → 2.02 (VALUE CHANGED)
[2026-02-01 09:10:40]   [emp_id: 3928] ✓ Updated: 16.2 → 16.28 (VALUE CHANGED)
[2026-02-01 09:10:40]   [emp_id: 3929] ✓ Updated: 11.2 → 11.28 (VALUE CHANGED)
[2026-02-01 09:10:40]   [emp_id: 3935] ✓ Updated: 96.2 → 96.28 (VALUE CHANGED)
[2026-02-01 09:10:40]   [emp_id: 3952] ✓ Updated: 77.54 → 77.62 (VALUE CHANGED)
[2026-02-01 09:10:40]   [emp_id: 3987] ✓ Updated: 16.45 → 16.53 (VALUE CHANGED)
[2026-02-01 09:10:40]   [emp_id: 4059] ✓ Updated: 5.65 → 5.73 (VALUE CHANGED)
[2026-02-01 09:10:40]   [emp_id: 4119] ✓ Updated: 59.12 → 59.2 (VALUE CHANGED)
[2026-02-01 09:10:40]   [emp_id: 4120] ✓ Updated: 28.7 → 28.78 (VALUE CHANGED)
[2026-02-01 09:10:40]   [emp_id: 4124] ✓ Updated: 29.22 → 29.3 (VALUE CHANGED)
[2026-02-01 09:10:40]   [emp_id: 4133] ✓ Updated: 107.7 → 107.78 (VALUE CHANGED)
[2026-02-01 09:10:40]   [emp_id: 4134] ✓ Updated: 28.7 → 28.78 (VALUE CHANGED)
[2026-02-01 09:10:40]   [emp_id: 4136] ✓ Updated: 28.7 → 28.78 (VALUE CHANGED)
[2026-02-01 09:10:40]   [emp_id: 4150] ✓ Updated: 27.37 → 27.45 (VALUE CHANGED)
[2026-02-01 09:10:40]   [emp_id: 4157] ✓ Updated: 20.87 → 20.95 (VALUE CHANGED)
[2026-02-01 09:10:40]   [emp_id: 4172] ✓ Updated: 14.12 → 14.18 (VALUE CHANGED)
[2026-02-01 09:10:40]   [emp_id: 4195] ✓ Updated: 64.45 → 64.53 (VALUE CHANGED)
[2026-02-01 09:10:40]   [emp_id: 4215] ✓ Updated: 47.12 → 47.2 (VALUE CHANGED)
[2026-02-01 09:10:40]   [emp_id: 4220] ✓ Updated: 42.7 → 42.78 (VALUE CHANGED)
[2026-02-01 09:10:40]   [emp_id: 4273] ✓ Updated: 11.37 → 11.45 (VALUE CHANGED)
[2026-02-01 09:10:40]   [emp_id: 4283] ✓ Updated: 15.21 → 15.27 (VALUE CHANGED)
[2026-02-01 09:10:40]   [emp_id: 4288] ✓ Updated: 1.94 → 2.02 (VALUE CHANGED)
[2026-02-01 09:10:40]   [emp_id: 4315] ✓ Updated: 14.62 → 14.7 (VALUE CHANGED)
[2026-02-01 09:10:40]   [emp_id: 4328] ✓ Updated: 44.04 → 44.1 (VALUE CHANGED)
[2026-02-01 09:10:41]   [emp_id: 4329] ✓ Updated: 7.79 → 7.87 (VALUE CHANGED)
[2026-02-01 09:10:41]   [emp_id: 4338] ✓ Updated: 49.37 → 49.45 (VALUE CHANGED)
[2026-02-01 09:10:41]   [emp_id: 4340] ✓ Updated: 111.37 → 111.45 (VALUE CHANGED)
[2026-02-01 09:10:41]   [emp_id: 4365] ✓ Updated: 62.79 → 62.87 (VALUE CHANGED)
[2026-02-01 09:10:41]   [emp_id: 4366] ✓ Updated: 61.87 → 61.95 (VALUE CHANGED)
[2026-02-01 09:10:41]   [emp_id: 4403] ✓ Updated: 87.7 → 87.78 (VALUE CHANGED)
[2026-02-01 09:10:41]   [emp_id: 4438] ✓ Updated: 23.37 → 23.45 (VALUE CHANGED)
[2026-02-01 09:10:41]   [emp_id: 4465] ✓ Updated: 14.37 → 14.43 (VALUE CHANGED)
[2026-02-01 09:10:41]   [emp_id: 4473] ✓ Updated: 46.95 → 47.03 (VALUE CHANGED)
[2026-02-01 09:10:41]   [emp_id: 4474] ✓ Updated: 4.88 → 4.94 (VALUE CHANGED)
[2026-02-01 09:10:41]   [emp_id: 4493] ✓ Updated: 165.79 → 165.87 (VALUE CHANGED)
[2026-02-01 09:10:41]   [emp_id: 4526] ✓ Updated: 38.04 → 38.12 (VALUE CHANGED)
[2026-02-01 09:10:41]   [emp_id: 4528] ✓ Updated: 109.79 → 109.87 (VALUE CHANGED)
[2026-02-01 09:10:41]   [emp_id: 4528] ✓ Updated: 109.79 → 109.87 (VALUE CHANGED)
[2026-02-01 09:10:41]   [emp_id: 4532] ✓ Updated: 9.49 → 9.55 (VALUE CHANGED)
[2026-02-01 09:10:41]   [emp_id: 4533] ✓ Updated: 38.2 → 38.28 (VALUE CHANGED)
[2026-02-01 09:10:41]   [emp_id: 4565] ✓ Updated: 16.87 → 16.93 (VALUE CHANGED)
[2026-02-01 09:10:41]   [emp_id: 4567] ✓ Updated: 21.12 → 21.18 (VALUE CHANGED)
[2026-02-01 09:10:41]   [emp_id: 4572] ✓ Updated: 60.62 → 60.68 (VALUE CHANGED)
[2026-02-01 09:10:41]   [emp_id: 4631] ✓ Updated: 16.87 → 16.93 (VALUE CHANGED)
[2026-02-01 09:10:41]   [emp_id: 4655] ✓ Updated: 27.12 → 27.2 (VALUE CHANGED)
[2026-02-01 09:10:41]   [emp_id: 4709] ✓ Updated: 42.37 → 42.45 (VALUE CHANGED)
[2026-02-01 09:10:41]   [emp_id: 4717] ✓ Updated: 68.37 → 68.45 (VALUE CHANGED)
[2026-02-01 09:10:41]   [emp_id: 4736] ✓ Updated: 30.2 → 30.28 (VALUE CHANGED)
[2026-02-01 09:10:41]   [emp_id: 4756] ✓ Updated: 13.31 → 13.37 (VALUE CHANGED)
[2026-02-01 09:10:41]   [emp_id: 4768] ✓ Updated: 15.87 → 15.95 (VALUE CHANGED)
[2026-02-01 09:10:41]   [emp_id: 4780] ✓ Updated: 67.04 → 67.1 (VALUE CHANGED)
[2026-02-01 09:10:41]   [emp_id: 4820] ✓ Updated: 101.2 → 101.28 (VALUE CHANGED)
[2026-02-01 09:10:41]   [emp_id: 4824] ✓ Updated: 4.38 → 4.46 (VALUE CHANGED)
[2026-02-01 09:10:41]   [emp_id: 4825] ✓ Updated: 32.95 → 33.03 (VALUE CHANGED)
[2026-02-01 09:10:41]   [emp_id: 4837] ✓ Updated: 47.03 → 47.09 (VALUE CHANGED)
[2026-02-01 09:10:41]   [emp_id: 4840] ✓ Updated: 47.03 → 47.09 (VALUE CHANGED)
[2026-02-01 09:10:41]   [emp_id: 4842] ✓ Updated: 46.27 → 46.33 (VALUE CHANGED)
[2026-02-01 09:10:41]   [emp_id: 4843] ✓ Updated: 46.8 → 46.86 (VALUE CHANGED)
[2026-02-01 09:10:41]   [emp_id: 4853] ✓ Updated: 90.62 → 90.68 (VALUE CHANGED)
[2026-02-01 09:10:41]   [emp_id: 4856] ✓ Updated: 43.94 → 44 (VALUE CHANGED)
[2026-02-01 09:10:41]   [emp_id: 4857] ✓ Updated: 26.76 → 26.82 (VALUE CHANGED)
[2026-02-01 09:10:42]   [emp_id: 4858] ✓ Updated: 23.64 → 23.7 (VALUE CHANGED)
[2026-02-01 09:10:42]   [emp_id: 4859] ✓ Updated: 45.11 → 45.17 (VALUE CHANGED)
[2026-02-01 09:10:42]   [emp_id: 4860] ✓ Updated: 9.61 → 9.67 (VALUE CHANGED)
[2026-02-01 09:10:42]   [emp_id: 4861] ✓ Updated: 43.07 → 43.13 (VALUE CHANGED)
[2026-02-01 09:10:42]   [emp_id: 4869] ✓ Updated: 85.95 → 86.01 (VALUE CHANGED)
[2026-02-01 09:10:42]   [emp_id: 4894] ✓ Updated: 9.87 → 9.95 (VALUE CHANGED)
[2026-02-01 09:10:42]   [emp_id: 4897] ✓ Updated: 24.85 → 24.91 (VALUE CHANGED)
[2026-02-01 09:10:42]   [emp_id: 4899] ✓ Updated: 21.02 → 21.08 (VALUE CHANGED)
[2026-02-01 09:10:42]   [emp_id: 4902] ✓ Updated: 20.44 → 20.5 (VALUE CHANGED)
[2026-02-01 09:10:42]   [emp_id: 4903] ✓ Updated: 22.66 → 22.72 (VALUE CHANGED)
[2026-02-01 09:10:42]   [emp_id: 4905] ✓ Updated: 21.32 → 21.38 (VALUE CHANGED)
[2026-02-01 09:10:42]   [emp_id: 4907] ✓ Updated: 49.95 → 50.03 (VALUE CHANGED)
[2026-02-01 09:10:42]   [emp_id: 4917] ✓ Updated: 18.28 → 18.34 (VALUE CHANGED)
[2026-02-01 09:10:42]   [emp_id: 4918] ✓ Updated: 8.05 → 8.11 (VALUE CHANGED)
[2026-02-01 09:10:42]   [emp_id: 4919] ✓ Updated: 60.34 → 60.4 (VALUE CHANGED)
[2026-02-01 09:10:42]   [emp_id: 4920] ✓ Updated: 7.42 → 7.48 (VALUE CHANGED)
[2026-02-01 09:10:42]   [emp_id: 4921] ✓ Updated: 19.51 → 19.57 (VALUE CHANGED)
[2026-02-01 09:10:42]   [emp_id: 4927] ✓ Updated: 18.34 → 18.4 (VALUE CHANGED)
[2026-02-01 09:10:42]   [emp_id: 4929] ✓ Updated: 19.86 → 19.92 (VALUE CHANGED)
[2026-02-01 09:10:42]   [emp_id: 4930] ✓ Updated: 60.63 → 60.69 (VALUE CHANGED)
[2026-02-01 09:10:42]   [emp_id: 4932] ✓ Updated: 18.63 → 18.69 (VALUE CHANGED)
[2026-02-01 09:10:42]   [emp_id: 4933] ✓ Updated: 22.04 → 22.1 (VALUE CHANGED)
[2026-02-01 09:10:42]   [emp_id: 4949] ✓ Updated: 25.47 → 25.53 (VALUE CHANGED)
[2026-02-01 09:10:42]   [emp_id: 4956] ✓ Updated: 31.06 → 31.12 (VALUE CHANGED)
[2026-02-01 09:10:42]   [emp_id: 4957] ✓ Updated: 26.73 → 26.79 (VALUE CHANGED)
[2026-02-01 09:10:42]   [emp_id: 4962] ✓ Updated: 49.31 → 49.39 (VALUE CHANGED)
[2026-02-01 09:10:42]   [emp_id: 4969] ✓ Updated: 48.62 → 48.7 (VALUE CHANGED)
[2026-02-01 09:10:42]   [emp_id: 4976] ✓ Updated: 11.75 → 11.81 (VALUE CHANGED)
[2026-02-01 09:10:42]   [emp_id: 4984] ✓ Updated: 39.87 → 39.95 (VALUE CHANGED)
[2026-02-01 09:10:42]   [emp_id: 4995] ✓ Updated: 51.94 → 52.02 (VALUE CHANGED)
[2026-02-01 09:10:42]   [emp_id: 5004] ✓ Updated: 28.69 → 28.75 (VALUE CHANGED)
[2026-02-01 09:10:42]   [emp_id: 5006] ✓ Updated: 28.43 → 28.49 (VALUE CHANGED)
[2026-02-01 09:10:42]   [emp_id: 5011] ✓ Updated: 7.72 → 7.8 (VALUE CHANGED)
[2026-02-01 09:10:42]   [emp_id: 5013] ✓ Updated: 68.8 → 68.86 (VALUE CHANGED)
[2026-02-01 09:10:42]   [emp_id: 5018] ✓ Updated: 5.29 → 5.35 (VALUE CHANGED)
[2026-02-01 09:10:42]   [emp_id: 5021] ✓ Updated: 62.97 → 63.05 (VALUE CHANGED)
[2026-02-01 09:10:42]   [emp_id: 5024] ✓ Updated: 3.31 → 3.37 (VALUE CHANGED)
[2026-02-01 09:10:43]   [emp_id: 5030] ✓ Updated: 33.26 → 33.32 (VALUE CHANGED)
[2026-02-01 09:10:43]   [emp_id: 5033] ✓ Updated: 12.06 → 12.12 (VALUE CHANGED)
[2026-02-01 09:10:43]   [emp_id: 5043] ✓ Updated: 32.54 → 32.62 (VALUE CHANGED)
[2026-02-01 09:10:43]   [emp_id: 5045] ✓ Updated: 29.04 → 29.12 (VALUE CHANGED)
[2026-02-01 09:10:43]   [emp_id: 5046] ✓ Updated: 24.23 → 24.31 (VALUE CHANGED)
[2026-02-01 09:10:43]   [emp_id: 5049] ✓ Updated: 0.74 → 0.8 (VALUE CHANGED)
[2026-02-01 09:10:43]   [emp_id: 5052] ✓ Updated: 32.02 → 32.08 (VALUE CHANGED)
[2026-02-01 09:10:43]   [emp_id: 5055] ✓ Updated: 20.46 → 20.52 (VALUE CHANGED)
[2026-02-01 09:10:43]   [emp_id: 5058] ✓ Updated: 29.44 → 29.5 (VALUE CHANGED)
[2026-02-01 09:10:43]   [emp_id: 5062] ✓ Updated: 41.27 → 41.33 (VALUE CHANGED)
[2026-02-01 09:10:43]   [emp_id: 5064] ✓ Updated: 119.87 → 119.95 (VALUE CHANGED)
[2026-02-01 09:10:43]   [emp_id: 5065] ✓ Updated: 40.68 → 40.74 (VALUE CHANGED)
[2026-02-01 09:10:43]   [emp_id: 5071] ✓ Updated: 25.37 → 25.45 (VALUE CHANGED)
[2026-02-01 09:10:43]   [emp_id: 5073] ✓ Updated: 15.28 → 15.34 (VALUE CHANGED)
[2026-02-01 09:10:43]   [emp_id: 5079] ✓ Updated: 35.84 → 35.9 (VALUE CHANGED)
[2026-02-01 09:10:43]   [emp_id: 5080] ✓ Updated: 29.17 → 29.23 (VALUE CHANGED)
[2026-02-01 09:10:43]   [emp_id: 5081] ✓ Updated: 17.43 → 17.49 (VALUE CHANGED)
[2026-02-01 09:10:43]   [emp_id: 5087] ✓ Updated: 37.47 → 37.53 (VALUE CHANGED)
[2026-02-01 09:10:43]   [emp_id: 5091] ✓ Updated: 77.32 → 77.38 (VALUE CHANGED)
[2026-02-01 09:10:43]   [emp_id: 5093] ✓ Updated: 16.54 → 16.62 (VALUE CHANGED)
[2026-02-01 09:10:43]   [emp_id: 5095] ✓ Updated: 2.86 → 2.92 (VALUE CHANGED)
[2026-02-01 09:10:43]   [emp_id: 5101] ✓ Updated: 18.62 → 18.7 (VALUE CHANGED)
[2026-02-01 09:10:43]   [emp_id: 5107] ✓ Updated: 16.95 → 17.03 (VALUE CHANGED)
[2026-02-01 09:10:43]   [emp_id: 5109] ✓ Updated: 14.2 → 14.28 (VALUE CHANGED)
[2026-02-01 09:10:43]   [emp_id: 5119] ✓ Updated: 12.37 → 12.45 (VALUE CHANGED)
[2026-02-01 09:10:43]   [emp_id: 5122] ✓ Updated: 9.54 → 9.62 (VALUE CHANGED)
[2026-02-01 09:10:43]   [emp_id: 5126] ✓ Updated: 28.2 → 28.26 (VALUE CHANGED)
[2026-02-01 09:10:43]   [emp_id: 5127] ✓ Updated: 6.99 → 7.05 (VALUE CHANGED)
[2026-02-01 09:10:43]   [emp_id: 5128] ✓ Updated: 28.14 → 28.2 (VALUE CHANGED)
[2026-02-01 09:10:43]   [emp_id: 5138] ✓ Updated: 52.2 → 52.28 (VALUE CHANGED)
[2026-02-01 09:10:43]   [emp_id: 5138] ✓ Updated: 52.2 → 52.28 (VALUE CHANGED)
[2026-02-01 09:10:43]   [emp_id: 5141] ✓ Updated: 36.51 → 36.57 (VALUE CHANGED)
[2026-02-01 09:10:43]   [emp_id: 5142] ✓ Updated: 15.51 → 15.57 (VALUE CHANGED)
[2026-02-01 09:10:43]   [emp_id: 5146] ✓ Updated: 22.51 → 22.57 (VALUE CHANGED)
[2026-02-01 09:10:43]   [emp_id: 5147] ✓ Updated: 21.51 → 21.57 (VALUE CHANGED)
[2026-02-01 09:10:43]   [emp_id: 5148] ✓ Updated: 26.86 → 26.92 (VALUE CHANGED)
[2026-02-01 09:10:43]   [emp_id: 5149] ✓ Updated: 25.75 → 25.81 (VALUE CHANGED)
[2026-02-01 09:10:44]   [emp_id: 5150] ✓ Updated: 25.11 → 25.17 (VALUE CHANGED)
[2026-02-01 09:10:44]   [emp_id: 5151] ✓ Updated: 24.93 → 24.99 (VALUE CHANGED)
[2026-02-01 09:10:44]   [emp_id: 5152] ✓ Updated: 5.35 → 5.41 (VALUE CHANGED)
[2026-02-01 09:10:44]   [emp_id: 5157] ✓ Updated: 24.93 → 24.99 (VALUE CHANGED)
[2026-02-01 09:10:44]   [emp_id: 5160] ✓ Updated: 24.93 → 24.99 (VALUE CHANGED)
[2026-02-01 09:10:44]   [emp_id: 5163] ✓ Updated: 22.72 → 22.78 (VALUE CHANGED)
[2026-02-01 09:10:44]   [emp_id: 5165] ✓ Updated: 3.64 → 3.72 (VALUE CHANGED)
[2026-02-01 09:10:44]   [emp_id: 5167] ✓ Updated: 31.87 → 31.93 (VALUE CHANGED)
[2026-02-01 09:10:44]   [emp_id: 5168] ✓ Updated: 24.41 → 24.47 (VALUE CHANGED)
[2026-02-01 09:10:44]   [emp_id: 5173] ✓ Updated: 27.29 → 27.37 (VALUE CHANGED)
[2026-02-01 09:10:44]   [emp_id: 5174] ✓ Updated: 24.87 → 24.93 (VALUE CHANGED)
[2026-02-01 09:10:44]   [emp_id: 5181] ✓ Updated: 21.26 → 21.32 (VALUE CHANGED)
[2026-02-01 09:10:44]   [emp_id: 5186] ✓ Updated: 26.79 → 26.85 (VALUE CHANGED)
[2026-02-01 09:10:44]   [emp_id: 5187] ✓ Updated: 37.79 → 37.85 (VALUE CHANGED)
[2026-02-01 09:10:44]   [emp_id: 5204] ✓ Updated: 24.79 → 24.87 (VALUE CHANGED)
[2026-02-01 09:10:44]   [emp_id: 5205] ✓ Updated: 14 → 14.06 (VALUE CHANGED)
[2026-02-01 09:10:44]   [emp_id: 5209] ✓ Updated: 17 → 17.06 (VALUE CHANGED)
[2026-02-01 09:10:44]   [emp_id: 5213] ✓ Updated: 4.41 → 4.47 (VALUE CHANGED)
[2026-02-01 09:10:44]   [emp_id: 5214] ✓ Updated: 3.25 → 3.31 (VALUE CHANGED)
[2026-02-01 09:10:44]   [emp_id: 5215] ✓ Updated: 12 → 12.06 (VALUE CHANGED)
[2026-02-01 09:10:44]   [emp_id: 5217] ✓ Updated: 11 → 11.06 (VALUE CHANGED)
[2026-02-01 09:10:44]   [emp_id: 5219] ✓ Updated: 15 → 15.06 (VALUE CHANGED)
[2026-02-01 09:10:44]   [emp_id: 5221] ✓ Updated: 4.31 → 4.37 (VALUE CHANGED)
[2026-02-01 09:10:44]   [emp_id: 5224] ✓ Updated: 16 → 16.06 (VALUE CHANGED)
[2026-02-01 09:10:44]   [emp_id: 5225] ✓ Updated: 8.31 → 8.37 (VALUE CHANGED)
[2026-02-01 09:10:44]   [emp_id: 5228] ✓ Updated: 11 → 11.06 (VALUE CHANGED)
[2026-02-01 09:10:44]   [emp_id: 5229] ✓ Updated: 7 → 7.06 (VALUE CHANGED)
[2026-02-01 09:10:44]   [emp_id: 5230] ✓ Updated: 11.67 → 11.73 (VALUE CHANGED)
[2026-02-01 09:10:44]   [emp_id: 5231] ✓ Updated: 8 → 8.06 (VALUE CHANGED)
[2026-02-01 09:10:44]   [emp_id: 5232] ✓ Updated: 2 → 2.06 (VALUE CHANGED)
[2026-02-01 09:10:44]   [emp_id: 5233] ✓ Updated: 6 → 6.06 (VALUE CHANGED)
[2026-02-01 09:10:44]   [emp_id: 5234] ✓ Updated: 6 → 6.06 (VALUE CHANGED)
[2026-02-01 09:10:44]   [emp_id: 5235] ✓ Updated: 1.44 → 1.5 (VALUE CHANGED)
[2026-02-01 09:10:44]   [emp_id: 5237] ✓ Updated: 12.25 → 12.31 (VALUE CHANGED)
[2026-02-01 09:10:44]   [emp_id: 5239] ✓ Updated: 9 → 9.06 (VALUE CHANGED)
[2026-02-01 09:10:44]   [emp_id: 5241] ✓ Updated: 7 → 7.06 (VALUE CHANGED)
[2026-02-01 09:10:45]   [emp_id: 5242] ✓ Updated: 17 → 17.06 (VALUE CHANGED)
[2026-02-01 09:10:45]   [emp_id: 5243] ✓ Updated: 3.41 → 3.47 (VALUE CHANGED)
[2026-02-01 09:10:45]   [emp_id: 5244] ✓ Updated: 1.44 → 1.5 (VALUE CHANGED)
[2026-02-01 09:10:45]   [emp_id: 5246] ✓ Updated: 13 → 13.06 (VALUE CHANGED)
[2026-02-01 09:10:45]   [emp_id: 5253] ✓ Updated: 25.87 → 25.93 (VALUE CHANGED)
[2026-02-01 09:10:45]   [emp_id: 5254] ✓ Updated: 13.85 → 13.91 (VALUE CHANGED)
[2026-02-01 09:10:45]   [emp_id: 5257] ✓ Updated: 13.56 → 13.62 (VALUE CHANGED)
[2026-02-01 09:10:45]   [emp_id: 5259] ✓ Updated: 50.09 → 50.15 (VALUE CHANGED)
[2026-02-01 09:10:45]   [emp_id: 5261] ✓ Updated: 18.39 → 18.47 (VALUE CHANGED)
[2026-02-01 09:10:45]   [emp_id: 5264] ✓ Updated: 15.57 → 15.63 (VALUE CHANGED)
[2026-02-01 09:10:45]   [emp_id: 5266] ✓ Updated: 22.19 → 22.25 (VALUE CHANGED)
[2026-02-01 09:10:45]   [emp_id: 5268] ✓ Updated: 10.76 → 10.82 (VALUE CHANGED)
[2026-02-01 09:10:45]   [emp_id: 5271] ✓ Updated: 9.42 → 9.48 (VALUE CHANGED)
[2026-02-01 09:10:45]   [emp_id: 5272] ✓ Updated: 10.29 → 10.35 (VALUE CHANGED)
[2026-02-01 09:10:45]   [emp_id: 5273] ✓ Updated: 25.36 → 25.42 (VALUE CHANGED)
[2026-02-01 09:10:45]   [emp_id: 5275] ✓ Updated: 11.11 → 11.17 (VALUE CHANGED)
[2026-02-01 09:10:45]   [emp_id: 5276] ✓ Updated: 25.38 → 25.44 (VALUE CHANGED)
[2026-02-01 09:10:45]   [emp_id: 5278] ✓ Updated: 9.77 → 9.83 (VALUE CHANGED)
[2026-02-01 09:10:45]   [emp_id: 5280] ✓ Updated: 20.17 → 20.23 (VALUE CHANGED)
[2026-02-01 09:10:45]   [emp_id: 5282] ✓ Updated: 13.87 → 13.95 (VALUE CHANGED)
[2026-02-01 09:10:45]   [emp_id: 5285] ✓ Updated: 30.17 → 30.23 (VALUE CHANGED)
[2026-02-01 09:10:45]   [emp_id: 5286] ✓ Updated: 17.17 → 17.23 (VALUE CHANGED)
[2026-02-01 09:10:45]   [emp_id: 5287] ✓ Updated: 51.47 → 51.53 (VALUE CHANGED)
[2026-02-01 09:10:45]   [emp_id: 5288] ✓ Updated: 8.74 → 8.8 (VALUE CHANGED)
[2026-02-01 09:10:45]   [emp_id: 5289] ✓ Updated: 50.02 → 50.08 (VALUE CHANGED)
[2026-02-01 09:10:45]   [emp_id: 5290] ✓ Updated: 48.79 → 48.85 (VALUE CHANGED)
[2026-02-01 09:10:45]   [emp_id: 5291] ✓ Updated: 6.79 → 6.85 (VALUE CHANGED)
[2026-02-01 09:10:45]   [emp_id: 5292] ✓ Updated: 6.73 → 6.79 (VALUE CHANGED)
[2026-02-01 09:10:45]   [emp_id: 5293] ✓ Updated: 10.13 → 10.21 (VALUE CHANGED)
[2026-02-01 09:10:45]   [emp_id: 5294] ✓ Updated: 9.79 → 9.87 (VALUE CHANGED)
[2026-02-01 09:10:45]   [emp_id: 5295] ✓ Updated: 22.97 → 23.03 (VALUE CHANGED)
[2026-02-01 09:10:45]   [emp_id: 5296] ✓ Updated: 36.81 → 36.89 (VALUE CHANGED)
[2026-02-01 09:10:45]   [emp_id: 5297] ✓ Updated: 47.39 → 47.45 (VALUE CHANGED)
[2026-02-01 09:10:45]   [emp_id: 5298] ✓ Updated: 47.39 → 47.45 (VALUE CHANGED)
[2026-02-01 09:10:45]   [emp_id: 5299] ✓ Updated: 47.39 → 47.45 (VALUE CHANGED)
[2026-02-01 09:10:45]   [emp_id: 5300] ✓ Updated: 47.39 → 47.45 (VALUE CHANGED)
[2026-02-01 09:10:45]   [emp_id: 5301] ✓ Updated: 5.21 → 5.27 (VALUE CHANGED)
[2026-02-01 09:10:46]   [emp_id: 5303] ✓ Updated: 5.64 → 5.7 (VALUE CHANGED)
[2026-02-01 09:10:46]   [emp_id: 5304] ✓ Updated: 2.39 → 2.45 (VALUE CHANGED)
[2026-02-01 09:10:46]   [emp_id: 5305] ✓ Updated: 5.39 → 5.45 (VALUE CHANGED)
[2026-02-01 09:10:46]   [emp_id: 5306] ✓ Updated: 47.1 → 47.16 (VALUE CHANGED)
[2026-02-01 09:10:46]   [emp_id: 5307] ✓ Updated: 47.1 → 47.16 (VALUE CHANGED)
[2026-02-01 09:10:46]   [emp_id: 5312] ✓ Updated: 1.44 → 1.5 (VALUE CHANGED)
[2026-02-01 09:10:46]   [emp_id: 5318] ✓ Updated: 27.81 → 27.87 (VALUE CHANGED)
[2026-02-01 09:10:46]   [emp_id: 5325] ✓ Updated: 1.77 → 1.83 (VALUE CHANGED)
[2026-02-01 09:10:46]   [emp_id: 5327] ✓ Updated: 2.86 → 2.92 (VALUE CHANGED)
[2026-02-01 09:10:46]   [emp_id: 5337] ✓ Updated: 37.7 → 37.78 (VALUE CHANGED)
[2026-02-01 09:10:46]   [emp_id: 5339] ✓ Updated: 11.96 → 12.02 (VALUE CHANGED)
[2026-02-01 09:10:46]   [emp_id: 5343] ✓ Updated: 47.62 → 47.7 (VALUE CHANGED)
[2026-02-01 09:10:46]   [emp_id: 5343] ✓ Updated: 47.62 → 47.7 (VALUE CHANGED)
[2026-02-01 09:10:46]   [emp_id: 5345] ✓ Updated: 17.45 → 17.53 (VALUE CHANGED)
[2026-02-01 09:10:46]   [emp_id: 5346] ✓ Updated: 3.68 → 3.74 (VALUE CHANGED)
[2026-02-01 09:10:46]   [emp_id: 5351] ✓ Updated: 18.62 → 18.68 (VALUE CHANGED)
[2026-02-01 09:10:46]   [emp_id: 5352] ✓ Updated: 27.87 → 27.95 (VALUE CHANGED)
[2026-02-01 09:10:46]   [emp_id: 5370] ✓ Updated: 17.27 → 17.33 (VALUE CHANGED)
[2026-02-01 09:10:46]   [emp_id: 5371] ✓ Updated: 9.62 → 9.7 (VALUE CHANGED)
[2026-02-01 09:10:46]   [emp_id: 5376] ✓ Updated: 11.87 → 11.93 (VALUE CHANGED)
[2026-02-01 09:10:46]   [emp_id: 5378] ✓ Updated: 19.7 → 19.78 (VALUE CHANGED)
[2026-02-01 09:10:46]   [emp_id: 5380] ✓ Updated: 18.28 → 18.34 (VALUE CHANGED)
[2026-02-01 09:10:46]   [emp_id: 5381] ✓ Updated: 14.14 → 14.22 (VALUE CHANGED)
[2026-02-01 09:10:46]   [emp_id: 5383] ✓ Updated: 17.45 → 17.53 (VALUE CHANGED)
[2026-02-01 09:10:46]   [emp_id: 5388] ✓ Updated: 29.06 → 29.12 (VALUE CHANGED)
[2026-02-01 09:10:46]   [emp_id: 5396] ✓ Updated: 30.3 → 30.36 (VALUE CHANGED)
[2026-02-01 09:10:46]   [emp_id: 5397] ✓ Updated: 21.76 → 21.82 (VALUE CHANGED)
[2026-02-01 09:10:46]   [emp_id: 5401] ✓ Updated: 24.87 → 24.93 (VALUE CHANGED)
[2026-02-01 09:10:46]   [emp_id: 5402] ✓ Updated: 24.99 → 25.05 (VALUE CHANGED)
[2026-02-01 09:10:46]   [emp_id: 5406] ✓ Updated: 18.71 → 18.77 (VALUE CHANGED)
[2026-02-01 09:10:46]   [emp_id: 5407] ✓ Updated: 18.22 → 18.3 (VALUE CHANGED)
[2026-02-01 09:10:46]   [emp_id: 5409] ✓ Updated: 18.05 → 18.11 (VALUE CHANGED)
[2026-02-01 09:10:46]   [emp_id: 5413] ✓ Updated: 30.62 → 30.7 (VALUE CHANGED)
[2026-02-01 09:10:46]   [emp_id: 5414] ✓ Updated: 30.29 → 30.37 (VALUE CHANGED)
[2026-02-01 09:10:46]   [emp_id: 5415] ✓ Updated: 6.22 → 6.3 (VALUE CHANGED)
[2026-02-01 09:10:46]   [emp_id: 5418] ✓ Updated: 17.11 → 17.17 (VALUE CHANGED)
[2026-02-01 09:10:46]   [emp_id: 5422] ✓ Updated: 22.95 → 23.03 (VALUE CHANGED)
[2026-02-01 09:10:46]   [emp_id: 5423] ✓ Updated: 7.64 → 7.72 (VALUE CHANGED)
[2026-02-01 09:10:46]   [emp_id: 5425] ✓ Updated: 15.66 → 15.72 (VALUE CHANGED)
[2026-02-01 09:10:46]   [emp_id: 5426] ✓ Updated: 4.19 → 4.27 (VALUE CHANGED)
[2026-02-01 09:10:46]   [emp_id: 5426] ✓ Updated: 4.19 → 4.27 (VALUE CHANGED)
[2026-02-01 09:10:46]   [emp_id: 5427] ✓ Updated: 15.77 → 15.83 (VALUE CHANGED)
[2026-02-01 09:10:46]   [emp_id: 5428] ✓ Updated: 15.66 → 15.72 (VALUE CHANGED)
[2026-02-01 09:10:46]   [emp_id: 5430] ✓ Updated: 20.01 → 20.09 (VALUE CHANGED)
[2026-02-01 09:10:47]   [emp_id: 5431] ✓ Updated: 14.78 → 14.84 (VALUE CHANGED)
[2026-02-01 09:10:47]   [emp_id: 5433] ✓ Updated: 14.8 → 14.86 (VALUE CHANGED)
[2026-02-01 09:10:47]   [emp_id: 5434] ✓ Updated: 14.55 → 14.61 (VALUE CHANGED)
[2026-02-01 09:10:47]   [emp_id: 5435] ✓ Updated: 14.49 → 14.55 (VALUE CHANGED)
[2026-02-01 09:10:47]   [emp_id: 5436] ✓ Updated: 14.49 → 14.55 (VALUE CHANGED)
[2026-02-01 09:10:47]   [emp_id: 5438] ✓ Updated: 17.87 → 17.95 (VALUE CHANGED)
[2026-02-01 09:10:47]   [emp_id: 5439] ✓ Updated: 27.37 → 27.45 (VALUE CHANGED)
[2026-02-01 09:10:47]   [emp_id: 5442] ✓ Updated: 16.37 → 16.45 (VALUE CHANGED)
[2026-02-01 09:10:47]   [emp_id: 5445] ✓ Updated: 8.95 → 9.01 (VALUE CHANGED)
[2026-02-01 09:10:47]   [emp_id: 5446] ✓ Updated: 8.95 → 9.01 (VALUE CHANGED)
[2026-02-01 09:10:47]   [emp_id: 5447] ✓ Updated: 8.89 → 8.95 (VALUE CHANGED)
[2026-02-01 09:10:47]   [emp_id: 5448] ✓ Updated: 3.39 → 3.47 (VALUE CHANGED)
[2026-02-01 09:10:47]   [emp_id: 5449] ✓ Updated: 6.97 → 7.03 (VALUE CHANGED)
[2026-02-01 09:10:47]   [emp_id: 5450] ✓ Updated: 6.91 → 6.97 (VALUE CHANGED)
[2026-02-01 09:10:47]   [emp_id: 5451] ✓ Updated: 6.91 → 6.97 (VALUE CHANGED)
[2026-02-01 09:10:47]   [emp_id: 5453] ✓ Updated: 6.75 → 6.81 (VALUE CHANGED)
[2026-02-01 09:10:47]   [emp_id: 5454] ✓ Updated: 9.45 → 9.53 (VALUE CHANGED)
[2026-02-01 09:10:47]   [emp_id: 5455] ✓ Updated: 3.7 → 3.78 (VALUE CHANGED)
[2026-02-01 09:10:47]   [emp_id: 5456] ✓ Updated: 8.7 → 8.78 (VALUE CHANGED)
[2026-02-01 09:10:47]   [emp_id: 5457] ✓ Updated: 6 → 6.06 (VALUE CHANGED)
[2026-02-01 09:10:47]   [emp_id: 5460] ✓ Updated: 7.35 → 7.43 (VALUE CHANGED)
[2026-02-01 09:10:47]   [emp_id: 5463] ✓ Updated: 6.68 → 6.76 (VALUE CHANGED)
[2026-02-01 09:10:47]   [emp_id: 5464] ✓ Updated: 6.68 → 6.76 (VALUE CHANGED)
[2026-02-01 09:10:47]   [emp_id: 5466] ✓ Updated: 4.43 → 4.51 (VALUE CHANGED)
[2026-02-01 09:10:47]   [emp_id: 5467] ✓ Updated: 3.35 → 3.43 (VALUE CHANGED)
[2026-02-01 09:10:47]   [emp_id: 5468] ✓ Updated: 2.3 → 2.38 (VALUE CHANGED)
[2026-02-01 09:10:47]   [emp_id: 5469] ✓ Updated: 2.21 → 2.29 (VALUE CHANGED)
[2026-02-01 09:10:47] Report saved to: D:\xampp\htdocs\almutlak\system/cron_logs/last_vacation_update_report.json
[2026-02-01 09:47:29] ========== CRON: Vacation Balance Update Started ==========
[2026-02-01 09:47:29] Force level: 0 (0=normal, 1=check missing, 2=full bypass)
[2026-02-01 09:47:38] ========== CRON: Vacation Balance Update Started ==========
[2026-02-01 09:47:38] Force level: 1 (0=normal, 1=check missing, 2=full bypass)
[2026-02-01 09:47:39] FORCE LEVEL 1: Checking for missing records and refreshing values (NOT updating last_updated)
[2026-02-01 09:47:39] FORCE LEVEL 1: Checking for missing records only
[2026-02-01 09:47:39] Database connection established
[2026-02-01 09:47:39] Found 433 active employees with balance records to update
[2026-02-01 09:47:39] (Only employees with status=1 will be processed)
[2026-02-01 09:47:39]   [emp_id: 1061] ✓ Updated: 2.02 → 2.1 (VALUE CHANGED)
[2026-02-01 09:47:39]   [emp_id: 1496] ✓ Updated: 18.87 → 18.95 (VALUE CHANGED)
[2026-02-01 09:47:39]   [emp_id: 1500] ✓ Updated: 6.55 → 6.63 (VALUE CHANGED)
[2026-02-01 09:47:39]   [emp_id: 1574] ✓ Updated: 35.78 → 35.86 (VALUE CHANGED)
[2026-02-01 09:47:39]   [emp_id: 1673] ✓ Updated: 47.28 → 47.36 (VALUE CHANGED)
[2026-02-01 09:47:39]   [emp_id: 1685] ✓ Updated: 17.2 → 17.28 (VALUE CHANGED)
[2026-02-01 09:47:39]   [emp_id: 1764] ✓ Updated: 71.87 → 71.95 (VALUE CHANGED)
[2026-02-01 09:47:39]   [emp_id: 1805] ✓ Updated: 66.2 → 66.28 (VALUE CHANGED)
[2026-02-01 09:47:39]   [emp_id: 1822] ✓ Updated: 70.95 → 71.03 (VALUE CHANGED)
[2026-02-01 09:47:39]   [emp_id: 1837] ✓ Updated: 27.12 → 27.2 (VALUE CHANGED)
[2026-02-01 09:47:39]   [emp_id: 1857] ✓ Updated: 22.45 → 22.53 (VALUE CHANGED)
[2026-02-01 09:47:39]   [emp_id: 1861] ✓ Updated: 73.28 → 73.36 (VALUE CHANGED)
[2026-02-01 09:47:39]   [emp_id: 1872] ✓ Updated: 12.12 → 12.2 (VALUE CHANGED)
[2026-02-01 09:47:39]   [emp_id: 1897] ✓ Updated: 7.45 → 7.53 (VALUE CHANGED)
[2026-02-01 09:47:39]   [emp_id: 1916] ✓ Updated: 13.75 → 13.83 (VALUE CHANGED)
[2026-02-01 09:47:39]   [emp_id: 1928] ✓ Updated: 66.7 → 66.78 (VALUE CHANGED)
[2026-02-01 09:47:39]   [emp_id: 1931] ✓ Updated: 86.62 → 86.7 (VALUE CHANGED)
[2026-02-01 09:47:39]   [emp_id: 1944] ✓ Updated: 44.78 → 44.86 (VALUE CHANGED)
[2026-02-01 09:47:39]   [emp_id: 1996] ✓ Updated: 73.28 → 73.36 (VALUE CHANGED)
[2026-02-01 09:47:39]   [emp_id: 1997] ✓ Updated: 38.45 → 38.53 (VALUE CHANGED)
[2026-02-01 09:47:39]   [emp_id: 1998] ✓ Updated: 29.89 → 29.97 (VALUE CHANGED)
[2026-02-01 09:47:39]   [emp_id: 1999] ✓ Updated: 30.89 → 30.97 (VALUE CHANGED)
[2026-02-01 09:47:39]   [emp_id: 2009] ✓ Updated: 37.2 → 37.28 (VALUE CHANGED)
[2026-02-01 09:47:39]   [emp_id: 2048] ✓ Updated: 27.03 → 27.11 (VALUE CHANGED)
[2026-02-01 09:47:39]   [emp_id: 2057] ✓ Updated: 67.87 → 67.95 (VALUE CHANGED)
[2026-02-01 09:47:39]   [emp_id: 2079] ✓ Updated: 50.2 → 50.28 (VALUE CHANGED)
[2026-02-01 09:47:39]   [emp_id: 2181] ✓ Updated: 39.2 → 39.28 (VALUE CHANGED)
[2026-02-01 09:47:39]   [emp_id: 2190] ✓ Updated: 8.53 → 8.61 (VALUE CHANGED)
[2026-02-01 09:47:39]   [emp_id: 2212] ✓ Updated: 26.53 → 26.61 (VALUE CHANGED)
[2026-02-01 09:47:39]   [emp_id: 2226] ✓ Updated: 71.28 → 71.36 (VALUE CHANGED)
[2026-02-01 09:47:39]   [emp_id: 2238] ✓ Updated: 69.53 → 69.61 (VALUE CHANGED)
[2026-02-01 09:47:39]   [emp_id: 2285] ✓ Updated: 38.2 → 38.28 (VALUE CHANGED)
[2026-02-01 09:47:39]   [emp_id: 2287] ✓ Updated: 49.87 → 49.95 (VALUE CHANGED)
[2026-02-01 09:47:39]   [emp_id: 2288] ✓ Updated: 4.89 → 4.97 (VALUE CHANGED)
[2026-02-01 09:47:39]   [emp_id: 2316] ✓ Updated: 18.7 → 18.78 (VALUE CHANGED)
[2026-02-01 09:47:39]   [emp_id: 2337] ✓ Updated: 39.78 → 39.86 (VALUE CHANGED)
[2026-02-01 09:47:39]   [emp_id: 2352] ✓ Updated: 71.28 → 71.36 (VALUE CHANGED)
[2026-02-01 09:47:39]   [emp_id: 2358] ✓ Updated: 7.78 → 7.86 (VALUE CHANGED)
[2026-02-01 09:47:39]   [emp_id: 2361] ✓ Updated: 73.45 → 73.53 (VALUE CHANGED)
[2026-02-01 09:47:39]   [emp_id: 2363] ✓ Updated: 76.03 → 76.11 (VALUE CHANGED)
[2026-02-01 09:47:39]   [emp_id: 2364] ✓ Updated: 75.45 → 75.53 (VALUE CHANGED)
[2026-02-01 09:47:39]   [emp_id: 2367] ✓ Updated: 103.12 → 103.2 (VALUE CHANGED)
[2026-02-01 09:47:39]   [emp_id: 2368] ✓ Updated: 33.53 → 33.61 (VALUE CHANGED)
[2026-02-01 09:47:39]   [emp_id: 2372] ✓ Updated: 70.78 → 70.86 (VALUE CHANGED)
[2026-02-01 09:47:39]   [emp_id: 2376] ✓ Updated: 120.78 → 120.86 (VALUE CHANGED)
[2026-02-01 09:47:39]   [emp_id: 2423] ✓ Updated: 21.53 → 21.61 (VALUE CHANGED)
[2026-02-01 09:47:39]   [emp_id: 2519] ✓ Updated: 115.2 → 115.28 (VALUE CHANGED)
[2026-02-01 09:47:39]   [emp_id: 2522] ✓ Updated: 58.78 → 58.86 (VALUE CHANGED)
[2026-02-01 09:47:39]   [emp_id: 2530] ✓ Updated: 54.03 → 54.11 (VALUE CHANGED)
[2026-02-01 09:47:39]   [emp_id: 2539] ✓ Updated: 50.78 → 50.86 (VALUE CHANGED)
[2026-02-01 09:47:39]   [emp_id: 2541] ✓ Updated: 31.37 → 31.45 (VALUE CHANGED)
[2026-02-01 09:47:39]   [emp_id: 2550] ✓ Updated: 97.53 → 97.61 (VALUE CHANGED)
[2026-02-01 09:47:39]   [emp_id: 2553] ✓ Updated: 34.64 → 34.72 (VALUE CHANGED)
[2026-02-01 09:47:39]   [emp_id: 2554] ✓ Updated: 41.12 → 41.2 (VALUE CHANGED)
[2026-02-01 09:47:39]   [emp_id: 2565] ✓ Updated: 95.7 → 95.78 (VALUE CHANGED)
[2026-02-01 09:47:39]   [emp_id: 2572] ✓ Updated: 45.7 → 45.78 (VALUE CHANGED)
[2026-02-01 09:47:39]   [emp_id: 2637] ✓ Updated: 66.28 → 66.36 (VALUE CHANGED)
[2026-02-01 09:47:39]   [emp_id: 2642] ✓ Updated: 79.03 → 79.11 (VALUE CHANGED)
[2026-02-01 09:47:39]   [emp_id: 2645] ✓ Updated: 95.03 → 95.11 (VALUE CHANGED)
[2026-02-01 09:47:39]   [emp_id: 2648] ✓ Updated: 46.7 → 46.78 (VALUE CHANGED)
[2026-02-01 09:47:39]   [emp_id: 2654] ✓ Updated: 89.37 → 89.45 (VALUE CHANGED)
[2026-02-01 09:47:39]   [emp_id: 2688] ✓ Updated: 27.45 → 27.53 (VALUE CHANGED)
[2026-02-01 09:47:39]   [emp_id: 2690] ✓ Updated: 16.2 → 16.28 (VALUE CHANGED)
[2026-02-01 09:47:39]   [emp_id: 2709] ✓ Updated: 38.45 → 38.53 (VALUE CHANGED)
[2026-02-01 09:47:40]   [emp_id: 2745] ✓ Updated: 35.03 → 35.11 (VALUE CHANGED)
[2026-02-01 09:47:40]   [emp_id: 2843] ✓ Updated: 81.62 → 81.7 (VALUE CHANGED)
[2026-02-01 09:47:40]   [emp_id: 2854] ✓ Updated: 61.53 → 61.61 (VALUE CHANGED)
[2026-02-01 09:47:40]   [emp_id: 2869] ✓ Updated: 5.45 → 5.53 (VALUE CHANGED)
[2026-02-01 09:47:40]   [emp_id: 2876] ✓ Updated: 36.28 → 36.36 (VALUE CHANGED)
[2026-02-01 09:47:40]   [emp_id: 2924] ✓ Updated: 17.45 → 17.53 (VALUE CHANGED)
[2026-02-01 09:47:40]   [emp_id: 2953] ✓ Updated: 103.2 → 103.28 (VALUE CHANGED)
[2026-02-01 09:47:40]   [emp_id: 2961] ✓ Updated: 13.2 → 13.28 (VALUE CHANGED)
[2026-02-01 09:47:40]   [emp_id: 2975] ✓ Updated: 2.88 → 2.96 (VALUE CHANGED)
[2026-02-01 09:47:40]   [emp_id: 3013] ✓ Updated: 12.2 → 12.28 (VALUE CHANGED)
[2026-02-01 09:47:40]   [emp_id: 3014] ✓ Updated: 91.45 → 91.53 (VALUE CHANGED)
[2026-02-01 09:47:40]   [emp_id: 3015] ✓ Updated: 2.7 → 2.78 (VALUE CHANGED)
[2026-02-01 09:47:40]   [emp_id: 3018] ✓ Updated: 61.45 → 61.53 (VALUE CHANGED)
[2026-02-01 09:47:40]   [emp_id: 3025] ✓ Updated: 25.22 → 25.3 (VALUE CHANGED)
[2026-02-01 09:47:40]   [emp_id: 3037] ✓ Updated: 84.95 → 85.03 (VALUE CHANGED)
[2026-02-01 09:47:40]   [emp_id: 3047] ✓ Updated: 73.2 → 73.28 (VALUE CHANGED)
[2026-02-01 09:47:40]   [emp_id: 3061] ✓ Updated: 20.12 → 20.2 (VALUE CHANGED)
[2026-02-01 09:47:40]   [emp_id: 3062] ✓ Updated: 53.28 → 53.36 (VALUE CHANGED)
[2026-02-01 09:47:40]   [emp_id: 3074] ✓ Updated: 109.7 → 109.78 (VALUE CHANGED)
[2026-02-01 09:47:40]   [emp_id: 3089] ✓ Updated: 8.62 → 8.7 (VALUE CHANGED)
[2026-02-01 09:47:40]   [emp_id: 3090] ✓ Updated: 35.2 → 35.28 (VALUE CHANGED)
[2026-02-01 09:47:40]   [emp_id: 3091] ✓ Updated: 47.2 → 47.28 (VALUE CHANGED)
[2026-02-01 09:47:40]   [emp_id: 3092] ✓ Updated: 29.87 → 29.95 (VALUE CHANGED)
[2026-02-01 09:47:40]   [emp_id: 3105] ✓ Updated: 50.2 → 50.28 (VALUE CHANGED)
[2026-02-01 09:47:40]   [emp_id: 3134] ✓ Updated: 45.95 → 46.03 (VALUE CHANGED)
[2026-02-01 09:47:40]   [emp_id: 3140] ✓ Updated: 43.03 → 43.11 (VALUE CHANGED)
[2026-02-01 09:47:40]   [emp_id: 3144] ✓ Updated: 15.87 → 15.95 (VALUE CHANGED)
[2026-02-01 09:47:40]   [emp_id: 3156] ✓ Updated: 19.2 → 19.28 (VALUE CHANGED)
[2026-02-01 09:47:40]   [emp_id: 3162] ✓ Updated: 4.18 → 4.26 (VALUE CHANGED)
[2026-02-01 09:47:40]   [emp_id: 3163] ✓ Updated: 7.45 → 7.53 (VALUE CHANGED)
[2026-02-01 09:47:40]   [emp_id: 3198] ✓ Updated: 42.45 → 42.53 (VALUE CHANGED)
[2026-02-01 09:47:40]   [emp_id: 3205] ✓ Updated: 19.12 → 19.2 (VALUE CHANGED)
[2026-02-01 09:47:40]   [emp_id: 3209] ✓ Updated: 43.28 → 43.36 (VALUE CHANGED)
[2026-02-01 09:47:40]   [emp_id: 3223] ✓ Updated: 92.2 → 92.28 (VALUE CHANGED)
[2026-02-01 09:47:40]   [emp_id: 3224] ✓ Updated: 66.95 → 67.03 (VALUE CHANGED)
[2026-02-01 09:47:40]   [emp_id: 3230] ✓ Updated: 90.37 → 90.45 (VALUE CHANGED)
[2026-02-01 09:47:40]   [emp_id: 3231] ✓ Updated: 2.74 → 2.82 (VALUE CHANGED)
[2026-02-01 09:47:40]   [emp_id: 3233] ✓ Updated: 83.2 → 83.28 (VALUE CHANGED)
[2026-02-01 09:47:40]   [emp_id: 3249] ✓ Updated: 39.03 → 39.11 (VALUE CHANGED)
[2026-02-01 09:47:40]   [emp_id: 3250] ✓ Updated: 12.03 → 12.11 (VALUE CHANGED)
[2026-02-01 09:47:40]   [emp_id: 3252] ✓ Updated: 12.95 → 13.03 (VALUE CHANGED)
[2026-02-01 09:47:40]   [emp_id: 3254] ✓ Updated: 23.45 → 23.53 (VALUE CHANGED)
[2026-02-01 09:47:40]   [emp_id: 3255] ✓ Updated: 19.87 → 19.95 (VALUE CHANGED)
[2026-02-01 09:47:40]   [emp_id: 3256] ✓ Updated: 16.12 → 16.2 (VALUE CHANGED)
[2026-02-01 09:47:40]   [emp_id: 3263] ✓ Updated: 32.2 → 32.28 (VALUE CHANGED)
[2026-02-01 09:47:40]   [emp_id: 3265] ✓ Updated: 27.78 → 27.86 (VALUE CHANGED)
[2026-02-01 09:47:40]   [emp_id: 3280] ✓ Updated: 74.7 → 74.78 (VALUE CHANGED)
[2026-02-01 09:47:40]   [emp_id: 3286] ✓ Updated: 17.87 → 17.95 (VALUE CHANGED)
[2026-02-01 09:47:40]   [emp_id: 3294] ✓ Updated: 17.53 → 17.61 (VALUE CHANGED)
[2026-02-01 09:47:40]   [emp_id: 3321] ✓ Updated: 74.7 → 74.78 (VALUE CHANGED)
[2026-02-01 09:47:40]   [emp_id: 3325] ✓ Updated: 62.45 → 62.53 (VALUE CHANGED)
[2026-02-01 09:47:40]   [emp_id: 3329] ✓ Updated: 64.78 → 64.86 (VALUE CHANGED)
[2026-02-01 09:47:40]   [emp_id: 3330] ✓ Updated: 64.78 → 64.86 (VALUE CHANGED)
[2026-02-01 09:47:40]   [emp_id: 3332] ✓ Updated: 64.78 → 64.86 (VALUE CHANGED)
[2026-02-01 09:47:40]   [emp_id: 3370] ✓ Updated: 56.29 → 56.37 (VALUE CHANGED)
[2026-02-01 09:47:40]   [emp_id: 3384] ✓ Updated: 16.95 → 17.03 (VALUE CHANGED)
[2026-02-01 09:47:40]   [emp_id: 3386] ✓ Updated: 46.95 → 47.03 (VALUE CHANGED)
[2026-02-01 09:47:41]   [emp_id: 3431] ✓ Updated: 21.37 → 21.45 (VALUE CHANGED)
[2026-02-01 09:47:41]   [emp_id: 3497] ✓ Updated: 11.53 → 11.61 (VALUE CHANGED)
[2026-02-01 09:47:41]   [emp_id: 3532] ✓ Updated: 2.37 → 2.45 (VALUE CHANGED)
[2026-02-01 09:47:41]   [emp_id: 3602] ✓ Updated: 3.94 → 4.02 (VALUE CHANGED)
[2026-02-01 09:47:41]   [emp_id: 3618] ✓ Updated: 25.92 → 26 (VALUE CHANGED)
[2026-02-01 09:47:41]   [emp_id: 3622] ✓ Updated: 36.27 → 36.33 (VALUE CHANGED)
[2026-02-01 09:47:41]   [emp_id: 3627] ✓ Updated: 11.87 → 11.95 (VALUE CHANGED)
[2026-02-01 09:47:41]   [emp_id: 3665] ✓ Updated: 53.45 → 53.53 (VALUE CHANGED)
[2026-02-01 09:47:41]   [emp_id: 3705] ✓ Updated: 29.6 → 29.66 (VALUE CHANGED)
[2026-02-01 09:47:41]   [emp_id: 3724] ✓ Updated: 46.45 → 46.53 (VALUE CHANGED)
[2026-02-01 09:47:41]   [emp_id: 3726] ✓ Updated: 62.87 → 62.95 (VALUE CHANGED)
[2026-02-01 09:47:41]   [emp_id: 3727] ✓ Updated: 67.95 → 68.03 (VALUE CHANGED)
[2026-02-01 09:47:41]   [emp_id: 3728] ✓ Updated: 12.28 → 12.36 (VALUE CHANGED)
[2026-02-01 09:47:41]   [emp_id: 3767] ✓ Updated: 3.03 → 3.11 (VALUE CHANGED)
[2026-02-01 09:47:41]   [emp_id: 3768] ✓ Updated: 59.28 → 59.36 (VALUE CHANGED)
[2026-02-01 09:47:41]   [emp_id: 3787] ✓ Updated: 59.87 → 59.95 (VALUE CHANGED)
[2026-02-01 09:47:41]   [emp_id: 3790] ✓ Updated: 4.42 → 4.5 (VALUE CHANGED)
[2026-02-01 09:47:41]   [emp_id: 3795] ✓ Updated: 17.37 → 17.45 (VALUE CHANGED)
[2026-02-01 09:47:41]   [emp_id: 3798] ✓ Updated: 95.78 → 95.86 (VALUE CHANGED)
[2026-02-01 09:47:41]   [emp_id: 3801] ✓ Updated: 4.05 → 4.13 (VALUE CHANGED)
[2026-02-01 09:47:41]   [emp_id: 3802] ✓ Updated: 33.03 → 33.11 (VALUE CHANGED)
[2026-02-01 09:47:41]   [emp_id: 3803] ✓ Updated: 117.45 → 117.53 (VALUE CHANGED)
[2026-02-01 09:47:41]   [emp_id: 3810] ✓ Updated: 63.45 → 63.53 (VALUE CHANGED)
[2026-02-01 09:47:41]   [emp_id: 3812] ✓ Updated: 92.45 → 92.53 (VALUE CHANGED)
[2026-02-01 09:47:41]   [emp_id: 3815] ✓ Updated: 92.45 → 92.53 (VALUE CHANGED)
[2026-02-01 09:47:41]   [emp_id: 3836] ✓ Updated: 60.12 → 60.2 (VALUE CHANGED)
[2026-02-01 09:47:41]   [emp_id: 3855] ✓ Updated: 53.28 → 53.36 (VALUE CHANGED)
[2026-02-01 09:47:41]   [emp_id: 3857] ✓ Updated: 56.95 → 57.03 (VALUE CHANGED)
[2026-02-01 09:47:41]   [emp_id: 3862] ✓ Updated: 105.03 → 105.11 (VALUE CHANGED)
[2026-02-01 09:47:41]   [emp_id: 3866] ✓ Updated: 30.28 → 30.36 (VALUE CHANGED)
[2026-02-01 09:47:41]   [emp_id: 3876] ✓ Updated: 26.45 → 26.53 (VALUE CHANGED)
[2026-02-01 09:47:41]   [emp_id: 3877] ✓ Updated: 51.95 → 52.03 (VALUE CHANGED)
[2026-02-01 09:47:41]   [emp_id: 3897] ✓ Updated: 40.2 → 40.28 (VALUE CHANGED)
[2026-02-01 09:47:41]   [emp_id: 3899] ✓ Updated: 2.02 → 2.1 (VALUE CHANGED)
[2026-02-01 09:47:41]   [emp_id: 3928] ✓ Updated: 16.28 → 16.36 (VALUE CHANGED)
[2026-02-01 09:47:41]   [emp_id: 3929] ✓ Updated: 11.28 → 11.36 (VALUE CHANGED)
[2026-02-01 09:47:41]   [emp_id: 3935] ✓ Updated: 96.28 → 96.36 (VALUE CHANGED)
[2026-02-01 09:47:41]   [emp_id: 3952] ✓ Updated: 77.62 → 77.7 (VALUE CHANGED)
[2026-02-01 09:47:41]   [emp_id: 3987] ✓ Updated: 16.53 → 16.61 (VALUE CHANGED)
[2026-02-01 09:47:41]   [emp_id: 4059] ✓ Updated: 5.73 → 5.81 (VALUE CHANGED)
[2026-02-01 09:47:41]   [emp_id: 4119] ✓ Updated: 59.2 → 59.28 (VALUE CHANGED)
[2026-02-01 09:47:41]   [emp_id: 4120] ✓ Updated: 28.78 → 28.86 (VALUE CHANGED)
[2026-02-01 09:47:41]   [emp_id: 4124] ✓ Updated: 29.3 → 29.38 (VALUE CHANGED)
[2026-02-01 09:47:41]   [emp_id: 4133] ✓ Updated: 107.78 → 107.86 (VALUE CHANGED)
[2026-02-01 09:47:41]   [emp_id: 4134] ✓ Updated: 28.78 → 28.86 (VALUE CHANGED)
[2026-02-01 09:47:41]   [emp_id: 4136] ✓ Updated: 28.78 → 28.86 (VALUE CHANGED)
[2026-02-01 09:47:41]   [emp_id: 4150] ✓ Updated: 27.45 → 27.53 (VALUE CHANGED)
[2026-02-01 09:47:41]   [emp_id: 4157] ✓ Updated: 20.95 → 21.03 (VALUE CHANGED)
[2026-02-01 09:47:41]   [emp_id: 4172] ✓ Updated: 14.18 → 14.24 (VALUE CHANGED)
[2026-02-01 09:47:41]   [emp_id: 4195] ✓ Updated: 64.53 → 64.61 (VALUE CHANGED)
[2026-02-01 09:47:41]   [emp_id: 4215] ✓ Updated: 47.2 → 47.28 (VALUE CHANGED)
[2026-02-01 09:47:41]   [emp_id: 4220] ✓ Updated: 42.78 → 42.86 (VALUE CHANGED)
[2026-02-01 09:47:41]   [emp_id: 4273] ✓ Updated: 11.45 → 11.53 (VALUE CHANGED)
[2026-02-01 09:47:41]   [emp_id: 4283] ✓ Updated: 15.27 → 15.33 (VALUE CHANGED)
[2026-02-01 09:47:42]   [emp_id: 4288] ✓ Updated: 2.02 → 2.1 (VALUE CHANGED)
[2026-02-01 09:47:42]   [emp_id: 4315] ✓ Updated: 14.7 → 14.78 (VALUE CHANGED)
[2026-02-01 09:47:42]   [emp_id: 4328] ✓ Updated: 44.1 → 44.16 (VALUE CHANGED)
[2026-02-01 09:47:42]   [emp_id: 4329] ✓ Updated: 7.87 → 7.95 (VALUE CHANGED)
[2026-02-01 09:47:42]   [emp_id: 4338] ✓ Updated: 49.45 → 49.53 (VALUE CHANGED)
[2026-02-01 09:47:42]   [emp_id: 4340] ✓ Updated: 111.45 → 111.53 (VALUE CHANGED)
[2026-02-01 09:47:42]   [emp_id: 4365] ✓ Updated: 62.87 → 62.95 (VALUE CHANGED)
[2026-02-01 09:47:42]   [emp_id: 4366] ✓ Updated: 61.95 → 62.03 (VALUE CHANGED)
[2026-02-01 09:47:42]   [emp_id: 4403] ✓ Updated: 87.78 → 87.86 (VALUE CHANGED)
[2026-02-01 09:47:42]   [emp_id: 4438] ✓ Updated: 23.45 → 23.53 (VALUE CHANGED)
[2026-02-01 09:47:42]   [emp_id: 4465] ✓ Updated: 14.43 → 14.49 (VALUE CHANGED)
[2026-02-01 09:47:42]   [emp_id: 4473] ✓ Updated: 47.03 → 47.11 (VALUE CHANGED)
[2026-02-01 09:47:42]   [emp_id: 4474] ✓ Updated: 4.94 → 5 (VALUE CHANGED)
[2026-02-01 09:47:42]   [emp_id: 4493] ✓ Updated: 165.87 → 165.95 (VALUE CHANGED)
[2026-02-01 09:47:42]   [emp_id: 4526] ✓ Updated: 38.12 → 38.2 (VALUE CHANGED)
[2026-02-01 09:47:42]   [emp_id: 4528] ✓ Updated: 109.87 → 109.95 (VALUE CHANGED)
[2026-02-01 09:47:42]   [emp_id: 4528] ✓ Updated: 109.87 → 109.95 (VALUE CHANGED)
[2026-02-01 09:47:42]   [emp_id: 4532] ✓ Updated: 9.55 → 9.61 (VALUE CHANGED)
[2026-02-01 09:47:42]   [emp_id: 4533] ✓ Updated: 38.28 → 38.36 (VALUE CHANGED)
[2026-02-01 09:47:42]   [emp_id: 4565] ✓ Updated: 16.93 → 16.99 (VALUE CHANGED)
[2026-02-01 09:47:42]   [emp_id: 4567] ✓ Updated: 21.18 → 21.24 (VALUE CHANGED)
[2026-02-01 09:47:42]   [emp_id: 4572] ✓ Updated: 60.68 → 60.74 (VALUE CHANGED)
[2026-02-01 09:47:42]   [emp_id: 4631] ✓ Updated: 16.93 → 16.99 (VALUE CHANGED)
[2026-02-01 09:47:42]   [emp_id: 4655] ✓ Updated: 27.2 → 27.28 (VALUE CHANGED)
[2026-02-01 09:47:42]   [emp_id: 4709] ✓ Updated: 42.45 → 42.53 (VALUE CHANGED)
[2026-02-01 09:47:42]   [emp_id: 4717] ✓ Updated: 68.45 → 68.53 (VALUE CHANGED)
[2026-02-01 09:47:42]   [emp_id: 4736] ✓ Updated: 30.28 → 30.36 (VALUE CHANGED)
[2026-02-01 09:47:42]   [emp_id: 4756] ✓ Updated: 13.37 → 13.43 (VALUE CHANGED)
[2026-02-01 09:47:42]   [emp_id: 4768] ✓ Updated: 15.95 → 16.03 (VALUE CHANGED)
[2026-02-01 09:47:42]   [emp_id: 4780] ✓ Updated: 67.1 → 67.16 (VALUE CHANGED)
[2026-02-01 09:47:42]   [emp_id: 4820] ✓ Updated: 101.28 → 101.36 (VALUE CHANGED)
[2026-02-01 09:47:42]   [emp_id: 4824] ✓ Updated: 4.46 → 4.54 (VALUE CHANGED)
[2026-02-01 09:47:42]   [emp_id: 4825] ✓ Updated: 33.03 → 33.11 (VALUE CHANGED)
[2026-02-01 09:47:42]   [emp_id: 4837] ✓ Updated: 47.09 → 47.15 (VALUE CHANGED)
[2026-02-01 09:47:42]   [emp_id: 4840] ✓ Updated: 47.09 → 47.15 (VALUE CHANGED)
[2026-02-01 09:47:42]   [emp_id: 4842] ✓ Updated: 46.33 → 46.39 (VALUE CHANGED)
[2026-02-01 09:47:42]   [emp_id: 4843] ✓ Updated: 46.86 → 46.92 (VALUE CHANGED)
[2026-02-01 09:47:42]   [emp_id: 4853] ✓ Updated: 90.68 → 90.74 (VALUE CHANGED)
[2026-02-01 09:47:42]   [emp_id: 4856] ✓ Updated: 44 → 44.06 (VALUE CHANGED)
[2026-02-01 09:47:42]   [emp_id: 4857] ✓ Updated: 26.82 → 26.88 (VALUE CHANGED)
[2026-02-01 09:47:42]   [emp_id: 4858] ✓ Updated: 23.7 → 23.76 (VALUE CHANGED)
[2026-02-01 09:47:42]   [emp_id: 4859] ✓ Updated: 45.17 → 45.23 (VALUE CHANGED)
[2026-02-01 09:47:42]   [emp_id: 4860] ✓ Updated: 9.67 → 9.73 (VALUE CHANGED)
[2026-02-01 09:47:42]   [emp_id: 4861] ✓ Updated: 43.13 → 43.19 (VALUE CHANGED)
[2026-02-01 09:47:42]   [emp_id: 4869] ✓ Updated: 86.01 → 86.07 (VALUE CHANGED)
[2026-02-01 09:47:42]   [emp_id: 4894] ✓ Updated: 9.95 → 10.03 (VALUE CHANGED)
[2026-02-01 09:47:42]   [emp_id: 4897] ✓ Updated: 24.91 → 24.97 (VALUE CHANGED)
[2026-02-01 09:47:42]   [emp_id: 4899] ✓ Updated: 21.08 → 21.14 (VALUE CHANGED)
[2026-02-01 09:47:42]   [emp_id: 4902] ✓ Updated: 20.5 → 20.56 (VALUE CHANGED)
[2026-02-01 09:47:42]   [emp_id: 4903] ✓ Updated: 22.72 → 22.78 (VALUE CHANGED)
[2026-02-01 09:47:42]   [emp_id: 4905] ✓ Updated: 21.38 → 21.44 (VALUE CHANGED)
[2026-02-01 09:47:42]   [emp_id: 4907] ✓ Updated: 50.03 → 50.11 (VALUE CHANGED)
[2026-02-01 09:47:42]   [emp_id: 4917] ✓ Updated: 18.34 → 18.4 (VALUE CHANGED)
[2026-02-01 09:47:42]   [emp_id: 4918] ✓ Updated: 8.11 → 8.17 (VALUE CHANGED)
[2026-02-01 09:47:43]   [emp_id: 4919] ✓ Updated: 60.4 → 60.46 (VALUE CHANGED)
[2026-02-01 09:47:43]   [emp_id: 4920] ✓ Updated: 7.48 → 7.54 (VALUE CHANGED)
[2026-02-01 09:47:43]   [emp_id: 4921] ✓ Updated: 19.57 → 19.63 (VALUE CHANGED)
[2026-02-01 09:47:43]   [emp_id: 4927] ✓ Updated: 18.4 → 18.46 (VALUE CHANGED)
[2026-02-01 09:47:43]   [emp_id: 4929] ✓ Updated: 19.92 → 19.98 (VALUE CHANGED)
[2026-02-01 09:47:43]   [emp_id: 4930] ✓ Updated: 60.69 → 60.75 (VALUE CHANGED)
[2026-02-01 09:47:43]   [emp_id: 4932] ✓ Updated: 18.69 → 18.75 (VALUE CHANGED)
[2026-02-01 09:47:43]   [emp_id: 4933] ✓ Updated: 22.1 → 22.16 (VALUE CHANGED)
[2026-02-01 09:47:43]   [emp_id: 4949] ✓ Updated: 25.53 → 25.59 (VALUE CHANGED)
[2026-02-01 09:47:43]   [emp_id: 4956] ✓ Updated: 31.12 → 31.18 (VALUE CHANGED)
[2026-02-01 09:47:43]   [emp_id: 4957] ✓ Updated: 26.79 → 26.85 (VALUE CHANGED)
[2026-02-01 09:47:43]   [emp_id: 4962] ✓ Updated: 49.39 → 49.47 (VALUE CHANGED)
[2026-02-01 09:47:43]   [emp_id: 4969] ✓ Updated: 48.7 → 48.78 (VALUE CHANGED)
[2026-02-01 09:47:43]   [emp_id: 4976] ✓ Updated: 11.81 → 11.87 (VALUE CHANGED)
[2026-02-01 09:47:43]   [emp_id: 4984] ✓ Updated: 39.95 → 40.03 (VALUE CHANGED)
[2026-02-01 09:47:43]   [emp_id: 4995] ✓ Updated: 52.02 → 52.1 (VALUE CHANGED)
[2026-02-01 09:47:43]   [emp_id: 5004] ✓ Updated: 28.75 → 28.81 (VALUE CHANGED)
[2026-02-01 09:47:43]   [emp_id: 5006] ✓ Updated: 28.49 → 28.55 (VALUE CHANGED)
[2026-02-01 09:47:43]   [emp_id: 5011] ✓ Updated: 7.8 → 7.88 (VALUE CHANGED)
[2026-02-01 09:47:43]   [emp_id: 5013] ✓ Updated: 68.86 → 68.92 (VALUE CHANGED)
[2026-02-01 09:47:43]   [emp_id: 5018] ✓ Updated: 5.35 → 5.41 (VALUE CHANGED)
[2026-02-01 09:47:43]   [emp_id: 5021] ✓ Updated: 63.05 → 63.13 (VALUE CHANGED)
[2026-02-01 09:47:43]   [emp_id: 5024] ✓ Updated: 3.37 → 3.43 (VALUE CHANGED)
[2026-02-01 09:47:43]   [emp_id: 5030] ✓ Updated: 33.32 → 33.38 (VALUE CHANGED)
[2026-02-01 09:47:43]   [emp_id: 5033] ✓ Updated: 12.12 → 12.18 (VALUE CHANGED)
[2026-02-01 09:47:43]   [emp_id: 5043] ✓ Updated: 32.62 → 32.7 (VALUE CHANGED)
[2026-02-01 09:47:43]   [emp_id: 5045] ✓ Updated: 29.12 → 29.2 (VALUE CHANGED)
[2026-02-01 09:47:43]   [emp_id: 5046] ✓ Updated: 24.31 → 24.39 (VALUE CHANGED)
[2026-02-01 09:47:43]   [emp_id: 5049] ✓ Updated: 0.8 → 0.86 (VALUE CHANGED)
[2026-02-01 09:47:43]   [emp_id: 5052] ✓ Updated: 32.08 → 32.14 (VALUE CHANGED)
[2026-02-01 09:47:43]   [emp_id: 5055] ✓ Updated: 20.52 → 20.58 (VALUE CHANGED)
[2026-02-01 09:47:43]   [emp_id: 5058] ✓ Updated: 29.5 → 29.56 (VALUE CHANGED)
[2026-02-01 09:47:43]   [emp_id: 5062] ✓ Updated: 41.33 → 41.39 (VALUE CHANGED)
[2026-02-01 09:47:43]   [emp_id: 5064] ✓ Updated: 119.95 → 120.03 (VALUE CHANGED)
[2026-02-01 09:47:43]   [emp_id: 5065] ✓ Updated: 40.74 → 40.8 (VALUE CHANGED)
[2026-02-01 09:47:43]   [emp_id: 5071] ✓ Updated: 25.45 → 25.53 (VALUE CHANGED)
[2026-02-01 09:47:43]   [emp_id: 5073] ✓ Updated: 15.34 → 15.4 (VALUE CHANGED)
[2026-02-01 09:47:43]   [emp_id: 5079] ✓ Updated: 35.9 → 35.96 (VALUE CHANGED)
[2026-02-01 09:47:43]   [emp_id: 5080] ✓ Updated: 29.23 → 29.29 (VALUE CHANGED)
[2026-02-01 09:47:43]   [emp_id: 5081] ✓ Updated: 17.49 → 17.55 (VALUE CHANGED)
[2026-02-01 09:47:43]   [emp_id: 5087] ✓ Updated: 37.53 → 37.59 (VALUE CHANGED)
[2026-02-01 09:47:43]   [emp_id: 5091] ✓ Updated: 77.38 → 77.44 (VALUE CHANGED)
[2026-02-01 09:47:43]   [emp_id: 5093] ✓ Updated: 16.62 → 16.7 (VALUE CHANGED)
[2026-02-01 09:47:43]   [emp_id: 5095] ✓ Updated: 2.92 → 2.98 (VALUE CHANGED)
[2026-02-01 09:47:43]   [emp_id: 5101] ✓ Updated: 18.7 → 18.78 (VALUE CHANGED)
[2026-02-01 09:47:43]   [emp_id: 5107] ✓ Updated: 17.03 → 17.11 (VALUE CHANGED)
[2026-02-01 09:47:43]   [emp_id: 5109] ✓ Updated: 14.28 → 14.36 (VALUE CHANGED)
[2026-02-01 09:47:43]   [emp_id: 5119] ✓ Updated: 12.45 → 12.53 (VALUE CHANGED)
[2026-02-01 09:47:43]   [emp_id: 5122] ✓ Updated: 9.62 → 9.7 (VALUE CHANGED)
[2026-02-01 09:47:43]   [emp_id: 5126] ✓ Updated: 28.26 → 28.32 (VALUE CHANGED)
[2026-02-01 09:47:43]   [emp_id: 5127] ✓ Updated: 7.05 → 7.11 (VALUE CHANGED)
[2026-02-01 09:47:43]   [emp_id: 5128] ✓ Updated: 28.2 → 28.26 (VALUE CHANGED)
[2026-02-01 09:47:43]   [emp_id: 5138] ✓ Updated: 52.28 → 52.36 (VALUE CHANGED)
[2026-02-01 09:47:43]   [emp_id: 5138] ✓ Updated: 52.28 → 52.36 (VALUE CHANGED)
[2026-02-01 09:47:43]   [emp_id: 5141] ✓ Updated: 36.57 → 36.63 (VALUE CHANGED)
[2026-02-01 09:47:44]   [emp_id: 5142] ✓ Updated: 15.57 → 15.63 (VALUE CHANGED)
[2026-02-01 09:47:44]   [emp_id: 5146] ✓ Updated: 22.57 → 22.63 (VALUE CHANGED)
[2026-02-01 09:47:44]   [emp_id: 5147] ✓ Updated: 21.57 → 21.63 (VALUE CHANGED)
[2026-02-01 09:47:44]   [emp_id: 5148] ✓ Updated: 26.92 → 26.98 (VALUE CHANGED)
[2026-02-01 09:47:44]   [emp_id: 5149] ✓ Updated: 25.81 → 25.87 (VALUE CHANGED)
[2026-02-01 09:47:44]   [emp_id: 5150] ✓ Updated: 25.17 → 25.23 (VALUE CHANGED)
[2026-02-01 09:47:44]   [emp_id: 5151] ✓ Updated: 24.99 → 25.05 (VALUE CHANGED)
[2026-02-01 09:47:44]   [emp_id: 5152] ✓ Updated: 5.41 → 5.47 (VALUE CHANGED)
[2026-02-01 09:47:44]   [emp_id: 5157] ✓ Updated: 24.99 → 25.05 (VALUE CHANGED)
[2026-02-01 09:47:44]   [emp_id: 5160] ✓ Updated: 24.99 → 25.05 (VALUE CHANGED)
[2026-02-01 09:47:44]   [emp_id: 5163] ✓ Updated: 22.78 → 22.84 (VALUE CHANGED)
[2026-02-01 09:47:44]   [emp_id: 5165] ✓ Updated: 3.72 → 3.8 (VALUE CHANGED)
[2026-02-01 09:47:44]   [emp_id: 5167] ✓ Updated: 31.93 → 31.99 (VALUE CHANGED)
[2026-02-01 09:47:44]   [emp_id: 5168] ✓ Updated: 24.47 → 24.53 (VALUE CHANGED)
[2026-02-01 09:47:44]   [emp_id: 5173] ✓ Updated: 27.37 → 27.45 (VALUE CHANGED)
[2026-02-01 09:47:44]   [emp_id: 5174] ✓ Updated: 24.93 → 24.99 (VALUE CHANGED)
[2026-02-01 09:47:44]   [emp_id: 5181] ✓ Updated: 21.32 → 21.38 (VALUE CHANGED)
[2026-02-01 09:47:44]   [emp_id: 5186] ✓ Updated: 26.85 → 26.91 (VALUE CHANGED)
[2026-02-01 09:47:44]   [emp_id: 5187] ✓ Updated: 37.85 → 37.91 (VALUE CHANGED)
[2026-02-01 09:47:44]   [emp_id: 5204] ✓ Updated: 24.87 → 24.95 (VALUE CHANGED)
[2026-02-01 09:47:44]   [emp_id: 5205] ✓ Updated: 14.06 → 14.12 (VALUE CHANGED)
[2026-02-01 09:47:44]   [emp_id: 5209] ✓ Updated: 17.06 → 17.12 (VALUE CHANGED)
[2026-02-01 09:47:44]   [emp_id: 5213] ✓ Updated: 4.47 → 4.53 (VALUE CHANGED)
[2026-02-01 09:47:44]   [emp_id: 5214] ✓ Updated: 3.31 → 3.37 (VALUE CHANGED)
[2026-02-01 09:47:44]   [emp_id: 5215] ✓ Updated: 12.06 → 12.12 (VALUE CHANGED)
[2026-02-01 09:47:44]   [emp_id: 5217] ✓ Updated: 11.06 → 11.12 (VALUE CHANGED)
[2026-02-01 09:47:44]   [emp_id: 5219] ✓ Updated: 15.06 → 15.12 (VALUE CHANGED)
[2026-02-01 09:47:44]   [emp_id: 5221] ✓ Updated: 4.37 → 4.43 (VALUE CHANGED)
[2026-02-01 09:47:44]   [emp_id: 5224] ✓ Updated: 16.06 → 16.12 (VALUE CHANGED)
[2026-02-01 09:47:44]   [emp_id: 5225] ✓ Updated: 8.37 → 8.43 (VALUE CHANGED)
[2026-02-01 09:47:44]   [emp_id: 5228] ✓ Updated: 11.06 → 11.12 (VALUE CHANGED)
[2026-02-01 09:47:44]   [emp_id: 5229] ✓ Updated: 7.06 → 7.12 (VALUE CHANGED)
[2026-02-01 09:47:44]   [emp_id: 5230] ✓ Updated: 11.73 → 11.79 (VALUE CHANGED)
[2026-02-01 09:47:44]   [emp_id: 5231] ✓ Updated: 8.06 → 8.12 (VALUE CHANGED)
[2026-02-01 09:47:44]   [emp_id: 5232] ✓ Updated: 2.06 → 2.12 (VALUE CHANGED)
[2026-02-01 09:47:44]   [emp_id: 5233] ✓ Updated: 6.06 → 6.12 (VALUE CHANGED)
[2026-02-01 09:47:44]   [emp_id: 5234] ✓ Updated: 6.06 → 6.12 (VALUE CHANGED)
[2026-02-01 09:47:44]   [emp_id: 5235] ✓ Updated: 1.5 → 1.56 (VALUE CHANGED)
[2026-02-01 09:47:44]   [emp_id: 5237] ✓ Updated: 12.31 → 12.37 (VALUE CHANGED)
[2026-02-01 09:47:44]   [emp_id: 5239] ✓ Updated: 9.06 → 9.12 (VALUE CHANGED)
[2026-02-01 09:47:44]   [emp_id: 5241] ✓ Updated: 7.06 → 7.12 (VALUE CHANGED)
[2026-02-01 09:47:44]   [emp_id: 5242] ✓ Updated: 17.06 → 17.12 (VALUE CHANGED)
[2026-02-01 09:47:44]   [emp_id: 5243] ✓ Updated: 3.47 → 3.53 (VALUE CHANGED)
[2026-02-01 09:47:44]   [emp_id: 5244] ✓ Updated: 1.5 → 1.56 (VALUE CHANGED)
[2026-02-01 09:47:44]   [emp_id: 5246] ✓ Updated: 13.06 → 13.12 (VALUE CHANGED)
[2026-02-01 09:47:44]   [emp_id: 5253] ✓ Updated: 25.93 → 25.99 (VALUE CHANGED)
[2026-02-01 09:47:44]   [emp_id: 5254] ✓ Updated: 13.91 → 13.97 (VALUE CHANGED)
[2026-02-01 09:47:44]   [emp_id: 5257] ✓ Updated: 13.62 → 13.68 (VALUE CHANGED)
[2026-02-01 09:47:44]   [emp_id: 5259] ✓ Updated: 50.15 → 50.21 (VALUE CHANGED)
[2026-02-01 09:47:44]   [emp_id: 5261] ✓ Updated: 18.47 → 18.55 (VALUE CHANGED)
[2026-02-01 09:47:44]   [emp_id: 5264] ✓ Updated: 15.63 → 15.69 (VALUE CHANGED)
[2026-02-01 09:47:44]   [emp_id: 5266] ✓ Updated: 22.25 → 22.31 (VALUE CHANGED)
[2026-02-01 09:47:44]   [emp_id: 5268] ✓ Updated: 10.82 → 10.88 (VALUE CHANGED)
[2026-02-01 09:47:44]   [emp_id: 5271] ✓ Updated: 9.48 → 9.54 (VALUE CHANGED)
[2026-02-01 09:47:44]   [emp_id: 5272] ✓ Updated: 10.35 → 10.41 (VALUE CHANGED)
[2026-02-01 09:47:45]   [emp_id: 5273] ✓ Updated: 25.42 → 25.48 (VALUE CHANGED)
[2026-02-01 09:47:45]   [emp_id: 5275] ✓ Updated: 11.17 → 11.23 (VALUE CHANGED)
[2026-02-01 09:47:45]   [emp_id: 5276] ✓ Updated: 25.44 → 25.5 (VALUE CHANGED)
[2026-02-01 09:47:45]   [emp_id: 5278] ✓ Updated: 9.83 → 9.89 (VALUE CHANGED)
[2026-02-01 09:47:45]   [emp_id: 5280] ✓ Updated: 20.23 → 20.29 (VALUE CHANGED)
[2026-02-01 09:47:45]   [emp_id: 5282] ✓ Updated: 13.95 → 14.03 (VALUE CHANGED)
[2026-02-01 09:47:45]   [emp_id: 5285] ✓ Updated: 30.23 → 30.29 (VALUE CHANGED)
[2026-02-01 09:47:45]   [emp_id: 5286] ✓ Updated: 17.23 → 17.29 (VALUE CHANGED)
[2026-02-01 09:47:45]   [emp_id: 5287] ✓ Updated: 51.53 → 51.59 (VALUE CHANGED)
[2026-02-01 09:47:45]   [emp_id: 5288] ✓ Updated: 8.8 → 8.86 (VALUE CHANGED)
[2026-02-01 09:47:45]   [emp_id: 5289] ✓ Updated: 50.08 → 50.14 (VALUE CHANGED)
[2026-02-01 09:47:45]   [emp_id: 5290] ✓ Updated: 48.85 → 48.91 (VALUE CHANGED)
[2026-02-01 09:47:45]   [emp_id: 5291] ✓ Updated: 6.85 → 6.91 (VALUE CHANGED)
[2026-02-01 09:47:45]   [emp_id: 5292] ✓ Updated: 6.79 → 6.85 (VALUE CHANGED)
[2026-02-01 09:47:45]   [emp_id: 5293] ✓ Updated: 10.21 → 10.29 (VALUE CHANGED)
[2026-02-01 09:47:45]   [emp_id: 5294] ✓ Updated: 9.87 → 9.95 (VALUE CHANGED)
[2026-02-01 09:47:45]   [emp_id: 5295] ✓ Updated: 23.03 → 23.09 (VALUE CHANGED)
[2026-02-01 09:47:45]   [emp_id: 5296] ✓ Updated: 36.89 → 36.97 (VALUE CHANGED)
[2026-02-01 09:47:45]   [emp_id: 5297] ✓ Updated: 47.45 → 47.51 (VALUE CHANGED)
[2026-02-01 09:47:45]   [emp_id: 5298] ✓ Updated: 47.45 → 47.51 (VALUE CHANGED)
[2026-02-01 09:47:45]   [emp_id: 5299] ✓ Updated: 47.45 → 47.51 (VALUE CHANGED)
[2026-02-01 09:47:45]   [emp_id: 5300] ✓ Updated: 47.45 → 47.51 (VALUE CHANGED)
[2026-02-01 09:47:45]   [emp_id: 5301] ✓ Updated: 5.27 → 5.33 (VALUE CHANGED)
[2026-02-01 09:47:45]   [emp_id: 5303] ✓ Updated: 5.7 → 5.76 (VALUE CHANGED)
[2026-02-01 09:47:45]   [emp_id: 5304] ✓ Updated: 2.45 → 2.51 (VALUE CHANGED)
[2026-02-01 09:47:45]   [emp_id: 5305] ✓ Updated: 5.45 → 5.51 (VALUE CHANGED)
[2026-02-01 09:47:45]   [emp_id: 5306] ✓ Updated: 47.16 → 47.22 (VALUE CHANGED)
[2026-02-01 09:47:45]   [emp_id: 5307] ✓ Updated: 47.16 → 47.22 (VALUE CHANGED)
[2026-02-01 09:47:45]   [emp_id: 5312] ✓ Updated: 1.5 → 1.56 (VALUE CHANGED)
[2026-02-01 09:47:45]   [emp_id: 5318] ✓ Updated: 27.87 → 27.93 (VALUE CHANGED)
[2026-02-01 09:47:45]   [emp_id: 5325] ✓ Updated: 1.83 → 1.89 (VALUE CHANGED)
[2026-02-01 09:47:45]   [emp_id: 5327] ✓ Updated: 2.92 → 2.98 (VALUE CHANGED)
[2026-02-01 09:47:45]   [emp_id: 5337] ✓ Updated: 37.78 → 37.86 (VALUE CHANGED)
[2026-02-01 09:47:45]   [emp_id: 5339] ✓ Updated: 12.02 → 12.08 (VALUE CHANGED)
[2026-02-01 09:47:45]   [emp_id: 5343] ✓ Updated: 47.7 → 47.78 (VALUE CHANGED)
[2026-02-01 09:47:45]   [emp_id: 5343] ✓ Updated: 47.7 → 47.78 (VALUE CHANGED)
[2026-02-01 09:47:45]   [emp_id: 5345] ✓ Updated: 17.53 → 17.61 (VALUE CHANGED)
[2026-02-01 09:47:45]   [emp_id: 5346] ✓ Updated: 3.74 → 3.8 (VALUE CHANGED)
[2026-02-01 09:47:45]   [emp_id: 5351] ✓ Updated: 18.68 → 18.74 (VALUE CHANGED)
[2026-02-01 09:47:45]   [emp_id: 5352] ✓ Updated: 27.95 → 28.03 (VALUE CHANGED)
[2026-02-01 09:47:45]   [emp_id: 5370] ✓ Updated: 17.33 → 17.39 (VALUE CHANGED)
[2026-02-01 09:47:45]   [emp_id: 5371] ✓ Updated: 9.7 → 9.78 (VALUE CHANGED)
[2026-02-01 09:47:45]   [emp_id: 5376] ✓ Updated: 11.93 → 11.99 (VALUE CHANGED)
[2026-02-01 09:47:45]   [emp_id: 5378] ✓ Updated: 19.78 → 19.86 (VALUE CHANGED)
[2026-02-01 09:47:45]   [emp_id: 5380] ✓ Updated: 18.34 → 18.4 (VALUE CHANGED)
[2026-02-01 09:47:45]   [emp_id: 5381] ✓ Updated: 14.22 → 14.3 (VALUE CHANGED)
[2026-02-01 09:47:45]   [emp_id: 5383] ✓ Updated: 17.53 → 17.61 (VALUE CHANGED)
[2026-02-01 09:47:45]   [emp_id: 5388] ✓ Updated: 29.12 → 29.18 (VALUE CHANGED)
[2026-02-01 09:47:45]   [emp_id: 5396] ✓ Updated: 30.36 → 30.42 (VALUE CHANGED)
[2026-02-01 09:47:45]   [emp_id: 5397] ✓ Updated: 21.82 → 21.88 (VALUE CHANGED)
[2026-02-01 09:47:45]   [emp_id: 5401] ✓ Updated: 24.93 → 24.99 (VALUE CHANGED)
[2026-02-01 09:47:45]   [emp_id: 5402] ✓ Updated: 25.05 → 25.11 (VALUE CHANGED)
[2026-02-01 09:47:45]   [emp_id: 5406] ✓ Updated: 18.77 → 18.83 (VALUE CHANGED)
[2026-02-01 09:47:45]   [emp_id: 5407] ✓ Updated: 18.3 → 18.38 (VALUE CHANGED)
[2026-02-01 09:47:45]   [emp_id: 5409] ✓ Updated: 18.11 → 18.17 (VALUE CHANGED)
[2026-02-01 09:47:46]   [emp_id: 5413] ✓ Updated: 30.7 → 30.78 (VALUE CHANGED)
[2026-02-01 09:47:46]   [emp_id: 5414] ✓ Updated: 30.37 → 30.45 (VALUE CHANGED)
[2026-02-01 09:47:46]   [emp_id: 5415] ✓ Updated: 6.3 → 6.38 (VALUE CHANGED)
[2026-02-01 09:47:46]   [emp_id: 5418] ✓ Updated: 17.17 → 17.23 (VALUE CHANGED)
[2026-02-01 09:47:46]   [emp_id: 5422] ✓ Updated: 23.03 → 23.11 (VALUE CHANGED)
[2026-02-01 09:47:46]   [emp_id: 5423] ✓ Updated: 7.72 → 7.8 (VALUE CHANGED)
[2026-02-01 09:47:46]   [emp_id: 5425] ✓ Updated: 15.72 → 15.78 (VALUE CHANGED)
[2026-02-01 09:47:46]   [emp_id: 5426] ✓ Updated: 4.27 → 4.35 (VALUE CHANGED)
[2026-02-01 09:47:46]   [emp_id: 5426] ✓ Updated: 4.27 → 4.35 (VALUE CHANGED)
[2026-02-01 09:47:46]   [emp_id: 5427] ✓ Updated: 15.83 → 15.89 (VALUE CHANGED)
[2026-02-01 09:47:46]   [emp_id: 5428] ✓ Updated: 15.72 → 15.78 (VALUE CHANGED)
[2026-02-01 09:47:46]   [emp_id: 5430] ✓ Updated: 20.09 → 20.17 (VALUE CHANGED)
[2026-02-01 09:47:46]   [emp_id: 5431] ✓ Updated: 14.84 → 14.9 (VALUE CHANGED)
[2026-02-01 09:47:46]   [emp_id: 5433] ✓ Updated: 14.86 → 14.92 (VALUE CHANGED)
[2026-02-01 09:47:46]   [emp_id: 5434] ✓ Updated: 14.61 → 14.67 (VALUE CHANGED)
[2026-02-01 09:47:46]   [emp_id: 5435] ✓ Updated: 14.55 → 14.61 (VALUE CHANGED)
[2026-02-01 09:47:46]   [emp_id: 5436] ✓ Updated: 14.55 → 14.61 (VALUE CHANGED)
[2026-02-01 09:47:46]   [emp_id: 5438] ✓ Updated: 17.95 → 18.03 (VALUE CHANGED)
[2026-02-01 09:47:46]   [emp_id: 5439] ✓ Updated: 27.45 → 27.53 (VALUE CHANGED)
[2026-02-01 09:47:46]   [emp_id: 5442] ✓ Updated: 16.45 → 16.53 (VALUE CHANGED)
[2026-02-01 09:47:46]   [emp_id: 5445] ✓ Updated: 9.01 → 9.07 (VALUE CHANGED)
[2026-02-01 09:47:46]   [emp_id: 5446] ✓ Updated: 9.01 → 9.07 (VALUE CHANGED)
[2026-02-01 09:47:46]   [emp_id: 5447] ✓ Updated: 8.95 → 9.01 (VALUE CHANGED)
[2026-02-01 09:47:46]   [emp_id: 5448] ✓ Updated: 3.47 → 3.55 (VALUE CHANGED)
[2026-02-01 09:47:46]   [emp_id: 5449] ✓ Updated: 7.03 → 7.09 (VALUE CHANGED)
[2026-02-01 09:47:46]   [emp_id: 5450] ✓ Updated: 6.97 → 7.03 (VALUE CHANGED)
[2026-02-01 09:47:46]   [emp_id: 5451] ✓ Updated: 6.97 → 7.03 (VALUE CHANGED)
[2026-02-01 09:47:46]   [emp_id: 5453] ✓ Updated: 6.81 → 6.87 (VALUE CHANGED)
[2026-02-01 09:47:46]   [emp_id: 5454] ✓ Updated: 9.53 → 9.61 (VALUE CHANGED)
[2026-02-01 09:47:46]   [emp_id: 5455] ✓ Updated: 3.78 → 3.86 (VALUE CHANGED)
[2026-02-01 09:47:46]   [emp_id: 5456] ✓ Updated: 8.78 → 8.86 (VALUE CHANGED)
[2026-02-01 09:47:46]   [emp_id: 5457] ✓ Updated: 6.06 → 6.12 (VALUE CHANGED)
[2026-02-01 09:47:46]   [emp_id: 5460] ✓ Updated: 7.43 → 7.51 (VALUE CHANGED)
[2026-02-01 09:47:46]   [emp_id: 5463] ✓ Updated: 6.76 → 6.84 (VALUE CHANGED)
[2026-02-01 09:47:46]   [emp_id: 5464] ✓ Updated: 6.76 → 6.84 (VALUE CHANGED)
[2026-02-01 09:47:46]   [emp_id: 5466] ✓ Updated: 4.51 → 4.59 (VALUE CHANGED)
[2026-02-01 09:47:46]   [emp_id: 5467] ✓ Updated: 3.43 → 3.51 (VALUE CHANGED)
[2026-02-01 09:47:46]   [emp_id: 5468] ✓ Updated: 2.38 → 2.46 (VALUE CHANGED)
[2026-02-01 09:47:46]   [emp_id: 5469] ✓ Updated: 2.29 → 2.37 (VALUE CHANGED)
[2026-02-01 09:47:46] Report saved to: D:\xampp\htdocs\almutlak\system/cron_logs/last_vacation_update_report.json
[2026-02-01 09:48:39] ========== CRON: Vacation Balance Update Started ==========
[2026-02-01 09:48:39] Force level: 2 (0=normal, 1=check missing, 2=full bypass)
[2026-02-01 09:48:39] FORCE LEVEL 2: Full bypass - updating all balances AND last_updated
[2026-02-01 09:48:39] Database connection established
[2026-02-01 09:48:39] Found 433 active employees with balance records to update
[2026-02-01 09:48:39] (Only employees with status=1 will be processed)
[2026-02-01 09:48:39]   [emp_id: 1061] ✓ Updated: 2.1 → 2.18 (VALUE CHANGED)
[2026-02-01 09:48:39]   [emp_id: 1496] ✓ Updated: 18.95 → 19.03 (VALUE CHANGED)
[2026-02-01 09:48:39]   [emp_id: 1500] ✓ Updated: 6.63 → 6.71 (VALUE CHANGED)
[2026-02-01 09:48:39]   [emp_id: 1574] ✓ Updated: 35.86 → 35.94 (VALUE CHANGED)
[2026-02-01 09:48:39]   [emp_id: 1673] ✓ Updated: 47.36 → 47.44 (VALUE CHANGED)
[2026-02-01 09:48:39]   [emp_id: 1685] ✓ Updated: 17.28 → 17.36 (VALUE CHANGED)
[2026-02-01 09:48:39]   [emp_id: 1764] ✓ Updated: 71.95 → 72.03 (VALUE CHANGED)
[2026-02-01 09:48:39]   [emp_id: 1805] ✓ Updated: 66.28 → 66.36 (VALUE CHANGED)
[2026-02-01 09:48:39]   [emp_id: 1822] ✓ Updated: 71.03 → 71.11 (VALUE CHANGED)
[2026-02-01 09:48:39]   [emp_id: 1837] ✓ Updated: 27.2 → 27.28 (VALUE CHANGED)
[2026-02-01 09:48:39]   [emp_id: 1857] ✓ Updated: 22.53 → 22.61 (VALUE CHANGED)
[2026-02-01 09:48:39]   [emp_id: 1861] ✓ Updated: 73.36 → 73.44 (VALUE CHANGED)
[2026-02-01 09:48:39]   [emp_id: 1872] ✓ Updated: 12.2 → 12.28 (VALUE CHANGED)
[2026-02-01 09:48:39]   [emp_id: 1897] ✓ Updated: 7.53 → 7.61 (VALUE CHANGED)
[2026-02-01 09:48:39]   [emp_id: 1916] ✓ Updated: 13.83 → 13.91 (VALUE CHANGED)
[2026-02-01 09:48:39]   [emp_id: 1928] ✓ Updated: 66.78 → 66.86 (VALUE CHANGED)
[2026-02-01 09:48:39]   [emp_id: 1931] ✓ Updated: 86.7 → 86.78 (VALUE CHANGED)
[2026-02-01 09:48:39]   [emp_id: 1944] ✓ Updated: 44.86 → 44.94 (VALUE CHANGED)
[2026-02-01 09:48:39]   [emp_id: 1996] ✓ Updated: 73.36 → 73.44 (VALUE CHANGED)
[2026-02-01 09:48:39]   [emp_id: 1997] ✓ Updated: 38.53 → 38.61 (VALUE CHANGED)
[2026-02-01 09:48:39]   [emp_id: 1998] ✓ Updated: 29.97 → 30.05 (VALUE CHANGED)
[2026-02-01 09:48:39]   [emp_id: 1999] ✓ Updated: 30.97 → 31.05 (VALUE CHANGED)
[2026-02-01 09:48:39]   [emp_id: 2009] ✓ Updated: 37.28 → 37.36 (VALUE CHANGED)
[2026-02-01 09:48:39]   [emp_id: 2048] ✓ Updated: 27.11 → 27.19 (VALUE CHANGED)
[2026-02-01 09:48:39]   [emp_id: 2057] ✓ Updated: 67.95 → 68.03 (VALUE CHANGED)
[2026-02-01 09:48:39]   [emp_id: 2079] ✓ Updated: 50.28 → 50.36 (VALUE CHANGED)
[2026-02-01 09:48:39]   [emp_id: 2181] ✓ Updated: 39.28 → 39.36 (VALUE CHANGED)
[2026-02-01 09:48:39]   [emp_id: 2190] ✓ Updated: 8.61 → 8.69 (VALUE CHANGED)
[2026-02-01 09:48:39]   [emp_id: 2212] ✓ Updated: 26.61 → 26.69 (VALUE CHANGED)
[2026-02-01 09:48:39]   [emp_id: 2226] ✓ Updated: 71.36 → 71.44 (VALUE CHANGED)
[2026-02-01 09:48:39]   [emp_id: 2238] ✓ Updated: 69.61 → 69.69 (VALUE CHANGED)
[2026-02-01 09:48:39]   [emp_id: 2285] ✓ Updated: 38.28 → 38.36 (VALUE CHANGED)
[2026-02-01 09:48:39]   [emp_id: 2287] ✓ Updated: 49.95 → 50.03 (VALUE CHANGED)
[2026-02-01 09:48:39]   [emp_id: 2288] ✓ Updated: 4.97 → 5.05 (VALUE CHANGED)
[2026-02-01 09:48:39]   [emp_id: 2316] ✓ Updated: 18.78 → 18.86 (VALUE CHANGED)
[2026-02-01 09:48:39]   [emp_id: 2337] ✓ Updated: 39.86 → 39.94 (VALUE CHANGED)
[2026-02-01 09:48:39]   [emp_id: 2352] ✓ Updated: 71.36 → 71.44 (VALUE CHANGED)
[2026-02-01 09:48:39]   [emp_id: 2358] ✓ Updated: 7.86 → 7.94 (VALUE CHANGED)
[2026-02-01 09:48:39]   [emp_id: 2361] ✓ Updated: 73.53 → 73.61 (VALUE CHANGED)
[2026-02-01 09:48:39]   [emp_id: 2363] ✓ Updated: 76.11 → 76.19 (VALUE CHANGED)
[2026-02-01 09:48:39]   [emp_id: 2364] ✓ Updated: 75.53 → 75.61 (VALUE CHANGED)
[2026-02-01 09:48:39]   [emp_id: 2367] ✓ Updated: 103.2 → 103.28 (VALUE CHANGED)
[2026-02-01 09:48:40]   [emp_id: 2368] ✓ Updated: 33.61 → 33.69 (VALUE CHANGED)
[2026-02-01 09:48:40]   [emp_id: 2372] ✓ Updated: 70.86 → 70.94 (VALUE CHANGED)
[2026-02-01 09:48:40]   [emp_id: 2376] ✓ Updated: 120.86 → 120.94 (VALUE CHANGED)
[2026-02-01 09:48:40]   [emp_id: 2423] ✓ Updated: 21.61 → 21.69 (VALUE CHANGED)
[2026-02-01 09:48:40]   [emp_id: 2519] ✓ Updated: 115.28 → 115.36 (VALUE CHANGED)
[2026-02-01 09:48:40]   [emp_id: 2522] ✓ Updated: 58.86 → 58.94 (VALUE CHANGED)
[2026-02-01 09:48:40]   [emp_id: 2530] ✓ Updated: 54.11 → 54.19 (VALUE CHANGED)
[2026-02-01 09:48:40]   [emp_id: 2539] ✓ Updated: 50.86 → 50.94 (VALUE CHANGED)
[2026-02-01 09:48:40]   [emp_id: 2541] ✓ Updated: 31.45 → 31.53 (VALUE CHANGED)
[2026-02-01 09:48:40]   [emp_id: 2550] ✓ Updated: 97.61 → 97.69 (VALUE CHANGED)
[2026-02-01 09:48:40]   [emp_id: 2553] ✓ Updated: 34.72 → 34.8 (VALUE CHANGED)
[2026-02-01 09:48:40]   [emp_id: 2554] ✓ Updated: 41.2 → 41.28 (VALUE CHANGED)
[2026-02-01 09:48:40]   [emp_id: 2565] ✓ Updated: 95.78 → 95.86 (VALUE CHANGED)
[2026-02-01 09:48:40]   [emp_id: 2572] ✓ Updated: 45.78 → 45.86 (VALUE CHANGED)
[2026-02-01 09:48:40]   [emp_id: 2637] ✓ Updated: 66.36 → 66.44 (VALUE CHANGED)
[2026-02-01 09:48:40]   [emp_id: 2642] ✓ Updated: 79.11 → 79.19 (VALUE CHANGED)
[2026-02-01 09:48:40]   [emp_id: 2645] ✓ Updated: 95.11 → 95.19 (VALUE CHANGED)
[2026-02-01 09:48:40]   [emp_id: 2648] ✓ Updated: 46.78 → 46.86 (VALUE CHANGED)
[2026-02-01 09:48:40]   [emp_id: 2654] ✓ Updated: 89.45 → 89.53 (VALUE CHANGED)
[2026-02-01 09:48:40]   [emp_id: 2688] ✓ Updated: 27.53 → 27.61 (VALUE CHANGED)
[2026-02-01 09:48:40]   [emp_id: 2690] ✓ Updated: 16.28 → 16.36 (VALUE CHANGED)
[2026-02-01 09:48:40]   [emp_id: 2709] ✓ Updated: 38.53 → 38.61 (VALUE CHANGED)
[2026-02-01 09:48:40]   [emp_id: 2745] ✓ Updated: 35.11 → 35.19 (VALUE CHANGED)
[2026-02-01 09:48:40]   [emp_id: 2843] ✓ Updated: 81.7 → 81.78 (VALUE CHANGED)
[2026-02-01 09:48:40]   [emp_id: 2854] ✓ Updated: 61.61 → 61.69 (VALUE CHANGED)
[2026-02-01 09:48:40]   [emp_id: 2869] ✓ Updated: 5.53 → 5.61 (VALUE CHANGED)
[2026-02-01 09:48:40]   [emp_id: 2876] ✓ Updated: 36.36 → 36.44 (VALUE CHANGED)
[2026-02-01 09:48:40]   [emp_id: 2924] ✓ Updated: 17.53 → 17.61 (VALUE CHANGED)
[2026-02-01 09:48:40]   [emp_id: 2953] ✓ Updated: 103.28 → 103.36 (VALUE CHANGED)
[2026-02-01 09:48:40]   [emp_id: 2961] ✓ Updated: 13.28 → 13.36 (VALUE CHANGED)
[2026-02-01 09:48:40]   [emp_id: 2975] ✓ Updated: 2.96 → 3.04 (VALUE CHANGED)
[2026-02-01 09:48:40]   [emp_id: 3013] ✓ Updated: 12.28 → 12.36 (VALUE CHANGED)
[2026-02-01 09:48:40]   [emp_id: 3014] ✓ Updated: 91.53 → 91.61 (VALUE CHANGED)
[2026-02-01 09:48:40]   [emp_id: 3015] ✓ Updated: 2.78 → 2.86 (VALUE CHANGED)
[2026-02-01 09:48:40]   [emp_id: 3018] ✓ Updated: 61.53 → 61.61 (VALUE CHANGED)
[2026-02-01 09:48:40]   [emp_id: 3025] ✓ Updated: 25.3 → 25.38 (VALUE CHANGED)
[2026-02-01 09:48:40]   [emp_id: 3037] ✓ Updated: 85.03 → 85.11 (VALUE CHANGED)
[2026-02-01 09:48:40]   [emp_id: 3047] ✓ Updated: 73.28 → 73.36 (VALUE CHANGED)
[2026-02-01 09:48:40]   [emp_id: 3061] ✓ Updated: 20.2 → 20.28 (VALUE CHANGED)
[2026-02-01 09:48:40]   [emp_id: 3062] ✓ Updated: 53.36 → 53.44 (VALUE CHANGED)
[2026-02-01 09:48:40]   [emp_id: 3074] ✓ Updated: 109.78 → 109.86 (VALUE CHANGED)
[2026-02-01 09:48:40]   [emp_id: 3089] ✓ Updated: 8.7 → 8.78 (VALUE CHANGED)
[2026-02-01 09:48:40]   [emp_id: 3090] ✓ Updated: 35.28 → 35.36 (VALUE CHANGED)
[2026-02-01 09:48:40]   [emp_id: 3091] ✓ Updated: 47.28 → 47.36 (VALUE CHANGED)
[2026-02-01 09:48:40]   [emp_id: 3092] ✓ Updated: 29.95 → 30.03 (VALUE CHANGED)
[2026-02-01 09:48:40]   [emp_id: 3105] ✓ Updated: 50.28 → 50.36 (VALUE CHANGED)
[2026-02-01 09:48:40]   [emp_id: 3134] ✓ Updated: 46.03 → 46.11 (VALUE CHANGED)
[2026-02-01 09:48:40]   [emp_id: 3140] ✓ Updated: 43.11 → 43.19 (VALUE CHANGED)
[2026-02-01 09:48:40]   [emp_id: 3144] ✓ Updated: 15.95 → 16.03 (VALUE CHANGED)
[2026-02-01 09:48:40]   [emp_id: 3156] ✓ Updated: 19.28 → 19.36 (VALUE CHANGED)
[2026-02-01 09:48:40]   [emp_id: 3162] ✓ Updated: 4.26 → 4.34 (VALUE CHANGED)
[2026-02-01 09:48:40]   [emp_id: 3163] ✓ Updated: 7.53 → 7.61 (VALUE CHANGED)
[2026-02-01 09:48:40]   [emp_id: 3198] ✓ Updated: 42.53 → 42.61 (VALUE CHANGED)
[2026-02-01 09:48:40]   [emp_id: 3205] ✓ Updated: 19.2 → 19.28 (VALUE CHANGED)
[2026-02-01 09:48:40]   [emp_id: 3209] ✓ Updated: 43.36 → 43.44 (VALUE CHANGED)
[2026-02-01 09:48:41]   [emp_id: 3223] ✓ Updated: 92.28 → 92.36 (VALUE CHANGED)
[2026-02-01 09:48:41]   [emp_id: 3224] ✓ Updated: 67.03 → 67.11 (VALUE CHANGED)
[2026-02-01 09:48:41]   [emp_id: 3230] ✓ Updated: 90.45 → 90.53 (VALUE CHANGED)
[2026-02-01 09:48:41]   [emp_id: 3231] ✓ Updated: 2.82 → 2.9 (VALUE CHANGED)
[2026-02-01 09:48:41]   [emp_id: 3233] ✓ Updated: 83.28 → 83.36 (VALUE CHANGED)
[2026-02-01 09:48:41]   [emp_id: 3249] ✓ Updated: 39.11 → 39.19 (VALUE CHANGED)
[2026-02-01 09:48:41]   [emp_id: 3250] ✓ Updated: 12.11 → 12.19 (VALUE CHANGED)
[2026-02-01 09:48:41]   [emp_id: 3252] ✓ Updated: 13.03 → 13.11 (VALUE CHANGED)
[2026-02-01 09:48:41]   [emp_id: 3254] ✓ Updated: 23.53 → 23.61 (VALUE CHANGED)
[2026-02-01 09:48:41]   [emp_id: 3255] ✓ Updated: 19.95 → 20.03 (VALUE CHANGED)
[2026-02-01 09:48:41]   [emp_id: 3256] ✓ Updated: 16.2 → 16.28 (VALUE CHANGED)
[2026-02-01 09:48:41]   [emp_id: 3263] ✓ Updated: 32.28 → 32.36 (VALUE CHANGED)
[2026-02-01 09:48:41]   [emp_id: 3265] ✓ Updated: 27.86 → 27.94 (VALUE CHANGED)
[2026-02-01 09:48:41]   [emp_id: 3280] ✓ Updated: 74.78 → 74.86 (VALUE CHANGED)
[2026-02-01 09:48:41]   [emp_id: 3286] ✓ Updated: 17.95 → 18.03 (VALUE CHANGED)
[2026-02-01 09:48:41]   [emp_id: 3294] ✓ Updated: 17.61 → 17.69 (VALUE CHANGED)
[2026-02-01 09:48:41]   [emp_id: 3321] ✓ Updated: 74.78 → 74.86 (VALUE CHANGED)
[2026-02-01 09:48:41]   [emp_id: 3325] ✓ Updated: 62.53 → 62.61 (VALUE CHANGED)
[2026-02-01 09:48:41]   [emp_id: 3329] ✓ Updated: 64.86 → 64.94 (VALUE CHANGED)
[2026-02-01 09:48:41]   [emp_id: 3330] ✓ Updated: 64.86 → 64.94 (VALUE CHANGED)
[2026-02-01 09:48:41]   [emp_id: 3332] ✓ Updated: 64.86 → 64.94 (VALUE CHANGED)
[2026-02-01 09:48:41]   [emp_id: 3370] ✓ Updated: 56.37 → 56.45 (VALUE CHANGED)
[2026-02-01 09:48:41]   [emp_id: 3384] ✓ Updated: 17.03 → 17.11 (VALUE CHANGED)
[2026-02-01 09:48:41]   [emp_id: 3386] ✓ Updated: 47.03 → 47.11 (VALUE CHANGED)
[2026-02-01 09:48:41]   [emp_id: 3431] ✓ Updated: 21.45 → 21.53 (VALUE CHANGED)
[2026-02-01 09:48:41]   [emp_id: 3497] ✓ Updated: 11.61 → 11.69 (VALUE CHANGED)
[2026-02-01 09:48:41]   [emp_id: 3532] ✓ Updated: 2.45 → 2.53 (VALUE CHANGED)
[2026-02-01 09:48:41]   [emp_id: 3602] ✓ Updated: 4.02 → 4.1 (VALUE CHANGED)
[2026-02-01 09:48:41]   [emp_id: 3618] ✓ Updated: 26 → 26.08 (VALUE CHANGED)
[2026-02-01 09:48:41]   [emp_id: 3622] ✓ Updated: 36.33 → 36.39 (VALUE CHANGED)
[2026-02-01 09:48:41]   [emp_id: 3627] ✓ Updated: 11.95 → 12.03 (VALUE CHANGED)
[2026-02-01 09:48:41]   [emp_id: 3665] ✓ Updated: 53.53 → 53.61 (VALUE CHANGED)
[2026-02-01 09:48:41]   [emp_id: 3705] ✓ Updated: 29.66 → 29.72 (VALUE CHANGED)
[2026-02-01 09:48:41]   [emp_id: 3724] ✓ Updated: 46.53 → 46.61 (VALUE CHANGED)
[2026-02-01 09:48:41]   [emp_id: 3726] ✓ Updated: 62.95 → 63.03 (VALUE CHANGED)
[2026-02-01 09:48:41]   [emp_id: 3727] ✓ Updated: 68.03 → 68.11 (VALUE CHANGED)
[2026-02-01 09:48:41]   [emp_id: 3728] ✓ Updated: 12.36 → 12.44 (VALUE CHANGED)
[2026-02-01 09:48:41]   [emp_id: 3767] ✓ Updated: 3.11 → 3.19 (VALUE CHANGED)
[2026-02-01 09:48:41]   [emp_id: 3768] ✓ Updated: 59.36 → 59.44 (VALUE CHANGED)
[2026-02-01 09:48:41]   [emp_id: 3787] ✓ Updated: 59.95 → 60.03 (VALUE CHANGED)
[2026-02-01 09:48:41]   [emp_id: 3790] ✓ Updated: 4.5 → 4.58 (VALUE CHANGED)
[2026-02-01 09:48:41]   [emp_id: 3795] ✓ Updated: 17.45 → 17.53 (VALUE CHANGED)
[2026-02-01 09:48:41]   [emp_id: 3798] ✓ Updated: 95.86 → 95.94 (VALUE CHANGED)
[2026-02-01 09:48:41]   [emp_id: 3801] ✓ Updated: 4.13 → 4.21 (VALUE CHANGED)
[2026-02-01 09:48:41]   [emp_id: 3802] ✓ Updated: 33.11 → 33.19 (VALUE CHANGED)
[2026-02-01 09:48:41]   [emp_id: 3803] ✓ Updated: 117.53 → 117.61 (VALUE CHANGED)
[2026-02-01 09:48:41]   [emp_id: 3810] ✓ Updated: 63.53 → 63.61 (VALUE CHANGED)
[2026-02-01 09:48:41]   [emp_id: 3812] ✓ Updated: 92.53 → 92.61 (VALUE CHANGED)
[2026-02-01 09:48:41]   [emp_id: 3815] ✓ Updated: 92.53 → 92.61 (VALUE CHANGED)
[2026-02-01 09:48:41]   [emp_id: 3836] ✓ Updated: 60.2 → 60.28 (VALUE CHANGED)
[2026-02-01 09:48:41]   [emp_id: 3855] ✓ Updated: 53.36 → 53.44 (VALUE CHANGED)
[2026-02-01 09:48:42]   [emp_id: 3857] ✓ Updated: 57.03 → 57.11 (VALUE CHANGED)
[2026-02-01 09:48:42]   [emp_id: 3862] ✓ Updated: 105.11 → 105.19 (VALUE CHANGED)
[2026-02-01 09:48:42]   [emp_id: 3866] ✓ Updated: 30.36 → 30.44 (VALUE CHANGED)
[2026-02-01 09:48:42]   [emp_id: 3876] ✓ Updated: 26.53 → 26.61 (VALUE CHANGED)
[2026-02-01 09:48:42]   [emp_id: 3877] ✓ Updated: 52.03 → 52.11 (VALUE CHANGED)
[2026-02-01 09:48:42]   [emp_id: 3897] ✓ Updated: 40.28 → 40.36 (VALUE CHANGED)
[2026-02-01 09:48:42]   [emp_id: 3899] ✓ Updated: 2.1 → 2.18 (VALUE CHANGED)
[2026-02-01 09:48:42]   [emp_id: 3928] ✓ Updated: 16.36 → 16.44 (VALUE CHANGED)
[2026-02-01 09:48:42]   [emp_id: 3929] ✓ Updated: 11.36 → 11.44 (VALUE CHANGED)
[2026-02-01 09:48:42]   [emp_id: 3935] ✓ Updated: 96.36 → 96.44 (VALUE CHANGED)
[2026-02-01 09:48:42]   [emp_id: 3952] ✓ Updated: 77.7 → 77.78 (VALUE CHANGED)
[2026-02-01 09:48:42]   [emp_id: 3987] ✓ Updated: 16.61 → 16.69 (VALUE CHANGED)
[2026-02-01 09:48:42]   [emp_id: 4059] ✓ Updated: 5.81 → 5.89 (VALUE CHANGED)
[2026-02-01 09:48:42]   [emp_id: 4119] ✓ Updated: 59.28 → 59.36 (VALUE CHANGED)
[2026-02-01 09:48:42]   [emp_id: 4120] ✓ Updated: 28.86 → 28.94 (VALUE CHANGED)
[2026-02-01 09:48:42]   [emp_id: 4124] ✓ Updated: 29.38 → 29.46 (VALUE CHANGED)
[2026-02-01 09:48:42]   [emp_id: 4133] ✓ Updated: 107.86 → 107.94 (VALUE CHANGED)
[2026-02-01 09:48:42]   [emp_id: 4134] ✓ Updated: 28.86 → 28.94 (VALUE CHANGED)
[2026-02-01 09:48:42]   [emp_id: 4136] ✓ Updated: 28.86 → 28.94 (VALUE CHANGED)
[2026-02-01 09:48:42]   [emp_id: 4150] ✓ Updated: 27.53 → 27.61 (VALUE CHANGED)
[2026-02-01 09:48:42]   [emp_id: 4157] ✓ Updated: 21.03 → 21.11 (VALUE CHANGED)
[2026-02-01 09:48:42]   [emp_id: 4172] ✓ Updated: 14.24 → 14.3 (VALUE CHANGED)
[2026-02-01 09:48:42]   [emp_id: 4195] ✓ Updated: 64.61 → 64.69 (VALUE CHANGED)
[2026-02-01 09:48:42]   [emp_id: 4215] ✓ Updated: 47.28 → 47.36 (VALUE CHANGED)
[2026-02-01 09:48:42]   [emp_id: 4220] ✓ Updated: 42.86 → 42.94 (VALUE CHANGED)
[2026-02-01 09:48:42]   [emp_id: 4273] ✓ Updated: 11.53 → 11.61 (VALUE CHANGED)
[2026-02-01 09:48:42]   [emp_id: 4283] ✓ Updated: 15.33 → 15.39 (VALUE CHANGED)
[2026-02-01 09:48:42]   [emp_id: 4288] ✓ Updated: 2.1 → 2.18 (VALUE CHANGED)
[2026-02-01 09:48:42]   [emp_id: 4315] ✓ Updated: 14.78 → 14.86 (VALUE CHANGED)
[2026-02-01 09:48:42]   [emp_id: 4328] ✓ Updated: 44.16 → 44.22 (VALUE CHANGED)
[2026-02-01 09:48:42]   [emp_id: 4329] ✓ Updated: 7.95 → 8.03 (VALUE CHANGED)
[2026-02-01 09:48:42]   [emp_id: 4338] ✓ Updated: 49.53 → 49.61 (VALUE CHANGED)
[2026-02-01 09:48:42]   [emp_id: 4340] ✓ Updated: 111.53 → 111.61 (VALUE CHANGED)
[2026-02-01 09:48:42]   [emp_id: 4365] ✓ Updated: 62.95 → 63.03 (VALUE CHANGED)
[2026-02-01 09:48:42]   [emp_id: 4366] ✓ Updated: 62.03 → 62.11 (VALUE CHANGED)
[2026-02-01 09:48:42]   [emp_id: 4403] ✓ Updated: 87.86 → 87.94 (VALUE CHANGED)
[2026-02-01 09:48:42]   [emp_id: 4438] ✓ Updated: 23.53 → 23.61 (VALUE CHANGED)
[2026-02-01 09:48:42]   [emp_id: 4465] ✓ Updated: 14.49 → 14.55 (VALUE CHANGED)
[2026-02-01 09:48:42]   [emp_id: 4473] ✓ Updated: 47.11 → 47.19 (VALUE CHANGED)
[2026-02-01 09:48:42]   [emp_id: 4474] ✓ Updated: 5 → 5.06 (VALUE CHANGED)
[2026-02-01 09:48:42]   [emp_id: 4493] ✓ Updated: 165.95 → 166.03 (VALUE CHANGED)
[2026-02-01 09:48:42]   [emp_id: 4526] ✓ Updated: 38.2 → 38.28 (VALUE CHANGED)
[2026-02-01 09:48:42]   [emp_id: 4528] ✓ Updated: 109.95 → 110.03 (VALUE CHANGED)
[2026-02-01 09:48:42]   [emp_id: 4528] ✓ Updated: 109.95 → 110.03 (VALUE CHANGED)
[2026-02-01 09:48:42]   [emp_id: 4532] ✓ Updated: 9.61 → 9.67 (VALUE CHANGED)
[2026-02-01 09:48:42]   [emp_id: 4533] ✓ Updated: 38.36 → 38.44 (VALUE CHANGED)
[2026-02-01 09:48:42]   [emp_id: 4565] ✓ Updated: 16.99 → 17.05 (VALUE CHANGED)
[2026-02-01 09:48:42]   [emp_id: 4567] ✓ Updated: 21.24 → 21.3 (VALUE CHANGED)
[2026-02-01 09:48:42]   [emp_id: 4572] ✓ Updated: 60.74 → 60.8 (VALUE CHANGED)
[2026-02-01 09:48:42]   [emp_id: 4631] ✓ Updated: 16.99 → 17.05 (VALUE CHANGED)
[2026-02-01 09:48:42]   [emp_id: 4655] ✓ Updated: 27.28 → 27.36 (VALUE CHANGED)
[2026-02-01 09:48:42]   [emp_id: 4709] ✓ Updated: 42.53 → 42.61 (VALUE CHANGED)
[2026-02-01 09:48:42]   [emp_id: 4717] ✓ Updated: 68.53 → 68.61 (VALUE CHANGED)
[2026-02-01 09:48:42]   [emp_id: 4736] ✓ Updated: 30.36 → 30.44 (VALUE CHANGED)
[2026-02-01 09:48:42]   [emp_id: 4756] ✓ Updated: 13.43 → 13.49 (VALUE CHANGED)
[2026-02-01 09:48:43]   [emp_id: 4768] ✓ Updated: 16.03 → 16.11 (VALUE CHANGED)
[2026-02-01 09:48:43]   [emp_id: 4780] ✓ Updated: 67.16 → 67.22 (VALUE CHANGED)
[2026-02-01 09:48:43]   [emp_id: 4820] ✓ Updated: 101.36 → 101.44 (VALUE CHANGED)
[2026-02-01 09:48:43]   [emp_id: 4824] ✓ Updated: 4.54 → 4.62 (VALUE CHANGED)
[2026-02-01 09:48:43]   [emp_id: 4825] ✓ Updated: 33.11 → 33.19 (VALUE CHANGED)
[2026-02-01 09:48:43]   [emp_id: 4837] ✓ Updated: 47.15 → 47.21 (VALUE CHANGED)
[2026-02-01 09:48:43]   [emp_id: 4840] ✓ Updated: 47.15 → 47.21 (VALUE CHANGED)
[2026-02-01 09:48:43]   [emp_id: 4842] ✓ Updated: 46.39 → 46.45 (VALUE CHANGED)
[2026-02-01 09:48:43]   [emp_id: 4843] ✓ Updated: 46.92 → 46.98 (VALUE CHANGED)
[2026-02-01 09:48:43]   [emp_id: 4853] ✓ Updated: 90.74 → 90.8 (VALUE CHANGED)
[2026-02-01 09:48:43]   [emp_id: 4856] ✓ Updated: 44.06 → 44.12 (VALUE CHANGED)
[2026-02-01 09:48:43]   [emp_id: 4857] ✓ Updated: 26.88 → 26.94 (VALUE CHANGED)
[2026-02-01 09:48:43]   [emp_id: 4858] ✓ Updated: 23.76 → 23.82 (VALUE CHANGED)
[2026-02-01 09:48:43]   [emp_id: 4859] ✓ Updated: 45.23 → 45.29 (VALUE CHANGED)
[2026-02-01 09:48:43]   [emp_id: 4860] ✓ Updated: 9.73 → 9.79 (VALUE CHANGED)
[2026-02-01 09:48:43]   [emp_id: 4861] ✓ Updated: 43.19 → 43.25 (VALUE CHANGED)
[2026-02-01 09:48:43]   [emp_id: 4869] ✓ Updated: 86.07 → 86.13 (VALUE CHANGED)
[2026-02-01 09:48:43]   [emp_id: 4894] ✓ Updated: 10.03 → 10.11 (VALUE CHANGED)
[2026-02-01 09:48:43]   [emp_id: 4897] ✓ Updated: 24.97 → 25.03 (VALUE CHANGED)
[2026-02-01 09:48:43]   [emp_id: 4899] ✓ Updated: 21.14 → 21.2 (VALUE CHANGED)
[2026-02-01 09:48:43]   [emp_id: 4902] ✓ Updated: 20.56 → 20.62 (VALUE CHANGED)
[2026-02-01 09:48:43]   [emp_id: 4903] ✓ Updated: 22.78 → 22.84 (VALUE CHANGED)
[2026-02-01 09:48:43]   [emp_id: 4905] ✓ Updated: 21.44 → 21.5 (VALUE CHANGED)
[2026-02-01 09:48:43]   [emp_id: 4907] ✓ Updated: 50.11 → 50.19 (VALUE CHANGED)
[2026-02-01 09:48:43]   [emp_id: 4917] ✓ Updated: 18.4 → 18.46 (VALUE CHANGED)
[2026-02-01 09:48:43]   [emp_id: 4918] ✓ Updated: 8.17 → 8.23 (VALUE CHANGED)
[2026-02-01 09:48:43]   [emp_id: 4919] ✓ Updated: 60.46 → 60.52 (VALUE CHANGED)
[2026-02-01 09:48:43]   [emp_id: 4920] ✓ Updated: 7.54 → 7.6 (VALUE CHANGED)
[2026-02-01 09:48:43]   [emp_id: 4921] ✓ Updated: 19.63 → 19.69 (VALUE CHANGED)
[2026-02-01 09:48:43]   [emp_id: 4927] ✓ Updated: 18.46 → 18.52 (VALUE CHANGED)
[2026-02-01 09:48:43]   [emp_id: 4929] ✓ Updated: 19.98 → 20.04 (VALUE CHANGED)
[2026-02-01 09:48:43]   [emp_id: 4930] ✓ Updated: 60.75 → 60.81 (VALUE CHANGED)
[2026-02-01 09:48:43]   [emp_id: 4932] ✓ Updated: 18.75 → 18.81 (VALUE CHANGED)
[2026-02-01 09:48:43]   [emp_id: 4933] ✓ Updated: 22.16 → 22.22 (VALUE CHANGED)
[2026-02-01 09:48:43]   [emp_id: 4949] ✓ Updated: 25.59 → 25.65 (VALUE CHANGED)
[2026-02-01 09:48:43]   [emp_id: 4956] ✓ Updated: 31.18 → 31.24 (VALUE CHANGED)
[2026-02-01 09:48:43]   [emp_id: 4957] ✓ Updated: 26.85 → 26.91 (VALUE CHANGED)
[2026-02-01 09:48:43]   [emp_id: 4962] ✓ Updated: 49.47 → 49.55 (VALUE CHANGED)
[2026-02-01 09:48:43]   [emp_id: 4969] ✓ Updated: 48.78 → 48.86 (VALUE CHANGED)
[2026-02-01 09:48:43]   [emp_id: 4976] ✓ Updated: 11.87 → 11.93 (VALUE CHANGED)
[2026-02-01 09:48:43]   [emp_id: 4984] ✓ Updated: 40.03 → 40.11 (VALUE CHANGED)
[2026-02-01 09:48:43]   [emp_id: 4995] ✓ Updated: 52.1 → 52.18 (VALUE CHANGED)
[2026-02-01 09:48:43]   [emp_id: 5004] ✓ Updated: 28.81 → 28.87 (VALUE CHANGED)
[2026-02-01 09:48:43]   [emp_id: 5006] ✓ Updated: 28.55 → 28.61 (VALUE CHANGED)
[2026-02-01 09:48:43]   [emp_id: 5011] ✓ Updated: 7.88 → 7.96 (VALUE CHANGED)
[2026-02-01 09:48:43]   [emp_id: 5013] ✓ Updated: 68.92 → 68.98 (VALUE CHANGED)
[2026-02-01 09:48:43]   [emp_id: 5018] ✓ Updated: 5.41 → 5.47 (VALUE CHANGED)
[2026-02-01 09:48:43]   [emp_id: 5021] ✓ Updated: 63.13 → 63.21 (VALUE CHANGED)
[2026-02-01 09:48:43]   [emp_id: 5024] ✓ Updated: 3.43 → 3.49 (VALUE CHANGED)
[2026-02-01 09:48:43]   [emp_id: 5030] ✓ Updated: 33.38 → 33.44 (VALUE CHANGED)
[2026-02-01 09:48:43]   [emp_id: 5033] ✓ Updated: 12.18 → 12.24 (VALUE CHANGED)
[2026-02-01 09:48:43]   [emp_id: 5043] ✓ Updated: 32.7 → 32.78 (VALUE CHANGED)
[2026-02-01 09:48:43]   [emp_id: 5045] ✓ Updated: 29.2 → 29.28 (VALUE CHANGED)
[2026-02-01 09:48:43]   [emp_id: 5046] ✓ Updated: 24.39 → 24.47 (VALUE CHANGED)
[2026-02-01 09:48:43]   [emp_id: 5049] ✓ Updated: 0.86 → 0.92 (VALUE CHANGED)
[2026-02-01 09:48:43]   [emp_id: 5052] ✓ Updated: 32.14 → 32.2 (VALUE CHANGED)
[2026-02-01 09:48:43]   [emp_id: 5055] ✓ Updated: 20.58 → 20.64 (VALUE CHANGED)
[2026-02-01 09:48:43]   [emp_id: 5058] ✓ Updated: 29.56 → 29.62 (VALUE CHANGED)
[2026-02-01 09:48:44]   [emp_id: 5062] ✓ Updated: 41.39 → 41.45 (VALUE CHANGED)
[2026-02-01 09:48:44]   [emp_id: 5064] ✓ Updated: 120.03 → 120.11 (VALUE CHANGED)
[2026-02-01 09:48:44]   [emp_id: 5065] ✓ Updated: 40.8 → 40.86 (VALUE CHANGED)
[2026-02-01 09:48:44]   [emp_id: 5071] ✓ Updated: 25.53 → 25.61 (VALUE CHANGED)
[2026-02-01 09:48:44]   [emp_id: 5073] ✓ Updated: 15.4 → 15.46 (VALUE CHANGED)
[2026-02-01 09:48:44]   [emp_id: 5079] ✓ Updated: 35.96 → 36.02 (VALUE CHANGED)
[2026-02-01 09:48:44]   [emp_id: 5080] ✓ Updated: 29.29 → 29.35 (VALUE CHANGED)
[2026-02-01 09:48:44]   [emp_id: 5081] ✓ Updated: 17.55 → 17.61 (VALUE CHANGED)
[2026-02-01 09:48:44]   [emp_id: 5087] ✓ Updated: 37.59 → 37.65 (VALUE CHANGED)
[2026-02-01 09:48:44]   [emp_id: 5091] ✓ Updated: 77.44 → 77.5 (VALUE CHANGED)
[2026-02-01 09:48:44]   [emp_id: 5093] ✓ Updated: 16.7 → 16.78 (VALUE CHANGED)
[2026-02-01 09:48:44]   [emp_id: 5095] ✓ Updated: 2.98 → 3.04 (VALUE CHANGED)
[2026-02-01 09:48:44]   [emp_id: 5101] ✓ Updated: 18.78 → 18.86 (VALUE CHANGED)
[2026-02-01 09:48:44]   [emp_id: 5107] ✓ Updated: 17.11 → 17.19 (VALUE CHANGED)
[2026-02-01 09:48:44]   [emp_id: 5109] ✓ Updated: 14.36 → 14.44 (VALUE CHANGED)
[2026-02-01 09:48:44]   [emp_id: 5119] ✓ Updated: 12.53 → 12.61 (VALUE CHANGED)
[2026-02-01 09:48:44]   [emp_id: 5122] ✓ Updated: 9.7 → 9.78 (VALUE CHANGED)
[2026-02-01 09:48:44]   [emp_id: 5126] ✓ Updated: 28.32 → 28.38 (VALUE CHANGED)
[2026-02-01 09:48:44]   [emp_id: 5127] ✓ Updated: 7.11 → 7.17 (VALUE CHANGED)
[2026-02-01 09:48:44]   [emp_id: 5128] ✓ Updated: 28.26 → 28.32 (VALUE CHANGED)
[2026-02-01 09:48:44]   [emp_id: 5138] ✓ Updated: 52.36 → 52.44 (VALUE CHANGED)
[2026-02-01 09:48:44]   [emp_id: 5138] ✓ Updated: 52.36 → 52.44 (VALUE CHANGED)
[2026-02-01 09:48:44]   [emp_id: 5141] ✓ Updated: 36.63 → 36.69 (VALUE CHANGED)
[2026-02-01 09:48:44]   [emp_id: 5142] ✓ Updated: 15.63 → 15.69 (VALUE CHANGED)
[2026-02-01 09:48:44]   [emp_id: 5146] ✓ Updated: 22.63 → 22.69 (VALUE CHANGED)
[2026-02-01 09:48:44]   [emp_id: 5147] ✓ Updated: 21.63 → 21.69 (VALUE CHANGED)
[2026-02-01 09:48:44]   [emp_id: 5148] ✓ Updated: 26.98 → 27.04 (VALUE CHANGED)
[2026-02-01 09:48:44]   [emp_id: 5149] ✓ Updated: 25.87 → 25.93 (VALUE CHANGED)
[2026-02-01 09:48:44]   [emp_id: 5150] ✓ Updated: 25.23 → 25.29 (VALUE CHANGED)
[2026-02-01 09:48:44]   [emp_id: 5151] ✓ Updated: 25.05 → 25.11 (VALUE CHANGED)
[2026-02-01 09:48:44]   [emp_id: 5152] ✓ Updated: 5.47 → 5.53 (VALUE CHANGED)
[2026-02-01 09:48:44]   [emp_id: 5157] ✓ Updated: 25.05 → 25.11 (VALUE CHANGED)
[2026-02-01 09:48:44]   [emp_id: 5160] ✓ Updated: 25.05 → 25.11 (VALUE CHANGED)
[2026-02-01 09:48:44]   [emp_id: 5163] ✓ Updated: 22.84 → 22.9 (VALUE CHANGED)
[2026-02-01 09:48:44]   [emp_id: 5165] ✓ Updated: 3.8 → 3.88 (VALUE CHANGED)
[2026-02-01 09:48:44]   [emp_id: 5167] ✓ Updated: 31.99 → 32.05 (VALUE CHANGED)
[2026-02-01 09:48:44]   [emp_id: 5168] ✓ Updated: 24.53 → 24.59 (VALUE CHANGED)
[2026-02-01 09:48:44]   [emp_id: 5173] ✓ Updated: 27.45 → 27.53 (VALUE CHANGED)
[2026-02-01 09:48:44]   [emp_id: 5174] ✓ Updated: 24.99 → 25.05 (VALUE CHANGED)
[2026-02-01 09:48:44]   [emp_id: 5181] ✓ Updated: 21.38 → 21.44 (VALUE CHANGED)
[2026-02-01 09:48:44]   [emp_id: 5186] ✓ Updated: 26.91 → 26.97 (VALUE CHANGED)
[2026-02-01 09:48:44]   [emp_id: 5187] ✓ Updated: 37.91 → 37.97 (VALUE CHANGED)
[2026-02-01 09:48:44]   [emp_id: 5204] ✓ Updated: 24.95 → 25.03 (VALUE CHANGED)
[2026-02-01 09:48:44]   [emp_id: 5205] ✓ Updated: 14.12 → 14.18 (VALUE CHANGED)
[2026-02-01 09:48:44]   [emp_id: 5209] ✓ Updated: 17.12 → 17.18 (VALUE CHANGED)
[2026-02-01 09:48:44]   [emp_id: 5213] ✓ Updated: 4.53 → 4.59 (VALUE CHANGED)
[2026-02-01 09:48:44]   [emp_id: 5214] ✓ Updated: 3.37 → 3.43 (VALUE CHANGED)
[2026-02-01 09:48:44]   [emp_id: 5215] ✓ Updated: 12.12 → 12.18 (VALUE CHANGED)
[2026-02-01 09:48:44]   [emp_id: 5217] ✓ Updated: 11.12 → 11.18 (VALUE CHANGED)
[2026-02-01 09:48:44]   [emp_id: 5219] ✓ Updated: 15.12 → 15.18 (VALUE CHANGED)
[2026-02-01 09:48:44]   [emp_id: 5221] ✓ Updated: 4.43 → 4.49 (VALUE CHANGED)
[2026-02-01 09:48:44]   [emp_id: 5224] ✓ Updated: 16.12 → 16.18 (VALUE CHANGED)
[2026-02-01 09:48:44]   [emp_id: 5225] ✓ Updated: 8.43 → 8.49 (VALUE CHANGED)
[2026-02-01 09:48:44]   [emp_id: 5228] ✓ Updated: 11.12 → 11.18 (VALUE CHANGED)
[2026-02-01 09:48:45]   [emp_id: 5229] ✓ Updated: 7.12 → 7.18 (VALUE CHANGED)
[2026-02-01 09:48:45]   [emp_id: 5230] ✓ Updated: 11.79 → 11.85 (VALUE CHANGED)
[2026-02-01 09:48:45]   [emp_id: 5231] ✓ Updated: 8.12 → 8.18 (VALUE CHANGED)
[2026-02-01 09:48:45]   [emp_id: 5232] ✓ Updated: 2.12 → 2.18 (VALUE CHANGED)
[2026-02-01 09:48:45]   [emp_id: 5233] ✓ Updated: 6.12 → 6.18 (VALUE CHANGED)
[2026-02-01 09:48:45]   [emp_id: 5234] ✓ Updated: 6.12 → 6.18 (VALUE CHANGED)
[2026-02-01 09:48:45]   [emp_id: 5235] ✓ Updated: 1.56 → 1.62 (VALUE CHANGED)
[2026-02-01 09:48:45]   [emp_id: 5237] ✓ Updated: 12.37 → 12.43 (VALUE CHANGED)
[2026-02-01 09:48:45]   [emp_id: 5239] ✓ Updated: 9.12 → 9.18 (VALUE CHANGED)
[2026-02-01 09:48:45]   [emp_id: 5241] ✓ Updated: 7.12 → 7.18 (VALUE CHANGED)
[2026-02-01 09:48:45]   [emp_id: 5242] ✓ Updated: 17.12 → 17.18 (VALUE CHANGED)
[2026-02-01 09:48:45]   [emp_id: 5243] ✓ Updated: 3.53 → 3.59 (VALUE CHANGED)
[2026-02-01 09:48:45]   [emp_id: 5244] ✓ Updated: 1.56 → 1.62 (VALUE CHANGED)
[2026-02-01 09:48:45]   [emp_id: 5246] ✓ Updated: 13.12 → 13.18 (VALUE CHANGED)
[2026-02-01 09:48:45]   [emp_id: 5253] ✓ Updated: 25.99 → 26.05 (VALUE CHANGED)
[2026-02-01 09:48:45]   [emp_id: 5254] ✓ Updated: 13.97 → 14.03 (VALUE CHANGED)
[2026-02-01 09:48:45]   [emp_id: 5257] ✓ Updated: 13.68 → 13.74 (VALUE CHANGED)
[2026-02-01 09:48:45]   [emp_id: 5259] ✓ Updated: 50.21 → 50.27 (VALUE CHANGED)
[2026-02-01 09:48:45]   [emp_id: 5261] ✓ Updated: 18.55 → 18.63 (VALUE CHANGED)
[2026-02-01 09:48:45]   [emp_id: 5264] ✓ Updated: 15.69 → 15.75 (VALUE CHANGED)
[2026-02-01 09:48:45]   [emp_id: 5266] ✓ Updated: 22.31 → 22.37 (VALUE CHANGED)
[2026-02-01 09:48:45]   [emp_id: 5268] ✓ Updated: 10.88 → 10.94 (VALUE CHANGED)
[2026-02-01 09:48:45]   [emp_id: 5271] ✓ Updated: 9.54 → 9.6 (VALUE CHANGED)
[2026-02-01 09:48:45]   [emp_id: 5272] ✓ Updated: 10.41 → 10.47 (VALUE CHANGED)
[2026-02-01 09:48:45]   [emp_id: 5273] ✓ Updated: 25.48 → 25.54 (VALUE CHANGED)
[2026-02-01 09:48:45]   [emp_id: 5275] ✓ Updated: 11.23 → 11.29 (VALUE CHANGED)
[2026-02-01 09:48:45]   [emp_id: 5276] ✓ Updated: 25.5 → 25.56 (VALUE CHANGED)
[2026-02-01 09:48:45]   [emp_id: 5278] ✓ Updated: 9.89 → 9.95 (VALUE CHANGED)
[2026-02-01 09:48:45]   [emp_id: 5280] ✓ Updated: 20.29 → 20.35 (VALUE CHANGED)
[2026-02-01 09:48:45]   [emp_id: 5282] ✓ Updated: 14.03 → 14.11 (VALUE CHANGED)
[2026-02-01 09:48:45]   [emp_id: 5285] ✓ Updated: 30.29 → 30.35 (VALUE CHANGED)
[2026-02-01 09:48:45]   [emp_id: 5286] ✓ Updated: 17.29 → 17.35 (VALUE CHANGED)
[2026-02-01 09:48:45]   [emp_id: 5287] ✓ Updated: 51.59 → 51.65 (VALUE CHANGED)
[2026-02-01 09:48:45]   [emp_id: 5288] ✓ Updated: 8.86 → 8.92 (VALUE CHANGED)
[2026-02-01 09:48:45]   [emp_id: 5289] ✓ Updated: 50.14 → 50.2 (VALUE CHANGED)
[2026-02-01 09:48:45]   [emp_id: 5290] ✓ Updated: 48.91 → 48.97 (VALUE CHANGED)
[2026-02-01 09:48:45]   [emp_id: 5291] ✓ Updated: 6.91 → 6.97 (VALUE CHANGED)
[2026-02-01 09:48:45]   [emp_id: 5292] ✓ Updated: 6.85 → 6.91 (VALUE CHANGED)
[2026-02-01 09:48:45]   [emp_id: 5293] ✓ Updated: 10.29 → 10.37 (VALUE CHANGED)
[2026-02-01 09:48:45]   [emp_id: 5294] ✓ Updated: 9.95 → 10.03 (VALUE CHANGED)
[2026-02-01 09:48:45]   [emp_id: 5295] ✓ Updated: 23.09 → 23.15 (VALUE CHANGED)
[2026-02-01 09:48:45]   [emp_id: 5296] ✓ Updated: 36.97 → 37.05 (VALUE CHANGED)
[2026-02-01 09:48:45]   [emp_id: 5297] ✓ Updated: 47.51 → 47.57 (VALUE CHANGED)
[2026-02-01 09:48:45]   [emp_id: 5298] ✓ Updated: 47.51 → 47.57 (VALUE CHANGED)
[2026-02-01 09:48:45]   [emp_id: 5299] ✓ Updated: 47.51 → 47.57 (VALUE CHANGED)
[2026-02-01 09:48:45]   [emp_id: 5300] ✓ Updated: 47.51 → 47.57 (VALUE CHANGED)
[2026-02-01 09:48:45]   [emp_id: 5301] ✓ Updated: 5.33 → 5.39 (VALUE CHANGED)
[2026-02-01 09:48:45]   [emp_id: 5303] ✓ Updated: 5.76 → 5.82 (VALUE CHANGED)
[2026-02-01 09:48:45]   [emp_id: 5304] ✓ Updated: 2.51 → 2.57 (VALUE CHANGED)
[2026-02-01 09:48:45]   [emp_id: 5305] ✓ Updated: 5.51 → 5.57 (VALUE CHANGED)
[2026-02-01 09:48:45]   [emp_id: 5306] ✓ Updated: 47.22 → 47.28 (VALUE CHANGED)
[2026-02-01 09:48:45]   [emp_id: 5307] ✓ Updated: 47.22 → 47.28 (VALUE CHANGED)
[2026-02-01 09:48:45]   [emp_id: 5312] ✓ Updated: 1.56 → 1.62 (VALUE CHANGED)
[2026-02-01 09:48:45]   [emp_id: 5318] ✓ Updated: 27.93 → 27.99 (VALUE CHANGED)
[2026-02-01 09:48:45]   [emp_id: 5325] ✓ Updated: 1.89 → 1.95 (VALUE CHANGED)
[2026-02-01 09:48:46]   [emp_id: 5327] ✓ Updated: 2.98 → 3.04 (VALUE CHANGED)
[2026-02-01 09:48:46]   [emp_id: 5337] ✓ Updated: 37.86 → 37.94 (VALUE CHANGED)
[2026-02-01 09:48:46]   [emp_id: 5339] ✓ Updated: 12.08 → 12.14 (VALUE CHANGED)
[2026-02-01 09:48:46]   [emp_id: 5343] ✓ Updated: 47.78 → 47.86 (VALUE CHANGED)
[2026-02-01 09:48:46]   [emp_id: 5343] ✓ Updated: 47.78 → 47.86 (VALUE CHANGED)
[2026-02-01 09:48:46]   [emp_id: 5345] ✓ Updated: 17.61 → 17.69 (VALUE CHANGED)
[2026-02-01 09:48:46]   [emp_id: 5346] ✓ Updated: 3.8 → 3.86 (VALUE CHANGED)
[2026-02-01 09:48:46]   [emp_id: 5351] ✓ Updated: 18.74 → 18.8 (VALUE CHANGED)
[2026-02-01 09:48:46]   [emp_id: 5352] ✓ Updated: 28.03 → 28.11 (VALUE CHANGED)
[2026-02-01 09:48:46]   [emp_id: 5370] ✓ Updated: 17.39 → 17.45 (VALUE CHANGED)
[2026-02-01 09:48:46]   [emp_id: 5371] ✓ Updated: 9.78 → 9.86 (VALUE CHANGED)
[2026-02-01 09:48:46]   [emp_id: 5376] ✓ Updated: 11.99 → 12.05 (VALUE CHANGED)
[2026-02-01 09:48:46]   [emp_id: 5378] ✓ Updated: 19.86 → 19.94 (VALUE CHANGED)
[2026-02-01 09:48:46]   [emp_id: 5380] ✓ Updated: 18.4 → 18.46 (VALUE CHANGED)
[2026-02-01 09:48:46]   [emp_id: 5381] ✓ Updated: 14.3 → 14.38 (VALUE CHANGED)
[2026-02-01 09:48:46]   [emp_id: 5383] ✓ Updated: 17.61 → 17.69 (VALUE CHANGED)
[2026-02-01 09:48:46]   [emp_id: 5388] ✓ Updated: 29.18 → 29.24 (VALUE CHANGED)
[2026-02-01 09:48:46]   [emp_id: 5396] ✓ Updated: 30.42 → 30.48 (VALUE CHANGED)
[2026-02-01 09:48:46]   [emp_id: 5397] ✓ Updated: 21.88 → 21.94 (VALUE CHANGED)
[2026-02-01 09:48:46]   [emp_id: 5401] ✓ Updated: 24.99 → 25.05 (VALUE CHANGED)
[2026-02-01 09:48:46]   [emp_id: 5402] ✓ Updated: 25.11 → 25.17 (VALUE CHANGED)
[2026-02-01 09:48:46]   [emp_id: 5406] ✓ Updated: 18.83 → 18.89 (VALUE CHANGED)
[2026-02-01 09:48:46]   [emp_id: 5407] ✓ Updated: 18.38 → 18.46 (VALUE CHANGED)
[2026-02-01 09:48:46]   [emp_id: 5409] ✓ Updated: 18.17 → 18.23 (VALUE CHANGED)
[2026-02-01 09:48:46]   [emp_id: 5413] ✓ Updated: 30.78 → 30.86 (VALUE CHANGED)
[2026-02-01 09:48:46]   [emp_id: 5414] ✓ Updated: 30.45 → 30.53 (VALUE CHANGED)
[2026-02-01 09:48:46]   [emp_id: 5415] ✓ Updated: 6.38 → 6.46 (VALUE CHANGED)
[2026-02-01 09:48:46]   [emp_id: 5418] ✓ Updated: 17.23 → 17.29 (VALUE CHANGED)
[2026-02-01 09:48:46]   [emp_id: 5422] ✓ Updated: 23.11 → 23.19 (VALUE CHANGED)
[2026-02-01 09:48:46]   [emp_id: 5423] ✓ Updated: 7.8 → 7.88 (VALUE CHANGED)
[2026-02-01 09:48:46]   [emp_id: 5425] ✓ Updated: 15.78 → 15.84 (VALUE CHANGED)
[2026-02-01 09:48:46]   [emp_id: 5426] ✓ Updated: 4.35 → 4.43 (VALUE CHANGED)
[2026-02-01 09:48:46]   [emp_id: 5426] ✓ Updated: 4.35 → 4.43 (VALUE CHANGED)
[2026-02-01 09:48:46]   [emp_id: 5427] ✓ Updated: 15.89 → 15.95 (VALUE CHANGED)
[2026-02-01 09:48:46]   [emp_id: 5428] ✓ Updated: 15.78 → 15.84 (VALUE CHANGED)
[2026-02-01 09:48:46]   [emp_id: 5430] ✓ Updated: 20.17 → 20.25 (VALUE CHANGED)
[2026-02-01 09:48:46]   [emp_id: 5431] ✓ Updated: 14.9 → 14.96 (VALUE CHANGED)
[2026-02-01 09:48:46]   [emp_id: 5433] ✓ Updated: 14.92 → 14.98 (VALUE CHANGED)
[2026-02-01 09:48:46]   [emp_id: 5434] ✓ Updated: 14.67 → 14.73 (VALUE CHANGED)
[2026-02-01 09:48:46]   [emp_id: 5435] ✓ Updated: 14.61 → 14.67 (VALUE CHANGED)
[2026-02-01 09:48:46]   [emp_id: 5436] ✓ Updated: 14.61 → 14.67 (VALUE CHANGED)
[2026-02-01 09:48:46]   [emp_id: 5438] ✓ Updated: 18.03 → 18.11 (VALUE CHANGED)
[2026-02-01 09:48:46]   [emp_id: 5439] ✓ Updated: 27.53 → 27.61 (VALUE CHANGED)
[2026-02-01 09:48:46]   [emp_id: 5442] ✓ Updated: 16.53 → 16.61 (VALUE CHANGED)
[2026-02-01 09:48:46]   [emp_id: 5445] ✓ Updated: 9.07 → 9.13 (VALUE CHANGED)
[2026-02-01 09:48:46]   [emp_id: 5446] ✓ Updated: 9.07 → 9.13 (VALUE CHANGED)
[2026-02-01 09:48:46]   [emp_id: 5447] ✓ Updated: 9.01 → 9.07 (VALUE CHANGED)
[2026-02-01 09:48:46]   [emp_id: 5448] ✓ Updated: 3.55 → 3.63 (VALUE CHANGED)
[2026-02-01 09:48:46]   [emp_id: 5449] ✓ Updated: 7.09 → 7.15 (VALUE CHANGED)
[2026-02-01 09:48:46]   [emp_id: 5450] ✓ Updated: 7.03 → 7.09 (VALUE CHANGED)
[2026-02-01 09:48:46]   [emp_id: 5451] ✓ Updated: 7.03 → 7.09 (VALUE CHANGED)
[2026-02-01 09:48:46]   [emp_id: 5453] ✓ Updated: 6.87 → 6.93 (VALUE CHANGED)
[2026-02-01 09:48:46]   [emp_id: 5454] ✓ Updated: 9.61 → 9.69 (VALUE CHANGED)
[2026-02-01 09:48:46]   [emp_id: 5455] ✓ Updated: 3.86 → 3.94 (VALUE CHANGED)
[2026-02-01 09:48:46]   [emp_id: 5456] ✓ Updated: 8.86 → 8.94 (VALUE CHANGED)
[2026-02-01 09:48:46]   [emp_id: 5457] ✓ Updated: 6.12 → 6.18 (VALUE CHANGED)
[2026-02-01 09:48:46]   [emp_id: 5460] ✓ Updated: 7.51 → 7.59 (VALUE CHANGED)
[2026-02-01 09:48:46]   [emp_id: 5463] ✓ Updated: 6.84 → 6.92 (VALUE CHANGED)
[2026-02-01 09:48:47]   [emp_id: 5464] ✓ Updated: 6.84 → 6.92 (VALUE CHANGED)
[2026-02-01 09:48:47]   [emp_id: 5466] ✓ Updated: 4.59 → 4.67 (VALUE CHANGED)
[2026-02-01 09:48:47]   [emp_id: 5467] ✓ Updated: 3.51 → 3.59 (VALUE CHANGED)
[2026-02-01 09:48:47]   [emp_id: 5468] ✓ Updated: 2.46 → 2.54 (VALUE CHANGED)
[2026-02-01 09:48:47]   [emp_id: 5469] ✓ Updated: 2.37 → 2.45 (VALUE CHANGED)
[2026-02-01 09:48:47] Report saved to: D:\xampp\htdocs\almutlak\system/cron_logs/last_vacation_update_report.json
[2026-02-01 09:49:37] ========== CRON: Vacation Balance Update Started ==========
[2026-02-01 09:49:37] Force level: 0 (0=normal, 1=check missing, 2=full bypass)
[2026-02-01 09:53:31] ========== CRON: Vacation Balance Update Started ==========
[2026-02-01 09:53:31] Force level: 2 (0=normal, 1=check missing, 2=full bypass)
[2026-02-01 09:53:31] FORCE LEVEL 2: Full bypass - updating all balances AND last_updated
[2026-02-01 09:53:31] Database connection established
[2026-02-01 09:53:31] Found 433 active employees with balance records to update
[2026-02-01 09:53:31] (Only employees with status=1 will be processed)
[2026-02-01 09:53:31]   [emp_id: 1061] ✓ Updated: 2.18 → 2.26 (VALUE CHANGED)
[2026-02-01 09:53:31]   [emp_id: 1496] ✓ Updated: 19.03 → 19.11 (VALUE CHANGED)
[2026-02-01 09:53:31]   [emp_id: 1500] ✓ Updated: 6.71 → 6.79 (VALUE CHANGED)
[2026-02-01 09:53:31]   [emp_id: 1574] ✓ Updated: 35.94 → 36.02 (VALUE CHANGED)
[2026-02-01 09:53:31]   [emp_id: 1673] ✓ Updated: 47.44 → 47.52 (VALUE CHANGED)
[2026-02-01 09:53:31]   [emp_id: 1685] ✓ Updated: 17.36 → 17.44 (VALUE CHANGED)
[2026-02-01 09:53:31]   [emp_id: 1764] ✓ Updated: 72.03 → 72.11 (VALUE CHANGED)
[2026-02-01 09:53:31]   [emp_id: 1805] ✓ Updated: 66.36 → 66.44 (VALUE CHANGED)
[2026-02-01 09:53:31]   [emp_id: 1822] ✓ Updated: 71.11 → 71.19 (VALUE CHANGED)
[2026-02-01 09:53:31]   [emp_id: 1837] ✓ Updated: 27.28 → 27.36 (VALUE CHANGED)
[2026-02-01 09:53:31]   [emp_id: 1857] ✓ Updated: 22.61 → 22.69 (VALUE CHANGED)
[2026-02-01 09:53:31]   [emp_id: 1861] ✓ Updated: 73.44 → 73.52 (VALUE CHANGED)
[2026-02-01 09:53:31]   [emp_id: 1872] ✓ Updated: 12.28 → 12.36 (VALUE CHANGED)
[2026-02-01 09:53:31]   [emp_id: 1897] ✓ Updated: 7.61 → 7.69 (VALUE CHANGED)
[2026-02-01 09:53:31]   [emp_id: 1916] ✓ Updated: 13.91 → 13.99 (VALUE CHANGED)
[2026-02-01 09:53:31]   [emp_id: 1928] ✓ Updated: 66.86 → 66.94 (VALUE CHANGED)
[2026-02-01 09:53:31]   [emp_id: 1931] ✓ Updated: 86.78 → 86.86 (VALUE CHANGED)
[2026-02-01 09:53:31]   [emp_id: 1944] ✓ Updated: 44.94 → 45.02 (VALUE CHANGED)
[2026-02-01 09:53:31]   [emp_id: 1996] ✓ Updated: 73.44 → 73.52 (VALUE CHANGED)
[2026-02-01 09:53:31]   [emp_id: 1997] ✓ Updated: 38.61 → 38.69 (VALUE CHANGED)
[2026-02-01 09:53:31]   [emp_id: 1998] ✓ Updated: 30.05 → 30.13 (VALUE CHANGED)
[2026-02-01 09:53:31]   [emp_id: 1999] ✓ Updated: 31.05 → 31.13 (VALUE CHANGED)
[2026-02-01 09:53:31]   [emp_id: 2009] ✓ Updated: 37.36 → 37.44 (VALUE CHANGED)
[2026-02-01 09:53:31]   [emp_id: 2048] ✓ Updated: 27.19 → 27.27 (VALUE CHANGED)
[2026-02-01 09:53:31]   [emp_id: 2057] ✓ Updated: 68.03 → 68.11 (VALUE CHANGED)
[2026-02-01 09:53:31]   [emp_id: 2079] ✓ Updated: 50.36 → 50.44 (VALUE CHANGED)
[2026-02-01 09:53:31]   [emp_id: 2181] ✓ Updated: 39.36 → 39.44 (VALUE CHANGED)
[2026-02-01 09:53:31]   [emp_id: 2190] ✓ Updated: 8.69 → 8.77 (VALUE CHANGED)
[2026-02-01 09:53:31]   [emp_id: 2212] ✓ Updated: 26.69 → 26.77 (VALUE CHANGED)
[2026-02-01 09:53:31]   [emp_id: 2226] ✓ Updated: 71.44 → 71.52 (VALUE CHANGED)
[2026-02-01 09:53:31]   [emp_id: 2238] ✓ Updated: 69.69 → 69.77 (VALUE CHANGED)
[2026-02-01 09:53:31]   [emp_id: 2285] ✓ Updated: 38.36 → 38.44 (VALUE CHANGED)
[2026-02-01 09:53:32]   [emp_id: 2287] ✓ Updated: 50.03 → 50.11 (VALUE CHANGED)
[2026-02-01 09:53:32]   [emp_id: 2288] ✓ Updated: 5.05 → 5.13 (VALUE CHANGED)
[2026-02-01 09:53:32]   [emp_id: 2316] ✓ Updated: 18.86 → 18.94 (VALUE CHANGED)
[2026-02-01 09:53:32]   [emp_id: 2337] ✓ Updated: 39.94 → 40.02 (VALUE CHANGED)
[2026-02-01 09:53:32]   [emp_id: 2352] ✓ Updated: 71.44 → 71.52 (VALUE CHANGED)
[2026-02-01 09:53:32]   [emp_id: 2358] ✓ Updated: 7.94 → 8.02 (VALUE CHANGED)
[2026-02-01 09:53:32]   [emp_id: 2361] ✓ Updated: 73.61 → 73.69 (VALUE CHANGED)
[2026-02-01 09:53:32]   [emp_id: 2363] ✓ Updated: 76.19 → 76.27 (VALUE CHANGED)
[2026-02-01 09:53:32]   [emp_id: 2364] ✓ Updated: 75.61 → 75.69 (VALUE CHANGED)
[2026-02-01 09:53:32]   [emp_id: 2367] ✓ Updated: 103.28 → 103.36 (VALUE CHANGED)
[2026-02-01 09:53:32]   [emp_id: 2368] ✓ Updated: 33.69 → 33.77 (VALUE CHANGED)
[2026-02-01 09:53:32]   [emp_id: 2372] ✓ Updated: 70.94 → 71.02 (VALUE CHANGED)
[2026-02-01 09:53:32]   [emp_id: 2376] ✓ Updated: 120.94 → 121.02 (VALUE CHANGED)
[2026-02-01 09:53:32]   [emp_id: 2423] ✓ Updated: 21.69 → 21.77 (VALUE CHANGED)
[2026-02-01 09:53:32]   [emp_id: 2519] ✓ Updated: 115.36 → 115.44 (VALUE CHANGED)
[2026-02-01 09:53:32]   [emp_id: 2522] ✓ Updated: 58.94 → 59.02 (VALUE CHANGED)
[2026-02-01 09:53:32]   [emp_id: 2530] ✓ Updated: 54.19 → 54.27 (VALUE CHANGED)
[2026-02-01 09:53:32]   [emp_id: 2539] ✓ Updated: 50.94 → 51.02 (VALUE CHANGED)
[2026-02-01 09:53:32]   [emp_id: 2541] ✓ Updated: 31.53 → 31.61 (VALUE CHANGED)
[2026-02-01 09:53:32]   [emp_id: 2550] ✓ Updated: 97.69 → 97.77 (VALUE CHANGED)
[2026-02-01 09:53:32]   [emp_id: 2553] ✓ Updated: 34.8 → 34.88 (VALUE CHANGED)
[2026-02-01 09:53:32]   [emp_id: 2554] ✓ Updated: 41.28 → 41.36 (VALUE CHANGED)
[2026-02-01 09:53:32]   [emp_id: 2565] ✓ Updated: 95.86 → 95.94 (VALUE CHANGED)
[2026-02-01 09:53:32]   [emp_id: 2572] ✓ Updated: 45.86 → 45.94 (VALUE CHANGED)
[2026-02-01 09:53:32]   [emp_id: 2637] ✓ Updated: 66.44 → 66.52 (VALUE CHANGED)
[2026-02-01 09:53:32]   [emp_id: 2642] ✓ Updated: 79.19 → 79.27 (VALUE CHANGED)
[2026-02-01 09:53:32]   [emp_id: 2645] ✓ Updated: 95.19 → 95.27 (VALUE CHANGED)
[2026-02-01 09:53:32]   [emp_id: 2648] ✓ Updated: 46.86 → 46.94 (VALUE CHANGED)
[2026-02-01 09:53:32]   [emp_id: 2654] ✓ Updated: 89.53 → 89.61 (VALUE CHANGED)
[2026-02-01 09:53:32]   [emp_id: 2688] ✓ Updated: 27.61 → 27.69 (VALUE CHANGED)
[2026-02-01 09:53:32]   [emp_id: 2690] ✓ Updated: 16.36 → 16.44 (VALUE CHANGED)
[2026-02-01 09:53:32]   [emp_id: 2709] ✓ Updated: 38.61 → 38.69 (VALUE CHANGED)
[2026-02-01 09:53:32]   [emp_id: 2745] ✓ Updated: 35.19 → 35.27 (VALUE CHANGED)
[2026-02-01 09:53:32]   [emp_id: 2843] ✓ Updated: 81.78 → 81.86 (VALUE CHANGED)
[2026-02-01 09:53:32]   [emp_id: 2854] ✓ Updated: 61.69 → 61.77 (VALUE CHANGED)
[2026-02-01 09:53:32]   [emp_id: 2869] ✓ Updated: 5.61 → 5.69 (VALUE CHANGED)
[2026-02-01 09:53:32]   [emp_id: 2876] ✓ Updated: 36.44 → 36.52 (VALUE CHANGED)
[2026-02-01 09:53:32]   [emp_id: 2924] ✓ Updated: 17.61 → 17.69 (VALUE CHANGED)
[2026-02-01 09:53:32]   [emp_id: 2953] ✓ Updated: 103.36 → 103.44 (VALUE CHANGED)
[2026-02-01 09:53:32]   [emp_id: 2961] ✓ Updated: 13.36 → 13.44 (VALUE CHANGED)
[2026-02-01 09:53:32]   [emp_id: 2975] ✓ Updated: 3.04 → 3.12 (VALUE CHANGED)
[2026-02-01 09:53:32]   [emp_id: 3013] ✓ Updated: 12.36 → 12.44 (VALUE CHANGED)
[2026-02-01 09:53:32]   [emp_id: 3014] ✓ Updated: 91.61 → 91.69 (VALUE CHANGED)
[2026-02-01 09:53:32]   [emp_id: 3015] ✓ Updated: 2.86 → 2.94 (VALUE CHANGED)
[2026-02-01 09:53:32]   [emp_id: 3018] ✓ Updated: 61.61 → 61.69 (VALUE CHANGED)
[2026-02-01 09:53:32]   [emp_id: 3025] ✓ Updated: 25.38 → 25.46 (VALUE CHANGED)
[2026-02-01 09:53:32]   [emp_id: 3037] ✓ Updated: 85.11 → 85.19 (VALUE CHANGED)
[2026-02-01 09:53:32]   [emp_id: 3047] ✓ Updated: 73.36 → 73.44 (VALUE CHANGED)
[2026-02-01 09:53:32]   [emp_id: 3061] ✓ Updated: 20.28 → 20.36 (VALUE CHANGED)
[2026-02-01 09:53:32]   [emp_id: 3062] ✓ Updated: 53.44 → 53.52 (VALUE CHANGED)
[2026-02-01 09:53:32]   [emp_id: 3074] ✓ Updated: 109.86 → 109.94 (VALUE CHANGED)
[2026-02-01 09:53:32]   [emp_id: 3089] ✓ Updated: 8.78 → 8.86 (VALUE CHANGED)
[2026-02-01 09:53:33]   [emp_id: 3090] ✓ Updated: 35.36 → 35.44 (VALUE CHANGED)
[2026-02-01 09:53:33]   [emp_id: 3091] ✓ Updated: 47.36 → 47.44 (VALUE CHANGED)
[2026-02-01 09:53:33]   [emp_id: 3092] ✓ Updated: 30.03 → 30.11 (VALUE CHANGED)
[2026-02-01 09:53:33]   [emp_id: 3105] ✓ Updated: 50.36 → 50.44 (VALUE CHANGED)
[2026-02-01 09:53:33]   [emp_id: 3134] ✓ Updated: 46.11 → 46.19 (VALUE CHANGED)
[2026-02-01 09:53:33]   [emp_id: 3140] ✓ Updated: 43.19 → 43.27 (VALUE CHANGED)
[2026-02-01 09:53:33]   [emp_id: 3144] ✓ Updated: 16.03 → 16.11 (VALUE CHANGED)
[2026-02-01 09:53:33]   [emp_id: 3156] ✓ Updated: 19.36 → 19.44 (VALUE CHANGED)
[2026-02-01 09:53:33]   [emp_id: 3162] ✓ Updated: 4.34 → 4.42 (VALUE CHANGED)
[2026-02-01 09:53:33]   [emp_id: 3163] ✓ Updated: 7.61 → 7.69 (VALUE CHANGED)
[2026-02-01 09:53:33]   [emp_id: 3198] ✓ Updated: 42.61 → 42.69 (VALUE CHANGED)
[2026-02-01 09:53:33]   [emp_id: 3205] ✓ Updated: 19.28 → 19.36 (VALUE CHANGED)
[2026-02-01 09:53:33]   [emp_id: 3209] ✓ Updated: 43.44 → 43.52 (VALUE CHANGED)
[2026-02-01 09:53:33]   [emp_id: 3223] ✓ Updated: 92.36 → 92.44 (VALUE CHANGED)
[2026-02-01 09:53:33]   [emp_id: 3224] ✓ Updated: 67.11 → 67.19 (VALUE CHANGED)
[2026-02-01 09:53:33]   [emp_id: 3230] ✓ Updated: 90.53 → 90.61 (VALUE CHANGED)
[2026-02-01 09:53:33]   [emp_id: 3231] ✓ Updated: 2.9 → 2.98 (VALUE CHANGED)
[2026-02-01 09:53:33]   [emp_id: 3233] ✓ Updated: 83.36 → 83.44 (VALUE CHANGED)
[2026-02-01 09:53:33]   [emp_id: 3249] ✓ Updated: 39.19 → 39.27 (VALUE CHANGED)
[2026-02-01 09:53:33]   [emp_id: 3250] ✓ Updated: 12.19 → 12.27 (VALUE CHANGED)
[2026-02-01 09:53:33]   [emp_id: 3252] ✓ Updated: 13.11 → 13.19 (VALUE CHANGED)
[2026-02-01 09:53:33]   [emp_id: 3254] ✓ Updated: 23.61 → 23.69 (VALUE CHANGED)
[2026-02-01 09:53:33]   [emp_id: 3255] ✓ Updated: 20.03 → 20.11 (VALUE CHANGED)
[2026-02-01 09:53:33]   [emp_id: 3256] ✓ Updated: 16.28 → 16.36 (VALUE CHANGED)
[2026-02-01 09:53:33]   [emp_id: 3263] ✓ Updated: 32.36 → 32.44 (VALUE CHANGED)
[2026-02-01 09:53:33]   [emp_id: 3265] ✓ Updated: 27.94 → 28.02 (VALUE CHANGED)
[2026-02-01 09:53:33]   [emp_id: 3280] ✓ Updated: 74.86 → 74.94 (VALUE CHANGED)
[2026-02-01 09:53:33]   [emp_id: 3286] ✓ Updated: 18.03 → 18.11 (VALUE CHANGED)
[2026-02-01 09:53:33]   [emp_id: 3294] ✓ Updated: 17.69 → 17.77 (VALUE CHANGED)
[2026-02-01 09:53:33]   [emp_id: 3321] ✓ Updated: 74.86 → 74.94 (VALUE CHANGED)
[2026-02-01 09:53:33]   [emp_id: 3325] ✓ Updated: 62.61 → 62.69 (VALUE CHANGED)
[2026-02-01 09:53:33]   [emp_id: 3329] ✓ Updated: 64.94 → 65.02 (VALUE CHANGED)
[2026-02-01 09:53:33]   [emp_id: 3330] ✓ Updated: 64.94 → 65.02 (VALUE CHANGED)
[2026-02-01 09:53:33]   [emp_id: 3332] ✓ Updated: 64.94 → 65.02 (VALUE CHANGED)
[2026-02-01 09:53:33]   [emp_id: 3370] ✓ Updated: 56.45 → 56.53 (VALUE CHANGED)
[2026-02-01 09:53:33]   [emp_id: 3384] ✓ Updated: 17.11 → 17.19 (VALUE CHANGED)
[2026-02-01 09:53:33]   [emp_id: 3386] ✓ Updated: 47.11 → 47.19 (VALUE CHANGED)
[2026-02-01 09:53:33]   [emp_id: 3431] ✓ Updated: 21.53 → 21.61 (VALUE CHANGED)
[2026-02-01 09:53:33]   [emp_id: 3497] ✓ Updated: 11.69 → 11.77 (VALUE CHANGED)
[2026-02-01 09:53:33]   [emp_id: 3532] ✓ Updated: 2.53 → 2.61 (VALUE CHANGED)
[2026-02-01 09:53:33]   [emp_id: 3602] ✓ Updated: 4.1 → 4.18 (VALUE CHANGED)
[2026-02-01 09:53:33]   [emp_id: 3618] ✓ Updated: 26.08 → 26.16 (VALUE CHANGED)
[2026-02-01 09:53:33]   [emp_id: 3622] ✓ Updated: 36.39 → 36.45 (VALUE CHANGED)
[2026-02-01 09:53:33]   [emp_id: 3627] ✓ Updated: 12.03 → 12.11 (VALUE CHANGED)
[2026-02-01 09:53:33]   [emp_id: 3665] ✓ Updated: 53.61 → 53.69 (VALUE CHANGED)
[2026-02-01 09:53:33]   [emp_id: 3705] ✓ Updated: 29.72 → 29.78 (VALUE CHANGED)
[2026-02-01 09:53:33]   [emp_id: 3724] ✓ Updated: 46.61 → 46.69 (VALUE CHANGED)
[2026-02-01 09:53:33]   [emp_id: 3726] ✓ Updated: 63.03 → 63.11 (VALUE CHANGED)
[2026-02-01 09:53:33]   [emp_id: 3727] ✓ Updated: 68.11 → 68.19 (VALUE CHANGED)
[2026-02-01 09:53:33]   [emp_id: 3728] ✓ Updated: 12.44 → 12.52 (VALUE CHANGED)
[2026-02-01 09:53:33]   [emp_id: 3767] ✓ Updated: 3.19 → 3.27 (VALUE CHANGED)
[2026-02-01 09:53:33]   [emp_id: 3768] ✓ Updated: 59.44 → 59.52 (VALUE CHANGED)
[2026-02-01 09:53:33]   [emp_id: 3787] ✓ Updated: 60.03 → 60.11 (VALUE CHANGED)
[2026-02-01 09:53:33]   [emp_id: 3790] ✓ Updated: 4.58 → 4.66 (VALUE CHANGED)
[2026-02-01 09:53:33]   [emp_id: 3795] ✓ Updated: 17.53 → 17.61 (VALUE CHANGED)
[2026-02-01 09:53:33]   [emp_id: 3798] ✓ Updated: 95.94 → 96.02 (VALUE CHANGED)
[2026-02-01 09:53:34]   [emp_id: 3801] ✓ Updated: 4.21 → 4.29 (VALUE CHANGED)
[2026-02-01 09:53:34]   [emp_id: 3802] ✓ Updated: 33.19 → 33.27 (VALUE CHANGED)
[2026-02-01 09:53:34]   [emp_id: 3803] ✓ Updated: 117.61 → 117.69 (VALUE CHANGED)
[2026-02-01 09:53:34]   [emp_id: 3810] ✓ Updated: 63.61 → 63.69 (VALUE CHANGED)
[2026-02-01 09:53:34]   [emp_id: 3812] ✓ Updated: 92.61 → 92.69 (VALUE CHANGED)
[2026-02-01 09:53:34]   [emp_id: 3815] ✓ Updated: 92.61 → 92.69 (VALUE CHANGED)
[2026-02-01 09:53:34]   [emp_id: 3836] ✓ Updated: 60.28 → 60.36 (VALUE CHANGED)
[2026-02-01 09:53:34]   [emp_id: 3855] ✓ Updated: 53.44 → 53.52 (VALUE CHANGED)
[2026-02-01 09:53:34]   [emp_id: 3857] ✓ Updated: 57.11 → 57.19 (VALUE CHANGED)
[2026-02-01 09:53:34]   [emp_id: 3862] ✓ Updated: 105.19 → 105.27 (VALUE CHANGED)
[2026-02-01 09:53:34]   [emp_id: 3866] ✓ Updated: 30.44 → 30.52 (VALUE CHANGED)
[2026-02-01 09:53:34]   [emp_id: 3876] ✓ Updated: 26.61 → 26.69 (VALUE CHANGED)
[2026-02-01 09:53:34]   [emp_id: 3877] ✓ Updated: 52.11 → 52.19 (VALUE CHANGED)
[2026-02-01 09:53:34]   [emp_id: 3897] ✓ Updated: 40.36 → 40.44 (VALUE CHANGED)
[2026-02-01 09:53:34]   [emp_id: 3899] ✓ Updated: 2.18 → 2.26 (VALUE CHANGED)
[2026-02-01 09:53:34]   [emp_id: 3928] ✓ Updated: 16.44 → 16.52 (VALUE CHANGED)
[2026-02-01 09:53:34]   [emp_id: 3929] ✓ Updated: 11.44 → 11.52 (VALUE CHANGED)
[2026-02-01 09:53:34]   [emp_id: 3935] ✓ Updated: 96.44 → 96.52 (VALUE CHANGED)
[2026-02-01 09:53:34]   [emp_id: 3952] ✓ Updated: 77.78 → 77.86 (VALUE CHANGED)
[2026-02-01 09:53:34]   [emp_id: 3987] ✓ Updated: 16.69 → 16.77 (VALUE CHANGED)
[2026-02-01 09:53:34]   [emp_id: 4059] ✓ Updated: 5.89 → 5.97 (VALUE CHANGED)
[2026-02-01 09:53:34]   [emp_id: 4119] ✓ Updated: 59.36 → 59.44 (VALUE CHANGED)
[2026-02-01 09:53:34]   [emp_id: 4120] ✓ Updated: 28.94 → 29.02 (VALUE CHANGED)
[2026-02-01 09:53:34]   [emp_id: 4124] ✓ Updated: 29.46 → 29.54 (VALUE CHANGED)
[2026-02-01 09:53:34]   [emp_id: 4133] ✓ Updated: 107.94 → 108.02 (VALUE CHANGED)
[2026-02-01 09:53:34]   [emp_id: 4134] ✓ Updated: 28.94 → 29.02 (VALUE CHANGED)
[2026-02-01 09:53:34]   [emp_id: 4136] ✓ Updated: 28.94 → 29.02 (VALUE CHANGED)
[2026-02-01 09:53:34]   [emp_id: 4150] ✓ Updated: 27.61 → 27.69 (VALUE CHANGED)
[2026-02-01 09:53:34]   [emp_id: 4157] ✓ Updated: 21.11 → 21.19 (VALUE CHANGED)
[2026-02-01 09:53:34]   [emp_id: 4172] ✓ Updated: 14.3 → 14.36 (VALUE CHANGED)
[2026-02-01 09:53:34]   [emp_id: 4195] ✓ Updated: 64.69 → 64.77 (VALUE CHANGED)
[2026-02-01 09:53:34]   [emp_id: 4215] ✓ Updated: 47.36 → 47.44 (VALUE CHANGED)
[2026-02-01 09:53:34]   [emp_id: 4220] ✓ Updated: 42.94 → 43.02 (VALUE CHANGED)
[2026-02-01 09:53:34]   [emp_id: 4273] ✓ Updated: 11.61 → 11.69 (VALUE CHANGED)
[2026-02-01 09:53:34]   [emp_id: 4283] ✓ Updated: 15.39 → 15.45 (VALUE CHANGED)
[2026-02-01 09:53:34]   [emp_id: 4288] ✓ Updated: 2.18 → 2.26 (VALUE CHANGED)
[2026-02-01 09:53:34]   [emp_id: 4315] ✓ Updated: 14.86 → 14.94 (VALUE CHANGED)
[2026-02-01 09:53:34]   [emp_id: 4328] ✓ Updated: 44.22 → 44.28 (VALUE CHANGED)
[2026-02-01 09:53:34]   [emp_id: 4329] ✓ Updated: 8.03 → 8.11 (VALUE CHANGED)
[2026-02-01 09:53:34]   [emp_id: 4338] ✓ Updated: 49.61 → 49.69 (VALUE CHANGED)
[2026-02-01 09:53:34]   [emp_id: 4340] ✓ Updated: 111.61 → 111.69 (VALUE CHANGED)
[2026-02-01 09:53:34]   [emp_id: 4365] ✓ Updated: 63.03 → 63.11 (VALUE CHANGED)
[2026-02-01 09:53:34]   [emp_id: 4366] ✓ Updated: 62.11 → 62.19 (VALUE CHANGED)
[2026-02-01 09:53:34]   [emp_id: 4403] ✓ Updated: 87.94 → 88.02 (VALUE CHANGED)
[2026-02-01 09:53:34]   [emp_id: 4438] ✓ Updated: 23.61 → 23.69 (VALUE CHANGED)
[2026-02-01 09:53:34]   [emp_id: 4465] ✓ Updated: 14.55 → 14.61 (VALUE CHANGED)
[2026-02-01 09:53:34]   [emp_id: 4473] ✓ Updated: 47.19 → 47.27 (VALUE CHANGED)
[2026-02-01 09:53:34]   [emp_id: 4474] ✓ Updated: 5.06 → 5.12 (VALUE CHANGED)
[2026-02-01 09:53:34]   [emp_id: 4493] ✓ Updated: 166.03 → 166.11 (VALUE CHANGED)
[2026-02-01 09:53:34]   [emp_id: 4526] ✓ Updated: 38.28 → 38.36 (VALUE CHANGED)
[2026-02-01 09:53:34]   [emp_id: 4528] ✓ Updated: 110.03 → 110.11 (VALUE CHANGED)
[2026-02-01 09:53:34]   [emp_id: 4528] ✓ Updated: 110.03 → 110.11 (VALUE CHANGED)
[2026-02-01 09:53:34]   [emp_id: 4532] ✓ Updated: 9.67 → 9.73 (VALUE CHANGED)
[2026-02-01 09:53:34]   [emp_id: 4533] ✓ Updated: 38.44 → 38.52 (VALUE CHANGED)
[2026-02-01 09:53:34]   [emp_id: 4565] ✓ Updated: 17.05 → 17.11 (VALUE CHANGED)
[2026-02-01 09:53:34]   [emp_id: 4567] ✓ Updated: 21.3 → 21.36 (VALUE CHANGED)
[2026-02-01 09:53:35]   [emp_id: 4572] ✓ Updated: 60.8 → 60.86 (VALUE CHANGED)
[2026-02-01 09:53:35]   [emp_id: 4631] ✓ Updated: 17.05 → 17.11 (VALUE CHANGED)
[2026-02-01 09:53:35]   [emp_id: 4655] ✓ Updated: 27.36 → 27.44 (VALUE CHANGED)
[2026-02-01 09:53:35]   [emp_id: 4709] ✓ Updated: 42.61 → 42.69 (VALUE CHANGED)
[2026-02-01 09:53:35]   [emp_id: 4717] ✓ Updated: 68.61 → 68.69 (VALUE CHANGED)
[2026-02-01 09:53:35]   [emp_id: 4736] ✓ Updated: 30.44 → 30.52 (VALUE CHANGED)
[2026-02-01 09:53:35]   [emp_id: 4756] ✓ Updated: 13.49 → 13.55 (VALUE CHANGED)
[2026-02-01 09:53:35]   [emp_id: 4768] ✓ Updated: 16.11 → 16.19 (VALUE CHANGED)
[2026-02-01 09:53:35]   [emp_id: 4780] ✓ Updated: 67.22 → 67.28 (VALUE CHANGED)
[2026-02-01 09:53:35]   [emp_id: 4820] ✓ Updated: 101.44 → 101.52 (VALUE CHANGED)
[2026-02-01 09:53:35]   [emp_id: 4824] ✓ Updated: 4.62 → 4.7 (VALUE CHANGED)
[2026-02-01 09:53:35]   [emp_id: 4825] ✓ Updated: 33.19 → 33.27 (VALUE CHANGED)
[2026-02-01 09:53:35]   [emp_id: 4837] ✓ Updated: 47.21 → 47.27 (VALUE CHANGED)
[2026-02-01 09:53:35]   [emp_id: 4840] ✓ Updated: 47.21 → 47.27 (VALUE CHANGED)
[2026-02-01 09:53:35]   [emp_id: 4842] ✓ Updated: 46.45 → 46.51 (VALUE CHANGED)
[2026-02-01 09:53:35]   [emp_id: 4843] ✓ Updated: 46.98 → 47.04 (VALUE CHANGED)
[2026-02-01 09:53:35]   [emp_id: 4853] ✓ Updated: 90.8 → 90.86 (VALUE CHANGED)
[2026-02-01 09:53:35]   [emp_id: 4856] ✓ Updated: 44.12 → 44.18 (VALUE CHANGED)
[2026-02-01 09:53:35]   [emp_id: 4857] ✓ Updated: 26.94 → 27 (VALUE CHANGED)
[2026-02-01 09:53:35]   [emp_id: 4858] ✓ Updated: 23.82 → 23.88 (VALUE CHANGED)
[2026-02-01 09:53:35]   [emp_id: 4859] ✓ Updated: 45.29 → 45.35 (VALUE CHANGED)
[2026-02-01 09:53:35]   [emp_id: 4860] ✓ Updated: 9.79 → 9.85 (VALUE CHANGED)
[2026-02-01 09:53:35]   [emp_id: 4861] ✓ Updated: 43.25 → 43.31 (VALUE CHANGED)
[2026-02-01 09:53:35]   [emp_id: 4869] ✓ Updated: 86.13 → 86.19 (VALUE CHANGED)
[2026-02-01 09:53:35]   [emp_id: 4894] ✓ Updated: 10.11 → 10.19 (VALUE CHANGED)
[2026-02-01 09:53:35]   [emp_id: 4897] ✓ Updated: 25.03 → 25.09 (VALUE CHANGED)
[2026-02-01 09:53:35]   [emp_id: 4899] ✓ Updated: 21.2 → 21.26 (VALUE CHANGED)
[2026-02-01 09:53:35]   [emp_id: 4902] ✓ Updated: 20.62 → 20.68 (VALUE CHANGED)
[2026-02-01 09:53:35]   [emp_id: 4903] ✓ Updated: 22.84 → 22.9 (VALUE CHANGED)
[2026-02-01 09:53:35]   [emp_id: 4905] ✓ Updated: 21.5 → 21.56 (VALUE CHANGED)
[2026-02-01 09:53:35]   [emp_id: 4907] ✓ Updated: 50.19 → 50.27 (VALUE CHANGED)
[2026-02-01 09:53:35]   [emp_id: 4917] ✓ Updated: 18.46 → 18.52 (VALUE CHANGED)
[2026-02-01 09:53:35]   [emp_id: 4918] ✓ Updated: 8.23 → 8.29 (VALUE CHANGED)
[2026-02-01 09:53:35]   [emp_id: 4919] ✓ Updated: 60.52 → 60.58 (VALUE CHANGED)
[2026-02-01 09:53:35]   [emp_id: 4920] ✓ Updated: 7.6 → 7.66 (VALUE CHANGED)
[2026-02-01 09:53:35]   [emp_id: 4921] ✓ Updated: 19.69 → 19.75 (VALUE CHANGED)
[2026-02-01 09:53:35]   [emp_id: 4927] ✓ Updated: 18.52 → 18.58 (VALUE CHANGED)
[2026-02-01 09:53:35]   [emp_id: 4929] ✓ Updated: 20.04 → 20.1 (VALUE CHANGED)
[2026-02-01 09:53:35]   [emp_id: 4930] ✓ Updated: 60.81 → 60.87 (VALUE CHANGED)
[2026-02-01 09:53:35]   [emp_id: 4932] ✓ Updated: 18.81 → 18.87 (VALUE CHANGED)
[2026-02-01 09:53:35]   [emp_id: 4933] ✓ Updated: 22.22 → 22.28 (VALUE CHANGED)
[2026-02-01 09:53:35]   [emp_id: 4949] ✓ Updated: 25.65 → 25.71 (VALUE CHANGED)
[2026-02-01 09:53:35]   [emp_id: 4956] ✓ Updated: 31.24 → 31.3 (VALUE CHANGED)
[2026-02-01 09:53:35]   [emp_id: 4957] ✓ Updated: 26.91 → 26.97 (VALUE CHANGED)
[2026-02-01 09:53:35]   [emp_id: 4962] ✓ Updated: 49.55 → 49.63 (VALUE CHANGED)
[2026-02-01 09:53:35]   [emp_id: 4969] ✓ Updated: 48.86 → 48.94 (VALUE CHANGED)
[2026-02-01 09:53:35]   [emp_id: 4976] ✓ Updated: 11.93 → 11.99 (VALUE CHANGED)
[2026-02-01 09:53:35]   [emp_id: 4984] ✓ Updated: 40.11 → 40.19 (VALUE CHANGED)
[2026-02-01 09:53:35]   [emp_id: 4995] ✓ Updated: 52.18 → 52.26 (VALUE CHANGED)
[2026-02-01 09:53:35]   [emp_id: 5004] ✓ Updated: 28.87 → 28.93 (VALUE CHANGED)
[2026-02-01 09:53:35]   [emp_id: 5006] ✓ Updated: 28.61 → 28.67 (VALUE CHANGED)
[2026-02-01 09:53:35]   [emp_id: 5011] ✓ Updated: 7.96 → 8.04 (VALUE CHANGED)
[2026-02-01 09:53:35]   [emp_id: 5013] ✓ Updated: 68.98 → 69.04 (VALUE CHANGED)
[2026-02-01 09:53:36]   [emp_id: 5018] ✓ Updated: 5.47 → 5.53 (VALUE CHANGED)
[2026-02-01 09:53:36]   [emp_id: 5021] ✓ Updated: 63.21 → 63.29 (VALUE CHANGED)
[2026-02-01 09:53:36]   [emp_id: 5024] ✓ Updated: 3.49 → 3.55 (VALUE CHANGED)
[2026-02-01 09:53:36]   [emp_id: 5030] ✓ Updated: 33.44 → 33.5 (VALUE CHANGED)
[2026-02-01 09:53:36]   [emp_id: 5033] ✓ Updated: 12.24 → 12.3 (VALUE CHANGED)
[2026-02-01 09:53:36]   [emp_id: 5043] ✓ Updated: 32.78 → 32.86 (VALUE CHANGED)
[2026-02-01 09:53:36]   [emp_id: 5045] ✓ Updated: 29.28 → 29.36 (VALUE CHANGED)
[2026-02-01 09:53:36]   [emp_id: 5046] ✓ Updated: 24.47 → 24.55 (VALUE CHANGED)
[2026-02-01 09:53:36]   [emp_id: 5049] ✓ Updated: 0.92 → 0.98 (VALUE CHANGED)
[2026-02-01 09:53:36]   [emp_id: 5052] ✓ Updated: 32.2 → 32.26 (VALUE CHANGED)
[2026-02-01 09:53:36]   [emp_id: 5055] ✓ Updated: 20.64 → 20.7 (VALUE CHANGED)
[2026-02-01 09:53:36]   [emp_id: 5058] ✓ Updated: 29.62 → 29.68 (VALUE CHANGED)
[2026-02-01 09:53:36]   [emp_id: 5062] ✓ Updated: 41.45 → 41.51 (VALUE CHANGED)
[2026-02-01 09:53:36]   [emp_id: 5064] ✓ Updated: 120.11 → 120.19 (VALUE CHANGED)
[2026-02-01 09:53:36]   [emp_id: 5065] ✓ Updated: 40.86 → 40.92 (VALUE CHANGED)
[2026-02-01 09:53:36]   [emp_id: 5071] ✓ Updated: 25.61 → 25.69 (VALUE CHANGED)
[2026-02-01 09:53:36]   [emp_id: 5073] ✓ Updated: 15.46 → 15.52 (VALUE CHANGED)
[2026-02-01 09:53:36]   [emp_id: 5079] ✓ Updated: 36.02 → 36.08 (VALUE CHANGED)
[2026-02-01 09:53:36]   [emp_id: 5080] ✓ Updated: 29.35 → 29.41 (VALUE CHANGED)
[2026-02-01 09:53:36]   [emp_id: 5081] ✓ Updated: 17.61 → 17.67 (VALUE CHANGED)
[2026-02-01 09:53:36]   [emp_id: 5087] ✓ Updated: 37.65 → 37.71 (VALUE CHANGED)
[2026-02-01 09:53:36]   [emp_id: 5091] ✓ Updated: 77.5 → 77.56 (VALUE CHANGED)
[2026-02-01 09:53:36]   [emp_id: 5093] ✓ Updated: 16.78 → 16.86 (VALUE CHANGED)
[2026-02-01 09:53:36]   [emp_id: 5095] ✓ Updated: 3.04 → 3.1 (VALUE CHANGED)
[2026-02-01 09:53:36]   [emp_id: 5101] ✓ Updated: 18.86 → 18.94 (VALUE CHANGED)
[2026-02-01 09:53:36]   [emp_id: 5107] ✓ Updated: 17.19 → 17.27 (VALUE CHANGED)
[2026-02-01 09:53:36]   [emp_id: 5109] ✓ Updated: 14.44 → 14.52 (VALUE CHANGED)
[2026-02-01 09:53:36]   [emp_id: 5119] ✓ Updated: 12.61 → 12.69 (VALUE CHANGED)
[2026-02-01 09:53:36]   [emp_id: 5122] ✓ Updated: 9.78 → 9.86 (VALUE CHANGED)
[2026-02-01 09:53:36]   [emp_id: 5126] ✓ Updated: 28.38 → 28.44 (VALUE CHANGED)
[2026-02-01 09:53:36]   [emp_id: 5127] ✓ Updated: 7.17 → 7.23 (VALUE CHANGED)
[2026-02-01 09:53:36]   [emp_id: 5128] ✓ Updated: 28.32 → 28.38 (VALUE CHANGED)
[2026-02-01 09:53:36]   [emp_id: 5138] ✓ Updated: 52.44 → 52.52 (VALUE CHANGED)
[2026-02-01 09:53:36]   [emp_id: 5138] ✓ Updated: 52.44 → 52.52 (VALUE CHANGED)
[2026-02-01 09:53:36]   [emp_id: 5141] ✓ Updated: 36.69 → 36.75 (VALUE CHANGED)
[2026-02-01 09:53:36]   [emp_id: 5142] ✓ Updated: 15.69 → 15.75 (VALUE CHANGED)
[2026-02-01 09:53:36]   [emp_id: 5146] ✓ Updated: 22.69 → 22.75 (VALUE CHANGED)
[2026-02-01 09:53:36]   [emp_id: 5147] ✓ Updated: 21.69 → 21.75 (VALUE CHANGED)
[2026-02-01 09:53:36]   [emp_id: 5148] ✓ Updated: 27.04 → 27.1 (VALUE CHANGED)
[2026-02-01 09:53:36]   [emp_id: 5149] ✓ Updated: 25.93 → 25.99 (VALUE CHANGED)
[2026-02-01 09:53:36]   [emp_id: 5150] ✓ Updated: 25.29 → 25.35 (VALUE CHANGED)
[2026-02-01 09:53:36]   [emp_id: 5151] ✓ Updated: 25.11 → 25.17 (VALUE CHANGED)
[2026-02-01 09:53:36]   [emp_id: 5152] ✓ Updated: 5.53 → 5.59 (VALUE CHANGED)
[2026-02-01 09:53:36]   [emp_id: 5157] ✓ Updated: 25.11 → 25.17 (VALUE CHANGED)
[2026-02-01 09:53:36]   [emp_id: 5160] ✓ Updated: 25.11 → 25.17 (VALUE CHANGED)
[2026-02-01 09:53:36]   [emp_id: 5163] ✓ Updated: 22.9 → 22.96 (VALUE CHANGED)
[2026-02-01 09:53:36]   [emp_id: 5165] ✓ Updated: 3.88 → 3.96 (VALUE CHANGED)
[2026-02-01 09:53:36]   [emp_id: 5167] ✓ Updated: 32.05 → 32.11 (VALUE CHANGED)
[2026-02-01 09:53:36]   [emp_id: 5168] ✓ Updated: 24.59 → 24.65 (VALUE CHANGED)
[2026-02-01 09:53:36]   [emp_id: 5173] ✓ Updated: 27.53 → 27.61 (VALUE CHANGED)
[2026-02-01 09:53:36]   [emp_id: 5174] ✓ Updated: 25.05 → 25.11 (VALUE CHANGED)
[2026-02-01 09:53:36]   [emp_id: 5181] ✓ Updated: 21.44 → 21.5 (VALUE CHANGED)
[2026-02-01 09:53:36]   [emp_id: 5186] ✓ Updated: 26.97 → 27.03 (VALUE CHANGED)
[2026-02-01 09:53:36]   [emp_id: 5187] ✓ Updated: 37.97 → 38.03 (VALUE CHANGED)
[2026-02-01 09:53:37]   [emp_id: 5204] ✓ Updated: 25.03 → 25.11 (VALUE CHANGED)
[2026-02-01 09:53:37]   [emp_id: 5205] ✓ Updated: 14.18 → 14.24 (VALUE CHANGED)
[2026-02-01 09:53:37]   [emp_id: 5209] ✓ Updated: 17.18 → 17.24 (VALUE CHANGED)
[2026-02-01 09:53:37]   [emp_id: 5213] ✓ Updated: 4.59 → 4.65 (VALUE CHANGED)
[2026-02-01 09:53:37]   [emp_id: 5214] ✓ Updated: 3.43 → 3.49 (VALUE CHANGED)
[2026-02-01 09:53:37]   [emp_id: 5215] ✓ Updated: 12.18 → 12.24 (VALUE CHANGED)
[2026-02-01 09:53:37]   [emp_id: 5217] ✓ Updated: 11.18 → 11.24 (VALUE CHANGED)
[2026-02-01 09:53:37]   [emp_id: 5219] ✓ Updated: 15.18 → 15.24 (VALUE CHANGED)
[2026-02-01 09:53:37]   [emp_id: 5221] ✓ Updated: 4.49 → 4.55 (VALUE CHANGED)
[2026-02-01 09:53:37]   [emp_id: 5224] ✓ Updated: 16.18 → 16.24 (VALUE CHANGED)
[2026-02-01 09:53:37]   [emp_id: 5225] ✓ Updated: 8.49 → 8.55 (VALUE CHANGED)
[2026-02-01 09:53:37]   [emp_id: 5228] ✓ Updated: 11.18 → 11.24 (VALUE CHANGED)
[2026-02-01 09:53:37]   [emp_id: 5229] ✓ Updated: 7.18 → 7.24 (VALUE CHANGED)
[2026-02-01 09:53:37]   [emp_id: 5230] ✓ Updated: 11.85 → 11.91 (VALUE CHANGED)
[2026-02-01 09:53:37]   [emp_id: 5231] ✓ Updated: 8.18 → 8.24 (VALUE CHANGED)
[2026-02-01 09:53:37]   [emp_id: 5232] ✓ Updated: 2.18 → 2.24 (VALUE CHANGED)
[2026-02-01 09:53:37]   [emp_id: 5233] ✓ Updated: 6.18 → 6.24 (VALUE CHANGED)
[2026-02-01 09:53:37]   [emp_id: 5234] ✓ Updated: 6.18 → 6.24 (VALUE CHANGED)
[2026-02-01 09:53:37]   [emp_id: 5235] ✓ Updated: 1.62 → 1.68 (VALUE CHANGED)
[2026-02-01 09:53:37]   [emp_id: 5237] ✓ Updated: 12.43 → 12.49 (VALUE CHANGED)
[2026-02-01 09:53:37]   [emp_id: 5239] ✓ Updated: 9.18 → 9.24 (VALUE CHANGED)
[2026-02-01 09:53:37]   [emp_id: 5241] ✓ Updated: 7.18 → 7.24 (VALUE CHANGED)
[2026-02-01 09:53:37]   [emp_id: 5242] ✓ Updated: 17.18 → 17.24 (VALUE CHANGED)
[2026-02-01 09:53:37]   [emp_id: 5243] ✓ Updated: 3.59 → 3.65 (VALUE CHANGED)
[2026-02-01 09:53:37]   [emp_id: 5244] ✓ Updated: 1.62 → 1.68 (VALUE CHANGED)
[2026-02-01 09:53:37]   [emp_id: 5246] ✓ Updated: 13.18 → 13.24 (VALUE CHANGED)
[2026-02-01 09:53:37]   [emp_id: 5253] ✓ Updated: 26.05 → 26.11 (VALUE CHANGED)
[2026-02-01 09:53:37]   [emp_id: 5254] ✓ Updated: 14.03 → 14.09 (VALUE CHANGED)
[2026-02-01 09:53:37]   [emp_id: 5257] ✓ Updated: 13.74 → 13.8 (VALUE CHANGED)
[2026-02-01 09:53:37]   [emp_id: 5259] ✓ Updated: 50.27 → 50.33 (VALUE CHANGED)
[2026-02-01 09:53:37]   [emp_id: 5261] ✓ Updated: 18.63 → 18.71 (VALUE CHANGED)
[2026-02-01 09:53:37]   [emp_id: 5264] ✓ Updated: 15.75 → 15.81 (VALUE CHANGED)
[2026-02-01 09:53:37]   [emp_id: 5266] ✓ Updated: 22.37 → 22.43 (VALUE CHANGED)
[2026-02-01 09:53:37]   [emp_id: 5268] ✓ Updated: 10.94 → 11 (VALUE CHANGED)
[2026-02-01 09:53:37]   [emp_id: 5271] ✓ Updated: 9.6 → 9.66 (VALUE CHANGED)
[2026-02-01 09:53:37]   [emp_id: 5272] ✓ Updated: 10.47 → 10.53 (VALUE CHANGED)
[2026-02-01 09:53:37]   [emp_id: 5273] ✓ Updated: 25.54 → 25.6 (VALUE CHANGED)
[2026-02-01 09:53:37]   [emp_id: 5275] ✓ Updated: 11.29 → 11.35 (VALUE CHANGED)
[2026-02-01 09:53:37]   [emp_id: 5276] ✓ Updated: 25.56 → 25.62 (VALUE CHANGED)
[2026-02-01 09:53:37]   [emp_id: 5278] ✓ Updated: 9.95 → 10.01 (VALUE CHANGED)
[2026-02-01 09:53:37]   [emp_id: 5280] ✓ Updated: 20.35 → 20.41 (VALUE CHANGED)
[2026-02-01 09:53:37]   [emp_id: 5282] ✓ Updated: 14.11 → 14.19 (VALUE CHANGED)
[2026-02-01 09:53:37]   [emp_id: 5285] ✓ Updated: 30.35 → 30.41 (VALUE CHANGED)
[2026-02-01 09:53:37]   [emp_id: 5286] ✓ Updated: 17.35 → 17.41 (VALUE CHANGED)
[2026-02-01 09:53:37]   [emp_id: 5287] ✓ Updated: 51.65 → 51.71 (VALUE CHANGED)
[2026-02-01 09:53:37]   [emp_id: 5288] ✓ Updated: 8.92 → 8.98 (VALUE CHANGED)
[2026-02-01 09:53:37]   [emp_id: 5289] ✓ Updated: 50.2 → 50.26 (VALUE CHANGED)
[2026-02-01 09:53:37]   [emp_id: 5290] ✓ Updated: 48.97 → 49.03 (VALUE CHANGED)
[2026-02-01 09:53:37]   [emp_id: 5291] ✓ Updated: 6.97 → 7.03 (VALUE CHANGED)
[2026-02-01 09:53:37]   [emp_id: 5292] ✓ Updated: 6.91 → 6.97 (VALUE CHANGED)
[2026-02-01 09:53:37]   [emp_id: 5293] ✓ Updated: 10.37 → 10.45 (VALUE CHANGED)
[2026-02-01 09:53:38]   [emp_id: 5294] ✓ Updated: 10.03 → 10.11 (VALUE CHANGED)
[2026-02-01 09:53:38]   [emp_id: 5295] ✓ Updated: 23.15 → 23.21 (VALUE CHANGED)
[2026-02-01 09:53:38]   [emp_id: 5296] ✓ Updated: 37.05 → 37.13 (VALUE CHANGED)
[2026-02-01 09:53:38]   [emp_id: 5297] ✓ Updated: 47.57 → 47.63 (VALUE CHANGED)
[2026-02-01 09:53:38]   [emp_id: 5298] ✓ Updated: 47.57 → 47.63 (VALUE CHANGED)
[2026-02-01 09:53:38]   [emp_id: 5299] ✓ Updated: 47.57 → 47.63 (VALUE CHANGED)
[2026-02-01 09:53:38]   [emp_id: 5300] ✓ Updated: 47.57 → 47.63 (VALUE CHANGED)
[2026-02-01 09:53:38]   [emp_id: 5301] ✓ Updated: 5.39 → 5.45 (VALUE CHANGED)
[2026-02-01 09:53:38]   [emp_id: 5303] ✓ Updated: 5.82 → 5.88 (VALUE CHANGED)
[2026-02-01 09:53:38]   [emp_id: 5304] ✓ Updated: 2.57 → 2.63 (VALUE CHANGED)
[2026-02-01 09:53:38]   [emp_id: 5305] ✓ Updated: 5.57 → 5.63 (VALUE CHANGED)
[2026-02-01 09:53:38]   [emp_id: 5306] ✓ Updated: 47.28 → 47.34 (VALUE CHANGED)
[2026-02-01 09:53:38]   [emp_id: 5307] ✓ Updated: 47.28 → 47.34 (VALUE CHANGED)
[2026-02-01 09:53:38]   [emp_id: 5312] ✓ Updated: 1.62 → 1.68 (VALUE CHANGED)
[2026-02-01 09:53:38]   [emp_id: 5318] ✓ Updated: 27.99 → 28.05 (VALUE CHANGED)
[2026-02-01 09:53:38]   [emp_id: 5325] ✓ Updated: 1.95 → 2.01 (VALUE CHANGED)
[2026-02-01 09:53:38]   [emp_id: 5327] ✓ Updated: 3.04 → 3.1 (VALUE CHANGED)
[2026-02-01 09:53:38]   [emp_id: 5337] ✓ Updated: 37.94 → 38.02 (VALUE CHANGED)
[2026-02-01 09:53:38]   [emp_id: 5339] ✓ Updated: 12.14 → 12.2 (VALUE CHANGED)
[2026-02-01 09:53:38]   [emp_id: 5343] ✓ Updated: 47.86 → 47.94 (VALUE CHANGED)
[2026-02-01 09:53:38]   [emp_id: 5343] ✓ Updated: 47.86 → 47.94 (VALUE CHANGED)
[2026-02-01 09:53:38]   [emp_id: 5345] ✓ Updated: 17.69 → 17.77 (VALUE CHANGED)
[2026-02-01 09:53:38]   [emp_id: 5346] ✓ Updated: 3.86 → 3.92 (VALUE CHANGED)
[2026-02-01 09:53:38]   [emp_id: 5351] ✓ Updated: 18.8 → 18.86 (VALUE CHANGED)
[2026-02-01 09:53:38]   [emp_id: 5352] ✓ Updated: 28.11 → 28.19 (VALUE CHANGED)
[2026-02-01 09:53:38]   [emp_id: 5370] ✓ Updated: 17.45 → 17.51 (VALUE CHANGED)
[2026-02-01 09:53:38]   [emp_id: 5371] ✓ Updated: 9.86 → 9.94 (VALUE CHANGED)
[2026-02-01 09:53:38]   [emp_id: 5376] ✓ Updated: 12.05 → 12.11 (VALUE CHANGED)
[2026-02-01 09:53:38]   [emp_id: 5378] ✓ Updated: 19.94 → 20.02 (VALUE CHANGED)
[2026-02-01 09:53:38]   [emp_id: 5380] ✓ Updated: 18.46 → 18.52 (VALUE CHANGED)
[2026-02-01 09:53:38]   [emp_id: 5381] ✓ Updated: 14.38 → 14.46 (VALUE CHANGED)
[2026-02-01 09:53:38]   [emp_id: 5383] ✓ Updated: 17.69 → 17.77 (VALUE CHANGED)
[2026-02-01 09:53:38]   [emp_id: 5388] ✓ Updated: 29.24 → 29.3 (VALUE CHANGED)
[2026-02-01 09:53:38]   [emp_id: 5396] ✓ Updated: 30.48 → 30.54 (VALUE CHANGED)
[2026-02-01 09:53:38]   [emp_id: 5397] ✓ Updated: 21.94 → 22 (VALUE CHANGED)
[2026-02-01 09:53:38]   [emp_id: 5401] ✓ Updated: 25.05 → 25.11 (VALUE CHANGED)
[2026-02-01 09:53:38]   [emp_id: 5402] ✓ Updated: 25.17 → 25.23 (VALUE CHANGED)
[2026-02-01 09:53:38]   [emp_id: 5406] ✓ Updated: 18.89 → 18.95 (VALUE CHANGED)
[2026-02-01 09:53:38]   [emp_id: 5407] ✓ Updated: 18.46 → 18.54 (VALUE CHANGED)
[2026-02-01 09:53:38]   [emp_id: 5409] ✓ Updated: 18.23 → 18.29 (VALUE CHANGED)
[2026-02-01 09:53:38]   [emp_id: 5413] ✓ Updated: 30.86 → 30.94 (VALUE CHANGED)
[2026-02-01 09:53:38]   [emp_id: 5414] ✓ Updated: 30.53 → 30.61 (VALUE CHANGED)
[2026-02-01 09:53:38]   [emp_id: 5415] ✓ Updated: 6.46 → 6.54 (VALUE CHANGED)
[2026-02-01 09:53:38]   [emp_id: 5418] ✓ Updated: 17.29 → 17.35 (VALUE CHANGED)
[2026-02-01 09:53:38]   [emp_id: 5422] ✓ Updated: 23.19 → 23.27 (VALUE CHANGED)
[2026-02-01 09:53:38]   [emp_id: 5423] ✓ Updated: 7.88 → 7.96 (VALUE CHANGED)
[2026-02-01 09:53:38]   [emp_id: 5425] ✓ Updated: 15.84 → 15.9 (VALUE CHANGED)
[2026-02-01 09:53:38]   [emp_id: 5426] ✓ Updated: 4.43 → 4.51 (VALUE CHANGED)
[2026-02-01 09:53:38]   [emp_id: 5426] ✓ Updated: 4.43 → 4.51 (VALUE CHANGED)
[2026-02-01 09:53:38]   [emp_id: 5427] ✓ Updated: 15.95 → 16.01 (VALUE CHANGED)
[2026-02-01 09:53:38]   [emp_id: 5428] ✓ Updated: 15.84 → 15.9 (VALUE CHANGED)
[2026-02-01 09:53:38]   [emp_id: 5430] ✓ Updated: 20.25 → 20.33 (VALUE CHANGED)
[2026-02-01 09:53:38]   [emp_id: 5431] ✓ Updated: 14.96 → 15.02 (VALUE CHANGED)
[2026-02-01 09:53:38]   [emp_id: 5433] ✓ Updated: 14.98 → 15.04 (VALUE CHANGED)
[2026-02-01 09:53:38]   [emp_id: 5434] ✓ Updated: 14.73 → 14.79 (VALUE CHANGED)
[2026-02-01 09:53:38]   [emp_id: 5435] ✓ Updated: 14.67 → 14.73 (VALUE CHANGED)
[2026-02-01 09:53:38]   [emp_id: 5436] ✓ Updated: 14.67 → 14.73 (VALUE CHANGED)
[2026-02-01 09:53:39]   [emp_id: 5438] ✓ Updated: 18.11 → 18.19 (VALUE CHANGED)
[2026-02-01 09:53:39]   [emp_id: 5439] ✓ Updated: 27.61 → 27.69 (VALUE CHANGED)
[2026-02-01 09:53:39]   [emp_id: 5442] ✓ Updated: 16.61 → 16.69 (VALUE CHANGED)
[2026-02-01 09:53:39]   [emp_id: 5445] ✓ Updated: 9.13 → 9.19 (VALUE CHANGED)
[2026-02-01 09:53:39]   [emp_id: 5446] ✓ Updated: 9.13 → 9.19 (VALUE CHANGED)
[2026-02-01 09:53:39]   [emp_id: 5447] ✓ Updated: 9.07 → 9.13 (VALUE CHANGED)
[2026-02-01 09:53:39]   [emp_id: 5448] ✓ Updated: 3.63 → 3.71 (VALUE CHANGED)
[2026-02-01 09:53:39]   [emp_id: 5449] ✓ Updated: 7.15 → 7.21 (VALUE CHANGED)
[2026-02-01 09:53:39]   [emp_id: 5450] ✓ Updated: 7.09 → 7.15 (VALUE CHANGED)
[2026-02-01 09:53:39]   [emp_id: 5451] ✓ Updated: 7.09 → 7.15 (VALUE CHANGED)
[2026-02-01 09:53:39]   [emp_id: 5453] ✓ Updated: 6.93 → 6.99 (VALUE CHANGED)
[2026-02-01 09:53:39]   [emp_id: 5454] ✓ Updated: 9.69 → 9.77 (VALUE CHANGED)
[2026-02-01 09:53:39]   [emp_id: 5455] ✓ Updated: 3.94 → 4.02 (VALUE CHANGED)
[2026-02-01 09:53:39]   [emp_id: 5456] ✓ Updated: 8.94 → 9.02 (VALUE CHANGED)
[2026-02-01 09:53:39]   [emp_id: 5457] ✓ Updated: 6.18 → 6.24 (VALUE CHANGED)
[2026-02-01 09:53:39]   [emp_id: 5460] ✓ Updated: 7.59 → 7.67 (VALUE CHANGED)
[2026-02-01 09:53:39]   [emp_id: 5463] ✓ Updated: 6.92 → 7 (VALUE CHANGED)
[2026-02-01 09:53:39]   [emp_id: 5464] ✓ Updated: 6.92 → 7 (VALUE CHANGED)
[2026-02-01 09:53:39]   [emp_id: 5466] ✓ Updated: 4.67 → 4.75 (VALUE CHANGED)
[2026-02-01 09:53:39]   [emp_id: 5467] ✓ Updated: 3.59 → 3.67 (VALUE CHANGED)
[2026-02-01 09:53:39]   [emp_id: 5468] ✓ Updated: 2.54 → 2.62 (VALUE CHANGED)
[2026-02-01 09:53:39]   [emp_id: 5469] ✓ Updated: 2.45 → 2.53 (VALUE CHANGED)
[2026-02-01 09:53:39] Report saved to: D:\xampp\htdocs\almutlak\system/cron_logs/last_vacation_update_report.json
[2026-02-01 09:53:53] ========== CRON: Vacation Balance Update Started ==========
[2026-02-01 09:53:53] Force level: 1 (0=normal, 1=check missing, 2=full bypass)
[2026-02-01 09:53:53] FORCE LEVEL 1: Checking for missing records and refreshing values (NOT updating last_updated)
[2026-02-01 09:53:53] FORCE LEVEL 1: Checking for missing records only
[2026-02-01 09:53:53] Database connection established
[2026-02-01 09:53:53] Found 433 active employees with balance records to update
[2026-02-01 09:53:53] (Only employees with status=1 will be processed)
[2026-02-01 09:53:58] Report saved to: D:\xampp\htdocs\almutlak\system/cron_logs/last_vacation_update_report.json
[2026-02-01 09:54:15] ========== CRON: Vacation Balance Update Started ==========
[2026-02-01 09:54:15] Force level: 0 (0=normal, 1=check missing, 2=full bypass)
[2026-02-01 09:59:04] ========== CRON: Vacation Balance Update Started ==========
[2026-02-01 09:59:04] Force level: 2 (0=normal, 1=check missing, 2=full bypass)
[2026-02-01 09:59:04] Source: Browser (?force=2)
[2026-02-01 09:59:04] FORCE LEVEL 2: Full bypass - updating all balances AND last_updated
[2026-02-01 09:59:04] Database connection established
[2026-02-01 09:59:04] Found 433 active employees with balance records to update
[2026-02-01 09:59:04] (Only employees with status=1 will be processed)
[2026-02-01 09:59:04]   [emp_id: 1061] ✓ Updated: 2.26 (synced daily for consistency)
[2026-02-01 09:59:04]   [emp_id: 1496] ✓ Updated: 19.11 (synced daily for consistency)
[2026-02-01 09:59:04]   [emp_id: 1500] ✓ Updated: 6.79 (synced daily for consistency)
[2026-02-01 09:59:04]   [emp_id: 1574] ✓ Updated: 36.02 (synced daily for consistency)
[2026-02-01 09:59:04]   [emp_id: 1673] ✓ Updated: 47.52 (synced daily for consistency)
[2026-02-01 09:59:04]   [emp_id: 1685] ✓ Updated: 17.44 (synced daily for consistency)
[2026-02-01 09:59:04]   [emp_id: 1764] ✓ Updated: 72.11 (synced daily for consistency)
[2026-02-01 09:59:04]   [emp_id: 1805] ✓ Updated: 66.44 (synced daily for consistency)
[2026-02-01 09:59:05]   [emp_id: 1822] ✓ Updated: 71.19 (synced daily for consistency)
[2026-02-01 09:59:05]   [emp_id: 1837] ✓ Updated: 27.36 (synced daily for consistency)
[2026-02-01 09:59:05]   [emp_id: 1857] ✓ Updated: 22.69 (synced daily for consistency)
[2026-02-01 09:59:05]   [emp_id: 1861] ✓ Updated: 73.52 (synced daily for consistency)
[2026-02-01 09:59:05]   [emp_id: 1872] ✓ Updated: 12.36 (synced daily for consistency)
[2026-02-01 09:59:05]   [emp_id: 1897] ✓ Updated: 7.69 (synced daily for consistency)
[2026-02-01 09:59:05]   [emp_id: 1916] ✓ Updated: 13.99 (synced daily for consistency)
[2026-02-01 09:59:05]   [emp_id: 1928] ✓ Updated: 66.94 (synced daily for consistency)
[2026-02-01 09:59:05]   [emp_id: 1931] ✓ Updated: 86.86 (synced daily for consistency)
[2026-02-01 09:59:05]   [emp_id: 1944] ✓ Updated: 45.02 (synced daily for consistency)
[2026-02-01 09:59:05]   [emp_id: 1996] ✓ Updated: 73.52 (synced daily for consistency)
[2026-02-01 09:59:05]   [emp_id: 1997] ✓ Updated: 38.69 (synced daily for consistency)
[2026-02-01 09:59:05]   [emp_id: 1998] ✓ Updated: 30.13 (synced daily for consistency)
[2026-02-01 09:59:05]   [emp_id: 1999] ✓ Updated: 31.13 (synced daily for consistency)
[2026-02-01 09:59:05]   [emp_id: 2009] ✓ Updated: 37.44 (synced daily for consistency)
[2026-02-01 09:59:05]   [emp_id: 2048] ✓ Updated: 27.27 (synced daily for consistency)
[2026-02-01 09:59:05]   [emp_id: 2057] ✓ Updated: 68.11 (synced daily for consistency)
[2026-02-01 09:59:05]   [emp_id: 2079] ✓ Updated: 50.44 (synced daily for consistency)
[2026-02-01 09:59:05]   [emp_id: 2181] ✓ Updated: 39.44 (synced daily for consistency)
[2026-02-01 09:59:05]   [emp_id: 2190] ✓ Updated: 8.77 (synced daily for consistency)
[2026-02-01 09:59:05]   [emp_id: 2212] ✓ Updated: 26.77 (synced daily for consistency)
[2026-02-01 09:59:05]   [emp_id: 2226] ✓ Updated: 71.52 (synced daily for consistency)
[2026-02-01 09:59:05]   [emp_id: 2238] ✓ Updated: 69.77 (synced daily for consistency)
[2026-02-01 09:59:05]   [emp_id: 2285] ✓ Updated: 38.44 (synced daily for consistency)
[2026-02-01 09:59:05]   [emp_id: 2287] ✓ Updated: 50.11 (synced daily for consistency)
[2026-02-01 09:59:05]   [emp_id: 2288] ✓ Updated: 5.13 (synced daily for consistency)
[2026-02-01 09:59:05]   [emp_id: 2316] ✓ Updated: 18.94 (synced daily for consistency)
[2026-02-01 09:59:05]   [emp_id: 2337] ✓ Updated: 40.02 (synced daily for consistency)
[2026-02-01 09:59:05]   [emp_id: 2352] ✓ Updated: 71.52 (synced daily for consistency)
[2026-02-01 09:59:05]   [emp_id: 2358] ✓ Updated: 8.02 (synced daily for consistency)
[2026-02-01 09:59:05]   [emp_id: 2361] ✓ Updated: 73.69 (synced daily for consistency)
[2026-02-01 09:59:05]   [emp_id: 2363] ✓ Updated: 76.27 (synced daily for consistency)
[2026-02-01 09:59:05]   [emp_id: 2364] ✓ Updated: 75.69 (synced daily for consistency)
[2026-02-01 09:59:05]   [emp_id: 2367] ✓ Updated: 103.36 (synced daily for consistency)
[2026-02-01 09:59:05]   [emp_id: 2368] ✓ Updated: 33.77 (synced daily for consistency)
[2026-02-01 09:59:05]   [emp_id: 2372] ✓ Updated: 71.02 (synced daily for consistency)
[2026-02-01 09:59:05]   [emp_id: 2376] ✓ Updated: 121.02 (synced daily for consistency)
[2026-02-01 09:59:05]   [emp_id: 2423] ✓ Updated: 21.77 (synced daily for consistency)
[2026-02-01 09:59:05]   [emp_id: 2519] ✓ Updated: 115.44 (synced daily for consistency)
[2026-02-01 09:59:05]   [emp_id: 2522] ✓ Updated: 59.02 (synced daily for consistency)
[2026-02-01 09:59:05]   [emp_id: 2530] ✓ Updated: 54.27 (synced daily for consistency)
[2026-02-01 09:59:05]   [emp_id: 2539] ✓ Updated: 51.02 (synced daily for consistency)
[2026-02-01 09:59:05]   [emp_id: 2541] ✓ Updated: 31.61 (synced daily for consistency)
[2026-02-01 09:59:05]   [emp_id: 2550] ✓ Updated: 97.77 (synced daily for consistency)
[2026-02-01 09:59:05]   [emp_id: 2553] ✓ Updated: 34.88 (synced daily for consistency)
[2026-02-01 09:59:05]   [emp_id: 2554] ✓ Updated: 41.36 (synced daily for consistency)
[2026-02-01 09:59:05]   [emp_id: 2565] ✓ Updated: 95.94 (synced daily for consistency)
[2026-02-01 09:59:05]   [emp_id: 2572] ✓ Updated: 45.94 (synced daily for consistency)
[2026-02-01 09:59:05]   [emp_id: 2637] ✓ Updated: 66.52 (synced daily for consistency)
[2026-02-01 09:59:05]   [emp_id: 2642] ✓ Updated: 79.27 (synced daily for consistency)
[2026-02-01 09:59:05]   [emp_id: 2645] ✓ Updated: 95.27 (synced daily for consistency)
[2026-02-01 09:59:06]   [emp_id: 2648] ✓ Updated: 46.94 (synced daily for consistency)
[2026-02-01 09:59:06]   [emp_id: 2654] ✓ Updated: 89.61 (synced daily for consistency)
[2026-02-01 09:59:06]   [emp_id: 2688] ✓ Updated: 27.69 (synced daily for consistency)
[2026-02-01 09:59:06]   [emp_id: 2690] ✓ Updated: 16.44 (synced daily for consistency)
[2026-02-01 09:59:06]   [emp_id: 2709] ✓ Updated: 38.69 (synced daily for consistency)
[2026-02-01 09:59:06]   [emp_id: 2745] ✓ Updated: 35.27 (synced daily for consistency)
[2026-02-01 09:59:06]   [emp_id: 2843] ✓ Updated: 81.86 (synced daily for consistency)
[2026-02-01 09:59:06]   [emp_id: 2854] ✓ Updated: 61.77 (synced daily for consistency)
[2026-02-01 09:59:06]   [emp_id: 2869] ✓ Updated: 5.69 (synced daily for consistency)
[2026-02-01 09:59:06]   [emp_id: 2876] ✓ Updated: 36.52 (synced daily for consistency)
[2026-02-01 09:59:06]   [emp_id: 2924] ✓ Updated: 17.69 (synced daily for consistency)
[2026-02-01 09:59:06]   [emp_id: 2953] ✓ Updated: 103.44 (synced daily for consistency)
[2026-02-01 09:59:06]   [emp_id: 2961] ✓ Updated: 13.44 (synced daily for consistency)
[2026-02-01 09:59:06]   [emp_id: 2975] ✓ Updated: 3.12 (synced daily for consistency)
[2026-02-01 09:59:06]   [emp_id: 3013] ✓ Updated: 12.44 (synced daily for consistency)
[2026-02-01 09:59:06]   [emp_id: 3014] ✓ Updated: 91.69 (synced daily for consistency)
[2026-02-01 09:59:06]   [emp_id: 3015] ✓ Updated: 2.94 (synced daily for consistency)
[2026-02-01 09:59:06]   [emp_id: 3018] ✓ Updated: 61.69 (synced daily for consistency)
[2026-02-01 09:59:06]   [emp_id: 3025] ✓ Updated: 25.46 (synced daily for consistency)
[2026-02-01 09:59:06]   [emp_id: 3037] ✓ Updated: 85.19 (synced daily for consistency)
[2026-02-01 09:59:06]   [emp_id: 3047] ✓ Updated: 73.44 (synced daily for consistency)
[2026-02-01 09:59:06]   [emp_id: 3061] ✓ Updated: 20.36 (synced daily for consistency)
[2026-02-01 09:59:06]   [emp_id: 3062] ✓ Updated: 53.52 (synced daily for consistency)
[2026-02-01 09:59:06]   [emp_id: 3074] ✓ Updated: 109.94 (synced daily for consistency)
[2026-02-01 09:59:06]   [emp_id: 3089] ✓ Updated: 8.86 (synced daily for consistency)
[2026-02-01 09:59:06]   [emp_id: 3090] ✓ Updated: 35.44 (synced daily for consistency)
[2026-02-01 09:59:06]   [emp_id: 3091] ✓ Updated: 47.44 (synced daily for consistency)
[2026-02-01 09:59:06]   [emp_id: 3092] ✓ Updated: 30.11 (synced daily for consistency)
[2026-02-01 09:59:06]   [emp_id: 3105] ✓ Updated: 50.44 (synced daily for consistency)
[2026-02-01 09:59:06]   [emp_id: 3134] ✓ Updated: 46.19 (synced daily for consistency)
[2026-02-01 09:59:06]   [emp_id: 3140] ✓ Updated: 43.27 (synced daily for consistency)
[2026-02-01 09:59:06]   [emp_id: 3144] ✓ Updated: 16.11 (synced daily for consistency)
[2026-02-01 09:59:06]   [emp_id: 3156] ✓ Updated: 19.44 (synced daily for consistency)
[2026-02-01 09:59:06]   [emp_id: 3162] ✓ Updated: 4.42 (synced daily for consistency)
[2026-02-01 09:59:06]   [emp_id: 3163] ✓ Updated: 7.69 (synced daily for consistency)
[2026-02-01 09:59:06]   [emp_id: 3198] ✓ Updated: 42.69 (synced daily for consistency)
[2026-02-01 09:59:06]   [emp_id: 3205] ✓ Updated: 19.36 (synced daily for consistency)
[2026-02-01 09:59:06]   [emp_id: 3209] ✓ Updated: 43.52 (synced daily for consistency)
[2026-02-01 09:59:06]   [emp_id: 3223] ✓ Updated: 92.44 (synced daily for consistency)
[2026-02-01 09:59:06]   [emp_id: 3224] ✓ Updated: 67.19 (synced daily for consistency)
[2026-02-01 09:59:06]   [emp_id: 3230] ✓ Updated: 90.61 (synced daily for consistency)
[2026-02-01 09:59:06]   [emp_id: 3231] ✓ Updated: 2.98 (synced daily for consistency)
[2026-02-01 09:59:06]   [emp_id: 3233] ✓ Updated: 83.44 (synced daily for consistency)
[2026-02-01 09:59:06]   [emp_id: 3249] ✓ Updated: 39.27 (synced daily for consistency)
[2026-02-01 09:59:06]   [emp_id: 3250] ✓ Updated: 12.27 (synced daily for consistency)
[2026-02-01 09:59:06]   [emp_id: 3252] ✓ Updated: 13.19 (synced daily for consistency)
[2026-02-01 09:59:06]   [emp_id: 3254] ✓ Updated: 23.69 (synced daily for consistency)
[2026-02-01 09:59:06]   [emp_id: 3255] ✓ Updated: 20.11 (synced daily for consistency)
[2026-02-01 09:59:06]   [emp_id: 3256] ✓ Updated: 16.36 (synced daily for consistency)
[2026-02-01 09:59:06]   [emp_id: 3263] ✓ Updated: 32.44 (synced daily for consistency)
[2026-02-01 09:59:06]   [emp_id: 3265] ✓ Updated: 28.02 (synced daily for consistency)
[2026-02-01 09:59:07]   [emp_id: 3280] ✓ Updated: 74.94 (synced daily for consistency)
[2026-02-01 09:59:07]   [emp_id: 3286] ✓ Updated: 18.11 (synced daily for consistency)
[2026-02-01 09:59:07]   [emp_id: 3294] ✓ Updated: 17.77 (synced daily for consistency)
[2026-02-01 09:59:07]   [emp_id: 3321] ✓ Updated: 74.94 (synced daily for consistency)
[2026-02-01 09:59:07]   [emp_id: 3325] ✓ Updated: 62.69 (synced daily for consistency)
[2026-02-01 09:59:07]   [emp_id: 3329] ✓ Updated: 65.02 (synced daily for consistency)
[2026-02-01 09:59:07]   [emp_id: 3330] ✓ Updated: 65.02 (synced daily for consistency)
[2026-02-01 09:59:07]   [emp_id: 3332] ✓ Updated: 65.02 (synced daily for consistency)
[2026-02-01 09:59:07]   [emp_id: 3370] ✓ Updated: 56.53 (synced daily for consistency)
[2026-02-01 09:59:07]   [emp_id: 3384] ✓ Updated: 17.19 (synced daily for consistency)
[2026-02-01 09:59:07]   [emp_id: 3386] ✓ Updated: 47.19 (synced daily for consistency)
[2026-02-01 09:59:07]   [emp_id: 3431] ✓ Updated: 21.61 (synced daily for consistency)
[2026-02-01 09:59:07]   [emp_id: 3497] ✓ Updated: 11.77 (synced daily for consistency)
[2026-02-01 09:59:07]   [emp_id: 3532] ✓ Updated: 2.61 (synced daily for consistency)
[2026-02-01 09:59:07]   [emp_id: 3602] ✓ Updated: 4.18 (synced daily for consistency)
[2026-02-01 09:59:07]   [emp_id: 3618] ✓ Updated: 26.16 (synced daily for consistency)
[2026-02-01 09:59:07]   [emp_id: 3622] ✓ Updated: 36.45 (synced daily for consistency)
[2026-02-01 09:59:07]   [emp_id: 3627] ✓ Updated: 12.11 (synced daily for consistency)
[2026-02-01 09:59:07]   [emp_id: 3665] ✓ Updated: 53.69 (synced daily for consistency)
[2026-02-01 09:59:07]   [emp_id: 3705] ✓ Updated: 29.78 (synced daily for consistency)
[2026-02-01 09:59:07]   [emp_id: 3724] ✓ Updated: 46.69 (synced daily for consistency)
[2026-02-01 09:59:07]   [emp_id: 3726] ✓ Updated: 63.11 (synced daily for consistency)
[2026-02-01 09:59:07]   [emp_id: 3727] ✓ Updated: 68.19 (synced daily for consistency)
[2026-02-01 09:59:07]   [emp_id: 3728] ✓ Updated: 12.52 (synced daily for consistency)
[2026-02-01 09:59:07]   [emp_id: 3767] ✓ Updated: 3.27 (synced daily for consistency)
[2026-02-01 09:59:07]   [emp_id: 3768] ✓ Updated: 59.52 (synced daily for consistency)
[2026-02-01 09:59:07]   [emp_id: 3787] ✓ Updated: 60.11 (synced daily for consistency)
[2026-02-01 09:59:07]   [emp_id: 3790] ✓ Updated: 4.66 (synced daily for consistency)
[2026-02-01 09:59:07]   [emp_id: 3795] ✓ Updated: 17.61 (synced daily for consistency)
[2026-02-01 09:59:07]   [emp_id: 3798] ✓ Updated: 96.02 (synced daily for consistency)
[2026-02-01 09:59:07]   [emp_id: 3801] ✓ Updated: 4.29 (synced daily for consistency)
[2026-02-01 09:59:07]   [emp_id: 3802] ✓ Updated: 33.27 (synced daily for consistency)
[2026-02-01 09:59:07]   [emp_id: 3803] ✓ Updated: 117.69 (synced daily for consistency)
[2026-02-01 09:59:07]   [emp_id: 3810] ✓ Updated: 63.69 (synced daily for consistency)
[2026-02-01 09:59:07]   [emp_id: 3812] ✓ Updated: 92.69 (synced daily for consistency)
[2026-02-01 09:59:07]   [emp_id: 3815] ✓ Updated: 92.69 (synced daily for consistency)
[2026-02-01 09:59:07]   [emp_id: 3836] ✓ Updated: 60.36 (synced daily for consistency)
[2026-02-01 09:59:07]   [emp_id: 3855] ✓ Updated: 53.52 (synced daily for consistency)
[2026-02-01 09:59:07]   [emp_id: 3857] ✓ Updated: 57.19 (synced daily for consistency)
[2026-02-01 09:59:07]   [emp_id: 3862] ✓ Updated: 105.27 (synced daily for consistency)
[2026-02-01 09:59:07]   [emp_id: 3866] ✓ Updated: 30.52 (synced daily for consistency)
[2026-02-01 09:59:07]   [emp_id: 3876] ✓ Updated: 26.69 (synced daily for consistency)
[2026-02-01 09:59:07]   [emp_id: 3877] ✓ Updated: 52.19 (synced daily for consistency)
[2026-02-01 09:59:07]   [emp_id: 3897] ✓ Updated: 40.44 (synced daily for consistency)
[2026-02-01 09:59:07]   [emp_id: 3899] ✓ Updated: 2.26 (synced daily for consistency)
[2026-02-01 09:59:07]   [emp_id: 3928] ✓ Updated: 16.52 (synced daily for consistency)
[2026-02-01 09:59:07]   [emp_id: 3929] ✓ Updated: 11.52 (synced daily for consistency)
[2026-02-01 09:59:07]   [emp_id: 3935] ✓ Updated: 96.52 (synced daily for consistency)
[2026-02-01 09:59:07]   [emp_id: 3952] ✓ Updated: 77.86 (synced daily for consistency)
[2026-02-01 09:59:07]   [emp_id: 3987] ✓ Updated: 16.77 (synced daily for consistency)
[2026-02-01 09:59:07]   [emp_id: 4059] ✓ Updated: 5.97 (synced daily for consistency)
[2026-02-01 09:59:07]   [emp_id: 4119] ✓ Updated: 59.44 (synced daily for consistency)
[2026-02-01 09:59:08]   [emp_id: 4120] ✓ Updated: 29.02 (synced daily for consistency)
[2026-02-01 09:59:08]   [emp_id: 4124] ✓ Updated: 29.54 (synced daily for consistency)
[2026-02-01 09:59:08]   [emp_id: 4133] ✓ Updated: 108.02 (synced daily for consistency)
[2026-02-01 09:59:08]   [emp_id: 4134] ✓ Updated: 29.02 (synced daily for consistency)
[2026-02-01 09:59:08]   [emp_id: 4136] ✓ Updated: 29.02 (synced daily for consistency)
[2026-02-01 09:59:08]   [emp_id: 4150] ✓ Updated: 27.69 (synced daily for consistency)
[2026-02-01 09:59:08]   [emp_id: 4157] ✓ Updated: 21.19 (synced daily for consistency)
[2026-02-01 09:59:08]   [emp_id: 4172] ✓ Updated: 14.36 (synced daily for consistency)
[2026-02-01 09:59:08]   [emp_id: 4195] ✓ Updated: 64.77 (synced daily for consistency)
[2026-02-01 09:59:08]   [emp_id: 4215] ✓ Updated: 47.44 (synced daily for consistency)
[2026-02-01 09:59:08]   [emp_id: 4220] ✓ Updated: 43.02 (synced daily for consistency)
[2026-02-01 09:59:08]   [emp_id: 4273] ✓ Updated: 11.69 (synced daily for consistency)
[2026-02-01 09:59:08]   [emp_id: 4283] ✓ Updated: 15.45 (synced daily for consistency)
[2026-02-01 09:59:08]   [emp_id: 4288] ✓ Updated: 2.26 (synced daily for consistency)
[2026-02-01 09:59:08]   [emp_id: 4315] ✓ Updated: 14.94 (synced daily for consistency)
[2026-02-01 09:59:08]   [emp_id: 4328] ✓ Updated: 44.28 (synced daily for consistency)
[2026-02-01 09:59:08]   [emp_id: 4329] ✓ Updated: 8.11 (synced daily for consistency)
[2026-02-01 09:59:08]   [emp_id: 4338] ✓ Updated: 49.69 (synced daily for consistency)
[2026-02-01 09:59:08]   [emp_id: 4340] ✓ Updated: 111.69 (synced daily for consistency)
[2026-02-01 09:59:08]   [emp_id: 4365] ✓ Updated: 63.11 (synced daily for consistency)
[2026-02-01 09:59:08]   [emp_id: 4366] ✓ Updated: 62.19 (synced daily for consistency)
[2026-02-01 09:59:08]   [emp_id: 4403] ✓ Updated: 88.02 (synced daily for consistency)
[2026-02-01 09:59:08]   [emp_id: 4438] ✓ Updated: 23.69 (synced daily for consistency)
[2026-02-01 09:59:08]   [emp_id: 4465] ✓ Updated: 14.61 (synced daily for consistency)
[2026-02-01 09:59:08]   [emp_id: 4473] ✓ Updated: 47.27 (synced daily for consistency)
[2026-02-01 09:59:08]   [emp_id: 4474] ✓ Updated: 5.12 (synced daily for consistency)
[2026-02-01 09:59:08]   [emp_id: 4493] ✓ Updated: 166.11 (synced daily for consistency)
[2026-02-01 09:59:08]   [emp_id: 4526] ✓ Updated: 38.36 (synced daily for consistency)
[2026-02-01 09:59:08]   [emp_id: 4528] ✓ Updated: 110.11 (synced daily for consistency)
[2026-02-01 09:59:08]   [emp_id: 4528] ✓ Updated: 110.11 (synced daily for consistency)
[2026-02-01 09:59:08]   [emp_id: 4532] ✓ Updated: 9.73 (synced daily for consistency)
[2026-02-01 09:59:08]   [emp_id: 4533] ✓ Updated: 38.52 (synced daily for consistency)
[2026-02-01 09:59:08]   [emp_id: 4565] ✓ Updated: 17.11 (synced daily for consistency)
[2026-02-01 09:59:08]   [emp_id: 4567] ✓ Updated: 21.36 (synced daily for consistency)
[2026-02-01 09:59:08]   [emp_id: 4572] ✓ Updated: 60.86 (synced daily for consistency)
[2026-02-01 09:59:08]   [emp_id: 4631] ✓ Updated: 17.11 (synced daily for consistency)
[2026-02-01 09:59:08]   [emp_id: 4655] ✓ Updated: 27.44 (synced daily for consistency)
[2026-02-01 09:59:08]   [emp_id: 4709] ✓ Updated: 42.69 (synced daily for consistency)
[2026-02-01 09:59:08]   [emp_id: 4717] ✓ Updated: 68.69 (synced daily for consistency)
[2026-02-01 09:59:08]   [emp_id: 4736] ✓ Updated: 30.52 (synced daily for consistency)
[2026-02-01 09:59:08]   [emp_id: 4756] ✓ Updated: 13.55 (synced daily for consistency)
[2026-02-01 09:59:08]   [emp_id: 4768] ✓ Updated: 16.19 (synced daily for consistency)
[2026-02-01 09:59:08]   [emp_id: 4780] ✓ Updated: 67.28 (synced daily for consistency)
[2026-02-01 09:59:08]   [emp_id: 4820] ✓ Updated: 101.52 (synced daily for consistency)
[2026-02-01 09:59:08]   [emp_id: 4824] ✓ Updated: 4.7 (synced daily for consistency)
[2026-02-01 09:59:08]   [emp_id: 4825] ✓ Updated: 33.27 (synced daily for consistency)
[2026-02-01 09:59:08]   [emp_id: 4837] ✓ Updated: 47.27 (synced daily for consistency)
[2026-02-01 09:59:08]   [emp_id: 4840] ✓ Updated: 47.27 (synced daily for consistency)
[2026-02-01 09:59:09]   [emp_id: 4842] ✓ Updated: 46.51 (synced daily for consistency)
[2026-02-01 09:59:09]   [emp_id: 4843] ✓ Updated: 47.04 (synced daily for consistency)
[2026-02-01 09:59:09]   [emp_id: 4853] ✓ Updated: 90.86 (synced daily for consistency)
[2026-02-01 09:59:09]   [emp_id: 4856] ✓ Updated: 44.18 (synced daily for consistency)
[2026-02-01 09:59:09]   [emp_id: 4857] ✓ Updated: 27 (synced daily for consistency)
[2026-02-01 09:59:09]   [emp_id: 4858] ✓ Updated: 23.88 (synced daily for consistency)
[2026-02-01 09:59:09]   [emp_id: 4859] ✓ Updated: 45.35 (synced daily for consistency)
[2026-02-01 09:59:09]   [emp_id: 4860] ✓ Updated: 9.85 (synced daily for consistency)
[2026-02-01 09:59:09]   [emp_id: 4861] ✓ Updated: 43.31 (synced daily for consistency)
[2026-02-01 09:59:09]   [emp_id: 4869] ✓ Updated: 86.19 (synced daily for consistency)
[2026-02-01 09:59:09]   [emp_id: 4894] ✓ Updated: 10.19 (synced daily for consistency)
[2026-02-01 09:59:09]   [emp_id: 4897] ✓ Updated: 25.09 (synced daily for consistency)
[2026-02-01 09:59:09]   [emp_id: 4899] ✓ Updated: 21.26 (synced daily for consistency)
[2026-02-01 09:59:09]   [emp_id: 4902] ✓ Updated: 20.68 (synced daily for consistency)
[2026-02-01 09:59:09]   [emp_id: 4903] ✓ Updated: 22.9 (synced daily for consistency)
[2026-02-01 09:59:09]   [emp_id: 4905] ✓ Updated: 21.56 (synced daily for consistency)
[2026-02-01 09:59:09]   [emp_id: 4907] ✓ Updated: 50.27 (synced daily for consistency)
[2026-02-01 09:59:09]   [emp_id: 4917] ✓ Updated: 18.52 (synced daily for consistency)
[2026-02-01 09:59:09]   [emp_id: 4918] ✓ Updated: 8.29 (synced daily for consistency)
[2026-02-01 09:59:09]   [emp_id: 4919] ✓ Updated: 60.58 (synced daily for consistency)
[2026-02-01 09:59:09]   [emp_id: 4920] ✓ Updated: 7.66 (synced daily for consistency)
[2026-02-01 09:59:09]   [emp_id: 4921] ✓ Updated: 19.75 (synced daily for consistency)
[2026-02-01 09:59:09]   [emp_id: 4927] ✓ Updated: 18.58 (synced daily for consistency)
[2026-02-01 09:59:09]   [emp_id: 4929] ✓ Updated: 20.1 (synced daily for consistency)
[2026-02-01 09:59:09]   [emp_id: 4930] ✓ Updated: 60.87 (synced daily for consistency)
[2026-02-01 09:59:09]   [emp_id: 4932] ✓ Updated: 18.87 (synced daily for consistency)
[2026-02-01 09:59:09]   [emp_id: 4933] ✓ Updated: 22.28 (synced daily for consistency)
[2026-02-01 09:59:09]   [emp_id: 4949] ✓ Updated: 25.71 (synced daily for consistency)
[2026-02-01 09:59:09]   [emp_id: 4956] ✓ Updated: 31.3 (synced daily for consistency)
[2026-02-01 09:59:09]   [emp_id: 4957] ✓ Updated: 26.97 (synced daily for consistency)
[2026-02-01 09:59:09]   [emp_id: 4962] ✓ Updated: 49.63 (synced daily for consistency)
[2026-02-01 09:59:09]   [emp_id: 4969] ✓ Updated: 48.94 (synced daily for consistency)
[2026-02-01 09:59:09]   [emp_id: 4976] ✓ Updated: 11.99 (synced daily for consistency)
[2026-02-01 09:59:09]   [emp_id: 4984] ✓ Updated: 40.19 (synced daily for consistency)
[2026-02-01 09:59:09]   [emp_id: 4995] ✓ Updated: 52.26 (synced daily for consistency)
[2026-02-01 09:59:09]   [emp_id: 5004] ✓ Updated: 28.93 (synced daily for consistency)
[2026-02-01 09:59:09]   [emp_id: 5006] ✓ Updated: 28.67 (synced daily for consistency)
[2026-02-01 09:59:09]   [emp_id: 5011] ✓ Updated: 8.04 (synced daily for consistency)
[2026-02-01 09:59:09]   [emp_id: 5013] ✓ Updated: 69.04 (synced daily for consistency)
[2026-02-01 09:59:09]   [emp_id: 5018] ✓ Updated: 5.53 (synced daily for consistency)
[2026-02-01 09:59:09]   [emp_id: 5021] ✓ Updated: 63.29 (synced daily for consistency)
[2026-02-01 09:59:09]   [emp_id: 5024] ✓ Updated: 3.55 (synced daily for consistency)
[2026-02-01 09:59:09]   [emp_id: 5030] ✓ Updated: 33.5 (synced daily for consistency)
[2026-02-01 09:59:09]   [emp_id: 5033] ✓ Updated: 12.3 (synced daily for consistency)
[2026-02-01 09:59:09]   [emp_id: 5043] ✓ Updated: 32.86 (synced daily for consistency)
[2026-02-01 09:59:09]   [emp_id: 5045] ✓ Updated: 29.36 (synced daily for consistency)
[2026-02-01 09:59:09]   [emp_id: 5046] ✓ Updated: 24.55 (synced daily for consistency)
[2026-02-01 09:59:09]   [emp_id: 5049] ✓ Updated: 0.98 (synced daily for consistency)
[2026-02-01 09:59:10]   [emp_id: 5052] ✓ Updated: 32.26 (synced daily for consistency)
[2026-02-01 09:59:10]   [emp_id: 5055] ✓ Updated: 20.7 (synced daily for consistency)
[2026-02-01 09:59:10]   [emp_id: 5058] ✓ Updated: 29.68 (synced daily for consistency)
[2026-02-01 09:59:10]   [emp_id: 5062] ✓ Updated: 41.51 (synced daily for consistency)
[2026-02-01 09:59:10]   [emp_id: 5064] ✓ Updated: 120.19 (synced daily for consistency)
[2026-02-01 09:59:10]   [emp_id: 5065] ✓ Updated: 40.92 (synced daily for consistency)
[2026-02-01 09:59:10]   [emp_id: 5071] ✓ Updated: 25.69 (synced daily for consistency)
[2026-02-01 09:59:10]   [emp_id: 5073] ✓ Updated: 15.52 (synced daily for consistency)
[2026-02-01 09:59:10]   [emp_id: 5079] ✓ Updated: 36.08 (synced daily for consistency)
[2026-02-01 09:59:10]   [emp_id: 5080] ✓ Updated: 29.41 (synced daily for consistency)
[2026-02-01 09:59:10]   [emp_id: 5081] ✓ Updated: 17.67 (synced daily for consistency)
[2026-02-01 09:59:10]   [emp_id: 5087] ✓ Updated: 37.71 (synced daily for consistency)
[2026-02-01 09:59:10]   [emp_id: 5091] ✓ Updated: 77.56 (synced daily for consistency)
[2026-02-01 09:59:10]   [emp_id: 5093] ✓ Updated: 16.86 (synced daily for consistency)
[2026-02-01 09:59:10]   [emp_id: 5095] ✓ Updated: 3.1 (synced daily for consistency)
[2026-02-01 09:59:10]   [emp_id: 5101] ✓ Updated: 18.94 (synced daily for consistency)
[2026-02-01 09:59:10]   [emp_id: 5107] ✓ Updated: 17.27 (synced daily for consistency)
[2026-02-01 09:59:10]   [emp_id: 5109] ✓ Updated: 14.52 (synced daily for consistency)
[2026-02-01 09:59:10]   [emp_id: 5119] ✓ Updated: 12.69 (synced daily for consistency)
[2026-02-01 09:59:10]   [emp_id: 5122] ✓ Updated: 9.86 (synced daily for consistency)
[2026-02-01 09:59:10]   [emp_id: 5126] ✓ Updated: 28.44 (synced daily for consistency)
[2026-02-01 09:59:10]   [emp_id: 5127] ✓ Updated: 7.23 (synced daily for consistency)
[2026-02-01 09:59:10]   [emp_id: 5128] ✓ Updated: 28.38 (synced daily for consistency)
[2026-02-01 09:59:10]   [emp_id: 5138] ✓ Updated: 52.52 (synced daily for consistency)
[2026-02-01 09:59:10]   [emp_id: 5138] ✓ Updated: 52.52 (synced daily for consistency)
[2026-02-01 09:59:10]   [emp_id: 5141] ✓ Updated: 36.75 (synced daily for consistency)
[2026-02-01 09:59:10]   [emp_id: 5142] ✓ Updated: 15.75 (synced daily for consistency)
[2026-02-01 09:59:10]   [emp_id: 5146] ✓ Updated: 22.75 (synced daily for consistency)
[2026-02-01 09:59:10]   [emp_id: 5147] ✓ Updated: 21.75 (synced daily for consistency)
[2026-02-01 09:59:10]   [emp_id: 5148] ✓ Updated: 27.1 (synced daily for consistency)
[2026-02-01 09:59:10]   [emp_id: 5149] ✓ Updated: 25.99 (synced daily for consistency)
[2026-02-01 09:59:10]   [emp_id: 5150] ✓ Updated: 25.35 (synced daily for consistency)
[2026-02-01 09:59:10]   [emp_id: 5151] ✓ Updated: 25.17 (synced daily for consistency)
[2026-02-01 09:59:10]   [emp_id: 5152] ✓ Updated: 5.59 (synced daily for consistency)
[2026-02-01 09:59:10]   [emp_id: 5157] ✓ Updated: 25.17 (synced daily for consistency)
[2026-02-01 09:59:10]   [emp_id: 5160] ✓ Updated: 25.17 (synced daily for consistency)
[2026-02-01 09:59:10]   [emp_id: 5163] ✓ Updated: 22.96 (synced daily for consistency)
[2026-02-01 09:59:10]   [emp_id: 5165] ✓ Updated: 3.96 (synced daily for consistency)
[2026-02-01 09:59:10]   [emp_id: 5167] ✓ Updated: 32.11 (synced daily for consistency)
[2026-02-01 09:59:10]   [emp_id: 5168] ✓ Updated: 24.65 (synced daily for consistency)
[2026-02-01 09:59:10]   [emp_id: 5173] ✓ Updated: 27.61 (synced daily for consistency)
[2026-02-01 09:59:10]   [emp_id: 5174] ✓ Updated: 25.11 (synced daily for consistency)
[2026-02-01 09:59:10]   [emp_id: 5181] ✓ Updated: 21.5 (synced daily for consistency)
[2026-02-01 09:59:10]   [emp_id: 5186] ✓ Updated: 27.03 (synced daily for consistency)
[2026-02-01 09:59:10]   [emp_id: 5187] ✓ Updated: 38.03 (synced daily for consistency)
[2026-02-01 09:59:10]   [emp_id: 5204] ✓ Updated: 25.11 (synced daily for consistency)
[2026-02-01 09:59:10]   [emp_id: 5205] ✓ Updated: 14.24 (synced daily for consistency)
[2026-02-01 09:59:10]   [emp_id: 5209] ✓ Updated: 17.24 (synced daily for consistency)
[2026-02-01 09:59:10]   [emp_id: 5213] ✓ Updated: 4.65 (synced daily for consistency)
[2026-02-01 09:59:10]   [emp_id: 5214] ✓ Updated: 3.49 (synced daily for consistency)
[2026-02-01 09:59:10]   [emp_id: 5215] ✓ Updated: 12.24 (synced daily for consistency)
[2026-02-01 09:59:10]   [emp_id: 5217] ✓ Updated: 11.24 (synced daily for consistency)
[2026-02-01 09:59:11]   [emp_id: 5219] ✓ Updated: 15.24 (synced daily for consistency)
[2026-02-01 09:59:11]   [emp_id: 5221] ✓ Updated: 4.55 (synced daily for consistency)
[2026-02-01 09:59:11]   [emp_id: 5224] ✓ Updated: 16.24 (synced daily for consistency)
[2026-02-01 09:59:11]   [emp_id: 5225] ✓ Updated: 8.55 (synced daily for consistency)
[2026-02-01 09:59:11]   [emp_id: 5228] ✓ Updated: 11.24 (synced daily for consistency)
[2026-02-01 09:59:11]   [emp_id: 5229] ✓ Updated: 7.24 (synced daily for consistency)
[2026-02-01 09:59:11]   [emp_id: 5230] ✓ Updated: 11.91 (synced daily for consistency)
[2026-02-01 09:59:11]   [emp_id: 5231] ✓ Updated: 8.24 (synced daily for consistency)
[2026-02-01 09:59:11]   [emp_id: 5232] ✓ Updated: 2.24 (synced daily for consistency)
[2026-02-01 09:59:11]   [emp_id: 5233] ✓ Updated: 6.24 (synced daily for consistency)
[2026-02-01 09:59:11]   [emp_id: 5234] ✓ Updated: 6.24 (synced daily for consistency)
[2026-02-01 09:59:11]   [emp_id: 5235] ✓ Updated: 1.68 (synced daily for consistency)
[2026-02-01 09:59:11]   [emp_id: 5237] ✓ Updated: 12.49 (synced daily for consistency)
[2026-02-01 09:59:11]   [emp_id: 5239] ✓ Updated: 9.24 (synced daily for consistency)
[2026-02-01 09:59:11]   [emp_id: 5241] ✓ Updated: 7.24 (synced daily for consistency)
[2026-02-01 09:59:11]   [emp_id: 5242] ✓ Updated: 17.24 (synced daily for consistency)
[2026-02-01 09:59:11]   [emp_id: 5243] ✓ Updated: 3.65 (synced daily for consistency)
[2026-02-01 09:59:11]   [emp_id: 5244] ✓ Updated: 1.68 (synced daily for consistency)
[2026-02-01 09:59:11]   [emp_id: 5246] ✓ Updated: 13.24 (synced daily for consistency)
[2026-02-01 09:59:11]   [emp_id: 5253] ✓ Updated: 26.11 (synced daily for consistency)
[2026-02-01 09:59:11]   [emp_id: 5254] ✓ Updated: 14.09 (synced daily for consistency)
[2026-02-01 09:59:11]   [emp_id: 5257] ✓ Updated: 13.8 (synced daily for consistency)
[2026-02-01 09:59:11]   [emp_id: 5259] ✓ Updated: 50.33 (synced daily for consistency)
[2026-02-01 09:59:11]   [emp_id: 5261] ✓ Updated: 18.71 (synced daily for consistency)
[2026-02-01 09:59:11]   [emp_id: 5264] ✓ Updated: 15.81 (synced daily for consistency)
[2026-02-01 09:59:11]   [emp_id: 5266] ✓ Updated: 22.43 (synced daily for consistency)
[2026-02-01 09:59:11]   [emp_id: 5268] ✓ Updated: 11 (synced daily for consistency)
[2026-02-01 09:59:11]   [emp_id: 5271] ✓ Updated: 9.66 (synced daily for consistency)
[2026-02-01 09:59:11]   [emp_id: 5272] ✓ Updated: 10.53 (synced daily for consistency)
[2026-02-01 09:59:11]   [emp_id: 5273] ✓ Updated: 25.6 (synced daily for consistency)
[2026-02-01 09:59:11]   [emp_id: 5275] ✓ Updated: 11.35 (synced daily for consistency)
[2026-02-01 09:59:11]   [emp_id: 5276] ✓ Updated: 25.62 (synced daily for consistency)
[2026-02-01 09:59:11]   [emp_id: 5278] ✓ Updated: 10.01 (synced daily for consistency)
[2026-02-01 09:59:11]   [emp_id: 5280] ✓ Updated: 20.41 (synced daily for consistency)
[2026-02-01 09:59:11]   [emp_id: 5282] ✓ Updated: 14.19 (synced daily for consistency)
[2026-02-01 09:59:11]   [emp_id: 5285] ✓ Updated: 30.41 (synced daily for consistency)
[2026-02-01 09:59:11]   [emp_id: 5286] ✓ Updated: 17.41 (synced daily for consistency)
[2026-02-01 09:59:11]   [emp_id: 5287] ✓ Updated: 51.71 (synced daily for consistency)
[2026-02-01 09:59:11]   [emp_id: 5288] ✓ Updated: 8.98 (synced daily for consistency)
[2026-02-01 09:59:11]   [emp_id: 5289] ✓ Updated: 50.26 (synced daily for consistency)
[2026-02-01 09:59:11]   [emp_id: 5290] ✓ Updated: 49.03 (synced daily for consistency)
[2026-02-01 09:59:11]   [emp_id: 5291] ✓ Updated: 7.03 (synced daily for consistency)
[2026-02-01 09:59:11]   [emp_id: 5292] ✓ Updated: 6.97 (synced daily for consistency)
[2026-02-01 09:59:11]   [emp_id: 5293] ✓ Updated: 10.45 (synced daily for consistency)
[2026-02-01 09:59:11]   [emp_id: 5294] ✓ Updated: 10.11 (synced daily for consistency)
[2026-02-01 09:59:11]   [emp_id: 5295] ✓ Updated: 23.21 (synced daily for consistency)
[2026-02-01 09:59:11]   [emp_id: 5296] ✓ Updated: 37.13 (synced daily for consistency)
[2026-02-01 09:59:11]   [emp_id: 5297] ✓ Updated: 47.63 (synced daily for consistency)
[2026-02-01 09:59:11]   [emp_id: 5298] ✓ Updated: 47.63 (synced daily for consistency)
[2026-02-01 09:59:11]   [emp_id: 5299] ✓ Updated: 47.63 (synced daily for consistency)
[2026-02-01 09:59:11]   [emp_id: 5300] ✓ Updated: 47.63 (synced daily for consistency)
[2026-02-01 09:59:12]   [emp_id: 5301] ✓ Updated: 5.45 (synced daily for consistency)
[2026-02-01 09:59:12]   [emp_id: 5303] ✓ Updated: 5.88 (synced daily for consistency)
[2026-02-01 09:59:12]   [emp_id: 5304] ✓ Updated: 2.63 (synced daily for consistency)
[2026-02-01 09:59:12]   [emp_id: 5305] ✓ Updated: 5.63 (synced daily for consistency)
[2026-02-01 09:59:12]   [emp_id: 5306] ✓ Updated: 47.34 (synced daily for consistency)
[2026-02-01 09:59:12]   [emp_id: 5307] ✓ Updated: 47.34 (synced daily for consistency)
[2026-02-01 09:59:12]   [emp_id: 5312] ✓ Updated: 1.68 (synced daily for consistency)
[2026-02-01 09:59:12]   [emp_id: 5318] ✓ Updated: 28.05 (synced daily for consistency)
[2026-02-01 09:59:12]   [emp_id: 5325] ✓ Updated: 2.01 (synced daily for consistency)
[2026-02-01 09:59:12]   [emp_id: 5327] ✓ Updated: 3.1 (synced daily for consistency)
[2026-02-01 09:59:12]   [emp_id: 5337] ✓ Updated: 38.02 (synced daily for consistency)
[2026-02-01 09:59:12]   [emp_id: 5339] ✓ Updated: 12.2 (synced daily for consistency)
[2026-02-01 09:59:12]   [emp_id: 5343] ✓ Updated: 47.94 (synced daily for consistency)
[2026-02-01 09:59:12]   [emp_id: 5343] ✓ Updated: 47.94 (synced daily for consistency)
[2026-02-01 09:59:12]   [emp_id: 5345] ✓ Updated: 17.77 (synced daily for consistency)
[2026-02-01 09:59:12]   [emp_id: 5346] ✓ Updated: 3.92 (synced daily for consistency)
[2026-02-01 09:59:12]   [emp_id: 5351] ✓ Updated: 18.86 (synced daily for consistency)
[2026-02-01 09:59:12]   [emp_id: 5352] ✓ Updated: 28.19 (synced daily for consistency)
[2026-02-01 09:59:12]   [emp_id: 5370] ✓ Updated: 17.51 (synced daily for consistency)
[2026-02-01 09:59:12]   [emp_id: 5371] ✓ Updated: 9.94 (synced daily for consistency)
[2026-02-01 09:59:12]   [emp_id: 5376] ✓ Updated: 12.11 (synced daily for consistency)
[2026-02-01 09:59:12]   [emp_id: 5378] ✓ Updated: 20.02 (synced daily for consistency)
[2026-02-01 09:59:12]   [emp_id: 5380] ✓ Updated: 18.52 (synced daily for consistency)
[2026-02-01 09:59:12]   [emp_id: 5381] ✓ Updated: 14.46 (synced daily for consistency)
[2026-02-01 09:59:12]   [emp_id: 5383] ✓ Updated: 17.77 (synced daily for consistency)
[2026-02-01 09:59:12]   [emp_id: 5388] ✓ Updated: 29.3 (synced daily for consistency)
[2026-02-01 09:59:12]   [emp_id: 5396] ✓ Updated: 30.54 (synced daily for consistency)
[2026-02-01 09:59:12]   [emp_id: 5397] ✓ Updated: 22 (synced daily for consistency)
[2026-02-01 09:59:12]   [emp_id: 5401] ✓ Updated: 25.11 (synced daily for consistency)
[2026-02-01 09:59:12]   [emp_id: 5402] ✓ Updated: 25.23 (synced daily for consistency)
[2026-02-01 09:59:12]   [emp_id: 5406] ✓ Updated: 18.95 (synced daily for consistency)
[2026-02-01 09:59:12]   [emp_id: 5407] ✓ Updated: 18.54 (synced daily for consistency)
[2026-02-01 09:59:12]   [emp_id: 5409] ✓ Updated: 18.29 (synced daily for consistency)
[2026-02-01 09:59:12]   [emp_id: 5413] ✓ Updated: 30.94 (synced daily for consistency)
[2026-02-01 09:59:12]   [emp_id: 5414] ✓ Updated: 30.61 (synced daily for consistency)
[2026-02-01 09:59:12]   [emp_id: 5415] ✓ Updated: 6.54 (synced daily for consistency)
[2026-02-01 09:59:12]   [emp_id: 5418] ✓ Updated: 17.35 (synced daily for consistency)
[2026-02-01 09:59:12]   [emp_id: 5422] ✓ Updated: 23.27 (synced daily for consistency)
[2026-02-01 09:59:12]   [emp_id: 5423] ✓ Updated: 7.96 (synced daily for consistency)
[2026-02-01 09:59:12]   [emp_id: 5425] ✓ Updated: 15.9 (synced daily for consistency)
[2026-02-01 09:59:12]   [emp_id: 5426] ✓ Updated: 4.51 (synced daily for consistency)
[2026-02-01 09:59:12]   [emp_id: 5426] ✓ Updated: 4.51 (synced daily for consistency)
[2026-02-01 09:59:12]   [emp_id: 5427] ✓ Updated: 16.01 (synced daily for consistency)
[2026-02-01 09:59:12]   [emp_id: 5428] ✓ Updated: 15.9 (synced daily for consistency)
[2026-02-01 09:59:12]   [emp_id: 5430] ✓ Updated: 20.33 (synced daily for consistency)
[2026-02-01 09:59:12]   [emp_id: 5431] ✓ Updated: 15.02 (synced daily for consistency)
[2026-02-01 09:59:12]   [emp_id: 5433] ✓ Updated: 15.04 (synced daily for consistency)
[2026-02-01 09:59:12]   [emp_id: 5434] ✓ Updated: 14.79 (synced daily for consistency)
[2026-02-01 09:59:12]   [emp_id: 5435] ✓ Updated: 14.73 (synced daily for consistency)
[2026-02-01 09:59:12]   [emp_id: 5436] ✓ Updated: 14.73 (synced daily for consistency)
[2026-02-01 09:59:12]   [emp_id: 5438] ✓ Updated: 18.19 (synced daily for consistency)
[2026-02-01 09:59:12]   [emp_id: 5439] ✓ Updated: 27.69 (synced daily for consistency)
[2026-02-01 09:59:12]   [emp_id: 5442] ✓ Updated: 16.69 (synced daily for consistency)
[2026-02-01 09:59:13]   [emp_id: 5445] ✓ Updated: 9.19 (synced daily for consistency)
[2026-02-01 09:59:13]   [emp_id: 5446] ✓ Updated: 9.19 (synced daily for consistency)
[2026-02-01 09:59:13]   [emp_id: 5447] ✓ Updated: 9.13 (synced daily for consistency)
[2026-02-01 09:59:13]   [emp_id: 5448] ✓ Updated: 3.71 (synced daily for consistency)
[2026-02-01 09:59:13]   [emp_id: 5449] ✓ Updated: 7.21 (synced daily for consistency)
[2026-02-01 09:59:13]   [emp_id: 5450] ✓ Updated: 7.15 (synced daily for consistency)
[2026-02-01 09:59:13]   [emp_id: 5451] ✓ Updated: 7.15 (synced daily for consistency)
[2026-02-01 09:59:13]   [emp_id: 5453] ✓ Updated: 6.99 (synced daily for consistency)
[2026-02-01 09:59:13]   [emp_id: 5454] ✓ Updated: 9.77 (synced daily for consistency)
[2026-02-01 09:59:13]   [emp_id: 5455] ✓ Updated: 4.02 (synced daily for consistency)
[2026-02-01 09:59:13]   [emp_id: 5456] ✓ Updated: 9.02 (synced daily for consistency)
[2026-02-01 09:59:13]   [emp_id: 5457] ✓ Updated: 6.24 (synced daily for consistency)
[2026-02-01 09:59:13]   [emp_id: 5460] ✓ Updated: 7.67 (synced daily for consistency)
[2026-02-01 09:59:13]   [emp_id: 5463] ✓ Updated: 7 (synced daily for consistency)
[2026-02-01 09:59:13]   [emp_id: 5464] ✓ Updated: 7 (synced daily for consistency)
[2026-02-01 09:59:13]   [emp_id: 5466] ✓ Updated: 4.75 (synced daily for consistency)
[2026-02-01 09:59:13]   [emp_id: 5467] ✓ Updated: 3.67 (synced daily for consistency)
[2026-02-01 09:59:13]   [emp_id: 5468] ✓ Updated: 2.62 (synced daily for consistency)
[2026-02-01 09:59:13]   [emp_id: 5469] ✓ Updated: 2.53 (synced daily for consistency)
[2026-02-01 09:59:13] Report saved to: D:\xampp\htdocs\almutlak\system/cron_logs/last_vacation_update_report.json
[2026-02-01 10:02:43] ========== CRON: Vacation Balance Update Started ==========
[2026-02-01 10:02:43] Force level: 2 (0=normal, 1=check missing, 2=full bypass)
[2026-02-01 10:02:43] Source: CLI (argv)
[2026-02-01 10:02:43] FORCE LEVEL 2: Full bypass - updating all balances AND last_updated
[2026-02-01 10:02:43] Database connection established
[2026-02-01 10:02:43] Found 433 active employees with balance records to update
[2026-02-01 10:02:43] (Only employees with status=1 will be processed)
[2026-02-01 10:02:43]   [emp_id: 1061] ✓ Updated: 2.26 (synced daily for consistency)
[2026-02-01 10:02:43]   [emp_id: 1496] ✓ Updated: 19.11 (synced daily for consistency)
[2026-02-01 10:02:43]   [emp_id: 1500] ✓ Updated: 6.79 (synced daily for consistency)
[2026-02-01 10:02:43]   [emp_id: 1574] ✓ Updated: 36.02 (synced daily for consistency)
[2026-02-01 10:02:43]   [emp_id: 1673] ✓ Updated: 47.52 (synced daily for consistency)
[2026-02-01 10:02:43]   [emp_id: 1685] ✓ Updated: 17.44 (synced daily for consistency)
[2026-02-01 10:02:43]   [emp_id: 1764] ✓ Updated: 72.11 (synced daily for consistency)
[2026-02-01 10:02:43]   [emp_id: 1805] ✓ Updated: 66.44 (synced daily for consistency)
[2026-02-01 10:02:43]   [emp_id: 1822] ✓ Updated: 71.19 (synced daily for consistency)
[2026-02-01 10:02:43]   [emp_id: 1837] ✓ Updated: 27.36 (synced daily for consistency)
[2026-02-01 10:02:43]   [emp_id: 1857] ✓ Updated: 22.69 (synced daily for consistency)
[2026-02-01 10:02:43]   [emp_id: 1861] ✓ Updated: 73.52 (synced daily for consistency)
[2026-02-01 10:02:43]   [emp_id: 1872] ✓ Updated: 12.36 (synced daily for consistency)
[2026-02-01 10:02:43]   [emp_id: 1897] ✓ Updated: 7.69 (synced daily for consistency)
[2026-02-01 10:02:43]   [emp_id: 1916] ✓ Updated: 13.99 (synced daily for consistency)
[2026-02-01 10:02:43]   [emp_id: 1928] ✓ Updated: 66.94 (synced daily for consistency)
[2026-02-01 10:02:43]   [emp_id: 1931] ✓ Updated: 86.86 (synced daily for consistency)
[2026-02-01 10:02:43]   [emp_id: 1944] ✓ Updated: 45.02 (synced daily for consistency)
[2026-02-01 10:02:43]   [emp_id: 1996] ✓ Updated: 73.52 (synced daily for consistency)
[2026-02-01 10:02:43]   [emp_id: 1997] ✓ Updated: 38.69 (synced daily for consistency)
[2026-02-01 10:02:43]   [emp_id: 1998] ✓ Updated: 30.13 (synced daily for consistency)
[2026-02-01 10:02:43]   [emp_id: 1999] ✓ Updated: 31.13 (synced daily for consistency)
[2026-02-01 10:02:43]   [emp_id: 2009] ✓ Updated: 37.44 (synced daily for consistency)
[2026-02-01 10:02:44]   [emp_id: 2048] ✓ Updated: 27.27 (synced daily for consistency)
[2026-02-01 10:02:44]   [emp_id: 2057] ✓ Updated: 68.11 (synced daily for consistency)
[2026-02-01 10:02:44]   [emp_id: 2079] ✓ Updated: 50.44 (synced daily for consistency)
[2026-02-01 10:02:44]   [emp_id: 2181] ✓ Updated: 39.44 (synced daily for consistency)
[2026-02-01 10:02:44]   [emp_id: 2190] ✓ Updated: 8.77 (synced daily for consistency)
[2026-02-01 10:02:44]   [emp_id: 2212] ✓ Updated: 26.77 (synced daily for consistency)
[2026-02-01 10:02:44]   [emp_id: 2226] ✓ Updated: 71.52 (synced daily for consistency)
[2026-02-01 10:02:44]   [emp_id: 2238] ✓ Updated: 69.77 (synced daily for consistency)
[2026-02-01 10:02:44]   [emp_id: 2285] ✓ Updated: 38.44 (synced daily for consistency)
[2026-02-01 10:02:44]   [emp_id: 2287] ✓ Updated: 50.11 (synced daily for consistency)
[2026-02-01 10:02:44]   [emp_id: 2288] ✓ Updated: 5.13 (synced daily for consistency)
[2026-02-01 10:02:44]   [emp_id: 2316] ✓ Updated: 18.94 (synced daily for consistency)
[2026-02-01 10:02:44]   [emp_id: 2337] ✓ Updated: 40.02 (synced daily for consistency)
[2026-02-01 10:02:44]   [emp_id: 2352] ✓ Updated: 71.52 (synced daily for consistency)
[2026-02-01 10:02:44]   [emp_id: 2358] ✓ Updated: 8.02 (synced daily for consistency)
[2026-02-01 10:02:44]   [emp_id: 2361] ✓ Updated: 73.69 (synced daily for consistency)
[2026-02-01 10:02:44]   [emp_id: 2363] ✓ Updated: 76.27 (synced daily for consistency)
[2026-02-01 10:02:44]   [emp_id: 2364] ✓ Updated: 75.69 (synced daily for consistency)
[2026-02-01 10:02:44]   [emp_id: 2367] ✓ Updated: 103.36 (synced daily for consistency)
[2026-02-01 10:02:44]   [emp_id: 2368] ✓ Updated: 33.77 (synced daily for consistency)
[2026-02-01 10:02:44]   [emp_id: 2372] ✓ Updated: 71.02 (synced daily for consistency)
[2026-02-01 10:02:44]   [emp_id: 2376] ✓ Updated: 121.02 (synced daily for consistency)
[2026-02-01 10:02:44]   [emp_id: 2423] ✓ Updated: 21.77 (synced daily for consistency)
[2026-02-01 10:02:44]   [emp_id: 2519] ✓ Updated: 115.44 (synced daily for consistency)
[2026-02-01 10:02:44]   [emp_id: 2522] ✓ Updated: 59.02 (synced daily for consistency)
[2026-02-01 10:02:44]   [emp_id: 2530] ✓ Updated: 54.27 (synced daily for consistency)
[2026-02-01 10:02:44]   [emp_id: 2539] ✓ Updated: 51.02 (synced daily for consistency)
[2026-02-01 10:02:44]   [emp_id: 2541] ✓ Updated: 31.61 (synced daily for consistency)
[2026-02-01 10:02:44]   [emp_id: 2550] ✓ Updated: 97.77 (synced daily for consistency)
[2026-02-01 10:02:44]   [emp_id: 2553] ✓ Updated: 34.88 (synced daily for consistency)
[2026-02-01 10:02:44]   [emp_id: 2554] ✓ Updated: 41.36 (synced daily for consistency)
[2026-02-01 10:02:44]   [emp_id: 2565] ✓ Updated: 95.94 (synced daily for consistency)
[2026-02-01 10:02:44]   [emp_id: 2572] ✓ Updated: 45.94 (synced daily for consistency)
[2026-02-01 10:02:44]   [emp_id: 2637] ✓ Updated: 66.52 (synced daily for consistency)
[2026-02-01 10:02:44]   [emp_id: 2642] ✓ Updated: 79.27 (synced daily for consistency)
[2026-02-01 10:02:44]   [emp_id: 2645] ✓ Updated: 95.27 (synced daily for consistency)
[2026-02-01 10:02:44]   [emp_id: 2648] ✓ Updated: 46.94 (synced daily for consistency)
[2026-02-01 10:02:44]   [emp_id: 2654] ✓ Updated: 89.61 (synced daily for consistency)
[2026-02-01 10:02:44]   [emp_id: 2688] ✓ Updated: 27.69 (synced daily for consistency)
[2026-02-01 10:02:44]   [emp_id: 2690] ✓ Updated: 16.44 (synced daily for consistency)
[2026-02-01 10:02:44]   [emp_id: 2709] ✓ Updated: 38.69 (synced daily for consistency)
[2026-02-01 10:02:44]   [emp_id: 2745] ✓ Updated: 35.27 (synced daily for consistency)
[2026-02-01 10:02:44]   [emp_id: 2843] ✓ Updated: 81.86 (synced daily for consistency)
[2026-02-01 10:02:44]   [emp_id: 2854] ✓ Updated: 61.77 (synced daily for consistency)
[2026-02-01 10:02:44]   [emp_id: 2869] ✓ Updated: 5.69 (synced daily for consistency)
[2026-02-01 10:02:44]   [emp_id: 2876] ✓ Updated: 36.52 (synced daily for consistency)
[2026-02-01 10:02:44]   [emp_id: 2924] ✓ Updated: 17.69 (synced daily for consistency)
[2026-02-01 10:02:44]   [emp_id: 2953] ✓ Updated: 103.44 (synced daily for consistency)
[2026-02-01 10:02:45]   [emp_id: 2961] ✓ Updated: 13.44 (synced daily for consistency)
[2026-02-01 10:02:45]   [emp_id: 2975] ✓ Updated: 3.12 (synced daily for consistency)
[2026-02-01 10:02:45]   [emp_id: 3013] ✓ Updated: 12.44 (synced daily for consistency)
[2026-02-01 10:02:45]   [emp_id: 3014] ✓ Updated: 91.69 (synced daily for consistency)
[2026-02-01 10:02:45]   [emp_id: 3015] ✓ Updated: 2.94 (synced daily for consistency)
[2026-02-01 10:02:45]   [emp_id: 3018] ✓ Updated: 61.69 (synced daily for consistency)
[2026-02-01 10:02:45]   [emp_id: 3025] ✓ Updated: 25.46 (synced daily for consistency)
[2026-02-01 10:02:45]   [emp_id: 3037] ✓ Updated: 85.19 (synced daily for consistency)
[2026-02-01 10:02:45]   [emp_id: 3047] ✓ Updated: 73.44 (synced daily for consistency)
[2026-02-01 10:02:45]   [emp_id: 3061] ✓ Updated: 20.36 (synced daily for consistency)
[2026-02-01 10:02:45]   [emp_id: 3062] ✓ Updated: 53.52 (synced daily for consistency)
[2026-02-01 10:02:45]   [emp_id: 3074] ✓ Updated: 109.94 (synced daily for consistency)
[2026-02-01 10:02:45]   [emp_id: 3089] ✓ Updated: 8.86 (synced daily for consistency)
[2026-02-01 10:02:45]   [emp_id: 3090] ✓ Updated: 35.44 (synced daily for consistency)
[2026-02-01 10:02:45]   [emp_id: 3091] ✓ Updated: 47.44 (synced daily for consistency)
[2026-02-01 10:02:45]   [emp_id: 3092] ✓ Updated: 30.11 (synced daily for consistency)
[2026-02-01 10:02:45]   [emp_id: 3105] ✓ Updated: 50.44 (synced daily for consistency)
[2026-02-01 10:02:45]   [emp_id: 3134] ✓ Updated: 46.19 (synced daily for consistency)
[2026-02-01 10:02:45]   [emp_id: 3140] ✓ Updated: 43.27 (synced daily for consistency)
[2026-02-01 10:02:45]   [emp_id: 3144] ✓ Updated: 16.11 (synced daily for consistency)
[2026-02-01 10:02:45]   [emp_id: 3156] ✓ Updated: 19.44 (synced daily for consistency)
[2026-02-01 10:02:45]   [emp_id: 3162] ✓ Updated: 4.42 (synced daily for consistency)
[2026-02-01 10:02:45]   [emp_id: 3163] ✓ Updated: 7.69 (synced daily for consistency)
[2026-02-01 10:02:45]   [emp_id: 3198] ✓ Updated: 42.69 (synced daily for consistency)
[2026-02-01 10:02:45]   [emp_id: 3205] ✓ Updated: 19.36 (synced daily for consistency)
[2026-02-01 10:02:45]   [emp_id: 3209] ✓ Updated: 43.52 (synced daily for consistency)
[2026-02-01 10:02:45]   [emp_id: 3223] ✓ Updated: 92.44 (synced daily for consistency)
[2026-02-01 10:02:45]   [emp_id: 3224] ✓ Updated: 67.19 (synced daily for consistency)
[2026-02-01 10:02:45]   [emp_id: 3230] ✓ Updated: 90.61 (synced daily for consistency)
[2026-02-01 10:02:45]   [emp_id: 3231] ✓ Updated: 2.98 (synced daily for consistency)
[2026-02-01 10:02:45]   [emp_id: 3233] ✓ Updated: 83.44 (synced daily for consistency)
[2026-02-01 10:02:45]   [emp_id: 3249] ✓ Updated: 39.27 (synced daily for consistency)
[2026-02-01 10:02:45]   [emp_id: 3250] ✓ Updated: 12.27 (synced daily for consistency)
[2026-02-01 10:02:45]   [emp_id: 3252] ✓ Updated: 13.19 (synced daily for consistency)
[2026-02-01 10:02:45]   [emp_id: 3254] ✓ Updated: 23.69 (synced daily for consistency)
[2026-02-01 10:02:45]   [emp_id: 3255] ✓ Updated: 20.11 (synced daily for consistency)
[2026-02-01 10:02:45]   [emp_id: 3256] ✓ Updated: 16.36 (synced daily for consistency)
[2026-02-01 10:02:45]   [emp_id: 3263] ✓ Updated: 32.44 (synced daily for consistency)
[2026-02-01 10:02:45]   [emp_id: 3265] ✓ Updated: 28.02 (synced daily for consistency)
[2026-02-01 10:02:45]   [emp_id: 3280] ✓ Updated: 74.94 (synced daily for consistency)
[2026-02-01 10:02:45]   [emp_id: 3286] ✓ Updated: 18.11 (synced daily for consistency)
[2026-02-01 10:02:45]   [emp_id: 3294] ✓ Updated: 17.77 (synced daily for consistency)
[2026-02-01 10:02:45]   [emp_id: 3321] ✓ Updated: 74.94 (synced daily for consistency)
[2026-02-01 10:02:45]   [emp_id: 3325] ✓ Updated: 62.69 (synced daily for consistency)
[2026-02-01 10:02:45]   [emp_id: 3329] ✓ Updated: 65.02 (synced daily for consistency)
[2026-02-01 10:02:45]   [emp_id: 3330] ✓ Updated: 65.02 (synced daily for consistency)
[2026-02-01 10:02:45]   [emp_id: 3332] ✓ Updated: 65.02 (synced daily for consistency)
[2026-02-01 10:02:45]   [emp_id: 3370] ✓ Updated: 56.53 (synced daily for consistency)
[2026-02-01 10:02:45]   [emp_id: 3384] ✓ Updated: 17.19 (synced daily for consistency)
[2026-02-01 10:02:45]   [emp_id: 3386] ✓ Updated: 47.19 (synced daily for consistency)
[2026-02-01 10:02:45]   [emp_id: 3431] ✓ Updated: 21.61 (synced daily for consistency)
[2026-02-01 10:02:45]   [emp_id: 3497] ✓ Updated: 11.77 (synced daily for consistency)
[2026-02-01 10:02:46]   [emp_id: 3532] ✓ Updated: 2.61 (synced daily for consistency)
[2026-02-01 10:02:46]   [emp_id: 3602] ✓ Updated: 4.18 (synced daily for consistency)
[2026-02-01 10:02:46]   [emp_id: 3618] ✓ Updated: 26.16 (synced daily for consistency)
[2026-02-01 10:02:46]   [emp_id: 3622] ✓ Updated: 36.45 (synced daily for consistency)
[2026-02-01 10:02:46]   [emp_id: 3627] ✓ Updated: 12.11 (synced daily for consistency)
[2026-02-01 10:02:46]   [emp_id: 3665] ✓ Updated: 53.69 (synced daily for consistency)
[2026-02-01 10:02:46]   [emp_id: 3705] ✓ Updated: 29.78 (synced daily for consistency)
[2026-02-01 10:02:46]   [emp_id: 3724] ✓ Updated: 46.69 (synced daily for consistency)
[2026-02-01 10:02:46]   [emp_id: 3726] ✓ Updated: 63.11 (synced daily for consistency)
[2026-02-01 10:02:46]   [emp_id: 3727] ✓ Updated: 68.19 (synced daily for consistency)
[2026-02-01 10:02:46]   [emp_id: 3728] ✓ Updated: 12.52 (synced daily for consistency)
[2026-02-01 10:02:46]   [emp_id: 3767] ✓ Updated: 3.27 (synced daily for consistency)
[2026-02-01 10:02:46]   [emp_id: 3768] ✓ Updated: 59.52 (synced daily for consistency)
[2026-02-01 10:02:46]   [emp_id: 3787] ✓ Updated: 60.11 (synced daily for consistency)
[2026-02-01 10:02:46]   [emp_id: 3790] ✓ Updated: 4.66 (synced daily for consistency)
[2026-02-01 10:02:46]   [emp_id: 3795] ✓ Updated: 17.61 (synced daily for consistency)
[2026-02-01 10:02:46]   [emp_id: 3798] ✓ Updated: 96.02 (synced daily for consistency)
[2026-02-01 10:02:46]   [emp_id: 3801] ✓ Updated: 4.29 (synced daily for consistency)
[2026-02-01 10:02:46]   [emp_id: 3802] ✓ Updated: 33.27 (synced daily for consistency)
[2026-02-01 10:02:46]   [emp_id: 3803] ✓ Updated: 117.69 (synced daily for consistency)
[2026-02-01 10:02:46]   [emp_id: 3810] ✓ Updated: 63.69 (synced daily for consistency)
[2026-02-01 10:02:46]   [emp_id: 3812] ✓ Updated: 92.69 (synced daily for consistency)
[2026-02-01 10:02:46]   [emp_id: 3815] ✓ Updated: 92.69 (synced daily for consistency)
[2026-02-01 10:02:46]   [emp_id: 3836] ✓ Updated: 60.36 (synced daily for consistency)
[2026-02-01 10:02:46]   [emp_id: 3855] ✓ Updated: 53.52 (synced daily for consistency)
[2026-02-01 10:02:46]   [emp_id: 3857] ✓ Updated: 57.19 (synced daily for consistency)
[2026-02-01 10:02:46]   [emp_id: 3862] ✓ Updated: 105.27 (synced daily for consistency)
[2026-02-01 10:02:46]   [emp_id: 3866] ✓ Updated: 30.52 (synced daily for consistency)
[2026-02-01 10:02:46]   [emp_id: 3876] ✓ Updated: 26.69 (synced daily for consistency)
[2026-02-01 10:02:46]   [emp_id: 3877] ✓ Updated: 52.19 (synced daily for consistency)
[2026-02-01 10:02:46]   [emp_id: 3897] ✓ Updated: 40.44 (synced daily for consistency)
[2026-02-01 10:02:46]   [emp_id: 3899] ✓ Updated: 2.26 (synced daily for consistency)
[2026-02-01 10:02:46]   [emp_id: 3928] ✓ Updated: 16.52 (synced daily for consistency)
[2026-02-01 10:02:46]   [emp_id: 3929] ✓ Updated: 11.52 (synced daily for consistency)
[2026-02-01 10:02:46]   [emp_id: 3935] ✓ Updated: 96.52 (synced daily for consistency)
[2026-02-01 10:02:46]   [emp_id: 3952] ✓ Updated: 77.86 (synced daily for consistency)
[2026-02-01 10:02:46]   [emp_id: 3987] ✓ Updated: 16.77 (synced daily for consistency)
[2026-02-01 10:02:46]   [emp_id: 4059] ✓ Updated: 5.97 (synced daily for consistency)
[2026-02-01 10:02:46]   [emp_id: 4119] ✓ Updated: 59.44 (synced daily for consistency)
[2026-02-01 10:02:46]   [emp_id: 4120] ✓ Updated: 29.02 (synced daily for consistency)
[2026-02-01 10:02:46]   [emp_id: 4124] ✓ Updated: 29.54 (synced daily for consistency)
[2026-02-01 10:02:46]   [emp_id: 4133] ✓ Updated: 108.02 (synced daily for consistency)
[2026-02-01 10:02:46]   [emp_id: 4134] ✓ Updated: 29.02 (synced daily for consistency)
[2026-02-01 10:02:46]   [emp_id: 4136] ✓ Updated: 29.02 (synced daily for consistency)
[2026-02-01 10:02:46]   [emp_id: 4150] ✓ Updated: 27.69 (synced daily for consistency)
[2026-02-01 10:02:46]   [emp_id: 4157] ✓ Updated: 21.19 (synced daily for consistency)
[2026-02-01 10:02:46]   [emp_id: 4172] ✓ Updated: 14.36 (synced daily for consistency)
[2026-02-01 10:02:46]   [emp_id: 4195] ✓ Updated: 64.77 (synced daily for consistency)
[2026-02-01 10:02:46]   [emp_id: 4215] ✓ Updated: 47.44 (synced daily for consistency)
[2026-02-01 10:02:46]   [emp_id: 4220] ✓ Updated: 43.02 (synced daily for consistency)
[2026-02-01 10:02:46]   [emp_id: 4273] ✓ Updated: 11.69 (synced daily for consistency)
[2026-02-01 10:02:47]   [emp_id: 4283] ✓ Updated: 15.45 (synced daily for consistency)
[2026-02-01 10:02:47]   [emp_id: 4288] ✓ Updated: 2.26 (synced daily for consistency)
[2026-02-01 10:02:47]   [emp_id: 4315] ✓ Updated: 14.94 (synced daily for consistency)
[2026-02-01 10:02:47]   [emp_id: 4328] ✓ Updated: 44.28 (synced daily for consistency)
[2026-02-01 10:02:47]   [emp_id: 4329] ✓ Updated: 8.11 (synced daily for consistency)
[2026-02-01 10:02:47]   [emp_id: 4338] ✓ Updated: 49.69 (synced daily for consistency)
[2026-02-01 10:02:47]   [emp_id: 4340] ✓ Updated: 111.69 (synced daily for consistency)
[2026-02-01 10:02:47]   [emp_id: 4365] ✓ Updated: 63.11 (synced daily for consistency)
[2026-02-01 10:02:47]   [emp_id: 4366] ✓ Updated: 62.19 (synced daily for consistency)
[2026-02-01 10:02:47]   [emp_id: 4403] ✓ Updated: 88.02 (synced daily for consistency)
[2026-02-01 10:02:47]   [emp_id: 4438] ✓ Updated: 23.69 (synced daily for consistency)
[2026-02-01 10:02:47]   [emp_id: 4465] ✓ Updated: 14.61 (synced daily for consistency)
[2026-02-01 10:02:47]   [emp_id: 4473] ✓ Updated: 47.27 (synced daily for consistency)
[2026-02-01 10:02:47]   [emp_id: 4474] ✓ Updated: 5.12 (synced daily for consistency)
[2026-02-01 10:02:47]   [emp_id: 4493] ✓ Updated: 166.11 (synced daily for consistency)
[2026-02-01 10:02:47]   [emp_id: 4526] ✓ Updated: 38.36 (synced daily for consistency)
[2026-02-01 10:02:47]   [emp_id: 4528] ✓ Updated: 110.11 (synced daily for consistency)
[2026-02-01 10:02:47]   [emp_id: 4528] ✓ Updated: 110.11 (synced daily for consistency)
[2026-02-01 10:02:47]   [emp_id: 4532] ✓ Updated: 9.73 (synced daily for consistency)
[2026-02-01 10:02:47]   [emp_id: 4533] ✓ Updated: 38.52 (synced daily for consistency)
[2026-02-01 10:02:47]   [emp_id: 4565] ✓ Updated: 17.11 (synced daily for consistency)
[2026-02-01 10:02:47]   [emp_id: 4567] ✓ Updated: 21.36 (synced daily for consistency)
[2026-02-01 10:02:47]   [emp_id: 4572] ✓ Updated: 60.86 (synced daily for consistency)
[2026-02-01 10:02:47]   [emp_id: 4631] ✓ Updated: 17.11 (synced daily for consistency)
[2026-02-01 10:02:47]   [emp_id: 4655] ✓ Updated: 27.44 (synced daily for consistency)
[2026-02-01 10:02:47]   [emp_id: 4709] ✓ Updated: 42.69 (synced daily for consistency)
[2026-02-01 10:02:47]   [emp_id: 4717] ✓ Updated: 68.69 (synced daily for consistency)
[2026-02-01 10:02:47]   [emp_id: 4736] ✓ Updated: 30.52 (synced daily for consistency)
[2026-02-01 10:02:47]   [emp_id: 4756] ✓ Updated: 13.55 (synced daily for consistency)
[2026-02-01 10:02:47]   [emp_id: 4768] ✓ Updated: 16.19 (synced daily for consistency)
[2026-02-01 10:02:47]   [emp_id: 4780] ✓ Updated: 67.28 (synced daily for consistency)
[2026-02-01 10:02:47]   [emp_id: 4820] ✓ Updated: 101.52 (synced daily for consistency)
[2026-02-01 10:02:47]   [emp_id: 4824] ✓ Updated: 4.7 (synced daily for consistency)
[2026-02-01 10:02:47]   [emp_id: 4825] ✓ Updated: 33.27 (synced daily for consistency)
[2026-02-01 10:02:47]   [emp_id: 4837] ✓ Updated: 47.27 (synced daily for consistency)
[2026-02-01 10:02:47]   [emp_id: 4840] ✓ Updated: 47.27 (synced daily for consistency)
[2026-02-01 10:02:47]   [emp_id: 4842] ✓ Updated: 46.51 (synced daily for consistency)
[2026-02-01 10:02:47]   [emp_id: 4843] ✓ Updated: 47.04 (synced daily for consistency)
[2026-02-01 10:02:47]   [emp_id: 4853] ✓ Updated: 90.86 (synced daily for consistency)
[2026-02-01 10:02:47]   [emp_id: 4856] ✓ Updated: 44.18 (synced daily for consistency)
[2026-02-01 10:02:47]   [emp_id: 4857] ✓ Updated: 27 (synced daily for consistency)
[2026-02-01 10:02:47]   [emp_id: 4858] ✓ Updated: 23.88 (synced daily for consistency)
[2026-02-01 10:02:47]   [emp_id: 4859] ✓ Updated: 45.35 (synced daily for consistency)
[2026-02-01 10:02:47]   [emp_id: 4860] ✓ Updated: 9.85 (synced daily for consistency)
[2026-02-01 10:02:47]   [emp_id: 4861] ✓ Updated: 43.31 (synced daily for consistency)
[2026-02-01 10:02:47]   [emp_id: 4869] ✓ Updated: 86.19 (synced daily for consistency)
[2026-02-01 10:02:47]   [emp_id: 4894] ✓ Updated: 10.19 (synced daily for consistency)
[2026-02-01 10:02:47]   [emp_id: 4897] ✓ Updated: 25.09 (synced daily for consistency)
[2026-02-01 10:02:47]   [emp_id: 4899] ✓ Updated: 21.26 (synced daily for consistency)
[2026-02-01 10:02:47]   [emp_id: 4902] ✓ Updated: 20.68 (synced daily for consistency)
[2026-02-01 10:02:47]   [emp_id: 4903] ✓ Updated: 22.9 (synced daily for consistency)
[2026-02-01 10:02:47]   [emp_id: 4905] ✓ Updated: 21.56 (synced daily for consistency)
[2026-02-01 10:02:48]   [emp_id: 4907] ✓ Updated: 50.27 (synced daily for consistency)
[2026-02-01 10:02:48]   [emp_id: 4917] ✓ Updated: 18.52 (synced daily for consistency)
[2026-02-01 10:02:48]   [emp_id: 4918] ✓ Updated: 8.29 (synced daily for consistency)
[2026-02-01 10:02:48]   [emp_id: 4919] ✓ Updated: 60.58 (synced daily for consistency)
[2026-02-01 10:02:48]   [emp_id: 4920] ✓ Updated: 7.66 (synced daily for consistency)
[2026-02-01 10:02:48]   [emp_id: 4921] ✓ Updated: 19.75 (synced daily for consistency)
[2026-02-01 10:02:48]   [emp_id: 4927] ✓ Updated: 18.58 (synced daily for consistency)
[2026-02-01 10:02:48]   [emp_id: 4929] ✓ Updated: 20.1 (synced daily for consistency)
[2026-02-01 10:02:48]   [emp_id: 4930] ✓ Updated: 60.87 (synced daily for consistency)
[2026-02-01 10:02:48]   [emp_id: 4932] ✓ Updated: 18.87 (synced daily for consistency)
[2026-02-01 10:02:48]   [emp_id: 4933] ✓ Updated: 22.28 (synced daily for consistency)
[2026-02-01 10:02:48]   [emp_id: 4949] ✓ Updated: 25.71 (synced daily for consistency)
[2026-02-01 10:02:48]   [emp_id: 4956] ✓ Updated: 31.3 (synced daily for consistency)
[2026-02-01 10:02:48]   [emp_id: 4957] ✓ Updated: 26.97 (synced daily for consistency)
[2026-02-01 10:02:48]   [emp_id: 4962] ✓ Updated: 49.63 (synced daily for consistency)
[2026-02-01 10:02:48]   [emp_id: 4969] ✓ Updated: 48.94 (synced daily for consistency)
[2026-02-01 10:02:48]   [emp_id: 4976] ✓ Updated: 11.99 (synced daily for consistency)
[2026-02-01 10:02:48]   [emp_id: 4984] ✓ Updated: 40.19 (synced daily for consistency)
[2026-02-01 10:02:48]   [emp_id: 4995] ✓ Updated: 52.26 (synced daily for consistency)
[2026-02-01 10:02:48]   [emp_id: 5004] ✓ Updated: 28.93 (synced daily for consistency)
[2026-02-01 10:02:48]   [emp_id: 5006] ✓ Updated: 28.67 (synced daily for consistency)
[2026-02-01 10:02:48]   [emp_id: 5011] ✓ Updated: 8.04 (synced daily for consistency)
[2026-02-01 10:02:48]   [emp_id: 5013] ✓ Updated: 69.04 (synced daily for consistency)
[2026-02-01 10:02:48]   [emp_id: 5018] ✓ Updated: 5.53 (synced daily for consistency)
[2026-02-01 10:02:48]   [emp_id: 5021] ✓ Updated: 63.29 (synced daily for consistency)
[2026-02-01 10:02:48]   [emp_id: 5024] ✓ Updated: 3.55 (synced daily for consistency)
[2026-02-01 10:02:48]   [emp_id: 5030] ✓ Updated: 33.5 (synced daily for consistency)
[2026-02-01 10:02:48]   [emp_id: 5033] ✓ Updated: 12.3 (synced daily for consistency)
[2026-02-01 10:02:48]   [emp_id: 5043] ✓ Updated: 32.86 (synced daily for consistency)
[2026-02-01 10:02:48]   [emp_id: 5045] ✓ Updated: 29.36 (synced daily for consistency)
[2026-02-01 10:02:48]   [emp_id: 5046] ✓ Updated: 24.55 (synced daily for consistency)
[2026-02-01 10:02:48]   [emp_id: 5049] ✓ Updated: 0.98 (synced daily for consistency)
[2026-02-01 10:02:48]   [emp_id: 5052] ✓ Updated: 32.26 (synced daily for consistency)
[2026-02-01 10:02:48]   [emp_id: 5055] ✓ Updated: 20.7 (synced daily for consistency)
[2026-02-01 10:02:48]   [emp_id: 5058] ✓ Updated: 29.68 (synced daily for consistency)
[2026-02-01 10:02:48]   [emp_id: 5062] ✓ Updated: 41.51 (synced daily for consistency)
[2026-02-01 10:02:48]   [emp_id: 5064] ✓ Updated: 120.19 (synced daily for consistency)
[2026-02-01 10:02:48]   [emp_id: 5065] ✓ Updated: 40.92 (synced daily for consistency)
[2026-02-01 10:02:48]   [emp_id: 5071] ✓ Updated: 25.69 (synced daily for consistency)
[2026-02-01 10:02:48]   [emp_id: 5073] ✓ Updated: 15.52 (synced daily for consistency)
[2026-02-01 10:02:48]   [emp_id: 5079] ✓ Updated: 36.08 (synced daily for consistency)
[2026-02-01 10:02:48]   [emp_id: 5080] ✓ Updated: 29.41 (synced daily for consistency)
[2026-02-01 10:02:48]   [emp_id: 5081] ✓ Updated: 17.67 (synced daily for consistency)
[2026-02-01 10:02:48]   [emp_id: 5087] ✓ Updated: 37.71 (synced daily for consistency)
[2026-02-01 10:02:48]   [emp_id: 5091] ✓ Updated: 77.56 (synced daily for consistency)
[2026-02-01 10:02:48]   [emp_id: 5093] ✓ Updated: 16.86 (synced daily for consistency)
[2026-02-01 10:02:48]   [emp_id: 5095] ✓ Updated: 3.1 (synced daily for consistency)
[2026-02-01 10:02:48]   [emp_id: 5101] ✓ Updated: 18.94 (synced daily for consistency)
[2026-02-01 10:02:49]   [emp_id: 5107] ✓ Updated: 17.27 (synced daily for consistency)
[2026-02-01 10:02:49]   [emp_id: 5109] ✓ Updated: 14.52 (synced daily for consistency)
[2026-02-01 10:02:49]   [emp_id: 5119] ✓ Updated: 12.69 (synced daily for consistency)
[2026-02-01 10:02:49]   [emp_id: 5122] ✓ Updated: 9.86 (synced daily for consistency)
[2026-02-01 10:02:49]   [emp_id: 5126] ✓ Updated: 28.44 (synced daily for consistency)
[2026-02-01 10:02:49]   [emp_id: 5127] ✓ Updated: 7.23 (synced daily for consistency)
[2026-02-01 10:02:49]   [emp_id: 5128] ✓ Updated: 28.38 (synced daily for consistency)
[2026-02-01 10:02:49]   [emp_id: 5138] ✓ Updated: 52.52 (synced daily for consistency)
[2026-02-01 10:02:49]   [emp_id: 5138] ✓ Updated: 52.52 (synced daily for consistency)
[2026-02-01 10:02:49]   [emp_id: 5141] ✓ Updated: 36.75 (synced daily for consistency)
[2026-02-01 10:02:49]   [emp_id: 5142] ✓ Updated: 15.75 (synced daily for consistency)
[2026-02-01 10:02:49]   [emp_id: 5146] ✓ Updated: 22.75 (synced daily for consistency)
[2026-02-01 10:02:49]   [emp_id: 5147] ✓ Updated: 21.75 (synced daily for consistency)
[2026-02-01 10:02:49]   [emp_id: 5148] ✓ Updated: 27.1 (synced daily for consistency)
[2026-02-01 10:02:49]   [emp_id: 5149] ✓ Updated: 25.99 (synced daily for consistency)
[2026-02-01 10:02:49]   [emp_id: 5150] ✓ Updated: 25.35 (synced daily for consistency)
[2026-02-01 10:02:49]   [emp_id: 5151] ✓ Updated: 25.17 (synced daily for consistency)
[2026-02-01 10:02:49]   [emp_id: 5152] ✓ Updated: 5.59 (synced daily for consistency)
[2026-02-01 10:02:49]   [emp_id: 5157] ✓ Updated: 25.17 (synced daily for consistency)
[2026-02-01 10:02:49]   [emp_id: 5160] ✓ Updated: 25.17 (synced daily for consistency)
[2026-02-01 10:02:49]   [emp_id: 5163] ✓ Updated: 22.96 (synced daily for consistency)
[2026-02-01 10:02:49]   [emp_id: 5165] ✓ Updated: 3.96 (synced daily for consistency)
[2026-02-01 10:02:49]   [emp_id: 5167] ✓ Updated: 32.11 (synced daily for consistency)
[2026-02-01 10:02:49]   [emp_id: 5168] ✓ Updated: 24.65 (synced daily for consistency)
[2026-02-01 10:02:49]   [emp_id: 5173] ✓ Updated: 27.61 (synced daily for consistency)
[2026-02-01 10:02:49]   [emp_id: 5174] ✓ Updated: 25.11 (synced daily for consistency)
[2026-02-01 10:02:49]   [emp_id: 5181] ✓ Updated: 21.5 (synced daily for consistency)
[2026-02-01 10:02:49]   [emp_id: 5186] ✓ Updated: 27.03 (synced daily for consistency)
[2026-02-01 10:02:49]   [emp_id: 5187] ✓ Updated: 38.03 (synced daily for consistency)
[2026-02-01 10:02:49]   [emp_id: 5204] ✓ Updated: 25.11 (synced daily for consistency)
[2026-02-01 10:02:49]   [emp_id: 5205] ✓ Updated: 14.24 (synced daily for consistency)
[2026-02-01 10:02:49]   [emp_id: 5209] ✓ Updated: 17.24 (synced daily for consistency)
[2026-02-01 10:02:49]   [emp_id: 5213] ✓ Updated: 4.65 (synced daily for consistency)
[2026-02-01 10:02:49]   [emp_id: 5214] ✓ Updated: 3.49 (synced daily for consistency)
[2026-02-01 10:02:49]   [emp_id: 5215] ✓ Updated: 12.24 (synced daily for consistency)
[2026-02-01 10:02:49]   [emp_id: 5217] ✓ Updated: 11.24 (synced daily for consistency)
[2026-02-01 10:02:49]   [emp_id: 5219] ✓ Updated: 15.24 (synced daily for consistency)
[2026-02-01 10:02:49]   [emp_id: 5221] ✓ Updated: 4.55 (synced daily for consistency)
[2026-02-01 10:02:49]   [emp_id: 5224] ✓ Updated: 16.24 (synced daily for consistency)
[2026-02-01 10:02:49]   [emp_id: 5225] ✓ Updated: 8.55 (synced daily for consistency)
[2026-02-01 10:02:49]   [emp_id: 5228] ✓ Updated: 11.24 (synced daily for consistency)
[2026-02-01 10:02:49]   [emp_id: 5229] ✓ Updated: 7.24 (synced daily for consistency)
[2026-02-01 10:02:49]   [emp_id: 5230] ✓ Updated: 11.91 (synced daily for consistency)
[2026-02-01 10:02:49]   [emp_id: 5231] ✓ Updated: 8.24 (synced daily for consistency)
[2026-02-01 10:02:49]   [emp_id: 5232] ✓ Updated: 2.24 (synced daily for consistency)
[2026-02-01 10:02:49]   [emp_id: 5233] ✓ Updated: 6.24 (synced daily for consistency)
[2026-02-01 10:02:50]   [emp_id: 5234] ✓ Updated: 6.24 (synced daily for consistency)
[2026-02-01 10:02:50]   [emp_id: 5235] ✓ Updated: 1.68 (synced daily for consistency)
[2026-02-01 10:02:50]   [emp_id: 5237] ✓ Updated: 12.49 (synced daily for consistency)
[2026-02-01 10:02:50]   [emp_id: 5239] ✓ Updated: 9.24 (synced daily for consistency)
[2026-02-01 10:02:50]   [emp_id: 5241] ✓ Updated: 7.24 (synced daily for consistency)
[2026-02-01 10:02:50]   [emp_id: 5242] ✓ Updated: 17.24 (synced daily for consistency)
[2026-02-01 10:02:50]   [emp_id: 5243] ✓ Updated: 3.65 (synced daily for consistency)
[2026-02-01 10:02:50]   [emp_id: 5244] ✓ Updated: 1.68 (synced daily for consistency)
[2026-02-01 10:02:50]   [emp_id: 5246] ✓ Updated: 13.24 (synced daily for consistency)
[2026-02-01 10:02:50]   [emp_id: 5253] ✓ Updated: 26.11 (synced daily for consistency)
[2026-02-01 10:02:50]   [emp_id: 5254] ✓ Updated: 14.09 (synced daily for consistency)
[2026-02-01 10:02:50]   [emp_id: 5257] ✓ Updated: 13.8 (synced daily for consistency)
[2026-02-01 10:02:50]   [emp_id: 5259] ✓ Updated: 50.33 (synced daily for consistency)
[2026-02-01 10:02:50]   [emp_id: 5261] ✓ Updated: 18.71 (synced daily for consistency)
[2026-02-01 10:02:50]   [emp_id: 5264] ✓ Updated: 15.81 (synced daily for consistency)
[2026-02-01 10:02:50]   [emp_id: 5266] ✓ Updated: 22.43 (synced daily for consistency)
[2026-02-01 10:02:50]   [emp_id: 5268] ✓ Updated: 11 (synced daily for consistency)
[2026-02-01 10:02:50]   [emp_id: 5271] ✓ Updated: 9.66 (synced daily for consistency)
[2026-02-01 10:02:50]   [emp_id: 5272] ✓ Updated: 10.53 (synced daily for consistency)
[2026-02-01 10:02:50]   [emp_id: 5273] ✓ Updated: 25.6 (synced daily for consistency)
[2026-02-01 10:02:50]   [emp_id: 5275] ✓ Updated: 11.35 (synced daily for consistency)
[2026-02-01 10:02:50]   [emp_id: 5276] ✓ Updated: 25.62 (synced daily for consistency)
[2026-02-01 10:02:50]   [emp_id: 5278] ✓ Updated: 10.01 (synced daily for consistency)
[2026-02-01 10:02:50]   [emp_id: 5280] ✓ Updated: 20.41 (synced daily for consistency)
[2026-02-01 10:02:50]   [emp_id: 5282] ✓ Updated: 14.19 (synced daily for consistency)
[2026-02-01 10:02:50]   [emp_id: 5285] ✓ Updated: 30.41 (synced daily for consistency)
[2026-02-01 10:02:50]   [emp_id: 5286] ✓ Updated: 17.41 (synced daily for consistency)
[2026-02-01 10:02:50]   [emp_id: 5287] ✓ Updated: 51.71 (synced daily for consistency)
[2026-02-01 10:02:50]   [emp_id: 5288] ✓ Updated: 8.98 (synced daily for consistency)
[2026-02-01 10:02:50]   [emp_id: 5289] ✓ Updated: 50.26 (synced daily for consistency)
[2026-02-01 10:02:50]   [emp_id: 5290] ✓ Updated: 49.03 (synced daily for consistency)
[2026-02-01 10:02:50]   [emp_id: 5291] ✓ Updated: 7.03 (synced daily for consistency)
[2026-02-01 10:02:50]   [emp_id: 5292] ✓ Updated: 6.97 (synced daily for consistency)
[2026-02-01 10:02:50]   [emp_id: 5293] ✓ Updated: 10.45 (synced daily for consistency)
[2026-02-01 10:02:50]   [emp_id: 5294] ✓ Updated: 10.11 (synced daily for consistency)
[2026-02-01 10:02:50]   [emp_id: 5295] ✓ Updated: 23.21 (synced daily for consistency)
[2026-02-01 10:02:50]   [emp_id: 5296] ✓ Updated: 37.13 (synced daily for consistency)
[2026-02-01 10:02:50]   [emp_id: 5297] ✓ Updated: 47.63 (synced daily for consistency)
[2026-02-01 10:02:50]   [emp_id: 5298] ✓ Updated: 47.63 (synced daily for consistency)
[2026-02-01 10:02:50]   [emp_id: 5299] ✓ Updated: 47.63 (synced daily for consistency)
[2026-02-01 10:02:50]   [emp_id: 5300] ✓ Updated: 47.63 (synced daily for consistency)
[2026-02-01 10:02:50]   [emp_id: 5301] ✓ Updated: 5.45 (synced daily for consistency)
[2026-02-01 10:02:50]   [emp_id: 5303] ✓ Updated: 5.88 (synced daily for consistency)
[2026-02-01 10:02:50]   [emp_id: 5304] ✓ Updated: 2.63 (synced daily for consistency)
[2026-02-01 10:02:50]   [emp_id: 5305] ✓ Updated: 5.63 (synced daily for consistency)
[2026-02-01 10:02:50]   [emp_id: 5306] ✓ Updated: 47.34 (synced daily for consistency)
[2026-02-01 10:02:50]   [emp_id: 5307] ✓ Updated: 47.34 (synced daily for consistency)
[2026-02-01 10:02:50]   [emp_id: 5312] ✓ Updated: 1.68 (synced daily for consistency)
[2026-02-01 10:02:50]   [emp_id: 5318] ✓ Updated: 28.05 (synced daily for consistency)
[2026-02-01 10:02:51]   [emp_id: 5325] ✓ Updated: 2.01 (synced daily for consistency)
[2026-02-01 10:02:51]   [emp_id: 5327] ✓ Updated: 3.1 (synced daily for consistency)
[2026-02-01 10:02:51]   [emp_id: 5337] ✓ Updated: 38.02 (synced daily for consistency)
[2026-02-01 10:02:51]   [emp_id: 5339] ✓ Updated: 12.2 (synced daily for consistency)
[2026-02-01 10:02:51]   [emp_id: 5343] ✓ Updated: 47.94 (synced daily for consistency)
[2026-02-01 10:02:51]   [emp_id: 5343] ✓ Updated: 47.94 (synced daily for consistency)
[2026-02-01 10:02:51]   [emp_id: 5345] ✓ Updated: 17.77 (synced daily for consistency)
[2026-02-01 10:02:51]   [emp_id: 5346] ✓ Updated: 3.92 (synced daily for consistency)
[2026-02-01 10:02:51]   [emp_id: 5351] ✓ Updated: 18.86 (synced daily for consistency)
[2026-02-01 10:02:51]   [emp_id: 5352] ✓ Updated: 28.19 (synced daily for consistency)
[2026-02-01 10:02:51]   [emp_id: 5370] ✓ Updated: 17.51 (synced daily for consistency)
[2026-02-01 10:02:51]   [emp_id: 5371] ✓ Updated: 9.94 (synced daily for consistency)
[2026-02-01 10:02:51]   [emp_id: 5376] ✓ Updated: 12.11 (synced daily for consistency)
[2026-02-01 10:02:51]   [emp_id: 5378] ✓ Updated: 20.02 (synced daily for consistency)
[2026-02-01 10:02:51]   [emp_id: 5380] ✓ Updated: 18.52 (synced daily for consistency)
[2026-02-01 10:02:51]   [emp_id: 5381] ✓ Updated: 14.46 (synced daily for consistency)
[2026-02-01 10:02:51]   [emp_id: 5383] ✓ Updated: 17.77 (synced daily for consistency)
[2026-02-01 10:02:51]   [emp_id: 5388] ✓ Updated: 29.3 (synced daily for consistency)
[2026-02-01 10:02:51]   [emp_id: 5396] ✓ Updated: 30.54 (synced daily for consistency)
[2026-02-01 10:02:51]   [emp_id: 5397] ✓ Updated: 22 (synced daily for consistency)
[2026-02-01 10:02:51]   [emp_id: 5401] ✓ Updated: 25.11 (synced daily for consistency)
[2026-02-01 10:02:51]   [emp_id: 5402] ✓ Updated: 25.23 (synced daily for consistency)
[2026-02-01 10:02:51]   [emp_id: 5406] ✓ Updated: 18.95 (synced daily for consistency)
[2026-02-01 10:02:51]   [emp_id: 5407] ✓ Updated: 18.54 (synced daily for consistency)
[2026-02-01 10:02:51]   [emp_id: 5409] ✓ Updated: 18.29 (synced daily for consistency)
[2026-02-01 10:02:51]   [emp_id: 5413] ✓ Updated: 30.94 (synced daily for consistency)
[2026-02-01 10:02:51]   [emp_id: 5414] ✓ Updated: 30.61 (synced daily for consistency)
[2026-02-01 10:02:51]   [emp_id: 5415] ✓ Updated: 6.54 (synced daily for consistency)
[2026-02-01 10:02:51]   [emp_id: 5418] ✓ Updated: 17.35 (synced daily for consistency)
[2026-02-01 10:02:51]   [emp_id: 5422] ✓ Updated: 23.27 (synced daily for consistency)
[2026-02-01 10:02:51]   [emp_id: 5423] ✓ Updated: 7.96 (synced daily for consistency)
[2026-02-01 10:02:51]   [emp_id: 5425] ✓ Updated: 15.9 (synced daily for consistency)
[2026-02-01 10:02:51]   [emp_id: 5426] ✓ Updated: 4.51 (synced daily for consistency)
[2026-02-01 10:02:51]   [emp_id: 5426] ✓ Updated: 4.51 (synced daily for consistency)
[2026-02-01 10:02:51]   [emp_id: 5427] ✓ Updated: 16.01 (synced daily for consistency)
[2026-02-01 10:02:51]   [emp_id: 5428] ✓ Updated: 15.9 (synced daily for consistency)
[2026-02-01 10:02:51]   [emp_id: 5430] ✓ Updated: 20.33 (synced daily for consistency)
[2026-02-01 10:02:51]   [emp_id: 5431] ✓ Updated: 15.02 (synced daily for consistency)
[2026-02-01 10:02:51]   [emp_id: 5433] ✓ Updated: 15.04 (synced daily for consistency)
[2026-02-01 10:02:51]   [emp_id: 5434] ✓ Updated: 14.79 (synced daily for consistency)
[2026-02-01 10:02:51]   [emp_id: 5435] ✓ Updated: 14.73 (synced daily for consistency)
[2026-02-01 10:02:51]   [emp_id: 5436] ✓ Updated: 14.73 (synced daily for consistency)
[2026-02-01 10:02:51]   [emp_id: 5438] ✓ Updated: 18.19 (synced daily for consistency)
[2026-02-01 10:02:51]   [emp_id: 5439] ✓ Updated: 27.69 (synced daily for consistency)
[2026-02-01 10:02:51]   [emp_id: 5442] ✓ Updated: 16.69 (synced daily for consistency)
[2026-02-01 10:02:51]   [emp_id: 5445] ✓ Updated: 9.19 (synced daily for consistency)
[2026-02-01 10:02:51]   [emp_id: 5446] ✓ Updated: 9.19 (synced daily for consistency)
[2026-02-01 10:02:51]   [emp_id: 5447] ✓ Updated: 9.13 (synced daily for consistency)
[2026-02-01 10:02:51]   [emp_id: 5448] ✓ Updated: 3.71 (synced daily for consistency)
[2026-02-01 10:02:51]   [emp_id: 5449] ✓ Updated: 7.21 (synced daily for consistency)
[2026-02-01 10:02:51]   [emp_id: 5450] ✓ Updated: 7.15 (synced daily for consistency)
[2026-02-01 10:02:51]   [emp_id: 5451] ✓ Updated: 7.15 (synced daily for consistency)
[2026-02-01 10:02:51]   [emp_id: 5453] ✓ Updated: 6.99 (synced daily for consistency)
[2026-02-01 10:02:52]   [emp_id: 5454] ✓ Updated: 9.77 (synced daily for consistency)
[2026-02-01 10:02:52]   [emp_id: 5455] ✓ Updated: 4.02 (synced daily for consistency)
[2026-02-01 10:02:52]   [emp_id: 5456] ✓ Updated: 9.02 (synced daily for consistency)
[2026-02-01 10:02:52]   [emp_id: 5457] ✓ Updated: 6.24 (synced daily for consistency)
[2026-02-01 10:02:52]   [emp_id: 5460] ✓ Updated: 7.67 (synced daily for consistency)
[2026-02-01 10:02:52]   [emp_id: 5463] ✓ Updated: 7 (synced daily for consistency)
[2026-02-01 10:02:52]   [emp_id: 5464] ✓ Updated: 7 (synced daily for consistency)
[2026-02-01 10:02:52]   [emp_id: 5466] ✓ Updated: 4.75 (synced daily for consistency)
[2026-02-01 10:02:52]   [emp_id: 5467] ✓ Updated: 3.67 (synced daily for consistency)
[2026-02-01 10:02:52]   [emp_id: 5468] ✓ Updated: 2.62 (synced daily for consistency)
[2026-02-01 10:02:52]   [emp_id: 5469] ✓ Updated: 2.53 (synced daily for consistency)
[2026-02-01 10:02:52] Report saved to: D:\xampp\htdocs\almutlak\system/cron_logs/last_vacation_update_report.json
[2026-02-01 10:04:53] ========== CRON: Vacation Balance Update Started ==========
[2026-02-01 10:04:53] Force level: 2 (0=normal, 1=check missing, 2=full bypass)
[2026-02-01 10:04:53] Source: CLI (argv)
[2026-02-01 10:04:53] FORCE LEVEL 2: Full bypass - updating all balances AND last_updated
[2026-02-01 10:04:53] Database connection established
[2026-02-01 10:04:53] Found 433 active employees with balance records to update
[2026-02-01 10:04:53] (Only employees with status=1 will be processed)
[2026-02-01 10:04:53]   [emp_id: 1061] ✓ Updated: 2.26 → 2.34 (VALUE CHANGED)
[2026-02-01 10:04:53]   [emp_id: 1496] ✓ Updated: 19.11 → 19.19 (VALUE CHANGED)
[2026-02-01 10:04:53]   [emp_id: 1500] ✓ Updated: 6.79 → 6.87 (VALUE CHANGED)
[2026-02-01 10:04:53]   [emp_id: 1574] ✓ Updated: 36.02 → 36.1 (VALUE CHANGED)
[2026-02-01 10:04:53]   [emp_id: 1673] ✓ Updated: 47.52 → 47.6 (VALUE CHANGED)
[2026-02-01 10:04:53]   [emp_id: 1685] ✓ Updated: 17.44 → 17.52 (VALUE CHANGED)
[2026-02-01 10:04:53]   [emp_id: 1764] ✓ Updated: 72.11 → 72.19 (VALUE CHANGED)
[2026-02-01 10:04:53]   [emp_id: 1805] ✓ Updated: 66.44 → 66.52 (VALUE CHANGED)
[2026-02-01 10:04:53]   [emp_id: 1822] ✓ Updated: 71.19 → 71.27 (VALUE CHANGED)
[2026-02-01 10:04:53]   [emp_id: 1837] ✓ Updated: 27.36 → 27.44 (VALUE CHANGED)
[2026-02-01 10:04:53]   [emp_id: 1857] ✓ Updated: 22.69 → 22.77 (VALUE CHANGED)
[2026-02-01 10:04:53]   [emp_id: 1861] ✓ Updated: 73.52 → 73.6 (VALUE CHANGED)
[2026-02-01 10:04:53]   [emp_id: 1872] ✓ Updated: 12.36 → 12.44 (VALUE CHANGED)
[2026-02-01 10:04:53]   [emp_id: 1897] ✓ Updated: 7.69 → 7.77 (VALUE CHANGED)
[2026-02-01 10:04:53]   [emp_id: 1916] ✓ Updated: 13.99 → 14.07 (VALUE CHANGED)
[2026-02-01 10:04:53]   [emp_id: 1928] ✓ Updated: 66.94 → 67.02 (VALUE CHANGED)
[2026-02-01 10:04:53]   [emp_id: 1931] ✓ Updated: 86.86 → 86.94 (VALUE CHANGED)
[2026-02-01 10:04:53]   [emp_id: 1944] ✓ Updated: 45.02 → 45.1 (VALUE CHANGED)
[2026-02-01 10:04:53]   [emp_id: 1996] ✓ Updated: 73.52 → 73.6 (VALUE CHANGED)
[2026-02-01 10:04:53]   [emp_id: 1997] ✓ Updated: 38.69 → 38.77 (VALUE CHANGED)
[2026-02-01 10:04:53]   [emp_id: 1998] ✓ Updated: 30.13 → 30.21 (VALUE CHANGED)
[2026-02-01 10:04:53]   [emp_id: 1999] ✓ Updated: 31.13 → 31.21 (VALUE CHANGED)
[2026-02-01 10:04:53]   [emp_id: 2009] ✓ Updated: 37.44 → 37.52 (VALUE CHANGED)
[2026-02-01 10:04:53]   [emp_id: 2048] ✓ Updated: 27.27 → 27.35 (VALUE CHANGED)
[2026-02-01 10:04:53]   [emp_id: 2057] ✓ Updated: 68.11 → 68.19 (VALUE CHANGED)
[2026-02-01 10:04:54]   [emp_id: 2079] ✓ Updated: 50.44 → 50.52 (VALUE CHANGED)
[2026-02-01 10:04:54]   [emp_id: 2181] ✓ Updated: 39.44 → 39.52 (VALUE CHANGED)
[2026-02-01 10:04:54]   [emp_id: 2190] ✓ Updated: 8.77 → 8.85 (VALUE CHANGED)
[2026-02-01 10:04:54]   [emp_id: 2212] ✓ Updated: 26.77 → 26.85 (VALUE CHANGED)
[2026-02-01 10:04:54]   [emp_id: 2226] ✓ Updated: 71.52 → 71.6 (VALUE CHANGED)
[2026-02-01 10:04:54]   [emp_id: 2238] ✓ Updated: 69.77 → 69.85 (VALUE CHANGED)
[2026-02-01 10:04:54]   [emp_id: 2285] ✓ Updated: 38.44 → 38.52 (VALUE CHANGED)
[2026-02-01 10:04:54]   [emp_id: 2287] ✓ Updated: 50.11 → 50.19 (VALUE CHANGED)
[2026-02-01 10:04:54]   [emp_id: 2288] ✓ Updated: 5.13 → 5.21 (VALUE CHANGED)
[2026-02-01 10:04:54]   [emp_id: 2316] ✓ Updated: 18.94 → 19.02 (VALUE CHANGED)
[2026-02-01 10:04:54]   [emp_id: 2337] ✓ Updated: 40.02 → 40.1 (VALUE CHANGED)
[2026-02-01 10:04:54]   [emp_id: 2352] ✓ Updated: 71.52 → 71.6 (VALUE CHANGED)
[2026-02-01 10:04:54]   [emp_id: 2358] ✓ Updated: 8.02 → 8.1 (VALUE CHANGED)
[2026-02-01 10:04:54]   [emp_id: 2361] ✓ Updated: 73.69 → 73.77 (VALUE CHANGED)
[2026-02-01 10:04:54]   [emp_id: 2363] ✓ Updated: 76.27 → 76.35 (VALUE CHANGED)
[2026-02-01 10:04:54]   [emp_id: 2364] ✓ Updated: 75.69 → 75.77 (VALUE CHANGED)
[2026-02-01 10:04:54]   [emp_id: 2367] ✓ Updated: 103.36 → 103.44 (VALUE CHANGED)
[2026-02-01 10:04:54]   [emp_id: 2368] ✓ Updated: 33.77 → 33.85 (VALUE CHANGED)
[2026-02-01 10:04:54]   [emp_id: 2372] ✓ Updated: 71.02 → 71.1 (VALUE CHANGED)
[2026-02-01 10:04:54]   [emp_id: 2376] ✓ Updated: 121.02 → 121.1 (VALUE CHANGED)
[2026-02-01 10:04:54]   [emp_id: 2423] ✓ Updated: 21.77 → 21.85 (VALUE CHANGED)
[2026-02-01 10:04:54]   [emp_id: 2519] ✓ Updated: 115.44 → 115.52 (VALUE CHANGED)
[2026-02-01 10:04:54]   [emp_id: 2522] ✓ Updated: 59.02 → 59.1 (VALUE CHANGED)
[2026-02-01 10:04:54]   [emp_id: 2530] ✓ Updated: 54.27 → 54.35 (VALUE CHANGED)
[2026-02-01 10:04:54]   [emp_id: 2539] ✓ Updated: 51.02 → 51.1 (VALUE CHANGED)
[2026-02-01 10:04:54]   [emp_id: 2541] ✓ Updated: 31.61 → 31.69 (VALUE CHANGED)
[2026-02-01 10:04:54]   [emp_id: 2550] ✓ Updated: 97.77 → 97.85 (VALUE CHANGED)
[2026-02-01 10:04:54]   [emp_id: 2553] ✓ Updated: 34.88 → 34.96 (VALUE CHANGED)
[2026-02-01 10:04:54]   [emp_id: 2554] ✓ Updated: 41.36 → 41.44 (VALUE CHANGED)
[2026-02-01 10:04:54]   [emp_id: 2565] ✓ Updated: 95.94 → 96.02 (VALUE CHANGED)
[2026-02-01 10:04:54]   [emp_id: 2572] ✓ Updated: 45.94 → 46.02 (VALUE CHANGED)
[2026-02-01 10:04:54]   [emp_id: 2637] ✓ Updated: 66.52 → 66.6 (VALUE CHANGED)
[2026-02-01 10:04:54]   [emp_id: 2642] ✓ Updated: 79.27 → 79.35 (VALUE CHANGED)
[2026-02-01 10:04:54]   [emp_id: 2645] ✓ Updated: 95.27 → 95.35 (VALUE CHANGED)
[2026-02-01 10:04:54]   [emp_id: 2648] ✓ Updated: 46.94 → 47.02 (VALUE CHANGED)
[2026-02-01 10:04:54]   [emp_id: 2654] ✓ Updated: 89.61 → 89.69 (VALUE CHANGED)
[2026-02-01 10:04:54]   [emp_id: 2688] ✓ Updated: 27.69 → 27.77 (VALUE CHANGED)
[2026-02-01 10:04:54]   [emp_id: 2690] ✓ Updated: 16.44 → 16.52 (VALUE CHANGED)
[2026-02-01 10:04:54]   [emp_id: 2709] ✓ Updated: 38.69 → 38.77 (VALUE CHANGED)
[2026-02-01 10:04:54]   [emp_id: 2745] ✓ Updated: 35.27 → 35.35 (VALUE CHANGED)
[2026-02-01 10:04:54]   [emp_id: 2843] ✓ Updated: 81.86 → 81.94 (VALUE CHANGED)
[2026-02-01 10:04:54]   [emp_id: 2854] ✓ Updated: 61.77 → 61.85 (VALUE CHANGED)
[2026-02-01 10:04:54]   [emp_id: 2869] ✓ Updated: 5.69 → 5.77 (VALUE CHANGED)
[2026-02-01 10:04:54]   [emp_id: 2876] ✓ Updated: 36.52 → 36.6 (VALUE CHANGED)
[2026-02-01 10:04:54]   [emp_id: 2924] ✓ Updated: 17.69 → 17.77 (VALUE CHANGED)
[2026-02-01 10:04:54]   [emp_id: 2953] ✓ Updated: 103.44 → 103.52 (VALUE CHANGED)
[2026-02-01 10:04:54]   [emp_id: 2961] ✓ Updated: 13.44 → 13.52 (VALUE CHANGED)
[2026-02-01 10:04:54]   [emp_id: 2975] ✓ Updated: 3.12 → 3.2 (VALUE CHANGED)
[2026-02-01 10:04:54]   [emp_id: 3013] ✓ Updated: 12.44 → 12.52 (VALUE CHANGED)
[2026-02-01 10:04:54]   [emp_id: 3014] ✓ Updated: 91.69 → 91.77 (VALUE CHANGED)
[2026-02-01 10:04:54]   [emp_id: 3015] ✓ Updated: 2.94 → 3.02 (VALUE CHANGED)
[2026-02-01 10:04:54]   [emp_id: 3018] ✓ Updated: 61.69 → 61.77 (VALUE CHANGED)
[2026-02-01 10:04:55]   [emp_id: 3025] ✓ Updated: 25.46 → 25.54 (VALUE CHANGED)
[2026-02-01 10:04:55]   [emp_id: 3037] ✓ Updated: 85.19 → 85.27 (VALUE CHANGED)
[2026-02-01 10:04:55]   [emp_id: 3047] ✓ Updated: 73.44 → 73.52 (VALUE CHANGED)
[2026-02-01 10:04:55]   [emp_id: 3061] ✓ Updated: 20.36 → 20.44 (VALUE CHANGED)
[2026-02-01 10:04:55]   [emp_id: 3062] ✓ Updated: 53.52 → 53.6 (VALUE CHANGED)
[2026-02-01 10:04:55]   [emp_id: 3074] ✓ Updated: 109.94 → 110.02 (VALUE CHANGED)
[2026-02-01 10:04:55]   [emp_id: 3089] ✓ Updated: 8.86 → 8.94 (VALUE CHANGED)
[2026-02-01 10:04:55]   [emp_id: 3090] ✓ Updated: 35.44 → 35.52 (VALUE CHANGED)
[2026-02-01 10:04:55]   [emp_id: 3091] ✓ Updated: 47.44 → 47.52 (VALUE CHANGED)
[2026-02-01 10:04:55]   [emp_id: 3092] ✓ Updated: 30.11 → 30.19 (VALUE CHANGED)
[2026-02-01 10:04:55]   [emp_id: 3105] ✓ Updated: 50.44 → 50.52 (VALUE CHANGED)
[2026-02-01 10:04:55]   [emp_id: 3134] ✓ Updated: 46.19 → 46.27 (VALUE CHANGED)
[2026-02-01 10:04:55]   [emp_id: 3140] ✓ Updated: 43.27 → 43.35 (VALUE CHANGED)
[2026-02-01 10:04:55]   [emp_id: 3144] ✓ Updated: 16.11 → 16.19 (VALUE CHANGED)
[2026-02-01 10:04:55]   [emp_id: 3156] ✓ Updated: 19.44 → 19.52 (VALUE CHANGED)
[2026-02-01 10:04:55]   [emp_id: 3162] ✓ Updated: 4.42 → 4.5 (VALUE CHANGED)
[2026-02-01 10:04:55]   [emp_id: 3163] ✓ Updated: 7.69 → 7.77 (VALUE CHANGED)
[2026-02-01 10:04:55]   [emp_id: 3198] ✓ Updated: 42.69 → 42.77 (VALUE CHANGED)
[2026-02-01 10:04:55]   [emp_id: 3205] ✓ Updated: 19.36 → 19.44 (VALUE CHANGED)
[2026-02-01 10:04:55]   [emp_id: 3209] ✓ Updated: 43.52 → 43.6 (VALUE CHANGED)
[2026-02-01 10:04:55]   [emp_id: 3223] ✓ Updated: 92.44 → 92.52 (VALUE CHANGED)
[2026-02-01 10:04:55]   [emp_id: 3224] ✓ Updated: 67.19 → 67.27 (VALUE CHANGED)
[2026-02-01 10:04:55]   [emp_id: 3230] ✓ Updated: 90.61 → 90.69 (VALUE CHANGED)
[2026-02-01 10:04:55]   [emp_id: 3231] ✓ Updated: 2.98 → 3.06 (VALUE CHANGED)
[2026-02-01 10:04:55]   [emp_id: 3233] ✓ Updated: 83.44 → 83.52 (VALUE CHANGED)
[2026-02-01 10:04:55]   [emp_id: 3249] ✓ Updated: 39.27 → 39.35 (VALUE CHANGED)
[2026-02-01 10:04:55]   [emp_id: 3250] ✓ Updated: 12.27 → 12.35 (VALUE CHANGED)
[2026-02-01 10:04:55]   [emp_id: 3252] ✓ Updated: 13.19 → 13.27 (VALUE CHANGED)
[2026-02-01 10:04:55]   [emp_id: 3254] ✓ Updated: 23.69 → 23.77 (VALUE CHANGED)
[2026-02-01 10:04:55]   [emp_id: 3255] ✓ Updated: 20.11 → 20.19 (VALUE CHANGED)
[2026-02-01 10:04:55]   [emp_id: 3256] ✓ Updated: 16.36 → 16.44 (VALUE CHANGED)
[2026-02-01 10:04:55]   [emp_id: 3263] ✓ Updated: 32.44 → 32.52 (VALUE CHANGED)
[2026-02-01 10:04:55]   [emp_id: 3265] ✓ Updated: 28.02 → 28.1 (VALUE CHANGED)
[2026-02-01 10:04:55]   [emp_id: 3280] ✓ Updated: 74.94 → 75.02 (VALUE CHANGED)
[2026-02-01 10:04:55]   [emp_id: 3286] ✓ Updated: 18.11 → 18.19 (VALUE CHANGED)
[2026-02-01 10:04:55]   [emp_id: 3294] ✓ Updated: 17.77 → 17.85 (VALUE CHANGED)
[2026-02-01 10:04:55]   [emp_id: 3321] ✓ Updated: 74.94 → 75.02 (VALUE CHANGED)
[2026-02-01 10:04:55]   [emp_id: 3325] ✓ Updated: 62.69 → 62.77 (VALUE CHANGED)
[2026-02-01 10:04:55]   [emp_id: 3329] ✓ Updated: 65.02 → 65.1 (VALUE CHANGED)
[2026-02-01 10:04:55]   [emp_id: 3330] ✓ Updated: 65.02 → 65.1 (VALUE CHANGED)
[2026-02-01 10:04:55]   [emp_id: 3332] ✓ Updated: 65.02 → 65.1 (VALUE CHANGED)
[2026-02-01 10:04:55]   [emp_id: 3370] ✓ Updated: 56.53 → 56.61 (VALUE CHANGED)
[2026-02-01 10:04:55]   [emp_id: 3384] ✓ Updated: 17.19 → 17.27 (VALUE CHANGED)
[2026-02-01 10:04:55]   [emp_id: 3386] ✓ Updated: 47.19 → 47.27 (VALUE CHANGED)
[2026-02-01 10:04:55]   [emp_id: 3431] ✓ Updated: 21.61 → 21.69 (VALUE CHANGED)
[2026-02-01 10:04:55]   [emp_id: 3497] ✓ Updated: 11.77 → 11.85 (VALUE CHANGED)
[2026-02-01 10:04:55]   [emp_id: 3532] ✓ Updated: 2.61 → 2.69 (VALUE CHANGED)
[2026-02-01 10:04:55]   [emp_id: 3602] ✓ Updated: 4.18 → 4.26 (VALUE CHANGED)
[2026-02-01 10:04:55]   [emp_id: 3618] ✓ Updated: 26.16 → 26.24 (VALUE CHANGED)
[2026-02-01 10:04:55]   [emp_id: 3622] ✓ Updated: 36.45 → 36.51 (VALUE CHANGED)
[2026-02-01 10:04:55]   [emp_id: 3627] ✓ Updated: 12.11 → 12.19 (VALUE CHANGED)
[2026-02-01 10:04:55]   [emp_id: 3665] ✓ Updated: 53.69 → 53.77 (VALUE CHANGED)
[2026-02-01 10:04:56]   [emp_id: 3705] ✓ Updated: 29.78 → 29.84 (VALUE CHANGED)
[2026-02-01 10:04:56]   [emp_id: 3724] ✓ Updated: 46.69 → 46.77 (VALUE CHANGED)
[2026-02-01 10:04:56]   [emp_id: 3726] ✓ Updated: 63.11 → 63.19 (VALUE CHANGED)
[2026-02-01 10:04:56]   [emp_id: 3727] ✓ Updated: 68.19 → 68.27 (VALUE CHANGED)
[2026-02-01 10:04:56]   [emp_id: 3728] ✓ Updated: 12.52 → 12.6 (VALUE CHANGED)
[2026-02-01 10:04:56]   [emp_id: 3767] ✓ Updated: 3.27 → 3.35 (VALUE CHANGED)
[2026-02-01 10:04:56]   [emp_id: 3768] ✓ Updated: 59.52 → 59.6 (VALUE CHANGED)
[2026-02-01 10:04:56]   [emp_id: 3787] ✓ Updated: 60.11 → 60.19 (VALUE CHANGED)
[2026-02-01 10:04:56]   [emp_id: 3790] ✓ Updated: 4.66 → 4.74 (VALUE CHANGED)
[2026-02-01 10:04:56]   [emp_id: 3795] ✓ Updated: 17.61 → 17.69 (VALUE CHANGED)
[2026-02-01 10:04:56]   [emp_id: 3798] ✓ Updated: 96.02 → 96.1 (VALUE CHANGED)
[2026-02-01 10:04:56]   [emp_id: 3801] ✓ Updated: 4.29 → 4.37 (VALUE CHANGED)
[2026-02-01 10:04:56]   [emp_id: 3802] ✓ Updated: 33.27 → 33.35 (VALUE CHANGED)
[2026-02-01 10:04:56]   [emp_id: 3803] ✓ Updated: 117.69 → 117.77 (VALUE CHANGED)
[2026-02-01 10:04:56]   [emp_id: 3810] ✓ Updated: 63.69 → 63.77 (VALUE CHANGED)
[2026-02-01 10:04:56]   [emp_id: 3812] ✓ Updated: 92.69 → 92.77 (VALUE CHANGED)
[2026-02-01 10:04:56]   [emp_id: 3815] ✓ Updated: 92.69 → 92.77 (VALUE CHANGED)
[2026-02-01 10:04:56]   [emp_id: 3836] ✓ Updated: 60.36 → 60.44 (VALUE CHANGED)
[2026-02-01 10:04:56]   [emp_id: 3855] ✓ Updated: 53.52 → 53.6 (VALUE CHANGED)
[2026-02-01 10:04:56]   [emp_id: 3857] ✓ Updated: 57.19 → 57.27 (VALUE CHANGED)
[2026-02-01 10:04:56]   [emp_id: 3862] ✓ Updated: 105.27 → 105.35 (VALUE CHANGED)
[2026-02-01 10:04:56]   [emp_id: 3866] ✓ Updated: 30.52 → 30.6 (VALUE CHANGED)
[2026-02-01 10:04:56]   [emp_id: 3876] ✓ Updated: 26.69 → 26.77 (VALUE CHANGED)
[2026-02-01 10:04:56]   [emp_id: 3877] ✓ Updated: 52.19 → 52.27 (VALUE CHANGED)
[2026-02-01 10:04:56]   [emp_id: 3897] ✓ Updated: 40.44 → 40.52 (VALUE CHANGED)
[2026-02-01 10:04:56]   [emp_id: 3899] ✓ Updated: 2.26 → 2.34 (VALUE CHANGED)
[2026-02-01 10:04:56]   [emp_id: 3928] ✓ Updated: 16.52 → 16.6 (VALUE CHANGED)
[2026-02-01 10:04:56]   [emp_id: 3929] ✓ Updated: 11.52 → 11.6 (VALUE CHANGED)
[2026-02-01 10:04:56]   [emp_id: 3935] ✓ Updated: 96.52 → 96.6 (VALUE CHANGED)
[2026-02-01 10:04:56]   [emp_id: 3952] ✓ Updated: 77.86 → 77.94 (VALUE CHANGED)
[2026-02-01 10:04:56]   [emp_id: 3987] ✓ Updated: 16.77 → 16.85 (VALUE CHANGED)
[2026-02-01 10:04:56]   [emp_id: 4059] ✓ Updated: 5.97 → 6.05 (VALUE CHANGED)
[2026-02-01 10:04:56]   [emp_id: 4119] ✓ Updated: 59.44 → 59.52 (VALUE CHANGED)
[2026-02-01 10:04:56]   [emp_id: 4120] ✓ Updated: 29.02 → 29.1 (VALUE CHANGED)
[2026-02-01 10:04:56]   [emp_id: 4124] ✓ Updated: 29.54 → 29.62 (VALUE CHANGED)
[2026-02-01 10:04:56]   [emp_id: 4133] ✓ Updated: 108.02 → 108.1 (VALUE CHANGED)
[2026-02-01 10:04:56]   [emp_id: 4134] ✓ Updated: 29.02 → 29.1 (VALUE CHANGED)
[2026-02-01 10:04:56]   [emp_id: 4136] ✓ Updated: 29.02 → 29.1 (VALUE CHANGED)
[2026-02-01 10:04:56]   [emp_id: 4150] ✓ Updated: 27.69 → 27.77 (VALUE CHANGED)
[2026-02-01 10:04:56]   [emp_id: 4157] ✓ Updated: 21.19 → 21.27 (VALUE CHANGED)
[2026-02-01 10:04:56]   [emp_id: 4172] ✓ Updated: 14.36 → 14.42 (VALUE CHANGED)
[2026-02-01 10:04:56]   [emp_id: 4195] ✓ Updated: 64.77 → 64.85 (VALUE CHANGED)
[2026-02-01 10:04:56]   [emp_id: 4215] ✓ Updated: 47.44 → 47.52 (VALUE CHANGED)
[2026-02-01 10:04:56]   [emp_id: 4220] ✓ Updated: 43.02 → 43.1 (VALUE CHANGED)
[2026-02-01 10:04:56]   [emp_id: 4273] ✓ Updated: 11.69 → 11.77 (VALUE CHANGED)
[2026-02-01 10:04:56]   [emp_id: 4283] ✓ Updated: 15.45 → 15.51 (VALUE CHANGED)
[2026-02-01 10:04:56]   [emp_id: 4288] ✓ Updated: 2.26 → 2.34 (VALUE CHANGED)
[2026-02-01 10:04:56]   [emp_id: 4315] ✓ Updated: 14.94 → 15.02 (VALUE CHANGED)
[2026-02-01 10:04:56]   [emp_id: 4328] ✓ Updated: 44.28 → 44.34 (VALUE CHANGED)
[2026-02-01 10:04:56]   [emp_id: 4329] ✓ Updated: 8.11 → 8.19 (VALUE CHANGED)
[2026-02-01 10:04:56]   [emp_id: 4338] ✓ Updated: 49.69 → 49.77 (VALUE CHANGED)
[2026-02-01 10:04:56]   [emp_id: 4340] ✓ Updated: 111.69 → 111.77 (VALUE CHANGED)
[2026-02-01 10:04:56]   [emp_id: 4365] ✓ Updated: 63.11 → 63.19 (VALUE CHANGED)
[2026-02-01 10:04:56]   [emp_id: 4366] ✓ Updated: 62.19 → 62.27 (VALUE CHANGED)
[2026-02-01 10:04:56]   [emp_id: 4403] ✓ Updated: 88.02 → 88.1 (VALUE CHANGED)
[2026-02-01 10:04:57]   [emp_id: 4438] ✓ Updated: 23.69 → 23.77 (VALUE CHANGED)
[2026-02-01 10:04:57]   [emp_id: 4465] ✓ Updated: 14.61 → 14.67 (VALUE CHANGED)
[2026-02-01 10:04:57]   [emp_id: 4473] ✓ Updated: 47.27 → 47.35 (VALUE CHANGED)
[2026-02-01 10:04:57]   [emp_id: 4474] ✓ Updated: 5.12 → 5.18 (VALUE CHANGED)
[2026-02-01 10:04:57]   [emp_id: 4493] ✓ Updated: 166.11 → 166.19 (VALUE CHANGED)
[2026-02-01 10:04:57]   [emp_id: 4526] ✓ Updated: 38.36 → 38.44 (VALUE CHANGED)
[2026-02-01 10:04:57]   [emp_id: 4528] ✓ Updated: 110.11 → 110.19 (VALUE CHANGED)
[2026-02-01 10:04:57]   [emp_id: 4528] ✓ Updated: 110.11 → 110.19 (VALUE CHANGED)
[2026-02-01 10:04:57]   [emp_id: 4532] ✓ Updated: 9.73 → 9.79 (VALUE CHANGED)
[2026-02-01 10:04:57]   [emp_id: 4533] ✓ Updated: 38.52 → 38.6 (VALUE CHANGED)
[2026-02-01 10:04:57]   [emp_id: 4565] ✓ Updated: 17.11 → 17.17 (VALUE CHANGED)
[2026-02-01 10:04:57]   [emp_id: 4567] ✓ Updated: 21.36 → 21.42 (VALUE CHANGED)
[2026-02-01 10:04:57]   [emp_id: 4572] ✓ Updated: 60.86 → 60.92 (VALUE CHANGED)
[2026-02-01 10:04:57]   [emp_id: 4631] ✓ Updated: 17.11 → 17.17 (VALUE CHANGED)
[2026-02-01 10:04:57]   [emp_id: 4655] ✓ Updated: 27.44 → 27.52 (VALUE CHANGED)
[2026-02-01 10:04:57]   [emp_id: 4709] ✓ Updated: 42.69 → 42.77 (VALUE CHANGED)
[2026-02-01 10:04:57]   [emp_id: 4717] ✓ Updated: 68.69 → 68.77 (VALUE CHANGED)
[2026-02-01 10:04:57]   [emp_id: 4736] ✓ Updated: 30.52 → 30.6 (VALUE CHANGED)
[2026-02-01 10:04:57]   [emp_id: 4756] ✓ Updated: 13.55 → 13.61 (VALUE CHANGED)
[2026-02-01 10:04:57]   [emp_id: 4768] ✓ Updated: 16.19 → 16.27 (VALUE CHANGED)
[2026-02-01 10:04:57]   [emp_id: 4780] ✓ Updated: 67.28 → 67.34 (VALUE CHANGED)
[2026-02-01 10:04:57]   [emp_id: 4820] ✓ Updated: 101.52 → 101.6 (VALUE CHANGED)
[2026-02-01 10:04:57]   [emp_id: 4824] ✓ Updated: 4.7 → 4.78 (VALUE CHANGED)
[2026-02-01 10:04:57]   [emp_id: 4825] ✓ Updated: 33.27 → 33.35 (VALUE CHANGED)
[2026-02-01 10:04:57]   [emp_id: 4837] ✓ Updated: 47.27 → 47.33 (VALUE CHANGED)
[2026-02-01 10:04:57]   [emp_id: 4840] ✓ Updated: 47.27 → 47.33 (VALUE CHANGED)
[2026-02-01 10:04:57]   [emp_id: 4842] ✓ Updated: 46.51 → 46.57 (VALUE CHANGED)
[2026-02-01 10:04:57]   [emp_id: 4843] ✓ Updated: 47.04 → 47.1 (VALUE CHANGED)
[2026-02-01 10:04:57]   [emp_id: 4853] ✓ Updated: 90.86 → 90.92 (VALUE CHANGED)
[2026-02-01 10:04:57]   [emp_id: 4856] ✓ Updated: 44.18 → 44.24 (VALUE CHANGED)
[2026-02-01 10:04:57]   [emp_id: 4857] ✓ Updated: 27 → 27.06 (VALUE CHANGED)
[2026-02-01 10:04:57]   [emp_id: 4858] ✓ Updated: 23.88 → 23.94 (VALUE CHANGED)
[2026-02-01 10:04:57]   [emp_id: 4859] ✓ Updated: 45.35 → 45.41 (VALUE CHANGED)
[2026-02-01 10:04:57]   [emp_id: 4860] ✓ Updated: 9.85 → 9.91 (VALUE CHANGED)
[2026-02-01 10:04:57]   [emp_id: 4861] ✓ Updated: 43.31 → 43.37 (VALUE CHANGED)
[2026-02-01 10:04:57]   [emp_id: 4869] ✓ Updated: 86.19 → 86.25 (VALUE CHANGED)
[2026-02-01 10:04:57]   [emp_id: 4894] ✓ Updated: 10.19 → 10.27 (VALUE CHANGED)
[2026-02-01 10:04:57]   [emp_id: 4897] ✓ Updated: 25.09 → 25.15 (VALUE CHANGED)
[2026-02-01 10:04:57]   [emp_id: 4899] ✓ Updated: 21.26 → 21.32 (VALUE CHANGED)
[2026-02-01 10:04:57]   [emp_id: 4902] ✓ Updated: 20.68 → 20.74 (VALUE CHANGED)
[2026-02-01 10:04:57]   [emp_id: 4903] ✓ Updated: 22.9 → 22.96 (VALUE CHANGED)
[2026-02-01 10:04:57]   [emp_id: 4905] ✓ Updated: 21.56 → 21.62 (VALUE CHANGED)
[2026-02-01 10:04:57]   [emp_id: 4907] ✓ Updated: 50.27 → 50.35 (VALUE CHANGED)
[2026-02-01 10:04:57]   [emp_id: 4917] ✓ Updated: 18.52 → 18.58 (VALUE CHANGED)
[2026-02-01 10:04:57]   [emp_id: 4918] ✓ Updated: 8.29 → 8.35 (VALUE CHANGED)
[2026-02-01 10:04:57]   [emp_id: 4919] ✓ Updated: 60.58 → 60.64 (VALUE CHANGED)
[2026-02-01 10:04:57]   [emp_id: 4920] ✓ Updated: 7.66 → 7.72 (VALUE CHANGED)
[2026-02-01 10:04:57]   [emp_id: 4921] ✓ Updated: 19.75 → 19.81 (VALUE CHANGED)
[2026-02-01 10:04:57]   [emp_id: 4927] ✓ Updated: 18.58 → 18.64 (VALUE CHANGED)
[2026-02-01 10:04:57]   [emp_id: 4929] ✓ Updated: 20.1 → 20.16 (VALUE CHANGED)
[2026-02-01 10:04:57]   [emp_id: 4930] ✓ Updated: 60.87 → 60.93 (VALUE CHANGED)
[2026-02-01 10:04:58]   [emp_id: 4932] ✓ Updated: 18.87 → 18.93 (VALUE CHANGED)
[2026-02-01 10:04:58]   [emp_id: 4933] ✓ Updated: 22.28 → 22.34 (VALUE CHANGED)
[2026-02-01 10:04:58]   [emp_id: 4949] ✓ Updated: 25.71 → 25.77 (VALUE CHANGED)
[2026-02-01 10:04:58]   [emp_id: 4956] ✓ Updated: 31.3 → 31.36 (VALUE CHANGED)
[2026-02-01 10:04:58]   [emp_id: 4957] ✓ Updated: 26.97 → 27.03 (VALUE CHANGED)
[2026-02-01 10:04:58]   [emp_id: 4962] ✓ Updated: 49.63 → 49.71 (VALUE CHANGED)
[2026-02-01 10:04:58]   [emp_id: 4969] ✓ Updated: 48.94 → 49.02 (VALUE CHANGED)
[2026-02-01 10:04:58]   [emp_id: 4976] ✓ Updated: 11.99 → 12.05 (VALUE CHANGED)
[2026-02-01 10:04:58]   [emp_id: 4984] ✓ Updated: 40.19 → 40.27 (VALUE CHANGED)
[2026-02-01 10:04:58]   [emp_id: 4995] ✓ Updated: 52.26 → 52.34 (VALUE CHANGED)
[2026-02-01 10:04:58]   [emp_id: 5004] ✓ Updated: 28.93 → 28.99 (VALUE CHANGED)
[2026-02-01 10:04:58]   [emp_id: 5006] ✓ Updated: 28.67 → 28.73 (VALUE CHANGED)
[2026-02-01 10:04:58]   [emp_id: 5011] ✓ Updated: 8.04 → 8.12 (VALUE CHANGED)
[2026-02-01 10:04:58]   [emp_id: 5013] ✓ Updated: 69.04 → 69.1 (VALUE CHANGED)
[2026-02-01 10:04:58]   [emp_id: 5018] ✓ Updated: 5.53 → 5.59 (VALUE CHANGED)
[2026-02-01 10:04:58]   [emp_id: 5021] ✓ Updated: 63.29 → 63.37 (VALUE CHANGED)
[2026-02-01 10:04:58]   [emp_id: 5024] ✓ Updated: 3.55 → 3.61 (VALUE CHANGED)
[2026-02-01 10:04:58]   [emp_id: 5030] ✓ Updated: 33.5 → 33.56 (VALUE CHANGED)
[2026-02-01 10:04:58]   [emp_id: 5033] ✓ Updated: 12.3 → 12.36 (VALUE CHANGED)
[2026-02-01 10:04:58]   [emp_id: 5043] ✓ Updated: 32.86 → 32.94 (VALUE CHANGED)
[2026-02-01 10:04:58]   [emp_id: 5045] ✓ Updated: 29.36 → 29.44 (VALUE CHANGED)
[2026-02-01 10:04:58]   [emp_id: 5046] ✓ Updated: 24.55 → 24.63 (VALUE CHANGED)
[2026-02-01 10:04:58]   [emp_id: 5049] ✓ Updated: 0.98 → 1.04 (VALUE CHANGED)
[2026-02-01 10:04:58]   [emp_id: 5052] ✓ Updated: 32.26 → 32.32 (VALUE CHANGED)
[2026-02-01 10:04:58]   [emp_id: 5055] ✓ Updated: 20.7 → 20.76 (VALUE CHANGED)
[2026-02-01 10:04:58]   [emp_id: 5058] ✓ Updated: 29.68 → 29.74 (VALUE CHANGED)
[2026-02-01 10:04:58]   [emp_id: 5062] ✓ Updated: 41.51 → 41.57 (VALUE CHANGED)
[2026-02-01 10:04:58]   [emp_id: 5064] ✓ Updated: 120.19 → 120.27 (VALUE CHANGED)
[2026-02-01 10:04:58]   [emp_id: 5065] ✓ Updated: 40.92 → 40.98 (VALUE CHANGED)
[2026-02-01 10:04:58]   [emp_id: 5071] ✓ Updated: 25.69 → 25.77 (VALUE CHANGED)
[2026-02-01 10:04:58]   [emp_id: 5073] ✓ Updated: 15.52 → 15.58 (VALUE CHANGED)
[2026-02-01 10:04:58]   [emp_id: 5079] ✓ Updated: 36.08 → 36.14 (VALUE CHANGED)
[2026-02-01 10:04:58]   [emp_id: 5080] ✓ Updated: 29.41 → 29.47 (VALUE CHANGED)
[2026-02-01 10:04:58]   [emp_id: 5081] ✓ Updated: 17.67 → 17.73 (VALUE CHANGED)
[2026-02-01 10:04:58]   [emp_id: 5087] ✓ Updated: 37.71 → 37.77 (VALUE CHANGED)
[2026-02-01 10:04:58]   [emp_id: 5091] ✓ Updated: 77.56 → 77.62 (VALUE CHANGED)
[2026-02-01 10:04:58]   [emp_id: 5093] ✓ Updated: 16.86 → 16.94 (VALUE CHANGED)
[2026-02-01 10:04:58]   [emp_id: 5095] ✓ Updated: 3.1 → 3.16 (VALUE CHANGED)
[2026-02-01 10:04:58]   [emp_id: 5101] ✓ Updated: 18.94 → 19.02 (VALUE CHANGED)
[2026-02-01 10:04:58]   [emp_id: 5107] ✓ Updated: 17.27 → 17.35 (VALUE CHANGED)
[2026-02-01 10:04:58]   [emp_id: 5109] ✓ Updated: 14.52 → 14.6 (VALUE CHANGED)
[2026-02-01 10:04:58]   [emp_id: 5119] ✓ Updated: 12.69 → 12.77 (VALUE CHANGED)
[2026-02-01 10:04:58]   [emp_id: 5122] ✓ Updated: 9.86 → 9.94 (VALUE CHANGED)
[2026-02-01 10:04:58]   [emp_id: 5126] ✓ Updated: 28.44 → 28.5 (VALUE CHANGED)
[2026-02-01 10:04:58]   [emp_id: 5127] ✓ Updated: 7.23 → 7.29 (VALUE CHANGED)
[2026-02-01 10:04:58]   [emp_id: 5128] ✓ Updated: 28.38 → 28.44 (VALUE CHANGED)
[2026-02-01 10:04:58]   [emp_id: 5138] ✓ Updated: 52.52 → 52.6 (VALUE CHANGED)
[2026-02-01 10:04:58]   [emp_id: 5138] ✓ Updated: 52.52 → 52.6 (VALUE CHANGED)
[2026-02-01 10:04:58]   [emp_id: 5141] ✓ Updated: 36.75 → 36.81 (VALUE CHANGED)
[2026-02-01 10:04:58]   [emp_id: 5142] ✓ Updated: 15.75 → 15.81 (VALUE CHANGED)
[2026-02-01 10:04:58]   [emp_id: 5146] ✓ Updated: 22.75 → 22.81 (VALUE CHANGED)
[2026-02-01 10:04:58]   [emp_id: 5147] ✓ Updated: 21.75 → 21.81 (VALUE CHANGED)
[2026-02-01 10:04:58]   [emp_id: 5148] ✓ Updated: 27.1 → 27.16 (VALUE CHANGED)
[2026-02-01 10:04:59]   [emp_id: 5149] ✓ Updated: 25.99 → 26.05 (VALUE CHANGED)
[2026-02-01 10:04:59]   [emp_id: 5150] ✓ Updated: 25.35 → 25.41 (VALUE CHANGED)
[2026-02-01 10:04:59]   [emp_id: 5151] ✓ Updated: 25.17 → 25.23 (VALUE CHANGED)
[2026-02-01 10:04:59]   [emp_id: 5152] ✓ Updated: 5.59 → 5.65 (VALUE CHANGED)
[2026-02-01 10:04:59]   [emp_id: 5157] ✓ Updated: 25.17 → 25.23 (VALUE CHANGED)
[2026-02-01 10:04:59]   [emp_id: 5160] ✓ Updated: 25.17 → 25.23 (VALUE CHANGED)
[2026-02-01 10:04:59]   [emp_id: 5163] ✓ Updated: 22.96 → 23.02 (VALUE CHANGED)
[2026-02-01 10:04:59]   [emp_id: 5165] ✓ Updated: 3.96 → 4.04 (VALUE CHANGED)
[2026-02-01 10:04:59]   [emp_id: 5167] ✓ Updated: 32.11 → 32.17 (VALUE CHANGED)
[2026-02-01 10:04:59]   [emp_id: 5168] ✓ Updated: 24.65 → 24.71 (VALUE CHANGED)
[2026-02-01 10:04:59]   [emp_id: 5173] ✓ Updated: 27.61 → 27.69 (VALUE CHANGED)
[2026-02-01 10:04:59]   [emp_id: 5174] ✓ Updated: 25.11 → 25.17 (VALUE CHANGED)
[2026-02-01 10:04:59]   [emp_id: 5181] ✓ Updated: 21.5 → 21.56 (VALUE CHANGED)
[2026-02-01 10:04:59]   [emp_id: 5186] ✓ Updated: 27.03 → 27.09 (VALUE CHANGED)
[2026-02-01 10:04:59]   [emp_id: 5187] ✓ Updated: 38.03 → 38.09 (VALUE CHANGED)
[2026-02-01 10:04:59]   [emp_id: 5204] ✓ Updated: 25.11 → 25.19 (VALUE CHANGED)
[2026-02-01 10:04:59]   [emp_id: 5205] ✓ Updated: 14.24 → 14.3 (VALUE CHANGED)
[2026-02-01 10:04:59]   [emp_id: 5209] ✓ Updated: 17.24 → 17.3 (VALUE CHANGED)
[2026-02-01 10:04:59]   [emp_id: 5213] ✓ Updated: 4.65 → 4.71 (VALUE CHANGED)
[2026-02-01 10:04:59]   [emp_id: 5214] ✓ Updated: 3.49 → 3.55 (VALUE CHANGED)
[2026-02-01 10:04:59]   [emp_id: 5215] ✓ Updated: 12.24 → 12.3 (VALUE CHANGED)
[2026-02-01 10:04:59]   [emp_id: 5217] ✓ Updated: 11.24 → 11.3 (VALUE CHANGED)
[2026-02-01 10:04:59]   [emp_id: 5219] ✓ Updated: 15.24 → 15.3 (VALUE CHANGED)
[2026-02-01 10:04:59]   [emp_id: 5221] ✓ Updated: 4.55 → 4.61 (VALUE CHANGED)
[2026-02-01 10:04:59]   [emp_id: 5224] ✓ Updated: 16.24 → 16.3 (VALUE CHANGED)
[2026-02-01 10:04:59]   [emp_id: 5225] ✓ Updated: 8.55 → 8.61 (VALUE CHANGED)
[2026-02-01 10:04:59]   [emp_id: 5228] ✓ Updated: 11.24 → 11.3 (VALUE CHANGED)
[2026-02-01 10:04:59]   [emp_id: 5229] ✓ Updated: 7.24 → 7.3 (VALUE CHANGED)
[2026-02-01 10:04:59]   [emp_id: 5230] ✓ Updated: 11.91 → 11.97 (VALUE CHANGED)
[2026-02-01 10:04:59]   [emp_id: 5231] ✓ Updated: 8.24 → 8.3 (VALUE CHANGED)
[2026-02-01 10:04:59]   [emp_id: 5232] ✓ Updated: 2.24 → 2.3 (VALUE CHANGED)
[2026-02-01 10:04:59]   [emp_id: 5233] ✓ Updated: 6.24 → 6.3 (VALUE CHANGED)
[2026-02-01 10:04:59]   [emp_id: 5234] ✓ Updated: 6.24 → 6.3 (VALUE CHANGED)
[2026-02-01 10:04:59]   [emp_id: 5235] ✓ Updated: 1.68 → 1.74 (VALUE CHANGED)
[2026-02-01 10:04:59]   [emp_id: 5237] ✓ Updated: 12.49 → 12.55 (VALUE CHANGED)
[2026-02-01 10:04:59]   [emp_id: 5239] ✓ Updated: 9.24 → 9.3 (VALUE CHANGED)
[2026-02-01 10:04:59]   [emp_id: 5241] ✓ Updated: 7.24 → 7.3 (VALUE CHANGED)
[2026-02-01 10:04:59]   [emp_id: 5242] ✓ Updated: 17.24 → 17.3 (VALUE CHANGED)
[2026-02-01 10:04:59]   [emp_id: 5243] ✓ Updated: 3.65 → 3.71 (VALUE CHANGED)
[2026-02-01 10:04:59]   [emp_id: 5244] ✓ Updated: 1.68 → 1.74 (VALUE CHANGED)
[2026-02-01 10:04:59]   [emp_id: 5246] ✓ Updated: 13.24 → 13.3 (VALUE CHANGED)
[2026-02-01 10:04:59]   [emp_id: 5253] ✓ Updated: 26.11 → 26.17 (VALUE CHANGED)
[2026-02-01 10:04:59]   [emp_id: 5254] ✓ Updated: 14.09 → 14.15 (VALUE CHANGED)
[2026-02-01 10:04:59]   [emp_id: 5257] ✓ Updated: 13.8 → 13.86 (VALUE CHANGED)
[2026-02-01 10:04:59]   [emp_id: 5259] ✓ Updated: 50.33 → 50.39 (VALUE CHANGED)
[2026-02-01 10:04:59]   [emp_id: 5261] ✓ Updated: 18.71 → 18.79 (VALUE CHANGED)
[2026-02-01 10:04:59]   [emp_id: 5264] ✓ Updated: 15.81 → 15.87 (VALUE CHANGED)
[2026-02-01 10:04:59]   [emp_id: 5266] ✓ Updated: 22.43 → 22.49 (VALUE CHANGED)
[2026-02-01 10:04:59]   [emp_id: 5268] ✓ Updated: 11 → 11.06 (VALUE CHANGED)
[2026-02-01 10:04:59]   [emp_id: 5271] ✓ Updated: 9.66 → 9.72 (VALUE CHANGED)
[2026-02-01 10:04:59]   [emp_id: 5272] ✓ Updated: 10.53 → 10.59 (VALUE CHANGED)
[2026-02-01 10:04:59]   [emp_id: 5273] ✓ Updated: 25.6 → 25.66 (VALUE CHANGED)
[2026-02-01 10:04:59]   [emp_id: 5275] ✓ Updated: 11.35 → 11.41 (VALUE CHANGED)
[2026-02-01 10:05:00]   [emp_id: 5276] ✓ Updated: 25.62 → 25.68 (VALUE CHANGED)
[2026-02-01 10:05:00]   [emp_id: 5278] ✓ Updated: 10.01 → 10.07 (VALUE CHANGED)
[2026-02-01 10:05:00]   [emp_id: 5280] ✓ Updated: 20.41 → 20.47 (VALUE CHANGED)
[2026-02-01 10:05:00]   [emp_id: 5282] ✓ Updated: 14.19 → 14.27 (VALUE CHANGED)
[2026-02-01 10:05:00]   [emp_id: 5285] ✓ Updated: 30.41 → 30.47 (VALUE CHANGED)
[2026-02-01 10:05:00]   [emp_id: 5286] ✓ Updated: 17.41 → 17.47 (VALUE CHANGED)
[2026-02-01 10:05:00]   [emp_id: 5287] ✓ Updated: 51.71 → 51.77 (VALUE CHANGED)
[2026-02-01 10:05:00]   [emp_id: 5288] ✓ Updated: 8.98 → 9.04 (VALUE CHANGED)
[2026-02-01 10:05:00]   [emp_id: 5289] ✓ Updated: 50.26 → 50.32 (VALUE CHANGED)
[2026-02-01 10:05:00]   [emp_id: 5290] ✓ Updated: 49.03 → 49.09 (VALUE CHANGED)
[2026-02-01 10:05:00]   [emp_id: 5291] ✓ Updated: 7.03 → 7.09 (VALUE CHANGED)
[2026-02-01 10:05:00]   [emp_id: 5292] ✓ Updated: 6.97 → 7.03 (VALUE CHANGED)
[2026-02-01 10:05:00]   [emp_id: 5293] ✓ Updated: 10.45 → 10.53 (VALUE CHANGED)
[2026-02-01 10:05:00]   [emp_id: 5294] ✓ Updated: 10.11 → 10.19 (VALUE CHANGED)
[2026-02-01 10:05:00]   [emp_id: 5295] ✓ Updated: 23.21 → 23.27 (VALUE CHANGED)
[2026-02-01 10:05:00]   [emp_id: 5296] ✓ Updated: 37.13 → 37.21 (VALUE CHANGED)
[2026-02-01 10:05:00]   [emp_id: 5297] ✓ Updated: 47.63 → 47.69 (VALUE CHANGED)
[2026-02-01 10:05:00]   [emp_id: 5298] ✓ Updated: 47.63 → 47.69 (VALUE CHANGED)
[2026-02-01 10:05:00]   [emp_id: 5299] ✓ Updated: 47.63 → 47.69 (VALUE CHANGED)
[2026-02-01 10:05:00]   [emp_id: 5300] ✓ Updated: 47.63 → 47.69 (VALUE CHANGED)
[2026-02-01 10:05:00]   [emp_id: 5301] ✓ Updated: 5.45 → 5.51 (VALUE CHANGED)
[2026-02-01 10:05:00]   [emp_id: 5303] ✓ Updated: 5.88 → 5.94 (VALUE CHANGED)
[2026-02-01 10:05:00]   [emp_id: 5304] ✓ Updated: 2.63 → 2.69 (VALUE CHANGED)
[2026-02-01 10:05:00]   [emp_id: 5305] ✓ Updated: 5.63 → 5.69 (VALUE CHANGED)
[2026-02-01 10:05:00]   [emp_id: 5306] ✓ Updated: 47.34 → 47.4 (VALUE CHANGED)
[2026-02-01 10:05:00]   [emp_id: 5307] ✓ Updated: 47.34 → 47.4 (VALUE CHANGED)
[2026-02-01 10:05:00]   [emp_id: 5312] ✓ Updated: 1.68 → 1.74 (VALUE CHANGED)
[2026-02-01 10:05:00]   [emp_id: 5318] ✓ Updated: 28.05 → 28.11 (VALUE CHANGED)
[2026-02-01 10:05:00]   [emp_id: 5325] ✓ Updated: 2.01 → 2.07 (VALUE CHANGED)
[2026-02-01 10:05:00]   [emp_id: 5327] ✓ Updated: 3.1 → 3.16 (VALUE CHANGED)
[2026-02-01 10:05:00]   [emp_id: 5337] ✓ Updated: 38.02 → 38.1 (VALUE CHANGED)
[2026-02-01 10:05:00]   [emp_id: 5339] ✓ Updated: 12.2 → 12.26 (VALUE CHANGED)
[2026-02-01 10:05:00]   [emp_id: 5343] ✓ Updated: 47.94 → 48.02 (VALUE CHANGED)
[2026-02-01 10:05:00]   [emp_id: 5343] ✓ Updated: 47.94 → 48.02 (VALUE CHANGED)
[2026-02-01 10:05:00]   [emp_id: 5345] ✓ Updated: 17.77 → 17.85 (VALUE CHANGED)
[2026-02-01 10:05:00]   [emp_id: 5346] ✓ Updated: 3.92 → 3.98 (VALUE CHANGED)
[2026-02-01 10:05:00]   [emp_id: 5351] ✓ Updated: 18.86 → 18.92 (VALUE CHANGED)
[2026-02-01 10:05:00]   [emp_id: 5352] ✓ Updated: 28.19 → 28.27 (VALUE CHANGED)
[2026-02-01 10:05:00]   [emp_id: 5370] ✓ Updated: 17.51 → 17.57 (VALUE CHANGED)
[2026-02-01 10:05:00]   [emp_id: 5371] ✓ Updated: 9.94 → 10.02 (VALUE CHANGED)
[2026-02-01 10:05:00]   [emp_id: 5376] ✓ Updated: 12.11 → 12.17 (VALUE CHANGED)
[2026-02-01 10:05:00]   [emp_id: 5378] ✓ Updated: 20.02 → 20.1 (VALUE CHANGED)
[2026-02-01 10:05:00]   [emp_id: 5380] ✓ Updated: 18.52 → 18.58 (VALUE CHANGED)
[2026-02-01 10:05:00]   [emp_id: 5381] ✓ Updated: 14.46 → 14.54 (VALUE CHANGED)
[2026-02-01 10:05:00]   [emp_id: 5383] ✓ Updated: 17.77 → 17.85 (VALUE CHANGED)
[2026-02-01 10:05:00]   [emp_id: 5388] ✓ Updated: 29.3 → 29.36 (VALUE CHANGED)
[2026-02-01 10:05:00]   [emp_id: 5396] ✓ Updated: 30.54 → 30.6 (VALUE CHANGED)
[2026-02-01 10:05:00]   [emp_id: 5397] ✓ Updated: 22 → 22.06 (VALUE CHANGED)
[2026-02-01 10:05:00]   [emp_id: 5401] ✓ Updated: 25.11 → 25.17 (VALUE CHANGED)
[2026-02-01 10:05:00]   [emp_id: 5402] ✓ Updated: 25.23 → 25.29 (VALUE CHANGED)
[2026-02-01 10:05:00]   [emp_id: 5406] ✓ Updated: 18.95 → 19.01 (VALUE CHANGED)
[2026-02-01 10:05:00]   [emp_id: 5407] ✓ Updated: 18.54 → 18.62 (VALUE CHANGED)
[2026-02-01 10:05:01]   [emp_id: 5409] ✓ Updated: 18.29 → 18.35 (VALUE CHANGED)
[2026-02-01 10:05:01]   [emp_id: 5413] ✓ Updated: 30.94 → 31.02 (VALUE CHANGED)
[2026-02-01 10:05:01]   [emp_id: 5414] ✓ Updated: 30.61 → 30.69 (VALUE CHANGED)
[2026-02-01 10:05:01]   [emp_id: 5415] ✓ Updated: 6.54 → 6.62 (VALUE CHANGED)
[2026-02-01 10:05:01]   [emp_id: 5418] ✓ Updated: 17.35 → 17.41 (VALUE CHANGED)
[2026-02-01 10:05:01]   [emp_id: 5422] ✓ Updated: 23.27 → 23.35 (VALUE CHANGED)
[2026-02-01 10:05:01]   [emp_id: 5423] ✓ Updated: 7.96 → 8.04 (VALUE CHANGED)
[2026-02-01 10:05:01]   [emp_id: 5425] ✓ Updated: 15.9 → 15.96 (VALUE CHANGED)
[2026-02-01 10:05:01]   [emp_id: 5426] ✓ Updated: 4.51 → 4.59 (VALUE CHANGED)
[2026-02-01 10:05:01]   [emp_id: 5426] ✓ Updated: 4.51 → 4.59 (VALUE CHANGED)
[2026-02-01 10:05:01]   [emp_id: 5427] ✓ Updated: 16.01 → 16.07 (VALUE CHANGED)
[2026-02-01 10:05:01]   [emp_id: 5428] ✓ Updated: 15.9 → 15.96 (VALUE CHANGED)
[2026-02-01 10:05:01]   [emp_id: 5430] ✓ Updated: 20.33 → 20.41 (VALUE CHANGED)
[2026-02-01 10:05:01]   [emp_id: 5431] ✓ Updated: 15.02 → 15.08 (VALUE CHANGED)
[2026-02-01 10:05:01]   [emp_id: 5433] ✓ Updated: 15.04 → 15.1 (VALUE CHANGED)
[2026-02-01 10:05:01]   [emp_id: 5434] ✓ Updated: 14.79 → 14.85 (VALUE CHANGED)
[2026-02-01 10:05:01]   [emp_id: 5435] ✓ Updated: 14.73 → 14.79 (VALUE CHANGED)
[2026-02-01 10:05:01]   [emp_id: 5436] ✓ Updated: 14.73 → 14.79 (VALUE CHANGED)
[2026-02-01 10:05:01]   [emp_id: 5438] ✓ Updated: 18.19 → 18.27 (VALUE CHANGED)
[2026-02-01 10:05:01]   [emp_id: 5439] ✓ Updated: 27.69 → 27.77 (VALUE CHANGED)
[2026-02-01 10:05:01]   [emp_id: 5442] ✓ Updated: 16.69 → 16.77 (VALUE CHANGED)
[2026-02-01 10:05:01]   [emp_id: 5445] ✓ Updated: 9.19 → 9.25 (VALUE CHANGED)
[2026-02-01 10:05:01]   [emp_id: 5446] ✓ Updated: 9.19 → 9.25 (VALUE CHANGED)
[2026-02-01 10:05:01]   [emp_id: 5447] ✓ Updated: 9.13 → 9.19 (VALUE CHANGED)
[2026-02-01 10:05:01]   [emp_id: 5448] ✓ Updated: 3.71 → 3.79 (VALUE CHANGED)
[2026-02-01 10:05:01]   [emp_id: 5449] ✓ Updated: 7.21 → 7.27 (VALUE CHANGED)
[2026-02-01 10:05:01]   [emp_id: 5450] ✓ Updated: 7.15 → 7.21 (VALUE CHANGED)
[2026-02-01 10:05:01]   [emp_id: 5451] ✓ Updated: 7.15 → 7.21 (VALUE CHANGED)
[2026-02-01 10:05:01]   [emp_id: 5453] ✓ Updated: 6.99 → 7.05 (VALUE CHANGED)
[2026-02-01 10:05:01]   [emp_id: 5454] ✓ Updated: 9.77 → 9.85 (VALUE CHANGED)
[2026-02-01 10:05:01]   [emp_id: 5455] ✓ Updated: 4.02 → 4.1 (VALUE CHANGED)
[2026-02-01 10:05:01]   [emp_id: 5456] ✓ Updated: 9.02 → 9.1 (VALUE CHANGED)
[2026-02-01 10:05:01]   [emp_id: 5457] ✓ Updated: 6.24 → 6.3 (VALUE CHANGED)
[2026-02-01 10:05:01]   [emp_id: 5460] ✓ Updated: 7.67 → 7.75 (VALUE CHANGED)
[2026-02-01 10:05:01]   [emp_id: 5463] ✓ Updated: 7 → 7.08 (VALUE CHANGED)
[2026-02-01 10:05:01]   [emp_id: 5464] ✓ Updated: 7 → 7.08 (VALUE CHANGED)
[2026-02-01 10:05:01]   [emp_id: 5466] ✓ Updated: 4.75 → 4.83 (VALUE CHANGED)
[2026-02-01 10:05:01]   [emp_id: 5467] ✓ Updated: 3.67 → 3.75 (VALUE CHANGED)
[2026-02-01 10:05:01]   [emp_id: 5468] ✓ Updated: 2.62 → 2.7 (VALUE CHANGED)
[2026-02-01 10:05:01]   [emp_id: 5469] ✓ Updated: 2.53 → 2.61 (VALUE CHANGED)
[2026-02-01 10:05:01] Report saved to: D:\xampp\htdocs\almutlak\system/cron_logs/last_vacation_update_report.json
[2026-02-01 10:09:28] ========== CRON: Vacation Balance Update Started ==========
[2026-02-01 10:09:28] Force level: 1 (0=normal, 1=check missing, 2=full bypass)
[2026-02-01 10:09:28] Source: CLI (argv)
[2026-02-01 10:09:28] FORCE LEVEL 1: Checking for missing records and refreshing values (NOT updating last_updated)
[2026-02-01 10:09:28] FORCE LEVEL 1: Checking for missing records only
[2026-02-01 10:09:28] Database connection established
[2026-02-01 10:09:28] Found 433 active employees with balance records to update
[2026-02-01 10:09:28] (Only employees with status=1 will be processed)
[2026-02-01 10:09:28] Report saved to: D:\xampp\htdocs\almutlak\system/cron_logs/last_vacation_update_report.json
[2026-02-01 10:09:34] ========== CRON: Vacation Balance Update Started ==========
[2026-02-01 10:09:34] Force level: 2 (0=normal, 1=check missing, 2=full bypass)
[2026-02-01 10:09:34] Source: CLI (argv)
[2026-02-01 10:09:34] FORCE LEVEL 2: Full bypass - updating all balances AND last_updated
[2026-02-01 10:09:34] Database connection established
[2026-02-01 10:09:34] Found 433 active employees with balance records to update
[2026-02-01 10:09:34] (Only employees with status=1 will be processed)
[2026-02-01 10:09:34]   [emp_id: 1061] ✓ Updated: 2.34 → 2.42 (VALUE CHANGED)
[2026-02-01 10:09:34]   [emp_id: 1496] ✓ Updated: 19.19 → 19.27 (VALUE CHANGED)
[2026-02-01 10:09:34]   [emp_id: 1500] ✓ Updated: 6.87 → 6.95 (VALUE CHANGED)
[2026-02-01 10:09:34]   [emp_id: 1574] ✓ Updated: 36.1 → 36.18 (VALUE CHANGED)
[2026-02-01 10:09:34]   [emp_id: 1673] ✓ Updated: 47.6 → 47.68 (VALUE CHANGED)
[2026-02-01 10:09:34]   [emp_id: 1685] ✓ Updated: 17.52 → 17.6 (VALUE CHANGED)
[2026-02-01 10:09:34]   [emp_id: 1764] ✓ Updated: 72.19 → 72.27 (VALUE CHANGED)
[2026-02-01 10:09:34]   [emp_id: 1805] ✓ Updated: 66.52 → 66.6 (VALUE CHANGED)
[2026-02-01 10:09:34]   [emp_id: 1822] ✓ Updated: 71.27 → 71.35 (VALUE CHANGED)
[2026-02-01 10:09:34]   [emp_id: 1837] ✓ Updated: 27.44 → 27.52 (VALUE CHANGED)
[2026-02-01 10:09:34]   [emp_id: 1857] ✓ Updated: 22.77 → 22.85 (VALUE CHANGED)
[2026-02-01 10:09:34]   [emp_id: 1861] ✓ Updated: 73.6 → 73.68 (VALUE CHANGED)
[2026-02-01 10:09:34]   [emp_id: 1872] ✓ Updated: 12.44 → 12.52 (VALUE CHANGED)
[2026-02-01 10:09:34]   [emp_id: 1897] ✓ Updated: 7.77 → 7.85 (VALUE CHANGED)
[2026-02-01 10:09:34]   [emp_id: 1916] ✓ Updated: 14.07 → 14.15 (VALUE CHANGED)
[2026-02-01 10:09:34]   [emp_id: 1928] ✓ Updated: 67.02 → 67.1 (VALUE CHANGED)
[2026-02-01 10:09:34]   [emp_id: 1931] ✓ Updated: 86.94 → 87.02 (VALUE CHANGED)
[2026-02-01 10:09:34]   [emp_id: 1944] ✓ Updated: 45.1 → 45.18 (VALUE CHANGED)
[2026-02-01 10:09:34]   [emp_id: 1996] ✓ Updated: 73.6 → 73.68 (VALUE CHANGED)
[2026-02-01 10:09:34]   [emp_id: 1997] ✓ Updated: 38.77 → 38.85 (VALUE CHANGED)
[2026-02-01 10:09:34]   [emp_id: 1998] ✓ Updated: 30.21 → 30.29 (VALUE CHANGED)
[2026-02-01 10:09:34]   [emp_id: 1999] ✓ Updated: 31.21 → 31.29 (VALUE CHANGED)
[2026-02-01 10:09:34]   [emp_id: 2009] ✓ Updated: 37.52 → 37.6 (VALUE CHANGED)
[2026-02-01 10:09:34]   [emp_id: 2048] ✓ Updated: 27.35 → 27.43 (VALUE CHANGED)
[2026-02-01 10:09:34]   [emp_id: 2057] ✓ Updated: 68.19 → 68.27 (VALUE CHANGED)
[2026-02-01 10:09:34]   [emp_id: 2079] ✓ Updated: 50.52 → 50.6 (VALUE CHANGED)
[2026-02-01 10:09:34]   [emp_id: 2181] ✓ Updated: 39.52 → 39.6 (VALUE CHANGED)
[2026-02-01 10:09:34]   [emp_id: 2190] ✓ Updated: 8.85 → 8.93 (VALUE CHANGED)
[2026-02-01 10:09:34]   [emp_id: 2212] ✓ Updated: 26.85 → 26.93 (VALUE CHANGED)
[2026-02-01 10:09:34]   [emp_id: 2226] ✓ Updated: 71.6 → 71.68 (VALUE CHANGED)
[2026-02-01 10:09:34]   [emp_id: 2238] ✓ Updated: 69.85 → 69.93 (VALUE CHANGED)
[2026-02-01 10:09:34]   [emp_id: 2285] ✓ Updated: 38.52 → 38.6 (VALUE CHANGED)
[2026-02-01 10:09:34]   [emp_id: 2287] ✓ Updated: 50.19 → 50.27 (VALUE CHANGED)
[2026-02-01 10:09:35]   [emp_id: 2288] ✓ Updated: 5.21 → 5.29 (VALUE CHANGED)
[2026-02-01 10:09:35]   [emp_id: 2316] ✓ Updated: 19.02 → 19.1 (VALUE CHANGED)
[2026-02-01 10:09:35]   [emp_id: 2337] ✓ Updated: 40.1 → 40.18 (VALUE CHANGED)
[2026-02-01 10:09:35]   [emp_id: 2352] ✓ Updated: 71.6 → 71.68 (VALUE CHANGED)
[2026-02-01 10:09:35]   [emp_id: 2358] ✓ Updated: 8.1 → 8.18 (VALUE CHANGED)
[2026-02-01 10:09:35]   [emp_id: 2361] ✓ Updated: 73.77 → 73.85 (VALUE CHANGED)
[2026-02-01 10:09:35]   [emp_id: 2363] ✓ Updated: 76.35 → 76.43 (VALUE CHANGED)
[2026-02-01 10:09:35]   [emp_id: 2364] ✓ Updated: 75.77 → 75.85 (VALUE CHANGED)
[2026-02-01 10:09:35]   [emp_id: 2367] ✓ Updated: 103.44 → 103.52 (VALUE CHANGED)
[2026-02-01 10:09:35]   [emp_id: 2368] ✓ Updated: 33.85 → 33.93 (VALUE CHANGED)
[2026-02-01 10:09:35]   [emp_id: 2372] ✓ Updated: 71.1 → 71.18 (VALUE CHANGED)
[2026-02-01 10:09:35]   [emp_id: 2376] ✓ Updated: 121.1 → 121.18 (VALUE CHANGED)
[2026-02-01 10:09:35]   [emp_id: 2423] ✓ Updated: 21.85 → 21.93 (VALUE CHANGED)
[2026-02-01 10:09:35]   [emp_id: 2519] ✓ Updated: 115.52 → 115.6 (VALUE CHANGED)
[2026-02-01 10:09:35]   [emp_id: 2522] ✓ Updated: 59.1 → 59.18 (VALUE CHANGED)
[2026-02-01 10:09:35]   [emp_id: 2530] ✓ Updated: 54.35 → 54.43 (VALUE CHANGED)
[2026-02-01 10:09:35]   [emp_id: 2539] ✓ Updated: 51.1 → 51.18 (VALUE CHANGED)
[2026-02-01 10:09:35]   [emp_id: 2541] ✓ Updated: 31.69 → 31.77 (VALUE CHANGED)
[2026-02-01 10:09:35]   [emp_id: 2550] ✓ Updated: 97.85 → 97.93 (VALUE CHANGED)
[2026-02-01 10:09:35]   [emp_id: 2553] ✓ Updated: 34.96 → 35.04 (VALUE CHANGED)
[2026-02-01 10:09:35]   [emp_id: 2554] ✓ Updated: 41.44 → 41.52 (VALUE CHANGED)
[2026-02-01 10:09:35]   [emp_id: 2565] ✓ Updated: 96.02 → 96.1 (VALUE CHANGED)
[2026-02-01 10:09:35]   [emp_id: 2572] ✓ Updated: 46.02 → 46.1 (VALUE CHANGED)
[2026-02-01 10:09:35]   [emp_id: 2637] ✓ Updated: 66.6 → 66.68 (VALUE CHANGED)
[2026-02-01 10:09:35]   [emp_id: 2642] ✓ Updated: 79.35 → 79.43 (VALUE CHANGED)
[2026-02-01 10:09:35]   [emp_id: 2645] ✓ Updated: 95.35 → 95.43 (VALUE CHANGED)
[2026-02-01 10:09:35]   [emp_id: 2648] ✓ Updated: 47.02 → 47.1 (VALUE CHANGED)
[2026-02-01 10:09:35]   [emp_id: 2654] ✓ Updated: 89.69 → 89.77 (VALUE CHANGED)
[2026-02-01 10:09:35]   [emp_id: 2688] ✓ Updated: 27.77 → 27.85 (VALUE CHANGED)
[2026-02-01 10:09:35]   [emp_id: 2690] ✓ Updated: 16.52 → 16.6 (VALUE CHANGED)
[2026-02-01 10:09:35]   [emp_id: 2709] ✓ Updated: 38.77 → 38.85 (VALUE CHANGED)
[2026-02-01 10:09:35]   [emp_id: 2745] ✓ Updated: 35.35 → 35.43 (VALUE CHANGED)
[2026-02-01 10:09:35]   [emp_id: 2843] ✓ Updated: 81.94 → 82.02 (VALUE CHANGED)
[2026-02-01 10:09:35]   [emp_id: 2854] ✓ Updated: 61.85 → 61.93 (VALUE CHANGED)
[2026-02-01 10:09:35]   [emp_id: 2869] ✓ Updated: 5.77 → 5.85 (VALUE CHANGED)
[2026-02-01 10:09:35]   [emp_id: 2876] ✓ Updated: 36.6 → 36.68 (VALUE CHANGED)
[2026-02-01 10:09:35]   [emp_id: 2924] ✓ Updated: 17.77 → 17.85 (VALUE CHANGED)
[2026-02-01 10:09:35]   [emp_id: 2953] ✓ Updated: 103.52 → 103.6 (VALUE CHANGED)
[2026-02-01 10:09:35]   [emp_id: 2961] ✓ Updated: 13.52 → 13.6 (VALUE CHANGED)
[2026-02-01 10:09:35]   [emp_id: 2975] ✓ Updated: 3.2 → 3.28 (VALUE CHANGED)
[2026-02-01 10:09:35]   [emp_id: 3013] ✓ Updated: 12.52 → 12.6 (VALUE CHANGED)
[2026-02-01 10:09:35]   [emp_id: 3014] ✓ Updated: 91.77 → 91.85 (VALUE CHANGED)
[2026-02-01 10:09:35]   [emp_id: 3015] ✓ Updated: 3.02 → 3.1 (VALUE CHANGED)
[2026-02-01 10:09:35]   [emp_id: 3018] ✓ Updated: 61.77 → 61.85 (VALUE CHANGED)
[2026-02-01 10:09:35]   [emp_id: 3025] ✓ Updated: 25.54 → 25.62 (VALUE CHANGED)
[2026-02-01 10:09:35]   [emp_id: 3037] ✓ Updated: 85.27 → 85.35 (VALUE CHANGED)
[2026-02-01 10:09:35]   [emp_id: 3047] ✓ Updated: 73.52 → 73.6 (VALUE CHANGED)
[2026-02-01 10:09:35]   [emp_id: 3061] ✓ Updated: 20.44 → 20.52 (VALUE CHANGED)
[2026-02-01 10:09:35]   [emp_id: 3062] ✓ Updated: 53.6 → 53.68 (VALUE CHANGED)
[2026-02-01 10:09:35]   [emp_id: 3074] ✓ Updated: 110.02 → 110.1 (VALUE CHANGED)
[2026-02-01 10:09:36]   [emp_id: 3089] ✓ Updated: 8.94 → 9.02 (VALUE CHANGED)
[2026-02-01 10:09:36]   [emp_id: 3090] ✓ Updated: 35.52 → 35.6 (VALUE CHANGED)
[2026-02-01 10:09:36]   [emp_id: 3091] ✓ Updated: 47.52 → 47.6 (VALUE CHANGED)
[2026-02-01 10:09:36]   [emp_id: 3092] ✓ Updated: 30.19 → 30.27 (VALUE CHANGED)
[2026-02-01 10:09:36]   [emp_id: 3105] ✓ Updated: 50.52 → 50.6 (VALUE CHANGED)
[2026-02-01 10:09:36]   [emp_id: 3134] ✓ Updated: 46.27 → 46.35 (VALUE CHANGED)
[2026-02-01 10:09:36]   [emp_id: 3140] ✓ Updated: 43.35 → 43.43 (VALUE CHANGED)
[2026-02-01 10:09:36]   [emp_id: 3144] ✓ Updated: 16.19 → 16.27 (VALUE CHANGED)
[2026-02-01 10:09:36]   [emp_id: 3156] ✓ Updated: 19.52 → 19.6 (VALUE CHANGED)
[2026-02-01 10:09:36]   [emp_id: 3162] ✓ Updated: 4.5 → 4.58 (VALUE CHANGED)
[2026-02-01 10:09:36]   [emp_id: 3163] ✓ Updated: 7.77 → 7.85 (VALUE CHANGED)
[2026-02-01 10:09:36]   [emp_id: 3198] ✓ Updated: 42.77 → 42.85 (VALUE CHANGED)
[2026-02-01 10:09:36]   [emp_id: 3205] ✓ Updated: 19.44 → 19.52 (VALUE CHANGED)
[2026-02-01 10:09:36]   [emp_id: 3209] ✓ Updated: 43.6 → 43.68 (VALUE CHANGED)
[2026-02-01 10:09:36]   [emp_id: 3223] ✓ Updated: 92.52 → 92.6 (VALUE CHANGED)
[2026-02-01 10:09:36]   [emp_id: 3224] ✓ Updated: 67.27 → 67.35 (VALUE CHANGED)
[2026-02-01 10:09:36]   [emp_id: 3230] ✓ Updated: 90.69 → 90.77 (VALUE CHANGED)
[2026-02-01 10:09:36]   [emp_id: 3231] ✓ Updated: 3.06 → 3.14 (VALUE CHANGED)
[2026-02-01 10:09:36]   [emp_id: 3233] ✓ Updated: 83.52 → 83.6 (VALUE CHANGED)
[2026-02-01 10:09:36]   [emp_id: 3249] ✓ Updated: 39.35 → 39.43 (VALUE CHANGED)
[2026-02-01 10:09:36]   [emp_id: 3250] ✓ Updated: 12.35 → 12.43 (VALUE CHANGED)
[2026-02-01 10:09:36]   [emp_id: 3252] ✓ Updated: 13.27 → 13.35 (VALUE CHANGED)
[2026-02-01 10:09:36]   [emp_id: 3254] ✓ Updated: 23.77 → 23.85 (VALUE CHANGED)
[2026-02-01 10:09:36]   [emp_id: 3255] ✓ Updated: 20.19 → 20.27 (VALUE CHANGED)
[2026-02-01 10:09:36]   [emp_id: 3256] ✓ Updated: 16.44 → 16.52 (VALUE CHANGED)
[2026-02-01 10:09:36]   [emp_id: 3263] ✓ Updated: 32.52 → 32.6 (VALUE CHANGED)
[2026-02-01 10:09:36]   [emp_id: 3265] ✓ Updated: 28.1 → 28.18 (VALUE CHANGED)
[2026-02-01 10:09:36]   [emp_id: 3280] ✓ Updated: 75.02 → 75.1 (VALUE CHANGED)
[2026-02-01 10:09:36]   [emp_id: 3286] ✓ Updated: 18.19 → 18.27 (VALUE CHANGED)
[2026-02-01 10:09:36]   [emp_id: 3294] ✓ Updated: 17.85 → 17.93 (VALUE CHANGED)
[2026-02-01 10:09:36]   [emp_id: 3321] ✓ Updated: 75.02 → 75.1 (VALUE CHANGED)
[2026-02-01 10:09:36]   [emp_id: 3325] ✓ Updated: 62.77 → 62.85 (VALUE CHANGED)
[2026-02-01 10:09:36]   [emp_id: 3329] ✓ Updated: 65.1 → 65.18 (VALUE CHANGED)
[2026-02-01 10:09:36]   [emp_id: 3330] ✓ Updated: 65.1 → 65.18 (VALUE CHANGED)
[2026-02-01 10:09:36]   [emp_id: 3332] ✓ Updated: 65.1 → 65.18 (VALUE CHANGED)
[2026-02-01 10:09:36]   [emp_id: 3370] ✓ Updated: 56.61 → 56.69 (VALUE CHANGED)
[2026-02-01 10:09:36]   [emp_id: 3384] ✓ Updated: 17.27 → 17.35 (VALUE CHANGED)
[2026-02-01 10:09:36]   [emp_id: 3386] ✓ Updated: 47.27 → 47.35 (VALUE CHANGED)
[2026-02-01 10:09:36]   [emp_id: 3431] ✓ Updated: 21.69 → 21.77 (VALUE CHANGED)
[2026-02-01 10:09:36]   [emp_id: 3497] ✓ Updated: 11.85 → 11.93 (VALUE CHANGED)
[2026-02-01 10:09:36]   [emp_id: 3532] ✓ Updated: 2.69 → 2.77 (VALUE CHANGED)
[2026-02-01 10:09:36]   [emp_id: 3602] ✓ Updated: 4.26 → 4.34 (VALUE CHANGED)
[2026-02-01 10:09:36]   [emp_id: 3618] ✓ Updated: 26.24 → 26.32 (VALUE CHANGED)
[2026-02-01 10:09:36]   [emp_id: 3622] ✓ Updated: 36.51 → 36.57 (VALUE CHANGED)
[2026-02-01 10:09:36]   [emp_id: 3627] ✓ Updated: 12.19 → 12.27 (VALUE CHANGED)
[2026-02-01 10:09:36]   [emp_id: 3665] ✓ Updated: 53.77 → 53.85 (VALUE CHANGED)
[2026-02-01 10:09:36]   [emp_id: 3705] ✓ Updated: 29.84 → 29.9 (VALUE CHANGED)
[2026-02-01 10:09:36]   [emp_id: 3724] ✓ Updated: 46.77 → 46.85 (VALUE CHANGED)
[2026-02-01 10:09:36]   [emp_id: 3726] ✓ Updated: 63.19 → 63.27 (VALUE CHANGED)
[2026-02-01 10:09:36]   [emp_id: 3727] ✓ Updated: 68.27 → 68.35 (VALUE CHANGED)
[2026-02-01 10:09:36]   [emp_id: 3728] ✓ Updated: 12.6 → 12.68 (VALUE CHANGED)
[2026-02-01 10:09:36]   [emp_id: 3767] ✓ Updated: 3.35 → 3.43 (VALUE CHANGED)
[2026-02-01 10:09:37]   [emp_id: 3768] ✓ Updated: 59.6 → 59.68 (VALUE CHANGED)
[2026-02-01 10:09:37]   [emp_id: 3787] ✓ Updated: 60.19 → 60.27 (VALUE CHANGED)
[2026-02-01 10:09:37]   [emp_id: 3790] ✓ Updated: 4.74 → 4.82 (VALUE CHANGED)
[2026-02-01 10:09:37]   [emp_id: 3795] ✓ Updated: 17.69 → 17.77 (VALUE CHANGED)
[2026-02-01 10:09:37]   [emp_id: 3798] ✓ Updated: 96.1 → 96.18 (VALUE CHANGED)
[2026-02-01 10:09:37]   [emp_id: 3801] ✓ Updated: 4.37 → 4.45 (VALUE CHANGED)
[2026-02-01 10:09:37]   [emp_id: 3802] ✓ Updated: 33.35 → 33.43 (VALUE CHANGED)
[2026-02-01 10:09:37]   [emp_id: 3803] ✓ Updated: 117.77 → 117.85 (VALUE CHANGED)
[2026-02-01 10:09:37]   [emp_id: 3810] ✓ Updated: 63.77 → 63.85 (VALUE CHANGED)
[2026-02-01 10:09:37]   [emp_id: 3812] ✓ Updated: 92.77 → 92.85 (VALUE CHANGED)
[2026-02-01 10:09:37]   [emp_id: 3815] ✓ Updated: 92.77 → 92.85 (VALUE CHANGED)
[2026-02-01 10:09:37]   [emp_id: 3836] ✓ Updated: 60.44 → 60.52 (VALUE CHANGED)
[2026-02-01 10:09:37]   [emp_id: 3855] ✓ Updated: 53.6 → 53.68 (VALUE CHANGED)
[2026-02-01 10:09:37]   [emp_id: 3857] ✓ Updated: 57.27 → 57.35 (VALUE CHANGED)
[2026-02-01 10:09:37]   [emp_id: 3862] ✓ Updated: 105.35 → 105.43 (VALUE CHANGED)
[2026-02-01 10:09:37]   [emp_id: 3866] ✓ Updated: 30.6 → 30.68 (VALUE CHANGED)
[2026-02-01 10:09:37]   [emp_id: 3876] ✓ Updated: 26.77 → 26.85 (VALUE CHANGED)
[2026-02-01 10:09:37]   [emp_id: 3877] ✓ Updated: 52.27 → 52.35 (VALUE CHANGED)
[2026-02-01 10:09:37]   [emp_id: 3897] ✓ Updated: 40.52 → 40.6 (VALUE CHANGED)
[2026-02-01 10:09:37]   [emp_id: 3899] ✓ Updated: 2.34 → 2.42 (VALUE CHANGED)
[2026-02-01 10:09:37]   [emp_id: 3928] ✓ Updated: 16.6 → 16.68 (VALUE CHANGED)
[2026-02-01 10:09:37]   [emp_id: 3929] ✓ Updated: 11.6 → 11.68 (VALUE CHANGED)
[2026-02-01 10:09:37]   [emp_id: 3935] ✓ Updated: 96.6 → 96.68 (VALUE CHANGED)
[2026-02-01 10:09:37]   [emp_id: 3952] ✓ Updated: 77.94 → 78.02 (VALUE CHANGED)
[2026-02-01 10:09:37]   [emp_id: 3987] ✓ Updated: 16.85 → 16.93 (VALUE CHANGED)
[2026-02-01 10:09:37]   [emp_id: 4059] ✓ Updated: 6.05 → 6.13 (VALUE CHANGED)
[2026-02-01 10:09:37]   [emp_id: 4119] ✓ Updated: 59.52 → 59.6 (VALUE CHANGED)
[2026-02-01 10:09:37]   [emp_id: 4120] ✓ Updated: 29.1 → 29.18 (VALUE CHANGED)
[2026-02-01 10:09:37]   [emp_id: 4124] ✓ Updated: 29.62 → 29.7 (VALUE CHANGED)
[2026-02-01 10:09:37]   [emp_id: 4133] ✓ Updated: 108.1 → 108.18 (VALUE CHANGED)
[2026-02-01 10:09:37]   [emp_id: 4134] ✓ Updated: 29.1 → 29.18 (VALUE CHANGED)
[2026-02-01 10:09:37]   [emp_id: 4136] ✓ Updated: 29.1 → 29.18 (VALUE CHANGED)
[2026-02-01 10:09:37]   [emp_id: 4150] ✓ Updated: 27.77 → 27.85 (VALUE CHANGED)
[2026-02-01 10:09:37]   [emp_id: 4157] ✓ Updated: 21.27 → 21.35 (VALUE CHANGED)
[2026-02-01 10:09:37]   [emp_id: 4172] ✓ Updated: 14.42 → 14.48 (VALUE CHANGED)
[2026-02-01 10:09:37]   [emp_id: 4195] ✓ Updated: 64.85 → 64.93 (VALUE CHANGED)
[2026-02-01 10:09:37]   [emp_id: 4215] ✓ Updated: 47.52 → 47.6 (VALUE CHANGED)
[2026-02-01 10:09:37]   [emp_id: 4220] ✓ Updated: 43.1 → 43.18 (VALUE CHANGED)
[2026-02-01 10:09:37]   [emp_id: 4273] ✓ Updated: 11.77 → 11.85 (VALUE CHANGED)
[2026-02-01 10:09:37]   [emp_id: 4283] ✓ Updated: 15.51 → 15.57 (VALUE CHANGED)
[2026-02-01 10:09:37]   [emp_id: 4288] ✓ Updated: 2.34 → 2.42 (VALUE CHANGED)
[2026-02-01 10:09:37]   [emp_id: 4315] ✓ Updated: 15.02 → 15.1 (VALUE CHANGED)
[2026-02-01 10:09:37]   [emp_id: 4328] ✓ Updated: 44.34 → 44.4 (VALUE CHANGED)
[2026-02-01 10:09:37]   [emp_id: 4329] ✓ Updated: 8.19 → 8.27 (VALUE CHANGED)
[2026-02-01 10:09:37]   [emp_id: 4338] ✓ Updated: 49.77 → 49.85 (VALUE CHANGED)
[2026-02-01 10:09:37]   [emp_id: 4340] ✓ Updated: 111.77 → 111.85 (VALUE CHANGED)
[2026-02-01 10:09:37]   [emp_id: 4365] ✓ Updated: 63.19 → 63.27 (VALUE CHANGED)
[2026-02-01 10:09:37]   [emp_id: 4366] ✓ Updated: 62.27 → 62.35 (VALUE CHANGED)
[2026-02-01 10:09:37]   [emp_id: 4403] ✓ Updated: 88.1 → 88.18 (VALUE CHANGED)
[2026-02-01 10:09:37]   [emp_id: 4438] ✓ Updated: 23.77 → 23.85 (VALUE CHANGED)
[2026-02-01 10:09:37]   [emp_id: 4465] ✓ Updated: 14.67 → 14.73 (VALUE CHANGED)
[2026-02-01 10:09:37]   [emp_id: 4473] ✓ Updated: 47.35 → 47.43 (VALUE CHANGED)
[2026-02-01 10:09:38]   [emp_id: 4474] ✓ Updated: 5.18 → 5.24 (VALUE CHANGED)
[2026-02-01 10:09:38]   [emp_id: 4493] ✓ Updated: 166.19 → 166.27 (VALUE CHANGED)
[2026-02-01 10:09:38]   [emp_id: 4526] ✓ Updated: 38.44 → 38.52 (VALUE CHANGED)
[2026-02-01 10:09:38]   [emp_id: 4528] ✓ Updated: 110.19 → 110.27 (VALUE CHANGED)
[2026-02-01 10:09:38]   [emp_id: 4528] ✓ Updated: 110.19 → 110.27 (VALUE CHANGED)
[2026-02-01 10:09:38]   [emp_id: 4532] ✓ Updated: 9.79 → 9.85 (VALUE CHANGED)
[2026-02-01 10:09:38]   [emp_id: 4533] ✓ Updated: 38.6 → 38.68 (VALUE CHANGED)
[2026-02-01 10:09:38]   [emp_id: 4565] ✓ Updated: 17.17 → 17.23 (VALUE CHANGED)
[2026-02-01 10:09:38]   [emp_id: 4567] ✓ Updated: 21.42 → 21.48 (VALUE CHANGED)
[2026-02-01 10:09:38]   [emp_id: 4572] ✓ Updated: 60.92 → 60.98 (VALUE CHANGED)
[2026-02-01 10:09:38]   [emp_id: 4631] ✓ Updated: 17.17 → 17.23 (VALUE CHANGED)
[2026-02-01 10:09:38]   [emp_id: 4655] ✓ Updated: 27.52 → 27.6 (VALUE CHANGED)
[2026-02-01 10:09:38]   [emp_id: 4709] ✓ Updated: 42.77 → 42.85 (VALUE CHANGED)
[2026-02-01 10:09:38]   [emp_id: 4717] ✓ Updated: 68.77 → 68.85 (VALUE CHANGED)
[2026-02-01 10:09:38]   [emp_id: 4736] ✓ Updated: 30.6 → 30.68 (VALUE CHANGED)
[2026-02-01 10:09:38]   [emp_id: 4756] ✓ Updated: 13.61 → 13.67 (VALUE CHANGED)
[2026-02-01 10:09:38]   [emp_id: 4768] ✓ Updated: 16.27 → 16.35 (VALUE CHANGED)
[2026-02-01 10:09:38]   [emp_id: 4780] ✓ Updated: 67.34 → 67.4 (VALUE CHANGED)
[2026-02-01 10:09:38]   [emp_id: 4820] ✓ Updated: 101.6 → 101.68 (VALUE CHANGED)
[2026-02-01 10:09:38]   [emp_id: 4824] ✓ Updated: 4.78 → 4.86 (VALUE CHANGED)
[2026-02-01 10:09:38]   [emp_id: 4825] ✓ Updated: 33.35 → 33.43 (VALUE CHANGED)
[2026-02-01 10:09:38]   [emp_id: 4837] ✓ Updated: 47.33 → 47.39 (VALUE CHANGED)
[2026-02-01 10:09:38]   [emp_id: 4840] ✓ Updated: 47.33 → 47.39 (VALUE CHANGED)
[2026-02-01 10:09:38]   [emp_id: 4842] ✓ Updated: 46.57 → 46.63 (VALUE CHANGED)
[2026-02-01 10:09:38]   [emp_id: 4843] ✓ Updated: 47.1 → 47.16 (VALUE CHANGED)
[2026-02-01 10:09:38]   [emp_id: 4853] ✓ Updated: 90.92 → 90.98 (VALUE CHANGED)
[2026-02-01 10:09:38]   [emp_id: 4856] ✓ Updated: 44.24 → 44.3 (VALUE CHANGED)
[2026-02-01 10:09:38]   [emp_id: 4857] ✓ Updated: 27.06 → 27.12 (VALUE CHANGED)
[2026-02-01 10:09:38]   [emp_id: 4858] ✓ Updated: 23.94 → 24 (VALUE CHANGED)
[2026-02-01 10:09:38]   [emp_id: 4859] ✓ Updated: 45.41 → 45.47 (VALUE CHANGED)
[2026-02-01 10:09:38]   [emp_id: 4860] ✓ Updated: 9.91 → 9.97 (VALUE CHANGED)
[2026-02-01 10:09:38]   [emp_id: 4861] ✓ Updated: 43.37 → 43.43 (VALUE CHANGED)
[2026-02-01 10:09:38]   [emp_id: 4869] ✓ Updated: 86.25 → 86.31 (VALUE CHANGED)
[2026-02-01 10:09:38]   [emp_id: 4894] ✓ Updated: 10.27 → 10.35 (VALUE CHANGED)
[2026-02-01 10:09:38]   [emp_id: 4897] ✓ Updated: 25.15 → 25.21 (VALUE CHANGED)
[2026-02-01 10:09:38]   [emp_id: 4899] ✓ Updated: 21.32 → 21.38 (VALUE CHANGED)
[2026-02-01 10:09:38]   [emp_id: 4902] ✓ Updated: 20.74 → 20.8 (VALUE CHANGED)
[2026-02-01 10:09:38]   [emp_id: 4903] ✓ Updated: 22.96 → 23.02 (VALUE CHANGED)
[2026-02-01 10:09:38]   [emp_id: 4905] ✓ Updated: 21.62 → 21.68 (VALUE CHANGED)
[2026-02-01 10:09:38]   [emp_id: 4907] ✓ Updated: 50.35 → 50.43 (VALUE CHANGED)
[2026-02-01 10:09:38]   [emp_id: 4917] ✓ Updated: 18.58 → 18.64 (VALUE CHANGED)
[2026-02-01 10:09:38]   [emp_id: 4918] ✓ Updated: 8.35 → 8.41 (VALUE CHANGED)
[2026-02-01 10:09:38]   [emp_id: 4919] ✓ Updated: 60.64 → 60.7 (VALUE CHANGED)
[2026-02-01 10:09:38]   [emp_id: 4920] ✓ Updated: 7.72 → 7.78 (VALUE CHANGED)
[2026-02-01 10:09:38]   [emp_id: 4921] ✓ Updated: 19.81 → 19.87 (VALUE CHANGED)
[2026-02-01 10:09:38]   [emp_id: 4927] ✓ Updated: 18.64 → 18.7 (VALUE CHANGED)
[2026-02-01 10:09:38]   [emp_id: 4929] ✓ Updated: 20.16 → 20.22 (VALUE CHANGED)
[2026-02-01 10:09:38]   [emp_id: 4930] ✓ Updated: 60.93 → 60.99 (VALUE CHANGED)
[2026-02-01 10:09:38]   [emp_id: 4932] ✓ Updated: 18.93 → 18.99 (VALUE CHANGED)
[2026-02-01 10:09:39]   [emp_id: 4933] ✓ Updated: 22.34 → 22.4 (VALUE CHANGED)
[2026-02-01 10:09:39]   [emp_id: 4949] ✓ Updated: 25.77 → 25.83 (VALUE CHANGED)
[2026-02-01 10:09:39]   [emp_id: 4956] ✓ Updated: 31.36 → 31.42 (VALUE CHANGED)
[2026-02-01 10:09:39]   [emp_id: 4957] ✓ Updated: 27.03 → 27.09 (VALUE CHANGED)
[2026-02-01 10:09:39]   [emp_id: 4962] ✓ Updated: 49.71 → 49.79 (VALUE CHANGED)
[2026-02-01 10:09:39]   [emp_id: 4969] ✓ Updated: 49.02 → 49.1 (VALUE CHANGED)
[2026-02-01 10:09:39]   [emp_id: 4976] ✓ Updated: 12.05 → 12.11 (VALUE CHANGED)
[2026-02-01 10:09:39]   [emp_id: 4984] ✓ Updated: 40.27 → 40.35 (VALUE CHANGED)
[2026-02-01 10:09:39]   [emp_id: 4995] ✓ Updated: 52.34 → 52.42 (VALUE CHANGED)
[2026-02-01 10:09:39]   [emp_id: 5004] ✓ Updated: 28.99 → 29.05 (VALUE CHANGED)
[2026-02-01 10:09:39]   [emp_id: 5006] ✓ Updated: 28.73 → 28.79 (VALUE CHANGED)
[2026-02-01 10:09:39]   [emp_id: 5011] ✓ Updated: 8.12 → 8.2 (VALUE CHANGED)
[2026-02-01 10:09:39]   [emp_id: 5013] ✓ Updated: 69.1 → 69.16 (VALUE CHANGED)
[2026-02-01 10:09:39]   [emp_id: 5018] ✓ Updated: 5.59 → 5.65 (VALUE CHANGED)
[2026-02-01 10:09:39]   [emp_id: 5021] ✓ Updated: 63.37 → 63.45 (VALUE CHANGED)
[2026-02-01 10:09:39]   [emp_id: 5024] ✓ Updated: 3.61 → 3.67 (VALUE CHANGED)
[2026-02-01 10:09:39]   [emp_id: 5030] ✓ Updated: 33.56 → 33.62 (VALUE CHANGED)
[2026-02-01 10:09:39]   [emp_id: 5033] ✓ Updated: 12.36 → 12.42 (VALUE CHANGED)
[2026-02-01 10:09:39]   [emp_id: 5043] ✓ Updated: 32.94 → 33.02 (VALUE CHANGED)
[2026-02-01 10:09:39]   [emp_id: 5045] ✓ Updated: 29.44 → 29.52 (VALUE CHANGED)
[2026-02-01 10:09:39]   [emp_id: 5046] ✓ Updated: 24.63 → 24.71 (VALUE CHANGED)
[2026-02-01 10:09:39]   [emp_id: 5049] ✓ Updated: 1.04 → 1.1 (VALUE CHANGED)
[2026-02-01 10:09:39]   [emp_id: 5052] ✓ Updated: 32.32 → 32.38 (VALUE CHANGED)
[2026-02-01 10:09:39]   [emp_id: 5055] ✓ Updated: 20.76 → 20.82 (VALUE CHANGED)
[2026-02-01 10:09:39]   [emp_id: 5058] ✓ Updated: 29.74 → 29.8 (VALUE CHANGED)
[2026-02-01 10:09:39]   [emp_id: 5062] ✓ Updated: 41.57 → 41.63 (VALUE CHANGED)
[2026-02-01 10:09:39]   [emp_id: 5064] ✓ Updated: 120.27 → 120.35 (VALUE CHANGED)
[2026-02-01 10:09:39]   [emp_id: 5065] ✓ Updated: 40.98 → 41.04 (VALUE CHANGED)
[2026-02-01 10:09:39]   [emp_id: 5071] ✓ Updated: 25.77 → 25.85 (VALUE CHANGED)
[2026-02-01 10:09:39]   [emp_id: 5073] ✓ Updated: 15.58 → 15.64 (VALUE CHANGED)
[2026-02-01 10:09:39]   [emp_id: 5079] ✓ Updated: 36.14 → 36.2 (VALUE CHANGED)
[2026-02-01 10:09:39]   [emp_id: 5080] ✓ Updated: 29.47 → 29.53 (VALUE CHANGED)
[2026-02-01 10:09:39]   [emp_id: 5081] ✓ Updated: 17.73 → 17.79 (VALUE CHANGED)
[2026-02-01 10:09:39]   [emp_id: 5087] ✓ Updated: 37.77 → 37.83 (VALUE CHANGED)
[2026-02-01 10:09:39]   [emp_id: 5091] ✓ Updated: 77.62 → 77.68 (VALUE CHANGED)
[2026-02-01 10:09:39]   [emp_id: 5093] ✓ Updated: 16.94 → 17.02 (VALUE CHANGED)
[2026-02-01 10:09:39]   [emp_id: 5095] ✓ Updated: 3.16 → 3.22 (VALUE CHANGED)
[2026-02-01 10:09:39]   [emp_id: 5101] ✓ Updated: 19.02 → 19.1 (VALUE CHANGED)
[2026-02-01 10:09:39]   [emp_id: 5107] ✓ Updated: 17.35 → 17.43 (VALUE CHANGED)
[2026-02-01 10:09:39]   [emp_id: 5109] ✓ Updated: 14.6 → 14.68 (VALUE CHANGED)
[2026-02-01 10:09:39]   [emp_id: 5119] ✓ Updated: 12.77 → 12.85 (VALUE CHANGED)
[2026-02-01 10:09:39]   [emp_id: 5122] ✓ Updated: 9.94 → 10.02 (VALUE CHANGED)
[2026-02-01 10:09:39]   [emp_id: 5126] ✓ Updated: 28.5 → 28.56 (VALUE CHANGED)
[2026-02-01 10:09:39]   [emp_id: 5127] ✓ Updated: 7.29 → 7.35 (VALUE CHANGED)
[2026-02-01 10:09:39]   [emp_id: 5128] ✓ Updated: 28.44 → 28.5 (VALUE CHANGED)
[2026-02-01 10:09:39]   [emp_id: 5138] ✓ Updated: 52.6 → 52.68 (VALUE CHANGED)
[2026-02-01 10:09:39]   [emp_id: 5138] ✓ Updated: 52.6 → 52.68 (VALUE CHANGED)
[2026-02-01 10:09:39]   [emp_id: 5141] ✓ Updated: 36.81 → 36.87 (VALUE CHANGED)
[2026-02-01 10:09:39]   [emp_id: 5142] ✓ Updated: 15.81 → 15.87 (VALUE CHANGED)
[2026-02-01 10:09:39]   [emp_id: 5146] ✓ Updated: 22.81 → 22.87 (VALUE CHANGED)
[2026-02-01 10:09:40]   [emp_id: 5147] ✓ Updated: 21.81 → 21.87 (VALUE CHANGED)
[2026-02-01 10:09:40]   [emp_id: 5148] ✓ Updated: 27.16 → 27.22 (VALUE CHANGED)
[2026-02-01 10:09:40]   [emp_id: 5149] ✓ Updated: 26.05 → 26.11 (VALUE CHANGED)
[2026-02-01 10:09:40]   [emp_id: 5150] ✓ Updated: 25.41 → 25.47 (VALUE CHANGED)
[2026-02-01 10:09:40]   [emp_id: 5151] ✓ Updated: 25.23 → 25.29 (VALUE CHANGED)
[2026-02-01 10:09:40]   [emp_id: 5152] ✓ Updated: 5.65 → 5.71 (VALUE CHANGED)
[2026-02-01 10:09:40]   [emp_id: 5157] ✓ Updated: 25.23 → 25.29 (VALUE CHANGED)
[2026-02-01 10:09:40]   [emp_id: 5160] ✓ Updated: 25.23 → 25.29 (VALUE CHANGED)
[2026-02-01 10:09:40]   [emp_id: 5163] ✓ Updated: 23.02 → 23.08 (VALUE CHANGED)
[2026-02-01 10:09:40]   [emp_id: 5165] ✓ Updated: 4.04 → 4.12 (VALUE CHANGED)
[2026-02-01 10:09:40]   [emp_id: 5167] ✓ Updated: 32.17 → 32.23 (VALUE CHANGED)
[2026-02-01 10:09:40]   [emp_id: 5168] ✓ Updated: 24.71 → 24.77 (VALUE CHANGED)
[2026-02-01 10:09:40]   [emp_id: 5173] ✓ Updated: 27.69 → 27.77 (VALUE CHANGED)
[2026-02-01 10:09:40]   [emp_id: 5174] ✓ Updated: 25.17 → 25.23 (VALUE CHANGED)
[2026-02-01 10:09:40]   [emp_id: 5181] ✓ Updated: 21.56 → 21.62 (VALUE CHANGED)
[2026-02-01 10:09:40]   [emp_id: 5186] ✓ Updated: 27.09 → 27.15 (VALUE CHANGED)
[2026-02-01 10:09:40]   [emp_id: 5187] ✓ Updated: 38.09 → 38.15 (VALUE CHANGED)
[2026-02-01 10:09:40]   [emp_id: 5204] ✓ Updated: 25.19 → 25.27 (VALUE CHANGED)
[2026-02-01 10:09:40]   [emp_id: 5205] ✓ Updated: 14.3 → 14.36 (VALUE CHANGED)
[2026-02-01 10:09:40]   [emp_id: 5209] ✓ Updated: 17.3 → 17.36 (VALUE CHANGED)
[2026-02-01 10:09:40]   [emp_id: 5213] ✓ Updated: 4.71 → 4.77 (VALUE CHANGED)
[2026-02-01 10:09:40]   [emp_id: 5214] ✓ Updated: 3.55 → 3.61 (VALUE CHANGED)
[2026-02-01 10:09:40]   [emp_id: 5215] ✓ Updated: 12.3 → 12.36 (VALUE CHANGED)
[2026-02-01 10:09:40]   [emp_id: 5217] ✓ Updated: 11.3 → 11.36 (VALUE CHANGED)
[2026-02-01 10:09:40]   [emp_id: 5219] ✓ Updated: 15.3 → 15.36 (VALUE CHANGED)
[2026-02-01 10:09:40]   [emp_id: 5221] ✓ Updated: 4.61 → 4.67 (VALUE CHANGED)
[2026-02-01 10:09:40]   [emp_id: 5224] ✓ Updated: 16.3 → 16.36 (VALUE CHANGED)
[2026-02-01 10:09:40]   [emp_id: 5225] ✓ Updated: 8.61 → 8.67 (VALUE CHANGED)
[2026-02-01 10:09:40]   [emp_id: 5228] ✓ Updated: 11.3 → 11.36 (VALUE CHANGED)
[2026-02-01 10:09:40]   [emp_id: 5229] ✓ Updated: 7.3 → 7.36 (VALUE CHANGED)
[2026-02-01 10:09:40]   [emp_id: 5230] ✓ Updated: 11.97 → 12.03 (VALUE CHANGED)
[2026-02-01 10:09:40]   [emp_id: 5231] ✓ Updated: 8.3 → 8.36 (VALUE CHANGED)
[2026-02-01 10:09:40]   [emp_id: 5232] ✓ Updated: 2.3 → 2.36 (VALUE CHANGED)
[2026-02-01 10:09:40]   [emp_id: 5233] ✓ Updated: 6.3 → 6.36 (VALUE CHANGED)
[2026-02-01 10:09:40]   [emp_id: 5234] ✓ Updated: 6.3 → 6.36 (VALUE CHANGED)
[2026-02-01 10:09:40]   [emp_id: 5235] ✓ Updated: 1.74 → 1.8 (VALUE CHANGED)
[2026-02-01 10:09:40]   [emp_id: 5237] ✓ Updated: 12.55 → 12.61 (VALUE CHANGED)
[2026-02-01 10:09:40]   [emp_id: 5239] ✓ Updated: 9.3 → 9.36 (VALUE CHANGED)
[2026-02-01 10:09:40]   [emp_id: 5241] ✓ Updated: 7.3 → 7.36 (VALUE CHANGED)
[2026-02-01 10:09:40]   [emp_id: 5242] ✓ Updated: 17.3 → 17.36 (VALUE CHANGED)
[2026-02-01 10:09:40]   [emp_id: 5243] ✓ Updated: 3.71 → 3.77 (VALUE CHANGED)
[2026-02-01 10:09:40]   [emp_id: 5244] ✓ Updated: 1.74 → 1.8 (VALUE CHANGED)
[2026-02-01 10:09:40]   [emp_id: 5246] ✓ Updated: 13.3 → 13.36 (VALUE CHANGED)
[2026-02-01 10:09:40]   [emp_id: 5253] ✓ Updated: 26.17 → 26.23 (VALUE CHANGED)
[2026-02-01 10:09:40]   [emp_id: 5254] ✓ Updated: 14.15 → 14.21 (VALUE CHANGED)
[2026-02-01 10:09:40]   [emp_id: 5257] ✓ Updated: 13.86 → 13.92 (VALUE CHANGED)
[2026-02-01 10:09:40]   [emp_id: 5259] ✓ Updated: 50.39 → 50.45 (VALUE CHANGED)
[2026-02-01 10:09:40]   [emp_id: 5261] ✓ Updated: 18.79 → 18.87 (VALUE CHANGED)
[2026-02-01 10:09:40]   [emp_id: 5264] ✓ Updated: 15.87 → 15.93 (VALUE CHANGED)
[2026-02-01 10:09:40]   [emp_id: 5266] ✓ Updated: 22.49 → 22.55 (VALUE CHANGED)
[2026-02-01 10:09:41]   [emp_id: 5268] ✓ Updated: 11.06 → 11.12 (VALUE CHANGED)
[2026-02-01 10:09:41]   [emp_id: 5271] ✓ Updated: 9.72 → 9.78 (VALUE CHANGED)
[2026-02-01 10:09:41]   [emp_id: 5272] ✓ Updated: 10.59 → 10.65 (VALUE CHANGED)
[2026-02-01 10:09:41]   [emp_id: 5273] ✓ Updated: 25.66 → 25.72 (VALUE CHANGED)
[2026-02-01 10:09:41]   [emp_id: 5275] ✓ Updated: 11.41 → 11.47 (VALUE CHANGED)
[2026-02-01 10:09:41]   [emp_id: 5276] ✓ Updated: 25.68 → 25.74 (VALUE CHANGED)
[2026-02-01 10:09:41]   [emp_id: 5278] ✓ Updated: 10.07 → 10.13 (VALUE CHANGED)
[2026-02-01 10:09:41]   [emp_id: 5280] ✓ Updated: 20.47 → 20.53 (VALUE CHANGED)
[2026-02-01 10:09:41]   [emp_id: 5282] ✓ Updated: 14.27 → 14.35 (VALUE CHANGED)
[2026-02-01 10:09:41]   [emp_id: 5285] ✓ Updated: 30.47 → 30.53 (VALUE CHANGED)
[2026-02-01 10:09:41]   [emp_id: 5286] ✓ Updated: 17.47 → 17.53 (VALUE CHANGED)
[2026-02-01 10:09:41]   [emp_id: 5287] ✓ Updated: 51.77 → 51.83 (VALUE CHANGED)
[2026-02-01 10:09:41]   [emp_id: 5288] ✓ Updated: 9.04 → 9.1 (VALUE CHANGED)
[2026-02-01 10:09:41]   [emp_id: 5289] ✓ Updated: 50.32 → 50.38 (VALUE CHANGED)
[2026-02-01 10:09:41]   [emp_id: 5290] ✓ Updated: 49.09 → 49.15 (VALUE CHANGED)
[2026-02-01 10:09:41]   [emp_id: 5291] ✓ Updated: 7.09 → 7.15 (VALUE CHANGED)
[2026-02-01 10:09:41]   [emp_id: 5292] ✓ Updated: 7.03 → 7.09 (VALUE CHANGED)
[2026-02-01 10:09:41]   [emp_id: 5293] ✓ Updated: 10.53 → 10.61 (VALUE CHANGED)
[2026-02-01 10:09:41]   [emp_id: 5294] ✓ Updated: 10.19 → 10.27 (VALUE CHANGED)
[2026-02-01 10:09:41]   [emp_id: 5295] ✓ Updated: 23.27 → 23.33 (VALUE CHANGED)
[2026-02-01 10:09:41]   [emp_id: 5296] ✓ Updated: 37.21 → 37.29 (VALUE CHANGED)
[2026-02-01 10:09:41]   [emp_id: 5297] ✓ Updated: 47.69 → 47.75 (VALUE CHANGED)
[2026-02-01 10:09:41]   [emp_id: 5298] ✓ Updated: 47.69 → 47.75 (VALUE CHANGED)
[2026-02-01 10:09:41]   [emp_id: 5299] ✓ Updated: 47.69 → 47.75 (VALUE CHANGED)
[2026-02-01 10:09:41]   [emp_id: 5300] ✓ Updated: 47.69 → 47.75 (VALUE CHANGED)
[2026-02-01 10:09:41]   [emp_id: 5301] ✓ Updated: 5.51 → 5.57 (VALUE CHANGED)
[2026-02-01 10:09:41]   [emp_id: 5303] ✓ Updated: 5.94 → 6 (VALUE CHANGED)
[2026-02-01 10:09:41]   [emp_id: 5304] ✓ Updated: 2.69 → 2.75 (VALUE CHANGED)
[2026-02-01 10:09:41]   [emp_id: 5305] ✓ Updated: 5.69 → 5.75 (VALUE CHANGED)
[2026-02-01 10:09:41]   [emp_id: 5306] ✓ Updated: 47.4 → 47.46 (VALUE CHANGED)
[2026-02-01 10:09:41]   [emp_id: 5307] ✓ Updated: 47.4 → 47.46 (VALUE CHANGED)
[2026-02-01 10:09:41]   [emp_id: 5312] ✓ Updated: 1.74 → 1.8 (VALUE CHANGED)
[2026-02-01 10:09:41]   [emp_id: 5318] ✓ Updated: 28.11 → 28.17 (VALUE CHANGED)
[2026-02-01 10:09:41]   [emp_id: 5325] ✓ Updated: 2.07 → 2.13 (VALUE CHANGED)
[2026-02-01 10:09:41]   [emp_id: 5327] ✓ Updated: 3.16 → 3.22 (VALUE CHANGED)
[2026-02-01 10:09:41]   [emp_id: 5337] ✓ Updated: 38.1 → 38.18 (VALUE CHANGED)
[2026-02-01 10:09:41]   [emp_id: 5339] ✓ Updated: 12.26 → 12.32 (VALUE CHANGED)
[2026-02-01 10:09:41]   [emp_id: 5343] ✓ Updated: 48.02 → 48.1 (VALUE CHANGED)
[2026-02-01 10:09:41]   [emp_id: 5343] ✓ Updated: 48.02 → 48.1 (VALUE CHANGED)
[2026-02-01 10:09:41]   [emp_id: 5345] ✓ Updated: 17.85 → 17.93 (VALUE CHANGED)
[2026-02-01 10:09:41]   [emp_id: 5346] ✓ Updated: 3.98 → 4.04 (VALUE CHANGED)
[2026-02-01 10:09:41]   [emp_id: 5351] ✓ Updated: 18.92 → 18.98 (VALUE CHANGED)
[2026-02-01 10:09:41]   [emp_id: 5352] ✓ Updated: 28.27 → 28.35 (VALUE CHANGED)
[2026-02-01 10:09:41]   [emp_id: 5370] ✓ Updated: 17.57 → 17.63 (VALUE CHANGED)
[2026-02-01 10:09:41]   [emp_id: 5371] ✓ Updated: 10.02 → 10.1 (VALUE CHANGED)
[2026-02-01 10:09:41]   [emp_id: 5376] ✓ Updated: 12.17 → 12.23 (VALUE CHANGED)
[2026-02-01 10:09:41]   [emp_id: 5378] ✓ Updated: 20.1 → 20.18 (VALUE CHANGED)
[2026-02-01 10:09:41]   [emp_id: 5380] ✓ Updated: 18.58 → 18.64 (VALUE CHANGED)
[2026-02-01 10:09:41]   [emp_id: 5381] ✓ Updated: 14.54 → 14.62 (VALUE CHANGED)
[2026-02-01 10:09:41]   [emp_id: 5383] ✓ Updated: 17.85 → 17.93 (VALUE CHANGED)
[2026-02-01 10:09:41]   [emp_id: 5388] ✓ Updated: 29.36 → 29.42 (VALUE CHANGED)
[2026-02-01 10:09:42]   [emp_id: 5396] ✓ Updated: 30.6 → 30.66 (VALUE CHANGED)
[2026-02-01 10:09:42]   [emp_id: 5397] ✓ Updated: 22.06 → 22.12 (VALUE CHANGED)
[2026-02-01 10:09:42]   [emp_id: 5401] ✓ Updated: 25.17 → 25.23 (VALUE CHANGED)
[2026-02-01 10:09:42]   [emp_id: 5402] ✓ Updated: 25.29 → 25.35 (VALUE CHANGED)
[2026-02-01 10:09:42]   [emp_id: 5406] ✓ Updated: 19.01 → 19.07 (VALUE CHANGED)
[2026-02-01 10:09:42]   [emp_id: 5407] ✓ Updated: 18.62 → 18.7 (VALUE CHANGED)
[2026-02-01 10:09:42]   [emp_id: 5409] ✓ Updated: 18.35 → 18.41 (VALUE CHANGED)
[2026-02-01 10:09:42]   [emp_id: 5413] ✓ Updated: 31.02 → 31.1 (VALUE CHANGED)
[2026-02-01 10:09:42]   [emp_id: 5414] ✓ Updated: 30.69 → 30.77 (VALUE CHANGED)
[2026-02-01 10:09:42]   [emp_id: 5415] ✓ Updated: 6.62 → 6.7 (VALUE CHANGED)
[2026-02-01 10:09:42]   [emp_id: 5418] ✓ Updated: 17.41 → 17.47 (VALUE CHANGED)
[2026-02-01 10:09:42]   [emp_id: 5422] ✓ Updated: 23.35 → 23.43 (VALUE CHANGED)
[2026-02-01 10:09:42]   [emp_id: 5423] ✓ Updated: 8.04 → 8.12 (VALUE CHANGED)
[2026-02-01 10:09:42]   [emp_id: 5425] ✓ Updated: 15.96 → 16.02 (VALUE CHANGED)
[2026-02-01 10:09:42]   [emp_id: 5426] ✓ Updated: 4.59 → 4.67 (VALUE CHANGED)
[2026-02-01 10:09:42]   [emp_id: 5426] ✓ Updated: 4.59 → 4.67 (VALUE CHANGED)
[2026-02-01 10:09:42]   [emp_id: 5427] ✓ Updated: 16.07 → 16.13 (VALUE CHANGED)
[2026-02-01 10:09:42]   [emp_id: 5428] ✓ Updated: 15.96 → 16.02 (VALUE CHANGED)
[2026-02-01 10:09:42]   [emp_id: 5430] ✓ Updated: 20.41 → 20.49 (VALUE CHANGED)
[2026-02-01 10:09:42]   [emp_id: 5431] ✓ Updated: 15.08 → 15.14 (VALUE CHANGED)
[2026-02-01 10:09:42]   [emp_id: 5433] ✓ Updated: 15.1 → 15.16 (VALUE CHANGED)
[2026-02-01 10:09:42]   [emp_id: 5434] ✓ Updated: 14.85 → 14.91 (VALUE CHANGED)
[2026-02-01 10:09:42]   [emp_id: 5435] ✓ Updated: 14.79 → 14.85 (VALUE CHANGED)
[2026-02-01 10:09:42]   [emp_id: 5436] ✓ Updated: 14.79 → 14.85 (VALUE CHANGED)
[2026-02-01 10:09:42]   [emp_id: 5438] ✓ Updated: 18.27 → 18.35 (VALUE CHANGED)
[2026-02-01 10:09:42]   [emp_id: 5439] ✓ Updated: 27.77 → 27.85 (VALUE CHANGED)
[2026-02-01 10:09:42]   [emp_id: 5442] ✓ Updated: 16.77 → 16.85 (VALUE CHANGED)
[2026-02-01 10:09:42]   [emp_id: 5445] ✓ Updated: 9.25 → 9.31 (VALUE CHANGED)
[2026-02-01 10:09:42]   [emp_id: 5446] ✓ Updated: 9.25 → 9.31 (VALUE CHANGED)
[2026-02-01 10:09:42]   [emp_id: 5447] ✓ Updated: 9.19 → 9.25 (VALUE CHANGED)
[2026-02-01 10:09:42]   [emp_id: 5448] ✓ Updated: 3.79 → 3.87 (VALUE CHANGED)
[2026-02-01 10:09:42]   [emp_id: 5449] ✓ Updated: 7.27 → 7.33 (VALUE CHANGED)
[2026-02-01 10:09:42]   [emp_id: 5450] ✓ Updated: 7.21 → 7.27 (VALUE CHANGED)
[2026-02-01 10:09:42]   [emp_id: 5451] ✓ Updated: 7.21 → 7.27 (VALUE CHANGED)
[2026-02-01 10:09:42]   [emp_id: 5453] ✓ Updated: 7.05 → 7.11 (VALUE CHANGED)
[2026-02-01 10:09:42]   [emp_id: 5454] ✓ Updated: 9.85 → 9.93 (VALUE CHANGED)
[2026-02-01 10:09:42]   [emp_id: 5455] ✓ Updated: 4.1 → 4.18 (VALUE CHANGED)
[2026-02-01 10:09:42]   [emp_id: 5456] ✓ Updated: 9.1 → 9.18 (VALUE CHANGED)
[2026-02-01 10:09:42]   [emp_id: 5457] ✓ Updated: 6.3 → 6.36 (VALUE CHANGED)
[2026-02-01 10:09:42]   [emp_id: 5460] ✓ Updated: 7.75 → 7.83 (VALUE CHANGED)
[2026-02-01 10:09:42]   [emp_id: 5463] ✓ Updated: 7.08 → 7.16 (VALUE CHANGED)
[2026-02-01 10:09:42]   [emp_id: 5464] ✓ Updated: 7.08 → 7.16 (VALUE CHANGED)
[2026-02-01 10:09:42]   [emp_id: 5466] ✓ Updated: 4.83 → 4.91 (VALUE CHANGED)
[2026-02-01 10:09:42]   [emp_id: 5467] ✓ Updated: 3.75 → 3.83 (VALUE CHANGED)
[2026-02-01 10:09:42]   [emp_id: 5468] ✓ Updated: 2.7 → 2.78 (VALUE CHANGED)
[2026-02-01 10:09:42]   [emp_id: 5469] ✓ Updated: 2.61 → 2.69 (VALUE CHANGED)
[2026-02-01 10:09:42] Report saved to: D:\xampp\htdocs\almutlak\system/cron_logs/last_vacation_update_report.json
[2026-02-01 10:09:52] ========== CRON: Vacation Balance Update Started ==========
[2026-02-01 10:09:52] Force level: 0 (0=normal, 1=check missing, 2=full bypass)
[2026-02-01 10:09:52] Source: CLI (argv)
[2026-02-01 10:09:57] ========== CRON: Vacation Balance Update Started ==========
[2026-02-01 10:09:57] Force level: 1 (0=normal, 1=check missing, 2=full bypass)
[2026-02-01 10:09:57] Source: CLI (argv)
[2026-02-01 10:09:57] FORCE LEVEL 1: Checking for missing records and refreshing values (NOT updating last_updated)
[2026-02-01 10:09:57] FORCE LEVEL 1: Checking for missing records only
[2026-02-01 10:09:57] Database connection established
[2026-02-01 10:09:57] Found 433 active employees with balance records to update
[2026-02-01 10:09:57] (Only employees with status=1 will be processed)
[2026-02-01 10:09:57] Report saved to: D:\xampp\htdocs\almutlak\system/cron_logs/last_vacation_update_report.json
[2026-02-01 10:14:40] ========== CRON: Vacation Balance Update Started ==========
[2026-02-01 10:14:40] Force level: 1 (0=normal, 1=check missing, 2=full bypass)
[2026-02-01 10:14:40] Source: CLI (argv)
[2026-02-01 10:14:40] FORCE LEVEL 1: Checking for missing records and refreshing values (NOT updating last_updated)
[2026-02-01 10:14:40] FORCE LEVEL 1: Checking for missing records only
[2026-02-01 10:14:40] Database connection established
[2026-02-01 10:14:40] Found 433 active employees with balance records to update
[2026-02-01 10:14:40] (Only employees with status=1 will be processed)
[2026-02-01 10:14:40]   [emp_id: 1061] REFRESHED: 2.42 → 2.5 (not updated)
[2026-02-01 10:14:40]   [emp_id: 1496] REFRESHED: 19.27 → 19.35 (not updated)
[2026-02-01 10:14:40]   [emp_id: 1500] REFRESHED: 6.95 → 7.03 (not updated)
[2026-02-01 10:14:40]   [emp_id: 1574] REFRESHED: 36.18 → 36.26 (not updated)
[2026-02-01 10:14:40]   [emp_id: 1673] REFRESHED: 47.68 → 47.76 (not updated)
[2026-02-01 10:14:40]   [emp_id: 1685] REFRESHED: 17.6 → 17.68 (not updated)
[2026-02-01 10:14:40]   [emp_id: 1764] REFRESHED: 72.27 → 72.35 (not updated)
[2026-02-01 10:14:40]   [emp_id: 1805] REFRESHED: 66.6 → 66.68 (not updated)
[2026-02-01 10:14:40]   [emp_id: 1822] REFRESHED: 71.35 → 71.43 (not updated)
[2026-02-01 10:14:40]   [emp_id: 1837] REFRESHED: 27.52 → 27.6 (not updated)
[2026-02-01 10:14:40]   [emp_id: 1857] REFRESHED: 22.85 → 22.93 (not updated)
[2026-02-01 10:14:40]   [emp_id: 1861] REFRESHED: 73.68 → 73.76 (not updated)
[2026-02-01 10:14:40]   [emp_id: 1872] REFRESHED: 12.52 → 12.6 (not updated)
[2026-02-01 10:14:40]   [emp_id: 1897] REFRESHED: 7.85 → 7.93 (not updated)
[2026-02-01 10:14:40]   [emp_id: 1916] REFRESHED: 14.15 → 14.23 (not updated)
[2026-02-01 10:14:40]   [emp_id: 1928] REFRESHED: 67.1 → 67.18 (not updated)
[2026-02-01 10:14:40]   [emp_id: 1931] REFRESHED: 87.02 → 87.1 (not updated)
[2026-02-01 10:14:40]   [emp_id: 1944] REFRESHED: 45.18 → 45.26 (not updated)
[2026-02-01 10:14:40]   [emp_id: 1996] REFRESHED: 73.68 → 73.76 (not updated)
[2026-02-01 10:14:40]   [emp_id: 1997] REFRESHED: 38.85 → 38.93 (not updated)
[2026-02-01 10:14:40]   [emp_id: 1998] REFRESHED: 30.29 → 30.37 (not updated)
[2026-02-01 10:14:40]   [emp_id: 1999] REFRESHED: 31.29 → 31.37 (not updated)
[2026-02-01 10:14:40]   [emp_id: 2009] REFRESHED: 37.6 → 37.68 (not updated)
[2026-02-01 10:14:40]   [emp_id: 2048] REFRESHED: 27.43 → 27.51 (not updated)
[2026-02-01 10:14:40]   [emp_id: 2057] REFRESHED: 68.27 → 68.35 (not updated)
[2026-02-01 10:14:40]   [emp_id: 2079] REFRESHED: 50.6 → 50.68 (not updated)
[2026-02-01 10:14:40]   [emp_id: 2181] REFRESHED: 39.6 → 39.68 (not updated)
[2026-02-01 10:14:40]   [emp_id: 2190] REFRESHED: 8.93 → 9.01 (not updated)
[2026-02-01 10:14:40]   [emp_id: 2212] REFRESHED: 26.93 → 27.01 (not updated)
[2026-02-01 10:14:40]   [emp_id: 2226] REFRESHED: 71.68 → 71.76 (not updated)
[2026-02-01 10:14:40]   [emp_id: 2238] REFRESHED: 69.93 → 70.01 (not updated)
[2026-02-01 10:14:40]   [emp_id: 2285] REFRESHED: 38.6 → 38.68 (not updated)
[2026-02-01 10:14:40]   [emp_id: 2287] REFRESHED: 50.27 → 50.35 (not updated)
[2026-02-01 10:14:40]   [emp_id: 2288] REFRESHED: 5.29 → 5.37 (not updated)
[2026-02-01 10:14:40]   [emp_id: 2316] REFRESHED: 19.1 → 19.18 (not updated)
[2026-02-01 10:14:40]   [emp_id: 2337] REFRESHED: 40.18 → 40.26 (not updated)
[2026-02-01 10:14:40]   [emp_id: 2352] REFRESHED: 71.68 → 71.76 (not updated)
[2026-02-01 10:14:40]   [emp_id: 2358] REFRESHED: 8.18 → 8.26 (not updated)
[2026-02-01 10:14:40]   [emp_id: 2361] REFRESHED: 73.85 → 73.93 (not updated)
[2026-02-01 10:14:40]   [emp_id: 2363] REFRESHED: 76.43 → 76.51 (not updated)
[2026-02-01 10:14:40]   [emp_id: 2364] REFRESHED: 75.85 → 75.93 (not updated)
[2026-02-01 10:14:40]   [emp_id: 2367] REFRESHED: 103.52 → 103.6 (not updated)
[2026-02-01 10:14:40]   [emp_id: 2368] REFRESHED: 33.93 → 34.01 (not updated)
[2026-02-01 10:14:40]   [emp_id: 2372] REFRESHED: 71.18 → 71.26 (not updated)
[2026-02-01 10:14:40]   [emp_id: 2376] REFRESHED: 121.18 → 121.26 (not updated)
[2026-02-01 10:14:40]   [emp_id: 2423] REFRESHED: 21.93 → 22.01 (not updated)
[2026-02-01 10:14:40]   [emp_id: 2519] REFRESHED: 115.6 → 115.68 (not updated)
[2026-02-01 10:14:40]   [emp_id: 2522] REFRESHED: 59.18 → 59.26 (not updated)
[2026-02-01 10:14:40]   [emp_id: 2530] REFRESHED: 54.43 → 54.51 (not updated)
[2026-02-01 10:14:40]   [emp_id: 2539] REFRESHED: 51.18 → 51.26 (not updated)
[2026-02-01 10:14:40]   [emp_id: 2541] REFRESHED: 31.77 → 31.85 (not updated)
[2026-02-01 10:14:40]   [emp_id: 2550] REFRESHED: 97.93 → 98.01 (not updated)
[2026-02-01 10:14:40]   [emp_id: 2553] REFRESHED: 35.04 → 35.12 (not updated)
[2026-02-01 10:14:40]   [emp_id: 2554] REFRESHED: 41.52 → 41.6 (not updated)
[2026-02-01 10:14:40]   [emp_id: 2565] REFRESHED: 96.1 → 96.18 (not updated)
[2026-02-01 10:14:40]   [emp_id: 2572] REFRESHED: 46.1 → 46.18 (not updated)
[2026-02-01 10:14:40]   [emp_id: 2637] REFRESHED: 66.68 → 66.76 (not updated)
[2026-02-01 10:14:40]   [emp_id: 2642] REFRESHED: 79.43 → 79.51 (not updated)
[2026-02-01 10:14:40]   [emp_id: 2645] REFRESHED: 95.43 → 95.51 (not updated)
[2026-02-01 10:14:40]   [emp_id: 2648] REFRESHED: 47.1 → 47.18 (not updated)
[2026-02-01 10:14:40]   [emp_id: 2654] REFRESHED: 89.77 → 89.85 (not updated)
[2026-02-01 10:14:40]   [emp_id: 2688] REFRESHED: 27.85 → 27.93 (not updated)
[2026-02-01 10:14:40]   [emp_id: 2690] REFRESHED: 16.6 → 16.68 (not updated)
[2026-02-01 10:14:40]   [emp_id: 2709] REFRESHED: 38.85 → 38.93 (not updated)
[2026-02-01 10:14:41]   [emp_id: 2745] REFRESHED: 35.43 → 35.51 (not updated)
[2026-02-01 10:14:41]   [emp_id: 2843] REFRESHED: 82.02 → 82.1 (not updated)
[2026-02-01 10:14:41]   [emp_id: 2854] REFRESHED: 61.93 → 62.01 (not updated)
[2026-02-01 10:14:41]   [emp_id: 2869] REFRESHED: 5.85 → 5.93 (not updated)
[2026-02-01 10:14:41]   [emp_id: 2876] REFRESHED: 36.68 → 36.76 (not updated)
[2026-02-01 10:14:41]   [emp_id: 2924] REFRESHED: 17.85 → 17.93 (not updated)
[2026-02-01 10:14:41]   [emp_id: 2953] REFRESHED: 103.6 → 103.68 (not updated)
[2026-02-01 10:14:41]   [emp_id: 2961] REFRESHED: 13.6 → 13.68 (not updated)
[2026-02-01 10:14:41]   [emp_id: 2975] REFRESHED: 3.28 → 3.36 (not updated)
[2026-02-01 10:14:41]   [emp_id: 3013] REFRESHED: 12.6 → 12.68 (not updated)
[2026-02-01 10:14:41]   [emp_id: 3014] REFRESHED: 91.85 → 91.93 (not updated)
[2026-02-01 10:14:41]   [emp_id: 3015] REFRESHED: 3.1 → 3.18 (not updated)
[2026-02-01 10:14:41]   [emp_id: 3018] REFRESHED: 61.85 → 61.93 (not updated)
[2026-02-01 10:14:41]   [emp_id: 3025] REFRESHED: 25.62 → 25.7 (not updated)
[2026-02-01 10:14:41]   [emp_id: 3037] REFRESHED: 85.35 → 85.43 (not updated)
[2026-02-01 10:14:41]   [emp_id: 3047] REFRESHED: 73.6 → 73.68 (not updated)
[2026-02-01 10:14:41]   [emp_id: 3061] REFRESHED: 20.52 → 20.6 (not updated)
[2026-02-01 10:14:41]   [emp_id: 3062] REFRESHED: 53.68 → 53.76 (not updated)
[2026-02-01 10:14:41]   [emp_id: 3074] REFRESHED: 110.1 → 110.18 (not updated)
[2026-02-01 10:14:41]   [emp_id: 3089] REFRESHED: 9.02 → 9.1 (not updated)
[2026-02-01 10:14:41]   [emp_id: 3090] REFRESHED: 35.6 → 35.68 (not updated)
[2026-02-01 10:14:41]   [emp_id: 3091] REFRESHED: 47.6 → 47.68 (not updated)
[2026-02-01 10:14:41]   [emp_id: 3092] REFRESHED: 30.27 → 30.35 (not updated)
[2026-02-01 10:14:41]   [emp_id: 3105] REFRESHED: 50.6 → 50.68 (not updated)
[2026-02-01 10:14:41]   [emp_id: 3134] REFRESHED: 46.35 → 46.43 (not updated)
[2026-02-01 10:14:41]   [emp_id: 3140] REFRESHED: 43.43 → 43.51 (not updated)
[2026-02-01 10:14:41]   [emp_id: 3144] REFRESHED: 16.27 → 16.35 (not updated)
[2026-02-01 10:14:41]   [emp_id: 3156] REFRESHED: 19.6 → 19.68 (not updated)
[2026-02-01 10:14:41]   [emp_id: 3162] REFRESHED: 4.58 → 4.66 (not updated)
[2026-02-01 10:14:41]   [emp_id: 3163] REFRESHED: 7.85 → 7.93 (not updated)
[2026-02-01 10:14:41]   [emp_id: 3198] REFRESHED: 42.85 → 42.93 (not updated)
[2026-02-01 10:14:41]   [emp_id: 3205] REFRESHED: 19.52 → 19.6 (not updated)
[2026-02-01 10:14:41]   [emp_id: 3209] REFRESHED: 43.68 → 43.76 (not updated)
[2026-02-01 10:14:41]   [emp_id: 3223] REFRESHED: 92.6 → 92.68 (not updated)
[2026-02-01 10:14:41]   [emp_id: 3224] REFRESHED: 67.35 → 67.43 (not updated)
[2026-02-01 10:14:41]   [emp_id: 3230] REFRESHED: 90.77 → 90.85 (not updated)
[2026-02-01 10:14:41]   [emp_id: 3231] REFRESHED: 3.14 → 3.22 (not updated)
[2026-02-01 10:14:41]   [emp_id: 3233] REFRESHED: 83.6 → 83.68 (not updated)
[2026-02-01 10:14:41]   [emp_id: 3249] REFRESHED: 39.43 → 39.51 (not updated)
[2026-02-01 10:14:41]   [emp_id: 3250] REFRESHED: 12.43 → 12.51 (not updated)
[2026-02-01 10:14:41]   [emp_id: 3252] REFRESHED: 13.35 → 13.43 (not updated)
[2026-02-01 10:14:41]   [emp_id: 3254] REFRESHED: 23.85 → 23.93 (not updated)
[2026-02-01 10:14:41]   [emp_id: 3255] REFRESHED: 20.27 → 20.35 (not updated)
[2026-02-01 10:14:41]   [emp_id: 3256] REFRESHED: 16.52 → 16.6 (not updated)
[2026-02-01 10:14:41]   [emp_id: 3263] REFRESHED: 32.6 → 32.68 (not updated)
[2026-02-01 10:14:41]   [emp_id: 3265] REFRESHED: 28.18 → 28.26 (not updated)
[2026-02-01 10:14:41]   [emp_id: 3280] REFRESHED: 75.1 → 75.18 (not updated)
[2026-02-01 10:14:41]   [emp_id: 3286] REFRESHED: 18.27 → 18.35 (not updated)
[2026-02-01 10:14:41]   [emp_id: 3294] REFRESHED: 17.93 → 18.01 (not updated)
[2026-02-01 10:14:41]   [emp_id: 3321] REFRESHED: 75.1 → 75.18 (not updated)
[2026-02-01 10:14:41]   [emp_id: 3325] REFRESHED: 62.85 → 62.93 (not updated)
[2026-02-01 10:14:41]   [emp_id: 3329] REFRESHED: 65.18 → 65.26 (not updated)
[2026-02-01 10:14:41]   [emp_id: 3330] REFRESHED: 65.18 → 65.26 (not updated)
[2026-02-01 10:14:41]   [emp_id: 3332] REFRESHED: 65.18 → 65.26 (not updated)
[2026-02-01 10:14:41]   [emp_id: 3370] REFRESHED: 56.69 → 56.77 (not updated)
[2026-02-01 10:14:41]   [emp_id: 3384] REFRESHED: 17.35 → 17.43 (not updated)
[2026-02-01 10:14:41]   [emp_id: 3386] REFRESHED: 47.35 → 47.43 (not updated)
[2026-02-01 10:14:41]   [emp_id: 3431] REFRESHED: 21.77 → 21.85 (not updated)
[2026-02-01 10:14:41]   [emp_id: 3497] REFRESHED: 11.93 → 12.01 (not updated)
[2026-02-01 10:14:41]   [emp_id: 3532] REFRESHED: 2.77 → 2.85 (not updated)
[2026-02-01 10:14:41]   [emp_id: 3602] REFRESHED: 4.34 → 4.42 (not updated)
[2026-02-01 10:14:41]   [emp_id: 3618] REFRESHED: 26.32 → 26.4 (not updated)
[2026-02-01 10:14:41]   [emp_id: 3622] REFRESHED: 36.57 → 36.63 (not updated)
[2026-02-01 10:14:41]   [emp_id: 3627] REFRESHED: 12.27 → 12.35 (not updated)
[2026-02-01 10:14:41]   [emp_id: 3665] REFRESHED: 53.85 → 53.93 (not updated)
[2026-02-01 10:14:41]   [emp_id: 3705] REFRESHED: 29.9 → 29.96 (not updated)
[2026-02-01 10:14:41]   [emp_id: 3724] REFRESHED: 46.85 → 46.93 (not updated)
[2026-02-01 10:14:41]   [emp_id: 3726] REFRESHED: 63.27 → 63.35 (not updated)
[2026-02-01 10:14:41]   [emp_id: 3727] REFRESHED: 68.35 → 68.43 (not updated)
[2026-02-01 10:14:41]   [emp_id: 3728] REFRESHED: 12.68 → 12.76 (not updated)
[2026-02-01 10:14:41]   [emp_id: 3767] REFRESHED: 3.43 → 3.51 (not updated)
[2026-02-01 10:14:41]   [emp_id: 3768] REFRESHED: 59.68 → 59.76 (not updated)
[2026-02-01 10:14:42]   [emp_id: 3787] REFRESHED: 60.27 → 60.35 (not updated)
[2026-02-01 10:14:42]   [emp_id: 3790] REFRESHED: 4.82 → 4.9 (not updated)
[2026-02-01 10:14:42]   [emp_id: 3795] REFRESHED: 17.77 → 17.85 (not updated)
[2026-02-01 10:14:42]   [emp_id: 3798] REFRESHED: 96.18 → 96.26 (not updated)
[2026-02-01 10:14:42]   [emp_id: 3801] REFRESHED: 4.45 → 4.53 (not updated)
[2026-02-01 10:14:42]   [emp_id: 3802] REFRESHED: 33.43 → 33.51 (not updated)
[2026-02-01 10:14:42]   [emp_id: 3803] REFRESHED: 117.85 → 117.93 (not updated)
[2026-02-01 10:14:42]   [emp_id: 3810] REFRESHED: 63.85 → 63.93 (not updated)
[2026-02-01 10:14:42]   [emp_id: 3812] REFRESHED: 92.85 → 92.93 (not updated)
[2026-02-01 10:14:42]   [emp_id: 3815] REFRESHED: 92.85 → 92.93 (not updated)
[2026-02-01 10:14:42]   [emp_id: 3836] REFRESHED: 60.52 → 60.6 (not updated)
[2026-02-01 10:14:42]   [emp_id: 3855] REFRESHED: 53.68 → 53.76 (not updated)
[2026-02-01 10:14:42]   [emp_id: 3857] REFRESHED: 57.35 → 57.43 (not updated)
[2026-02-01 10:14:42]   [emp_id: 3862] REFRESHED: 105.43 → 105.51 (not updated)
[2026-02-01 10:14:42]   [emp_id: 3866] REFRESHED: 30.68 → 30.76 (not updated)
[2026-02-01 10:14:42]   [emp_id: 3876] REFRESHED: 26.85 → 26.93 (not updated)
[2026-02-01 10:14:42]   [emp_id: 3877] REFRESHED: 52.35 → 52.43 (not updated)
[2026-02-01 10:14:42]   [emp_id: 3897] REFRESHED: 40.6 → 40.68 (not updated)
[2026-02-01 10:14:42]   [emp_id: 3899] REFRESHED: 2.42 → 2.5 (not updated)
[2026-02-01 10:14:42]   [emp_id: 3928] REFRESHED: 16.68 → 16.76 (not updated)
[2026-02-01 10:14:42]   [emp_id: 3929] REFRESHED: 11.68 → 11.76 (not updated)
[2026-02-01 10:14:42]   [emp_id: 3935] REFRESHED: 96.68 → 96.76 (not updated)
[2026-02-01 10:14:42]   [emp_id: 3952] REFRESHED: 78.02 → 78.1 (not updated)
[2026-02-01 10:14:42]   [emp_id: 3987] REFRESHED: 16.93 → 17.01 (not updated)
[2026-02-01 10:14:42]   [emp_id: 4059] REFRESHED: 6.13 → 6.21 (not updated)
[2026-02-01 10:14:42]   [emp_id: 4119] REFRESHED: 59.6 → 59.68 (not updated)
[2026-02-01 10:14:42]   [emp_id: 4120] REFRESHED: 29.18 → 29.26 (not updated)
[2026-02-01 10:14:42]   [emp_id: 4124] REFRESHED: 29.7 → 29.78 (not updated)
[2026-02-01 10:14:42]   [emp_id: 4133] REFRESHED: 108.18 → 108.26 (not updated)
[2026-02-01 10:14:42]   [emp_id: 4134] REFRESHED: 29.18 → 29.26 (not updated)
[2026-02-01 10:14:42]   [emp_id: 4136] REFRESHED: 29.18 → 29.26 (not updated)
[2026-02-01 10:14:42]   [emp_id: 4150] REFRESHED: 27.85 → 27.93 (not updated)
[2026-02-01 10:14:42]   [emp_id: 4157] REFRESHED: 21.35 → 21.43 (not updated)
[2026-02-01 10:14:42]   [emp_id: 4172] REFRESHED: 14.48 → 14.54 (not updated)
[2026-02-01 10:14:42]   [emp_id: 4195] REFRESHED: 64.93 → 65.01 (not updated)
[2026-02-01 10:14:42]   [emp_id: 4215] REFRESHED: 47.6 → 47.68 (not updated)
[2026-02-01 10:14:42]   [emp_id: 4220] REFRESHED: 43.18 → 43.26 (not updated)
[2026-02-01 10:14:42]   [emp_id: 4273] REFRESHED: 11.85 → 11.93 (not updated)
[2026-02-01 10:14:42]   [emp_id: 4283] REFRESHED: 15.57 → 15.63 (not updated)
[2026-02-01 10:14:42]   [emp_id: 4288] REFRESHED: 2.42 → 2.5 (not updated)
[2026-02-01 10:14:42]   [emp_id: 4315] REFRESHED: 15.1 → 15.18 (not updated)
[2026-02-01 10:14:42]   [emp_id: 4328] REFRESHED: 44.4 → 44.46 (not updated)
[2026-02-01 10:14:42]   [emp_id: 4329] REFRESHED: 8.27 → 8.35 (not updated)
[2026-02-01 10:14:42]   [emp_id: 4338] REFRESHED: 49.85 → 49.93 (not updated)
[2026-02-01 10:14:42]   [emp_id: 4340] REFRESHED: 111.85 → 111.93 (not updated)
[2026-02-01 10:14:42]   [emp_id: 4365] REFRESHED: 63.27 → 63.35 (not updated)
[2026-02-01 10:14:42]   [emp_id: 4366] REFRESHED: 62.35 → 62.43 (not updated)
[2026-02-01 10:14:42]   [emp_id: 4403] REFRESHED: 88.18 → 88.26 (not updated)
[2026-02-01 10:14:42]   [emp_id: 4438] REFRESHED: 23.85 → 23.93 (not updated)
[2026-02-01 10:14:42]   [emp_id: 4465] REFRESHED: 14.73 → 14.79 (not updated)
[2026-02-01 10:14:42]   [emp_id: 4473] REFRESHED: 47.43 → 47.51 (not updated)
[2026-02-01 10:14:42]   [emp_id: 4474] REFRESHED: 5.24 → 5.3 (not updated)
[2026-02-01 10:14:42]   [emp_id: 4493] REFRESHED: 166.27 → 166.35 (not updated)
[2026-02-01 10:14:42]   [emp_id: 4526] REFRESHED: 38.52 → 38.6 (not updated)
[2026-02-01 10:14:42]   [emp_id: 4528] REFRESHED: 110.27 → 110.35 (not updated)
[2026-02-01 10:14:42]   [emp_id: 4528] REFRESHED: 110.27 → 110.35 (not updated)
[2026-02-01 10:14:42]   [emp_id: 4532] REFRESHED: 9.85 → 9.91 (not updated)
[2026-02-01 10:14:42]   [emp_id: 4533] REFRESHED: 38.68 → 38.76 (not updated)
[2026-02-01 10:14:42]   [emp_id: 4565] REFRESHED: 17.23 → 17.29 (not updated)
[2026-02-01 10:14:42]   [emp_id: 4567] REFRESHED: 21.48 → 21.54 (not updated)
[2026-02-01 10:14:42]   [emp_id: 4572] REFRESHED: 60.98 → 61.04 (not updated)
[2026-02-01 10:14:42]   [emp_id: 4631] REFRESHED: 17.23 → 17.29 (not updated)
[2026-02-01 10:14:42]   [emp_id: 4655] REFRESHED: 27.6 → 27.68 (not updated)
[2026-02-01 10:14:42]   [emp_id: 4709] REFRESHED: 42.85 → 42.93 (not updated)
[2026-02-01 10:14:42]   [emp_id: 4717] REFRESHED: 68.85 → 68.93 (not updated)
[2026-02-01 10:14:42]   [emp_id: 4736] REFRESHED: 30.68 → 30.76 (not updated)
[2026-02-01 10:14:42]   [emp_id: 4756] REFRESHED: 13.67 → 13.73 (not updated)
[2026-02-01 10:14:42]   [emp_id: 4768] REFRESHED: 16.35 → 16.43 (not updated)
[2026-02-01 10:14:43]   [emp_id: 4780] REFRESHED: 67.4 → 67.46 (not updated)
[2026-02-01 10:14:43]   [emp_id: 4820] REFRESHED: 101.68 → 101.76 (not updated)
[2026-02-01 10:14:43]   [emp_id: 4824] REFRESHED: 4.86 → 4.94 (not updated)
[2026-02-01 10:14:43]   [emp_id: 4825] REFRESHED: 33.43 → 33.51 (not updated)
[2026-02-01 10:14:43]   [emp_id: 4837] REFRESHED: 47.39 → 47.45 (not updated)
[2026-02-01 10:14:43]   [emp_id: 4840] REFRESHED: 47.39 → 47.45 (not updated)
[2026-02-01 10:14:43]   [emp_id: 4842] REFRESHED: 46.63 → 46.69 (not updated)
[2026-02-01 10:14:43]   [emp_id: 4843] REFRESHED: 47.16 → 47.22 (not updated)
[2026-02-01 10:14:43]   [emp_id: 4853] REFRESHED: 90.98 → 91.04 (not updated)
[2026-02-01 10:14:43]   [emp_id: 4856] REFRESHED: 44.3 → 44.36 (not updated)
[2026-02-01 10:14:43]   [emp_id: 4857] REFRESHED: 27.12 → 27.18 (not updated)
[2026-02-01 10:14:43]   [emp_id: 4858] REFRESHED: 24 → 24.06 (not updated)
[2026-02-01 10:14:43]   [emp_id: 4859] REFRESHED: 45.47 → 45.53 (not updated)
[2026-02-01 10:14:43]   [emp_id: 4860] REFRESHED: 9.97 → 10.03 (not updated)
[2026-02-01 10:14:43]   [emp_id: 4861] REFRESHED: 43.43 → 43.49 (not updated)
[2026-02-01 10:14:43]   [emp_id: 4869] REFRESHED: 86.31 → 86.37 (not updated)
[2026-02-01 10:14:43]   [emp_id: 4894] REFRESHED: 10.35 → 10.43 (not updated)
[2026-02-01 10:14:43]   [emp_id: 4897] REFRESHED: 25.21 → 25.27 (not updated)
[2026-02-01 10:14:43]   [emp_id: 4899] REFRESHED: 21.38 → 21.44 (not updated)
[2026-02-01 10:14:43]   [emp_id: 4902] REFRESHED: 20.8 → 20.86 (not updated)
[2026-02-01 10:14:43]   [emp_id: 4903] REFRESHED: 23.02 → 23.08 (not updated)
[2026-02-01 10:14:43]   [emp_id: 4905] REFRESHED: 21.68 → 21.74 (not updated)
[2026-02-01 10:14:43]   [emp_id: 4907] REFRESHED: 50.43 → 50.51 (not updated)
[2026-02-01 10:14:43]   [emp_id: 4917] REFRESHED: 18.64 → 18.7 (not updated)
[2026-02-01 10:14:43]   [emp_id: 4918] REFRESHED: 8.41 → 8.47 (not updated)
[2026-02-01 10:14:43]   [emp_id: 4919] REFRESHED: 60.7 → 60.76 (not updated)
[2026-02-01 10:14:43]   [emp_id: 4920] REFRESHED: 7.78 → 7.84 (not updated)
[2026-02-01 10:14:43]   [emp_id: 4921] REFRESHED: 19.87 → 19.93 (not updated)
[2026-02-01 10:14:43]   [emp_id: 4927] REFRESHED: 18.7 → 18.76 (not updated)
[2026-02-01 10:14:43]   [emp_id: 4929] REFRESHED: 20.22 → 20.28 (not updated)
[2026-02-01 10:14:43]   [emp_id: 4930] REFRESHED: 60.99 → 61.05 (not updated)
[2026-02-01 10:14:43]   [emp_id: 4932] REFRESHED: 18.99 → 19.05 (not updated)
[2026-02-01 10:14:43]   [emp_id: 4933] REFRESHED: 22.4 → 22.46 (not updated)
[2026-02-01 10:14:43]   [emp_id: 4949] REFRESHED: 25.83 → 25.89 (not updated)
[2026-02-01 10:14:43]   [emp_id: 4956] REFRESHED: 31.42 → 31.48 (not updated)
[2026-02-01 10:14:43]   [emp_id: 4957] REFRESHED: 27.09 → 27.15 (not updated)
[2026-02-01 10:14:43]   [emp_id: 4962] REFRESHED: 49.79 → 49.87 (not updated)
[2026-02-01 10:14:43]   [emp_id: 4969] REFRESHED: 49.1 → 49.18 (not updated)
[2026-02-01 10:14:43]   [emp_id: 4976] REFRESHED: 12.11 → 12.17 (not updated)
[2026-02-01 10:14:43]   [emp_id: 4984] REFRESHED: 40.35 → 40.43 (not updated)
[2026-02-01 10:14:43]   [emp_id: 4995] REFRESHED: 52.42 → 52.5 (not updated)
[2026-02-01 10:14:43]   [emp_id: 5004] REFRESHED: 29.05 → 29.11 (not updated)
[2026-02-01 10:14:43]   [emp_id: 5006] REFRESHED: 28.79 → 28.85 (not updated)
[2026-02-01 10:14:43]   [emp_id: 5011] REFRESHED: 8.2 → 8.28 (not updated)
[2026-02-01 10:14:43]   [emp_id: 5013] REFRESHED: 69.16 → 69.22 (not updated)
[2026-02-01 10:14:43]   [emp_id: 5018] REFRESHED: 5.65 → 5.71 (not updated)
[2026-02-01 10:14:43]   [emp_id: 5021] REFRESHED: 63.45 → 63.53 (not updated)
[2026-02-01 10:14:43]   [emp_id: 5024] REFRESHED: 3.67 → 3.73 (not updated)
[2026-02-01 10:14:43]   [emp_id: 5030] REFRESHED: 33.62 → 33.68 (not updated)
[2026-02-01 10:14:43]   [emp_id: 5033] REFRESHED: 12.42 → 12.48 (not updated)
[2026-02-01 10:14:43]   [emp_id: 5043] REFRESHED: 33.02 → 33.1 (not updated)
[2026-02-01 10:14:43]   [emp_id: 5045] REFRESHED: 29.52 → 29.6 (not updated)
[2026-02-01 10:14:43]   [emp_id: 5046] REFRESHED: 24.71 → 24.79 (not updated)
[2026-02-01 10:14:43]   [emp_id: 5049] REFRESHED: 1.1 → 1.16 (not updated)
[2026-02-01 10:14:43]   [emp_id: 5052] REFRESHED: 32.38 → 32.44 (not updated)
[2026-02-01 10:14:43]   [emp_id: 5055] REFRESHED: 20.82 → 20.88 (not updated)
[2026-02-01 10:14:43]   [emp_id: 5058] REFRESHED: 29.8 → 29.86 (not updated)
[2026-02-01 10:14:43]   [emp_id: 5062] REFRESHED: 41.63 → 41.69 (not updated)
[2026-02-01 10:14:43]   [emp_id: 5064] REFRESHED: 120.35 → 120.43 (not updated)
[2026-02-01 10:14:43]   [emp_id: 5065] REFRESHED: 41.04 → 41.1 (not updated)
[2026-02-01 10:14:43]   [emp_id: 5071] REFRESHED: 25.85 → 25.93 (not updated)
[2026-02-01 10:14:43]   [emp_id: 5073] REFRESHED: 15.64 → 15.7 (not updated)
[2026-02-01 10:14:43]   [emp_id: 5079] REFRESHED: 36.2 → 36.26 (not updated)
[2026-02-01 10:14:43]   [emp_id: 5080] REFRESHED: 29.53 → 29.59 (not updated)
[2026-02-01 10:14:43]   [emp_id: 5081] REFRESHED: 17.79 → 17.85 (not updated)
[2026-02-01 10:14:43]   [emp_id: 5087] REFRESHED: 37.83 → 37.89 (not updated)
[2026-02-01 10:14:43]   [emp_id: 5091] REFRESHED: 77.68 → 77.74 (not updated)
[2026-02-01 10:14:43]   [emp_id: 5093] REFRESHED: 17.02 → 17.1 (not updated)
[2026-02-01 10:14:43]   [emp_id: 5095] REFRESHED: 3.22 → 3.28 (not updated)
[2026-02-01 10:14:44]   [emp_id: 5101] REFRESHED: 19.1 → 19.18 (not updated)
[2026-02-01 10:14:44]   [emp_id: 5107] REFRESHED: 17.43 → 17.51 (not updated)
[2026-02-01 10:14:44]   [emp_id: 5109] REFRESHED: 14.68 → 14.76 (not updated)
[2026-02-01 10:14:44]   [emp_id: 5119] REFRESHED: 12.85 → 12.93 (not updated)
[2026-02-01 10:14:44]   [emp_id: 5122] REFRESHED: 10.02 → 10.1 (not updated)
[2026-02-01 10:14:44]   [emp_id: 5126] REFRESHED: 28.56 → 28.62 (not updated)
[2026-02-01 10:14:44]   [emp_id: 5127] REFRESHED: 7.35 → 7.41 (not updated)
[2026-02-01 10:14:44]   [emp_id: 5128] REFRESHED: 28.5 → 28.56 (not updated)
[2026-02-01 10:14:44]   [emp_id: 5138] REFRESHED: 52.68 → 52.76 (not updated)
[2026-02-01 10:14:44]   [emp_id: 5138] REFRESHED: 52.68 → 52.76 (not updated)
[2026-02-01 10:14:44]   [emp_id: 5141] REFRESHED: 36.87 → 36.93 (not updated)
[2026-02-01 10:14:44]   [emp_id: 5142] REFRESHED: 15.87 → 15.93 (not updated)
[2026-02-01 10:14:44]   [emp_id: 5146] REFRESHED: 22.87 → 22.93 (not updated)
[2026-02-01 10:14:44]   [emp_id: 5147] REFRESHED: 21.87 → 21.93 (not updated)
[2026-02-01 10:14:44]   [emp_id: 5148] REFRESHED: 27.22 → 27.28 (not updated)
[2026-02-01 10:14:44]   [emp_id: 5149] REFRESHED: 26.11 → 26.17 (not updated)
[2026-02-01 10:14:44]   [emp_id: 5150] REFRESHED: 25.47 → 25.53 (not updated)
[2026-02-01 10:14:44]   [emp_id: 5151] REFRESHED: 25.29 → 25.35 (not updated)
[2026-02-01 10:14:44]   [emp_id: 5152] REFRESHED: 5.71 → 5.77 (not updated)
[2026-02-01 10:14:44]   [emp_id: 5157] REFRESHED: 25.29 → 25.35 (not updated)
[2026-02-01 10:14:44]   [emp_id: 5160] REFRESHED: 25.29 → 25.35 (not updated)
[2026-02-01 10:14:44]   [emp_id: 5163] REFRESHED: 23.08 → 23.14 (not updated)
[2026-02-01 10:14:44]   [emp_id: 5165] REFRESHED: 4.12 → 4.2 (not updated)
[2026-02-01 10:14:44]   [emp_id: 5167] REFRESHED: 32.23 → 32.29 (not updated)
[2026-02-01 10:14:44]   [emp_id: 5168] REFRESHED: 24.77 → 24.83 (not updated)
[2026-02-01 10:14:44]   [emp_id: 5173] REFRESHED: 27.77 → 27.85 (not updated)
[2026-02-01 10:14:44]   [emp_id: 5174] REFRESHED: 25.23 → 25.29 (not updated)
[2026-02-01 10:14:44]   [emp_id: 5181] REFRESHED: 21.62 → 21.68 (not updated)
[2026-02-01 10:14:44]   [emp_id: 5186] REFRESHED: 27.15 → 27.21 (not updated)
[2026-02-01 10:14:44]   [emp_id: 5187] REFRESHED: 38.15 → 38.21 (not updated)
[2026-02-01 10:14:44]   [emp_id: 5204] REFRESHED: 25.27 → 25.35 (not updated)
[2026-02-01 10:14:44]   [emp_id: 5205] REFRESHED: 14.36 → 14.42 (not updated)
[2026-02-01 10:14:44]   [emp_id: 5209] REFRESHED: 17.36 → 17.42 (not updated)
[2026-02-01 10:14:44]   [emp_id: 5213] REFRESHED: 4.77 → 4.83 (not updated)
[2026-02-01 10:14:44]   [emp_id: 5214] REFRESHED: 3.61 → 3.67 (not updated)
[2026-02-01 10:14:44]   [emp_id: 5215] REFRESHED: 12.36 → 12.42 (not updated)
[2026-02-01 10:14:44]   [emp_id: 5217] REFRESHED: 11.36 → 11.42 (not updated)
[2026-02-01 10:14:44]   [emp_id: 5219] REFRESHED: 15.36 → 15.42 (not updated)
[2026-02-01 10:14:44]   [emp_id: 5221] REFRESHED: 4.67 → 4.73 (not updated)
[2026-02-01 10:14:44]   [emp_id: 5224] REFRESHED: 16.36 → 16.42 (not updated)
[2026-02-01 10:14:44]   [emp_id: 5225] REFRESHED: 8.67 → 8.73 (not updated)
[2026-02-01 10:14:44]   [emp_id: 5228] REFRESHED: 11.36 → 11.42 (not updated)
[2026-02-01 10:14:44]   [emp_id: 5229] REFRESHED: 7.36 → 7.42 (not updated)
[2026-02-01 10:14:44]   [emp_id: 5230] REFRESHED: 12.03 → 12.09 (not updated)
[2026-02-01 10:14:44]   [emp_id: 5231] REFRESHED: 8.36 → 8.42 (not updated)
[2026-02-01 10:14:44]   [emp_id: 5232] REFRESHED: 2.36 → 2.42 (not updated)
[2026-02-01 10:14:44]   [emp_id: 5233] REFRESHED: 6.36 → 6.42 (not updated)
[2026-02-01 10:14:44]   [emp_id: 5234] REFRESHED: 6.36 → 6.42 (not updated)
[2026-02-01 10:14:44]   [emp_id: 5235] REFRESHED: 1.8 → 1.86 (not updated)
[2026-02-01 10:14:44]   [emp_id: 5237] REFRESHED: 12.61 → 12.67 (not updated)
[2026-02-01 10:14:44]   [emp_id: 5239] REFRESHED: 9.36 → 9.42 (not updated)
[2026-02-01 10:14:44]   [emp_id: 5241] REFRESHED: 7.36 → 7.42 (not updated)
[2026-02-01 10:14:44]   [emp_id: 5242] REFRESHED: 17.36 → 17.42 (not updated)
[2026-02-01 10:14:44]   [emp_id: 5243] REFRESHED: 3.77 → 3.83 (not updated)
[2026-02-01 10:14:44]   [emp_id: 5244] REFRESHED: 1.8 → 1.86 (not updated)
[2026-02-01 10:14:44]   [emp_id: 5246] REFRESHED: 13.36 → 13.42 (not updated)
[2026-02-01 10:14:44]   [emp_id: 5253] REFRESHED: 26.23 → 26.29 (not updated)
[2026-02-01 10:14:44]   [emp_id: 5254] REFRESHED: 14.21 → 14.27 (not updated)
[2026-02-01 10:14:44]   [emp_id: 5257] REFRESHED: 13.92 → 13.98 (not updated)
[2026-02-01 10:14:44]   [emp_id: 5259] REFRESHED: 50.45 → 50.51 (not updated)
[2026-02-01 10:14:44]   [emp_id: 5261] REFRESHED: 18.87 → 18.95 (not updated)
[2026-02-01 10:14:44]   [emp_id: 5264] REFRESHED: 15.93 → 15.99 (not updated)
[2026-02-01 10:14:44]   [emp_id: 5266] REFRESHED: 22.55 → 22.61 (not updated)
[2026-02-01 10:14:44]   [emp_id: 5268] REFRESHED: 11.12 → 11.18 (not updated)
[2026-02-01 10:14:44]   [emp_id: 5271] REFRESHED: 9.78 → 9.84 (not updated)
[2026-02-01 10:14:44]   [emp_id: 5272] REFRESHED: 10.65 → 10.71 (not updated)
[2026-02-01 10:14:44]   [emp_id: 5273] REFRESHED: 25.72 → 25.78 (not updated)
[2026-02-01 10:14:44]   [emp_id: 5275] REFRESHED: 11.47 → 11.53 (not updated)
[2026-02-01 10:14:45]   [emp_id: 5276] REFRESHED: 25.74 → 25.8 (not updated)
[2026-02-01 10:14:45]   [emp_id: 5278] REFRESHED: 10.13 → 10.19 (not updated)
[2026-02-01 10:14:45]   [emp_id: 5280] REFRESHED: 20.53 → 20.59 (not updated)
[2026-02-01 10:14:45]   [emp_id: 5282] REFRESHED: 14.35 → 14.43 (not updated)
[2026-02-01 10:14:45]   [emp_id: 5285] REFRESHED: 30.53 → 30.59 (not updated)
[2026-02-01 10:14:45]   [emp_id: 5286] REFRESHED: 17.53 → 17.59 (not updated)
[2026-02-01 10:14:45]   [emp_id: 5287] REFRESHED: 51.83 → 51.89 (not updated)
[2026-02-01 10:14:45]   [emp_id: 5288] REFRESHED: 9.1 → 9.16 (not updated)
[2026-02-01 10:14:45]   [emp_id: 5289] REFRESHED: 50.38 → 50.44 (not updated)
[2026-02-01 10:14:45]   [emp_id: 5290] REFRESHED: 49.15 → 49.21 (not updated)
[2026-02-01 10:14:45]   [emp_id: 5291] REFRESHED: 7.15 → 7.21 (not updated)
[2026-02-01 10:14:45]   [emp_id: 5292] REFRESHED: 7.09 → 7.15 (not updated)
[2026-02-01 10:14:45]   [emp_id: 5293] REFRESHED: 10.61 → 10.69 (not updated)
[2026-02-01 10:14:45]   [emp_id: 5294] REFRESHED: 10.27 → 10.35 (not updated)
[2026-02-01 10:14:45]   [emp_id: 5295] REFRESHED: 23.33 → 23.39 (not updated)
[2026-02-01 10:14:45]   [emp_id: 5296] REFRESHED: 37.29 → 37.37 (not updated)
[2026-02-01 10:14:45]   [emp_id: 5297] REFRESHED: 47.75 → 47.81 (not updated)
[2026-02-01 10:14:45]   [emp_id: 5298] REFRESHED: 47.75 → 47.81 (not updated)
[2026-02-01 10:14:45]   [emp_id: 5299] REFRESHED: 47.75 → 47.81 (not updated)
[2026-02-01 10:14:45]   [emp_id: 5300] REFRESHED: 47.75 → 47.81 (not updated)
[2026-02-01 10:14:45]   [emp_id: 5301] REFRESHED: 5.57 → 5.63 (not updated)
[2026-02-01 10:14:45]   [emp_id: 5303] REFRESHED: 6 → 6.06 (not updated)
[2026-02-01 10:14:45]   [emp_id: 5304] REFRESHED: 2.75 → 2.81 (not updated)
[2026-02-01 10:14:45]   [emp_id: 5305] REFRESHED: 5.75 → 5.81 (not updated)
[2026-02-01 10:14:45]   [emp_id: 5306] REFRESHED: 47.46 → 47.52 (not updated)
[2026-02-01 10:14:45]   [emp_id: 5307] REFRESHED: 47.46 → 47.52 (not updated)
[2026-02-01 10:14:45]   [emp_id: 5312] REFRESHED: 1.8 → 1.86 (not updated)
[2026-02-01 10:14:45]   [emp_id: 5318] REFRESHED: 28.17 → 28.23 (not updated)
[2026-02-01 10:14:45]   [emp_id: 5325] REFRESHED: 2.13 → 2.19 (not updated)
[2026-02-01 10:14:45]   [emp_id: 5327] REFRESHED: 3.22 → 3.28 (not updated)
[2026-02-01 10:14:45]   [emp_id: 5337] REFRESHED: 38.18 → 38.26 (not updated)
[2026-02-01 10:14:45]   [emp_id: 5339] REFRESHED: 12.32 → 12.38 (not updated)
[2026-02-01 10:14:45]   [emp_id: 5343] REFRESHED: 48.1 → 48.18 (not updated)
[2026-02-01 10:14:45]   [emp_id: 5343] REFRESHED: 48.1 → 48.18 (not updated)
[2026-02-01 10:14:45]   [emp_id: 5345] REFRESHED: 17.93 → 18.01 (not updated)
[2026-02-01 10:14:45]   [emp_id: 5346] REFRESHED: 4.04 → 4.1 (not updated)
[2026-02-01 10:14:45]   [emp_id: 5351] REFRESHED: 18.98 → 19.04 (not updated)
[2026-02-01 10:14:45]   [emp_id: 5352] REFRESHED: 28.35 → 28.43 (not updated)
[2026-02-01 10:14:45]   [emp_id: 5370] REFRESHED: 17.63 → 17.69 (not updated)
[2026-02-01 10:14:45]   [emp_id: 5371] REFRESHED: 10.1 → 10.18 (not updated)
[2026-02-01 10:14:45]   [emp_id: 5376] REFRESHED: 12.23 → 12.29 (not updated)
[2026-02-01 10:14:45]   [emp_id: 5378] REFRESHED: 20.18 → 20.26 (not updated)
[2026-02-01 10:14:45]   [emp_id: 5380] REFRESHED: 18.64 → 18.7 (not updated)
[2026-02-01 10:14:45]   [emp_id: 5381] REFRESHED: 14.62 → 14.7 (not updated)
[2026-02-01 10:14:45]   [emp_id: 5383] REFRESHED: 17.93 → 18.01 (not updated)
[2026-02-01 10:14:45]   [emp_id: 5388] REFRESHED: 29.42 → 29.48 (not updated)
[2026-02-01 10:14:45]   [emp_id: 5396] REFRESHED: 30.66 → 30.72 (not updated)
[2026-02-01 10:14:45]   [emp_id: 5397] REFRESHED: 22.12 → 22.18 (not updated)
[2026-02-01 10:14:45]   [emp_id: 5401] REFRESHED: 25.23 → 25.29 (not updated)
[2026-02-01 10:14:45]   [emp_id: 5402] REFRESHED: 25.35 → 25.41 (not updated)
[2026-02-01 10:14:45]   [emp_id: 5406] REFRESHED: 19.07 → 19.13 (not updated)
[2026-02-01 10:14:45]   [emp_id: 5407] REFRESHED: 18.7 → 18.78 (not updated)
[2026-02-01 10:14:45]   [emp_id: 5409] REFRESHED: 18.41 → 18.47 (not updated)
[2026-02-01 10:14:45]   [emp_id: 5413] REFRESHED: 31.1 → 31.18 (not updated)
[2026-02-01 10:14:45]   [emp_id: 5414] REFRESHED: 30.77 → 30.85 (not updated)
[2026-02-01 10:14:45]   [emp_id: 5415] REFRESHED: 6.7 → 6.78 (not updated)
[2026-02-01 10:14:45]   [emp_id: 5418] REFRESHED: 17.47 → 17.53 (not updated)
[2026-02-01 10:14:45]   [emp_id: 5422] REFRESHED: 23.43 → 23.51 (not updated)
[2026-02-01 10:14:45]   [emp_id: 5423] REFRESHED: 8.12 → 8.2 (not updated)
[2026-02-01 10:14:45]   [emp_id: 5425] REFRESHED: 16.02 → 16.08 (not updated)
[2026-02-01 10:14:45]   [emp_id: 5426] REFRESHED: 4.67 → 4.75 (not updated)
[2026-02-01 10:14:45]   [emp_id: 5426] REFRESHED: 4.67 → 4.75 (not updated)
[2026-02-01 10:14:45]   [emp_id: 5427] REFRESHED: 16.13 → 16.19 (not updated)
[2026-02-01 10:14:45]   [emp_id: 5428] REFRESHED: 16.02 → 16.08 (not updated)
[2026-02-01 10:14:46]   [emp_id: 5430] REFRESHED: 20.49 → 20.57 (not updated)
[2026-02-01 10:14:46]   [emp_id: 5431] REFRESHED: 15.14 → 15.2 (not updated)
[2026-02-01 10:14:46]   [emp_id: 5433] REFRESHED: 15.16 → 15.22 (not updated)
[2026-02-01 10:14:46]   [emp_id: 5434] REFRESHED: 14.91 → 14.97 (not updated)
[2026-02-01 10:14:46]   [emp_id: 5435] REFRESHED: 14.85 → 14.91 (not updated)
[2026-02-01 10:14:46]   [emp_id: 5436] REFRESHED: 14.85 → 14.91 (not updated)
[2026-02-01 10:14:46]   [emp_id: 5438] REFRESHED: 18.35 → 18.43 (not updated)
[2026-02-01 10:14:46]   [emp_id: 5439] REFRESHED: 27.85 → 27.93 (not updated)
[2026-02-01 10:14:46]   [emp_id: 5442] REFRESHED: 16.85 → 16.93 (not updated)
[2026-02-01 10:14:46]   [emp_id: 5445] REFRESHED: 9.31 → 9.37 (not updated)
[2026-02-01 10:14:46]   [emp_id: 5446] REFRESHED: 9.31 → 9.37 (not updated)
[2026-02-01 10:14:46]   [emp_id: 5447] REFRESHED: 9.25 → 9.31 (not updated)
[2026-02-01 10:14:46]   [emp_id: 5448] REFRESHED: 3.87 → 3.95 (not updated)
[2026-02-01 10:14:46]   [emp_id: 5449] REFRESHED: 7.33 → 7.39 (not updated)
[2026-02-01 10:14:46]   [emp_id: 5450] REFRESHED: 7.27 → 7.33 (not updated)
[2026-02-01 10:14:46]   [emp_id: 5451] REFRESHED: 7.27 → 7.33 (not updated)
[2026-02-01 10:14:46]   [emp_id: 5453] REFRESHED: 7.11 → 7.17 (not updated)
[2026-02-01 10:14:46]   [emp_id: 5454] REFRESHED: 9.93 → 10.01 (not updated)
[2026-02-01 10:14:46]   [emp_id: 5455] REFRESHED: 4.18 → 4.26 (not updated)
[2026-02-01 10:14:46]   [emp_id: 5456] REFRESHED: 9.18 → 9.26 (not updated)
[2026-02-01 10:14:46]   [emp_id: 5457] REFRESHED: 6.36 → 6.42 (not updated)
[2026-02-01 10:14:46]   [emp_id: 5460] REFRESHED: 7.83 → 7.91 (not updated)
[2026-02-01 10:14:46]   [emp_id: 5463] REFRESHED: 7.16 → 7.24 (not updated)
[2026-02-01 10:14:46]   [emp_id: 5464] REFRESHED: 7.16 → 7.24 (not updated)
[2026-02-01 10:14:46]   [emp_id: 5466] REFRESHED: 4.91 → 4.99 (not updated)
[2026-02-01 10:14:46]   [emp_id: 5467] REFRESHED: 3.83 → 3.91 (not updated)
[2026-02-01 10:14:46]   [emp_id: 5468] REFRESHED: 2.78 → 2.86 (not updated)
[2026-02-01 10:14:46]   [emp_id: 5469] REFRESHED: 2.69 → 2.77 (not updated)
[2026-02-01 10:14:46] Report saved to: D:\xampp\htdocs\almutlak\system/cron_logs/last_vacation_update_report.json
[2026-02-01 10:15:46] ========== CRON: Vacation Balance Update Started ==========
[2026-02-01 10:15:46] Force level: 1 (0=normal, 1=check missing, 2=full bypass)
[2026-02-01 10:15:46] Source: CLI (argv)
[2026-02-01 10:15:47] FORCE LEVEL 1: Checking for missing records and refreshing values (NOT updating last_updated)
[2026-02-01 10:15:47] FORCE LEVEL 1: Checking for missing records only
[2026-02-01 10:15:47] Database connection established
[2026-02-01 10:15:47] Found 433 active employees with balance records to update
[2026-02-01 10:15:47] (Only employees with status=1 will be processed)
[2026-02-01 10:15:47]   [emp_id: 1061] REFRESHED: 2.42 → 2.5 (not updated)
[2026-02-01 10:15:47]   [emp_id: 1496] REFRESHED: 19.27 → 19.35 (not updated)
[2026-02-01 10:15:47]   [emp_id: 1500] REFRESHED: 6.95 → 7.03 (not updated)
[2026-02-01 10:15:47]   [emp_id: 1574] REFRESHED: 36.18 → 36.26 (not updated)
[2026-02-01 10:15:47]   [emp_id: 1673] REFRESHED: 47.68 → 47.76 (not updated)
[2026-02-01 10:15:47]   [emp_id: 1685] REFRESHED: 17.6 → 17.68 (not updated)
[2026-02-01 10:15:47]   [emp_id: 1764] REFRESHED: 72.27 → 72.35 (not updated)
[2026-02-01 10:15:47]   [emp_id: 1805] REFRESHED: 66.6 → 66.68 (not updated)
[2026-02-01 10:15:47]   [emp_id: 1822] REFRESHED: 71.35 → 71.43 (not updated)
[2026-02-01 10:15:47]   [emp_id: 1837] REFRESHED: 27.52 → 27.6 (not updated)
[2026-02-01 10:15:47]   [emp_id: 1857] REFRESHED: 22.85 → 22.93 (not updated)
[2026-02-01 10:15:47]   [emp_id: 1861] REFRESHED: 73.68 → 73.76 (not updated)
[2026-02-01 10:15:47]   [emp_id: 1872] REFRESHED: 12.52 → 12.6 (not updated)
[2026-02-01 10:15:47]   [emp_id: 1897] REFRESHED: 7.85 → 7.93 (not updated)
[2026-02-01 10:15:47]   [emp_id: 1916] REFRESHED: 14.15 → 14.23 (not updated)
[2026-02-01 10:15:47]   [emp_id: 1928] REFRESHED: 67.1 → 67.18 (not updated)
[2026-02-01 10:15:47]   [emp_id: 1931] REFRESHED: 87.02 → 87.1 (not updated)
[2026-02-01 10:15:47]   [emp_id: 1944] REFRESHED: 45.18 → 45.26 (not updated)
[2026-02-01 10:15:47]   [emp_id: 1996] REFRESHED: 73.68 → 73.76 (not updated)
[2026-02-01 10:15:47]   [emp_id: 1997] REFRESHED: 38.85 → 38.93 (not updated)
[2026-02-01 10:15:47]   [emp_id: 1998] REFRESHED: 30.29 → 30.37 (not updated)
[2026-02-01 10:15:47]   [emp_id: 1999] REFRESHED: 31.29 → 31.37 (not updated)
[2026-02-01 10:15:47]   [emp_id: 2009] REFRESHED: 37.6 → 37.68 (not updated)
[2026-02-01 10:15:47]   [emp_id: 2048] REFRESHED: 27.43 → 27.51 (not updated)
[2026-02-01 10:15:47]   [emp_id: 2057] REFRESHED: 68.27 → 68.35 (not updated)
[2026-02-01 10:15:47]   [emp_id: 2079] REFRESHED: 50.6 → 50.68 (not updated)
[2026-02-01 10:15:47]   [emp_id: 2181] REFRESHED: 39.6 → 39.68 (not updated)
[2026-02-01 10:15:47]   [emp_id: 2190] REFRESHED: 8.93 → 9.01 (not updated)
[2026-02-01 10:15:47]   [emp_id: 2212] REFRESHED: 26.93 → 27.01 (not updated)
[2026-02-01 10:15:47]   [emp_id: 2226] REFRESHED: 71.68 → 71.76 (not updated)
[2026-02-01 10:15:47]   [emp_id: 2238] REFRESHED: 69.93 → 70.01 (not updated)
[2026-02-01 10:15:47]   [emp_id: 2285] REFRESHED: 38.6 → 38.68 (not updated)
[2026-02-01 10:15:47]   [emp_id: 2287] REFRESHED: 50.27 → 50.35 (not updated)
[2026-02-01 10:15:47]   [emp_id: 2288] REFRESHED: 5.29 → 5.37 (not updated)
[2026-02-01 10:15:47]   [emp_id: 2316] REFRESHED: 19.1 → 19.18 (not updated)
[2026-02-01 10:15:47]   [emp_id: 2337] REFRESHED: 40.18 → 40.26 (not updated)
[2026-02-01 10:15:47]   [emp_id: 2352] REFRESHED: 71.68 → 71.76 (not updated)
[2026-02-01 10:15:47]   [emp_id: 2358] REFRESHED: 8.18 → 8.26 (not updated)
[2026-02-01 10:15:47]   [emp_id: 2361] REFRESHED: 73.85 → 73.93 (not updated)
[2026-02-01 10:15:47]   [emp_id: 2363] REFRESHED: 76.43 → 76.51 (not updated)
[2026-02-01 10:15:47]   [emp_id: 2364] REFRESHED: 75.85 → 75.93 (not updated)
[2026-02-01 10:15:47]   [emp_id: 2367] REFRESHED: 103.52 → 103.6 (not updated)
[2026-02-01 10:15:47]   [emp_id: 2368] REFRESHED: 33.93 → 34.01 (not updated)
[2026-02-01 10:15:47]   [emp_id: 2372] REFRESHED: 71.18 → 71.26 (not updated)
[2026-02-01 10:15:47]   [emp_id: 2376] REFRESHED: 121.18 → 121.26 (not updated)
[2026-02-01 10:15:47]   [emp_id: 2423] REFRESHED: 21.93 → 22.01 (not updated)
[2026-02-01 10:15:47]   [emp_id: 2519] REFRESHED: 115.6 → 115.68 (not updated)
[2026-02-01 10:15:47]   [emp_id: 2522] REFRESHED: 59.18 → 59.26 (not updated)
[2026-02-01 10:15:47]   [emp_id: 2530] REFRESHED: 54.43 → 54.51 (not updated)
[2026-02-01 10:15:47]   [emp_id: 2539] REFRESHED: 51.18 → 51.26 (not updated)
[2026-02-01 10:15:47]   [emp_id: 2541] REFRESHED: 31.77 → 31.85 (not updated)
[2026-02-01 10:15:47]   [emp_id: 2550] REFRESHED: 97.93 → 98.01 (not updated)
[2026-02-01 10:15:47]   [emp_id: 2553] REFRESHED: 35.04 → 35.12 (not updated)
[2026-02-01 10:15:47]   [emp_id: 2554] REFRESHED: 41.52 → 41.6 (not updated)
[2026-02-01 10:15:47]   [emp_id: 2565] REFRESHED: 96.1 → 96.18 (not updated)
[2026-02-01 10:15:47]   [emp_id: 2572] REFRESHED: 46.1 → 46.18 (not updated)
[2026-02-01 10:15:47]   [emp_id: 2637] REFRESHED: 66.68 → 66.76 (not updated)
[2026-02-01 10:15:47]   [emp_id: 2642] REFRESHED: 79.43 → 79.51 (not updated)
[2026-02-01 10:15:47]   [emp_id: 2645] REFRESHED: 95.43 → 95.51 (not updated)
[2026-02-01 10:15:47]   [emp_id: 2648] REFRESHED: 47.1 → 47.18 (not updated)
[2026-02-01 10:15:47]   [emp_id: 2654] REFRESHED: 89.77 → 89.85 (not updated)
[2026-02-01 10:15:47]   [emp_id: 2688] REFRESHED: 27.85 → 27.93 (not updated)
[2026-02-01 10:15:47]   [emp_id: 2690] REFRESHED: 16.6 → 16.68 (not updated)
[2026-02-01 10:15:47]   [emp_id: 2709] REFRESHED: 38.85 → 38.93 (not updated)
[2026-02-01 10:15:47]   [emp_id: 2745] REFRESHED: 35.43 → 35.51 (not updated)
[2026-02-01 10:15:47]   [emp_id: 2843] REFRESHED: 82.02 → 82.1 (not updated)
[2026-02-01 10:15:47]   [emp_id: 2854] REFRESHED: 61.93 → 62.01 (not updated)
[2026-02-01 10:15:47]   [emp_id: 2869] REFRESHED: 5.85 → 5.93 (not updated)
[2026-02-01 10:15:47]   [emp_id: 2876] REFRESHED: 36.68 → 36.76 (not updated)
[2026-02-01 10:15:47]   [emp_id: 2924] REFRESHED: 17.85 → 17.93 (not updated)
[2026-02-01 10:15:47]   [emp_id: 2953] REFRESHED: 103.6 → 103.68 (not updated)
[2026-02-01 10:15:47]   [emp_id: 2961] REFRESHED: 13.6 → 13.68 (not updated)
[2026-02-01 10:15:48]   [emp_id: 2975] REFRESHED: 3.28 → 3.36 (not updated)
[2026-02-01 10:15:48]   [emp_id: 3013] REFRESHED: 12.6 → 12.68 (not updated)
[2026-02-01 10:15:48]   [emp_id: 3014] REFRESHED: 91.85 → 91.93 (not updated)
[2026-02-01 10:15:48]   [emp_id: 3015] REFRESHED: 3.1 → 3.18 (not updated)
[2026-02-01 10:15:48]   [emp_id: 3018] REFRESHED: 61.85 → 61.93 (not updated)
[2026-02-01 10:15:48]   [emp_id: 3025] REFRESHED: 25.62 → 25.7 (not updated)
[2026-02-01 10:15:48]   [emp_id: 3037] REFRESHED: 85.35 → 85.43 (not updated)
[2026-02-01 10:15:48]   [emp_id: 3047] REFRESHED: 73.6 → 73.68 (not updated)
[2026-02-01 10:15:48]   [emp_id: 3061] REFRESHED: 20.52 → 20.6 (not updated)
[2026-02-01 10:15:48]   [emp_id: 3062] REFRESHED: 53.68 → 53.76 (not updated)
[2026-02-01 10:15:48]   [emp_id: 3074] REFRESHED: 110.1 → 110.18 (not updated)
[2026-02-01 10:15:48]   [emp_id: 3089] REFRESHED: 9.02 → 9.1 (not updated)
[2026-02-01 10:15:48]   [emp_id: 3090] REFRESHED: 35.6 → 35.68 (not updated)
[2026-02-01 10:15:48]   [emp_id: 3091] REFRESHED: 47.6 → 47.68 (not updated)
[2026-02-01 10:15:48]   [emp_id: 3092] REFRESHED: 30.27 → 30.35 (not updated)
[2026-02-01 10:15:48]   [emp_id: 3105] REFRESHED: 50.6 → 50.68 (not updated)
[2026-02-01 10:15:48]   [emp_id: 3134] REFRESHED: 46.35 → 46.43 (not updated)
[2026-02-01 10:15:48]   [emp_id: 3140] REFRESHED: 43.43 → 43.51 (not updated)
[2026-02-01 10:15:48]   [emp_id: 3144] REFRESHED: 16.27 → 16.35 (not updated)
[2026-02-01 10:15:48]   [emp_id: 3156] REFRESHED: 19.6 → 19.68 (not updated)
[2026-02-01 10:15:48]   [emp_id: 3162] REFRESHED: 4.58 → 4.66 (not updated)
[2026-02-01 10:15:48]   [emp_id: 3163] REFRESHED: 7.85 → 7.93 (not updated)
[2026-02-01 10:15:48]   [emp_id: 3198] REFRESHED: 42.85 → 42.93 (not updated)
[2026-02-01 10:15:48]   [emp_id: 3205] REFRESHED: 19.52 → 19.6 (not updated)
[2026-02-01 10:15:48]   [emp_id: 3209] REFRESHED: 43.68 → 43.76 (not updated)
[2026-02-01 10:15:48]   [emp_id: 3223] REFRESHED: 92.6 → 92.68 (not updated)
[2026-02-01 10:15:48]   [emp_id: 3224] REFRESHED: 67.35 → 67.43 (not updated)
[2026-02-01 10:15:48]   [emp_id: 3230] REFRESHED: 90.77 → 90.85 (not updated)
[2026-02-01 10:15:48]   [emp_id: 3231] REFRESHED: 3.14 → 3.22 (not updated)
[2026-02-01 10:15:48]   [emp_id: 3233] REFRESHED: 83.6 → 83.68 (not updated)
[2026-02-01 10:15:48]   [emp_id: 3249] REFRESHED: 39.43 → 39.51 (not updated)
[2026-02-01 10:15:48]   [emp_id: 3250] REFRESHED: 12.43 → 12.51 (not updated)
[2026-02-01 10:15:48]   [emp_id: 3252] REFRESHED: 13.35 → 13.43 (not updated)
[2026-02-01 10:15:48]   [emp_id: 3254] REFRESHED: 23.85 → 23.93 (not updated)
[2026-02-01 10:15:48]   [emp_id: 3255] REFRESHED: 20.27 → 20.35 (not updated)
[2026-02-01 10:15:48]   [emp_id: 3256] REFRESHED: 16.52 → 16.6 (not updated)
[2026-02-01 10:15:48]   [emp_id: 3263] REFRESHED: 32.6 → 32.68 (not updated)
[2026-02-01 10:15:48]   [emp_id: 3265] REFRESHED: 28.18 → 28.26 (not updated)
[2026-02-01 10:15:48]   [emp_id: 3280] REFRESHED: 75.1 → 75.18 (not updated)
[2026-02-01 10:15:48]   [emp_id: 3286] REFRESHED: 18.27 → 18.35 (not updated)
[2026-02-01 10:15:48]   [emp_id: 3294] REFRESHED: 17.93 → 18.01 (not updated)
[2026-02-01 10:15:48]   [emp_id: 3321] REFRESHED: 75.1 → 75.18 (not updated)
[2026-02-01 10:15:48]   [emp_id: 3325] REFRESHED: 62.85 → 62.93 (not updated)
[2026-02-01 10:15:48]   [emp_id: 3329] REFRESHED: 65.18 → 65.26 (not updated)
[2026-02-01 10:15:48]   [emp_id: 3330] REFRESHED: 65.18 → 65.26 (not updated)
[2026-02-01 10:15:48]   [emp_id: 3332] REFRESHED: 65.18 → 65.26 (not updated)
[2026-02-01 10:15:48]   [emp_id: 3370] REFRESHED: 56.69 → 56.77 (not updated)
[2026-02-01 10:15:48]   [emp_id: 3384] REFRESHED: 17.35 → 17.43 (not updated)
[2026-02-01 10:15:48]   [emp_id: 3386] REFRESHED: 47.35 → 47.43 (not updated)
[2026-02-01 10:15:48]   [emp_id: 3431] REFRESHED: 21.77 → 21.85 (not updated)
[2026-02-01 10:15:48]   [emp_id: 3497] REFRESHED: 11.93 → 12.01 (not updated)
[2026-02-01 10:15:48]   [emp_id: 3532] REFRESHED: 2.77 → 2.85 (not updated)
[2026-02-01 10:15:48]   [emp_id: 3602] REFRESHED: 4.34 → 4.42 (not updated)
[2026-02-01 10:15:48]   [emp_id: 3618] REFRESHED: 26.32 → 26.4 (not updated)
[2026-02-01 10:15:48]   [emp_id: 3622] REFRESHED: 36.57 → 36.63 (not updated)
[2026-02-01 10:15:48]   [emp_id: 3627] REFRESHED: 12.27 → 12.35 (not updated)
[2026-02-01 10:15:48]   [emp_id: 3665] REFRESHED: 53.85 → 53.93 (not updated)
[2026-02-01 10:15:48]   [emp_id: 3705] REFRESHED: 29.9 → 29.96 (not updated)
[2026-02-01 10:15:48]   [emp_id: 3724] REFRESHED: 46.85 → 46.93 (not updated)
[2026-02-01 10:15:48]   [emp_id: 3726] REFRESHED: 63.27 → 63.35 (not updated)
[2026-02-01 10:15:48]   [emp_id: 3727] REFRESHED: 68.35 → 68.43 (not updated)
[2026-02-01 10:15:48]   [emp_id: 3728] REFRESHED: 12.68 → 12.76 (not updated)
[2026-02-01 10:15:48]   [emp_id: 3767] REFRESHED: 3.43 → 3.51 (not updated)
[2026-02-01 10:15:48]   [emp_id: 3768] REFRESHED: 59.68 → 59.76 (not updated)
[2026-02-01 10:15:48]   [emp_id: 3787] REFRESHED: 60.27 → 60.35 (not updated)
[2026-02-01 10:15:48]   [emp_id: 3790] REFRESHED: 4.82 → 4.9 (not updated)
[2026-02-01 10:15:48]   [emp_id: 3795] REFRESHED: 17.77 → 17.85 (not updated)
[2026-02-01 10:15:48]   [emp_id: 3798] REFRESHED: 96.18 → 96.26 (not updated)
[2026-02-01 10:15:49]   [emp_id: 3801] REFRESHED: 4.45 → 4.53 (not updated)
[2026-02-01 10:15:49]   [emp_id: 3802] REFRESHED: 33.43 → 33.51 (not updated)
[2026-02-01 10:15:49]   [emp_id: 3803] REFRESHED: 117.85 → 117.93 (not updated)
[2026-02-01 10:15:49]   [emp_id: 3810] REFRESHED: 63.85 → 63.93 (not updated)
[2026-02-01 10:15:49]   [emp_id: 3812] REFRESHED: 92.85 → 92.93 (not updated)
[2026-02-01 10:15:49]   [emp_id: 3815] REFRESHED: 92.85 → 92.93 (not updated)
[2026-02-01 10:15:49]   [emp_id: 3836] REFRESHED: 60.52 → 60.6 (not updated)
[2026-02-01 10:15:49]   [emp_id: 3855] REFRESHED: 53.68 → 53.76 (not updated)
[2026-02-01 10:15:49]   [emp_id: 3857] REFRESHED: 57.35 → 57.43 (not updated)
[2026-02-01 10:15:49]   [emp_id: 3862] REFRESHED: 105.43 → 105.51 (not updated)
[2026-02-01 10:15:49]   [emp_id: 3866] REFRESHED: 30.68 → 30.76 (not updated)
[2026-02-01 10:15:49]   [emp_id: 3876] REFRESHED: 26.85 → 26.93 (not updated)
[2026-02-01 10:15:49]   [emp_id: 3877] REFRESHED: 52.35 → 52.43 (not updated)
[2026-02-01 10:15:49]   [emp_id: 3897] REFRESHED: 40.6 → 40.68 (not updated)
[2026-02-01 10:15:49]   [emp_id: 3899] REFRESHED: 2.42 → 2.5 (not updated)
[2026-02-01 10:15:49]   [emp_id: 3928] REFRESHED: 16.68 → 16.76 (not updated)
[2026-02-01 10:15:49]   [emp_id: 3929] REFRESHED: 11.68 → 11.76 (not updated)
[2026-02-01 10:15:49]   [emp_id: 3935] REFRESHED: 96.68 → 96.76 (not updated)
[2026-02-01 10:15:49]   [emp_id: 3952] REFRESHED: 78.02 → 78.1 (not updated)
[2026-02-01 10:15:49]   [emp_id: 3987] REFRESHED: 16.93 → 17.01 (not updated)
[2026-02-01 10:15:49]   [emp_id: 4059] REFRESHED: 6.13 → 6.21 (not updated)
[2026-02-01 10:15:49]   [emp_id: 4119] REFRESHED: 59.6 → 59.68 (not updated)
[2026-02-01 10:15:49]   [emp_id: 4120] REFRESHED: 29.18 → 29.26 (not updated)
[2026-02-01 10:15:49]   [emp_id: 4124] REFRESHED: 29.7 → 29.78 (not updated)
[2026-02-01 10:15:49]   [emp_id: 4133] REFRESHED: 108.18 → 108.26 (not updated)
[2026-02-01 10:15:49]   [emp_id: 4134] REFRESHED: 29.18 → 29.26 (not updated)
[2026-02-01 10:15:49]   [emp_id: 4136] REFRESHED: 29.18 → 29.26 (not updated)
[2026-02-01 10:15:49]   [emp_id: 4150] REFRESHED: 27.85 → 27.93 (not updated)
[2026-02-01 10:15:49]   [emp_id: 4157] REFRESHED: 21.35 → 21.43 (not updated)
[2026-02-01 10:15:49]   [emp_id: 4172] REFRESHED: 14.48 → 14.54 (not updated)
[2026-02-01 10:15:49]   [emp_id: 4195] REFRESHED: 64.93 → 65.01 (not updated)
[2026-02-01 10:15:49]   [emp_id: 4215] REFRESHED: 47.6 → 47.68 (not updated)
[2026-02-01 10:15:49]   [emp_id: 4220] REFRESHED: 43.18 → 43.26 (not updated)
[2026-02-01 10:15:49]   [emp_id: 4273] REFRESHED: 11.85 → 11.93 (not updated)
[2026-02-01 10:15:49]   [emp_id: 4283] REFRESHED: 15.57 → 15.63 (not updated)
[2026-02-01 10:15:49]   [emp_id: 4288] REFRESHED: 2.42 → 2.5 (not updated)
[2026-02-01 10:15:49]   [emp_id: 4315] REFRESHED: 15.1 → 15.18 (not updated)
[2026-02-01 10:15:49]   [emp_id: 4328] REFRESHED: 44.4 → 44.46 (not updated)
[2026-02-01 10:15:49]   [emp_id: 4329] REFRESHED: 8.27 → 8.35 (not updated)
[2026-02-01 10:15:49]   [emp_id: 4338] REFRESHED: 49.85 → 49.93 (not updated)
[2026-02-01 10:15:49]   [emp_id: 4340] REFRESHED: 111.85 → 111.93 (not updated)
[2026-02-01 10:15:49]   [emp_id: 4365] REFRESHED: 63.27 → 63.35 (not updated)
[2026-02-01 10:15:49]   [emp_id: 4366] REFRESHED: 62.35 → 62.43 (not updated)
[2026-02-01 10:15:49]   [emp_id: 4403] REFRESHED: 88.18 → 88.26 (not updated)
[2026-02-01 10:15:49]   [emp_id: 4438] REFRESHED: 23.85 → 23.93 (not updated)
[2026-02-01 10:15:49]   [emp_id: 4465] REFRESHED: 14.73 → 14.79 (not updated)
[2026-02-01 10:15:49]   [emp_id: 4473] REFRESHED: 47.43 → 47.51 (not updated)
[2026-02-01 10:15:49]   [emp_id: 4474] REFRESHED: 5.24 → 5.3 (not updated)
[2026-02-01 10:15:49]   [emp_id: 4493] REFRESHED: 166.27 → 166.35 (not updated)
[2026-02-01 10:15:49]   [emp_id: 4526] REFRESHED: 38.52 → 38.6 (not updated)
[2026-02-01 10:15:49]   [emp_id: 4528] REFRESHED: 110.27 → 110.35 (not updated)
[2026-02-01 10:15:49]   [emp_id: 4528] REFRESHED: 110.27 → 110.35 (not updated)
[2026-02-01 10:15:49]   [emp_id: 4532] REFRESHED: 9.85 → 9.91 (not updated)
[2026-02-01 10:15:49]   [emp_id: 4533] REFRESHED: 38.68 → 38.76 (not updated)
[2026-02-01 10:15:49]   [emp_id: 4565] REFRESHED: 17.23 → 17.29 (not updated)
[2026-02-01 10:15:49]   [emp_id: 4567] REFRESHED: 21.48 → 21.54 (not updated)
[2026-02-01 10:15:49]   [emp_id: 4572] REFRESHED: 60.98 → 61.04 (not updated)
[2026-02-01 10:15:49]   [emp_id: 4631] REFRESHED: 17.23 → 17.29 (not updated)
[2026-02-01 10:15:49]   [emp_id: 4655] REFRESHED: 27.6 → 27.68 (not updated)
[2026-02-01 10:15:49]   [emp_id: 4709] REFRESHED: 42.85 → 42.93 (not updated)
[2026-02-01 10:15:49]   [emp_id: 4717] REFRESHED: 68.85 → 68.93 (not updated)
[2026-02-01 10:15:49]   [emp_id: 4736] REFRESHED: 30.68 → 30.76 (not updated)
[2026-02-01 10:15:49]   [emp_id: 4756] REFRESHED: 13.67 → 13.73 (not updated)
[2026-02-01 10:15:49]   [emp_id: 4768] REFRESHED: 16.35 → 16.43 (not updated)
[2026-02-01 10:15:49]   [emp_id: 4780] REFRESHED: 67.4 → 67.46 (not updated)
[2026-02-01 10:15:49]   [emp_id: 4820] REFRESHED: 101.68 → 101.76 (not updated)
[2026-02-01 10:15:49]   [emp_id: 4824] REFRESHED: 4.86 → 4.94 (not updated)
[2026-02-01 10:15:49]   [emp_id: 4825] REFRESHED: 33.43 → 33.51 (not updated)
[2026-02-01 10:15:49]   [emp_id: 4837] REFRESHED: 47.39 → 47.45 (not updated)
[2026-02-01 10:15:50]   [emp_id: 4840] REFRESHED: 47.39 → 47.45 (not updated)
[2026-02-01 10:15:50]   [emp_id: 4842] REFRESHED: 46.63 → 46.69 (not updated)
[2026-02-01 10:15:50]   [emp_id: 4843] REFRESHED: 47.16 → 47.22 (not updated)
[2026-02-01 10:15:50]   [emp_id: 4853] REFRESHED: 90.98 → 91.04 (not updated)
[2026-02-01 10:15:50]   [emp_id: 4856] REFRESHED: 44.3 → 44.36 (not updated)
[2026-02-01 10:15:50]   [emp_id: 4857] REFRESHED: 27.12 → 27.18 (not updated)
[2026-02-01 10:15:50]   [emp_id: 4858] REFRESHED: 24 → 24.06 (not updated)
[2026-02-01 10:15:50]   [emp_id: 4859] REFRESHED: 45.47 → 45.53 (not updated)
[2026-02-01 10:15:50]   [emp_id: 4860] REFRESHED: 9.97 → 10.03 (not updated)
[2026-02-01 10:15:50]   [emp_id: 4861] REFRESHED: 43.43 → 43.49 (not updated)
[2026-02-01 10:15:50]   [emp_id: 4869] REFRESHED: 86.31 → 86.37 (not updated)
[2026-02-01 10:15:50]   [emp_id: 4894] REFRESHED: 10.35 → 10.43 (not updated)
[2026-02-01 10:15:50]   [emp_id: 4897] REFRESHED: 25.21 → 25.27 (not updated)
[2026-02-01 10:15:50]   [emp_id: 4899] REFRESHED: 21.38 → 21.44 (not updated)
[2026-02-01 10:15:50]   [emp_id: 4902] REFRESHED: 20.8 → 20.86 (not updated)
[2026-02-01 10:15:50]   [emp_id: 4903] REFRESHED: 23.02 → 23.08 (not updated)
[2026-02-01 10:15:50]   [emp_id: 4905] REFRESHED: 21.68 → 21.74 (not updated)
[2026-02-01 10:15:50]   [emp_id: 4907] REFRESHED: 50.43 → 50.51 (not updated)
[2026-02-01 10:15:50]   [emp_id: 4917] REFRESHED: 18.64 → 18.7 (not updated)
[2026-02-01 10:15:50]   [emp_id: 4918] REFRESHED: 8.41 → 8.47 (not updated)
[2026-02-01 10:15:50]   [emp_id: 4919] REFRESHED: 60.7 → 60.76 (not updated)
[2026-02-01 10:15:50]   [emp_id: 4920] REFRESHED: 7.78 → 7.84 (not updated)
[2026-02-01 10:15:50]   [emp_id: 4921] REFRESHED: 19.87 → 19.93 (not updated)
[2026-02-01 10:15:50]   [emp_id: 4927] REFRESHED: 18.7 → 18.76 (not updated)
[2026-02-01 10:15:50]   [emp_id: 4929] REFRESHED: 20.22 → 20.28 (not updated)
[2026-02-01 10:15:50]   [emp_id: 4930] REFRESHED: 60.99 → 61.05 (not updated)
[2026-02-01 10:15:50]   [emp_id: 4932] REFRESHED: 18.99 → 19.05 (not updated)
[2026-02-01 10:15:50]   [emp_id: 4933] REFRESHED: 22.4 → 22.46 (not updated)
[2026-02-01 10:15:50]   [emp_id: 4949] REFRESHED: 25.83 → 25.89 (not updated)
[2026-02-01 10:15:50]   [emp_id: 4956] REFRESHED: 31.42 → 31.48 (not updated)
[2026-02-01 10:15:50]   [emp_id: 4957] REFRESHED: 27.09 → 27.15 (not updated)
[2026-02-01 10:15:50]   [emp_id: 4962] REFRESHED: 49.79 → 49.87 (not updated)
[2026-02-01 10:15:50]   [emp_id: 4969] REFRESHED: 49.1 → 49.18 (not updated)
[2026-02-01 10:15:50]   [emp_id: 4976] REFRESHED: 12.11 → 12.17 (not updated)
[2026-02-01 10:15:50]   [emp_id: 4984] REFRESHED: 40.35 → 40.43 (not updated)
[2026-02-01 10:15:50]   [emp_id: 4995] REFRESHED: 52.42 → 52.5 (not updated)
[2026-02-01 10:15:50]   [emp_id: 5004] REFRESHED: 29.05 → 29.11 (not updated)
[2026-02-01 10:15:50]   [emp_id: 5006] REFRESHED: 28.79 → 28.85 (not updated)
[2026-02-01 10:15:50]   [emp_id: 5011] REFRESHED: 8.2 → 8.28 (not updated)
[2026-02-01 10:15:50]   [emp_id: 5013] REFRESHED: 69.16 → 69.22 (not updated)
[2026-02-01 10:15:50]   [emp_id: 5018] REFRESHED: 5.65 → 5.71 (not updated)
[2026-02-01 10:15:50]   [emp_id: 5021] REFRESHED: 63.45 → 63.53 (not updated)
[2026-02-01 10:15:50]   [emp_id: 5024] REFRESHED: 3.67 → 3.73 (not updated)
[2026-02-01 10:15:50]   [emp_id: 5030] REFRESHED: 33.62 → 33.68 (not updated)
[2026-02-01 10:15:50]   [emp_id: 5033] REFRESHED: 12.42 → 12.48 (not updated)
[2026-02-01 10:15:50]   [emp_id: 5043] REFRESHED: 33.02 → 33.1 (not updated)
[2026-02-01 10:15:50]   [emp_id: 5045] REFRESHED: 29.52 → 29.6 (not updated)
[2026-02-01 10:15:50]   [emp_id: 5046] REFRESHED: 24.71 → 24.79 (not updated)
[2026-02-01 10:15:50]   [emp_id: 5049] REFRESHED: 1.1 → 1.16 (not updated)
[2026-02-01 10:15:50]   [emp_id: 5052] REFRESHED: 32.38 → 32.44 (not updated)
[2026-02-01 10:15:50]   [emp_id: 5055] REFRESHED: 20.82 → 20.88 (not updated)
[2026-02-01 10:15:50]   [emp_id: 5058] REFRESHED: 29.8 → 29.86 (not updated)
[2026-02-01 10:15:50]   [emp_id: 5062] REFRESHED: 41.63 → 41.69 (not updated)
[2026-02-01 10:15:50]   [emp_id: 5064] REFRESHED: 120.35 → 120.43 (not updated)
[2026-02-01 10:15:50]   [emp_id: 5065] REFRESHED: 41.04 → 41.1 (not updated)
[2026-02-01 10:15:50]   [emp_id: 5071] REFRESHED: 25.85 → 25.93 (not updated)
[2026-02-01 10:15:50]   [emp_id: 5073] REFRESHED: 15.64 → 15.7 (not updated)
[2026-02-01 10:15:50]   [emp_id: 5079] REFRESHED: 36.2 → 36.26 (not updated)
[2026-02-01 10:15:50]   [emp_id: 5080] REFRESHED: 29.53 → 29.59 (not updated)
[2026-02-01 10:15:50]   [emp_id: 5081] REFRESHED: 17.79 → 17.85 (not updated)
[2026-02-01 10:15:50]   [emp_id: 5087] REFRESHED: 37.83 → 37.89 (not updated)
[2026-02-01 10:15:50]   [emp_id: 5091] REFRESHED: 77.68 → 77.74 (not updated)
[2026-02-01 10:15:50]   [emp_id: 5093] REFRESHED: 17.02 → 17.1 (not updated)
[2026-02-01 10:15:50]   [emp_id: 5095] REFRESHED: 3.22 → 3.28 (not updated)
[2026-02-01 10:15:50]   [emp_id: 5101] REFRESHED: 19.1 → 19.18 (not updated)
[2026-02-01 10:15:50]   [emp_id: 5107] REFRESHED: 17.43 → 17.51 (not updated)
[2026-02-01 10:15:51]   [emp_id: 5109] REFRESHED: 14.68 → 14.76 (not updated)
[2026-02-01 10:15:51]   [emp_id: 5119] REFRESHED: 12.85 → 12.93 (not updated)
[2026-02-01 10:15:51]   [emp_id: 5122] REFRESHED: 10.02 → 10.1 (not updated)
[2026-02-01 10:15:51]   [emp_id: 5126] REFRESHED: 28.56 → 28.62 (not updated)
[2026-02-01 10:15:51]   [emp_id: 5127] REFRESHED: 7.35 → 7.41 (not updated)
[2026-02-01 10:15:51]   [emp_id: 5128] REFRESHED: 28.5 → 28.56 (not updated)
[2026-02-01 10:15:51]   [emp_id: 5138] REFRESHED: 52.68 → 52.76 (not updated)
[2026-02-01 10:15:51]   [emp_id: 5138] REFRESHED: 52.68 → 52.76 (not updated)
[2026-02-01 10:15:51]   [emp_id: 5141] REFRESHED: 36.87 → 36.93 (not updated)
[2026-02-01 10:15:51]   [emp_id: 5142] REFRESHED: 15.87 → 15.93 (not updated)
[2026-02-01 10:15:51]   [emp_id: 5146] REFRESHED: 22.87 → 22.93 (not updated)
[2026-02-01 10:15:51]   [emp_id: 5147] REFRESHED: 21.87 → 21.93 (not updated)
[2026-02-01 10:15:51]   [emp_id: 5148] REFRESHED: 27.22 → 27.28 (not updated)
[2026-02-01 10:15:51]   [emp_id: 5149] REFRESHED: 26.11 → 26.17 (not updated)
[2026-02-01 10:15:51]   [emp_id: 5150] REFRESHED: 25.47 → 25.53 (not updated)
[2026-02-01 10:15:51]   [emp_id: 5151] REFRESHED: 25.29 → 25.35 (not updated)
[2026-02-01 10:15:51]   [emp_id: 5152] REFRESHED: 5.71 → 5.77 (not updated)
[2026-02-01 10:15:51]   [emp_id: 5157] REFRESHED: 25.29 → 25.35 (not updated)
[2026-02-01 10:15:51]   [emp_id: 5160] REFRESHED: 25.29 → 25.35 (not updated)
[2026-02-01 10:15:51]   [emp_id: 5163] REFRESHED: 23.08 → 23.14 (not updated)
[2026-02-01 10:15:51]   [emp_id: 5165] REFRESHED: 4.12 → 4.2 (not updated)
[2026-02-01 10:15:51]   [emp_id: 5167] REFRESHED: 32.23 → 32.29 (not updated)
[2026-02-01 10:15:51]   [emp_id: 5168] REFRESHED: 24.77 → 24.83 (not updated)
[2026-02-01 10:15:51]   [emp_id: 5173] REFRESHED: 27.77 → 27.85 (not updated)
[2026-02-01 10:15:51]   [emp_id: 5174] REFRESHED: 25.23 → 25.29 (not updated)
[2026-02-01 10:15:51]   [emp_id: 5181] REFRESHED: 21.62 → 21.68 (not updated)
[2026-02-01 10:15:51]   [emp_id: 5186] REFRESHED: 27.15 → 27.21 (not updated)
[2026-02-01 10:15:51]   [emp_id: 5187] REFRESHED: 38.15 → 38.21 (not updated)
[2026-02-01 10:15:51]   [emp_id: 5204] REFRESHED: 25.27 → 25.35 (not updated)
[2026-02-01 10:15:51]   [emp_id: 5205] REFRESHED: 14.36 → 14.42 (not updated)
[2026-02-01 10:15:51]   [emp_id: 5209] REFRESHED: 17.36 → 17.42 (not updated)
[2026-02-01 10:15:51]   [emp_id: 5213] REFRESHED: 4.77 → 4.83 (not updated)
[2026-02-01 10:15:51]   [emp_id: 5214] REFRESHED: 3.61 → 3.67 (not updated)
[2026-02-01 10:15:51]   [emp_id: 5215] REFRESHED: 12.36 → 12.42 (not updated)
[2026-02-01 10:15:51]   [emp_id: 5217] REFRESHED: 11.36 → 11.42 (not updated)
[2026-02-01 10:15:51]   [emp_id: 5219] REFRESHED: 15.36 → 15.42 (not updated)
[2026-02-01 10:15:51]   [emp_id: 5221] REFRESHED: 4.67 → 4.73 (not updated)
[2026-02-01 10:15:51]   [emp_id: 5224] REFRESHED: 16.36 → 16.42 (not updated)
[2026-02-01 10:15:51]   [emp_id: 5225] REFRESHED: 8.67 → 8.73 (not updated)
[2026-02-01 10:15:51]   [emp_id: 5228] REFRESHED: 11.36 → 11.42 (not updated)
[2026-02-01 10:15:51]   [emp_id: 5229] REFRESHED: 7.36 → 7.42 (not updated)
[2026-02-01 10:15:51]   [emp_id: 5230] REFRESHED: 12.03 → 12.09 (not updated)
[2026-02-01 10:15:51]   [emp_id: 5231] REFRESHED: 8.36 → 8.42 (not updated)
[2026-02-01 10:15:51]   [emp_id: 5232] REFRESHED: 2.36 → 2.42 (not updated)
[2026-02-01 10:15:51]   [emp_id: 5233] REFRESHED: 6.36 → 6.42 (not updated)
[2026-02-01 10:15:51]   [emp_id: 5234] REFRESHED: 6.36 → 6.42 (not updated)
[2026-02-01 10:15:51]   [emp_id: 5235] REFRESHED: 1.8 → 1.86 (not updated)
[2026-02-01 10:15:51]   [emp_id: 5237] REFRESHED: 12.61 → 12.67 (not updated)
[2026-02-01 10:15:51]   [emp_id: 5239] REFRESHED: 9.36 → 9.42 (not updated)
[2026-02-01 10:15:51]   [emp_id: 5241] REFRESHED: 7.36 → 7.42 (not updated)
[2026-02-01 10:15:51]   [emp_id: 5242] REFRESHED: 17.36 → 17.42 (not updated)
[2026-02-01 10:15:51]   [emp_id: 5243] REFRESHED: 3.77 → 3.83 (not updated)
[2026-02-01 10:15:51]   [emp_id: 5244] REFRESHED: 1.8 → 1.86 (not updated)
[2026-02-01 10:15:51]   [emp_id: 5246] REFRESHED: 13.36 → 13.42 (not updated)
[2026-02-01 10:15:51]   [emp_id: 5253] REFRESHED: 26.23 → 26.29 (not updated)
[2026-02-01 10:15:51]   [emp_id: 5254] REFRESHED: 14.21 → 14.27 (not updated)
[2026-02-01 10:15:51]   [emp_id: 5257] REFRESHED: 13.92 → 13.98 (not updated)
[2026-02-01 10:15:51]   [emp_id: 5259] REFRESHED: 50.45 → 50.51 (not updated)
[2026-02-01 10:15:51]   [emp_id: 5261] REFRESHED: 18.87 → 18.95 (not updated)
[2026-02-01 10:15:51]   [emp_id: 5264] REFRESHED: 15.93 → 15.99 (not updated)
[2026-02-01 10:15:51]   [emp_id: 5266] REFRESHED: 22.55 → 22.61 (not updated)
[2026-02-01 10:15:51]   [emp_id: 5268] REFRESHED: 11.12 → 11.18 (not updated)
[2026-02-01 10:15:51]   [emp_id: 5271] REFRESHED: 9.78 → 9.84 (not updated)
[2026-02-01 10:15:52]   [emp_id: 5272] REFRESHED: 10.65 → 10.71 (not updated)
[2026-02-01 10:15:52]   [emp_id: 5273] REFRESHED: 25.72 → 25.78 (not updated)
[2026-02-01 10:15:52]   [emp_id: 5275] REFRESHED: 11.47 → 11.53 (not updated)
[2026-02-01 10:15:52]   [emp_id: 5276] REFRESHED: 25.74 → 25.8 (not updated)
[2026-02-01 10:15:52]   [emp_id: 5278] REFRESHED: 10.13 → 10.19 (not updated)
[2026-02-01 10:15:52]   [emp_id: 5280] REFRESHED: 20.53 → 20.59 (not updated)
[2026-02-01 10:15:52]   [emp_id: 5282] REFRESHED: 14.35 → 14.43 (not updated)
[2026-02-01 10:15:52]   [emp_id: 5285] REFRESHED: 30.53 → 30.59 (not updated)
[2026-02-01 10:15:52]   [emp_id: 5286] REFRESHED: 17.53 → 17.59 (not updated)
[2026-02-01 10:15:52]   [emp_id: 5287] REFRESHED: 51.83 → 51.89 (not updated)
[2026-02-01 10:15:52]   [emp_id: 5288] REFRESHED: 9.1 → 9.16 (not updated)
[2026-02-01 10:15:52]   [emp_id: 5289] REFRESHED: 50.38 → 50.44 (not updated)
[2026-02-01 10:15:52]   [emp_id: 5290] REFRESHED: 49.15 → 49.21 (not updated)
[2026-02-01 10:15:52]   [emp_id: 5291] REFRESHED: 7.15 → 7.21 (not updated)
[2026-02-01 10:15:52]   [emp_id: 5292] REFRESHED: 7.09 → 7.15 (not updated)
[2026-02-01 10:15:52]   [emp_id: 5293] REFRESHED: 10.61 → 10.69 (not updated)
[2026-02-01 10:15:52]   [emp_id: 5294] REFRESHED: 10.27 → 10.35 (not updated)
[2026-02-01 10:15:52]   [emp_id: 5295] REFRESHED: 23.33 → 23.39 (not updated)
[2026-02-01 10:15:52]   [emp_id: 5296] REFRESHED: 37.29 → 37.37 (not updated)
[2026-02-01 10:15:52]   [emp_id: 5297] REFRESHED: 47.75 → 47.81 (not updated)
[2026-02-01 10:15:52]   [emp_id: 5298] REFRESHED: 47.75 → 47.81 (not updated)
[2026-02-01 10:15:52]   [emp_id: 5299] REFRESHED: 47.75 → 47.81 (not updated)
[2026-02-01 10:15:52]   [emp_id: 5300] REFRESHED: 47.75 → 47.81 (not updated)
[2026-02-01 10:15:52]   [emp_id: 5301] REFRESHED: 5.57 → 5.63 (not updated)
[2026-02-01 10:15:52]   [emp_id: 5303] REFRESHED: 6 → 6.06 (not updated)
[2026-02-01 10:15:52]   [emp_id: 5304] REFRESHED: 2.75 → 2.81 (not updated)
[2026-02-01 10:15:52]   [emp_id: 5305] REFRESHED: 5.75 → 5.81 (not updated)
[2026-02-01 10:15:52]   [emp_id: 5306] REFRESHED: 47.46 → 47.52 (not updated)
[2026-02-01 10:15:52]   [emp_id: 5307] REFRESHED: 47.46 → 47.52 (not updated)
[2026-02-01 10:15:52]   [emp_id: 5312] REFRESHED: 1.8 → 1.86 (not updated)
[2026-02-01 10:15:52]   [emp_id: 5318] REFRESHED: 28.17 → 28.23 (not updated)
[2026-02-01 10:15:52]   [emp_id: 5325] REFRESHED: 2.13 → 2.19 (not updated)
[2026-02-01 10:15:52]   [emp_id: 5327] REFRESHED: 3.22 → 3.28 (not updated)
[2026-02-01 10:15:52]   [emp_id: 5337] REFRESHED: 38.18 → 38.26 (not updated)
[2026-02-01 10:15:52]   [emp_id: 5339] REFRESHED: 12.32 → 12.38 (not updated)
[2026-02-01 10:15:52]   [emp_id: 5343] REFRESHED: 48.1 → 48.18 (not updated)
[2026-02-01 10:15:52]   [emp_id: 5343] REFRESHED: 48.1 → 48.18 (not updated)
[2026-02-01 10:15:52]   [emp_id: 5345] REFRESHED: 17.93 → 18.01 (not updated)
[2026-02-01 10:15:52]   [emp_id: 5346] REFRESHED: 4.04 → 4.1 (not updated)
[2026-02-01 10:15:52]   [emp_id: 5351] REFRESHED: 18.98 → 19.04 (not updated)
[2026-02-01 10:15:52]   [emp_id: 5352] REFRESHED: 28.35 → 28.43 (not updated)
[2026-02-01 10:15:52]   [emp_id: 5370] REFRESHED: 17.63 → 17.69 (not updated)
[2026-02-01 10:15:52]   [emp_id: 5371] REFRESHED: 10.1 → 10.18 (not updated)
[2026-02-01 10:15:52]   [emp_id: 5376] REFRESHED: 12.23 → 12.29 (not updated)
[2026-02-01 10:15:52]   [emp_id: 5378] REFRESHED: 20.18 → 20.26 (not updated)
[2026-02-01 10:15:52]   [emp_id: 5380] REFRESHED: 18.64 → 18.7 (not updated)
[2026-02-01 10:15:52]   [emp_id: 5381] REFRESHED: 14.62 → 14.7 (not updated)
[2026-02-01 10:15:52]   [emp_id: 5383] REFRESHED: 17.93 → 18.01 (not updated)
[2026-02-01 10:15:52]   [emp_id: 5388] REFRESHED: 29.42 → 29.48 (not updated)
[2026-02-01 10:15:52]   [emp_id: 5396] REFRESHED: 30.66 → 30.72 (not updated)
[2026-02-01 10:15:52]   [emp_id: 5397] REFRESHED: 22.12 → 22.18 (not updated)
[2026-02-01 10:15:52]   [emp_id: 5401] REFRESHED: 25.23 → 25.29 (not updated)
[2026-02-01 10:15:52]   [emp_id: 5402] REFRESHED: 25.35 → 25.41 (not updated)
[2026-02-01 10:15:52]   [emp_id: 5406] REFRESHED: 19.07 → 19.13 (not updated)
[2026-02-01 10:15:52]   [emp_id: 5407] REFRESHED: 18.7 → 18.78 (not updated)
[2026-02-01 10:15:52]   [emp_id: 5409] REFRESHED: 18.41 → 18.47 (not updated)
[2026-02-01 10:15:52]   [emp_id: 5413] REFRESHED: 31.1 → 31.18 (not updated)
[2026-02-01 10:15:52]   [emp_id: 5414] REFRESHED: 30.77 → 30.85 (not updated)
[2026-02-01 10:15:52]   [emp_id: 5415] REFRESHED: 6.7 → 6.78 (not updated)
[2026-02-01 10:15:52]   [emp_id: 5418] REFRESHED: 17.47 → 17.53 (not updated)
[2026-02-01 10:15:52]   [emp_id: 5422] REFRESHED: 23.43 → 23.51 (not updated)
[2026-02-01 10:15:52]   [emp_id: 5423] REFRESHED: 8.12 → 8.2 (not updated)
[2026-02-01 10:15:52]   [emp_id: 5425] REFRESHED: 16.02 → 16.08 (not updated)
[2026-02-01 10:15:52]   [emp_id: 5426] REFRESHED: 4.67 → 4.75 (not updated)
[2026-02-01 10:15:52]   [emp_id: 5426] REFRESHED: 4.67 → 4.75 (not updated)
[2026-02-01 10:15:53]   [emp_id: 5427] REFRESHED: 16.13 → 16.19 (not updated)
[2026-02-01 10:15:53]   [emp_id: 5428] REFRESHED: 16.02 → 16.08 (not updated)
[2026-02-01 10:15:53]   [emp_id: 5430] REFRESHED: 20.49 → 20.57 (not updated)
[2026-02-01 10:15:53]   [emp_id: 5431] REFRESHED: 15.14 → 15.2 (not updated)
[2026-02-01 10:15:53]   [emp_id: 5433] REFRESHED: 15.16 → 15.22 (not updated)
[2026-02-01 10:15:53]   [emp_id: 5434] REFRESHED: 14.91 → 14.97 (not updated)
[2026-02-01 10:15:53]   [emp_id: 5435] REFRESHED: 14.85 → 14.91 (not updated)
[2026-02-01 10:15:53]   [emp_id: 5436] REFRESHED: 14.85 → 14.91 (not updated)
[2026-02-01 10:15:53]   [emp_id: 5438] REFRESHED: 18.35 → 18.43 (not updated)
[2026-02-01 10:15:53]   [emp_id: 5439] REFRESHED: 27.85 → 27.93 (not updated)
[2026-02-01 10:15:53]   [emp_id: 5442] REFRESHED: 16.85 → 16.93 (not updated)
[2026-02-01 10:15:53]   [emp_id: 5445] REFRESHED: 9.31 → 9.37 (not updated)
[2026-02-01 10:15:53]   [emp_id: 5446] REFRESHED: 9.31 → 9.37 (not updated)
[2026-02-01 10:15:53]   [emp_id: 5447] REFRESHED: 9.25 → 9.31 (not updated)
[2026-02-01 10:15:53]   [emp_id: 5448] REFRESHED: 3.87 → 3.95 (not updated)
[2026-02-01 10:15:53]   [emp_id: 5449] REFRESHED: 7.33 → 7.39 (not updated)
[2026-02-01 10:15:53]   [emp_id: 5450] REFRESHED: 7.27 → 7.33 (not updated)
[2026-02-01 10:15:53]   [emp_id: 5451] REFRESHED: 7.27 → 7.33 (not updated)
[2026-02-01 10:15:53]   [emp_id: 5453] REFRESHED: 7.11 → 7.17 (not updated)
[2026-02-01 10:15:53]   [emp_id: 5454] REFRESHED: 9.93 → 10.01 (not updated)
[2026-02-01 10:15:53]   [emp_id: 5455] REFRESHED: 4.18 → 4.26 (not updated)
[2026-02-01 10:15:53]   [emp_id: 5456] REFRESHED: 9.18 → 9.26 (not updated)
[2026-02-01 10:15:53]   [emp_id: 5457] REFRESHED: 6.36 → 6.42 (not updated)
[2026-02-01 10:15:53]   [emp_id: 5460] REFRESHED: 7.83 → 7.91 (not updated)
[2026-02-01 10:15:53]   [emp_id: 5463] REFRESHED: 7.16 → 7.24 (not updated)
[2026-02-01 10:15:53]   [emp_id: 5464] REFRESHED: 7.16 → 7.24 (not updated)
[2026-02-01 10:15:53]   [emp_id: 5466] REFRESHED: 4.91 → 4.99 (not updated)
[2026-02-01 10:15:53]   [emp_id: 5467] REFRESHED: 3.83 → 3.91 (not updated)
[2026-02-01 10:15:53]   [emp_id: 5468] REFRESHED: 2.78 → 2.86 (not updated)
[2026-02-01 10:15:53]   [emp_id: 5469] REFRESHED: 2.69 → 2.77 (not updated)
[2026-02-01 10:15:53] Report saved to: D:\xampp\htdocs\almutlak\system/cron_logs/last_vacation_update_report.json
[2026-02-01 10:16:14] ========== CRON: Vacation Balance Update Started ==========
[2026-02-01 10:16:14] Force level: 1 (0=normal, 1=check missing, 2=full bypass)
[2026-02-01 10:16:14] Source: CLI (argv)
[2026-02-01 10:16:14] FORCE LEVEL 1: Checking for missing records and refreshing values (NOT updating last_updated)
[2026-02-01 10:16:14] FORCE LEVEL 1: Checking for missing records only
[2026-02-01 10:16:14] Database connection established
[2026-02-01 10:16:14] Found 433 active employees with balance records to update
[2026-02-01 10:16:14] (Only employees with status=1 will be processed)
[2026-02-01 10:16:14]   [emp_id: 1061] REFRESHED: 2.42 → 2.5 (not updated)
[2026-02-01 10:16:14]   [emp_id: 1496] REFRESHED: 19.27 → 19.35 (not updated)
[2026-02-01 10:16:14]   [emp_id: 1500] REFRESHED: 6.95 → 7.03 (not updated)
[2026-02-01 10:16:14]   [emp_id: 1574] REFRESHED: 36.18 → 36.26 (not updated)
[2026-02-01 10:16:14]   [emp_id: 1673] REFRESHED: 47.68 → 47.76 (not updated)
[2026-02-01 10:16:14]   [emp_id: 1685] REFRESHED: 17.6 → 17.68 (not updated)
[2026-02-01 10:16:14]   [emp_id: 1764] REFRESHED: 72.27 → 72.35 (not updated)
[2026-02-01 10:16:15]   [emp_id: 1805] REFRESHED: 66.6 → 66.68 (not updated)
[2026-02-01 10:16:15]   [emp_id: 1822] REFRESHED: 71.35 → 71.43 (not updated)
[2026-02-01 10:16:15]   [emp_id: 1837] REFRESHED: 27.52 → 27.6 (not updated)
[2026-02-01 10:16:15]   [emp_id: 1857] REFRESHED: 22.85 → 22.93 (not updated)
[2026-02-01 10:16:15]   [emp_id: 1861] REFRESHED: 73.68 → 73.76 (not updated)
[2026-02-01 10:16:15]   [emp_id: 1872] REFRESHED: 12.52 → 12.6 (not updated)
[2026-02-01 10:16:15]   [emp_id: 1897] REFRESHED: 7.85 → 7.93 (not updated)
[2026-02-01 10:16:15]   [emp_id: 1916] REFRESHED: 14.15 → 14.23 (not updated)
[2026-02-01 10:16:15]   [emp_id: 1928] REFRESHED: 67.1 → 67.18 (not updated)
[2026-02-01 10:16:15]   [emp_id: 1931] REFRESHED: 87.02 → 87.1 (not updated)
[2026-02-01 10:16:15]   [emp_id: 1944] REFRESHED: 45.18 → 45.26 (not updated)
[2026-02-01 10:16:15]   [emp_id: 1996] REFRESHED: 73.68 → 73.76 (not updated)
[2026-02-01 10:16:15]   [emp_id: 1997] REFRESHED: 38.85 → 38.93 (not updated)
[2026-02-01 10:16:15]   [emp_id: 1998] REFRESHED: 30.29 → 30.37 (not updated)
[2026-02-01 10:16:15]   [emp_id: 1999] REFRESHED: 31.29 → 31.37 (not updated)
[2026-02-01 10:16:15]   [emp_id: 2009] REFRESHED: 37.6 → 37.68 (not updated)
[2026-02-01 10:16:15]   [emp_id: 2048] REFRESHED: 27.43 → 27.51 (not updated)
[2026-02-01 10:16:15]   [emp_id: 2057] REFRESHED: 68.27 → 68.35 (not updated)
[2026-02-01 10:16:15]   [emp_id: 2079] REFRESHED: 50.6 → 50.68 (not updated)
[2026-02-01 10:16:15]   [emp_id: 2181] REFRESHED: 39.6 → 39.68 (not updated)
[2026-02-01 10:16:15]   [emp_id: 2190] REFRESHED: 8.93 → 9.01 (not updated)
[2026-02-01 10:16:15]   [emp_id: 2212] REFRESHED: 26.93 → 27.01 (not updated)
[2026-02-01 10:16:15]   [emp_id: 2226] REFRESHED: 71.68 → 71.76 (not updated)
[2026-02-01 10:16:15]   [emp_id: 2238] REFRESHED: 69.93 → 70.01 (not updated)
[2026-02-01 10:16:15]   [emp_id: 2285] REFRESHED: 38.6 → 38.68 (not updated)
[2026-02-01 10:16:15]   [emp_id: 2287] REFRESHED: 50.27 → 50.35 (not updated)
[2026-02-01 10:16:15]   [emp_id: 2288] REFRESHED: 5.29 → 5.37 (not updated)
[2026-02-01 10:16:15]   [emp_id: 2316] REFRESHED: 19.1 → 19.18 (not updated)
[2026-02-01 10:16:15]   [emp_id: 2337] REFRESHED: 40.18 → 40.26 (not updated)
[2026-02-01 10:16:15]   [emp_id: 2352] REFRESHED: 71.68 → 71.76 (not updated)
[2026-02-01 10:16:15]   [emp_id: 2358] REFRESHED: 8.18 → 8.26 (not updated)
[2026-02-01 10:16:15]   [emp_id: 2361] REFRESHED: 73.85 → 73.93 (not updated)
[2026-02-01 10:16:15]   [emp_id: 2363] REFRESHED: 76.43 → 76.51 (not updated)
[2026-02-01 10:16:15]   [emp_id: 2364] REFRESHED: 75.85 → 75.93 (not updated)
[2026-02-01 10:16:15]   [emp_id: 2367] REFRESHED: 103.52 → 103.6 (not updated)
[2026-02-01 10:16:15]   [emp_id: 2368] REFRESHED: 33.93 → 34.01 (not updated)
[2026-02-01 10:16:15]   [emp_id: 2372] REFRESHED: 71.18 → 71.26 (not updated)
[2026-02-01 10:16:15]   [emp_id: 2376] REFRESHED: 121.18 → 121.26 (not updated)
[2026-02-01 10:16:15]   [emp_id: 2423] REFRESHED: 21.93 → 22.01 (not updated)
[2026-02-01 10:16:15]   [emp_id: 2519] REFRESHED: 115.6 → 115.68 (not updated)
[2026-02-01 10:16:15]   [emp_id: 2522] REFRESHED: 59.18 → 59.26 (not updated)
[2026-02-01 10:16:15]   [emp_id: 2530] REFRESHED: 54.43 → 54.51 (not updated)
[2026-02-01 10:16:15]   [emp_id: 2539] REFRESHED: 51.18 → 51.26 (not updated)
[2026-02-01 10:16:15]   [emp_id: 2541] REFRESHED: 31.77 → 31.85 (not updated)
[2026-02-01 10:16:15]   [emp_id: 2550] REFRESHED: 97.93 → 98.01 (not updated)
[2026-02-01 10:16:15]   [emp_id: 2553] REFRESHED: 35.04 → 35.12 (not updated)
[2026-02-01 10:16:15]   [emp_id: 2554] REFRESHED: 41.52 → 41.6 (not updated)
[2026-02-01 10:16:15]   [emp_id: 2565] REFRESHED: 96.1 → 96.18 (not updated)
[2026-02-01 10:16:15]   [emp_id: 2572] REFRESHED: 46.1 → 46.18 (not updated)
[2026-02-01 10:16:15]   [emp_id: 2637] REFRESHED: 66.68 → 66.76 (not updated)
[2026-02-01 10:16:15]   [emp_id: 2642] REFRESHED: 79.43 → 79.51 (not updated)
[2026-02-01 10:16:15]   [emp_id: 2645] REFRESHED: 95.43 → 95.51 (not updated)
[2026-02-01 10:16:15]   [emp_id: 2648] REFRESHED: 47.1 → 47.18 (not updated)
[2026-02-01 10:16:15]   [emp_id: 2654] REFRESHED: 89.77 → 89.85 (not updated)
[2026-02-01 10:16:15]   [emp_id: 2688] REFRESHED: 27.85 → 27.93 (not updated)
[2026-02-01 10:16:15]   [emp_id: 2690] REFRESHED: 16.6 → 16.68 (not updated)
[2026-02-01 10:16:15]   [emp_id: 2709] REFRESHED: 38.85 → 38.93 (not updated)
[2026-02-01 10:16:15]   [emp_id: 2745] REFRESHED: 35.43 → 35.51 (not updated)
[2026-02-01 10:16:15]   [emp_id: 2843] REFRESHED: 82.02 → 82.1 (not updated)
[2026-02-01 10:16:15]   [emp_id: 2854] REFRESHED: 61.93 → 62.01 (not updated)
[2026-02-01 10:16:15]   [emp_id: 2869] REFRESHED: 5.85 → 5.93 (not updated)
[2026-02-01 10:16:15]   [emp_id: 2876] REFRESHED: 36.68 → 36.76 (not updated)
[2026-02-01 10:16:15]   [emp_id: 2924] REFRESHED: 17.85 → 17.93 (not updated)
[2026-02-01 10:16:15]   [emp_id: 2953] REFRESHED: 103.6 → 103.68 (not updated)
[2026-02-01 10:16:15]   [emp_id: 2961] REFRESHED: 13.6 → 13.68 (not updated)
[2026-02-01 10:16:15]   [emp_id: 2975] REFRESHED: 3.28 → 3.36 (not updated)
[2026-02-01 10:16:15]   [emp_id: 3013] REFRESHED: 12.6 → 12.68 (not updated)
[2026-02-01 10:16:15]   [emp_id: 3014] REFRESHED: 91.85 → 91.93 (not updated)
[2026-02-01 10:16:15]   [emp_id: 3015] REFRESHED: 3.1 → 3.18 (not updated)
[2026-02-01 10:16:15]   [emp_id: 3018] REFRESHED: 61.85 → 61.93 (not updated)
[2026-02-01 10:16:16]   [emp_id: 3025] REFRESHED: 25.62 → 25.7 (not updated)
[2026-02-01 10:16:16]   [emp_id: 3037] REFRESHED: 85.35 → 85.43 (not updated)
[2026-02-01 10:16:16]   [emp_id: 3047] REFRESHED: 73.6 → 73.68 (not updated)
[2026-02-01 10:16:16]   [emp_id: 3061] REFRESHED: 20.52 → 20.6 (not updated)
[2026-02-01 10:16:16]   [emp_id: 3062] REFRESHED: 53.68 → 53.76 (not updated)
[2026-02-01 10:16:16]   [emp_id: 3074] REFRESHED: 110.1 → 110.18 (not updated)
[2026-02-01 10:16:16]   [emp_id: 3089] REFRESHED: 9.02 → 9.1 (not updated)
[2026-02-01 10:16:16]   [emp_id: 3090] REFRESHED: 35.6 → 35.68 (not updated)
[2026-02-01 10:16:16]   [emp_id: 3091] REFRESHED: 47.6 → 47.68 (not updated)
[2026-02-01 10:16:16]   [emp_id: 3092] REFRESHED: 30.27 → 30.35 (not updated)
[2026-02-01 10:16:16]   [emp_id: 3105] REFRESHED: 50.6 → 50.68 (not updated)
[2026-02-01 10:16:16]   [emp_id: 3134] REFRESHED: 46.35 → 46.43 (not updated)
[2026-02-01 10:16:16]   [emp_id: 3140] REFRESHED: 43.43 → 43.51 (not updated)
[2026-02-01 10:16:16]   [emp_id: 3144] REFRESHED: 16.27 → 16.35 (not updated)
[2026-02-01 10:16:16]   [emp_id: 3156] REFRESHED: 19.6 → 19.68 (not updated)
[2026-02-01 10:16:16]   [emp_id: 3162] REFRESHED: 4.58 → 4.66 (not updated)
[2026-02-01 10:16:16]   [emp_id: 3163] REFRESHED: 7.85 → 7.93 (not updated)
[2026-02-01 10:16:16]   [emp_id: 3198] REFRESHED: 42.85 → 42.93 (not updated)
[2026-02-01 10:16:16]   [emp_id: 3205] REFRESHED: 19.52 → 19.6 (not updated)
[2026-02-01 10:16:16]   [emp_id: 3209] REFRESHED: 43.68 → 43.76 (not updated)
[2026-02-01 10:16:16]   [emp_id: 3223] REFRESHED: 92.6 → 92.68 (not updated)
[2026-02-01 10:16:16]   [emp_id: 3224] REFRESHED: 67.35 → 67.43 (not updated)
[2026-02-01 10:16:16]   [emp_id: 3230] REFRESHED: 90.77 → 90.85 (not updated)
[2026-02-01 10:16:16]   [emp_id: 3231] REFRESHED: 3.14 → 3.22 (not updated)
[2026-02-01 10:16:16]   [emp_id: 3233] REFRESHED: 83.6 → 83.68 (not updated)
[2026-02-01 10:16:16]   [emp_id: 3249] REFRESHED: 39.43 → 39.51 (not updated)
[2026-02-01 10:16:16]   [emp_id: 3250] REFRESHED: 12.43 → 12.51 (not updated)
[2026-02-01 10:16:16]   [emp_id: 3252] REFRESHED: 13.35 → 13.43 (not updated)
[2026-02-01 10:16:16]   [emp_id: 3254] REFRESHED: 23.85 → 23.93 (not updated)
[2026-02-01 10:16:16]   [emp_id: 3255] REFRESHED: 20.27 → 20.35 (not updated)
[2026-02-01 10:16:16]   [emp_id: 3256] REFRESHED: 16.52 → 16.6 (not updated)
[2026-02-01 10:16:16]   [emp_id: 3263] REFRESHED: 32.6 → 32.68 (not updated)
[2026-02-01 10:16:16]   [emp_id: 3265] REFRESHED: 28.18 → 28.26 (not updated)
[2026-02-01 10:16:16]   [emp_id: 3280] REFRESHED: 75.1 → 75.18 (not updated)
[2026-02-01 10:16:16]   [emp_id: 3286] REFRESHED: 18.27 → 18.35 (not updated)
[2026-02-01 10:16:16]   [emp_id: 3294] REFRESHED: 17.93 → 18.01 (not updated)
[2026-02-01 10:16:16]   [emp_id: 3321] REFRESHED: 75.1 → 75.18 (not updated)
[2026-02-01 10:16:16]   [emp_id: 3325] REFRESHED: 62.85 → 62.93 (not updated)
[2026-02-01 10:16:16]   [emp_id: 3329] REFRESHED: 65.18 → 65.26 (not updated)
[2026-02-01 10:16:16]   [emp_id: 3330] REFRESHED: 65.18 → 65.26 (not updated)
[2026-02-01 10:16:16]   [emp_id: 3332] REFRESHED: 65.18 → 65.26 (not updated)
[2026-02-01 10:16:16]   [emp_id: 3370] REFRESHED: 56.69 → 56.77 (not updated)
[2026-02-01 10:16:16]   [emp_id: 3384] REFRESHED: 17.35 → 17.43 (not updated)
[2026-02-01 10:16:16]   [emp_id: 3386] REFRESHED: 47.35 → 47.43 (not updated)
[2026-02-01 10:16:16]   [emp_id: 3431] REFRESHED: 21.77 → 21.85 (not updated)
[2026-02-01 10:16:16]   [emp_id: 3497] REFRESHED: 11.93 → 12.01 (not updated)
[2026-02-01 10:16:16]   [emp_id: 3532] REFRESHED: 2.77 → 2.85 (not updated)
[2026-02-01 10:16:16]   [emp_id: 3602] REFRESHED: 4.34 → 4.42 (not updated)
[2026-02-01 10:16:16]   [emp_id: 3618] REFRESHED: 26.32 → 26.4 (not updated)
[2026-02-01 10:16:16]   [emp_id: 3622] REFRESHED: 36.57 → 36.63 (not updated)
[2026-02-01 10:16:16]   [emp_id: 3627] REFRESHED: 12.27 → 12.35 (not updated)
[2026-02-01 10:16:16]   [emp_id: 3665] REFRESHED: 53.85 → 53.93 (not updated)
[2026-02-01 10:16:16]   [emp_id: 3705] REFRESHED: 29.9 → 29.96 (not updated)
[2026-02-01 10:16:16]   [emp_id: 3724] REFRESHED: 46.85 → 46.93 (not updated)
[2026-02-01 10:16:16]   [emp_id: 3726] REFRESHED: 63.27 → 63.35 (not updated)
[2026-02-01 10:16:16]   [emp_id: 3727] REFRESHED: 68.35 → 68.43 (not updated)
[2026-02-01 10:16:16]   [emp_id: 3728] REFRESHED: 12.68 → 12.76 (not updated)
[2026-02-01 10:16:16]   [emp_id: 3767] REFRESHED: 3.43 → 3.51 (not updated)
[2026-02-01 10:16:16]   [emp_id: 3768] REFRESHED: 59.68 → 59.76 (not updated)
[2026-02-01 10:16:16]   [emp_id: 3787] REFRESHED: 60.27 → 60.35 (not updated)
[2026-02-01 10:16:16]   [emp_id: 3790] REFRESHED: 4.82 → 4.9 (not updated)
[2026-02-01 10:16:16]   [emp_id: 3795] REFRESHED: 17.77 → 17.85 (not updated)
[2026-02-01 10:16:16]   [emp_id: 3798] REFRESHED: 96.18 → 96.26 (not updated)
[2026-02-01 10:16:16]   [emp_id: 3801] REFRESHED: 4.45 → 4.53 (not updated)
[2026-02-01 10:16:16]   [emp_id: 3802] REFRESHED: 33.43 → 33.51 (not updated)
[2026-02-01 10:16:16]   [emp_id: 3803] REFRESHED: 117.85 → 117.93 (not updated)
[2026-02-01 10:16:16]   [emp_id: 3810] REFRESHED: 63.85 → 63.93 (not updated)
[2026-02-01 10:16:17]   [emp_id: 3812] REFRESHED: 92.85 → 92.93 (not updated)
[2026-02-01 10:16:17]   [emp_id: 3815] REFRESHED: 92.85 → 92.93 (not updated)
[2026-02-01 10:16:17]   [emp_id: 3836] REFRESHED: 60.52 → 60.6 (not updated)
[2026-02-01 10:16:17]   [emp_id: 3855] REFRESHED: 53.68 → 53.76 (not updated)
[2026-02-01 10:16:17]   [emp_id: 3857] REFRESHED: 57.35 → 57.43 (not updated)
[2026-02-01 10:16:17]   [emp_id: 3862] REFRESHED: 105.43 → 105.51 (not updated)
[2026-02-01 10:16:17]   [emp_id: 3866] REFRESHED: 30.68 → 30.76 (not updated)
[2026-02-01 10:16:17]   [emp_id: 3876] REFRESHED: 26.85 → 26.93 (not updated)
[2026-02-01 10:16:17]   [emp_id: 3877] REFRESHED: 52.35 → 52.43 (not updated)
[2026-02-01 10:16:17]   [emp_id: 3897] REFRESHED: 40.6 → 40.68 (not updated)
[2026-02-01 10:16:17]   [emp_id: 3899] REFRESHED: 2.42 → 2.5 (not updated)
[2026-02-01 10:16:17]   [emp_id: 3928] REFRESHED: 16.68 → 16.76 (not updated)
[2026-02-01 10:16:17]   [emp_id: 3929] REFRESHED: 11.68 → 11.76 (not updated)
[2026-02-01 10:16:17]   [emp_id: 3935] REFRESHED: 96.68 → 96.76 (not updated)
[2026-02-01 10:16:17]   [emp_id: 3952] REFRESHED: 78.02 → 78.1 (not updated)
[2026-02-01 10:16:17]   [emp_id: 3987] REFRESHED: 16.93 → 17.01 (not updated)
[2026-02-01 10:16:17]   [emp_id: 4059] REFRESHED: 6.13 → 6.21 (not updated)
[2026-02-01 10:16:17]   [emp_id: 4119] REFRESHED: 59.6 → 59.68 (not updated)
[2026-02-01 10:16:17]   [emp_id: 4120] REFRESHED: 29.18 → 29.26 (not updated)
[2026-02-01 10:16:17]   [emp_id: 4124] REFRESHED: 29.7 → 29.78 (not updated)
[2026-02-01 10:16:17]   [emp_id: 4133] REFRESHED: 108.18 → 108.26 (not updated)
[2026-02-01 10:16:17]   [emp_id: 4134] REFRESHED: 29.18 → 29.26 (not updated)
[2026-02-01 10:16:17]   [emp_id: 4136] REFRESHED: 29.18 → 29.26 (not updated)
[2026-02-01 10:16:17]   [emp_id: 4150] REFRESHED: 27.85 → 27.93 (not updated)
[2026-02-01 10:16:17]   [emp_id: 4157] REFRESHED: 21.35 → 21.43 (not updated)
[2026-02-01 10:16:17]   [emp_id: 4172] REFRESHED: 14.48 → 14.54 (not updated)
[2026-02-01 10:16:17]   [emp_id: 4195] REFRESHED: 64.93 → 65.01 (not updated)
[2026-02-01 10:16:17]   [emp_id: 4215] REFRESHED: 47.6 → 47.68 (not updated)
[2026-02-01 10:16:17]   [emp_id: 4220] REFRESHED: 43.18 → 43.26 (not updated)
[2026-02-01 10:16:17]   [emp_id: 4273] REFRESHED: 11.85 → 11.93 (not updated)
[2026-02-01 10:16:17]   [emp_id: 4283] REFRESHED: 15.57 → 15.63 (not updated)
[2026-02-01 10:16:17]   [emp_id: 4288] REFRESHED: 2.42 → 2.5 (not updated)
[2026-02-01 10:16:17]   [emp_id: 4315] REFRESHED: 15.1 → 15.18 (not updated)
[2026-02-01 10:16:17]   [emp_id: 4328] REFRESHED: 44.4 → 44.46 (not updated)
[2026-02-01 10:16:17]   [emp_id: 4329] REFRESHED: 8.27 → 8.35 (not updated)
[2026-02-01 10:16:17]   [emp_id: 4338] REFRESHED: 49.85 → 49.93 (not updated)
[2026-02-01 10:16:17]   [emp_id: 4340] REFRESHED: 111.85 → 111.93 (not updated)
[2026-02-01 10:16:17]   [emp_id: 4365] REFRESHED: 63.27 → 63.35 (not updated)
[2026-02-01 10:16:17]   [emp_id: 4366] REFRESHED: 62.35 → 62.43 (not updated)
[2026-02-01 10:16:17]   [emp_id: 4403] REFRESHED: 88.18 → 88.26 (not updated)
[2026-02-01 10:16:17]   [emp_id: 4438] REFRESHED: 23.85 → 23.93 (not updated)
[2026-02-01 10:16:17]   [emp_id: 4465] REFRESHED: 14.73 → 14.79 (not updated)
[2026-02-01 10:16:17]   [emp_id: 4473] REFRESHED: 47.43 → 47.51 (not updated)
[2026-02-01 10:16:17]   [emp_id: 4474] REFRESHED: 5.24 → 5.3 (not updated)
[2026-02-01 10:16:17]   [emp_id: 4493] REFRESHED: 166.27 → 166.35 (not updated)
[2026-02-01 10:16:17]   [emp_id: 4526] REFRESHED: 38.52 → 38.6 (not updated)
[2026-02-01 10:16:17]   [emp_id: 4528] REFRESHED: 110.27 → 110.35 (not updated)
[2026-02-01 10:16:17]   [emp_id: 4528] REFRESHED: 110.27 → 110.35 (not updated)
[2026-02-01 10:16:17]   [emp_id: 4532] REFRESHED: 9.85 → 9.91 (not updated)
[2026-02-01 10:16:17]   [emp_id: 4533] REFRESHED: 38.68 → 38.76 (not updated)
[2026-02-01 10:16:17]   [emp_id: 4565] REFRESHED: 17.23 → 17.29 (not updated)
[2026-02-01 10:16:17]   [emp_id: 4567] REFRESHED: 21.48 → 21.54 (not updated)
[2026-02-01 10:16:17]   [emp_id: 4572] REFRESHED: 60.98 → 61.04 (not updated)
[2026-02-01 10:16:17]   [emp_id: 4631] REFRESHED: 17.23 → 17.29 (not updated)
[2026-02-01 10:16:17]   [emp_id: 4655] REFRESHED: 27.6 → 27.68 (not updated)
[2026-02-01 10:16:17]   [emp_id: 4709] REFRESHED: 42.85 → 42.93 (not updated)
[2026-02-01 10:16:17]   [emp_id: 4717] REFRESHED: 68.85 → 68.93 (not updated)
[2026-02-01 10:16:17]   [emp_id: 4736] REFRESHED: 30.68 → 30.76 (not updated)
[2026-02-01 10:16:17]   [emp_id: 4756] REFRESHED: 13.67 → 13.73 (not updated)
[2026-02-01 10:16:17]   [emp_id: 4768] REFRESHED: 16.35 → 16.43 (not updated)
[2026-02-01 10:16:17]   [emp_id: 4780] REFRESHED: 67.4 → 67.46 (not updated)
[2026-02-01 10:16:18]   [emp_id: 4820] REFRESHED: 101.68 → 101.76 (not updated)
[2026-02-01 10:16:18]   [emp_id: 4824] REFRESHED: 4.86 → 4.94 (not updated)
[2026-02-01 10:16:18]   [emp_id: 4825] REFRESHED: 33.43 → 33.51 (not updated)
[2026-02-01 10:16:18]   [emp_id: 4837] REFRESHED: 47.39 → 47.45 (not updated)
[2026-02-01 10:16:18]   [emp_id: 4840] REFRESHED: 47.39 → 47.45 (not updated)
[2026-02-01 10:16:18]   [emp_id: 4842] REFRESHED: 46.63 → 46.69 (not updated)
[2026-02-01 10:16:18]   [emp_id: 4843] REFRESHED: 47.16 → 47.22 (not updated)
[2026-02-01 10:16:18]   [emp_id: 4853] REFRESHED: 90.98 → 91.04 (not updated)
[2026-02-01 10:16:18]   [emp_id: 4856] REFRESHED: 44.3 → 44.36 (not updated)
[2026-02-01 10:16:18]   [emp_id: 4857] REFRESHED: 27.12 → 27.18 (not updated)
[2026-02-01 10:16:18]   [emp_id: 4858] REFRESHED: 24 → 24.06 (not updated)
[2026-02-01 10:16:18]   [emp_id: 4859] REFRESHED: 45.47 → 45.53 (not updated)
[2026-02-01 10:16:18]   [emp_id: 4860] REFRESHED: 9.97 → 10.03 (not updated)
[2026-02-01 10:16:18]   [emp_id: 4861] REFRESHED: 43.43 → 43.49 (not updated)
[2026-02-01 10:16:18]   [emp_id: 4869] REFRESHED: 86.31 → 86.37 (not updated)
[2026-02-01 10:16:18]   [emp_id: 4894] REFRESHED: 10.35 → 10.43 (not updated)
[2026-02-01 10:16:18]   [emp_id: 4897] REFRESHED: 25.21 → 25.27 (not updated)
[2026-02-01 10:16:18]   [emp_id: 4899] REFRESHED: 21.38 → 21.44 (not updated)
[2026-02-01 10:16:18]   [emp_id: 4902] REFRESHED: 20.8 → 20.86 (not updated)
[2026-02-01 10:16:18]   [emp_id: 4903] REFRESHED: 23.02 → 23.08 (not updated)
[2026-02-01 10:16:18]   [emp_id: 4905] REFRESHED: 21.68 → 21.74 (not updated)
[2026-02-01 10:16:18]   [emp_id: 4907] REFRESHED: 50.43 → 50.51 (not updated)
[2026-02-01 10:16:18]   [emp_id: 4917] REFRESHED: 18.64 → 18.7 (not updated)
[2026-02-01 10:16:18]   [emp_id: 4918] REFRESHED: 8.41 → 8.47 (not updated)
[2026-02-01 10:16:18]   [emp_id: 4919] REFRESHED: 60.7 → 60.76 (not updated)
[2026-02-01 10:16:18]   [emp_id: 4920] REFRESHED: 7.78 → 7.84 (not updated)
[2026-02-01 10:16:18]   [emp_id: 4921] REFRESHED: 19.87 → 19.93 (not updated)
[2026-02-01 10:16:18]   [emp_id: 4927] REFRESHED: 18.7 → 18.76 (not updated)
[2026-02-01 10:16:18]   [emp_id: 4929] REFRESHED: 20.22 → 20.28 (not updated)
[2026-02-01 10:16:18]   [emp_id: 4930] REFRESHED: 60.99 → 61.05 (not updated)
[2026-02-01 10:16:18]   [emp_id: 4932] REFRESHED: 18.99 → 19.05 (not updated)
[2026-02-01 10:16:18]   [emp_id: 4933] REFRESHED: 22.4 → 22.46 (not updated)
[2026-02-01 10:16:18]   [emp_id: 4949] REFRESHED: 25.83 → 25.89 (not updated)
[2026-02-01 10:16:18]   [emp_id: 4956] REFRESHED: 31.42 → 31.48 (not updated)
[2026-02-01 10:16:18]   [emp_id: 4957] REFRESHED: 27.09 → 27.15 (not updated)
[2026-02-01 10:16:18]   [emp_id: 4962] REFRESHED: 49.79 → 49.87 (not updated)
[2026-02-01 10:16:18]   [emp_id: 4969] REFRESHED: 49.1 → 49.18 (not updated)
[2026-02-01 10:16:18]   [emp_id: 4976] REFRESHED: 12.11 → 12.17 (not updated)
[2026-02-01 10:16:18]   [emp_id: 4984] REFRESHED: 40.35 → 40.43 (not updated)
[2026-02-01 10:16:18]   [emp_id: 4995] REFRESHED: 52.42 → 52.5 (not updated)
[2026-02-01 10:16:18]   [emp_id: 5004] REFRESHED: 29.05 → 29.11 (not updated)
[2026-02-01 10:16:18]   [emp_id: 5006] REFRESHED: 28.79 → 28.85 (not updated)
[2026-02-01 10:16:18]   [emp_id: 5011] REFRESHED: 8.2 → 8.28 (not updated)
[2026-02-01 10:16:18]   [emp_id: 5013] REFRESHED: 69.16 → 69.22 (not updated)
[2026-02-01 10:16:18]   [emp_id: 5018] REFRESHED: 5.65 → 5.71 (not updated)
[2026-02-01 10:16:18]   [emp_id: 5021] REFRESHED: 63.45 → 63.53 (not updated)
[2026-02-01 10:16:18]   [emp_id: 5024] REFRESHED: 3.67 → 3.73 (not updated)
[2026-02-01 10:16:18]   [emp_id: 5030] REFRESHED: 33.62 → 33.68 (not updated)
[2026-02-01 10:16:18]   [emp_id: 5033] REFRESHED: 12.42 → 12.48 (not updated)
[2026-02-01 10:16:18]   [emp_id: 5043] REFRESHED: 33.02 → 33.1 (not updated)
[2026-02-01 10:16:18]   [emp_id: 5045] REFRESHED: 29.52 → 29.6 (not updated)
[2026-02-01 10:16:18]   [emp_id: 5046] REFRESHED: 24.71 → 24.79 (not updated)
[2026-02-01 10:16:18]   [emp_id: 5049] REFRESHED: 1.1 → 1.16 (not updated)
[2026-02-01 10:16:18]   [emp_id: 5052] REFRESHED: 32.38 → 32.44 (not updated)
[2026-02-01 10:16:18]   [emp_id: 5055] REFRESHED: 20.82 → 20.88 (not updated)
[2026-02-01 10:16:18]   [emp_id: 5058] REFRESHED: 29.8 → 29.86 (not updated)
[2026-02-01 10:16:18]   [emp_id: 5062] REFRESHED: 41.63 → 41.69 (not updated)
[2026-02-01 10:16:18]   [emp_id: 5064] REFRESHED: 120.35 → 120.43 (not updated)
[2026-02-01 10:16:18]   [emp_id: 5065] REFRESHED: 41.04 → 41.1 (not updated)
[2026-02-01 10:16:18]   [emp_id: 5071] REFRESHED: 25.85 → 25.93 (not updated)
[2026-02-01 10:16:18]   [emp_id: 5073] REFRESHED: 15.64 → 15.7 (not updated)
[2026-02-01 10:16:18]   [emp_id: 5079] REFRESHED: 36.2 → 36.26 (not updated)
[2026-02-01 10:16:18]   [emp_id: 5080] REFRESHED: 29.53 → 29.59 (not updated)
[2026-02-01 10:16:19]   [emp_id: 5081] REFRESHED: 17.79 → 17.85 (not updated)
[2026-02-01 10:16:19]   [emp_id: 5087] REFRESHED: 37.83 → 37.89 (not updated)
[2026-02-01 10:16:19]   [emp_id: 5091] REFRESHED: 77.68 → 77.74 (not updated)
[2026-02-01 10:16:19]   [emp_id: 5093] REFRESHED: 17.02 → 17.1 (not updated)
[2026-02-01 10:16:19]   [emp_id: 5095] REFRESHED: 3.22 → 3.28 (not updated)
[2026-02-01 10:16:19]   [emp_id: 5101] REFRESHED: 19.1 → 19.18 (not updated)
[2026-02-01 10:16:19]   [emp_id: 5107] REFRESHED: 17.43 → 17.51 (not updated)
[2026-02-01 10:16:19]   [emp_id: 5109] REFRESHED: 14.68 → 14.76 (not updated)
[2026-02-01 10:16:19]   [emp_id: 5119] REFRESHED: 12.85 → 12.93 (not updated)
[2026-02-01 10:16:19]   [emp_id: 5122] REFRESHED: 10.02 → 10.1 (not updated)
[2026-02-01 10:16:19]   [emp_id: 5126] REFRESHED: 28.56 → 28.62 (not updated)
[2026-02-01 10:16:19]   [emp_id: 5127] REFRESHED: 7.35 → 7.41 (not updated)
[2026-02-01 10:16:19]   [emp_id: 5128] REFRESHED: 28.5 → 28.56 (not updated)
[2026-02-01 10:16:19]   [emp_id: 5138] REFRESHED: 52.68 → 52.76 (not updated)
[2026-02-01 10:16:19]   [emp_id: 5138] REFRESHED: 52.68 → 52.76 (not updated)
[2026-02-01 10:16:19]   [emp_id: 5141] REFRESHED: 36.87 → 36.93 (not updated)
[2026-02-01 10:16:19]   [emp_id: 5142] REFRESHED: 15.87 → 15.93 (not updated)
[2026-02-01 10:16:19]   [emp_id: 5146] REFRESHED: 22.87 → 22.93 (not updated)
[2026-02-01 10:16:19]   [emp_id: 5147] REFRESHED: 21.87 → 21.93 (not updated)
[2026-02-01 10:16:19]   [emp_id: 5148] REFRESHED: 27.22 → 27.28 (not updated)
[2026-02-01 10:16:19]   [emp_id: 5149] REFRESHED: 26.11 → 26.17 (not updated)
[2026-02-01 10:16:19]   [emp_id: 5150] REFRESHED: 25.47 → 25.53 (not updated)
[2026-02-01 10:16:19]   [emp_id: 5151] REFRESHED: 25.29 → 25.35 (not updated)
[2026-02-01 10:16:19]   [emp_id: 5152] REFRESHED: 5.71 → 5.77 (not updated)
[2026-02-01 10:16:19]   [emp_id: 5157] REFRESHED: 25.29 → 25.35 (not updated)
[2026-02-01 10:16:19]   [emp_id: 5160] REFRESHED: 25.29 → 25.35 (not updated)
[2026-02-01 10:16:19]   [emp_id: 5163] REFRESHED: 23.08 → 23.14 (not updated)
[2026-02-01 10:16:19]   [emp_id: 5165] REFRESHED: 4.12 → 4.2 (not updated)
[2026-02-01 10:16:19]   [emp_id: 5167] REFRESHED: 32.23 → 32.29 (not updated)
[2026-02-01 10:16:19]   [emp_id: 5168] REFRESHED: 24.77 → 24.83 (not updated)
[2026-02-01 10:16:19]   [emp_id: 5173] REFRESHED: 27.77 → 27.85 (not updated)
[2026-02-01 10:16:19]   [emp_id: 5174] REFRESHED: 25.23 → 25.29 (not updated)
[2026-02-01 10:16:19]   [emp_id: 5181] REFRESHED: 21.62 → 21.68 (not updated)
[2026-02-01 10:16:19]   [emp_id: 5186] REFRESHED: 27.15 → 27.21 (not updated)
[2026-02-01 10:16:19]   [emp_id: 5187] REFRESHED: 38.15 → 38.21 (not updated)
[2026-02-01 10:16:19]   [emp_id: 5204] REFRESHED: 25.27 → 25.35 (not updated)
[2026-02-01 10:16:19]   [emp_id: 5205] REFRESHED: 14.36 → 14.42 (not updated)
[2026-02-01 10:16:19]   [emp_id: 5209] REFRESHED: 17.36 → 17.42 (not updated)
[2026-02-01 10:16:19]   [emp_id: 5213] REFRESHED: 4.77 → 4.83 (not updated)
[2026-02-01 10:16:19]   [emp_id: 5214] REFRESHED: 3.61 → 3.67 (not updated)
[2026-02-01 10:16:19]   [emp_id: 5215] REFRESHED: 12.36 → 12.42 (not updated)
[2026-02-01 10:16:19]   [emp_id: 5217] REFRESHED: 11.36 → 11.42 (not updated)
[2026-02-01 10:16:19]   [emp_id: 5219] REFRESHED: 15.36 → 15.42 (not updated)
[2026-02-01 10:16:19]   [emp_id: 5221] REFRESHED: 4.67 → 4.73 (not updated)
[2026-02-01 10:16:19]   [emp_id: 5224] REFRESHED: 16.36 → 16.42 (not updated)
[2026-02-01 10:16:19]   [emp_id: 5225] REFRESHED: 8.67 → 8.73 (not updated)
[2026-02-01 10:16:19]   [emp_id: 5228] REFRESHED: 11.36 → 11.42 (not updated)
[2026-02-01 10:16:19]   [emp_id: 5229] REFRESHED: 7.36 → 7.42 (not updated)
[2026-02-01 10:16:19]   [emp_id: 5230] REFRESHED: 12.03 → 12.09 (not updated)
[2026-02-01 10:16:19]   [emp_id: 5231] REFRESHED: 8.36 → 8.42 (not updated)
[2026-02-01 10:16:19]   [emp_id: 5232] REFRESHED: 2.36 → 2.42 (not updated)
[2026-02-01 10:16:19]   [emp_id: 5233] REFRESHED: 6.36 → 6.42 (not updated)
[2026-02-01 10:16:19]   [emp_id: 5234] REFRESHED: 6.36 → 6.42 (not updated)
[2026-02-01 10:16:19]   [emp_id: 5235] REFRESHED: 1.8 → 1.86 (not updated)
[2026-02-01 10:16:19]   [emp_id: 5237] REFRESHED: 12.61 → 12.67 (not updated)
[2026-02-01 10:16:19]   [emp_id: 5239] REFRESHED: 9.36 → 9.42 (not updated)
[2026-02-01 10:16:19]   [emp_id: 5241] REFRESHED: 7.36 → 7.42 (not updated)
[2026-02-01 10:16:19]   [emp_id: 5242] REFRESHED: 17.36 → 17.42 (not updated)
[2026-02-01 10:16:19]   [emp_id: 5243] REFRESHED: 3.77 → 3.83 (not updated)
[2026-02-01 10:16:19]   [emp_id: 5244] REFRESHED: 1.8 → 1.86 (not updated)
[2026-02-01 10:16:19]   [emp_id: 5246] REFRESHED: 13.36 → 13.42 (not updated)
[2026-02-01 10:16:19]   [emp_id: 5253] REFRESHED: 26.23 → 26.29 (not updated)
[2026-02-01 10:16:19]   [emp_id: 5254] REFRESHED: 14.21 → 14.27 (not updated)
[2026-02-01 10:16:20]   [emp_id: 5257] REFRESHED: 13.92 → 13.98 (not updated)
[2026-02-01 10:16:20]   [emp_id: 5259] REFRESHED: 50.45 → 50.51 (not updated)
[2026-02-01 10:16:20]   [emp_id: 5261] REFRESHED: 18.87 → 18.95 (not updated)
[2026-02-01 10:16:20]   [emp_id: 5264] REFRESHED: 15.93 → 15.99 (not updated)
[2026-02-01 10:16:20]   [emp_id: 5266] REFRESHED: 22.55 → 22.61 (not updated)
[2026-02-01 10:16:20]   [emp_id: 5268] REFRESHED: 11.12 → 11.18 (not updated)
[2026-02-01 10:16:20]   [emp_id: 5271] REFRESHED: 9.78 → 9.84 (not updated)
[2026-02-01 10:16:20]   [emp_id: 5272] REFRESHED: 10.65 → 10.71 (not updated)
[2026-02-01 10:16:20]   [emp_id: 5273] REFRESHED: 25.72 → 25.78 (not updated)
[2026-02-01 10:16:20]   [emp_id: 5275] REFRESHED: 11.47 → 11.53 (not updated)
[2026-02-01 10:16:20]   [emp_id: 5276] REFRESHED: 25.74 → 25.8 (not updated)
[2026-02-01 10:16:20]   [emp_id: 5278] REFRESHED: 10.13 → 10.19 (not updated)
[2026-02-01 10:16:20]   [emp_id: 5280] REFRESHED: 20.53 → 20.59 (not updated)
[2026-02-01 10:16:20]   [emp_id: 5282] REFRESHED: 14.35 → 14.43 (not updated)
[2026-02-01 10:16:20]   [emp_id: 5285] REFRESHED: 30.53 → 30.59 (not updated)
[2026-02-01 10:16:20]   [emp_id: 5286] REFRESHED: 17.53 → 17.59 (not updated)
[2026-02-01 10:16:20]   [emp_id: 5287] REFRESHED: 51.83 → 51.89 (not updated)
[2026-02-01 10:16:20]   [emp_id: 5288] REFRESHED: 9.1 → 9.16 (not updated)
[2026-02-01 10:16:20]   [emp_id: 5289] REFRESHED: 50.38 → 50.44 (not updated)
[2026-02-01 10:16:20]   [emp_id: 5290] REFRESHED: 49.15 → 49.21 (not updated)
[2026-02-01 10:16:20]   [emp_id: 5291] REFRESHED: 7.15 → 7.21 (not updated)
[2026-02-01 10:16:20]   [emp_id: 5292] REFRESHED: 7.09 → 7.15 (not updated)
[2026-02-01 10:16:20]   [emp_id: 5293] REFRESHED: 10.61 → 10.69 (not updated)
[2026-02-01 10:16:20]   [emp_id: 5294] REFRESHED: 10.27 → 10.35 (not updated)
[2026-02-01 10:16:20]   [emp_id: 5295] REFRESHED: 23.33 → 23.39 (not updated)
[2026-02-01 10:16:20]   [emp_id: 5296] REFRESHED: 37.29 → 37.37 (not updated)
[2026-02-01 10:16:20]   [emp_id: 5297] REFRESHED: 47.75 → 47.81 (not updated)
[2026-02-01 10:16:20]   [emp_id: 5298] REFRESHED: 47.75 → 47.81 (not updated)
[2026-02-01 10:16:20]   [emp_id: 5299] REFRESHED: 47.75 → 47.81 (not updated)
[2026-02-01 10:16:20]   [emp_id: 5300] REFRESHED: 47.75 → 47.81 (not updated)
[2026-02-01 10:16:20]   [emp_id: 5301] REFRESHED: 5.57 → 5.63 (not updated)
[2026-02-01 10:16:20]   [emp_id: 5303] REFRESHED: 6 → 6.06 (not updated)
[2026-02-01 10:16:20]   [emp_id: 5304] REFRESHED: 2.75 → 2.81 (not updated)
[2026-02-01 10:16:20]   [emp_id: 5305] REFRESHED: 5.75 → 5.81 (not updated)
[2026-02-01 10:16:20]   [emp_id: 5306] REFRESHED: 47.46 → 47.52 (not updated)
[2026-02-01 10:16:20]   [emp_id: 5307] REFRESHED: 47.46 → 47.52 (not updated)
[2026-02-01 10:16:20]   [emp_id: 5312] REFRESHED: 1.8 → 1.86 (not updated)
[2026-02-01 10:16:20]   [emp_id: 5318] REFRESHED: 28.17 → 28.23 (not updated)
[2026-02-01 10:16:20]   [emp_id: 5325] REFRESHED: 2.13 → 2.19 (not updated)
[2026-02-01 10:16:20]   [emp_id: 5327] REFRESHED: 3.22 → 3.28 (not updated)
[2026-02-01 10:16:20]   [emp_id: 5337] REFRESHED: 38.18 → 38.26 (not updated)
[2026-02-01 10:16:20]   [emp_id: 5339] REFRESHED: 12.32 → 12.38 (not updated)
[2026-02-01 10:16:20]   [emp_id: 5343] REFRESHED: 48.1 → 48.18 (not updated)
[2026-02-01 10:16:20]   [emp_id: 5343] REFRESHED: 48.1 → 48.18 (not updated)
[2026-02-01 10:16:20]   [emp_id: 5345] REFRESHED: 17.93 → 18.01 (not updated)
[2026-02-01 10:16:20]   [emp_id: 5346] REFRESHED: 4.04 → 4.1 (not updated)
[2026-02-01 10:16:20]   [emp_id: 5351] REFRESHED: 18.98 → 19.04 (not updated)
[2026-02-01 10:16:20]   [emp_id: 5352] REFRESHED: 28.35 → 28.43 (not updated)
[2026-02-01 10:16:20]   [emp_id: 5370] REFRESHED: 17.63 → 17.69 (not updated)
[2026-02-01 10:16:20]   [emp_id: 5371] REFRESHED: 10.1 → 10.18 (not updated)
[2026-02-01 10:16:20]   [emp_id: 5376] REFRESHED: 12.23 → 12.29 (not updated)
[2026-02-01 10:16:20]   [emp_id: 5378] REFRESHED: 20.18 → 20.26 (not updated)
[2026-02-01 10:16:20]   [emp_id: 5380] REFRESHED: 18.64 → 18.7 (not updated)
[2026-02-01 10:16:20]   [emp_id: 5381] REFRESHED: 14.62 → 14.7 (not updated)
[2026-02-01 10:16:20]   [emp_id: 5383] REFRESHED: 17.93 → 18.01 (not updated)
[2026-02-01 10:16:20]   [emp_id: 5388] REFRESHED: 29.42 → 29.48 (not updated)
[2026-02-01 10:16:20]   [emp_id: 5396] REFRESHED: 30.66 → 30.72 (not updated)
[2026-02-01 10:16:20]   [emp_id: 5397] REFRESHED: 22.12 → 22.18 (not updated)
[2026-02-01 10:16:20]   [emp_id: 5401] REFRESHED: 25.23 → 25.29 (not updated)
[2026-02-01 10:16:20]   [emp_id: 5402] REFRESHED: 25.35 → 25.41 (not updated)
[2026-02-01 10:16:20]   [emp_id: 5406] REFRESHED: 19.07 → 19.13 (not updated)
[2026-02-01 10:16:20]   [emp_id: 5407] REFRESHED: 18.7 → 18.78 (not updated)
[2026-02-01 10:16:20]   [emp_id: 5409] REFRESHED: 18.41 → 18.47 (not updated)
[2026-02-01 10:16:21]   [emp_id: 5413] REFRESHED: 31.1 → 31.18 (not updated)
[2026-02-01 10:16:21]   [emp_id: 5414] REFRESHED: 30.77 → 30.85 (not updated)
[2026-02-01 10:16:21]   [emp_id: 5415] REFRESHED: 6.7 → 6.78 (not updated)
[2026-02-01 10:16:21]   [emp_id: 5418] REFRESHED: 17.47 → 17.53 (not updated)
[2026-02-01 10:16:21]   [emp_id: 5422] REFRESHED: 23.43 → 23.51 (not updated)
[2026-02-01 10:16:21]   [emp_id: 5423] REFRESHED: 8.12 → 8.2 (not updated)
[2026-02-01 10:16:21]   [emp_id: 5425] REFRESHED: 16.02 → 16.08 (not updated)
[2026-02-01 10:16:21]   [emp_id: 5426] REFRESHED: 4.67 → 4.75 (not updated)
[2026-02-01 10:16:21]   [emp_id: 5426] REFRESHED: 4.67 → 4.75 (not updated)
[2026-02-01 10:16:21]   [emp_id: 5427] REFRESHED: 16.13 → 16.19 (not updated)
[2026-02-01 10:16:21]   [emp_id: 5428] REFRESHED: 16.02 → 16.08 (not updated)
[2026-02-01 10:16:21]   [emp_id: 5430] REFRESHED: 20.49 → 20.57 (not updated)
[2026-02-01 10:16:21]   [emp_id: 5431] REFRESHED: 15.14 → 15.2 (not updated)
[2026-02-01 10:16:21]   [emp_id: 5433] REFRESHED: 15.16 → 15.22 (not updated)
[2026-02-01 10:16:21]   [emp_id: 5434] REFRESHED: 14.91 → 14.97 (not updated)
[2026-02-01 10:16:21]   [emp_id: 5435] REFRESHED: 14.85 → 14.91 (not updated)
[2026-02-01 10:16:21]   [emp_id: 5436] REFRESHED: 14.85 → 14.91 (not updated)
[2026-02-01 10:16:21]   [emp_id: 5438] REFRESHED: 18.35 → 18.43 (not updated)
[2026-02-01 10:16:21]   [emp_id: 5439] REFRESHED: 27.85 → 27.93 (not updated)
[2026-02-01 10:16:21]   [emp_id: 5442] REFRESHED: 16.85 → 16.93 (not updated)
[2026-02-01 10:16:21]   [emp_id: 5445] REFRESHED: 9.31 → 9.37 (not updated)
[2026-02-01 10:16:21]   [emp_id: 5446] REFRESHED: 9.31 → 9.37 (not updated)
[2026-02-01 10:16:21]   [emp_id: 5447] REFRESHED: 9.25 → 9.31 (not updated)
[2026-02-01 10:16:21]   [emp_id: 5448] REFRESHED: 3.87 → 3.95 (not updated)
[2026-02-01 10:16:21]   [emp_id: 5449] REFRESHED: 7.33 → 7.39 (not updated)
[2026-02-01 10:16:21]   [emp_id: 5450] REFRESHED: 7.27 → 7.33 (not updated)
[2026-02-01 10:16:21]   [emp_id: 5451] REFRESHED: 7.27 → 7.33 (not updated)
[2026-02-01 10:16:21]   [emp_id: 5453] REFRESHED: 7.11 → 7.17 (not updated)
[2026-02-01 10:16:21]   [emp_id: 5454] REFRESHED: 9.93 → 10.01 (not updated)
[2026-02-01 10:16:21]   [emp_id: 5455] REFRESHED: 4.18 → 4.26 (not updated)
[2026-02-01 10:16:21]   [emp_id: 5456] REFRESHED: 9.18 → 9.26 (not updated)
[2026-02-01 10:16:21]   [emp_id: 5457] REFRESHED: 6.36 → 6.42 (not updated)
[2026-02-01 10:16:21]   [emp_id: 5460] REFRESHED: 7.83 → 7.91 (not updated)
[2026-02-01 10:16:21]   [emp_id: 5463] REFRESHED: 7.16 → 7.24 (not updated)
[2026-02-01 10:16:21]   [emp_id: 5464] REFRESHED: 7.16 → 7.24 (not updated)
[2026-02-01 10:16:21]   [emp_id: 5466] REFRESHED: 4.91 → 4.99 (not updated)
[2026-02-01 10:16:21]   [emp_id: 5467] REFRESHED: 3.83 → 3.91 (not updated)
[2026-02-01 10:16:21]   [emp_id: 5468] REFRESHED: 2.78 → 2.86 (not updated)
[2026-02-01 10:16:21]   [emp_id: 5469] REFRESHED: 2.69 → 2.77 (not updated)
[2026-02-01 10:16:21] Report saved to: D:\xampp\htdocs\almutlak\system/cron_logs/last_vacation_update_report.json
[2026-02-01 10:16:56] ========== CRON: Vacation Balance Update Started ==========
[2026-02-01 10:16:56] Force level: 1 (0=normal, 1=check missing, 2=full bypass)
[2026-02-01 10:16:56] Source: CLI (argv)
[2026-02-01 10:16:56] FORCE LEVEL 1: Checking for missing records and refreshing values (NOT updating last_updated)
[2026-02-01 10:16:56] FORCE LEVEL 1: Checking for missing records only
[2026-02-01 10:16:56] Database connection established
[2026-02-01 10:16:56] Found 433 active employees with balance records to update
[2026-02-01 10:16:56] (Only employees with status=1 will be processed)
[2026-02-01 10:16:56]   [emp_id: 1061] REFRESHED: 2.42 → 2.5 (not updated)
[2026-02-01 10:16:56]   [emp_id: 1496] REFRESHED: 19.27 → 19.35 (not updated)
[2026-02-01 10:16:56]   [emp_id: 1500] REFRESHED: 6.95 → 7.03 (not updated)
[2026-02-01 10:16:56]   [emp_id: 1574] REFRESHED: 36.18 → 36.26 (not updated)
[2026-02-01 10:16:56]   [emp_id: 1673] REFRESHED: 47.68 → 47.76 (not updated)
[2026-02-01 10:16:56]   [emp_id: 1685] REFRESHED: 17.6 → 17.68 (not updated)
[2026-02-01 10:16:56]   [emp_id: 1764] REFRESHED: 72.27 → 72.35 (not updated)
[2026-02-01 10:16:56]   [emp_id: 1805] REFRESHED: 66.6 → 66.68 (not updated)
[2026-02-01 10:16:56]   [emp_id: 1822] REFRESHED: 71.35 → 71.43 (not updated)
[2026-02-01 10:16:56]   [emp_id: 1837] REFRESHED: 27.52 → 27.6 (not updated)
[2026-02-01 10:16:56]   [emp_id: 1857] REFRESHED: 22.85 → 22.93 (not updated)
[2026-02-01 10:16:56]   [emp_id: 1861] REFRESHED: 73.68 → 73.76 (not updated)
[2026-02-01 10:16:56]   [emp_id: 1872] REFRESHED: 12.52 → 12.6 (not updated)
[2026-02-01 10:16:56]   [emp_id: 1897] REFRESHED: 7.85 → 7.93 (not updated)
[2026-02-01 10:16:56]   [emp_id: 1916] REFRESHED: 14.15 → 14.23 (not updated)
[2026-02-01 10:16:56]   [emp_id: 1928] REFRESHED: 67.1 → 67.18 (not updated)
[2026-02-01 10:16:56]   [emp_id: 1931] REFRESHED: 87.02 → 87.1 (not updated)
[2026-02-01 10:16:56]   [emp_id: 1944] REFRESHED: 45.18 → 45.26 (not updated)
[2026-02-01 10:16:56]   [emp_id: 1996] REFRESHED: 73.68 → 73.76 (not updated)
[2026-02-01 10:16:56]   [emp_id: 1997] REFRESHED: 38.85 → 38.93 (not updated)
[2026-02-01 10:16:56]   [emp_id: 1998] REFRESHED: 30.29 → 30.37 (not updated)
[2026-02-01 10:16:56]   [emp_id: 1999] REFRESHED: 31.29 → 31.37 (not updated)
[2026-02-01 10:16:56]   [emp_id: 2009] REFRESHED: 37.6 → 37.68 (not updated)
[2026-02-01 10:16:56]   [emp_id: 2048] REFRESHED: 27.43 → 27.51 (not updated)
[2026-02-01 10:16:56]   [emp_id: 2057] REFRESHED: 68.27 → 68.35 (not updated)
[2026-02-01 10:16:56]   [emp_id: 2079] REFRESHED: 50.6 → 50.68 (not updated)
[2026-02-01 10:16:56]   [emp_id: 2181] REFRESHED: 39.6 → 39.68 (not updated)
[2026-02-01 10:16:56]   [emp_id: 2190] REFRESHED: 8.93 → 9.01 (not updated)
[2026-02-01 10:16:56]   [emp_id: 2212] REFRESHED: 26.93 → 27.01 (not updated)
[2026-02-01 10:16:56]   [emp_id: 2226] REFRESHED: 71.68 → 71.76 (not updated)
[2026-02-01 10:16:56]   [emp_id: 2238] REFRESHED: 69.93 → 70.01 (not updated)
[2026-02-01 10:16:56]   [emp_id: 2285] REFRESHED: 38.6 → 38.68 (not updated)
[2026-02-01 10:16:56]   [emp_id: 2287] REFRESHED: 50.27 → 50.35 (not updated)
[2026-02-01 10:16:56]   [emp_id: 2288] REFRESHED: 5.29 → 5.37 (not updated)
[2026-02-01 10:16:56]   [emp_id: 2316] REFRESHED: 19.1 → 19.18 (not updated)
[2026-02-01 10:16:56]   [emp_id: 2337] REFRESHED: 40.18 → 40.26 (not updated)
[2026-02-01 10:16:56]   [emp_id: 2352] REFRESHED: 71.68 → 71.76 (not updated)
[2026-02-01 10:16:57]   [emp_id: 2358] REFRESHED: 8.18 → 8.26 (not updated)
[2026-02-01 10:16:57]   [emp_id: 2361] REFRESHED: 73.85 → 73.93 (not updated)
[2026-02-01 10:16:57]   [emp_id: 2363] REFRESHED: 76.43 → 76.51 (not updated)
[2026-02-01 10:16:57]   [emp_id: 2364] REFRESHED: 75.85 → 75.93 (not updated)
[2026-02-01 10:16:57]   [emp_id: 2367] REFRESHED: 103.52 → 103.6 (not updated)
[2026-02-01 10:16:57]   [emp_id: 2368] REFRESHED: 33.93 → 34.01 (not updated)
[2026-02-01 10:16:57]   [emp_id: 2372] REFRESHED: 71.18 → 71.26 (not updated)
[2026-02-01 10:16:57]   [emp_id: 2376] REFRESHED: 121.18 → 121.26 (not updated)
[2026-02-01 10:16:57]   [emp_id: 2423] REFRESHED: 21.93 → 22.01 (not updated)
[2026-02-01 10:16:57]   [emp_id: 2519] REFRESHED: 115.6 → 115.68 (not updated)
[2026-02-01 10:16:57]   [emp_id: 2522] REFRESHED: 59.18 → 59.26 (not updated)
[2026-02-01 10:16:57]   [emp_id: 2530] REFRESHED: 54.43 → 54.51 (not updated)
[2026-02-01 10:16:57]   [emp_id: 2539] REFRESHED: 51.18 → 51.26 (not updated)
[2026-02-01 10:16:57]   [emp_id: 2541] REFRESHED: 31.77 → 31.85 (not updated)
[2026-02-01 10:16:57]   [emp_id: 2550] REFRESHED: 97.93 → 98.01 (not updated)
[2026-02-01 10:16:57]   [emp_id: 2553] REFRESHED: 35.04 → 35.12 (not updated)
[2026-02-01 10:16:57]   [emp_id: 2554] REFRESHED: 41.52 → 41.6 (not updated)
[2026-02-01 10:16:57]   [emp_id: 2565] REFRESHED: 96.1 → 96.18 (not updated)
[2026-02-01 10:16:57]   [emp_id: 2572] REFRESHED: 46.1 → 46.18 (not updated)
[2026-02-01 10:16:57]   [emp_id: 2637] REFRESHED: 66.68 → 66.76 (not updated)
[2026-02-01 10:16:57]   [emp_id: 2642] REFRESHED: 79.43 → 79.51 (not updated)
[2026-02-01 10:16:57]   [emp_id: 2645] REFRESHED: 95.43 → 95.51 (not updated)
[2026-02-01 10:16:57]   [emp_id: 2648] REFRESHED: 47.1 → 47.18 (not updated)
[2026-02-01 10:16:57]   [emp_id: 2654] REFRESHED: 89.77 → 89.85 (not updated)
[2026-02-01 10:16:57]   [emp_id: 2688] REFRESHED: 27.85 → 27.93 (not updated)
[2026-02-01 10:16:57]   [emp_id: 2690] REFRESHED: 16.6 → 16.68 (not updated)
[2026-02-01 10:16:57]   [emp_id: 2709] REFRESHED: 38.85 → 38.93 (not updated)
[2026-02-01 10:16:57]   [emp_id: 2745] REFRESHED: 35.43 → 35.51 (not updated)
[2026-02-01 10:16:57]   [emp_id: 2843] REFRESHED: 82.02 → 82.1 (not updated)
[2026-02-01 10:16:57]   [emp_id: 2854] REFRESHED: 61.93 → 62.01 (not updated)
[2026-02-01 10:16:57]   [emp_id: 2869] REFRESHED: 5.85 → 5.93 (not updated)
[2026-02-01 10:16:57]   [emp_id: 2876] REFRESHED: 36.68 → 36.76 (not updated)
[2026-02-01 10:16:57]   [emp_id: 2924] REFRESHED: 17.85 → 17.93 (not updated)
[2026-02-01 10:16:57]   [emp_id: 2953] REFRESHED: 103.6 → 103.68 (not updated)
[2026-02-01 10:16:57]   [emp_id: 2961] REFRESHED: 13.6 → 13.68 (not updated)
[2026-02-01 10:16:57]   [emp_id: 2975] REFRESHED: 3.28 → 3.36 (not updated)
[2026-02-01 10:16:57]   [emp_id: 3013] REFRESHED: 12.6 → 12.68 (not updated)
[2026-02-01 10:16:57]   [emp_id: 3014] REFRESHED: 91.85 → 91.93 (not updated)
[2026-02-01 10:16:57]   [emp_id: 3015] REFRESHED: 3.1 → 3.18 (not updated)
[2026-02-01 10:16:57]   [emp_id: 3018] REFRESHED: 61.85 → 61.93 (not updated)
[2026-02-01 10:16:57]   [emp_id: 3025] REFRESHED: 25.62 → 25.7 (not updated)
[2026-02-01 10:16:57]   [emp_id: 3037] REFRESHED: 85.35 → 85.43 (not updated)
[2026-02-01 10:16:57]   [emp_id: 3047] REFRESHED: 73.6 → 73.68 (not updated)
[2026-02-01 10:16:57]   [emp_id: 3061] REFRESHED: 20.52 → 20.6 (not updated)
[2026-02-01 10:16:57]   [emp_id: 3062] REFRESHED: 53.68 → 53.76 (not updated)
[2026-02-01 10:16:57]   [emp_id: 3074] REFRESHED: 110.1 → 110.18 (not updated)
[2026-02-01 10:16:57]   [emp_id: 3089] REFRESHED: 9.02 → 9.1 (not updated)
[2026-02-01 10:16:57]   [emp_id: 3090] REFRESHED: 35.6 → 35.68 (not updated)
[2026-02-01 10:16:57]   [emp_id: 3091] REFRESHED: 47.6 → 47.68 (not updated)
[2026-02-01 10:16:57]   [emp_id: 3092] REFRESHED: 30.27 → 30.35 (not updated)
[2026-02-01 10:16:57]   [emp_id: 3105] REFRESHED: 50.6 → 50.68 (not updated)
[2026-02-01 10:16:57]   [emp_id: 3134] REFRESHED: 46.35 → 46.43 (not updated)
[2026-02-01 10:16:57]   [emp_id: 3140] REFRESHED: 43.43 → 43.51 (not updated)
[2026-02-01 10:16:57]   [emp_id: 3144] REFRESHED: 16.27 → 16.35 (not updated)
[2026-02-01 10:16:57]   [emp_id: 3156] REFRESHED: 19.6 → 19.68 (not updated)
[2026-02-01 10:16:57]   [emp_id: 3162] REFRESHED: 4.58 → 4.66 (not updated)
[2026-02-01 10:16:57]   [emp_id: 3163] REFRESHED: 7.85 → 7.93 (not updated)
[2026-02-01 10:16:57]   [emp_id: 3198] REFRESHED: 42.85 → 42.93 (not updated)
[2026-02-01 10:16:57]   [emp_id: 3205] REFRESHED: 19.52 → 19.6 (not updated)
[2026-02-01 10:16:57]   [emp_id: 3209] REFRESHED: 43.68 → 43.76 (not updated)
[2026-02-01 10:16:57]   [emp_id: 3223] REFRESHED: 92.6 → 92.68 (not updated)
[2026-02-01 10:16:57]   [emp_id: 3224] REFRESHED: 67.35 → 67.43 (not updated)
[2026-02-01 10:16:57]   [emp_id: 3230] REFRESHED: 90.77 → 90.85 (not updated)
[2026-02-01 10:16:57]   [emp_id: 3231] REFRESHED: 3.14 → 3.22 (not updated)
[2026-02-01 10:16:57]   [emp_id: 3233] REFRESHED: 83.6 → 83.68 (not updated)
[2026-02-01 10:16:58]   [emp_id: 3249] REFRESHED: 39.43 → 39.51 (not updated)
[2026-02-01 10:16:58]   [emp_id: 3250] REFRESHED: 12.43 → 12.51 (not updated)
[2026-02-01 10:16:58]   [emp_id: 3252] REFRESHED: 13.35 → 13.43 (not updated)
[2026-02-01 10:16:58]   [emp_id: 3254] REFRESHED: 23.85 → 23.93 (not updated)
[2026-02-01 10:16:58]   [emp_id: 3255] REFRESHED: 20.27 → 20.35 (not updated)
[2026-02-01 10:16:58]   [emp_id: 3256] REFRESHED: 16.52 → 16.6 (not updated)
[2026-02-01 10:16:58]   [emp_id: 3263] REFRESHED: 32.6 → 32.68 (not updated)
[2026-02-01 10:16:58]   [emp_id: 3265] REFRESHED: 28.18 → 28.26 (not updated)
[2026-02-01 10:16:58]   [emp_id: 3280] REFRESHED: 75.1 → 75.18 (not updated)
[2026-02-01 10:16:58]   [emp_id: 3286] REFRESHED: 18.27 → 18.35 (not updated)
[2026-02-01 10:16:58]   [emp_id: 3294] REFRESHED: 17.93 → 18.01 (not updated)
[2026-02-01 10:16:58]   [emp_id: 3321] REFRESHED: 75.1 → 75.18 (not updated)
[2026-02-01 10:16:58]   [emp_id: 3325] REFRESHED: 62.85 → 62.93 (not updated)
[2026-02-01 10:16:58]   [emp_id: 3329] REFRESHED: 65.18 → 65.26 (not updated)
[2026-02-01 10:16:58]   [emp_id: 3330] REFRESHED: 65.18 → 65.26 (not updated)
[2026-02-01 10:16:58]   [emp_id: 3332] REFRESHED: 65.18 → 65.26 (not updated)
[2026-02-01 10:16:58]   [emp_id: 3370] REFRESHED: 56.69 → 56.77 (not updated)
[2026-02-01 10:16:58]   [emp_id: 3384] REFRESHED: 17.35 → 17.43 (not updated)
[2026-02-01 10:16:58]   [emp_id: 3386] REFRESHED: 47.35 → 47.43 (not updated)
[2026-02-01 10:16:58]   [emp_id: 3431] REFRESHED: 21.77 → 21.85 (not updated)
[2026-02-01 10:16:58]   [emp_id: 3497] REFRESHED: 11.93 → 12.01 (not updated)
[2026-02-01 10:16:58]   [emp_id: 3532] REFRESHED: 2.77 → 2.85 (not updated)
[2026-02-01 10:16:58]   [emp_id: 3602] REFRESHED: 4.34 → 4.42 (not updated)
[2026-02-01 10:16:58]   [emp_id: 3618] REFRESHED: 26.32 → 26.4 (not updated)
[2026-02-01 10:16:58]   [emp_id: 3622] REFRESHED: 36.57 → 36.63 (not updated)
[2026-02-01 10:16:58]   [emp_id: 3627] REFRESHED: 12.27 → 12.35 (not updated)
[2026-02-01 10:16:58]   [emp_id: 3665] REFRESHED: 53.85 → 53.93 (not updated)
[2026-02-01 10:16:58]   [emp_id: 3705] REFRESHED: 29.9 → 29.96 (not updated)
[2026-02-01 10:16:58]   [emp_id: 3724] REFRESHED: 46.85 → 46.93 (not updated)
[2026-02-01 10:16:58]   [emp_id: 3726] REFRESHED: 63.27 → 63.35 (not updated)
[2026-02-01 10:16:58]   [emp_id: 3727] REFRESHED: 68.35 → 68.43 (not updated)
[2026-02-01 10:16:58]   [emp_id: 3728] REFRESHED: 12.68 → 12.76 (not updated)
[2026-02-01 10:16:58]   [emp_id: 3767] REFRESHED: 3.43 → 3.51 (not updated)
[2026-02-01 10:16:58]   [emp_id: 3768] REFRESHED: 59.68 → 59.76 (not updated)
[2026-02-01 10:16:58]   [emp_id: 3787] REFRESHED: 60.27 → 60.35 (not updated)
[2026-02-01 10:16:58]   [emp_id: 3790] REFRESHED: 4.82 → 4.9 (not updated)
[2026-02-01 10:16:58]   [emp_id: 3795] REFRESHED: 17.77 → 17.85 (not updated)
[2026-02-01 10:16:58]   [emp_id: 3798] REFRESHED: 96.18 → 96.26 (not updated)
[2026-02-01 10:16:58]   [emp_id: 3801] REFRESHED: 4.45 → 4.53 (not updated)
[2026-02-01 10:16:58]   [emp_id: 3802] REFRESHED: 33.43 → 33.51 (not updated)
[2026-02-01 10:16:58]   [emp_id: 3803] REFRESHED: 117.85 → 117.93 (not updated)
[2026-02-01 10:16:58]   [emp_id: 3810] REFRESHED: 63.85 → 63.93 (not updated)
[2026-02-01 10:16:58]   [emp_id: 3812] REFRESHED: 92.85 → 92.93 (not updated)
[2026-02-01 10:16:58]   [emp_id: 3815] REFRESHED: 92.85 → 92.93 (not updated)
[2026-02-01 10:16:58]   [emp_id: 3836] REFRESHED: 60.52 → 60.6 (not updated)
[2026-02-01 10:16:58]   [emp_id: 3855] REFRESHED: 53.68 → 53.76 (not updated)
[2026-02-01 10:16:58]   [emp_id: 3857] REFRESHED: 57.35 → 57.43 (not updated)
[2026-02-01 10:16:58]   [emp_id: 3862] REFRESHED: 105.43 → 105.51 (not updated)
[2026-02-01 10:16:58]   [emp_id: 3866] REFRESHED: 30.68 → 30.76 (not updated)
[2026-02-01 10:16:58]   [emp_id: 3876] REFRESHED: 26.85 → 26.93 (not updated)
[2026-02-01 10:16:58]   [emp_id: 3877] REFRESHED: 52.35 → 52.43 (not updated)
[2026-02-01 10:16:58]   [emp_id: 3897] REFRESHED: 40.6 → 40.68 (not updated)
[2026-02-01 10:16:58]   [emp_id: 3899] REFRESHED: 2.42 → 2.5 (not updated)
[2026-02-01 10:16:58]   [emp_id: 3928] REFRESHED: 16.68 → 16.76 (not updated)
[2026-02-01 10:16:58]   [emp_id: 3929] REFRESHED: 11.68 → 11.76 (not updated)
[2026-02-01 10:16:58]   [emp_id: 3935] REFRESHED: 96.68 → 96.76 (not updated)
[2026-02-01 10:16:58]   [emp_id: 3952] REFRESHED: 78.02 → 78.1 (not updated)
[2026-02-01 10:16:58]   [emp_id: 3987] REFRESHED: 16.93 → 17.01 (not updated)
[2026-02-01 10:16:58]   [emp_id: 4059] REFRESHED: 6.13 → 6.21 (not updated)
[2026-02-01 10:16:58]   [emp_id: 4119] REFRESHED: 59.6 → 59.68 (not updated)
[2026-02-01 10:16:58]   [emp_id: 4120] REFRESHED: 29.18 → 29.26 (not updated)
[2026-02-01 10:16:58]   [emp_id: 4124] REFRESHED: 29.7 → 29.78 (not updated)
[2026-02-01 10:16:58]   [emp_id: 4133] REFRESHED: 108.18 → 108.26 (not updated)
[2026-02-01 10:16:58]   [emp_id: 4134] REFRESHED: 29.18 → 29.26 (not updated)
[2026-02-01 10:16:58]   [emp_id: 4136] REFRESHED: 29.18 → 29.26 (not updated)
[2026-02-01 10:16:59]   [emp_id: 4150] REFRESHED: 27.85 → 27.93 (not updated)
[2026-02-01 10:16:59]   [emp_id: 4157] REFRESHED: 21.35 → 21.43 (not updated)
[2026-02-01 10:16:59]   [emp_id: 4172] REFRESHED: 14.48 → 14.54 (not updated)
[2026-02-01 10:16:59]   [emp_id: 4195] REFRESHED: 64.93 → 65.01 (not updated)
[2026-02-01 10:16:59]   [emp_id: 4215] REFRESHED: 47.6 → 47.68 (not updated)
[2026-02-01 10:16:59]   [emp_id: 4220] REFRESHED: 43.18 → 43.26 (not updated)
[2026-02-01 10:16:59]   [emp_id: 4273] REFRESHED: 11.85 → 11.93 (not updated)
[2026-02-01 10:16:59]   [emp_id: 4283] REFRESHED: 15.57 → 15.63 (not updated)
[2026-02-01 10:16:59]   [emp_id: 4288] REFRESHED: 2.42 → 2.5 (not updated)
[2026-02-01 10:16:59]   [emp_id: 4315] REFRESHED: 15.1 → 15.18 (not updated)
[2026-02-01 10:16:59]   [emp_id: 4328] REFRESHED: 44.4 → 44.46 (not updated)
[2026-02-01 10:16:59]   [emp_id: 4329] REFRESHED: 8.27 → 8.35 (not updated)
[2026-02-01 10:16:59]   [emp_id: 4338] REFRESHED: 49.85 → 49.93 (not updated)
[2026-02-01 10:16:59]   [emp_id: 4340] REFRESHED: 111.85 → 111.93 (not updated)
[2026-02-01 10:16:59]   [emp_id: 4365] REFRESHED: 63.27 → 63.35 (not updated)
[2026-02-01 10:16:59]   [emp_id: 4366] REFRESHED: 62.35 → 62.43 (not updated)
[2026-02-01 10:16:59]   [emp_id: 4403] REFRESHED: 88.18 → 88.26 (not updated)
[2026-02-01 10:16:59]   [emp_id: 4438] REFRESHED: 23.85 → 23.93 (not updated)
[2026-02-01 10:16:59]   [emp_id: 4465] REFRESHED: 14.73 → 14.79 (not updated)
[2026-02-01 10:16:59]   [emp_id: 4473] REFRESHED: 47.43 → 47.51 (not updated)
[2026-02-01 10:16:59]   [emp_id: 4474] REFRESHED: 5.24 → 5.3 (not updated)
[2026-02-01 10:16:59]   [emp_id: 4493] REFRESHED: 166.27 → 166.35 (not updated)
[2026-02-01 10:16:59]   [emp_id: 4526] REFRESHED: 38.52 → 38.6 (not updated)
[2026-02-01 10:16:59]   [emp_id: 4528] REFRESHED: 110.27 → 110.35 (not updated)
[2026-02-01 10:16:59]   [emp_id: 4528] REFRESHED: 110.27 → 110.35 (not updated)
[2026-02-01 10:16:59]   [emp_id: 4532] REFRESHED: 9.85 → 9.91 (not updated)
[2026-02-01 10:16:59]   [emp_id: 4533] REFRESHED: 38.68 → 38.76 (not updated)
[2026-02-01 10:16:59]   [emp_id: 4565] REFRESHED: 17.23 → 17.29 (not updated)
[2026-02-01 10:16:59]   [emp_id: 4567] REFRESHED: 21.48 → 21.54 (not updated)
[2026-02-01 10:16:59]   [emp_id: 4572] REFRESHED: 60.98 → 61.04 (not updated)
[2026-02-01 10:16:59]   [emp_id: 4631] REFRESHED: 17.23 → 17.29 (not updated)
[2026-02-01 10:16:59]   [emp_id: 4655] REFRESHED: 27.6 → 27.68 (not updated)
[2026-02-01 10:16:59]   [emp_id: 4709] REFRESHED: 42.85 → 42.93 (not updated)
[2026-02-01 10:16:59]   [emp_id: 4717] REFRESHED: 68.85 → 68.93 (not updated)
[2026-02-01 10:16:59]   [emp_id: 4736] REFRESHED: 30.68 → 30.76 (not updated)
[2026-02-01 10:16:59]   [emp_id: 4756] REFRESHED: 13.67 → 13.73 (not updated)
[2026-02-01 10:16:59]   [emp_id: 4768] REFRESHED: 16.35 → 16.43 (not updated)
[2026-02-01 10:16:59]   [emp_id: 4780] REFRESHED: 67.4 → 67.46 (not updated)
[2026-02-01 10:16:59]   [emp_id: 4820] REFRESHED: 101.68 → 101.76 (not updated)
[2026-02-01 10:16:59]   [emp_id: 4824] REFRESHED: 4.86 → 4.94 (not updated)
[2026-02-01 10:16:59]   [emp_id: 4825] REFRESHED: 33.43 → 33.51 (not updated)
[2026-02-01 10:16:59]   [emp_id: 4837] REFRESHED: 47.39 → 47.45 (not updated)
[2026-02-01 10:16:59]   [emp_id: 4840] REFRESHED: 47.39 → 47.45 (not updated)
[2026-02-01 10:16:59]   [emp_id: 4842] REFRESHED: 46.63 → 46.69 (not updated)
[2026-02-01 10:16:59]   [emp_id: 4843] REFRESHED: 47.16 → 47.22 (not updated)
[2026-02-01 10:16:59]   [emp_id: 4853] REFRESHED: 90.98 → 91.04 (not updated)
[2026-02-01 10:16:59]   [emp_id: 4856] REFRESHED: 44.3 → 44.36 (not updated)
[2026-02-01 10:16:59]   [emp_id: 4857] REFRESHED: 27.12 → 27.18 (not updated)
[2026-02-01 10:16:59]   [emp_id: 4858] REFRESHED: 24 → 24.06 (not updated)
[2026-02-01 10:16:59]   [emp_id: 4859] REFRESHED: 45.47 → 45.53 (not updated)
[2026-02-01 10:16:59]   [emp_id: 4860] REFRESHED: 9.97 → 10.03 (not updated)
[2026-02-01 10:16:59]   [emp_id: 4861] REFRESHED: 43.43 → 43.49 (not updated)
[2026-02-01 10:16:59]   [emp_id: 4869] REFRESHED: 86.31 → 86.37 (not updated)
[2026-02-01 10:16:59]   [emp_id: 4894] REFRESHED: 10.35 → 10.43 (not updated)
[2026-02-01 10:16:59]   [emp_id: 4897] REFRESHED: 25.21 → 25.27 (not updated)
[2026-02-01 10:16:59]   [emp_id: 4899] REFRESHED: 21.38 → 21.44 (not updated)
[2026-02-01 10:16:59]   [emp_id: 4902] REFRESHED: 20.8 → 20.86 (not updated)
[2026-02-01 10:16:59]   [emp_id: 4903] REFRESHED: 23.02 → 23.08 (not updated)
[2026-02-01 10:16:59]   [emp_id: 4905] REFRESHED: 21.68 → 21.74 (not updated)
[2026-02-01 10:16:59]   [emp_id: 4907] REFRESHED: 50.43 → 50.51 (not updated)
[2026-02-01 10:16:59]   [emp_id: 4917] REFRESHED: 18.64 → 18.7 (not updated)
[2026-02-01 10:16:59]   [emp_id: 4918] REFRESHED: 8.41 → 8.47 (not updated)
[2026-02-01 10:16:59]   [emp_id: 4919] REFRESHED: 60.7 → 60.76 (not updated)
[2026-02-01 10:16:59]   [emp_id: 4920] REFRESHED: 7.78 → 7.84 (not updated)
[2026-02-01 10:16:59]   [emp_id: 4921] REFRESHED: 19.87 → 19.93 (not updated)
[2026-02-01 10:16:59]   [emp_id: 4927] REFRESHED: 18.7 → 18.76 (not updated)
[2026-02-01 10:17:00]   [emp_id: 4929] REFRESHED: 20.22 → 20.28 (not updated)
[2026-02-01 10:17:00]   [emp_id: 4930] REFRESHED: 60.99 → 61.05 (not updated)
[2026-02-01 10:17:00]   [emp_id: 4932] REFRESHED: 18.99 → 19.05 (not updated)
[2026-02-01 10:17:00]   [emp_id: 4933] REFRESHED: 22.4 → 22.46 (not updated)
[2026-02-01 10:17:00]   [emp_id: 4949] REFRESHED: 25.83 → 25.89 (not updated)
[2026-02-01 10:17:00]   [emp_id: 4956] REFRESHED: 31.42 → 31.48 (not updated)
[2026-02-01 10:17:00]   [emp_id: 4957] REFRESHED: 27.09 → 27.15 (not updated)
[2026-02-01 10:17:00]   [emp_id: 4962] REFRESHED: 49.79 → 49.87 (not updated)
[2026-02-01 10:17:00]   [emp_id: 4969] REFRESHED: 49.1 → 49.18 (not updated)
[2026-02-01 10:17:00]   [emp_id: 4976] REFRESHED: 12.11 → 12.17 (not updated)
[2026-02-01 10:17:00]   [emp_id: 4984] REFRESHED: 40.35 → 40.43 (not updated)
[2026-02-01 10:17:00]   [emp_id: 4995] REFRESHED: 52.42 → 52.5 (not updated)
[2026-02-01 10:17:00]   [emp_id: 5004] REFRESHED: 29.05 → 29.11 (not updated)
[2026-02-01 10:17:00]   [emp_id: 5006] REFRESHED: 28.79 → 28.85 (not updated)
[2026-02-01 10:17:00]   [emp_id: 5011] REFRESHED: 8.2 → 8.28 (not updated)
[2026-02-01 10:17:00]   [emp_id: 5013] REFRESHED: 69.16 → 69.22 (not updated)
[2026-02-01 10:17:00]   [emp_id: 5018] REFRESHED: 5.65 → 5.71 (not updated)
[2026-02-01 10:17:00]   [emp_id: 5021] REFRESHED: 63.45 → 63.53 (not updated)
[2026-02-01 10:17:00]   [emp_id: 5024] REFRESHED: 3.67 → 3.73 (not updated)
[2026-02-01 10:17:00]   [emp_id: 5030] REFRESHED: 33.62 → 33.68 (not updated)
[2026-02-01 10:17:00]   [emp_id: 5033] REFRESHED: 12.42 → 12.48 (not updated)
[2026-02-01 10:17:00]   [emp_id: 5043] REFRESHED: 33.02 → 33.1 (not updated)
[2026-02-01 10:17:00]   [emp_id: 5045] REFRESHED: 29.52 → 29.6 (not updated)
[2026-02-01 10:17:00]   [emp_id: 5046] REFRESHED: 24.71 → 24.79 (not updated)
[2026-02-01 10:17:00]   [emp_id: 5049] REFRESHED: 1.1 → 1.16 (not updated)
[2026-02-01 10:17:00]   [emp_id: 5052] REFRESHED: 32.38 → 32.44 (not updated)
[2026-02-01 10:17:00]   [emp_id: 5055] REFRESHED: 20.82 → 20.88 (not updated)
[2026-02-01 10:17:00]   [emp_id: 5058] REFRESHED: 29.8 → 29.86 (not updated)
[2026-02-01 10:17:00]   [emp_id: 5062] REFRESHED: 41.63 → 41.69 (not updated)
[2026-02-01 10:17:00]   [emp_id: 5064] REFRESHED: 120.35 → 120.43 (not updated)
[2026-02-01 10:17:00]   [emp_id: 5065] REFRESHED: 41.04 → 41.1 (not updated)
[2026-02-01 10:17:00]   [emp_id: 5071] REFRESHED: 25.85 → 25.93 (not updated)
[2026-02-01 10:17:00]   [emp_id: 5073] REFRESHED: 15.64 → 15.7 (not updated)
[2026-02-01 10:17:00]   [emp_id: 5079] REFRESHED: 36.2 → 36.26 (not updated)
[2026-02-01 10:17:00]   [emp_id: 5080] REFRESHED: 29.53 → 29.59 (not updated)
[2026-02-01 10:17:00]   [emp_id: 5081] REFRESHED: 17.79 → 17.85 (not updated)
[2026-02-01 10:17:00]   [emp_id: 5087] REFRESHED: 37.83 → 37.89 (not updated)
[2026-02-01 10:17:00]   [emp_id: 5091] REFRESHED: 77.68 → 77.74 (not updated)
[2026-02-01 10:17:00]   [emp_id: 5093] REFRESHED: 17.02 → 17.1 (not updated)
[2026-02-01 10:17:00]   [emp_id: 5095] REFRESHED: 3.22 → 3.28 (not updated)
[2026-02-01 10:17:00]   [emp_id: 5101] REFRESHED: 19.1 → 19.18 (not updated)
[2026-02-01 10:17:00]   [emp_id: 5107] REFRESHED: 17.43 → 17.51 (not updated)
[2026-02-01 10:17:00]   [emp_id: 5109] REFRESHED: 14.68 → 14.76 (not updated)
[2026-02-01 10:17:00]   [emp_id: 5119] REFRESHED: 12.85 → 12.93 (not updated)
[2026-02-01 10:17:00]   [emp_id: 5122] REFRESHED: 10.02 → 10.1 (not updated)
[2026-02-01 10:17:00]   [emp_id: 5126] REFRESHED: 28.56 → 28.62 (not updated)
[2026-02-01 10:17:00]   [emp_id: 5127] REFRESHED: 7.35 → 7.41 (not updated)
[2026-02-01 10:17:00]   [emp_id: 5128] REFRESHED: 28.5 → 28.56 (not updated)
[2026-02-01 10:17:00]   [emp_id: 5138] REFRESHED: 52.68 → 52.76 (not updated)
[2026-02-01 10:17:00]   [emp_id: 5138] REFRESHED: 52.68 → 52.76 (not updated)
[2026-02-01 10:17:00]   [emp_id: 5141] REFRESHED: 36.87 → 36.93 (not updated)
[2026-02-01 10:17:00]   [emp_id: 5142] REFRESHED: 15.87 → 15.93 (not updated)
[2026-02-01 10:17:00]   [emp_id: 5146] REFRESHED: 22.87 → 22.93 (not updated)
[2026-02-01 10:17:00]   [emp_id: 5147] REFRESHED: 21.87 → 21.93 (not updated)
[2026-02-01 10:17:00]   [emp_id: 5148] REFRESHED: 27.22 → 27.28 (not updated)
[2026-02-01 10:17:00]   [emp_id: 5149] REFRESHED: 26.11 → 26.17 (not updated)
[2026-02-01 10:17:00]   [emp_id: 5150] REFRESHED: 25.47 → 25.53 (not updated)
[2026-02-01 10:17:00]   [emp_id: 5151] REFRESHED: 25.29 → 25.35 (not updated)
[2026-02-01 10:17:00]   [emp_id: 5152] REFRESHED: 5.71 → 5.77 (not updated)
[2026-02-01 10:17:00]   [emp_id: 5157] REFRESHED: 25.29 → 25.35 (not updated)
[2026-02-01 10:17:00]   [emp_id: 5160] REFRESHED: 25.29 → 25.35 (not updated)
[2026-02-01 10:17:00]   [emp_id: 5163] REFRESHED: 23.08 → 23.14 (not updated)
[2026-02-01 10:17:00]   [emp_id: 5165] REFRESHED: 4.12 → 4.2 (not updated)
[2026-02-01 10:17:00]   [emp_id: 5167] REFRESHED: 32.23 → 32.29 (not updated)
[2026-02-01 10:17:00]   [emp_id: 5168] REFRESHED: 24.77 → 24.83 (not updated)
[2026-02-01 10:17:00]   [emp_id: 5173] REFRESHED: 27.77 → 27.85 (not updated)
[2026-02-01 10:17:00]   [emp_id: 5174] REFRESHED: 25.23 → 25.29 (not updated)
[2026-02-01 10:17:00]   [emp_id: 5181] REFRESHED: 21.62 → 21.68 (not updated)
[2026-02-01 10:17:00]   [emp_id: 5186] REFRESHED: 27.15 → 27.21 (not updated)
[2026-02-01 10:17:01]   [emp_id: 5187] REFRESHED: 38.15 → 38.21 (not updated)
[2026-02-01 10:17:01]   [emp_id: 5204] REFRESHED: 25.27 → 25.35 (not updated)
[2026-02-01 10:17:01]   [emp_id: 5205] REFRESHED: 14.36 → 14.42 (not updated)
[2026-02-01 10:17:01]   [emp_id: 5209] REFRESHED: 17.36 → 17.42 (not updated)
[2026-02-01 10:17:01]   [emp_id: 5213] REFRESHED: 4.77 → 4.83 (not updated)
[2026-02-01 10:17:01]   [emp_id: 5214] REFRESHED: 3.61 → 3.67 (not updated)
[2026-02-01 10:17:01]   [emp_id: 5215] REFRESHED: 12.36 → 12.42 (not updated)
[2026-02-01 10:17:01]   [emp_id: 5217] REFRESHED: 11.36 → 11.42 (not updated)
[2026-02-01 10:17:01]   [emp_id: 5219] REFRESHED: 15.36 → 15.42 (not updated)
[2026-02-01 10:17:01]   [emp_id: 5221] REFRESHED: 4.67 → 4.73 (not updated)
[2026-02-01 10:17:01]   [emp_id: 5224] REFRESHED: 16.36 → 16.42 (not updated)
[2026-02-01 10:17:01]   [emp_id: 5225] REFRESHED: 8.67 → 8.73 (not updated)
[2026-02-01 10:17:01]   [emp_id: 5228] REFRESHED: 11.36 → 11.42 (not updated)
[2026-02-01 10:17:01]   [emp_id: 5229] REFRESHED: 7.36 → 7.42 (not updated)
[2026-02-01 10:17:01]   [emp_id: 5230] REFRESHED: 12.03 → 12.09 (not updated)
[2026-02-01 10:17:01]   [emp_id: 5231] REFRESHED: 8.36 → 8.42 (not updated)
[2026-02-01 10:17:01]   [emp_id: 5232] REFRESHED: 2.36 → 2.42 (not updated)
[2026-02-01 10:17:01]   [emp_id: 5233] REFRESHED: 6.36 → 6.42 (not updated)
[2026-02-01 10:17:01]   [emp_id: 5234] REFRESHED: 6.36 → 6.42 (not updated)
[2026-02-01 10:17:01]   [emp_id: 5235] REFRESHED: 1.8 → 1.86 (not updated)
[2026-02-01 10:17:01]   [emp_id: 5237] REFRESHED: 12.61 → 12.67 (not updated)
[2026-02-01 10:17:01]   [emp_id: 5239] REFRESHED: 9.36 → 9.42 (not updated)
[2026-02-01 10:17:01]   [emp_id: 5241] REFRESHED: 7.36 → 7.42 (not updated)
[2026-02-01 10:17:01]   [emp_id: 5242] REFRESHED: 17.36 → 17.42 (not updated)
[2026-02-01 10:17:01]   [emp_id: 5243] REFRESHED: 3.77 → 3.83 (not updated)
[2026-02-01 10:17:01]   [emp_id: 5244] REFRESHED: 1.8 → 1.86 (not updated)
[2026-02-01 10:17:01]   [emp_id: 5246] REFRESHED: 13.36 → 13.42 (not updated)
[2026-02-01 10:17:01]   [emp_id: 5253] REFRESHED: 26.23 → 26.29 (not updated)
[2026-02-01 10:17:01]   [emp_id: 5254] REFRESHED: 14.21 → 14.27 (not updated)
[2026-02-01 10:17:01]   [emp_id: 5257] REFRESHED: 13.92 → 13.98 (not updated)
[2026-02-01 10:17:01]   [emp_id: 5259] REFRESHED: 50.45 → 50.51 (not updated)
[2026-02-01 10:17:01]   [emp_id: 5261] REFRESHED: 18.87 → 18.95 (not updated)
[2026-02-01 10:17:01]   [emp_id: 5264] REFRESHED: 15.93 → 15.99 (not updated)
[2026-02-01 10:17:01]   [emp_id: 5266] REFRESHED: 22.55 → 22.61 (not updated)
[2026-02-01 10:17:01]   [emp_id: 5268] REFRESHED: 11.12 → 11.18 (not updated)
[2026-02-01 10:17:01]   [emp_id: 5271] REFRESHED: 9.78 → 9.84 (not updated)
[2026-02-01 10:17:01]   [emp_id: 5272] REFRESHED: 10.65 → 10.71 (not updated)
[2026-02-01 10:17:01]   [emp_id: 5273] REFRESHED: 25.72 → 25.78 (not updated)
[2026-02-01 10:17:01]   [emp_id: 5275] REFRESHED: 11.47 → 11.53 (not updated)
[2026-02-01 10:17:01]   [emp_id: 5276] REFRESHED: 25.74 → 25.8 (not updated)
[2026-02-01 10:17:01]   [emp_id: 5278] REFRESHED: 10.13 → 10.19 (not updated)
[2026-02-01 10:17:01]   [emp_id: 5280] REFRESHED: 20.53 → 20.59 (not updated)
[2026-02-01 10:17:01]   [emp_id: 5282] REFRESHED: 14.35 → 14.43 (not updated)
[2026-02-01 10:17:01]   [emp_id: 5285] REFRESHED: 30.53 → 30.59 (not updated)
[2026-02-01 10:17:01]   [emp_id: 5286] REFRESHED: 17.53 → 17.59 (not updated)
[2026-02-01 10:17:01]   [emp_id: 5287] REFRESHED: 51.83 → 51.89 (not updated)
[2026-02-01 10:17:01]   [emp_id: 5288] REFRESHED: 9.1 → 9.16 (not updated)
[2026-02-01 10:17:01]   [emp_id: 5289] REFRESHED: 50.38 → 50.44 (not updated)
[2026-02-01 10:17:01]   [emp_id: 5290] REFRESHED: 49.15 → 49.21 (not updated)
[2026-02-01 10:17:01]   [emp_id: 5291] REFRESHED: 7.15 → 7.21 (not updated)
[2026-02-01 10:17:01]   [emp_id: 5292] REFRESHED: 7.09 → 7.15 (not updated)
[2026-02-01 10:17:01]   [emp_id: 5293] REFRESHED: 10.61 → 10.69 (not updated)
[2026-02-01 10:17:01]   [emp_id: 5294] REFRESHED: 10.27 → 10.35 (not updated)
[2026-02-01 10:17:01]   [emp_id: 5295] REFRESHED: 23.33 → 23.39 (not updated)
[2026-02-01 10:17:01]   [emp_id: 5296] REFRESHED: 37.29 → 37.37 (not updated)
[2026-02-01 10:17:01]   [emp_id: 5297] REFRESHED: 47.75 → 47.81 (not updated)
[2026-02-01 10:17:01]   [emp_id: 5298] REFRESHED: 47.75 → 47.81 (not updated)
[2026-02-01 10:17:01]   [emp_id: 5299] REFRESHED: 47.75 → 47.81 (not updated)
[2026-02-01 10:17:01]   [emp_id: 5300] REFRESHED: 47.75 → 47.81 (not updated)
[2026-02-01 10:17:01]   [emp_id: 5301] REFRESHED: 5.57 → 5.63 (not updated)
[2026-02-01 10:17:01]   [emp_id: 5303] REFRESHED: 6 → 6.06 (not updated)
[2026-02-01 10:17:01]   [emp_id: 5304] REFRESHED: 2.75 → 2.81 (not updated)
[2026-02-01 10:17:01]   [emp_id: 5305] REFRESHED: 5.75 → 5.81 (not updated)
[2026-02-01 10:17:01]   [emp_id: 5306] REFRESHED: 47.46 → 47.52 (not updated)
[2026-02-01 10:17:01]   [emp_id: 5307] REFRESHED: 47.46 → 47.52 (not updated)
[2026-02-01 10:17:01]   [emp_id: 5312] REFRESHED: 1.8 → 1.86 (not updated)
[2026-02-01 10:17:02]   [emp_id: 5318] REFRESHED: 28.17 → 28.23 (not updated)
[2026-02-01 10:17:02]   [emp_id: 5325] REFRESHED: 2.13 → 2.19 (not updated)
[2026-02-01 10:17:02]   [emp_id: 5327] REFRESHED: 3.22 → 3.28 (not updated)
[2026-02-01 10:17:02]   [emp_id: 5337] REFRESHED: 38.18 → 38.26 (not updated)
[2026-02-01 10:17:02]   [emp_id: 5339] REFRESHED: 12.32 → 12.38 (not updated)
[2026-02-01 10:17:02]   [emp_id: 5343] REFRESHED: 48.1 → 48.18 (not updated)
[2026-02-01 10:17:02]   [emp_id: 5343] REFRESHED: 48.1 → 48.18 (not updated)
[2026-02-01 10:17:02]   [emp_id: 5345] REFRESHED: 17.93 → 18.01 (not updated)
[2026-02-01 10:17:02]   [emp_id: 5346] REFRESHED: 4.04 → 4.1 (not updated)
[2026-02-01 10:17:02]   [emp_id: 5351] REFRESHED: 18.98 → 19.04 (not updated)
[2026-02-01 10:17:02]   [emp_id: 5352] REFRESHED: 28.35 → 28.43 (not updated)
[2026-02-01 10:17:02]   [emp_id: 5370] REFRESHED: 17.63 → 17.69 (not updated)
[2026-02-01 10:17:02]   [emp_id: 5371] REFRESHED: 10.1 → 10.18 (not updated)
[2026-02-01 10:17:02]   [emp_id: 5376] REFRESHED: 12.23 → 12.29 (not updated)
[2026-02-01 10:17:02]   [emp_id: 5378] REFRESHED: 20.18 → 20.26 (not updated)
[2026-02-01 10:17:02]   [emp_id: 5380] REFRESHED: 18.64 → 18.7 (not updated)
[2026-02-01 10:17:02]   [emp_id: 5381] REFRESHED: 14.62 → 14.7 (not updated)
[2026-02-01 10:17:02]   [emp_id: 5383] REFRESHED: 17.93 → 18.01 (not updated)
[2026-02-01 10:17:02]   [emp_id: 5388] REFRESHED: 29.42 → 29.48 (not updated)
[2026-02-01 10:17:02]   [emp_id: 5396] REFRESHED: 30.66 → 30.72 (not updated)
[2026-02-01 10:17:02]   [emp_id: 5397] REFRESHED: 22.12 → 22.18 (not updated)
[2026-02-01 10:17:02]   [emp_id: 5401] REFRESHED: 25.23 → 25.29 (not updated)
[2026-02-01 10:17:02]   [emp_id: 5402] REFRESHED: 25.35 → 25.41 (not updated)
[2026-02-01 10:17:02]   [emp_id: 5406] REFRESHED: 19.07 → 19.13 (not updated)
[2026-02-01 10:17:02]   [emp_id: 5407] REFRESHED: 18.7 → 18.78 (not updated)
[2026-02-01 10:17:02]   [emp_id: 5409] REFRESHED: 18.41 → 18.47 (not updated)
[2026-02-01 10:17:02]   [emp_id: 5413] REFRESHED: 31.1 → 31.18 (not updated)
[2026-02-01 10:17:02]   [emp_id: 5414] REFRESHED: 30.77 → 30.85 (not updated)
[2026-02-01 10:17:02]   [emp_id: 5415] REFRESHED: 6.7 → 6.78 (not updated)
[2026-02-01 10:17:02]   [emp_id: 5418] REFRESHED: 17.47 → 17.53 (not updated)
[2026-02-01 10:17:02]   [emp_id: 5422] REFRESHED: 23.43 → 23.51 (not updated)
[2026-02-01 10:17:02]   [emp_id: 5423] REFRESHED: 8.12 → 8.2 (not updated)
[2026-02-01 10:17:02]   [emp_id: 5425] REFRESHED: 16.02 → 16.08 (not updated)
[2026-02-01 10:17:02]   [emp_id: 5426] REFRESHED: 4.67 → 4.75 (not updated)
[2026-02-01 10:17:02]   [emp_id: 5426] REFRESHED: 4.67 → 4.75 (not updated)
[2026-02-01 10:17:02]   [emp_id: 5427] REFRESHED: 16.13 → 16.19 (not updated)
[2026-02-01 10:17:02]   [emp_id: 5428] REFRESHED: 16.02 → 16.08 (not updated)
[2026-02-01 10:17:02]   [emp_id: 5430] REFRESHED: 20.49 → 20.57 (not updated)
[2026-02-01 10:17:02]   [emp_id: 5431] REFRESHED: 15.14 → 15.2 (not updated)
[2026-02-01 10:17:02]   [emp_id: 5433] REFRESHED: 15.16 → 15.22 (not updated)
[2026-02-01 10:17:02]   [emp_id: 5434] REFRESHED: 14.91 → 14.97 (not updated)
[2026-02-01 10:17:02]   [emp_id: 5435] REFRESHED: 14.85 → 14.91 (not updated)
[2026-02-01 10:17:02]   [emp_id: 5436] REFRESHED: 14.85 → 14.91 (not updated)
[2026-02-01 10:17:02]   [emp_id: 5438] REFRESHED: 18.35 → 18.43 (not updated)
[2026-02-01 10:17:02]   [emp_id: 5439] REFRESHED: 27.85 → 27.93 (not updated)
[2026-02-01 10:17:02]   [emp_id: 5442] REFRESHED: 16.85 → 16.93 (not updated)
[2026-02-01 10:17:02]   [emp_id: 5445] REFRESHED: 9.31 → 9.37 (not updated)
[2026-02-01 10:17:02]   [emp_id: 5446] REFRESHED: 9.31 → 9.37 (not updated)
[2026-02-01 10:17:02]   [emp_id: 5447] REFRESHED: 9.25 → 9.31 (not updated)
[2026-02-01 10:17:02]   [emp_id: 5448] REFRESHED: 3.87 → 3.95 (not updated)
[2026-02-01 10:17:02]   [emp_id: 5449] REFRESHED: 7.33 → 7.39 (not updated)
[2026-02-01 10:17:02]   [emp_id: 5450] REFRESHED: 7.27 → 7.33 (not updated)
[2026-02-01 10:17:02]   [emp_id: 5451] REFRESHED: 7.27 → 7.33 (not updated)
[2026-02-01 10:17:02]   [emp_id: 5453] REFRESHED: 7.11 → 7.17 (not updated)
[2026-02-01 10:17:02]   [emp_id: 5454] REFRESHED: 9.93 → 10.01 (not updated)
[2026-02-01 10:17:02]   [emp_id: 5455] REFRESHED: 4.18 → 4.26 (not updated)
[2026-02-01 10:17:02]   [emp_id: 5456] REFRESHED: 9.18 → 9.26 (not updated)
[2026-02-01 10:17:02]   [emp_id: 5457] REFRESHED: 6.36 → 6.42 (not updated)
[2026-02-01 10:17:02]   [emp_id: 5460] REFRESHED: 7.83 → 7.91 (not updated)
[2026-02-01 10:17:02]   [emp_id: 5463] REFRESHED: 7.16 → 7.24 (not updated)
[2026-02-01 10:17:02]   [emp_id: 5464] REFRESHED: 7.16 → 7.24 (not updated)
[2026-02-01 10:17:02]   [emp_id: 5466] REFRESHED: 4.91 → 4.99 (not updated)
[2026-02-01 10:17:02]   [emp_id: 5467] REFRESHED: 3.83 → 3.91 (not updated)
[2026-02-01 10:17:02]   [emp_id: 5468] REFRESHED: 2.78 → 2.86 (not updated)
[2026-02-01 10:17:02]   [emp_id: 5469] REFRESHED: 2.69 → 2.77 (not updated)
[2026-02-01 10:17:02] Report saved to: D:\xampp\htdocs\almutlak\system/cron_logs/last_vacation_update_report.json
[2026-02-01 10:23:25] ========== CRON: Vacation Balance Update Started ==========
[2026-02-01 10:23:25] Force level: 1 (0=normal, 1=check missing, 2=full bypass)
[2026-02-01 10:23:25] Source: CLI (argv)
[2026-02-01 10:23:25] FORCE LEVEL 1: Checking for missing records and refreshing values (NOT updating last_updated)
[2026-02-01 10:23:25] FORCE LEVEL 1: Checking for missing records only
[2026-02-01 10:23:25] Database connection established
[2026-02-01 10:23:25] Found 433 active employees with balance records to update
[2026-02-01 10:23:25] (Only employees with status=1 will be processed)
[2026-02-01 10:23:25]   [emp_id: 1061] REFRESHED: 2.42 → 2.5 (not updated)
[2026-02-01 10:23:25]   [emp_id: 1496] REFRESHED: 19.27 → 19.35 (not updated)
[2026-02-01 10:23:25]   [emp_id: 1500] REFRESHED: 6.95 → 7.03 (not updated)
[2026-02-01 10:23:25]   [emp_id: 1574] REFRESHED: 36.18 → 36.26 (not updated)
[2026-02-01 10:23:25]   [emp_id: 1673] REFRESHED: 47.68 → 47.76 (not updated)
[2026-02-01 10:23:25]   [emp_id: 1685] REFRESHED: 17.6 → 17.68 (not updated)
[2026-02-01 10:23:25]   [emp_id: 1764] REFRESHED: 72.27 → 72.35 (not updated)
[2026-02-01 10:23:25]   [emp_id: 1805] REFRESHED: 66.6 → 66.68 (not updated)
[2026-02-01 10:23:25]   [emp_id: 1822] REFRESHED: 71.35 → 71.43 (not updated)
[2026-02-01 10:23:25]   [emp_id: 1837] REFRESHED: 27.52 → 27.6 (not updated)
[2026-02-01 10:23:25]   [emp_id: 1857] REFRESHED: 22.85 → 22.93 (not updated)
[2026-02-01 10:23:25]   [emp_id: 1861] REFRESHED: 73.68 → 73.76 (not updated)
[2026-02-01 10:23:25]   [emp_id: 1872] REFRESHED: 12.52 → 12.6 (not updated)
[2026-02-01 10:23:25]   [emp_id: 1897] REFRESHED: 7.85 → 7.93 (not updated)
[2026-02-01 10:23:25]   [emp_id: 1916] REFRESHED: 14.15 → 14.23 (not updated)
[2026-02-01 10:23:25]   [emp_id: 1928] REFRESHED: 67.1 → 67.18 (not updated)
[2026-02-01 10:23:25]   [emp_id: 1931] REFRESHED: 87.02 → 87.1 (not updated)
[2026-02-01 10:23:25]   [emp_id: 1944] REFRESHED: 45.18 → 45.26 (not updated)
[2026-02-01 10:23:25]   [emp_id: 1996] REFRESHED: 73.68 → 73.76 (not updated)
[2026-02-01 10:23:25]   [emp_id: 1997] REFRESHED: 38.85 → 38.93 (not updated)
[2026-02-01 10:23:25]   [emp_id: 1998] REFRESHED: 30.29 → 30.37 (not updated)
[2026-02-01 10:23:25]   [emp_id: 1999] REFRESHED: 31.29 → 31.37 (not updated)
[2026-02-01 10:23:25]   [emp_id: 2009] REFRESHED: 37.6 → 37.68 (not updated)
[2026-02-01 10:23:25]   [emp_id: 2048] REFRESHED: 27.43 → 27.51 (not updated)
[2026-02-01 10:23:25]   [emp_id: 2057] REFRESHED: 68.27 → 68.35 (not updated)
[2026-02-01 10:23:25]   [emp_id: 2079] REFRESHED: 50.6 → 50.68 (not updated)
[2026-02-01 10:23:25]   [emp_id: 2181] REFRESHED: 39.6 → 39.68 (not updated)
[2026-02-01 10:23:25]   [emp_id: 2190] REFRESHED: 8.93 → 9.01 (not updated)
[2026-02-01 10:23:25]   [emp_id: 2212] REFRESHED: 26.93 → 27.01 (not updated)
[2026-02-01 10:23:25]   [emp_id: 2226] REFRESHED: 71.68 → 71.76 (not updated)
[2026-02-01 10:23:25]   [emp_id: 2238] REFRESHED: 69.93 → 70.01 (not updated)
[2026-02-01 10:23:25]   [emp_id: 2285] REFRESHED: 38.6 → 38.68 (not updated)
[2026-02-01 10:23:25]   [emp_id: 2287] REFRESHED: 50.27 → 50.35 (not updated)
[2026-02-01 10:23:25]   [emp_id: 2288] REFRESHED: 5.29 → 5.37 (not updated)
[2026-02-01 10:23:25]   [emp_id: 2316] REFRESHED: 19.1 → 19.18 (not updated)
[2026-02-01 10:23:25]   [emp_id: 2337] REFRESHED: 40.18 → 40.26 (not updated)
[2026-02-01 10:23:26]   [emp_id: 2352] REFRESHED: 71.68 → 71.76 (not updated)
[2026-02-01 10:23:26]   [emp_id: 2358] REFRESHED: 8.18 → 8.26 (not updated)
[2026-02-01 10:23:26]   [emp_id: 2361] REFRESHED: 73.85 → 73.93 (not updated)
[2026-02-01 10:23:26]   [emp_id: 2363] REFRESHED: 76.43 → 76.51 (not updated)
[2026-02-01 10:23:26]   [emp_id: 2364] REFRESHED: 75.85 → 75.93 (not updated)
[2026-02-01 10:23:26]   [emp_id: 2367] REFRESHED: 103.52 → 103.6 (not updated)
[2026-02-01 10:23:26]   [emp_id: 2368] REFRESHED: 33.93 → 34.01 (not updated)
[2026-02-01 10:23:26]   [emp_id: 2372] REFRESHED: 71.18 → 71.26 (not updated)
[2026-02-01 10:23:26]   [emp_id: 2376] REFRESHED: 121.18 → 121.26 (not updated)
[2026-02-01 10:23:26]   [emp_id: 2423] REFRESHED: 21.93 → 22.01 (not updated)
[2026-02-01 10:23:26]   [emp_id: 2519] REFRESHED: 115.6 → 115.68 (not updated)
[2026-02-01 10:23:26]   [emp_id: 2522] REFRESHED: 59.18 → 59.26 (not updated)
[2026-02-01 10:23:26]   [emp_id: 2530] REFRESHED: 54.43 → 54.51 (not updated)
[2026-02-01 10:23:26]   [emp_id: 2539] REFRESHED: 51.18 → 51.26 (not updated)
[2026-02-01 10:23:26]   [emp_id: 2541] REFRESHED: 31.77 → 31.85 (not updated)
[2026-02-01 10:23:26]   [emp_id: 2550] REFRESHED: 97.93 → 98.01 (not updated)
[2026-02-01 10:23:26]   [emp_id: 2553] REFRESHED: 35.04 → 35.12 (not updated)
[2026-02-01 10:23:26]   [emp_id: 2554] REFRESHED: 41.52 → 41.6 (not updated)
[2026-02-01 10:23:26]   [emp_id: 2565] REFRESHED: 96.1 → 96.18 (not updated)
[2026-02-01 10:23:26]   [emp_id: 2572] REFRESHED: 46.1 → 46.18 (not updated)
[2026-02-01 10:23:26]   [emp_id: 2637] REFRESHED: 66.68 → 66.76 (not updated)
[2026-02-01 10:23:26]   [emp_id: 2642] REFRESHED: 79.43 → 79.51 (not updated)
[2026-02-01 10:23:26]   [emp_id: 2645] REFRESHED: 95.43 → 95.51 (not updated)
[2026-02-01 10:23:26]   [emp_id: 2648] REFRESHED: 47.1 → 47.18 (not updated)
[2026-02-01 10:23:26]   [emp_id: 2654] REFRESHED: 89.77 → 89.85 (not updated)
[2026-02-01 10:23:26]   [emp_id: 2688] REFRESHED: 27.85 → 27.93 (not updated)
[2026-02-01 10:23:26]   [emp_id: 2690] REFRESHED: 16.6 → 16.68 (not updated)
[2026-02-01 10:23:26]   [emp_id: 2709] REFRESHED: 38.85 → 38.93 (not updated)
[2026-02-01 10:23:26]   [emp_id: 2745] REFRESHED: 35.43 → 35.51 (not updated)
[2026-02-01 10:23:26]   [emp_id: 2843] REFRESHED: 82.02 → 82.1 (not updated)
[2026-02-01 10:23:26]   [emp_id: 2854] REFRESHED: 61.93 → 62.01 (not updated)
[2026-02-01 10:23:26]   [emp_id: 2869] REFRESHED: 5.85 → 5.93 (not updated)
[2026-02-01 10:23:26]   [emp_id: 2876] REFRESHED: 36.68 → 36.76 (not updated)
[2026-02-01 10:23:26]   [emp_id: 2924] REFRESHED: 17.85 → 17.93 (not updated)
[2026-02-01 10:23:26]   [emp_id: 2953] REFRESHED: 103.6 → 103.68 (not updated)
[2026-02-01 10:23:26]   [emp_id: 2961] REFRESHED: 13.6 → 13.68 (not updated)
[2026-02-01 10:23:26]   [emp_id: 2975] REFRESHED: 3.28 → 3.36 (not updated)
[2026-02-01 10:23:26]   [emp_id: 3013] REFRESHED: 12.6 → 12.68 (not updated)
[2026-02-01 10:23:26]   [emp_id: 3014] REFRESHED: 91.85 → 91.93 (not updated)
[2026-02-01 10:23:26]   [emp_id: 3015] REFRESHED: 3.1 → 3.18 (not updated)
[2026-02-01 10:23:26]   [emp_id: 3018] REFRESHED: 61.85 → 61.93 (not updated)
[2026-02-01 10:23:26]   [emp_id: 3025] REFRESHED: 25.62 → 25.7 (not updated)
[2026-02-01 10:23:26]   [emp_id: 3037] REFRESHED: 85.35 → 85.43 (not updated)
[2026-02-01 10:23:26]   [emp_id: 3047] REFRESHED: 73.6 → 73.68 (not updated)
[2026-02-01 10:23:26]   [emp_id: 3061] REFRESHED: 20.52 → 20.6 (not updated)
[2026-02-01 10:23:26]   [emp_id: 3062] REFRESHED: 53.68 → 53.76 (not updated)
[2026-02-01 10:23:26]   [emp_id: 3074] REFRESHED: 110.1 → 110.18 (not updated)
[2026-02-01 10:23:26]   [emp_id: 3089] REFRESHED: 9.02 → 9.1 (not updated)
[2026-02-01 10:23:26]   [emp_id: 3090] REFRESHED: 35.6 → 35.68 (not updated)
[2026-02-01 10:23:26]   [emp_id: 3091] REFRESHED: 47.6 → 47.68 (not updated)
[2026-02-01 10:23:26]   [emp_id: 3092] REFRESHED: 30.27 → 30.35 (not updated)
[2026-02-01 10:23:26]   [emp_id: 3105] REFRESHED: 50.6 → 50.68 (not updated)
[2026-02-01 10:23:26]   [emp_id: 3134] REFRESHED: 46.35 → 46.43 (not updated)
[2026-02-01 10:23:26]   [emp_id: 3140] REFRESHED: 43.43 → 43.51 (not updated)
[2026-02-01 10:23:26]   [emp_id: 3144] REFRESHED: 16.27 → 16.35 (not updated)
[2026-02-01 10:23:26]   [emp_id: 3156] REFRESHED: 19.6 → 19.68 (not updated)
[2026-02-01 10:23:26]   [emp_id: 3162] REFRESHED: 4.58 → 4.66 (not updated)
[2026-02-01 10:23:26]   [emp_id: 3163] REFRESHED: 7.85 → 7.93 (not updated)
[2026-02-01 10:23:26]   [emp_id: 3198] REFRESHED: 42.85 → 42.93 (not updated)
[2026-02-01 10:23:26]   [emp_id: 3205] REFRESHED: 19.52 → 19.6 (not updated)
[2026-02-01 10:23:26]   [emp_id: 3209] REFRESHED: 43.68 → 43.76 (not updated)
[2026-02-01 10:23:26]   [emp_id: 3223] REFRESHED: 92.6 → 92.68 (not updated)
[2026-02-01 10:23:26]   [emp_id: 3224] REFRESHED: 67.35 → 67.43 (not updated)
[2026-02-01 10:23:26]   [emp_id: 3230] REFRESHED: 90.77 → 90.85 (not updated)
[2026-02-01 10:23:26]   [emp_id: 3231] REFRESHED: 3.14 → 3.22 (not updated)
[2026-02-01 10:23:26]   [emp_id: 3233] REFRESHED: 83.6 → 83.68 (not updated)
[2026-02-01 10:23:26]   [emp_id: 3249] REFRESHED: 39.43 → 39.51 (not updated)
[2026-02-01 10:23:26]   [emp_id: 3250] REFRESHED: 12.43 → 12.51 (not updated)
[2026-02-01 10:23:26]   [emp_id: 3252] REFRESHED: 13.35 → 13.43 (not updated)
[2026-02-01 10:23:26]   [emp_id: 3254] REFRESHED: 23.85 → 23.93 (not updated)
[2026-02-01 10:23:26]   [emp_id: 3255] REFRESHED: 20.27 → 20.35 (not updated)
[2026-02-01 10:23:27]   [emp_id: 3256] REFRESHED: 16.52 → 16.6 (not updated)
[2026-02-01 10:23:27]   [emp_id: 3263] REFRESHED: 32.6 → 32.68 (not updated)
[2026-02-01 10:23:27]   [emp_id: 3265] REFRESHED: 28.18 → 28.26 (not updated)
[2026-02-01 10:23:27]   [emp_id: 3280] REFRESHED: 75.1 → 75.18 (not updated)
[2026-02-01 10:23:27]   [emp_id: 3286] REFRESHED: 18.27 → 18.35 (not updated)
[2026-02-01 10:23:27]   [emp_id: 3294] REFRESHED: 17.93 → 18.01 (not updated)
[2026-02-01 10:23:27]   [emp_id: 3321] REFRESHED: 75.1 → 75.18 (not updated)
[2026-02-01 10:23:27]   [emp_id: 3325] REFRESHED: 62.85 → 62.93 (not updated)
[2026-02-01 10:23:27]   [emp_id: 3329] REFRESHED: 65.18 → 65.26 (not updated)
[2026-02-01 10:23:27]   [emp_id: 3330] REFRESHED: 65.18 → 65.26 (not updated)
[2026-02-01 10:23:27]   [emp_id: 3332] REFRESHED: 65.18 → 65.26 (not updated)
[2026-02-01 10:23:27]   [emp_id: 3370] REFRESHED: 56.69 → 56.77 (not updated)
[2026-02-01 10:23:27]   [emp_id: 3384] REFRESHED: 17.35 → 17.43 (not updated)
[2026-02-01 10:23:27]   [emp_id: 3386] REFRESHED: 47.35 → 47.43 (not updated)
[2026-02-01 10:23:27]   [emp_id: 3431] REFRESHED: 21.77 → 21.85 (not updated)
[2026-02-01 10:23:27]   [emp_id: 3497] REFRESHED: 11.93 → 12.01 (not updated)
[2026-02-01 10:23:27]   [emp_id: 3532] REFRESHED: 2.77 → 2.85 (not updated)
[2026-02-01 10:23:27]   [emp_id: 3602] REFRESHED: 4.34 → 4.42 (not updated)
[2026-02-01 10:23:27]   [emp_id: 3618] REFRESHED: 26.32 → 26.4 (not updated)
[2026-02-01 10:23:27]   [emp_id: 3622] REFRESHED: 36.57 → 36.63 (not updated)
[2026-02-01 10:23:27]   [emp_id: 3627] REFRESHED: 12.27 → 12.35 (not updated)
[2026-02-01 10:23:27]   [emp_id: 3665] REFRESHED: 53.85 → 53.93 (not updated)
[2026-02-01 10:23:27]   [emp_id: 3705] REFRESHED: 29.9 → 29.96 (not updated)
[2026-02-01 10:23:27]   [emp_id: 3724] REFRESHED: 46.85 → 46.93 (not updated)
[2026-02-01 10:23:27]   [emp_id: 3726] REFRESHED: 63.27 → 63.35 (not updated)
[2026-02-01 10:23:27]   [emp_id: 3727] REFRESHED: 68.35 → 68.43 (not updated)
[2026-02-01 10:23:27]   [emp_id: 3728] REFRESHED: 12.68 → 12.76 (not updated)
[2026-02-01 10:23:27]   [emp_id: 3767] REFRESHED: 3.43 → 3.51 (not updated)
[2026-02-01 10:23:27]   [emp_id: 3768] REFRESHED: 59.68 → 59.76 (not updated)
[2026-02-01 10:23:27]   [emp_id: 3787] REFRESHED: 60.27 → 60.35 (not updated)
[2026-02-01 10:23:27]   [emp_id: 3790] REFRESHED: 4.82 → 4.9 (not updated)
[2026-02-01 10:23:27]   [emp_id: 3795] REFRESHED: 17.77 → 17.85 (not updated)
[2026-02-01 10:23:27]   [emp_id: 3798] REFRESHED: 96.18 → 96.26 (not updated)
[2026-02-01 10:23:27]   [emp_id: 3801] REFRESHED: 4.45 → 4.53 (not updated)
[2026-02-01 10:23:27]   [emp_id: 3802] REFRESHED: 33.43 → 33.51 (not updated)
[2026-02-01 10:23:27]   [emp_id: 3803] REFRESHED: 117.85 → 117.93 (not updated)
[2026-02-01 10:23:27]   [emp_id: 3810] REFRESHED: 63.85 → 63.93 (not updated)
[2026-02-01 10:23:27]   [emp_id: 3812] REFRESHED: 92.85 → 92.93 (not updated)
[2026-02-01 10:23:27]   [emp_id: 3815] REFRESHED: 92.85 → 92.93 (not updated)
[2026-02-01 10:23:27]   [emp_id: 3836] REFRESHED: 60.52 → 60.6 (not updated)
[2026-02-01 10:23:27]   [emp_id: 3855] REFRESHED: 53.68 → 53.76 (not updated)
[2026-02-01 10:23:27]   [emp_id: 3857] REFRESHED: 57.35 → 57.43 (not updated)
[2026-02-01 10:23:27]   [emp_id: 3862] REFRESHED: 105.43 → 105.51 (not updated)
[2026-02-01 10:23:27]   [emp_id: 3866] REFRESHED: 30.68 → 30.76 (not updated)
[2026-02-01 10:23:27]   [emp_id: 3876] REFRESHED: 26.85 → 26.93 (not updated)
[2026-02-01 10:23:27]   [emp_id: 3877] REFRESHED: 52.35 → 52.43 (not updated)
[2026-02-01 10:23:27]   [emp_id: 3897] REFRESHED: 40.6 → 40.68 (not updated)
[2026-02-01 10:23:27]   [emp_id: 3899] REFRESHED: 2.42 → 2.5 (not updated)
[2026-02-01 10:23:27]   [emp_id: 3928] REFRESHED: 16.68 → 16.76 (not updated)
[2026-02-01 10:23:27]   [emp_id: 3929] REFRESHED: 11.68 → 11.76 (not updated)
[2026-02-01 10:23:27]   [emp_id: 3935] REFRESHED: 96.68 → 96.76 (not updated)
[2026-02-01 10:23:27]   [emp_id: 3952] REFRESHED: 78.02 → 78.1 (not updated)
[2026-02-01 10:23:27]   [emp_id: 3987] REFRESHED: 16.93 → 17.01 (not updated)
[2026-02-01 10:23:27]   [emp_id: 4059] REFRESHED: 6.13 → 6.21 (not updated)
[2026-02-01 10:23:27]   [emp_id: 4119] REFRESHED: 59.6 → 59.68 (not updated)
[2026-02-01 10:23:27]   [emp_id: 4120] REFRESHED: 29.18 → 29.26 (not updated)
[2026-02-01 10:23:27]   [emp_id: 4124] REFRESHED: 29.7 → 29.78 (not updated)
[2026-02-01 10:23:27]   [emp_id: 4133] REFRESHED: 108.18 → 108.26 (not updated)
[2026-02-01 10:23:27]   [emp_id: 4134] REFRESHED: 29.18 → 29.26 (not updated)
[2026-02-01 10:23:27]   [emp_id: 4136] REFRESHED: 29.18 → 29.26 (not updated)
[2026-02-01 10:23:27]   [emp_id: 4150] REFRESHED: 27.85 → 27.93 (not updated)
[2026-02-01 10:23:27]   [emp_id: 4157] REFRESHED: 21.35 → 21.43 (not updated)
[2026-02-01 10:23:27]   [emp_id: 4172] REFRESHED: 14.48 → 14.54 (not updated)
[2026-02-01 10:23:27]   [emp_id: 4195] REFRESHED: 64.93 → 65.01 (not updated)
[2026-02-01 10:23:27]   [emp_id: 4215] REFRESHED: 47.6 → 47.68 (not updated)
[2026-02-01 10:23:27]   [emp_id: 4220] REFRESHED: 43.18 → 43.26 (not updated)
[2026-02-01 10:23:27]   [emp_id: 4273] REFRESHED: 11.85 → 11.93 (not updated)
[2026-02-01 10:23:27]   [emp_id: 4283] REFRESHED: 15.57 → 15.63 (not updated)
[2026-02-01 10:23:27]   [emp_id: 4288] REFRESHED: 2.42 → 2.5 (not updated)
[2026-02-01 10:23:27]   [emp_id: 4315] REFRESHED: 15.1 → 15.18 (not updated)
[2026-02-01 10:23:28]   [emp_id: 4328] REFRESHED: 44.4 → 44.46 (not updated)
[2026-02-01 10:23:28]   [emp_id: 4329] REFRESHED: 8.27 → 8.35 (not updated)
[2026-02-01 10:23:28]   [emp_id: 4338] REFRESHED: 49.85 → 49.93 (not updated)
[2026-02-01 10:23:28]   [emp_id: 4340] REFRESHED: 111.85 → 111.93 (not updated)
[2026-02-01 10:23:28]   [emp_id: 4365] REFRESHED: 63.27 → 63.35 (not updated)
[2026-02-01 10:23:28]   [emp_id: 4366] REFRESHED: 62.35 → 62.43 (not updated)
[2026-02-01 10:23:28]   [emp_id: 4403] REFRESHED: 88.18 → 88.26 (not updated)
[2026-02-01 10:23:28]   [emp_id: 4438] REFRESHED: 23.85 → 23.93 (not updated)
[2026-02-01 10:23:28]   [emp_id: 4465] REFRESHED: 14.73 → 14.79 (not updated)
[2026-02-01 10:23:28]   [emp_id: 4473] REFRESHED: 47.43 → 47.51 (not updated)
[2026-02-01 10:23:28]   [emp_id: 4474] REFRESHED: 5.24 → 5.3 (not updated)
[2026-02-01 10:23:28]   [emp_id: 4493] REFRESHED: 166.27 → 166.35 (not updated)
[2026-02-01 10:23:28]   [emp_id: 4526] REFRESHED: 38.52 → 38.6 (not updated)
[2026-02-01 10:23:28]   [emp_id: 4528] REFRESHED: 110.27 → 110.35 (not updated)
[2026-02-01 10:23:28]   [emp_id: 4528] REFRESHED: 110.27 → 110.35 (not updated)
[2026-02-01 10:23:28]   [emp_id: 4532] REFRESHED: 9.85 → 9.91 (not updated)
[2026-02-01 10:23:28]   [emp_id: 4533] REFRESHED: 38.68 → 38.76 (not updated)
[2026-02-01 10:23:28]   [emp_id: 4565] REFRESHED: 17.23 → 17.29 (not updated)
[2026-02-01 10:23:28]   [emp_id: 4567] REFRESHED: 21.48 → 21.54 (not updated)
[2026-02-01 10:23:28]   [emp_id: 4572] REFRESHED: 60.98 → 61.04 (not updated)
[2026-02-01 10:23:28]   [emp_id: 4631] REFRESHED: 17.23 → 17.29 (not updated)
[2026-02-01 10:23:28]   [emp_id: 4655] REFRESHED: 27.6 → 27.68 (not updated)
[2026-02-01 10:23:28]   [emp_id: 4709] REFRESHED: 42.85 → 42.93 (not updated)
[2026-02-01 10:23:28]   [emp_id: 4717] REFRESHED: 68.85 → 68.93 (not updated)
[2026-02-01 10:23:28]   [emp_id: 4736] REFRESHED: 30.68 → 30.76 (not updated)
[2026-02-01 10:23:28]   [emp_id: 4756] REFRESHED: 13.67 → 13.73 (not updated)
[2026-02-01 10:23:28]   [emp_id: 4768] REFRESHED: 16.35 → 16.43 (not updated)
[2026-02-01 10:23:28]   [emp_id: 4780] REFRESHED: 67.4 → 67.46 (not updated)
[2026-02-01 10:23:28]   [emp_id: 4820] REFRESHED: 101.68 → 101.76 (not updated)
[2026-02-01 10:23:28]   [emp_id: 4824] REFRESHED: 4.86 → 4.94 (not updated)
[2026-02-01 10:23:28]   [emp_id: 4825] REFRESHED: 33.43 → 33.51 (not updated)
[2026-02-01 10:23:28]   [emp_id: 4837] REFRESHED: 47.39 → 47.45 (not updated)
[2026-02-01 10:23:28]   [emp_id: 4840] REFRESHED: 47.39 → 47.45 (not updated)
[2026-02-01 10:23:28]   [emp_id: 4842] REFRESHED: 46.63 → 46.69 (not updated)
[2026-02-01 10:23:28]   [emp_id: 4843] REFRESHED: 47.16 → 47.22 (not updated)
[2026-02-01 10:23:28]   [emp_id: 4853] REFRESHED: 90.98 → 91.04 (not updated)
[2026-02-01 10:23:28]   [emp_id: 4856] REFRESHED: 44.3 → 44.36 (not updated)
[2026-02-01 10:23:28]   [emp_id: 4857] REFRESHED: 27.12 → 27.18 (not updated)
[2026-02-01 10:23:28]   [emp_id: 4858] REFRESHED: 24 → 24.06 (not updated)
[2026-02-01 10:23:28]   [emp_id: 4859] REFRESHED: 45.47 → 45.53 (not updated)
[2026-02-01 10:23:28]   [emp_id: 4860] REFRESHED: 9.97 → 10.03 (not updated)
[2026-02-01 10:23:28]   [emp_id: 4861] REFRESHED: 43.43 → 43.49 (not updated)
[2026-02-01 10:23:28]   [emp_id: 4869] REFRESHED: 86.31 → 86.37 (not updated)
[2026-02-01 10:23:28]   [emp_id: 4894] REFRESHED: 10.35 → 10.43 (not updated)
[2026-02-01 10:23:28]   [emp_id: 4897] REFRESHED: 25.21 → 25.27 (not updated)
[2026-02-01 10:23:28]   [emp_id: 4899] REFRESHED: 21.38 → 21.44 (not updated)
[2026-02-01 10:23:28]   [emp_id: 4902] REFRESHED: 20.8 → 20.86 (not updated)
[2026-02-01 10:23:28]   [emp_id: 4903] REFRESHED: 23.02 → 23.08 (not updated)
[2026-02-01 10:23:28]   [emp_id: 4905] REFRESHED: 21.68 → 21.74 (not updated)
[2026-02-01 10:23:28]   [emp_id: 4907] REFRESHED: 50.43 → 50.51 (not updated)
[2026-02-01 10:23:28]   [emp_id: 4917] REFRESHED: 18.64 → 18.7 (not updated)
[2026-02-01 10:23:28]   [emp_id: 4918] REFRESHED: 8.41 → 8.47 (not updated)
[2026-02-01 10:23:28]   [emp_id: 4919] REFRESHED: 60.7 → 60.76 (not updated)
[2026-02-01 10:23:28]   [emp_id: 4920] REFRESHED: 7.78 → 7.84 (not updated)
[2026-02-01 10:23:28]   [emp_id: 4921] REFRESHED: 19.87 → 19.93 (not updated)
[2026-02-01 10:23:28]   [emp_id: 4927] REFRESHED: 18.7 → 18.76 (not updated)
[2026-02-01 10:23:28]   [emp_id: 4929] REFRESHED: 20.22 → 20.28 (not updated)
[2026-02-01 10:23:28]   [emp_id: 4930] REFRESHED: 60.99 → 61.05 (not updated)
[2026-02-01 10:23:28]   [emp_id: 4932] REFRESHED: 18.99 → 19.05 (not updated)
[2026-02-01 10:23:28]   [emp_id: 4933] REFRESHED: 22.4 → 22.46 (not updated)
[2026-02-01 10:23:28]   [emp_id: 4949] REFRESHED: 25.83 → 25.89 (not updated)
[2026-02-01 10:23:28]   [emp_id: 4956] REFRESHED: 31.42 → 31.48 (not updated)
[2026-02-01 10:23:28]   [emp_id: 4957] REFRESHED: 27.09 → 27.15 (not updated)
[2026-02-01 10:23:28]   [emp_id: 4962] REFRESHED: 49.79 → 49.87 (not updated)
[2026-02-01 10:23:28]   [emp_id: 4969] REFRESHED: 49.1 → 49.18 (not updated)
[2026-02-01 10:23:28]   [emp_id: 4976] REFRESHED: 12.11 → 12.17 (not updated)
[2026-02-01 10:23:28]   [emp_id: 4984] REFRESHED: 40.35 → 40.43 (not updated)
[2026-02-01 10:23:28]   [emp_id: 4995] REFRESHED: 52.42 → 52.5 (not updated)
[2026-02-01 10:23:28]   [emp_id: 5004] REFRESHED: 29.05 → 29.11 (not updated)
[2026-02-01 10:23:29]   [emp_id: 5006] REFRESHED: 28.79 → 28.85 (not updated)
[2026-02-01 10:23:29]   [emp_id: 5011] REFRESHED: 8.2 → 8.28 (not updated)
[2026-02-01 10:23:29]   [emp_id: 5013] REFRESHED: 69.16 → 69.22 (not updated)
[2026-02-01 10:23:29]   [emp_id: 5018] REFRESHED: 5.65 → 5.71 (not updated)
[2026-02-01 10:23:29]   [emp_id: 5021] REFRESHED: 63.45 → 63.53 (not updated)
[2026-02-01 10:23:29]   [emp_id: 5024] REFRESHED: 3.67 → 3.73 (not updated)
[2026-02-01 10:23:29]   [emp_id: 5030] REFRESHED: 33.62 → 33.68 (not updated)
[2026-02-01 10:23:29]   [emp_id: 5033] REFRESHED: 12.42 → 12.48 (not updated)
[2026-02-01 10:23:29]   [emp_id: 5043] REFRESHED: 33.02 → 33.1 (not updated)
[2026-02-01 10:23:29]   [emp_id: 5045] REFRESHED: 29.52 → 29.6 (not updated)
[2026-02-01 10:23:29]   [emp_id: 5046] REFRESHED: 24.71 → 24.79 (not updated)
[2026-02-01 10:23:29]   [emp_id: 5049] REFRESHED: 1.1 → 1.16 (not updated)
[2026-02-01 10:23:29]   [emp_id: 5052] REFRESHED: 32.38 → 32.44 (not updated)
[2026-02-01 10:23:29]   [emp_id: 5055] REFRESHED: 20.82 → 20.88 (not updated)
[2026-02-01 10:23:29]   [emp_id: 5058] REFRESHED: 29.8 → 29.86 (not updated)
[2026-02-01 10:23:29]   [emp_id: 5062] REFRESHED: 41.63 → 41.69 (not updated)
[2026-02-01 10:23:29]   [emp_id: 5064] REFRESHED: 120.35 → 120.43 (not updated)
[2026-02-01 10:23:29]   [emp_id: 5065] REFRESHED: 41.04 → 41.1 (not updated)
[2026-02-01 10:23:29]   [emp_id: 5071] REFRESHED: 25.85 → 25.93 (not updated)
[2026-02-01 10:23:29]   [emp_id: 5073] REFRESHED: 15.64 → 15.7 (not updated)
[2026-02-01 10:23:29]   [emp_id: 5079] REFRESHED: 36.2 → 36.26 (not updated)
[2026-02-01 10:23:29]   [emp_id: 5080] REFRESHED: 29.53 → 29.59 (not updated)
[2026-02-01 10:23:29]   [emp_id: 5081] REFRESHED: 17.79 → 17.85 (not updated)
[2026-02-01 10:23:29]   [emp_id: 5087] REFRESHED: 37.83 → 37.89 (not updated)
[2026-02-01 10:23:29]   [emp_id: 5091] REFRESHED: 77.68 → 77.74 (not updated)
[2026-02-01 10:23:29]   [emp_id: 5093] REFRESHED: 17.02 → 17.1 (not updated)
[2026-02-01 10:23:29]   [emp_id: 5095] REFRESHED: 3.22 → 3.28 (not updated)
[2026-02-01 10:23:29]   [emp_id: 5101] REFRESHED: 19.1 → 19.18 (not updated)
[2026-02-01 10:23:29]   [emp_id: 5107] REFRESHED: 17.43 → 17.51 (not updated)
[2026-02-01 10:23:29]   [emp_id: 5109] REFRESHED: 14.68 → 14.76 (not updated)
[2026-02-01 10:23:29]   [emp_id: 5119] REFRESHED: 12.85 → 12.93 (not updated)
[2026-02-01 10:23:29]   [emp_id: 5122] REFRESHED: 10.02 → 10.1 (not updated)
[2026-02-01 10:23:29]   [emp_id: 5126] REFRESHED: 28.56 → 28.62 (not updated)
[2026-02-01 10:23:29]   [emp_id: 5127] REFRESHED: 7.35 → 7.41 (not updated)
[2026-02-01 10:23:29]   [emp_id: 5128] REFRESHED: 28.5 → 28.56 (not updated)
[2026-02-01 10:23:29]   [emp_id: 5138] REFRESHED: 52.68 → 52.76 (not updated)
[2026-02-01 10:23:29]   [emp_id: 5138] REFRESHED: 52.68 → 52.76 (not updated)
[2026-02-01 10:23:29]   [emp_id: 5141] REFRESHED: 36.87 → 36.93 (not updated)
[2026-02-01 10:23:29]   [emp_id: 5142] REFRESHED: 15.87 → 15.93 (not updated)
[2026-02-01 10:23:29]   [emp_id: 5146] REFRESHED: 22.87 → 22.93 (not updated)
[2026-02-01 10:23:29]   [emp_id: 5147] REFRESHED: 21.87 → 21.93 (not updated)
[2026-02-01 10:23:29]   [emp_id: 5148] REFRESHED: 27.22 → 27.28 (not updated)
[2026-02-01 10:23:29]   [emp_id: 5149] REFRESHED: 26.11 → 26.17 (not updated)
[2026-02-01 10:23:29]   [emp_id: 5150] REFRESHED: 25.47 → 25.53 (not updated)
[2026-02-01 10:23:29]   [emp_id: 5151] REFRESHED: 25.29 → 25.35 (not updated)
[2026-02-01 10:23:29]   [emp_id: 5152] REFRESHED: 5.71 → 5.77 (not updated)
[2026-02-01 10:23:29]   [emp_id: 5157] REFRESHED: 25.29 → 25.35 (not updated)
[2026-02-01 10:23:29]   [emp_id: 5160] REFRESHED: 25.29 → 25.35 (not updated)
[2026-02-01 10:23:29]   [emp_id: 5163] REFRESHED: 23.08 → 23.14 (not updated)
[2026-02-01 10:23:29]   [emp_id: 5165] REFRESHED: 4.12 → 4.2 (not updated)
[2026-02-01 10:23:29]   [emp_id: 5167] REFRESHED: 32.23 → 32.29 (not updated)
[2026-02-01 10:23:29]   [emp_id: 5168] REFRESHED: 24.77 → 24.83 (not updated)
[2026-02-01 10:23:29]   [emp_id: 5173] REFRESHED: 27.77 → 27.85 (not updated)
[2026-02-01 10:23:29]   [emp_id: 5174] REFRESHED: 25.23 → 25.29 (not updated)
[2026-02-01 10:23:29]   [emp_id: 5181] REFRESHED: 21.62 → 21.68 (not updated)
[2026-02-01 10:23:29]   [emp_id: 5186] REFRESHED: 27.15 → 27.21 (not updated)
[2026-02-01 10:23:29]   [emp_id: 5187] REFRESHED: 38.15 → 38.21 (not updated)
[2026-02-01 10:23:29]   [emp_id: 5204] REFRESHED: 25.27 → 25.35 (not updated)
[2026-02-01 10:23:29]   [emp_id: 5205] REFRESHED: 14.36 → 14.42 (not updated)
[2026-02-01 10:23:29]   [emp_id: 5209] REFRESHED: 17.36 → 17.42 (not updated)
[2026-02-01 10:23:29]   [emp_id: 5213] REFRESHED: 4.77 → 4.83 (not updated)
[2026-02-01 10:23:29]   [emp_id: 5214] REFRESHED: 3.61 → 3.67 (not updated)
[2026-02-01 10:23:29]   [emp_id: 5215] REFRESHED: 12.36 → 12.42 (not updated)
[2026-02-01 10:23:29]   [emp_id: 5217] REFRESHED: 11.36 → 11.42 (not updated)
[2026-02-01 10:23:29]   [emp_id: 5219] REFRESHED: 15.36 → 15.42 (not updated)
[2026-02-01 10:23:29]   [emp_id: 5221] REFRESHED: 4.67 → 4.73 (not updated)
[2026-02-01 10:23:29]   [emp_id: 5224] REFRESHED: 16.36 → 16.42 (not updated)
[2026-02-01 10:23:29]   [emp_id: 5225] REFRESHED: 8.67 → 8.73 (not updated)
[2026-02-01 10:23:30]   [emp_id: 5228] REFRESHED: 11.36 → 11.42 (not updated)
[2026-02-01 10:23:30]   [emp_id: 5229] REFRESHED: 7.36 → 7.42 (not updated)
[2026-02-01 10:23:30]   [emp_id: 5230] REFRESHED: 12.03 → 12.09 (not updated)
[2026-02-01 10:23:30]   [emp_id: 5231] REFRESHED: 8.36 → 8.42 (not updated)
[2026-02-01 10:23:30]   [emp_id: 5232] REFRESHED: 2.36 → 2.42 (not updated)
[2026-02-01 10:23:30]   [emp_id: 5233] REFRESHED: 6.36 → 6.42 (not updated)
[2026-02-01 10:23:30]   [emp_id: 5234] REFRESHED: 6.36 → 6.42 (not updated)
[2026-02-01 10:23:30]   [emp_id: 5235] REFRESHED: 1.8 → 1.86 (not updated)
[2026-02-01 10:23:30]   [emp_id: 5237] REFRESHED: 12.61 → 12.67 (not updated)
[2026-02-01 10:23:30]   [emp_id: 5239] REFRESHED: 9.36 → 9.42 (not updated)
[2026-02-01 10:23:30]   [emp_id: 5241] REFRESHED: 7.36 → 7.42 (not updated)
[2026-02-01 10:23:30]   [emp_id: 5242] REFRESHED: 17.36 → 17.42 (not updated)
[2026-02-01 10:23:30]   [emp_id: 5243] REFRESHED: 3.77 → 3.83 (not updated)
[2026-02-01 10:23:30]   [emp_id: 5244] REFRESHED: 1.8 → 1.86 (not updated)
[2026-02-01 10:23:30]   [emp_id: 5246] REFRESHED: 13.36 → 13.42 (not updated)
[2026-02-01 10:23:30]   [emp_id: 5253] REFRESHED: 26.23 → 26.29 (not updated)
[2026-02-01 10:23:30]   [emp_id: 5254] REFRESHED: 14.21 → 14.27 (not updated)
[2026-02-01 10:23:30]   [emp_id: 5257] REFRESHED: 13.92 → 13.98 (not updated)
[2026-02-01 10:23:30]   [emp_id: 5259] REFRESHED: 50.45 → 50.51 (not updated)
[2026-02-01 10:23:30]   [emp_id: 5261] REFRESHED: 18.87 → 18.95 (not updated)
[2026-02-01 10:23:30]   [emp_id: 5264] REFRESHED: 15.93 → 15.99 (not updated)
[2026-02-01 10:23:30]   [emp_id: 5266] REFRESHED: 22.55 → 22.61 (not updated)
[2026-02-01 10:23:30]   [emp_id: 5268] REFRESHED: 11.12 → 11.18 (not updated)
[2026-02-01 10:23:30]   [emp_id: 5271] REFRESHED: 9.78 → 9.84 (not updated)
[2026-02-01 10:23:30]   [emp_id: 5272] REFRESHED: 10.65 → 10.71 (not updated)
[2026-02-01 10:23:30]   [emp_id: 5273] REFRESHED: 25.72 → 25.78 (not updated)
[2026-02-01 10:23:30]   [emp_id: 5275] REFRESHED: 11.47 → 11.53 (not updated)
[2026-02-01 10:23:30]   [emp_id: 5276] REFRESHED: 25.74 → 25.8 (not updated)
[2026-02-01 10:23:30]   [emp_id: 5278] REFRESHED: 10.13 → 10.19 (not updated)
[2026-02-01 10:23:30]   [emp_id: 5280] REFRESHED: 20.53 → 20.59 (not updated)
[2026-02-01 10:23:30]   [emp_id: 5282] REFRESHED: 14.35 → 14.43 (not updated)
[2026-02-01 10:23:30]   [emp_id: 5285] REFRESHED: 30.53 → 30.59 (not updated)
[2026-02-01 10:23:30]   [emp_id: 5286] REFRESHED: 17.53 → 17.59 (not updated)
[2026-02-01 10:23:30]   [emp_id: 5287] REFRESHED: 51.83 → 51.89 (not updated)
[2026-02-01 10:23:30]   [emp_id: 5288] REFRESHED: 9.1 → 9.16 (not updated)
[2026-02-01 10:23:30]   [emp_id: 5289] REFRESHED: 50.38 → 50.44 (not updated)
[2026-02-01 10:23:30]   [emp_id: 5290] REFRESHED: 49.15 → 49.21 (not updated)
[2026-02-01 10:23:30]   [emp_id: 5291] REFRESHED: 7.15 → 7.21 (not updated)
[2026-02-01 10:23:30]   [emp_id: 5292] REFRESHED: 7.09 → 7.15 (not updated)
[2026-02-01 10:23:30]   [emp_id: 5293] REFRESHED: 10.61 → 10.69 (not updated)
[2026-02-01 10:23:30]   [emp_id: 5294] REFRESHED: 10.27 → 10.35 (not updated)
[2026-02-01 10:23:30]   [emp_id: 5295] REFRESHED: 23.33 → 23.39 (not updated)
[2026-02-01 10:23:30]   [emp_id: 5296] REFRESHED: 37.29 → 37.37 (not updated)
[2026-02-01 10:23:30]   [emp_id: 5297] REFRESHED: 47.75 → 47.81 (not updated)
[2026-02-01 10:23:30]   [emp_id: 5298] REFRESHED: 47.75 → 47.81 (not updated)
[2026-02-01 10:23:30]   [emp_id: 5299] REFRESHED: 47.75 → 47.81 (not updated)
[2026-02-01 10:23:30]   [emp_id: 5300] REFRESHED: 47.75 → 47.81 (not updated)
[2026-02-01 10:23:30]   [emp_id: 5301] REFRESHED: 5.57 → 5.63 (not updated)
[2026-02-01 10:23:30]   [emp_id: 5303] REFRESHED: 6 → 6.06 (not updated)
[2026-02-01 10:23:30]   [emp_id: 5304] REFRESHED: 2.75 → 2.81 (not updated)
[2026-02-01 10:23:30]   [emp_id: 5305] REFRESHED: 5.75 → 5.81 (not updated)
[2026-02-01 10:23:30]   [emp_id: 5306] REFRESHED: 47.46 → 47.52 (not updated)
[2026-02-01 10:23:30]   [emp_id: 5307] REFRESHED: 47.46 → 47.52 (not updated)
[2026-02-01 10:23:30]   [emp_id: 5312] REFRESHED: 1.8 → 1.86 (not updated)
[2026-02-01 10:23:30]   [emp_id: 5318] REFRESHED: 28.17 → 28.23 (not updated)
[2026-02-01 10:23:30]   [emp_id: 5325] REFRESHED: 2.13 → 2.19 (not updated)
[2026-02-01 10:23:30]   [emp_id: 5327] REFRESHED: 3.22 → 3.28 (not updated)
[2026-02-01 10:23:30]   [emp_id: 5337] REFRESHED: 38.18 → 38.26 (not updated)
[2026-02-01 10:23:30]   [emp_id: 5339] REFRESHED: 12.32 → 12.38 (not updated)
[2026-02-01 10:23:30]   [emp_id: 5343] REFRESHED: 48.1 → 48.18 (not updated)
[2026-02-01 10:23:30]   [emp_id: 5343] REFRESHED: 48.1 → 48.18 (not updated)
[2026-02-01 10:23:30]   [emp_id: 5345] REFRESHED: 17.93 → 18.01 (not updated)
[2026-02-01 10:23:30]   [emp_id: 5346] REFRESHED: 4.04 → 4.1 (not updated)
[2026-02-01 10:23:30]   [emp_id: 5351] REFRESHED: 18.98 → 19.04 (not updated)
[2026-02-01 10:23:30]   [emp_id: 5352] REFRESHED: 28.35 → 28.43 (not updated)
[2026-02-01 10:23:30]   [emp_id: 5370] REFRESHED: 17.63 → 17.69 (not updated)
[2026-02-01 10:23:31]   [emp_id: 5371] REFRESHED: 10.1 → 10.18 (not updated)
[2026-02-01 10:23:31]   [emp_id: 5376] REFRESHED: 12.23 → 12.29 (not updated)
[2026-02-01 10:23:31]   [emp_id: 5378] REFRESHED: 20.18 → 20.26 (not updated)
[2026-02-01 10:23:31]   [emp_id: 5380] REFRESHED: 18.64 → 18.7 (not updated)
[2026-02-01 10:23:31]   [emp_id: 5381] REFRESHED: 14.62 → 14.7 (not updated)
[2026-02-01 10:23:31]   [emp_id: 5383] REFRESHED: 17.93 → 18.01 (not updated)
[2026-02-01 10:23:31]   [emp_id: 5388] REFRESHED: 29.42 → 29.48 (not updated)
[2026-02-01 10:23:31]   [emp_id: 5396] REFRESHED: 30.66 → 30.72 (not updated)
[2026-02-01 10:23:31]   [emp_id: 5397] REFRESHED: 22.12 → 22.18 (not updated)
[2026-02-01 10:23:31]   [emp_id: 5401] REFRESHED: 25.23 → 25.29 (not updated)
[2026-02-01 10:23:31]   [emp_id: 5402] REFRESHED: 25.35 → 25.41 (not updated)
[2026-02-01 10:23:31]   [emp_id: 5406] REFRESHED: 19.07 → 19.13 (not updated)
[2026-02-01 10:23:31]   [emp_id: 5407] REFRESHED: 18.7 → 18.78 (not updated)
[2026-02-01 10:23:31]   [emp_id: 5409] REFRESHED: 18.41 → 18.47 (not updated)
[2026-02-01 10:23:31]   [emp_id: 5413] REFRESHED: 31.1 → 31.18 (not updated)
[2026-02-01 10:23:31]   [emp_id: 5414] REFRESHED: 30.77 → 30.85 (not updated)
[2026-02-01 10:23:31]   [emp_id: 5415] REFRESHED: 6.7 → 6.78 (not updated)
[2026-02-01 10:23:31]   [emp_id: 5418] REFRESHED: 17.47 → 17.53 (not updated)
[2026-02-01 10:23:31]   [emp_id: 5422] REFRESHED: 23.43 → 23.51 (not updated)
[2026-02-01 10:23:31]   [emp_id: 5423] REFRESHED: 8.12 → 8.2 (not updated)
[2026-02-01 10:23:31]   [emp_id: 5425] REFRESHED: 16.02 → 16.08 (not updated)
[2026-02-01 10:23:31]   [emp_id: 5426] REFRESHED: 4.67 → 4.75 (not updated)
[2026-02-01 10:23:31]   [emp_id: 5426] REFRESHED: 4.67 → 4.75 (not updated)
[2026-02-01 10:23:31]   [emp_id: 5427] REFRESHED: 16.13 → 16.19 (not updated)
[2026-02-01 10:23:31]   [emp_id: 5428] REFRESHED: 16.02 → 16.08 (not updated)
[2026-02-01 10:23:31]   [emp_id: 5430] REFRESHED: 20.49 → 20.57 (not updated)
[2026-02-01 10:23:31]   [emp_id: 5431] REFRESHED: 15.14 → 15.2 (not updated)
[2026-02-01 10:23:31]   [emp_id: 5433] REFRESHED: 15.16 → 15.22 (not updated)
[2026-02-01 10:23:31]   [emp_id: 5434] REFRESHED: 14.91 → 14.97 (not updated)
[2026-02-01 10:23:31]   [emp_id: 5435] REFRESHED: 14.85 → 14.91 (not updated)
[2026-02-01 10:23:31]   [emp_id: 5436] REFRESHED: 14.85 → 14.91 (not updated)
[2026-02-01 10:23:31]   [emp_id: 5438] REFRESHED: 18.35 → 18.43 (not updated)
[2026-02-01 10:23:31]   [emp_id: 5439] REFRESHED: 27.85 → 27.93 (not updated)
[2026-02-01 10:23:31]   [emp_id: 5442] REFRESHED: 16.85 → 16.93 (not updated)
[2026-02-01 10:23:31]   [emp_id: 5445] REFRESHED: 9.31 → 9.37 (not updated)
[2026-02-01 10:23:31]   [emp_id: 5446] REFRESHED: 9.31 → 9.37 (not updated)
[2026-02-01 10:23:31]   [emp_id: 5447] REFRESHED: 9.25 → 9.31 (not updated)
[2026-02-01 10:23:31]   [emp_id: 5448] REFRESHED: 3.87 → 3.95 (not updated)
[2026-02-01 10:23:31]   [emp_id: 5449] REFRESHED: 7.33 → 7.39 (not updated)
[2026-02-01 10:23:31]   [emp_id: 5450] REFRESHED: 7.27 → 7.33 (not updated)
[2026-02-01 10:23:31]   [emp_id: 5451] REFRESHED: 7.27 → 7.33 (not updated)
[2026-02-01 10:23:31]   [emp_id: 5453] REFRESHED: 7.11 → 7.17 (not updated)
[2026-02-01 10:23:31]   [emp_id: 5454] REFRESHED: 9.93 → 10.01 (not updated)
[2026-02-01 10:23:31]   [emp_id: 5455] REFRESHED: 4.18 → 4.26 (not updated)
[2026-02-01 10:23:31]   [emp_id: 5456] REFRESHED: 9.18 → 9.26 (not updated)
[2026-02-01 10:23:31]   [emp_id: 5457] REFRESHED: 6.36 → 6.42 (not updated)
[2026-02-01 10:23:31]   [emp_id: 5460] REFRESHED: 7.83 → 7.91 (not updated)
[2026-02-01 10:23:31]   [emp_id: 5463] REFRESHED: 7.16 → 7.24 (not updated)
[2026-02-01 10:23:31]   [emp_id: 5464] REFRESHED: 7.16 → 7.24 (not updated)
[2026-02-01 10:23:31]   [emp_id: 5466] REFRESHED: 4.91 → 4.99 (not updated)
[2026-02-01 10:23:31]   [emp_id: 5467] REFRESHED: 3.83 → 3.91 (not updated)
[2026-02-01 10:23:31]   [emp_id: 5468] REFRESHED: 2.78 → 2.86 (not updated)
[2026-02-01 10:23:31]   [emp_id: 5469] REFRESHED: 2.69 → 2.77 (not updated)
[2026-02-01 10:23:31] Report saved to: D:\xampp\htdocs\almutlak\system/cron_logs/last_vacation_update_report.json
[2026-02-01 10:29:38] ========== CRON: Vacation Balance Update Started ==========
[2026-02-01 10:29:38] Force level: 1 (0=normal, 1=check missing, 2=full bypass)
[2026-02-01 10:29:38] Source: CLI (argv)
[2026-02-01 10:29:38] FORCE LEVEL 1: Checking for missing records and refreshing values (NOT updating last_updated)
[2026-02-01 10:29:38] FORCE LEVEL 1: Checking for missing records only
[2026-02-01 10:29:38] Database connection established
[2026-02-01 10:29:38] Found 433 active employees with balance records to update
[2026-02-01 10:29:38] (Only employees with status=1 will be processed)
[2026-02-01 10:29:38]   [emp_id: 1061] REFRESHED: 2.42 → 2.42 (not updated)
[2026-02-01 10:29:38]   [emp_id: 1496] REFRESHED: 19.27 → 19.27 (not updated)
[2026-02-01 10:29:38]   [emp_id: 1500] REFRESHED: 6.95 → 6.95 (not updated)
[2026-02-01 10:29:38]   [emp_id: 1574] REFRESHED: 36.18 → 36.18 (not updated)
[2026-02-01 10:29:38]   [emp_id: 1673] REFRESHED: 47.68 → 47.68 (not updated)
[2026-02-01 10:29:38]   [emp_id: 1685] REFRESHED: 17.6 → 17.6 (not updated)
[2026-02-01 10:29:38]   [emp_id: 1764] REFRESHED: 72.27 → 72.27 (not updated)
[2026-02-01 10:29:38]   [emp_id: 1805] REFRESHED: 66.6 → 66.6 (not updated)
[2026-02-01 10:29:38]   [emp_id: 1822] REFRESHED: 71.35 → 71.35 (not updated)
[2026-02-01 10:29:38]   [emp_id: 1837] REFRESHED: 27.52 → 27.52 (not updated)
[2026-02-01 10:29:38]   [emp_id: 1857] REFRESHED: 22.85 → 22.85 (not updated)
[2026-02-01 10:29:38]   [emp_id: 1861] REFRESHED: 73.68 → 73.68 (not updated)
[2026-02-01 10:29:38]   [emp_id: 1872] REFRESHED: 12.52 → 12.52 (not updated)
[2026-02-01 10:29:38]   [emp_id: 1897] REFRESHED: 7.85 → 7.85 (not updated)
[2026-02-01 10:29:38]   [emp_id: 1916] REFRESHED: 14.15 → 14.15 (not updated)
[2026-02-01 10:29:38]   [emp_id: 1928] REFRESHED: 67.1 → 67.1 (not updated)
[2026-02-01 10:29:38]   [emp_id: 1931] REFRESHED: 87.02 → 87.02 (not updated)
[2026-02-01 10:29:38]   [emp_id: 1944] REFRESHED: 45.18 → 45.18 (not updated)
[2026-02-01 10:29:38]   [emp_id: 1996] REFRESHED: 73.68 → 73.68 (not updated)
[2026-02-01 10:29:38]   [emp_id: 1997] REFRESHED: 38.85 → 38.85 (not updated)
[2026-02-01 10:29:38]   [emp_id: 1998] REFRESHED: 30.29 → 30.29 (not updated)
[2026-02-01 10:29:38]   [emp_id: 1999] REFRESHED: 31.29 → 31.29 (not updated)
[2026-02-01 10:29:38]   [emp_id: 2009] REFRESHED: 37.6 → 37.6 (not updated)
[2026-02-01 10:29:38]   [emp_id: 2048] REFRESHED: 27.43 → 27.43 (not updated)
[2026-02-01 10:29:38]   [emp_id: 2057] REFRESHED: 68.27 → 68.27 (not updated)
[2026-02-01 10:29:38]   [emp_id: 2079] REFRESHED: 50.6 → 50.6 (not updated)
[2026-02-01 10:29:38]   [emp_id: 2181] REFRESHED: 39.6 → 39.6 (not updated)
[2026-02-01 10:29:38]   [emp_id: 2190] REFRESHED: 8.93 → 8.93 (not updated)
[2026-02-01 10:29:38]   [emp_id: 2212] REFRESHED: 26.93 → 26.93 (not updated)
[2026-02-01 10:29:38]   [emp_id: 2226] REFRESHED: 71.68 → 71.68 (not updated)
[2026-02-01 10:29:38]   [emp_id: 2238] REFRESHED: 69.93 → 69.93 (not updated)
[2026-02-01 10:29:38]   [emp_id: 2285] REFRESHED: 38.6 → 38.6 (not updated)
[2026-02-01 10:29:38]   [emp_id: 2287] REFRESHED: 50.27 → 50.27 (not updated)
[2026-02-01 10:29:38]   [emp_id: 2288] REFRESHED: 5.29 → 5.29 (not updated)
[2026-02-01 10:29:38]   [emp_id: 2316] REFRESHED: 19.1 → 19.1 (not updated)
[2026-02-01 10:29:38]   [emp_id: 2337] REFRESHED: 40.18 → 40.18 (not updated)
[2026-02-01 10:29:38]   [emp_id: 2352] REFRESHED: 71.68 → 71.68 (not updated)
[2026-02-01 10:29:38]   [emp_id: 2358] REFRESHED: 8.18 → 8.18 (not updated)
[2026-02-01 10:29:38]   [emp_id: 2361] REFRESHED: 73.85 → 73.85 (not updated)
[2026-02-01 10:29:38]   [emp_id: 2363] REFRESHED: 76.43 → 76.43 (not updated)
[2026-02-01 10:29:38]   [emp_id: 2364] REFRESHED: 75.85 → 75.85 (not updated)
[2026-02-01 10:29:38]   [emp_id: 2367] REFRESHED: 103.52 → 103.52 (not updated)
[2026-02-01 10:29:38]   [emp_id: 2368] REFRESHED: 33.93 → 33.93 (not updated)
[2026-02-01 10:29:38]   [emp_id: 2372] REFRESHED: 71.18 → 71.18 (not updated)
[2026-02-01 10:29:38]   [emp_id: 2376] REFRESHED: 121.18 → 121.18 (not updated)
[2026-02-01 10:29:38]   [emp_id: 2423] REFRESHED: 21.93 → 21.93 (not updated)
[2026-02-01 10:29:38]   [emp_id: 2519] REFRESHED: 115.6 → 115.6 (not updated)
[2026-02-01 10:29:38]   [emp_id: 2522] REFRESHED: 59.18 → 59.18 (not updated)
[2026-02-01 10:29:38]   [emp_id: 2530] REFRESHED: 54.43 → 54.43 (not updated)
[2026-02-01 10:29:38]   [emp_id: 2539] REFRESHED: 51.18 → 51.18 (not updated)
[2026-02-01 10:29:38]   [emp_id: 2541] REFRESHED: 31.77 → 31.77 (not updated)
[2026-02-01 10:29:38]   [emp_id: 2550] REFRESHED: 97.93 → 97.93 (not updated)
[2026-02-01 10:29:38]   [emp_id: 2553] REFRESHED: 35.04 → 35.04 (not updated)
[2026-02-01 10:29:38]   [emp_id: 2554] REFRESHED: 41.52 → 41.52 (not updated)
[2026-02-01 10:29:38]   [emp_id: 2565] REFRESHED: 96.1 → 96.1 (not updated)
[2026-02-01 10:29:38]   [emp_id: 2572] REFRESHED: 46.1 → 46.1 (not updated)
[2026-02-01 10:29:38]   [emp_id: 2637] REFRESHED: 66.68 → 66.68 (not updated)
[2026-02-01 10:29:38]   [emp_id: 2642] REFRESHED: 79.43 → 79.43 (not updated)
[2026-02-01 10:29:38]   [emp_id: 2645] REFRESHED: 95.43 → 95.43 (not updated)
[2026-02-01 10:29:38]   [emp_id: 2648] REFRESHED: 47.1 → 47.1 (not updated)
[2026-02-01 10:29:38]   [emp_id: 2654] REFRESHED: 89.77 → 89.77 (not updated)
[2026-02-01 10:29:38]   [emp_id: 2688] REFRESHED: 27.85 → 27.85 (not updated)
[2026-02-01 10:29:38]   [emp_id: 2690] REFRESHED: 16.6 → 16.6 (not updated)
[2026-02-01 10:29:38]   [emp_id: 2709] REFRESHED: 38.85 → 38.85 (not updated)
[2026-02-01 10:29:38]   [emp_id: 2745] REFRESHED: 35.43 → 35.43 (not updated)
[2026-02-01 10:29:38]   [emp_id: 2843] REFRESHED: 82.02 → 82.02 (not updated)
[2026-02-01 10:29:38]   [emp_id: 2854] REFRESHED: 61.93 → 61.93 (not updated)
[2026-02-01 10:29:38]   [emp_id: 2869] REFRESHED: 5.85 → 5.85 (not updated)
[2026-02-01 10:29:38]   [emp_id: 2876] REFRESHED: 36.68 → 36.68 (not updated)
[2026-02-01 10:29:38]   [emp_id: 2924] REFRESHED: 17.85 → 17.85 (not updated)
[2026-02-01 10:29:38]   [emp_id: 2953] REFRESHED: 103.6 → 103.6 (not updated)
[2026-02-01 10:29:38]   [emp_id: 2961] REFRESHED: 13.6 → 13.6 (not updated)
[2026-02-01 10:29:38]   [emp_id: 2975] REFRESHED: 3.28 → 3.28 (not updated)
[2026-02-01 10:29:38]   [emp_id: 3013] REFRESHED: 12.6 → 12.6 (not updated)
[2026-02-01 10:29:38]   [emp_id: 3014] REFRESHED: 91.85 → 91.85 (not updated)
[2026-02-01 10:29:38]   [emp_id: 3015] REFRESHED: 3.1 → 3.1 (not updated)
[2026-02-01 10:29:38]   [emp_id: 3018] REFRESHED: 61.85 → 61.85 (not updated)
[2026-02-01 10:29:38]   [emp_id: 3025] REFRESHED: 25.62 → 25.62 (not updated)
[2026-02-01 10:29:38]   [emp_id: 3037] REFRESHED: 85.35 → 85.35 (not updated)
[2026-02-01 10:29:38]   [emp_id: 3047] REFRESHED: 73.6 → 73.6 (not updated)
[2026-02-01 10:29:38]   [emp_id: 3061] REFRESHED: 20.52 → 20.52 (not updated)
[2026-02-01 10:29:38]   [emp_id: 3062] REFRESHED: 53.68 → 53.68 (not updated)
[2026-02-01 10:29:38]   [emp_id: 3074] REFRESHED: 110.1 → 110.1 (not updated)
[2026-02-01 10:29:38]   [emp_id: 3089] REFRESHED: 9.02 → 9.02 (not updated)
[2026-02-01 10:29:38]   [emp_id: 3090] REFRESHED: 35.6 → 35.6 (not updated)
[2026-02-01 10:29:38]   [emp_id: 3091] REFRESHED: 47.6 → 47.6 (not updated)
[2026-02-01 10:29:38]   [emp_id: 3092] REFRESHED: 30.27 → 30.27 (not updated)
[2026-02-01 10:29:38]   [emp_id: 3105] REFRESHED: 50.6 → 50.6 (not updated)
[2026-02-01 10:29:38]   [emp_id: 3134] REFRESHED: 46.35 → 46.35 (not updated)
[2026-02-01 10:29:38]   [emp_id: 3140] REFRESHED: 43.43 → 43.43 (not updated)
[2026-02-01 10:29:38]   [emp_id: 3144] REFRESHED: 16.27 → 16.27 (not updated)
[2026-02-01 10:29:38]   [emp_id: 3156] REFRESHED: 19.6 → 19.6 (not updated)
[2026-02-01 10:29:38]   [emp_id: 3162] REFRESHED: 4.58 → 4.58 (not updated)
[2026-02-01 10:29:38]   [emp_id: 3163] REFRESHED: 7.85 → 7.85 (not updated)
[2026-02-01 10:29:38]   [emp_id: 3198] REFRESHED: 42.85 → 42.85 (not updated)
[2026-02-01 10:29:38]   [emp_id: 3205] REFRESHED: 19.52 → 19.52 (not updated)
[2026-02-01 10:29:38]   [emp_id: 3209] REFRESHED: 43.68 → 43.68 (not updated)
[2026-02-01 10:29:38]   [emp_id: 3223] REFRESHED: 92.6 → 92.6 (not updated)
[2026-02-01 10:29:38]   [emp_id: 3224] REFRESHED: 67.35 → 67.35 (not updated)
[2026-02-01 10:29:38]   [emp_id: 3230] REFRESHED: 90.77 → 90.77 (not updated)
[2026-02-01 10:29:38]   [emp_id: 3231] REFRESHED: 3.14 → 3.14 (not updated)
[2026-02-01 10:29:38]   [emp_id: 3233] REFRESHED: 83.6 → 83.6 (not updated)
[2026-02-01 10:29:38]   [emp_id: 3249] REFRESHED: 39.43 → 39.43 (not updated)
[2026-02-01 10:29:38]   [emp_id: 3250] REFRESHED: 12.43 → 12.43 (not updated)
[2026-02-01 10:29:38]   [emp_id: 3252] REFRESHED: 13.35 → 13.35 (not updated)
[2026-02-01 10:29:38]   [emp_id: 3254] REFRESHED: 23.85 → 23.85 (not updated)
[2026-02-01 10:29:38]   [emp_id: 3255] REFRESHED: 20.27 → 20.27 (not updated)
[2026-02-01 10:29:38]   [emp_id: 3256] REFRESHED: 16.52 → 16.52 (not updated)
[2026-02-01 10:29:38]   [emp_id: 3263] REFRESHED: 32.6 → 32.6 (not updated)
[2026-02-01 10:29:38]   [emp_id: 3265] REFRESHED: 28.18 → 28.18 (not updated)
[2026-02-01 10:29:38]   [emp_id: 3280] REFRESHED: 75.1 → 75.1 (not updated)
[2026-02-01 10:29:38]   [emp_id: 3286] REFRESHED: 18.27 → 18.27 (not updated)
[2026-02-01 10:29:38]   [emp_id: 3294] REFRESHED: 17.93 → 17.93 (not updated)
[2026-02-01 10:29:38]   [emp_id: 3321] REFRESHED: 75.1 → 75.1 (not updated)
[2026-02-01 10:29:38]   [emp_id: 3325] REFRESHED: 62.85 → 62.85 (not updated)
[2026-02-01 10:29:38]   [emp_id: 3329] REFRESHED: 65.18 → 65.18 (not updated)
[2026-02-01 10:29:38]   [emp_id: 3330] REFRESHED: 65.18 → 65.18 (not updated)
[2026-02-01 10:29:38]   [emp_id: 3332] REFRESHED: 65.18 → 65.18 (not updated)
[2026-02-01 10:29:38]   [emp_id: 3370] REFRESHED: 56.69 → 56.69 (not updated)
[2026-02-01 10:29:38]   [emp_id: 3384] REFRESHED: 17.35 → 17.35 (not updated)
[2026-02-01 10:29:38]   [emp_id: 3386] REFRESHED: 47.35 → 47.35 (not updated)
[2026-02-01 10:29:38]   [emp_id: 3431] REFRESHED: 21.77 → 21.77 (not updated)
[2026-02-01 10:29:38]   [emp_id: 3497] REFRESHED: 11.93 → 11.93 (not updated)
[2026-02-01 10:29:38]   [emp_id: 3532] REFRESHED: 2.77 → 2.77 (not updated)
[2026-02-01 10:29:38]   [emp_id: 3602] REFRESHED: 4.34 → 4.34 (not updated)
[2026-02-01 10:29:38]   [emp_id: 3618] REFRESHED: 26.32 → 26.32 (not updated)
[2026-02-01 10:29:38]   [emp_id: 3622] REFRESHED: 36.57 → 36.57 (not updated)
[2026-02-01 10:29:38]   [emp_id: 3627] REFRESHED: 12.27 → 12.27 (not updated)
[2026-02-01 10:29:38]   [emp_id: 3665] REFRESHED: 53.85 → 53.85 (not updated)
[2026-02-01 10:29:38]   [emp_id: 3705] REFRESHED: 29.9 → 29.9 (not updated)
[2026-02-01 10:29:38]   [emp_id: 3724] REFRESHED: 46.85 → 46.85 (not updated)
[2026-02-01 10:29:38]   [emp_id: 3726] REFRESHED: 63.27 → 63.27 (not updated)
[2026-02-01 10:29:38]   [emp_id: 3727] REFRESHED: 68.35 → 68.35 (not updated)
[2026-02-01 10:29:38]   [emp_id: 3728] REFRESHED: 12.68 → 12.68 (not updated)
[2026-02-01 10:29:38]   [emp_id: 3767] REFRESHED: 3.43 → 3.43 (not updated)
[2026-02-01 10:29:38]   [emp_id: 3768] REFRESHED: 59.68 → 59.68 (not updated)
[2026-02-01 10:29:38]   [emp_id: 3787] REFRESHED: 60.27 → 60.27 (not updated)
[2026-02-01 10:29:38]   [emp_id: 3790] REFRESHED: 4.82 → 4.82 (not updated)
[2026-02-01 10:29:38]   [emp_id: 3795] REFRESHED: 17.77 → 17.77 (not updated)
[2026-02-01 10:29:38]   [emp_id: 3798] REFRESHED: 96.18 → 96.18 (not updated)
[2026-02-01 10:29:38]   [emp_id: 3801] REFRESHED: 4.45 → 4.45 (not updated)
[2026-02-01 10:29:38]   [emp_id: 3802] REFRESHED: 33.43 → 33.43 (not updated)
[2026-02-01 10:29:38]   [emp_id: 3803] REFRESHED: 117.85 → 117.85 (not updated)
[2026-02-01 10:29:38]   [emp_id: 3810] REFRESHED: 63.85 → 63.85 (not updated)
[2026-02-01 10:29:38]   [emp_id: 3812] REFRESHED: 92.85 → 92.85 (not updated)
[2026-02-01 10:29:38]   [emp_id: 3815] REFRESHED: 92.85 → 92.85 (not updated)
[2026-02-01 10:29:38]   [emp_id: 3836] REFRESHED: 60.52 → 60.52 (not updated)
[2026-02-01 10:29:38]   [emp_id: 3855] REFRESHED: 53.68 → 53.68 (not updated)
[2026-02-01 10:29:38]   [emp_id: 3857] REFRESHED: 57.35 → 57.35 (not updated)
[2026-02-01 10:29:38]   [emp_id: 3862] REFRESHED: 105.43 → 105.43 (not updated)
[2026-02-01 10:29:38]   [emp_id: 3866] REFRESHED: 30.68 → 30.68 (not updated)
[2026-02-01 10:29:38]   [emp_id: 3876] REFRESHED: 26.85 → 26.85 (not updated)
[2026-02-01 10:29:38]   [emp_id: 3877] REFRESHED: 52.35 → 52.35 (not updated)
[2026-02-01 10:29:38]   [emp_id: 3897] REFRESHED: 40.6 → 40.6 (not updated)
[2026-02-01 10:29:38]   [emp_id: 3899] REFRESHED: 2.42 → 2.42 (not updated)
[2026-02-01 10:29:38]   [emp_id: 3928] REFRESHED: 16.68 → 16.68 (not updated)
[2026-02-01 10:29:38]   [emp_id: 3929] REFRESHED: 11.68 → 11.68 (not updated)
[2026-02-01 10:29:38]   [emp_id: 3935] REFRESHED: 96.68 → 96.68 (not updated)
[2026-02-01 10:29:38]   [emp_id: 3952] REFRESHED: 78.02 → 78.02 (not updated)
[2026-02-01 10:29:38]   [emp_id: 3987] REFRESHED: 16.93 → 16.93 (not updated)
[2026-02-01 10:29:38]   [emp_id: 4059] REFRESHED: 6.13 → 6.13 (not updated)
[2026-02-01 10:29:38]   [emp_id: 4119] REFRESHED: 59.6 → 59.6 (not updated)
[2026-02-01 10:29:38]   [emp_id: 4120] REFRESHED: 29.18 → 29.18 (not updated)
[2026-02-01 10:29:38]   [emp_id: 4124] REFRESHED: 29.7 → 29.7 (not updated)
[2026-02-01 10:29:38]   [emp_id: 4133] REFRESHED: 108.18 → 108.18 (not updated)
[2026-02-01 10:29:38]   [emp_id: 4134] REFRESHED: 29.18 → 29.18 (not updated)
[2026-02-01 10:29:38]   [emp_id: 4136] REFRESHED: 29.18 → 29.18 (not updated)
[2026-02-01 10:29:38]   [emp_id: 4150] REFRESHED: 27.85 → 27.85 (not updated)
[2026-02-01 10:29:38]   [emp_id: 4157] REFRESHED: 21.35 → 21.35 (not updated)
[2026-02-01 10:29:38]   [emp_id: 4172] REFRESHED: 14.48 → 14.48 (not updated)
[2026-02-01 10:29:38]   [emp_id: 4195] REFRESHED: 64.93 → 64.93 (not updated)
[2026-02-01 10:29:38]   [emp_id: 4215] REFRESHED: 47.6 → 47.6 (not updated)
[2026-02-01 10:29:38]   [emp_id: 4220] REFRESHED: 43.18 → 43.18 (not updated)
[2026-02-01 10:29:38]   [emp_id: 4273] REFRESHED: 11.85 → 11.85 (not updated)
[2026-02-01 10:29:38]   [emp_id: 4283] REFRESHED: 15.57 → 15.57 (not updated)
[2026-02-01 10:29:38]   [emp_id: 4288] REFRESHED: 2.42 → 2.42 (not updated)
[2026-02-01 10:29:38]   [emp_id: 4315] REFRESHED: 15.1 → 15.1 (not updated)
[2026-02-01 10:29:38]   [emp_id: 4328] REFRESHED: 44.4 → 44.4 (not updated)
[2026-02-01 10:29:38]   [emp_id: 4329] REFRESHED: 8.27 → 8.27 (not updated)
[2026-02-01 10:29:38]   [emp_id: 4338] REFRESHED: 49.85 → 49.85 (not updated)
[2026-02-01 10:29:38]   [emp_id: 4340] REFRESHED: 111.85 → 111.85 (not updated)
[2026-02-01 10:29:38]   [emp_id: 4365] REFRESHED: 63.27 → 63.27 (not updated)
[2026-02-01 10:29:38]   [emp_id: 4366] REFRESHED: 62.35 → 62.35 (not updated)
[2026-02-01 10:29:38]   [emp_id: 4403] REFRESHED: 88.18 → 88.18 (not updated)
[2026-02-01 10:29:38]   [emp_id: 4438] REFRESHED: 23.85 → 23.85 (not updated)
[2026-02-01 10:29:38]   [emp_id: 4465] REFRESHED: 14.73 → 14.73 (not updated)
[2026-02-01 10:29:38]   [emp_id: 4473] REFRESHED: 47.43 → 47.43 (not updated)
[2026-02-01 10:29:38]   [emp_id: 4474] REFRESHED: 5.24 → 5.24 (not updated)
[2026-02-01 10:29:38]   [emp_id: 4493] REFRESHED: 166.27 → 166.27 (not updated)
[2026-02-01 10:29:38]   [emp_id: 4526] REFRESHED: 38.52 → 38.52 (not updated)
[2026-02-01 10:29:38]   [emp_id: 4528] REFRESHED: 110.27 → 110.27 (not updated)
[2026-02-01 10:29:38]   [emp_id: 4528] REFRESHED: 110.27 → 110.27 (not updated)
[2026-02-01 10:29:38]   [emp_id: 4532] REFRESHED: 9.85 → 9.85 (not updated)
[2026-02-01 10:29:38]   [emp_id: 4533] REFRESHED: 38.68 → 38.68 (not updated)
[2026-02-01 10:29:38]   [emp_id: 4565] REFRESHED: 17.23 → 17.23 (not updated)
[2026-02-01 10:29:38]   [emp_id: 4567] REFRESHED: 21.48 → 21.48 (not updated)
[2026-02-01 10:29:38]   [emp_id: 4572] REFRESHED: 60.98 → 60.98 (not updated)
[2026-02-01 10:29:38]   [emp_id: 4631] REFRESHED: 17.23 → 17.23 (not updated)
[2026-02-01 10:29:38]   [emp_id: 4655] REFRESHED: 27.6 → 27.6 (not updated)
[2026-02-01 10:29:38]   [emp_id: 4709] REFRESHED: 42.85 → 42.85 (not updated)
[2026-02-01 10:29:38]   [emp_id: 4717] REFRESHED: 68.85 → 68.85 (not updated)
[2026-02-01 10:29:38]   [emp_id: 4736] REFRESHED: 30.68 → 30.68 (not updated)
[2026-02-01 10:29:38]   [emp_id: 4756] REFRESHED: 13.67 → 13.67 (not updated)
[2026-02-01 10:29:38]   [emp_id: 4768] REFRESHED: 16.35 → 16.35 (not updated)
[2026-02-01 10:29:38]   [emp_id: 4780] REFRESHED: 67.4 → 67.4 (not updated)
[2026-02-01 10:29:38]   [emp_id: 4820] REFRESHED: 101.68 → 101.68 (not updated)
[2026-02-01 10:29:38]   [emp_id: 4824] REFRESHED: 4.86 → 4.86 (not updated)
[2026-02-01 10:29:38]   [emp_id: 4825] REFRESHED: 33.43 → 33.43 (not updated)
[2026-02-01 10:29:38]   [emp_id: 4837] REFRESHED: 47.39 → 47.39 (not updated)
[2026-02-01 10:29:38]   [emp_id: 4840] REFRESHED: 47.39 → 47.39 (not updated)
[2026-02-01 10:29:38]   [emp_id: 4842] REFRESHED: 46.63 → 46.63 (not updated)
[2026-02-01 10:29:38]   [emp_id: 4843] REFRESHED: 47.16 → 47.16 (not updated)
[2026-02-01 10:29:38]   [emp_id: 4853] REFRESHED: 90.98 → 90.98 (not updated)
[2026-02-01 10:29:38]   [emp_id: 4856] REFRESHED: 44.3 → 44.3 (not updated)
[2026-02-01 10:29:38]   [emp_id: 4857] REFRESHED: 27.12 → 27.12 (not updated)
[2026-02-01 10:29:38]   [emp_id: 4858] REFRESHED: 24 → 24 (not updated)
[2026-02-01 10:29:38]   [emp_id: 4859] REFRESHED: 45.47 → 45.47 (not updated)
[2026-02-01 10:29:38]   [emp_id: 4860] REFRESHED: 9.97 → 9.97 (not updated)
[2026-02-01 10:29:38]   [emp_id: 4861] REFRESHED: 43.43 → 43.43 (not updated)
[2026-02-01 10:29:38]   [emp_id: 4869] REFRESHED: 86.31 → 86.31 (not updated)
[2026-02-01 10:29:38]   [emp_id: 4894] REFRESHED: 10.35 → 10.35 (not updated)
[2026-02-01 10:29:38]   [emp_id: 4897] REFRESHED: 25.21 → 25.21 (not updated)
[2026-02-01 10:29:38]   [emp_id: 4899] REFRESHED: 21.38 → 21.38 (not updated)
[2026-02-01 10:29:38]   [emp_id: 4902] REFRESHED: 20.8 → 20.8 (not updated)
[2026-02-01 10:29:38]   [emp_id: 4903] REFRESHED: 23.02 → 23.02 (not updated)
[2026-02-01 10:29:38]   [emp_id: 4905] REFRESHED: 21.68 → 21.68 (not updated)
[2026-02-01 10:29:38]   [emp_id: 4907] REFRESHED: 50.43 → 50.43 (not updated)
[2026-02-01 10:29:38]   [emp_id: 4917] REFRESHED: 18.64 → 18.64 (not updated)
[2026-02-01 10:29:38]   [emp_id: 4918] REFRESHED: 8.41 → 8.41 (not updated)
[2026-02-01 10:29:38]   [emp_id: 4919] REFRESHED: 60.7 → 60.7 (not updated)
[2026-02-01 10:29:38]   [emp_id: 4920] REFRESHED: 7.78 → 7.78 (not updated)
[2026-02-01 10:29:38]   [emp_id: 4921] REFRESHED: 19.87 → 19.87 (not updated)
[2026-02-01 10:29:38]   [emp_id: 4927] REFRESHED: 18.7 → 18.7 (not updated)
[2026-02-01 10:29:38]   [emp_id: 4929] REFRESHED: 20.22 → 20.22 (not updated)
[2026-02-01 10:29:38]   [emp_id: 4930] REFRESHED: 60.99 → 60.99 (not updated)
[2026-02-01 10:29:38]   [emp_id: 4932] REFRESHED: 18.99 → 18.99 (not updated)
[2026-02-01 10:29:38]   [emp_id: 4933] REFRESHED: 22.4 → 22.4 (not updated)
[2026-02-01 10:29:38]   [emp_id: 4949] REFRESHED: 25.83 → 25.83 (not updated)
[2026-02-01 10:29:38]   [emp_id: 4956] REFRESHED: 31.42 → 31.42 (not updated)
[2026-02-01 10:29:38]   [emp_id: 4957] REFRESHED: 27.09 → 27.09 (not updated)
[2026-02-01 10:29:38]   [emp_id: 4962] REFRESHED: 49.79 → 49.79 (not updated)
[2026-02-01 10:29:38]   [emp_id: 4969] REFRESHED: 49.1 → 49.1 (not updated)
[2026-02-01 10:29:38]   [emp_id: 4976] REFRESHED: 12.11 → 12.11 (not updated)
[2026-02-01 10:29:38]   [emp_id: 4984] REFRESHED: 40.35 → 40.35 (not updated)
[2026-02-01 10:29:38]   [emp_id: 4995] REFRESHED: 52.42 → 52.42 (not updated)
[2026-02-01 10:29:38]   [emp_id: 5004] REFRESHED: 29.05 → 29.05 (not updated)
[2026-02-01 10:29:39]   [emp_id: 5006] REFRESHED: 28.79 → 28.79 (not updated)
[2026-02-01 10:29:39]   [emp_id: 5011] REFRESHED: 8.2 → 8.2 (not updated)
[2026-02-01 10:29:39]   [emp_id: 5013] REFRESHED: 69.16 → 69.16 (not updated)
[2026-02-01 10:29:39]   [emp_id: 5018] REFRESHED: 5.65 → 5.65 (not updated)
[2026-02-01 10:29:39]   [emp_id: 5021] REFRESHED: 63.45 → 63.45 (not updated)
[2026-02-01 10:29:39]   [emp_id: 5024] REFRESHED: 3.67 → 3.67 (not updated)
[2026-02-01 10:29:39]   [emp_id: 5030] REFRESHED: 33.62 → 33.62 (not updated)
[2026-02-01 10:29:39]   [emp_id: 5033] REFRESHED: 12.42 → 12.42 (not updated)
[2026-02-01 10:29:39]   [emp_id: 5043] REFRESHED: 33.02 → 33.02 (not updated)
[2026-02-01 10:29:39]   [emp_id: 5045] REFRESHED: 29.52 → 29.52 (not updated)
[2026-02-01 10:29:39]   [emp_id: 5046] REFRESHED: 24.71 → 24.71 (not updated)
[2026-02-01 10:29:39]   [emp_id: 5049] REFRESHED: 1.1 → 1.1 (not updated)
[2026-02-01 10:29:39]   [emp_id: 5052] REFRESHED: 32.38 → 32.38 (not updated)
[2026-02-01 10:29:39]   [emp_id: 5055] REFRESHED: 20.82 → 20.82 (not updated)
[2026-02-01 10:29:39]   [emp_id: 5058] REFRESHED: 29.8 → 29.8 (not updated)
[2026-02-01 10:29:39]   [emp_id: 5062] REFRESHED: 41.63 → 41.63 (not updated)
[2026-02-01 10:29:39]   [emp_id: 5064] REFRESHED: 120.35 → 120.35 (not updated)
[2026-02-01 10:29:39]   [emp_id: 5065] REFRESHED: 41.04 → 41.04 (not updated)
[2026-02-01 10:29:39]   [emp_id: 5071] REFRESHED: 25.85 → 25.85 (not updated)
[2026-02-01 10:29:39]   [emp_id: 5073] REFRESHED: 15.64 → 15.64 (not updated)
[2026-02-01 10:29:39]   [emp_id: 5079] REFRESHED: 36.2 → 36.2 (not updated)
[2026-02-01 10:29:39]   [emp_id: 5080] REFRESHED: 29.53 → 29.53 (not updated)
[2026-02-01 10:29:39]   [emp_id: 5081] REFRESHED: 17.79 → 17.79 (not updated)
[2026-02-01 10:29:39]   [emp_id: 5087] REFRESHED: 37.83 → 37.83 (not updated)
[2026-02-01 10:29:39]   [emp_id: 5091] REFRESHED: 77.68 → 77.68 (not updated)
[2026-02-01 10:29:39]   [emp_id: 5093] REFRESHED: 17.02 → 17.02 (not updated)
[2026-02-01 10:29:39]   [emp_id: 5095] REFRESHED: 3.22 → 3.22 (not updated)
[2026-02-01 10:29:39]   [emp_id: 5101] REFRESHED: 19.1 → 19.1 (not updated)
[2026-02-01 10:29:39]   [emp_id: 5107] REFRESHED: 17.43 → 17.43 (not updated)
[2026-02-01 10:29:39]   [emp_id: 5109] REFRESHED: 14.68 → 14.68 (not updated)
[2026-02-01 10:29:39]   [emp_id: 5119] REFRESHED: 12.85 → 12.85 (not updated)
[2026-02-01 10:29:39]   [emp_id: 5122] REFRESHED: 10.02 → 10.02 (not updated)
[2026-02-01 10:29:39]   [emp_id: 5126] REFRESHED: 28.56 → 28.56 (not updated)
[2026-02-01 10:29:39]   [emp_id: 5127] REFRESHED: 7.35 → 7.35 (not updated)
[2026-02-01 10:29:39]   [emp_id: 5128] REFRESHED: 28.5 → 28.5 (not updated)
[2026-02-01 10:29:39]   [emp_id: 5138] REFRESHED: 52.68 → 52.68 (not updated)
[2026-02-01 10:29:39]   [emp_id: 5138] REFRESHED: 52.68 → 52.68 (not updated)
[2026-02-01 10:29:39]   [emp_id: 5141] REFRESHED: 36.87 → 36.87 (not updated)
[2026-02-01 10:29:39]   [emp_id: 5142] REFRESHED: 15.87 → 15.87 (not updated)
[2026-02-01 10:29:39]   [emp_id: 5146] REFRESHED: 22.87 → 22.87 (not updated)
[2026-02-01 10:29:39]   [emp_id: 5147] REFRESHED: 21.87 → 21.87 (not updated)
[2026-02-01 10:29:39]   [emp_id: 5148] REFRESHED: 27.22 → 27.22 (not updated)
[2026-02-01 10:29:39]   [emp_id: 5149] REFRESHED: 26.11 → 26.11 (not updated)
[2026-02-01 10:29:39]   [emp_id: 5150] REFRESHED: 25.47 → 25.47 (not updated)
[2026-02-01 10:29:39]   [emp_id: 5151] REFRESHED: 25.29 → 25.29 (not updated)
[2026-02-01 10:29:39]   [emp_id: 5152] REFRESHED: 5.71 → 5.71 (not updated)
[2026-02-01 10:29:39]   [emp_id: 5157] REFRESHED: 25.29 → 25.29 (not updated)
[2026-02-01 10:29:39]   [emp_id: 5160] REFRESHED: 25.29 → 25.29 (not updated)
[2026-02-01 10:29:39]   [emp_id: 5163] REFRESHED: 23.08 → 23.08 (not updated)
[2026-02-01 10:29:39]   [emp_id: 5165] REFRESHED: 4.12 → 4.12 (not updated)
[2026-02-01 10:29:39]   [emp_id: 5167] REFRESHED: 32.23 → 32.23 (not updated)
[2026-02-01 10:29:39]   [emp_id: 5168] REFRESHED: 24.77 → 24.77 (not updated)
[2026-02-01 10:29:39]   [emp_id: 5173] REFRESHED: 27.77 → 27.77 (not updated)
[2026-02-01 10:29:39]   [emp_id: 5174] REFRESHED: 25.23 → 25.23 (not updated)
[2026-02-01 10:29:39]   [emp_id: 5181] REFRESHED: 21.62 → 21.62 (not updated)
[2026-02-01 10:29:39]   [emp_id: 5186] REFRESHED: 27.15 → 27.15 (not updated)
[2026-02-01 10:29:39]   [emp_id: 5187] REFRESHED: 38.15 → 38.15 (not updated)
[2026-02-01 10:29:39]   [emp_id: 5204] REFRESHED: 25.27 → 25.27 (not updated)
[2026-02-01 10:29:39]   [emp_id: 5205] REFRESHED: 14.36 → 14.36 (not updated)
[2026-02-01 10:29:39]   [emp_id: 5209] REFRESHED: 17.36 → 17.36 (not updated)
[2026-02-01 10:29:39]   [emp_id: 5213] REFRESHED: 4.77 → 4.77 (not updated)
[2026-02-01 10:29:39]   [emp_id: 5214] REFRESHED: 3.61 → 3.61 (not updated)
[2026-02-01 10:29:39]   [emp_id: 5215] REFRESHED: 12.36 → 12.36 (not updated)
[2026-02-01 10:29:39]   [emp_id: 5217] REFRESHED: 11.36 → 11.36 (not updated)
[2026-02-01 10:29:39]   [emp_id: 5219] REFRESHED: 15.36 → 15.36 (not updated)
[2026-02-01 10:29:39]   [emp_id: 5221] REFRESHED: 4.67 → 4.67 (not updated)
[2026-02-01 10:29:39]   [emp_id: 5224] REFRESHED: 16.36 → 16.36 (not updated)
[2026-02-01 10:29:39]   [emp_id: 5225] REFRESHED: 8.67 → 8.67 (not updated)
[2026-02-01 10:29:39]   [emp_id: 5228] REFRESHED: 11.36 → 11.36 (not updated)
[2026-02-01 10:29:39]   [emp_id: 5229] REFRESHED: 7.36 → 7.36 (not updated)
[2026-02-01 10:29:39]   [emp_id: 5230] REFRESHED: 12.03 → 12.03 (not updated)
[2026-02-01 10:29:39]   [emp_id: 5231] REFRESHED: 8.36 → 8.36 (not updated)
[2026-02-01 10:29:39]   [emp_id: 5232] REFRESHED: 2.36 → 2.36 (not updated)
[2026-02-01 10:29:39]   [emp_id: 5233] REFRESHED: 6.36 → 6.36 (not updated)
[2026-02-01 10:29:39]   [emp_id: 5234] REFRESHED: 6.36 → 6.36 (not updated)
[2026-02-01 10:29:39]   [emp_id: 5235] REFRESHED: 1.8 → 1.8 (not updated)
[2026-02-01 10:29:39]   [emp_id: 5237] REFRESHED: 12.61 → 12.61 (not updated)
[2026-02-01 10:29:39]   [emp_id: 5239] REFRESHED: 9.36 → 9.36 (not updated)
[2026-02-01 10:29:39]   [emp_id: 5241] REFRESHED: 7.36 → 7.36 (not updated)
[2026-02-01 10:29:39]   [emp_id: 5242] REFRESHED: 17.36 → 17.36 (not updated)
[2026-02-01 10:29:39]   [emp_id: 5243] REFRESHED: 3.77 → 3.77 (not updated)
[2026-02-01 10:29:39]   [emp_id: 5244] REFRESHED: 1.8 → 1.8 (not updated)
[2026-02-01 10:29:39]   [emp_id: 5246] REFRESHED: 13.36 → 13.36 (not updated)
[2026-02-01 10:29:39]   [emp_id: 5253] REFRESHED: 26.23 → 26.23 (not updated)
[2026-02-01 10:29:39]   [emp_id: 5254] REFRESHED: 14.21 → 14.21 (not updated)
[2026-02-01 10:29:39]   [emp_id: 5257] REFRESHED: 13.92 → 13.92 (not updated)
[2026-02-01 10:29:39]   [emp_id: 5259] REFRESHED: 50.45 → 50.45 (not updated)
[2026-02-01 10:29:39]   [emp_id: 5261] REFRESHED: 18.87 → 18.87 (not updated)
[2026-02-01 10:29:39]   [emp_id: 5264] REFRESHED: 15.93 → 15.93 (not updated)
[2026-02-01 10:29:39]   [emp_id: 5266] REFRESHED: 22.55 → 22.55 (not updated)
[2026-02-01 10:29:39]   [emp_id: 5268] REFRESHED: 11.12 → 11.12 (not updated)
[2026-02-01 10:29:39]   [emp_id: 5271] REFRESHED: 9.78 → 9.78 (not updated)
[2026-02-01 10:29:39]   [emp_id: 5272] REFRESHED: 10.65 → 10.65 (not updated)
[2026-02-01 10:29:39]   [emp_id: 5273] REFRESHED: 25.72 → 25.72 (not updated)
[2026-02-01 10:29:39]   [emp_id: 5275] REFRESHED: 11.47 → 11.47 (not updated)
[2026-02-01 10:29:39]   [emp_id: 5276] REFRESHED: 25.74 → 25.74 (not updated)
[2026-02-01 10:29:39]   [emp_id: 5278] REFRESHED: 10.13 → 10.13 (not updated)
[2026-02-01 10:29:39]   [emp_id: 5280] REFRESHED: 20.53 → 20.53 (not updated)
[2026-02-01 10:29:39]   [emp_id: 5282] REFRESHED: 14.35 → 14.35 (not updated)
[2026-02-01 10:29:39]   [emp_id: 5285] REFRESHED: 30.53 → 30.53 (not updated)
[2026-02-01 10:29:39]   [emp_id: 5286] REFRESHED: 17.53 → 17.53 (not updated)
[2026-02-01 10:29:39]   [emp_id: 5287] REFRESHED: 51.83 → 51.83 (not updated)
[2026-02-01 10:29:39]   [emp_id: 5288] REFRESHED: 9.1 → 9.1 (not updated)
[2026-02-01 10:29:39]   [emp_id: 5289] REFRESHED: 50.38 → 50.38 (not updated)
[2026-02-01 10:29:39]   [emp_id: 5290] REFRESHED: 49.15 → 49.15 (not updated)
[2026-02-01 10:29:39]   [emp_id: 5291] REFRESHED: 7.15 → 7.15 (not updated)
[2026-02-01 10:29:39]   [emp_id: 5292] REFRESHED: 7.09 → 7.09 (not updated)
[2026-02-01 10:29:39]   [emp_id: 5293] REFRESHED: 10.61 → 10.61 (not updated)
[2026-02-01 10:29:39]   [emp_id: 5294] REFRESHED: 10.27 → 10.27 (not updated)
[2026-02-01 10:29:39]   [emp_id: 5295] REFRESHED: 23.33 → 23.33 (not updated)
[2026-02-01 10:29:39]   [emp_id: 5296] REFRESHED: 37.29 → 37.29 (not updated)
[2026-02-01 10:29:39]   [emp_id: 5297] REFRESHED: 47.75 → 47.75 (not updated)
[2026-02-01 10:29:39]   [emp_id: 5298] REFRESHED: 47.75 → 47.75 (not updated)
[2026-02-01 10:29:39]   [emp_id: 5299] REFRESHED: 47.75 → 47.75 (not updated)
[2026-02-01 10:29:39]   [emp_id: 5300] REFRESHED: 47.75 → 47.75 (not updated)
[2026-02-01 10:29:39]   [emp_id: 5301] REFRESHED: 5.57 → 5.57 (not updated)
[2026-02-01 10:29:39]   [emp_id: 5303] REFRESHED: 6 → 6 (not updated)
[2026-02-01 10:29:39]   [emp_id: 5304] REFRESHED: 2.75 → 2.75 (not updated)
[2026-02-01 10:29:39]   [emp_id: 5305] REFRESHED: 5.75 → 5.75 (not updated)
[2026-02-01 10:29:39]   [emp_id: 5306] REFRESHED: 47.46 → 47.46 (not updated)
[2026-02-01 10:29:39]   [emp_id: 5307] REFRESHED: 47.46 → 47.46 (not updated)
[2026-02-01 10:29:39]   [emp_id: 5312] REFRESHED: 1.8 → 1.8 (not updated)
[2026-02-01 10:29:39]   [emp_id: 5318] REFRESHED: 28.17 → 28.17 (not updated)
[2026-02-01 10:29:39]   [emp_id: 5325] REFRESHED: 2.13 → 2.13 (not updated)
[2026-02-01 10:29:39]   [emp_id: 5327] REFRESHED: 3.22 → 3.22 (not updated)
[2026-02-01 10:29:39]   [emp_id: 5337] REFRESHED: 38.18 → 38.18 (not updated)
[2026-02-01 10:29:39]   [emp_id: 5339] REFRESHED: 12.32 → 12.32 (not updated)
[2026-02-01 10:29:39]   [emp_id: 5343] REFRESHED: 48.1 → 48.1 (not updated)
[2026-02-01 10:29:39]   [emp_id: 5343] REFRESHED: 48.1 → 48.1 (not updated)
[2026-02-01 10:29:39]   [emp_id: 5345] REFRESHED: 17.93 → 17.93 (not updated)
[2026-02-01 10:29:39]   [emp_id: 5346] REFRESHED: 4.04 → 4.04 (not updated)
[2026-02-01 10:29:39]   [emp_id: 5351] REFRESHED: 18.98 → 18.98 (not updated)
[2026-02-01 10:29:39]   [emp_id: 5352] REFRESHED: 28.35 → 28.35 (not updated)
[2026-02-01 10:29:39]   [emp_id: 5370] REFRESHED: 17.63 → 17.63 (not updated)
[2026-02-01 10:29:39]   [emp_id: 5371] REFRESHED: 10.1 → 10.1 (not updated)
[2026-02-01 10:29:39]   [emp_id: 5376] REFRESHED: 12.23 → 12.23 (not updated)
[2026-02-01 10:29:39]   [emp_id: 5378] REFRESHED: 20.18 → 20.18 (not updated)
[2026-02-01 10:29:39]   [emp_id: 5380] REFRESHED: 18.64 → 18.64 (not updated)
[2026-02-01 10:29:39]   [emp_id: 5381] REFRESHED: 14.62 → 14.62 (not updated)
[2026-02-01 10:29:39]   [emp_id: 5383] REFRESHED: 17.93 → 17.93 (not updated)
[2026-02-01 10:29:39]   [emp_id: 5388] REFRESHED: 29.42 → 29.42 (not updated)
[2026-02-01 10:29:39]   [emp_id: 5396] REFRESHED: 30.66 → 30.66 (not updated)
[2026-02-01 10:29:39]   [emp_id: 5397] REFRESHED: 22.12 → 22.12 (not updated)
[2026-02-01 10:29:39]   [emp_id: 5401] REFRESHED: 25.23 → 25.23 (not updated)
[2026-02-01 10:29:39]   [emp_id: 5402] REFRESHED: 25.35 → 25.35 (not updated)
[2026-02-01 10:29:39]   [emp_id: 5406] REFRESHED: 19.07 → 19.07 (not updated)
[2026-02-01 10:29:39]   [emp_id: 5407] REFRESHED: 18.7 → 18.7 (not updated)
[2026-02-01 10:29:39]   [emp_id: 5409] REFRESHED: 18.41 → 18.41 (not updated)
[2026-02-01 10:29:39]   [emp_id: 5413] REFRESHED: 31.1 → 31.1 (not updated)
[2026-02-01 10:29:39]   [emp_id: 5414] REFRESHED: 30.77 → 30.77 (not updated)
[2026-02-01 10:29:39]   [emp_id: 5415] REFRESHED: 6.7 → 6.7 (not updated)
[2026-02-01 10:29:39]   [emp_id: 5418] REFRESHED: 17.47 → 17.47 (not updated)
[2026-02-01 10:29:39]   [emp_id: 5422] REFRESHED: 23.43 → 23.43 (not updated)
[2026-02-01 10:29:39]   [emp_id: 5423] REFRESHED: 8.12 → 8.12 (not updated)
[2026-02-01 10:29:39]   [emp_id: 5425] REFRESHED: 16.02 → 16.02 (not updated)
[2026-02-01 10:29:39]   [emp_id: 5426] REFRESHED: 4.67 → 4.67 (not updated)
[2026-02-01 10:29:39]   [emp_id: 5426] REFRESHED: 4.67 → 4.67 (not updated)
[2026-02-01 10:29:39]   [emp_id: 5427] REFRESHED: 16.13 → 16.13 (not updated)
[2026-02-01 10:29:39]   [emp_id: 5428] REFRESHED: 16.02 → 16.02 (not updated)
[2026-02-01 10:29:39]   [emp_id: 5430] REFRESHED: 20.49 → 20.49 (not updated)
[2026-02-01 10:29:39]   [emp_id: 5431] REFRESHED: 15.14 → 15.14 (not updated)
[2026-02-01 10:29:39]   [emp_id: 5433] REFRESHED: 15.16 → 15.16 (not updated)
[2026-02-01 10:29:39]   [emp_id: 5434] REFRESHED: 14.91 → 14.91 (not updated)
[2026-02-01 10:29:39]   [emp_id: 5435] REFRESHED: 14.85 → 14.85 (not updated)
[2026-02-01 10:29:39]   [emp_id: 5436] REFRESHED: 14.85 → 14.85 (not updated)
[2026-02-01 10:29:39]   [emp_id: 5438] REFRESHED: 18.35 → 18.35 (not updated)
[2026-02-01 10:29:39]   [emp_id: 5439] REFRESHED: 27.85 → 27.85 (not updated)
[2026-02-01 10:29:39]   [emp_id: 5442] REFRESHED: 16.85 → 16.85 (not updated)
[2026-02-01 10:29:39]   [emp_id: 5445] REFRESHED: 9.31 → 9.31 (not updated)
[2026-02-01 10:29:39]   [emp_id: 5446] REFRESHED: 9.31 → 9.31 (not updated)
[2026-02-01 10:29:39]   [emp_id: 5447] REFRESHED: 9.25 → 9.25 (not updated)
[2026-02-01 10:29:39]   [emp_id: 5448] REFRESHED: 3.87 → 3.87 (not updated)
[2026-02-01 10:29:39]   [emp_id: 5449] REFRESHED: 7.33 → 7.33 (not updated)
[2026-02-01 10:29:39]   [emp_id: 5450] REFRESHED: 7.27 → 7.27 (not updated)
[2026-02-01 10:29:39]   [emp_id: 5451] REFRESHED: 7.27 → 7.27 (not updated)
[2026-02-01 10:29:39]   [emp_id: 5453] REFRESHED: 7.11 → 7.11 (not updated)
[2026-02-01 10:29:39]   [emp_id: 5454] REFRESHED: 9.93 → 9.93 (not updated)
[2026-02-01 10:29:39]   [emp_id: 5455] REFRESHED: 4.18 → 4.18 (not updated)
[2026-02-01 10:29:39]   [emp_id: 5456] REFRESHED: 9.18 → 9.18 (not updated)
[2026-02-01 10:29:39]   [emp_id: 5457] REFRESHED: 6.36 → 6.36 (not updated)
[2026-02-01 10:29:39]   [emp_id: 5460] REFRESHED: 7.83 → 7.83 (not updated)
[2026-02-01 10:29:39]   [emp_id: 5463] REFRESHED: 7.16 → 7.16 (not updated)
[2026-02-01 10:29:39]   [emp_id: 5464] REFRESHED: 7.16 → 7.16 (not updated)
[2026-02-01 10:29:39]   [emp_id: 5466] REFRESHED: 4.91 → 4.91 (not updated)
[2026-02-01 10:29:39]   [emp_id: 5467] REFRESHED: 3.83 → 3.83 (not updated)
[2026-02-01 10:29:39]   [emp_id: 5468] REFRESHED: 2.78 → 2.78 (not updated)
[2026-02-01 10:29:39]   [emp_id: 5469] REFRESHED: 2.69 → 2.69 (not updated)
[2026-02-01 10:29:39] Report saved to: D:\xampp\htdocs\almutlak\system/cron_logs/last_vacation_update_report.json
