[2026-01-14 13:28:58] ========== CRON: Vacation Balance Update Started ==========
[2026-01-14 13:28:58] Database connection established
[2026-01-14 13:28:58] FATAL ERROR: Column 'period_end' cannot be null
[2026-01-14 13:28:58] Stack trace: #0 D:\xampp\htdocs\almutlak\system\cron_update_vacation_balances.php(173): mysqli_stmt_execute(Object(mysqli_stmt))
#1 {main}
[2026-01-14 13:29:03] ========== CRON: Vacation Balance Update Started ==========
[2026-01-14 13:29:03] FORCE RUN enabled: Bypassing once-per-day restriction
[2026-01-14 13:29:03] Database connection established
[2026-01-14 13:29:03] FATAL ERROR: Column 'period_end' cannot be null
[2026-01-14 13:29:03] Stack trace: #0 D:\xampp\htdocs\almutlak\system\cron_update_vacation_balances.php(173): mysqli_stmt_execute(Object(mysqli_stmt))
#1 {main}
[2026-01-14 13:29:17] ========== CRON: Vacation Balance Update Started ==========
[2026-01-14 13:29:17] FORCE RUN enabled: Bypassing once-per-day restriction
[2026-01-14 13:29:17] Database connection established
[2026-01-14 13:29:17] FATAL ERROR: Column 'period_end' cannot be null
[2026-01-14 13:29:17] Stack trace: #0 D:\xampp\htdocs\almutlak\system\cron_update_vacation_balances.php(173): mysqli_stmt_execute(Object(mysqli_stmt))
#1 {main}
[2026-01-14 13:33:23] ========== CRON: Vacation Balance Update Started ==========
[2026-01-14 13:33:23] FORCE RUN enabled: Bypassing once-per-day restriction
[2026-01-14 13:33:23] Database connection established
[2026-01-14 13:33:23] FATAL ERROR: Column 'period_end' cannot be null
[2026-01-14 13:33:23] Stack trace: #0 D:\xampp\htdocs\almutlak\system\cron_update_vacation_balances.php(173): mysqli_stmt_execute(Object(mysqli_stmt))
#1 {main}
[2026-01-14 13:33:27] ========== CRON: Vacation Balance Update Started ==========
[2026-01-14 13:33:27] Database connection established
[2026-01-14 13:33:27] FATAL ERROR: Column 'period_end' cannot be null
[2026-01-14 13:33:27] Stack trace: #0 D:\xampp\htdocs\almutlak\system\cron_update_vacation_balances.php(173): mysqli_stmt_execute(Object(mysqli_stmt))
#1 {main}
[2026-01-14 13:34:42] ========== CRON: Vacation Balance Update Started ==========
[2026-01-14 13:34:43] Database connection established
[2026-01-14 13:34:43] FATAL ERROR: Column 'period_end' cannot be null
[2026-01-14 13:34:43] Stack trace: #0 D:\xampp\htdocs\almutlak\system\cron_update_vacation_balances.php(171): mysqli_stmt_execute(Object(mysqli_stmt))
#1 {main}
[2026-01-14 13:34:57] ========== CRON: Vacation Balance Update Started ==========
[2026-01-14 13:34:57] Database connection established
[2026-01-14 13:34:57] FATAL ERROR: Column 'period_end' cannot be null
[2026-01-14 13:34:57] Stack trace: #0 D:\xampp\htdocs\almutlak\system\cron_update_vacation_balances.php(173): mysqli_stmt_execute(Object(mysqli_stmt))
#1 {main}
[2026-01-14 13:35:17] ========== CRON: Vacation Balance Update Started ==========
[2026-01-14 13:35:17] Database connection established
[2026-01-14 13:35:17] [emp_id: 4824] Created new emp_vacation_balance with starting balance 3
[2026-01-14 13:35:17] Created 1 new emp_vacation_balance record(s) for newly registered employees
[2026-01-14 13:35:17] Found 436 active employees with balance records to update
[2026-01-14 13:35:17] (Only employees with status=1 will be processed)
[2026-01-14 13:35:17]   [emp_id: 1061] ✓ Updated: 0.48 → 0.56 (CHANGED)
[2026-01-14 13:35:17]   [emp_id: 1496] ✓ Updated: 17.33 → 17.41 (CHANGED)
[2026-01-14 13:35:17]   [emp_id: 1500] ✓ Updated: 5.01 → 5.09 (CHANGED)
[2026-01-14 13:35:17]   [emp_id: 1574] ✓ Updated: 34.24 → 34.32 (CHANGED)
[2026-01-14 13:35:17]   [emp_id: 1673] ✓ Updated: 45.74 → 45.82 (CHANGED)
[2026-01-14 13:35:17]   [emp_id: 1685] ✓ Updated: 15.66 → 15.74 (CHANGED)
[2026-01-14 13:35:17]   [emp_id: 1764] ✓ Updated: 70.33 → 70.41 (CHANGED)
[2026-01-14 13:35:17]   [emp_id: 1805] ✓ Updated: 64.66 → 64.74 (CHANGED)
[2026-01-14 13:35:17]   [emp_id: 1822] ✓ Updated: 69.41 → 69.49 (CHANGED)
[2026-01-14 13:35:17]   [emp_id: 1837] ✓ Updated: 25.58 → 25.66 (CHANGED)
[2026-01-14 13:35:17]   [emp_id: 1857] ✓ Updated: 20.91 → 20.99 (CHANGED)
[2026-01-14 13:35:17]   [emp_id: 1861] ✓ Updated: 71.74 → 71.82 (CHANGED)
[2026-01-14 13:35:17]   [emp_id: 1872] ✓ Updated: 10.58 → 10.66 (CHANGED)
[2026-01-14 13:35:17]   [emp_id: 1897] ✓ Updated: 5.91 → 5.99 (CHANGED)
[2026-01-14 13:35:17]   [emp_id: 1916] ✓ Updated: 12.21 → 12.29 (CHANGED)
[2026-01-14 13:35:17]   [emp_id: 1928] ✓ Updated: 65.16 → 65.24 (CHANGED)
[2026-01-14 13:35:17]   [emp_id: 1931] ✓ Updated: 85.08 → 85.16 (CHANGED)
[2026-01-14 13:35:17]   [emp_id: 1944] ✓ Updated: 43.24 → 43.32 (CHANGED)
[2026-01-14 13:35:17]   [emp_id: 1996] ✓ Updated: 71.74 → 71.82 (CHANGED)
[2026-01-14 13:35:18]   [emp_id: 1997] ✓ Updated: 36.91 → 36.99 (CHANGED)
[2026-01-14 13:35:18]   [emp_id: 1998] ✓ Updated: 28.35 → 28.43 (CHANGED)
[2026-01-14 13:35:18]   [emp_id: 1999] ✓ Updated: 29.35 → 29.43 (CHANGED)
[2026-01-14 13:35:18]   [emp_id: 2009] ✓ Updated: 35.66 → 35.74 (CHANGED)
[2026-01-14 13:35:18]   [emp_id: 2048] ✓ Updated: 25.49 → 25.57 (CHANGED)
[2026-01-14 13:35:18]   [emp_id: 2057] ✓ Updated: 66.33 → 66.41 (CHANGED)
[2026-01-14 13:35:18]   [emp_id: 2079] ✓ Updated: 48.66 → 48.74 (CHANGED)
[2026-01-14 13:35:18]   [emp_id: 2181] ✓ Updated: 37.66 → 37.74 (CHANGED)
[2026-01-14 13:35:18]   [emp_id: 2190] ✓ Updated: 6.99 → 7.07 (CHANGED)
[2026-01-14 13:35:18]   [emp_id: 2212] ✓ Updated: 24.99 → 25.07 (CHANGED)
[2026-01-14 13:35:18]   [emp_id: 2226] ✓ Updated: 69.74 → 69.82 (CHANGED)
[2026-01-14 13:35:18]   [emp_id: 2238] ✓ Updated: 67.99 → 68.07 (CHANGED)
[2026-01-14 13:35:18]   [emp_id: 2285] ✓ Updated: 36.66 → 36.74 (CHANGED)
[2026-01-14 13:35:18]   [emp_id: 2287] ✓ Updated: 48.33 → 48.41 (CHANGED)
[2026-01-14 13:35:18]   [emp_id: 2288] ✓ Updated: 3.35 → 3.43 (CHANGED)
[2026-01-14 13:35:18]   [emp_id: 2316] ✓ Updated: 17.16 → 17.24 (CHANGED)
[2026-01-14 13:35:18]   [emp_id: 2337] ✓ Updated: 38.24 → 38.32 (CHANGED)
[2026-01-14 13:35:18]   [emp_id: 2352] ✓ Updated: 69.74 → 69.82 (CHANGED)
[2026-01-14 13:35:18]   [emp_id: 2358] ✓ Updated: 6.24 → 6.32 (CHANGED)
[2026-01-14 13:35:18]   [emp_id: 2361] ✓ Updated: 71.91 → 71.99 (CHANGED)
[2026-01-14 13:35:18]   [emp_id: 2363] ✓ Updated: 74.49 → 74.57 (CHANGED)
[2026-01-14 13:35:18]   [emp_id: 2364] ✓ Updated: 73.91 → 73.99 (CHANGED)
[2026-01-14 13:35:18]   [emp_id: 2367] ✓ Updated: 101.58 → 101.66 (CHANGED)
[2026-01-14 13:35:18]   [emp_id: 2368] ✓ Updated: 31.99 → 32.07 (CHANGED)
[2026-01-14 13:35:18]   [emp_id: 2372] ✓ Updated: 69.24 → 69.32 (CHANGED)
[2026-01-14 13:35:18]   [emp_id: 2376] ✓ Updated: 119.24 → 119.32 (CHANGED)
[2026-01-14 13:35:18]   [emp_id: 2423] ✓ Updated: 19.99 → 20.07 (CHANGED)
[2026-01-14 13:35:18]   [emp_id: 2519] ✓ Updated: 113.66 → 113.74 (CHANGED)
[2026-01-14 13:35:18]   [emp_id: 2522] ✓ Updated: 57.24 → 57.32 (CHANGED)
[2026-01-14 13:35:18]   [emp_id: 2530] ✓ Updated: 52.49 → 52.57 (CHANGED)
[2026-01-14 13:35:18]   [emp_id: 2539] ✓ Updated: 49.24 → 49.32 (CHANGED)
[2026-01-14 13:35:18]   [emp_id: 2541] ✓ Updated: 29.83 → 29.91 (CHANGED)
[2026-01-14 13:35:18]   [emp_id: 2550] ✓ Updated: 95.99 → 96.07 (CHANGED)
[2026-01-14 13:35:18]   [emp_id: 2553] ✓ Updated: 33.1 → 33.18 (CHANGED)
[2026-01-14 13:35:18]   [emp_id: 2554] ✓ Updated: 39.58 → 39.66 (CHANGED)
[2026-01-14 13:35:18]   [emp_id: 2565] ✓ Updated: 94.16 → 94.24 (CHANGED)
[2026-01-14 13:35:19]   [emp_id: 2572] ✓ Updated: 44.16 → 44.24 (CHANGED)
[2026-01-14 13:35:19]   [emp_id: 2637] ✓ Updated: 64.74 → 64.82 (CHANGED)
[2026-01-14 13:35:19]   [emp_id: 2642] ✓ Updated: 77.49 → 77.57 (CHANGED)
[2026-01-14 13:35:19]   [emp_id: 2645] ✓ Updated: 93.49 → 93.57 (CHANGED)
[2026-01-14 13:35:19]   [emp_id: 2648] ✓ Updated: 45.16 → 45.24 (CHANGED)
[2026-01-14 13:35:19]   [emp_id: 2654] ✓ Updated: 87.83 → 87.91 (CHANGED)
[2026-01-14 13:35:19]   [emp_id: 2688] ✓ Updated: 25.91 → 25.99 (CHANGED)
[2026-01-14 13:35:19]   [emp_id: 2690] ✓ Updated: 14.66 → 14.74 (CHANGED)
[2026-01-14 13:35:19]   [emp_id: 2709] ✓ Updated: 36.91 → 36.99 (CHANGED)
[2026-01-14 13:35:19]   [emp_id: 2745] ✓ Updated: 33.49 → 33.57 (CHANGED)
[2026-01-14 13:35:19]   [emp_id: 2843] ✓ Updated: 80.08 → 80.16 (CHANGED)
[2026-01-14 13:35:19]   [emp_id: 2854] ✓ Updated: 59.99 → 60.07 (CHANGED)
[2026-01-14 13:35:19]   [emp_id: 2869] ✓ Updated: 3.91 → 3.99 (CHANGED)
[2026-01-14 13:35:19]   [emp_id: 2876] ✓ Updated: 34.74 → 34.82 (CHANGED)
[2026-01-14 13:35:19]   [emp_id: 2924] ✓ Updated: 15.91 → 15.99 (CHANGED)
[2026-01-14 13:35:19]   [emp_id: 2953] ✓ Updated: 101.66 → 101.74 (CHANGED)
[2026-01-14 13:35:19]   [emp_id: 2961] ✓ Updated: 11.66 → 11.74 (CHANGED)
[2026-01-14 13:35:19]   [emp_id: 2975] ✓ Updated: 1.34 → 1.42 (CHANGED)
[2026-01-14 13:35:19]   [emp_id: 3013] ✓ Updated: 10.66 → 10.74 (CHANGED)
[2026-01-14 13:35:19]   [emp_id: 3014] ✓ Updated: 89.91 → 89.99 (CHANGED)
[2026-01-14 13:35:19]   [emp_id: 3015] ✓ Updated: 1.16 → 1.24 (CHANGED)
[2026-01-14 13:35:19]   [emp_id: 3018] ✓ Updated: 59.91 → 59.99 (CHANGED)
[2026-01-14 13:35:19]   [emp_id: 3025] ✓ Updated: 23.68 → 23.76 (CHANGED)
[2026-01-14 13:35:19]   [emp_id: 3037] ✓ Updated: 83.41 → 83.49 (CHANGED)
[2026-01-14 13:35:19]   [emp_id: 3047] ✓ Updated: 71.66 → 71.74 (CHANGED)
[2026-01-14 13:35:19]   [emp_id: 3061] ✓ Updated: 18.58 → 18.66 (CHANGED)
[2026-01-14 13:35:19]   [emp_id: 3062] ✓ Updated: 51.74 → 51.82 (CHANGED)
[2026-01-14 13:35:19]   [emp_id: 3074] ✓ Updated: 108.16 → 108.24 (CHANGED)
[2026-01-14 13:35:19]   [emp_id: 3089] ✓ Updated: 7.08 → 7.16 (CHANGED)
[2026-01-14 13:35:19]   [emp_id: 3090] ✓ Updated: 33.66 → 33.74 (CHANGED)
[2026-01-14 13:35:19]   [emp_id: 3091] ✓ Updated: 45.66 → 45.74 (CHANGED)
[2026-01-14 13:35:19]   [emp_id: 3092] ✓ Updated: 28.33 → 28.41 (CHANGED)
[2026-01-14 13:35:19]   [emp_id: 3105] ✓ Updated: 48.66 → 48.74 (CHANGED)
[2026-01-14 13:35:19]   [emp_id: 3134] ✓ Updated: 44.41 → 44.49 (CHANGED)
[2026-01-14 13:35:19]   [emp_id: 3140] ✓ Updated: 41.49 → 41.57 (CHANGED)
[2026-01-14 13:35:20]   [emp_id: 3144] ✓ Updated: 14.33 → 14.41 (CHANGED)
[2026-01-14 13:35:20]   [emp_id: 3156] ✓ Updated: 17.66 → 17.74 (CHANGED)
[2026-01-14 13:35:20]   [emp_id: 3162] ✓ Updated: 2.64 → 2.72 (CHANGED)
[2026-01-14 13:35:20]   [emp_id: 3163] ✓ Updated: 5.91 → 5.99 (CHANGED)
[2026-01-14 13:35:20]   [emp_id: 3198] ✓ Updated: 40.91 → 40.99 (CHANGED)
[2026-01-14 13:35:20]   [emp_id: 3205] ✓ Updated: 17.58 → 17.66 (CHANGED)
[2026-01-14 13:35:20]   [emp_id: 3209] ✓ Updated: 41.74 → 41.82 (CHANGED)
[2026-01-14 13:35:20]   [emp_id: 3223] ✓ Updated: 90.66 → 90.74 (CHANGED)
[2026-01-14 13:35:20]   [emp_id: 3224] ✓ Updated: 65.41 → 65.49 (CHANGED)
[2026-01-14 13:35:20]   [emp_id: 3230] ✓ Updated: 88.83 → 88.91 (CHANGED)
[2026-01-14 13:35:20]   [emp_id: 3231] ✓ Updated: 1.2 → 1.28 (CHANGED)
[2026-01-14 13:35:20]   [emp_id: 3233] ✓ Updated: 81.66 → 81.74 (CHANGED)
[2026-01-14 13:35:20]   [emp_id: 3249] ✓ Updated: 37.49 → 37.57 (CHANGED)
[2026-01-14 13:35:20]   [emp_id: 3250] ✓ Updated: 10.49 → 10.57 (CHANGED)
[2026-01-14 13:35:20]   [emp_id: 3252] ✓ Updated: 11.41 → 11.49 (CHANGED)
[2026-01-14 13:35:20]   [emp_id: 3254] ✓ Updated: 21.91 → 21.99 (CHANGED)
[2026-01-14 13:35:20]   [emp_id: 3255] ✓ Updated: 18.33 → 18.41 (CHANGED)
[2026-01-14 13:35:20]   [emp_id: 3256] ✓ Updated: 14.58 → 14.66 (CHANGED)
[2026-01-14 13:35:20]   [emp_id: 3263] ✓ Updated: 30.66 → 30.74 (CHANGED)
[2026-01-14 13:35:20]   [emp_id: 3265] ✓ Updated: 26.24 → 26.32 (CHANGED)
[2026-01-14 13:35:20]   [emp_id: 3280] ✓ Updated: 73.16 → 73.24 (CHANGED)
[2026-01-14 13:35:20]   [emp_id: 3286] ✓ Updated: 16.33 → 16.41 (CHANGED)
[2026-01-14 13:35:20]   [emp_id: 3294] ✓ Updated: 15.99 → 16.07 (CHANGED)
[2026-01-14 13:35:20]   [emp_id: 3321] ✓ Updated: 73.16 → 73.24 (CHANGED)
[2026-01-14 13:35:20]   [emp_id: 3325] ✓ Updated: 60.91 → 60.99 (CHANGED)
[2026-01-14 13:35:20]   [emp_id: 3329] ✓ Updated: 63.24 → 63.32 (CHANGED)
[2026-01-14 13:35:20]   [emp_id: 3330] ✓ Updated: 63.24 → 63.32 (CHANGED)
[2026-01-14 13:35:20]   [emp_id: 3332] ✓ Updated: 63.24 → 63.32 (CHANGED)
[2026-01-14 13:35:20]   [emp_id: 3370] ✓ Updated: 54.91 → 54.99 (CHANGED)
[2026-01-14 13:35:20]   [emp_id: 3384] ✓ Updated: 15.41 → 15.49 (CHANGED)
[2026-01-14 13:35:20]   [emp_id: 3386] ✓ Updated: 45.41 → 45.49 (CHANGED)
[2026-01-14 13:35:20]   [emp_id: 3431] ✓ Updated: 19.83 → 19.91 (CHANGED)
[2026-01-14 13:35:20]   [emp_id: 3497] ✓ Updated: 9.99 → 10.07 (CHANGED)
[2026-01-14 13:35:20]   [emp_id: 3532] ✓ Updated: 0.83 → 0.91 (CHANGED)
[2026-01-14 13:35:20]   [emp_id: 3586] ✓ Updated: 10.91 → 10.99 (CHANGED)
[2026-01-14 13:35:20]   [emp_id: 3602] ✓ Updated: 2.4 → 2.48 (CHANGED)
[2026-01-14 13:35:20]   [emp_id: 3618] ✓ Updated: 24.38 → 24.46 (CHANGED)
[2026-01-14 13:35:21]   [emp_id: 3622] ✓ Updated: 35.13 → 35.19 (CHANGED)
[2026-01-14 13:35:21]   [emp_id: 3627] ✓ Updated: 10.33 → 10.41 (CHANGED)
[2026-01-14 13:35:21]   [emp_id: 3665] ✓ Updated: 51.91 → 51.99 (CHANGED)
[2026-01-14 13:35:21]   [emp_id: 3705] ✓ Updated: 28.46 → 28.52 (CHANGED)
[2026-01-14 13:35:21]   [emp_id: 3724] ✓ Updated: 44.91 → 44.99 (CHANGED)
[2026-01-14 13:35:21]   [emp_id: 3726] ✓ Updated: 61.33 → 61.41 (CHANGED)
[2026-01-14 13:35:21]   [emp_id: 3727] ✓ Updated: 66.41 → 66.49 (CHANGED)
[2026-01-14 13:35:21]   [emp_id: 3728] ✓ Updated: 10.74 → 10.82 (CHANGED)
[2026-01-14 13:35:21]   [emp_id: 3767] ✓ Updated: 1.49 → 1.57 (CHANGED)
[2026-01-14 13:35:21]   [emp_id: 3768] ✓ Updated: 57.74 → 57.82 (CHANGED)
[2026-01-14 13:35:21]   [emp_id: 3787] ✓ Updated: 58.33 → 58.41 (CHANGED)
[2026-01-14 13:35:21]   [emp_id: 3790] ✓ Updated: 2.88 → 2.96 (CHANGED)
[2026-01-14 13:35:21]   [emp_id: 3795] ✓ Updated: 15.83 → 15.91 (CHANGED)
[2026-01-14 13:35:21]   [emp_id: 3798] ✓ Updated: 94.24 → 94.32 (CHANGED)
[2026-01-14 13:35:21]   [emp_id: 3801] ✓ Updated: 2.51 → 2.59 (CHANGED)
[2026-01-14 13:35:21]   [emp_id: 3802] ✓ Updated: 31.49 → 31.57 (CHANGED)
[2026-01-14 13:35:21]   [emp_id: 3803] ✓ Updated: 115.91 → 115.99 (CHANGED)
[2026-01-14 13:35:21]   [emp_id: 3810] ✓ Updated: 121.91 → 121.99 (CHANGED)
[2026-01-14 13:35:21]   [emp_id: 3812] ✓ Updated: 90.91 → 90.99 (CHANGED)
[2026-01-14 13:35:21]   [emp_id: 3815] ✓ Updated: 90.91 → 90.99 (CHANGED)
[2026-01-14 13:35:21]   [emp_id: 3836] ✓ Updated: 58.58 → 58.66 (CHANGED)
[2026-01-14 13:35:21]   [emp_id: 3855] ✓ Updated: 51.74 → 51.82 (CHANGED)
[2026-01-14 13:35:21]   [emp_id: 3857] ✓ Updated: 55.41 → 55.49 (CHANGED)
[2026-01-14 13:35:21]   [emp_id: 3862] ✓ Updated: 103.49 → 103.57 (CHANGED)
[2026-01-14 13:35:21]   [emp_id: 3866] ✓ Updated: 28.74 → 28.82 (CHANGED)
[2026-01-14 13:35:21]   [emp_id: 3876] ✓ Updated: 24.91 → 24.99 (CHANGED)
[2026-01-14 13:35:21]   [emp_id: 3877] ✓ Updated: 50.41 → 50.49 (CHANGED)
[2026-01-14 13:35:21]   [emp_id: 3897] ✓ Updated: 38.66 → 38.74 (CHANGED)
[2026-01-14 13:35:21]   [emp_id: 3899] ✓ Updated: 0.48 → 0.56 (CHANGED)
[2026-01-14 13:35:21]   [emp_id: 3928] ✓ Updated: 14.74 → 14.82 (CHANGED)
[2026-01-14 13:35:21]   [emp_id: 3929] ✓ Updated: 9.74 → 9.82 (CHANGED)
[2026-01-14 13:35:21]   [emp_id: 3935] ✓ Updated: 94.74 → 94.82 (CHANGED)
[2026-01-14 13:35:21]   [emp_id: 3952] ✓ Updated: 76.08 → 76.16 (CHANGED)
[2026-01-14 13:35:21]   [emp_id: 3987] ✓ Updated: 14.99 → 15.07 (CHANGED)
[2026-01-14 13:35:21]   [emp_id: 4059] ✓ Updated: 4.19 → 4.27 (CHANGED)
[2026-01-14 13:35:21]   [emp_id: 4119] ✓ Updated: 57.66 → 57.74 (CHANGED)
[2026-01-14 13:35:21]   [emp_id: 4120] ✓ Updated: 27.24 → 27.32 (CHANGED)
[2026-01-14 13:35:21]   [emp_id: 4124] ✓ Updated: 27.76 → 27.84 (CHANGED)
[2026-01-14 13:35:21]   [emp_id: 4133] ✓ Updated: 106.24 → 106.32 (CHANGED)
[2026-01-14 13:35:22]   [emp_id: 4134] ✓ Updated: 27.24 → 27.32 (CHANGED)
[2026-01-14 13:35:22]   [emp_id: 4136] ✓ Updated: 27.24 → 27.32 (CHANGED)
[2026-01-14 13:35:22]   [emp_id: 4150] ✓ Updated: 25.91 → 25.99 (CHANGED)
[2026-01-14 13:35:22]   [emp_id: 4157] ✓ Updated: 19.41 → 19.49 (CHANGED)
[2026-01-14 13:35:22]   [emp_id: 4172] ✓ Updated: 13.04 → 13.1 (CHANGED)
[2026-01-14 13:35:22]   [emp_id: 4195] ✓ Updated: 62.99 → 63.07 (CHANGED)
[2026-01-14 13:35:22]   [emp_id: 4215] ✓ Updated: 45.66 → 45.74 (CHANGED)
[2026-01-14 13:35:22]   [emp_id: 4220] ✓ Updated: 41.24 → 41.32 (CHANGED)
[2026-01-14 13:35:22]   [emp_id: 4273] ✓ Updated: 9.91 → 9.99 (CHANGED)
[2026-01-14 13:35:22]   [emp_id: 4283] ✓ Updated: 14.13 → 14.19 (CHANGED)
[2026-01-14 13:35:22]   [emp_id: 4288] ✓ Updated: 0.48 → 0.56 (CHANGED)
[2026-01-14 13:35:22]   [emp_id: 4315] ✓ Updated: 13.16 → 13.24 (CHANGED)
[2026-01-14 13:35:22]   [emp_id: 4328] ✓ Updated: 42.96 → 43.02 (CHANGED)
[2026-01-14 13:35:22]   [emp_id: 4329] ✓ Updated: 6.33 → 6.41 (CHANGED)
[2026-01-14 13:35:22]   [emp_id: 4338] ✓ Updated: 47.91 → 47.99 (CHANGED)
[2026-01-14 13:35:22]   [emp_id: 4340] ✓ Updated: 109.91 → 109.99 (CHANGED)
[2026-01-14 13:35:22]   [emp_id: 4365] ✓ Updated: 61.33 → 61.41 (CHANGED)
[2026-01-14 13:35:22]   [emp_id: 4366] ✓ Updated: 60.41 → 60.49 (CHANGED)
[2026-01-14 13:35:22]   [emp_id: 4403] ✓ Updated: 86.24 → 86.32 (CHANGED)
[2026-01-14 13:35:22]   [emp_id: 4438] ✓ Updated: 21.91 → 21.99 (CHANGED)
[2026-01-14 13:35:22]   [emp_id: 4465] ✓ Updated: 13.29 → 13.35 (CHANGED)
[2026-01-14 13:35:22]   [emp_id: 4473] ✓ Updated: 45.49 → 45.57 (CHANGED)
[2026-01-14 13:35:22]   [emp_id: 4474] ✓ Updated: 3.8 → 3.86 (CHANGED)
[2026-01-14 13:35:22]   [emp_id: 4493] ✓ Updated: 164.33 → 164.41 (CHANGED)
[2026-01-14 13:35:22]   [emp_id: 4526] ✓ Updated: 36.58 → 36.66 (CHANGED)
[2026-01-14 13:35:22]   [emp_id: 4528] ✓ Updated: 108.33 → 108.41 (CHANGED)
[2026-01-14 13:35:22]   [emp_id: 4528] ✓ Updated: 108.33 → 108.41 (CHANGED)
[2026-01-14 13:35:22]   [emp_id: 4532] ✓ Updated: 8.41 → 8.47 (CHANGED)
[2026-01-14 13:35:22]   [emp_id: 4533] ✓ Updated: 36.74 → 36.82 (CHANGED)
[2026-01-14 13:35:22]   [emp_id: 4564] ✓ Updated: 25.62 → 26.09 (CHANGED)
[2026-01-14 13:35:22]   [emp_id: 4565] ✓ Updated: 15.79 → 15.85 (CHANGED)
[2026-01-14 13:35:22]   [emp_id: 4567] ✓ Updated: 20.04 → 20.1 (CHANGED)
[2026-01-14 13:35:22]   [emp_id: 4572] ✓ Updated: 59.54 → 59.6 (CHANGED)
[2026-01-14 13:35:22]   [emp_id: 4631] ✓ Updated: 15.79 → 15.85 (CHANGED)
[2026-01-14 13:35:22]   [emp_id: 4655] ✓ Updated: 25.66 → 25.74 (CHANGED)
[2026-01-14 13:35:22]   [emp_id: 4689] ✓ Updated: 2.87 → 3.54 (CHANGED)
[2026-01-14 13:35:22]   [emp_id: 4709] ✓ Updated: 40.91 → 40.99 (CHANGED)
[2026-01-14 13:35:22]   [emp_id: 4717] ✓ Updated: 66.91 → 66.99 (CHANGED)
[2026-01-14 13:35:22]   [emp_id: 4736] ✓ Updated: 28.74 → 28.82 (CHANGED)
[2026-01-14 13:35:23]   [emp_id: 4756] ✓ Updated: 12.23 → 12.29 (CHANGED)
[2026-01-14 13:35:23]   [emp_id: 4768] ✓ Updated: 14.41 → 14.49 (CHANGED)
[2026-01-14 13:35:23]   [emp_id: 4780] ✓ Updated: 65.96 → 66.02 (CHANGED)
[2026-01-14 13:35:23]   [emp_id: 4820] ✓ Updated: 99.74 → 99.82 (CHANGED)
[2026-01-14 13:35:23]   [emp_id: 4824] SKIPPED: Already updated today (2026-01-14 13:35:17)
[2026-01-14 13:35:23]   [emp_id: 4825] ✓ Updated: 31.49 → 31.57 (CHANGED)
[2026-01-14 13:35:23]   [emp_id: 4835] ✓ Updated: 48.71 → 48.77 (CHANGED)
[2026-01-14 13:35:23]   [emp_id: 4837] ✓ Updated: 45.95 → 46.01 (CHANGED)
[2026-01-14 13:35:23]   [emp_id: 4838] ✓ Updated: 44.97 → 45.03 (CHANGED)
[2026-01-14 13:35:23]   [emp_id: 4840] ✓ Updated: 45.95 → 46.01 (CHANGED)
[2026-01-14 13:35:23]   [emp_id: 4842] ✓ Updated: 45.19 → 45.25 (CHANGED)
[2026-01-14 13:35:23]   [emp_id: 4843] ✓ Updated: 45.72 → 45.78 (CHANGED)
[2026-01-14 13:35:23]   [emp_id: 4853] ✓ Updated: 89.54 → 89.6 (CHANGED)
[2026-01-14 13:35:23]   [emp_id: 4856] ✓ Updated: 42.86 → 42.92 (CHANGED)
[2026-01-14 13:35:23]   [emp_id: 4857] ✓ Updated: 25.68 → 25.74 (CHANGED)
[2026-01-14 13:35:23]   [emp_id: 4858] ✓ Updated: 22.56 → 22.62 (CHANGED)
[2026-01-14 13:35:23]   [emp_id: 4859] ✓ Updated: 44.03 → 44.09 (CHANGED)
[2026-01-14 13:35:23]   [emp_id: 4860] ✓ Updated: 8.53 → 8.59 (CHANGED)
[2026-01-14 13:35:23]   [emp_id: 4861] ✓ Updated: 41.99 → 42.05 (CHANGED)
[2026-01-14 13:35:23]   [emp_id: 4869] ✓ Updated: 84.87 → 84.93 (CHANGED)
[2026-01-14 13:35:23]   [emp_id: 4894] ✓ Updated: 8.41 → 8.49 (CHANGED)
[2026-01-14 13:35:23]   [emp_id: 4897] ✓ Updated: 23.77 → 23.83 (CHANGED)
[2026-01-14 13:35:23]   [emp_id: 4899] ✓ Updated: 19.94 → 20 (CHANGED)
[2026-01-14 13:35:23]   [emp_id: 4902] ✓ Updated: 19.36 → 19.42 (CHANGED)
[2026-01-14 13:35:23]   [emp_id: 4903] ✓ Updated: 21.58 → 21.64 (CHANGED)
[2026-01-14 13:35:23]   [emp_id: 4905] ✓ Updated: 20.24 → 20.3 (CHANGED)
[2026-01-14 13:35:23]   [emp_id: 4907] ✓ Updated: 48.49 → 48.57 (CHANGED)
[2026-01-14 13:35:23]   [emp_id: 4917] ✓ Updated: 17.2 → 17.26 (CHANGED)
[2026-01-14 13:35:23]   [emp_id: 4918] ✓ Updated: 6.97 → 7.03 (CHANGED)
[2026-01-14 13:35:23]   [emp_id: 4919] ✓ Updated: 59.26 → 59.32 (CHANGED)
[2026-01-14 13:35:23]   [emp_id: 4920] ✓ Updated: 6.34 → 6.4 (CHANGED)
[2026-01-14 13:35:23]   [emp_id: 4921] ✓ Updated: 18.43 → 18.49 (CHANGED)
[2026-01-14 13:35:23]   [emp_id: 4927] ✓ Updated: 17.26 → 17.32 (CHANGED)
[2026-01-14 13:35:23]   [emp_id: 4929] ✓ Updated: 18.78 → 18.84 (CHANGED)
[2026-01-14 13:35:23]   [emp_id: 4930] ✓ Updated: 59.55 → 59.61 (CHANGED)
[2026-01-14 13:35:23]   [emp_id: 4932] ✓ Updated: 17.55 → 17.61 (CHANGED)
[2026-01-14 13:35:23]   [emp_id: 4933] ✓ Updated: 20.96 → 21.02 (CHANGED)
[2026-01-14 13:35:23]   [emp_id: 4949] ✓ Updated: 24.39 → 24.45 (CHANGED)
[2026-01-14 13:35:23]   [emp_id: 4956] ✓ Updated: 29.98 → 30.04 (CHANGED)
[2026-01-14 13:35:23]   [emp_id: 4957] ✓ Updated: 25.65 → 25.71 (CHANGED)
[2026-01-14 13:35:24]   [emp_id: 4962] ✓ Updated: 47.85 → 47.93 (CHANGED)
[2026-01-14 13:35:24]   [emp_id: 4969] ✓ Updated: 47.16 → 47.24 (CHANGED)
[2026-01-14 13:35:24]   [emp_id: 4976] ✓ Updated: 10.67 → 10.73 (CHANGED)
[2026-01-14 13:35:24]   [emp_id: 4984] ✓ Updated: 38.41 → 38.49 (CHANGED)
[2026-01-14 13:35:24]   [emp_id: 4995] ✓ Updated: 50.48 → 50.56 (CHANGED)
[2026-01-14 13:35:24]   [emp_id: 5004] ✓ Updated: 27.61 → 27.67 (CHANGED)
[2026-01-14 13:35:24]   [emp_id: 5006] ✓ Updated: 27.35 → 27.41 (CHANGED)
[2026-01-14 13:35:24]   [emp_id: 5011] ✓ Updated: 6.26 → 6.34 (CHANGED)
[2026-01-14 13:35:24]   [emp_id: 5013] ✓ Updated: 67.72 → 67.78 (CHANGED)
[2026-01-14 13:35:24]   [emp_id: 5018] ✓ Updated: 4.21 → 4.27 (CHANGED)
[2026-01-14 13:35:24]   [emp_id: 5021] ✓ Updated: 61.51 → 61.59 (CHANGED)
[2026-01-14 13:35:24]   [emp_id: 5024] ✓ Updated: 2.23 → 2.29 (CHANGED)
[2026-01-14 13:35:24]   [emp_id: 5030] ✓ Updated: 32.18 → 32.24 (CHANGED)
[2026-01-14 13:35:24]   [emp_id: 5033] ✓ Updated: 10.98 → 11.04 (CHANGED)
[2026-01-14 13:35:24]   [emp_id: 5043] ✓ Updated: 31.08 → 31.16 (CHANGED)
[2026-01-14 13:35:24]   [emp_id: 5045] ✓ Updated: 27.58 → 27.66 (CHANGED)
[2026-01-14 13:35:24]   [emp_id: 5046] ✓ Updated: 22.77 → 22.85 (CHANGED)
[2026-01-14 13:35:24]   [emp_id: 5049] ✓ Updated: 39.66 → 39.72 (CHANGED)
[2026-01-14 13:35:24]   [emp_id: 5052] ✓ Updated: 30.94 → 31 (CHANGED)
[2026-01-14 13:35:24]   [emp_id: 5055] ✓ Updated: 19.38 → 19.44 (CHANGED)
[2026-01-14 13:35:24]   [emp_id: 5058] ✓ Updated: 28.36 → 28.42 (CHANGED)
[2026-01-14 13:35:24]   [emp_id: 5062] ✓ Updated: 40.19 → 40.25 (CHANGED)
[2026-01-14 13:35:24]   [emp_id: 5064] ✓ Updated: 118.41 → 118.49 (CHANGED)
[2026-01-14 13:35:24]   [emp_id: 5065] ✓ Updated: 39.6 → 39.66 (CHANGED)
[2026-01-14 13:35:24]   [emp_id: 5071] ✓ Updated: 23.91 → 23.99 (CHANGED)
[2026-01-14 13:35:24]   [emp_id: 5073] ✓ Updated: 14.2 → 14.26 (CHANGED)
[2026-01-14 13:35:24]   [emp_id: 5079] ✓ Updated: 34.76 → 34.82 (CHANGED)
[2026-01-14 13:35:24]   [emp_id: 5080] ✓ Updated: 28.09 → 28.15 (CHANGED)
[2026-01-14 13:35:24]   [emp_id: 5081] ✓ Updated: 16.35 → 16.41 (CHANGED)
[2026-01-14 13:35:24]   [emp_id: 5087] ✓ Updated: 36.39 → 36.45 (CHANGED)
[2026-01-14 13:35:24]   [emp_id: 5091] ✓ Updated: 76.24 → 76.3 (CHANGED)
[2026-01-14 13:35:24]   [emp_id: 5093] ✓ Updated: 15.08 → 15.16 (CHANGED)
[2026-01-14 13:35:24]   [emp_id: 5095] ✓ Updated: 1.78 → 1.84 (CHANGED)
[2026-01-14 13:35:24]   [emp_id: 5101] ✓ Updated: 17.16 → 17.24 (CHANGED)
[2026-01-14 13:35:24]   [emp_id: 5107] ✓ Updated: 15.49 → 15.57 (CHANGED)
[2026-01-14 13:35:24]   [emp_id: 5109] ✓ Updated: 12.74 → 12.82 (CHANGED)
[2026-01-14 13:35:24]   [emp_id: 5119] ✓ Updated: 10.91 → 10.99 (CHANGED)
[2026-01-14 13:35:24]   [emp_id: 5122] ✓ Updated: 8.08 → 8.16 (CHANGED)
[2026-01-14 13:35:24]   [emp_id: 5126] ✓ Updated: 27.12 → 27.18 (CHANGED)
[2026-01-14 13:35:24]   [emp_id: 5127] ✓ Updated: 23.91 → 23.97 (CHANGED)
[2026-01-14 13:35:25]   [emp_id: 5128] ✓ Updated: 27.06 → 27.12 (CHANGED)
[2026-01-14 13:35:25]   [emp_id: 5138] ✓ Updated: 50.74 → 50.82 (CHANGED)
[2026-01-14 13:35:25]   [emp_id: 5138] ✓ Updated: 50.74 → 50.82 (CHANGED)
[2026-01-14 13:35:25]   [emp_id: 5141] ✓ Updated: 35.43 → 35.49 (CHANGED)
[2026-01-14 13:35:25]   [emp_id: 5142] ✓ Updated: 14.43 → 14.49 (CHANGED)
[2026-01-14 13:35:25]   [emp_id: 5146] ✓ Updated: 21.43 → 21.49 (CHANGED)
[2026-01-14 13:35:25]   [emp_id: 5147] ✓ Updated: 20.43 → 20.49 (CHANGED)
[2026-01-14 13:35:25]   [emp_id: 5148] ✓ Updated: 25.78 → 25.84 (CHANGED)
[2026-01-14 13:35:25]   [emp_id: 5149] ✓ Updated: 24.67 → 24.73 (CHANGED)
[2026-01-14 13:35:25]   [emp_id: 5150] ✓ Updated: 24.03 → 24.09 (CHANGED)
[2026-01-14 13:35:25]   [emp_id: 5151] ✓ Updated: 23.85 → 23.91 (CHANGED)
[2026-01-14 13:35:25]   [emp_id: 5152] ✓ Updated: 4.27 → 4.33 (CHANGED)
[2026-01-14 13:35:25]   [emp_id: 5157] ✓ Updated: 23.85 → 23.91 (CHANGED)
[2026-01-14 13:35:25]   [emp_id: 5160] ✓ Updated: 23.85 → 23.91 (CHANGED)
[2026-01-14 13:35:25]   [emp_id: 5163] ✓ Updated: 21.64 → 21.7 (CHANGED)
[2026-01-14 13:35:25]   [emp_id: 5165] ✓ Updated: 2.18 → 2.26 (CHANGED)
[2026-01-14 13:35:25]   [emp_id: 5167] ✓ Updated: 30.79 → 30.85 (CHANGED)
[2026-01-14 13:35:25]   [emp_id: 5168] ✓ Updated: 23.33 → 23.39 (CHANGED)
[2026-01-14 13:35:25]   [emp_id: 5173] ✓ Updated: 25.83 → 25.91 (CHANGED)
[2026-01-14 13:35:25]   [emp_id: 5174] ✓ Updated: 23.79 → 23.85 (CHANGED)
[2026-01-14 13:35:25]   [emp_id: 5181] ✓ Updated: 20.18 → 20.24 (CHANGED)
[2026-01-14 13:35:25]   [emp_id: 5186] ✓ Updated: 25.71 → 25.77 (CHANGED)
[2026-01-14 13:35:25]   [emp_id: 5187] ✓ Updated: 36.71 → 36.77 (CHANGED)
[2026-01-14 13:35:25]   [emp_id: 5204] ✓ Updated: 23.33 → 23.41 (CHANGED)
[2026-01-14 13:35:25]   [emp_id: 5205] ✓ Updated: 12.92 → 12.98 (CHANGED)
[2026-01-14 13:35:25]   [emp_id: 5209] ✓ Updated: 15.92 → 15.98 (CHANGED)
[2026-01-14 13:35:25]   [emp_id: 5213] ✓ Updated: 3.33 → 3.39 (CHANGED)
[2026-01-14 13:35:25]   [emp_id: 5214] ✓ Updated: 2.17 → 2.23 (CHANGED)
[2026-01-14 13:35:25]   [emp_id: 5215] ✓ Updated: 10.92 → 10.98 (CHANGED)
[2026-01-14 13:35:25]   [emp_id: 5217] ✓ Updated: 9.92 → 9.98 (CHANGED)
[2026-01-14 13:35:25]   [emp_id: 5219] ✓ Updated: 13.92 → 13.98 (CHANGED)
[2026-01-14 13:35:25]   [emp_id: 5221] ✓ Updated: 3.23 → 3.29 (CHANGED)
[2026-01-14 13:35:25]   [emp_id: 5224] ✓ Updated: 14.92 → 14.98 (CHANGED)
[2026-01-14 13:35:25]   [emp_id: 5225] ✓ Updated: 7.23 → 7.29 (CHANGED)
[2026-01-14 13:35:25]   [emp_id: 5228] ✓ Updated: 9.92 → 9.98 (CHANGED)
[2026-01-14 13:35:25]   [emp_id: 5229] ✓ Updated: 5.92 → 5.98 (CHANGED)
[2026-01-14 13:35:25]   [emp_id: 5230] ✓ Updated: 14.59 → 14.65 (CHANGED)
[2026-01-14 13:35:26]   [emp_id: 5231] ✓ Updated: 6.92 → 6.98 (CHANGED)
[2026-01-14 13:35:26]   [emp_id: 5232] ✓ Updated: 0.92 → 0.98 (CHANGED)
[2026-01-14 13:35:26]   [emp_id: 5233] ✓ Updated: 4.92 → 4.98 (CHANGED)
[2026-01-14 13:35:26]   [emp_id: 5234] ✓ Updated: 4.92 → 4.98 (CHANGED)
[2026-01-14 13:35:26]   [emp_id: 5235] ✓ Updated: 0.36 → 0.42 (CHANGED)
[2026-01-14 13:35:26]   [emp_id: 5237] ✓ Updated: 11.17 → 11.23 (CHANGED)
[2026-01-14 13:35:26]   [emp_id: 5239] ✓ Updated: 7.92 → 7.98 (CHANGED)
[2026-01-14 13:35:26]   [emp_id: 5241] ✓ Updated: 5.92 → 5.98 (CHANGED)
[2026-01-14 13:35:26]   [emp_id: 5242] ✓ Updated: 15.92 → 15.98 (CHANGED)
[2026-01-14 13:35:26]   [emp_id: 5243] ✓ Updated: 2.33 → 2.39 (CHANGED)
[2026-01-14 13:35:26]   [emp_id: 5244] ✓ Updated: 0.36 → 0.42 (CHANGED)
[2026-01-14 13:35:26]   [emp_id: 5246] ✓ Updated: 11.92 → 11.98 (CHANGED)
[2026-01-14 13:35:26]   [emp_id: 5253] ✓ Updated: 24.79 → 24.85 (CHANGED)
[2026-01-14 13:35:26]   [emp_id: 5254] ✓ Updated: 12.77 → 12.83 (CHANGED)
[2026-01-14 13:35:26]   [emp_id: 5257] ✓ Updated: 12.48 → 12.54 (CHANGED)
[2026-01-14 13:35:26]   [emp_id: 5259] ✓ Updated: 49.01 → 49.07 (CHANGED)
[2026-01-14 13:35:26]   [emp_id: 5261] ✓ Updated: 16.93 → 17.01 (CHANGED)
[2026-01-14 13:35:26]   [emp_id: 5264] ✓ Updated: 14.49 → 14.55 (CHANGED)
[2026-01-14 13:35:26]   [emp_id: 5266] ✓ Updated: 21.11 → 21.17 (CHANGED)
[2026-01-14 13:35:26]   [emp_id: 5268] ✓ Updated: 9.68 → 9.74 (CHANGED)
[2026-01-14 13:35:26]   [emp_id: 5271] ✓ Updated: 8.34 → 8.4 (CHANGED)
[2026-01-14 13:35:26]   [emp_id: 5272] ✓ Updated: 9.21 → 9.27 (CHANGED)
[2026-01-14 13:35:26]   [emp_id: 5273] ✓ Updated: 24.28 → 24.34 (CHANGED)
[2026-01-14 13:35:26]   [emp_id: 5275] ✓ Updated: 10.03 → 10.09 (CHANGED)
[2026-01-14 13:35:26]   [emp_id: 5276] ✓ Updated: 24.3 → 24.36 (CHANGED)
[2026-01-14 13:35:26]   [emp_id: 5278] ✓ Updated: 8.69 → 8.75 (CHANGED)
[2026-01-14 13:35:26]   [emp_id: 5280] ✓ Updated: 19.09 → 19.15 (CHANGED)
[2026-01-14 13:35:26]   [emp_id: 5282] ✓ Updated: 12.41 → 12.49 (CHANGED)
[2026-01-14 13:35:26]   [emp_id: 5285] ✓ Updated: 29.09 → 29.15 (CHANGED)
[2026-01-14 13:35:26]   [emp_id: 5286] ✓ Updated: 16.09 → 16.15 (CHANGED)
[2026-01-14 13:35:26]   [emp_id: 5287] ✓ Updated: 50.39 → 50.45 (CHANGED)
[2026-01-14 13:35:26]   [emp_id: 5288] ✓ Updated: 7.66 → 7.72 (CHANGED)
[2026-01-14 13:35:26]   [emp_id: 5289] ✓ Updated: 48.94 → 49 (CHANGED)
[2026-01-14 13:35:26]   [emp_id: 5290] ✓ Updated: 47.71 → 47.77 (CHANGED)
[2026-01-14 13:35:26]   [emp_id: 5291] ✓ Updated: 5.71 → 5.77 (CHANGED)
[2026-01-14 13:35:26]   [emp_id: 5292] ✓ Updated: 5.65 → 5.71 (CHANGED)
[2026-01-14 13:35:26]   [emp_id: 5293] ✓ Updated: 8.67 → 8.75 (CHANGED)
[2026-01-14 13:35:26]   [emp_id: 5294] ✓ Updated: 8.33 → 8.41 (CHANGED)
[2026-01-14 13:35:27]   [emp_id: 5295] ✓ Updated: 21.89 → 21.95 (CHANGED)
[2026-01-14 13:35:27]   [emp_id: 5296] ✓ Updated: 35.35 → 35.43 (CHANGED)
[2026-01-14 13:35:27]   [emp_id: 5297] ✓ Updated: 46.31 → 46.37 (CHANGED)
[2026-01-14 13:35:27]   [emp_id: 5298] ✓ Updated: 46.31 → 46.37 (CHANGED)
[2026-01-14 13:35:27]   [emp_id: 5299] ✓ Updated: 46.31 → 46.37 (CHANGED)
[2026-01-14 13:35:27]   [emp_id: 5300] ✓ Updated: 46.31 → 46.37 (CHANGED)
[2026-01-14 13:35:27]   [emp_id: 5301] ✓ Updated: 4.13 → 4.19 (CHANGED)
[2026-01-14 13:35:27]   [emp_id: 5303] ✓ Updated: 4.56 → 4.62 (CHANGED)
[2026-01-14 13:35:27]   [emp_id: 5304] ✓ Updated: 46.31 → 46.37 (CHANGED)
[2026-01-14 13:35:27]   [emp_id: 5305] ✓ Updated: 4.31 → 4.37 (CHANGED)
[2026-01-14 13:35:27]   [emp_id: 5306] ✓ Updated: 46.02 → 46.08 (CHANGED)
[2026-01-14 13:35:27]   [emp_id: 5307] ✓ Updated: 46.02 → 46.08 (CHANGED)
[2026-01-14 13:35:27]   [emp_id: 5312] ✓ Updated: 0.36 → 0.42 (CHANGED)
[2026-01-14 13:35:27]   [emp_id: 5318] ✓ Updated: 26.73 → 26.79 (CHANGED)
[2026-01-14 13:35:27]   [emp_id: 5325] ✓ Updated: 0.69 → 0.75 (CHANGED)
[2026-01-14 13:35:27]   [emp_id: 5327] ✓ Updated: 1.78 → 1.84 (CHANGED)
[2026-01-14 13:35:27]   [emp_id: 5337] ✓ Updated: 36.24 → 36.32 (CHANGED)
[2026-01-14 13:35:27]   [emp_id: 5339] ✓ Updated: 10.88 → 10.94 (CHANGED)
[2026-01-14 13:35:27]   [emp_id: 5343] ✓ Updated: 46.16 → 46.24 (CHANGED)
[2026-01-14 13:35:27]   [emp_id: 5343] ✓ Updated: 46.16 → 46.24 (CHANGED)
[2026-01-14 13:35:27]   [emp_id: 5345] ✓ Updated: 15.99 → 16.07 (CHANGED)
[2026-01-14 13:35:27]   [emp_id: 5346] ✓ Updated: 2.6 → 2.66 (CHANGED)
[2026-01-14 13:35:27]   [emp_id: 5351] ✓ Updated: 17.54 → 17.6 (CHANGED)
[2026-01-14 13:35:27]   [emp_id: 5352] ✓ Updated: 26.41 → 26.49 (CHANGED)
[2026-01-14 13:35:27]   [emp_id: 5370] ✓ Updated: 16.19 → 16.25 (CHANGED)
[2026-01-14 13:35:27]   [emp_id: 5371] ✓ Updated: 8.16 → 8.24 (CHANGED)
[2026-01-14 13:35:27]   [emp_id: 5376] ✓ Updated: 10.79 → 10.85 (CHANGED)
[2026-01-14 13:35:27]   [emp_id: 5378] ✓ Updated: 18.24 → 18.32 (CHANGED)
[2026-01-14 13:35:27]   [emp_id: 5380] ✓ Updated: 17.2 → 17.26 (CHANGED)
[2026-01-14 13:35:27]   [emp_id: 5381] ✓ Updated: 12.68 → 12.76 (CHANGED)
[2026-01-14 13:35:27]   [emp_id: 5383] ✓ Updated: 16.99 → 17.07 (CHANGED)
[2026-01-14 13:35:27]   [emp_id: 5388] ✓ Updated: 27.98 → 28.04 (CHANGED)
[2026-01-14 13:35:27]   [emp_id: 5396] ✓ Updated: 29.22 → 29.28 (CHANGED)
[2026-01-14 13:35:27]   [emp_id: 5397] ✓ Updated: 20.68 → 20.74 (CHANGED)
[2026-01-14 13:35:27]   [emp_id: 5401] ✓ Updated: 23.79 → 23.85 (CHANGED)
[2026-01-14 13:35:27]   [emp_id: 5402] ✓ Updated: 23.91 → 23.97 (CHANGED)
[2026-01-14 13:35:27]   [emp_id: 5406] ✓ Updated: 17.63 → 17.69 (CHANGED)
[2026-01-14 13:35:27]   [emp_id: 5407] ✓ Updated: 16.76 → 16.84 (CHANGED)
[2026-01-14 13:35:27]   [emp_id: 5409] ✓ Updated: 16.97 → 17.03 (CHANGED)
[2026-01-14 13:35:27]   [emp_id: 5413] ✓ Updated: 29.16 → 29.24 (CHANGED)
[2026-01-14 13:35:28]   [emp_id: 5414] ✓ Updated: 28.83 → 28.91 (CHANGED)
[2026-01-14 13:35:28]   [emp_id: 5415] ✓ Updated: 4.76 → 4.84 (CHANGED)
[2026-01-14 13:35:28]   [emp_id: 5418] ✓ Updated: 16.03 → 16.09 (CHANGED)
[2026-01-14 13:35:28]   [emp_id: 5422] ✓ Updated: 21.49 → 21.57 (CHANGED)
[2026-01-14 13:35:28]   [emp_id: 5423] ✓ Updated: 6.18 → 6.26 (CHANGED)
[2026-01-14 13:35:28]   [emp_id: 5425] ✓ Updated: 14.58 → 14.64 (CHANGED)
[2026-01-14 13:35:28]   [emp_id: 5426] ✓ Updated: 2.73 → 2.81 (CHANGED)
[2026-01-14 13:35:28]   [emp_id: 5426] ✓ Updated: 2.73 → 2.81 (CHANGED)
[2026-01-14 13:35:28]   [emp_id: 5427] ✓ Updated: 14.69 → 14.75 (CHANGED)
[2026-01-14 13:35:28]   [emp_id: 5428] ✓ Updated: 14.58 → 14.64 (CHANGED)
[2026-01-14 13:35:28]   [emp_id: 5430] ✓ Updated: 18.55 → 18.63 (CHANGED)
[2026-01-14 13:35:28]   [emp_id: 5431] ✓ Updated: 13.7 → 13.76 (CHANGED)
[2026-01-14 13:35:28]   [emp_id: 5433] ✓ Updated: 13.72 → 13.78 (CHANGED)
[2026-01-14 13:35:28]   [emp_id: 5434] ✓ Updated: 13.47 → 13.53 (CHANGED)
[2026-01-14 13:35:28]   [emp_id: 5435] ✓ Updated: 13.41 → 13.47 (CHANGED)
[2026-01-14 13:35:28]   [emp_id: 5436] ✓ Updated: 13.41 → 13.47 (CHANGED)
[2026-01-14 13:35:28]   [emp_id: 5438] ✓ Updated: 16.41 → 16.49 (CHANGED)
[2026-01-14 13:35:28]   [emp_id: 5439] ✓ Updated: 25.91 → 25.99 (CHANGED)
[2026-01-14 13:35:28]   [emp_id: 5442] ✓ Updated: 14.91 → 14.99 (CHANGED)
[2026-01-14 13:35:28]   [emp_id: 5445] ✓ Updated: 7.87 → 7.93 (CHANGED)
[2026-01-14 13:35:28]   [emp_id: 5446] ✓ Updated: 7.87 → 7.93 (CHANGED)
[2026-01-14 13:35:28]   [emp_id: 5447] ✓ Updated: 7.81 → 7.87 (CHANGED)
[2026-01-14 13:35:28]   [emp_id: 5448] ✓ Updated: 1.93 → 2.01 (CHANGED)
[2026-01-14 13:35:28]   [emp_id: 5449] ✓ Updated: 5.89 → 5.95 (CHANGED)
[2026-01-14 13:35:28]   [emp_id: 5450] ✓ Updated: 5.83 → 5.89 (CHANGED)
[2026-01-14 13:35:28]   [emp_id: 5451] ✓ Updated: 5.83 → 5.89 (CHANGED)
[2026-01-14 13:35:28]   [emp_id: 5453] ✓ Updated: 5.67 → 5.73 (CHANGED)
[2026-01-14 13:35:28]   [emp_id: 5454] ✓ Updated: 7.99 → 8.07 (CHANGED)
[2026-01-14 13:35:28]   [emp_id: 5455] ✓ Updated: 2.24 → 2.32 (CHANGED)
[2026-01-14 13:35:28]   [emp_id: 5456] ✓ Updated: 7.24 → 7.32 (CHANGED)
[2026-01-14 13:35:28]   [emp_id: 5457] ✓ Updated: 4.92 → 4.98 (CHANGED)
[2026-01-14 13:35:28]   [emp_id: 5460] ✓ Updated: 5.89 → 5.97 (CHANGED)
[2026-01-14 13:35:28]   [emp_id: 5463] ✓ Updated: 5.22 → 5.3 (CHANGED)
[2026-01-14 13:35:28]   [emp_id: 5464] ✓ Updated: 5.22 → 5.3 (CHANGED)
[2026-01-14 13:35:28]   [emp_id: 5466] ✓ Updated: 2.97 → 3.05 (CHANGED)
[2026-01-14 13:35:28]   [emp_id: 5467] ✓ Updated: 1.89 → 1.97 (CHANGED)
[2026-01-14 13:35:28] Report saved to: D:\xampp\htdocs\almutlak\system/cron_logs/last_vacation_update_report.json
[2026-01-14 13:35:44] ========== CRON: Vacation Balance Update Started ==========
[2026-01-14 13:36:56] ========== CRON: Vacation Balance Update Started ==========
[2026-01-14 13:36:56] FORCE RUN enabled: Bypassing once-per-day restriction
[2026-01-14 13:36:56] Database connection established
[2026-01-14 13:36:56] Found 436 active employees with balance records to update
[2026-01-14 13:36:56] (Only employees with status=1 will be processed)
[2026-01-14 13:36:56]   [emp_id: 1061] ✓ Refreshed: 0.56 (unchanged value, timestamp updated)
[2026-01-14 13:36:56]   [emp_id: 1496] ✓ Refreshed: 17.41 (unchanged value, timestamp updated)
[2026-01-14 13:36:56]   [emp_id: 1500] ✓ Refreshed: 5.09 (unchanged value, timestamp updated)
[2026-01-14 13:36:56]   [emp_id: 1574] ✓ Refreshed: 34.32 (unchanged value, timestamp updated)
[2026-01-14 13:36:56]   [emp_id: 1673] ✓ Refreshed: 45.82 (unchanged value, timestamp updated)
[2026-01-14 13:36:56]   [emp_id: 1685] ✓ Refreshed: 15.74 (unchanged value, timestamp updated)
[2026-01-14 13:36:56]   [emp_id: 1764] ✓ Refreshed: 70.41 (unchanged value, timestamp updated)
[2026-01-14 13:36:56]   [emp_id: 1805] ✓ Refreshed: 64.74 (unchanged value, timestamp updated)
[2026-01-14 13:36:56]   [emp_id: 1822] ✓ Refreshed: 69.49 (unchanged value, timestamp updated)
[2026-01-14 13:36:56]   [emp_id: 1837] ✓ Refreshed: 25.66 (unchanged value, timestamp updated)
[2026-01-14 13:36:56]   [emp_id: 1857] ✓ Refreshed: 20.99 (unchanged value, timestamp updated)
[2026-01-14 13:36:56]   [emp_id: 1861] ✓ Refreshed: 71.82 (unchanged value, timestamp updated)
[2026-01-14 13:36:56]   [emp_id: 1872] ✓ Refreshed: 10.66 (unchanged value, timestamp updated)
[2026-01-14 13:36:56]   [emp_id: 1897] ✓ Refreshed: 5.99 (unchanged value, timestamp updated)
[2026-01-14 13:36:56]   [emp_id: 1916] ✓ Refreshed: 12.29 (unchanged value, timestamp updated)
[2026-01-14 13:36:56]   [emp_id: 1928] ✓ Refreshed: 65.24 (unchanged value, timestamp updated)
[2026-01-14 13:36:56]   [emp_id: 1931] ✓ Refreshed: 85.16 (unchanged value, timestamp updated)
[2026-01-14 13:36:56]   [emp_id: 1944] ✓ Refreshed: 43.32 (unchanged value, timestamp updated)
[2026-01-14 13:36:56]   [emp_id: 1996] ✓ Refreshed: 71.82 (unchanged value, timestamp updated)
[2026-01-14 13:36:56]   [emp_id: 1997] ✓ Refreshed: 36.99 (unchanged value, timestamp updated)
[2026-01-14 13:36:57]   [emp_id: 1998] ✓ Refreshed: 28.43 (unchanged value, timestamp updated)
[2026-01-14 13:36:57]   [emp_id: 1999] ✓ Refreshed: 29.43 (unchanged value, timestamp updated)
[2026-01-14 13:36:57]   [emp_id: 2009] ✓ Refreshed: 35.74 (unchanged value, timestamp updated)
[2026-01-14 13:36:57]   [emp_id: 2048] ✓ Refreshed: 25.57 (unchanged value, timestamp updated)
[2026-01-14 13:36:57]   [emp_id: 2057] ✓ Refreshed: 66.41 (unchanged value, timestamp updated)
[2026-01-14 13:36:57]   [emp_id: 2079] ✓ Refreshed: 48.74 (unchanged value, timestamp updated)
[2026-01-14 13:36:57]   [emp_id: 2181] ✓ Refreshed: 37.74 (unchanged value, timestamp updated)
[2026-01-14 13:36:57]   [emp_id: 2190] ✓ Refreshed: 7.07 (unchanged value, timestamp updated)
[2026-01-14 13:36:57]   [emp_id: 2212] ✓ Refreshed: 25.07 (unchanged value, timestamp updated)
[2026-01-14 13:36:57]   [emp_id: 2226] ✓ Refreshed: 69.82 (unchanged value, timestamp updated)
[2026-01-14 13:36:57]   [emp_id: 2238] ✓ Refreshed: 68.07 (unchanged value, timestamp updated)
[2026-01-14 13:36:57]   [emp_id: 2285] ✓ Refreshed: 36.74 (unchanged value, timestamp updated)
[2026-01-14 13:36:57]   [emp_id: 2287] ✓ Refreshed: 48.41 (unchanged value, timestamp updated)
[2026-01-14 13:36:57]   [emp_id: 2288] ✓ Refreshed: 3.43 (unchanged value, timestamp updated)
[2026-01-14 13:36:57]   [emp_id: 2316] ✓ Refreshed: 17.24 (unchanged value, timestamp updated)
[2026-01-14 13:36:57]   [emp_id: 2337] ✓ Refreshed: 38.32 (unchanged value, timestamp updated)
[2026-01-14 13:36:57]   [emp_id: 2352] ✓ Refreshed: 69.82 (unchanged value, timestamp updated)
[2026-01-14 13:36:57]   [emp_id: 2358] ✓ Refreshed: 6.32 (unchanged value, timestamp updated)
[2026-01-14 13:36:57]   [emp_id: 2361] ✓ Refreshed: 71.99 (unchanged value, timestamp updated)
[2026-01-14 13:36:57]   [emp_id: 2363] ✓ Refreshed: 74.57 (unchanged value, timestamp updated)
[2026-01-14 13:36:57]   [emp_id: 2364] ✓ Refreshed: 73.99 (unchanged value, timestamp updated)
[2026-01-14 13:36:57]   [emp_id: 2367] ✓ Refreshed: 101.66 (unchanged value, timestamp updated)
[2026-01-14 13:36:57]   [emp_id: 2368] ✓ Refreshed: 32.07 (unchanged value, timestamp updated)
[2026-01-14 13:36:57]   [emp_id: 2372] ✓ Refreshed: 69.32 (unchanged value, timestamp updated)
[2026-01-14 13:36:57]   [emp_id: 2376] ✓ Refreshed: 119.32 (unchanged value, timestamp updated)
[2026-01-14 13:36:57]   [emp_id: 2423] ✓ Refreshed: 20.07 (unchanged value, timestamp updated)
[2026-01-14 13:36:57]   [emp_id: 2519] ✓ Refreshed: 113.74 (unchanged value, timestamp updated)
[2026-01-14 13:36:57]   [emp_id: 2522] ✓ Refreshed: 57.32 (unchanged value, timestamp updated)
[2026-01-14 13:36:57]   [emp_id: 2530] ✓ Refreshed: 52.57 (unchanged value, timestamp updated)
[2026-01-14 13:36:57]   [emp_id: 2539] ✓ Refreshed: 49.32 (unchanged value, timestamp updated)
[2026-01-14 13:36:57]   [emp_id: 2541] ✓ Refreshed: 29.91 (unchanged value, timestamp updated)
[2026-01-14 13:36:57]   [emp_id: 2550] ✓ Refreshed: 96.07 (unchanged value, timestamp updated)
[2026-01-14 13:36:57]   [emp_id: 2553] ✓ Refreshed: 33.18 (unchanged value, timestamp updated)
[2026-01-14 13:36:57]   [emp_id: 2554] ✓ Refreshed: 39.66 (unchanged value, timestamp updated)
[2026-01-14 13:36:57]   [emp_id: 2565] ✓ Refreshed: 94.24 (unchanged value, timestamp updated)
[2026-01-14 13:36:57]   [emp_id: 2572] ✓ Refreshed: 44.24 (unchanged value, timestamp updated)
[2026-01-14 13:36:58]   [emp_id: 2637] ✓ Refreshed: 64.82 (unchanged value, timestamp updated)
[2026-01-14 13:36:58]   [emp_id: 2642] ✓ Refreshed: 77.57 (unchanged value, timestamp updated)
[2026-01-14 13:36:58]   [emp_id: 2645] ✓ Refreshed: 93.57 (unchanged value, timestamp updated)
[2026-01-14 13:36:58]   [emp_id: 2648] ✓ Refreshed: 45.24 (unchanged value, timestamp updated)
[2026-01-14 13:36:58]   [emp_id: 2654] ✓ Refreshed: 87.91 (unchanged value, timestamp updated)
[2026-01-14 13:36:58]   [emp_id: 2688] ✓ Refreshed: 25.99 (unchanged value, timestamp updated)
[2026-01-14 13:36:58]   [emp_id: 2690] ✓ Refreshed: 14.74 (unchanged value, timestamp updated)
[2026-01-14 13:36:58]   [emp_id: 2709] ✓ Refreshed: 36.99 (unchanged value, timestamp updated)
[2026-01-14 13:36:58]   [emp_id: 2745] ✓ Refreshed: 33.57 (unchanged value, timestamp updated)
[2026-01-14 13:36:58]   [emp_id: 2843] ✓ Refreshed: 80.16 (unchanged value, timestamp updated)
[2026-01-14 13:36:58]   [emp_id: 2854] ✓ Refreshed: 60.07 (unchanged value, timestamp updated)
[2026-01-14 13:36:58]   [emp_id: 2869] ✓ Refreshed: 3.99 (unchanged value, timestamp updated)
[2026-01-14 13:36:58]   [emp_id: 2876] ✓ Refreshed: 34.82 (unchanged value, timestamp updated)
[2026-01-14 13:36:58]   [emp_id: 2924] ✓ Refreshed: 15.99 (unchanged value, timestamp updated)
[2026-01-14 13:36:58]   [emp_id: 2953] ✓ Refreshed: 101.74 (unchanged value, timestamp updated)
[2026-01-14 13:36:58]   [emp_id: 2961] ✓ Refreshed: 11.74 (unchanged value, timestamp updated)
[2026-01-14 13:36:58]   [emp_id: 2975] ✓ Refreshed: 1.42 (unchanged value, timestamp updated)
[2026-01-14 13:36:58]   [emp_id: 3013] ✓ Refreshed: 10.74 (unchanged value, timestamp updated)
[2026-01-14 13:36:58]   [emp_id: 3014] ✓ Refreshed: 89.99 (unchanged value, timestamp updated)
[2026-01-14 13:36:58]   [emp_id: 3015] ✓ Refreshed: 1.24 (unchanged value, timestamp updated)
[2026-01-14 13:36:58]   [emp_id: 3018] ✓ Refreshed: 59.99 (unchanged value, timestamp updated)
[2026-01-14 13:36:58]   [emp_id: 3025] ✓ Refreshed: 23.76 (unchanged value, timestamp updated)
[2026-01-14 13:36:58]   [emp_id: 3037] ✓ Refreshed: 83.49 (unchanged value, timestamp updated)
[2026-01-14 13:36:58]   [emp_id: 3047] ✓ Refreshed: 71.74 (unchanged value, timestamp updated)
[2026-01-14 13:36:58]   [emp_id: 3061] ✓ Refreshed: 18.66 (unchanged value, timestamp updated)
[2026-01-14 13:36:58]   [emp_id: 3062] ✓ Refreshed: 51.82 (unchanged value, timestamp updated)
[2026-01-14 13:36:58]   [emp_id: 3074] ✓ Refreshed: 108.24 (unchanged value, timestamp updated)
[2026-01-14 13:36:58]   [emp_id: 3089] ✓ Refreshed: 7.16 (unchanged value, timestamp updated)
[2026-01-14 13:36:58]   [emp_id: 3090] ✓ Refreshed: 33.74 (unchanged value, timestamp updated)
[2026-01-14 13:36:58]   [emp_id: 3091] ✓ Refreshed: 45.74 (unchanged value, timestamp updated)
[2026-01-14 13:36:58]   [emp_id: 3092] ✓ Refreshed: 28.41 (unchanged value, timestamp updated)
[2026-01-14 13:36:58]   [emp_id: 3105] ✓ Refreshed: 48.74 (unchanged value, timestamp updated)
[2026-01-14 13:36:58]   [emp_id: 3134] ✓ Refreshed: 44.49 (unchanged value, timestamp updated)
[2026-01-14 13:36:58]   [emp_id: 3140] ✓ Refreshed: 41.57 (unchanged value, timestamp updated)
[2026-01-14 13:36:58]   [emp_id: 3144] ✓ Refreshed: 14.41 (unchanged value, timestamp updated)
[2026-01-14 13:36:58]   [emp_id: 3156] ✓ Refreshed: 17.74 (unchanged value, timestamp updated)
[2026-01-14 13:36:58]   [emp_id: 3162] ✓ Refreshed: 2.72 (unchanged value, timestamp updated)
[2026-01-14 13:36:58]   [emp_id: 3163] ✓ Refreshed: 5.99 (unchanged value, timestamp updated)
[2026-01-14 13:36:58]   [emp_id: 3198] ✓ Refreshed: 40.99 (unchanged value, timestamp updated)
[2026-01-14 13:36:58]   [emp_id: 3205] ✓ Refreshed: 17.66 (unchanged value, timestamp updated)
[2026-01-14 13:36:59]   [emp_id: 3209] ✓ Refreshed: 41.82 (unchanged value, timestamp updated)
[2026-01-14 13:36:59]   [emp_id: 3223] ✓ Refreshed: 90.74 (unchanged value, timestamp updated)
[2026-01-14 13:36:59]   [emp_id: 3224] ✓ Refreshed: 65.49 (unchanged value, timestamp updated)
[2026-01-14 13:36:59]   [emp_id: 3230] ✓ Refreshed: 88.91 (unchanged value, timestamp updated)
[2026-01-14 13:36:59]   [emp_id: 3231] ✓ Refreshed: 1.28 (unchanged value, timestamp updated)
[2026-01-14 13:36:59]   [emp_id: 3233] ✓ Refreshed: 81.74 (unchanged value, timestamp updated)
[2026-01-14 13:36:59]   [emp_id: 3249] ✓ Refreshed: 37.57 (unchanged value, timestamp updated)
[2026-01-14 13:36:59]   [emp_id: 3250] ✓ Refreshed: 10.57 (unchanged value, timestamp updated)
[2026-01-14 13:36:59]   [emp_id: 3252] ✓ Refreshed: 11.49 (unchanged value, timestamp updated)
[2026-01-14 13:36:59]   [emp_id: 3254] ✓ Refreshed: 21.99 (unchanged value, timestamp updated)
[2026-01-14 13:36:59]   [emp_id: 3255] ✓ Refreshed: 18.41 (unchanged value, timestamp updated)
[2026-01-14 13:36:59]   [emp_id: 3256] ✓ Refreshed: 14.66 (unchanged value, timestamp updated)
[2026-01-14 13:36:59]   [emp_id: 3263] ✓ Refreshed: 30.74 (unchanged value, timestamp updated)
[2026-01-14 13:36:59]   [emp_id: 3265] ✓ Refreshed: 26.32 (unchanged value, timestamp updated)
[2026-01-14 13:36:59]   [emp_id: 3280] ✓ Refreshed: 73.24 (unchanged value, timestamp updated)
[2026-01-14 13:36:59]   [emp_id: 3286] ✓ Refreshed: 16.41 (unchanged value, timestamp updated)
[2026-01-14 13:36:59]   [emp_id: 3294] ✓ Refreshed: 16.07 (unchanged value, timestamp updated)
[2026-01-14 13:36:59]   [emp_id: 3321] ✓ Refreshed: 73.24 (unchanged value, timestamp updated)
[2026-01-14 13:36:59]   [emp_id: 3325] ✓ Refreshed: 60.99 (unchanged value, timestamp updated)
[2026-01-14 13:36:59]   [emp_id: 3329] ✓ Refreshed: 63.32 (unchanged value, timestamp updated)
[2026-01-14 13:36:59]   [emp_id: 3330] ✓ Refreshed: 63.32 (unchanged value, timestamp updated)
[2026-01-14 13:36:59]   [emp_id: 3332] ✓ Refreshed: 63.32 (unchanged value, timestamp updated)
[2026-01-14 13:36:59]   [emp_id: 3370] ✓ Refreshed: 54.99 (unchanged value, timestamp updated)
[2026-01-14 13:36:59]   [emp_id: 3384] ✓ Refreshed: 15.49 (unchanged value, timestamp updated)
[2026-01-14 13:36:59]   [emp_id: 3386] ✓ Refreshed: 45.49 (unchanged value, timestamp updated)
[2026-01-14 13:36:59]   [emp_id: 3431] ✓ Refreshed: 19.91 (unchanged value, timestamp updated)
[2026-01-14 13:36:59]   [emp_id: 3497] ✓ Refreshed: 10.07 (unchanged value, timestamp updated)
[2026-01-14 13:36:59]   [emp_id: 3532] ✓ Refreshed: 0.91 (unchanged value, timestamp updated)
[2026-01-14 13:36:59]   [emp_id: 3586] ✓ Refreshed: 10.99 (unchanged value, timestamp updated)
[2026-01-14 13:36:59]   [emp_id: 3602] ✓ Refreshed: 2.48 (unchanged value, timestamp updated)
[2026-01-14 13:36:59]   [emp_id: 3618] ✓ Refreshed: 24.46 (unchanged value, timestamp updated)
[2026-01-14 13:36:59]   [emp_id: 3622] ✓ Refreshed: 35.19 (unchanged value, timestamp updated)
[2026-01-14 13:36:59]   [emp_id: 3627] ✓ Refreshed: 10.41 (unchanged value, timestamp updated)
[2026-01-14 13:36:59]   [emp_id: 3665] ✓ Refreshed: 51.99 (unchanged value, timestamp updated)
[2026-01-14 13:36:59]   [emp_id: 3705] ✓ Refreshed: 28.52 (unchanged value, timestamp updated)
[2026-01-14 13:36:59]   [emp_id: 3724] ✓ Refreshed: 44.99 (unchanged value, timestamp updated)
[2026-01-14 13:36:59]   [emp_id: 3726] ✓ Refreshed: 61.41 (unchanged value, timestamp updated)
[2026-01-14 13:36:59]   [emp_id: 3727] ✓ Refreshed: 66.49 (unchanged value, timestamp updated)
[2026-01-14 13:36:59]   [emp_id: 3728] ✓ Refreshed: 10.82 (unchanged value, timestamp updated)
[2026-01-14 13:37:00]   [emp_id: 3767] ✓ Refreshed: 1.57 (unchanged value, timestamp updated)
[2026-01-14 13:37:00]   [emp_id: 3768] ✓ Refreshed: 57.82 (unchanged value, timestamp updated)
[2026-01-14 13:37:00]   [emp_id: 3787] ✓ Refreshed: 58.41 (unchanged value, timestamp updated)
[2026-01-14 13:37:00]   [emp_id: 3790] ✓ Refreshed: 2.96 (unchanged value, timestamp updated)
[2026-01-14 13:37:00]   [emp_id: 3795] ✓ Refreshed: 15.91 (unchanged value, timestamp updated)
[2026-01-14 13:37:00]   [emp_id: 3798] ✓ Refreshed: 94.32 (unchanged value, timestamp updated)
[2026-01-14 13:37:00]   [emp_id: 3801] ✓ Refreshed: 2.59 (unchanged value, timestamp updated)
[2026-01-14 13:37:00]   [emp_id: 3802] ✓ Refreshed: 31.57 (unchanged value, timestamp updated)
[2026-01-14 13:37:00]   [emp_id: 3803] ✓ Refreshed: 115.99 (unchanged value, timestamp updated)
[2026-01-14 13:37:00]   [emp_id: 3810] ✓ Refreshed: 121.99 (unchanged value, timestamp updated)
[2026-01-14 13:37:00]   [emp_id: 3812] ✓ Refreshed: 90.99 (unchanged value, timestamp updated)
[2026-01-14 13:37:00]   [emp_id: 3815] ✓ Refreshed: 90.99 (unchanged value, timestamp updated)
[2026-01-14 13:37:00]   [emp_id: 3836] ✓ Refreshed: 58.66 (unchanged value, timestamp updated)
[2026-01-14 13:37:00]   [emp_id: 3855] ✓ Refreshed: 51.82 (unchanged value, timestamp updated)
[2026-01-14 13:37:00]   [emp_id: 3857] ✓ Refreshed: 55.49 (unchanged value, timestamp updated)
[2026-01-14 13:37:00]   [emp_id: 3862] ✓ Refreshed: 103.57 (unchanged value, timestamp updated)
[2026-01-14 13:37:00]   [emp_id: 3866] ✓ Refreshed: 28.82 (unchanged value, timestamp updated)
[2026-01-14 13:37:00]   [emp_id: 3876] ✓ Refreshed: 24.99 (unchanged value, timestamp updated)
[2026-01-14 13:37:00]   [emp_id: 3877] ✓ Refreshed: 50.49 (unchanged value, timestamp updated)
[2026-01-14 13:37:00]   [emp_id: 3897] ✓ Refreshed: 38.74 (unchanged value, timestamp updated)
[2026-01-14 13:37:00]   [emp_id: 3899] ✓ Refreshed: 0.56 (unchanged value, timestamp updated)
[2026-01-14 13:37:00]   [emp_id: 3928] ✓ Refreshed: 14.82 (unchanged value, timestamp updated)
[2026-01-14 13:37:00]   [emp_id: 3929] ✓ Refreshed: 9.82 (unchanged value, timestamp updated)
[2026-01-14 13:37:00]   [emp_id: 3935] ✓ Refreshed: 94.82 (unchanged value, timestamp updated)
[2026-01-14 13:37:00]   [emp_id: 3952] ✓ Refreshed: 76.16 (unchanged value, timestamp updated)
[2026-01-14 13:37:00]   [emp_id: 3987] ✓ Refreshed: 15.07 (unchanged value, timestamp updated)
[2026-01-14 13:37:00]   [emp_id: 4059] ✓ Refreshed: 4.27 (unchanged value, timestamp updated)
[2026-01-14 13:37:00]   [emp_id: 4119] ✓ Refreshed: 57.74 (unchanged value, timestamp updated)
[2026-01-14 13:37:00]   [emp_id: 4120] ✓ Refreshed: 27.32 (unchanged value, timestamp updated)
[2026-01-14 13:37:00]   [emp_id: 4124] ✓ Refreshed: 27.84 (unchanged value, timestamp updated)
[2026-01-14 13:37:00]   [emp_id: 4133] ✓ Refreshed: 106.32 (unchanged value, timestamp updated)
[2026-01-14 13:37:00]   [emp_id: 4134] ✓ Refreshed: 27.32 (unchanged value, timestamp updated)
[2026-01-14 13:37:00]   [emp_id: 4136] ✓ Refreshed: 27.32 (unchanged value, timestamp updated)
[2026-01-14 13:37:00]   [emp_id: 4150] ✓ Refreshed: 25.99 (unchanged value, timestamp updated)
[2026-01-14 13:37:00]   [emp_id: 4157] ✓ Refreshed: 19.49 (unchanged value, timestamp updated)
[2026-01-14 13:37:00]   [emp_id: 4172] ✓ Refreshed: 13.1 (unchanged value, timestamp updated)
[2026-01-14 13:37:00]   [emp_id: 4195] ✓ Refreshed: 63.07 (unchanged value, timestamp updated)
[2026-01-14 13:37:00]   [emp_id: 4215] ✓ Refreshed: 45.74 (unchanged value, timestamp updated)
[2026-01-14 13:37:00]   [emp_id: 4220] ✓ Refreshed: 41.32 (unchanged value, timestamp updated)
[2026-01-14 13:37:01]   [emp_id: 4273] ✓ Refreshed: 9.99 (unchanged value, timestamp updated)
[2026-01-14 13:37:01]   [emp_id: 4283] ✓ Refreshed: 14.19 (unchanged value, timestamp updated)
[2026-01-14 13:37:01]   [emp_id: 4288] ✓ Refreshed: 0.56 (unchanged value, timestamp updated)
[2026-01-14 13:37:01]   [emp_id: 4315] ✓ Refreshed: 13.24 (unchanged value, timestamp updated)
[2026-01-14 13:37:01]   [emp_id: 4328] ✓ Refreshed: 43.02 (unchanged value, timestamp updated)
[2026-01-14 13:37:01]   [emp_id: 4329] ✓ Refreshed: 6.41 (unchanged value, timestamp updated)
[2026-01-14 13:37:01]   [emp_id: 4338] ✓ Refreshed: 47.99 (unchanged value, timestamp updated)
[2026-01-14 13:37:01]   [emp_id: 4340] ✓ Refreshed: 109.99 (unchanged value, timestamp updated)
[2026-01-14 13:37:01]   [emp_id: 4365] ✓ Refreshed: 61.41 (unchanged value, timestamp updated)
[2026-01-14 13:37:01]   [emp_id: 4366] ✓ Refreshed: 60.49 (unchanged value, timestamp updated)
[2026-01-14 13:37:01]   [emp_id: 4403] ✓ Refreshed: 86.32 (unchanged value, timestamp updated)
[2026-01-14 13:37:01]   [emp_id: 4438] ✓ Refreshed: 21.99 (unchanged value, timestamp updated)
[2026-01-14 13:37:01]   [emp_id: 4465] ✓ Refreshed: 13.35 (unchanged value, timestamp updated)
[2026-01-14 13:37:01]   [emp_id: 4473] ✓ Refreshed: 45.57 (unchanged value, timestamp updated)
[2026-01-14 13:37:01]   [emp_id: 4474] ✓ Refreshed: 3.86 (unchanged value, timestamp updated)
[2026-01-14 13:37:01]   [emp_id: 4493] ✓ Refreshed: 164.41 (unchanged value, timestamp updated)
[2026-01-14 13:37:01]   [emp_id: 4526] ✓ Refreshed: 36.66 (unchanged value, timestamp updated)
[2026-01-14 13:37:01]   [emp_id: 4528] ✓ Refreshed: 108.41 (unchanged value, timestamp updated)
[2026-01-14 13:37:01]   [emp_id: 4528] ✓ Refreshed: 108.41 (unchanged value, timestamp updated)
[2026-01-14 13:37:01]   [emp_id: 4532] ✓ Refreshed: 8.47 (unchanged value, timestamp updated)
[2026-01-14 13:37:01]   [emp_id: 4533] ✓ Refreshed: 36.82 (unchanged value, timestamp updated)
[2026-01-14 13:37:01]   [emp_id: 4564] ✓ Refreshed: 26.09 (unchanged value, timestamp updated)
[2026-01-14 13:37:01]   [emp_id: 4565] ✓ Refreshed: 15.85 (unchanged value, timestamp updated)
[2026-01-14 13:37:01]   [emp_id: 4567] ✓ Refreshed: 20.1 (unchanged value, timestamp updated)
[2026-01-14 13:37:01]   [emp_id: 4572] ✓ Refreshed: 59.6 (unchanged value, timestamp updated)
[2026-01-14 13:37:01]   [emp_id: 4631] ✓ Refreshed: 15.85 (unchanged value, timestamp updated)
[2026-01-14 13:37:01]   [emp_id: 4655] ✓ Refreshed: 25.74 (unchanged value, timestamp updated)
[2026-01-14 13:37:01]   [emp_id: 4689] ✓ Refreshed: 3.54 (unchanged value, timestamp updated)
[2026-01-14 13:37:01]   [emp_id: 4709] ✓ Refreshed: 40.99 (unchanged value, timestamp updated)
[2026-01-14 13:37:01]   [emp_id: 4717] ✓ Refreshed: 66.99 (unchanged value, timestamp updated)
[2026-01-14 13:37:01]   [emp_id: 4736] ✓ Refreshed: 28.82 (unchanged value, timestamp updated)
[2026-01-14 13:37:01]   [emp_id: 4756] ✓ Refreshed: 12.29 (unchanged value, timestamp updated)
[2026-01-14 13:37:01]   [emp_id: 4768] ✓ Refreshed: 14.49 (unchanged value, timestamp updated)
[2026-01-14 13:37:01]   [emp_id: 4780] ✓ Refreshed: 66.02 (unchanged value, timestamp updated)
[2026-01-14 13:37:01]   [emp_id: 4820] ✓ Refreshed: 99.82 (unchanged value, timestamp updated)
[2026-01-14 13:37:01]   [emp_id: 4824] ✓ Refreshed: 3 (unchanged value, timestamp updated)
[2026-01-14 13:37:01]   [emp_id: 4825] ✓ Refreshed: 31.57 (unchanged value, timestamp updated)
[2026-01-14 13:37:01]   [emp_id: 4835] ✓ Refreshed: 48.77 (unchanged value, timestamp updated)
[2026-01-14 13:37:02]   [emp_id: 4837] ✓ Refreshed: 46.01 (unchanged value, timestamp updated)
[2026-01-14 13:37:02]   [emp_id: 4838] ✓ Refreshed: 45.03 (unchanged value, timestamp updated)
[2026-01-14 13:37:02]   [emp_id: 4840] ✓ Refreshed: 46.01 (unchanged value, timestamp updated)
[2026-01-14 13:37:02]   [emp_id: 4842] ✓ Refreshed: 45.25 (unchanged value, timestamp updated)
[2026-01-14 13:37:02]   [emp_id: 4843] ✓ Refreshed: 45.78 (unchanged value, timestamp updated)
[2026-01-14 13:37:02]   [emp_id: 4853] ✓ Refreshed: 89.6 (unchanged value, timestamp updated)
[2026-01-14 13:37:02]   [emp_id: 4856] ✓ Refreshed: 42.92 (unchanged value, timestamp updated)
[2026-01-14 13:37:02]   [emp_id: 4857] ✓ Refreshed: 25.74 (unchanged value, timestamp updated)
[2026-01-14 13:37:02]   [emp_id: 4858] ✓ Refreshed: 22.62 (unchanged value, timestamp updated)
[2026-01-14 13:37:02]   [emp_id: 4859] ✓ Refreshed: 44.09 (unchanged value, timestamp updated)
[2026-01-14 13:37:02]   [emp_id: 4860] ✓ Refreshed: 8.59 (unchanged value, timestamp updated)
[2026-01-14 13:37:02]   [emp_id: 4861] ✓ Refreshed: 42.05 (unchanged value, timestamp updated)
[2026-01-14 13:37:02]   [emp_id: 4869] ✓ Refreshed: 84.93 (unchanged value, timestamp updated)
[2026-01-14 13:37:02]   [emp_id: 4894] ✓ Refreshed: 8.49 (unchanged value, timestamp updated)
[2026-01-14 13:37:02]   [emp_id: 4897] ✓ Refreshed: 23.83 (unchanged value, timestamp updated)
[2026-01-14 13:37:02]   [emp_id: 4899] ✓ Refreshed: 20 (unchanged value, timestamp updated)
[2026-01-14 13:37:02]   [emp_id: 4902] ✓ Refreshed: 19.42 (unchanged value, timestamp updated)
[2026-01-14 13:37:02]   [emp_id: 4903] ✓ Refreshed: 21.64 (unchanged value, timestamp updated)
[2026-01-14 13:37:02]   [emp_id: 4905] ✓ Refreshed: 20.3 (unchanged value, timestamp updated)
[2026-01-14 13:37:02]   [emp_id: 4907] ✓ Refreshed: 48.57 (unchanged value, timestamp updated)
[2026-01-14 13:37:02]   [emp_id: 4917] ✓ Refreshed: 17.26 (unchanged value, timestamp updated)
[2026-01-14 13:37:02]   [emp_id: 4918] ✓ Refreshed: 7.03 (unchanged value, timestamp updated)
[2026-01-14 13:37:02]   [emp_id: 4919] ✓ Refreshed: 59.32 (unchanged value, timestamp updated)
[2026-01-14 13:37:02]   [emp_id: 4920] ✓ Refreshed: 6.4 (unchanged value, timestamp updated)
[2026-01-14 13:37:02]   [emp_id: 4921] ✓ Refreshed: 18.49 (unchanged value, timestamp updated)
[2026-01-14 13:37:02]   [emp_id: 4927] ✓ Refreshed: 17.32 (unchanged value, timestamp updated)
[2026-01-14 13:37:02]   [emp_id: 4929] ✓ Refreshed: 18.84 (unchanged value, timestamp updated)
[2026-01-14 13:37:02]   [emp_id: 4930] ✓ Refreshed: 59.61 (unchanged value, timestamp updated)
[2026-01-14 13:37:02]   [emp_id: 4932] ✓ Refreshed: 17.61 (unchanged value, timestamp updated)
[2026-01-14 13:37:02]   [emp_id: 4933] ✓ Refreshed: 21.02 (unchanged value, timestamp updated)
[2026-01-14 13:37:02]   [emp_id: 4949] ✓ Refreshed: 24.45 (unchanged value, timestamp updated)
[2026-01-14 13:37:02]   [emp_id: 4956] ✓ Refreshed: 30.04 (unchanged value, timestamp updated)
[2026-01-14 13:37:02]   [emp_id: 4957] ✓ Refreshed: 25.71 (unchanged value, timestamp updated)
[2026-01-14 13:37:02]   [emp_id: 4962] ✓ Refreshed: 47.93 (unchanged value, timestamp updated)
[2026-01-14 13:37:02]   [emp_id: 4969] ✓ Refreshed: 47.24 (unchanged value, timestamp updated)
[2026-01-14 13:37:02]   [emp_id: 4976] ✓ Refreshed: 10.73 (unchanged value, timestamp updated)
[2026-01-14 13:37:02]   [emp_id: 4984] ✓ Refreshed: 38.49 (unchanged value, timestamp updated)
[2026-01-14 13:37:02]   [emp_id: 4995] ✓ Refreshed: 50.56 (unchanged value, timestamp updated)
[2026-01-14 13:37:02]   [emp_id: 5004] ✓ Refreshed: 27.67 (unchanged value, timestamp updated)
[2026-01-14 13:37:02]   [emp_id: 5006] ✓ Refreshed: 27.41 (unchanged value, timestamp updated)
[2026-01-14 13:37:03]   [emp_id: 5011] ✓ Refreshed: 6.34 (unchanged value, timestamp updated)
[2026-01-14 13:37:03]   [emp_id: 5013] ✓ Refreshed: 67.78 (unchanged value, timestamp updated)
[2026-01-14 13:37:03]   [emp_id: 5018] ✓ Refreshed: 4.27 (unchanged value, timestamp updated)
[2026-01-14 13:37:03]   [emp_id: 5021] ✓ Refreshed: 61.59 (unchanged value, timestamp updated)
[2026-01-14 13:37:03]   [emp_id: 5024] ✓ Refreshed: 2.29 (unchanged value, timestamp updated)
[2026-01-14 13:37:03]   [emp_id: 5030] ✓ Refreshed: 32.24 (unchanged value, timestamp updated)
[2026-01-14 13:37:03]   [emp_id: 5033] ✓ Refreshed: 11.04 (unchanged value, timestamp updated)
[2026-01-14 13:37:03]   [emp_id: 5043] ✓ Refreshed: 31.16 (unchanged value, timestamp updated)
[2026-01-14 13:37:03]   [emp_id: 5045] ✓ Refreshed: 27.66 (unchanged value, timestamp updated)
[2026-01-14 13:37:03]   [emp_id: 5046] ✓ Refreshed: 22.85 (unchanged value, timestamp updated)
[2026-01-14 13:37:03]   [emp_id: 5049] ✓ Refreshed: 39.72 (unchanged value, timestamp updated)
[2026-01-14 13:37:03]   [emp_id: 5052] ✓ Refreshed: 31 (unchanged value, timestamp updated)
[2026-01-14 13:37:03]   [emp_id: 5055] ✓ Refreshed: 19.44 (unchanged value, timestamp updated)
[2026-01-14 13:37:03]   [emp_id: 5058] ✓ Refreshed: 28.42 (unchanged value, timestamp updated)
[2026-01-14 13:37:03]   [emp_id: 5062] ✓ Refreshed: 40.25 (unchanged value, timestamp updated)
[2026-01-14 13:37:03]   [emp_id: 5064] ✓ Refreshed: 118.49 (unchanged value, timestamp updated)
[2026-01-14 13:37:03]   [emp_id: 5065] ✓ Refreshed: 39.66 (unchanged value, timestamp updated)
[2026-01-14 13:37:03]   [emp_id: 5071] ✓ Refreshed: 23.99 (unchanged value, timestamp updated)
[2026-01-14 13:37:03]   [emp_id: 5073] ✓ Refreshed: 14.26 (unchanged value, timestamp updated)
[2026-01-14 13:37:03]   [emp_id: 5079] ✓ Refreshed: 34.82 (unchanged value, timestamp updated)
[2026-01-14 13:37:03]   [emp_id: 5080] ✓ Refreshed: 28.15 (unchanged value, timestamp updated)
[2026-01-14 13:37:03]   [emp_id: 5081] ✓ Refreshed: 16.41 (unchanged value, timestamp updated)
[2026-01-14 13:37:03]   [emp_id: 5087] ✓ Refreshed: 36.45 (unchanged value, timestamp updated)
[2026-01-14 13:37:03]   [emp_id: 5091] ✓ Refreshed: 76.3 (unchanged value, timestamp updated)
[2026-01-14 13:37:03]   [emp_id: 5093] ✓ Refreshed: 15.16 (unchanged value, timestamp updated)
[2026-01-14 13:37:03]   [emp_id: 5095] ✓ Refreshed: 1.84 (unchanged value, timestamp updated)
[2026-01-14 13:37:03]   [emp_id: 5101] ✓ Refreshed: 17.24 (unchanged value, timestamp updated)
[2026-01-14 13:37:03]   [emp_id: 5107] ✓ Refreshed: 15.57 (unchanged value, timestamp updated)
[2026-01-14 13:37:03]   [emp_id: 5109] ✓ Refreshed: 12.82 (unchanged value, timestamp updated)
[2026-01-14 13:37:03]   [emp_id: 5119] ✓ Refreshed: 10.99 (unchanged value, timestamp updated)
[2026-01-14 13:37:03]   [emp_id: 5122] ✓ Refreshed: 8.16 (unchanged value, timestamp updated)
[2026-01-14 13:37:03]   [emp_id: 5126] ✓ Refreshed: 27.18 (unchanged value, timestamp updated)
[2026-01-14 13:37:03]   [emp_id: 5127] ✓ Refreshed: 23.97 (unchanged value, timestamp updated)
[2026-01-14 13:37:03]   [emp_id: 5128] ✓ Refreshed: 27.12 (unchanged value, timestamp updated)
[2026-01-14 13:37:03]   [emp_id: 5138] ✓ Refreshed: 50.82 (unchanged value, timestamp updated)
[2026-01-14 13:37:03]   [emp_id: 5138] ✓ Refreshed: 50.82 (unchanged value, timestamp updated)
[2026-01-14 13:37:03]   [emp_id: 5141] ✓ Refreshed: 35.49 (unchanged value, timestamp updated)
[2026-01-14 13:37:03]   [emp_id: 5142] ✓ Refreshed: 14.49 (unchanged value, timestamp updated)
[2026-01-14 13:37:03]   [emp_id: 5146] ✓ Refreshed: 21.49 (unchanged value, timestamp updated)
[2026-01-14 13:37:03]   [emp_id: 5147] ✓ Refreshed: 20.49 (unchanged value, timestamp updated)
[2026-01-14 13:37:04]   [emp_id: 5148] ✓ Refreshed: 25.84 (unchanged value, timestamp updated)
[2026-01-14 13:37:04]   [emp_id: 5149] ✓ Refreshed: 24.73 (unchanged value, timestamp updated)
[2026-01-14 13:37:04]   [emp_id: 5150] ✓ Refreshed: 24.09 (unchanged value, timestamp updated)
[2026-01-14 13:37:04]   [emp_id: 5151] ✓ Refreshed: 23.91 (unchanged value, timestamp updated)
[2026-01-14 13:37:04]   [emp_id: 5152] ✓ Refreshed: 4.33 (unchanged value, timestamp updated)
[2026-01-14 13:37:04]   [emp_id: 5157] ✓ Refreshed: 23.91 (unchanged value, timestamp updated)
[2026-01-14 13:37:04]   [emp_id: 5160] ✓ Refreshed: 23.91 (unchanged value, timestamp updated)
[2026-01-14 13:37:04]   [emp_id: 5163] ✓ Refreshed: 21.7 (unchanged value, timestamp updated)
[2026-01-14 13:37:04]   [emp_id: 5165] ✓ Refreshed: 2.26 (unchanged value, timestamp updated)
[2026-01-14 13:37:04]   [emp_id: 5167] ✓ Refreshed: 30.85 (unchanged value, timestamp updated)
[2026-01-14 13:37:04]   [emp_id: 5168] ✓ Refreshed: 23.39 (unchanged value, timestamp updated)
[2026-01-14 13:37:04]   [emp_id: 5173] ✓ Refreshed: 25.91 (unchanged value, timestamp updated)
[2026-01-14 13:37:04]   [emp_id: 5174] ✓ Refreshed: 23.85 (unchanged value, timestamp updated)
[2026-01-14 13:37:04]   [emp_id: 5181] ✓ Refreshed: 20.24 (unchanged value, timestamp updated)
[2026-01-14 13:37:04]   [emp_id: 5186] ✓ Refreshed: 25.77 (unchanged value, timestamp updated)
[2026-01-14 13:37:04]   [emp_id: 5187] ✓ Refreshed: 36.77 (unchanged value, timestamp updated)
[2026-01-14 13:37:04]   [emp_id: 5204] ✓ Refreshed: 23.41 (unchanged value, timestamp updated)
[2026-01-14 13:37:04]   [emp_id: 5205] ✓ Refreshed: 12.98 (unchanged value, timestamp updated)
[2026-01-14 13:37:04]   [emp_id: 5209] ✓ Refreshed: 15.98 (unchanged value, timestamp updated)
[2026-01-14 13:37:04]   [emp_id: 5213] ✓ Refreshed: 3.39 (unchanged value, timestamp updated)
[2026-01-14 13:37:04]   [emp_id: 5214] ✓ Refreshed: 2.23 (unchanged value, timestamp updated)
[2026-01-14 13:37:04]   [emp_id: 5215] ✓ Refreshed: 10.98 (unchanged value, timestamp updated)
[2026-01-14 13:37:04]   [emp_id: 5217] ✓ Refreshed: 9.98 (unchanged value, timestamp updated)
[2026-01-14 13:37:04]   [emp_id: 5219] ✓ Refreshed: 13.98 (unchanged value, timestamp updated)
[2026-01-14 13:37:04]   [emp_id: 5221] ✓ Refreshed: 3.29 (unchanged value, timestamp updated)
[2026-01-14 13:37:04]   [emp_id: 5224] ✓ Refreshed: 14.98 (unchanged value, timestamp updated)
[2026-01-14 13:37:04]   [emp_id: 5225] ✓ Refreshed: 7.29 (unchanged value, timestamp updated)
[2026-01-14 13:37:04]   [emp_id: 5228] ✓ Refreshed: 9.98 (unchanged value, timestamp updated)
[2026-01-14 13:37:04]   [emp_id: 5229] ✓ Refreshed: 5.98 (unchanged value, timestamp updated)
[2026-01-14 13:37:04]   [emp_id: 5230] ✓ Refreshed: 14.65 (unchanged value, timestamp updated)
[2026-01-14 13:37:04]   [emp_id: 5231] ✓ Refreshed: 6.98 (unchanged value, timestamp updated)
[2026-01-14 13:37:04]   [emp_id: 5232] ✓ Refreshed: 0.98 (unchanged value, timestamp updated)
[2026-01-14 13:37:04]   [emp_id: 5233] ✓ Refreshed: 4.98 (unchanged value, timestamp updated)
[2026-01-14 13:37:04]   [emp_id: 5234] ✓ Refreshed: 4.98 (unchanged value, timestamp updated)
[2026-01-14 13:37:04]   [emp_id: 5235] ✓ Refreshed: 0.42 (unchanged value, timestamp updated)
[2026-01-14 13:37:04]   [emp_id: 5237] ✓ Refreshed: 11.23 (unchanged value, timestamp updated)
[2026-01-14 13:37:04]   [emp_id: 5239] ✓ Refreshed: 7.98 (unchanged value, timestamp updated)
[2026-01-14 13:37:04]   [emp_id: 5241] ✓ Refreshed: 5.98 (unchanged value, timestamp updated)
[2026-01-14 13:37:04]   [emp_id: 5242] ✓ Refreshed: 15.98 (unchanged value, timestamp updated)
[2026-01-14 13:37:04]   [emp_id: 5243] ✓ Refreshed: 2.39 (unchanged value, timestamp updated)
[2026-01-14 13:37:04]   [emp_id: 5244] ✓ Refreshed: 0.42 (unchanged value, timestamp updated)
[2026-01-14 13:37:05]   [emp_id: 5246] ✓ Refreshed: 11.98 (unchanged value, timestamp updated)
[2026-01-14 13:37:05]   [emp_id: 5253] ✓ Refreshed: 24.85 (unchanged value, timestamp updated)
[2026-01-14 13:37:05]   [emp_id: 5254] ✓ Refreshed: 12.83 (unchanged value, timestamp updated)
[2026-01-14 13:37:05]   [emp_id: 5257] ✓ Refreshed: 12.54 (unchanged value, timestamp updated)
[2026-01-14 13:37:05]   [emp_id: 5259] ✓ Refreshed: 49.07 (unchanged value, timestamp updated)
[2026-01-14 13:37:05]   [emp_id: 5261] ✓ Refreshed: 17.01 (unchanged value, timestamp updated)
[2026-01-14 13:37:05]   [emp_id: 5264] ✓ Refreshed: 14.55 (unchanged value, timestamp updated)
[2026-01-14 13:37:05]   [emp_id: 5266] ✓ Refreshed: 21.17 (unchanged value, timestamp updated)
[2026-01-14 13:37:05]   [emp_id: 5268] ✓ Refreshed: 9.74 (unchanged value, timestamp updated)
[2026-01-14 13:37:05]   [emp_id: 5271] ✓ Refreshed: 8.4 (unchanged value, timestamp updated)
[2026-01-14 13:37:05]   [emp_id: 5272] ✓ Refreshed: 9.27 (unchanged value, timestamp updated)
[2026-01-14 13:37:05]   [emp_id: 5273] ✓ Refreshed: 24.34 (unchanged value, timestamp updated)
[2026-01-14 13:37:05]   [emp_id: 5275] ✓ Refreshed: 10.09 (unchanged value, timestamp updated)
[2026-01-14 13:37:05]   [emp_id: 5276] ✓ Refreshed: 24.36 (unchanged value, timestamp updated)
[2026-01-14 13:37:05]   [emp_id: 5278] ✓ Refreshed: 8.75 (unchanged value, timestamp updated)
[2026-01-14 13:37:05]   [emp_id: 5280] ✓ Refreshed: 19.15 (unchanged value, timestamp updated)
[2026-01-14 13:37:05]   [emp_id: 5282] ✓ Refreshed: 12.49 (unchanged value, timestamp updated)
[2026-01-14 13:37:05]   [emp_id: 5285] ✓ Refreshed: 29.15 (unchanged value, timestamp updated)
[2026-01-14 13:37:05]   [emp_id: 5286] ✓ Refreshed: 16.15 (unchanged value, timestamp updated)
[2026-01-14 13:37:05]   [emp_id: 5287] ✓ Refreshed: 50.45 (unchanged value, timestamp updated)
[2026-01-14 13:37:05]   [emp_id: 5288] ✓ Refreshed: 7.72 (unchanged value, timestamp updated)
[2026-01-14 13:37:05]   [emp_id: 5289] ✓ Refreshed: 49 (unchanged value, timestamp updated)
[2026-01-14 13:37:05]   [emp_id: 5290] ✓ Refreshed: 47.77 (unchanged value, timestamp updated)
[2026-01-14 13:37:05]   [emp_id: 5291] ✓ Refreshed: 5.77 (unchanged value, timestamp updated)
[2026-01-14 13:37:05]   [emp_id: 5292] ✓ Refreshed: 5.71 (unchanged value, timestamp updated)
[2026-01-14 13:37:05]   [emp_id: 5293] ✓ Refreshed: 8.75 (unchanged value, timestamp updated)
[2026-01-14 13:37:05]   [emp_id: 5294] ✓ Refreshed: 8.41 (unchanged value, timestamp updated)
[2026-01-14 13:37:05]   [emp_id: 5295] ✓ Refreshed: 21.95 (unchanged value, timestamp updated)
[2026-01-14 13:37:05]   [emp_id: 5296] ✓ Refreshed: 35.43 (unchanged value, timestamp updated)
[2026-01-14 13:37:05]   [emp_id: 5297] ✓ Refreshed: 46.37 (unchanged value, timestamp updated)
[2026-01-14 13:37:05]   [emp_id: 5298] ✓ Refreshed: 46.37 (unchanged value, timestamp updated)
[2026-01-14 13:37:05]   [emp_id: 5299] ✓ Refreshed: 46.37 (unchanged value, timestamp updated)
[2026-01-14 13:37:05]   [emp_id: 5300] ✓ Refreshed: 46.37 (unchanged value, timestamp updated)
[2026-01-14 13:37:05]   [emp_id: 5301] ✓ Refreshed: 4.19 (unchanged value, timestamp updated)
[2026-01-14 13:37:05]   [emp_id: 5303] ✓ Refreshed: 4.62 (unchanged value, timestamp updated)
[2026-01-14 13:37:05]   [emp_id: 5304] ✓ Refreshed: 46.37 (unchanged value, timestamp updated)
[2026-01-14 13:37:05]   [emp_id: 5305] ✓ Refreshed: 4.37 (unchanged value, timestamp updated)
[2026-01-14 13:37:05]   [emp_id: 5306] ✓ Refreshed: 46.08 (unchanged value, timestamp updated)
[2026-01-14 13:37:05]   [emp_id: 5307] ✓ Refreshed: 46.08 (unchanged value, timestamp updated)
[2026-01-14 13:37:05]   [emp_id: 5312] ✓ Refreshed: 0.42 (unchanged value, timestamp updated)
[2026-01-14 13:37:05]   [emp_id: 5318] ✓ Refreshed: 26.79 (unchanged value, timestamp updated)
[2026-01-14 13:37:06]   [emp_id: 5325] ✓ Refreshed: 0.75 (unchanged value, timestamp updated)
[2026-01-14 13:37:06]   [emp_id: 5327] ✓ Refreshed: 1.84 (unchanged value, timestamp updated)
[2026-01-14 13:37:06]   [emp_id: 5337] ✓ Refreshed: 36.32 (unchanged value, timestamp updated)
[2026-01-14 13:37:06]   [emp_id: 5339] ✓ Refreshed: 10.94 (unchanged value, timestamp updated)
[2026-01-14 13:37:06]   [emp_id: 5343] ✓ Refreshed: 46.24 (unchanged value, timestamp updated)
[2026-01-14 13:37:06]   [emp_id: 5343] ✓ Refreshed: 46.24 (unchanged value, timestamp updated)
[2026-01-14 13:37:06]   [emp_id: 5345] ✓ Refreshed: 16.07 (unchanged value, timestamp updated)
[2026-01-14 13:37:06]   [emp_id: 5346] ✓ Refreshed: 2.66 (unchanged value, timestamp updated)
[2026-01-14 13:37:06]   [emp_id: 5351] ✓ Refreshed: 17.6 (unchanged value, timestamp updated)
[2026-01-14 13:37:06]   [emp_id: 5352] ✓ Refreshed: 26.49 (unchanged value, timestamp updated)
[2026-01-14 13:37:06]   [emp_id: 5370] ✓ Refreshed: 16.25 (unchanged value, timestamp updated)
[2026-01-14 13:37:06]   [emp_id: 5371] ✓ Refreshed: 8.24 (unchanged value, timestamp updated)
[2026-01-14 13:37:06]   [emp_id: 5376] ✓ Refreshed: 10.85 (unchanged value, timestamp updated)
[2026-01-14 13:37:06]   [emp_id: 5378] ✓ Refreshed: 18.32 (unchanged value, timestamp updated)
[2026-01-14 13:37:06]   [emp_id: 5380] ✓ Refreshed: 17.26 (unchanged value, timestamp updated)
[2026-01-14 13:37:06]   [emp_id: 5381] ✓ Refreshed: 12.76 (unchanged value, timestamp updated)
[2026-01-14 13:37:06]   [emp_id: 5383] ✓ Refreshed: 17.07 (unchanged value, timestamp updated)
[2026-01-14 13:37:06]   [emp_id: 5388] ✓ Refreshed: 28.04 (unchanged value, timestamp updated)
[2026-01-14 13:37:06]   [emp_id: 5396] ✓ Refreshed: 29.28 (unchanged value, timestamp updated)
[2026-01-14 13:37:06]   [emp_id: 5397] ✓ Refreshed: 20.74 (unchanged value, timestamp updated)
[2026-01-14 13:37:06]   [emp_id: 5401] ✓ Refreshed: 23.85 (unchanged value, timestamp updated)
[2026-01-14 13:37:06]   [emp_id: 5402] ✓ Refreshed: 23.97 (unchanged value, timestamp updated)
[2026-01-14 13:37:06]   [emp_id: 5406] ✓ Refreshed: 17.69 (unchanged value, timestamp updated)
[2026-01-14 13:37:06]   [emp_id: 5407] ✓ Refreshed: 16.84 (unchanged value, timestamp updated)
[2026-01-14 13:37:06]   [emp_id: 5409] ✓ Refreshed: 17.03 (unchanged value, timestamp updated)
[2026-01-14 13:37:06]   [emp_id: 5413] ✓ Refreshed: 29.24 (unchanged value, timestamp updated)
[2026-01-14 13:37:06]   [emp_id: 5414] ✓ Refreshed: 28.91 (unchanged value, timestamp updated)
[2026-01-14 13:37:06]   [emp_id: 5415] ✓ Refreshed: 4.84 (unchanged value, timestamp updated)
[2026-01-14 13:37:06]   [emp_id: 5418] ✓ Refreshed: 16.09 (unchanged value, timestamp updated)
[2026-01-14 13:37:06]   [emp_id: 5422] ✓ Refreshed: 21.57 (unchanged value, timestamp updated)
[2026-01-14 13:37:06]   [emp_id: 5423] ✓ Refreshed: 6.26 (unchanged value, timestamp updated)
[2026-01-14 13:37:06]   [emp_id: 5425] ✓ Refreshed: 14.64 (unchanged value, timestamp updated)
[2026-01-14 13:37:06]   [emp_id: 5426] ✓ Refreshed: 2.81 (unchanged value, timestamp updated)
[2026-01-14 13:37:06]   [emp_id: 5426] ✓ Refreshed: 2.81 (unchanged value, timestamp updated)
[2026-01-14 13:37:06]   [emp_id: 5427] ✓ Refreshed: 14.75 (unchanged value, timestamp updated)
[2026-01-14 13:37:06]   [emp_id: 5428] ✓ Refreshed: 14.64 (unchanged value, timestamp updated)
[2026-01-14 13:37:06]   [emp_id: 5430] ✓ Refreshed: 18.63 (unchanged value, timestamp updated)
[2026-01-14 13:37:06]   [emp_id: 5431] ✓ Refreshed: 13.76 (unchanged value, timestamp updated)
[2026-01-14 13:37:06]   [emp_id: 5433] ✓ Refreshed: 13.78 (unchanged value, timestamp updated)
[2026-01-14 13:37:06]   [emp_id: 5434] ✓ Refreshed: 13.53 (unchanged value, timestamp updated)
[2026-01-14 13:37:06]   [emp_id: 5435] ✓ Refreshed: 13.47 (unchanged value, timestamp updated)
[2026-01-14 13:37:07]   [emp_id: 5436] ✓ Refreshed: 13.47 (unchanged value, timestamp updated)
[2026-01-14 13:37:07]   [emp_id: 5438] ✓ Refreshed: 16.49 (unchanged value, timestamp updated)
[2026-01-14 13:37:07]   [emp_id: 5439] ✓ Refreshed: 25.99 (unchanged value, timestamp updated)
[2026-01-14 13:37:07]   [emp_id: 5442] ✓ Refreshed: 14.99 (unchanged value, timestamp updated)
[2026-01-14 13:37:07]   [emp_id: 5445] ✓ Refreshed: 7.93 (unchanged value, timestamp updated)
[2026-01-14 13:37:07]   [emp_id: 5446] ✓ Refreshed: 7.93 (unchanged value, timestamp updated)
[2026-01-14 13:37:07]   [emp_id: 5447] ✓ Refreshed: 7.87 (unchanged value, timestamp updated)
[2026-01-14 13:37:07]   [emp_id: 5448] ✓ Refreshed: 2.01 (unchanged value, timestamp updated)
[2026-01-14 13:37:07]   [emp_id: 5449] ✓ Refreshed: 5.95 (unchanged value, timestamp updated)
[2026-01-14 13:37:07]   [emp_id: 5450] ✓ Refreshed: 5.89 (unchanged value, timestamp updated)
[2026-01-14 13:37:07]   [emp_id: 5451] ✓ Refreshed: 5.89 (unchanged value, timestamp updated)
[2026-01-14 13:37:07]   [emp_id: 5453] ✓ Refreshed: 5.73 (unchanged value, timestamp updated)
[2026-01-14 13:37:07]   [emp_id: 5454] ✓ Refreshed: 8.07 (unchanged value, timestamp updated)
[2026-01-14 13:37:07]   [emp_id: 5455] ✓ Refreshed: 2.32 (unchanged value, timestamp updated)
[2026-01-14 13:37:07]   [emp_id: 5456] ✓ Refreshed: 7.32 (unchanged value, timestamp updated)
[2026-01-14 13:37:07]   [emp_id: 5457] ✓ Refreshed: 4.98 (unchanged value, timestamp updated)
[2026-01-14 13:37:07]   [emp_id: 5460] ✓ Refreshed: 5.97 (unchanged value, timestamp updated)
[2026-01-14 13:37:07]   [emp_id: 5463] ✓ Refreshed: 5.3 (unchanged value, timestamp updated)
[2026-01-14 13:37:07]   [emp_id: 5464] ✓ Refreshed: 5.3 (unchanged value, timestamp updated)
[2026-01-14 13:37:07]   [emp_id: 5466] ✓ Refreshed: 3.05 (unchanged value, timestamp updated)
[2026-01-14 13:37:07]   [emp_id: 5467] ✓ Refreshed: 1.97 (unchanged value, timestamp updated)
[2026-01-14 13:37:07] Report saved to: D:\xampp\htdocs\almutlak\system/cron_logs/last_vacation_update_report.json
[2026-01-14 13:39:06] ========== CRON: Vacation Balance Update Started ==========
[2026-01-14 13:39:06] FORCE RUN enabled: Bypassing once-per-day restriction
[2026-01-14 13:39:06] Database connection established
[2026-01-14 13:39:06] [emp_id: 5468] Created new emp_vacation_balance with starting balance 0.92
[2026-01-14 13:39:06] [emp_id: 5469] Created new emp_vacation_balance with starting balance 0.83
[2026-01-14 13:39:07] [emp_id: 5470] Created new emp_vacation_balance with starting balance 0.5
[2026-01-14 13:39:07] Created 3 new emp_vacation_balance record(s) for newly registered employees
[2026-01-14 13:39:07] Found 434 active employees with balance records to update
[2026-01-14 13:39:07] (Only employees with status=1 will be processed)
[2026-01-14 13:39:07]   [emp_id: 1061] ✓ Refreshed: 0.56 (unchanged value, timestamp updated)
[2026-01-14 13:39:07]   [emp_id: 1496] ✓ Refreshed: 17.41 (unchanged value, timestamp updated)
[2026-01-14 13:39:07]   [emp_id: 1500] ✓ Refreshed: 5.09 (unchanged value, timestamp updated)
[2026-01-14 13:39:07]   [emp_id: 1574] ✓ Refreshed: 34.32 (unchanged value, timestamp updated)
[2026-01-14 13:39:07]   [emp_id: 1673] ✓ Refreshed: 45.82 (unchanged value, timestamp updated)
[2026-01-14 13:39:07]   [emp_id: 1685] ✓ Refreshed: 15.74 (unchanged value, timestamp updated)
[2026-01-14 13:39:07]   [emp_id: 1764] ✓ Refreshed: 70.41 (unchanged value, timestamp updated)
[2026-01-14 13:39:07]   [emp_id: 1805] ✓ Refreshed: 64.74 (unchanged value, timestamp updated)
[2026-01-14 13:39:07]   [emp_id: 1822] ✓ Refreshed: 69.49 (unchanged value, timestamp updated)
[2026-01-14 13:39:07]   [emp_id: 1837] ✓ Refreshed: 25.66 (unchanged value, timestamp updated)
[2026-01-14 13:39:07]   [emp_id: 1857] ✓ Refreshed: 20.99 (unchanged value, timestamp updated)
[2026-01-14 13:39:07]   [emp_id: 1861] ✓ Refreshed: 71.82 (unchanged value, timestamp updated)
[2026-01-14 13:39:07]   [emp_id: 1872] ✓ Refreshed: 10.66 (unchanged value, timestamp updated)
[2026-01-14 13:39:07]   [emp_id: 1897] ✓ Refreshed: 5.99 (unchanged value, timestamp updated)
[2026-01-14 13:39:07]   [emp_id: 1916] ✓ Refreshed: 12.29 (unchanged value, timestamp updated)
[2026-01-14 13:39:07]   [emp_id: 1928] ✓ Refreshed: 65.24 (unchanged value, timestamp updated)
[2026-01-14 13:39:07]   [emp_id: 1931] ✓ Refreshed: 85.16 (unchanged value, timestamp updated)
[2026-01-14 13:39:07]   [emp_id: 1944] ✓ Refreshed: 43.32 (unchanged value, timestamp updated)
[2026-01-14 13:39:07]   [emp_id: 1996] ✓ Refreshed: 71.82 (unchanged value, timestamp updated)
[2026-01-14 13:39:07]   [emp_id: 1997] ✓ Refreshed: 36.99 (unchanged value, timestamp updated)
[2026-01-14 13:39:07]   [emp_id: 1998] ✓ Refreshed: 28.43 (unchanged value, timestamp updated)
[2026-01-14 13:39:07]   [emp_id: 1999] ✓ Refreshed: 29.43 (unchanged value, timestamp updated)
[2026-01-14 13:39:07]   [emp_id: 2009] ✓ Refreshed: 35.74 (unchanged value, timestamp updated)
[2026-01-14 13:39:07]   [emp_id: 2048] ✓ Refreshed: 25.57 (unchanged value, timestamp updated)
[2026-01-14 13:39:07]   [emp_id: 2057] ✓ Refreshed: 66.41 (unchanged value, timestamp updated)
[2026-01-14 13:39:07]   [emp_id: 2079] ✓ Refreshed: 48.74 (unchanged value, timestamp updated)
[2026-01-14 13:39:07]   [emp_id: 2181] ✓ Refreshed: 37.74 (unchanged value, timestamp updated)
[2026-01-14 13:39:07]   [emp_id: 2190] ✓ Refreshed: 7.07 (unchanged value, timestamp updated)
[2026-01-14 13:39:07]   [emp_id: 2212] ✓ Refreshed: 25.07 (unchanged value, timestamp updated)
[2026-01-14 13:39:07]   [emp_id: 2226] ✓ Refreshed: 69.82 (unchanged value, timestamp updated)
[2026-01-14 13:39:07]   [emp_id: 2238] ✓ Refreshed: 68.07 (unchanged value, timestamp updated)
[2026-01-14 13:39:07]   [emp_id: 2285] ✓ Refreshed: 36.74 (unchanged value, timestamp updated)
[2026-01-14 13:39:07]   [emp_id: 2287] ✓ Refreshed: 48.41 (unchanged value, timestamp updated)
[2026-01-14 13:39:07]   [emp_id: 2288] ✓ Refreshed: 3.43 (unchanged value, timestamp updated)
[2026-01-14 13:39:07]   [emp_id: 2316] ✓ Refreshed: 17.24 (unchanged value, timestamp updated)
[2026-01-14 13:39:07]   [emp_id: 2337] ✓ Refreshed: 38.32 (unchanged value, timestamp updated)
[2026-01-14 13:39:07]   [emp_id: 2352] ✓ Refreshed: 69.82 (unchanged value, timestamp updated)
[2026-01-14 13:39:07]   [emp_id: 2358] ✓ Refreshed: 6.32 (unchanged value, timestamp updated)
[2026-01-14 13:39:07]   [emp_id: 2361] ✓ Refreshed: 71.99 (unchanged value, timestamp updated)
[2026-01-14 13:39:07]   [emp_id: 2363] ✓ Refreshed: 74.57 (unchanged value, timestamp updated)
[2026-01-14 13:39:07]   [emp_id: 2364] ✓ Refreshed: 73.99 (unchanged value, timestamp updated)
[2026-01-14 13:39:07]   [emp_id: 2367] ✓ Refreshed: 101.66 (unchanged value, timestamp updated)
[2026-01-14 13:39:07]   [emp_id: 2368] ✓ Refreshed: 32.07 (unchanged value, timestamp updated)
[2026-01-14 13:39:07]   [emp_id: 2372] ✓ Refreshed: 69.32 (unchanged value, timestamp updated)
[2026-01-14 13:39:08]   [emp_id: 2376] ✓ Refreshed: 119.32 (unchanged value, timestamp updated)
[2026-01-14 13:39:08]   [emp_id: 2423] ✓ Refreshed: 20.07 (unchanged value, timestamp updated)
[2026-01-14 13:39:08]   [emp_id: 2519] ✓ Refreshed: 113.74 (unchanged value, timestamp updated)
[2026-01-14 13:39:08]   [emp_id: 2522] ✓ Refreshed: 57.32 (unchanged value, timestamp updated)
[2026-01-14 13:39:08]   [emp_id: 2530] ✓ Refreshed: 52.57 (unchanged value, timestamp updated)
[2026-01-14 13:39:08]   [emp_id: 2539] ✓ Refreshed: 49.32 (unchanged value, timestamp updated)
[2026-01-14 13:39:08]   [emp_id: 2541] ✓ Refreshed: 29.91 (unchanged value, timestamp updated)
[2026-01-14 13:39:08]   [emp_id: 2550] ✓ Refreshed: 96.07 (unchanged value, timestamp updated)
[2026-01-14 13:39:08]   [emp_id: 2553] ✓ Refreshed: 33.18 (unchanged value, timestamp updated)
[2026-01-14 13:39:08]   [emp_id: 2554] ✓ Refreshed: 39.66 (unchanged value, timestamp updated)
[2026-01-14 13:39:08]   [emp_id: 2565] ✓ Refreshed: 94.24 (unchanged value, timestamp updated)
[2026-01-14 13:39:08]   [emp_id: 2572] ✓ Refreshed: 44.24 (unchanged value, timestamp updated)
[2026-01-14 13:39:08]   [emp_id: 2637] ✓ Refreshed: 64.82 (unchanged value, timestamp updated)
[2026-01-14 13:39:08]   [emp_id: 2642] ✓ Refreshed: 77.57 (unchanged value, timestamp updated)
[2026-01-14 13:39:08]   [emp_id: 2645] ✓ Refreshed: 93.57 (unchanged value, timestamp updated)
[2026-01-14 13:39:08]   [emp_id: 2648] ✓ Refreshed: 45.24 (unchanged value, timestamp updated)
[2026-01-14 13:39:08]   [emp_id: 2654] ✓ Refreshed: 87.91 (unchanged value, timestamp updated)
[2026-01-14 13:39:08]   [emp_id: 2688] ✓ Refreshed: 25.99 (unchanged value, timestamp updated)
[2026-01-14 13:39:08]   [emp_id: 2690] ✓ Refreshed: 14.74 (unchanged value, timestamp updated)
[2026-01-14 13:39:08]   [emp_id: 2709] ✓ Refreshed: 36.99 (unchanged value, timestamp updated)
[2026-01-14 13:39:08]   [emp_id: 2745] ✓ Refreshed: 33.57 (unchanged value, timestamp updated)
[2026-01-14 13:39:08]   [emp_id: 2843] ✓ Refreshed: 80.16 (unchanged value, timestamp updated)
[2026-01-14 13:39:08]   [emp_id: 2854] ✓ Refreshed: 60.07 (unchanged value, timestamp updated)
[2026-01-14 13:39:08]   [emp_id: 2869] ✓ Refreshed: 3.99 (unchanged value, timestamp updated)
[2026-01-14 13:39:08]   [emp_id: 2876] ✓ Refreshed: 34.82 (unchanged value, timestamp updated)
[2026-01-14 13:39:08]   [emp_id: 2924] ✓ Refreshed: 15.99 (unchanged value, timestamp updated)
[2026-01-14 13:39:08]   [emp_id: 2953] ✓ Refreshed: 101.74 (unchanged value, timestamp updated)
[2026-01-14 13:39:08]   [emp_id: 2961] ✓ Refreshed: 11.74 (unchanged value, timestamp updated)
[2026-01-14 13:39:08]   [emp_id: 2975] ✓ Refreshed: 1.42 (unchanged value, timestamp updated)
[2026-01-14 13:39:08]   [emp_id: 3013] ✓ Refreshed: 10.74 (unchanged value, timestamp updated)
[2026-01-14 13:39:08]   [emp_id: 3014] ✓ Refreshed: 89.99 (unchanged value, timestamp updated)
[2026-01-14 13:39:08]   [emp_id: 3015] ✓ Refreshed: 1.24 (unchanged value, timestamp updated)
[2026-01-14 13:39:08]   [emp_id: 3018] ✓ Refreshed: 59.99 (unchanged value, timestamp updated)
[2026-01-14 13:39:08]   [emp_id: 3025] ✓ Refreshed: 23.76 (unchanged value, timestamp updated)
[2026-01-14 13:39:08]   [emp_id: 3037] ✓ Refreshed: 83.49 (unchanged value, timestamp updated)
[2026-01-14 13:39:08]   [emp_id: 3047] ✓ Refreshed: 71.74 (unchanged value, timestamp updated)
[2026-01-14 13:39:08]   [emp_id: 3061] ✓ Refreshed: 18.66 (unchanged value, timestamp updated)
[2026-01-14 13:39:08]   [emp_id: 3062] ✓ Refreshed: 51.82 (unchanged value, timestamp updated)
[2026-01-14 13:39:08]   [emp_id: 3074] ✓ Refreshed: 108.24 (unchanged value, timestamp updated)
[2026-01-14 13:39:08]   [emp_id: 3089] ✓ Refreshed: 7.16 (unchanged value, timestamp updated)
[2026-01-14 13:39:08]   [emp_id: 3090] ✓ Refreshed: 33.74 (unchanged value, timestamp updated)
[2026-01-14 13:39:08]   [emp_id: 3091] ✓ Refreshed: 45.74 (unchanged value, timestamp updated)
[2026-01-14 13:39:08]   [emp_id: 3092] ✓ Refreshed: 28.41 (unchanged value, timestamp updated)
[2026-01-14 13:39:08]   [emp_id: 3105] ✓ Refreshed: 48.74 (unchanged value, timestamp updated)
[2026-01-14 13:39:08]   [emp_id: 3134] ✓ Refreshed: 44.49 (unchanged value, timestamp updated)
[2026-01-14 13:39:08]   [emp_id: 3140] ✓ Refreshed: 41.57 (unchanged value, timestamp updated)
[2026-01-14 13:39:09]   [emp_id: 3144] ✓ Refreshed: 14.41 (unchanged value, timestamp updated)
[2026-01-14 13:39:09]   [emp_id: 3156] ✓ Refreshed: 17.74 (unchanged value, timestamp updated)
[2026-01-14 13:39:09]   [emp_id: 3162] ✓ Refreshed: 2.72 (unchanged value, timestamp updated)
[2026-01-14 13:39:09]   [emp_id: 3163] ✓ Refreshed: 5.99 (unchanged value, timestamp updated)
[2026-01-14 13:39:09]   [emp_id: 3198] ✓ Refreshed: 40.99 (unchanged value, timestamp updated)
[2026-01-14 13:39:09]   [emp_id: 3205] ✓ Refreshed: 17.66 (unchanged value, timestamp updated)
[2026-01-14 13:39:09]   [emp_id: 3209] ✓ Refreshed: 41.82 (unchanged value, timestamp updated)
[2026-01-14 13:39:09]   [emp_id: 3223] ✓ Refreshed: 90.74 (unchanged value, timestamp updated)
[2026-01-14 13:39:09]   [emp_id: 3224] ✓ Refreshed: 65.49 (unchanged value, timestamp updated)
[2026-01-14 13:39:09]   [emp_id: 3230] ✓ Refreshed: 88.91 (unchanged value, timestamp updated)
[2026-01-14 13:39:09]   [emp_id: 3231] ✓ Refreshed: 1.28 (unchanged value, timestamp updated)
[2026-01-14 13:39:09]   [emp_id: 3233] ✓ Refreshed: 81.74 (unchanged value, timestamp updated)
[2026-01-14 13:39:09]   [emp_id: 3249] ✓ Refreshed: 37.57 (unchanged value, timestamp updated)
[2026-01-14 13:39:09]   [emp_id: 3250] ✓ Refreshed: 10.57 (unchanged value, timestamp updated)
[2026-01-14 13:39:09]   [emp_id: 3252] ✓ Refreshed: 11.49 (unchanged value, timestamp updated)
[2026-01-14 13:39:09]   [emp_id: 3254] ✓ Refreshed: 21.99 (unchanged value, timestamp updated)
[2026-01-14 13:39:09]   [emp_id: 3255] ✓ Refreshed: 18.41 (unchanged value, timestamp updated)
[2026-01-14 13:39:09]   [emp_id: 3256] ✓ Refreshed: 14.66 (unchanged value, timestamp updated)
[2026-01-14 13:39:09]   [emp_id: 3263] ✓ Refreshed: 30.74 (unchanged value, timestamp updated)
[2026-01-14 13:39:09]   [emp_id: 3265] ✓ Refreshed: 26.32 (unchanged value, timestamp updated)
[2026-01-14 13:39:09]   [emp_id: 3280] ✓ Refreshed: 73.24 (unchanged value, timestamp updated)
[2026-01-14 13:39:09]   [emp_id: 3286] ✓ Refreshed: 16.41 (unchanged value, timestamp updated)
[2026-01-14 13:39:09]   [emp_id: 3294] ✓ Refreshed: 16.07 (unchanged value, timestamp updated)
[2026-01-14 13:39:09]   [emp_id: 3321] ✓ Refreshed: 73.24 (unchanged value, timestamp updated)
[2026-01-14 13:39:09]   [emp_id: 3325] ✓ Refreshed: 60.99 (unchanged value, timestamp updated)
[2026-01-14 13:39:09]   [emp_id: 3329] ✓ Refreshed: 63.32 (unchanged value, timestamp updated)
[2026-01-14 13:39:09]   [emp_id: 3330] ✓ Refreshed: 63.32 (unchanged value, timestamp updated)
[2026-01-14 13:39:09]   [emp_id: 3332] ✓ Refreshed: 63.32 (unchanged value, timestamp updated)
[2026-01-14 13:39:09]   [emp_id: 3370] ✓ Refreshed: 54.99 (unchanged value, timestamp updated)
[2026-01-14 13:39:09]   [emp_id: 3384] ✓ Refreshed: 15.49 (unchanged value, timestamp updated)
[2026-01-14 13:39:09]   [emp_id: 3386] ✓ Refreshed: 45.49 (unchanged value, timestamp updated)
[2026-01-14 13:39:09]   [emp_id: 3431] ✓ Refreshed: 19.91 (unchanged value, timestamp updated)
[2026-01-14 13:39:09]   [emp_id: 3497] ✓ Refreshed: 10.07 (unchanged value, timestamp updated)
[2026-01-14 13:39:09]   [emp_id: 3532] ✓ Refreshed: 0.91 (unchanged value, timestamp updated)
[2026-01-14 13:39:09]   [emp_id: 3602] ✓ Refreshed: 2.48 (unchanged value, timestamp updated)
[2026-01-14 13:39:09]   [emp_id: 3618] ✓ Refreshed: 24.46 (unchanged value, timestamp updated)
[2026-01-14 13:39:09]   [emp_id: 3622] ✓ Refreshed: 35.19 (unchanged value, timestamp updated)
[2026-01-14 13:39:09]   [emp_id: 3627] ✓ Refreshed: 10.41 (unchanged value, timestamp updated)
[2026-01-14 13:39:09]   [emp_id: 3665] ✓ Refreshed: 51.99 (unchanged value, timestamp updated)
[2026-01-14 13:39:09]   [emp_id: 3705] ✓ Refreshed: 28.52 (unchanged value, timestamp updated)
[2026-01-14 13:39:09]   [emp_id: 3724] ✓ Refreshed: 44.99 (unchanged value, timestamp updated)
[2026-01-14 13:39:09]   [emp_id: 3726] ✓ Refreshed: 61.41 (unchanged value, timestamp updated)
[2026-01-14 13:39:09]   [emp_id: 3727] ✓ Refreshed: 66.49 (unchanged value, timestamp updated)
[2026-01-14 13:39:10]   [emp_id: 3728] ✓ Refreshed: 10.82 (unchanged value, timestamp updated)
[2026-01-14 13:39:10]   [emp_id: 3767] ✓ Refreshed: 1.57 (unchanged value, timestamp updated)
[2026-01-14 13:39:10]   [emp_id: 3768] ✓ Refreshed: 57.82 (unchanged value, timestamp updated)
[2026-01-14 13:39:10]   [emp_id: 3787] ✓ Refreshed: 58.41 (unchanged value, timestamp updated)
[2026-01-14 13:39:10]   [emp_id: 3790] ✓ Refreshed: 2.96 (unchanged value, timestamp updated)
[2026-01-14 13:39:10]   [emp_id: 3795] ✓ Refreshed: 15.91 (unchanged value, timestamp updated)
[2026-01-14 13:39:10]   [emp_id: 3798] ✓ Refreshed: 94.32 (unchanged value, timestamp updated)
[2026-01-14 13:39:10]   [emp_id: 3801] ✓ Refreshed: 2.59 (unchanged value, timestamp updated)
[2026-01-14 13:39:10]   [emp_id: 3802] ✓ Refreshed: 31.57 (unchanged value, timestamp updated)
[2026-01-14 13:39:10]   [emp_id: 3803] ✓ Refreshed: 115.99 (unchanged value, timestamp updated)
[2026-01-14 13:39:10]   [emp_id: 3810] ✓ Refreshed: 121.99 (unchanged value, timestamp updated)
[2026-01-14 13:39:10]   [emp_id: 3812] ✓ Refreshed: 90.99 (unchanged value, timestamp updated)
[2026-01-14 13:39:10]   [emp_id: 3815] ✓ Refreshed: 90.99 (unchanged value, timestamp updated)
[2026-01-14 13:39:10]   [emp_id: 3836] ✓ Refreshed: 58.66 (unchanged value, timestamp updated)
[2026-01-14 13:39:10]   [emp_id: 3855] ✓ Refreshed: 51.82 (unchanged value, timestamp updated)
[2026-01-14 13:39:10]   [emp_id: 3857] ✓ Refreshed: 55.49 (unchanged value, timestamp updated)
[2026-01-14 13:39:10]   [emp_id: 3862] ✓ Refreshed: 103.57 (unchanged value, timestamp updated)
[2026-01-14 13:39:10]   [emp_id: 3866] ✓ Refreshed: 28.82 (unchanged value, timestamp updated)
[2026-01-14 13:39:10]   [emp_id: 3876] ✓ Refreshed: 24.99 (unchanged value, timestamp updated)
[2026-01-14 13:39:10]   [emp_id: 3877] ✓ Refreshed: 50.49 (unchanged value, timestamp updated)
[2026-01-14 13:39:10]   [emp_id: 3897] ✓ Refreshed: 38.74 (unchanged value, timestamp updated)
[2026-01-14 13:39:10]   [emp_id: 3899] ✓ Refreshed: 0.56 (unchanged value, timestamp updated)
[2026-01-14 13:39:10]   [emp_id: 3928] ✓ Refreshed: 14.82 (unchanged value, timestamp updated)
[2026-01-14 13:39:10]   [emp_id: 3929] ✓ Refreshed: 9.82 (unchanged value, timestamp updated)
[2026-01-14 13:39:10]   [emp_id: 3935] ✓ Refreshed: 94.82 (unchanged value, timestamp updated)
[2026-01-14 13:39:10]   [emp_id: 3952] ✓ Refreshed: 76.16 (unchanged value, timestamp updated)
[2026-01-14 13:39:10]   [emp_id: 3987] ✓ Refreshed: 15.07 (unchanged value, timestamp updated)
[2026-01-14 13:39:10]   [emp_id: 4059] ✓ Refreshed: 4.27 (unchanged value, timestamp updated)
[2026-01-14 13:39:10]   [emp_id: 4119] ✓ Refreshed: 57.74 (unchanged value, timestamp updated)
[2026-01-14 13:39:10]   [emp_id: 4120] ✓ Refreshed: 27.32 (unchanged value, timestamp updated)
[2026-01-14 13:39:10]   [emp_id: 4124] ✓ Refreshed: 27.84 (unchanged value, timestamp updated)
[2026-01-14 13:39:10]   [emp_id: 4133] ✓ Refreshed: 106.32 (unchanged value, timestamp updated)
[2026-01-14 13:39:10]   [emp_id: 4134] ✓ Refreshed: 27.32 (unchanged value, timestamp updated)
[2026-01-14 13:39:10]   [emp_id: 4136] ✓ Refreshed: 27.32 (unchanged value, timestamp updated)
[2026-01-14 13:39:10]   [emp_id: 4150] ✓ Refreshed: 25.99 (unchanged value, timestamp updated)
[2026-01-14 13:39:10]   [emp_id: 4157] ✓ Refreshed: 19.49 (unchanged value, timestamp updated)
[2026-01-14 13:39:10]   [emp_id: 4172] ✓ Refreshed: 13.1 (unchanged value, timestamp updated)
[2026-01-14 13:39:10]   [emp_id: 4195] ✓ Refreshed: 63.07 (unchanged value, timestamp updated)
[2026-01-14 13:39:10]   [emp_id: 4215] ✓ Refreshed: 45.74 (unchanged value, timestamp updated)
[2026-01-14 13:39:10]   [emp_id: 4220] ✓ Refreshed: 41.32 (unchanged value, timestamp updated)
[2026-01-14 13:39:10]   [emp_id: 4273] ✓ Refreshed: 9.99 (unchanged value, timestamp updated)
[2026-01-14 13:39:10]   [emp_id: 4283] ✓ Refreshed: 14.19 (unchanged value, timestamp updated)
[2026-01-14 13:39:10]   [emp_id: 4288] ✓ Refreshed: 0.56 (unchanged value, timestamp updated)
[2026-01-14 13:39:11]   [emp_id: 4315] ✓ Refreshed: 13.24 (unchanged value, timestamp updated)
[2026-01-14 13:39:11]   [emp_id: 4328] ✓ Refreshed: 43.02 (unchanged value, timestamp updated)
[2026-01-14 13:39:11]   [emp_id: 4329] ✓ Refreshed: 6.41 (unchanged value, timestamp updated)
[2026-01-14 13:39:11]   [emp_id: 4338] ✓ Refreshed: 47.99 (unchanged value, timestamp updated)
[2026-01-14 13:39:11]   [emp_id: 4340] ✓ Refreshed: 109.99 (unchanged value, timestamp updated)
[2026-01-14 13:39:11]   [emp_id: 4365] ✓ Refreshed: 61.41 (unchanged value, timestamp updated)
[2026-01-14 13:39:11]   [emp_id: 4366] ✓ Refreshed: 60.49 (unchanged value, timestamp updated)
[2026-01-14 13:39:11]   [emp_id: 4403] ✓ Refreshed: 86.32 (unchanged value, timestamp updated)
[2026-01-14 13:39:11]   [emp_id: 4438] ✓ Refreshed: 21.99 (unchanged value, timestamp updated)
[2026-01-14 13:39:11]   [emp_id: 4465] ✓ Refreshed: 13.35 (unchanged value, timestamp updated)
[2026-01-14 13:39:11]   [emp_id: 4473] ✓ Refreshed: 45.57 (unchanged value, timestamp updated)
[2026-01-14 13:39:11]   [emp_id: 4474] ✓ Refreshed: 3.86 (unchanged value, timestamp updated)
[2026-01-14 13:39:11]   [emp_id: 4493] ✓ Refreshed: 164.41 (unchanged value, timestamp updated)
[2026-01-14 13:39:11]   [emp_id: 4526] ✓ Refreshed: 36.66 (unchanged value, timestamp updated)
[2026-01-14 13:39:11]   [emp_id: 4528] ✓ Refreshed: 108.41 (unchanged value, timestamp updated)
[2026-01-14 13:39:11]   [emp_id: 4528] ✓ Refreshed: 108.41 (unchanged value, timestamp updated)
[2026-01-14 13:39:11]   [emp_id: 4532] ✓ Refreshed: 8.47 (unchanged value, timestamp updated)
[2026-01-14 13:39:11]   [emp_id: 4533] ✓ Refreshed: 36.82 (unchanged value, timestamp updated)
[2026-01-14 13:39:11]   [emp_id: 4565] ✓ Refreshed: 15.85 (unchanged value, timestamp updated)
[2026-01-14 13:39:11]   [emp_id: 4567] ✓ Refreshed: 20.1 (unchanged value, timestamp updated)
[2026-01-14 13:39:11]   [emp_id: 4572] ✓ Refreshed: 59.6 (unchanged value, timestamp updated)
[2026-01-14 13:39:11]   [emp_id: 4631] ✓ Refreshed: 15.85 (unchanged value, timestamp updated)
[2026-01-14 13:39:11]   [emp_id: 4655] ✓ Refreshed: 25.74 (unchanged value, timestamp updated)
[2026-01-14 13:39:11]   [emp_id: 4709] ✓ Refreshed: 40.99 (unchanged value, timestamp updated)
[2026-01-14 13:39:11]   [emp_id: 4717] ✓ Refreshed: 66.99 (unchanged value, timestamp updated)
[2026-01-14 13:39:11]   [emp_id: 4736] ✓ Refreshed: 28.82 (unchanged value, timestamp updated)
[2026-01-14 13:39:11]   [emp_id: 4756] ✓ Refreshed: 12.29 (unchanged value, timestamp updated)
[2026-01-14 13:39:11]   [emp_id: 4768] ✓ Refreshed: 14.49 (unchanged value, timestamp updated)
[2026-01-14 13:39:11]   [emp_id: 4780] ✓ Refreshed: 66.02 (unchanged value, timestamp updated)
[2026-01-14 13:39:11]   [emp_id: 4820] ✓ Refreshed: 99.82 (unchanged value, timestamp updated)
[2026-01-14 13:39:11]   [emp_id: 4824] ✓ Refreshed: 3 (unchanged value, timestamp updated)
[2026-01-14 13:39:11]   [emp_id: 4825] ✓ Refreshed: 31.57 (unchanged value, timestamp updated)
[2026-01-14 13:39:11]   [emp_id: 4837] ✓ Refreshed: 46.01 (unchanged value, timestamp updated)
[2026-01-14 13:39:11]   [emp_id: 4840] ✓ Refreshed: 46.01 (unchanged value, timestamp updated)
[2026-01-14 13:39:11]   [emp_id: 4842] ✓ Refreshed: 45.25 (unchanged value, timestamp updated)
[2026-01-14 13:39:11]   [emp_id: 4843] ✓ Refreshed: 45.78 (unchanged value, timestamp updated)
[2026-01-14 13:39:11]   [emp_id: 4853] ✓ Refreshed: 89.6 (unchanged value, timestamp updated)
[2026-01-14 13:39:11]   [emp_id: 4856] ✓ Refreshed: 42.92 (unchanged value, timestamp updated)
[2026-01-14 13:39:11]   [emp_id: 4857] ✓ Refreshed: 25.74 (unchanged value, timestamp updated)
[2026-01-14 13:39:11]   [emp_id: 4858] ✓ Refreshed: 22.62 (unchanged value, timestamp updated)
[2026-01-14 13:39:11]   [emp_id: 4859] ✓ Refreshed: 44.09 (unchanged value, timestamp updated)
[2026-01-14 13:39:11]   [emp_id: 4860] ✓ Refreshed: 8.59 (unchanged value, timestamp updated)
[2026-01-14 13:39:11]   [emp_id: 4861] ✓ Refreshed: 42.05 (unchanged value, timestamp updated)
[2026-01-14 13:39:11]   [emp_id: 4869] ✓ Refreshed: 84.93 (unchanged value, timestamp updated)
[2026-01-14 13:39:11]   [emp_id: 4894] ✓ Refreshed: 8.49 (unchanged value, timestamp updated)
[2026-01-14 13:39:11]   [emp_id: 4897] ✓ Refreshed: 23.83 (unchanged value, timestamp updated)
[2026-01-14 13:39:11]   [emp_id: 4899] ✓ Refreshed: 20 (unchanged value, timestamp updated)
[2026-01-14 13:39:11]   [emp_id: 4902] ✓ Refreshed: 19.42 (unchanged value, timestamp updated)
[2026-01-14 13:39:11]   [emp_id: 4903] ✓ Refreshed: 21.64 (unchanged value, timestamp updated)
[2026-01-14 13:39:11]   [emp_id: 4905] ✓ Refreshed: 20.3 (unchanged value, timestamp updated)
[2026-01-14 13:39:11]   [emp_id: 4907] ✓ Refreshed: 48.57 (unchanged value, timestamp updated)
[2026-01-14 13:39:12]   [emp_id: 4917] ✓ Refreshed: 17.26 (unchanged value, timestamp updated)
[2026-01-14 13:39:12]   [emp_id: 4918] ✓ Refreshed: 7.03 (unchanged value, timestamp updated)
[2026-01-14 13:39:12]   [emp_id: 4919] ✓ Refreshed: 59.32 (unchanged value, timestamp updated)
[2026-01-14 13:39:12]   [emp_id: 4920] ✓ Refreshed: 6.4 (unchanged value, timestamp updated)
[2026-01-14 13:39:12]   [emp_id: 4921] ✓ Refreshed: 18.49 (unchanged value, timestamp updated)
[2026-01-14 13:39:12]   [emp_id: 4927] ✓ Refreshed: 17.32 (unchanged value, timestamp updated)
[2026-01-14 13:39:12]   [emp_id: 4929] ✓ Refreshed: 18.84 (unchanged value, timestamp updated)
[2026-01-14 13:39:12]   [emp_id: 4930] ✓ Refreshed: 59.61 (unchanged value, timestamp updated)
[2026-01-14 13:39:12]   [emp_id: 4932] ✓ Refreshed: 17.61 (unchanged value, timestamp updated)
[2026-01-14 13:39:12]   [emp_id: 4933] ✓ Refreshed: 21.02 (unchanged value, timestamp updated)
[2026-01-14 13:39:12]   [emp_id: 4949] ✓ Refreshed: 24.45 (unchanged value, timestamp updated)
[2026-01-14 13:39:12]   [emp_id: 4956] ✓ Refreshed: 30.04 (unchanged value, timestamp updated)
[2026-01-14 13:39:12]   [emp_id: 4957] ✓ Refreshed: 25.71 (unchanged value, timestamp updated)
[2026-01-14 13:39:12]   [emp_id: 4962] ✓ Refreshed: 47.93 (unchanged value, timestamp updated)
[2026-01-14 13:39:12]   [emp_id: 4969] ✓ Refreshed: 47.24 (unchanged value, timestamp updated)
[2026-01-14 13:39:12]   [emp_id: 4976] ✓ Refreshed: 10.73 (unchanged value, timestamp updated)
[2026-01-14 13:39:12]   [emp_id: 4984] ✓ Refreshed: 38.49 (unchanged value, timestamp updated)
[2026-01-14 13:39:12]   [emp_id: 4995] ✓ Refreshed: 50.56 (unchanged value, timestamp updated)
[2026-01-14 13:39:12]   [emp_id: 5004] ✓ Refreshed: 27.67 (unchanged value, timestamp updated)
[2026-01-14 13:39:12]   [emp_id: 5006] ✓ Refreshed: 27.41 (unchanged value, timestamp updated)
[2026-01-14 13:39:12]   [emp_id: 5011] ✓ Refreshed: 6.34 (unchanged value, timestamp updated)
[2026-01-14 13:39:12]   [emp_id: 5013] ✓ Refreshed: 67.78 (unchanged value, timestamp updated)
[2026-01-14 13:39:12]   [emp_id: 5018] ✓ Refreshed: 4.27 (unchanged value, timestamp updated)
[2026-01-14 13:39:12]   [emp_id: 5021] ✓ Refreshed: 61.59 (unchanged value, timestamp updated)
[2026-01-14 13:39:12]   [emp_id: 5024] ✓ Refreshed: 2.29 (unchanged value, timestamp updated)
[2026-01-14 13:39:12]   [emp_id: 5030] ✓ Refreshed: 32.24 (unchanged value, timestamp updated)
[2026-01-14 13:39:12]   [emp_id: 5033] ✓ Refreshed: 11.04 (unchanged value, timestamp updated)
[2026-01-14 13:39:12]   [emp_id: 5043] ✓ Refreshed: 31.16 (unchanged value, timestamp updated)
[2026-01-14 13:39:12]   [emp_id: 5045] ✓ Refreshed: 27.66 (unchanged value, timestamp updated)
[2026-01-14 13:39:12]   [emp_id: 5046] ✓ Refreshed: 22.85 (unchanged value, timestamp updated)
[2026-01-14 13:39:12]   [emp_id: 5049] ✓ Refreshed: 39.72 (unchanged value, timestamp updated)
[2026-01-14 13:39:12]   [emp_id: 5052] ✓ Refreshed: 31 (unchanged value, timestamp updated)
[2026-01-14 13:39:12]   [emp_id: 5055] ✓ Refreshed: 19.44 (unchanged value, timestamp updated)
[2026-01-14 13:39:12]   [emp_id: 5058] ✓ Refreshed: 28.42 (unchanged value, timestamp updated)
[2026-01-14 13:39:12]   [emp_id: 5062] ✓ Refreshed: 40.25 (unchanged value, timestamp updated)
[2026-01-14 13:39:12]   [emp_id: 5064] ✓ Refreshed: 118.49 (unchanged value, timestamp updated)
[2026-01-14 13:39:12]   [emp_id: 5065] ✓ Refreshed: 39.66 (unchanged value, timestamp updated)
[2026-01-14 13:39:12]   [emp_id: 5071] ✓ Refreshed: 23.99 (unchanged value, timestamp updated)
[2026-01-14 13:39:12]   [emp_id: 5073] ✓ Refreshed: 14.26 (unchanged value, timestamp updated)
[2026-01-14 13:39:12]   [emp_id: 5079] ✓ Refreshed: 34.82 (unchanged value, timestamp updated)
[2026-01-14 13:39:12]   [emp_id: 5080] ✓ Refreshed: 28.15 (unchanged value, timestamp updated)
[2026-01-14 13:39:12]   [emp_id: 5081] ✓ Refreshed: 16.41 (unchanged value, timestamp updated)
[2026-01-14 13:39:13]   [emp_id: 5087] ✓ Refreshed: 36.45 (unchanged value, timestamp updated)
[2026-01-14 13:39:13]   [emp_id: 5091] ✓ Refreshed: 76.3 (unchanged value, timestamp updated)
[2026-01-14 13:39:13]   [emp_id: 5093] ✓ Refreshed: 15.16 (unchanged value, timestamp updated)
[2026-01-14 13:39:13]   [emp_id: 5095] ✓ Refreshed: 1.84 (unchanged value, timestamp updated)
[2026-01-14 13:39:13]   [emp_id: 5101] ✓ Refreshed: 17.24 (unchanged value, timestamp updated)
[2026-01-14 13:39:13]   [emp_id: 5107] ✓ Refreshed: 15.57 (unchanged value, timestamp updated)
[2026-01-14 13:39:13]   [emp_id: 5109] ✓ Refreshed: 12.82 (unchanged value, timestamp updated)
[2026-01-14 13:39:13]   [emp_id: 5119] ✓ Refreshed: 10.99 (unchanged value, timestamp updated)
[2026-01-14 13:39:13]   [emp_id: 5122] ✓ Refreshed: 8.16 (unchanged value, timestamp updated)
[2026-01-14 13:39:13]   [emp_id: 5126] ✓ Refreshed: 27.18 (unchanged value, timestamp updated)
[2026-01-14 13:39:13]   [emp_id: 5127] ✓ Refreshed: 23.97 (unchanged value, timestamp updated)
[2026-01-14 13:39:13]   [emp_id: 5128] ✓ Refreshed: 27.12 (unchanged value, timestamp updated)
[2026-01-14 13:39:13]   [emp_id: 5138] ✓ Refreshed: 50.82 (unchanged value, timestamp updated)
[2026-01-14 13:39:13]   [emp_id: 5138] ✓ Refreshed: 50.82 (unchanged value, timestamp updated)
[2026-01-14 13:39:13]   [emp_id: 5141] ✓ Refreshed: 35.49 (unchanged value, timestamp updated)
[2026-01-14 13:39:13]   [emp_id: 5142] ✓ Refreshed: 14.49 (unchanged value, timestamp updated)
[2026-01-14 13:39:13]   [emp_id: 5146] ✓ Refreshed: 21.49 (unchanged value, timestamp updated)
[2026-01-14 13:39:13]   [emp_id: 5147] ✓ Refreshed: 20.49 (unchanged value, timestamp updated)
[2026-01-14 13:39:13]   [emp_id: 5148] ✓ Refreshed: 25.84 (unchanged value, timestamp updated)
[2026-01-14 13:39:13]   [emp_id: 5149] ✓ Refreshed: 24.73 (unchanged value, timestamp updated)
[2026-01-14 13:39:13]   [emp_id: 5150] ✓ Refreshed: 24.09 (unchanged value, timestamp updated)
[2026-01-14 13:39:13]   [emp_id: 5151] ✓ Refreshed: 23.91 (unchanged value, timestamp updated)
[2026-01-14 13:39:13]   [emp_id: 5152] ✓ Refreshed: 4.33 (unchanged value, timestamp updated)
[2026-01-14 13:39:13]   [emp_id: 5157] ✓ Refreshed: 23.91 (unchanged value, timestamp updated)
[2026-01-14 13:39:13]   [emp_id: 5160] ✓ Refreshed: 23.91 (unchanged value, timestamp updated)
[2026-01-14 13:39:13]   [emp_id: 5163] ✓ Refreshed: 21.7 (unchanged value, timestamp updated)
[2026-01-14 13:39:13]   [emp_id: 5165] ✓ Refreshed: 2.26 (unchanged value, timestamp updated)
[2026-01-14 13:39:13]   [emp_id: 5167] ✓ Refreshed: 30.85 (unchanged value, timestamp updated)
[2026-01-14 13:39:13]   [emp_id: 5168] ✓ Refreshed: 23.39 (unchanged value, timestamp updated)
[2026-01-14 13:39:13]   [emp_id: 5173] ✓ Refreshed: 25.91 (unchanged value, timestamp updated)
[2026-01-14 13:39:13]   [emp_id: 5174] ✓ Refreshed: 23.85 (unchanged value, timestamp updated)
[2026-01-14 13:39:13]   [emp_id: 5181] ✓ Refreshed: 20.24 (unchanged value, timestamp updated)
[2026-01-14 13:39:13]   [emp_id: 5186] ✓ Refreshed: 25.77 (unchanged value, timestamp updated)
[2026-01-14 13:39:13]   [emp_id: 5187] ✓ Refreshed: 36.77 (unchanged value, timestamp updated)
[2026-01-14 13:39:13]   [emp_id: 5204] ✓ Refreshed: 23.41 (unchanged value, timestamp updated)
[2026-01-14 13:39:13]   [emp_id: 5205] ✓ Refreshed: 12.98 (unchanged value, timestamp updated)
[2026-01-14 13:39:13]   [emp_id: 5209] ✓ Refreshed: 15.98 (unchanged value, timestamp updated)
[2026-01-14 13:39:13]   [emp_id: 5213] ✓ Refreshed: 3.39 (unchanged value, timestamp updated)
[2026-01-14 13:39:13]   [emp_id: 5214] ✓ Refreshed: 2.23 (unchanged value, timestamp updated)
[2026-01-14 13:39:13]   [emp_id: 5215] ✓ Refreshed: 10.98 (unchanged value, timestamp updated)
[2026-01-14 13:39:13]   [emp_id: 5217] ✓ Refreshed: 9.98 (unchanged value, timestamp updated)
[2026-01-14 13:39:13]   [emp_id: 5219] ✓ Refreshed: 13.98 (unchanged value, timestamp updated)
[2026-01-14 13:39:14]   [emp_id: 5221] ✓ Refreshed: 3.29 (unchanged value, timestamp updated)
[2026-01-14 13:39:14]   [emp_id: 5224] ✓ Refreshed: 14.98 (unchanged value, timestamp updated)
[2026-01-14 13:39:14]   [emp_id: 5225] ✓ Refreshed: 7.29 (unchanged value, timestamp updated)
[2026-01-14 13:39:14]   [emp_id: 5228] ✓ Refreshed: 9.98 (unchanged value, timestamp updated)
[2026-01-14 13:39:14]   [emp_id: 5229] ✓ Refreshed: 5.98 (unchanged value, timestamp updated)
[2026-01-14 13:39:14]   [emp_id: 5230] ✓ Refreshed: 14.65 (unchanged value, timestamp updated)
[2026-01-14 13:39:14]   [emp_id: 5231] ✓ Refreshed: 6.98 (unchanged value, timestamp updated)
[2026-01-14 13:39:14]   [emp_id: 5232] ✓ Refreshed: 0.98 (unchanged value, timestamp updated)
[2026-01-14 13:39:14]   [emp_id: 5233] ✓ Refreshed: 4.98 (unchanged value, timestamp updated)
[2026-01-14 13:39:14]   [emp_id: 5234] ✓ Refreshed: 4.98 (unchanged value, timestamp updated)
[2026-01-14 13:39:14]   [emp_id: 5235] ✓ Refreshed: 0.42 (unchanged value, timestamp updated)
[2026-01-14 13:39:14]   [emp_id: 5237] ✓ Refreshed: 11.23 (unchanged value, timestamp updated)
[2026-01-14 13:39:14]   [emp_id: 5239] ✓ Refreshed: 7.98 (unchanged value, timestamp updated)
[2026-01-14 13:39:14]   [emp_id: 5241] ✓ Refreshed: 5.98 (unchanged value, timestamp updated)
[2026-01-14 13:39:14]   [emp_id: 5242] ✓ Refreshed: 15.98 (unchanged value, timestamp updated)
[2026-01-14 13:39:14]   [emp_id: 5243] ✓ Refreshed: 2.39 (unchanged value, timestamp updated)
[2026-01-14 13:39:14]   [emp_id: 5244] ✓ Refreshed: 0.42 (unchanged value, timestamp updated)
[2026-01-14 13:39:14]   [emp_id: 5246] ✓ Refreshed: 11.98 (unchanged value, timestamp updated)
[2026-01-14 13:39:14]   [emp_id: 5253] ✓ Refreshed: 24.85 (unchanged value, timestamp updated)
[2026-01-14 13:39:14]   [emp_id: 5254] ✓ Refreshed: 12.83 (unchanged value, timestamp updated)
[2026-01-14 13:39:14]   [emp_id: 5257] ✓ Refreshed: 12.54 (unchanged value, timestamp updated)
[2026-01-14 13:39:14]   [emp_id: 5259] ✓ Refreshed: 49.07 (unchanged value, timestamp updated)
[2026-01-14 13:39:14]   [emp_id: 5261] ✓ Refreshed: 17.01 (unchanged value, timestamp updated)
[2026-01-14 13:39:14]   [emp_id: 5264] ✓ Refreshed: 14.55 (unchanged value, timestamp updated)
[2026-01-14 13:39:14]   [emp_id: 5266] ✓ Refreshed: 21.17 (unchanged value, timestamp updated)
[2026-01-14 13:39:14]   [emp_id: 5268] ✓ Refreshed: 9.74 (unchanged value, timestamp updated)
[2026-01-14 13:39:14]   [emp_id: 5271] ✓ Refreshed: 8.4 (unchanged value, timestamp updated)
[2026-01-14 13:39:14]   [emp_id: 5272] ✓ Refreshed: 9.27 (unchanged value, timestamp updated)
[2026-01-14 13:39:14]   [emp_id: 5273] ✓ Refreshed: 24.34 (unchanged value, timestamp updated)
[2026-01-14 13:39:14]   [emp_id: 5275] ✓ Refreshed: 10.09 (unchanged value, timestamp updated)
[2026-01-14 13:39:14]   [emp_id: 5276] ✓ Refreshed: 24.36 (unchanged value, timestamp updated)
[2026-01-14 13:39:14]   [emp_id: 5278] ✓ Refreshed: 8.75 (unchanged value, timestamp updated)
[2026-01-14 13:39:14]   [emp_id: 5280] ✓ Refreshed: 19.15 (unchanged value, timestamp updated)
[2026-01-14 13:39:14]   [emp_id: 5282] ✓ Refreshed: 12.49 (unchanged value, timestamp updated)
[2026-01-14 13:39:14]   [emp_id: 5285] ✓ Refreshed: 29.15 (unchanged value, timestamp updated)
[2026-01-14 13:39:14]   [emp_id: 5286] ✓ Refreshed: 16.15 (unchanged value, timestamp updated)
[2026-01-14 13:39:14]   [emp_id: 5287] ✓ Refreshed: 50.45 (unchanged value, timestamp updated)
[2026-01-14 13:39:14]   [emp_id: 5288] ✓ Refreshed: 7.72 (unchanged value, timestamp updated)
[2026-01-14 13:39:14]   [emp_id: 5289] ✓ Refreshed: 49 (unchanged value, timestamp updated)
[2026-01-14 13:39:14]   [emp_id: 5290] ✓ Refreshed: 47.77 (unchanged value, timestamp updated)
[2026-01-14 13:39:15]   [emp_id: 5291] ✓ Refreshed: 5.77 (unchanged value, timestamp updated)
[2026-01-14 13:39:15]   [emp_id: 5292] ✓ Refreshed: 5.71 (unchanged value, timestamp updated)
[2026-01-14 13:39:15]   [emp_id: 5293] ✓ Refreshed: 8.75 (unchanged value, timestamp updated)
[2026-01-14 13:39:15]   [emp_id: 5294] ✓ Refreshed: 8.41 (unchanged value, timestamp updated)
[2026-01-14 13:39:15]   [emp_id: 5295] ✓ Refreshed: 21.95 (unchanged value, timestamp updated)
[2026-01-14 13:39:15]   [emp_id: 5296] ✓ Refreshed: 35.43 (unchanged value, timestamp updated)
[2026-01-14 13:39:15]   [emp_id: 5297] ✓ Refreshed: 46.37 (unchanged value, timestamp updated)
[2026-01-14 13:39:15]   [emp_id: 5298] ✓ Refreshed: 46.37 (unchanged value, timestamp updated)
[2026-01-14 13:39:15]   [emp_id: 5299] ✓ Refreshed: 46.37 (unchanged value, timestamp updated)
[2026-01-14 13:39:15]   [emp_id: 5300] ✓ Refreshed: 46.37 (unchanged value, timestamp updated)
[2026-01-14 13:39:15]   [emp_id: 5301] ✓ Refreshed: 4.19 (unchanged value, timestamp updated)
[2026-01-14 13:39:15]   [emp_id: 5303] ✓ Refreshed: 4.62 (unchanged value, timestamp updated)
[2026-01-14 13:39:15]   [emp_id: 5304] ✓ Refreshed: 46.37 (unchanged value, timestamp updated)
[2026-01-14 13:39:15]   [emp_id: 5305] ✓ Refreshed: 4.37 (unchanged value, timestamp updated)
[2026-01-14 13:39:15]   [emp_id: 5306] ✓ Refreshed: 46.08 (unchanged value, timestamp updated)
[2026-01-14 13:39:15]   [emp_id: 5307] ✓ Refreshed: 46.08 (unchanged value, timestamp updated)
[2026-01-14 13:39:15]   [emp_id: 5312] ✓ Refreshed: 0.42 (unchanged value, timestamp updated)
[2026-01-14 13:39:15]   [emp_id: 5318] ✓ Refreshed: 26.79 (unchanged value, timestamp updated)
[2026-01-14 13:39:15]   [emp_id: 5325] ✓ Refreshed: 0.75 (unchanged value, timestamp updated)
[2026-01-14 13:39:15]   [emp_id: 5327] ✓ Refreshed: 1.84 (unchanged value, timestamp updated)
[2026-01-14 13:39:15]   [emp_id: 5337] ✓ Refreshed: 36.32 (unchanged value, timestamp updated)
[2026-01-14 13:39:15]   [emp_id: 5339] ✓ Refreshed: 10.94 (unchanged value, timestamp updated)
[2026-01-14 13:39:15]   [emp_id: 5343] ✓ Refreshed: 46.24 (unchanged value, timestamp updated)
[2026-01-14 13:39:15]   [emp_id: 5343] ✓ Refreshed: 46.24 (unchanged value, timestamp updated)
[2026-01-14 13:39:15]   [emp_id: 5345] ✓ Refreshed: 16.07 (unchanged value, timestamp updated)
[2026-01-14 13:39:15]   [emp_id: 5346] ✓ Refreshed: 2.66 (unchanged value, timestamp updated)
[2026-01-14 13:39:15]   [emp_id: 5351] ✓ Refreshed: 17.6 (unchanged value, timestamp updated)
[2026-01-14 13:39:15]   [emp_id: 5352] ✓ Refreshed: 26.49 (unchanged value, timestamp updated)
[2026-01-14 13:39:15]   [emp_id: 5370] ✓ Refreshed: 16.25 (unchanged value, timestamp updated)
[2026-01-14 13:39:15]   [emp_id: 5371] ✓ Refreshed: 8.24 (unchanged value, timestamp updated)
[2026-01-14 13:39:15]   [emp_id: 5376] ✓ Refreshed: 10.85 (unchanged value, timestamp updated)
[2026-01-14 13:39:15]   [emp_id: 5378] ✓ Refreshed: 18.32 (unchanged value, timestamp updated)
[2026-01-14 13:39:15]   [emp_id: 5380] ✓ Refreshed: 17.26 (unchanged value, timestamp updated)
[2026-01-14 13:39:15]   [emp_id: 5381] ✓ Refreshed: 12.76 (unchanged value, timestamp updated)
[2026-01-14 13:39:15]   [emp_id: 5383] ✓ Refreshed: 17.07 (unchanged value, timestamp updated)
[2026-01-14 13:39:15]   [emp_id: 5388] ✓ Refreshed: 28.04 (unchanged value, timestamp updated)
[2026-01-14 13:39:15]   [emp_id: 5396] ✓ Refreshed: 29.28 (unchanged value, timestamp updated)
[2026-01-14 13:39:15]   [emp_id: 5397] ✓ Refreshed: 20.74 (unchanged value, timestamp updated)
[2026-01-14 13:39:15]   [emp_id: 5401] ✓ Refreshed: 23.85 (unchanged value, timestamp updated)
[2026-01-14 13:39:15]   [emp_id: 5402] ✓ Refreshed: 23.97 (unchanged value, timestamp updated)
[2026-01-14 13:39:15]   [emp_id: 5406] ✓ Refreshed: 17.69 (unchanged value, timestamp updated)
[2026-01-14 13:39:15]   [emp_id: 5407] ✓ Refreshed: 16.84 (unchanged value, timestamp updated)
[2026-01-14 13:39:15]   [emp_id: 5409] ✓ Refreshed: 17.03 (unchanged value, timestamp updated)
[2026-01-14 13:39:15]   [emp_id: 5413] ✓ Refreshed: 29.24 (unchanged value, timestamp updated)
[2026-01-14 13:39:15]   [emp_id: 5414] ✓ Refreshed: 28.91 (unchanged value, timestamp updated)
[2026-01-14 13:39:16]   [emp_id: 5415] ✓ Refreshed: 4.84 (unchanged value, timestamp updated)
[2026-01-14 13:39:16]   [emp_id: 5418] ✓ Refreshed: 16.09 (unchanged value, timestamp updated)
[2026-01-14 13:39:16]   [emp_id: 5422] ✓ Refreshed: 21.57 (unchanged value, timestamp updated)
[2026-01-14 13:39:16]   [emp_id: 5423] ✓ Refreshed: 6.26 (unchanged value, timestamp updated)
[2026-01-14 13:39:16]   [emp_id: 5425] ✓ Refreshed: 14.64 (unchanged value, timestamp updated)
[2026-01-14 13:39:16]   [emp_id: 5426] ✓ Refreshed: 2.81 (unchanged value, timestamp updated)
[2026-01-14 13:39:16]   [emp_id: 5426] ✓ Refreshed: 2.81 (unchanged value, timestamp updated)
[2026-01-14 13:39:16]   [emp_id: 5427] ✓ Refreshed: 14.75 (unchanged value, timestamp updated)
[2026-01-14 13:39:16]   [emp_id: 5428] ✓ Refreshed: 14.64 (unchanged value, timestamp updated)
[2026-01-14 13:39:16]   [emp_id: 5430] ✓ Refreshed: 18.63 (unchanged value, timestamp updated)
[2026-01-14 13:39:16]   [emp_id: 5431] ✓ Refreshed: 13.76 (unchanged value, timestamp updated)
[2026-01-14 13:39:16]   [emp_id: 5433] ✓ Refreshed: 13.78 (unchanged value, timestamp updated)
[2026-01-14 13:39:16]   [emp_id: 5434] ✓ Refreshed: 13.53 (unchanged value, timestamp updated)
[2026-01-14 13:39:16]   [emp_id: 5435] ✓ Refreshed: 13.47 (unchanged value, timestamp updated)
[2026-01-14 13:39:16]   [emp_id: 5436] ✓ Refreshed: 13.47 (unchanged value, timestamp updated)
[2026-01-14 13:39:16]   [emp_id: 5438] ✓ Refreshed: 16.49 (unchanged value, timestamp updated)
[2026-01-14 13:39:16]   [emp_id: 5439] ✓ Refreshed: 25.99 (unchanged value, timestamp updated)
[2026-01-14 13:39:16]   [emp_id: 5442] ✓ Refreshed: 14.99 (unchanged value, timestamp updated)
[2026-01-14 13:39:16]   [emp_id: 5445] ✓ Refreshed: 7.93 (unchanged value, timestamp updated)
[2026-01-14 13:39:16]   [emp_id: 5446] ✓ Refreshed: 7.93 (unchanged value, timestamp updated)
[2026-01-14 13:39:16]   [emp_id: 5447] ✓ Refreshed: 7.87 (unchanged value, timestamp updated)
[2026-01-14 13:39:16]   [emp_id: 5448] ✓ Refreshed: 2.01 (unchanged value, timestamp updated)
[2026-01-14 13:39:16]   [emp_id: 5449] ✓ Refreshed: 5.95 (unchanged value, timestamp updated)
[2026-01-14 13:39:16]   [emp_id: 5450] ✓ Refreshed: 5.89 (unchanged value, timestamp updated)
[2026-01-14 13:39:16]   [emp_id: 5451] ✓ Refreshed: 5.89 (unchanged value, timestamp updated)
[2026-01-14 13:39:16]   [emp_id: 5453] ✓ Refreshed: 5.73 (unchanged value, timestamp updated)
[2026-01-14 13:39:16]   [emp_id: 5454] ✓ Refreshed: 8.07 (unchanged value, timestamp updated)
[2026-01-14 13:39:16]   [emp_id: 5455] ✓ Refreshed: 2.32 (unchanged value, timestamp updated)
[2026-01-14 13:39:16]   [emp_id: 5456] ✓ Refreshed: 7.32 (unchanged value, timestamp updated)
[2026-01-14 13:39:16]   [emp_id: 5457] ✓ Refreshed: 4.98 (unchanged value, timestamp updated)
[2026-01-14 13:39:16]   [emp_id: 5460] ✓ Refreshed: 5.97 (unchanged value, timestamp updated)
[2026-01-14 13:39:16]   [emp_id: 5463] ✓ Refreshed: 5.3 (unchanged value, timestamp updated)
[2026-01-14 13:39:16]   [emp_id: 5464] ✓ Refreshed: 5.3 (unchanged value, timestamp updated)
[2026-01-14 13:39:16]   [emp_id: 5466] ✓ Refreshed: 3.05 (unchanged value, timestamp updated)
[2026-01-14 13:39:16]   [emp_id: 5467] ✓ Refreshed: 1.97 (unchanged value, timestamp updated)
[2026-01-14 13:39:16]   [emp_id: 5468] ✓ Refreshed: 0.92 (unchanged value, timestamp updated)
[2026-01-14 13:39:16]   [emp_id: 5469] ✓ Refreshed: 0.83 (unchanged value, timestamp updated)
[2026-01-14 13:39:16]   [emp_id: 5470] ✓ Refreshed: 0.5 (unchanged value, timestamp updated)
[2026-01-14 13:39:16] Report saved to: D:\xampp\htdocs\almutlak\system/cron_logs/last_vacation_update_report.json
[2026-01-14 13:39:31] ========== CRON: Vacation Balance Update Started ==========
[2026-01-14 13:53:41] ========== CRON: Vacation Balance Update Started ==========
[2026-01-14 15:15:28] ========== CRON: Vacation Balance Update Started ==========
[2026-01-14 16:18:18] ========== CRON: Vacation Balance Update Started ==========
