[2025-12-14 00:30:01] ========== CRON: Vacation Balance Update Started ==========
[2025-12-14 00:30:01] Database connection established
[2025-12-14 00:30:01] Found 439 active employees with balance records to update
[2025-12-14 00:30:01] (Only employees with status=1 will be processed)
[2025-12-14 00:30:01]   [emp_id: 1061] ✓ Updated: 31.68 → 31.76 (CHANGED)
[2025-12-14 00:30:01]   [emp_id: 1496] ✓ Updated: 14.85 → 14.93 (CHANGED)
[2025-12-14 00:30:01]   [emp_id: 1500] ✓ Updated: 24.1 → 24.18 (CHANGED)
[2025-12-14 00:30:01]   [emp_id: 1574] ✓ Updated: 31.76 → 31.84 (CHANGED)
[2025-12-14 00:30:01]   [emp_id: 1673] ✓ Updated: 43.26 → 43.34 (CHANGED)
[2025-12-14 00:30:01]   [emp_id: 1685] ✓ Updated: 13.18 → 13.26 (CHANGED)
[2025-12-14 00:30:01]   [emp_id: 1764] ✓ Updated: 67.85 → 67.93 (CHANGED)
[2025-12-14 00:30:01]   [emp_id: 1805] ✓ Updated: 62.18 → 62.26 (CHANGED)
[2025-12-14 00:30:01]   [emp_id: 1822] ✓ Updated: 66.93 → 67.01 (CHANGED)
[2025-12-14 00:30:01]   [emp_id: 1837] ✓ Updated: 23.1 → 23.18 (CHANGED)
[2025-12-14 00:30:02]   [emp_id: 1857] ✓ Updated: 18.43 → 18.51 (CHANGED)
[2025-12-14 00:30:02]   [emp_id: 1861] ✓ Updated: 69.26 → 69.34 (CHANGED)
[2025-12-14 00:30:02]   [emp_id: 1872] ✓ Updated: 8.1 → 8.18 (CHANGED)
[2025-12-14 00:30:02]   [emp_id: 1897] ✓ Updated: 30.43 → 30.51 (CHANGED)
[2025-12-14 00:30:02]   [emp_id: 1916] ✓ Updated: 9.73 → 9.81 (CHANGED)
[2025-12-14 00:30:02]   [emp_id: 1928] ✓ Updated: 62.68 → 62.76 (CHANGED)
[2025-12-14 00:30:02]   [emp_id: 1931] ✓ Updated: 82.6 → 82.68 (CHANGED)
[2025-12-14 00:30:02]   [emp_id: 1944] ✓ Updated: 40.76 → 40.84 (CHANGED)
[2025-12-14 00:30:02]   [emp_id: 1996] ✓ Updated: 69.26 → 69.34 (CHANGED)
[2025-12-14 00:30:02]   [emp_id: 1997] ✓ Updated: 34.43 → 34.51 (CHANGED)
[2025-12-14 00:30:02]   [emp_id: 1998] ✓ Updated: 85.76 → 85.84 (CHANGED)
[2025-12-14 00:30:02]   [emp_id: 1999] ✓ Updated: 86.76 → 86.84 (CHANGED)
[2025-12-14 00:30:02]   [emp_id: 2009] ✓ Updated: 33.18 → 33.26 (CHANGED)
[2025-12-14 00:30:02]   [emp_id: 2048] ✓ Updated: 23.01 → 23.09 (CHANGED)
[2025-12-14 00:30:02]   [emp_id: 2057] ✓ Updated: 63.85 → 63.93 (CHANGED)
[2025-12-14 00:30:02]   [emp_id: 2079] ✓ Updated: 46.18 → 46.26 (CHANGED)
[2025-12-14 00:30:02]   [emp_id: 2181] ✓ Updated: 35.18 → 35.26 (CHANGED)
[2025-12-14 00:30:02]   [emp_id: 2190] ✓ Updated: 4.51 → 4.59 (CHANGED)
[2025-12-14 00:30:02]   [emp_id: 2212] ✓ Updated: 22.51 → 22.59 (CHANGED)
[2025-12-14 00:30:02]   [emp_id: 2226] ✓ Updated: 67.26 → 67.34 (CHANGED)
[2025-12-14 00:30:02]   [emp_id: 2238] ✓ Updated: 65.51 → 65.59 (CHANGED)
[2025-12-14 00:30:02]   [emp_id: 2285] ✓ Updated: 34.18 → 34.26 (CHANGED)
[2025-12-14 00:30:02]   [emp_id: 2287] ✓ Updated: 45.85 → 45.93 (CHANGED)
[2025-12-14 00:30:02]   [emp_id: 2288] ✓ Updated: 60.76 → 60.84 (CHANGED)
[2025-12-14 00:30:02]   [emp_id: 2290] ✓ Updated: 77.68 → 77.76 (CHANGED)
[2025-12-14 00:30:02]   [emp_id: 2316] ✓ Updated: 14.68 → 14.76 (CHANGED)
[2025-12-14 00:30:02]   [emp_id: 2337] ✓ Updated: 35.76 → 35.84 (CHANGED)
[2025-12-14 00:30:02]   [emp_id: 2352] ✓ Updated: 67.26 → 67.34 (CHANGED)
[2025-12-14 00:30:02]   [emp_id: 2358] ✓ Updated: 3.76 → 3.84 (CHANGED)
[2025-12-14 00:30:02]   [emp_id: 2361] ✓ Updated: 69.43 → 69.51 (CHANGED)
[2025-12-14 00:30:02]   [emp_id: 2363] ✓ Updated: 72.01 → 72.09 (CHANGED)
[2025-12-14 00:30:02]   [emp_id: 2364] ✓ Updated: 71.43 → 71.51 (CHANGED)
[2025-12-14 00:30:02]   [emp_id: 2367] ✓ Updated: 99.1 → 99.18 (CHANGED)
[2025-12-14 00:30:02]   [emp_id: 2368] ✓ Updated: 29.51 → 29.59 (CHANGED)
[2025-12-14 00:30:02]   [emp_id: 2372] ✓ Updated: 66.76 → 66.84 (CHANGED)
[2025-12-14 00:30:02]   [emp_id: 2376] ✓ Updated: 116.76 → 116.84 (CHANGED)
[2025-12-14 00:30:02]   [emp_id: 2423] ✓ Updated: 17.51 → 17.59 (CHANGED)
[2025-12-14 00:30:02]   [emp_id: 2519] ✓ Updated: 171.18 → 171.26 (CHANGED)
[2025-12-14 00:30:02]   [emp_id: 2522] ✓ Updated: 54.76 → 54.84 (CHANGED)
[2025-12-14 00:30:02]   [emp_id: 2530] ✓ Updated: 50.01 → 50.09 (CHANGED)
[2025-12-14 00:30:02]   [emp_id: 2539] ✓ Updated: 46.76 → 46.84 (CHANGED)
[2025-12-14 00:30:02]   [emp_id: 2541] ✓ Updated: 27.35 → 27.43 (CHANGED)
[2025-12-14 00:30:02]   [emp_id: 2550] ✓ Updated: 93.51 → 93.59 (CHANGED)
[2025-12-14 00:30:02]   [emp_id: 2553] ✓ Updated: 60.51 → 60.59 (CHANGED)
[2025-12-14 00:30:02]   [emp_id: 2554] ✓ Updated: 37.1 → 37.18 (CHANGED)
[2025-12-14 00:30:02]   [emp_id: 2565] ✓ Updated: 91.68 → 91.76 (CHANGED)
[2025-12-14 00:30:02]   [emp_id: 2572] ✓ Updated: 41.68 → 41.76 (CHANGED)
[2025-12-14 00:30:02]   [emp_id: 2637] ✓ Updated: 62.26 → 62.34 (CHANGED)
[2025-12-14 00:30:02]   [emp_id: 2642] ✓ Updated: 75.01 → 75.09 (CHANGED)
[2025-12-14 00:30:02]   [emp_id: 2645] ✓ Updated: 91.01 → 91.09 (CHANGED)
[2025-12-14 00:30:02]   [emp_id: 2648] ✓ Updated: 42.68 → 42.76 (CHANGED)
[2025-12-14 00:30:02]   [emp_id: 2654] ✓ Updated: 85.35 → 85.43 (CHANGED)
[2025-12-14 00:30:02]   [emp_id: 2688] ✓ Updated: 23.43 → 23.51 (CHANGED)
[2025-12-14 00:30:02]   [emp_id: 2690] ✓ Updated: 12.18 → 12.26 (CHANGED)
[2025-12-14 00:30:02]   [emp_id: 2709] ✓ Updated: 34.43 → 34.51 (CHANGED)
[2025-12-14 00:30:02]   [emp_id: 2745] ✓ Updated: 31.01 → 31.09 (CHANGED)
[2025-12-14 00:30:02]   [emp_id: 2843] ✓ Updated: 77.6 → 77.68 (CHANGED)
[2025-12-14 00:30:02]   [emp_id: 2854] ✓ Updated: 57.51 → 57.59 (CHANGED)
[2025-12-14 00:30:02]   [emp_id: 2869] ✓ Updated: 62.43 → 62.51 (CHANGED)
[2025-12-14 00:30:02]   [emp_id: 2876] ✓ Updated: 32.26 → 32.34 (CHANGED)
[2025-12-14 00:30:02]   [emp_id: 2924] ✓ Updated: 13.43 → 13.51 (CHANGED)
[2025-12-14 00:30:02]   [emp_id: 2953] ✓ Updated: 99.18 → 99.26 (CHANGED)
[2025-12-14 00:30:02]   [emp_id: 2961] ✓ Updated: 9.18 → 9.26 (CHANGED)
[2025-12-14 00:30:02]   [emp_id: 2975] ✓ Updated: 11.18 → 11.26 (CHANGED)
[2025-12-14 00:30:02]   [emp_id: 3013] ✓ Updated: 8.18 → 8.26 (CHANGED)
[2025-12-14 00:30:02]   [emp_id: 3014] ✓ Updated: 87.43 → 87.51 (CHANGED)
[2025-12-14 00:30:02]   [emp_id: 3015] ✓ Updated: 38.68 → 38.76 (CHANGED)
[2025-12-14 00:30:02]   [emp_id: 3018] ✓ Updated: 57.43 → 57.51 (CHANGED)
[2025-12-14 00:30:02]   [emp_id: 3025] ✓ Updated: 81.1 → 81.18 (CHANGED)
[2025-12-14 00:30:02]   [emp_id: 3037] ✓ Updated: 80.93 → 81.01 (CHANGED)
[2025-12-14 00:30:02]   [emp_id: 3047] ✓ Updated: 69.18 → 69.26 (CHANGED)
[2025-12-14 00:30:02]   [emp_id: 3061] ✓ Updated: 16.1 → 16.18 (CHANGED)
[2025-12-14 00:30:02]   [emp_id: 3062] ✓ Updated: 49.26 → 49.34 (CHANGED)
[2025-12-14 00:30:02]   [emp_id: 3074] ✓ Updated: 105.68 → 105.76 (CHANGED)
[2025-12-14 00:30:02]   [emp_id: 3089] ✓ Updated: 4.6 → 4.68 (CHANGED)
[2025-12-14 00:30:02]   [emp_id: 3090] ✓ Updated: 31.18 → 31.26 (CHANGED)
[2025-12-14 00:30:02]   [emp_id: 3091] ✓ Updated: 43.18 → 43.26 (CHANGED)
[2025-12-14 00:30:02]   [emp_id: 3092] ✓ Updated: 25.85 → 25.93 (CHANGED)
[2025-12-14 00:30:02]   [emp_id: 3105] ✓ Updated: 46.18 → 46.26 (CHANGED)
[2025-12-14 00:30:02]   [emp_id: 3134] ✓ Updated: 41.93 → 42.01 (CHANGED)
[2025-12-14 00:30:02]   [emp_id: 3140] ✓ Updated: 39.01 → 39.09 (CHANGED)
[2025-12-14 00:30:02]   [emp_id: 3144] ✓ Updated: 11.85 → 11.93 (CHANGED)
[2025-12-14 00:30:02]   [emp_id: 3156] ✓ Updated: 15.18 → 15.26 (CHANGED)
[2025-12-14 00:30:02]   [emp_id: 3162] ✓ Updated: 0.16 → 0.24 (CHANGED)
[2025-12-14 00:30:02]   [emp_id: 3163] ✓ Updated: 3.43 → 3.51 (CHANGED)
[2025-12-14 00:30:02]   [emp_id: 3198] ✓ Updated: 38.43 → 38.51 (CHANGED)
[2025-12-14 00:30:02]   [emp_id: 3205] ✓ Updated: 15.1 → 15.18 (CHANGED)
[2025-12-14 00:30:02]   [emp_id: 3209] ✓ Updated: 39.26 → 39.34 (CHANGED)
[2025-12-14 00:30:02]   [emp_id: 3223] ✓ Updated: 88.18 → 88.26 (CHANGED)
[2025-12-14 00:30:02]   [emp_id: 3224] ✓ Updated: 62.93 → 63.01 (CHANGED)
[2025-12-14 00:30:02]   [emp_id: 3230] ✓ Updated: 86.35 → 86.43 (CHANGED)
[2025-12-14 00:30:02]   [emp_id: 3231] ✓ Updated: 87.6 → 87.68 (CHANGED)
[2025-12-14 00:30:02]   [emp_id: 3233] ✓ Updated: 79.18 → 79.26 (CHANGED)
[2025-12-14 00:30:02]   [emp_id: 3249] ✓ Updated: 35.01 → 35.09 (CHANGED)
[2025-12-14 00:30:02]   [emp_id: 3250] ✓ Updated: 8.01 → 8.09 (CHANGED)
[2025-12-14 00:30:02]   [emp_id: 3252] ✓ Updated: 8.93 → 9.01 (CHANGED)
[2025-12-14 00:30:02]   [emp_id: 3254] ✓ Updated: 19.43 → 19.51 (CHANGED)
[2025-12-14 00:30:02]   [emp_id: 3255] ✓ Updated: 15.85 → 15.93 (CHANGED)
[2025-12-14 00:30:02]   [emp_id: 3256] ✓ Updated: 12.1 → 12.18 (CHANGED)
[2025-12-14 00:30:02]   [emp_id: 3263] ✓ Updated: 28.18 → 28.26 (CHANGED)
[2025-12-14 00:30:02]   [emp_id: 3265] ✓ Updated: 23.76 → 23.84 (CHANGED)
[2025-12-14 00:30:02]   [emp_id: 3280] ✓ Updated: 70.68 → 70.76 (CHANGED)
[2025-12-14 00:30:02]   [emp_id: 3286] ✓ Updated: 13.85 → 13.93 (CHANGED)
[2025-12-14 00:30:02]   [emp_id: 3294] ✓ Updated: 13.51 → 13.59 (CHANGED)
[2025-12-14 00:30:02]   [emp_id: 3321] ✓ Updated: 70.68 → 70.76 (CHANGED)
[2025-12-14 00:30:02]   [emp_id: 3325] ✓ Updated: 58.43 → 58.51 (CHANGED)
[2025-12-14 00:30:02]   [emp_id: 3329] ✓ Updated: 60.76 → 60.84 (CHANGED)
[2025-12-14 00:30:02]   [emp_id: 3330] ✓ Updated: 60.76 → 60.84 (CHANGED)
[2025-12-14 00:30:02]   [emp_id: 3332] ✓ Updated: 60.76 → 60.84 (CHANGED)
[2025-12-14 00:30:02]   [emp_id: 3370] ✓ Updated: 52.43 → 52.51 (CHANGED)
[2025-12-14 00:30:02]   [emp_id: 3384] ✓ Updated: 12.93 → 13.01 (CHANGED)
[2025-12-14 00:30:02]   [emp_id: 3386] ✓ Updated: 42.93 → 43.01 (CHANGED)
[2025-12-14 00:30:02]   [emp_id: 3431] ✓ Updated: 18.35 → 18.43 (CHANGED)
[2025-12-14 00:30:02]   [emp_id: 3497] ✓ Updated: 7.51 → 7.59 (CHANGED)
[2025-12-14 00:30:02]   [emp_id: 3532] ✓ Updated: 44.35 → 44.43 (CHANGED)
[2025-12-14 00:30:02]   [emp_id: 3586] ✓ Updated: 8.43 → 8.51 (CHANGED)
[2025-12-14 00:30:02]   [emp_id: 3602] ✓ Updated: 51.43 → 51.51 (CHANGED)
[2025-12-14 00:30:02]   [emp_id: 3618] ✓ Updated: 21.9 → 21.98 (CHANGED)
[2025-12-14 00:30:02]   [emp_id: 3622] ✓ Updated: 33.45 → 33.5 (CHANGED)
[2025-12-14 00:30:02]   [emp_id: 3627] ✓ Updated: 7.85 → 7.93 (CHANGED)
[2025-12-14 00:30:02]   [emp_id: 3665] ✓ Updated: 49.43 → 49.51 (CHANGED)
[2025-12-14 00:30:02]   [emp_id: 3705] ✓ Updated: 26.78 → 26.83 (CHANGED)
[2025-12-14 00:30:02]   [emp_id: 3724] ✓ Updated: 42.43 → 42.51 (CHANGED)
[2025-12-14 00:30:02]   [emp_id: 3726] ✓ Updated: 58.85 → 58.93 (CHANGED)
[2025-12-14 00:30:02]   [emp_id: 3727] ✓ Updated: 63.93 → 64.01 (CHANGED)
[2025-12-14 00:30:02]   [emp_id: 3728] ✓ Updated: 8.26 → 8.34 (CHANGED)
[2025-12-14 00:30:02]   [emp_id: 3742] ✓ Updated: 31.43 → 31.51 (CHANGED)
[2025-12-14 00:30:02]   [emp_id: 3767] ✓ Updated: 59.01 → 59.09 (CHANGED)
[2025-12-14 00:30:02]   [emp_id: 3768] ✓ Updated: 55.26 → 55.34 (CHANGED)
[2025-12-14 00:30:02]   [emp_id: 3787] ✓ Updated: 55.85 → 55.93 (CHANGED)
[2025-12-14 00:30:02]   [emp_id: 3790] ✓ Updated: 0.4 → 0.48 (CHANGED)
[2025-12-14 00:30:02]   [emp_id: 3795] ✓ Updated: 13.35 → 13.43 (CHANGED)
[2025-12-14 00:30:02]   [emp_id: 3798] ✓ Updated: 91.76 → 91.84 (CHANGED)
[2025-12-14 00:30:02]   [emp_id: 3801] ✓ Updated: 29.93 → 30.01 (CHANGED)
[2025-12-14 00:30:02]   [emp_id: 3802] ✓ Updated: 29.01 → 29.09 (CHANGED)
[2025-12-14 00:30:02]   [emp_id: 3803] ✓ Updated: 113.43 → 113.51 (CHANGED)
[2025-12-14 00:30:02]   [emp_id: 3810] ✓ Updated: 59.43 → 59.51 (CHANGED)
[2025-12-14 00:30:02]   [emp_id: 3812] ✓ Updated: 88.43 → 88.51 (CHANGED)
[2025-12-14 00:30:02]   [emp_id: 3815] ✓ Updated: 88.43 → 88.51 (CHANGED)
[2025-12-14 00:30:02]   [emp_id: 3836] ✓ Updated: 56.1 → 56.18 (CHANGED)
[2025-12-14 00:30:02]   [emp_id: 3855] ✓ Updated: 49.26 → 49.34 (CHANGED)
[2025-12-14 00:30:02]   [emp_id: 3857] ✓ Updated: 52.93 → 53.01 (CHANGED)
[2025-12-14 00:30:02]   [emp_id: 3862] ✓ Updated: 101.01 → 101.09 (CHANGED)
[2025-12-14 00:30:02]   [emp_id: 3866] ✓ Updated: 26.26 → 26.34 (CHANGED)
[2025-12-14 00:30:02]   [emp_id: 3876] ✓ Updated: 46.43 → 46.51 (CHANGED)
[2025-12-14 00:30:02]   [emp_id: 3877] ✓ Updated: 47.93 → 48.01 (CHANGED)
[2025-12-14 00:30:02]   [emp_id: 3897] ✓ Updated: 36.18 → 36.26 (CHANGED)
[2025-12-14 00:30:02]   [emp_id: 3899] ✓ Updated: 51.35 → 51.43 (CHANGED)
[2025-12-14 00:30:02]   [emp_id: 3928] ✓ Updated: 12.26 → 12.34 (CHANGED)
[2025-12-14 00:30:02]   [emp_id: 3929] ✓ Updated: 7.26 → 7.34 (CHANGED)
[2025-12-14 00:30:02]   [emp_id: 3935] ✓ Updated: 92.26 → 92.34 (CHANGED)
[2025-12-14 00:30:02]   [emp_id: 3952] ✓ Updated: 74.6 → 74.68 (CHANGED)
[2025-12-14 00:30:02]   [emp_id: 3987] ✓ Updated: 12.51 → 12.59 (CHANGED)
[2025-12-14 00:30:02]   [emp_id: 4059] ✓ Updated: 1.71 → 1.79 (CHANGED)
[2025-12-14 00:30:02]   [emp_id: 4119] ✓ Updated: 55.18 → 55.26 (CHANGED)
[2025-12-14 00:30:02]   [emp_id: 4120] ✓ Updated: 24.76 → 24.84 (CHANGED)
[2025-12-14 00:30:02]   [emp_id: 4124] ✓ Updated: 55.18 → 55.26 (CHANGED)
[2025-12-14 00:30:02]   [emp_id: 4133] ✓ Updated: 103.76 → 103.84 (CHANGED)
[2025-12-14 00:30:02]   [emp_id: 4134] ✓ Updated: 24.76 → 24.84 (CHANGED)
[2025-12-14 00:30:02]   [emp_id: 4136] ✓ Updated: 24.76 → 24.84 (CHANGED)
[2025-12-14 00:30:02]   [emp_id: 4150] ✓ Updated: 23.43 → 23.51 (CHANGED)
[2025-12-14 00:30:03]   [emp_id: 4157] ✓ Updated: 16.93 → 17.01 (CHANGED)
[2025-12-14 00:30:03]   [emp_id: 4172] ✓ Updated: 11.36 → 11.41 (CHANGED)
[2025-12-14 00:30:03]   [emp_id: 4195] ✓ Updated: 60.51 → 60.59 (CHANGED)
[2025-12-14 00:30:03]   [emp_id: 4215] ✓ Updated: 43.18 → 43.26 (CHANGED)
[2025-12-14 00:30:03]   [emp_id: 4220] ✓ Updated: 38.76 → 38.84 (CHANGED)
[2025-12-14 00:30:03]   [emp_id: 4273] ✓ Updated: 7.43 → 7.51 (CHANGED)
[2025-12-14 00:30:03]   [emp_id: 4283] ✓ Updated: 12.45 → 12.5 (CHANGED)
[2025-12-14 00:30:03]   [emp_id: 4288] ✓ Updated: 42.26 → 42.34 (CHANGED)
[2025-12-14 00:30:03]   [emp_id: 4315] ✓ Updated: 13.68 → 13.76 (CHANGED)
[2025-12-14 00:30:03]   [emp_id: 4328] ✓ Updated: 41.28 → 41.33 (CHANGED)
[2025-12-14 00:30:03]   [emp_id: 4329] ✓ Updated: 3.85 → 3.93 (CHANGED)
[2025-12-14 00:30:03]   [emp_id: 4338] ✓ Updated: 45.43 → 45.51 (CHANGED)
[2025-12-14 00:30:03]   [emp_id: 4340] ✓ Updated: 124.43 → 124.51 (CHANGED)
[2025-12-14 00:30:03]   [emp_id: 4365] ✓ Updated: 58.85 → 58.93 (CHANGED)
[2025-12-14 00:30:03]   [emp_id: 4366] ✓ Updated: 57.93 → 58.01 (CHANGED)
[2025-12-14 00:30:03]   [emp_id: 4403] ✓ Updated: 83.76 → 83.84 (CHANGED)
[2025-12-14 00:30:03]   [emp_id: 4438] ✓ Updated: 19.43 → 19.51 (CHANGED)
[2025-12-14 00:30:03]   [emp_id: 4465] ✓ Updated: 11.61 → 11.66 (CHANGED)
[2025-12-14 00:30:03]   [emp_id: 4473] ✓ Updated: 43.01 → 43.09 (CHANGED)
[2025-12-14 00:30:03]   [emp_id: 4474] ✓ Updated: 58.36 → 58.41 (CHANGED)
[2025-12-14 00:30:03]   [emp_id: 4493] ✓ Updated: 161.85 → 161.93 (CHANGED)
[2025-12-14 00:30:03]   [emp_id: 4526] ✓ Updated: 34.1 → 34.18 (CHANGED)
[2025-12-14 00:30:03]   [emp_id: 4528] ✓ Updated: 105.85 → 105.93 (CHANGED)
[2025-12-14 00:30:03]   [emp_id: 4528] ✓ Updated: 105.85 → 105.93 (CHANGED)
[2025-12-14 00:30:03]   [emp_id: 4532] ✓ Updated: 69.11 → 69.16 (CHANGED)
[2025-12-14 00:30:03]   [emp_id: 4533] ✓ Updated: 34.26 → 34.34 (CHANGED)
[2025-12-14 00:30:03]   [emp_id: 4564] ✓ Updated: 24.36 → 24.41 (CHANGED)
[2025-12-14 00:30:03]   [emp_id: 4565] ✓ Updated: 14.11 → 14.16 (CHANGED)
[2025-12-14 00:30:03]   [emp_id: 4567] ✓ Updated: 18.36 → 18.41 (CHANGED)
[2025-12-14 00:30:03]   [emp_id: 4572] ✓ Updated: 57.86 → 57.91 (CHANGED)
[2025-12-14 00:30:03]   [emp_id: 4631] ✓ Updated: 14.11 → 14.16 (CHANGED)
[2025-12-14 00:30:03]   [emp_id: 4655] ✓ Updated: 23.18 → 23.26 (CHANGED)
[2025-12-14 00:30:03]   [emp_id: 4689] ✓ Updated: 20.85 → 20.93 (CHANGED)
[2025-12-14 00:30:03]   [emp_id: 4709] ✓ Updated: 38.43 → 38.51 (CHANGED)
[2025-12-14 00:30:03]   [emp_id: 4717] ✓ Updated: 64.43 → 64.51 (CHANGED)
[2025-12-14 00:30:03]   [emp_id: 4736] ✓ Updated: 26.26 → 26.34 (CHANGED)
[2025-12-14 00:30:03]   [emp_id: 4756] ✓ Updated: 60 → 60.05 (CHANGED)
[2025-12-14 00:30:03]   [emp_id: 4768] ✓ Updated: 10.93 → 11.01 (CHANGED)
[2025-12-14 00:30:03]   [emp_id: 4780] ✓ Updated: 64.28 → 64.33 (CHANGED)
[2025-12-14 00:30:03]   [emp_id: 4820] ✓ Updated: 97.26 → 97.34 (CHANGED)
[2025-12-14 00:30:03]   [emp_id: 4825] ✓ Updated: 29.01 → 29.09 (CHANGED)
[2025-12-14 00:30:03]   [emp_id: 4835] ✓ Updated: 47.03 → 47.08 (CHANGED)
[2025-12-14 00:30:03]   [emp_id: 4837] ✓ Updated: 44.27 → 44.32 (CHANGED)
[2025-12-14 00:30:03]   [emp_id: 4838] ✓ Updated: 43.29 → 43.34 (CHANGED)
[2025-12-14 00:30:03]   [emp_id: 4840] ✓ Updated: 44.27 → 44.32 (CHANGED)
[2025-12-14 00:30:03]   [emp_id: 4842] ✓ Updated: 43.51 → 43.56 (CHANGED)
[2025-12-14 00:30:03]   [emp_id: 4843] ✓ Updated: 44.04 → 44.09 (CHANGED)
[2025-12-14 00:30:03]   [emp_id: 4853] ✓ Updated: 87.86 → 87.91 (CHANGED)
[2025-12-14 00:30:03]   [emp_id: 4856] ✓ Updated: 41.18 → 41.23 (CHANGED)
[2025-12-14 00:30:03]   [emp_id: 4857] ✓ Updated: 24 → 24.05 (CHANGED)
[2025-12-14 00:30:03]   [emp_id: 4858] ✓ Updated: 20.88 → 20.93 (CHANGED)
[2025-12-14 00:30:03]   [emp_id: 4859] ✓ Updated: 42.35 → 42.4 (CHANGED)
[2025-12-14 00:30:03]   [emp_id: 4860] ✓ Updated: 6.85 → 6.9 (CHANGED)
[2025-12-14 00:30:03]   [emp_id: 4861] ✓ Updated: 40.31 → 40.36 (CHANGED)
[2025-12-14 00:30:03]   [emp_id: 4869] ✓ Updated: 83.19 → 83.24 (CHANGED)
[2025-12-14 00:30:03]   [emp_id: 4894] ✓ Updated: 5.93 → 6.01 (CHANGED)
[2025-12-14 00:30:03]   [emp_id: 4897] ✓ Updated: 22.09 → 22.14 (CHANGED)
[2025-12-14 00:30:03]   [emp_id: 4899] ✓ Updated: 18.26 → 18.31 (CHANGED)
[2025-12-14 00:30:03]   [emp_id: 4902] ✓ Updated: 17.68 → 17.73 (CHANGED)
[2025-12-14 00:30:03]   [emp_id: 4903] ✓ Updated: 19.9 → 19.95 (CHANGED)
[2025-12-14 00:30:03]   [emp_id: 4905] ✓ Updated: 18.56 → 18.61 (CHANGED)
[2025-12-14 00:30:03]   [emp_id: 4907] ✓ Updated: 46.01 → 46.09 (CHANGED)
[2025-12-14 00:30:03]   [emp_id: 4917] ✓ Updated: 15.52 → 15.57 (CHANGED)
[2025-12-14 00:30:03]   [emp_id: 4918] ✓ Updated: 5.29 → 5.34 (CHANGED)
[2025-12-14 00:30:03]   [emp_id: 4919] ✓ Updated: 57.58 → 57.63 (CHANGED)
[2025-12-14 00:30:03]   [emp_id: 4920] ✓ Updated: 57.41 → 57.46 (CHANGED)
[2025-12-14 00:30:03]   [emp_id: 4921] ✓ Updated: 16.75 → 16.8 (CHANGED)
[2025-12-14 00:30:03]   [emp_id: 4927] ✓ Updated: 15.58 → 15.63 (CHANGED)
[2025-12-14 00:30:03]   [emp_id: 4929] ✓ Updated: 17.1 → 17.15 (CHANGED)
[2025-12-14 00:30:03]   [emp_id: 4930] ✓ Updated: 57.87 → 57.92 (CHANGED)
[2025-12-14 00:30:03]   [emp_id: 4932] ✓ Updated: 15.87 → 15.92 (CHANGED)
[2025-12-14 00:30:03]   [emp_id: 4933] ✓ Updated: 19.28 → 19.33 (CHANGED)
[2025-12-14 00:30:03]   [emp_id: 4949] ✓ Updated: 34.71 → 34.76 (CHANGED)
[2025-12-14 00:30:03]   [emp_id: 4956] ✓ Updated: 28.3 → 28.35 (CHANGED)
[2025-12-14 00:30:03]   [emp_id: 4957] ✓ Updated: 28.97 → 29.02 (CHANGED)
[2025-12-14 00:30:03]   [emp_id: 4962] ✓ Updated: 52.26 → 52.34 (CHANGED)
[2025-12-14 00:30:03]   [emp_id: 4969] ✓ Updated: 44.68 → 44.76 (CHANGED)
[2025-12-14 00:30:03]   [emp_id: 4976] ✓ Updated: 8.99 → 9.04 (CHANGED)
[2025-12-14 00:30:03]   [emp_id: 4984] ✓ Updated: 35.93 → 36.01 (CHANGED)
[2025-12-14 00:30:03]   [emp_id: 4995] ✓ Updated: 48 → 48.08 (CHANGED)
[2025-12-14 00:30:03]   [emp_id: 5004] ✓ Updated: 44.67 → 44.72 (CHANGED)
[2025-12-14 00:30:03]   [emp_id: 5006] ✓ Updated: 25.67 → 25.72 (CHANGED)
[2025-12-14 00:30:03]   [emp_id: 5011] ✓ Updated: 11.6 → 11.68 (CHANGED)
[2025-12-14 00:30:03]   [emp_id: 5013] ✓ Updated: 66.04 → 66.09 (CHANGED)
[2025-12-14 00:30:03]   [emp_id: 5018] ✓ Updated: 20.28 → 20.33 (CHANGED)
[2025-12-14 00:30:03]   [emp_id: 5021] ✓ Updated: 63.11 → 63.19 (CHANGED)
[2025-12-14 00:30:03]   [emp_id: 5021] ✓ Updated: 63.11 → 63.19 (CHANGED)
[2025-12-14 00:30:03]   [emp_id: 5024] ✓ Updated: 0.55 → 0.6 (CHANGED)
[2025-12-14 00:30:03]   [emp_id: 5030] ✓ Updated: 30.5 → 30.55 (CHANGED)
[2025-12-14 00:30:03]   [emp_id: 5033] ✓ Updated: 21.3 → 21.35 (CHANGED)
[2025-12-14 00:30:03]   [emp_id: 5043] ✓ Updated: 28.6 → 28.68 (CHANGED)
[2025-12-14 00:30:03]   [emp_id: 5045] ✓ Updated: 25.1 → 25.18 (CHANGED)
[2025-12-14 00:30:03]   [emp_id: 5046] ✓ Updated: 20.29 → 20.37 (CHANGED)
[2025-12-14 00:30:03]   [emp_id: 5049] ✓ Updated: 37.98 → 38.03 (CHANGED)
[2025-12-14 00:30:03]   [emp_id: 5052] ✓ Updated: 29.26 → 29.31 (CHANGED)
[2025-12-14 00:30:03]   [emp_id: 5055] ✓ Updated: 36.45 → 36.5 (CHANGED)
[2025-12-14 00:30:03]   [emp_id: 5058] ✓ Updated: 26.68 → 26.73 (CHANGED)
[2025-12-14 00:30:03]   [emp_id: 5062] ✓ Updated: 38.51 → 38.56 (CHANGED)
[2025-12-14 00:30:03]   [emp_id: 5064] ✓ Updated: 115.93 → 116.01 (CHANGED)
[2025-12-14 00:30:03]   [emp_id: 5065] ✓ Updated: 37.92 → 37.97 (CHANGED)
[2025-12-14 00:30:03]   [emp_id: 5071] ✓ Updated: 21.43 → 21.51 (CHANGED)
[2025-12-14 00:30:03]   [emp_id: 5073] ✓ Updated: 12.52 → 12.57 (CHANGED)
[2025-12-14 00:30:03]   [emp_id: 5079] ✓ Updated: 33.08 → 33.13 (CHANGED)
[2025-12-14 00:30:03]   [emp_id: 5080] ✓ Updated: 30.41 → 30.46 (CHANGED)
[2025-12-14 00:30:03]   [emp_id: 5081] ✓ Updated: 35.41 → 35.46 (CHANGED)
[2025-12-14 00:30:03]   [emp_id: 5087] ✓ Updated: 34.71 → 34.76 (CHANGED)
[2025-12-14 00:30:03]   [emp_id: 5091] ✓ Updated: 74.56 → 74.61 (CHANGED)
[2025-12-14 00:30:03]   [emp_id: 5093] ✓ Updated: 12.6 → 12.68 (CHANGED)
[2025-12-14 00:30:03]   [emp_id: 5095] ✓ Updated: 0.1 → 0.15 (CHANGED)
[2025-12-14 00:30:03]   [emp_id: 5101] ✓ Updated: 14.68 → 14.76 (CHANGED)
[2025-12-14 00:30:03]   [emp_id: 5107] ✓ Updated: 13.01 → 13.09 (CHANGED)
[2025-12-14 00:30:03]   [emp_id: 5109] ✓ Updated: 10.26 → 10.34 (CHANGED)
[2025-12-14 00:30:03]   [emp_id: 5119] ✓ Updated: 8.43 → 8.51 (CHANGED)
[2025-12-14 00:30:03]   [emp_id: 5122] ✓ Updated: 5.6 → 5.68 (CHANGED)
[2025-12-14 00:30:03]   [emp_id: 5126] ✓ Updated: 25.44 → 25.49 (CHANGED)
[2025-12-14 00:30:03]   [emp_id: 5127] ✓ Updated: 22.23 → 22.28 (CHANGED)
[2025-12-14 00:30:03]   [emp_id: 5128] ✓ Updated: 25.38 → 25.43 (CHANGED)
[2025-12-14 00:30:03]   [emp_id: 5138] ✓ Updated: 64.26 → 64.34 (CHANGED)
[2025-12-14 00:30:03]   [emp_id: 5138] ✓ Updated: 64.26 → 64.34 (CHANGED)
[2025-12-14 00:30:03]   [emp_id: 5141] ✓ Updated: 33.75 → 33.8 (CHANGED)
[2025-12-14 00:30:03]   [emp_id: 5142] ✓ Updated: 12.75 → 12.8 (CHANGED)
[2025-12-14 00:30:03]   [emp_id: 5146] ✓ Updated: 19.75 → 19.8 (CHANGED)
[2025-12-14 00:30:03]   [emp_id: 5147] ✓ Updated: 18.75 → 18.8 (CHANGED)
[2025-12-14 00:30:03]   [emp_id: 5148] ✓ Updated: 24.1 → 24.15 (CHANGED)
[2025-12-14 00:30:03]   [emp_id: 5149] ✓ Updated: 22.99 → 23.04 (CHANGED)
[2025-12-14 00:30:03]   [emp_id: 5150] ✓ Updated: 22.35 → 22.4 (CHANGED)
[2025-12-14 00:30:03]   [emp_id: 5151] ✓ Updated: 22.17 → 22.22 (CHANGED)
[2025-12-14 00:30:03]   [emp_id: 5152] ✓ Updated: 2.59 → 2.64 (CHANGED)
[2025-12-14 00:30:03]   [emp_id: 5157] ✓ Updated: 22.17 → 22.22 (CHANGED)
[2025-12-14 00:30:03]   [emp_id: 5160] ✓ Updated: 22.17 → 22.22 (CHANGED)
[2025-12-14 00:30:03]   [emp_id: 5163] ✓ Updated: 19.96 → 20.01 (CHANGED)
[2025-12-14 00:30:03]   [emp_id: 5165] ✓ Updated: 28.6 → 28.68 (CHANGED)
[2025-12-14 00:30:03]   [emp_id: 5167] ✓ Updated: 29.11 → 29.16 (CHANGED)
[2025-12-14 00:30:03]   [emp_id: 5168] ✓ Updated: 21.65 → 21.7 (CHANGED)
[2025-12-14 00:30:03]   [emp_id: 5173] ✓ Updated: 23.35 → 23.43 (CHANGED)
[2025-12-14 00:30:03]   [emp_id: 5174] ✓ Updated: 22.11 → 22.16 (CHANGED)
[2025-12-14 00:30:03]   [emp_id: 5181] ✓ Updated: 18.5 → 18.55 (CHANGED)
[2025-12-14 00:30:03]   [emp_id: 5186] ✓ Updated: 24.03 → 24.08 (CHANGED)
[2025-12-14 00:30:03]   [emp_id: 5187] ✓ Updated: 35.03 → 35.08 (CHANGED)
[2025-12-14 00:30:03]   [emp_id: 5204] ✓ Updated: 20.85 → 20.93 (CHANGED)
[2025-12-14 00:30:03]   [emp_id: 5205] ✓ Updated: 11.24 → 11.29 (CHANGED)
[2025-12-14 00:30:03]   [emp_id: 5209] ✓ Updated: 14.24 → 14.29 (CHANGED)
[2025-12-14 00:30:03]   [emp_id: 5213] ✓ Updated: 0.65 → 0.7 (CHANGED)
[2025-12-14 00:30:03]   [emp_id: 5214] ✓ Updated: 14.24 → 14.29 (CHANGED)
[2025-12-14 00:30:03]   [emp_id: 5215] ✓ Updated: 9.24 → 9.29 (CHANGED)
[2025-12-14 00:30:03]   [emp_id: 5217] ✓ Updated: 8.24 → 8.29 (CHANGED)
[2025-12-14 00:30:03]   [emp_id: 5219] ✓ Updated: 12.24 → 12.29 (CHANGED)
[2025-12-14 00:30:03]   [emp_id: 5221] ✓ Updated: 3.61 → 3.66 (CHANGED)
[2025-12-14 00:30:03]   [emp_id: 5224] ✓ Updated: 13.24 → 13.29 (CHANGED)
[2025-12-14 00:30:03]   [emp_id: 5225] ✓ Updated: 7.91 → 7.96 (CHANGED)
[2025-12-14 00:30:03]   [emp_id: 5228] ✓ Updated: 8.24 → 8.29 (CHANGED)
[2025-12-14 00:30:03]   [emp_id: 5229] ✓ Updated: 4.24 → 4.29 (CHANGED)
[2025-12-14 00:30:03]   [emp_id: 5230] ✓ Updated: 14.24 → 14.29 (CHANGED)
[2025-12-14 00:30:03]   [emp_id: 5231] ✓ Updated: 5.24 → 5.29 (CHANGED)
[2025-12-14 00:30:03]   [emp_id: 5232] ✓ Updated: 10.24 → 10.29 (CHANGED)
[2025-12-14 00:30:03]   [emp_id: 5233] ✓ Updated: 3.24 → 3.29 (CHANGED)
[2025-12-14 00:30:03]   [emp_id: 5234] ✓ Updated: 3.24 → 3.29 (CHANGED)
[2025-12-14 00:30:03]   [emp_id: 5235] ✓ Updated: 14.24 → 14.29 (CHANGED)
[2025-12-14 00:30:03]   [emp_id: 5237] ✓ Updated: 14.24 → 14.29 (CHANGED)
[2025-12-14 00:30:03]   [emp_id: 5238] ✓ Updated: 6.86 → 6.91 (CHANGED)
[2025-12-14 00:30:03]   [emp_id: 5239] ✓ Updated: 6.24 → 6.29 (CHANGED)
[2025-12-14 00:30:03]   [emp_id: 5241] ✓ Updated: 4.24 → 4.29 (CHANGED)
[2025-12-14 00:30:03]   [emp_id: 5242] ✓ Updated: 14.24 → 14.29 (CHANGED)
[2025-12-14 00:30:03]   [emp_id: 5243] ✓ Updated: 0.65 → 0.7 (CHANGED)
[2025-12-14 00:30:03]   [emp_id: 5244] ✓ Updated: 3.51 → 3.56 (CHANGED)
[2025-12-14 00:30:03]   [emp_id: 5246] ✓ Updated: 10.24 → 10.29 (CHANGED)
[2025-12-14 00:30:03]   [emp_id: 5253] ✓ Updated: 28.86 → 28.91 (CHANGED)
[2025-12-14 00:30:03]   [emp_id: 5254] ✓ Updated: 11.09 → 11.14 (CHANGED)
[2025-12-14 00:30:03]   [emp_id: 5257] ✓ Updated: 10.8 → 10.85 (CHANGED)
[2025-12-14 00:30:03]   [emp_id: 5259] ✓ Updated: 47.33 → 47.38 (CHANGED)
[2025-12-14 00:30:03]   [emp_id: 5261] ✓ Updated: 48.35 → 48.43 (CHANGED)
[2025-12-14 00:30:04]   [emp_id: 5264] ✓ Updated: 24.81 → 24.86 (CHANGED)
[2025-12-14 00:30:04]   [emp_id: 5266] ✓ Updated: 24.76 → 24.81 (CHANGED)
[2025-12-14 00:30:04]   [emp_id: 5268] ✓ Updated: 8 → 8.05 (CHANGED)
[2025-12-14 00:30:04]   [emp_id: 5271] ✓ Updated: 6.66 → 6.71 (CHANGED)
[2025-12-14 00:30:04]   [emp_id: 5272] ✓ Updated: 7.53 → 7.58 (CHANGED)
[2025-12-14 00:30:04]   [emp_id: 5273] ✓ Updated: 25.32 → 25.37 (CHANGED)
[2025-12-14 00:30:04]   [emp_id: 5275] ✓ Updated: 8.35 → 8.4 (CHANGED)
[2025-12-14 00:30:04]   [emp_id: 5276] ✓ Updated: 22.62 → 22.67 (CHANGED)
[2025-12-14 00:30:04]   [emp_id: 5278] ✓ Updated: 7.01 → 7.06 (CHANGED)
[2025-12-14 00:30:04]   [emp_id: 5280] ✓ Updated: 17.41 → 17.46 (CHANGED)
[2025-12-14 00:30:04]   [emp_id: 5282] ✓ Updated: 9.93 → 10.01 (CHANGED)
[2025-12-14 00:30:04]   [emp_id: 5285] ✓ Updated: 27.41 → 27.46 (CHANGED)
[2025-12-14 00:30:04]   [emp_id: 5286] ✓ Updated: 14.41 → 14.46 (CHANGED)
[2025-12-14 00:30:04]   [emp_id: 5287] ✓ Updated: 48.71 → 48.76 (CHANGED)
[2025-12-14 00:30:04]   [emp_id: 5288] ✓ Updated: 37.72 → 37.77 (CHANGED)
[2025-12-14 00:30:04]   [emp_id: 5289] ✓ Updated: 47.26 → 47.31 (CHANGED)
[2025-12-14 00:30:04]   [emp_id: 5290] ✓ Updated: 46.03 → 46.08 (CHANGED)
[2025-12-14 00:30:04]   [emp_id: 5291] ✓ Updated: 4.03 → 4.08 (CHANGED)
[2025-12-14 00:30:04]   [emp_id: 5292] ✓ Updated: 3.97 → 4.02 (CHANGED)
[2025-12-14 00:30:04]   [emp_id: 5293] ✓ Updated: 36.1 → 36.18 (CHANGED)
[2025-12-14 00:30:04]   [emp_id: 5294] ✓ Updated: 5.85 → 5.93 (CHANGED)
[2025-12-14 00:30:04]   [emp_id: 5295] ✓ Updated: 20.21 → 20.26 (CHANGED)
[2025-12-14 00:30:04]   [emp_id: 5296] ✓ Updated: 29.73 → 29.81 (CHANGED)
[2025-12-14 00:30:04]   [emp_id: 5297] ✓ Updated: 44.63 → 44.68 (CHANGED)
[2025-12-14 00:30:04]   [emp_id: 5298] ✓ Updated: 44.63 → 44.68 (CHANGED)
[2025-12-14 00:30:04]   [emp_id: 5299] ✓ Updated: 44.63 → 44.68 (CHANGED)
[2025-12-14 00:30:04]   [emp_id: 5300] ✓ Updated: 44.63 → 44.68 (CHANGED)
[2025-12-14 00:30:04]   [emp_id: 5301] ✓ Updated: 2.45 → 2.5 (CHANGED)
[2025-12-14 00:30:04]   [emp_id: 5303] ✓ Updated: 44.63 → 44.68 (CHANGED)
[2025-12-14 00:30:04]   [emp_id: 5304] ✓ Updated: 44.63 → 44.68 (CHANGED)
[2025-12-14 00:30:04]   [emp_id: 5305] ✓ Updated: 2.63 → 2.68 (CHANGED)
[2025-12-14 00:30:04]   [emp_id: 5306] ✓ Updated: 44.34 → 44.39 (CHANGED)
[2025-12-14 00:30:04]   [emp_id: 5307] ✓ Updated: 44.34 → 44.39 (CHANGED)
[2025-12-14 00:30:04]   [emp_id: 5312] ✓ Updated: 0.1 → 0.15 (CHANGED)
[2025-12-14 00:30:04]   [emp_id: 5318] ✓ Updated: 25.05 → 25.1 (CHANGED)
[2025-12-14 00:30:04]   [emp_id: 5325] ✓ Updated: 21.01 → 21.06 (CHANGED)
[2025-12-14 00:30:04]   [emp_id: 5326] ✓ Updated: 41.83 → 41.88 (CHANGED)
[2025-12-14 00:30:04]   [emp_id: 5327] ✓ Updated: 0.1 → 0.15 (CHANGED)
[2025-12-14 00:30:04]   [emp_id: 5331] ✓ Updated: 20.42 → 20.47 (CHANGED)
[2025-12-14 00:30:04]   [emp_id: 5337] ✓ Updated: 33.76 → 33.84 (CHANGED)
[2025-12-14 00:30:04]   [emp_id: 5339] ✓ Updated: 9.2 → 9.25 (CHANGED)
[2025-12-14 00:30:04]   [emp_id: 5343] ✓ Updated: 43.68 → 43.76 (CHANGED)
[2025-12-14 00:30:04]   [emp_id: 5343] ✓ Updated: 43.68 → 43.76 (CHANGED)
[2025-12-14 00:30:04]   [emp_id: 5345] ✓ Updated: 13.51 → 13.59 (CHANGED)
[2025-12-14 00:30:04]   [emp_id: 5346] ✓ Updated: 37.92 → 37.97 (CHANGED)
[2025-12-14 00:30:04]   [emp_id: 5351] ✓ Updated: 16.86 → 16.91 (CHANGED)
[2025-12-14 00:30:04]   [emp_id: 5352] ✓ Updated: 23.93 → 24.01 (CHANGED)
[2025-12-14 00:30:04]   [emp_id: 5370] ✓ Updated: 14.51 → 14.56 (CHANGED)
[2025-12-14 00:30:04]   [emp_id: 5371] ✓ Updated: 0.24 → 0.32 (CHANGED)
[2025-12-14 00:30:04]   [emp_id: 5376] ✓ Updated: 9.11 → 9.16 (CHANGED)
[2025-12-14 00:30:04]   [emp_id: 5378] ✓ Updated: 21.68 → 21.76 (CHANGED)
[2025-12-14 00:30:04]   [emp_id: 5380] ✓ Updated: 15.52 → 15.57 (CHANGED)
[2025-12-14 00:30:04]   [emp_id: 5381] ✓ Updated: 16.1 → 16.18 (CHANGED)
[2025-12-14 00:30:04]   [emp_id: 5383] ✓ Updated: 14.51 → 14.59 (CHANGED)
[2025-12-14 00:30:04]   [emp_id: 5388] ✓ Updated: 26.3 → 26.35 (CHANGED)
[2025-12-14 00:30:04]   [emp_id: 5392] ✓ Updated: 12.43 → 12.51 (CHANGED)
[2025-12-14 00:30:04]   [emp_id: 5396] ✓ Updated: 27.54 → 27.59 (CHANGED)
[2025-12-14 00:30:04]   [emp_id: 5397] ✓ Updated: 23.75 → 23.8 (CHANGED)
[2025-12-14 00:30:04]   [emp_id: 5401] ✓ Updated: 22.11 → 22.16 (CHANGED)
[2025-12-14 00:30:04]   [emp_id: 5402] ✓ Updated: 22.23 → 22.28 (CHANGED)
[2025-12-14 00:30:04]   [emp_id: 5406] ✓ Updated: 20.95 → 21 (CHANGED)
[2025-12-14 00:30:04]   [emp_id: 5407] ✓ Updated: 23.18 → 23.26 (CHANGED)
[2025-12-14 00:30:04]   [emp_id: 5408] ✓ Updated: 20.93 → 21.01 (CHANGED)
[2025-12-14 00:30:04]   [emp_id: 5409] ✓ Updated: 15.29 → 15.34 (CHANGED)
[2025-12-14 00:30:04]   [emp_id: 5413] ✓ Updated: 26.68 → 26.76 (CHANGED)
[2025-12-14 00:30:04]   [emp_id: 5414] ✓ Updated: 26.35 → 26.43 (CHANGED)
[2025-12-14 00:30:04]   [emp_id: 5415] ✓ Updated: 17.18 → 17.26 (CHANGED)
[2025-12-14 00:30:04]   [emp_id: 5418] ✓ Updated: 12.07 → 12.12 (CHANGED)
[2025-12-14 00:30:04]   [emp_id: 5422] ✓ Updated: 19.01 → 19.09 (CHANGED)
[2025-12-14 00:30:04]   [emp_id: 5423] ✓ Updated: 15.6 → 15.68 (CHANGED)
[2025-12-14 00:30:04]   [emp_id: 5423] ✓ Updated: 15.6 → 15.68 (CHANGED)
[2025-12-14 00:30:04]   [emp_id: 5423] ✓ Updated: 15.6 → 15.68 (CHANGED)
[2025-12-14 00:30:04]   [emp_id: 5424] ✓ Updated: 12.9 → 12.95 (CHANGED)
[2025-12-14 00:30:04]   [emp_id: 5425] ✓ Updated: 12.9 → 12.95 (CHANGED)
[2025-12-14 00:30:04]   [emp_id: 5426] ✓ Updated: 4.77 → 4.85 (CHANGED)
[2025-12-14 00:30:04]   [emp_id: 5426] ✓ Updated: 4.77 → 4.85 (CHANGED)
[2025-12-14 00:30:04]   [emp_id: 5427] ✓ Updated: 13.01 → 13.06 (CHANGED)
[2025-12-14 00:30:04]   [emp_id: 5428] ✓ Updated: 12.9 → 12.95 (CHANGED)
[2025-12-14 00:30:04]   [emp_id: 5430] ✓ Updated: 16.01 → 16.09 (CHANGED)
[2025-12-14 00:30:04]   [emp_id: 5431] ✓ Updated: 12.02 → 12.07 (CHANGED)
[2025-12-14 00:30:04]   [emp_id: 5434] ✓ Updated: 11.79 → 11.84 (CHANGED)
[2025-12-14 00:30:04]   [emp_id: 5435] ✓ Updated: 11.73 → 11.78 (CHANGED)
[2025-12-14 00:30:04]   [emp_id: 5436] ✓ Updated: 11.73 → 11.78 (CHANGED)
[2025-12-14 00:30:04]   [emp_id: 5438] ✓ Updated: 13.93 → 14.01 (CHANGED)
[2025-12-14 00:30:04]   [emp_id: 5439] ✓ Updated: 23.43 → 23.51 (CHANGED)
[2025-12-14 00:30:04]   [emp_id: 5442] ✓ Updated: 12.43 → 12.51 (CHANGED)
[2025-12-14 00:30:04]   [emp_id: 5443] ✓ Updated: 7.41 → 7.46 (CHANGED)
[2025-12-14 00:30:04]   [emp_id: 5445] ✓ Updated: 6.19 → 6.24 (CHANGED)
[2025-12-14 00:30:04]   [emp_id: 5446] ✓ Updated: 6.19 → 6.24 (CHANGED)
[2025-12-14 00:30:04]   [emp_id: 5447] ✓ Updated: 6.13 → 6.18 (CHANGED)
[2025-12-14 00:30:04]   [emp_id: 5448] ✓ Updated: 3.96 → 4.04 (CHANGED)
[2025-12-14 00:30:04]   [emp_id: 5449] ✓ Updated: 4.21 → 4.26 (CHANGED)
[2025-12-14 00:30:04]   [emp_id: 5450] ✓ Updated: 4.15 → 4.2 (CHANGED)
[2025-12-14 00:30:04]   [emp_id: 5451] ✓ Updated: 4.15 → 4.2 (CHANGED)
[2025-12-14 00:30:04]   [emp_id: 5454] ✓ Updated: 5.51 → 5.59 (CHANGED)
[2025-12-14 00:30:04]   [emp_id: 5455] ✓ Updated: 3.76 → 3.84 (CHANGED)
[2025-12-14 00:30:04]   [emp_id: 5456] ✓ Updated: 4.76 → 4.84 (CHANGED)
[2025-12-14 00:30:04] 
[2025-12-14 00:30:04] ========== SUMMARY ==========
[2025-12-14 00:30:04] Total employees processed: 439
[2025-12-14 00:30:04] Records updated: 439
[2025-12-14 00:30:04] Balances changed: 439
[2025-12-14 00:30:04] Errors: 0
[2025-12-14 00:30:04] ========== CRON: Vacation Balance Update Completed ==========
[2025-12-14 00:30:04] 
[2025-12-14 08:27:00] ========== CRON: Vacation Balance Update Started ==========
[2025-12-14 08:27:00] Database connection established
[2025-12-14 08:27:00] Found 439 active employees with balance records to update
[2025-12-14 08:27:00] (Only employees with status=1 will be processed)
[2025-12-14 08:27:00]   [emp_id: 1061] SKIPPED: Already updated today (2025-12-14 03:00:01)
[2025-12-14 08:27:00]   [emp_id: 1496] SKIPPED: Already updated today (2025-12-14 03:00:01)
[2025-12-14 08:27:00]   [emp_id: 1500] SKIPPED: Already updated today (2025-12-14 03:00:01)
[2025-12-14 08:27:00]   [emp_id: 1574] SKIPPED: Already updated today (2025-12-14 03:00:01)
[2025-12-14 08:27:00]   [emp_id: 1673] SKIPPED: Already updated today (2025-12-14 03:00:01)
[2025-12-14 08:27:00]   [emp_id: 1685] SKIPPED: Already updated today (2025-12-14 03:00:01)
[2025-12-14 08:27:00]   [emp_id: 1764] SKIPPED: Already updated today (2025-12-14 03:00:01)
[2025-12-14 08:27:00]   [emp_id: 1805] SKIPPED: Already updated today (2025-12-14 03:00:01)
[2025-12-14 08:27:00]   [emp_id: 1822] SKIPPED: Already updated today (2025-12-14 03:00:01)
[2025-12-14 08:27:00]   [emp_id: 1837] SKIPPED: Already updated today (2025-12-14 03:00:01)
[2025-12-14 08:27:00]   [emp_id: 1857] SKIPPED: Already updated today (2025-12-14 03:00:01)
[2025-12-14 08:27:00]   [emp_id: 1861] SKIPPED: Already updated today (2025-12-14 03:00:02)
[2025-12-14 08:27:00]   [emp_id: 1872] SKIPPED: Already updated today (2025-12-14 03:00:02)
[2025-12-14 08:27:00]   [emp_id: 1897] SKIPPED: Already updated today (2025-12-14 03:00:02)
[2025-12-14 08:27:00]   [emp_id: 1916] SKIPPED: Already updated today (2025-12-14 03:00:02)
[2025-12-14 08:27:00]   [emp_id: 1928] SKIPPED: Already updated today (2025-12-14 03:00:02)
[2025-12-14 08:27:00]   [emp_id: 1931] SKIPPED: Already updated today (2025-12-14 03:00:02)
[2025-12-14 08:27:00]   [emp_id: 1944] SKIPPED: Already updated today (2025-12-14 03:00:02)
[2025-12-14 08:27:00]   [emp_id: 1996] SKIPPED: Already updated today (2025-12-14 03:00:02)
[2025-12-14 08:27:00]   [emp_id: 1997] SKIPPED: Already updated today (2025-12-14 03:00:02)
[2025-12-14 08:27:00]   [emp_id: 1998] SKIPPED: Already updated today (2025-12-14 03:00:02)
[2025-12-14 08:27:00]   [emp_id: 1999] SKIPPED: Already updated today (2025-12-14 03:00:02)
[2025-12-14 08:27:00]   [emp_id: 2009] SKIPPED: Already updated today (2025-12-14 03:00:02)
[2025-12-14 08:27:00]   [emp_id: 2048] SKIPPED: Already updated today (2025-12-14 03:00:02)
[2025-12-14 08:27:00]   [emp_id: 2057] SKIPPED: Already updated today (2025-12-14 03:00:02)
[2025-12-14 08:27:00]   [emp_id: 2079] SKIPPED: Already updated today (2025-12-14 03:00:02)
[2025-12-14 08:27:00]   [emp_id: 2181] SKIPPED: Already updated today (2025-12-14 03:00:02)
[2025-12-14 08:27:00]   [emp_id: 2190] SKIPPED: Already updated today (2025-12-14 03:00:02)
[2025-12-14 08:27:00]   [emp_id: 2212] SKIPPED: Already updated today (2025-12-14 03:00:02)
[2025-12-14 08:27:00]   [emp_id: 2226] SKIPPED: Already updated today (2025-12-14 03:00:02)
[2025-12-14 08:27:00]   [emp_id: 2238] SKIPPED: Already updated today (2025-12-14 03:00:02)
[2025-12-14 08:27:00]   [emp_id: 2285] SKIPPED: Already updated today (2025-12-14 03:00:02)
[2025-12-14 08:27:00]   [emp_id: 2287] SKIPPED: Already updated today (2025-12-14 03:00:02)
[2025-12-14 08:27:00]   [emp_id: 2288] SKIPPED: Already updated today (2025-12-14 03:00:02)
[2025-12-14 08:27:00]   [emp_id: 2290] SKIPPED: Already updated today (2025-12-14 03:00:02)
[2025-12-14 08:27:00]   [emp_id: 2316] SKIPPED: Already updated today (2025-12-14 03:00:02)
[2025-12-14 08:27:00]   [emp_id: 2337] SKIPPED: Already updated today (2025-12-14 03:00:02)
[2025-12-14 08:27:00]   [emp_id: 2352] SKIPPED: Already updated today (2025-12-14 03:00:02)
[2025-12-14 08:27:00]   [emp_id: 2358] SKIPPED: Already updated today (2025-12-14 03:00:02)
[2025-12-14 08:27:00]   [emp_id: 2361] SKIPPED: Already updated today (2025-12-14 03:00:02)
[2025-12-14 08:27:00]   [emp_id: 2363] SKIPPED: Already updated today (2025-12-14 03:00:02)
[2025-12-14 08:27:00]   [emp_id: 2364] SKIPPED: Already updated today (2025-12-14 03:00:02)
[2025-12-14 08:27:00]   [emp_id: 2367] SKIPPED: Already updated today (2025-12-14 03:00:02)
[2025-12-14 08:27:00]   [emp_id: 2368] SKIPPED: Already updated today (2025-12-14 03:00:02)
[2025-12-14 08:27:00]   [emp_id: 2372] SKIPPED: Already updated today (2025-12-14 03:00:02)
[2025-12-14 08:27:00]   [emp_id: 2376] SKIPPED: Already updated today (2025-12-14 03:00:02)
[2025-12-14 08:27:00]   [emp_id: 2423] SKIPPED: Already updated today (2025-12-14 03:00:02)
[2025-12-14 08:27:00]   [emp_id: 2519] SKIPPED: Already updated today (2025-12-14 03:00:02)
[2025-12-14 08:27:00]   [emp_id: 2522] SKIPPED: Already updated today (2025-12-14 03:00:02)
[2025-12-14 08:27:00]   [emp_id: 2530] SKIPPED: Already updated today (2025-12-14 03:00:02)
[2025-12-14 08:27:00]   [emp_id: 2539] SKIPPED: Already updated today (2025-12-14 03:00:02)
[2025-12-14 08:27:00]   [emp_id: 2541] SKIPPED: Already updated today (2025-12-14 03:00:02)
[2025-12-14 08:27:00]   [emp_id: 2550] SKIPPED: Already updated today (2025-12-14 03:00:02)
[2025-12-14 08:27:00]   [emp_id: 2553] SKIPPED: Already updated today (2025-12-14 03:00:02)
[2025-12-14 08:27:00]   [emp_id: 2554] SKIPPED: Already updated today (2025-12-14 03:00:02)
[2025-12-14 08:27:00]   [emp_id: 2565] SKIPPED: Already updated today (2025-12-14 03:00:02)
[2025-12-14 08:27:00]   [emp_id: 2572] SKIPPED: Already updated today (2025-12-14 03:00:02)
[2025-12-14 08:27:00]   [emp_id: 2637] SKIPPED: Already updated today (2025-12-14 03:00:02)
[2025-12-14 08:27:00]   [emp_id: 2642] SKIPPED: Already updated today (2025-12-14 03:00:02)
[2025-12-14 08:27:00]   [emp_id: 2645] SKIPPED: Already updated today (2025-12-14 03:00:02)
[2025-12-14 08:27:00]   [emp_id: 2648] SKIPPED: Already updated today (2025-12-14 03:00:02)
[2025-12-14 08:27:00]   [emp_id: 2654] SKIPPED: Already updated today (2025-12-14 03:00:02)
[2025-12-14 08:27:00]   [emp_id: 2688] SKIPPED: Already updated today (2025-12-14 03:00:02)
[2025-12-14 08:27:00]   [emp_id: 2690] SKIPPED: Already updated today (2025-12-14 03:00:02)
[2025-12-14 08:27:00]   [emp_id: 2709] SKIPPED: Already updated today (2025-12-14 03:00:02)
[2025-12-14 08:27:00]   [emp_id: 2745] SKIPPED: Already updated today (2025-12-14 03:00:02)
[2025-12-14 08:27:00]   [emp_id: 2843] SKIPPED: Already updated today (2025-12-14 03:00:02)
[2025-12-14 08:27:00]   [emp_id: 2854] SKIPPED: Already updated today (2025-12-14 03:00:02)
[2025-12-14 08:27:00]   [emp_id: 2869] SKIPPED: Already updated today (2025-12-14 03:00:02)
[2025-12-14 08:27:00]   [emp_id: 2876] SKIPPED: Already updated today (2025-12-14 03:00:02)
[2025-12-14 08:27:00]   [emp_id: 2924] SKIPPED: Already updated today (2025-12-14 03:00:02)
[2025-12-14 08:27:00]   [emp_id: 2953] SKIPPED: Already updated today (2025-12-14 03:00:02)
[2025-12-14 08:27:00]   [emp_id: 2961] SKIPPED: Already updated today (2025-12-14 03:00:02)
[2025-12-14 08:27:00]   [emp_id: 2975] SKIPPED: Already updated today (2025-12-14 03:00:02)
[2025-12-14 08:27:00]   [emp_id: 3013] SKIPPED: Already updated today (2025-12-14 03:00:02)
[2025-12-14 08:27:00]   [emp_id: 3014] SKIPPED: Already updated today (2025-12-14 03:00:02)
[2025-12-14 08:27:00]   [emp_id: 3015] SKIPPED: Already updated today (2025-12-14 03:00:02)
[2025-12-14 08:27:00]   [emp_id: 3018] SKIPPED: Already updated today (2025-12-14 03:00:02)
[2025-12-14 08:27:00]   [emp_id: 3025] SKIPPED: Already updated today (2025-12-14 03:00:02)
[2025-12-14 08:27:00]   [emp_id: 3037] SKIPPED: Already updated today (2025-12-14 03:00:02)
[2025-12-14 08:27:00]   [emp_id: 3047] SKIPPED: Already updated today (2025-12-14 03:00:02)
[2025-12-14 08:27:00]   [emp_id: 3061] SKIPPED: Already updated today (2025-12-14 03:00:02)
[2025-12-14 08:27:00]   [emp_id: 3062] SKIPPED: Already updated today (2025-12-14 03:00:02)
[2025-12-14 08:27:00]   [emp_id: 3074] SKIPPED: Already updated today (2025-12-14 03:00:02)
[2025-12-14 08:27:00]   [emp_id: 3089] SKIPPED: Already updated today (2025-12-14 03:00:02)
[2025-12-14 08:27:00]   [emp_id: 3090] SKIPPED: Already updated today (2025-12-14 03:00:02)
[2025-12-14 08:27:00]   [emp_id: 3091] SKIPPED: Already updated today (2025-12-14 03:00:02)
[2025-12-14 08:27:00]   [emp_id: 3092] SKIPPED: Already updated today (2025-12-14 03:00:02)
[2025-12-14 08:27:00]   [emp_id: 3105] SKIPPED: Already updated today (2025-12-14 03:00:02)
[2025-12-14 08:27:00]   [emp_id: 3134] SKIPPED: Already updated today (2025-12-14 03:00:02)
[2025-12-14 08:27:00]   [emp_id: 3140] SKIPPED: Already updated today (2025-12-14 03:00:02)
[2025-12-14 08:27:00]   [emp_id: 3144] SKIPPED: Already updated today (2025-12-14 03:00:02)
[2025-12-14 08:27:00]   [emp_id: 3156] SKIPPED: Already updated today (2025-12-14 03:00:02)
[2025-12-14 08:27:00]   [emp_id: 3162] SKIPPED: Already updated today (2025-12-14 03:00:02)
[2025-12-14 08:27:00]   [emp_id: 3163] SKIPPED: Already updated today (2025-12-14 03:00:02)
[2025-12-14 08:27:00]   [emp_id: 3198] SKIPPED: Already updated today (2025-12-14 03:00:02)
[2025-12-14 08:27:00]   [emp_id: 3205] SKIPPED: Already updated today (2025-12-14 03:00:02)
[2025-12-14 08:27:00]   [emp_id: 3209] SKIPPED: Already updated today (2025-12-14 03:00:02)
[2025-12-14 08:27:00]   [emp_id: 3223] SKIPPED: Already updated today (2025-12-14 03:00:02)
[2025-12-14 08:27:00]   [emp_id: 3224] SKIPPED: Already updated today (2025-12-14 03:00:02)
[2025-12-14 08:27:00]   [emp_id: 3230] SKIPPED: Already updated today (2025-12-14 03:00:02)
[2025-12-14 08:27:00]   [emp_id: 3231] SKIPPED: Already updated today (2025-12-14 03:00:02)
[2025-12-14 08:27:00]   [emp_id: 3233] SKIPPED: Already updated today (2025-12-14 03:00:02)
[2025-12-14 08:27:00]   [emp_id: 3249] SKIPPED: Already updated today (2025-12-14 03:00:02)
[2025-12-14 08:27:00]   [emp_id: 3250] SKIPPED: Already updated today (2025-12-14 03:00:02)
[2025-12-14 08:27:00]   [emp_id: 3252] SKIPPED: Already updated today (2025-12-14 03:00:02)
[2025-12-14 08:27:00]   [emp_id: 3254] SKIPPED: Already updated today (2025-12-14 03:00:02)
[2025-12-14 08:27:00]   [emp_id: 3255] SKIPPED: Already updated today (2025-12-14 03:00:02)
[2025-12-14 08:27:00]   [emp_id: 3256] SKIPPED: Already updated today (2025-12-14 03:00:02)
[2025-12-14 08:27:00]   [emp_id: 3263] SKIPPED: Already updated today (2025-12-14 03:00:02)
[2025-12-14 08:27:00]   [emp_id: 3265] SKIPPED: Already updated today (2025-12-14 03:00:02)
[2025-12-14 08:27:00]   [emp_id: 3280] SKIPPED: Already updated today (2025-12-14 03:00:02)
[2025-12-14 08:27:00]   [emp_id: 3286] SKIPPED: Already updated today (2025-12-14 03:00:02)
[2025-12-14 08:27:00]   [emp_id: 3294] SKIPPED: Already updated today (2025-12-14 03:00:02)
[2025-12-14 08:27:00]   [emp_id: 3321] SKIPPED: Already updated today (2025-12-14 03:00:02)
[2025-12-14 08:27:00]   [emp_id: 3325] SKIPPED: Already updated today (2025-12-14 03:00:02)
[2025-12-14 08:27:00]   [emp_id: 3329] SKIPPED: Already updated today (2025-12-14 03:00:02)
[2025-12-14 08:27:00]   [emp_id: 3330] SKIPPED: Already updated today (2025-12-14 03:00:02)
[2025-12-14 08:27:00]   [emp_id: 3332] SKIPPED: Already updated today (2025-12-14 03:00:02)
[2025-12-14 08:27:00]   [emp_id: 3370] SKIPPED: Already updated today (2025-12-14 03:00:02)
[2025-12-14 08:27:00]   [emp_id: 3384] SKIPPED: Already updated today (2025-12-14 03:00:02)
[2025-12-14 08:27:00]   [emp_id: 3386] SKIPPED: Already updated today (2025-12-14 03:00:02)
[2025-12-14 08:27:00]   [emp_id: 3431] SKIPPED: Already updated today (2025-12-14 03:00:02)
[2025-12-14 08:27:00]   [emp_id: 3497] SKIPPED: Already updated today (2025-12-14 03:00:02)
[2025-12-14 08:27:00]   [emp_id: 3532] SKIPPED: Already updated today (2025-12-14 03:00:02)
[2025-12-14 08:27:00]   [emp_id: 3586] SKIPPED: Already updated today (2025-12-14 03:00:02)
[2025-12-14 08:27:00]   [emp_id: 3602] SKIPPED: Already updated today (2025-12-14 03:00:02)
[2025-12-14 08:27:00]   [emp_id: 3618] SKIPPED: Already updated today (2025-12-14 03:00:02)
[2025-12-14 08:27:00]   [emp_id: 3622] SKIPPED: Already updated today (2025-12-14 03:00:02)
[2025-12-14 08:27:00]   [emp_id: 3627] SKIPPED: Already updated today (2025-12-14 03:00:02)
[2025-12-14 08:27:00]   [emp_id: 3665] SKIPPED: Already updated today (2025-12-14 03:00:02)
[2025-12-14 08:27:00]   [emp_id: 3705] SKIPPED: Already updated today (2025-12-14 03:00:02)
[2025-12-14 08:27:00]   [emp_id: 3724] SKIPPED: Already updated today (2025-12-14 03:00:02)
[2025-12-14 08:27:00]   [emp_id: 3726] SKIPPED: Already updated today (2025-12-14 03:00:02)
[2025-12-14 08:27:00]   [emp_id: 3727] SKIPPED: Already updated today (2025-12-14 03:00:02)
[2025-12-14 08:27:00]   [emp_id: 3728] SKIPPED: Already updated today (2025-12-14 03:00:02)
[2025-12-14 08:27:00]   [emp_id: 3742] SKIPPED: Already updated today (2025-12-14 03:00:02)
[2025-12-14 08:27:00]   [emp_id: 3767] SKIPPED: Already updated today (2025-12-14 03:00:02)
[2025-12-14 08:27:00]   [emp_id: 3768] SKIPPED: Already updated today (2025-12-14 03:00:02)
[2025-12-14 08:27:00]   [emp_id: 3787] SKIPPED: Already updated today (2025-12-14 03:00:02)
[2025-12-14 08:27:00]   [emp_id: 3790] SKIPPED: Already updated today (2025-12-14 03:00:02)
[2025-12-14 08:27:00]   [emp_id: 3795] SKIPPED: Already updated today (2025-12-14 03:00:02)
[2025-12-14 08:27:00]   [emp_id: 3798] SKIPPED: Already updated today (2025-12-14 03:00:02)
[2025-12-14 08:27:00]   [emp_id: 3801] SKIPPED: Already updated today (2025-12-14 03:00:02)
[2025-12-14 08:27:00]   [emp_id: 3802] SKIPPED: Already updated today (2025-12-14 03:00:02)
[2025-12-14 08:27:00]   [emp_id: 3803] SKIPPED: Already updated today (2025-12-14 03:00:02)
[2025-12-14 08:27:00]   [emp_id: 3810] SKIPPED: Already updated today (2025-12-14 03:00:02)
[2025-12-14 08:27:00]   [emp_id: 3812] SKIPPED: Already updated today (2025-12-14 03:00:02)
[2025-12-14 08:27:00]   [emp_id: 3815] SKIPPED: Already updated today (2025-12-14 03:00:02)
[2025-12-14 08:27:00]   [emp_id: 3836] SKIPPED: Already updated today (2025-12-14 03:00:02)
[2025-12-14 08:27:00]   [emp_id: 3855] SKIPPED: Already updated today (2025-12-14 03:00:02)
[2025-12-14 08:27:00]   [emp_id: 3857] SKIPPED: Already updated today (2025-12-14 03:00:02)
[2025-12-14 08:27:00]   [emp_id: 3862] SKIPPED: Already updated today (2025-12-14 03:00:02)
[2025-12-14 08:27:00]   [emp_id: 3866] SKIPPED: Already updated today (2025-12-14 03:00:02)
[2025-12-14 08:27:00]   [emp_id: 3876] SKIPPED: Already updated today (2025-12-14 03:00:02)
[2025-12-14 08:27:00]   [emp_id: 3877] SKIPPED: Already updated today (2025-12-14 03:00:02)
[2025-12-14 08:27:00]   [emp_id: 3897] SKIPPED: Already updated today (2025-12-14 03:00:02)
[2025-12-14 08:27:00]   [emp_id: 3899] SKIPPED: Already updated today (2025-12-14 03:00:02)
[2025-12-14 08:27:00]   [emp_id: 3928] SKIPPED: Already updated today (2025-12-14 03:00:02)
[2025-12-14 08:27:00]   [emp_id: 3929] SKIPPED: Already updated today (2025-12-14 03:00:02)
[2025-12-14 08:27:00]   [emp_id: 3935] SKIPPED: Already updated today (2025-12-14 03:00:02)
[2025-12-14 08:27:00]   [emp_id: 3952] SKIPPED: Already updated today (2025-12-14 03:00:02)
[2025-12-14 08:27:00]   [emp_id: 3987] SKIPPED: Already updated today (2025-12-14 03:00:02)
[2025-12-14 08:27:00]   [emp_id: 4059] SKIPPED: Already updated today (2025-12-14 03:00:02)
[2025-12-14 08:27:00]   [emp_id: 4119] SKIPPED: Already updated today (2025-12-14 03:00:02)
[2025-12-14 08:27:00]   [emp_id: 4120] SKIPPED: Already updated today (2025-12-14 03:00:02)
[2025-12-14 08:27:00]   [emp_id: 4124] SKIPPED: Already updated today (2025-12-14 03:00:02)
[2025-12-14 08:27:00]   [emp_id: 4133] SKIPPED: Already updated today (2025-12-14 03:00:02)
[2025-12-14 08:27:00]   [emp_id: 4134] SKIPPED: Already updated today (2025-12-14 03:00:02)
[2025-12-14 08:27:00]   [emp_id: 4136] SKIPPED: Already updated today (2025-12-14 03:00:02)
[2025-12-14 08:27:00]   [emp_id: 4150] SKIPPED: Already updated today (2025-12-14 03:00:02)
[2025-12-14 08:27:00]   [emp_id: 4157] SKIPPED: Already updated today (2025-12-14 03:00:03)
[2025-12-14 08:27:00]   [emp_id: 4172] SKIPPED: Already updated today (2025-12-14 03:00:03)
[2025-12-14 08:27:00]   [emp_id: 4195] SKIPPED: Already updated today (2025-12-14 03:00:03)
[2025-12-14 08:27:00]   [emp_id: 4215] SKIPPED: Already updated today (2025-12-14 03:00:03)
[2025-12-14 08:27:00]   [emp_id: 4220] SKIPPED: Already updated today (2025-12-14 03:00:03)
[2025-12-14 08:27:00]   [emp_id: 4273] SKIPPED: Already updated today (2025-12-14 03:00:03)
[2025-12-14 08:27:00]   [emp_id: 4283] SKIPPED: Already updated today (2025-12-14 03:00:03)
[2025-12-14 08:27:00]   [emp_id: 4288] SKIPPED: Already updated today (2025-12-14 03:00:03)
[2025-12-14 08:27:00]   [emp_id: 4315] SKIPPED: Already updated today (2025-12-14 03:00:03)
[2025-12-14 08:27:00]   [emp_id: 4328] SKIPPED: Already updated today (2025-12-14 03:00:03)
[2025-12-14 08:27:00]   [emp_id: 4329] SKIPPED: Already updated today (2025-12-14 03:00:03)
[2025-12-14 08:27:00]   [emp_id: 4338] SKIPPED: Already updated today (2025-12-14 03:00:03)
[2025-12-14 08:27:00]   [emp_id: 4340] SKIPPED: Already updated today (2025-12-14 03:00:03)
[2025-12-14 08:27:00]   [emp_id: 4365] SKIPPED: Already updated today (2025-12-14 03:00:03)
[2025-12-14 08:27:00]   [emp_id: 4366] SKIPPED: Already updated today (2025-12-14 03:00:03)
[2025-12-14 08:27:00]   [emp_id: 4403] SKIPPED: Already updated today (2025-12-14 03:00:03)
[2025-12-14 08:27:00]   [emp_id: 4438] SKIPPED: Already updated today (2025-12-14 03:00:03)
[2025-12-14 08:27:00]   [emp_id: 4465] SKIPPED: Already updated today (2025-12-14 03:00:03)
[2025-12-14 08:27:00]   [emp_id: 4473] SKIPPED: Already updated today (2025-12-14 03:00:03)
[2025-12-14 08:27:00]   [emp_id: 4474] SKIPPED: Already updated today (2025-12-14 03:00:03)
[2025-12-14 08:27:00]   [emp_id: 4493] SKIPPED: Already updated today (2025-12-14 03:00:03)
[2025-12-14 08:27:00]   [emp_id: 4526] SKIPPED: Already updated today (2025-12-14 03:00:03)
[2025-12-14 08:27:00]   [emp_id: 4528] SKIPPED: Already updated today (2025-12-14 03:00:03)
[2025-12-14 08:27:00]   [emp_id: 4528] SKIPPED: Already updated today (2025-12-14 03:00:03)
[2025-12-14 08:27:00]   [emp_id: 4532] SKIPPED: Already updated today (2025-12-14 03:00:03)
[2025-12-14 08:27:00]   [emp_id: 4533] SKIPPED: Already updated today (2025-12-14 03:00:03)
[2025-12-14 08:27:00]   [emp_id: 4564] SKIPPED: Already updated today (2025-12-14 03:00:03)
[2025-12-14 08:27:00]   [emp_id: 4565] SKIPPED: Already updated today (2025-12-14 03:00:03)
[2025-12-14 08:27:00]   [emp_id: 4567] SKIPPED: Already updated today (2025-12-14 03:00:03)
[2025-12-14 08:27:00]   [emp_id: 4572] SKIPPED: Already updated today (2025-12-14 03:00:03)
[2025-12-14 08:27:00]   [emp_id: 4631] SKIPPED: Already updated today (2025-12-14 03:00:03)
[2025-12-14 08:27:00]   [emp_id: 4655] SKIPPED: Already updated today (2025-12-14 03:00:03)
[2025-12-14 08:27:00]   [emp_id: 4689] SKIPPED: Already updated today (2025-12-14 03:00:03)
[2025-12-14 08:27:00]   [emp_id: 4709] SKIPPED: Already updated today (2025-12-14 03:00:03)
[2025-12-14 08:27:00]   [emp_id: 4717] SKIPPED: Already updated today (2025-12-14 03:00:03)
[2025-12-14 08:27:00]   [emp_id: 4736] SKIPPED: Already updated today (2025-12-14 03:00:03)
[2025-12-14 08:27:00]   [emp_id: 4756] SKIPPED: Already updated today (2025-12-14 03:00:03)
[2025-12-14 08:27:00]   [emp_id: 4768] SKIPPED: Already updated today (2025-12-14 03:00:03)
[2025-12-14 08:27:00]   [emp_id: 4780] SKIPPED: Already updated today (2025-12-14 03:00:03)
[2025-12-14 08:27:00]   [emp_id: 4820] SKIPPED: Already updated today (2025-12-14 03:00:03)
[2025-12-14 08:27:00]   [emp_id: 4825] SKIPPED: Already updated today (2025-12-14 03:00:03)
[2025-12-14 08:27:00]   [emp_id: 4835] SKIPPED: Already updated today (2025-12-14 03:00:03)
[2025-12-14 08:27:00]   [emp_id: 4837] SKIPPED: Already updated today (2025-12-14 03:00:03)
[2025-12-14 08:27:00]   [emp_id: 4838] SKIPPED: Already updated today (2025-12-14 03:00:03)
[2025-12-14 08:27:00]   [emp_id: 4840] SKIPPED: Already updated today (2025-12-14 03:00:03)
[2025-12-14 08:27:00]   [emp_id: 4842] SKIPPED: Already updated today (2025-12-14 03:00:03)
[2025-12-14 08:27:00]   [emp_id: 4843] SKIPPED: Already updated today (2025-12-14 03:00:03)
[2025-12-14 08:27:00]   [emp_id: 4853] SKIPPED: Already updated today (2025-12-14 03:00:03)
[2025-12-14 08:27:00]   [emp_id: 4856] SKIPPED: Already updated today (2025-12-14 03:00:03)
[2025-12-14 08:27:00]   [emp_id: 4857] SKIPPED: Already updated today (2025-12-14 03:00:03)
[2025-12-14 08:27:00]   [emp_id: 4858] SKIPPED: Already updated today (2025-12-14 03:00:03)
[2025-12-14 08:27:00]   [emp_id: 4859] SKIPPED: Already updated today (2025-12-14 03:00:03)
[2025-12-14 08:27:00]   [emp_id: 4860] SKIPPED: Already updated today (2025-12-14 03:00:03)
[2025-12-14 08:27:00]   [emp_id: 4861] SKIPPED: Already updated today (2025-12-14 03:00:03)
[2025-12-14 08:27:00]   [emp_id: 4869] SKIPPED: Already updated today (2025-12-14 03:00:03)
[2025-12-14 08:27:00]   [emp_id: 4894] SKIPPED: Already updated today (2025-12-14 03:00:03)
[2025-12-14 08:27:00]   [emp_id: 4897] SKIPPED: Already updated today (2025-12-14 03:00:03)
[2025-12-14 08:27:00]   [emp_id: 4899] SKIPPED: Already updated today (2025-12-14 03:00:03)
[2025-12-14 08:27:00]   [emp_id: 4902] SKIPPED: Already updated today (2025-12-14 03:00:03)
[2025-12-14 08:27:00]   [emp_id: 4903] SKIPPED: Already updated today (2025-12-14 03:00:03)
[2025-12-14 08:27:00]   [emp_id: 4905] SKIPPED: Already updated today (2025-12-14 03:00:03)
[2025-12-14 08:27:00]   [emp_id: 4907] SKIPPED: Already updated today (2025-12-14 03:00:03)
[2025-12-14 08:27:00]   [emp_id: 4917] SKIPPED: Already updated today (2025-12-14 03:00:03)
[2025-12-14 08:27:00]   [emp_id: 4918] SKIPPED: Already updated today (2025-12-14 03:00:03)
[2025-12-14 08:27:00]   [emp_id: 4919] SKIPPED: Already updated today (2025-12-14 03:00:03)
[2025-12-14 08:27:00]   [emp_id: 4920] SKIPPED: Already updated today (2025-12-14 03:00:03)
[2025-12-14 08:27:00]   [emp_id: 4921] SKIPPED: Already updated today (2025-12-14 03:00:03)
[2025-12-14 08:27:00]   [emp_id: 4927] SKIPPED: Already updated today (2025-12-14 03:00:03)
[2025-12-14 08:27:00]   [emp_id: 4929] SKIPPED: Already updated today (2025-12-14 03:00:03)
[2025-12-14 08:27:00]   [emp_id: 4930] SKIPPED: Already updated today (2025-12-14 03:00:03)
[2025-12-14 08:27:00]   [emp_id: 4932] SKIPPED: Already updated today (2025-12-14 03:00:03)
[2025-12-14 08:27:00]   [emp_id: 4933] SKIPPED: Already updated today (2025-12-14 03:00:03)
[2025-12-14 08:27:00]   [emp_id: 4949] SKIPPED: Already updated today (2025-12-14 03:00:03)
[2025-12-14 08:27:00]   [emp_id: 4956] SKIPPED: Already updated today (2025-12-14 03:00:03)
[2025-12-14 08:27:00]   [emp_id: 4957] SKIPPED: Already updated today (2025-12-14 03:00:03)
[2025-12-14 08:27:00]   [emp_id: 4962] SKIPPED: Already updated today (2025-12-14 03:00:03)
[2025-12-14 08:27:00]   [emp_id: 4969] SKIPPED: Already updated today (2025-12-14 03:00:03)
[2025-12-14 08:27:00]   [emp_id: 4976] SKIPPED: Already updated today (2025-12-14 03:00:03)
[2025-12-14 08:27:00]   [emp_id: 4984] SKIPPED: Already updated today (2025-12-14 03:00:03)
[2025-12-14 08:27:00]   [emp_id: 4995] SKIPPED: Already updated today (2025-12-14 03:00:03)
[2025-12-14 08:27:00]   [emp_id: 5004] SKIPPED: Already updated today (2025-12-14 03:00:03)
[2025-12-14 08:27:00]   [emp_id: 5006] SKIPPED: Already updated today (2025-12-14 03:00:03)
[2025-12-14 08:27:00]   [emp_id: 5011] SKIPPED: Already updated today (2025-12-14 03:00:03)
[2025-12-14 08:27:00]   [emp_id: 5013] SKIPPED: Already updated today (2025-12-14 03:00:03)
[2025-12-14 08:27:00]   [emp_id: 5018] SKIPPED: Already updated today (2025-12-14 03:00:03)
[2025-12-14 08:27:00]   [emp_id: 5021] SKIPPED: Already updated today (2025-12-14 03:00:03)
[2025-12-14 08:27:00]   [emp_id: 5021] SKIPPED: Already updated today (2025-12-14 03:00:03)
[2025-12-14 08:27:00]   [emp_id: 5024] SKIPPED: Already updated today (2025-12-14 03:00:03)
[2025-12-14 08:27:00]   [emp_id: 5030] SKIPPED: Already updated today (2025-12-14 03:00:03)
[2025-12-14 08:27:00]   [emp_id: 5033] SKIPPED: Already updated today (2025-12-14 03:00:03)
[2025-12-14 08:27:00]   [emp_id: 5043] SKIPPED: Already updated today (2025-12-14 03:00:03)
[2025-12-14 08:27:00]   [emp_id: 5045] SKIPPED: Already updated today (2025-12-14 03:00:03)
[2025-12-14 08:27:00]   [emp_id: 5046] SKIPPED: Already updated today (2025-12-14 03:00:03)
[2025-12-14 08:27:00]   [emp_id: 5049] SKIPPED: Already updated today (2025-12-14 03:00:03)
[2025-12-14 08:27:00]   [emp_id: 5052] SKIPPED: Already updated today (2025-12-14 03:00:03)
[2025-12-14 08:27:00]   [emp_id: 5055] SKIPPED: Already updated today (2025-12-14 03:00:03)
[2025-12-14 08:27:00]   [emp_id: 5058] SKIPPED: Already updated today (2025-12-14 03:00:03)
[2025-12-14 08:27:00]   [emp_id: 5062] SKIPPED: Already updated today (2025-12-14 03:00:03)
[2025-12-14 08:27:00]   [emp_id: 5064] SKIPPED: Already updated today (2025-12-14 03:00:03)
[2025-12-14 08:27:00]   [emp_id: 5065] SKIPPED: Already updated today (2025-12-14 03:00:03)
[2025-12-14 08:27:00]   [emp_id: 5071] SKIPPED: Already updated today (2025-12-14 03:00:03)
[2025-12-14 08:27:00]   [emp_id: 5073] SKIPPED: Already updated today (2025-12-14 03:00:03)
[2025-12-14 08:27:00]   [emp_id: 5079] SKIPPED: Already updated today (2025-12-14 03:00:03)
[2025-12-14 08:27:00]   [emp_id: 5080] SKIPPED: Already updated today (2025-12-14 03:00:03)
[2025-12-14 08:27:00]   [emp_id: 5081] SKIPPED: Already updated today (2025-12-14 03:00:03)
[2025-12-14 08:27:00]   [emp_id: 5087] SKIPPED: Already updated today (2025-12-14 03:00:03)
[2025-12-14 08:27:00]   [emp_id: 5091] SKIPPED: Already updated today (2025-12-14 03:00:03)
[2025-12-14 08:27:00]   [emp_id: 5093] SKIPPED: Already updated today (2025-12-14 03:00:03)
[2025-12-14 08:27:00]   [emp_id: 5095] SKIPPED: Already updated today (2025-12-14 03:00:03)
[2025-12-14 08:27:00]   [emp_id: 5101] SKIPPED: Already updated today (2025-12-14 03:00:03)
[2025-12-14 08:27:00]   [emp_id: 5107] SKIPPED: Already updated today (2025-12-14 03:00:03)
[2025-12-14 08:27:00]   [emp_id: 5109] SKIPPED: Already updated today (2025-12-14 03:00:03)
[2025-12-14 08:27:00]   [emp_id: 5119] SKIPPED: Already updated today (2025-12-14 03:00:03)
[2025-12-14 08:27:00]   [emp_id: 5122] SKIPPED: Already updated today (2025-12-14 03:00:03)
[2025-12-14 08:27:00]   [emp_id: 5126] SKIPPED: Already updated today (2025-12-14 03:00:03)
[2025-12-14 08:27:00]   [emp_id: 5127] SKIPPED: Already updated today (2025-12-14 03:00:03)
[2025-12-14 08:27:00]   [emp_id: 5128] SKIPPED: Already updated today (2025-12-14 03:00:03)
[2025-12-14 08:27:00]   [emp_id: 5138] SKIPPED: Already updated today (2025-12-14 03:00:03)
[2025-12-14 08:27:00]   [emp_id: 5138] SKIPPED: Already updated today (2025-12-14 03:00:03)
[2025-12-14 08:27:00]   [emp_id: 5141] SKIPPED: Already updated today (2025-12-14 03:00:03)
[2025-12-14 08:27:00]   [emp_id: 5142] SKIPPED: Already updated today (2025-12-14 03:00:03)
[2025-12-14 08:27:00]   [emp_id: 5146] SKIPPED: Already updated today (2025-12-14 03:00:03)
[2025-12-14 08:27:00]   [emp_id: 5147] SKIPPED: Already updated today (2025-12-14 03:00:03)
[2025-12-14 08:27:00]   [emp_id: 5148] SKIPPED: Already updated today (2025-12-14 03:00:03)
[2025-12-14 08:27:00]   [emp_id: 5149] SKIPPED: Already updated today (2025-12-14 03:00:03)
[2025-12-14 08:27:00]   [emp_id: 5150] SKIPPED: Already updated today (2025-12-14 03:00:03)
[2025-12-14 08:27:00]   [emp_id: 5151] SKIPPED: Already updated today (2025-12-14 03:00:03)
[2025-12-14 08:27:00]   [emp_id: 5152] SKIPPED: Already updated today (2025-12-14 03:00:03)
[2025-12-14 08:27:00]   [emp_id: 5157] SKIPPED: Already updated today (2025-12-14 03:00:03)
[2025-12-14 08:27:00]   [emp_id: 5160] SKIPPED: Already updated today (2025-12-14 03:00:03)
[2025-12-14 08:27:00]   [emp_id: 5163] SKIPPED: Already updated today (2025-12-14 03:00:03)
[2025-12-14 08:27:00]   [emp_id: 5165] SKIPPED: Already updated today (2025-12-14 03:00:03)
[2025-12-14 08:27:00]   [emp_id: 5167] SKIPPED: Already updated today (2025-12-14 03:00:03)
[2025-12-14 08:27:00]   [emp_id: 5168] SKIPPED: Already updated today (2025-12-14 03:00:03)
[2025-12-14 08:27:00]   [emp_id: 5173] SKIPPED: Already updated today (2025-12-14 03:00:03)
[2025-12-14 08:27:00]   [emp_id: 5174] SKIPPED: Already updated today (2025-12-14 03:00:03)
[2025-12-14 08:27:00]   [emp_id: 5181] SKIPPED: Already updated today (2025-12-14 03:00:03)
[2025-12-14 08:27:00]   [emp_id: 5186] SKIPPED: Already updated today (2025-12-14 03:00:03)
[2025-12-14 08:27:00]   [emp_id: 5187] SKIPPED: Already updated today (2025-12-14 03:00:03)
[2025-12-14 08:27:00]   [emp_id: 5204] SKIPPED: Already updated today (2025-12-14 03:00:03)
[2025-12-14 08:27:00]   [emp_id: 5205] SKIPPED: Already updated today (2025-12-14 03:00:03)
[2025-12-14 08:27:00]   [emp_id: 5209] SKIPPED: Already updated today (2025-12-14 03:00:03)
[2025-12-14 08:27:00]   [emp_id: 5213] SKIPPED: Already updated today (2025-12-14 03:00:03)
[2025-12-14 08:27:00]   [emp_id: 5214] SKIPPED: Already updated today (2025-12-14 03:00:03)
[2025-12-14 08:27:00]   [emp_id: 5215] SKIPPED: Already updated today (2025-12-14 03:00:03)
[2025-12-14 08:27:00]   [emp_id: 5217] SKIPPED: Already updated today (2025-12-14 03:00:03)
[2025-12-14 08:27:00]   [emp_id: 5219] SKIPPED: Already updated today (2025-12-14 03:00:03)
[2025-12-14 08:27:00]   [emp_id: 5221] SKIPPED: Already updated today (2025-12-14 03:00:03)
[2025-12-14 08:27:00]   [emp_id: 5224] SKIPPED: Already updated today (2025-12-14 03:00:03)
[2025-12-14 08:27:00]   [emp_id: 5225] SKIPPED: Already updated today (2025-12-14 03:00:03)
[2025-12-14 08:27:00]   [emp_id: 5228] SKIPPED: Already updated today (2025-12-14 03:00:03)
[2025-12-14 08:27:00]   [emp_id: 5229] SKIPPED: Already updated today (2025-12-14 03:00:03)
[2025-12-14 08:27:00]   [emp_id: 5230] SKIPPED: Already updated today (2025-12-14 03:00:03)
[2025-12-14 08:27:00]   [emp_id: 5231] SKIPPED: Already updated today (2025-12-14 03:00:03)
[2025-12-14 08:27:00]   [emp_id: 5232] SKIPPED: Already updated today (2025-12-14 03:00:03)
[2025-12-14 08:27:00]   [emp_id: 5233] SKIPPED: Already updated today (2025-12-14 03:00:03)
[2025-12-14 08:27:00]   [emp_id: 5234] SKIPPED: Already updated today (2025-12-14 03:00:03)
[2025-12-14 08:27:00]   [emp_id: 5235] SKIPPED: Already updated today (2025-12-14 03:00:03)
[2025-12-14 08:27:00]   [emp_id: 5237] SKIPPED: Already updated today (2025-12-14 03:00:03)
[2025-12-14 08:27:00]   [emp_id: 5238] SKIPPED: Already updated today (2025-12-14 03:00:03)
[2025-12-14 08:27:00]   [emp_id: 5239] SKIPPED: Already updated today (2025-12-14 03:00:03)
[2025-12-14 08:27:00]   [emp_id: 5241] SKIPPED: Already updated today (2025-12-14 03:00:03)
[2025-12-14 08:27:00]   [emp_id: 5242] SKIPPED: Already updated today (2025-12-14 03:00:03)
[2025-12-14 08:27:00]   [emp_id: 5243] SKIPPED: Already updated today (2025-12-14 03:00:03)
[2025-12-14 08:27:00]   [emp_id: 5244] SKIPPED: Already updated today (2025-12-14 03:00:03)
[2025-12-14 08:27:00]   [emp_id: 5246] SKIPPED: Already updated today (2025-12-14 03:00:03)
[2025-12-14 08:27:00]   [emp_id: 5253] SKIPPED: Already updated today (2025-12-14 03:00:03)
[2025-12-14 08:27:00]   [emp_id: 5254] SKIPPED: Already updated today (2025-12-14 03:00:03)
[2025-12-14 08:27:00]   [emp_id: 5257] SKIPPED: Already updated today (2025-12-14 03:00:03)
[2025-12-14 08:27:00]   [emp_id: 5259] SKIPPED: Already updated today (2025-12-14 03:00:03)
[2025-12-14 08:27:00]   [emp_id: 5261] SKIPPED: Already updated today (2025-12-14 03:00:03)
[2025-12-14 08:27:00]   [emp_id: 5264] SKIPPED: Already updated today (2025-12-14 03:00:03)
[2025-12-14 08:27:00]   [emp_id: 5266] SKIPPED: Already updated today (2025-12-14 03:00:04)
[2025-12-14 08:27:00]   [emp_id: 5268] SKIPPED: Already updated today (2025-12-14 03:00:04)
[2025-12-14 08:27:00]   [emp_id: 5271] SKIPPED: Already updated today (2025-12-14 03:00:04)
[2025-12-14 08:27:00]   [emp_id: 5272] SKIPPED: Already updated today (2025-12-14 03:00:04)
[2025-12-14 08:27:00]   [emp_id: 5273] SKIPPED: Already updated today (2025-12-14 03:00:04)
[2025-12-14 08:27:00]   [emp_id: 5275] SKIPPED: Already updated today (2025-12-14 03:00:04)
[2025-12-14 08:27:00]   [emp_id: 5276] SKIPPED: Already updated today (2025-12-14 03:00:04)
[2025-12-14 08:27:00]   [emp_id: 5278] SKIPPED: Already updated today (2025-12-14 03:00:04)
[2025-12-14 08:27:00]   [emp_id: 5280] SKIPPED: Already updated today (2025-12-14 03:00:04)
[2025-12-14 08:27:00]   [emp_id: 5282] SKIPPED: Already updated today (2025-12-14 03:00:04)
[2025-12-14 08:27:00]   [emp_id: 5285] SKIPPED: Already updated today (2025-12-14 03:00:04)
[2025-12-14 08:27:00]   [emp_id: 5286] SKIPPED: Already updated today (2025-12-14 03:00:04)
[2025-12-14 08:27:00]   [emp_id: 5287] SKIPPED: Already updated today (2025-12-14 03:00:04)
[2025-12-14 08:27:00]   [emp_id: 5288] SKIPPED: Already updated today (2025-12-14 03:00:04)
[2025-12-14 08:27:00]   [emp_id: 5289] SKIPPED: Already updated today (2025-12-14 03:00:04)
[2025-12-14 08:27:00]   [emp_id: 5290] SKIPPED: Already updated today (2025-12-14 03:00:04)
[2025-12-14 08:27:00]   [emp_id: 5291] SKIPPED: Already updated today (2025-12-14 03:00:04)
[2025-12-14 08:27:00]   [emp_id: 5292] SKIPPED: Already updated today (2025-12-14 03:00:04)
[2025-12-14 08:27:00]   [emp_id: 5293] SKIPPED: Already updated today (2025-12-14 03:00:04)
[2025-12-14 08:27:00]   [emp_id: 5294] SKIPPED: Already updated today (2025-12-14 03:00:04)
[2025-12-14 08:27:00]   [emp_id: 5295] SKIPPED: Already updated today (2025-12-14 03:00:04)
[2025-12-14 08:27:00]   [emp_id: 5296] SKIPPED: Already updated today (2025-12-14 03:00:04)
[2025-12-14 08:27:00]   [emp_id: 5297] SKIPPED: Already updated today (2025-12-14 03:00:04)
[2025-12-14 08:27:00]   [emp_id: 5298] SKIPPED: Already updated today (2025-12-14 03:00:04)
[2025-12-14 08:27:00]   [emp_id: 5299] SKIPPED: Already updated today (2025-12-14 03:00:04)
[2025-12-14 08:27:00]   [emp_id: 5300] SKIPPED: Already updated today (2025-12-14 03:00:04)
[2025-12-14 08:27:00]   [emp_id: 5301] SKIPPED: Already updated today (2025-12-14 03:00:04)
[2025-12-14 08:27:00]   [emp_id: 5303] SKIPPED: Already updated today (2025-12-14 03:00:04)
[2025-12-14 08:27:00]   [emp_id: 5304] SKIPPED: Already updated today (2025-12-14 03:00:04)
[2025-12-14 08:27:00]   [emp_id: 5305] SKIPPED: Already updated today (2025-12-14 03:00:04)
[2025-12-14 08:27:00]   [emp_id: 5306] SKIPPED: Already updated today (2025-12-14 03:00:04)
[2025-12-14 08:27:00]   [emp_id: 5307] SKIPPED: Already updated today (2025-12-14 03:00:04)
[2025-12-14 08:27:00]   [emp_id: 5312] SKIPPED: Already updated today (2025-12-14 03:00:04)
[2025-12-14 08:27:00]   [emp_id: 5318] SKIPPED: Already updated today (2025-12-14 03:00:04)
[2025-12-14 08:27:00]   [emp_id: 5325] SKIPPED: Already updated today (2025-12-14 03:00:04)
[2025-12-14 08:27:00]   [emp_id: 5326] SKIPPED: Already updated today (2025-12-14 03:00:04)
[2025-12-14 08:27:00]   [emp_id: 5327] SKIPPED: Already updated today (2025-12-14 03:00:04)
[2025-12-14 08:27:00]   [emp_id: 5331] SKIPPED: Already updated today (2025-12-14 03:00:04)
[2025-12-14 08:27:00]   [emp_id: 5337] SKIPPED: Already updated today (2025-12-14 03:00:04)
[2025-12-14 08:27:00]   [emp_id: 5339] SKIPPED: Already updated today (2025-12-14 03:00:04)
[2025-12-14 08:27:00]   [emp_id: 5343] SKIPPED: Already updated today (2025-12-14 03:00:04)
[2025-12-14 08:27:00]   [emp_id: 5343] SKIPPED: Already updated today (2025-12-14 03:00:04)
[2025-12-14 08:27:00]   [emp_id: 5345] SKIPPED: Already updated today (2025-12-14 03:00:04)
[2025-12-14 08:27:00]   [emp_id: 5346] SKIPPED: Already updated today (2025-12-14 03:00:04)
[2025-12-14 08:27:00]   [emp_id: 5351] SKIPPED: Already updated today (2025-12-14 03:00:04)
[2025-12-14 08:27:00]   [emp_id: 5352] SKIPPED: Already updated today (2025-12-14 03:00:04)
[2025-12-14 08:27:00]   [emp_id: 5370] SKIPPED: Already updated today (2025-12-14 03:00:04)
[2025-12-14 08:27:00]   [emp_id: 5371] SKIPPED: Already updated today (2025-12-14 03:00:04)
[2025-12-14 08:27:00]   [emp_id: 5376] SKIPPED: Already updated today (2025-12-14 03:00:04)
[2025-12-14 08:27:00]   [emp_id: 5378] SKIPPED: Already updated today (2025-12-14 03:00:04)
[2025-12-14 08:27:00]   [emp_id: 5380] SKIPPED: Already updated today (2025-12-14 03:00:04)
[2025-12-14 08:27:00]   [emp_id: 5381] SKIPPED: Already updated today (2025-12-14 03:00:04)
[2025-12-14 08:27:00]   [emp_id: 5383] SKIPPED: Already updated today (2025-12-14 03:00:04)
[2025-12-14 08:27:00]   [emp_id: 5388] SKIPPED: Already updated today (2025-12-14 03:00:04)
[2025-12-14 08:27:00]   [emp_id: 5392] SKIPPED: Already updated today (2025-12-14 03:00:04)
[2025-12-14 08:27:00]   [emp_id: 5396] SKIPPED: Already updated today (2025-12-14 03:00:04)
[2025-12-14 08:27:00]   [emp_id: 5397] SKIPPED: Already updated today (2025-12-14 03:00:04)
[2025-12-14 08:27:00]   [emp_id: 5401] SKIPPED: Already updated today (2025-12-14 03:00:04)
[2025-12-14 08:27:00]   [emp_id: 5402] SKIPPED: Already updated today (2025-12-14 03:00:04)
[2025-12-14 08:27:00]   [emp_id: 5406] SKIPPED: Already updated today (2025-12-14 03:00:04)
[2025-12-14 08:27:00]   [emp_id: 5407] SKIPPED: Already updated today (2025-12-14 03:00:04)
[2025-12-14 08:27:00]   [emp_id: 5408] SKIPPED: Already updated today (2025-12-14 03:00:04)
[2025-12-14 08:27:00]   [emp_id: 5409] SKIPPED: Already updated today (2025-12-14 03:00:04)
[2025-12-14 08:27:00]   [emp_id: 5413] SKIPPED: Already updated today (2025-12-14 03:00:04)
[2025-12-14 08:27:00]   [emp_id: 5414] SKIPPED: Already updated today (2025-12-14 03:00:04)
[2025-12-14 08:27:00]   [emp_id: 5415] SKIPPED: Already updated today (2025-12-14 03:00:04)
[2025-12-14 08:27:00]   [emp_id: 5418] SKIPPED: Already updated today (2025-12-14 03:00:04)
[2025-12-14 08:27:00]   [emp_id: 5422] SKIPPED: Already updated today (2025-12-14 03:00:04)
[2025-12-14 08:27:00]   [emp_id: 5423] SKIPPED: Already updated today (2025-12-14 03:00:04)
[2025-12-14 08:27:00]   [emp_id: 5423] SKIPPED: Already updated today (2025-12-14 03:00:04)
[2025-12-14 08:27:00]   [emp_id: 5423] SKIPPED: Already updated today (2025-12-14 03:00:04)
[2025-12-14 08:27:00]   [emp_id: 5424] SKIPPED: Already updated today (2025-12-14 03:00:04)
[2025-12-14 08:27:00]   [emp_id: 5425] SKIPPED: Already updated today (2025-12-14 03:00:04)
[2025-12-14 08:27:00]   [emp_id: 5426] SKIPPED: Already updated today (2025-12-14 03:00:04)
[2025-12-14 08:27:00]   [emp_id: 5426] SKIPPED: Already updated today (2025-12-14 03:00:04)
[2025-12-14 08:27:00]   [emp_id: 5427] SKIPPED: Already updated today (2025-12-14 03:00:04)
[2025-12-14 08:27:00]   [emp_id: 5428] SKIPPED: Already updated today (2025-12-14 03:00:04)
[2025-12-14 08:27:00]   [emp_id: 5430] SKIPPED: Already updated today (2025-12-14 03:00:04)
[2025-12-14 08:27:00]   [emp_id: 5431] SKIPPED: Already updated today (2025-12-14 03:00:04)
[2025-12-14 08:27:00]   [emp_id: 5434] SKIPPED: Already updated today (2025-12-14 03:00:04)
[2025-12-14 08:27:00]   [emp_id: 5435] SKIPPED: Already updated today (2025-12-14 03:00:04)
[2025-12-14 08:27:00]   [emp_id: 5436] SKIPPED: Already updated today (2025-12-14 03:00:04)
[2025-12-14 08:27:00]   [emp_id: 5438] SKIPPED: Already updated today (2025-12-14 03:00:04)
[2025-12-14 08:27:00]   [emp_id: 5439] SKIPPED: Already updated today (2025-12-14 03:00:04)
[2025-12-14 08:27:00]   [emp_id: 5442] SKIPPED: Already updated today (2025-12-14 03:00:04)
[2025-12-14 08:27:00]   [emp_id: 5443] SKIPPED: Already updated today (2025-12-14 03:00:04)
[2025-12-14 08:27:00]   [emp_id: 5445] SKIPPED: Already updated today (2025-12-14 03:00:04)
[2025-12-14 08:27:00]   [emp_id: 5446] SKIPPED: Already updated today (2025-12-14 03:00:04)
[2025-12-14 08:27:00]   [emp_id: 5447] SKIPPED: Already updated today (2025-12-14 03:00:04)
[2025-12-14 08:27:00]   [emp_id: 5448] SKIPPED: Already updated today (2025-12-14 03:00:04)
[2025-12-14 08:27:00]   [emp_id: 5449] SKIPPED: Already updated today (2025-12-14 03:00:04)
[2025-12-14 08:27:00]   [emp_id: 5450] SKIPPED: Already updated today (2025-12-14 03:00:04)
[2025-12-14 08:27:00]   [emp_id: 5451] SKIPPED: Already updated today (2025-12-14 03:00:04)
[2025-12-14 08:27:00]   [emp_id: 5454] SKIPPED: Already updated today (2025-12-14 03:00:04)
[2025-12-14 08:27:00]   [emp_id: 5455] SKIPPED: Already updated today (2025-12-14 03:00:04)
[2025-12-14 08:27:00]   [emp_id: 5456] SKIPPED: Already updated today (2025-12-14 03:00:04)
[2025-12-14 08:27:00] 
[2025-12-14 08:27:00] ========== SUMMARY ==========
[2025-12-14 08:27:00] Total employees processed: 439
[2025-12-14 08:27:00] Records updated: 0
[2025-12-14 08:27:00] Balances changed: 0
[2025-12-14 08:27:00] Errors: 0
[2025-12-14 08:27:00] ========== CRON: Vacation Balance Update Completed ==========
[2025-12-14 08:27:00] 
[2025-12-14 08:58:44] ========== CRON: Vacation Balance Update Started ==========
[2025-12-14 08:58:45] Database connection established
[2025-12-14 08:58:45] Found 439 active employees with balance records to update
[2025-12-14 08:58:45] (Only employees with status=1 will be processed)
[2025-12-14 08:58:45]   [emp_id: 1061] SKIPPED: Already updated today (2025-12-14 03:00:01)
[2025-12-14 08:58:45]   [emp_id: 1496] SKIPPED: Already updated today (2025-12-14 03:00:01)
[2025-12-14 08:58:45]   [emp_id: 1500] SKIPPED: Already updated today (2025-12-14 03:00:01)
[2025-12-14 08:58:45]   [emp_id: 1574] SKIPPED: Already updated today (2025-12-14 03:00:01)
[2025-12-14 08:58:45]   [emp_id: 1673] SKIPPED: Already updated today (2025-12-14 03:00:01)
[2025-12-14 08:58:45]   [emp_id: 1685] SKIPPED: Already updated today (2025-12-14 03:00:01)
[2025-12-14 08:58:45]   [emp_id: 1764] SKIPPED: Already updated today (2025-12-14 03:00:01)
[2025-12-14 08:58:45]   [emp_id: 1805] SKIPPED: Already updated today (2025-12-14 03:00:01)
[2025-12-14 08:58:45]   [emp_id: 1822] SKIPPED: Already updated today (2025-12-14 03:00:01)
[2025-12-14 08:58:45]   [emp_id: 1837] SKIPPED: Already updated today (2025-12-14 03:00:01)
[2025-12-14 08:58:45]   [emp_id: 1857] SKIPPED: Already updated today (2025-12-14 03:00:01)
[2025-12-14 08:58:45]   [emp_id: 1861] SKIPPED: Already updated today (2025-12-14 03:00:02)
[2025-12-14 08:58:45]   [emp_id: 1872] SKIPPED: Already updated today (2025-12-14 03:00:02)
[2025-12-14 08:58:45]   [emp_id: 1897] SKIPPED: Already updated today (2025-12-14 03:00:02)
[2025-12-14 08:58:45]   [emp_id: 1916] SKIPPED: Already updated today (2025-12-14 03:00:02)
[2025-12-14 08:58:45]   [emp_id: 1928] SKIPPED: Already updated today (2025-12-14 03:00:02)
[2025-12-14 08:58:45]   [emp_id: 1931] SKIPPED: Already updated today (2025-12-14 03:00:02)
[2025-12-14 08:58:45]   [emp_id: 1944] SKIPPED: Already updated today (2025-12-14 03:00:02)
[2025-12-14 08:58:45]   [emp_id: 1996] SKIPPED: Already updated today (2025-12-14 03:00:02)
[2025-12-14 08:58:45]   [emp_id: 1997] SKIPPED: Already updated today (2025-12-14 03:00:02)
[2025-12-14 08:58:45]   [emp_id: 1998] SKIPPED: Already updated today (2025-12-14 03:00:02)
[2025-12-14 08:58:45]   [emp_id: 1999] SKIPPED: Already updated today (2025-12-14 03:00:02)
[2025-12-14 08:58:45]   [emp_id: 2009] SKIPPED: Already updated today (2025-12-14 03:00:02)
[2025-12-14 08:58:45]   [emp_id: 2048] SKIPPED: Already updated today (2025-12-14 03:00:02)
[2025-12-14 08:58:45]   [emp_id: 2057] SKIPPED: Already updated today (2025-12-14 03:00:02)
[2025-12-14 08:58:45]   [emp_id: 2079] SKIPPED: Already updated today (2025-12-14 03:00:02)
[2025-12-14 08:58:45]   [emp_id: 2181] SKIPPED: Already updated today (2025-12-14 03:00:02)
[2025-12-14 08:58:45]   [emp_id: 2190] SKIPPED: Already updated today (2025-12-14 03:00:02)
[2025-12-14 08:58:45]   [emp_id: 2212] SKIPPED: Already updated today (2025-12-14 03:00:02)
[2025-12-14 08:58:45]   [emp_id: 2226] SKIPPED: Already updated today (2025-12-14 03:00:02)
[2025-12-14 08:58:45]   [emp_id: 2238] SKIPPED: Already updated today (2025-12-14 03:00:02)
[2025-12-14 08:58:45]   [emp_id: 2285] SKIPPED: Already updated today (2025-12-14 03:00:02)
[2025-12-14 08:58:45]   [emp_id: 2287] SKIPPED: Already updated today (2025-12-14 03:00:02)
[2025-12-14 08:58:45]   [emp_id: 2288] SKIPPED: Already updated today (2025-12-14 03:00:02)
[2025-12-14 08:58:45]   [emp_id: 2290] SKIPPED: Already updated today (2025-12-14 03:00:02)
[2025-12-14 08:58:45]   [emp_id: 2316] SKIPPED: Already updated today (2025-12-14 03:00:02)
[2025-12-14 08:58:45]   [emp_id: 2337] SKIPPED: Already updated today (2025-12-14 03:00:02)
[2025-12-14 08:58:45]   [emp_id: 2352] SKIPPED: Already updated today (2025-12-14 03:00:02)
[2025-12-14 08:58:45]   [emp_id: 2358] SKIPPED: Already updated today (2025-12-14 03:00:02)
[2025-12-14 08:58:45]   [emp_id: 2361] SKIPPED: Already updated today (2025-12-14 03:00:02)
[2025-12-14 08:58:45]   [emp_id: 2363] SKIPPED: Already updated today (2025-12-14 03:00:02)
[2025-12-14 08:58:45]   [emp_id: 2364] SKIPPED: Already updated today (2025-12-14 03:00:02)
[2025-12-14 08:58:45]   [emp_id: 2367] SKIPPED: Already updated today (2025-12-14 03:00:02)
[2025-12-14 08:58:45]   [emp_id: 2368] SKIPPED: Already updated today (2025-12-14 03:00:02)
[2025-12-14 08:58:45]   [emp_id: 2372] SKIPPED: Already updated today (2025-12-14 03:00:02)
[2025-12-14 08:58:45]   [emp_id: 2376] SKIPPED: Already updated today (2025-12-14 03:00:02)
[2025-12-14 08:58:45]   [emp_id: 2423] SKIPPED: Already updated today (2025-12-14 03:00:02)
[2025-12-14 08:58:45]   [emp_id: 2519] SKIPPED: Already updated today (2025-12-14 03:00:02)
[2025-12-14 08:58:45]   [emp_id: 2522] SKIPPED: Already updated today (2025-12-14 03:00:02)
[2025-12-14 08:58:45]   [emp_id: 2530] SKIPPED: Already updated today (2025-12-14 03:00:02)
[2025-12-14 08:58:45]   [emp_id: 2539] SKIPPED: Already updated today (2025-12-14 03:00:02)
[2025-12-14 08:58:45]   [emp_id: 2541] SKIPPED: Already updated today (2025-12-14 03:00:02)
[2025-12-14 08:58:45]   [emp_id: 2550] SKIPPED: Already updated today (2025-12-14 03:00:02)
[2025-12-14 08:58:45]   [emp_id: 2553] SKIPPED: Already updated today (2025-12-14 03:00:02)
[2025-12-14 08:58:45]   [emp_id: 2554] SKIPPED: Already updated today (2025-12-14 03:00:02)
[2025-12-14 08:58:45]   [emp_id: 2565] SKIPPED: Already updated today (2025-12-14 03:00:02)
[2025-12-14 08:58:45]   [emp_id: 2572] SKIPPED: Already updated today (2025-12-14 03:00:02)
[2025-12-14 08:58:45]   [emp_id: 2637] SKIPPED: Already updated today (2025-12-14 03:00:02)
[2025-12-14 08:58:45]   [emp_id: 2642] SKIPPED: Already updated today (2025-12-14 03:00:02)
[2025-12-14 08:58:45]   [emp_id: 2645] SKIPPED: Already updated today (2025-12-14 03:00:02)
[2025-12-14 08:58:45]   [emp_id: 2648] SKIPPED: Already updated today (2025-12-14 03:00:02)
[2025-12-14 08:58:45]   [emp_id: 2654] SKIPPED: Already updated today (2025-12-14 03:00:02)
[2025-12-14 08:58:45]   [emp_id: 2688] SKIPPED: Already updated today (2025-12-14 03:00:02)
[2025-12-14 08:58:45]   [emp_id: 2690] SKIPPED: Already updated today (2025-12-14 03:00:02)
[2025-12-14 08:58:45]   [emp_id: 2709] SKIPPED: Already updated today (2025-12-14 03:00:02)
[2025-12-14 08:58:45]   [emp_id: 2745] SKIPPED: Already updated today (2025-12-14 03:00:02)
[2025-12-14 08:58:45]   [emp_id: 2843] SKIPPED: Already updated today (2025-12-14 03:00:02)
[2025-12-14 08:58:45]   [emp_id: 2854] SKIPPED: Already updated today (2025-12-14 03:00:02)
[2025-12-14 08:58:45]   [emp_id: 2869] SKIPPED: Already updated today (2025-12-14 03:00:02)
[2025-12-14 08:58:45]   [emp_id: 2876] SKIPPED: Already updated today (2025-12-14 03:00:02)
[2025-12-14 08:58:45]   [emp_id: 2924] SKIPPED: Already updated today (2025-12-14 03:00:02)
[2025-12-14 08:58:45]   [emp_id: 2953] SKIPPED: Already updated today (2025-12-14 03:00:02)
[2025-12-14 08:58:45]   [emp_id: 2961] SKIPPED: Already updated today (2025-12-14 03:00:02)
[2025-12-14 08:58:45]   [emp_id: 2975] SKIPPED: Already updated today (2025-12-14 03:00:02)
[2025-12-14 08:58:45]   [emp_id: 3013] SKIPPED: Already updated today (2025-12-14 03:00:02)
[2025-12-14 08:58:45]   [emp_id: 3014] SKIPPED: Already updated today (2025-12-14 03:00:02)
[2025-12-14 08:58:45]   [emp_id: 3015] SKIPPED: Already updated today (2025-12-14 03:00:02)
[2025-12-14 08:58:45]   [emp_id: 3018] SKIPPED: Already updated today (2025-12-14 03:00:02)
[2025-12-14 08:58:45]   [emp_id: 3025] SKIPPED: Already updated today (2025-12-14 03:00:02)
[2025-12-14 08:58:45]   [emp_id: 3037] SKIPPED: Already updated today (2025-12-14 03:00:02)
[2025-12-14 08:58:45]   [emp_id: 3047] SKIPPED: Already updated today (2025-12-14 03:00:02)
[2025-12-14 08:58:45]   [emp_id: 3061] SKIPPED: Already updated today (2025-12-14 03:00:02)
[2025-12-14 08:58:45]   [emp_id: 3062] SKIPPED: Already updated today (2025-12-14 03:00:02)
[2025-12-14 08:58:45]   [emp_id: 3074] SKIPPED: Already updated today (2025-12-14 03:00:02)
[2025-12-14 08:58:45]   [emp_id: 3089] SKIPPED: Already updated today (2025-12-14 03:00:02)
[2025-12-14 08:58:45]   [emp_id: 3090] SKIPPED: Already updated today (2025-12-14 03:00:02)
[2025-12-14 08:58:45]   [emp_id: 3091] SKIPPED: Already updated today (2025-12-14 03:00:02)
[2025-12-14 08:58:45]   [emp_id: 3092] SKIPPED: Already updated today (2025-12-14 03:00:02)
[2025-12-14 08:58:45]   [emp_id: 3105] SKIPPED: Already updated today (2025-12-14 03:00:02)
[2025-12-14 08:58:45]   [emp_id: 3134] SKIPPED: Already updated today (2025-12-14 03:00:02)
[2025-12-14 08:58:45]   [emp_id: 3140] SKIPPED: Already updated today (2025-12-14 03:00:02)
[2025-12-14 08:58:45]   [emp_id: 3144] SKIPPED: Already updated today (2025-12-14 03:00:02)
[2025-12-14 08:58:45]   [emp_id: 3156] SKIPPED: Already updated today (2025-12-14 03:00:02)
[2025-12-14 08:58:45]   [emp_id: 3162] SKIPPED: Already updated today (2025-12-14 03:00:02)
[2025-12-14 08:58:45]   [emp_id: 3163] SKIPPED: Already updated today (2025-12-14 03:00:02)
[2025-12-14 08:58:45]   [emp_id: 3198] SKIPPED: Already updated today (2025-12-14 03:00:02)
[2025-12-14 08:58:45]   [emp_id: 3205] SKIPPED: Already updated today (2025-12-14 03:00:02)
[2025-12-14 08:58:45]   [emp_id: 3209] SKIPPED: Already updated today (2025-12-14 03:00:02)
[2025-12-14 08:58:45]   [emp_id: 3223] SKIPPED: Already updated today (2025-12-14 03:00:02)
[2025-12-14 08:58:45]   [emp_id: 3224] SKIPPED: Already updated today (2025-12-14 03:00:02)
[2025-12-14 08:58:45]   [emp_id: 3230] SKIPPED: Already updated today (2025-12-14 03:00:02)
[2025-12-14 08:58:45]   [emp_id: 3231] SKIPPED: Already updated today (2025-12-14 03:00:02)
[2025-12-14 08:58:45]   [emp_id: 3233] SKIPPED: Already updated today (2025-12-14 03:00:02)
[2025-12-14 08:58:45]   [emp_id: 3249] SKIPPED: Already updated today (2025-12-14 03:00:02)
[2025-12-14 08:58:45]   [emp_id: 3250] SKIPPED: Already updated today (2025-12-14 03:00:02)
[2025-12-14 08:58:45]   [emp_id: 3252] SKIPPED: Already updated today (2025-12-14 03:00:02)
[2025-12-14 08:58:45]   [emp_id: 3254] SKIPPED: Already updated today (2025-12-14 03:00:02)
[2025-12-14 08:58:45]   [emp_id: 3255] SKIPPED: Already updated today (2025-12-14 03:00:02)
[2025-12-14 08:58:45]   [emp_id: 3256] SKIPPED: Already updated today (2025-12-14 03:00:02)
[2025-12-14 08:58:45]   [emp_id: 3263] SKIPPED: Already updated today (2025-12-14 03:00:02)
[2025-12-14 08:58:45]   [emp_id: 3265] SKIPPED: Already updated today (2025-12-14 03:00:02)
[2025-12-14 08:58:45]   [emp_id: 3280] SKIPPED: Already updated today (2025-12-14 03:00:02)
[2025-12-14 08:58:45]   [emp_id: 3286] SKIPPED: Already updated today (2025-12-14 03:00:02)
[2025-12-14 08:58:45]   [emp_id: 3294] SKIPPED: Already updated today (2025-12-14 03:00:02)
[2025-12-14 08:58:45]   [emp_id: 3321] SKIPPED: Already updated today (2025-12-14 03:00:02)
[2025-12-14 08:58:45]   [emp_id: 3325] SKIPPED: Already updated today (2025-12-14 03:00:02)
[2025-12-14 08:58:45]   [emp_id: 3329] SKIPPED: Already updated today (2025-12-14 03:00:02)
[2025-12-14 08:58:45]   [emp_id: 3330] SKIPPED: Already updated today (2025-12-14 03:00:02)
[2025-12-14 08:58:45]   [emp_id: 3332] SKIPPED: Already updated today (2025-12-14 03:00:02)
[2025-12-14 08:58:45]   [emp_id: 3370] SKIPPED: Already updated today (2025-12-14 03:00:02)
[2025-12-14 08:58:45]   [emp_id: 3384] SKIPPED: Already updated today (2025-12-14 03:00:02)
[2025-12-14 08:58:45]   [emp_id: 3386] SKIPPED: Already updated today (2025-12-14 03:00:02)
[2025-12-14 08:58:45]   [emp_id: 3431] SKIPPED: Already updated today (2025-12-14 03:00:02)
[2025-12-14 08:58:45]   [emp_id: 3497] SKIPPED: Already updated today (2025-12-14 03:00:02)
[2025-12-14 08:58:45]   [emp_id: 3532] SKIPPED: Already updated today (2025-12-14 03:00:02)
[2025-12-14 08:58:45]   [emp_id: 3586] SKIPPED: Already updated today (2025-12-14 03:00:02)
[2025-12-14 08:58:45]   [emp_id: 3602] SKIPPED: Already updated today (2025-12-14 03:00:02)
[2025-12-14 08:58:45]   [emp_id: 3618] SKIPPED: Already updated today (2025-12-14 03:00:02)
[2025-12-14 08:58:45]   [emp_id: 3622] SKIPPED: Already updated today (2025-12-14 03:00:02)
[2025-12-14 08:58:45]   [emp_id: 3627] SKIPPED: Already updated today (2025-12-14 03:00:02)
[2025-12-14 08:58:45]   [emp_id: 3665] SKIPPED: Already updated today (2025-12-14 03:00:02)
[2025-12-14 08:58:45]   [emp_id: 3705] SKIPPED: Already updated today (2025-12-14 03:00:02)
[2025-12-14 08:58:45]   [emp_id: 3724] SKIPPED: Already updated today (2025-12-14 03:00:02)
[2025-12-14 08:58:45]   [emp_id: 3726] SKIPPED: Already updated today (2025-12-14 03:00:02)
[2025-12-14 08:58:45]   [emp_id: 3727] SKIPPED: Already updated today (2025-12-14 03:00:02)
[2025-12-14 08:58:45]   [emp_id: 3728] SKIPPED: Already updated today (2025-12-14 03:00:02)
[2025-12-14 08:58:45]   [emp_id: 3742] SKIPPED: Already updated today (2025-12-14 03:00:02)
[2025-12-14 08:58:45]   [emp_id: 3767] SKIPPED: Already updated today (2025-12-14 03:00:02)
[2025-12-14 08:58:45]   [emp_id: 3768] SKIPPED: Already updated today (2025-12-14 03:00:02)
[2025-12-14 08:58:45]   [emp_id: 3787] SKIPPED: Already updated today (2025-12-14 03:00:02)
[2025-12-14 08:58:45]   [emp_id: 3790] SKIPPED: Already updated today (2025-12-14 03:00:02)
[2025-12-14 08:58:45]   [emp_id: 3795] SKIPPED: Already updated today (2025-12-14 03:00:02)
[2025-12-14 08:58:45]   [emp_id: 3798] SKIPPED: Already updated today (2025-12-14 03:00:02)
[2025-12-14 08:58:45]   [emp_id: 3801] SKIPPED: Already updated today (2025-12-14 03:00:02)
[2025-12-14 08:58:45]   [emp_id: 3802] SKIPPED: Already updated today (2025-12-14 03:00:02)
[2025-12-14 08:58:45]   [emp_id: 3803] SKIPPED: Already updated today (2025-12-14 03:00:02)
[2025-12-14 08:58:45]   [emp_id: 3810] SKIPPED: Already updated today (2025-12-14 03:00:02)
[2025-12-14 08:58:45]   [emp_id: 3812] SKIPPED: Already updated today (2025-12-14 03:00:02)
[2025-12-14 08:58:45]   [emp_id: 3815] SKIPPED: Already updated today (2025-12-14 03:00:02)
[2025-12-14 08:58:45]   [emp_id: 3836] SKIPPED: Already updated today (2025-12-14 03:00:02)
[2025-12-14 08:58:45]   [emp_id: 3855] SKIPPED: Already updated today (2025-12-14 03:00:02)
[2025-12-14 08:58:45]   [emp_id: 3857] SKIPPED: Already updated today (2025-12-14 03:00:02)
[2025-12-14 08:58:45]   [emp_id: 3862] SKIPPED: Already updated today (2025-12-14 03:00:02)
[2025-12-14 08:58:45]   [emp_id: 3866] SKIPPED: Already updated today (2025-12-14 03:00:02)
[2025-12-14 08:58:45]   [emp_id: 3876] SKIPPED: Already updated today (2025-12-14 03:00:02)
[2025-12-14 08:58:45]   [emp_id: 3877] SKIPPED: Already updated today (2025-12-14 03:00:02)
[2025-12-14 08:58:45]   [emp_id: 3897] SKIPPED: Already updated today (2025-12-14 03:00:02)
[2025-12-14 08:58:45]   [emp_id: 3899] SKIPPED: Already updated today (2025-12-14 03:00:02)
[2025-12-14 08:58:45]   [emp_id: 3928] SKIPPED: Already updated today (2025-12-14 03:00:02)
[2025-12-14 08:58:45]   [emp_id: 3929] SKIPPED: Already updated today (2025-12-14 03:00:02)
[2025-12-14 08:58:45]   [emp_id: 3935] SKIPPED: Already updated today (2025-12-14 03:00:02)
[2025-12-14 08:58:45]   [emp_id: 3952] SKIPPED: Already updated today (2025-12-14 03:00:02)
[2025-12-14 08:58:45]   [emp_id: 3987] SKIPPED: Already updated today (2025-12-14 03:00:02)
[2025-12-14 08:58:45]   [emp_id: 4059] SKIPPED: Already updated today (2025-12-14 03:00:02)
[2025-12-14 08:58:45]   [emp_id: 4119] SKIPPED: Already updated today (2025-12-14 03:00:02)
[2025-12-14 08:58:45]   [emp_id: 4120] SKIPPED: Already updated today (2025-12-14 03:00:02)
[2025-12-14 08:58:45]   [emp_id: 4124] SKIPPED: Already updated today (2025-12-14 03:00:02)
[2025-12-14 08:58:45]   [emp_id: 4133] SKIPPED: Already updated today (2025-12-14 03:00:02)
[2025-12-14 08:58:45]   [emp_id: 4134] SKIPPED: Already updated today (2025-12-14 03:00:02)
[2025-12-14 08:58:45]   [emp_id: 4136] SKIPPED: Already updated today (2025-12-14 03:00:02)
[2025-12-14 08:58:45]   [emp_id: 4150] SKIPPED: Already updated today (2025-12-14 03:00:02)
[2025-12-14 08:58:45]   [emp_id: 4157] SKIPPED: Already updated today (2025-12-14 03:00:03)
[2025-12-14 08:58:45]   [emp_id: 4172] SKIPPED: Already updated today (2025-12-14 03:00:03)
[2025-12-14 08:58:45]   [emp_id: 4195] SKIPPED: Already updated today (2025-12-14 03:00:03)
[2025-12-14 08:58:45]   [emp_id: 4215] SKIPPED: Already updated today (2025-12-14 03:00:03)
[2025-12-14 08:58:45]   [emp_id: 4220] SKIPPED: Already updated today (2025-12-14 03:00:03)
[2025-12-14 08:58:45]   [emp_id: 4273] SKIPPED: Already updated today (2025-12-14 03:00:03)
[2025-12-14 08:58:45]   [emp_id: 4283] SKIPPED: Already updated today (2025-12-14 03:00:03)
[2025-12-14 08:58:45]   [emp_id: 4288] SKIPPED: Already updated today (2025-12-14 03:00:03)
[2025-12-14 08:58:45]   [emp_id: 4315] SKIPPED: Already updated today (2025-12-14 03:00:03)
[2025-12-14 08:58:45]   [emp_id: 4328] SKIPPED: Already updated today (2025-12-14 03:00:03)
[2025-12-14 08:58:45]   [emp_id: 4329] SKIPPED: Already updated today (2025-12-14 03:00:03)
[2025-12-14 08:58:45]   [emp_id: 4338] SKIPPED: Already updated today (2025-12-14 03:00:03)
[2025-12-14 08:58:45]   [emp_id: 4340] SKIPPED: Already updated today (2025-12-14 03:00:03)
[2025-12-14 08:58:45]   [emp_id: 4365] SKIPPED: Already updated today (2025-12-14 03:00:03)
[2025-12-14 08:58:45]   [emp_id: 4366] SKIPPED: Already updated today (2025-12-14 03:00:03)
[2025-12-14 08:58:45]   [emp_id: 4403] SKIPPED: Already updated today (2025-12-14 03:00:03)
[2025-12-14 08:58:45]   [emp_id: 4438] SKIPPED: Already updated today (2025-12-14 03:00:03)
[2025-12-14 08:58:45]   [emp_id: 4465] SKIPPED: Already updated today (2025-12-14 03:00:03)
[2025-12-14 08:58:45]   [emp_id: 4473] SKIPPED: Already updated today (2025-12-14 03:00:03)
[2025-12-14 08:58:45]   [emp_id: 4474] SKIPPED: Already updated today (2025-12-14 03:00:03)
[2025-12-14 08:58:45]   [emp_id: 4493] SKIPPED: Already updated today (2025-12-14 03:00:03)
[2025-12-14 08:58:45]   [emp_id: 4526] SKIPPED: Already updated today (2025-12-14 03:00:03)
[2025-12-14 08:58:45]   [emp_id: 4528] SKIPPED: Already updated today (2025-12-14 03:00:03)
[2025-12-14 08:58:45]   [emp_id: 4528] SKIPPED: Already updated today (2025-12-14 03:00:03)
[2025-12-14 08:58:45]   [emp_id: 4532] SKIPPED: Already updated today (2025-12-14 03:00:03)
[2025-12-14 08:58:45]   [emp_id: 4533] SKIPPED: Already updated today (2025-12-14 03:00:03)
[2025-12-14 08:58:45]   [emp_id: 4564] SKIPPED: Already updated today (2025-12-14 03:00:03)
[2025-12-14 08:58:45]   [emp_id: 4565] SKIPPED: Already updated today (2025-12-14 03:00:03)
[2025-12-14 08:58:45]   [emp_id: 4567] SKIPPED: Already updated today (2025-12-14 03:00:03)
[2025-12-14 08:58:45]   [emp_id: 4572] SKIPPED: Already updated today (2025-12-14 03:00:03)
[2025-12-14 08:58:45]   [emp_id: 4631] SKIPPED: Already updated today (2025-12-14 03:00:03)
[2025-12-14 08:58:45]   [emp_id: 4655] SKIPPED: Already updated today (2025-12-14 03:00:03)
[2025-12-14 08:58:45]   [emp_id: 4689] SKIPPED: Already updated today (2025-12-14 03:00:03)
[2025-12-14 08:58:45]   [emp_id: 4709] SKIPPED: Already updated today (2025-12-14 03:00:03)
[2025-12-14 08:58:45]   [emp_id: 4717] SKIPPED: Already updated today (2025-12-14 03:00:03)
[2025-12-14 08:58:45]   [emp_id: 4736] SKIPPED: Already updated today (2025-12-14 03:00:03)
[2025-12-14 08:58:45]   [emp_id: 4756] SKIPPED: Already updated today (2025-12-14 03:00:03)
[2025-12-14 08:58:45]   [emp_id: 4768] SKIPPED: Already updated today (2025-12-14 03:00:03)
[2025-12-14 08:58:45]   [emp_id: 4780] SKIPPED: Already updated today (2025-12-14 03:00:03)
[2025-12-14 08:58:45]   [emp_id: 4820] SKIPPED: Already updated today (2025-12-14 03:00:03)
[2025-12-14 08:58:45]   [emp_id: 4825] SKIPPED: Already updated today (2025-12-14 03:00:03)
[2025-12-14 08:58:45]   [emp_id: 4835] SKIPPED: Already updated today (2025-12-14 03:00:03)
[2025-12-14 08:58:45]   [emp_id: 4837] SKIPPED: Already updated today (2025-12-14 03:00:03)
[2025-12-14 08:58:45]   [emp_id: 4838] SKIPPED: Already updated today (2025-12-14 03:00:03)
[2025-12-14 08:58:45]   [emp_id: 4840] SKIPPED: Already updated today (2025-12-14 03:00:03)
[2025-12-14 08:58:45]   [emp_id: 4842] SKIPPED: Already updated today (2025-12-14 03:00:03)
[2025-12-14 08:58:45]   [emp_id: 4843] SKIPPED: Already updated today (2025-12-14 03:00:03)
[2025-12-14 08:58:45]   [emp_id: 4853] SKIPPED: Already updated today (2025-12-14 03:00:03)
[2025-12-14 08:58:45]   [emp_id: 4856] SKIPPED: Already updated today (2025-12-14 03:00:03)
[2025-12-14 08:58:45]   [emp_id: 4857] SKIPPED: Already updated today (2025-12-14 03:00:03)
[2025-12-14 08:58:45]   [emp_id: 4858] SKIPPED: Already updated today (2025-12-14 03:00:03)
[2025-12-14 08:58:45]   [emp_id: 4859] SKIPPED: Already updated today (2025-12-14 03:00:03)
[2025-12-14 08:58:45]   [emp_id: 4860] SKIPPED: Already updated today (2025-12-14 03:00:03)
[2025-12-14 08:58:45]   [emp_id: 4861] SKIPPED: Already updated today (2025-12-14 03:00:03)
[2025-12-14 08:58:45]   [emp_id: 4869] SKIPPED: Already updated today (2025-12-14 03:00:03)
[2025-12-14 08:58:45]   [emp_id: 4894] SKIPPED: Already updated today (2025-12-14 03:00:03)
[2025-12-14 08:58:45]   [emp_id: 4897] SKIPPED: Already updated today (2025-12-14 03:00:03)
[2025-12-14 08:58:45]   [emp_id: 4899] SKIPPED: Already updated today (2025-12-14 03:00:03)
[2025-12-14 08:58:45]   [emp_id: 4902] SKIPPED: Already updated today (2025-12-14 03:00:03)
[2025-12-14 08:58:45]   [emp_id: 4903] SKIPPED: Already updated today (2025-12-14 03:00:03)
[2025-12-14 08:58:45]   [emp_id: 4905] SKIPPED: Already updated today (2025-12-14 03:00:03)
[2025-12-14 08:58:45]   [emp_id: 4907] SKIPPED: Already updated today (2025-12-14 03:00:03)
[2025-12-14 08:58:45]   [emp_id: 4917] SKIPPED: Already updated today (2025-12-14 03:00:03)
[2025-12-14 08:58:45]   [emp_id: 4918] SKIPPED: Already updated today (2025-12-14 03:00:03)
[2025-12-14 08:58:45]   [emp_id: 4919] SKIPPED: Already updated today (2025-12-14 03:00:03)
[2025-12-14 08:58:45]   [emp_id: 4920] SKIPPED: Already updated today (2025-12-14 03:00:03)
[2025-12-14 08:58:45]   [emp_id: 4921] SKIPPED: Already updated today (2025-12-14 03:00:03)
[2025-12-14 08:58:45]   [emp_id: 4927] SKIPPED: Already updated today (2025-12-14 03:00:03)
[2025-12-14 08:58:45]   [emp_id: 4929] SKIPPED: Already updated today (2025-12-14 03:00:03)
[2025-12-14 08:58:45]   [emp_id: 4930] SKIPPED: Already updated today (2025-12-14 03:00:03)
[2025-12-14 08:58:45]   [emp_id: 4932] SKIPPED: Already updated today (2025-12-14 03:00:03)
[2025-12-14 08:58:45]   [emp_id: 4933] SKIPPED: Already updated today (2025-12-14 03:00:03)
[2025-12-14 08:58:45]   [emp_id: 4949] SKIPPED: Already updated today (2025-12-14 03:00:03)
[2025-12-14 08:58:45]   [emp_id: 4956] SKIPPED: Already updated today (2025-12-14 03:00:03)
[2025-12-14 08:58:45]   [emp_id: 4957] SKIPPED: Already updated today (2025-12-14 03:00:03)
[2025-12-14 08:58:45]   [emp_id: 4962] SKIPPED: Already updated today (2025-12-14 03:00:03)
[2025-12-14 08:58:45]   [emp_id: 4969] SKIPPED: Already updated today (2025-12-14 03:00:03)
[2025-12-14 08:58:45]   [emp_id: 4976] SKIPPED: Already updated today (2025-12-14 03:00:03)
[2025-12-14 08:58:45]   [emp_id: 4984] SKIPPED: Already updated today (2025-12-14 03:00:03)
[2025-12-14 08:58:45]   [emp_id: 4995] SKIPPED: Already updated today (2025-12-14 03:00:03)
[2025-12-14 08:58:45]   [emp_id: 5004] SKIPPED: Already updated today (2025-12-14 03:00:03)
[2025-12-14 08:58:45]   [emp_id: 5006] SKIPPED: Already updated today (2025-12-14 03:00:03)
[2025-12-14 08:58:45]   [emp_id: 5011] SKIPPED: Already updated today (2025-12-14 03:00:03)
[2025-12-14 08:58:45]   [emp_id: 5013] SKIPPED: Already updated today (2025-12-14 03:00:03)
[2025-12-14 08:58:45]   [emp_id: 5018] SKIPPED: Already updated today (2025-12-14 03:00:03)
[2025-12-14 08:58:45]   [emp_id: 5021] SKIPPED: Already updated today (2025-12-14 03:00:03)
[2025-12-14 08:58:45]   [emp_id: 5021] SKIPPED: Already updated today (2025-12-14 03:00:03)
[2025-12-14 08:58:45]   [emp_id: 5024] SKIPPED: Already updated today (2025-12-14 03:00:03)
[2025-12-14 08:58:45]   [emp_id: 5030] SKIPPED: Already updated today (2025-12-14 03:00:03)
[2025-12-14 08:58:45]   [emp_id: 5033] SKIPPED: Already updated today (2025-12-14 03:00:03)
[2025-12-14 08:58:45]   [emp_id: 5043] SKIPPED: Already updated today (2025-12-14 03:00:03)
[2025-12-14 08:58:45]   [emp_id: 5045] SKIPPED: Already updated today (2025-12-14 03:00:03)
[2025-12-14 08:58:45]   [emp_id: 5046] SKIPPED: Already updated today (2025-12-14 03:00:03)
[2025-12-14 08:58:45]   [emp_id: 5049] SKIPPED: Already updated today (2025-12-14 03:00:03)
[2025-12-14 08:58:45]   [emp_id: 5052] SKIPPED: Already updated today (2025-12-14 03:00:03)
[2025-12-14 08:58:45]   [emp_id: 5055] SKIPPED: Already updated today (2025-12-14 03:00:03)
[2025-12-14 08:58:45]   [emp_id: 5058] SKIPPED: Already updated today (2025-12-14 03:00:03)
[2025-12-14 08:58:45]   [emp_id: 5062] SKIPPED: Already updated today (2025-12-14 03:00:03)
[2025-12-14 08:58:45]   [emp_id: 5064] SKIPPED: Already updated today (2025-12-14 03:00:03)
[2025-12-14 08:58:45]   [emp_id: 5065] SKIPPED: Already updated today (2025-12-14 03:00:03)
[2025-12-14 08:58:45]   [emp_id: 5071] SKIPPED: Already updated today (2025-12-14 03:00:03)
[2025-12-14 08:58:45]   [emp_id: 5073] SKIPPED: Already updated today (2025-12-14 03:00:03)
[2025-12-14 08:58:45]   [emp_id: 5079] SKIPPED: Already updated today (2025-12-14 03:00:03)
[2025-12-14 08:58:45]   [emp_id: 5080] SKIPPED: Already updated today (2025-12-14 03:00:03)
[2025-12-14 08:58:45]   [emp_id: 5081] SKIPPED: Already updated today (2025-12-14 03:00:03)
[2025-12-14 08:58:45]   [emp_id: 5087] SKIPPED: Already updated today (2025-12-14 03:00:03)
[2025-12-14 08:58:45]   [emp_id: 5091] SKIPPED: Already updated today (2025-12-14 03:00:03)
[2025-12-14 08:58:45]   [emp_id: 5093] SKIPPED: Already updated today (2025-12-14 03:00:03)
[2025-12-14 08:58:45]   [emp_id: 5095] SKIPPED: Already updated today (2025-12-14 03:00:03)
[2025-12-14 08:58:45]   [emp_id: 5101] SKIPPED: Already updated today (2025-12-14 03:00:03)
[2025-12-14 08:58:45]   [emp_id: 5107] SKIPPED: Already updated today (2025-12-14 03:00:03)
[2025-12-14 08:58:45]   [emp_id: 5109] SKIPPED: Already updated today (2025-12-14 03:00:03)
[2025-12-14 08:58:45]   [emp_id: 5119] SKIPPED: Already updated today (2025-12-14 03:00:03)
[2025-12-14 08:58:45]   [emp_id: 5122] SKIPPED: Already updated today (2025-12-14 03:00:03)
[2025-12-14 08:58:45]   [emp_id: 5126] SKIPPED: Already updated today (2025-12-14 03:00:03)
[2025-12-14 08:58:45]   [emp_id: 5127] SKIPPED: Already updated today (2025-12-14 03:00:03)
[2025-12-14 08:58:45]   [emp_id: 5128] SKIPPED: Already updated today (2025-12-14 03:00:03)
[2025-12-14 08:58:45]   [emp_id: 5138] SKIPPED: Already updated today (2025-12-14 03:00:03)
[2025-12-14 08:58:45]   [emp_id: 5138] SKIPPED: Already updated today (2025-12-14 03:00:03)
[2025-12-14 08:58:45]   [emp_id: 5141] SKIPPED: Already updated today (2025-12-14 03:00:03)
[2025-12-14 08:58:45]   [emp_id: 5142] SKIPPED: Already updated today (2025-12-14 03:00:03)
[2025-12-14 08:58:45]   [emp_id: 5146] SKIPPED: Already updated today (2025-12-14 03:00:03)
[2025-12-14 08:58:45]   [emp_id: 5147] SKIPPED: Already updated today (2025-12-14 03:00:03)
[2025-12-14 08:58:45]   [emp_id: 5148] SKIPPED: Already updated today (2025-12-14 03:00:03)
[2025-12-14 08:58:45]   [emp_id: 5149] SKIPPED: Already updated today (2025-12-14 03:00:03)
[2025-12-14 08:58:45]   [emp_id: 5150] SKIPPED: Already updated today (2025-12-14 03:00:03)
[2025-12-14 08:58:45]   [emp_id: 5151] SKIPPED: Already updated today (2025-12-14 03:00:03)
[2025-12-14 08:58:45]   [emp_id: 5152] SKIPPED: Already updated today (2025-12-14 03:00:03)
[2025-12-14 08:58:45]   [emp_id: 5157] SKIPPED: Already updated today (2025-12-14 03:00:03)
[2025-12-14 08:58:45]   [emp_id: 5160] SKIPPED: Already updated today (2025-12-14 03:00:03)
[2025-12-14 08:58:45]   [emp_id: 5163] SKIPPED: Already updated today (2025-12-14 03:00:03)
[2025-12-14 08:58:45]   [emp_id: 5165] SKIPPED: Already updated today (2025-12-14 03:00:03)
[2025-12-14 08:58:45]   [emp_id: 5167] SKIPPED: Already updated today (2025-12-14 03:00:03)
[2025-12-14 08:58:45]   [emp_id: 5168] SKIPPED: Already updated today (2025-12-14 03:00:03)
[2025-12-14 08:58:45]   [emp_id: 5173] SKIPPED: Already updated today (2025-12-14 03:00:03)
[2025-12-14 08:58:45]   [emp_id: 5174] SKIPPED: Already updated today (2025-12-14 03:00:03)
[2025-12-14 08:58:45]   [emp_id: 5181] SKIPPED: Already updated today (2025-12-14 03:00:03)
[2025-12-14 08:58:45]   [emp_id: 5186] SKIPPED: Already updated today (2025-12-14 03:00:03)
[2025-12-14 08:58:45]   [emp_id: 5187] SKIPPED: Already updated today (2025-12-14 03:00:03)
[2025-12-14 08:58:45]   [emp_id: 5204] SKIPPED: Already updated today (2025-12-14 03:00:03)
[2025-12-14 08:58:45]   [emp_id: 5205] SKIPPED: Already updated today (2025-12-14 03:00:03)
[2025-12-14 08:58:45]   [emp_id: 5209] SKIPPED: Already updated today (2025-12-14 03:00:03)
[2025-12-14 08:58:45]   [emp_id: 5213] SKIPPED: Already updated today (2025-12-14 03:00:03)
[2025-12-14 08:58:45]   [emp_id: 5214] SKIPPED: Already updated today (2025-12-14 03:00:03)
[2025-12-14 08:58:45]   [emp_id: 5215] SKIPPED: Already updated today (2025-12-14 03:00:03)
[2025-12-14 08:58:45]   [emp_id: 5217] SKIPPED: Already updated today (2025-12-14 03:00:03)
[2025-12-14 08:58:45]   [emp_id: 5219] SKIPPED: Already updated today (2025-12-14 03:00:03)
[2025-12-14 08:58:45]   [emp_id: 5221] SKIPPED: Already updated today (2025-12-14 03:00:03)
[2025-12-14 08:58:45]   [emp_id: 5224] SKIPPED: Already updated today (2025-12-14 03:00:03)
[2025-12-14 08:58:45]   [emp_id: 5225] SKIPPED: Already updated today (2025-12-14 03:00:03)
[2025-12-14 08:58:45]   [emp_id: 5228] SKIPPED: Already updated today (2025-12-14 03:00:03)
[2025-12-14 08:58:45]   [emp_id: 5229] SKIPPED: Already updated today (2025-12-14 03:00:03)
[2025-12-14 08:58:45]   [emp_id: 5230] SKIPPED: Already updated today (2025-12-14 03:00:03)
[2025-12-14 08:58:45]   [emp_id: 5231] SKIPPED: Already updated today (2025-12-14 03:00:03)
[2025-12-14 08:58:45]   [emp_id: 5232] SKIPPED: Already updated today (2025-12-14 03:00:03)
[2025-12-14 08:58:45]   [emp_id: 5233] SKIPPED: Already updated today (2025-12-14 03:00:03)
[2025-12-14 08:58:45]   [emp_id: 5234] SKIPPED: Already updated today (2025-12-14 03:00:03)
[2025-12-14 08:58:45]   [emp_id: 5235] SKIPPED: Already updated today (2025-12-14 03:00:03)
[2025-12-14 08:58:45]   [emp_id: 5237] SKIPPED: Already updated today (2025-12-14 03:00:03)
[2025-12-14 08:58:45]   [emp_id: 5238] SKIPPED: Already updated today (2025-12-14 03:00:03)
[2025-12-14 08:58:45]   [emp_id: 5239] SKIPPED: Already updated today (2025-12-14 03:00:03)
[2025-12-14 08:58:45]   [emp_id: 5241] SKIPPED: Already updated today (2025-12-14 03:00:03)
[2025-12-14 08:58:45]   [emp_id: 5242] SKIPPED: Already updated today (2025-12-14 03:00:03)
[2025-12-14 08:58:45]   [emp_id: 5243] SKIPPED: Already updated today (2025-12-14 03:00:03)
[2025-12-14 08:58:45]   [emp_id: 5244] SKIPPED: Already updated today (2025-12-14 03:00:03)
[2025-12-14 08:58:45]   [emp_id: 5246] SKIPPED: Already updated today (2025-12-14 03:00:03)
[2025-12-14 08:58:45]   [emp_id: 5253] SKIPPED: Already updated today (2025-12-14 03:00:03)
[2025-12-14 08:58:45]   [emp_id: 5254] SKIPPED: Already updated today (2025-12-14 03:00:03)
[2025-12-14 08:58:45]   [emp_id: 5257] SKIPPED: Already updated today (2025-12-14 03:00:03)
[2025-12-14 08:58:45]   [emp_id: 5259] SKIPPED: Already updated today (2025-12-14 03:00:03)
[2025-12-14 08:58:45]   [emp_id: 5261] SKIPPED: Already updated today (2025-12-14 03:00:03)
[2025-12-14 08:58:45]   [emp_id: 5264] SKIPPED: Already updated today (2025-12-14 03:00:03)
[2025-12-14 08:58:45]   [emp_id: 5266] SKIPPED: Already updated today (2025-12-14 03:00:04)
[2025-12-14 08:58:45]   [emp_id: 5268] SKIPPED: Already updated today (2025-12-14 03:00:04)
[2025-12-14 08:58:45]   [emp_id: 5271] SKIPPED: Already updated today (2025-12-14 03:00:04)
[2025-12-14 08:58:45]   [emp_id: 5272] SKIPPED: Already updated today (2025-12-14 03:00:04)
[2025-12-14 08:58:45]   [emp_id: 5273] SKIPPED: Already updated today (2025-12-14 03:00:04)
[2025-12-14 08:58:45]   [emp_id: 5275] SKIPPED: Already updated today (2025-12-14 03:00:04)
[2025-12-14 08:58:45]   [emp_id: 5276] SKIPPED: Already updated today (2025-12-14 03:00:04)
[2025-12-14 08:58:45]   [emp_id: 5278] SKIPPED: Already updated today (2025-12-14 03:00:04)
[2025-12-14 08:58:45]   [emp_id: 5280] SKIPPED: Already updated today (2025-12-14 03:00:04)
[2025-12-14 08:58:45]   [emp_id: 5282] SKIPPED: Already updated today (2025-12-14 03:00:04)
[2025-12-14 08:58:45]   [emp_id: 5285] SKIPPED: Already updated today (2025-12-14 03:00:04)
[2025-12-14 08:58:45]   [emp_id: 5286] SKIPPED: Already updated today (2025-12-14 03:00:04)
[2025-12-14 08:58:45]   [emp_id: 5287] SKIPPED: Already updated today (2025-12-14 03:00:04)
[2025-12-14 08:58:45]   [emp_id: 5288] SKIPPED: Already updated today (2025-12-14 03:00:04)
[2025-12-14 08:58:45]   [emp_id: 5289] SKIPPED: Already updated today (2025-12-14 03:00:04)
[2025-12-14 08:58:45]   [emp_id: 5290] SKIPPED: Already updated today (2025-12-14 03:00:04)
[2025-12-14 08:58:45]   [emp_id: 5291] SKIPPED: Already updated today (2025-12-14 03:00:04)
[2025-12-14 08:58:45]   [emp_id: 5292] SKIPPED: Already updated today (2025-12-14 03:00:04)
[2025-12-14 08:58:45]   [emp_id: 5293] SKIPPED: Already updated today (2025-12-14 03:00:04)
[2025-12-14 08:58:45]   [emp_id: 5294] SKIPPED: Already updated today (2025-12-14 03:00:04)
[2025-12-14 08:58:45]   [emp_id: 5295] SKIPPED: Already updated today (2025-12-14 03:00:04)
[2025-12-14 08:58:45]   [emp_id: 5296] SKIPPED: Already updated today (2025-12-14 03:00:04)
[2025-12-14 08:58:45]   [emp_id: 5297] SKIPPED: Already updated today (2025-12-14 03:00:04)
[2025-12-14 08:58:45]   [emp_id: 5298] SKIPPED: Already updated today (2025-12-14 03:00:04)
[2025-12-14 08:58:45]   [emp_id: 5299] SKIPPED: Already updated today (2025-12-14 03:00:04)
[2025-12-14 08:58:45]   [emp_id: 5300] SKIPPED: Already updated today (2025-12-14 03:00:04)
[2025-12-14 08:58:45]   [emp_id: 5301] SKIPPED: Already updated today (2025-12-14 03:00:04)
[2025-12-14 08:58:45]   [emp_id: 5303] SKIPPED: Already updated today (2025-12-14 03:00:04)
[2025-12-14 08:58:45]   [emp_id: 5304] SKIPPED: Already updated today (2025-12-14 03:00:04)
[2025-12-14 08:58:45]   [emp_id: 5305] SKIPPED: Already updated today (2025-12-14 03:00:04)
[2025-12-14 08:58:45]   [emp_id: 5306] SKIPPED: Already updated today (2025-12-14 03:00:04)
[2025-12-14 08:58:45]   [emp_id: 5307] SKIPPED: Already updated today (2025-12-14 03:00:04)
[2025-12-14 08:58:45]   [emp_id: 5312] SKIPPED: Already updated today (2025-12-14 03:00:04)
[2025-12-14 08:58:45]   [emp_id: 5318] SKIPPED: Already updated today (2025-12-14 03:00:04)
[2025-12-14 08:58:45]   [emp_id: 5325] SKIPPED: Already updated today (2025-12-14 03:00:04)
[2025-12-14 08:58:45]   [emp_id: 5326] SKIPPED: Already updated today (2025-12-14 03:00:04)
[2025-12-14 08:58:45]   [emp_id: 5327] SKIPPED: Already updated today (2025-12-14 03:00:04)
[2025-12-14 08:58:45]   [emp_id: 5331] SKIPPED: Already updated today (2025-12-14 03:00:04)
[2025-12-14 08:58:45]   [emp_id: 5337] SKIPPED: Already updated today (2025-12-14 03:00:04)
[2025-12-14 08:58:45]   [emp_id: 5339] SKIPPED: Already updated today (2025-12-14 03:00:04)
[2025-12-14 08:58:45]   [emp_id: 5343] SKIPPED: Already updated today (2025-12-14 03:00:04)
[2025-12-14 08:58:45]   [emp_id: 5343] SKIPPED: Already updated today (2025-12-14 03:00:04)
[2025-12-14 08:58:45]   [emp_id: 5345] SKIPPED: Already updated today (2025-12-14 03:00:04)
[2025-12-14 08:58:45]   [emp_id: 5346] SKIPPED: Already updated today (2025-12-14 03:00:04)
[2025-12-14 08:58:45]   [emp_id: 5351] SKIPPED: Already updated today (2025-12-14 03:00:04)
[2025-12-14 08:58:45]   [emp_id: 5352] SKIPPED: Already updated today (2025-12-14 03:00:04)
[2025-12-14 08:58:45]   [emp_id: 5370] SKIPPED: Already updated today (2025-12-14 03:00:04)
[2025-12-14 08:58:45]   [emp_id: 5371] SKIPPED: Already updated today (2025-12-14 03:00:04)
[2025-12-14 08:58:45]   [emp_id: 5376] SKIPPED: Already updated today (2025-12-14 03:00:04)
[2025-12-14 08:58:45]   [emp_id: 5378] SKIPPED: Already updated today (2025-12-14 03:00:04)
[2025-12-14 08:58:45]   [emp_id: 5380] SKIPPED: Already updated today (2025-12-14 03:00:04)
[2025-12-14 08:58:45]   [emp_id: 5381] SKIPPED: Already updated today (2025-12-14 03:00:04)
[2025-12-14 08:58:45]   [emp_id: 5383] SKIPPED: Already updated today (2025-12-14 03:00:04)
[2025-12-14 08:58:45]   [emp_id: 5388] SKIPPED: Already updated today (2025-12-14 03:00:04)
[2025-12-14 08:58:45]   [emp_id: 5392] SKIPPED: Already updated today (2025-12-14 03:00:04)
[2025-12-14 08:58:45]   [emp_id: 5396] SKIPPED: Already updated today (2025-12-14 03:00:04)
[2025-12-14 08:58:45]   [emp_id: 5397] SKIPPED: Already updated today (2025-12-14 03:00:04)
[2025-12-14 08:58:45]   [emp_id: 5401] SKIPPED: Already updated today (2025-12-14 03:00:04)
[2025-12-14 08:58:45]   [emp_id: 5402] SKIPPED: Already updated today (2025-12-14 03:00:04)
[2025-12-14 08:58:45]   [emp_id: 5406] SKIPPED: Already updated today (2025-12-14 03:00:04)
[2025-12-14 08:58:45]   [emp_id: 5407] SKIPPED: Already updated today (2025-12-14 03:00:04)
[2025-12-14 08:58:45]   [emp_id: 5408] SKIPPED: Already updated today (2025-12-14 03:00:04)
[2025-12-14 08:58:45]   [emp_id: 5409] SKIPPED: Already updated today (2025-12-14 03:00:04)
[2025-12-14 08:58:45]   [emp_id: 5413] SKIPPED: Already updated today (2025-12-14 03:00:04)
[2025-12-14 08:58:45]   [emp_id: 5414] SKIPPED: Already updated today (2025-12-14 03:00:04)
[2025-12-14 08:58:45]   [emp_id: 5415] SKIPPED: Already updated today (2025-12-14 03:00:04)
[2025-12-14 08:58:45]   [emp_id: 5418] SKIPPED: Already updated today (2025-12-14 03:00:04)
[2025-12-14 08:58:45]   [emp_id: 5422] SKIPPED: Already updated today (2025-12-14 03:00:04)
[2025-12-14 08:58:45]   [emp_id: 5423] SKIPPED: Already updated today (2025-12-14 03:00:04)
[2025-12-14 08:58:45]   [emp_id: 5423] SKIPPED: Already updated today (2025-12-14 03:00:04)
[2025-12-14 08:58:45]   [emp_id: 5423] SKIPPED: Already updated today (2025-12-14 03:00:04)
[2025-12-14 08:58:45]   [emp_id: 5424] SKIPPED: Already updated today (2025-12-14 03:00:04)
[2025-12-14 08:58:45]   [emp_id: 5425] SKIPPED: Already updated today (2025-12-14 03:00:04)
[2025-12-14 08:58:45]   [emp_id: 5426] SKIPPED: Already updated today (2025-12-14 03:00:04)
[2025-12-14 08:58:45]   [emp_id: 5426] SKIPPED: Already updated today (2025-12-14 03:00:04)
[2025-12-14 08:58:45]   [emp_id: 5427] SKIPPED: Already updated today (2025-12-14 03:00:04)
[2025-12-14 08:58:45]   [emp_id: 5428] SKIPPED: Already updated today (2025-12-14 03:00:04)
[2025-12-14 08:58:45]   [emp_id: 5430] SKIPPED: Already updated today (2025-12-14 03:00:04)
[2025-12-14 08:58:45]   [emp_id: 5431] SKIPPED: Already updated today (2025-12-14 03:00:04)
[2025-12-14 08:58:45]   [emp_id: 5434] SKIPPED: Already updated today (2025-12-14 03:00:04)
[2025-12-14 08:58:45]   [emp_id: 5435] SKIPPED: Already updated today (2025-12-14 03:00:04)
[2025-12-14 08:58:45]   [emp_id: 5436] SKIPPED: Already updated today (2025-12-14 03:00:04)
[2025-12-14 08:58:45]   [emp_id: 5438] SKIPPED: Already updated today (2025-12-14 03:00:04)
[2025-12-14 08:58:45]   [emp_id: 5439] SKIPPED: Already updated today (2025-12-14 03:00:04)
[2025-12-14 08:58:45]   [emp_id: 5442] SKIPPED: Already updated today (2025-12-14 03:00:04)
[2025-12-14 08:58:45]   [emp_id: 5443] SKIPPED: Already updated today (2025-12-14 03:00:04)
[2025-12-14 08:58:45]   [emp_id: 5445] SKIPPED: Already updated today (2025-12-14 03:00:04)
[2025-12-14 08:58:45]   [emp_id: 5446] SKIPPED: Already updated today (2025-12-14 03:00:04)
[2025-12-14 08:58:45]   [emp_id: 5447] SKIPPED: Already updated today (2025-12-14 03:00:04)
[2025-12-14 08:58:45]   [emp_id: 5448] SKIPPED: Already updated today (2025-12-14 03:00:04)
[2025-12-14 08:58:45]   [emp_id: 5449] SKIPPED: Already updated today (2025-12-14 03:00:04)
[2025-12-14 08:58:45]   [emp_id: 5450] SKIPPED: Already updated today (2025-12-14 03:00:04)
[2025-12-14 08:58:45]   [emp_id: 5451] SKIPPED: Already updated today (2025-12-14 03:00:04)
[2025-12-14 08:58:45]   [emp_id: 5454] SKIPPED: Already updated today (2025-12-14 03:00:04)
[2025-12-14 08:58:45]   [emp_id: 5455] SKIPPED: Already updated today (2025-12-14 03:00:04)
[2025-12-14 08:58:45]   [emp_id: 5456] SKIPPED: Already updated today (2025-12-14 03:00:04)
[2025-12-14 08:58:45] 
[2025-12-14 08:58:45] ========== SUMMARY ==========
[2025-12-14 08:58:45] Total employees processed: 439
[2025-12-14 08:58:45] Records updated: 0
[2025-12-14 08:58:45] Balances changed: 0
[2025-12-14 08:58:45] Errors: 0
[2025-12-14 08:58:45] ========== CRON: Vacation Balance Update Completed ==========
[2025-12-14 08:58:45] 
[2025-12-14 12:57:44] ========== CRON: Vacation Balance Update Started ==========
[2025-12-14 12:57:44] Database connection established
[2025-12-14 12:57:44] Found 439 active employees with balance records to update
[2025-12-14 12:57:44] (Only employees with status=1 will be processed)
[2025-12-14 12:57:44]   [emp_id: 1061] SKIPPED: Already updated today (2025-12-14 03:00:01)
[2025-12-14 12:57:44]   [emp_id: 1496] SKIPPED: Already updated today (2025-12-14 03:00:01)
[2025-12-14 12:57:44]   [emp_id: 1500] SKIPPED: Already updated today (2025-12-14 03:00:01)
[2025-12-14 12:57:44]   [emp_id: 1574] SKIPPED: Already updated today (2025-12-14 03:00:01)
[2025-12-14 12:57:44]   [emp_id: 1673] SKIPPED: Already updated today (2025-12-14 03:00:01)
[2025-12-14 12:57:44]   [emp_id: 1685] SKIPPED: Already updated today (2025-12-14 03:00:01)
[2025-12-14 12:57:44]   [emp_id: 1764] SKIPPED: Already updated today (2025-12-14 03:00:01)
[2025-12-14 12:57:44]   [emp_id: 1805] SKIPPED: Already updated today (2025-12-14 03:00:01)
[2025-12-14 12:57:44]   [emp_id: 1822] SKIPPED: Already updated today (2025-12-14 03:00:01)
[2025-12-14 12:57:44]   [emp_id: 1837] SKIPPED: Already updated today (2025-12-14 03:00:01)
[2025-12-14 12:57:44]   [emp_id: 1857] SKIPPED: Already updated today (2025-12-14 03:00:01)
[2025-12-14 12:57:44]   [emp_id: 1861] SKIPPED: Already updated today (2025-12-14 03:00:02)
[2025-12-14 12:57:44]   [emp_id: 1872] SKIPPED: Already updated today (2025-12-14 03:00:02)
[2025-12-14 12:57:44]   [emp_id: 1897] SKIPPED: Already updated today (2025-12-14 03:00:02)
[2025-12-14 12:57:44]   [emp_id: 1916] SKIPPED: Already updated today (2025-12-14 03:00:02)
[2025-12-14 12:57:44]   [emp_id: 1928] SKIPPED: Already updated today (2025-12-14 03:00:02)
[2025-12-14 12:57:44]   [emp_id: 1931] SKIPPED: Already updated today (2025-12-14 03:00:02)
[2025-12-14 12:57:44]   [emp_id: 1944] SKIPPED: Already updated today (2025-12-14 03:00:02)
[2025-12-14 12:57:44]   [emp_id: 1996] SKIPPED: Already updated today (2025-12-14 03:00:02)
[2025-12-14 12:57:44]   [emp_id: 1997] SKIPPED: Already updated today (2025-12-14 03:00:02)
[2025-12-14 12:57:44]   [emp_id: 1998] SKIPPED: Already updated today (2025-12-14 03:00:02)
[2025-12-14 12:57:44]   [emp_id: 1999] SKIPPED: Already updated today (2025-12-14 03:00:02)
[2025-12-14 12:57:44]   [emp_id: 2009] SKIPPED: Already updated today (2025-12-14 03:00:02)
[2025-12-14 12:57:44]   [emp_id: 2048] SKIPPED: Already updated today (2025-12-14 03:00:02)
[2025-12-14 12:57:44]   [emp_id: 2057] SKIPPED: Already updated today (2025-12-14 03:00:02)
[2025-12-14 12:57:44]   [emp_id: 2079] SKIPPED: Already updated today (2025-12-14 03:00:02)
[2025-12-14 12:57:44]   [emp_id: 2181] SKIPPED: Already updated today (2025-12-14 03:00:02)
[2025-12-14 12:57:44]   [emp_id: 2190] SKIPPED: Already updated today (2025-12-14 03:00:02)
[2025-12-14 12:57:44]   [emp_id: 2212] SKIPPED: Already updated today (2025-12-14 03:00:02)
[2025-12-14 12:57:44]   [emp_id: 2226] SKIPPED: Already updated today (2025-12-14 03:00:02)
[2025-12-14 12:57:44]   [emp_id: 2238] SKIPPED: Already updated today (2025-12-14 03:00:02)
[2025-12-14 12:57:44]   [emp_id: 2285] SKIPPED: Already updated today (2025-12-14 03:00:02)
[2025-12-14 12:57:44]   [emp_id: 2287] SKIPPED: Already updated today (2025-12-14 03:00:02)
[2025-12-14 12:57:44]   [emp_id: 2288] SKIPPED: Already updated today (2025-12-14 03:00:02)
[2025-12-14 12:57:44]   [emp_id: 2290] SKIPPED: Already updated today (2025-12-14 03:00:02)
[2025-12-14 12:57:44]   [emp_id: 2316] SKIPPED: Already updated today (2025-12-14 03:00:02)
[2025-12-14 12:57:44]   [emp_id: 2337] SKIPPED: Already updated today (2025-12-14 03:00:02)
[2025-12-14 12:57:44]   [emp_id: 2352] SKIPPED: Already updated today (2025-12-14 03:00:02)
[2025-12-14 12:57:44]   [emp_id: 2358] SKIPPED: Already updated today (2025-12-14 03:00:02)
[2025-12-14 12:57:44]   [emp_id: 2361] SKIPPED: Already updated today (2025-12-14 03:00:02)
[2025-12-14 12:57:44]   [emp_id: 2363] SKIPPED: Already updated today (2025-12-14 03:00:02)
[2025-12-14 12:57:44]   [emp_id: 2364] SKIPPED: Already updated today (2025-12-14 03:00:02)
[2025-12-14 12:57:44]   [emp_id: 2367] SKIPPED: Already updated today (2025-12-14 03:00:02)
[2025-12-14 12:57:44]   [emp_id: 2368] SKIPPED: Already updated today (2025-12-14 03:00:02)
[2025-12-14 12:57:44]   [emp_id: 2372] SKIPPED: Already updated today (2025-12-14 03:00:02)
[2025-12-14 12:57:44]   [emp_id: 2376] SKIPPED: Already updated today (2025-12-14 03:00:02)
[2025-12-14 12:57:44]   [emp_id: 2423] SKIPPED: Already updated today (2025-12-14 03:00:02)
[2025-12-14 12:57:44]   [emp_id: 2519] SKIPPED: Already updated today (2025-12-14 03:00:02)
[2025-12-14 12:57:44]   [emp_id: 2522] SKIPPED: Already updated today (2025-12-14 03:00:02)
[2025-12-14 12:57:44]   [emp_id: 2530] SKIPPED: Already updated today (2025-12-14 03:00:02)
[2025-12-14 12:57:44]   [emp_id: 2539] SKIPPED: Already updated today (2025-12-14 03:00:02)
[2025-12-14 12:57:44]   [emp_id: 2541] SKIPPED: Already updated today (2025-12-14 03:00:02)
[2025-12-14 12:57:44]   [emp_id: 2550] SKIPPED: Already updated today (2025-12-14 03:00:02)
[2025-12-14 12:57:44]   [emp_id: 2553] SKIPPED: Already updated today (2025-12-14 03:00:02)
[2025-12-14 12:57:44]   [emp_id: 2554] SKIPPED: Already updated today (2025-12-14 03:00:02)
[2025-12-14 12:57:44]   [emp_id: 2565] SKIPPED: Already updated today (2025-12-14 03:00:02)
[2025-12-14 12:57:44]   [emp_id: 2572] SKIPPED: Already updated today (2025-12-14 03:00:02)
[2025-12-14 12:57:44]   [emp_id: 2637] SKIPPED: Already updated today (2025-12-14 03:00:02)
[2025-12-14 12:57:44]   [emp_id: 2642] SKIPPED: Already updated today (2025-12-14 03:00:02)
[2025-12-14 12:57:44]   [emp_id: 2645] SKIPPED: Already updated today (2025-12-14 03:00:02)
[2025-12-14 12:57:44]   [emp_id: 2648] SKIPPED: Already updated today (2025-12-14 03:00:02)
[2025-12-14 12:57:44]   [emp_id: 2654] SKIPPED: Already updated today (2025-12-14 03:00:02)
[2025-12-14 12:57:44]   [emp_id: 2688] SKIPPED: Already updated today (2025-12-14 03:00:02)
[2025-12-14 12:57:44]   [emp_id: 2690] SKIPPED: Already updated today (2025-12-14 03:00:02)
[2025-12-14 12:57:44]   [emp_id: 2709] SKIPPED: Already updated today (2025-12-14 03:00:02)
[2025-12-14 12:57:44]   [emp_id: 2745] SKIPPED: Already updated today (2025-12-14 03:00:02)
[2025-12-14 12:57:44]   [emp_id: 2843] SKIPPED: Already updated today (2025-12-14 03:00:02)
[2025-12-14 12:57:44]   [emp_id: 2854] SKIPPED: Already updated today (2025-12-14 03:00:02)
[2025-12-14 12:57:44]   [emp_id: 2869] SKIPPED: Already updated today (2025-12-14 03:00:02)
[2025-12-14 12:57:44]   [emp_id: 2876] SKIPPED: Already updated today (2025-12-14 03:00:02)
[2025-12-14 12:57:44]   [emp_id: 2924] SKIPPED: Already updated today (2025-12-14 03:00:02)
[2025-12-14 12:57:44]   [emp_id: 2953] SKIPPED: Already updated today (2025-12-14 03:00:02)
[2025-12-14 12:57:44]   [emp_id: 2961] SKIPPED: Already updated today (2025-12-14 03:00:02)
[2025-12-14 12:57:44]   [emp_id: 2975] SKIPPED: Already updated today (2025-12-14 03:00:02)
[2025-12-14 12:57:44]   [emp_id: 3013] SKIPPED: Already updated today (2025-12-14 03:00:02)
[2025-12-14 12:57:44]   [emp_id: 3014] SKIPPED: Already updated today (2025-12-14 03:00:02)
[2025-12-14 12:57:44]   [emp_id: 3015] SKIPPED: Already updated today (2025-12-14 03:00:02)
[2025-12-14 12:57:44]   [emp_id: 3018] SKIPPED: Already updated today (2025-12-14 03:00:02)
[2025-12-14 12:57:44]   [emp_id: 3025] SKIPPED: Already updated today (2025-12-14 03:00:02)
[2025-12-14 12:57:44]   [emp_id: 3037] SKIPPED: Already updated today (2025-12-14 03:00:02)
[2025-12-14 12:57:44]   [emp_id: 3047] SKIPPED: Already updated today (2025-12-14 03:00:02)
[2025-12-14 12:57:44]   [emp_id: 3061] SKIPPED: Already updated today (2025-12-14 03:00:02)
[2025-12-14 12:57:44]   [emp_id: 3062] SKIPPED: Already updated today (2025-12-14 03:00:02)
[2025-12-14 12:57:44]   [emp_id: 3074] SKIPPED: Already updated today (2025-12-14 03:00:02)
[2025-12-14 12:57:44]   [emp_id: 3089] SKIPPED: Already updated today (2025-12-14 03:00:02)
[2025-12-14 12:57:44]   [emp_id: 3090] SKIPPED: Already updated today (2025-12-14 03:00:02)
[2025-12-14 12:57:44]   [emp_id: 3091] SKIPPED: Already updated today (2025-12-14 03:00:02)
[2025-12-14 12:57:44]   [emp_id: 3092] SKIPPED: Already updated today (2025-12-14 03:00:02)
[2025-12-14 12:57:44]   [emp_id: 3105] SKIPPED: Already updated today (2025-12-14 03:00:02)
[2025-12-14 12:57:44]   [emp_id: 3134] SKIPPED: Already updated today (2025-12-14 03:00:02)
[2025-12-14 12:57:44]   [emp_id: 3140] SKIPPED: Already updated today (2025-12-14 03:00:02)
[2025-12-14 12:57:44]   [emp_id: 3144] SKIPPED: Already updated today (2025-12-14 03:00:02)
[2025-12-14 12:57:44]   [emp_id: 3156] SKIPPED: Already updated today (2025-12-14 03:00:02)
[2025-12-14 12:57:44]   [emp_id: 3162] SKIPPED: Already updated today (2025-12-14 03:00:02)
[2025-12-14 12:57:44]   [emp_id: 3163] SKIPPED: Already updated today (2025-12-14 03:00:02)
[2025-12-14 12:57:44]   [emp_id: 3198] SKIPPED: Already updated today (2025-12-14 03:00:02)
[2025-12-14 12:57:44]   [emp_id: 3205] SKIPPED: Already updated today (2025-12-14 03:00:02)
[2025-12-14 12:57:44]   [emp_id: 3209] SKIPPED: Already updated today (2025-12-14 03:00:02)
[2025-12-14 12:57:44]   [emp_id: 3223] SKIPPED: Already updated today (2025-12-14 03:00:02)
[2025-12-14 12:57:44]   [emp_id: 3224] SKIPPED: Already updated today (2025-12-14 03:00:02)
[2025-12-14 12:57:44]   [emp_id: 3230] SKIPPED: Already updated today (2025-12-14 03:00:02)
[2025-12-14 12:57:44]   [emp_id: 3231] SKIPPED: Already updated today (2025-12-14 03:00:02)
[2025-12-14 12:57:44]   [emp_id: 3233] SKIPPED: Already updated today (2025-12-14 03:00:02)
[2025-12-14 12:57:44]   [emp_id: 3249] SKIPPED: Already updated today (2025-12-14 03:00:02)
[2025-12-14 12:57:44]   [emp_id: 3250] SKIPPED: Already updated today (2025-12-14 03:00:02)
[2025-12-14 12:57:44]   [emp_id: 3252] SKIPPED: Already updated today (2025-12-14 03:00:02)
[2025-12-14 12:57:44]   [emp_id: 3254] SKIPPED: Already updated today (2025-12-14 03:00:02)
[2025-12-14 12:57:44]   [emp_id: 3255] SKIPPED: Already updated today (2025-12-14 03:00:02)
[2025-12-14 12:57:44]   [emp_id: 3256] SKIPPED: Already updated today (2025-12-14 03:00:02)
[2025-12-14 12:57:44]   [emp_id: 3263] SKIPPED: Already updated today (2025-12-14 03:00:02)
[2025-12-14 12:57:44]   [emp_id: 3265] SKIPPED: Already updated today (2025-12-14 03:00:02)
[2025-12-14 12:57:44]   [emp_id: 3280] SKIPPED: Already updated today (2025-12-14 03:00:02)
[2025-12-14 12:57:44]   [emp_id: 3286] SKIPPED: Already updated today (2025-12-14 03:00:02)
[2025-12-14 12:57:44]   [emp_id: 3294] SKIPPED: Already updated today (2025-12-14 03:00:02)
[2025-12-14 12:57:44]   [emp_id: 3321] SKIPPED: Already updated today (2025-12-14 03:00:02)
[2025-12-14 12:57:44]   [emp_id: 3325] SKIPPED: Already updated today (2025-12-14 03:00:02)
[2025-12-14 12:57:44]   [emp_id: 3329] SKIPPED: Already updated today (2025-12-14 03:00:02)
[2025-12-14 12:57:44]   [emp_id: 3330] SKIPPED: Already updated today (2025-12-14 03:00:02)
[2025-12-14 12:57:44]   [emp_id: 3332] SKIPPED: Already updated today (2025-12-14 03:00:02)
[2025-12-14 12:57:44]   [emp_id: 3370] SKIPPED: Already updated today (2025-12-14 03:00:02)
[2025-12-14 12:57:44]   [emp_id: 3384] SKIPPED: Already updated today (2025-12-14 03:00:02)
[2025-12-14 12:57:44]   [emp_id: 3386] SKIPPED: Already updated today (2025-12-14 03:00:02)
[2025-12-14 12:57:44]   [emp_id: 3431] SKIPPED: Already updated today (2025-12-14 03:00:02)
[2025-12-14 12:57:44]   [emp_id: 3497] SKIPPED: Already updated today (2025-12-14 03:00:02)
[2025-12-14 12:57:44]   [emp_id: 3532] SKIPPED: Already updated today (2025-12-14 03:00:02)
[2025-12-14 12:57:44]   [emp_id: 3586] SKIPPED: Already updated today (2025-12-14 03:00:02)
[2025-12-14 12:57:44]   [emp_id: 3602] SKIPPED: Already updated today (2025-12-14 03:00:02)
[2025-12-14 12:57:44]   [emp_id: 3618] SKIPPED: Already updated today (2025-12-14 03:00:02)
[2025-12-14 12:57:44]   [emp_id: 3622] SKIPPED: Already updated today (2025-12-14 03:00:02)
[2025-12-14 12:57:44]   [emp_id: 3627] SKIPPED: Already updated today (2025-12-14 03:00:02)
[2025-12-14 12:57:44]   [emp_id: 3665] SKIPPED: Already updated today (2025-12-14 03:00:02)
[2025-12-14 12:57:44]   [emp_id: 3705] SKIPPED: Already updated today (2025-12-14 03:00:02)
[2025-12-14 12:57:44]   [emp_id: 3724] SKIPPED: Already updated today (2025-12-14 03:00:02)
[2025-12-14 12:57:44]   [emp_id: 3726] SKIPPED: Already updated today (2025-12-14 03:00:02)
[2025-12-14 12:57:44]   [emp_id: 3727] SKIPPED: Already updated today (2025-12-14 03:00:02)
[2025-12-14 12:57:44]   [emp_id: 3728] SKIPPED: Already updated today (2025-12-14 03:00:02)
[2025-12-14 12:57:44]   [emp_id: 3742] SKIPPED: Already updated today (2025-12-14 03:00:02)
[2025-12-14 12:57:44]   [emp_id: 3767] SKIPPED: Already updated today (2025-12-14 03:00:02)
[2025-12-14 12:57:44]   [emp_id: 3768] SKIPPED: Already updated today (2025-12-14 03:00:02)
[2025-12-14 12:57:44]   [emp_id: 3787] SKIPPED: Already updated today (2025-12-14 03:00:02)
[2025-12-14 12:57:44]   [emp_id: 3790] SKIPPED: Already updated today (2025-12-14 03:00:02)
[2025-12-14 12:57:44]   [emp_id: 3795] SKIPPED: Already updated today (2025-12-14 03:00:02)
[2025-12-14 12:57:44]   [emp_id: 3798] SKIPPED: Already updated today (2025-12-14 03:00:02)
[2025-12-14 12:57:44]   [emp_id: 3801] SKIPPED: Already updated today (2025-12-14 03:00:02)
[2025-12-14 12:57:44]   [emp_id: 3802] SKIPPED: Already updated today (2025-12-14 03:00:02)
[2025-12-14 12:57:44]   [emp_id: 3803] SKIPPED: Already updated today (2025-12-14 03:00:02)
[2025-12-14 12:57:44]   [emp_id: 3810] SKIPPED: Already updated today (2025-12-14 03:00:02)
[2025-12-14 12:57:44]   [emp_id: 3812] SKIPPED: Already updated today (2025-12-14 03:00:02)
[2025-12-14 12:57:44]   [emp_id: 3815] SKIPPED: Already updated today (2025-12-14 03:00:02)
[2025-12-14 12:57:44]   [emp_id: 3836] SKIPPED: Already updated today (2025-12-14 03:00:02)
[2025-12-14 12:57:44]   [emp_id: 3855] SKIPPED: Already updated today (2025-12-14 03:00:02)
[2025-12-14 12:57:44]   [emp_id: 3857] SKIPPED: Already updated today (2025-12-14 03:00:02)
[2025-12-14 12:57:44]   [emp_id: 3862] SKIPPED: Already updated today (2025-12-14 03:00:02)
[2025-12-14 12:57:44]   [emp_id: 3866] SKIPPED: Already updated today (2025-12-14 03:00:02)
[2025-12-14 12:57:44]   [emp_id: 3876] SKIPPED: Already updated today (2025-12-14 03:00:02)
[2025-12-14 12:57:44]   [emp_id: 3877] SKIPPED: Already updated today (2025-12-14 03:00:02)
[2025-12-14 12:57:44]   [emp_id: 3897] SKIPPED: Already updated today (2025-12-14 03:00:02)
[2025-12-14 12:57:44]   [emp_id: 3899] SKIPPED: Already updated today (2025-12-14 03:00:02)
[2025-12-14 12:57:44]   [emp_id: 3928] SKIPPED: Already updated today (2025-12-14 03:00:02)
[2025-12-14 12:57:44]   [emp_id: 3929] SKIPPED: Already updated today (2025-12-14 03:00:02)
[2025-12-14 12:57:44]   [emp_id: 3935] SKIPPED: Already updated today (2025-12-14 03:00:02)
[2025-12-14 12:57:44]   [emp_id: 3952] SKIPPED: Already updated today (2025-12-14 03:00:02)
[2025-12-14 12:57:44]   [emp_id: 3987] SKIPPED: Already updated today (2025-12-14 03:00:02)
[2025-12-14 12:57:44]   [emp_id: 4059] SKIPPED: Already updated today (2025-12-14 03:00:02)
[2025-12-14 12:57:44]   [emp_id: 4119] SKIPPED: Already updated today (2025-12-14 03:00:02)
[2025-12-14 12:57:44]   [emp_id: 4120] SKIPPED: Already updated today (2025-12-14 03:00:02)
[2025-12-14 12:57:44]   [emp_id: 4124] SKIPPED: Already updated today (2025-12-14 03:00:02)
[2025-12-14 12:57:44]   [emp_id: 4133] SKIPPED: Already updated today (2025-12-14 03:00:02)
[2025-12-14 12:57:44]   [emp_id: 4134] SKIPPED: Already updated today (2025-12-14 03:00:02)
[2025-12-14 12:57:44]   [emp_id: 4136] SKIPPED: Already updated today (2025-12-14 03:00:02)
[2025-12-14 12:57:44]   [emp_id: 4150] SKIPPED: Already updated today (2025-12-14 03:00:02)
[2025-12-14 12:57:44]   [emp_id: 4157] SKIPPED: Already updated today (2025-12-14 03:00:03)
[2025-12-14 12:57:44]   [emp_id: 4172] SKIPPED: Already updated today (2025-12-14 03:00:03)
[2025-12-14 12:57:44]   [emp_id: 4195] SKIPPED: Already updated today (2025-12-14 03:00:03)
[2025-12-14 12:57:44]   [emp_id: 4215] SKIPPED: Already updated today (2025-12-14 03:00:03)
[2025-12-14 12:57:44]   [emp_id: 4220] SKIPPED: Already updated today (2025-12-14 03:00:03)
[2025-12-14 12:57:44]   [emp_id: 4273] SKIPPED: Already updated today (2025-12-14 03:00:03)
[2025-12-14 12:57:44]   [emp_id: 4283] SKIPPED: Already updated today (2025-12-14 03:00:03)
[2025-12-14 12:57:44]   [emp_id: 4288] SKIPPED: Already updated today (2025-12-14 03:00:03)
[2025-12-14 12:57:44]   [emp_id: 4315] SKIPPED: Already updated today (2025-12-14 03:00:03)
[2025-12-14 12:57:44]   [emp_id: 4328] SKIPPED: Already updated today (2025-12-14 03:00:03)
[2025-12-14 12:57:44]   [emp_id: 4329] SKIPPED: Already updated today (2025-12-14 03:00:03)
[2025-12-14 12:57:44]   [emp_id: 4338] SKIPPED: Already updated today (2025-12-14 03:00:03)
[2025-12-14 12:57:44]   [emp_id: 4340] SKIPPED: Already updated today (2025-12-14 03:00:03)
[2025-12-14 12:57:44]   [emp_id: 4365] SKIPPED: Already updated today (2025-12-14 03:00:03)
[2025-12-14 12:57:44]   [emp_id: 4366] SKIPPED: Already updated today (2025-12-14 03:00:03)
[2025-12-14 12:57:44]   [emp_id: 4403] SKIPPED: Already updated today (2025-12-14 03:00:03)
[2025-12-14 12:57:44]   [emp_id: 4438] SKIPPED: Already updated today (2025-12-14 03:00:03)
[2025-12-14 12:57:44]   [emp_id: 4465] SKIPPED: Already updated today (2025-12-14 03:00:03)
[2025-12-14 12:57:44]   [emp_id: 4473] SKIPPED: Already updated today (2025-12-14 03:00:03)
[2025-12-14 12:57:44]   [emp_id: 4474] SKIPPED: Already updated today (2025-12-14 03:00:03)
[2025-12-14 12:57:44]   [emp_id: 4493] SKIPPED: Already updated today (2025-12-14 03:00:03)
[2025-12-14 12:57:44]   [emp_id: 4526] SKIPPED: Already updated today (2025-12-14 03:00:03)
[2025-12-14 12:57:44]   [emp_id: 4528] SKIPPED: Already updated today (2025-12-14 03:00:03)
[2025-12-14 12:57:44]   [emp_id: 4528] SKIPPED: Already updated today (2025-12-14 03:00:03)
[2025-12-14 12:57:44]   [emp_id: 4532] SKIPPED: Already updated today (2025-12-14 03:00:03)
[2025-12-14 12:57:44]   [emp_id: 4533] SKIPPED: Already updated today (2025-12-14 03:00:03)
[2025-12-14 12:57:44]   [emp_id: 4564] SKIPPED: Already updated today (2025-12-14 03:00:03)
[2025-12-14 12:57:44]   [emp_id: 4565] SKIPPED: Already updated today (2025-12-14 03:00:03)
[2025-12-14 12:57:44]   [emp_id: 4567] SKIPPED: Already updated today (2025-12-14 03:00:03)
[2025-12-14 12:57:44]   [emp_id: 4572] SKIPPED: Already updated today (2025-12-14 03:00:03)
[2025-12-14 12:57:44]   [emp_id: 4631] SKIPPED: Already updated today (2025-12-14 03:00:03)
[2025-12-14 12:57:44]   [emp_id: 4655] SKIPPED: Already updated today (2025-12-14 03:00:03)
[2025-12-14 12:57:44]   [emp_id: 4689] SKIPPED: Already updated today (2025-12-14 03:00:03)
[2025-12-14 12:57:44]   [emp_id: 4709] SKIPPED: Already updated today (2025-12-14 03:00:03)
[2025-12-14 12:57:44]   [emp_id: 4717] SKIPPED: Already updated today (2025-12-14 03:00:03)
[2025-12-14 12:57:44]   [emp_id: 4736] SKIPPED: Already updated today (2025-12-14 03:00:03)
[2025-12-14 12:57:44]   [emp_id: 4756] SKIPPED: Already updated today (2025-12-14 03:00:03)
[2025-12-14 12:57:44]   [emp_id: 4768] SKIPPED: Already updated today (2025-12-14 03:00:03)
[2025-12-14 12:57:44]   [emp_id: 4780] SKIPPED: Already updated today (2025-12-14 03:00:03)
[2025-12-14 12:57:44]   [emp_id: 4820] SKIPPED: Already updated today (2025-12-14 03:00:03)
[2025-12-14 12:57:44]   [emp_id: 4825] SKIPPED: Already updated today (2025-12-14 03:00:03)
[2025-12-14 12:57:44]   [emp_id: 4835] SKIPPED: Already updated today (2025-12-14 03:00:03)
[2025-12-14 12:57:44]   [emp_id: 4837] SKIPPED: Already updated today (2025-12-14 03:00:03)
[2025-12-14 12:57:44]   [emp_id: 4838] SKIPPED: Already updated today (2025-12-14 03:00:03)
[2025-12-14 12:57:44]   [emp_id: 4840] SKIPPED: Already updated today (2025-12-14 03:00:03)
[2025-12-14 12:57:44]   [emp_id: 4842] SKIPPED: Already updated today (2025-12-14 03:00:03)
[2025-12-14 12:57:44]   [emp_id: 4843] SKIPPED: Already updated today (2025-12-14 03:00:03)
[2025-12-14 12:57:44]   [emp_id: 4853] SKIPPED: Already updated today (2025-12-14 03:00:03)
[2025-12-14 12:57:44]   [emp_id: 4856] SKIPPED: Already updated today (2025-12-14 03:00:03)
[2025-12-14 12:57:44]   [emp_id: 4857] SKIPPED: Already updated today (2025-12-14 03:00:03)
[2025-12-14 12:57:44]   [emp_id: 4858] SKIPPED: Already updated today (2025-12-14 03:00:03)
[2025-12-14 12:57:44]   [emp_id: 4859] SKIPPED: Already updated today (2025-12-14 03:00:03)
[2025-12-14 12:57:44]   [emp_id: 4860] SKIPPED: Already updated today (2025-12-14 03:00:03)
[2025-12-14 12:57:44]   [emp_id: 4861] SKIPPED: Already updated today (2025-12-14 03:00:03)
[2025-12-14 12:57:44]   [emp_id: 4869] SKIPPED: Already updated today (2025-12-14 03:00:03)
[2025-12-14 12:57:44]   [emp_id: 4894] SKIPPED: Already updated today (2025-12-14 03:00:03)
[2025-12-14 12:57:44]   [emp_id: 4897] SKIPPED: Already updated today (2025-12-14 03:00:03)
[2025-12-14 12:57:44]   [emp_id: 4899] SKIPPED: Already updated today (2025-12-14 03:00:03)
[2025-12-14 12:57:44]   [emp_id: 4902] SKIPPED: Already updated today (2025-12-14 03:00:03)
[2025-12-14 12:57:44]   [emp_id: 4903] SKIPPED: Already updated today (2025-12-14 03:00:03)
[2025-12-14 12:57:44]   [emp_id: 4905] SKIPPED: Already updated today (2025-12-14 03:00:03)
[2025-12-14 12:57:44]   [emp_id: 4907] SKIPPED: Already updated today (2025-12-14 03:00:03)
[2025-12-14 12:57:44]   [emp_id: 4917] SKIPPED: Already updated today (2025-12-14 03:00:03)
[2025-12-14 12:57:44]   [emp_id: 4918] SKIPPED: Already updated today (2025-12-14 03:00:03)
[2025-12-14 12:57:44]   [emp_id: 4919] SKIPPED: Already updated today (2025-12-14 03:00:03)
[2025-12-14 12:57:44]   [emp_id: 4920] SKIPPED: Already updated today (2025-12-14 03:00:03)
[2025-12-14 12:57:44]   [emp_id: 4921] SKIPPED: Already updated today (2025-12-14 03:00:03)
[2025-12-14 12:57:44]   [emp_id: 4927] SKIPPED: Already updated today (2025-12-14 03:00:03)
[2025-12-14 12:57:44]   [emp_id: 4929] SKIPPED: Already updated today (2025-12-14 03:00:03)
[2025-12-14 12:57:44]   [emp_id: 4930] SKIPPED: Already updated today (2025-12-14 03:00:03)
[2025-12-14 12:57:44]   [emp_id: 4932] SKIPPED: Already updated today (2025-12-14 03:00:03)
[2025-12-14 12:57:44]   [emp_id: 4933] SKIPPED: Already updated today (2025-12-14 03:00:03)
[2025-12-14 12:57:44]   [emp_id: 4949] SKIPPED: Already updated today (2025-12-14 03:00:03)
[2025-12-14 12:57:44]   [emp_id: 4956] SKIPPED: Already updated today (2025-12-14 03:00:03)
[2025-12-14 12:57:44]   [emp_id: 4957] SKIPPED: Already updated today (2025-12-14 03:00:03)
[2025-12-14 12:57:44]   [emp_id: 4962] SKIPPED: Already updated today (2025-12-14 03:00:03)
[2025-12-14 12:57:44]   [emp_id: 4969] SKIPPED: Already updated today (2025-12-14 03:00:03)
[2025-12-14 12:57:44]   [emp_id: 4976] SKIPPED: Already updated today (2025-12-14 03:00:03)
[2025-12-14 12:57:44]   [emp_id: 4984] SKIPPED: Already updated today (2025-12-14 03:00:03)
[2025-12-14 12:57:44]   [emp_id: 4995] SKIPPED: Already updated today (2025-12-14 03:00:03)
[2025-12-14 12:57:44]   [emp_id: 5004] SKIPPED: Already updated today (2025-12-14 03:00:03)
[2025-12-14 12:57:44]   [emp_id: 5006] SKIPPED: Already updated today (2025-12-14 03:00:03)
[2025-12-14 12:57:44]   [emp_id: 5011] SKIPPED: Already updated today (2025-12-14 03:00:03)
[2025-12-14 12:57:44]   [emp_id: 5013] SKIPPED: Already updated today (2025-12-14 03:00:03)
[2025-12-14 12:57:44]   [emp_id: 5018] SKIPPED: Already updated today (2025-12-14 03:00:03)
[2025-12-14 12:57:44]   [emp_id: 5021] SKIPPED: Already updated today (2025-12-14 03:00:03)
[2025-12-14 12:57:44]   [emp_id: 5021] SKIPPED: Already updated today (2025-12-14 03:00:03)
[2025-12-14 12:57:44]   [emp_id: 5024] SKIPPED: Already updated today (2025-12-14 03:00:03)
[2025-12-14 12:57:44]   [emp_id: 5030] SKIPPED: Already updated today (2025-12-14 03:00:03)
[2025-12-14 12:57:44]   [emp_id: 5033] SKIPPED: Already updated today (2025-12-14 03:00:03)
[2025-12-14 12:57:44]   [emp_id: 5043] SKIPPED: Already updated today (2025-12-14 03:00:03)
[2025-12-14 12:57:44]   [emp_id: 5045] SKIPPED: Already updated today (2025-12-14 03:00:03)
[2025-12-14 12:57:44]   [emp_id: 5046] SKIPPED: Already updated today (2025-12-14 03:00:03)
[2025-12-14 12:57:44]   [emp_id: 5049] SKIPPED: Already updated today (2025-12-14 03:00:03)
[2025-12-14 12:57:44]   [emp_id: 5052] SKIPPED: Already updated today (2025-12-14 03:00:03)
[2025-12-14 12:57:44]   [emp_id: 5055] SKIPPED: Already updated today (2025-12-14 03:00:03)
[2025-12-14 12:57:44]   [emp_id: 5058] SKIPPED: Already updated today (2025-12-14 03:00:03)
[2025-12-14 12:57:44]   [emp_id: 5062] SKIPPED: Already updated today (2025-12-14 03:00:03)
[2025-12-14 12:57:44]   [emp_id: 5064] SKIPPED: Already updated today (2025-12-14 03:00:03)
[2025-12-14 12:57:44]   [emp_id: 5065] SKIPPED: Already updated today (2025-12-14 03:00:03)
[2025-12-14 12:57:44]   [emp_id: 5071] SKIPPED: Already updated today (2025-12-14 03:00:03)
[2025-12-14 12:57:44]   [emp_id: 5073] SKIPPED: Already updated today (2025-12-14 03:00:03)
[2025-12-14 12:57:44]   [emp_id: 5079] SKIPPED: Already updated today (2025-12-14 03:00:03)
[2025-12-14 12:57:44]   [emp_id: 5080] SKIPPED: Already updated today (2025-12-14 03:00:03)
[2025-12-14 12:57:44]   [emp_id: 5081] SKIPPED: Already updated today (2025-12-14 03:00:03)
[2025-12-14 12:57:44]   [emp_id: 5087] SKIPPED: Already updated today (2025-12-14 03:00:03)
[2025-12-14 12:57:44]   [emp_id: 5091] SKIPPED: Already updated today (2025-12-14 03:00:03)
[2025-12-14 12:57:44]   [emp_id: 5093] SKIPPED: Already updated today (2025-12-14 03:00:03)
[2025-12-14 12:57:44]   [emp_id: 5095] SKIPPED: Already updated today (2025-12-14 03:00:03)
[2025-12-14 12:57:44]   [emp_id: 5101] SKIPPED: Already updated today (2025-12-14 03:00:03)
[2025-12-14 12:57:44]   [emp_id: 5107] SKIPPED: Already updated today (2025-12-14 03:00:03)
[2025-12-14 12:57:44]   [emp_id: 5109] SKIPPED: Already updated today (2025-12-14 03:00:03)
[2025-12-14 12:57:44]   [emp_id: 5119] SKIPPED: Already updated today (2025-12-14 03:00:03)
[2025-12-14 12:57:44]   [emp_id: 5122] SKIPPED: Already updated today (2025-12-14 03:00:03)
[2025-12-14 12:57:44]   [emp_id: 5126] SKIPPED: Already updated today (2025-12-14 03:00:03)
[2025-12-14 12:57:44]   [emp_id: 5127] SKIPPED: Already updated today (2025-12-14 03:00:03)
[2025-12-14 12:57:44]   [emp_id: 5128] SKIPPED: Already updated today (2025-12-14 03:00:03)
[2025-12-14 12:57:44]   [emp_id: 5138] SKIPPED: Already updated today (2025-12-14 03:00:03)
[2025-12-14 12:57:44]   [emp_id: 5138] SKIPPED: Already updated today (2025-12-14 03:00:03)
[2025-12-14 12:57:44]   [emp_id: 5141] SKIPPED: Already updated today (2025-12-14 03:00:03)
[2025-12-14 12:57:44]   [emp_id: 5142] SKIPPED: Already updated today (2025-12-14 03:00:03)
[2025-12-14 12:57:44]   [emp_id: 5146] SKIPPED: Already updated today (2025-12-14 03:00:03)
[2025-12-14 12:57:44]   [emp_id: 5147] SKIPPED: Already updated today (2025-12-14 03:00:03)
[2025-12-14 12:57:44]   [emp_id: 5148] SKIPPED: Already updated today (2025-12-14 03:00:03)
[2025-12-14 12:57:44]   [emp_id: 5149] SKIPPED: Already updated today (2025-12-14 03:00:03)
[2025-12-14 12:57:44]   [emp_id: 5150] SKIPPED: Already updated today (2025-12-14 03:00:03)
[2025-12-14 12:57:44]   [emp_id: 5151] SKIPPED: Already updated today (2025-12-14 03:00:03)
[2025-12-14 12:57:44]   [emp_id: 5152] SKIPPED: Already updated today (2025-12-14 03:00:03)
[2025-12-14 12:57:44]   [emp_id: 5157] SKIPPED: Already updated today (2025-12-14 03:00:03)
[2025-12-14 12:57:44]   [emp_id: 5160] SKIPPED: Already updated today (2025-12-14 03:00:03)
[2025-12-14 12:57:44]   [emp_id: 5163] SKIPPED: Already updated today (2025-12-14 03:00:03)
[2025-12-14 12:57:44]   [emp_id: 5165] SKIPPED: Already updated today (2025-12-14 03:00:03)
[2025-12-14 12:57:44]   [emp_id: 5167] SKIPPED: Already updated today (2025-12-14 03:00:03)
[2025-12-14 12:57:44]   [emp_id: 5168] SKIPPED: Already updated today (2025-12-14 03:00:03)
[2025-12-14 12:57:44]   [emp_id: 5173] SKIPPED: Already updated today (2025-12-14 03:00:03)
[2025-12-14 12:57:44]   [emp_id: 5174] SKIPPED: Already updated today (2025-12-14 03:00:03)
[2025-12-14 12:57:44]   [emp_id: 5181] SKIPPED: Already updated today (2025-12-14 03:00:03)
[2025-12-14 12:57:44]   [emp_id: 5186] SKIPPED: Already updated today (2025-12-14 03:00:03)
[2025-12-14 12:57:44]   [emp_id: 5187] SKIPPED: Already updated today (2025-12-14 03:00:03)
[2025-12-14 12:57:44]   [emp_id: 5204] SKIPPED: Already updated today (2025-12-14 03:00:03)
[2025-12-14 12:57:44]   [emp_id: 5205] SKIPPED: Already updated today (2025-12-14 03:00:03)
[2025-12-14 12:57:44]   [emp_id: 5209] SKIPPED: Already updated today (2025-12-14 03:00:03)
[2025-12-14 12:57:44]   [emp_id: 5213] SKIPPED: Already updated today (2025-12-14 03:00:03)
[2025-12-14 12:57:44]   [emp_id: 5214] SKIPPED: Already updated today (2025-12-14 03:00:03)
[2025-12-14 12:57:44]   [emp_id: 5215] SKIPPED: Already updated today (2025-12-14 03:00:03)
[2025-12-14 12:57:44]   [emp_id: 5217] SKIPPED: Already updated today (2025-12-14 03:00:03)
[2025-12-14 12:57:44]   [emp_id: 5219] SKIPPED: Already updated today (2025-12-14 03:00:03)
[2025-12-14 12:57:44]   [emp_id: 5221] SKIPPED: Already updated today (2025-12-14 03:00:03)
[2025-12-14 12:57:44]   [emp_id: 5224] SKIPPED: Already updated today (2025-12-14 03:00:03)
[2025-12-14 12:57:44]   [emp_id: 5225] SKIPPED: Already updated today (2025-12-14 03:00:03)
[2025-12-14 12:57:44]   [emp_id: 5228] SKIPPED: Already updated today (2025-12-14 03:00:03)
[2025-12-14 12:57:44]   [emp_id: 5229] SKIPPED: Already updated today (2025-12-14 03:00:03)
[2025-12-14 12:57:44]   [emp_id: 5230] SKIPPED: Already updated today (2025-12-14 03:00:03)
[2025-12-14 12:57:44]   [emp_id: 5231] SKIPPED: Already updated today (2025-12-14 03:00:03)
[2025-12-14 12:57:44]   [emp_id: 5232] SKIPPED: Already updated today (2025-12-14 03:00:03)
[2025-12-14 12:57:44]   [emp_id: 5233] SKIPPED: Already updated today (2025-12-14 03:00:03)
[2025-12-14 12:57:44]   [emp_id: 5234] SKIPPED: Already updated today (2025-12-14 03:00:03)
[2025-12-14 12:57:44]   [emp_id: 5235] SKIPPED: Already updated today (2025-12-14 13:56:02)
[2025-12-14 12:57:44]   [emp_id: 5237] SKIPPED: Already updated today (2025-12-14 03:00:03)
[2025-12-14 12:57:44]   [emp_id: 5238] SKIPPED: Already updated today (2025-12-14 03:00:03)
[2025-12-14 12:57:44]   [emp_id: 5239] SKIPPED: Already updated today (2025-12-14 03:00:03)
[2025-12-14 12:57:44]   [emp_id: 5241] SKIPPED: Already updated today (2025-12-14 03:00:03)
[2025-12-14 12:57:44]   [emp_id: 5242] SKIPPED: Already updated today (2025-12-14 03:00:03)
[2025-12-14 12:57:44]   [emp_id: 5243] SKIPPED: Already updated today (2025-12-14 03:00:03)
[2025-12-14 12:57:44]   [emp_id: 5244] SKIPPED: Already updated today (2025-12-14 03:00:03)
[2025-12-14 12:57:44]   [emp_id: 5246] SKIPPED: Already updated today (2025-12-14 03:00:03)
[2025-12-14 12:57:44]   [emp_id: 5253] SKIPPED: Already updated today (2025-12-14 03:00:03)
[2025-12-14 12:57:44]   [emp_id: 5254] SKIPPED: Already updated today (2025-12-14 03:00:03)
[2025-12-14 12:57:44]   [emp_id: 5257] SKIPPED: Already updated today (2025-12-14 03:00:03)
[2025-12-14 12:57:44]   [emp_id: 5259] SKIPPED: Already updated today (2025-12-14 03:00:03)
[2025-12-14 12:57:44]   [emp_id: 5261] SKIPPED: Already updated today (2025-12-14 03:00:03)
[2025-12-14 12:57:44]   [emp_id: 5264] SKIPPED: Already updated today (2025-12-14 03:00:03)
[2025-12-14 12:57:44]   [emp_id: 5266] SKIPPED: Already updated today (2025-12-14 03:00:04)
[2025-12-14 12:57:44]   [emp_id: 5268] SKIPPED: Already updated today (2025-12-14 03:00:04)
[2025-12-14 12:57:44]   [emp_id: 5271] SKIPPED: Already updated today (2025-12-14 03:00:04)
[2025-12-14 12:57:44]   [emp_id: 5272] SKIPPED: Already updated today (2025-12-14 03:00:04)
[2025-12-14 12:57:44]   [emp_id: 5273] SKIPPED: Already updated today (2025-12-14 03:00:04)
[2025-12-14 12:57:44]   [emp_id: 5275] SKIPPED: Already updated today (2025-12-14 03:00:04)
[2025-12-14 12:57:44]   [emp_id: 5276] SKIPPED: Already updated today (2025-12-14 03:00:04)
[2025-12-14 12:57:44]   [emp_id: 5278] SKIPPED: Already updated today (2025-12-14 03:00:04)
[2025-12-14 12:57:44]   [emp_id: 5280] SKIPPED: Already updated today (2025-12-14 03:00:04)
[2025-12-14 12:57:44]   [emp_id: 5282] SKIPPED: Already updated today (2025-12-14 03:00:04)
[2025-12-14 12:57:44]   [emp_id: 5285] SKIPPED: Already updated today (2025-12-14 03:00:04)
[2025-12-14 12:57:44]   [emp_id: 5286] SKIPPED: Already updated today (2025-12-14 03:00:04)
[2025-12-14 12:57:44]   [emp_id: 5287] SKIPPED: Already updated today (2025-12-14 03:00:04)
[2025-12-14 12:57:44]   [emp_id: 5288] SKIPPED: Already updated today (2025-12-14 03:00:04)
[2025-12-14 12:57:44]   [emp_id: 5289] SKIPPED: Already updated today (2025-12-14 03:00:04)
[2025-12-14 12:57:44]   [emp_id: 5290] SKIPPED: Already updated today (2025-12-14 03:00:04)
[2025-12-14 12:57:44]   [emp_id: 5291] SKIPPED: Already updated today (2025-12-14 03:00:04)
[2025-12-14 12:57:44]   [emp_id: 5292] SKIPPED: Already updated today (2025-12-14 03:00:04)
[2025-12-14 12:57:44]   [emp_id: 5293] SKIPPED: Already updated today (2025-12-14 03:00:04)
[2025-12-14 12:57:44]   [emp_id: 5294] SKIPPED: Already updated today (2025-12-14 03:00:04)
[2025-12-14 12:57:44]   [emp_id: 5295] SKIPPED: Already updated today (2025-12-14 03:00:04)
[2025-12-14 12:57:44]   [emp_id: 5296] SKIPPED: Already updated today (2025-12-14 03:00:04)
[2025-12-14 12:57:44]   [emp_id: 5297] SKIPPED: Already updated today (2025-12-14 03:00:04)
[2025-12-14 12:57:44]   [emp_id: 5298] SKIPPED: Already updated today (2025-12-14 03:00:04)
[2025-12-14 12:57:44]   [emp_id: 5299] SKIPPED: Already updated today (2025-12-14 03:00:04)
[2025-12-14 12:57:44]   [emp_id: 5300] SKIPPED: Already updated today (2025-12-14 03:00:04)
[2025-12-14 12:57:44]   [emp_id: 5301] SKIPPED: Already updated today (2025-12-14 03:00:04)
[2025-12-14 12:57:44]   [emp_id: 5303] SKIPPED: Already updated today (2025-12-14 03:00:04)
[2025-12-14 12:57:44]   [emp_id: 5304] SKIPPED: Already updated today (2025-12-14 03:00:04)
[2025-12-14 12:57:44]   [emp_id: 5305] SKIPPED: Already updated today (2025-12-14 03:00:04)
[2025-12-14 12:57:44]   [emp_id: 5306] SKIPPED: Already updated today (2025-12-14 03:00:04)
[2025-12-14 12:57:44]   [emp_id: 5307] SKIPPED: Already updated today (2025-12-14 03:00:04)
[2025-12-14 12:57:44]   [emp_id: 5312] SKIPPED: Already updated today (2025-12-14 13:39:48)
[2025-12-14 12:57:44]   [emp_id: 5318] SKIPPED: Already updated today (2025-12-14 03:00:04)
[2025-12-14 12:57:44]   [emp_id: 5325] SKIPPED: Already updated today (2025-12-14 03:00:04)
[2025-12-14 12:57:44]   [emp_id: 5326] SKIPPED: Already updated today (2025-12-14 03:00:04)
[2025-12-14 12:57:44]   [emp_id: 5327] SKIPPED: Already updated today (2025-12-14 03:00:04)
[2025-12-14 12:57:44]   [emp_id: 5331] SKIPPED: Already updated today (2025-12-14 03:00:04)
[2025-12-14 12:57:44]   [emp_id: 5337] SKIPPED: Already updated today (2025-12-14 03:00:04)
[2025-12-14 12:57:44]   [emp_id: 5339] SKIPPED: Already updated today (2025-12-14 03:00:04)
[2025-12-14 12:57:44]   [emp_id: 5343] SKIPPED: Already updated today (2025-12-14 03:00:04)
[2025-12-14 12:57:44]   [emp_id: 5343] SKIPPED: Already updated today (2025-12-14 03:00:04)
[2025-12-14 12:57:44]   [emp_id: 5345] SKIPPED: Already updated today (2025-12-14 03:00:04)
[2025-12-14 12:57:44]   [emp_id: 5346] SKIPPED: Already updated today (2025-12-14 03:00:04)
[2025-12-14 12:57:44]   [emp_id: 5351] SKIPPED: Already updated today (2025-12-14 03:00:04)
[2025-12-14 12:57:44]   [emp_id: 5352] SKIPPED: Already updated today (2025-12-14 03:00:04)
[2025-12-14 12:57:44]   [emp_id: 5370] SKIPPED: Already updated today (2025-12-14 03:00:04)
[2025-12-14 12:57:44]   [emp_id: 5371] SKIPPED: Already updated today (2025-12-14 03:00:04)
[2025-12-14 12:57:44]   [emp_id: 5376] SKIPPED: Already updated today (2025-12-14 03:00:04)
[2025-12-14 12:57:44]   [emp_id: 5378] SKIPPED: Already updated today (2025-12-14 03:00:04)
[2025-12-14 12:57:44]   [emp_id: 5380] SKIPPED: Already updated today (2025-12-14 03:00:04)
[2025-12-14 12:57:44]   [emp_id: 5381] SKIPPED: Already updated today (2025-12-14 03:00:04)
[2025-12-14 12:57:44]   [emp_id: 5383] SKIPPED: Already updated today (2025-12-14 03:00:04)
[2025-12-14 12:57:44]   [emp_id: 5388] SKIPPED: Already updated today (2025-12-14 03:00:04)
[2025-12-14 12:57:44]   [emp_id: 5392] SKIPPED: Already updated today (2025-12-14 03:00:04)
[2025-12-14 12:57:44]   [emp_id: 5396] SKIPPED: Already updated today (2025-12-14 03:00:04)
[2025-12-14 12:57:44]   [emp_id: 5397] SKIPPED: Already updated today (2025-12-14 03:00:04)
[2025-12-14 12:57:44]   [emp_id: 5401] SKIPPED: Already updated today (2025-12-14 03:00:04)
[2025-12-14 12:57:44]   [emp_id: 5402] SKIPPED: Already updated today (2025-12-14 03:00:04)
[2025-12-14 12:57:44]   [emp_id: 5406] SKIPPED: Already updated today (2025-12-14 03:00:04)
[2025-12-14 12:57:44]   [emp_id: 5407] SKIPPED: Already updated today (2025-12-14 03:00:04)
[2025-12-14 12:57:44]   [emp_id: 5408] SKIPPED: Already updated today (2025-12-14 03:00:04)
[2025-12-14 12:57:44]   [emp_id: 5409] SKIPPED: Already updated today (2025-12-14 03:00:04)
[2025-12-14 12:57:44]   [emp_id: 5413] SKIPPED: Already updated today (2025-12-14 03:00:04)
[2025-12-14 12:57:44]   [emp_id: 5414] SKIPPED: Already updated today (2025-12-14 03:00:04)
[2025-12-14 12:57:44]   [emp_id: 5415] SKIPPED: Already updated today (2025-12-14 03:00:04)
[2025-12-14 12:57:44]   [emp_id: 5418] SKIPPED: Already updated today (2025-12-14 03:00:04)
[2025-12-14 12:57:44]   [emp_id: 5422] SKIPPED: Already updated today (2025-12-14 03:00:04)
[2025-12-14 12:57:44]   [emp_id: 5423] SKIPPED: Already updated today (2025-12-14 03:00:04)
[2025-12-14 12:57:44]   [emp_id: 5423] SKIPPED: Already updated today (2025-12-14 03:00:04)
[2025-12-14 12:57:44]   [emp_id: 5423] SKIPPED: Already updated today (2025-12-14 03:00:04)
[2025-12-14 12:57:44]   [emp_id: 5424] SKIPPED: Already updated today (2025-12-14 03:00:04)
[2025-12-14 12:57:44]   [emp_id: 5425] SKIPPED: Already updated today (2025-12-14 03:00:04)
[2025-12-14 12:57:44]   [emp_id: 5426] SKIPPED: Already updated today (2025-12-14 03:00:04)
[2025-12-14 12:57:44]   [emp_id: 5426] SKIPPED: Already updated today (2025-12-14 13:54:43)
[2025-12-14 12:57:44]   [emp_id: 5427] SKIPPED: Already updated today (2025-12-14 03:00:04)
[2025-12-14 12:57:44]   [emp_id: 5428] SKIPPED: Already updated today (2025-12-14 03:00:04)
[2025-12-14 12:57:44]   [emp_id: 5430] SKIPPED: Already updated today (2025-12-14 03:00:04)
[2025-12-14 12:57:44]   [emp_id: 5431] SKIPPED: Already updated today (2025-12-14 03:00:04)
[2025-12-14 12:57:44]   [emp_id: 5434] SKIPPED: Already updated today (2025-12-14 03:00:04)
[2025-12-14 12:57:44]   [emp_id: 5435] SKIPPED: Already updated today (2025-12-14 03:00:04)
[2025-12-14 12:57:44]   [emp_id: 5436] SKIPPED: Already updated today (2025-12-14 03:00:04)
[2025-12-14 12:57:44]   [emp_id: 5438] SKIPPED: Already updated today (2025-12-14 03:00:04)
[2025-12-14 12:57:44]   [emp_id: 5439] SKIPPED: Already updated today (2025-12-14 03:00:04)
[2025-12-14 12:57:44]   [emp_id: 5442] SKIPPED: Already updated today (2025-12-14 03:00:04)
[2025-12-14 12:57:44]   [emp_id: 5443] SKIPPED: Already updated today (2025-12-14 03:00:04)
[2025-12-14 12:57:44]   [emp_id: 5445] SKIPPED: Already updated today (2025-12-14 03:00:04)
[2025-12-14 12:57:44]   [emp_id: 5446] SKIPPED: Already updated today (2025-12-14 03:00:04)
[2025-12-14 12:57:44]   [emp_id: 5447] SKIPPED: Already updated today (2025-12-14 03:00:04)
[2025-12-14 12:57:44]   [emp_id: 5448] SKIPPED: Already updated today (2025-12-14 03:00:04)
[2025-12-14 12:57:44]   [emp_id: 5449] SKIPPED: Already updated today (2025-12-14 03:00:04)
[2025-12-14 12:57:44]   [emp_id: 5450] SKIPPED: Already updated today (2025-12-14 03:00:04)
[2025-12-14 12:57:44]   [emp_id: 5451] SKIPPED: Already updated today (2025-12-14 03:00:04)
[2025-12-14 12:57:44]   [emp_id: 5454] SKIPPED: Already updated today (2025-12-14 03:00:04)
[2025-12-14 12:57:44]   [emp_id: 5455] SKIPPED: Already updated today (2025-12-14 03:00:04)
[2025-12-14 12:57:44]   [emp_id: 5456] SKIPPED: Already updated today (2025-12-14 03:00:04)
[2025-12-14 12:57:44] 
[2025-12-14 12:57:44] ========== SUMMARY ==========
[2025-12-14 12:57:44] Total employees processed: 439
[2025-12-14 12:57:44] Records updated: 0
[2025-12-14 12:57:44] Balances changed: 0
[2025-12-14 12:57:44] Errors: 0
[2025-12-14 12:57:44] ========== CRON: Vacation Balance Update Completed ==========
[2025-12-14 12:57:44] 
[2025-12-14 16:30:19] ========== CRON: Vacation Balance Update Started ==========
[2025-12-14 16:30:19] Database connection established
[2025-12-14 16:30:19] Found 438 active employees with balance records to update
[2025-12-14 16:30:19] (Only employees with status=1 will be processed)
[2025-12-14 16:30:19]   [emp_id: 1061] SKIPPED: Already updated today (2025-12-14 03:00:01)
[2025-12-14 16:30:19]   [emp_id: 1496] SKIPPED: Already updated today (2025-12-14 03:00:01)
[2025-12-14 16:30:19]   [emp_id: 1500] SKIPPED: Already updated today (2025-12-14 03:00:01)
[2025-12-14 16:30:19]   [emp_id: 1574] SKIPPED: Already updated today (2025-12-14 03:00:01)
[2025-12-14 16:30:19]   [emp_id: 1673] SKIPPED: Already updated today (2025-12-14 03:00:01)
[2025-12-14 16:30:19]   [emp_id: 1685] SKIPPED: Already updated today (2025-12-14 03:00:01)
[2025-12-14 16:30:19]   [emp_id: 1764] SKIPPED: Already updated today (2025-12-14 03:00:01)
[2025-12-14 16:30:19]   [emp_id: 1805] SKIPPED: Already updated today (2025-12-14 03:00:01)
[2025-12-14 16:30:19]   [emp_id: 1822] SKIPPED: Already updated today (2025-12-14 03:00:01)
[2025-12-14 16:30:19]   [emp_id: 1837] SKIPPED: Already updated today (2025-12-14 03:00:01)
[2025-12-14 16:30:19]   [emp_id: 1857] SKIPPED: Already updated today (2025-12-14 03:00:01)
[2025-12-14 16:30:19]   [emp_id: 1861] SKIPPED: Already updated today (2025-12-14 03:00:02)
[2025-12-14 16:30:19]   [emp_id: 1872] SKIPPED: Already updated today (2025-12-14 03:00:02)
[2025-12-14 16:30:19]   [emp_id: 1897] SKIPPED: Already updated today (2025-12-14 03:00:02)
[2025-12-14 16:30:19]   [emp_id: 1916] SKIPPED: Already updated today (2025-12-14 03:00:02)
[2025-12-14 16:30:19]   [emp_id: 1928] SKIPPED: Already updated today (2025-12-14 03:00:02)
[2025-12-14 16:30:19]   [emp_id: 1931] SKIPPED: Already updated today (2025-12-14 03:00:02)
[2025-12-14 16:30:19]   [emp_id: 1944] SKIPPED: Already updated today (2025-12-14 03:00:02)
[2025-12-14 16:30:19]   [emp_id: 1996] SKIPPED: Already updated today (2025-12-14 03:00:02)
[2025-12-14 16:30:19]   [emp_id: 1997] SKIPPED: Already updated today (2025-12-14 03:00:02)
[2025-12-14 16:30:19]   [emp_id: 1998] SKIPPED: Already updated today (2025-12-14 03:00:02)
[2025-12-14 16:30:19]   [emp_id: 1999] SKIPPED: Already updated today (2025-12-14 03:00:02)
[2025-12-14 16:30:19]   [emp_id: 2009] SKIPPED: Already updated today (2025-12-14 03:00:02)
[2025-12-14 16:30:19]   [emp_id: 2048] SKIPPED: Already updated today (2025-12-14 03:00:02)
[2025-12-14 16:30:19]   [emp_id: 2057] SKIPPED: Already updated today (2025-12-14 03:00:02)
[2025-12-14 16:30:19]   [emp_id: 2079] SKIPPED: Already updated today (2025-12-14 03:00:02)
[2025-12-14 16:30:19]   [emp_id: 2181] SKIPPED: Already updated today (2025-12-14 03:00:02)
[2025-12-14 16:30:19]   [emp_id: 2190] SKIPPED: Already updated today (2025-12-14 03:00:02)
[2025-12-14 16:30:19]   [emp_id: 2212] SKIPPED: Already updated today (2025-12-14 03:00:02)
[2025-12-14 16:30:19]   [emp_id: 2226] SKIPPED: Already updated today (2025-12-14 03:00:02)
[2025-12-14 16:30:19]   [emp_id: 2238] SKIPPED: Already updated today (2025-12-14 03:00:02)
[2025-12-14 16:30:19]   [emp_id: 2285] SKIPPED: Already updated today (2025-12-14 03:00:02)
[2025-12-14 16:30:19]   [emp_id: 2287] SKIPPED: Already updated today (2025-12-14 03:00:02)
[2025-12-14 16:30:19]   [emp_id: 2288] SKIPPED: Already updated today (2025-12-14 03:00:02)
[2025-12-14 16:30:19]   [emp_id: 2290] SKIPPED: Already updated today (2025-12-14 03:00:02)
[2025-12-14 16:30:19]   [emp_id: 2316] SKIPPED: Already updated today (2025-12-14 03:00:02)
[2025-12-14 16:30:19]   [emp_id: 2337] SKIPPED: Already updated today (2025-12-14 03:00:02)
[2025-12-14 16:30:19]   [emp_id: 2352] SKIPPED: Already updated today (2025-12-14 03:00:02)
[2025-12-14 16:30:19]   [emp_id: 2358] SKIPPED: Already updated today (2025-12-14 03:00:02)
[2025-12-14 16:30:19]   [emp_id: 2361] SKIPPED: Already updated today (2025-12-14 03:00:02)
[2025-12-14 16:30:19]   [emp_id: 2363] SKIPPED: Already updated today (2025-12-14 03:00:02)
[2025-12-14 16:30:19]   [emp_id: 2364] SKIPPED: Already updated today (2025-12-14 03:00:02)
[2025-12-14 16:30:19]   [emp_id: 2367] SKIPPED: Already updated today (2025-12-14 03:00:02)
[2025-12-14 16:30:19]   [emp_id: 2368] SKIPPED: Already updated today (2025-12-14 03:00:02)
[2025-12-14 16:30:19]   [emp_id: 2372] SKIPPED: Already updated today (2025-12-14 03:00:02)
[2025-12-14 16:30:19]   [emp_id: 2376] SKIPPED: Already updated today (2025-12-14 03:00:02)
[2025-12-14 16:30:19]   [emp_id: 2423] SKIPPED: Already updated today (2025-12-14 03:00:02)
[2025-12-14 16:30:19]   [emp_id: 2519] SKIPPED: Already updated today (2025-12-14 03:00:02)
[2025-12-14 16:30:19]   [emp_id: 2522] SKIPPED: Already updated today (2025-12-14 03:00:02)
[2025-12-14 16:30:19]   [emp_id: 2530] SKIPPED: Already updated today (2025-12-14 03:00:02)
[2025-12-14 16:30:19]   [emp_id: 2539] SKIPPED: Already updated today (2025-12-14 03:00:02)
[2025-12-14 16:30:19]   [emp_id: 2541] SKIPPED: Already updated today (2025-12-14 03:00:02)
[2025-12-14 16:30:19]   [emp_id: 2550] SKIPPED: Already updated today (2025-12-14 03:00:02)
[2025-12-14 16:30:19]   [emp_id: 2553] SKIPPED: Already updated today (2025-12-14 03:00:02)
[2025-12-14 16:30:19]   [emp_id: 2554] SKIPPED: Already updated today (2025-12-14 03:00:02)
[2025-12-14 16:30:19]   [emp_id: 2565] SKIPPED: Already updated today (2025-12-14 03:00:02)
[2025-12-14 16:30:19]   [emp_id: 2572] SKIPPED: Already updated today (2025-12-14 03:00:02)
[2025-12-14 16:30:19]   [emp_id: 2637] SKIPPED: Already updated today (2025-12-14 03:00:02)
[2025-12-14 16:30:19]   [emp_id: 2642] SKIPPED: Already updated today (2025-12-14 03:00:02)
[2025-12-14 16:30:19]   [emp_id: 2645] SKIPPED: Already updated today (2025-12-14 03:00:02)
[2025-12-14 16:30:19]   [emp_id: 2648] SKIPPED: Already updated today (2025-12-14 03:00:02)
[2025-12-14 16:30:19]   [emp_id: 2654] SKIPPED: Already updated today (2025-12-14 03:00:02)
[2025-12-14 16:30:19]   [emp_id: 2688] SKIPPED: Already updated today (2025-12-14 03:00:02)
[2025-12-14 16:30:19]   [emp_id: 2690] SKIPPED: Already updated today (2025-12-14 03:00:02)
[2025-12-14 16:30:19]   [emp_id: 2709] SKIPPED: Already updated today (2025-12-14 03:00:02)
[2025-12-14 16:30:19]   [emp_id: 2745] SKIPPED: Already updated today (2025-12-14 03:00:02)
[2025-12-14 16:30:19]   [emp_id: 2843] SKIPPED: Already updated today (2025-12-14 03:00:02)
[2025-12-14 16:30:19]   [emp_id: 2854] SKIPPED: Already updated today (2025-12-14 03:00:02)
[2025-12-14 16:30:19]   [emp_id: 2869] SKIPPED: Already updated today (2025-12-14 03:00:02)
[2025-12-14 16:30:19]   [emp_id: 2876] SKIPPED: Already updated today (2025-12-14 03:00:02)
[2025-12-14 16:30:19]   [emp_id: 2924] SKIPPED: Already updated today (2025-12-14 03:00:02)
[2025-12-14 16:30:19]   [emp_id: 2953] SKIPPED: Already updated today (2025-12-14 03:00:02)
[2025-12-14 16:30:19]   [emp_id: 2961] SKIPPED: Already updated today (2025-12-14 03:00:02)
[2025-12-14 16:30:19]   [emp_id: 2975] SKIPPED: Already updated today (2025-12-14 03:00:02)
[2025-12-14 16:30:19]   [emp_id: 3013] SKIPPED: Already updated today (2025-12-14 03:00:02)
[2025-12-14 16:30:19]   [emp_id: 3014] SKIPPED: Already updated today (2025-12-14 03:00:02)
[2025-12-14 16:30:19]   [emp_id: 3015] SKIPPED: Already updated today (2025-12-14 03:00:02)
[2025-12-14 16:30:19]   [emp_id: 3018] SKIPPED: Already updated today (2025-12-14 03:00:02)
[2025-12-14 16:30:19]   [emp_id: 3025] SKIPPED: Already updated today (2025-12-14 03:00:02)
[2025-12-14 16:30:19]   [emp_id: 3037] SKIPPED: Already updated today (2025-12-14 03:00:02)
[2025-12-14 16:30:19]   [emp_id: 3047] SKIPPED: Already updated today (2025-12-14 03:00:02)
[2025-12-14 16:30:19]   [emp_id: 3061] SKIPPED: Already updated today (2025-12-14 03:00:02)
[2025-12-14 16:30:19]   [emp_id: 3062] SKIPPED: Already updated today (2025-12-14 03:00:02)
[2025-12-14 16:30:19]   [emp_id: 3074] SKIPPED: Already updated today (2025-12-14 03:00:02)
[2025-12-14 16:30:19]   [emp_id: 3089] SKIPPED: Already updated today (2025-12-14 03:00:02)
[2025-12-14 16:30:19]   [emp_id: 3090] SKIPPED: Already updated today (2025-12-14 03:00:02)
[2025-12-14 16:30:19]   [emp_id: 3091] SKIPPED: Already updated today (2025-12-14 03:00:02)
[2025-12-14 16:30:19]   [emp_id: 3092] SKIPPED: Already updated today (2025-12-14 03:00:02)
[2025-12-14 16:30:19]   [emp_id: 3105] SKIPPED: Already updated today (2025-12-14 03:00:02)
[2025-12-14 16:30:19]   [emp_id: 3134] SKIPPED: Already updated today (2025-12-14 03:00:02)
[2025-12-14 16:30:19]   [emp_id: 3140] SKIPPED: Already updated today (2025-12-14 03:00:02)
[2025-12-14 16:30:19]   [emp_id: 3144] SKIPPED: Already updated today (2025-12-14 03:00:02)
[2025-12-14 16:30:19]   [emp_id: 3156] SKIPPED: Already updated today (2025-12-14 03:00:02)
[2025-12-14 16:30:19]   [emp_id: 3162] SKIPPED: Already updated today (2025-12-14 03:00:02)
[2025-12-14 16:30:19]   [emp_id: 3163] SKIPPED: Already updated today (2025-12-14 03:00:02)
[2025-12-14 16:30:19]   [emp_id: 3198] SKIPPED: Already updated today (2025-12-14 03:00:02)
[2025-12-14 16:30:19]   [emp_id: 3205] SKIPPED: Already updated today (2025-12-14 03:00:02)
[2025-12-14 16:30:19]   [emp_id: 3209] SKIPPED: Already updated today (2025-12-14 03:00:02)
[2025-12-14 16:30:19]   [emp_id: 3223] SKIPPED: Already updated today (2025-12-14 03:00:02)
[2025-12-14 16:30:19]   [emp_id: 3224] SKIPPED: Already updated today (2025-12-14 03:00:02)
[2025-12-14 16:30:19]   [emp_id: 3230] SKIPPED: Already updated today (2025-12-14 03:00:02)
[2025-12-14 16:30:19]   [emp_id: 3231] SKIPPED: Already updated today (2025-12-14 03:00:02)
[2025-12-14 16:30:19]   [emp_id: 3233] SKIPPED: Already updated today (2025-12-14 03:00:02)
[2025-12-14 16:30:19]   [emp_id: 3249] SKIPPED: Already updated today (2025-12-14 03:00:02)
[2025-12-14 16:30:19]   [emp_id: 3250] SKIPPED: Already updated today (2025-12-14 03:00:02)
[2025-12-14 16:30:19]   [emp_id: 3252] SKIPPED: Already updated today (2025-12-14 03:00:02)
[2025-12-14 16:30:19]   [emp_id: 3254] SKIPPED: Already updated today (2025-12-14 03:00:02)
[2025-12-14 16:30:19]   [emp_id: 3255] SKIPPED: Already updated today (2025-12-14 03:00:02)
[2025-12-14 16:30:19]   [emp_id: 3256] SKIPPED: Already updated today (2025-12-14 03:00:02)
[2025-12-14 16:30:19]   [emp_id: 3263] SKIPPED: Already updated today (2025-12-14 03:00:02)
[2025-12-14 16:30:19]   [emp_id: 3265] SKIPPED: Already updated today (2025-12-14 03:00:02)
[2025-12-14 16:30:19]   [emp_id: 3280] SKIPPED: Already updated today (2025-12-14 03:00:02)
[2025-12-14 16:30:19]   [emp_id: 3286] SKIPPED: Already updated today (2025-12-14 03:00:02)
[2025-12-14 16:30:19]   [emp_id: 3294] SKIPPED: Already updated today (2025-12-14 03:00:02)
[2025-12-14 16:30:19]   [emp_id: 3321] SKIPPED: Already updated today (2025-12-14 03:00:02)
[2025-12-14 16:30:19]   [emp_id: 3325] SKIPPED: Already updated today (2025-12-14 03:00:02)
[2025-12-14 16:30:19]   [emp_id: 3329] SKIPPED: Already updated today (2025-12-14 03:00:02)
[2025-12-14 16:30:19]   [emp_id: 3330] SKIPPED: Already updated today (2025-12-14 03:00:02)
[2025-12-14 16:30:19]   [emp_id: 3332] SKIPPED: Already updated today (2025-12-14 03:00:02)
[2025-12-14 16:30:19]   [emp_id: 3370] SKIPPED: Already updated today (2025-12-14 03:00:02)
[2025-12-14 16:30:19]   [emp_id: 3384] SKIPPED: Already updated today (2025-12-14 03:00:02)
[2025-12-14 16:30:19]   [emp_id: 3386] SKIPPED: Already updated today (2025-12-14 03:00:02)
[2025-12-14 16:30:19]   [emp_id: 3431] SKIPPED: Already updated today (2025-12-14 03:00:02)
[2025-12-14 16:30:19]   [emp_id: 3497] SKIPPED: Already updated today (2025-12-14 03:00:02)
[2025-12-14 16:30:19]   [emp_id: 3532] SKIPPED: Already updated today (2025-12-14 03:00:02)
[2025-12-14 16:30:19]   [emp_id: 3586] SKIPPED: Already updated today (2025-12-14 03:00:02)
[2025-12-14 16:30:19]   [emp_id: 3602] SKIPPED: Already updated today (2025-12-14 03:00:02)
[2025-12-14 16:30:19]   [emp_id: 3618] SKIPPED: Already updated today (2025-12-14 03:00:02)
[2025-12-14 16:30:19]   [emp_id: 3622] SKIPPED: Already updated today (2025-12-14 03:00:02)
[2025-12-14 16:30:19]   [emp_id: 3627] SKIPPED: Already updated today (2025-12-14 03:00:02)
[2025-12-14 16:30:19]   [emp_id: 3665] SKIPPED: Already updated today (2025-12-14 03:00:02)
[2025-12-14 16:30:19]   [emp_id: 3705] SKIPPED: Already updated today (2025-12-14 03:00:02)
[2025-12-14 16:30:19]   [emp_id: 3724] SKIPPED: Already updated today (2025-12-14 03:00:02)
[2025-12-14 16:30:19]   [emp_id: 3726] SKIPPED: Already updated today (2025-12-14 03:00:02)
[2025-12-14 16:30:19]   [emp_id: 3727] SKIPPED: Already updated today (2025-12-14 03:00:02)
[2025-12-14 16:30:19]   [emp_id: 3728] SKIPPED: Already updated today (2025-12-14 03:00:02)
[2025-12-14 16:30:19]   [emp_id: 3742] SKIPPED: Already updated today (2025-12-14 03:00:02)
[2025-12-14 16:30:19]   [emp_id: 3767] SKIPPED: Already updated today (2025-12-14 03:00:02)
[2025-12-14 16:30:19]   [emp_id: 3768] SKIPPED: Already updated today (2025-12-14 03:00:02)
[2025-12-14 16:30:19]   [emp_id: 3787] SKIPPED: Already updated today (2025-12-14 03:00:02)
[2025-12-14 16:30:19]   [emp_id: 3790] SKIPPED: Already updated today (2025-12-14 03:00:02)
[2025-12-14 16:30:19]   [emp_id: 3795] SKIPPED: Already updated today (2025-12-14 03:00:02)
[2025-12-14 16:30:19]   [emp_id: 3798] SKIPPED: Already updated today (2025-12-14 03:00:02)
[2025-12-14 16:30:19]   [emp_id: 3801] SKIPPED: Already updated today (2025-12-14 03:00:02)
[2025-12-14 16:30:19]   [emp_id: 3802] SKIPPED: Already updated today (2025-12-14 03:00:02)
[2025-12-14 16:30:19]   [emp_id: 3803] SKIPPED: Already updated today (2025-12-14 03:00:02)
[2025-12-14 16:30:19]   [emp_id: 3810] SKIPPED: Already updated today (2025-12-14 03:00:02)
[2025-12-14 16:30:19]   [emp_id: 3812] SKIPPED: Already updated today (2025-12-14 03:00:02)
[2025-12-14 16:30:19]   [emp_id: 3815] SKIPPED: Already updated today (2025-12-14 03:00:02)
[2025-12-14 16:30:19]   [emp_id: 3836] SKIPPED: Already updated today (2025-12-14 03:00:02)
[2025-12-14 16:30:19]   [emp_id: 3855] SKIPPED: Already updated today (2025-12-14 03:00:02)
[2025-12-14 16:30:19]   [emp_id: 3857] SKIPPED: Already updated today (2025-12-14 03:00:02)
[2025-12-14 16:30:19]   [emp_id: 3862] SKIPPED: Already updated today (2025-12-14 03:00:02)
[2025-12-14 16:30:19]   [emp_id: 3866] SKIPPED: Already updated today (2025-12-14 03:00:02)
[2025-12-14 16:30:19]   [emp_id: 3876] SKIPPED: Already updated today (2025-12-14 03:00:02)
[2025-12-14 16:30:19]   [emp_id: 3877] SKIPPED: Already updated today (2025-12-14 03:00:02)
[2025-12-14 16:30:19]   [emp_id: 3897] SKIPPED: Already updated today (2025-12-14 03:00:02)
[2025-12-14 16:30:19]   [emp_id: 3899] SKIPPED: Already updated today (2025-12-14 03:00:02)
[2025-12-14 16:30:19]   [emp_id: 3928] SKIPPED: Already updated today (2025-12-14 03:00:02)
[2025-12-14 16:30:19]   [emp_id: 3929] SKIPPED: Already updated today (2025-12-14 03:00:02)
[2025-12-14 16:30:19]   [emp_id: 3935] SKIPPED: Already updated today (2025-12-14 03:00:02)
[2025-12-14 16:30:19]   [emp_id: 3952] SKIPPED: Already updated today (2025-12-14 03:00:02)
[2025-12-14 16:30:19]   [emp_id: 3987] SKIPPED: Already updated today (2025-12-14 03:00:02)
[2025-12-14 16:30:19]   [emp_id: 4059] SKIPPED: Already updated today (2025-12-14 03:00:02)
[2025-12-14 16:30:19]   [emp_id: 4119] SKIPPED: Already updated today (2025-12-14 03:00:02)
[2025-12-14 16:30:19]   [emp_id: 4120] SKIPPED: Already updated today (2025-12-14 03:00:02)
[2025-12-14 16:30:19]   [emp_id: 4124] SKIPPED: Already updated today (2025-12-14 03:00:02)
[2025-12-14 16:30:19]   [emp_id: 4133] SKIPPED: Already updated today (2025-12-14 03:00:02)
[2025-12-14 16:30:19]   [emp_id: 4134] SKIPPED: Already updated today (2025-12-14 03:00:02)
[2025-12-14 16:30:19]   [emp_id: 4136] SKIPPED: Already updated today (2025-12-14 03:00:02)
[2025-12-14 16:30:19]   [emp_id: 4150] SKIPPED: Already updated today (2025-12-14 03:00:02)
[2025-12-14 16:30:19]   [emp_id: 4157] SKIPPED: Already updated today (2025-12-14 03:00:03)
[2025-12-14 16:30:19]   [emp_id: 4172] SKIPPED: Already updated today (2025-12-14 03:00:03)
[2025-12-14 16:30:19]   [emp_id: 4195] SKIPPED: Already updated today (2025-12-14 03:00:03)
[2025-12-14 16:30:19]   [emp_id: 4215] SKIPPED: Already updated today (2025-12-14 03:00:03)
[2025-12-14 16:30:19]   [emp_id: 4220] SKIPPED: Already updated today (2025-12-14 03:00:03)
[2025-12-14 16:30:19]   [emp_id: 4273] SKIPPED: Already updated today (2025-12-14 03:00:03)
[2025-12-14 16:30:19]   [emp_id: 4283] SKIPPED: Already updated today (2025-12-14 03:00:03)
[2025-12-14 16:30:19]   [emp_id: 4288] SKIPPED: Already updated today (2025-12-14 03:00:03)
[2025-12-14 16:30:19]   [emp_id: 4315] SKIPPED: Already updated today (2025-12-14 03:00:03)
[2025-12-14 16:30:19]   [emp_id: 4328] SKIPPED: Already updated today (2025-12-14 03:00:03)
[2025-12-14 16:30:19]   [emp_id: 4329] SKIPPED: Already updated today (2025-12-14 03:00:03)
[2025-12-14 16:30:19]   [emp_id: 4338] SKIPPED: Already updated today (2025-12-14 03:00:03)
[2025-12-14 16:30:19]   [emp_id: 4340] SKIPPED: Already updated today (2025-12-14 03:00:03)
[2025-12-14 16:30:19]   [emp_id: 4365] SKIPPED: Already updated today (2025-12-14 03:00:03)
[2025-12-14 16:30:19]   [emp_id: 4366] SKIPPED: Already updated today (2025-12-14 03:00:03)
[2025-12-14 16:30:19]   [emp_id: 4403] SKIPPED: Already updated today (2025-12-14 03:00:03)
[2025-12-14 16:30:19]   [emp_id: 4438] SKIPPED: Already updated today (2025-12-14 03:00:03)
[2025-12-14 16:30:19]   [emp_id: 4465] SKIPPED: Already updated today (2025-12-14 03:00:03)
[2025-12-14 16:30:19]   [emp_id: 4473] SKIPPED: Already updated today (2025-12-14 03:00:03)
[2025-12-14 16:30:19]   [emp_id: 4474] SKIPPED: Already updated today (2025-12-14 03:00:03)
[2025-12-14 16:30:19]   [emp_id: 4493] SKIPPED: Already updated today (2025-12-14 03:00:03)
[2025-12-14 16:30:19]   [emp_id: 4526] SKIPPED: Already updated today (2025-12-14 03:00:03)
[2025-12-14 16:30:19]   [emp_id: 4528] SKIPPED: Already updated today (2025-12-14 03:00:03)
[2025-12-14 16:30:19]   [emp_id: 4528] SKIPPED: Already updated today (2025-12-14 03:00:03)
[2025-12-14 16:30:19]   [emp_id: 4532] SKIPPED: Already updated today (2025-12-14 03:00:03)
[2025-12-14 16:30:19]   [emp_id: 4533] SKIPPED: Already updated today (2025-12-14 03:00:03)
[2025-12-14 16:30:19]   [emp_id: 4564] SKIPPED: Already updated today (2025-12-14 03:00:03)
[2025-12-14 16:30:19]   [emp_id: 4565] SKIPPED: Already updated today (2025-12-14 03:00:03)
[2025-12-14 16:30:19]   [emp_id: 4567] SKIPPED: Already updated today (2025-12-14 03:00:03)
[2025-12-14 16:30:19]   [emp_id: 4572] SKIPPED: Already updated today (2025-12-14 03:00:03)
[2025-12-14 16:30:19]   [emp_id: 4631] SKIPPED: Already updated today (2025-12-14 03:00:03)
[2025-12-14 16:30:19]   [emp_id: 4655] SKIPPED: Already updated today (2025-12-14 03:00:03)
[2025-12-14 16:30:19]   [emp_id: 4689] SKIPPED: Already updated today (2025-12-14 03:00:03)
[2025-12-14 16:30:19]   [emp_id: 4709] SKIPPED: Already updated today (2025-12-14 03:00:03)
[2025-12-14 16:30:19]   [emp_id: 4717] SKIPPED: Already updated today (2025-12-14 03:00:03)
[2025-12-14 16:30:19]   [emp_id: 4736] SKIPPED: Already updated today (2025-12-14 03:00:03)
[2025-12-14 16:30:19]   [emp_id: 4756] SKIPPED: Already updated today (2025-12-14 03:00:03)
[2025-12-14 16:30:19]   [emp_id: 4768] SKIPPED: Already updated today (2025-12-14 03:00:03)
[2025-12-14 16:30:19]   [emp_id: 4780] SKIPPED: Already updated today (2025-12-14 03:00:03)
[2025-12-14 16:30:19]   [emp_id: 4820] SKIPPED: Already updated today (2025-12-14 03:00:03)
[2025-12-14 16:30:19]   [emp_id: 4825] SKIPPED: Already updated today (2025-12-14 03:00:03)
[2025-12-14 16:30:19]   [emp_id: 4835] SKIPPED: Already updated today (2025-12-14 03:00:03)
[2025-12-14 16:30:19]   [emp_id: 4837] SKIPPED: Already updated today (2025-12-14 03:00:03)
[2025-12-14 16:30:19]   [emp_id: 4838] SKIPPED: Already updated today (2025-12-14 03:00:03)
[2025-12-14 16:30:19]   [emp_id: 4840] SKIPPED: Already updated today (2025-12-14 03:00:03)
[2025-12-14 16:30:19]   [emp_id: 4842] SKIPPED: Already updated today (2025-12-14 03:00:03)
[2025-12-14 16:30:19]   [emp_id: 4843] SKIPPED: Already updated today (2025-12-14 03:00:03)
[2025-12-14 16:30:19]   [emp_id: 4853] SKIPPED: Already updated today (2025-12-14 03:00:03)
[2025-12-14 16:30:19]   [emp_id: 4856] SKIPPED: Already updated today (2025-12-14 03:00:03)
[2025-12-14 16:30:19]   [emp_id: 4857] SKIPPED: Already updated today (2025-12-14 03:00:03)
[2025-12-14 16:30:19]   [emp_id: 4858] SKIPPED: Already updated today (2025-12-14 03:00:03)
[2025-12-14 16:30:19]   [emp_id: 4859] SKIPPED: Already updated today (2025-12-14 03:00:03)
[2025-12-14 16:30:19]   [emp_id: 4860] SKIPPED: Already updated today (2025-12-14 03:00:03)
[2025-12-14 16:30:19]   [emp_id: 4861] SKIPPED: Already updated today (2025-12-14 03:00:03)
[2025-12-14 16:30:19]   [emp_id: 4869] SKIPPED: Already updated today (2025-12-14 03:00:03)
[2025-12-14 16:30:19]   [emp_id: 4894] SKIPPED: Already updated today (2025-12-14 03:00:03)
[2025-12-14 16:30:19]   [emp_id: 4897] SKIPPED: Already updated today (2025-12-14 03:00:03)
[2025-12-14 16:30:19]   [emp_id: 4899] SKIPPED: Already updated today (2025-12-14 03:00:03)
[2025-12-14 16:30:19]   [emp_id: 4902] SKIPPED: Already updated today (2025-12-14 03:00:03)
[2025-12-14 16:30:19]   [emp_id: 4903] SKIPPED: Already updated today (2025-12-14 03:00:03)
[2025-12-14 16:30:19]   [emp_id: 4905] SKIPPED: Already updated today (2025-12-14 03:00:03)
[2025-12-14 16:30:19]   [emp_id: 4907] SKIPPED: Already updated today (2025-12-14 03:00:03)
[2025-12-14 16:30:19]   [emp_id: 4917] SKIPPED: Already updated today (2025-12-14 03:00:03)
[2025-12-14 16:30:19]   [emp_id: 4918] SKIPPED: Already updated today (2025-12-14 03:00:03)
[2025-12-14 16:30:19]   [emp_id: 4919] SKIPPED: Already updated today (2025-12-14 03:00:03)
[2025-12-14 16:30:19]   [emp_id: 4920] SKIPPED: Already updated today (2025-12-14 03:00:03)
[2025-12-14 16:30:19]   [emp_id: 4921] SKIPPED: Already updated today (2025-12-14 03:00:03)
[2025-12-14 16:30:19]   [emp_id: 4927] SKIPPED: Already updated today (2025-12-14 03:00:03)
[2025-12-14 16:30:19]   [emp_id: 4929] SKIPPED: Already updated today (2025-12-14 03:00:03)
[2025-12-14 16:30:19]   [emp_id: 4930] SKIPPED: Already updated today (2025-12-14 03:00:03)
[2025-12-14 16:30:19]   [emp_id: 4932] SKIPPED: Already updated today (2025-12-14 03:00:03)
[2025-12-14 16:30:19]   [emp_id: 4933] SKIPPED: Already updated today (2025-12-14 03:00:03)
[2025-12-14 16:30:19]   [emp_id: 4949] SKIPPED: Already updated today (2025-12-14 03:00:03)
[2025-12-14 16:30:19]   [emp_id: 4956] SKIPPED: Already updated today (2025-12-14 03:00:03)
[2025-12-14 16:30:19]   [emp_id: 4957] SKIPPED: Already updated today (2025-12-14 03:00:03)
[2025-12-14 16:30:19]   [emp_id: 4962] SKIPPED: Already updated today (2025-12-14 03:00:03)
[2025-12-14 16:30:19]   [emp_id: 4969] SKIPPED: Already updated today (2025-12-14 03:00:03)
[2025-12-14 16:30:19]   [emp_id: 4976] SKIPPED: Already updated today (2025-12-14 03:00:03)
[2025-12-14 16:30:19]   [emp_id: 4984] SKIPPED: Already updated today (2025-12-14 03:00:03)
[2025-12-14 16:30:19]   [emp_id: 4995] SKIPPED: Already updated today (2025-12-14 03:00:03)
[2025-12-14 16:30:19]   [emp_id: 5004] SKIPPED: Already updated today (2025-12-14 03:00:03)
[2025-12-14 16:30:19]   [emp_id: 5006] SKIPPED: Already updated today (2025-12-14 03:00:03)
[2025-12-14 16:30:19]   [emp_id: 5011] SKIPPED: Already updated today (2025-12-14 03:00:03)
[2025-12-14 16:30:19]   [emp_id: 5013] SKIPPED: Already updated today (2025-12-14 03:00:03)
[2025-12-14 16:30:19]   [emp_id: 5018] SKIPPED: Already updated today (2025-12-14 03:00:03)
[2025-12-14 16:30:19]   [emp_id: 5021] SKIPPED: Already updated today (2025-12-14 03:00:03)
[2025-12-14 16:30:19]   [emp_id: 5021] SKIPPED: Already updated today (2025-12-14 03:00:03)
[2025-12-14 16:30:19]   [emp_id: 5024] SKIPPED: Already updated today (2025-12-14 03:00:03)
[2025-12-14 16:30:19]   [emp_id: 5030] SKIPPED: Already updated today (2025-12-14 03:00:03)
[2025-12-14 16:30:19]   [emp_id: 5033] SKIPPED: Already updated today (2025-12-14 03:00:03)
[2025-12-14 16:30:19]   [emp_id: 5043] SKIPPED: Already updated today (2025-12-14 03:00:03)
[2025-12-14 16:30:19]   [emp_id: 5045] SKIPPED: Already updated today (2025-12-14 03:00:03)
[2025-12-14 16:30:19]   [emp_id: 5046] SKIPPED: Already updated today (2025-12-14 03:00:03)
[2025-12-14 16:30:19]   [emp_id: 5049] SKIPPED: Already updated today (2025-12-14 03:00:03)
[2025-12-14 16:30:19]   [emp_id: 5052] SKIPPED: Already updated today (2025-12-14 03:00:03)
[2025-12-14 16:30:19]   [emp_id: 5055] SKIPPED: Already updated today (2025-12-14 03:00:03)
[2025-12-14 16:30:19]   [emp_id: 5058] SKIPPED: Already updated today (2025-12-14 03:00:03)
[2025-12-14 16:30:19]   [emp_id: 5062] SKIPPED: Already updated today (2025-12-14 03:00:03)
[2025-12-14 16:30:19]   [emp_id: 5064] SKIPPED: Already updated today (2025-12-14 03:00:03)
[2025-12-14 16:30:19]   [emp_id: 5065] SKIPPED: Already updated today (2025-12-14 03:00:03)
[2025-12-14 16:30:19]   [emp_id: 5071] SKIPPED: Already updated today (2025-12-14 03:00:03)
[2025-12-14 16:30:19]   [emp_id: 5073] SKIPPED: Already updated today (2025-12-14 03:00:03)
[2025-12-14 16:30:19]   [emp_id: 5079] SKIPPED: Already updated today (2025-12-14 03:00:03)
[2025-12-14 16:30:19]   [emp_id: 5080] SKIPPED: Already updated today (2025-12-14 03:00:03)
[2025-12-14 16:30:19]   [emp_id: 5081] SKIPPED: Already updated today (2025-12-14 03:00:03)
[2025-12-14 16:30:19]   [emp_id: 5087] SKIPPED: Already updated today (2025-12-14 03:00:03)
[2025-12-14 16:30:19]   [emp_id: 5091] SKIPPED: Already updated today (2025-12-14 03:00:03)
[2025-12-14 16:30:19]   [emp_id: 5093] SKIPPED: Already updated today (2025-12-14 03:00:03)
[2025-12-14 16:30:19]   [emp_id: 5095] SKIPPED: Already updated today (2025-12-14 03:00:03)
[2025-12-14 16:30:19]   [emp_id: 5101] SKIPPED: Already updated today (2025-12-14 03:00:03)
[2025-12-14 16:30:19]   [emp_id: 5107] SKIPPED: Already updated today (2025-12-14 03:00:03)
[2025-12-14 16:30:19]   [emp_id: 5109] SKIPPED: Already updated today (2025-12-14 03:00:03)
[2025-12-14 16:30:19]   [emp_id: 5119] SKIPPED: Already updated today (2025-12-14 03:00:03)
[2025-12-14 16:30:19]   [emp_id: 5122] SKIPPED: Already updated today (2025-12-14 03:00:03)
[2025-12-14 16:30:19]   [emp_id: 5126] SKIPPED: Already updated today (2025-12-14 03:00:03)
[2025-12-14 16:30:19]   [emp_id: 5127] SKIPPED: Already updated today (2025-12-14 03:00:03)
[2025-12-14 16:30:19]   [emp_id: 5128] SKIPPED: Already updated today (2025-12-14 03:00:03)
[2025-12-14 16:30:19]   [emp_id: 5138] SKIPPED: Already updated today (2025-12-14 03:00:03)
[2025-12-14 16:30:19]   [emp_id: 5138] SKIPPED: Already updated today (2025-12-14 03:00:03)
[2025-12-14 16:30:19]   [emp_id: 5141] SKIPPED: Already updated today (2025-12-14 03:00:03)
[2025-12-14 16:30:19]   [emp_id: 5142] SKIPPED: Already updated today (2025-12-14 03:00:03)
[2025-12-14 16:30:19]   [emp_id: 5146] SKIPPED: Already updated today (2025-12-14 03:00:03)
[2025-12-14 16:30:19]   [emp_id: 5147] SKIPPED: Already updated today (2025-12-14 03:00:03)
[2025-12-14 16:30:19]   [emp_id: 5148] SKIPPED: Already updated today (2025-12-14 03:00:03)
[2025-12-14 16:30:19]   [emp_id: 5149] SKIPPED: Already updated today (2025-12-14 03:00:03)
[2025-12-14 16:30:19]   [emp_id: 5150] SKIPPED: Already updated today (2025-12-14 03:00:03)
[2025-12-14 16:30:19]   [emp_id: 5151] SKIPPED: Already updated today (2025-12-14 03:00:03)
[2025-12-14 16:30:19]   [emp_id: 5152] SKIPPED: Already updated today (2025-12-14 03:00:03)
[2025-12-14 16:30:19]   [emp_id: 5157] SKIPPED: Already updated today (2025-12-14 03:00:03)
[2025-12-14 16:30:19]   [emp_id: 5160] SKIPPED: Already updated today (2025-12-14 03:00:03)
[2025-12-14 16:30:19]   [emp_id: 5163] SKIPPED: Already updated today (2025-12-14 03:00:03)
[2025-12-14 16:30:19]   [emp_id: 5165] SKIPPED: Already updated today (2025-12-14 03:00:03)
[2025-12-14 16:30:19]   [emp_id: 5167] SKIPPED: Already updated today (2025-12-14 03:00:03)
[2025-12-14 16:30:19]   [emp_id: 5168] SKIPPED: Already updated today (2025-12-14 03:00:03)
[2025-12-14 16:30:19]   [emp_id: 5173] SKIPPED: Already updated today (2025-12-14 03:00:03)
[2025-12-14 16:30:19]   [emp_id: 5174] SKIPPED: Already updated today (2025-12-14 03:00:03)
[2025-12-14 16:30:19]   [emp_id: 5181] SKIPPED: Already updated today (2025-12-14 03:00:03)
[2025-12-14 16:30:19]   [emp_id: 5186] SKIPPED: Already updated today (2025-12-14 03:00:03)
[2025-12-14 16:30:19]   [emp_id: 5187] SKIPPED: Already updated today (2025-12-14 03:00:03)
[2025-12-14 16:30:19]   [emp_id: 5204] SKIPPED: Already updated today (2025-12-14 03:00:03)
[2025-12-14 16:30:19]   [emp_id: 5205] SKIPPED: Already updated today (2025-12-14 03:00:03)
[2025-12-14 16:30:19]   [emp_id: 5209] SKIPPED: Already updated today (2025-12-14 03:00:03)
[2025-12-14 16:30:19]   [emp_id: 5213] SKIPPED: Already updated today (2025-12-14 03:00:03)
[2025-12-14 16:30:19]   [emp_id: 5214] SKIPPED: Already updated today (2025-12-14 03:00:03)
[2025-12-14 16:30:19]   [emp_id: 5215] SKIPPED: Already updated today (2025-12-14 03:00:03)
[2025-12-14 16:30:19]   [emp_id: 5217] SKIPPED: Already updated today (2025-12-14 03:00:03)
[2025-12-14 16:30:19]   [emp_id: 5219] SKIPPED: Already updated today (2025-12-14 03:00:03)
[2025-12-14 16:30:19]   [emp_id: 5221] SKIPPED: Already updated today (2025-12-14 03:00:03)
[2025-12-14 16:30:19]   [emp_id: 5224] SKIPPED: Already updated today (2025-12-14 03:00:03)
[2025-12-14 16:30:19]   [emp_id: 5225] SKIPPED: Already updated today (2025-12-14 03:00:03)
[2025-12-14 16:30:19]   [emp_id: 5228] SKIPPED: Already updated today (2025-12-14 03:00:03)
[2025-12-14 16:30:19]   [emp_id: 5229] SKIPPED: Already updated today (2025-12-14 03:00:03)
[2025-12-14 16:30:19]   [emp_id: 5230] SKIPPED: Already updated today (2025-12-14 18:55:23)
[2025-12-14 16:30:19]   [emp_id: 5231] SKIPPED: Already updated today (2025-12-14 03:00:03)
[2025-12-14 16:30:19]   [emp_id: 5232] SKIPPED: Already updated today (2025-12-14 03:00:03)
[2025-12-14 16:30:19]   [emp_id: 5233] SKIPPED: Already updated today (2025-12-14 03:00:03)
[2025-12-14 16:30:19]   [emp_id: 5234] SKIPPED: Already updated today (2025-12-14 03:00:03)
[2025-12-14 16:30:19]   [emp_id: 5235] SKIPPED: Already updated today (2025-12-14 13:56:02)
[2025-12-14 16:30:19]   [emp_id: 5237] SKIPPED: Already updated today (2025-12-14 03:00:03)
[2025-12-14 16:30:19]   [emp_id: 5238] SKIPPED: Already updated today (2025-12-14 03:00:03)
[2025-12-14 16:30:19]   [emp_id: 5239] SKIPPED: Already updated today (2025-12-14 03:00:03)
[2025-12-14 16:30:19]   [emp_id: 5241] SKIPPED: Already updated today (2025-12-14 03:00:03)
[2025-12-14 16:30:19]   [emp_id: 5242] SKIPPED: Already updated today (2025-12-14 03:00:03)
[2025-12-14 16:30:19]   [emp_id: 5243] SKIPPED: Already updated today (2025-12-14 03:00:03)
[2025-12-14 16:30:19]   [emp_id: 5244] SKIPPED: Already updated today (2025-12-14 16:32:07)
[2025-12-14 16:30:19]   [emp_id: 5246] SKIPPED: Already updated today (2025-12-14 03:00:03)
[2025-12-14 16:30:19]   [emp_id: 5253] SKIPPED: Already updated today (2025-12-14 03:00:03)
[2025-12-14 16:30:19]   [emp_id: 5254] SKIPPED: Already updated today (2025-12-14 03:00:03)
[2025-12-14 16:30:19]   [emp_id: 5257] SKIPPED: Already updated today (2025-12-14 03:00:03)
[2025-12-14 16:30:19]   [emp_id: 5259] SKIPPED: Already updated today (2025-12-14 03:00:03)
[2025-12-14 16:30:19]   [emp_id: 5261] SKIPPED: Already updated today (2025-12-14 03:00:03)
[2025-12-14 16:30:19]   [emp_id: 5264] SKIPPED: Already updated today (2025-12-14 03:00:03)
[2025-12-14 16:30:19]   [emp_id: 5266] SKIPPED: Already updated today (2025-12-14 16:31:34)
[2025-12-14 16:30:19]   [emp_id: 5268] SKIPPED: Already updated today (2025-12-14 03:00:04)
[2025-12-14 16:30:19]   [emp_id: 5271] SKIPPED: Already updated today (2025-12-14 03:00:04)
[2025-12-14 16:30:19]   [emp_id: 5272] SKIPPED: Already updated today (2025-12-14 03:00:04)
[2025-12-14 16:30:19]   [emp_id: 5273] SKIPPED: Already updated today (2025-12-14 03:00:04)
[2025-12-14 16:30:19]   [emp_id: 5275] SKIPPED: Already updated today (2025-12-14 03:00:04)
[2025-12-14 16:30:19]   [emp_id: 5276] SKIPPED: Already updated today (2025-12-14 03:00:04)
[2025-12-14 16:30:19]   [emp_id: 5278] SKIPPED: Already updated today (2025-12-14 03:00:04)
[2025-12-14 16:30:19]   [emp_id: 5280] SKIPPED: Already updated today (2025-12-14 03:00:04)
[2025-12-14 16:30:19]   [emp_id: 5282] SKIPPED: Already updated today (2025-12-14 03:00:04)
[2025-12-14 16:30:19]   [emp_id: 5285] SKIPPED: Already updated today (2025-12-14 03:00:04)
[2025-12-14 16:30:19]   [emp_id: 5286] SKIPPED: Already updated today (2025-12-14 03:00:04)
[2025-12-14 16:30:19]   [emp_id: 5287] SKIPPED: Already updated today (2025-12-14 03:00:04)
[2025-12-14 16:30:19]   [emp_id: 5288] SKIPPED: Already updated today (2025-12-14 03:00:04)
[2025-12-14 16:30:19]   [emp_id: 5289] SKIPPED: Already updated today (2025-12-14 03:00:04)
[2025-12-14 16:30:19]   [emp_id: 5290] SKIPPED: Already updated today (2025-12-14 03:00:04)
[2025-12-14 16:30:19]   [emp_id: 5291] SKIPPED: Already updated today (2025-12-14 03:00:04)
[2025-12-14 16:30:19]   [emp_id: 5292] SKIPPED: Already updated today (2025-12-14 03:00:04)
[2025-12-14 16:30:19]   [emp_id: 5293] SKIPPED: Already updated today (2025-12-14 03:00:04)
[2025-12-14 16:30:19]   [emp_id: 5294] SKIPPED: Already updated today (2025-12-14 03:00:04)
[2025-12-14 16:30:19]   [emp_id: 5295] SKIPPED: Already updated today (2025-12-14 03:00:04)
[2025-12-14 16:30:19]   [emp_id: 5296] SKIPPED: Already updated today (2025-12-14 03:00:04)
[2025-12-14 16:30:19]   [emp_id: 5297] SKIPPED: Already updated today (2025-12-14 03:00:04)
[2025-12-14 16:30:19]   [emp_id: 5298] SKIPPED: Already updated today (2025-12-14 03:00:04)
[2025-12-14 16:30:19]   [emp_id: 5299] SKIPPED: Already updated today (2025-12-14 03:00:04)
[2025-12-14 16:30:19]   [emp_id: 5300] SKIPPED: Already updated today (2025-12-14 03:00:04)
[2025-12-14 16:30:19]   [emp_id: 5301] SKIPPED: Already updated today (2025-12-14 03:00:04)
[2025-12-14 16:30:19]   [emp_id: 5303] SKIPPED: Already updated today (2025-12-14 03:00:04)
[2025-12-14 16:30:19]   [emp_id: 5304] SKIPPED: Already updated today (2025-12-14 03:00:04)
[2025-12-14 16:30:19]   [emp_id: 5305] SKIPPED: Already updated today (2025-12-14 03:00:04)
[2025-12-14 16:30:19]   [emp_id: 5306] SKIPPED: Already updated today (2025-12-14 03:00:04)
[2025-12-14 16:30:19]   [emp_id: 5307] SKIPPED: Already updated today (2025-12-14 03:00:04)
[2025-12-14 16:30:19]   [emp_id: 5312] SKIPPED: Already updated today (2025-12-14 13:39:48)
[2025-12-14 16:30:19]   [emp_id: 5318] SKIPPED: Already updated today (2025-12-14 03:00:04)
[2025-12-14 16:30:19]   [emp_id: 5325] SKIPPED: Already updated today (2025-12-14 03:00:04)
[2025-12-14 16:30:19]   [emp_id: 5327] SKIPPED: Already updated today (2025-12-14 03:00:04)
[2025-12-14 16:30:19]   [emp_id: 5331] SKIPPED: Already updated today (2025-12-14 03:00:04)
[2025-12-14 16:30:19]   [emp_id: 5337] SKIPPED: Already updated today (2025-12-14 03:00:04)
[2025-12-14 16:30:19]   [emp_id: 5339] SKIPPED: Already updated today (2025-12-14 03:00:04)
[2025-12-14 16:30:19]   [emp_id: 5343] SKIPPED: Already updated today (2025-12-14 03:00:04)
[2025-12-14 16:30:19]   [emp_id: 5343] SKIPPED: Already updated today (2025-12-14 03:00:04)
[2025-12-14 16:30:19]   [emp_id: 5345] SKIPPED: Already updated today (2025-12-14 03:00:04)
[2025-12-14 16:30:19]   [emp_id: 5346] SKIPPED: Already updated today (2025-12-14 03:00:04)
[2025-12-14 16:30:19]   [emp_id: 5351] SKIPPED: Already updated today (2025-12-14 03:00:04)
[2025-12-14 16:30:19]   [emp_id: 5352] SKIPPED: Already updated today (2025-12-14 03:00:04)
[2025-12-14 16:30:19]   [emp_id: 5370] SKIPPED: Already updated today (2025-12-14 03:00:04)
[2025-12-14 16:30:19]   [emp_id: 5371] SKIPPED: Already updated today (2025-12-14 03:00:04)
[2025-12-14 16:30:19]   [emp_id: 5376] SKIPPED: Already updated today (2025-12-14 03:00:04)
[2025-12-14 16:30:19]   [emp_id: 5378] SKIPPED: Already updated today (2025-12-14 03:00:04)
[2025-12-14 16:30:19]   [emp_id: 5380] SKIPPED: Already updated today (2025-12-14 03:00:04)
[2025-12-14 16:30:19]   [emp_id: 5381] SKIPPED: Already updated today (2025-12-14 03:00:04)
[2025-12-14 16:30:19]   [emp_id: 5383] SKIPPED: Already updated today (2025-12-14 03:00:04)
[2025-12-14 16:30:19]   [emp_id: 5388] SKIPPED: Already updated today (2025-12-14 03:00:04)
[2025-12-14 16:30:19]   [emp_id: 5392] SKIPPED: Already updated today (2025-12-14 03:00:04)
[2025-12-14 16:30:19]   [emp_id: 5396] SKIPPED: Already updated today (2025-12-14 03:00:04)
[2025-12-14 16:30:19]   [emp_id: 5397] SKIPPED: Already updated today (2025-12-14 03:00:04)
[2025-12-14 16:30:19]   [emp_id: 5401] SKIPPED: Already updated today (2025-12-14 03:00:04)
[2025-12-14 16:30:19]   [emp_id: 5402] SKIPPED: Already updated today (2025-12-14 03:00:04)
[2025-12-14 16:30:19]   [emp_id: 5406] SKIPPED: Already updated today (2025-12-14 03:00:04)
[2025-12-14 16:30:19]   [emp_id: 5407] SKIPPED: Already updated today (2025-12-14 03:00:04)
[2025-12-14 16:30:19]   [emp_id: 5408] SKIPPED: Already updated today (2025-12-14 03:00:04)
[2025-12-14 16:30:19]   [emp_id: 5409] SKIPPED: Already updated today (2025-12-14 03:00:04)
[2025-12-14 16:30:19]   [emp_id: 5413] SKIPPED: Already updated today (2025-12-14 03:00:04)
[2025-12-14 16:30:19]   [emp_id: 5414] SKIPPED: Already updated today (2025-12-14 03:00:04)
[2025-12-14 16:30:19]   [emp_id: 5415] SKIPPED: Already updated today (2025-12-14 03:00:04)
[2025-12-14 16:30:19]   [emp_id: 5418] SKIPPED: Already updated today (2025-12-14 03:00:04)
[2025-12-14 16:30:19]   [emp_id: 5422] SKIPPED: Already updated today (2025-12-14 03:00:04)
[2025-12-14 16:30:19]   [emp_id: 5423] SKIPPED: Already updated today (2025-12-14 03:00:04)
[2025-12-14 16:30:19]   [emp_id: 5423] SKIPPED: Already updated today (2025-12-14 03:00:04)
[2025-12-14 16:30:19]   [emp_id: 5423] SKIPPED: Already updated today (2025-12-14 03:00:04)
[2025-12-14 16:30:19]   [emp_id: 5424] SKIPPED: Already updated today (2025-12-14 03:00:04)
[2025-12-14 16:30:19]   [emp_id: 5425] SKIPPED: Already updated today (2025-12-14 03:00:04)
[2025-12-14 16:30:19]   [emp_id: 5426] SKIPPED: Already updated today (2025-12-14 03:00:04)
[2025-12-14 16:30:19]   [emp_id: 5426] SKIPPED: Already updated today (2025-12-14 13:54:43)
[2025-12-14 16:30:19]   [emp_id: 5427] SKIPPED: Already updated today (2025-12-14 03:00:04)
[2025-12-14 16:30:19]   [emp_id: 5428] SKIPPED: Already updated today (2025-12-14 03:00:04)
[2025-12-14 16:30:19]   [emp_id: 5430] SKIPPED: Already updated today (2025-12-14 03:00:04)
[2025-12-14 16:30:19]   [emp_id: 5431] SKIPPED: Already updated today (2025-12-14 03:00:04)
[2025-12-14 16:30:19]   [emp_id: 5434] SKIPPED: Already updated today (2025-12-14 03:00:04)
[2025-12-14 16:30:19]   [emp_id: 5435] SKIPPED: Already updated today (2025-12-14 03:00:04)
[2025-12-14 16:30:19]   [emp_id: 5436] SKIPPED: Already updated today (2025-12-14 03:00:04)
[2025-12-14 16:30:19]   [emp_id: 5438] SKIPPED: Already updated today (2025-12-14 03:00:04)
[2025-12-14 16:30:19]   [emp_id: 5439] SKIPPED: Already updated today (2025-12-14 03:00:04)
[2025-12-14 16:30:19]   [emp_id: 5442] SKIPPED: Already updated today (2025-12-14 03:00:04)
[2025-12-14 16:30:19]   [emp_id: 5443] SKIPPED: Already updated today (2025-12-14 03:00:04)
[2025-12-14 16:30:19]   [emp_id: 5445] SKIPPED: Already updated today (2025-12-14 03:00:04)
[2025-12-14 16:30:19]   [emp_id: 5446] SKIPPED: Already updated today (2025-12-14 03:00:04)
[2025-12-14 16:30:19]   [emp_id: 5447] SKIPPED: Already updated today (2025-12-14 03:00:04)
[2025-12-14 16:30:19]   [emp_id: 5448] SKIPPED: Already updated today (2025-12-14 03:00:04)
[2025-12-14 16:30:19]   [emp_id: 5449] SKIPPED: Already updated today (2025-12-14 03:00:04)
[2025-12-14 16:30:19]   [emp_id: 5450] SKIPPED: Already updated today (2025-12-14 03:00:04)
[2025-12-14 16:30:19]   [emp_id: 5451] SKIPPED: Already updated today (2025-12-14 03:00:04)
[2025-12-14 16:30:19]   [emp_id: 5454] SKIPPED: Already updated today (2025-12-14 03:00:04)
[2025-12-14 16:30:19]   [emp_id: 5455] SKIPPED: Already updated today (2025-12-14 03:00:04)
[2025-12-14 16:30:19]   [emp_id: 5456] SKIPPED: Already updated today (2025-12-14 03:00:04)
[2025-12-14 16:30:19] 
[2025-12-14 16:30:19] ========== SUMMARY ==========
[2025-12-14 16:30:19] Total employees processed: 438
[2025-12-14 16:30:19] Records updated: 0
[2025-12-14 16:30:19] Balances changed: 0
[2025-12-14 16:30:19] Errors: 0
[2025-12-14 16:30:19] ========== CRON: Vacation Balance Update Completed ==========
[2025-12-14 16:30:19] 
[2025-12-14 16:30:23] ========== CRON: Vacation Balance Update Started ==========
[2025-12-14 16:30:23] Database connection established
[2025-12-14 16:30:23] Found 438 active employees with balance records to update
[2025-12-14 16:30:23] (Only employees with status=1 will be processed)
[2025-12-14 16:30:23]   [emp_id: 1061] SKIPPED: Already updated today (2025-12-14 03:00:01)
[2025-12-14 16:30:23]   [emp_id: 1496] SKIPPED: Already updated today (2025-12-14 03:00:01)
[2025-12-14 16:30:23]   [emp_id: 1500] SKIPPED: Already updated today (2025-12-14 03:00:01)
[2025-12-14 16:30:23]   [emp_id: 1574] SKIPPED: Already updated today (2025-12-14 03:00:01)
[2025-12-14 16:30:23]   [emp_id: 1673] SKIPPED: Already updated today (2025-12-14 03:00:01)
[2025-12-14 16:30:23]   [emp_id: 1685] SKIPPED: Already updated today (2025-12-14 03:00:01)
[2025-12-14 16:30:23]   [emp_id: 1764] SKIPPED: Already updated today (2025-12-14 03:00:01)
[2025-12-14 16:30:23]   [emp_id: 1805] SKIPPED: Already updated today (2025-12-14 03:00:01)
[2025-12-14 16:30:23]   [emp_id: 1822] SKIPPED: Already updated today (2025-12-14 03:00:01)
[2025-12-14 16:30:23]   [emp_id: 1837] SKIPPED: Already updated today (2025-12-14 03:00:01)
[2025-12-14 16:30:23]   [emp_id: 1857] SKIPPED: Already updated today (2025-12-14 03:00:01)
[2025-12-14 16:30:23]   [emp_id: 1861] SKIPPED: Already updated today (2025-12-14 03:00:02)
[2025-12-14 16:30:23]   [emp_id: 1872] SKIPPED: Already updated today (2025-12-14 03:00:02)
[2025-12-14 16:30:23]   [emp_id: 1897] SKIPPED: Already updated today (2025-12-14 03:00:02)
[2025-12-14 16:30:23]   [emp_id: 1916] SKIPPED: Already updated today (2025-12-14 03:00:02)
[2025-12-14 16:30:23]   [emp_id: 1928] SKIPPED: Already updated today (2025-12-14 03:00:02)
[2025-12-14 16:30:23]   [emp_id: 1931] SKIPPED: Already updated today (2025-12-14 03:00:02)
[2025-12-14 16:30:23]   [emp_id: 1944] SKIPPED: Already updated today (2025-12-14 03:00:02)
[2025-12-14 16:30:23]   [emp_id: 1996] SKIPPED: Already updated today (2025-12-14 03:00:02)
[2025-12-14 16:30:23]   [emp_id: 1997] SKIPPED: Already updated today (2025-12-14 03:00:02)
[2025-12-14 16:30:23]   [emp_id: 1998] SKIPPED: Already updated today (2025-12-14 03:00:02)
[2025-12-14 16:30:23]   [emp_id: 1999] SKIPPED: Already updated today (2025-12-14 03:00:02)
[2025-12-14 16:30:23]   [emp_id: 2009] SKIPPED: Already updated today (2025-12-14 03:00:02)
[2025-12-14 16:30:23]   [emp_id: 2048] SKIPPED: Already updated today (2025-12-14 03:00:02)
[2025-12-14 16:30:23]   [emp_id: 2057] SKIPPED: Already updated today (2025-12-14 03:00:02)
[2025-12-14 16:30:23]   [emp_id: 2079] SKIPPED: Already updated today (2025-12-14 03:00:02)
[2025-12-14 16:30:23]   [emp_id: 2181] SKIPPED: Already updated today (2025-12-14 03:00:02)
[2025-12-14 16:30:23]   [emp_id: 2190] SKIPPED: Already updated today (2025-12-14 03:00:02)
[2025-12-14 16:30:23]   [emp_id: 2212] SKIPPED: Already updated today (2025-12-14 03:00:02)
[2025-12-14 16:30:23]   [emp_id: 2226] SKIPPED: Already updated today (2025-12-14 03:00:02)
[2025-12-14 16:30:23]   [emp_id: 2238] SKIPPED: Already updated today (2025-12-14 03:00:02)
[2025-12-14 16:30:23]   [emp_id: 2285] SKIPPED: Already updated today (2025-12-14 03:00:02)
[2025-12-14 16:30:23]   [emp_id: 2287] SKIPPED: Already updated today (2025-12-14 03:00:02)
[2025-12-14 16:30:23]   [emp_id: 2288] SKIPPED: Already updated today (2025-12-14 03:00:02)
[2025-12-14 16:30:23]   [emp_id: 2290] SKIPPED: Already updated today (2025-12-14 03:00:02)
[2025-12-14 16:30:23]   [emp_id: 2316] SKIPPED: Already updated today (2025-12-14 03:00:02)
[2025-12-14 16:30:23]   [emp_id: 2337] SKIPPED: Already updated today (2025-12-14 03:00:02)
[2025-12-14 16:30:23]   [emp_id: 2352] SKIPPED: Already updated today (2025-12-14 03:00:02)
[2025-12-14 16:30:23]   [emp_id: 2358] SKIPPED: Already updated today (2025-12-14 03:00:02)
[2025-12-14 16:30:23]   [emp_id: 2361] SKIPPED: Already updated today (2025-12-14 03:00:02)
[2025-12-14 16:30:23]   [emp_id: 2363] SKIPPED: Already updated today (2025-12-14 03:00:02)
[2025-12-14 16:30:23]   [emp_id: 2364] SKIPPED: Already updated today (2025-12-14 03:00:02)
[2025-12-14 16:30:23]   [emp_id: 2367] SKIPPED: Already updated today (2025-12-14 03:00:02)
[2025-12-14 16:30:23]   [emp_id: 2368] SKIPPED: Already updated today (2025-12-14 03:00:02)
[2025-12-14 16:30:23]   [emp_id: 2372] SKIPPED: Already updated today (2025-12-14 03:00:02)
[2025-12-14 16:30:23]   [emp_id: 2376] SKIPPED: Already updated today (2025-12-14 03:00:02)
[2025-12-14 16:30:23]   [emp_id: 2423] SKIPPED: Already updated today (2025-12-14 03:00:02)
[2025-12-14 16:30:23]   [emp_id: 2519] SKIPPED: Already updated today (2025-12-14 03:00:02)
[2025-12-14 16:30:23]   [emp_id: 2522] SKIPPED: Already updated today (2025-12-14 03:00:02)
[2025-12-14 16:30:23]   [emp_id: 2530] SKIPPED: Already updated today (2025-12-14 03:00:02)
[2025-12-14 16:30:23]   [emp_id: 2539] SKIPPED: Already updated today (2025-12-14 03:00:02)
[2025-12-14 16:30:23]   [emp_id: 2541] SKIPPED: Already updated today (2025-12-14 03:00:02)
[2025-12-14 16:30:23]   [emp_id: 2550] SKIPPED: Already updated today (2025-12-14 03:00:02)
[2025-12-14 16:30:23]   [emp_id: 2553] SKIPPED: Already updated today (2025-12-14 03:00:02)
[2025-12-14 16:30:23]   [emp_id: 2554] SKIPPED: Already updated today (2025-12-14 03:00:02)
[2025-12-14 16:30:23]   [emp_id: 2565] SKIPPED: Already updated today (2025-12-14 03:00:02)
[2025-12-14 16:30:23]   [emp_id: 2572] SKIPPED: Already updated today (2025-12-14 03:00:02)
[2025-12-14 16:30:23]   [emp_id: 2637] SKIPPED: Already updated today (2025-12-14 03:00:02)
[2025-12-14 16:30:23]   [emp_id: 2642] SKIPPED: Already updated today (2025-12-14 03:00:02)
[2025-12-14 16:30:23]   [emp_id: 2645] SKIPPED: Already updated today (2025-12-14 03:00:02)
[2025-12-14 16:30:23]   [emp_id: 2648] SKIPPED: Already updated today (2025-12-14 03:00:02)
[2025-12-14 16:30:23]   [emp_id: 2654] SKIPPED: Already updated today (2025-12-14 03:00:02)
[2025-12-14 16:30:23]   [emp_id: 2688] SKIPPED: Already updated today (2025-12-14 03:00:02)
[2025-12-14 16:30:23]   [emp_id: 2690] SKIPPED: Already updated today (2025-12-14 03:00:02)
[2025-12-14 16:30:23]   [emp_id: 2709] SKIPPED: Already updated today (2025-12-14 03:00:02)
[2025-12-14 16:30:23]   [emp_id: 2745] SKIPPED: Already updated today (2025-12-14 03:00:02)
[2025-12-14 16:30:23]   [emp_id: 2843] SKIPPED: Already updated today (2025-12-14 03:00:02)
[2025-12-14 16:30:23]   [emp_id: 2854] SKIPPED: Already updated today (2025-12-14 03:00:02)
[2025-12-14 16:30:23]   [emp_id: 2869] SKIPPED: Already updated today (2025-12-14 03:00:02)
[2025-12-14 16:30:23]   [emp_id: 2876] SKIPPED: Already updated today (2025-12-14 03:00:02)
[2025-12-14 16:30:23]   [emp_id: 2924] SKIPPED: Already updated today (2025-12-14 03:00:02)
[2025-12-14 16:30:23]   [emp_id: 2953] SKIPPED: Already updated today (2025-12-14 03:00:02)
[2025-12-14 16:30:23]   [emp_id: 2961] SKIPPED: Already updated today (2025-12-14 03:00:02)
[2025-12-14 16:30:23]   [emp_id: 2975] SKIPPED: Already updated today (2025-12-14 03:00:02)
[2025-12-14 16:30:23]   [emp_id: 3013] SKIPPED: Already updated today (2025-12-14 03:00:02)
[2025-12-14 16:30:23]   [emp_id: 3014] SKIPPED: Already updated today (2025-12-14 03:00:02)
[2025-12-14 16:30:23]   [emp_id: 3015] SKIPPED: Already updated today (2025-12-14 03:00:02)
[2025-12-14 16:30:23]   [emp_id: 3018] SKIPPED: Already updated today (2025-12-14 03:00:02)
[2025-12-14 16:30:23]   [emp_id: 3025] SKIPPED: Already updated today (2025-12-14 03:00:02)
[2025-12-14 16:30:23]   [emp_id: 3037] SKIPPED: Already updated today (2025-12-14 03:00:02)
[2025-12-14 16:30:23]   [emp_id: 3047] SKIPPED: Already updated today (2025-12-14 03:00:02)
[2025-12-14 16:30:23]   [emp_id: 3061] SKIPPED: Already updated today (2025-12-14 03:00:02)
[2025-12-14 16:30:23]   [emp_id: 3062] SKIPPED: Already updated today (2025-12-14 03:00:02)
[2025-12-14 16:30:23]   [emp_id: 3074] SKIPPED: Already updated today (2025-12-14 03:00:02)
[2025-12-14 16:30:23]   [emp_id: 3089] SKIPPED: Already updated today (2025-12-14 03:00:02)
[2025-12-14 16:30:23]   [emp_id: 3090] SKIPPED: Already updated today (2025-12-14 03:00:02)
[2025-12-14 16:30:23]   [emp_id: 3091] SKIPPED: Already updated today (2025-12-14 03:00:02)
[2025-12-14 16:30:23]   [emp_id: 3092] SKIPPED: Already updated today (2025-12-14 03:00:02)
[2025-12-14 16:30:23]   [emp_id: 3105] SKIPPED: Already updated today (2025-12-14 03:00:02)
[2025-12-14 16:30:23]   [emp_id: 3134] SKIPPED: Already updated today (2025-12-14 03:00:02)
[2025-12-14 16:30:23]   [emp_id: 3140] SKIPPED: Already updated today (2025-12-14 03:00:02)
[2025-12-14 16:30:23]   [emp_id: 3144] SKIPPED: Already updated today (2025-12-14 03:00:02)
[2025-12-14 16:30:23]   [emp_id: 3156] SKIPPED: Already updated today (2025-12-14 03:00:02)
[2025-12-14 16:30:23]   [emp_id: 3162] SKIPPED: Already updated today (2025-12-14 03:00:02)
[2025-12-14 16:30:23]   [emp_id: 3163] SKIPPED: Already updated today (2025-12-14 03:00:02)
[2025-12-14 16:30:23]   [emp_id: 3198] SKIPPED: Already updated today (2025-12-14 03:00:02)
[2025-12-14 16:30:23]   [emp_id: 3205] SKIPPED: Already updated today (2025-12-14 03:00:02)
[2025-12-14 16:30:23]   [emp_id: 3209] SKIPPED: Already updated today (2025-12-14 03:00:02)
[2025-12-14 16:30:23]   [emp_id: 3223] SKIPPED: Already updated today (2025-12-14 03:00:02)
[2025-12-14 16:30:23]   [emp_id: 3224] SKIPPED: Already updated today (2025-12-14 03:00:02)
[2025-12-14 16:30:23]   [emp_id: 3230] SKIPPED: Already updated today (2025-12-14 03:00:02)
[2025-12-14 16:30:23]   [emp_id: 3231] SKIPPED: Already updated today (2025-12-14 03:00:02)
[2025-12-14 16:30:23]   [emp_id: 3233] SKIPPED: Already updated today (2025-12-14 03:00:02)
[2025-12-14 16:30:23]   [emp_id: 3249] SKIPPED: Already updated today (2025-12-14 03:00:02)
[2025-12-14 16:30:23]   [emp_id: 3250] SKIPPED: Already updated today (2025-12-14 03:00:02)
[2025-12-14 16:30:23]   [emp_id: 3252] SKIPPED: Already updated today (2025-12-14 03:00:02)
[2025-12-14 16:30:23]   [emp_id: 3254] SKIPPED: Already updated today (2025-12-14 03:00:02)
[2025-12-14 16:30:23]   [emp_id: 3255] SKIPPED: Already updated today (2025-12-14 03:00:02)
[2025-12-14 16:30:23]   [emp_id: 3256] SKIPPED: Already updated today (2025-12-14 03:00:02)
[2025-12-14 16:30:23]   [emp_id: 3263] SKIPPED: Already updated today (2025-12-14 03:00:02)
[2025-12-14 16:30:23]   [emp_id: 3265] SKIPPED: Already updated today (2025-12-14 03:00:02)
[2025-12-14 16:30:23]   [emp_id: 3280] SKIPPED: Already updated today (2025-12-14 03:00:02)
[2025-12-14 16:30:23]   [emp_id: 3286] SKIPPED: Already updated today (2025-12-14 03:00:02)
[2025-12-14 16:30:23]   [emp_id: 3294] SKIPPED: Already updated today (2025-12-14 03:00:02)
[2025-12-14 16:30:23]   [emp_id: 3321] SKIPPED: Already updated today (2025-12-14 03:00:02)
[2025-12-14 16:30:23]   [emp_id: 3325] SKIPPED: Already updated today (2025-12-14 03:00:02)
[2025-12-14 16:30:23]   [emp_id: 3329] SKIPPED: Already updated today (2025-12-14 03:00:02)
[2025-12-14 16:30:23]   [emp_id: 3330] SKIPPED: Already updated today (2025-12-14 03:00:02)
[2025-12-14 16:30:23]   [emp_id: 3332] SKIPPED: Already updated today (2025-12-14 03:00:02)
[2025-12-14 16:30:23]   [emp_id: 3370] SKIPPED: Already updated today (2025-12-14 03:00:02)
[2025-12-14 16:30:23]   [emp_id: 3384] SKIPPED: Already updated today (2025-12-14 03:00:02)
[2025-12-14 16:30:23]   [emp_id: 3386] SKIPPED: Already updated today (2025-12-14 03:00:02)
[2025-12-14 16:30:23]   [emp_id: 3431] SKIPPED: Already updated today (2025-12-14 03:00:02)
[2025-12-14 16:30:23]   [emp_id: 3497] SKIPPED: Already updated today (2025-12-14 03:00:02)
[2025-12-14 16:30:23]   [emp_id: 3532] SKIPPED: Already updated today (2025-12-14 03:00:02)
[2025-12-14 16:30:23]   [emp_id: 3586] SKIPPED: Already updated today (2025-12-14 03:00:02)
[2025-12-14 16:30:23]   [emp_id: 3602] SKIPPED: Already updated today (2025-12-14 03:00:02)
[2025-12-14 16:30:23]   [emp_id: 3618] SKIPPED: Already updated today (2025-12-14 03:00:02)
[2025-12-14 16:30:23]   [emp_id: 3622] SKIPPED: Already updated today (2025-12-14 03:00:02)
[2025-12-14 16:30:23]   [emp_id: 3627] SKIPPED: Already updated today (2025-12-14 03:00:02)
[2025-12-14 16:30:23]   [emp_id: 3665] SKIPPED: Already updated today (2025-12-14 03:00:02)
[2025-12-14 16:30:23]   [emp_id: 3705] SKIPPED: Already updated today (2025-12-14 03:00:02)
[2025-12-14 16:30:23]   [emp_id: 3724] SKIPPED: Already updated today (2025-12-14 03:00:02)
[2025-12-14 16:30:23]   [emp_id: 3726] SKIPPED: Already updated today (2025-12-14 03:00:02)
[2025-12-14 16:30:23]   [emp_id: 3727] SKIPPED: Already updated today (2025-12-14 03:00:02)
[2025-12-14 16:30:23]   [emp_id: 3728] SKIPPED: Already updated today (2025-12-14 03:00:02)
[2025-12-14 16:30:23]   [emp_id: 3742] SKIPPED: Already updated today (2025-12-14 03:00:02)
[2025-12-14 16:30:23]   [emp_id: 3767] SKIPPED: Already updated today (2025-12-14 03:00:02)
[2025-12-14 16:30:23]   [emp_id: 3768] SKIPPED: Already updated today (2025-12-14 03:00:02)
[2025-12-14 16:30:23]   [emp_id: 3787] SKIPPED: Already updated today (2025-12-14 03:00:02)
[2025-12-14 16:30:23]   [emp_id: 3790] SKIPPED: Already updated today (2025-12-14 03:00:02)
[2025-12-14 16:30:23]   [emp_id: 3795] SKIPPED: Already updated today (2025-12-14 03:00:02)
[2025-12-14 16:30:23]   [emp_id: 3798] SKIPPED: Already updated today (2025-12-14 03:00:02)
[2025-12-14 16:30:23]   [emp_id: 3801] SKIPPED: Already updated today (2025-12-14 03:00:02)
[2025-12-14 16:30:23]   [emp_id: 3802] SKIPPED: Already updated today (2025-12-14 03:00:02)
[2025-12-14 16:30:23]   [emp_id: 3803] SKIPPED: Already updated today (2025-12-14 03:00:02)
[2025-12-14 16:30:23]   [emp_id: 3810] SKIPPED: Already updated today (2025-12-14 03:00:02)
[2025-12-14 16:30:23]   [emp_id: 3812] SKIPPED: Already updated today (2025-12-14 03:00:02)
[2025-12-14 16:30:23]   [emp_id: 3815] SKIPPED: Already updated today (2025-12-14 03:00:02)
[2025-12-14 16:30:23]   [emp_id: 3836] SKIPPED: Already updated today (2025-12-14 03:00:02)
[2025-12-14 16:30:23]   [emp_id: 3855] SKIPPED: Already updated today (2025-12-14 03:00:02)
[2025-12-14 16:30:23]   [emp_id: 3857] SKIPPED: Already updated today (2025-12-14 03:00:02)
[2025-12-14 16:30:23]   [emp_id: 3862] SKIPPED: Already updated today (2025-12-14 03:00:02)
[2025-12-14 16:30:23]   [emp_id: 3866] SKIPPED: Already updated today (2025-12-14 03:00:02)
[2025-12-14 16:30:23]   [emp_id: 3876] SKIPPED: Already updated today (2025-12-14 03:00:02)
[2025-12-14 16:30:23]   [emp_id: 3877] SKIPPED: Already updated today (2025-12-14 03:00:02)
[2025-12-14 16:30:23]   [emp_id: 3897] SKIPPED: Already updated today (2025-12-14 03:00:02)
[2025-12-14 16:30:23]   [emp_id: 3899] SKIPPED: Already updated today (2025-12-14 03:00:02)
[2025-12-14 16:30:23]   [emp_id: 3928] SKIPPED: Already updated today (2025-12-14 03:00:02)
[2025-12-14 16:30:23]   [emp_id: 3929] SKIPPED: Already updated today (2025-12-14 03:00:02)
[2025-12-14 16:30:23]   [emp_id: 3935] SKIPPED: Already updated today (2025-12-14 03:00:02)
[2025-12-14 16:30:23]   [emp_id: 3952] SKIPPED: Already updated today (2025-12-14 03:00:02)
[2025-12-14 16:30:23]   [emp_id: 3987] SKIPPED: Already updated today (2025-12-14 03:00:02)
[2025-12-14 16:30:23]   [emp_id: 4059] SKIPPED: Already updated today (2025-12-14 03:00:02)
[2025-12-14 16:30:23]   [emp_id: 4119] SKIPPED: Already updated today (2025-12-14 03:00:02)
[2025-12-14 16:30:23]   [emp_id: 4120] SKIPPED: Already updated today (2025-12-14 03:00:02)
[2025-12-14 16:30:23]   [emp_id: 4124] SKIPPED: Already updated today (2025-12-14 03:00:02)
[2025-12-14 16:30:23]   [emp_id: 4133] SKIPPED: Already updated today (2025-12-14 03:00:02)
[2025-12-14 16:30:23]   [emp_id: 4134] SKIPPED: Already updated today (2025-12-14 03:00:02)
[2025-12-14 16:30:23]   [emp_id: 4136] SKIPPED: Already updated today (2025-12-14 03:00:02)
[2025-12-14 16:30:23]   [emp_id: 4150] SKIPPED: Already updated today (2025-12-14 03:00:02)
[2025-12-14 16:30:23]   [emp_id: 4157] SKIPPED: Already updated today (2025-12-14 03:00:03)
[2025-12-14 16:30:23]   [emp_id: 4172] SKIPPED: Already updated today (2025-12-14 03:00:03)
[2025-12-14 16:30:23]   [emp_id: 4195] SKIPPED: Already updated today (2025-12-14 03:00:03)
[2025-12-14 16:30:23]   [emp_id: 4215] SKIPPED: Already updated today (2025-12-14 03:00:03)
[2025-12-14 16:30:23]   [emp_id: 4220] SKIPPED: Already updated today (2025-12-14 03:00:03)
[2025-12-14 16:30:23]   [emp_id: 4273] SKIPPED: Already updated today (2025-12-14 03:00:03)
[2025-12-14 16:30:23]   [emp_id: 4283] SKIPPED: Already updated today (2025-12-14 03:00:03)
[2025-12-14 16:30:23]   [emp_id: 4288] SKIPPED: Already updated today (2025-12-14 03:00:03)
[2025-12-14 16:30:23]   [emp_id: 4315] SKIPPED: Already updated today (2025-12-14 03:00:03)
[2025-12-14 16:30:23]   [emp_id: 4328] SKIPPED: Already updated today (2025-12-14 03:00:03)
[2025-12-14 16:30:23]   [emp_id: 4329] SKIPPED: Already updated today (2025-12-14 03:00:03)
[2025-12-14 16:30:23]   [emp_id: 4338] SKIPPED: Already updated today (2025-12-14 03:00:03)
[2025-12-14 16:30:23]   [emp_id: 4340] SKIPPED: Already updated today (2025-12-14 03:00:03)
[2025-12-14 16:30:23]   [emp_id: 4365] SKIPPED: Already updated today (2025-12-14 03:00:03)
[2025-12-14 16:30:23]   [emp_id: 4366] SKIPPED: Already updated today (2025-12-14 03:00:03)
[2025-12-14 16:30:23]   [emp_id: 4403] SKIPPED: Already updated today (2025-12-14 03:00:03)
[2025-12-14 16:30:23]   [emp_id: 4438] SKIPPED: Already updated today (2025-12-14 03:00:03)
[2025-12-14 16:30:23]   [emp_id: 4465] SKIPPED: Already updated today (2025-12-14 03:00:03)
[2025-12-14 16:30:23]   [emp_id: 4473] SKIPPED: Already updated today (2025-12-14 03:00:03)
[2025-12-14 16:30:23]   [emp_id: 4474] SKIPPED: Already updated today (2025-12-14 03:00:03)
[2025-12-14 16:30:23]   [emp_id: 4493] SKIPPED: Already updated today (2025-12-14 03:00:03)
[2025-12-14 16:30:23]   [emp_id: 4526] SKIPPED: Already updated today (2025-12-14 03:00:03)
[2025-12-14 16:30:23]   [emp_id: 4528] SKIPPED: Already updated today (2025-12-14 03:00:03)
[2025-12-14 16:30:23]   [emp_id: 4528] SKIPPED: Already updated today (2025-12-14 03:00:03)
[2025-12-14 16:30:23]   [emp_id: 4532] SKIPPED: Already updated today (2025-12-14 03:00:03)
[2025-12-14 16:30:23]   [emp_id: 4533] SKIPPED: Already updated today (2025-12-14 03:00:03)
[2025-12-14 16:30:23]   [emp_id: 4564] SKIPPED: Already updated today (2025-12-14 03:00:03)
[2025-12-14 16:30:23]   [emp_id: 4565] SKIPPED: Already updated today (2025-12-14 03:00:03)
[2025-12-14 16:30:23]   [emp_id: 4567] SKIPPED: Already updated today (2025-12-14 03:00:03)
[2025-12-14 16:30:23]   [emp_id: 4572] SKIPPED: Already updated today (2025-12-14 03:00:03)
[2025-12-14 16:30:23]   [emp_id: 4631] SKIPPED: Already updated today (2025-12-14 03:00:03)
[2025-12-14 16:30:23]   [emp_id: 4655] SKIPPED: Already updated today (2025-12-14 03:00:03)
[2025-12-14 16:30:23]   [emp_id: 4689] SKIPPED: Already updated today (2025-12-14 03:00:03)
[2025-12-14 16:30:23]   [emp_id: 4709] SKIPPED: Already updated today (2025-12-14 03:00:03)
[2025-12-14 16:30:23]   [emp_id: 4717] SKIPPED: Already updated today (2025-12-14 03:00:03)
[2025-12-14 16:30:23]   [emp_id: 4736] SKIPPED: Already updated today (2025-12-14 03:00:03)
[2025-12-14 16:30:23]   [emp_id: 4756] SKIPPED: Already updated today (2025-12-14 03:00:03)
[2025-12-14 16:30:23]   [emp_id: 4768] SKIPPED: Already updated today (2025-12-14 03:00:03)
[2025-12-14 16:30:23]   [emp_id: 4780] SKIPPED: Already updated today (2025-12-14 03:00:03)
[2025-12-14 16:30:23]   [emp_id: 4820] SKIPPED: Already updated today (2025-12-14 03:00:03)
[2025-12-14 16:30:23]   [emp_id: 4825] SKIPPED: Already updated today (2025-12-14 03:00:03)
[2025-12-14 16:30:23]   [emp_id: 4835] SKIPPED: Already updated today (2025-12-14 03:00:03)
[2025-12-14 16:30:23]   [emp_id: 4837] SKIPPED: Already updated today (2025-12-14 03:00:03)
[2025-12-14 16:30:23]   [emp_id: 4838] SKIPPED: Already updated today (2025-12-14 03:00:03)
[2025-12-14 16:30:23]   [emp_id: 4840] SKIPPED: Already updated today (2025-12-14 03:00:03)
[2025-12-14 16:30:23]   [emp_id: 4842] SKIPPED: Already updated today (2025-12-14 03:00:03)
[2025-12-14 16:30:23]   [emp_id: 4843] SKIPPED: Already updated today (2025-12-14 03:00:03)
[2025-12-14 16:30:23]   [emp_id: 4853] SKIPPED: Already updated today (2025-12-14 03:00:03)
[2025-12-14 16:30:23]   [emp_id: 4856] SKIPPED: Already updated today (2025-12-14 03:00:03)
[2025-12-14 16:30:23]   [emp_id: 4857] SKIPPED: Already updated today (2025-12-14 03:00:03)
[2025-12-14 16:30:23]   [emp_id: 4858] SKIPPED: Already updated today (2025-12-14 03:00:03)
[2025-12-14 16:30:23]   [emp_id: 4859] SKIPPED: Already updated today (2025-12-14 03:00:03)
[2025-12-14 16:30:23]   [emp_id: 4860] SKIPPED: Already updated today (2025-12-14 03:00:03)
[2025-12-14 16:30:23]   [emp_id: 4861] SKIPPED: Already updated today (2025-12-14 03:00:03)
[2025-12-14 16:30:23]   [emp_id: 4869] SKIPPED: Already updated today (2025-12-14 03:00:03)
[2025-12-14 16:30:23]   [emp_id: 4894] SKIPPED: Already updated today (2025-12-14 03:00:03)
[2025-12-14 16:30:23]   [emp_id: 4897] SKIPPED: Already updated today (2025-12-14 03:00:03)
[2025-12-14 16:30:23]   [emp_id: 4899] SKIPPED: Already updated today (2025-12-14 03:00:03)
[2025-12-14 16:30:23]   [emp_id: 4902] SKIPPED: Already updated today (2025-12-14 03:00:03)
[2025-12-14 16:30:23]   [emp_id: 4903] SKIPPED: Already updated today (2025-12-14 03:00:03)
[2025-12-14 16:30:23]   [emp_id: 4905] SKIPPED: Already updated today (2025-12-14 03:00:03)
[2025-12-14 16:30:23]   [emp_id: 4907] SKIPPED: Already updated today (2025-12-14 03:00:03)
[2025-12-14 16:30:23]   [emp_id: 4917] SKIPPED: Already updated today (2025-12-14 03:00:03)
[2025-12-14 16:30:23]   [emp_id: 4918] SKIPPED: Already updated today (2025-12-14 03:00:03)
[2025-12-14 16:30:23]   [emp_id: 4919] SKIPPED: Already updated today (2025-12-14 03:00:03)
[2025-12-14 16:30:23]   [emp_id: 4920] SKIPPED: Already updated today (2025-12-14 03:00:03)
[2025-12-14 16:30:23]   [emp_id: 4921] SKIPPED: Already updated today (2025-12-14 03:00:03)
[2025-12-14 16:30:23]   [emp_id: 4927] SKIPPED: Already updated today (2025-12-14 03:00:03)
[2025-12-14 16:30:23]   [emp_id: 4929] SKIPPED: Already updated today (2025-12-14 03:00:03)
[2025-12-14 16:30:23]   [emp_id: 4930] SKIPPED: Already updated today (2025-12-14 03:00:03)
[2025-12-14 16:30:23]   [emp_id: 4932] SKIPPED: Already updated today (2025-12-14 03:00:03)
[2025-12-14 16:30:23]   [emp_id: 4933] SKIPPED: Already updated today (2025-12-14 03:00:03)
[2025-12-14 16:30:23]   [emp_id: 4949] SKIPPED: Already updated today (2025-12-14 03:00:03)
[2025-12-14 16:30:23]   [emp_id: 4956] SKIPPED: Already updated today (2025-12-14 03:00:03)
[2025-12-14 16:30:23]   [emp_id: 4957] SKIPPED: Already updated today (2025-12-14 03:00:03)
[2025-12-14 16:30:23]   [emp_id: 4962] SKIPPED: Already updated today (2025-12-14 03:00:03)
[2025-12-14 16:30:23]   [emp_id: 4969] SKIPPED: Already updated today (2025-12-14 03:00:03)
[2025-12-14 16:30:23]   [emp_id: 4976] SKIPPED: Already updated today (2025-12-14 03:00:03)
[2025-12-14 16:30:23]   [emp_id: 4984] SKIPPED: Already updated today (2025-12-14 03:00:03)
[2025-12-14 16:30:23]   [emp_id: 4995] SKIPPED: Already updated today (2025-12-14 03:00:03)
[2025-12-14 16:30:23]   [emp_id: 5004] SKIPPED: Already updated today (2025-12-14 03:00:03)
[2025-12-14 16:30:23]   [emp_id: 5006] SKIPPED: Already updated today (2025-12-14 03:00:03)
[2025-12-14 16:30:23]   [emp_id: 5011] SKIPPED: Already updated today (2025-12-14 03:00:03)
[2025-12-14 16:30:23]   [emp_id: 5013] SKIPPED: Already updated today (2025-12-14 03:00:03)
[2025-12-14 16:30:23]   [emp_id: 5018] SKIPPED: Already updated today (2025-12-14 03:00:03)
[2025-12-14 16:30:23]   [emp_id: 5021] SKIPPED: Already updated today (2025-12-14 03:00:03)
[2025-12-14 16:30:23]   [emp_id: 5021] SKIPPED: Already updated today (2025-12-14 03:00:03)
[2025-12-14 16:30:23]   [emp_id: 5024] SKIPPED: Already updated today (2025-12-14 03:00:03)
[2025-12-14 16:30:23]   [emp_id: 5030] SKIPPED: Already updated today (2025-12-14 03:00:03)
[2025-12-14 16:30:23]   [emp_id: 5033] SKIPPED: Already updated today (2025-12-14 03:00:03)
[2025-12-14 16:30:23]   [emp_id: 5043] SKIPPED: Already updated today (2025-12-14 03:00:03)
[2025-12-14 16:30:23]   [emp_id: 5045] SKIPPED: Already updated today (2025-12-14 03:00:03)
[2025-12-14 16:30:23]   [emp_id: 5046] SKIPPED: Already updated today (2025-12-14 03:00:03)
[2025-12-14 16:30:23]   [emp_id: 5049] SKIPPED: Already updated today (2025-12-14 03:00:03)
[2025-12-14 16:30:23]   [emp_id: 5052] SKIPPED: Already updated today (2025-12-14 03:00:03)
[2025-12-14 16:30:23]   [emp_id: 5055] SKIPPED: Already updated today (2025-12-14 03:00:03)
[2025-12-14 16:30:23]   [emp_id: 5058] SKIPPED: Already updated today (2025-12-14 03:00:03)
[2025-12-14 16:30:23]   [emp_id: 5062] SKIPPED: Already updated today (2025-12-14 03:00:03)
[2025-12-14 16:30:23]   [emp_id: 5064] SKIPPED: Already updated today (2025-12-14 03:00:03)
[2025-12-14 16:30:23]   [emp_id: 5065] SKIPPED: Already updated today (2025-12-14 03:00:03)
[2025-12-14 16:30:23]   [emp_id: 5071] SKIPPED: Already updated today (2025-12-14 03:00:03)
[2025-12-14 16:30:23]   [emp_id: 5073] SKIPPED: Already updated today (2025-12-14 03:00:03)
[2025-12-14 16:30:23]   [emp_id: 5079] SKIPPED: Already updated today (2025-12-14 03:00:03)
[2025-12-14 16:30:23]   [emp_id: 5080] SKIPPED: Already updated today (2025-12-14 03:00:03)
[2025-12-14 16:30:23]   [emp_id: 5081] SKIPPED: Already updated today (2025-12-14 03:00:03)
[2025-12-14 16:30:23]   [emp_id: 5087] SKIPPED: Already updated today (2025-12-14 03:00:03)
[2025-12-14 16:30:23]   [emp_id: 5091] SKIPPED: Already updated today (2025-12-14 03:00:03)
[2025-12-14 16:30:23]   [emp_id: 5093] SKIPPED: Already updated today (2025-12-14 03:00:03)
[2025-12-14 16:30:23]   [emp_id: 5095] SKIPPED: Already updated today (2025-12-14 03:00:03)
[2025-12-14 16:30:23]   [emp_id: 5101] SKIPPED: Already updated today (2025-12-14 03:00:03)
[2025-12-14 16:30:23]   [emp_id: 5107] SKIPPED: Already updated today (2025-12-14 03:00:03)
[2025-12-14 16:30:23]   [emp_id: 5109] SKIPPED: Already updated today (2025-12-14 03:00:03)
[2025-12-14 16:30:23]   [emp_id: 5119] SKIPPED: Already updated today (2025-12-14 03:00:03)
[2025-12-14 16:30:23]   [emp_id: 5122] SKIPPED: Already updated today (2025-12-14 03:00:03)
[2025-12-14 16:30:23]   [emp_id: 5126] SKIPPED: Already updated today (2025-12-14 03:00:03)
[2025-12-14 16:30:23]   [emp_id: 5127] SKIPPED: Already updated today (2025-12-14 03:00:03)
[2025-12-14 16:30:23]   [emp_id: 5128] SKIPPED: Already updated today (2025-12-14 03:00:03)
[2025-12-14 16:30:23]   [emp_id: 5138] SKIPPED: Already updated today (2025-12-14 03:00:03)
[2025-12-14 16:30:23]   [emp_id: 5138] SKIPPED: Already updated today (2025-12-14 03:00:03)
[2025-12-14 16:30:23]   [emp_id: 5141] SKIPPED: Already updated today (2025-12-14 03:00:03)
[2025-12-14 16:30:23]   [emp_id: 5142] SKIPPED: Already updated today (2025-12-14 03:00:03)
[2025-12-14 16:30:23]   [emp_id: 5146] SKIPPED: Already updated today (2025-12-14 03:00:03)
[2025-12-14 16:30:23]   [emp_id: 5147] SKIPPED: Already updated today (2025-12-14 03:00:03)
[2025-12-14 16:30:23]   [emp_id: 5148] SKIPPED: Already updated today (2025-12-14 03:00:03)
[2025-12-14 16:30:23]   [emp_id: 5149] SKIPPED: Already updated today (2025-12-14 03:00:03)
[2025-12-14 16:30:23]   [emp_id: 5150] SKIPPED: Already updated today (2025-12-14 03:00:03)
[2025-12-14 16:30:23]   [emp_id: 5151] SKIPPED: Already updated today (2025-12-14 03:00:03)
[2025-12-14 16:30:23]   [emp_id: 5152] SKIPPED: Already updated today (2025-12-14 03:00:03)
[2025-12-14 16:30:23]   [emp_id: 5157] SKIPPED: Already updated today (2025-12-14 03:00:03)
[2025-12-14 16:30:23]   [emp_id: 5160] SKIPPED: Already updated today (2025-12-14 03:00:03)
[2025-12-14 16:30:23]   [emp_id: 5163] SKIPPED: Already updated today (2025-12-14 03:00:03)
[2025-12-14 16:30:23]   [emp_id: 5165] SKIPPED: Already updated today (2025-12-14 03:00:03)
[2025-12-14 16:30:23]   [emp_id: 5167] SKIPPED: Already updated today (2025-12-14 03:00:03)
[2025-12-14 16:30:23]   [emp_id: 5168] SKIPPED: Already updated today (2025-12-14 03:00:03)
[2025-12-14 16:30:23]   [emp_id: 5173] SKIPPED: Already updated today (2025-12-14 03:00:03)
[2025-12-14 16:30:23]   [emp_id: 5174] SKIPPED: Already updated today (2025-12-14 03:00:03)
[2025-12-14 16:30:23]   [emp_id: 5181] SKIPPED: Already updated today (2025-12-14 03:00:03)
[2025-12-14 16:30:23]   [emp_id: 5186] SKIPPED: Already updated today (2025-12-14 03:00:03)
[2025-12-14 16:30:23]   [emp_id: 5187] SKIPPED: Already updated today (2025-12-14 03:00:03)
[2025-12-14 16:30:23]   [emp_id: 5204] SKIPPED: Already updated today (2025-12-14 03:00:03)
[2025-12-14 16:30:23]   [emp_id: 5205] SKIPPED: Already updated today (2025-12-14 03:00:03)
[2025-12-14 16:30:23]   [emp_id: 5209] SKIPPED: Already updated today (2025-12-14 03:00:03)
[2025-12-14 16:30:23]   [emp_id: 5213] SKIPPED: Already updated today (2025-12-14 03:00:03)
[2025-12-14 16:30:23]   [emp_id: 5214] SKIPPED: Already updated today (2025-12-14 03:00:03)
[2025-12-14 16:30:23]   [emp_id: 5215] SKIPPED: Already updated today (2025-12-14 03:00:03)
[2025-12-14 16:30:23]   [emp_id: 5217] SKIPPED: Already updated today (2025-12-14 03:00:03)
[2025-12-14 16:30:23]   [emp_id: 5219] SKIPPED: Already updated today (2025-12-14 03:00:03)
[2025-12-14 16:30:23]   [emp_id: 5221] SKIPPED: Already updated today (2025-12-14 03:00:03)
[2025-12-14 16:30:23]   [emp_id: 5224] SKIPPED: Already updated today (2025-12-14 03:00:03)
[2025-12-14 16:30:23]   [emp_id: 5225] SKIPPED: Already updated today (2025-12-14 03:00:03)
[2025-12-14 16:30:23]   [emp_id: 5228] SKIPPED: Already updated today (2025-12-14 03:00:03)
[2025-12-14 16:30:23]   [emp_id: 5229] SKIPPED: Already updated today (2025-12-14 03:00:03)
[2025-12-14 16:30:23]   [emp_id: 5230] SKIPPED: Already updated today (2025-12-14 18:55:23)
[2025-12-14 16:30:23]   [emp_id: 5231] SKIPPED: Already updated today (2025-12-14 03:00:03)
[2025-12-14 16:30:23]   [emp_id: 5232] SKIPPED: Already updated today (2025-12-14 03:00:03)
[2025-12-14 16:30:23]   [emp_id: 5233] SKIPPED: Already updated today (2025-12-14 03:00:03)
[2025-12-14 16:30:23]   [emp_id: 5234] SKIPPED: Already updated today (2025-12-14 03:00:03)
[2025-12-14 16:30:23]   [emp_id: 5235] SKIPPED: Already updated today (2025-12-14 13:56:02)
[2025-12-14 16:30:23]   [emp_id: 5237] SKIPPED: Already updated today (2025-12-14 03:00:03)
[2025-12-14 16:30:23]   [emp_id: 5238] SKIPPED: Already updated today (2025-12-14 03:00:03)
[2025-12-14 16:30:23]   [emp_id: 5239] SKIPPED: Already updated today (2025-12-14 03:00:03)
[2025-12-14 16:30:23]   [emp_id: 5241] SKIPPED: Already updated today (2025-12-14 03:00:03)
[2025-12-14 16:30:23]   [emp_id: 5242] SKIPPED: Already updated today (2025-12-14 03:00:03)
[2025-12-14 16:30:23]   [emp_id: 5243] SKIPPED: Already updated today (2025-12-14 03:00:03)
[2025-12-14 16:30:23]   [emp_id: 5244] SKIPPED: Already updated today (2025-12-14 16:32:07)
[2025-12-14 16:30:23]   [emp_id: 5246] SKIPPED: Already updated today (2025-12-14 03:00:03)
[2025-12-14 16:30:23]   [emp_id: 5253] SKIPPED: Already updated today (2025-12-14 03:00:03)
[2025-12-14 16:30:23]   [emp_id: 5254] SKIPPED: Already updated today (2025-12-14 03:00:03)
[2025-12-14 16:30:23]   [emp_id: 5257] SKIPPED: Already updated today (2025-12-14 03:00:03)
[2025-12-14 16:30:23]   [emp_id: 5259] SKIPPED: Already updated today (2025-12-14 03:00:03)
[2025-12-14 16:30:23]   [emp_id: 5261] SKIPPED: Already updated today (2025-12-14 03:00:03)
[2025-12-14 16:30:23]   [emp_id: 5264] SKIPPED: Already updated today (2025-12-14 03:00:03)
[2025-12-14 16:30:23]   [emp_id: 5266] SKIPPED: Already updated today (2025-12-14 16:31:34)
[2025-12-14 16:30:23]   [emp_id: 5268] SKIPPED: Already updated today (2025-12-14 03:00:04)
[2025-12-14 16:30:23]   [emp_id: 5271] SKIPPED: Already updated today (2025-12-14 03:00:04)
[2025-12-14 16:30:23]   [emp_id: 5272] SKIPPED: Already updated today (2025-12-14 03:00:04)
[2025-12-14 16:30:23]   [emp_id: 5273] SKIPPED: Already updated today (2025-12-14 03:00:04)
[2025-12-14 16:30:23]   [emp_id: 5275] SKIPPED: Already updated today (2025-12-14 03:00:04)
[2025-12-14 16:30:23]   [emp_id: 5276] SKIPPED: Already updated today (2025-12-14 03:00:04)
[2025-12-14 16:30:23]   [emp_id: 5278] SKIPPED: Already updated today (2025-12-14 03:00:04)
[2025-12-14 16:30:23]   [emp_id: 5280] SKIPPED: Already updated today (2025-12-14 03:00:04)
[2025-12-14 16:30:23]   [emp_id: 5282] SKIPPED: Already updated today (2025-12-14 03:00:04)
[2025-12-14 16:30:23]   [emp_id: 5285] SKIPPED: Already updated today (2025-12-14 03:00:04)
[2025-12-14 16:30:23]   [emp_id: 5286] SKIPPED: Already updated today (2025-12-14 03:00:04)
[2025-12-14 16:30:23]   [emp_id: 5287] SKIPPED: Already updated today (2025-12-14 03:00:04)
[2025-12-14 16:30:23]   [emp_id: 5288] SKIPPED: Already updated today (2025-12-14 03:00:04)
[2025-12-14 16:30:23]   [emp_id: 5289] SKIPPED: Already updated today (2025-12-14 03:00:04)
[2025-12-14 16:30:23]   [emp_id: 5290] SKIPPED: Already updated today (2025-12-14 03:00:04)
[2025-12-14 16:30:23]   [emp_id: 5291] SKIPPED: Already updated today (2025-12-14 03:00:04)
[2025-12-14 16:30:23]   [emp_id: 5292] SKIPPED: Already updated today (2025-12-14 03:00:04)
[2025-12-14 16:30:23]   [emp_id: 5293] SKIPPED: Already updated today (2025-12-14 03:00:04)
[2025-12-14 16:30:23]   [emp_id: 5294] SKIPPED: Already updated today (2025-12-14 03:00:04)
[2025-12-14 16:30:23]   [emp_id: 5295] SKIPPED: Already updated today (2025-12-14 03:00:04)
[2025-12-14 16:30:23]   [emp_id: 5296] SKIPPED: Already updated today (2025-12-14 03:00:04)
[2025-12-14 16:30:23]   [emp_id: 5297] SKIPPED: Already updated today (2025-12-14 03:00:04)
[2025-12-14 16:30:23]   [emp_id: 5298] SKIPPED: Already updated today (2025-12-14 03:00:04)
[2025-12-14 16:30:23]   [emp_id: 5299] SKIPPED: Already updated today (2025-12-14 03:00:04)
[2025-12-14 16:30:23]   [emp_id: 5300] SKIPPED: Already updated today (2025-12-14 03:00:04)
[2025-12-14 16:30:23]   [emp_id: 5301] SKIPPED: Already updated today (2025-12-14 03:00:04)
[2025-12-14 16:30:23]   [emp_id: 5303] SKIPPED: Already updated today (2025-12-14 03:00:04)
[2025-12-14 16:30:23]   [emp_id: 5304] SKIPPED: Already updated today (2025-12-14 03:00:04)
[2025-12-14 16:30:23]   [emp_id: 5305] SKIPPED: Already updated today (2025-12-14 03:00:04)
[2025-12-14 16:30:23]   [emp_id: 5306] SKIPPED: Already updated today (2025-12-14 03:00:04)
[2025-12-14 16:30:23]   [emp_id: 5307] SKIPPED: Already updated today (2025-12-14 03:00:04)
[2025-12-14 16:30:23]   [emp_id: 5312] SKIPPED: Already updated today (2025-12-14 13:39:48)
[2025-12-14 16:30:23]   [emp_id: 5318] SKIPPED: Already updated today (2025-12-14 03:00:04)
[2025-12-14 16:30:23]   [emp_id: 5325] SKIPPED: Already updated today (2025-12-14 03:00:04)
[2025-12-14 16:30:23]   [emp_id: 5327] SKIPPED: Already updated today (2025-12-14 03:00:04)
[2025-12-14 16:30:23]   [emp_id: 5331] SKIPPED: Already updated today (2025-12-14 03:00:04)
[2025-12-14 16:30:23]   [emp_id: 5337] SKIPPED: Already updated today (2025-12-14 03:00:04)
[2025-12-14 16:30:23]   [emp_id: 5339] SKIPPED: Already updated today (2025-12-14 03:00:04)
[2025-12-14 16:30:23]   [emp_id: 5343] SKIPPED: Already updated today (2025-12-14 03:00:04)
[2025-12-14 16:30:23]   [emp_id: 5343] SKIPPED: Already updated today (2025-12-14 03:00:04)
[2025-12-14 16:30:23]   [emp_id: 5345] SKIPPED: Already updated today (2025-12-14 03:00:04)
[2025-12-14 16:30:23]   [emp_id: 5346] SKIPPED: Already updated today (2025-12-14 03:00:04)
[2025-12-14 16:30:23]   [emp_id: 5351] SKIPPED: Already updated today (2025-12-14 03:00:04)
[2025-12-14 16:30:23]   [emp_id: 5352] SKIPPED: Already updated today (2025-12-14 03:00:04)
[2025-12-14 16:30:23]   [emp_id: 5370] SKIPPED: Already updated today (2025-12-14 03:00:04)
[2025-12-14 16:30:23]   [emp_id: 5371] SKIPPED: Already updated today (2025-12-14 03:00:04)
[2025-12-14 16:30:23]   [emp_id: 5376] SKIPPED: Already updated today (2025-12-14 03:00:04)
[2025-12-14 16:30:23]   [emp_id: 5378] SKIPPED: Already updated today (2025-12-14 03:00:04)
[2025-12-14 16:30:23]   [emp_id: 5380] SKIPPED: Already updated today (2025-12-14 03:00:04)
[2025-12-14 16:30:23]   [emp_id: 5381] SKIPPED: Already updated today (2025-12-14 03:00:04)
[2025-12-14 16:30:23]   [emp_id: 5383] SKIPPED: Already updated today (2025-12-14 03:00:04)
[2025-12-14 16:30:23]   [emp_id: 5388] SKIPPED: Already updated today (2025-12-14 03:00:04)
[2025-12-14 16:30:23]   [emp_id: 5392] SKIPPED: Already updated today (2025-12-14 03:00:04)
[2025-12-14 16:30:23]   [emp_id: 5396] SKIPPED: Already updated today (2025-12-14 03:00:04)
[2025-12-14 16:30:23]   [emp_id: 5397] SKIPPED: Already updated today (2025-12-14 03:00:04)
[2025-12-14 16:30:23]   [emp_id: 5401] SKIPPED: Already updated today (2025-12-14 03:00:04)
[2025-12-14 16:30:23]   [emp_id: 5402] SKIPPED: Already updated today (2025-12-14 03:00:04)
[2025-12-14 16:30:23]   [emp_id: 5406] SKIPPED: Already updated today (2025-12-14 03:00:04)
[2025-12-14 16:30:23]   [emp_id: 5407] SKIPPED: Already updated today (2025-12-14 03:00:04)
[2025-12-14 16:30:23]   [emp_id: 5408] SKIPPED: Already updated today (2025-12-14 03:00:04)
[2025-12-14 16:30:23]   [emp_id: 5409] SKIPPED: Already updated today (2025-12-14 03:00:04)
[2025-12-14 16:30:23]   [emp_id: 5413] SKIPPED: Already updated today (2025-12-14 03:00:04)
[2025-12-14 16:30:23]   [emp_id: 5414] SKIPPED: Already updated today (2025-12-14 03:00:04)
[2025-12-14 16:30:23]   [emp_id: 5415] SKIPPED: Already updated today (2025-12-14 03:00:04)
[2025-12-14 16:30:23]   [emp_id: 5418] SKIPPED: Already updated today (2025-12-14 03:00:04)
[2025-12-14 16:30:23]   [emp_id: 5422] SKIPPED: Already updated today (2025-12-14 03:00:04)
[2025-12-14 16:30:23]   [emp_id: 5423] SKIPPED: Already updated today (2025-12-14 03:00:04)
[2025-12-14 16:30:23]   [emp_id: 5423] SKIPPED: Already updated today (2025-12-14 03:00:04)
[2025-12-14 16:30:23]   [emp_id: 5423] SKIPPED: Already updated today (2025-12-14 03:00:04)
[2025-12-14 16:30:23]   [emp_id: 5424] SKIPPED: Already updated today (2025-12-14 03:00:04)
[2025-12-14 16:30:23]   [emp_id: 5425] SKIPPED: Already updated today (2025-12-14 03:00:04)
[2025-12-14 16:30:23]   [emp_id: 5426] SKIPPED: Already updated today (2025-12-14 03:00:04)
[2025-12-14 16:30:23]   [emp_id: 5426] SKIPPED: Already updated today (2025-12-14 13:54:43)
[2025-12-14 16:30:23]   [emp_id: 5427] SKIPPED: Already updated today (2025-12-14 03:00:04)
[2025-12-14 16:30:23]   [emp_id: 5428] SKIPPED: Already updated today (2025-12-14 03:00:04)
[2025-12-14 16:30:23]   [emp_id: 5430] SKIPPED: Already updated today (2025-12-14 03:00:04)
[2025-12-14 16:30:23]   [emp_id: 5431] SKIPPED: Already updated today (2025-12-14 03:00:04)
[2025-12-14 16:30:23]   [emp_id: 5434] SKIPPED: Already updated today (2025-12-14 03:00:04)
[2025-12-14 16:30:23]   [emp_id: 5435] SKIPPED: Already updated today (2025-12-14 03:00:04)
[2025-12-14 16:30:23]   [emp_id: 5436] SKIPPED: Already updated today (2025-12-14 03:00:04)
[2025-12-14 16:30:23]   [emp_id: 5438] SKIPPED: Already updated today (2025-12-14 03:00:04)
[2025-12-14 16:30:23]   [emp_id: 5439] SKIPPED: Already updated today (2025-12-14 03:00:04)
[2025-12-14 16:30:23]   [emp_id: 5442] SKIPPED: Already updated today (2025-12-14 03:00:04)
[2025-12-14 16:30:23]   [emp_id: 5443] SKIPPED: Already updated today (2025-12-14 03:00:04)
[2025-12-14 16:30:23]   [emp_id: 5445] SKIPPED: Already updated today (2025-12-14 03:00:04)
[2025-12-14 16:30:23]   [emp_id: 5446] SKIPPED: Already updated today (2025-12-14 03:00:04)
[2025-12-14 16:30:23]   [emp_id: 5447] SKIPPED: Already updated today (2025-12-14 03:00:04)
[2025-12-14 16:30:23]   [emp_id: 5448] SKIPPED: Already updated today (2025-12-14 03:00:04)
[2025-12-14 16:30:23]   [emp_id: 5449] SKIPPED: Already updated today (2025-12-14 03:00:04)
[2025-12-14 16:30:23]   [emp_id: 5450] SKIPPED: Already updated today (2025-12-14 03:00:04)
[2025-12-14 16:30:23]   [emp_id: 5451] SKIPPED: Already updated today (2025-12-14 03:00:04)
[2025-12-14 16:30:23]   [emp_id: 5454] SKIPPED: Already updated today (2025-12-14 03:00:04)
[2025-12-14 16:30:23]   [emp_id: 5455] SKIPPED: Already updated today (2025-12-14 03:00:04)
[2025-12-14 16:30:23]   [emp_id: 5456] SKIPPED: Already updated today (2025-12-14 03:00:04)
[2025-12-14 16:30:23] 
[2025-12-14 16:30:23] ========== SUMMARY ==========
[2025-12-14 16:30:23] Total employees processed: 438
[2025-12-14 16:30:23] Records updated: 0
[2025-12-14 16:30:23] Balances changed: 0
[2025-12-14 16:30:23] Errors: 0
[2025-12-14 16:30:23] ========== CRON: Vacation Balance Update Completed ==========
[2025-12-14 16:30:23] 
