[2026-02-02 00:30:01] ========== CRON: Vacation Balance Update Started ==========
[2026-02-02 00:30:01] Force level: 0 (0=normal, 1=check missing, 2=full bypass)
[2026-02-02 00:30:01] Source: CLI (argv)
[2026-02-02 00:30:01] Database connection established
[2026-02-02 00:30:01] [emp_id: 5472] Created new emp_vacation_balance with starting balance 0.08
[2026-02-02 00:30:01] Created 1 new emp_vacation_balance record(s) for newly registered employees
[2026-02-02 00:30:01] Found 423 active employees with balance records to update
[2026-02-02 00:30:01] (Only employees with status=1 will be processed)
[2026-02-02 00:30:01]   [emp_id: 1061] ✓ Updated: 2 → 2.17 (VALUE CHANGED)
[2026-02-02 00:30:02]   [emp_id: 1496] ✓ Updated: 18.85 → 19.02 (VALUE CHANGED)
[2026-02-02 00:30:02]   [emp_id: 1500] ✓ Updated: 6.53 → 6.7 (VALUE CHANGED)
[2026-02-02 00:30:02]   [emp_id: 1673] ✓ Updated: 47.26 → 47.43 (VALUE CHANGED)
[2026-02-02 00:30:02]   [emp_id: 1685] ✓ Updated: 17.18 → 17.35 (VALUE CHANGED)
[2026-02-02 00:30:02]   [emp_id: 1764] ✓ Updated: 71.85 → 72.02 (VALUE CHANGED)
[2026-02-02 00:30:02]   [emp_id: 1805] ✓ Updated: 66.18 → 66.35 (VALUE CHANGED)
[2026-02-02 00:30:02]   [emp_id: 1822] ✓ Updated: 70.93 → 71.1 (VALUE CHANGED)
[2026-02-02 00:30:02]   [emp_id: 1837] ✓ Updated: 27.1 → 27.27 (VALUE CHANGED)
[2026-02-02 00:30:02]   [emp_id: 1857] ✓ Updated: 22.43 → 22.6 (VALUE CHANGED)
[2026-02-02 00:30:02]   [emp_id: 1861] ✓ Updated: 73.26 → 73.43 (VALUE CHANGED)
[2026-02-02 00:30:02]   [emp_id: 1872] ✓ Updated: 12.1 → 12.27 (VALUE CHANGED)
[2026-02-02 00:30:02]   [emp_id: 1897] ✓ Updated: 7.43 → 7.6 (VALUE CHANGED)
[2026-02-02 00:30:02]   [emp_id: 1916] ✓ Updated: 13.73 → 13.9 (VALUE CHANGED)
[2026-02-02 00:30:02]   [emp_id: 1928] ✓ Updated: 66.68 → 66.85 (VALUE CHANGED)
[2026-02-02 00:30:02]   [emp_id: 1931] ✓ Updated: 86.6 → 86.77 (VALUE CHANGED)
[2026-02-02 00:30:02]   [emp_id: 1944] ✓ Updated: 44.76 → 44.93 (VALUE CHANGED)
[2026-02-02 00:30:02]   [emp_id: 1996] ✓ Updated: 1.26 → 1.43 (VALUE CHANGED)
[2026-02-02 00:30:02]   [emp_id: 1997] ✓ Updated: 38.43 → 38.6 (VALUE CHANGED)
[2026-02-02 00:30:02]   [emp_id: 1998] ✓ Updated: 29.87 → 30.04 (VALUE CHANGED)
[2026-02-02 00:30:02]   [emp_id: 1999] ✓ Updated: 30.87 → 31.04 (VALUE CHANGED)
[2026-02-02 00:30:02]   [emp_id: 2009] ✓ Updated: 37.18 → 37.35 (VALUE CHANGED)
[2026-02-02 00:30:02]   [emp_id: 2048] ✓ Updated: 27.01 → 27.18 (VALUE CHANGED)
[2026-02-02 00:30:02]   [emp_id: 2057] ✓ Updated: 67.85 → 68.02 (VALUE CHANGED)
[2026-02-02 00:30:02]   [emp_id: 2079] ✓ Updated: 50.18 → 50.35 (VALUE CHANGED)
[2026-02-02 00:30:02]   [emp_id: 2181] ✓ Updated: 39.18 → 39.35 (VALUE CHANGED)
[2026-02-02 00:30:02]   [emp_id: 2190] ✓ Updated: 8.51 → 8.68 (VALUE CHANGED)
[2026-02-02 00:30:02]   [emp_id: 2212] ✓ Updated: 26.51 → 26.68 (VALUE CHANGED)
[2026-02-02 00:30:02]   [emp_id: 2226] ✓ Updated: 71.26 → 71.43 (VALUE CHANGED)
[2026-02-02 00:30:02]   [emp_id: 2238] ✓ Updated: 69.51 → 69.68 (VALUE CHANGED)
[2026-02-02 00:30:02]   [emp_id: 2285] ✓ Updated: 38.18 → 38.35 (VALUE CHANGED)
[2026-02-02 00:30:02]   [emp_id: 2287] ✓ Updated: 49.85 → 50.02 (VALUE CHANGED)
[2026-02-02 00:30:02]   [emp_id: 2288] ✓ Updated: 4.87 → 5.04 (VALUE CHANGED)
[2026-02-02 00:30:02]   [emp_id: 2316] ✓ Updated: 18.68 → 18.85 (VALUE CHANGED)
[2026-02-02 00:30:02]   [emp_id: 2337] ✓ Updated: 39.76 → 39.93 (VALUE CHANGED)
[2026-02-02 00:30:02]   [emp_id: 2352] ✓ Updated: 71.26 → 71.43 (VALUE CHANGED)
[2026-02-02 00:30:02]   [emp_id: 2358] ✓ Updated: 7.76 → 7.93 (VALUE CHANGED)
[2026-02-02 00:30:02]   [emp_id: 2361] ✓ Updated: 73.43 → 73.6 (VALUE CHANGED)
[2026-02-02 00:30:02]   [emp_id: 2363] ✓ Updated: 76.01 → 76.18 (VALUE CHANGED)
[2026-02-02 00:30:02]   [emp_id: 2364] ✓ Updated: 75.43 → 75.6 (VALUE CHANGED)
[2026-02-02 00:30:02]   [emp_id: 2367] ✓ Updated: 103.1 → 103.27 (VALUE CHANGED)
[2026-02-02 00:30:02]   [emp_id: 2368] ✓ Updated: 33.51 → 33.68 (VALUE CHANGED)
[2026-02-02 00:30:02]   [emp_id: 2372] ✓ Updated: 70.76 → 70.93 (VALUE CHANGED)
[2026-02-02 00:30:02]   [emp_id: 2376] ✓ Updated: 120.76 → 120.93 (VALUE CHANGED)
[2026-02-02 00:30:02]   [emp_id: 2423] ✓ Updated: 21.51 → 21.68 (VALUE CHANGED)
[2026-02-02 00:30:02]   [emp_id: 2519] ✓ Updated: 115.18 → 115.35 (VALUE CHANGED)
[2026-02-02 00:30:02]   [emp_id: 2522] ✓ Updated: 58.76 → 58.93 (VALUE CHANGED)
[2026-02-02 00:30:02]   [emp_id: 2530] ✓ Updated: 54.01 → 54.18 (VALUE CHANGED)
[2026-02-02 00:30:02]   [emp_id: 2539] ✓ Updated: 50.76 → 50.93 (VALUE CHANGED)
[2026-02-02 00:30:02]   [emp_id: 2541] ✓ Updated: 31.35 → 31.52 (VALUE CHANGED)
[2026-02-02 00:30:02]   [emp_id: 2550] ✓ Updated: 97.51 → 97.68 (VALUE CHANGED)
[2026-02-02 00:30:02]   [emp_id: 2553] ✓ Updated: 34.62 → 34.79 (VALUE CHANGED)
[2026-02-02 00:30:02]   [emp_id: 2554] ✓ Updated: 41.1 → 41.27 (VALUE CHANGED)
[2026-02-02 00:30:02]   [emp_id: 2565] ✓ Updated: 5.68 → 5.85 (VALUE CHANGED)
[2026-02-02 00:30:02]   [emp_id: 2572] ✓ Updated: 45.68 → 45.85 (VALUE CHANGED)
[2026-02-02 00:30:02]   [emp_id: 2637] ✓ Updated: 6.26 → 6.43 (VALUE CHANGED)
[2026-02-02 00:30:02]   [emp_id: 2642] ✓ Updated: 79.01 → 79.18 (VALUE CHANGED)
[2026-02-02 00:30:02]   [emp_id: 2645] ✓ Updated: 95.01 → 95.18 (VALUE CHANGED)
[2026-02-02 00:30:02]   [emp_id: 2648] ✓ Updated: 46.68 → 46.85 (VALUE CHANGED)
[2026-02-02 00:30:02]   [emp_id: 2654] ✓ Updated: 89.35 → 89.52 (VALUE CHANGED)
[2026-02-02 00:30:02]   [emp_id: 2688] ✓ Updated: 27.43 → 27.6 (VALUE CHANGED)
[2026-02-02 00:30:02]   [emp_id: 2690] ✓ Updated: 16.18 → 16.35 (VALUE CHANGED)
[2026-02-02 00:30:02]   [emp_id: 2709] ✓ Updated: 38.43 → 38.6 (VALUE CHANGED)
[2026-02-02 00:30:02]   [emp_id: 2745] ✓ Updated: 35.01 → 35.18 (VALUE CHANGED)
[2026-02-02 00:30:03]   [emp_id: 2843] ✓ Updated: 81.6 → 81.77 (VALUE CHANGED)
[2026-02-02 00:30:03]   [emp_id: 2854] ✓ Updated: 61.51 → 61.68 (VALUE CHANGED)
[2026-02-02 00:30:03]   [emp_id: 2869] ✓ Updated: 5.43 → 5.6 (VALUE CHANGED)
[2026-02-02 00:30:03]   [emp_id: 2876] ✓ Updated: 36.26 → 36.43 (VALUE CHANGED)
[2026-02-02 00:30:03]   [emp_id: 2924] ✓ Updated: 17.43 → 17.6 (VALUE CHANGED)
[2026-02-02 00:30:03]   [emp_id: 2953] ✓ Updated: 103.18 → 103.35 (VALUE CHANGED)
[2026-02-02 00:30:03]   [emp_id: 2961] ✓ Updated: 13.18 → 13.35 (VALUE CHANGED)
[2026-02-02 00:30:03]   [emp_id: 2975] ✓ Updated: 2.86 → 3.03 (VALUE CHANGED)
[2026-02-02 00:30:03]   [emp_id: 3013] ✓ Updated: 12.18 → 12.35 (VALUE CHANGED)
[2026-02-02 00:30:03]   [emp_id: 3014] ✓ Updated: 91.43 → 91.6 (VALUE CHANGED)
[2026-02-02 00:30:03]   [emp_id: 3015] ✓ Updated: 2.68 → 2.85 (VALUE CHANGED)
[2026-02-02 00:30:03]   [emp_id: 3018] ✓ Updated: 61.43 → 61.6 (VALUE CHANGED)
[2026-02-02 00:30:03]   [emp_id: 3025] ✓ Updated: 25.2 → 25.37 (VALUE CHANGED)
[2026-02-02 00:30:03]   [emp_id: 3037] ✓ Updated: 4.93 → 5.1 (VALUE CHANGED)
[2026-02-02 00:30:03]   [emp_id: 3047] ✓ Updated: 73.18 → 73.35 (VALUE CHANGED)
[2026-02-02 00:30:03]   [emp_id: 3061] ✓ Updated: 20.1 → 20.27 (VALUE CHANGED)
[2026-02-02 00:30:03]   [emp_id: 3062] ✓ Updated: 53.26 → 53.43 (VALUE CHANGED)
[2026-02-02 00:30:03]   [emp_id: 3074] ✓ Updated: 109.68 → 109.85 (VALUE CHANGED)
[2026-02-02 00:30:03]   [emp_id: 3089] ✓ Updated: 8.6 → 8.77 (VALUE CHANGED)
[2026-02-02 00:30:03]   [emp_id: 3090] ✓ Updated: 35.18 → 35.35 (VALUE CHANGED)
[2026-02-02 00:30:03]   [emp_id: 3091] ✓ Updated: 47.18 → 47.35 (VALUE CHANGED)
[2026-02-02 00:30:03]   [emp_id: 3092] ✓ Updated: 29.85 → 30.02 (VALUE CHANGED)
[2026-02-02 00:30:03]   [emp_id: 3105] ✓ Updated: 1.18 → 1.26 (VALUE CHANGED)
[2026-02-02 00:30:03]   [emp_id: 3134] ✓ Updated: 45.93 → 46.1 (VALUE CHANGED)
[2026-02-02 00:30:03]   [emp_id: 3140] ✓ Updated: 43.01 → 43.18 (VALUE CHANGED)
[2026-02-02 00:30:03]   [emp_id: 3144] ✓ Updated: 15.85 → 16.02 (VALUE CHANGED)
[2026-02-02 00:30:03]   [emp_id: 3156] ✓ Updated: 19.18 → 19.35 (VALUE CHANGED)
[2026-02-02 00:30:03]   [emp_id: 3162] ✓ Updated: 4.16 → 4.33 (VALUE CHANGED)
[2026-02-02 00:30:03]   [emp_id: 3163] ✓ Updated: 7.43 → 7.6 (VALUE CHANGED)
[2026-02-02 00:30:03]   [emp_id: 3198] ✓ Updated: 42.43 → 42.6 (VALUE CHANGED)
[2026-02-02 00:30:03]   [emp_id: 3205] ✓ Updated: 19.1 → 19.27 (VALUE CHANGED)
[2026-02-02 00:30:03]   [emp_id: 3209] ✓ Updated: 43.26 → 43.43 (VALUE CHANGED)
[2026-02-02 00:30:03]   [emp_id: 3223] ✓ Updated: 92.18 → 92.35 (VALUE CHANGED)
[2026-02-02 00:30:03]   [emp_id: 3224] ✓ Updated: 66.93 → 67.1 (VALUE CHANGED)
[2026-02-02 00:30:03]   [emp_id: 3230] ✓ Updated: 90.35 → 90.52 (VALUE CHANGED)
[2026-02-02 00:30:03]   [emp_id: 3231] ✓ Updated: 2.72 → 2.89 (VALUE CHANGED)
[2026-02-02 00:30:03]   [emp_id: 3233] ✓ Updated: 79.18 → 79.35 (VALUE CHANGED)
[2026-02-02 00:30:03]   [emp_id: 3249] ✓ Updated: 39.01 → 39.18 (VALUE CHANGED)
[2026-02-02 00:30:03]   [emp_id: 3250] ✓ Updated: 12.01 → 12.18 (VALUE CHANGED)
[2026-02-02 00:30:03]   [emp_id: 3252] ✓ Updated: 12.93 → 13.1 (VALUE CHANGED)
[2026-02-02 00:30:03]   [emp_id: 3254] ✓ Updated: 23.43 → 23.6 (VALUE CHANGED)
[2026-02-02 00:30:03]   [emp_id: 3255] ✓ Updated: 19.85 → 20.02 (VALUE CHANGED)
[2026-02-02 00:30:03]   [emp_id: 3256] ✓ Updated: 16.1 → 16.27 (VALUE CHANGED)
[2026-02-02 00:30:03]   [emp_id: 3263] ✓ Updated: 32.18 → 32.35 (VALUE CHANGED)
[2026-02-02 00:30:03]   [emp_id: 3265] ✓ Updated: 27.76 → 27.93 (VALUE CHANGED)
[2026-02-02 00:30:03]   [emp_id: 3280] ✓ Updated: 15.68 → 15.85 (VALUE CHANGED)
[2026-02-02 00:30:03]   [emp_id: 3286] ✓ Updated: 17.85 → 18.02 (VALUE CHANGED)
[2026-02-02 00:30:03]   [emp_id: 3294] ✓ Updated: 15.51 → 15.68 (VALUE CHANGED)
[2026-02-02 00:30:03]   [emp_id: 3321] ✓ Updated: 74.68 → 74.85 (VALUE CHANGED)
[2026-02-02 00:30:03]   [emp_id: 3325] ✓ Updated: 62.43 → 62.6 (VALUE CHANGED)
[2026-02-02 00:30:03]   [emp_id: 3329] ✓ Updated: 64.76 → 64.93 (VALUE CHANGED)
[2026-02-02 00:30:03]   [emp_id: 3330] ✓ Updated: 64.76 → 64.93 (VALUE CHANGED)
[2026-02-02 00:30:03]   [emp_id: 3332] ✓ Updated: 64.76 → 64.93 (VALUE CHANGED)
[2026-02-02 00:30:03]   [emp_id: 3384] ✓ Updated: 16.93 → 17.1 (VALUE CHANGED)
[2026-02-02 00:30:03]   [emp_id: 3386] ✓ Updated: 46.93 → 47.1 (VALUE CHANGED)
[2026-02-02 00:30:03]   [emp_id: 3431] ✓ Updated: 21.35 → 21.52 (VALUE CHANGED)
[2026-02-02 00:30:03]   [emp_id: 3497] ✓ Updated: 11.51 → 11.68 (VALUE CHANGED)
[2026-02-02 00:30:03]   [emp_id: 3532] ✓ Updated: 2.35 → 2.52 (VALUE CHANGED)
[2026-02-02 00:30:03]   [emp_id: 3602] ✓ Updated: 3.92 → 4.09 (VALUE CHANGED)
[2026-02-02 00:30:03]   [emp_id: 3618] ✓ Updated: 25.9 → 26.07 (VALUE CHANGED)
[2026-02-02 00:30:03]   [emp_id: 3622] ✓ Updated: 36.27 → 36.39 (VALUE CHANGED)
[2026-02-02 00:30:03]   [emp_id: 3627] ✓ Updated: 11.85 → 12.02 (VALUE CHANGED)
[2026-02-02 00:30:03]   [emp_id: 3665] ✓ Updated: 53.43 → 53.6 (VALUE CHANGED)
[2026-02-02 00:30:03]   [emp_id: 3705] ✓ Updated: 29.6 → 29.72 (VALUE CHANGED)
[2026-02-02 00:30:03]   [emp_id: 3724] ✓ Updated: 46.43 → 46.6 (VALUE CHANGED)
[2026-02-02 00:30:03]   [emp_id: 3726] ✓ Updated: 62.85 → 63.02 (VALUE CHANGED)
[2026-02-02 00:30:03]   [emp_id: 3727] ✓ Updated: 67.93 → 68.1 (VALUE CHANGED)
[2026-02-02 00:30:03]   [emp_id: 3728] ✓ Updated: 12.26 → 12.43 (VALUE CHANGED)
[2026-02-02 00:30:03]   [emp_id: 3767] ✓ Updated: 3.01 → 3.18 (VALUE CHANGED)
[2026-02-02 00:30:03]   [emp_id: 3768] ✓ Updated: 59.26 → 59.43 (VALUE CHANGED)
[2026-02-02 00:30:03]   [emp_id: 3787] ✓ Updated: 59.85 → 60.02 (VALUE CHANGED)
[2026-02-02 00:30:03]   [emp_id: 3790] ✓ Updated: 4.4 → 4.57 (VALUE CHANGED)
[2026-02-02 00:30:03]   [emp_id: 3795] ✓ Updated: 17.35 → 17.52 (VALUE CHANGED)
[2026-02-02 00:30:03]   [emp_id: 3798] ✓ Updated: 95.76 → 95.93 (VALUE CHANGED)
[2026-02-02 00:30:03]   [emp_id: 3801] ✓ Updated: 4.03 → 4.2 (VALUE CHANGED)
[2026-02-02 00:30:04]   [emp_id: 3802] ✓ Updated: 33.01 → 33.18 (VALUE CHANGED)
[2026-02-02 00:30:04]   [emp_id: 3803] ✓ Updated: 27.43 → 27.6 (VALUE CHANGED)
[2026-02-02 00:30:04]   [emp_id: 3810] ✓ Updated: 63.43 → 63.6 (VALUE CHANGED)
[2026-02-02 00:30:04]   [emp_id: 3812] ✓ Updated: 92.43 → 92.6 (VALUE CHANGED)
[2026-02-02 00:30:04]   [emp_id: 3815] ✓ Updated: 92.43 → 92.6 (VALUE CHANGED)
[2026-02-02 00:30:04]   [emp_id: 3836] ✓ Updated: 60.1 → 60.27 (VALUE CHANGED)
[2026-02-02 00:30:04]   [emp_id: 3855] ✓ Updated: 53.26 → 53.43 (VALUE CHANGED)
[2026-02-02 00:30:04]   [emp_id: 3857] ✓ Updated: 56.93 → 57.1 (VALUE CHANGED)
[2026-02-02 00:30:04]   [emp_id: 3862] ✓ Updated: 105.01 → 105.18 (VALUE CHANGED)
[2026-02-02 00:30:04]   [emp_id: 3866] ✓ Updated: 30.26 → 30.43 (VALUE CHANGED)
[2026-02-02 00:30:04]   [emp_id: 3876] ✓ Updated: 26.43 → 26.6 (VALUE CHANGED)
[2026-02-02 00:30:04]   [emp_id: 3877] ✓ Updated: 51.93 → 52.1 (VALUE CHANGED)
[2026-02-02 00:30:04]   [emp_id: 3897] ✓ Updated: 1.18 → 1.35 (VALUE CHANGED)
[2026-02-02 00:30:04]   [emp_id: 3899] ✓ Updated: 2 → 2.17 (VALUE CHANGED)
[2026-02-02 00:30:04]   [emp_id: 3928] ✓ Updated: 16.26 → 16.43 (VALUE CHANGED)
[2026-02-02 00:30:04]   [emp_id: 3929] ✓ Updated: 11.26 → 11.43 (VALUE CHANGED)
[2026-02-02 00:30:04]   [emp_id: 3935] ✓ Updated: 96.26 → 96.43 (VALUE CHANGED)
[2026-02-02 00:30:04]   [emp_id: 3952] ✓ Updated: 77.6 → 77.77 (VALUE CHANGED)
[2026-02-02 00:30:04]   [emp_id: 3987] ✓ Updated: 16.51 → 16.68 (VALUE CHANGED)
[2026-02-02 00:30:04]   [emp_id: 4059] ✓ Updated: 5.71 → 5.88 (VALUE CHANGED)
[2026-02-02 00:30:04]   [emp_id: 4119] ✓ Updated: 59.18 → 59.35 (VALUE CHANGED)
[2026-02-02 00:30:04]   [emp_id: 4120] ✓ Updated: 28.76 → 28.93 (VALUE CHANGED)
[2026-02-02 00:30:04]   [emp_id: 4124] ✓ Updated: 29.28 → 29.45 (VALUE CHANGED)
[2026-02-02 00:30:04]   [emp_id: 4133] ✓ Updated: 107.76 → 107.93 (VALUE CHANGED)
[2026-02-02 00:30:04]   [emp_id: 4134] ✓ Updated: 28.76 → 28.93 (VALUE CHANGED)
[2026-02-02 00:30:04]   [emp_id: 4136] ✓ Updated: 28.76 → 28.93 (VALUE CHANGED)
[2026-02-02 00:30:04]   [emp_id: 4150] ✓ Updated: 27.43 → 27.6 (VALUE CHANGED)
[2026-02-02 00:30:04]   [emp_id: 4157] ✓ Updated: 20.93 → 21.1 (VALUE CHANGED)
[2026-02-02 00:30:04]   [emp_id: 4172] ✓ Updated: 14.18 → 14.3 (VALUE CHANGED)
[2026-02-02 00:30:04]   [emp_id: 4195] ✓ Updated: 64.51 → 64.68 (VALUE CHANGED)
[2026-02-02 00:30:04]   [emp_id: 4215] ✓ Updated: 47.18 → 47.35 (VALUE CHANGED)
[2026-02-02 00:30:04]   [emp_id: 4220] ✓ Updated: 42.76 → 42.93 (VALUE CHANGED)
[2026-02-02 00:30:04]   [emp_id: 4273] ✓ Updated: 11.43 → 11.6 (VALUE CHANGED)
[2026-02-02 00:30:04]   [emp_id: 4283] ✓ Updated: 15.27 → 15.39 (VALUE CHANGED)
[2026-02-02 00:30:04]   [emp_id: 4288] ✓ Updated: 2 → 2.17 (VALUE CHANGED)
[2026-02-02 00:30:04]   [emp_id: 4315] ✓ Updated: 14.68 → 14.85 (VALUE CHANGED)
[2026-02-02 00:30:04]   [emp_id: 4328] ✓ Updated: 44.1 → 44.22 (VALUE CHANGED)
[2026-02-02 00:30:04]   [emp_id: 4329] ✓ Updated: 7.85 → 8.02 (VALUE CHANGED)
[2026-02-02 00:30:04]   [emp_id: 4338] ✓ Updated: 49.43 → 49.6 (VALUE CHANGED)
[2026-02-02 00:30:04]   [emp_id: 4340] ✓ Updated: 111.43 → 111.6 (VALUE CHANGED)
[2026-02-02 00:30:04]   [emp_id: 4365] ✓ Updated: 62.85 → 63.02 (VALUE CHANGED)
[2026-02-02 00:30:04]   [emp_id: 4366] ✓ Updated: 61.93 → 62.1 (VALUE CHANGED)
[2026-02-02 00:30:04]   [emp_id: 4403] ✓ Updated: 87.76 → 87.93 (VALUE CHANGED)
[2026-02-02 00:30:04]   [emp_id: 4438] ✓ Updated: 23.43 → 23.6 (VALUE CHANGED)
[2026-02-02 00:30:04]   [emp_id: 4473] ✓ Updated: 47.01 → 47.18 (VALUE CHANGED)
[2026-02-02 00:30:04]   [emp_id: 4474] ✓ Updated: 4.94 → 5.06 (VALUE CHANGED)
[2026-02-02 00:30:04]   [emp_id: 4493] ✓ Updated: 165.85 → 166.02 (VALUE CHANGED)
[2026-02-02 00:30:04]   [emp_id: 4526] ✓ Updated: 38.1 → 38.27 (VALUE CHANGED)
[2026-02-02 00:30:04]   [emp_id: 4528] ✓ Updated: 109.85 → 110.02 (VALUE CHANGED)
[2026-02-02 00:30:04]   [emp_id: 4528] ✓ Updated: 109.85 → 110.02 (VALUE CHANGED)
[2026-02-02 00:30:04]   [emp_id: 4532] ✓ Updated: 0.42 → 0.54 (VALUE CHANGED)
[2026-02-02 00:30:04]   [emp_id: 4533] ✓ Updated: 38.26 → 38.43 (VALUE CHANGED)
[2026-02-02 00:30:04]   [emp_id: 4565] ✓ Updated: 16.93 → 17.05 (VALUE CHANGED)
[2026-02-02 00:30:04]   [emp_id: 4567] ✓ Updated: 21.18 → 21.3 (VALUE CHANGED)
[2026-02-02 00:30:04]   [emp_id: 4572] ✓ Updated: 60.68 → 60.8 (VALUE CHANGED)
[2026-02-02 00:30:04]   [emp_id: 4631] ✓ Updated: 16.93 → 17.05 (VALUE CHANGED)
[2026-02-02 00:30:04]   [emp_id: 4655] ✓ Updated: 27.18 → 27.35 (VALUE CHANGED)
[2026-02-02 00:30:04]   [emp_id: 4709] ✓ Updated: 42.43 → 42.6 (VALUE CHANGED)
[2026-02-02 00:30:04]   [emp_id: 4717] ✓ Updated: 68.43 → 68.6 (VALUE CHANGED)
[2026-02-02 00:30:04]   [emp_id: 4736] ✓ Updated: 30.26 → 30.43 (VALUE CHANGED)
[2026-02-02 00:30:04]   [emp_id: 4756] ✓ Updated: 13.37 → 13.49 (VALUE CHANGED)
[2026-02-02 00:30:04]   [emp_id: 4768] ✓ Updated: 14.93 → 15.01 (VALUE CHANGED)
[2026-02-02 00:30:04]   [emp_id: 4780] ✓ Updated: 67.1 → 67.22 (VALUE CHANGED)
[2026-02-02 00:30:04]   [emp_id: 4820] ✓ Updated: 101.26 → 101.43 (VALUE CHANGED)
[2026-02-02 00:30:04]   [emp_id: 4824] ✓ Updated: 4.44 → 4.61 (VALUE CHANGED)
[2026-02-02 00:30:04]   [emp_id: 4825] ✓ Updated: 33.01 → 33.18 (VALUE CHANGED)
[2026-02-02 00:30:04]   [emp_id: 4837] ✓ Updated: 47.09 → 47.21 (VALUE CHANGED)
[2026-02-02 00:30:04]   [emp_id: 4840] ✓ Updated: 47.09 → 47.21 (VALUE CHANGED)
[2026-02-02 00:30:04]   [emp_id: 4842] ✓ Updated: 46.33 → 46.45 (VALUE CHANGED)
[2026-02-02 00:30:04]   [emp_id: 4843] ✓ Updated: 46.86 → 46.98 (VALUE CHANGED)
[2026-02-02 00:30:04]   [emp_id: 4856] ✓ Updated: 44 → 44.12 (VALUE CHANGED)
[2026-02-02 00:30:04]   [emp_id: 4857] ✓ Updated: 26.82 → 26.94 (VALUE CHANGED)
[2026-02-02 00:30:04]   [emp_id: 4858] ✓ Updated: 23.7 → 23.82 (VALUE CHANGED)
[2026-02-02 00:30:04]   [emp_id: 4859] ✓ Updated: 45.17 → 45.29 (VALUE CHANGED)
[2026-02-02 00:30:05]   [emp_id: 4860] ✓ Updated: 9.67 → 9.79 (VALUE CHANGED)
[2026-02-02 00:30:05]   [emp_id: 4861] ✓ Updated: 43.13 → 43.25 (VALUE CHANGED)
[2026-02-02 00:30:05]   [emp_id: 4869] ✓ Updated: 86.01 → 86.13 (VALUE CHANGED)
[2026-02-02 00:30:05]   [emp_id: 4894] ✓ Updated: 9.93 → 10.1 (VALUE CHANGED)
[2026-02-02 00:30:05]   [emp_id: 4897] ✓ Updated: 24.91 → 25.03 (VALUE CHANGED)
[2026-02-02 00:30:05]   [emp_id: 4899] ✓ Updated: 21.08 → 21.2 (VALUE CHANGED)
[2026-02-02 00:30:05]   [emp_id: 4902] ✓ Updated: 20.5 → 20.62 (VALUE CHANGED)
[2026-02-02 00:30:05]   [emp_id: 4903] ✓ Updated: 22.72 → 22.84 (VALUE CHANGED)
[2026-02-02 00:30:05]   [emp_id: 4905] ✓ Updated: 21.38 → 21.5 (VALUE CHANGED)
[2026-02-02 00:30:05]   [emp_id: 4907] ✓ Updated: 50.01 → 50.18 (VALUE CHANGED)
[2026-02-02 00:30:05]   [emp_id: 4917] ✓ Updated: 18.34 → 18.46 (VALUE CHANGED)
[2026-02-02 00:30:05]   [emp_id: 4918] ✓ Updated: 8.11 → 8.23 (VALUE CHANGED)
[2026-02-02 00:30:05]   [emp_id: 4919] ✓ Updated: 60.4 → 60.52 (VALUE CHANGED)
[2026-02-02 00:30:05]   [emp_id: 4920] ✓ Updated: 7.48 → 7.6 (VALUE CHANGED)
[2026-02-02 00:30:05]   [emp_id: 4921] ✓ Updated: 19.57 → 19.69 (VALUE CHANGED)
[2026-02-02 00:30:05]   [emp_id: 4927] ✓ Updated: 18.4 → 18.52 (VALUE CHANGED)
[2026-02-02 00:30:05]   [emp_id: 4929] ✓ Updated: 19.92 → 20.04 (VALUE CHANGED)
[2026-02-02 00:30:05]   [emp_id: 4930] ✓ Updated: 60.69 → 60.81 (VALUE CHANGED)
[2026-02-02 00:30:05]   [emp_id: 4932] ✓ Updated: 18.69 → 18.81 (VALUE CHANGED)
[2026-02-02 00:30:05]   [emp_id: 4933] ✓ Updated: 22.1 → 22.22 (VALUE CHANGED)
[2026-02-02 00:30:05]   [emp_id: 4949] ✓ Updated: 25.53 → 25.65 (VALUE CHANGED)
[2026-02-02 00:30:05]   [emp_id: 4956] ✓ Updated: 31.12 → 31.24 (VALUE CHANGED)
[2026-02-02 00:30:05]   [emp_id: 4957] ✓ Updated: 26.79 → 26.91 (VALUE CHANGED)
[2026-02-02 00:30:05]   [emp_id: 4962] ✓ Updated: 49.37 → 49.54 (VALUE CHANGED)
[2026-02-02 00:30:05]   [emp_id: 4969] ✓ Updated: 48.68 → 48.85 (VALUE CHANGED)
[2026-02-02 00:30:05]   [emp_id: 4976] ✓ Updated: 11.81 → 11.93 (VALUE CHANGED)
[2026-02-02 00:30:05]   [emp_id: 4984] ✓ Updated: 39.93 → 40.1 (VALUE CHANGED)
[2026-02-02 00:30:05]   [emp_id: 4995] ✓ Updated: 52 → 52.17 (VALUE CHANGED)
[2026-02-02 00:30:05]   [emp_id: 5004] ✓ Updated: 28.75 → 28.87 (VALUE CHANGED)
[2026-02-02 00:30:05]   [emp_id: 5006] ✓ Updated: 28.49 → 28.61 (VALUE CHANGED)
[2026-02-02 00:30:05]   [emp_id: 5011] ✓ Updated: 7.78 → 7.95 (VALUE CHANGED)
[2026-02-02 00:30:05]   [emp_id: 5013] ✓ Updated: 68.86 → 68.98 (VALUE CHANGED)
[2026-02-02 00:30:05]   [emp_id: 5018] ✓ Updated: 5.35 → 5.47 (VALUE CHANGED)
[2026-02-02 00:30:05]   [emp_id: 5021] ✓ Updated: 63.03 → 63.2 (VALUE CHANGED)
[2026-02-02 00:30:05]   [emp_id: 5024] ✓ Updated: 3.37 → 3.49 (VALUE CHANGED)
[2026-02-02 00:30:05]   [emp_id: 5030] ✓ Updated: 33.32 → 33.44 (VALUE CHANGED)
[2026-02-02 00:30:05]   [emp_id: 5033] ✓ Updated: 12.12 → 12.24 (VALUE CHANGED)
[2026-02-02 00:30:05]   [emp_id: 5043] ✓ Updated: 32.6 → 32.77 (VALUE CHANGED)
[2026-02-02 00:30:05]   [emp_id: 5045] ✓ Updated: 29.1 → 29.27 (VALUE CHANGED)
[2026-02-02 00:30:05]   [emp_id: 5046] ✓ Updated: 24.29 → 24.46 (VALUE CHANGED)
[2026-02-02 00:30:05]   [emp_id: 5049] ✓ Updated: 0.3 → 0.42 (VALUE CHANGED)
[2026-02-02 00:30:05]   [emp_id: 5055] ✓ Updated: 20.52 → 20.64 (VALUE CHANGED)
[2026-02-02 00:30:05]   [emp_id: 5058] ✓ Updated: 29.5 → 29.62 (VALUE CHANGED)
[2026-02-02 00:30:05]   [emp_id: 5062] ✓ Updated: 41.33 → 41.45 (VALUE CHANGED)
[2026-02-02 00:30:05]   [emp_id: 5064] ✓ Updated: 119.93 → 120.1 (VALUE CHANGED)
[2026-02-02 00:30:05]   [emp_id: 5065] ✓ Updated: 40.74 → 40.86 (VALUE CHANGED)
[2026-02-02 00:30:05]   [emp_id: 5071] ✓ Updated: 25.43 → 25.6 (VALUE CHANGED)
[2026-02-02 00:30:05]   [emp_id: 5073] ✓ Updated: 15.34 → 15.46 (VALUE CHANGED)
[2026-02-02 00:30:05]   [emp_id: 5079] ✓ Updated: 35.9 → 36.02 (VALUE CHANGED)
[2026-02-02 00:30:05]   [emp_id: 5080] ✓ Updated: 29.23 → 29.35 (VALUE CHANGED)
[2026-02-02 00:30:05]   [emp_id: 5081] ✓ Updated: 17.49 → 17.61 (VALUE CHANGED)
[2026-02-02 00:30:05]   [emp_id: 5087] ✓ Updated: 37.53 → 37.65 (VALUE CHANGED)
[2026-02-02 00:30:05]   [emp_id: 5091] ✓ Updated: 77.38 → 77.5 (VALUE CHANGED)
[2026-02-02 00:30:05]   [emp_id: 5093] ✓ Updated: 16.6 → 16.77 (VALUE CHANGED)
[2026-02-02 00:30:05]   [emp_id: 5095] ✓ Updated: 2.92 → 3.04 (VALUE CHANGED)
[2026-02-02 00:30:05]   [emp_id: 5101] ✓ Updated: 18.68 → 18.85 (VALUE CHANGED)
[2026-02-02 00:30:05]   [emp_id: 5107] ✓ Updated: 17.01 → 17.18 (VALUE CHANGED)
[2026-02-02 00:30:05]   [emp_id: 5109] ✓ Updated: 14.26 → 14.43 (VALUE CHANGED)
[2026-02-02 00:30:05]   [emp_id: 5119] ✓ Updated: 12.43 → 12.6 (VALUE CHANGED)
[2026-02-02 00:30:05]   [emp_id: 5122] ✓ Updated: 9.6 → 9.77 (VALUE CHANGED)
[2026-02-02 00:30:05]   [emp_id: 5126] ✓ Updated: 28.26 → 28.38 (VALUE CHANGED)
[2026-02-02 00:30:05]   [emp_id: 5127] ✓ Updated: 25.05 → 25.17 (VALUE CHANGED)
[2026-02-02 00:30:05]   [emp_id: 5128] ✓ Updated: 28.2 → 28.32 (VALUE CHANGED)
[2026-02-02 00:30:05]   [emp_id: 5138] ✓ Updated: 52.26 → 52.43 (VALUE CHANGED)
[2026-02-02 00:30:05]   [emp_id: 5138] ✓ Updated: 52.26 → 52.43 (VALUE CHANGED)
[2026-02-02 00:30:05]   [emp_id: 5141] ✓ Updated: 36.57 → 36.69 (VALUE CHANGED)
[2026-02-02 00:30:06]   [emp_id: 5142] ✓ Updated: 5.57 → 5.69 (VALUE CHANGED)
[2026-02-02 00:30:06]   [emp_id: 5146] ✓ Updated: 22.57 → 22.69 (VALUE CHANGED)
[2026-02-02 00:30:06]   [emp_id: 5147] ✓ Updated: 21.57 → 21.69 (VALUE CHANGED)
[2026-02-02 00:30:06]   [emp_id: 5148] ✓ Updated: 26.92 → 27.04 (VALUE CHANGED)
[2026-02-02 00:30:06]   [emp_id: 5149] ✓ Updated: 25.81 → 25.93 (VALUE CHANGED)
[2026-02-02 00:30:06]   [emp_id: 5150] ✓ Updated: 25.17 → 25.29 (VALUE CHANGED)
[2026-02-02 00:30:06]   [emp_id: 5151] ✓ Updated: 24.99 → 25.11 (VALUE CHANGED)
[2026-02-02 00:30:06]   [emp_id: 5152] ✓ Updated: 5.41 → 5.53 (VALUE CHANGED)
[2026-02-02 00:30:06]   [emp_id: 5157] ✓ Updated: 24.99 → 25.11 (VALUE CHANGED)
[2026-02-02 00:30:06]   [emp_id: 5160] ✓ Updated: 24.99 → 25.11 (VALUE CHANGED)
[2026-02-02 00:30:06]   [emp_id: 5163] ✓ Updated: 22.78 → 22.9 (VALUE CHANGED)
[2026-02-02 00:30:06]   [emp_id: 5165] ✓ Updated: 3.7 → 3.87 (VALUE CHANGED)
[2026-02-02 00:30:06]   [emp_id: 5167] ✓ Updated: 31.93 → 32.05 (VALUE CHANGED)
[2026-02-02 00:30:06]   [emp_id: 5168] ✓ Updated: 24.47 → 24.59 (VALUE CHANGED)
[2026-02-02 00:30:06]   [emp_id: 5173] ✓ Updated: 27.35 → 27.52 (VALUE CHANGED)
[2026-02-02 00:30:06]   [emp_id: 5174] ✓ Updated: 24.93 → 25.05 (VALUE CHANGED)
[2026-02-02 00:30:06]   [emp_id: 5181] ✓ Updated: 21.32 → 21.44 (VALUE CHANGED)
[2026-02-02 00:30:06]   [emp_id: 5187] ✓ Updated: 37.85 → 37.97 (VALUE CHANGED)
[2026-02-02 00:30:06]   [emp_id: 5204] ✓ Updated: 20.85 → 21.02 (VALUE CHANGED)
[2026-02-02 00:30:06]   [emp_id: 5205] ✓ Updated: 14.06 → 14.18 (VALUE CHANGED)
[2026-02-02 00:30:06]   [emp_id: 5209] ✓ Updated: 16.06 → 16.18 (VALUE CHANGED)
[2026-02-02 00:30:06]   [emp_id: 5213] ✓ Updated: 4.47 → 4.59 (VALUE CHANGED)
[2026-02-02 00:30:06]   [emp_id: 5214] ✓ Updated: 3.31 → 3.43 (VALUE CHANGED)
[2026-02-02 00:30:06]   [emp_id: 5215] ✓ Updated: 8.06 → 8.12 (VALUE CHANGED)
[2026-02-02 00:30:06]   [emp_id: 5217] ✓ Updated: 10.06 → 10.18 (VALUE CHANGED)
[2026-02-02 00:30:06]   [emp_id: 5219] ✓ Updated: 15.06 → 15.18 (VALUE CHANGED)
[2026-02-02 00:30:06]   [emp_id: 5221] ✓ Updated: 4.37 → 4.49 (VALUE CHANGED)
[2026-02-02 00:30:06]   [emp_id: 5224] ✓ Updated: 14.06 → 14.12 (VALUE CHANGED)
[2026-02-02 00:30:06]   [emp_id: 5229] ✓ Updated: 7.06 → 7.18 (VALUE CHANGED)
[2026-02-02 00:30:06]   [emp_id: 5230] ✓ Updated: 11.73 → 11.85 (VALUE CHANGED)
[2026-02-02 00:30:06]   [emp_id: 5231] ✓ Updated: 8.06 → 8.18 (VALUE CHANGED)
[2026-02-02 00:30:06]   [emp_id: 5232] ✓ Updated: 2.06 → 2.18 (VALUE CHANGED)
[2026-02-02 00:30:06]   [emp_id: 5233] ✓ Updated: 6.06 → 6.18 (VALUE CHANGED)
[2026-02-02 00:30:06]   [emp_id: 5235] ✓ Updated: 1.5 → 1.62 (VALUE CHANGED)
[2026-02-02 00:30:06]   [emp_id: 5237] ✓ Updated: 12.31 → 12.43 (VALUE CHANGED)
[2026-02-02 00:30:06]   [emp_id: 5239] ✓ Updated: 5.06 → 5.18 (VALUE CHANGED)
[2026-02-02 00:30:06]   [emp_id: 5241] ✓ Updated: 7.06 → 7.18 (VALUE CHANGED)
[2026-02-02 00:30:06]   [emp_id: 5242] ✓ Updated: 15.06 → 15.12 (VALUE CHANGED)
[2026-02-02 00:30:06]   [emp_id: 5243] ✓ Updated: 3.47 → 3.59 (VALUE CHANGED)
[2026-02-02 00:30:06]   [emp_id: 5244] ✓ Updated: 1.5 → 1.62 (VALUE CHANGED)
[2026-02-02 00:30:06]   [emp_id: 5246] ✓ Updated: 13.06 → 13.18 (VALUE CHANGED)
[2026-02-02 00:30:06]   [emp_id: 5253] ✓ Updated: 23.93 → 23.99 (VALUE CHANGED)
[2026-02-02 00:30:06]   [emp_id: 5254] ✓ Updated: 2.91 → 3.03 (VALUE CHANGED)
[2026-02-02 00:30:06]   [emp_id: 5257] ✓ Updated: 13.62 → 13.74 (VALUE CHANGED)
[2026-02-02 00:30:06]   [emp_id: 5259] ✓ Updated: 50.15 → 50.27 (VALUE CHANGED)
[2026-02-02 00:30:06]   [emp_id: 5261] ✓ Updated: 6.45 → 6.62 (VALUE CHANGED)
[2026-02-02 00:30:06]   [emp_id: 5264] ✓ Updated: 15.63 → 15.75 (VALUE CHANGED)
[2026-02-02 00:30:06]   [emp_id: 5266] ✓ Updated: 22.25 → 22.37 (VALUE CHANGED)
[2026-02-02 00:30:06]   [emp_id: 5268] ✓ Updated: 10.82 → 10.94 (VALUE CHANGED)
[2026-02-02 00:30:06]   [emp_id: 5271] ✓ Updated: 9.48 → 9.6 (VALUE CHANGED)
[2026-02-02 00:30:06]   [emp_id: 5272] ✓ Updated: 10.35 → 10.47 (VALUE CHANGED)
[2026-02-02 00:30:06]   [emp_id: 5273] ✓ Updated: 25.42 → 25.54 (VALUE CHANGED)
[2026-02-02 00:30:06]   [emp_id: 5275] ✓ Updated: 11.17 → 11.29 (VALUE CHANGED)
[2026-02-02 00:30:06]   [emp_id: 5276] ✓ Updated: 25.44 → 25.56 (VALUE CHANGED)
[2026-02-02 00:30:06]   [emp_id: 5278] ✓ Updated: 9.83 → 9.95 (VALUE CHANGED)
[2026-02-02 00:30:06]   [emp_id: 5280] ✓ Updated: 20.23 → 20.35 (VALUE CHANGED)
[2026-02-02 00:30:06]   [emp_id: 5282] ✓ Updated: 13.93 → 14.1 (VALUE CHANGED)
[2026-02-02 00:30:06]   [emp_id: 5285] ✓ Updated: 30.23 → 30.35 (VALUE CHANGED)
[2026-02-02 00:30:06]   [emp_id: 5286] ✓ Updated: 17.23 → 17.35 (VALUE CHANGED)
[2026-02-02 00:30:06]   [emp_id: 5287] ✓ Updated: 51.53 → 51.65 (VALUE CHANGED)
[2026-02-02 00:30:07]   [emp_id: 5288] ✓ Updated: 8.8 → 8.92 (VALUE CHANGED)
[2026-02-02 00:30:07]   [emp_id: 5289] ✓ Updated: 50.08 → 50.2 (VALUE CHANGED)
[2026-02-02 00:30:07]   [emp_id: 5290] ✓ Updated: 48.85 → 48.97 (VALUE CHANGED)
[2026-02-02 00:30:07]   [emp_id: 5291] ✓ Updated: 6.85 → 6.97 (VALUE CHANGED)
[2026-02-02 00:30:07]   [emp_id: 5292] ✓ Updated: 6.79 → 6.91 (VALUE CHANGED)
[2026-02-02 00:30:07]   [emp_id: 5293] ✓ Updated: 10.19 → 10.36 (VALUE CHANGED)
[2026-02-02 00:30:07]   [emp_id: 5294] ✓ Updated: 9.85 → 10.02 (VALUE CHANGED)
[2026-02-02 00:30:07]   [emp_id: 5295] ✓ Updated: 23.03 → 23.15 (VALUE CHANGED)
[2026-02-02 00:30:07]   [emp_id: 5296] ✓ Updated: 30.87 → 31.04 (VALUE CHANGED)
[2026-02-02 00:30:07]   [emp_id: 5297] ✓ Updated: 47.45 → 47.57 (VALUE CHANGED)
[2026-02-02 00:30:07]   [emp_id: 5298] ✓ Updated: 47.45 → 47.57 (VALUE CHANGED)
[2026-02-02 00:30:07]   [emp_id: 5299] ✓ Updated: 47.45 → 47.57 (VALUE CHANGED)
[2026-02-02 00:30:07]   [emp_id: 5300] ✓ Updated: 47.45 → 47.57 (VALUE CHANGED)
[2026-02-02 00:30:07]   [emp_id: 5301] ✓ Updated: 5.27 → 5.39 (VALUE CHANGED)
[2026-02-02 00:30:07]   [emp_id: 5303] ✓ Updated: 5.7 → 5.82 (VALUE CHANGED)
[2026-02-02 00:30:07]   [emp_id: 5304] ✓ Updated: 2.45 → 2.57 (VALUE CHANGED)
[2026-02-02 00:30:07]   [emp_id: 5305] ✓ Updated: 5.45 → 5.57 (VALUE CHANGED)
[2026-02-02 00:30:07]   [emp_id: 5306] ✓ Updated: 47.16 → 47.28 (VALUE CHANGED)
[2026-02-02 00:30:07]   [emp_id: 5307] ✓ Updated: 47.16 → 47.28 (VALUE CHANGED)
[2026-02-02 00:30:07]   [emp_id: 5312] ✓ Updated: 1.5 → 1.62 (VALUE CHANGED)
[2026-02-02 00:30:07]   [emp_id: 5318] ✓ Updated: 22.87 → 22.99 (VALUE CHANGED)
[2026-02-02 00:30:07]   [emp_id: 5325] ✓ Updated: 1.83 → 1.95 (VALUE CHANGED)
[2026-02-02 00:30:07]   [emp_id: 5327] ✓ Updated: 2.92 → 3.04 (VALUE CHANGED)
[2026-02-02 00:30:07]   [emp_id: 5337] ✓ Updated: 37.76 → 37.93 (VALUE CHANGED)
[2026-02-02 00:30:07]   [emp_id: 5339] ✓ Updated: 12.02 → 12.14 (VALUE CHANGED)
[2026-02-02 00:30:07]   [emp_id: 5343] ✓ Updated: 47.68 → 47.85 (VALUE CHANGED)
[2026-02-02 00:30:07]   [emp_id: 5343] ✓ Updated: 47.68 → 47.85 (VALUE CHANGED)
[2026-02-02 00:30:07]   [emp_id: 5345] ✓ Updated: 17.51 → 17.68 (VALUE CHANGED)
[2026-02-02 00:30:07]   [emp_id: 5346] ✓ Updated: 3.74 → 3.86 (VALUE CHANGED)
[2026-02-02 00:30:07]   [emp_id: 5351] ✓ Updated: 18.68 → 18.8 (VALUE CHANGED)
[2026-02-02 00:30:07]   [emp_id: 5352] ✓ Updated: 27.93 → 28.1 (VALUE CHANGED)
[2026-02-02 00:30:07]   [emp_id: 5370] ✓ Updated: 17.33 → 17.45 (VALUE CHANGED)
[2026-02-02 00:30:07]   [emp_id: 5371] ✓ Updated: 9.68 → 9.85 (VALUE CHANGED)
[2026-02-02 00:30:07]   [emp_id: 5376] ✓ Updated: 11.93 → 12.05 (VALUE CHANGED)
[2026-02-02 00:30:07]   [emp_id: 5378] ✓ Updated: 19.76 → 19.93 (VALUE CHANGED)
[2026-02-02 00:30:07]   [emp_id: 5380] ✓ Updated: 18.34 → 18.46 (VALUE CHANGED)
[2026-02-02 00:30:07]   [emp_id: 5381] ✓ Updated: 12.2 → 12.37 (VALUE CHANGED)
[2026-02-02 00:30:07]   [emp_id: 5383] ✓ Updated: 17.51 → 17.68 (VALUE CHANGED)
[2026-02-02 00:30:07]   [emp_id: 5388] ✓ Updated: 29.12 → 29.24 (VALUE CHANGED)
[2026-02-02 00:30:07]   [emp_id: 5396] ✓ Updated: 30.36 → 30.48 (VALUE CHANGED)
[2026-02-02 00:30:07]   [emp_id: 5397] ✓ Updated: 21.82 → 21.94 (VALUE CHANGED)
[2026-02-02 00:30:07]   [emp_id: 5401] ✓ Updated: 24.93 → 25.05 (VALUE CHANGED)
[2026-02-02 00:30:07]   [emp_id: 5402] ✓ Updated: 25.05 → 25.17 (VALUE CHANGED)
[2026-02-02 00:30:07]   [emp_id: 5406] ✓ Updated: 18.77 → 18.89 (VALUE CHANGED)
[2026-02-02 00:30:07]   [emp_id: 5407] ✓ Updated: 18.28 → 18.45 (VALUE CHANGED)
[2026-02-02 00:30:07]   [emp_id: 5409] ✓ Updated: 18.11 → 18.23 (VALUE CHANGED)
[2026-02-02 00:30:07]   [emp_id: 5413] ✓ Updated: 30.68 → 30.85 (VALUE CHANGED)
[2026-02-02 00:30:07]   [emp_id: 5415] ✓ Updated: 6.28 → 6.45 (VALUE CHANGED)
[2026-02-02 00:30:07]   [emp_id: 5418] ✓ Updated: 17.17 → 17.29 (VALUE CHANGED)
[2026-02-02 00:30:07]   [emp_id: 5422] ✓ Updated: 23.01 → 23.18 (VALUE CHANGED)
[2026-02-02 00:30:07]   [emp_id: 5423] ✓ Updated: 5.7 → 5.87 (VALUE CHANGED)
[2026-02-02 00:30:08]   [emp_id: 5425] ✓ Updated: 15.72 → 15.84 (VALUE CHANGED)
[2026-02-02 00:30:08]   [emp_id: 5426] ✓ Updated: 4.25 → 4.42 (VALUE CHANGED)
[2026-02-02 00:30:08]   [emp_id: 5426] ✓ Updated: 4.25 → 4.42 (VALUE CHANGED)
[2026-02-02 00:30:08]   [emp_id: 5427] ✓ Updated: 15.83 → 15.95 (VALUE CHANGED)
[2026-02-02 00:30:08]   [emp_id: 5428] ✓ Updated: 15.72 → 15.84 (VALUE CHANGED)
[2026-02-02 00:30:08]   [emp_id: 5430] ✓ Updated: 20.07 → 20.24 (VALUE CHANGED)
[2026-02-02 00:30:08]   [emp_id: 5431] ✓ Updated: 14.84 → 14.96 (VALUE CHANGED)
[2026-02-02 00:30:08]   [emp_id: 5433] ✓ Updated: 14.86 → 14.98 (VALUE CHANGED)
[2026-02-02 00:30:08]   [emp_id: 5434] ✓ Updated: 14.61 → 14.73 (VALUE CHANGED)
[2026-02-02 00:30:08]   [emp_id: 5435] ✓ Updated: 14.55 → 14.67 (VALUE CHANGED)
[2026-02-02 00:30:08]   [emp_id: 5438] ✓ Updated: 17.93 → 18.1 (VALUE CHANGED)
[2026-02-02 00:30:08]   [emp_id: 5439] ✓ Updated: 27.43 → 27.6 (VALUE CHANGED)
[2026-02-02 00:30:08]   [emp_id: 5442] ✓ Updated: 16.43 → 16.6 (VALUE CHANGED)
[2026-02-02 00:30:08]   [emp_id: 5445] ✓ Updated: 9.01 → 9.13 (VALUE CHANGED)
[2026-02-02 00:30:08]   [emp_id: 5446] ✓ Updated: 9.01 → 9.13 (VALUE CHANGED)
[2026-02-02 00:30:08]   [emp_id: 5447] ✓ Updated: 8.95 → 9.07 (VALUE CHANGED)
[2026-02-02 00:30:08]   [emp_id: 5448] ✓ Updated: 3.45 → 3.62 (VALUE CHANGED)
[2026-02-02 00:30:08]   [emp_id: 5449] ✓ Updated: 7.03 → 7.15 (VALUE CHANGED)
[2026-02-02 00:30:08]   [emp_id: 5450] ✓ Updated: 6.97 → 7.09 (VALUE CHANGED)
[2026-02-02 00:30:08]   [emp_id: 5451] ✓ Updated: 6.97 → 7.09 (VALUE CHANGED)
[2026-02-02 00:30:08]   [emp_id: 5453] ✓ Updated: 6.81 → 6.93 (VALUE CHANGED)
[2026-02-02 00:30:08]   [emp_id: 5454] ✓ Updated: 9.51 → 9.68 (VALUE CHANGED)
[2026-02-02 00:30:08]   [emp_id: 5455] ✓ Updated: 3.76 → 3.93 (VALUE CHANGED)
[2026-02-02 00:30:08]   [emp_id: 5456] ✓ Updated: 8.76 → 8.93 (VALUE CHANGED)
[2026-02-02 00:30:08]   [emp_id: 5457] ✓ Updated: 6.06 → 6.18 (VALUE CHANGED)
[2026-02-02 00:30:08]   [emp_id: 5460] ✓ Updated: 7.41 → 7.58 (VALUE CHANGED)
[2026-02-02 00:30:08]   [emp_id: 5463] ✓ Updated: 6.74 → 6.91 (VALUE CHANGED)
[2026-02-02 00:30:08]   [emp_id: 5464] ✓ Updated: 6.74 → 6.91 (VALUE CHANGED)
[2026-02-02 00:30:08]   [emp_id: 5466] ✓ Updated: 4.49 → 4.66 (VALUE CHANGED)
[2026-02-02 00:30:08]   [emp_id: 5468] ✓ Updated: 2.36 → 2.53 (VALUE CHANGED)
[2026-02-02 00:30:08]   [emp_id: 5469] ✓ Updated: 2.27 → 2.44 (VALUE CHANGED)
[2026-02-02 00:30:08]   [emp_id: 5471] ✓ Updated: 1.12 → 1.29 (VALUE CHANGED)
[2026-02-02 00:30:08]   [emp_id: 5472] SKIPPED: Already updated today (2026-02-02 00:30:01)
[2026-02-02 00:30:08] Report saved to: /home/almutlak/public_html/hr/cron_logs/last_vacation_update_report.json
[2026-02-02 00:38:29] ========== CRON: Vacation Balance Update Started ==========
[2026-02-02 00:38:29] Force level: 0 (0=normal, 1=check missing, 2=full bypass)
[2026-02-02 00:38:29] Source: Default
[2026-02-02 10:17:47] ========== CRON: Vacation Balance Update Started ==========
[2026-02-02 10:17:47] Force level: 1 (0=normal, 1=check missing, 2=full bypass)
[2026-02-02 10:17:47] Source: Browser (?force=1)
[2026-02-02 10:17:47] FORCE LEVEL 1: Checking for missing records only
[2026-02-02 10:17:47] Database connection established
[2026-02-02 10:17:47] Found 433 active employees with balance records to update
[2026-02-02 10:17:47] (Only employees with status=1 will be processed)
[2026-02-02 10:17:47]   [emp_id: 1061] REFRESHED: 2.42 → 2.42 (not updated)
[2026-02-02 10:17:47]   [emp_id: 1496] REFRESHED: 19.27 → 19.27 (not updated)
[2026-02-02 10:17:47]   [emp_id: 1500] REFRESHED: 6.95 → 6.95 (not updated)
[2026-02-02 10:17:47]   [emp_id: 1574] REFRESHED: 36.18 → 36.18 (not updated)
[2026-02-02 10:17:47]   [emp_id: 1673] REFRESHED: 47.68 → 47.68 (not updated)
[2026-02-02 10:17:47]   [emp_id: 1685] REFRESHED: 17.6 → 17.6 (not updated)
[2026-02-02 10:17:47]   [emp_id: 1764] REFRESHED: 72.27 → 72.27 (not updated)
[2026-02-02 10:17:47]   [emp_id: 1805] REFRESHED: 66.6 → 66.6 (not updated)
[2026-02-02 10:17:47]   [emp_id: 1822] REFRESHED: 71.35 → 71.35 (not updated)
[2026-02-02 10:17:47]   [emp_id: 1837] REFRESHED: 27.52 → 27.52 (not updated)
[2026-02-02 10:17:47]   [emp_id: 1857] REFRESHED: 22.85 → 22.85 (not updated)
[2026-02-02 10:17:47]   [emp_id: 1861] REFRESHED: 73.68 → 73.68 (not updated)
[2026-02-02 10:17:47]   [emp_id: 1872] REFRESHED: 12.52 → 12.52 (not updated)
[2026-02-02 10:17:47]   [emp_id: 1897] REFRESHED: 7.85 → 7.85 (not updated)
[2026-02-02 10:17:47]   [emp_id: 1916] REFRESHED: 14.15 → 14.15 (not updated)
[2026-02-02 10:17:47]   [emp_id: 1928] REFRESHED: 67.1 → 67.1 (not updated)
[2026-02-02 10:17:47]   [emp_id: 1931] REFRESHED: 87.02 → 87.02 (not updated)
[2026-02-02 10:17:47]   [emp_id: 1944] REFRESHED: 45.18 → 45.18 (not updated)
[2026-02-02 10:17:47]   [emp_id: 1996] REFRESHED: 73.68 → 73.68 (not updated)
[2026-02-02 10:17:47]   [emp_id: 1997] REFRESHED: 38.85 → 38.85 (not updated)
[2026-02-02 10:17:47]   [emp_id: 1998] REFRESHED: 30.29 → 30.29 (not updated)
[2026-02-02 10:17:47]   [emp_id: 1999] REFRESHED: 31.29 → 31.29 (not updated)
[2026-02-02 10:17:47]   [emp_id: 2009] REFRESHED: 37.6 → 37.6 (not updated)
[2026-02-02 10:17:47]   [emp_id: 2048] REFRESHED: 27.43 → 27.43 (not updated)
[2026-02-02 10:17:47]   [emp_id: 2057] REFRESHED: 68.27 → 68.27 (not updated)
[2026-02-02 10:17:47]   [emp_id: 2079] REFRESHED: 50.6 → 50.6 (not updated)
[2026-02-02 10:17:47]   [emp_id: 2181] REFRESHED: 39.6 → 39.6 (not updated)
[2026-02-02 10:17:47]   [emp_id: 2190] REFRESHED: 8.93 → 8.93 (not updated)
[2026-02-02 10:17:47]   [emp_id: 2212] REFRESHED: 26.93 → 26.93 (not updated)
[2026-02-02 10:17:47]   [emp_id: 2226] REFRESHED: 71.68 → 71.68 (not updated)
[2026-02-02 10:17:47]   [emp_id: 2238] REFRESHED: 69.93 → 69.93 (not updated)
[2026-02-02 10:17:47]   [emp_id: 2285] REFRESHED: 38.6 → 38.6 (not updated)
[2026-02-02 10:17:47]   [emp_id: 2287] REFRESHED: 50.27 → 50.27 (not updated)
[2026-02-02 10:17:47]   [emp_id: 2288] REFRESHED: 5.29 → 5.29 (not updated)
[2026-02-02 10:17:47]   [emp_id: 2316] REFRESHED: 19.1 → 19.1 (not updated)
[2026-02-02 10:17:47]   [emp_id: 2337] REFRESHED: 40.18 → 40.18 (not updated)
[2026-02-02 10:17:47]   [emp_id: 2352] REFRESHED: 71.68 → 71.68 (not updated)
[2026-02-02 10:17:47]   [emp_id: 2358] REFRESHED: 8.18 → 8.18 (not updated)
[2026-02-02 10:17:47]   [emp_id: 2361] REFRESHED: 73.85 → 73.85 (not updated)
[2026-02-02 10:17:47]   [emp_id: 2363] REFRESHED: 76.43 → 76.43 (not updated)
[2026-02-02 10:17:47]   [emp_id: 2364] REFRESHED: 75.85 → 75.85 (not updated)
[2026-02-02 10:17:47]   [emp_id: 2367] REFRESHED: 103.52 → 103.52 (not updated)
[2026-02-02 10:17:47]   [emp_id: 2368] REFRESHED: 33.93 → 33.93 (not updated)
[2026-02-02 10:17:47]   [emp_id: 2372] REFRESHED: 71.18 → 71.18 (not updated)
[2026-02-02 10:17:47]   [emp_id: 2376] REFRESHED: 121.18 → 121.18 (not updated)
[2026-02-02 10:17:47]   [emp_id: 2423] REFRESHED: 21.93 → 21.93 (not updated)
[2026-02-02 10:17:47]   [emp_id: 2519] REFRESHED: 115.6 → 115.6 (not updated)
[2026-02-02 10:17:47]   [emp_id: 2522] REFRESHED: 59.18 → 59.18 (not updated)
[2026-02-02 10:17:47]   [emp_id: 2530] REFRESHED: 54.43 → 54.43 (not updated)
[2026-02-02 10:17:47]   [emp_id: 2539] REFRESHED: 51.18 → 51.18 (not updated)
[2026-02-02 10:17:47]   [emp_id: 2541] REFRESHED: 31.77 → 31.77 (not updated)
[2026-02-02 10:17:47]   [emp_id: 2550] REFRESHED: 97.93 → 97.93 (not updated)
[2026-02-02 10:17:47]   [emp_id: 2553] REFRESHED: 35.04 → 35.04 (not updated)
[2026-02-02 10:17:47]   [emp_id: 2554] REFRESHED: 41.52 → 41.52 (not updated)
[2026-02-02 10:17:47]   [emp_id: 2565] REFRESHED: 96.1 → 96.1 (not updated)
[2026-02-02 10:17:47]   [emp_id: 2572] REFRESHED: 46.1 → 46.1 (not updated)
[2026-02-02 10:17:47]   [emp_id: 2637] REFRESHED: 66.68 → 66.68 (not updated)
[2026-02-02 10:17:47]   [emp_id: 2642] REFRESHED: 79.43 → 79.43 (not updated)
[2026-02-02 10:17:47]   [emp_id: 2645] REFRESHED: 95.43 → 95.43 (not updated)
[2026-02-02 10:17:47]   [emp_id: 2648] REFRESHED: 47.1 → 47.1 (not updated)
[2026-02-02 10:17:47]   [emp_id: 2654] REFRESHED: 89.77 → 89.77 (not updated)
[2026-02-02 10:17:47]   [emp_id: 2688] REFRESHED: 27.85 → 27.85 (not updated)
[2026-02-02 10:17:47]   [emp_id: 2690] REFRESHED: 16.6 → 16.6 (not updated)
[2026-02-02 10:17:47]   [emp_id: 2709] REFRESHED: 38.85 → 38.85 (not updated)
[2026-02-02 10:17:47]   [emp_id: 2745] REFRESHED: 35.43 → 35.43 (not updated)
[2026-02-02 10:17:47]   [emp_id: 2843] REFRESHED: 82.02 → 82.02 (not updated)
[2026-02-02 10:17:47]   [emp_id: 2854] REFRESHED: 61.93 → 61.93 (not updated)
[2026-02-02 10:17:47]   [emp_id: 2869] REFRESHED: 5.85 → 5.85 (not updated)
[2026-02-02 10:17:47]   [emp_id: 2876] REFRESHED: 36.68 → 36.68 (not updated)
[2026-02-02 10:17:47]   [emp_id: 2924] REFRESHED: 17.85 → 17.85 (not updated)
[2026-02-02 10:17:47]   [emp_id: 2953] REFRESHED: 103.6 → 103.6 (not updated)
[2026-02-02 10:17:47]   [emp_id: 2961] REFRESHED: 13.6 → 13.6 (not updated)
[2026-02-02 10:17:47]   [emp_id: 2975] REFRESHED: 3.28 → 3.28 (not updated)
[2026-02-02 10:17:47]   [emp_id: 3013] REFRESHED: 12.6 → 12.6 (not updated)
[2026-02-02 10:17:47]   [emp_id: 3014] REFRESHED: 91.85 → 91.85 (not updated)
[2026-02-02 10:17:47]   [emp_id: 3015] REFRESHED: 3.1 → 3.1 (not updated)
[2026-02-02 10:17:47]   [emp_id: 3018] REFRESHED: 61.85 → 61.85 (not updated)
[2026-02-02 10:17:47]   [emp_id: 3025] REFRESHED: 25.62 → 25.62 (not updated)
[2026-02-02 10:17:47]   [emp_id: 3037] REFRESHED: 85.35 → 85.35 (not updated)
[2026-02-02 10:17:47]   [emp_id: 3047] REFRESHED: 73.6 → 73.6 (not updated)
[2026-02-02 10:17:47]   [emp_id: 3061] REFRESHED: 20.52 → 20.52 (not updated)
[2026-02-02 10:17:47]   [emp_id: 3062] REFRESHED: 53.68 → 53.68 (not updated)
[2026-02-02 10:17:47]   [emp_id: 3074] REFRESHED: 110.1 → 110.1 (not updated)
[2026-02-02 10:17:47]   [emp_id: 3089] REFRESHED: 9.02 → 9.02 (not updated)
[2026-02-02 10:17:47]   [emp_id: 3090] REFRESHED: 35.6 → 35.6 (not updated)
[2026-02-02 10:17:47]   [emp_id: 3091] REFRESHED: 47.6 → 47.6 (not updated)
[2026-02-02 10:17:47]   [emp_id: 3092] REFRESHED: 30.27 → 30.27 (not updated)
[2026-02-02 10:17:47]   [emp_id: 3105] REFRESHED: 50.6 → 50.6 (not updated)
[2026-02-02 10:17:47]   [emp_id: 3134] REFRESHED: 46.35 → 46.35 (not updated)
[2026-02-02 10:17:47]   [emp_id: 3140] REFRESHED: 43.43 → 43.43 (not updated)
[2026-02-02 10:17:47]   [emp_id: 3144] REFRESHED: 16.27 → 16.27 (not updated)
[2026-02-02 10:17:47]   [emp_id: 3156] REFRESHED: 19.6 → 19.6 (not updated)
[2026-02-02 10:17:48]   [emp_id: 3162] REFRESHED: 4.58 → 4.58 (not updated)
[2026-02-02 10:17:48]   [emp_id: 3163] REFRESHED: 7.85 → 7.85 (not updated)
[2026-02-02 10:17:48]   [emp_id: 3198] REFRESHED: 42.85 → 42.85 (not updated)
[2026-02-02 10:17:48]   [emp_id: 3205] REFRESHED: 19.52 → 19.52 (not updated)
[2026-02-02 10:17:48]   [emp_id: 3209] REFRESHED: 43.68 → 43.68 (not updated)
[2026-02-02 10:17:48]   [emp_id: 3223] REFRESHED: 92.6 → 92.6 (not updated)
[2026-02-02 10:17:48]   [emp_id: 3224] REFRESHED: 67.35 → 67.35 (not updated)
[2026-02-02 10:17:48]   [emp_id: 3230] REFRESHED: 90.77 → 90.77 (not updated)
[2026-02-02 10:17:48]   [emp_id: 3231] REFRESHED: 3.14 → 3.14 (not updated)
[2026-02-02 10:17:48]   [emp_id: 3233] REFRESHED: 83.6 → 83.6 (not updated)
[2026-02-02 10:17:48]   [emp_id: 3249] REFRESHED: 39.43 → 39.43 (not updated)
[2026-02-02 10:17:48]   [emp_id: 3250] REFRESHED: 12.43 → 12.43 (not updated)
[2026-02-02 10:17:48]   [emp_id: 3252] REFRESHED: 13.35 → 13.35 (not updated)
[2026-02-02 10:17:48]   [emp_id: 3254] REFRESHED: 23.85 → 23.85 (not updated)
[2026-02-02 10:17:48]   [emp_id: 3255] REFRESHED: 20.27 → 20.27 (not updated)
[2026-02-02 10:17:48]   [emp_id: 3256] REFRESHED: 16.52 → 16.52 (not updated)
[2026-02-02 10:17:48]   [emp_id: 3263] REFRESHED: 32.6 → 32.6 (not updated)
[2026-02-02 10:17:48]   [emp_id: 3265] REFRESHED: 28.18 → 28.18 (not updated)
[2026-02-02 10:17:48]   [emp_id: 3280] REFRESHED: 75.1 → 75.1 (not updated)
[2026-02-02 10:17:48]   [emp_id: 3286] REFRESHED: 18.27 → 18.27 (not updated)
[2026-02-02 10:17:48]   [emp_id: 3294] REFRESHED: 17.93 → 17.93 (not updated)
[2026-02-02 10:17:48]   [emp_id: 3321] REFRESHED: 75.1 → 75.1 (not updated)
[2026-02-02 10:17:48]   [emp_id: 3325] REFRESHED: 62.85 → 62.85 (not updated)
[2026-02-02 10:17:48]   [emp_id: 3329] REFRESHED: 65.18 → 65.18 (not updated)
[2026-02-02 10:17:48]   [emp_id: 3330] REFRESHED: 65.18 → 65.18 (not updated)
[2026-02-02 10:17:48]   [emp_id: 3332] REFRESHED: 65.18 → 65.18 (not updated)
[2026-02-02 10:17:48]   [emp_id: 3370] REFRESHED: 56.69 → 56.69 (not updated)
[2026-02-02 10:17:48]   [emp_id: 3384] REFRESHED: 17.35 → 17.35 (not updated)
[2026-02-02 10:17:48]   [emp_id: 3386] REFRESHED: 47.35 → 47.35 (not updated)
[2026-02-02 10:17:48]   [emp_id: 3431] REFRESHED: 21.77 → 21.77 (not updated)
[2026-02-02 10:17:48]   [emp_id: 3497] REFRESHED: 11.93 → 11.93 (not updated)
[2026-02-02 10:17:48]   [emp_id: 3532] REFRESHED: 2.77 → 2.77 (not updated)
[2026-02-02 10:17:48]   [emp_id: 3602] REFRESHED: 4.34 → 4.34 (not updated)
[2026-02-02 10:17:48]   [emp_id: 3618] REFRESHED: 26.32 → 26.32 (not updated)
[2026-02-02 10:17:48]   [emp_id: 3622] REFRESHED: 36.57 → 36.57 (not updated)
[2026-02-02 10:17:48]   [emp_id: 3627] REFRESHED: 12.27 → 12.27 (not updated)
[2026-02-02 10:17:48]   [emp_id: 3665] REFRESHED: 53.85 → 53.85 (not updated)
[2026-02-02 10:17:48]   [emp_id: 3705] REFRESHED: 29.9 → 29.9 (not updated)
[2026-02-02 10:17:48]   [emp_id: 3724] REFRESHED: 46.85 → 46.85 (not updated)
[2026-02-02 10:17:48]   [emp_id: 3726] REFRESHED: 63.27 → 63.27 (not updated)
[2026-02-02 10:17:48]   [emp_id: 3727] REFRESHED: 68.35 → 68.35 (not updated)
[2026-02-02 10:17:48]   [emp_id: 3728] REFRESHED: 12.68 → 12.68 (not updated)
[2026-02-02 10:17:48]   [emp_id: 3767] REFRESHED: 3.43 → 3.43 (not updated)
[2026-02-02 10:17:48]   [emp_id: 3768] REFRESHED: 59.68 → 59.68 (not updated)
[2026-02-02 10:17:48]   [emp_id: 3787] REFRESHED: 60.27 → 60.27 (not updated)
[2026-02-02 10:17:48]   [emp_id: 3790] REFRESHED: 4.82 → 4.82 (not updated)
[2026-02-02 10:17:48]   [emp_id: 3795] REFRESHED: 17.77 → 17.77 (not updated)
[2026-02-02 10:17:48]   [emp_id: 3798] REFRESHED: 96.18 → 96.18 (not updated)
[2026-02-02 10:17:48]   [emp_id: 3801] REFRESHED: 4.45 → 4.45 (not updated)
[2026-02-02 10:17:48]   [emp_id: 3802] REFRESHED: 33.43 → 33.43 (not updated)
[2026-02-02 10:17:48]   [emp_id: 3803] REFRESHED: 117.85 → 117.85 (not updated)
[2026-02-02 10:17:48]   [emp_id: 3810] REFRESHED: 63.85 → 63.85 (not updated)
[2026-02-02 10:17:48]   [emp_id: 3812] REFRESHED: 92.85 → 92.85 (not updated)
[2026-02-02 10:17:48]   [emp_id: 3815] REFRESHED: 92.85 → 92.85 (not updated)
[2026-02-02 10:17:48]   [emp_id: 3836] REFRESHED: 60.52 → 60.52 (not updated)
[2026-02-02 10:17:48]   [emp_id: 3855] REFRESHED: 53.68 → 53.68 (not updated)
[2026-02-02 10:17:48]   [emp_id: 3857] REFRESHED: 57.35 → 57.35 (not updated)
[2026-02-02 10:17:48]   [emp_id: 3862] REFRESHED: 105.43 → 105.43 (not updated)
[2026-02-02 10:17:48]   [emp_id: 3866] REFRESHED: 30.68 → 30.68 (not updated)
[2026-02-02 10:17:48]   [emp_id: 3876] REFRESHED: 26.85 → 26.85 (not updated)
[2026-02-02 10:17:48]   [emp_id: 3877] REFRESHED: 52.35 → 52.35 (not updated)
[2026-02-02 10:17:48]   [emp_id: 3897] REFRESHED: 40.6 → 40.6 (not updated)
[2026-02-02 10:17:48]   [emp_id: 3899] REFRESHED: 2.42 → 2.42 (not updated)
[2026-02-02 10:17:48]   [emp_id: 3928] REFRESHED: 16.68 → 16.68 (not updated)
[2026-02-02 10:17:48]   [emp_id: 3929] REFRESHED: 11.68 → 11.68 (not updated)
[2026-02-02 10:17:48]   [emp_id: 3935] REFRESHED: 96.68 → 96.68 (not updated)
[2026-02-02 10:17:48]   [emp_id: 3952] REFRESHED: 78.02 → 78.02 (not updated)
[2026-02-02 10:17:48]   [emp_id: 3987] REFRESHED: 16.93 → 16.93 (not updated)
[2026-02-02 10:17:48]   [emp_id: 4059] REFRESHED: 6.13 → 6.13 (not updated)
[2026-02-02 10:17:48]   [emp_id: 4119] REFRESHED: 59.6 → 59.6 (not updated)
[2026-02-02 10:17:48]   [emp_id: 4120] REFRESHED: 29.18 → 29.18 (not updated)
[2026-02-02 10:17:48]   [emp_id: 4124] REFRESHED: 29.7 → 29.7 (not updated)
[2026-02-02 10:17:48]   [emp_id: 4133] REFRESHED: 108.18 → 108.18 (not updated)
[2026-02-02 10:17:48]   [emp_id: 4134] REFRESHED: 29.18 → 29.18 (not updated)
[2026-02-02 10:17:48]   [emp_id: 4136] REFRESHED: 29.18 → 29.18 (not updated)
[2026-02-02 10:17:48]   [emp_id: 4150] REFRESHED: 27.85 → 27.85 (not updated)
[2026-02-02 10:17:48]   [emp_id: 4157] REFRESHED: 21.35 → 21.35 (not updated)
[2026-02-02 10:17:48]   [emp_id: 4172] REFRESHED: 14.48 → 14.48 (not updated)
[2026-02-02 10:17:48]   [emp_id: 4195] REFRESHED: 64.93 → 64.93 (not updated)
[2026-02-02 10:17:48]   [emp_id: 4215] REFRESHED: 47.6 → 47.6 (not updated)
[2026-02-02 10:17:48]   [emp_id: 4220] REFRESHED: 43.18 → 43.18 (not updated)
[2026-02-02 10:17:48]   [emp_id: 4273] REFRESHED: 11.85 → 11.85 (not updated)
[2026-02-02 10:17:48]   [emp_id: 4283] REFRESHED: 15.57 → 15.57 (not updated)
[2026-02-02 10:17:48]   [emp_id: 4288] REFRESHED: 2.42 → 2.42 (not updated)
[2026-02-02 10:17:48]   [emp_id: 4315] REFRESHED: 15.1 → 15.1 (not updated)
[2026-02-02 10:17:48]   [emp_id: 4328] REFRESHED: 44.4 → 44.4 (not updated)
[2026-02-02 10:17:48]   [emp_id: 4329] REFRESHED: 8.27 → 8.27 (not updated)
[2026-02-02 10:17:48]   [emp_id: 4338] REFRESHED: 49.85 → 49.85 (not updated)
[2026-02-02 10:17:48]   [emp_id: 4340] REFRESHED: 111.85 → 111.85 (not updated)
[2026-02-02 10:17:48]   [emp_id: 4365] REFRESHED: 63.27 → 63.27 (not updated)
[2026-02-02 10:17:48]   [emp_id: 4366] REFRESHED: 62.35 → 62.35 (not updated)
[2026-02-02 10:17:48]   [emp_id: 4403] REFRESHED: 88.18 → 88.18 (not updated)
[2026-02-02 10:17:48]   [emp_id: 4438] REFRESHED: 23.85 → 23.85 (not updated)
[2026-02-02 10:17:48]   [emp_id: 4465] REFRESHED: 14.73 → 14.73 (not updated)
[2026-02-02 10:17:48]   [emp_id: 4473] REFRESHED: 47.43 → 47.43 (not updated)
[2026-02-02 10:17:48]   [emp_id: 4474] REFRESHED: 5.24 → 5.24 (not updated)
[2026-02-02 10:17:48]   [emp_id: 4493] REFRESHED: 166.27 → 166.27 (not updated)
[2026-02-02 10:17:48]   [emp_id: 4526] REFRESHED: 38.52 → 38.52 (not updated)
[2026-02-02 10:17:48]   [emp_id: 4528] REFRESHED: 110.27 → 110.27 (not updated)
[2026-02-02 10:17:48]   [emp_id: 4528] REFRESHED: 110.27 → 110.27 (not updated)
[2026-02-02 10:17:48]   [emp_id: 4532] REFRESHED: 9.85 → 9.85 (not updated)
[2026-02-02 10:17:48]   [emp_id: 4533] REFRESHED: 38.68 → 38.68 (not updated)
[2026-02-02 10:17:48]   [emp_id: 4565] REFRESHED: 17.23 → 17.23 (not updated)
[2026-02-02 10:17:48]   [emp_id: 4567] REFRESHED: 21.48 → 21.48 (not updated)
[2026-02-02 10:17:48]   [emp_id: 4572] REFRESHED: 60.98 → 60.98 (not updated)
[2026-02-02 10:17:48]   [emp_id: 4631] REFRESHED: 17.23 → 17.23 (not updated)
[2026-02-02 10:17:48]   [emp_id: 4655] REFRESHED: 27.6 → 27.6 (not updated)
[2026-02-02 10:17:48]   [emp_id: 4709] REFRESHED: 42.85 → 42.85 (not updated)
[2026-02-02 10:17:48]   [emp_id: 4717] REFRESHED: 68.85 → 68.85 (not updated)
[2026-02-02 10:17:48]   [emp_id: 4736] REFRESHED: 30.68 → 30.68 (not updated)
[2026-02-02 10:17:48]   [emp_id: 4756] REFRESHED: 13.67 → 13.67 (not updated)
[2026-02-02 10:17:48]   [emp_id: 4768] REFRESHED: 16.35 → 16.35 (not updated)
[2026-02-02 10:17:48]   [emp_id: 4780] REFRESHED: 67.4 → 67.4 (not updated)
[2026-02-02 10:17:48]   [emp_id: 4820] REFRESHED: 101.68 → 101.68 (not updated)
[2026-02-02 10:17:48]   [emp_id: 4824] REFRESHED: 4.86 → 4.86 (not updated)
[2026-02-02 10:17:48]   [emp_id: 4825] REFRESHED: 33.43 → 33.43 (not updated)
[2026-02-02 10:17:48]   [emp_id: 4837] REFRESHED: 47.39 → 47.39 (not updated)
[2026-02-02 10:17:48]   [emp_id: 4840] REFRESHED: 47.39 → 47.39 (not updated)
[2026-02-02 10:17:48]   [emp_id: 4842] REFRESHED: 46.63 → 46.63 (not updated)
[2026-02-02 10:17:48]   [emp_id: 4843] REFRESHED: 47.16 → 47.16 (not updated)
[2026-02-02 10:17:48]   [emp_id: 4853] REFRESHED: 90.98 → 90.98 (not updated)
[2026-02-02 10:17:48]   [emp_id: 4856] REFRESHED: 44.3 → 44.3 (not updated)
[2026-02-02 10:17:48]   [emp_id: 4857] REFRESHED: 27.12 → 27.12 (not updated)
[2026-02-02 10:17:48]   [emp_id: 4858] REFRESHED: 24 → 24 (not updated)
[2026-02-02 10:17:48]   [emp_id: 4859] REFRESHED: 45.47 → 45.47 (not updated)
[2026-02-02 10:17:48]   [emp_id: 4860] REFRESHED: 9.97 → 9.97 (not updated)
[2026-02-02 10:17:48]   [emp_id: 4861] REFRESHED: 43.43 → 43.43 (not updated)
[2026-02-02 10:17:48]   [emp_id: 4869] REFRESHED: 86.31 → 86.31 (not updated)
[2026-02-02 10:17:48]   [emp_id: 4894] REFRESHED: 10.35 → 10.35 (not updated)
[2026-02-02 10:17:48]   [emp_id: 4897] REFRESHED: 25.21 → 25.21 (not updated)
[2026-02-02 10:17:48]   [emp_id: 4899] REFRESHED: 21.38 → 21.38 (not updated)
[2026-02-02 10:17:48]   [emp_id: 4902] REFRESHED: 20.8 → 20.8 (not updated)
[2026-02-02 10:17:48]   [emp_id: 4903] REFRESHED: 23.02 → 23.02 (not updated)
[2026-02-02 10:17:48]   [emp_id: 4905] REFRESHED: 21.68 → 21.68 (not updated)
[2026-02-02 10:17:48]   [emp_id: 4907] REFRESHED: 50.43 → 50.43 (not updated)
[2026-02-02 10:17:48]   [emp_id: 4917] REFRESHED: 18.64 → 18.64 (not updated)
[2026-02-02 10:17:48]   [emp_id: 4918] REFRESHED: 8.41 → 8.41 (not updated)
[2026-02-02 10:17:48]   [emp_id: 4919] REFRESHED: 60.7 → 60.7 (not updated)
[2026-02-02 10:17:48]   [emp_id: 4920] REFRESHED: 7.78 → 7.78 (not updated)
[2026-02-02 10:17:48]   [emp_id: 4921] REFRESHED: 19.87 → 19.87 (not updated)
[2026-02-02 10:17:48]   [emp_id: 4927] REFRESHED: 18.7 → 18.7 (not updated)
[2026-02-02 10:17:48]   [emp_id: 4929] REFRESHED: 20.22 → 20.22 (not updated)
[2026-02-02 10:17:48]   [emp_id: 4930] REFRESHED: 60.99 → 60.99 (not updated)
[2026-02-02 10:17:48]   [emp_id: 4932] REFRESHED: 18.99 → 18.99 (not updated)
[2026-02-02 10:17:48]   [emp_id: 4933] REFRESHED: 22.4 → 22.4 (not updated)
[2026-02-02 10:17:48]   [emp_id: 4949] REFRESHED: 25.83 → 25.83 (not updated)
[2026-02-02 10:17:48]   [emp_id: 4956] REFRESHED: 31.42 → 31.42 (not updated)
[2026-02-02 10:17:48]   [emp_id: 4957] REFRESHED: 27.09 → 27.09 (not updated)
[2026-02-02 10:17:48]   [emp_id: 4962] REFRESHED: 49.79 → 49.79 (not updated)
[2026-02-02 10:17:48]   [emp_id: 4969] REFRESHED: 49.1 → 49.1 (not updated)
[2026-02-02 10:17:48]   [emp_id: 4976] REFRESHED: 12.11 → 12.11 (not updated)
[2026-02-02 10:17:48]   [emp_id: 4984] REFRESHED: 40.35 → 40.35 (not updated)
[2026-02-02 10:17:48]   [emp_id: 4995] REFRESHED: 52.42 → 52.42 (not updated)
[2026-02-02 10:17:48]   [emp_id: 5004] REFRESHED: 29.05 → 29.05 (not updated)
[2026-02-02 10:17:48]   [emp_id: 5006] REFRESHED: 28.79 → 28.79 (not updated)
[2026-02-02 10:17:48]   [emp_id: 5011] REFRESHED: 8.2 → 8.2 (not updated)
[2026-02-02 10:17:48]   [emp_id: 5013] REFRESHED: 69.16 → 69.16 (not updated)
[2026-02-02 10:17:48]   [emp_id: 5018] REFRESHED: 5.65 → 5.65 (not updated)
[2026-02-02 10:17:48]   [emp_id: 5021] REFRESHED: 63.45 → 63.45 (not updated)
[2026-02-02 10:17:48]   [emp_id: 5024] REFRESHED: 3.67 → 3.67 (not updated)
[2026-02-02 10:17:48]   [emp_id: 5030] REFRESHED: 33.62 → 33.62 (not updated)
[2026-02-02 10:17:48]   [emp_id: 5033] REFRESHED: 12.42 → 12.42 (not updated)
[2026-02-02 10:17:48]   [emp_id: 5043] REFRESHED: 33.02 → 33.02 (not updated)
[2026-02-02 10:17:48]   [emp_id: 5045] REFRESHED: 29.52 → 29.52 (not updated)
[2026-02-02 10:17:48]   [emp_id: 5046] REFRESHED: 24.71 → 24.71 (not updated)
[2026-02-02 10:17:48]   [emp_id: 5049] REFRESHED: 1.1 → 1.1 (not updated)
[2026-02-02 10:17:48]   [emp_id: 5052] REFRESHED: 32.38 → 32.38 (not updated)
[2026-02-02 10:17:48]   [emp_id: 5055] REFRESHED: 20.82 → 20.82 (not updated)
[2026-02-02 10:17:48]   [emp_id: 5058] REFRESHED: 29.8 → 29.8 (not updated)
[2026-02-02 10:17:48]   [emp_id: 5062] REFRESHED: 41.63 → 41.63 (not updated)
[2026-02-02 10:17:48]   [emp_id: 5064] REFRESHED: 120.35 → 120.35 (not updated)
[2026-02-02 10:17:48]   [emp_id: 5065] REFRESHED: 41.04 → 41.04 (not updated)
[2026-02-02 10:17:48]   [emp_id: 5071] REFRESHED: 25.85 → 25.85 (not updated)
[2026-02-02 10:17:48]   [emp_id: 5073] REFRESHED: 15.64 → 15.64 (not updated)
[2026-02-02 10:17:48]   [emp_id: 5079] REFRESHED: 36.2 → 36.2 (not updated)
[2026-02-02 10:17:48]   [emp_id: 5080] REFRESHED: 29.53 → 29.53 (not updated)
[2026-02-02 10:17:48]   [emp_id: 5081] REFRESHED: 17.79 → 17.79 (not updated)
[2026-02-02 10:17:48]   [emp_id: 5087] REFRESHED: 37.83 → 37.83 (not updated)
[2026-02-02 10:17:48]   [emp_id: 5091] REFRESHED: 77.68 → 77.68 (not updated)
[2026-02-02 10:17:48]   [emp_id: 5093] REFRESHED: 17.02 → 17.02 (not updated)
[2026-02-02 10:17:48]   [emp_id: 5095] REFRESHED: 3.22 → 3.22 (not updated)
[2026-02-02 10:17:48]   [emp_id: 5101] REFRESHED: 19.1 → 19.1 (not updated)
[2026-02-02 10:17:48]   [emp_id: 5107] REFRESHED: 17.43 → 17.43 (not updated)
[2026-02-02 10:17:48]   [emp_id: 5109] REFRESHED: 14.68 → 14.68 (not updated)
[2026-02-02 10:17:48]   [emp_id: 5119] REFRESHED: 12.85 → 12.85 (not updated)
[2026-02-02 10:17:48]   [emp_id: 5122] REFRESHED: 10.02 → 10.02 (not updated)
[2026-02-02 10:17:48]   [emp_id: 5126] REFRESHED: 28.56 → 28.56 (not updated)
[2026-02-02 10:17:48]   [emp_id: 5127] REFRESHED: 1.35 → 1.35 (not updated)
[2026-02-02 10:17:48]   [emp_id: 5128] REFRESHED: 28.5 → 28.5 (not updated)
[2026-02-02 10:17:48]   [emp_id: 5138] REFRESHED: 52.68 → 52.68 (not updated)
[2026-02-02 10:17:48]   [emp_id: 5138] REFRESHED: 52.68 → 52.68 (not updated)
[2026-02-02 10:17:48]   [emp_id: 5141] REFRESHED: 36.87 → 36.87 (not updated)
[2026-02-02 10:17:48]   [emp_id: 5142] REFRESHED: 15.87 → 15.87 (not updated)
[2026-02-02 10:17:48]   [emp_id: 5146] REFRESHED: 22.87 → 22.87 (not updated)
[2026-02-02 10:17:48]   [emp_id: 5147] REFRESHED: 21.87 → 21.87 (not updated)
[2026-02-02 10:17:48]   [emp_id: 5148] REFRESHED: 27.22 → 27.22 (not updated)
[2026-02-02 10:17:48]   [emp_id: 5149] REFRESHED: 26.11 → 26.11 (not updated)
[2026-02-02 10:17:48]   [emp_id: 5150] REFRESHED: 25.47 → 25.47 (not updated)
[2026-02-02 10:17:48]   [emp_id: 5151] REFRESHED: 25.29 → 25.29 (not updated)
[2026-02-02 10:17:48]   [emp_id: 5152] REFRESHED: 5.71 → 5.71 (not updated)
[2026-02-02 10:17:48]   [emp_id: 5157] REFRESHED: 25.29 → 25.29 (not updated)
[2026-02-02 10:17:48]   [emp_id: 5160] REFRESHED: 25.29 → 25.29 (not updated)
[2026-02-02 10:17:48]   [emp_id: 5163] REFRESHED: 23.08 → 23.08 (not updated)
[2026-02-02 10:17:48]   [emp_id: 5165] REFRESHED: 4.12 → 4.12 (not updated)
[2026-02-02 10:17:48]   [emp_id: 5167] REFRESHED: 32.23 → 32.23 (not updated)
[2026-02-02 10:17:48]   [emp_id: 5168] REFRESHED: 24.77 → 24.77 (not updated)
[2026-02-02 10:17:48]   [emp_id: 5173] REFRESHED: 27.77 → 27.77 (not updated)
[2026-02-02 10:17:48]   [emp_id: 5174] REFRESHED: 25.23 → 25.23 (not updated)
[2026-02-02 10:17:48]   [emp_id: 5181] REFRESHED: 21.62 → 21.62 (not updated)
[2026-02-02 10:17:48]   [emp_id: 5186] REFRESHED: 27.15 → 27.15 (not updated)
[2026-02-02 10:17:48]   [emp_id: 5187] REFRESHED: 38.15 → 38.15 (not updated)
[2026-02-02 10:17:48]   [emp_id: 5204] REFRESHED: 25.27 → 25.27 (not updated)
[2026-02-02 10:17:48]   [emp_id: 5205] REFRESHED: 14.36 → 14.36 (not updated)
[2026-02-02 10:17:48]   [emp_id: 5209] REFRESHED: 17.36 → 17.36 (not updated)
[2026-02-02 10:17:48]   [emp_id: 5213] REFRESHED: 4.77 → 4.77 (not updated)
[2026-02-02 10:17:48]   [emp_id: 5214] REFRESHED: 3.61 → 3.61 (not updated)
[2026-02-02 10:17:48]   [emp_id: 5215] REFRESHED: 12.36 → 12.36 (not updated)
[2026-02-02 10:17:48]   [emp_id: 5217] REFRESHED: 11.36 → 11.36 (not updated)
[2026-02-02 10:17:48]   [emp_id: 5219] REFRESHED: 15.36 → 15.36 (not updated)
[2026-02-02 10:17:48]   [emp_id: 5221] REFRESHED: 4.67 → 4.67 (not updated)
[2026-02-02 10:17:48]   [emp_id: 5224] REFRESHED: 16.36 → 16.36 (not updated)
[2026-02-02 10:17:48]   [emp_id: 5225] REFRESHED: 8.67 → 8.67 (not updated)
[2026-02-02 10:17:48]   [emp_id: 5228] REFRESHED: 11.36 → 11.36 (not updated)
[2026-02-02 10:17:48]   [emp_id: 5229] REFRESHED: 7.36 → 7.36 (not updated)
[2026-02-02 10:17:48]   [emp_id: 5230] REFRESHED: 12.03 → 12.03 (not updated)
[2026-02-02 10:17:48]   [emp_id: 5231] REFRESHED: 8.36 → 8.36 (not updated)
[2026-02-02 10:17:48]   [emp_id: 5232] REFRESHED: 2.36 → 2.36 (not updated)
[2026-02-02 10:17:48]   [emp_id: 5233] REFRESHED: 6.36 → 6.36 (not updated)
[2026-02-02 10:17:48]   [emp_id: 5234] REFRESHED: 6.36 → 6.36 (not updated)
[2026-02-02 10:17:48]   [emp_id: 5235] REFRESHED: 1.8 → 1.8 (not updated)
[2026-02-02 10:17:48]   [emp_id: 5237] REFRESHED: 12.61 → 12.61 (not updated)
[2026-02-02 10:17:48]   [emp_id: 5239] REFRESHED: 9.36 → 9.36 (not updated)
[2026-02-02 10:17:48]   [emp_id: 5241] REFRESHED: 7.36 → 7.36 (not updated)
[2026-02-02 10:17:48]   [emp_id: 5242] REFRESHED: 17.36 → 17.36 (not updated)
[2026-02-02 10:17:48]   [emp_id: 5243] REFRESHED: 3.77 → 3.77 (not updated)
[2026-02-02 10:17:48]   [emp_id: 5244] REFRESHED: 1.8 → 1.8 (not updated)
[2026-02-02 10:17:48]   [emp_id: 5246] REFRESHED: 13.36 → 13.36 (not updated)
[2026-02-02 10:17:48]   [emp_id: 5253] REFRESHED: 26.23 → 26.23 (not updated)
[2026-02-02 10:17:48]   [emp_id: 5254] REFRESHED: 14.21 → 14.21 (not updated)
[2026-02-02 10:17:48]   [emp_id: 5257] REFRESHED: 13.92 → 13.92 (not updated)
[2026-02-02 10:17:48]   [emp_id: 5259] REFRESHED: 50.45 → 50.45 (not updated)
[2026-02-02 10:17:48]   [emp_id: 5261] REFRESHED: 18.87 → 18.87 (not updated)
[2026-02-02 10:17:48]   [emp_id: 5264] REFRESHED: 15.93 → 15.93 (not updated)
[2026-02-02 10:17:48]   [emp_id: 5266] REFRESHED: 22.55 → 22.55 (not updated)
[2026-02-02 10:17:48]   [emp_id: 5268] REFRESHED: 11.12 → 11.12 (not updated)
[2026-02-02 10:17:48]   [emp_id: 5271] REFRESHED: 9.78 → 9.78 (not updated)
[2026-02-02 10:17:48]   [emp_id: 5272] REFRESHED: 10.65 → 10.65 (not updated)
[2026-02-02 10:17:48]   [emp_id: 5273] REFRESHED: 25.72 → 25.72 (not updated)
[2026-02-02 10:17:48]   [emp_id: 5275] REFRESHED: 11.47 → 11.47 (not updated)
[2026-02-02 10:17:48]   [emp_id: 5276] REFRESHED: 25.74 → 25.74 (not updated)
[2026-02-02 10:17:48]   [emp_id: 5278] REFRESHED: 10.13 → 10.13 (not updated)
[2026-02-02 10:17:48]   [emp_id: 5280] REFRESHED: 20.53 → 20.53 (not updated)
[2026-02-02 10:17:48]   [emp_id: 5282] REFRESHED: 14.35 → 14.35 (not updated)
[2026-02-02 10:17:48]   [emp_id: 5285] REFRESHED: 30.53 → 30.53 (not updated)
[2026-02-02 10:17:48]   [emp_id: 5286] REFRESHED: 17.53 → 17.53 (not updated)
[2026-02-02 10:17:48]   [emp_id: 5287] REFRESHED: 51.83 → 51.83 (not updated)
[2026-02-02 10:17:48]   [emp_id: 5288] REFRESHED: 9.1 → 9.1 (not updated)
[2026-02-02 10:17:48]   [emp_id: 5289] REFRESHED: 50.38 → 50.38 (not updated)
[2026-02-02 10:17:48]   [emp_id: 5290] REFRESHED: 49.15 → 49.15 (not updated)
[2026-02-02 10:17:48]   [emp_id: 5291] REFRESHED: 7.15 → 7.15 (not updated)
[2026-02-02 10:17:48]   [emp_id: 5292] REFRESHED: 7.09 → 7.09 (not updated)
[2026-02-02 10:17:48]   [emp_id: 5293] REFRESHED: 10.61 → 10.61 (not updated)
[2026-02-02 10:17:48]   [emp_id: 5294] REFRESHED: 10.27 → 10.27 (not updated)
[2026-02-02 10:17:48]   [emp_id: 5295] REFRESHED: 23.33 → 23.33 (not updated)
[2026-02-02 10:17:48]   [emp_id: 5296] REFRESHED: 37.29 → 37.29 (not updated)
[2026-02-02 10:17:48]   [emp_id: 5297] REFRESHED: 47.75 → 47.75 (not updated)
[2026-02-02 10:17:48]   [emp_id: 5298] REFRESHED: 47.75 → 47.75 (not updated)
[2026-02-02 10:17:48]   [emp_id: 5299] REFRESHED: 47.75 → 47.75 (not updated)
[2026-02-02 10:17:48]   [emp_id: 5300] REFRESHED: 47.75 → 47.75 (not updated)
[2026-02-02 10:17:48]   [emp_id: 5301] REFRESHED: 5.57 → 5.57 (not updated)
[2026-02-02 10:17:48]   [emp_id: 5303] REFRESHED: 6 → 6 (not updated)
[2026-02-02 10:17:48]   [emp_id: 5304] REFRESHED: 2.75 → 2.75 (not updated)
[2026-02-02 10:17:48]   [emp_id: 5305] REFRESHED: 5.75 → 5.75 (not updated)
[2026-02-02 10:17:48]   [emp_id: 5306] REFRESHED: 47.46 → 47.46 (not updated)
[2026-02-02 10:17:48]   [emp_id: 5307] REFRESHED: 47.46 → 47.46 (not updated)
[2026-02-02 10:17:48]   [emp_id: 5312] REFRESHED: 1.8 → 1.8 (not updated)
[2026-02-02 10:17:48]   [emp_id: 5318] REFRESHED: 28.17 → 28.17 (not updated)
[2026-02-02 10:17:48]   [emp_id: 5325] REFRESHED: 2.13 → 2.13 (not updated)
[2026-02-02 10:17:48]   [emp_id: 5327] REFRESHED: 3.22 → 3.22 (not updated)
[2026-02-02 10:17:48]   [emp_id: 5337] REFRESHED: 38.18 → 38.18 (not updated)
[2026-02-02 10:17:48]   [emp_id: 5339] REFRESHED: 12.32 → 12.32 (not updated)
[2026-02-02 10:17:48]   [emp_id: 5343] REFRESHED: 48.1 → 48.1 (not updated)
[2026-02-02 10:17:48]   [emp_id: 5343] REFRESHED: 48.1 → 48.1 (not updated)
[2026-02-02 10:17:48]   [emp_id: 5345] REFRESHED: 17.93 → 17.93 (not updated)
[2026-02-02 10:17:48]   [emp_id: 5346] REFRESHED: 4.04 → 4.04 (not updated)
[2026-02-02 10:17:48]   [emp_id: 5351] REFRESHED: 18.98 → 18.98 (not updated)
[2026-02-02 10:17:48]   [emp_id: 5352] REFRESHED: 28.35 → 28.35 (not updated)
[2026-02-02 10:17:48]   [emp_id: 5370] REFRESHED: 17.63 → 17.63 (not updated)
[2026-02-02 10:17:48]   [emp_id: 5371] REFRESHED: 10.1 → 10.1 (not updated)
[2026-02-02 10:17:48]   [emp_id: 5376] REFRESHED: 12.23 → 12.23 (not updated)
[2026-02-02 10:17:48]   [emp_id: 5378] REFRESHED: 20.18 → 20.18 (not updated)
[2026-02-02 10:17:48]   [emp_id: 5380] REFRESHED: 18.64 → 18.64 (not updated)
[2026-02-02 10:17:48]   [emp_id: 5381] REFRESHED: 14.62 → 14.62 (not updated)
[2026-02-02 10:17:48]   [emp_id: 5383] REFRESHED: 17.93 → 17.93 (not updated)
[2026-02-02 10:17:48]   [emp_id: 5388] REFRESHED: 29.42 → 29.42 (not updated)
[2026-02-02 10:17:48]   [emp_id: 5396] REFRESHED: 30.66 → 30.66 (not updated)
[2026-02-02 10:17:48]   [emp_id: 5397] REFRESHED: 22.12 → 22.12 (not updated)
[2026-02-02 10:17:48]   [emp_id: 5401] REFRESHED: 25.23 → 25.23 (not updated)
[2026-02-02 10:17:48]   [emp_id: 5402] REFRESHED: 25.35 → 25.35 (not updated)
[2026-02-02 10:17:48]   [emp_id: 5406] REFRESHED: 19.07 → 19.07 (not updated)
[2026-02-02 10:17:48]   [emp_id: 5407] REFRESHED: 18.7 → 18.7 (not updated)
[2026-02-02 10:17:48]   [emp_id: 5409] REFRESHED: 18.41 → 18.41 (not updated)
[2026-02-02 10:17:48]   [emp_id: 5413] REFRESHED: 31.1 → 31.1 (not updated)
[2026-02-02 10:17:48]   [emp_id: 5414] REFRESHED: 30.77 → 30.77 (not updated)
[2026-02-02 10:17:48]   [emp_id: 5415] REFRESHED: 6.7 → 6.7 (not updated)
[2026-02-02 10:17:48]   [emp_id: 5418] REFRESHED: 17.47 → 17.47 (not updated)
[2026-02-02 10:17:48]   [emp_id: 5422] REFRESHED: 23.43 → 23.43 (not updated)
[2026-02-02 10:17:48]   [emp_id: 5423] REFRESHED: 8.12 → 8.12 (not updated)
[2026-02-02 10:17:48]   [emp_id: 5425] REFRESHED: 16.02 → 16.02 (not updated)
[2026-02-02 10:17:48]   [emp_id: 5426] REFRESHED: 4.67 → 4.67 (not updated)
[2026-02-02 10:17:48]   [emp_id: 5426] REFRESHED: 4.67 → 4.67 (not updated)
[2026-02-02 10:17:48]   [emp_id: 5427] REFRESHED: 16.13 → 16.13 (not updated)
[2026-02-02 10:17:48]   [emp_id: 5428] REFRESHED: 16.02 → 16.02 (not updated)
[2026-02-02 10:17:48]   [emp_id: 5430] REFRESHED: 20.49 → 20.49 (not updated)
[2026-02-02 10:17:48]   [emp_id: 5431] REFRESHED: 15.14 → 15.14 (not updated)
[2026-02-02 10:17:48]   [emp_id: 5433] REFRESHED: 15.16 → 15.16 (not updated)
[2026-02-02 10:17:48]   [emp_id: 5434] REFRESHED: 14.91 → 14.91 (not updated)
[2026-02-02 10:17:48]   [emp_id: 5435] REFRESHED: 14.85 → 14.85 (not updated)
[2026-02-02 10:17:48]   [emp_id: 5436] REFRESHED: 14.85 → 14.85 (not updated)
[2026-02-02 10:17:48]   [emp_id: 5438] REFRESHED: 18.35 → 18.35 (not updated)
[2026-02-02 10:17:48]   [emp_id: 5439] REFRESHED: 27.85 → 27.85 (not updated)
[2026-02-02 10:17:48]   [emp_id: 5442] REFRESHED: 16.85 → 16.85 (not updated)
[2026-02-02 10:17:48]   [emp_id: 5445] REFRESHED: 9.31 → 9.31 (not updated)
[2026-02-02 10:17:48]   [emp_id: 5446] REFRESHED: 9.31 → 9.31 (not updated)
[2026-02-02 10:17:48]   [emp_id: 5447] REFRESHED: 9.25 → 9.25 (not updated)
[2026-02-02 10:17:48]   [emp_id: 5448] REFRESHED: 3.87 → 3.87 (not updated)
[2026-02-02 10:17:48]   [emp_id: 5449] REFRESHED: 7.33 → 7.33 (not updated)
[2026-02-02 10:17:48]   [emp_id: 5450] REFRESHED: 7.27 → 7.27 (not updated)
[2026-02-02 10:17:48]   [emp_id: 5451] REFRESHED: 7.27 → 7.27 (not updated)
[2026-02-02 10:17:48]   [emp_id: 5453] REFRESHED: 7.11 → 7.11 (not updated)
[2026-02-02 10:17:48]   [emp_id: 5454] REFRESHED: 9.93 → 9.93 (not updated)
[2026-02-02 10:17:48]   [emp_id: 5455] REFRESHED: 4.18 → 4.18 (not updated)
[2026-02-02 10:17:48]   [emp_id: 5456] REFRESHED: 9.18 → 9.18 (not updated)
[2026-02-02 10:17:48]   [emp_id: 5457] REFRESHED: 6.36 → 6.36 (not updated)
[2026-02-02 10:17:48]   [emp_id: 5460] REFRESHED: 7.83 → 7.83 (not updated)
[2026-02-02 10:17:48]   [emp_id: 5463] REFRESHED: 7.16 → 7.16 (not updated)
[2026-02-02 10:17:48]   [emp_id: 5464] REFRESHED: 7.16 → 7.16 (not updated)
[2026-02-02 10:17:48]   [emp_id: 5466] REFRESHED: 4.91 → 4.91 (not updated)
[2026-02-02 10:17:48]   [emp_id: 5467] REFRESHED: 3.83 → 3.83 (not updated)
[2026-02-02 10:17:48]   [emp_id: 5468] REFRESHED: 2.78 → 2.78 (not updated)
[2026-02-02 10:17:48]   [emp_id: 5469] REFRESHED: 2.69 → 2.69 (not updated)
[2026-02-02 10:17:48] Report saved to: D:\xampp\htdocs\almutlak\system/cron_logs/last_vacation_update_report.json
[2026-02-02 10:17:59] ========== CRON: Vacation Balance Update Started ==========
[2026-02-02 10:17:59] Force level: 1 (0=normal, 1=check missing, 2=full bypass)
[2026-02-02 10:17:59] Source: Browser (?force=1)
[2026-02-02 10:17:59] FORCE LEVEL 1: Checking for missing records and refreshing values (NOT updating last_updated)
[2026-02-02 10:17:59] FORCE LEVEL 1: Checking for missing records only
[2026-02-02 10:17:59] Database connection established
[2026-02-02 10:17:59] Found 433 active employees with balance records to update
[2026-02-02 10:17:59] (Only employees with status=1 will be processed)
[2026-02-02 10:17:59]   [emp_id: 1061] REFRESHED: 2.42 → 2.42 (not updated)
[2026-02-02 10:17:59]   [emp_id: 1496] REFRESHED: 19.27 → 19.27 (not updated)
[2026-02-02 10:17:59]   [emp_id: 1500] REFRESHED: 6.95 → 6.95 (not updated)
[2026-02-02 10:17:59]   [emp_id: 1574] REFRESHED: 36.18 → 36.18 (not updated)
[2026-02-02 10:17:59]   [emp_id: 1673] REFRESHED: 47.68 → 47.68 (not updated)
[2026-02-02 10:17:59]   [emp_id: 1685] REFRESHED: 17.6 → 17.6 (not updated)
[2026-02-02 10:17:59]   [emp_id: 1764] REFRESHED: 72.27 → 72.27 (not updated)
[2026-02-02 10:17:59]   [emp_id: 1805] REFRESHED: 66.6 → 66.6 (not updated)
[2026-02-02 10:17:59]   [emp_id: 1822] REFRESHED: 71.35 → 71.35 (not updated)
[2026-02-02 10:17:59]   [emp_id: 1837] REFRESHED: 27.52 → 27.52 (not updated)
[2026-02-02 10:17:59]   [emp_id: 1857] REFRESHED: 22.85 → 22.85 (not updated)
[2026-02-02 10:17:59]   [emp_id: 1861] REFRESHED: 73.68 → 73.68 (not updated)
[2026-02-02 10:17:59]   [emp_id: 1872] REFRESHED: 12.52 → 12.52 (not updated)
[2026-02-02 10:17:59]   [emp_id: 1897] REFRESHED: 7.85 → 7.85 (not updated)
[2026-02-02 10:17:59]   [emp_id: 1916] REFRESHED: 14.15 → 14.15 (not updated)
[2026-02-02 10:17:59]   [emp_id: 1928] REFRESHED: 67.1 → 67.1 (not updated)
[2026-02-02 10:17:59]   [emp_id: 1931] REFRESHED: 87.02 → 87.02 (not updated)
[2026-02-02 10:17:59]   [emp_id: 1944] REFRESHED: 45.18 → 45.18 (not updated)
[2026-02-02 10:17:59]   [emp_id: 1996] REFRESHED: 73.68 → 73.68 (not updated)
[2026-02-02 10:17:59]   [emp_id: 1997] REFRESHED: 38.85 → 38.85 (not updated)
[2026-02-02 10:17:59]   [emp_id: 1998] REFRESHED: 30.29 → 30.29 (not updated)
[2026-02-02 10:17:59]   [emp_id: 1999] REFRESHED: 31.29 → 31.29 (not updated)
[2026-02-02 10:17:59]   [emp_id: 2009] REFRESHED: 37.6 → 37.6 (not updated)
[2026-02-02 10:17:59]   [emp_id: 2048] REFRESHED: 27.43 → 27.43 (not updated)
[2026-02-02 10:17:59]   [emp_id: 2057] REFRESHED: 68.27 → 68.27 (not updated)
[2026-02-02 10:17:59]   [emp_id: 2079] REFRESHED: 50.6 → 50.6 (not updated)
[2026-02-02 10:17:59]   [emp_id: 2181] REFRESHED: 39.6 → 39.6 (not updated)
[2026-02-02 10:17:59]   [emp_id: 2190] REFRESHED: 8.93 → 8.93 (not updated)
[2026-02-02 10:17:59]   [emp_id: 2212] REFRESHED: 26.93 → 26.93 (not updated)
[2026-02-02 10:17:59]   [emp_id: 2226] REFRESHED: 71.68 → 71.68 (not updated)
[2026-02-02 10:17:59]   [emp_id: 2238] REFRESHED: 69.93 → 69.93 (not updated)
[2026-02-02 10:17:59]   [emp_id: 2285] REFRESHED: 38.6 → 38.6 (not updated)
[2026-02-02 10:17:59]   [emp_id: 2287] REFRESHED: 50.27 → 50.27 (not updated)
[2026-02-02 10:17:59]   [emp_id: 2288] REFRESHED: 5.29 → 5.29 (not updated)
[2026-02-02 10:17:59]   [emp_id: 2316] REFRESHED: 19.1 → 19.1 (not updated)
[2026-02-02 10:17:59]   [emp_id: 2337] REFRESHED: 40.18 → 40.18 (not updated)
[2026-02-02 10:17:59]   [emp_id: 2352] REFRESHED: 71.68 → 71.68 (not updated)
[2026-02-02 10:17:59]   [emp_id: 2358] REFRESHED: 8.18 → 8.18 (not updated)
[2026-02-02 10:17:59]   [emp_id: 2361] REFRESHED: 73.85 → 73.85 (not updated)
[2026-02-02 10:17:59]   [emp_id: 2363] REFRESHED: 76.43 → 76.43 (not updated)
[2026-02-02 10:17:59]   [emp_id: 2364] REFRESHED: 75.85 → 75.85 (not updated)
[2026-02-02 10:17:59]   [emp_id: 2367] REFRESHED: 103.52 → 103.52 (not updated)
[2026-02-02 10:17:59]   [emp_id: 2368] REFRESHED: 33.93 → 33.93 (not updated)
[2026-02-02 10:17:59]   [emp_id: 2372] REFRESHED: 71.18 → 71.18 (not updated)
[2026-02-02 10:17:59]   [emp_id: 2376] REFRESHED: 121.18 → 121.18 (not updated)
[2026-02-02 10:17:59]   [emp_id: 2423] REFRESHED: 21.93 → 21.93 (not updated)
[2026-02-02 10:17:59]   [emp_id: 2519] REFRESHED: 115.6 → 115.6 (not updated)
[2026-02-02 10:17:59]   [emp_id: 2522] REFRESHED: 59.18 → 59.18 (not updated)
[2026-02-02 10:17:59]   [emp_id: 2530] REFRESHED: 54.43 → 54.43 (not updated)
[2026-02-02 10:17:59]   [emp_id: 2539] REFRESHED: 51.18 → 51.18 (not updated)
[2026-02-02 10:17:59]   [emp_id: 2541] REFRESHED: 31.77 → 31.77 (not updated)
[2026-02-02 10:17:59]   [emp_id: 2550] REFRESHED: 97.93 → 97.93 (not updated)
[2026-02-02 10:17:59]   [emp_id: 2553] REFRESHED: 35.04 → 35.04 (not updated)
[2026-02-02 10:17:59]   [emp_id: 2554] REFRESHED: 41.52 → 41.52 (not updated)
[2026-02-02 10:17:59]   [emp_id: 2565] REFRESHED: 96.1 → 96.1 (not updated)
[2026-02-02 10:17:59]   [emp_id: 2572] REFRESHED: 46.1 → 46.1 (not updated)
[2026-02-02 10:17:59]   [emp_id: 2637] REFRESHED: 66.68 → 66.68 (not updated)
[2026-02-02 10:17:59]   [emp_id: 2642] REFRESHED: 79.43 → 79.43 (not updated)
[2026-02-02 10:17:59]   [emp_id: 2645] REFRESHED: 95.43 → 95.43 (not updated)
[2026-02-02 10:17:59]   [emp_id: 2648] REFRESHED: 47.1 → 47.1 (not updated)
[2026-02-02 10:17:59]   [emp_id: 2654] REFRESHED: 89.77 → 89.77 (not updated)
[2026-02-02 10:17:59]   [emp_id: 2688] REFRESHED: 27.85 → 27.85 (not updated)
[2026-02-02 10:17:59]   [emp_id: 2690] REFRESHED: 16.6 → 16.6 (not updated)
[2026-02-02 10:17:59]   [emp_id: 2709] REFRESHED: 38.85 → 38.85 (not updated)
[2026-02-02 10:17:59]   [emp_id: 2745] REFRESHED: 35.43 → 35.43 (not updated)
[2026-02-02 10:17:59]   [emp_id: 2843] REFRESHED: 82.02 → 82.02 (not updated)
[2026-02-02 10:17:59]   [emp_id: 2854] REFRESHED: 61.93 → 61.93 (not updated)
[2026-02-02 10:17:59]   [emp_id: 2869] REFRESHED: 5.85 → 5.85 (not updated)
[2026-02-02 10:17:59]   [emp_id: 2876] REFRESHED: 36.68 → 36.68 (not updated)
[2026-02-02 10:17:59]   [emp_id: 2924] REFRESHED: 17.85 → 17.85 (not updated)
[2026-02-02 10:17:59]   [emp_id: 2953] REFRESHED: 103.6 → 103.6 (not updated)
[2026-02-02 10:17:59]   [emp_id: 2961] REFRESHED: 13.6 → 13.6 (not updated)
[2026-02-02 10:17:59]   [emp_id: 2975] REFRESHED: 3.28 → 3.28 (not updated)
[2026-02-02 10:17:59]   [emp_id: 3013] REFRESHED: 12.6 → 12.6 (not updated)
[2026-02-02 10:17:59]   [emp_id: 3014] REFRESHED: 91.85 → 91.85 (not updated)
[2026-02-02 10:17:59]   [emp_id: 3015] REFRESHED: 3.1 → 3.1 (not updated)
[2026-02-02 10:17:59]   [emp_id: 3018] REFRESHED: 61.85 → 61.85 (not updated)
[2026-02-02 10:17:59]   [emp_id: 3025] REFRESHED: 25.62 → 25.62 (not updated)
[2026-02-02 10:17:59]   [emp_id: 3037] REFRESHED: 85.35 → 85.35 (not updated)
[2026-02-02 10:17:59]   [emp_id: 3047] REFRESHED: 73.6 → 73.6 (not updated)
[2026-02-02 10:17:59]   [emp_id: 3061] REFRESHED: 20.52 → 20.52 (not updated)
[2026-02-02 10:17:59]   [emp_id: 3062] REFRESHED: 53.68 → 53.68 (not updated)
[2026-02-02 10:17:59]   [emp_id: 3074] REFRESHED: 110.1 → 110.1 (not updated)
[2026-02-02 10:17:59]   [emp_id: 3089] REFRESHED: 9.02 → 9.02 (not updated)
[2026-02-02 10:17:59]   [emp_id: 3090] REFRESHED: 35.6 → 35.6 (not updated)
[2026-02-02 10:17:59]   [emp_id: 3091] REFRESHED: 47.6 → 47.6 (not updated)
[2026-02-02 10:17:59]   [emp_id: 3092] REFRESHED: 30.27 → 30.27 (not updated)
[2026-02-02 10:17:59]   [emp_id: 3105] REFRESHED: 50.6 → 50.6 (not updated)
[2026-02-02 10:17:59]   [emp_id: 3134] REFRESHED: 46.35 → 46.35 (not updated)
[2026-02-02 10:17:59]   [emp_id: 3140] REFRESHED: 43.43 → 43.43 (not updated)
[2026-02-02 10:17:59]   [emp_id: 3144] REFRESHED: 16.27 → 16.27 (not updated)
[2026-02-02 10:17:59]   [emp_id: 3156] REFRESHED: 19.6 → 19.6 (not updated)
[2026-02-02 10:17:59]   [emp_id: 3162] REFRESHED: 4.58 → 4.58 (not updated)
[2026-02-02 10:17:59]   [emp_id: 3163] REFRESHED: 7.85 → 7.85 (not updated)
[2026-02-02 10:17:59]   [emp_id: 3198] REFRESHED: 42.85 → 42.85 (not updated)
[2026-02-02 10:17:59]   [emp_id: 3205] REFRESHED: 19.52 → 19.52 (not updated)
[2026-02-02 10:17:59]   [emp_id: 3209] REFRESHED: 43.68 → 43.68 (not updated)
[2026-02-02 10:17:59]   [emp_id: 3223] REFRESHED: 92.6 → 92.6 (not updated)
[2026-02-02 10:17:59]   [emp_id: 3224] REFRESHED: 67.35 → 67.35 (not updated)
[2026-02-02 10:17:59]   [emp_id: 3230] REFRESHED: 90.77 → 90.77 (not updated)
[2026-02-02 10:17:59]   [emp_id: 3231] REFRESHED: 3.14 → 3.14 (not updated)
[2026-02-02 10:17:59]   [emp_id: 3233] REFRESHED: 83.6 → 83.6 (not updated)
[2026-02-02 10:17:59]   [emp_id: 3249] REFRESHED: 39.43 → 39.43 (not updated)
[2026-02-02 10:17:59]   [emp_id: 3250] REFRESHED: 12.43 → 12.43 (not updated)
[2026-02-02 10:17:59]   [emp_id: 3252] REFRESHED: 13.35 → 13.35 (not updated)
[2026-02-02 10:17:59]   [emp_id: 3254] REFRESHED: 23.85 → 23.85 (not updated)
[2026-02-02 10:17:59]   [emp_id: 3255] REFRESHED: 20.27 → 20.27 (not updated)
[2026-02-02 10:17:59]   [emp_id: 3256] REFRESHED: 16.52 → 16.52 (not updated)
[2026-02-02 10:17:59]   [emp_id: 3263] REFRESHED: 32.6 → 32.6 (not updated)
[2026-02-02 10:17:59]   [emp_id: 3265] REFRESHED: 28.18 → 28.18 (not updated)
[2026-02-02 10:17:59]   [emp_id: 3280] REFRESHED: 75.1 → 75.1 (not updated)
[2026-02-02 10:17:59]   [emp_id: 3286] REFRESHED: 18.27 → 18.27 (not updated)
[2026-02-02 10:17:59]   [emp_id: 3294] REFRESHED: 17.93 → 17.93 (not updated)
[2026-02-02 10:17:59]   [emp_id: 3321] REFRESHED: 75.1 → 75.1 (not updated)
[2026-02-02 10:17:59]   [emp_id: 3325] REFRESHED: 62.85 → 62.85 (not updated)
[2026-02-02 10:17:59]   [emp_id: 3329] REFRESHED: 65.18 → 65.18 (not updated)
[2026-02-02 10:17:59]   [emp_id: 3330] REFRESHED: 65.18 → 65.18 (not updated)
[2026-02-02 10:17:59]   [emp_id: 3332] REFRESHED: 65.18 → 65.18 (not updated)
[2026-02-02 10:17:59]   [emp_id: 3370] REFRESHED: 56.69 → 56.69 (not updated)
[2026-02-02 10:17:59]   [emp_id: 3384] REFRESHED: 17.35 → 17.35 (not updated)
[2026-02-02 10:17:59]   [emp_id: 3386] REFRESHED: 47.35 → 47.35 (not updated)
[2026-02-02 10:17:59]   [emp_id: 3431] REFRESHED: 21.77 → 21.77 (not updated)
[2026-02-02 10:17:59]   [emp_id: 3497] REFRESHED: 11.93 → 11.93 (not updated)
[2026-02-02 10:17:59]   [emp_id: 3532] REFRESHED: 2.77 → 2.77 (not updated)
[2026-02-02 10:17:59]   [emp_id: 3602] REFRESHED: 4.34 → 4.34 (not updated)
[2026-02-02 10:17:59]   [emp_id: 3618] REFRESHED: 26.32 → 26.32 (not updated)
[2026-02-02 10:17:59]   [emp_id: 3622] REFRESHED: 36.57 → 36.57 (not updated)
[2026-02-02 10:17:59]   [emp_id: 3627] REFRESHED: 12.27 → 12.27 (not updated)
[2026-02-02 10:17:59]   [emp_id: 3665] REFRESHED: 53.85 → 53.85 (not updated)
[2026-02-02 10:17:59]   [emp_id: 3705] REFRESHED: 29.9 → 29.9 (not updated)
[2026-02-02 10:17:59]   [emp_id: 3724] REFRESHED: 46.85 → 46.85 (not updated)
[2026-02-02 10:17:59]   [emp_id: 3726] REFRESHED: 63.27 → 63.27 (not updated)
[2026-02-02 10:17:59]   [emp_id: 3727] REFRESHED: 68.35 → 68.35 (not updated)
[2026-02-02 10:17:59]   [emp_id: 3728] REFRESHED: 12.68 → 12.68 (not updated)
[2026-02-02 10:17:59]   [emp_id: 3767] REFRESHED: 3.43 → 3.43 (not updated)
[2026-02-02 10:17:59]   [emp_id: 3768] REFRESHED: 59.68 → 59.68 (not updated)
[2026-02-02 10:17:59]   [emp_id: 3787] REFRESHED: 60.27 → 60.27 (not updated)
[2026-02-02 10:17:59]   [emp_id: 3790] REFRESHED: 4.82 → 4.82 (not updated)
[2026-02-02 10:17:59]   [emp_id: 3795] REFRESHED: 17.77 → 17.77 (not updated)
[2026-02-02 10:17:59]   [emp_id: 3798] REFRESHED: 96.18 → 96.18 (not updated)
[2026-02-02 10:17:59]   [emp_id: 3801] REFRESHED: 4.45 → 4.45 (not updated)
[2026-02-02 10:17:59]   [emp_id: 3802] REFRESHED: 33.43 → 33.43 (not updated)
[2026-02-02 10:17:59]   [emp_id: 3803] REFRESHED: 117.85 → 117.85 (not updated)
[2026-02-02 10:17:59]   [emp_id: 3810] REFRESHED: 63.85 → 63.85 (not updated)
[2026-02-02 10:17:59]   [emp_id: 3812] REFRESHED: 92.85 → 92.85 (not updated)
[2026-02-02 10:17:59]   [emp_id: 3815] REFRESHED: 92.85 → 92.85 (not updated)
[2026-02-02 10:17:59]   [emp_id: 3836] REFRESHED: 60.52 → 60.52 (not updated)
[2026-02-02 10:17:59]   [emp_id: 3855] REFRESHED: 53.68 → 53.68 (not updated)
[2026-02-02 10:17:59]   [emp_id: 3857] REFRESHED: 57.35 → 57.35 (not updated)
[2026-02-02 10:17:59]   [emp_id: 3862] REFRESHED: 105.43 → 105.43 (not updated)
[2026-02-02 10:17:59]   [emp_id: 3866] REFRESHED: 30.68 → 30.68 (not updated)
[2026-02-02 10:17:59]   [emp_id: 3876] REFRESHED: 26.85 → 26.85 (not updated)
[2026-02-02 10:17:59]   [emp_id: 3877] REFRESHED: 52.35 → 52.35 (not updated)
[2026-02-02 10:17:59]   [emp_id: 3897] REFRESHED: 40.6 → 40.6 (not updated)
[2026-02-02 10:17:59]   [emp_id: 3899] REFRESHED: 2.42 → 2.42 (not updated)
[2026-02-02 10:17:59]   [emp_id: 3928] REFRESHED: 16.68 → 16.68 (not updated)
[2026-02-02 10:17:59]   [emp_id: 3929] REFRESHED: 11.68 → 11.68 (not updated)
[2026-02-02 10:17:59]   [emp_id: 3935] REFRESHED: 96.68 → 96.68 (not updated)
[2026-02-02 10:17:59]   [emp_id: 3952] REFRESHED: 78.02 → 78.02 (not updated)
[2026-02-02 10:17:59]   [emp_id: 3987] REFRESHED: 16.93 → 16.93 (not updated)
[2026-02-02 10:17:59]   [emp_id: 4059] REFRESHED: 6.13 → 6.13 (not updated)
[2026-02-02 10:17:59]   [emp_id: 4119] REFRESHED: 59.6 → 59.6 (not updated)
[2026-02-02 10:17:59]   [emp_id: 4120] REFRESHED: 29.18 → 29.18 (not updated)
[2026-02-02 10:17:59]   [emp_id: 4124] REFRESHED: 29.7 → 29.7 (not updated)
[2026-02-02 10:17:59]   [emp_id: 4133] REFRESHED: 108.18 → 108.18 (not updated)
[2026-02-02 10:17:59]   [emp_id: 4134] REFRESHED: 29.18 → 29.18 (not updated)
[2026-02-02 10:17:59]   [emp_id: 4136] REFRESHED: 29.18 → 29.18 (not updated)
[2026-02-02 10:17:59]   [emp_id: 4150] REFRESHED: 27.85 → 27.85 (not updated)
[2026-02-02 10:17:59]   [emp_id: 4157] REFRESHED: 21.35 → 21.35 (not updated)
[2026-02-02 10:17:59]   [emp_id: 4172] REFRESHED: 14.48 → 14.48 (not updated)
[2026-02-02 10:17:59]   [emp_id: 4195] REFRESHED: 64.93 → 64.93 (not updated)
[2026-02-02 10:17:59]   [emp_id: 4215] REFRESHED: 47.6 → 47.6 (not updated)
[2026-02-02 10:17:59]   [emp_id: 4220] REFRESHED: 43.18 → 43.18 (not updated)
[2026-02-02 10:17:59]   [emp_id: 4273] REFRESHED: 11.85 → 11.85 (not updated)
[2026-02-02 10:17:59]   [emp_id: 4283] REFRESHED: 15.57 → 15.57 (not updated)
[2026-02-02 10:17:59]   [emp_id: 4288] REFRESHED: 2.42 → 2.42 (not updated)
[2026-02-02 10:17:59]   [emp_id: 4315] REFRESHED: 15.1 → 15.1 (not updated)
[2026-02-02 10:17:59]   [emp_id: 4328] REFRESHED: 44.4 → 44.4 (not updated)
[2026-02-02 10:17:59]   [emp_id: 4329] REFRESHED: 8.27 → 8.27 (not updated)
[2026-02-02 10:17:59]   [emp_id: 4338] REFRESHED: 49.85 → 49.85 (not updated)
[2026-02-02 10:17:59]   [emp_id: 4340] REFRESHED: 111.85 → 111.85 (not updated)
[2026-02-02 10:17:59]   [emp_id: 4365] REFRESHED: 63.27 → 63.27 (not updated)
[2026-02-02 10:17:59]   [emp_id: 4366] REFRESHED: 62.35 → 62.35 (not updated)
[2026-02-02 10:17:59]   [emp_id: 4403] REFRESHED: 88.18 → 88.18 (not updated)
[2026-02-02 10:17:59]   [emp_id: 4438] REFRESHED: 23.85 → 23.85 (not updated)
[2026-02-02 10:17:59]   [emp_id: 4465] REFRESHED: 14.73 → 14.73 (not updated)
[2026-02-02 10:17:59]   [emp_id: 4473] REFRESHED: 47.43 → 47.43 (not updated)
[2026-02-02 10:17:59]   [emp_id: 4474] REFRESHED: 5.24 → 5.24 (not updated)
[2026-02-02 10:17:59]   [emp_id: 4493] REFRESHED: 166.27 → 166.27 (not updated)
[2026-02-02 10:17:59]   [emp_id: 4526] REFRESHED: 38.52 → 38.52 (not updated)
[2026-02-02 10:17:59]   [emp_id: 4528] REFRESHED: 110.27 → 110.27 (not updated)
[2026-02-02 10:17:59]   [emp_id: 4528] REFRESHED: 110.27 → 110.27 (not updated)
[2026-02-02 10:17:59]   [emp_id: 4532] REFRESHED: 9.85 → 9.85 (not updated)
[2026-02-02 10:17:59]   [emp_id: 4533] REFRESHED: 38.68 → 38.68 (not updated)
[2026-02-02 10:17:59]   [emp_id: 4565] REFRESHED: 17.23 → 17.23 (not updated)
[2026-02-02 10:17:59]   [emp_id: 4567] REFRESHED: 21.48 → 21.48 (not updated)
[2026-02-02 10:17:59]   [emp_id: 4572] REFRESHED: 60.98 → 60.98 (not updated)
[2026-02-02 10:17:59]   [emp_id: 4631] REFRESHED: 17.23 → 17.23 (not updated)
[2026-02-02 10:17:59]   [emp_id: 4655] REFRESHED: 27.6 → 27.6 (not updated)
[2026-02-02 10:17:59]   [emp_id: 4709] REFRESHED: 42.85 → 42.85 (not updated)
[2026-02-02 10:17:59]   [emp_id: 4717] REFRESHED: 68.85 → 68.85 (not updated)
[2026-02-02 10:17:59]   [emp_id: 4736] REFRESHED: 30.68 → 30.68 (not updated)
[2026-02-02 10:17:59]   [emp_id: 4756] REFRESHED: 13.67 → 13.67 (not updated)
[2026-02-02 10:17:59]   [emp_id: 4768] REFRESHED: 16.35 → 16.35 (not updated)
[2026-02-02 10:17:59]   [emp_id: 4780] REFRESHED: 67.4 → 67.4 (not updated)
[2026-02-02 10:17:59]   [emp_id: 4820] REFRESHED: 101.68 → 101.68 (not updated)
[2026-02-02 10:17:59]   [emp_id: 4824] REFRESHED: 4.86 → 4.86 (not updated)
[2026-02-02 10:17:59]   [emp_id: 4825] REFRESHED: 33.43 → 33.43 (not updated)
[2026-02-02 10:17:59]   [emp_id: 4837] REFRESHED: 47.39 → 47.39 (not updated)
[2026-02-02 10:17:59]   [emp_id: 4840] REFRESHED: 47.39 → 47.39 (not updated)
[2026-02-02 10:17:59]   [emp_id: 4842] REFRESHED: 46.63 → 46.63 (not updated)
[2026-02-02 10:17:59]   [emp_id: 4843] REFRESHED: 47.16 → 47.16 (not updated)
[2026-02-02 10:17:59]   [emp_id: 4853] REFRESHED: 90.98 → 90.98 (not updated)
[2026-02-02 10:17:59]   [emp_id: 4856] REFRESHED: 44.3 → 44.3 (not updated)
[2026-02-02 10:17:59]   [emp_id: 4857] REFRESHED: 27.12 → 27.12 (not updated)
[2026-02-02 10:17:59]   [emp_id: 4858] REFRESHED: 24 → 24 (not updated)
[2026-02-02 10:17:59]   [emp_id: 4859] REFRESHED: 45.47 → 45.47 (not updated)
[2026-02-02 10:17:59]   [emp_id: 4860] REFRESHED: 9.97 → 9.97 (not updated)
[2026-02-02 10:17:59]   [emp_id: 4861] REFRESHED: 43.43 → 43.43 (not updated)
[2026-02-02 10:17:59]   [emp_id: 4869] REFRESHED: 86.31 → 86.31 (not updated)
[2026-02-02 10:17:59]   [emp_id: 4894] REFRESHED: 10.35 → 10.35 (not updated)
[2026-02-02 10:17:59]   [emp_id: 4897] REFRESHED: 25.21 → 25.21 (not updated)
[2026-02-02 10:17:59]   [emp_id: 4899] REFRESHED: 21.38 → 21.38 (not updated)
[2026-02-02 10:17:59]   [emp_id: 4902] REFRESHED: 20.8 → 20.8 (not updated)
[2026-02-02 10:17:59]   [emp_id: 4903] REFRESHED: 23.02 → 23.02 (not updated)
[2026-02-02 10:17:59]   [emp_id: 4905] REFRESHED: 21.68 → 21.68 (not updated)
[2026-02-02 10:17:59]   [emp_id: 4907] REFRESHED: 50.43 → 50.43 (not updated)
[2026-02-02 10:17:59]   [emp_id: 4917] REFRESHED: 18.64 → 18.64 (not updated)
[2026-02-02 10:17:59]   [emp_id: 4918] REFRESHED: 8.41 → 8.41 (not updated)
[2026-02-02 10:17:59]   [emp_id: 4919] REFRESHED: 60.7 → 60.7 (not updated)
[2026-02-02 10:17:59]   [emp_id: 4920] REFRESHED: 7.78 → 7.78 (not updated)
[2026-02-02 10:17:59]   [emp_id: 4921] REFRESHED: 19.87 → 19.87 (not updated)
[2026-02-02 10:17:59]   [emp_id: 4927] REFRESHED: 18.7 → 18.7 (not updated)
[2026-02-02 10:17:59]   [emp_id: 4929] REFRESHED: 20.22 → 20.22 (not updated)
[2026-02-02 10:17:59]   [emp_id: 4930] REFRESHED: 60.99 → 60.99 (not updated)
[2026-02-02 10:17:59]   [emp_id: 4932] REFRESHED: 18.99 → 18.99 (not updated)
[2026-02-02 10:17:59]   [emp_id: 4933] REFRESHED: 22.4 → 22.4 (not updated)
[2026-02-02 10:17:59]   [emp_id: 4949] REFRESHED: 25.83 → 25.83 (not updated)
[2026-02-02 10:17:59]   [emp_id: 4956] REFRESHED: 31.42 → 31.42 (not updated)
[2026-02-02 10:17:59]   [emp_id: 4957] REFRESHED: 27.09 → 27.09 (not updated)
[2026-02-02 10:17:59]   [emp_id: 4962] REFRESHED: 49.79 → 49.79 (not updated)
[2026-02-02 10:17:59]   [emp_id: 4969] REFRESHED: 49.1 → 49.1 (not updated)
[2026-02-02 10:17:59]   [emp_id: 4976] REFRESHED: 12.11 → 12.11 (not updated)
[2026-02-02 10:17:59]   [emp_id: 4984] REFRESHED: 40.35 → 40.35 (not updated)
[2026-02-02 10:17:59]   [emp_id: 4995] REFRESHED: 52.42 → 52.42 (not updated)
[2026-02-02 10:17:59]   [emp_id: 5004] REFRESHED: 29.05 → 29.05 (not updated)
[2026-02-02 10:17:59]   [emp_id: 5006] REFRESHED: 28.79 → 28.79 (not updated)
[2026-02-02 10:17:59]   [emp_id: 5011] REFRESHED: 8.2 → 8.2 (not updated)
[2026-02-02 10:17:59]   [emp_id: 5013] REFRESHED: 69.16 → 69.16 (not updated)
[2026-02-02 10:17:59]   [emp_id: 5018] REFRESHED: 5.65 → 5.65 (not updated)
[2026-02-02 10:17:59]   [emp_id: 5021] REFRESHED: 63.45 → 63.45 (not updated)
[2026-02-02 10:17:59]   [emp_id: 5024] REFRESHED: 3.67 → 3.67 (not updated)
[2026-02-02 10:17:59]   [emp_id: 5030] REFRESHED: 33.62 → 33.62 (not updated)
[2026-02-02 10:17:59]   [emp_id: 5033] REFRESHED: 12.42 → 12.42 (not updated)
[2026-02-02 10:17:59]   [emp_id: 5043] REFRESHED: 33.02 → 33.02 (not updated)
[2026-02-02 10:17:59]   [emp_id: 5045] REFRESHED: 29.52 → 29.52 (not updated)
[2026-02-02 10:17:59]   [emp_id: 5046] REFRESHED: 24.71 → 24.71 (not updated)
[2026-02-02 10:17:59]   [emp_id: 5049] REFRESHED: 1.1 → 1.1 (not updated)
[2026-02-02 10:17:59]   [emp_id: 5052] REFRESHED: 32.38 → 32.38 (not updated)
[2026-02-02 10:17:59]   [emp_id: 5055] REFRESHED: 20.82 → 20.82 (not updated)
[2026-02-02 10:17:59]   [emp_id: 5058] REFRESHED: 29.8 → 29.8 (not updated)
[2026-02-02 10:17:59]   [emp_id: 5062] REFRESHED: 41.63 → 41.63 (not updated)
[2026-02-02 10:17:59]   [emp_id: 5064] REFRESHED: 120.35 → 120.35 (not updated)
[2026-02-02 10:17:59]   [emp_id: 5065] REFRESHED: 41.04 → 41.04 (not updated)
[2026-02-02 10:17:59]   [emp_id: 5071] REFRESHED: 25.85 → 25.85 (not updated)
[2026-02-02 10:17:59]   [emp_id: 5073] REFRESHED: 15.64 → 15.64 (not updated)
[2026-02-02 10:17:59]   [emp_id: 5079] REFRESHED: 36.2 → 36.2 (not updated)
[2026-02-02 10:17:59]   [emp_id: 5080] REFRESHED: 29.53 → 29.53 (not updated)
[2026-02-02 10:17:59]   [emp_id: 5081] REFRESHED: 17.79 → 17.79 (not updated)
[2026-02-02 10:17:59]   [emp_id: 5087] REFRESHED: 37.83 → 37.83 (not updated)
[2026-02-02 10:17:59]   [emp_id: 5091] REFRESHED: 77.68 → 77.68 (not updated)
[2026-02-02 10:17:59]   [emp_id: 5093] REFRESHED: 17.02 → 17.02 (not updated)
[2026-02-02 10:17:59]   [emp_id: 5095] REFRESHED: 3.22 → 3.22 (not updated)
[2026-02-02 10:17:59]   [emp_id: 5101] REFRESHED: 19.1 → 19.1 (not updated)
[2026-02-02 10:17:59]   [emp_id: 5107] REFRESHED: 17.43 → 17.43 (not updated)
[2026-02-02 10:17:59]   [emp_id: 5109] REFRESHED: 14.68 → 14.68 (not updated)
[2026-02-02 10:17:59]   [emp_id: 5119] REFRESHED: 12.85 → 12.85 (not updated)
[2026-02-02 10:17:59]   [emp_id: 5122] REFRESHED: 10.02 → 10.02 (not updated)
[2026-02-02 10:17:59]   [emp_id: 5126] REFRESHED: 28.56 → 28.56 (not updated)
[2026-02-02 10:17:59]   [emp_id: 5127] REFRESHED: 1.35 → 1.35 (not updated)
[2026-02-02 10:17:59]   [emp_id: 5128] REFRESHED: 28.5 → 28.5 (not updated)
[2026-02-02 10:17:59]   [emp_id: 5138] REFRESHED: 52.68 → 52.68 (not updated)
[2026-02-02 10:17:59]   [emp_id: 5138] REFRESHED: 52.68 → 52.68 (not updated)
[2026-02-02 10:17:59]   [emp_id: 5141] REFRESHED: 36.87 → 36.87 (not updated)
[2026-02-02 10:17:59]   [emp_id: 5142] REFRESHED: 15.87 → 15.87 (not updated)
[2026-02-02 10:17:59]   [emp_id: 5146] REFRESHED: 22.87 → 22.87 (not updated)
[2026-02-02 10:17:59]   [emp_id: 5147] REFRESHED: 21.87 → 21.87 (not updated)
[2026-02-02 10:17:59]   [emp_id: 5148] REFRESHED: 27.22 → 27.22 (not updated)
[2026-02-02 10:17:59]   [emp_id: 5149] REFRESHED: 26.11 → 26.11 (not updated)
[2026-02-02 10:17:59]   [emp_id: 5150] REFRESHED: 25.47 → 25.47 (not updated)
[2026-02-02 10:17:59]   [emp_id: 5151] REFRESHED: 25.29 → 25.29 (not updated)
[2026-02-02 10:17:59]   [emp_id: 5152] REFRESHED: 5.71 → 5.71 (not updated)
[2026-02-02 10:17:59]   [emp_id: 5157] REFRESHED: 25.29 → 25.29 (not updated)
[2026-02-02 10:17:59]   [emp_id: 5160] REFRESHED: 25.29 → 25.29 (not updated)
[2026-02-02 10:17:59]   [emp_id: 5163] REFRESHED: 23.08 → 23.08 (not updated)
[2026-02-02 10:17:59]   [emp_id: 5165] REFRESHED: 4.12 → 4.12 (not updated)
[2026-02-02 10:17:59]   [emp_id: 5167] REFRESHED: 32.23 → 32.23 (not updated)
[2026-02-02 10:17:59]   [emp_id: 5168] REFRESHED: 24.77 → 24.77 (not updated)
[2026-02-02 10:17:59]   [emp_id: 5173] REFRESHED: 27.77 → 27.77 (not updated)
[2026-02-02 10:17:59]   [emp_id: 5174] REFRESHED: 25.23 → 25.23 (not updated)
[2026-02-02 10:17:59]   [emp_id: 5181] REFRESHED: 21.62 → 21.62 (not updated)
[2026-02-02 10:17:59]   [emp_id: 5186] REFRESHED: 27.15 → 27.15 (not updated)
[2026-02-02 10:17:59]   [emp_id: 5187] REFRESHED: 38.15 → 38.15 (not updated)
[2026-02-02 10:17:59]   [emp_id: 5204] REFRESHED: 25.27 → 25.27 (not updated)
[2026-02-02 10:17:59]   [emp_id: 5205] REFRESHED: 14.36 → 14.36 (not updated)
[2026-02-02 10:17:59]   [emp_id: 5209] REFRESHED: 17.36 → 17.36 (not updated)
[2026-02-02 10:17:59]   [emp_id: 5213] REFRESHED: 4.77 → 4.77 (not updated)
[2026-02-02 10:17:59]   [emp_id: 5214] REFRESHED: 3.61 → 3.61 (not updated)
[2026-02-02 10:17:59]   [emp_id: 5215] REFRESHED: 12.36 → 12.36 (not updated)
[2026-02-02 10:17:59]   [emp_id: 5217] REFRESHED: 11.36 → 11.36 (not updated)
[2026-02-02 10:17:59]   [emp_id: 5219] REFRESHED: 15.36 → 15.36 (not updated)
[2026-02-02 10:17:59]   [emp_id: 5221] REFRESHED: 4.67 → 4.67 (not updated)
[2026-02-02 10:17:59]   [emp_id: 5224] REFRESHED: 16.36 → 16.36 (not updated)
[2026-02-02 10:17:59]   [emp_id: 5225] REFRESHED: 8.67 → 8.67 (not updated)
[2026-02-02 10:17:59]   [emp_id: 5228] REFRESHED: 11.36 → 11.36 (not updated)
[2026-02-02 10:17:59]   [emp_id: 5229] REFRESHED: 7.36 → 7.36 (not updated)
[2026-02-02 10:17:59]   [emp_id: 5230] REFRESHED: 12.03 → 12.03 (not updated)
[2026-02-02 10:17:59]   [emp_id: 5231] REFRESHED: 8.36 → 8.36 (not updated)
[2026-02-02 10:17:59]   [emp_id: 5232] REFRESHED: 2.36 → 2.36 (not updated)
[2026-02-02 10:17:59]   [emp_id: 5233] REFRESHED: 6.36 → 6.36 (not updated)
[2026-02-02 10:17:59]   [emp_id: 5234] REFRESHED: 6.36 → 6.36 (not updated)
[2026-02-02 10:17:59]   [emp_id: 5235] REFRESHED: 1.8 → 1.8 (not updated)
[2026-02-02 10:17:59]   [emp_id: 5237] REFRESHED: 12.61 → 12.61 (not updated)
[2026-02-02 10:17:59]   [emp_id: 5239] REFRESHED: 9.36 → 9.36 (not updated)
[2026-02-02 10:17:59]   [emp_id: 5241] REFRESHED: 7.36 → 7.36 (not updated)
[2026-02-02 10:17:59]   [emp_id: 5242] REFRESHED: 17.36 → 17.36 (not updated)
[2026-02-02 10:17:59]   [emp_id: 5243] REFRESHED: 3.77 → 3.77 (not updated)
[2026-02-02 10:17:59]   [emp_id: 5244] REFRESHED: 1.8 → 1.8 (not updated)
[2026-02-02 10:17:59]   [emp_id: 5246] REFRESHED: 13.36 → 13.36 (not updated)
[2026-02-02 10:17:59]   [emp_id: 5253] REFRESHED: 26.23 → 26.23 (not updated)
[2026-02-02 10:17:59]   [emp_id: 5254] REFRESHED: 14.21 → 14.21 (not updated)
[2026-02-02 10:17:59]   [emp_id: 5257] REFRESHED: 13.92 → 13.92 (not updated)
[2026-02-02 10:17:59]   [emp_id: 5259] REFRESHED: 50.45 → 50.45 (not updated)
[2026-02-02 10:17:59]   [emp_id: 5261] REFRESHED: 18.87 → 18.87 (not updated)
[2026-02-02 10:17:59]   [emp_id: 5264] REFRESHED: 15.93 → 15.93 (not updated)
[2026-02-02 10:17:59]   [emp_id: 5266] REFRESHED: 22.55 → 22.55 (not updated)
[2026-02-02 10:17:59]   [emp_id: 5268] REFRESHED: 11.12 → 11.12 (not updated)
[2026-02-02 10:17:59]   [emp_id: 5271] REFRESHED: 9.78 → 9.78 (not updated)
[2026-02-02 10:17:59]   [emp_id: 5272] REFRESHED: 10.65 → 10.65 (not updated)
[2026-02-02 10:17:59]   [emp_id: 5273] REFRESHED: 25.72 → 25.72 (not updated)
[2026-02-02 10:17:59]   [emp_id: 5275] REFRESHED: 11.47 → 11.47 (not updated)
[2026-02-02 10:17:59]   [emp_id: 5276] REFRESHED: 25.74 → 25.74 (not updated)
[2026-02-02 10:17:59]   [emp_id: 5278] REFRESHED: 10.13 → 10.13 (not updated)
[2026-02-02 10:17:59]   [emp_id: 5280] REFRESHED: 20.53 → 20.53 (not updated)
[2026-02-02 10:17:59]   [emp_id: 5282] REFRESHED: 14.35 → 14.35 (not updated)
[2026-02-02 10:17:59]   [emp_id: 5285] REFRESHED: 30.53 → 30.53 (not updated)
[2026-02-02 10:17:59]   [emp_id: 5286] REFRESHED: 17.53 → 17.53 (not updated)
[2026-02-02 10:17:59]   [emp_id: 5287] REFRESHED: 51.83 → 51.83 (not updated)
[2026-02-02 10:17:59]   [emp_id: 5288] REFRESHED: 9.1 → 9.1 (not updated)
[2026-02-02 10:17:59]   [emp_id: 5289] REFRESHED: 50.38 → 50.38 (not updated)
[2026-02-02 10:17:59]   [emp_id: 5290] REFRESHED: 49.15 → 49.15 (not updated)
[2026-02-02 10:17:59]   [emp_id: 5291] REFRESHED: 7.15 → 7.15 (not updated)
[2026-02-02 10:17:59]   [emp_id: 5292] REFRESHED: 7.09 → 7.09 (not updated)
[2026-02-02 10:17:59]   [emp_id: 5293] REFRESHED: 10.61 → 10.61 (not updated)
[2026-02-02 10:17:59]   [emp_id: 5294] REFRESHED: 10.27 → 10.27 (not updated)
[2026-02-02 10:17:59]   [emp_id: 5295] REFRESHED: 23.33 → 23.33 (not updated)
[2026-02-02 10:17:59]   [emp_id: 5296] REFRESHED: 37.29 → 37.29 (not updated)
[2026-02-02 10:17:59]   [emp_id: 5297] REFRESHED: 47.75 → 47.75 (not updated)
[2026-02-02 10:17:59]   [emp_id: 5298] REFRESHED: 47.75 → 47.75 (not updated)
[2026-02-02 10:17:59]   [emp_id: 5299] REFRESHED: 47.75 → 47.75 (not updated)
[2026-02-02 10:17:59]   [emp_id: 5300] REFRESHED: 47.75 → 47.75 (not updated)
[2026-02-02 10:17:59]   [emp_id: 5301] REFRESHED: 5.57 → 5.57 (not updated)
[2026-02-02 10:17:59]   [emp_id: 5303] REFRESHED: 6 → 6 (not updated)
[2026-02-02 10:17:59]   [emp_id: 5304] REFRESHED: 2.75 → 2.75 (not updated)
[2026-02-02 10:17:59]   [emp_id: 5305] REFRESHED: 5.75 → 5.75 (not updated)
[2026-02-02 10:17:59]   [emp_id: 5306] REFRESHED: 47.46 → 47.46 (not updated)
[2026-02-02 10:17:59]   [emp_id: 5307] REFRESHED: 47.46 → 47.46 (not updated)
[2026-02-02 10:17:59]   [emp_id: 5312] REFRESHED: 1.8 → 1.8 (not updated)
[2026-02-02 10:17:59]   [emp_id: 5318] REFRESHED: 28.17 → 28.17 (not updated)
[2026-02-02 10:17:59]   [emp_id: 5325] REFRESHED: 2.13 → 2.13 (not updated)
[2026-02-02 10:17:59]   [emp_id: 5327] REFRESHED: 3.22 → 3.22 (not updated)
[2026-02-02 10:17:59]   [emp_id: 5337] REFRESHED: 38.18 → 38.18 (not updated)
[2026-02-02 10:17:59]   [emp_id: 5339] REFRESHED: 12.32 → 12.32 (not updated)
[2026-02-02 10:17:59]   [emp_id: 5343] REFRESHED: 48.1 → 48.1 (not updated)
[2026-02-02 10:17:59]   [emp_id: 5343] REFRESHED: 48.1 → 48.1 (not updated)
[2026-02-02 10:17:59]   [emp_id: 5345] REFRESHED: 17.93 → 17.93 (not updated)
[2026-02-02 10:17:59]   [emp_id: 5346] REFRESHED: 4.04 → 4.04 (not updated)
[2026-02-02 10:17:59]   [emp_id: 5351] REFRESHED: 18.98 → 18.98 (not updated)
[2026-02-02 10:17:59]   [emp_id: 5352] REFRESHED: 28.35 → 28.35 (not updated)
[2026-02-02 10:17:59]   [emp_id: 5370] REFRESHED: 17.63 → 17.63 (not updated)
[2026-02-02 10:17:59]   [emp_id: 5371] REFRESHED: 10.1 → 10.1 (not updated)
[2026-02-02 10:17:59]   [emp_id: 5376] REFRESHED: 12.23 → 12.23 (not updated)
[2026-02-02 10:17:59]   [emp_id: 5378] REFRESHED: 20.18 → 20.18 (not updated)
[2026-02-02 10:17:59]   [emp_id: 5380] REFRESHED: 18.64 → 18.64 (not updated)
[2026-02-02 10:17:59]   [emp_id: 5381] REFRESHED: 14.62 → 14.62 (not updated)
[2026-02-02 10:17:59]   [emp_id: 5383] REFRESHED: 17.93 → 17.93 (not updated)
[2026-02-02 10:17:59]   [emp_id: 5388] REFRESHED: 29.42 → 29.42 (not updated)
[2026-02-02 10:17:59]   [emp_id: 5396] REFRESHED: 30.66 → 30.66 (not updated)
[2026-02-02 10:17:59]   [emp_id: 5397] REFRESHED: 22.12 → 22.12 (not updated)
[2026-02-02 10:17:59]   [emp_id: 5401] REFRESHED: 25.23 → 25.23 (not updated)
[2026-02-02 10:17:59]   [emp_id: 5402] REFRESHED: 25.35 → 25.35 (not updated)
[2026-02-02 10:17:59]   [emp_id: 5406] REFRESHED: 19.07 → 19.07 (not updated)
[2026-02-02 10:17:59]   [emp_id: 5407] REFRESHED: 18.7 → 18.7 (not updated)
[2026-02-02 10:17:59]   [emp_id: 5409] REFRESHED: 18.41 → 18.41 (not updated)
[2026-02-02 10:17:59]   [emp_id: 5413] REFRESHED: 31.1 → 31.1 (not updated)
[2026-02-02 10:17:59]   [emp_id: 5414] REFRESHED: 30.77 → 30.77 (not updated)
[2026-02-02 10:17:59]   [emp_id: 5415] REFRESHED: 6.7 → 6.7 (not updated)
[2026-02-02 10:17:59]   [emp_id: 5418] REFRESHED: 17.47 → 17.47 (not updated)
[2026-02-02 10:17:59]   [emp_id: 5422] REFRESHED: 23.43 → 23.43 (not updated)
[2026-02-02 10:17:59]   [emp_id: 5423] REFRESHED: 8.12 → 8.12 (not updated)
[2026-02-02 10:17:59]   [emp_id: 5425] REFRESHED: 16.02 → 16.02 (not updated)
[2026-02-02 10:17:59]   [emp_id: 5426] REFRESHED: 4.67 → 4.67 (not updated)
[2026-02-02 10:17:59]   [emp_id: 5426] REFRESHED: 4.67 → 4.67 (not updated)
[2026-02-02 10:17:59]   [emp_id: 5427] REFRESHED: 16.13 → 16.13 (not updated)
[2026-02-02 10:17:59]   [emp_id: 5428] REFRESHED: 16.02 → 16.02 (not updated)
[2026-02-02 10:17:59]   [emp_id: 5430] REFRESHED: 20.49 → 20.49 (not updated)
[2026-02-02 10:17:59]   [emp_id: 5431] REFRESHED: 15.14 → 15.14 (not updated)
[2026-02-02 10:17:59]   [emp_id: 5433] REFRESHED: 15.16 → 15.16 (not updated)
[2026-02-02 10:18:00]   [emp_id: 5434] REFRESHED: 14.91 → 14.91 (not updated)
[2026-02-02 10:18:00]   [emp_id: 5435] REFRESHED: 14.85 → 14.85 (not updated)
[2026-02-02 10:18:00]   [emp_id: 5436] REFRESHED: 14.85 → 14.85 (not updated)
[2026-02-02 10:18:00]   [emp_id: 5438] REFRESHED: 18.35 → 18.35 (not updated)
[2026-02-02 10:18:00]   [emp_id: 5439] REFRESHED: 27.85 → 27.85 (not updated)
[2026-02-02 10:18:00]   [emp_id: 5442] REFRESHED: 16.85 → 16.85 (not updated)
[2026-02-02 10:18:00]   [emp_id: 5445] REFRESHED: 9.31 → 9.31 (not updated)
[2026-02-02 10:18:00]   [emp_id: 5446] REFRESHED: 9.31 → 9.31 (not updated)
[2026-02-02 10:18:00]   [emp_id: 5447] REFRESHED: 9.25 → 9.25 (not updated)
[2026-02-02 10:18:00]   [emp_id: 5448] REFRESHED: 3.87 → 3.87 (not updated)
[2026-02-02 10:18:00]   [emp_id: 5449] REFRESHED: 7.33 → 7.33 (not updated)
[2026-02-02 10:18:00]   [emp_id: 5450] REFRESHED: 7.27 → 7.27 (not updated)
[2026-02-02 10:18:00]   [emp_id: 5451] REFRESHED: 7.27 → 7.27 (not updated)
[2026-02-02 10:18:00]   [emp_id: 5453] REFRESHED: 7.11 → 7.11 (not updated)
[2026-02-02 10:18:00]   [emp_id: 5454] REFRESHED: 9.93 → 9.93 (not updated)
[2026-02-02 10:18:00]   [emp_id: 5455] REFRESHED: 4.18 → 4.18 (not updated)
[2026-02-02 10:18:00]   [emp_id: 5456] REFRESHED: 9.18 → 9.18 (not updated)
[2026-02-02 10:18:00]   [emp_id: 5457] REFRESHED: 6.36 → 6.36 (not updated)
[2026-02-02 10:18:00]   [emp_id: 5460] REFRESHED: 7.83 → 7.83 (not updated)
[2026-02-02 10:18:00]   [emp_id: 5463] REFRESHED: 7.16 → 7.16 (not updated)
[2026-02-02 10:18:00]   [emp_id: 5464] REFRESHED: 7.16 → 7.16 (not updated)
[2026-02-02 10:18:00]   [emp_id: 5466] REFRESHED: 4.91 → 4.91 (not updated)
[2026-02-02 10:18:00]   [emp_id: 5467] REFRESHED: 3.83 → 3.83 (not updated)
[2026-02-02 10:18:00]   [emp_id: 5468] REFRESHED: 2.78 → 2.78 (not updated)
[2026-02-02 10:18:00]   [emp_id: 5469] REFRESHED: 2.69 → 2.69 (not updated)
[2026-02-02 10:18:00] Report saved to: D:\xampp\htdocs\almutlak\system/cron_logs/last_vacation_update_report.json
[2026-02-02 10:18:03] ========== CRON: Vacation Balance Update Started ==========
[2026-02-02 10:18:03] Force level: 0 (0=normal, 1=check missing, 2=full bypass)
[2026-02-02 10:18:03] Source: Default
[2026-02-02 10:18:06] ========== CRON: Vacation Balance Update Started ==========
[2026-02-02 10:18:06] Force level: 2 (0=normal, 1=check missing, 2=full bypass)
[2026-02-02 10:18:06] Source: Browser (?force=2)
[2026-02-02 10:18:06] FORCE LEVEL 2: Full bypass - updating all balances AND last_updated
[2026-02-02 10:18:06] Database connection established
[2026-02-02 10:18:06] Found 433 active employees with balance records to update
[2026-02-02 10:18:06] (Only employees with status=1 will be processed)
[2026-02-02 10:18:06]   [emp_id: 1061] ✓ Updated: 2.42 → 2.59 (VALUE CHANGED)
[2026-02-02 10:18:06]   [emp_id: 1496] ✓ Updated: 19.27 → 19.44 (VALUE CHANGED)
[2026-02-02 10:18:06]   [emp_id: 1500] ✓ Updated: 6.95 → 7.12 (VALUE CHANGED)
[2026-02-02 10:18:06]   [emp_id: 1574] ✓ Updated: 36.18 → 36.35 (VALUE CHANGED)
[2026-02-02 10:18:06]   [emp_id: 1673] ✓ Updated: 47.68 → 47.85 (VALUE CHANGED)
[2026-02-02 10:18:06]   [emp_id: 1685] ✓ Updated: 17.6 → 17.77 (VALUE CHANGED)
[2026-02-02 10:18:06]   [emp_id: 1764] ✓ Updated: 72.27 → 72.44 (VALUE CHANGED)
[2026-02-02 10:18:06]   [emp_id: 1805] ✓ Updated: 66.6 → 66.77 (VALUE CHANGED)
[2026-02-02 10:18:06]   [emp_id: 1822] ✓ Updated: 71.35 → 71.52 (VALUE CHANGED)
[2026-02-02 10:18:06]   [emp_id: 1837] ✓ Updated: 27.52 → 27.69 (VALUE CHANGED)
[2026-02-02 10:18:06]   [emp_id: 1857] ✓ Updated: 22.85 → 23.02 (VALUE CHANGED)
[2026-02-02 10:18:06]   [emp_id: 1861] ✓ Updated: 73.68 → 73.85 (VALUE CHANGED)
[2026-02-02 10:18:06]   [emp_id: 1872] ✓ Updated: 12.52 → 12.69 (VALUE CHANGED)
[2026-02-02 10:18:06]   [emp_id: 1897] ✓ Updated: 7.85 → 8.02 (VALUE CHANGED)
[2026-02-02 10:18:07]   [emp_id: 1916] ✓ Updated: 14.15 → 14.32 (VALUE CHANGED)
[2026-02-02 10:18:07]   [emp_id: 1928] ✓ Updated: 67.1 → 67.27 (VALUE CHANGED)
[2026-02-02 10:18:07]   [emp_id: 1931] ✓ Updated: 87.02 → 87.19 (VALUE CHANGED)
[2026-02-02 10:18:07]   [emp_id: 1944] ✓ Updated: 45.18 → 45.35 (VALUE CHANGED)
[2026-02-02 10:18:07]   [emp_id: 1996] ✓ Updated: 73.68 → 73.85 (VALUE CHANGED)
[2026-02-02 10:18:07]   [emp_id: 1997] ✓ Updated: 38.85 → 39.02 (VALUE CHANGED)
[2026-02-02 10:18:07]   [emp_id: 1998] ✓ Updated: 30.29 → 30.46 (VALUE CHANGED)
[2026-02-02 10:18:07]   [emp_id: 1999] ✓ Updated: 31.29 → 31.46 (VALUE CHANGED)
[2026-02-02 10:18:07]   [emp_id: 2009] ✓ Updated: 37.6 → 37.77 (VALUE CHANGED)
[2026-02-02 10:18:07]   [emp_id: 2048] ✓ Updated: 27.43 → 27.6 (VALUE CHANGED)
[2026-02-02 10:18:07]   [emp_id: 2057] ✓ Updated: 68.27 → 68.44 (VALUE CHANGED)
[2026-02-02 10:18:07]   [emp_id: 2079] ✓ Updated: 50.6 → 50.77 (VALUE CHANGED)
[2026-02-02 10:18:07]   [emp_id: 2181] ✓ Updated: 39.6 → 39.77 (VALUE CHANGED)
[2026-02-02 10:18:07]   [emp_id: 2190] ✓ Updated: 8.93 → 9.1 (VALUE CHANGED)
[2026-02-02 10:18:07]   [emp_id: 2212] ✓ Updated: 26.93 → 27.1 (VALUE CHANGED)
[2026-02-02 10:18:07]   [emp_id: 2226] ✓ Updated: 71.68 → 71.85 (VALUE CHANGED)
[2026-02-02 10:18:07]   [emp_id: 2238] ✓ Updated: 69.93 → 70.1 (VALUE CHANGED)
[2026-02-02 10:18:07]   [emp_id: 2285] ✓ Updated: 38.6 → 38.77 (VALUE CHANGED)
[2026-02-02 10:18:07]   [emp_id: 2287] ✓ Updated: 50.27 → 50.44 (VALUE CHANGED)
[2026-02-02 10:18:07]   [emp_id: 2288] ✓ Updated: 5.29 → 5.46 (VALUE CHANGED)
[2026-02-02 10:18:07]   [emp_id: 2316] ✓ Updated: 19.1 → 19.27 (VALUE CHANGED)
[2026-02-02 10:18:07]   [emp_id: 2337] ✓ Updated: 40.18 → 40.35 (VALUE CHANGED)
[2026-02-02 10:18:07]   [emp_id: 2352] ✓ Updated: 71.68 → 71.85 (VALUE CHANGED)
[2026-02-02 10:18:07]   [emp_id: 2358] ✓ Updated: 8.18 → 8.35 (VALUE CHANGED)
[2026-02-02 10:18:07]   [emp_id: 2361] ✓ Updated: 73.85 → 74.02 (VALUE CHANGED)
[2026-02-02 10:18:07]   [emp_id: 2363] ✓ Updated: 76.43 → 76.6 (VALUE CHANGED)
[2026-02-02 10:18:07]   [emp_id: 2364] ✓ Updated: 75.85 → 76.02 (VALUE CHANGED)
[2026-02-02 10:18:07]   [emp_id: 2367] ✓ Updated: 103.52 → 103.69 (VALUE CHANGED)
[2026-02-02 10:18:07]   [emp_id: 2368] ✓ Updated: 33.93 → 34.1 (VALUE CHANGED)
[2026-02-02 10:18:07]   [emp_id: 2372] ✓ Updated: 71.18 → 71.35 (VALUE CHANGED)
[2026-02-02 10:18:07]   [emp_id: 2376] ✓ Updated: 121.18 → 121.35 (VALUE CHANGED)
[2026-02-02 10:18:07]   [emp_id: 2423] ✓ Updated: 21.93 → 22.1 (VALUE CHANGED)
[2026-02-02 10:18:07]   [emp_id: 2519] ✓ Updated: 115.6 → 115.77 (VALUE CHANGED)
[2026-02-02 10:18:07]   [emp_id: 2522] ✓ Updated: 59.18 → 59.35 (VALUE CHANGED)
[2026-02-02 10:18:07]   [emp_id: 2530] ✓ Updated: 54.43 → 54.6 (VALUE CHANGED)
[2026-02-02 10:18:07]   [emp_id: 2539] ✓ Updated: 51.18 → 51.35 (VALUE CHANGED)
[2026-02-02 10:18:07]   [emp_id: 2541] ✓ Updated: 31.77 → 31.94 (VALUE CHANGED)
[2026-02-02 10:18:07]   [emp_id: 2550] ✓ Updated: 97.93 → 98.1 (VALUE CHANGED)
[2026-02-02 10:18:07]   [emp_id: 2553] ✓ Updated: 35.04 → 35.21 (VALUE CHANGED)
[2026-02-02 10:18:07]   [emp_id: 2554] ✓ Updated: 41.52 → 41.69 (VALUE CHANGED)
[2026-02-02 10:18:07]   [emp_id: 2565] ✓ Updated: 96.1 → 96.27 (VALUE CHANGED)
[2026-02-02 10:18:07]   [emp_id: 2572] ✓ Updated: 46.1 → 46.27 (VALUE CHANGED)
[2026-02-02 10:18:07]   [emp_id: 2637] ✓ Updated: 66.68 → 66.85 (VALUE CHANGED)
[2026-02-02 10:18:07]   [emp_id: 2642] ✓ Updated: 79.43 → 79.6 (VALUE CHANGED)
[2026-02-02 10:18:07]   [emp_id: 2645] ✓ Updated: 95.43 → 95.6 (VALUE CHANGED)
[2026-02-02 10:18:07]   [emp_id: 2648] ✓ Updated: 47.1 → 47.27 (VALUE CHANGED)
[2026-02-02 10:18:07]   [emp_id: 2654] ✓ Updated: 89.77 → 89.94 (VALUE CHANGED)
[2026-02-02 10:18:08]   [emp_id: 2688] ✓ Updated: 27.85 → 28.02 (VALUE CHANGED)
[2026-02-02 10:18:08]   [emp_id: 2690] ✓ Updated: 16.6 → 16.77 (VALUE CHANGED)
[2026-02-02 10:18:08]   [emp_id: 2709] ✓ Updated: 38.85 → 39.02 (VALUE CHANGED)
[2026-02-02 10:18:08]   [emp_id: 2745] ✓ Updated: 35.43 → 35.6 (VALUE CHANGED)
[2026-02-02 10:18:08]   [emp_id: 2843] ✓ Updated: 82.02 → 82.19 (VALUE CHANGED)
[2026-02-02 10:18:08]   [emp_id: 2854] ✓ Updated: 61.93 → 62.1 (VALUE CHANGED)
[2026-02-02 10:18:08]   [emp_id: 2869] ✓ Updated: 5.85 → 6.02 (VALUE CHANGED)
[2026-02-02 10:18:08]   [emp_id: 2876] ✓ Updated: 36.68 → 36.85 (VALUE CHANGED)
[2026-02-02 10:18:08]   [emp_id: 2924] ✓ Updated: 17.85 → 18.02 (VALUE CHANGED)
[2026-02-02 10:18:08]   [emp_id: 2953] ✓ Updated: 103.6 → 103.77 (VALUE CHANGED)
[2026-02-02 10:18:08]   [emp_id: 2961] ✓ Updated: 13.6 → 13.77 (VALUE CHANGED)
[2026-02-02 10:18:08]   [emp_id: 2975] ✓ Updated: 3.28 → 3.45 (VALUE CHANGED)
[2026-02-02 10:18:08]   [emp_id: 3013] ✓ Updated: 12.6 → 12.77 (VALUE CHANGED)
[2026-02-02 10:18:08]   [emp_id: 3014] ✓ Updated: 91.85 → 92.02 (VALUE CHANGED)
[2026-02-02 10:18:08]   [emp_id: 3015] ✓ Updated: 3.1 → 3.27 (VALUE CHANGED)
[2026-02-02 10:18:08]   [emp_id: 3018] ✓ Updated: 61.85 → 62.02 (VALUE CHANGED)
[2026-02-02 10:18:08]   [emp_id: 3025] ✓ Updated: 25.62 → 25.79 (VALUE CHANGED)
[2026-02-02 10:18:08]   [emp_id: 3037] ✓ Updated: 85.35 → 85.52 (VALUE CHANGED)
[2026-02-02 10:18:08]   [emp_id: 3047] ✓ Updated: 73.6 → 73.77 (VALUE CHANGED)
[2026-02-02 10:18:08]   [emp_id: 3061] ✓ Updated: 20.52 → 20.69 (VALUE CHANGED)
[2026-02-02 10:18:08]   [emp_id: 3062] ✓ Updated: 53.68 → 53.85 (VALUE CHANGED)
[2026-02-02 10:18:08]   [emp_id: 3074] ✓ Updated: 110.1 → 110.27 (VALUE CHANGED)
[2026-02-02 10:18:08]   [emp_id: 3089] ✓ Updated: 9.02 → 9.19 (VALUE CHANGED)
[2026-02-02 10:18:08]   [emp_id: 3090] ✓ Updated: 35.6 → 35.77 (VALUE CHANGED)
[2026-02-02 10:18:08]   [emp_id: 3091] ✓ Updated: 47.6 → 47.77 (VALUE CHANGED)
[2026-02-02 10:18:08]   [emp_id: 3092] ✓ Updated: 30.27 → 30.44 (VALUE CHANGED)
[2026-02-02 10:18:08]   [emp_id: 3105] ✓ Updated: 50.6 → 50.77 (VALUE CHANGED)
[2026-02-02 10:18:08]   [emp_id: 3134] ✓ Updated: 46.35 → 46.52 (VALUE CHANGED)
[2026-02-02 10:18:08]   [emp_id: 3140] ✓ Updated: 43.43 → 43.6 (VALUE CHANGED)
[2026-02-02 10:18:08]   [emp_id: 3144] ✓ Updated: 16.27 → 16.44 (VALUE CHANGED)
[2026-02-02 10:18:08]   [emp_id: 3156] ✓ Updated: 19.6 → 19.77 (VALUE CHANGED)
[2026-02-02 10:18:08]   [emp_id: 3162] ✓ Updated: 4.58 → 4.75 (VALUE CHANGED)
[2026-02-02 10:18:08]   [emp_id: 3163] ✓ Updated: 7.85 → 8.02 (VALUE CHANGED)
[2026-02-02 10:18:08]   [emp_id: 3198] ✓ Updated: 42.85 → 43.02 (VALUE CHANGED)
[2026-02-02 10:18:08]   [emp_id: 3205] ✓ Updated: 19.52 → 19.69 (VALUE CHANGED)
[2026-02-02 10:18:08]   [emp_id: 3209] ✓ Updated: 43.68 → 43.85 (VALUE CHANGED)
[2026-02-02 10:18:08]   [emp_id: 3223] ✓ Updated: 92.6 → 92.77 (VALUE CHANGED)
[2026-02-02 10:18:08]   [emp_id: 3224] ✓ Updated: 67.35 → 67.52 (VALUE CHANGED)
[2026-02-02 10:18:08]   [emp_id: 3230] ✓ Updated: 90.77 → 90.94 (VALUE CHANGED)
[2026-02-02 10:18:08]   [emp_id: 3231] ✓ Updated: 3.14 → 3.31 (VALUE CHANGED)
[2026-02-02 10:18:08]   [emp_id: 3233] ✓ Updated: 83.6 → 83.77 (VALUE CHANGED)
[2026-02-02 10:18:08]   [emp_id: 3249] ✓ Updated: 39.43 → 39.6 (VALUE CHANGED)
[2026-02-02 10:18:08]   [emp_id: 3250] ✓ Updated: 12.43 → 12.6 (VALUE CHANGED)
[2026-02-02 10:18:08]   [emp_id: 3252] ✓ Updated: 13.35 → 13.52 (VALUE CHANGED)
[2026-02-02 10:18:08]   [emp_id: 3254] ✓ Updated: 23.85 → 24.02 (VALUE CHANGED)
[2026-02-02 10:18:08]   [emp_id: 3255] ✓ Updated: 20.27 → 20.44 (VALUE CHANGED)
[2026-02-02 10:18:08]   [emp_id: 3256] ✓ Updated: 16.52 → 16.69 (VALUE CHANGED)
[2026-02-02 10:18:08]   [emp_id: 3263] ✓ Updated: 32.6 → 32.77 (VALUE CHANGED)
[2026-02-02 10:18:08]   [emp_id: 3265] ✓ Updated: 28.18 → 28.35 (VALUE CHANGED)
[2026-02-02 10:18:08]   [emp_id: 3280] ✓ Updated: 75.1 → 75.27 (VALUE CHANGED)
[2026-02-02 10:18:09]   [emp_id: 3286] ✓ Updated: 18.27 → 18.44 (VALUE CHANGED)
[2026-02-02 10:18:09]   [emp_id: 3294] ✓ Updated: 17.93 → 18.1 (VALUE CHANGED)
[2026-02-02 10:18:09]   [emp_id: 3321] ✓ Updated: 75.1 → 75.27 (VALUE CHANGED)
[2026-02-02 10:18:09]   [emp_id: 3325] ✓ Updated: 62.85 → 63.02 (VALUE CHANGED)
[2026-02-02 10:18:09]   [emp_id: 3329] ✓ Updated: 65.18 → 65.35 (VALUE CHANGED)
[2026-02-02 10:18:09]   [emp_id: 3330] ✓ Updated: 65.18 → 65.35 (VALUE CHANGED)
[2026-02-02 10:18:09]   [emp_id: 3332] ✓ Updated: 65.18 → 65.35 (VALUE CHANGED)
[2026-02-02 10:18:09]   [emp_id: 3370] ✓ Updated: 56.69 → 56.86 (VALUE CHANGED)
[2026-02-02 10:18:09]   [emp_id: 3384] ✓ Updated: 17.35 → 17.52 (VALUE CHANGED)
[2026-02-02 10:18:09]   [emp_id: 3386] ✓ Updated: 47.35 → 47.52 (VALUE CHANGED)
[2026-02-02 10:18:09]   [emp_id: 3431] ✓ Updated: 21.77 → 21.94 (VALUE CHANGED)
[2026-02-02 10:18:09]   [emp_id: 3497] ✓ Updated: 11.93 → 12.1 (VALUE CHANGED)
[2026-02-02 10:18:09]   [emp_id: 3532] ✓ Updated: 2.77 → 2.94 (VALUE CHANGED)
[2026-02-02 10:18:09]   [emp_id: 3602] ✓ Updated: 4.34 → 4.51 (VALUE CHANGED)
[2026-02-02 10:18:09]   [emp_id: 3618] ✓ Updated: 26.32 → 26.49 (VALUE CHANGED)
[2026-02-02 10:18:09]   [emp_id: 3622] ✓ Updated: 36.57 → 36.69 (VALUE CHANGED)
[2026-02-02 10:18:09]   [emp_id: 3627] ✓ Updated: 12.27 → 12.44 (VALUE CHANGED)
[2026-02-02 10:18:09]   [emp_id: 3665] ✓ Updated: 53.85 → 54.02 (VALUE CHANGED)
[2026-02-02 10:18:09]   [emp_id: 3705] ✓ Updated: 29.9 → 30.02 (VALUE CHANGED)
[2026-02-02 10:18:09]   [emp_id: 3724] ✓ Updated: 46.85 → 47.02 (VALUE CHANGED)
[2026-02-02 10:18:09]   [emp_id: 3726] ✓ Updated: 63.27 → 63.44 (VALUE CHANGED)
[2026-02-02 10:18:09]   [emp_id: 3727] ✓ Updated: 68.35 → 68.52 (VALUE CHANGED)
[2026-02-02 10:18:09]   [emp_id: 3728] ✓ Updated: 12.68 → 12.85 (VALUE CHANGED)
[2026-02-02 10:18:09]   [emp_id: 3767] ✓ Updated: 3.43 → 3.6 (VALUE CHANGED)
[2026-02-02 10:18:09]   [emp_id: 3768] ✓ Updated: 59.68 → 59.85 (VALUE CHANGED)
[2026-02-02 10:18:09]   [emp_id: 3787] ✓ Updated: 60.27 → 60.44 (VALUE CHANGED)
[2026-02-02 10:18:09]   [emp_id: 3790] ✓ Updated: 4.82 → 4.99 (VALUE CHANGED)
[2026-02-02 10:18:09]   [emp_id: 3795] ✓ Updated: 17.77 → 17.94 (VALUE CHANGED)
[2026-02-02 10:18:09]   [emp_id: 3798] ✓ Updated: 96.18 → 96.35 (VALUE CHANGED)
[2026-02-02 10:18:09]   [emp_id: 3801] ✓ Updated: 4.45 → 4.62 (VALUE CHANGED)
[2026-02-02 10:18:09]   [emp_id: 3802] ✓ Updated: 33.43 → 33.6 (VALUE CHANGED)
[2026-02-02 10:18:09]   [emp_id: 3803] ✓ Updated: 117.85 → 118.02 (VALUE CHANGED)
[2026-02-02 10:18:09]   [emp_id: 3810] ✓ Updated: 63.85 → 64.02 (VALUE CHANGED)
[2026-02-02 10:18:09]   [emp_id: 3812] ✓ Updated: 92.85 → 93.02 (VALUE CHANGED)
[2026-02-02 10:18:09]   [emp_id: 3815] ✓ Updated: 92.85 → 93.02 (VALUE CHANGED)
[2026-02-02 10:18:09]   [emp_id: 3836] ✓ Updated: 60.52 → 60.69 (VALUE CHANGED)
[2026-02-02 10:18:09]   [emp_id: 3855] ✓ Updated: 53.68 → 53.85 (VALUE CHANGED)
[2026-02-02 10:18:09]   [emp_id: 3857] ✓ Updated: 57.35 → 57.52 (VALUE CHANGED)
[2026-02-02 10:18:09]   [emp_id: 3862] ✓ Updated: 105.43 → 105.6 (VALUE CHANGED)
[2026-02-02 10:18:09]   [emp_id: 3866] ✓ Updated: 30.68 → 30.85 (VALUE CHANGED)
[2026-02-02 10:18:09]   [emp_id: 3876] ✓ Updated: 26.85 → 27.02 (VALUE CHANGED)
[2026-02-02 10:18:09]   [emp_id: 3877] ✓ Updated: 52.35 → 52.52 (VALUE CHANGED)
[2026-02-02 10:18:09]   [emp_id: 3897] ✓ Updated: 40.6 → 40.77 (VALUE CHANGED)
[2026-02-02 10:18:09]   [emp_id: 3899] ✓ Updated: 2.42 → 2.59 (VALUE CHANGED)
[2026-02-02 10:18:09]   [emp_id: 3928] ✓ Updated: 16.68 → 16.85 (VALUE CHANGED)
[2026-02-02 10:18:09]   [emp_id: 3929] ✓ Updated: 11.68 → 11.85 (VALUE CHANGED)
[2026-02-02 10:18:09]   [emp_id: 3935] ✓ Updated: 96.68 → 96.85 (VALUE CHANGED)
[2026-02-02 10:18:09]   [emp_id: 3952] ✓ Updated: 78.02 → 78.19 (VALUE CHANGED)
[2026-02-02 10:18:09]   [emp_id: 3987] ✓ Updated: 16.93 → 17.1 (VALUE CHANGED)
[2026-02-02 10:18:09]   [emp_id: 4059] ✓ Updated: 6.13 → 6.3 (VALUE CHANGED)
[2026-02-02 10:18:10]   [emp_id: 4119] ✓ Updated: 59.6 → 59.77 (VALUE CHANGED)
[2026-02-02 10:18:10]   [emp_id: 4120] ✓ Updated: 29.18 → 29.35 (VALUE CHANGED)
[2026-02-02 10:18:10]   [emp_id: 4124] ✓ Updated: 29.7 → 29.87 (VALUE CHANGED)
[2026-02-02 10:18:10]   [emp_id: 4133] ✓ Updated: 108.18 → 108.35 (VALUE CHANGED)
[2026-02-02 10:18:10]   [emp_id: 4134] ✓ Updated: 29.18 → 29.35 (VALUE CHANGED)
[2026-02-02 10:18:10]   [emp_id: 4136] ✓ Updated: 29.18 → 29.35 (VALUE CHANGED)
[2026-02-02 10:18:10]   [emp_id: 4150] ✓ Updated: 27.85 → 28.02 (VALUE CHANGED)
[2026-02-02 10:18:10]   [emp_id: 4157] ✓ Updated: 21.35 → 21.52 (VALUE CHANGED)
[2026-02-02 10:18:10]   [emp_id: 4172] ✓ Updated: 14.48 → 14.6 (VALUE CHANGED)
[2026-02-02 10:18:10]   [emp_id: 4195] ✓ Updated: 64.93 → 65.1 (VALUE CHANGED)
[2026-02-02 10:18:10]   [emp_id: 4215] ✓ Updated: 47.6 → 47.77 (VALUE CHANGED)
[2026-02-02 10:18:10]   [emp_id: 4220] ✓ Updated: 43.18 → 43.35 (VALUE CHANGED)
[2026-02-02 10:18:10]   [emp_id: 4273] ✓ Updated: 11.85 → 12.02 (VALUE CHANGED)
[2026-02-02 10:18:10]   [emp_id: 4283] ✓ Updated: 15.57 → 15.69 (VALUE CHANGED)
[2026-02-02 10:18:10]   [emp_id: 4288] ✓ Updated: 2.42 → 2.59 (VALUE CHANGED)
[2026-02-02 10:18:10]   [emp_id: 4315] ✓ Updated: 15.1 → 15.27 (VALUE CHANGED)
[2026-02-02 10:18:10]   [emp_id: 4328] ✓ Updated: 44.4 → 44.52 (VALUE CHANGED)
[2026-02-02 10:18:10]   [emp_id: 4329] ✓ Updated: 8.27 → 8.44 (VALUE CHANGED)
[2026-02-02 10:18:10]   [emp_id: 4338] ✓ Updated: 49.85 → 50.02 (VALUE CHANGED)
[2026-02-02 10:18:10]   [emp_id: 4340] ✓ Updated: 111.85 → 112.02 (VALUE CHANGED)
[2026-02-02 10:18:10]   [emp_id: 4365] ✓ Updated: 63.27 → 63.44 (VALUE CHANGED)
[2026-02-02 10:18:10]   [emp_id: 4366] ✓ Updated: 62.35 → 62.52 (VALUE CHANGED)
[2026-02-02 10:18:10]   [emp_id: 4403] ✓ Updated: 88.18 → 88.35 (VALUE CHANGED)
[2026-02-02 10:18:10]   [emp_id: 4438] ✓ Updated: 23.85 → 24.02 (VALUE CHANGED)
[2026-02-02 10:18:10]   [emp_id: 4465] ✓ Updated: 14.73 → 14.85 (VALUE CHANGED)
[2026-02-02 10:18:10]   [emp_id: 4473] ✓ Updated: 47.43 → 47.6 (VALUE CHANGED)
[2026-02-02 10:18:10]   [emp_id: 4474] ✓ Updated: 5.24 → 5.36 (VALUE CHANGED)
[2026-02-02 10:18:10]   [emp_id: 4493] ✓ Updated: 166.27 → 166.44 (VALUE CHANGED)
[2026-02-02 10:18:10]   [emp_id: 4526] ✓ Updated: 38.52 → 38.69 (VALUE CHANGED)
[2026-02-02 10:18:10]   [emp_id: 4528] ✓ Updated: 110.27 → 110.44 (VALUE CHANGED)
[2026-02-02 10:18:10]   [emp_id: 4528] ✓ Updated: 110.27 → 110.44 (VALUE CHANGED)
[2026-02-02 10:18:10]   [emp_id: 4532] ✓ Updated: 9.85 → 9.97 (VALUE CHANGED)
[2026-02-02 10:18:10]   [emp_id: 4533] ✓ Updated: 38.68 → 38.85 (VALUE CHANGED)
[2026-02-02 10:18:10]   [emp_id: 4565] ✓ Updated: 17.23 → 17.35 (VALUE CHANGED)
[2026-02-02 10:18:10]   [emp_id: 4567] ✓ Updated: 21.48 → 21.6 (VALUE CHANGED)
[2026-02-02 10:18:10]   [emp_id: 4572] ✓ Updated: 60.98 → 61.1 (VALUE CHANGED)
[2026-02-02 10:18:10]   [emp_id: 4631] ✓ Updated: 17.23 → 17.35 (VALUE CHANGED)
[2026-02-02 10:18:10]   [emp_id: 4655] ✓ Updated: 27.6 → 27.77 (VALUE CHANGED)
[2026-02-02 10:18:10]   [emp_id: 4709] ✓ Updated: 42.85 → 43.02 (VALUE CHANGED)
[2026-02-02 10:18:10]   [emp_id: 4717] ✓ Updated: 68.85 → 69.02 (VALUE CHANGED)
[2026-02-02 10:18:10]   [emp_id: 4736] ✓ Updated: 30.68 → 30.85 (VALUE CHANGED)
[2026-02-02 10:18:10]   [emp_id: 4756] ✓ Updated: 13.67 → 13.79 (VALUE CHANGED)
[2026-02-02 10:18:10]   [emp_id: 4768] ✓ Updated: 16.35 → 16.52 (VALUE CHANGED)
[2026-02-02 10:18:10]   [emp_id: 4780] ✓ Updated: 67.4 → 67.52 (VALUE CHANGED)
[2026-02-02 10:18:10]   [emp_id: 4820] ✓ Updated: 101.68 → 101.85 (VALUE CHANGED)
[2026-02-02 10:18:10]   [emp_id: 4824] ✓ Updated: 4.86 → 5.03 (VALUE CHANGED)
[2026-02-02 10:18:10]   [emp_id: 4825] ✓ Updated: 33.43 → 33.6 (VALUE CHANGED)
[2026-02-02 10:18:10]   [emp_id: 4837] ✓ Updated: 47.39 → 47.51 (VALUE CHANGED)
[2026-02-02 10:18:11]   [emp_id: 4840] ✓ Updated: 47.39 → 47.51 (VALUE CHANGED)
[2026-02-02 10:18:11]   [emp_id: 4842] ✓ Updated: 46.63 → 46.75 (VALUE CHANGED)
[2026-02-02 10:18:11]   [emp_id: 4843] ✓ Updated: 47.16 → 47.28 (VALUE CHANGED)
[2026-02-02 10:18:11]   [emp_id: 4853] ✓ Updated: 90.98 → 91.1 (VALUE CHANGED)
[2026-02-02 10:18:11]   [emp_id: 4856] ✓ Updated: 44.3 → 44.42 (VALUE CHANGED)
[2026-02-02 10:18:11]   [emp_id: 4857] ✓ Updated: 27.12 → 27.24 (VALUE CHANGED)
[2026-02-02 10:18:11]   [emp_id: 4858] ✓ Updated: 24 → 24.12 (VALUE CHANGED)
[2026-02-02 10:18:11]   [emp_id: 4859] ✓ Updated: 45.47 → 45.59 (VALUE CHANGED)
[2026-02-02 10:18:11]   [emp_id: 4860] ✓ Updated: 9.97 → 10.09 (VALUE CHANGED)
[2026-02-02 10:18:11]   [emp_id: 4861] ✓ Updated: 43.43 → 43.55 (VALUE CHANGED)
[2026-02-02 10:18:11]   [emp_id: 4869] ✓ Updated: 86.31 → 86.43 (VALUE CHANGED)
[2026-02-02 10:18:11]   [emp_id: 4894] ✓ Updated: 10.35 → 10.52 (VALUE CHANGED)
[2026-02-02 10:18:11]   [emp_id: 4897] ✓ Updated: 25.21 → 25.33 (VALUE CHANGED)
[2026-02-02 10:18:11]   [emp_id: 4899] ✓ Updated: 21.38 → 21.5 (VALUE CHANGED)
[2026-02-02 10:18:11]   [emp_id: 4902] ✓ Updated: 20.8 → 20.92 (VALUE CHANGED)
[2026-02-02 10:18:11]   [emp_id: 4903] ✓ Updated: 23.02 → 23.14 (VALUE CHANGED)
[2026-02-02 10:18:11]   [emp_id: 4905] ✓ Updated: 21.68 → 21.8 (VALUE CHANGED)
[2026-02-02 10:18:11]   [emp_id: 4907] ✓ Updated: 50.43 → 50.6 (VALUE CHANGED)
[2026-02-02 10:18:11]   [emp_id: 4917] ✓ Updated: 18.64 → 18.76 (VALUE CHANGED)
[2026-02-02 10:18:11]   [emp_id: 4918] ✓ Updated: 8.41 → 8.53 (VALUE CHANGED)
[2026-02-02 10:18:11]   [emp_id: 4919] ✓ Updated: 60.7 → 60.82 (VALUE CHANGED)
[2026-02-02 10:18:11]   [emp_id: 4920] ✓ Updated: 7.78 → 7.9 (VALUE CHANGED)
[2026-02-02 10:18:11]   [emp_id: 4921] ✓ Updated: 19.87 → 19.99 (VALUE CHANGED)
[2026-02-02 10:18:11]   [emp_id: 4927] ✓ Updated: 18.7 → 18.82 (VALUE CHANGED)
[2026-02-02 10:18:11]   [emp_id: 4929] ✓ Updated: 20.22 → 20.34 (VALUE CHANGED)
[2026-02-02 10:18:11]   [emp_id: 4930] ✓ Updated: 60.99 → 61.11 (VALUE CHANGED)
[2026-02-02 10:18:11]   [emp_id: 4932] ✓ Updated: 18.99 → 19.11 (VALUE CHANGED)
[2026-02-02 10:18:11]   [emp_id: 4933] ✓ Updated: 22.4 → 22.52 (VALUE CHANGED)
[2026-02-02 10:18:11]   [emp_id: 4949] ✓ Updated: 25.83 → 25.95 (VALUE CHANGED)
[2026-02-02 10:18:11]   [emp_id: 4956] ✓ Updated: 31.42 → 31.54 (VALUE CHANGED)
[2026-02-02 10:18:11]   [emp_id: 4957] ✓ Updated: 27.09 → 27.21 (VALUE CHANGED)
[2026-02-02 10:18:11]   [emp_id: 4962] ✓ Updated: 49.79 → 49.96 (VALUE CHANGED)
[2026-02-02 10:18:11]   [emp_id: 4969] ✓ Updated: 49.1 → 49.27 (VALUE CHANGED)
[2026-02-02 10:18:11]   [emp_id: 4976] ✓ Updated: 12.11 → 12.23 (VALUE CHANGED)
[2026-02-02 10:18:11]   [emp_id: 4984] ✓ Updated: 40.35 → 40.52 (VALUE CHANGED)
[2026-02-02 10:18:11]   [emp_id: 4995] ✓ Updated: 52.42 → 52.59 (VALUE CHANGED)
[2026-02-02 10:18:11]   [emp_id: 5004] ✓ Updated: 29.05 → 29.17 (VALUE CHANGED)
[2026-02-02 10:18:11]   [emp_id: 5006] ✓ Updated: 28.79 → 28.91 (VALUE CHANGED)
[2026-02-02 10:18:11]   [emp_id: 5011] ✓ Updated: 8.2 → 8.37 (VALUE CHANGED)
[2026-02-02 10:18:11]   [emp_id: 5013] ✓ Updated: 69.16 → 69.28 (VALUE CHANGED)
[2026-02-02 10:18:11]   [emp_id: 5018] ✓ Updated: 5.65 → 5.77 (VALUE CHANGED)
[2026-02-02 10:18:11]   [emp_id: 5021] ✓ Updated: 63.45 → 63.62 (VALUE CHANGED)
[2026-02-02 10:18:11]   [emp_id: 5024] ✓ Updated: 3.67 → 3.79 (VALUE CHANGED)
[2026-02-02 10:18:11]   [emp_id: 5030] ✓ Updated: 33.62 → 33.74 (VALUE CHANGED)
[2026-02-02 10:18:11]   [emp_id: 5033] ✓ Updated: 12.42 → 12.54 (VALUE CHANGED)
[2026-02-02 10:18:12]   [emp_id: 5043] ✓ Updated: 33.02 → 33.19 (VALUE CHANGED)
[2026-02-02 10:18:12]   [emp_id: 5045] ✓ Updated: 29.52 → 29.69 (VALUE CHANGED)
[2026-02-02 10:18:12]   [emp_id: 5046] ✓ Updated: 24.71 → 24.88 (VALUE CHANGED)
[2026-02-02 10:18:12]   [emp_id: 5049] ✓ Updated: 1.1 → 1.22 (VALUE CHANGED)
[2026-02-02 10:18:12]   [emp_id: 5052] ✓ Updated: 32.38 → 32.5 (VALUE CHANGED)
[2026-02-02 10:18:12]   [emp_id: 5055] ✓ Updated: 20.82 → 20.94 (VALUE CHANGED)
[2026-02-02 10:18:12]   [emp_id: 5058] ✓ Updated: 29.8 → 29.92 (VALUE CHANGED)
[2026-02-02 10:18:12]   [emp_id: 5062] ✓ Updated: 41.63 → 41.75 (VALUE CHANGED)
[2026-02-02 10:18:12]   [emp_id: 5064] ✓ Updated: 120.35 → 120.52 (VALUE CHANGED)
[2026-02-02 10:18:12]   [emp_id: 5065] ✓ Updated: 41.04 → 41.16 (VALUE CHANGED)
[2026-02-02 10:18:12]   [emp_id: 5071] ✓ Updated: 25.85 → 26.02 (VALUE CHANGED)
[2026-02-02 10:18:12]   [emp_id: 5073] ✓ Updated: 15.64 → 15.76 (VALUE CHANGED)
[2026-02-02 10:18:12]   [emp_id: 5079] ✓ Updated: 36.2 → 36.32 (VALUE CHANGED)
[2026-02-02 10:18:12]   [emp_id: 5080] ✓ Updated: 29.53 → 29.65 (VALUE CHANGED)
[2026-02-02 10:18:12]   [emp_id: 5081] ✓ Updated: 17.79 → 17.91 (VALUE CHANGED)
[2026-02-02 10:18:12]   [emp_id: 5087] ✓ Updated: 37.83 → 37.95 (VALUE CHANGED)
[2026-02-02 10:18:12]   [emp_id: 5091] ✓ Updated: 77.68 → 77.8 (VALUE CHANGED)
[2026-02-02 10:18:12]   [emp_id: 5093] ✓ Updated: 17.02 → 17.19 (VALUE CHANGED)
[2026-02-02 10:18:12]   [emp_id: 5095] ✓ Updated: 3.22 → 3.34 (VALUE CHANGED)
[2026-02-02 10:18:12]   [emp_id: 5101] ✓ Updated: 19.1 → 19.27 (VALUE CHANGED)
[2026-02-02 10:18:12]   [emp_id: 5107] ✓ Updated: 17.43 → 17.6 (VALUE CHANGED)
[2026-02-02 10:18:12]   [emp_id: 5109] ✓ Updated: 14.68 → 14.85 (VALUE CHANGED)
[2026-02-02 10:18:12]   [emp_id: 5119] ✓ Updated: 12.85 → 13.02 (VALUE CHANGED)
[2026-02-02 10:18:12]   [emp_id: 5122] ✓ Updated: 10.02 → 10.19 (VALUE CHANGED)
[2026-02-02 10:18:12]   [emp_id: 5126] ✓ Updated: 28.56 → 28.68 (VALUE CHANGED)
[2026-02-02 10:18:12]   [emp_id: 5127] ✓ Updated: 1.35 → 1.41 (VALUE CHANGED)
[2026-02-02 10:18:12]   [emp_id: 5128] ✓ Updated: 28.5 → 28.62 (VALUE CHANGED)
[2026-02-02 10:18:12]   [emp_id: 5138] ✓ Updated: 52.68 → 52.85 (VALUE CHANGED)
[2026-02-02 10:18:12]   [emp_id: 5138] ✓ Updated: 52.68 → 52.85 (VALUE CHANGED)
[2026-02-02 10:18:12]   [emp_id: 5141] ✓ Updated: 36.87 → 36.99 (VALUE CHANGED)
[2026-02-02 10:18:12]   [emp_id: 5142] ✓ Updated: 15.87 → 15.99 (VALUE CHANGED)
[2026-02-02 10:18:12]   [emp_id: 5146] ✓ Updated: 22.87 → 22.99 (VALUE CHANGED)
[2026-02-02 10:18:12]   [emp_id: 5147] ✓ Updated: 21.87 → 21.99 (VALUE CHANGED)
[2026-02-02 10:18:12]   [emp_id: 5148] ✓ Updated: 27.22 → 27.34 (VALUE CHANGED)
[2026-02-02 10:18:12]   [emp_id: 5149] ✓ Updated: 26.11 → 26.23 (VALUE CHANGED)
[2026-02-02 10:18:12]   [emp_id: 5150] ✓ Updated: 25.47 → 25.59 (VALUE CHANGED)
[2026-02-02 10:18:12]   [emp_id: 5151] ✓ Updated: 25.29 → 25.41 (VALUE CHANGED)
[2026-02-02 10:18:12]   [emp_id: 5152] ✓ Updated: 5.71 → 5.83 (VALUE CHANGED)
[2026-02-02 10:18:12]   [emp_id: 5157] ✓ Updated: 25.29 → 25.41 (VALUE CHANGED)
[2026-02-02 10:18:12]   [emp_id: 5160] ✓ Updated: 25.29 → 25.41 (VALUE CHANGED)
[2026-02-02 10:18:12]   [emp_id: 5163] ✓ Updated: 23.08 → 23.2 (VALUE CHANGED)
[2026-02-02 10:18:12]   [emp_id: 5165] ✓ Updated: 4.12 → 4.29 (VALUE CHANGED)
[2026-02-02 10:18:12]   [emp_id: 5167] ✓ Updated: 32.23 → 32.35 (VALUE CHANGED)
[2026-02-02 10:18:12]   [emp_id: 5168] ✓ Updated: 24.77 → 24.89 (VALUE CHANGED)
[2026-02-02 10:18:12]   [emp_id: 5173] ✓ Updated: 27.77 → 27.94 (VALUE CHANGED)
[2026-02-02 10:18:13]   [emp_id: 5174] ✓ Updated: 25.23 → 25.35 (VALUE CHANGED)
[2026-02-02 10:18:13]   [emp_id: 5181] ✓ Updated: 21.62 → 21.74 (VALUE CHANGED)
[2026-02-02 10:18:13]   [emp_id: 5186] ✓ Updated: 27.15 → 27.27 (VALUE CHANGED)
[2026-02-02 10:18:13]   [emp_id: 5187] ✓ Updated: 38.15 → 38.27 (VALUE CHANGED)
[2026-02-02 10:18:13]   [emp_id: 5204] ✓ Updated: 25.27 → 25.44 (VALUE CHANGED)
[2026-02-02 10:18:13]   [emp_id: 5205] ✓ Updated: 14.36 → 14.48 (VALUE CHANGED)
[2026-02-02 10:18:13]   [emp_id: 5209] ✓ Updated: 17.36 → 17.48 (VALUE CHANGED)
[2026-02-02 10:18:13]   [emp_id: 5213] ✓ Updated: 4.77 → 4.89 (VALUE CHANGED)
[2026-02-02 10:18:13]   [emp_id: 5214] ✓ Updated: 3.61 → 3.73 (VALUE CHANGED)
[2026-02-02 10:18:13]   [emp_id: 5215] ✓ Updated: 12.36 → 12.48 (VALUE CHANGED)
[2026-02-02 10:18:13]   [emp_id: 5217] ✓ Updated: 11.36 → 11.48 (VALUE CHANGED)
[2026-02-02 10:18:13]   [emp_id: 5219] ✓ Updated: 15.36 → 15.48 (VALUE CHANGED)
[2026-02-02 10:18:13]   [emp_id: 5221] ✓ Updated: 4.67 → 4.79 (VALUE CHANGED)
[2026-02-02 10:18:13]   [emp_id: 5224] ✓ Updated: 16.36 → 16.48 (VALUE CHANGED)
[2026-02-02 10:18:13]   [emp_id: 5225] ✓ Updated: 8.67 → 8.79 (VALUE CHANGED)
[2026-02-02 10:18:13]   [emp_id: 5228] ✓ Updated: 11.36 → 11.48 (VALUE CHANGED)
[2026-02-02 10:18:13]   [emp_id: 5229] ✓ Updated: 7.36 → 7.48 (VALUE CHANGED)
[2026-02-02 10:18:13]   [emp_id: 5230] ✓ Updated: 12.03 → 12.15 (VALUE CHANGED)
[2026-02-02 10:18:13]   [emp_id: 5231] ✓ Updated: 8.36 → 8.48 (VALUE CHANGED)
[2026-02-02 10:18:13]   [emp_id: 5232] ✓ Updated: 2.36 → 2.48 (VALUE CHANGED)
[2026-02-02 10:18:13]   [emp_id: 5233] ✓ Updated: 6.36 → 6.48 (VALUE CHANGED)
[2026-02-02 10:18:13]   [emp_id: 5234] ✓ Updated: 6.36 → 6.48 (VALUE CHANGED)
[2026-02-02 10:18:13]   [emp_id: 5235] ✓ Updated: 1.8 → 1.92 (VALUE CHANGED)
[2026-02-02 10:18:13]   [emp_id: 5237] ✓ Updated: 12.61 → 12.73 (VALUE CHANGED)
[2026-02-02 10:18:13]   [emp_id: 5239] ✓ Updated: 9.36 → 9.48 (VALUE CHANGED)
[2026-02-02 10:18:13]   [emp_id: 5241] ✓ Updated: 7.36 → 7.48 (VALUE CHANGED)
[2026-02-02 10:18:13]   [emp_id: 5242] ✓ Updated: 17.36 → 17.48 (VALUE CHANGED)
[2026-02-02 10:18:13]   [emp_id: 5243] ✓ Updated: 3.77 → 3.89 (VALUE CHANGED)
[2026-02-02 10:18:13]   [emp_id: 5244] ✓ Updated: 1.8 → 1.92 (VALUE CHANGED)
[2026-02-02 10:18:13]   [emp_id: 5246] ✓ Updated: 13.36 → 13.48 (VALUE CHANGED)
[2026-02-02 10:18:13]   [emp_id: 5253] ✓ Updated: 26.23 → 26.35 (VALUE CHANGED)
[2026-02-02 10:18:13]   [emp_id: 5254] ✓ Updated: 14.21 → 14.33 (VALUE CHANGED)
[2026-02-02 10:18:13]   [emp_id: 5257] ✓ Updated: 13.92 → 14.04 (VALUE CHANGED)
[2026-02-02 10:18:13]   [emp_id: 5259] ✓ Updated: 50.45 → 50.57 (VALUE CHANGED)
[2026-02-02 10:18:13]   [emp_id: 5261] ✓ Updated: 18.87 → 19.04 (VALUE CHANGED)
[2026-02-02 10:18:13]   [emp_id: 5264] ✓ Updated: 15.93 → 16.05 (VALUE CHANGED)
[2026-02-02 10:18:13]   [emp_id: 5266] ✓ Updated: 22.55 → 22.67 (VALUE CHANGED)
[2026-02-02 10:18:13]   [emp_id: 5268] ✓ Updated: 11.12 → 11.24 (VALUE CHANGED)
[2026-02-02 10:18:13]   [emp_id: 5271] ✓ Updated: 9.78 → 9.9 (VALUE CHANGED)
[2026-02-02 10:18:13]   [emp_id: 5272] ✓ Updated: 10.65 → 10.77 (VALUE CHANGED)
[2026-02-02 10:18:13]   [emp_id: 5273] ✓ Updated: 25.72 → 25.84 (VALUE CHANGED)
[2026-02-02 10:18:13]   [emp_id: 5275] ✓ Updated: 11.47 → 11.59 (VALUE CHANGED)
[2026-02-02 10:18:13]   [emp_id: 5276] ✓ Updated: 25.74 → 25.86 (VALUE CHANGED)
[2026-02-02 10:18:13]   [emp_id: 5278] ✓ Updated: 10.13 → 10.25 (VALUE CHANGED)
[2026-02-02 10:18:13]   [emp_id: 5280] ✓ Updated: 20.53 → 20.65 (VALUE CHANGED)
[2026-02-02 10:18:13]   [emp_id: 5282] ✓ Updated: 14.35 → 14.52 (VALUE CHANGED)
[2026-02-02 10:18:13]   [emp_id: 5285] ✓ Updated: 30.53 → 30.65 (VALUE CHANGED)
[2026-02-02 10:18:13]   [emp_id: 5286] ✓ Updated: 17.53 → 17.65 (VALUE CHANGED)
[2026-02-02 10:18:14]   [emp_id: 5287] ✓ Updated: 51.83 → 51.95 (VALUE CHANGED)
[2026-02-02 10:18:14]   [emp_id: 5288] ✓ Updated: 9.1 → 9.22 (VALUE CHANGED)
[2026-02-02 10:18:14]   [emp_id: 5289] ✓ Updated: 50.38 → 50.5 (VALUE CHANGED)
[2026-02-02 10:18:14]   [emp_id: 5290] ✓ Updated: 49.15 → 49.27 (VALUE CHANGED)
[2026-02-02 10:18:14]   [emp_id: 5291] ✓ Updated: 7.15 → 7.27 (VALUE CHANGED)
[2026-02-02 10:18:14]   [emp_id: 5292] ✓ Updated: 7.09 → 7.21 (VALUE CHANGED)
[2026-02-02 10:18:14]   [emp_id: 5293] ✓ Updated: 10.61 → 10.78 (VALUE CHANGED)
[2026-02-02 10:18:14]   [emp_id: 5294] ✓ Updated: 10.27 → 10.44 (VALUE CHANGED)
[2026-02-02 10:18:14]   [emp_id: 5295] ✓ Updated: 23.33 → 23.45 (VALUE CHANGED)
[2026-02-02 10:18:14]   [emp_id: 5296] ✓ Updated: 37.29 → 37.46 (VALUE CHANGED)
[2026-02-02 10:18:14]   [emp_id: 5297] ✓ Updated: 47.75 → 47.87 (VALUE CHANGED)
[2026-02-02 10:18:14]   [emp_id: 5298] ✓ Updated: 47.75 → 47.87 (VALUE CHANGED)
[2026-02-02 10:18:14]   [emp_id: 5299] ✓ Updated: 47.75 → 47.87 (VALUE CHANGED)
[2026-02-02 10:18:14]   [emp_id: 5300] ✓ Updated: 47.75 → 47.87 (VALUE CHANGED)
[2026-02-02 10:18:14]   [emp_id: 5301] ✓ Updated: 5.57 → 5.69 (VALUE CHANGED)
[2026-02-02 10:18:14]   [emp_id: 5303] ✓ Updated: 6 → 6.12 (VALUE CHANGED)
[2026-02-02 10:18:14]   [emp_id: 5304] ✓ Updated: 2.75 → 2.87 (VALUE CHANGED)
[2026-02-02 10:18:14]   [emp_id: 5305] ✓ Updated: 5.75 → 5.87 (VALUE CHANGED)
[2026-02-02 10:18:14]   [emp_id: 5306] ✓ Updated: 47.46 → 47.58 (VALUE CHANGED)
[2026-02-02 10:18:14]   [emp_id: 5307] ✓ Updated: 47.46 → 47.58 (VALUE CHANGED)
[2026-02-02 10:18:14]   [emp_id: 5312] ✓ Updated: 1.8 → 1.92 (VALUE CHANGED)
[2026-02-02 10:18:14]   [emp_id: 5318] ✓ Updated: 28.17 → 28.29 (VALUE CHANGED)
[2026-02-02 10:18:14]   [emp_id: 5325] ✓ Updated: 2.13 → 2.25 (VALUE CHANGED)
[2026-02-02 10:18:14]   [emp_id: 5327] ✓ Updated: 3.22 → 3.34 (VALUE CHANGED)
[2026-02-02 10:18:14]   [emp_id: 5337] ✓ Updated: 38.18 → 38.35 (VALUE CHANGED)
[2026-02-02 10:18:14]   [emp_id: 5339] ✓ Updated: 12.32 → 12.44 (VALUE CHANGED)
[2026-02-02 10:18:14]   [emp_id: 5343] ✓ Updated: 48.1 → 48.27 (VALUE CHANGED)
[2026-02-02 10:18:14]   [emp_id: 5343] ✓ Updated: 48.1 → 48.27 (VALUE CHANGED)
[2026-02-02 10:18:14]   [emp_id: 5345] ✓ Updated: 17.93 → 18.1 (VALUE CHANGED)
[2026-02-02 10:18:14]   [emp_id: 5346] ✓ Updated: 4.04 → 4.16 (VALUE CHANGED)
[2026-02-02 10:18:14]   [emp_id: 5351] ✓ Updated: 18.98 → 19.1 (VALUE CHANGED)
[2026-02-02 10:18:14]   [emp_id: 5352] ✓ Updated: 28.35 → 28.52 (VALUE CHANGED)
[2026-02-02 10:18:14]   [emp_id: 5370] ✓ Updated: 17.63 → 17.75 (VALUE CHANGED)
[2026-02-02 10:18:14]   [emp_id: 5371] ✓ Updated: 10.1 → 10.27 (VALUE CHANGED)
[2026-02-02 10:18:14]   [emp_id: 5376] ✓ Updated: 12.23 → 12.35 (VALUE CHANGED)
[2026-02-02 10:18:14]   [emp_id: 5378] ✓ Updated: 20.18 → 20.35 (VALUE CHANGED)
[2026-02-02 10:18:14]   [emp_id: 5380] ✓ Updated: 18.64 → 18.76 (VALUE CHANGED)
[2026-02-02 10:18:14]   [emp_id: 5381] ✓ Updated: 14.62 → 14.79 (VALUE CHANGED)
[2026-02-02 10:18:14]   [emp_id: 5383] ✓ Updated: 17.93 → 18.1 (VALUE CHANGED)
[2026-02-02 10:18:14]   [emp_id: 5388] ✓ Updated: 29.42 → 29.54 (VALUE CHANGED)
[2026-02-02 10:18:14]   [emp_id: 5396] ✓ Updated: 30.66 → 30.78 (VALUE CHANGED)
[2026-02-02 10:18:14]   [emp_id: 5397] ✓ Updated: 22.12 → 22.24 (VALUE CHANGED)
[2026-02-02 10:18:14]   [emp_id: 5401] ✓ Updated: 25.23 → 25.35 (VALUE CHANGED)
[2026-02-02 10:18:14]   [emp_id: 5402] ✓ Updated: 25.35 → 25.47 (VALUE CHANGED)
[2026-02-02 10:18:14]   [emp_id: 5406] ✓ Updated: 19.07 → 19.19 (VALUE CHANGED)
[2026-02-02 10:18:14]   [emp_id: 5407] ✓ Updated: 18.7 → 18.87 (VALUE CHANGED)
[2026-02-02 10:18:14]   [emp_id: 5409] ✓ Updated: 18.41 → 18.53 (VALUE CHANGED)
[2026-02-02 10:18:14]   [emp_id: 5413] ✓ Updated: 31.1 → 31.27 (VALUE CHANGED)
[2026-02-02 10:18:15]   [emp_id: 5414] ✓ Updated: 30.77 → 30.94 (VALUE CHANGED)
[2026-02-02 10:18:15]   [emp_id: 5415] ✓ Updated: 6.7 → 6.87 (VALUE CHANGED)
[2026-02-02 10:18:15]   [emp_id: 5418] ✓ Updated: 17.47 → 17.59 (VALUE CHANGED)
[2026-02-02 10:18:15]   [emp_id: 5422] ✓ Updated: 23.43 → 23.6 (VALUE CHANGED)
[2026-02-02 10:18:15]   [emp_id: 5423] ✓ Updated: 8.12 → 8.29 (VALUE CHANGED)
[2026-02-02 10:18:15]   [emp_id: 5425] ✓ Updated: 16.02 → 16.14 (VALUE CHANGED)
[2026-02-02 10:18:15]   [emp_id: 5426] ✓ Updated: 4.67 → 4.84 (VALUE CHANGED)
[2026-02-02 10:18:15]   [emp_id: 5426] ✓ Updated: 4.67 → 4.84 (VALUE CHANGED)
[2026-02-02 10:18:15]   [emp_id: 5427] ✓ Updated: 16.13 → 16.25 (VALUE CHANGED)
[2026-02-02 10:18:15]   [emp_id: 5428] ✓ Updated: 16.02 → 16.14 (VALUE CHANGED)
[2026-02-02 10:18:15]   [emp_id: 5430] ✓ Updated: 20.49 → 20.66 (VALUE CHANGED)
[2026-02-02 10:18:15]   [emp_id: 5431] ✓ Updated: 15.14 → 15.26 (VALUE CHANGED)
[2026-02-02 10:18:15]   [emp_id: 5433] ✓ Updated: 15.16 → 15.28 (VALUE CHANGED)
[2026-02-02 10:18:15]   [emp_id: 5434] ✓ Updated: 14.91 → 15.03 (VALUE CHANGED)
[2026-02-02 10:18:15]   [emp_id: 5435] ✓ Updated: 14.85 → 14.97 (VALUE CHANGED)
[2026-02-02 10:18:15]   [emp_id: 5436] ✓ Updated: 14.85 → 14.97 (VALUE CHANGED)
[2026-02-02 10:18:15]   [emp_id: 5438] ✓ Updated: 18.35 → 18.52 (VALUE CHANGED)
[2026-02-02 10:18:15]   [emp_id: 5439] ✓ Updated: 27.85 → 28.02 (VALUE CHANGED)
[2026-02-02 10:18:15]   [emp_id: 5442] ✓ Updated: 16.85 → 17.02 (VALUE CHANGED)
[2026-02-02 10:18:15]   [emp_id: 5445] ✓ Updated: 9.31 → 9.43 (VALUE CHANGED)
[2026-02-02 10:18:15]   [emp_id: 5446] ✓ Updated: 9.31 → 9.43 (VALUE CHANGED)
[2026-02-02 10:18:15]   [emp_id: 5447] ✓ Updated: 9.25 → 9.37 (VALUE CHANGED)
[2026-02-02 10:18:15]   [emp_id: 5448] ✓ Updated: 3.87 → 4.04 (VALUE CHANGED)
[2026-02-02 10:18:15]   [emp_id: 5449] ✓ Updated: 7.33 → 7.45 (VALUE CHANGED)
[2026-02-02 10:18:15]   [emp_id: 5450] ✓ Updated: 7.27 → 7.39 (VALUE CHANGED)
[2026-02-02 10:18:15]   [emp_id: 5451] ✓ Updated: 7.27 → 7.39 (VALUE CHANGED)
[2026-02-02 10:18:15]   [emp_id: 5453] ✓ Updated: 7.11 → 7.23 (VALUE CHANGED)
[2026-02-02 10:18:15]   [emp_id: 5454] ✓ Updated: 9.93 → 10.1 (VALUE CHANGED)
[2026-02-02 10:18:15]   [emp_id: 5455] ✓ Updated: 4.18 → 4.35 (VALUE CHANGED)
[2026-02-02 10:18:15]   [emp_id: 5456] ✓ Updated: 9.18 → 9.35 (VALUE CHANGED)
[2026-02-02 10:18:15]   [emp_id: 5457] ✓ Updated: 6.36 → 6.48 (VALUE CHANGED)
[2026-02-02 10:18:15]   [emp_id: 5460] ✓ Updated: 7.83 → 8 (VALUE CHANGED)
[2026-02-02 10:18:15]   [emp_id: 5463] ✓ Updated: 7.16 → 7.33 (VALUE CHANGED)
[2026-02-02 10:18:15]   [emp_id: 5464] ✓ Updated: 7.16 → 7.33 (VALUE CHANGED)
[2026-02-02 10:18:15]   [emp_id: 5466] ✓ Updated: 4.91 → 5.08 (VALUE CHANGED)
[2026-02-02 10:18:15]   [emp_id: 5467] ✓ Updated: 3.83 → 4 (VALUE CHANGED)
[2026-02-02 10:18:15]   [emp_id: 5468] ✓ Updated: 2.78 → 2.95 (VALUE CHANGED)
[2026-02-02 10:18:15]   [emp_id: 5469] ✓ Updated: 2.69 → 2.86 (VALUE CHANGED)
[2026-02-02 10:18:15] Report saved to: D:\xampp\htdocs\almutlak\system/cron_logs/last_vacation_update_report.json
[2026-02-02 10:18:36] ========== CRON: Vacation Balance Update Started ==========
[2026-02-02 10:18:36] Force level: 2 (0=normal, 1=check missing, 2=full bypass)
[2026-02-02 10:18:36] Source: Browser (?force=2)
[2026-02-02 10:18:36] FORCE LEVEL 2: Full bypass - updating all balances AND last_updated
[2026-02-02 10:18:36] Database connection established
[2026-02-02 10:18:37] Found 433 active employees with balance records to update
[2026-02-02 10:18:37] (Only employees with status=1 will be processed)
[2026-02-02 10:18:37]   [emp_id: 1061] ✓ Updated: 2.59 (synced daily for consistency)
[2026-02-02 10:18:37]   [emp_id: 1496] ✓ Updated: 19.44 (synced daily for consistency)
[2026-02-02 10:18:37]   [emp_id: 1500] ✓ Updated: 7.12 (synced daily for consistency)
[2026-02-02 10:18:37]   [emp_id: 1574] ✓ Updated: 36.35 (synced daily for consistency)
[2026-02-02 10:18:37]   [emp_id: 1673] ✓ Updated: 47.85 (synced daily for consistency)
[2026-02-02 10:18:37]   [emp_id: 1685] ✓ Updated: 17.77 (synced daily for consistency)
[2026-02-02 10:18:37]   [emp_id: 1764] ✓ Updated: 72.44 (synced daily for consistency)
[2026-02-02 10:18:37]   [emp_id: 1805] ✓ Updated: 66.77 (synced daily for consistency)
[2026-02-02 10:18:37]   [emp_id: 1822] ✓ Updated: 71.52 (synced daily for consistency)
[2026-02-02 10:18:37]   [emp_id: 1837] ✓ Updated: 27.69 (synced daily for consistency)
[2026-02-02 10:18:37]   [emp_id: 1857] ✓ Updated: 23.02 (synced daily for consistency)
[2026-02-02 10:18:37]   [emp_id: 1861] ✓ Updated: 73.85 (synced daily for consistency)
[2026-02-02 10:18:37]   [emp_id: 1872] ✓ Updated: 12.69 (synced daily for consistency)
[2026-02-02 10:18:37]   [emp_id: 1897] ✓ Updated: 8.02 (synced daily for consistency)
[2026-02-02 10:18:37]   [emp_id: 1916] ✓ Updated: 14.32 (synced daily for consistency)
[2026-02-02 10:18:37]   [emp_id: 1928] ✓ Updated: 67.27 (synced daily for consistency)
[2026-02-02 10:18:37]   [emp_id: 1931] ✓ Updated: 87.19 (synced daily for consistency)
[2026-02-02 10:18:37]   [emp_id: 1944] ✓ Updated: 45.35 (synced daily for consistency)
[2026-02-02 10:18:37]   [emp_id: 1996] ✓ Updated: 73.85 (synced daily for consistency)
[2026-02-02 10:18:37]   [emp_id: 1997] ✓ Updated: 39.02 (synced daily for consistency)
[2026-02-02 10:18:37]   [emp_id: 1998] ✓ Updated: 30.46 (synced daily for consistency)
[2026-02-02 10:18:37]   [emp_id: 1999] ✓ Updated: 31.46 (synced daily for consistency)
[2026-02-02 10:18:37]   [emp_id: 2009] ✓ Updated: 37.77 (synced daily for consistency)
[2026-02-02 10:18:37]   [emp_id: 2048] ✓ Updated: 27.6 (synced daily for consistency)
[2026-02-02 10:18:37]   [emp_id: 2057] ✓ Updated: 68.44 (synced daily for consistency)
[2026-02-02 10:18:37]   [emp_id: 2079] ✓ Updated: 50.77 (synced daily for consistency)
[2026-02-02 10:18:37]   [emp_id: 2181] ✓ Updated: 39.77 (synced daily for consistency)
[2026-02-02 10:18:37]   [emp_id: 2190] ✓ Updated: 9.1 (synced daily for consistency)
[2026-02-02 10:18:37]   [emp_id: 2212] ✓ Updated: 27.1 (synced daily for consistency)
[2026-02-02 10:18:37]   [emp_id: 2226] ✓ Updated: 71.85 (synced daily for consistency)
[2026-02-02 10:18:37]   [emp_id: 2238] ✓ Updated: 70.1 (synced daily for consistency)
[2026-02-02 10:18:37]   [emp_id: 2285] ✓ Updated: 38.77 (synced daily for consistency)
[2026-02-02 10:18:37]   [emp_id: 2287] ✓ Updated: 50.44 (synced daily for consistency)
[2026-02-02 10:18:37]   [emp_id: 2288] ✓ Updated: 5.46 (synced daily for consistency)
[2026-02-02 10:18:37]   [emp_id: 2316] ✓ Updated: 19.27 (synced daily for consistency)
[2026-02-02 10:18:37]   [emp_id: 2337] ✓ Updated: 40.35 (synced daily for consistency)
[2026-02-02 10:18:37]   [emp_id: 2352] ✓ Updated: 71.85 (synced daily for consistency)
[2026-02-02 10:18:37]   [emp_id: 2358] ✓ Updated: 8.35 (synced daily for consistency)
[2026-02-02 10:18:37]   [emp_id: 2361] ✓ Updated: 74.02 (synced daily for consistency)
[2026-02-02 10:18:37]   [emp_id: 2363] ✓ Updated: 76.6 (synced daily for consistency)
[2026-02-02 10:18:37]   [emp_id: 2364] ✓ Updated: 76.02 (synced daily for consistency)
[2026-02-02 10:18:37]   [emp_id: 2367] ✓ Updated: 103.69 (synced daily for consistency)
[2026-02-02 10:18:37]   [emp_id: 2368] ✓ Updated: 34.1 (synced daily for consistency)
[2026-02-02 10:18:37]   [emp_id: 2372] ✓ Updated: 71.35 (synced daily for consistency)
[2026-02-02 10:18:37]   [emp_id: 2376] ✓ Updated: 121.35 (synced daily for consistency)
[2026-02-02 10:18:37]   [emp_id: 2423] ✓ Updated: 22.1 (synced daily for consistency)
[2026-02-02 10:18:37]   [emp_id: 2519] ✓ Updated: 115.77 (synced daily for consistency)
[2026-02-02 10:18:38]   [emp_id: 2522] ✓ Updated: 59.35 (synced daily for consistency)
[2026-02-02 10:18:38]   [emp_id: 2530] ✓ Updated: 54.6 (synced daily for consistency)
[2026-02-02 10:18:38]   [emp_id: 2539] ✓ Updated: 51.35 (synced daily for consistency)
[2026-02-02 10:18:38]   [emp_id: 2541] ✓ Updated: 31.94 (synced daily for consistency)
[2026-02-02 10:18:38]   [emp_id: 2550] ✓ Updated: 98.1 (synced daily for consistency)
[2026-02-02 10:18:38]   [emp_id: 2553] ✓ Updated: 35.21 (synced daily for consistency)
[2026-02-02 10:18:38]   [emp_id: 2554] ✓ Updated: 41.69 (synced daily for consistency)
[2026-02-02 10:18:38]   [emp_id: 2565] ✓ Updated: 96.27 (synced daily for consistency)
[2026-02-02 10:18:38]   [emp_id: 2572] ✓ Updated: 46.27 (synced daily for consistency)
[2026-02-02 10:18:38]   [emp_id: 2637] ✓ Updated: 66.85 (synced daily for consistency)
[2026-02-02 10:18:38]   [emp_id: 2642] ✓ Updated: 79.6 (synced daily for consistency)
[2026-02-02 10:18:38]   [emp_id: 2645] ✓ Updated: 95.6 (synced daily for consistency)
[2026-02-02 10:18:38]   [emp_id: 2648] ✓ Updated: 47.27 (synced daily for consistency)
[2026-02-02 10:18:38]   [emp_id: 2654] ✓ Updated: 89.94 (synced daily for consistency)
[2026-02-02 10:18:38]   [emp_id: 2688] ✓ Updated: 28.02 (synced daily for consistency)
[2026-02-02 10:18:38]   [emp_id: 2690] ✓ Updated: 16.77 (synced daily for consistency)
[2026-02-02 10:18:38]   [emp_id: 2709] ✓ Updated: 39.02 (synced daily for consistency)
[2026-02-02 10:18:38]   [emp_id: 2745] ✓ Updated: 35.6 (synced daily for consistency)
[2026-02-02 10:18:38]   [emp_id: 2843] ✓ Updated: 82.19 (synced daily for consistency)
[2026-02-02 10:18:38]   [emp_id: 2854] ✓ Updated: 62.1 (synced daily for consistency)
[2026-02-02 10:18:38]   [emp_id: 2869] ✓ Updated: 6.02 (synced daily for consistency)
[2026-02-02 10:18:38]   [emp_id: 2876] ✓ Updated: 36.85 (synced daily for consistency)
[2026-02-02 10:18:38]   [emp_id: 2924] ✓ Updated: 18.02 (synced daily for consistency)
[2026-02-02 10:18:38]   [emp_id: 2953] ✓ Updated: 103.77 (synced daily for consistency)
[2026-02-02 10:18:38]   [emp_id: 2961] ✓ Updated: 13.77 (synced daily for consistency)
[2026-02-02 10:18:38]   [emp_id: 2975] ✓ Updated: 3.45 (synced daily for consistency)
[2026-02-02 10:18:38]   [emp_id: 3013] ✓ Updated: 12.77 (synced daily for consistency)
[2026-02-02 10:18:38]   [emp_id: 3014] ✓ Updated: 92.02 (synced daily for consistency)
[2026-02-02 10:18:38]   [emp_id: 3015] ✓ Updated: 3.27 (synced daily for consistency)
[2026-02-02 10:18:38]   [emp_id: 3018] ✓ Updated: 62.02 (synced daily for consistency)
[2026-02-02 10:18:38]   [emp_id: 3025] ✓ Updated: 25.79 (synced daily for consistency)
[2026-02-02 10:18:38]   [emp_id: 3037] ✓ Updated: 85.52 (synced daily for consistency)
[2026-02-02 10:18:38]   [emp_id: 3047] ✓ Updated: 73.77 (synced daily for consistency)
[2026-02-02 10:18:38]   [emp_id: 3061] ✓ Updated: 20.69 (synced daily for consistency)
[2026-02-02 10:18:38]   [emp_id: 3062] ✓ Updated: 53.85 (synced daily for consistency)
[2026-02-02 10:18:38]   [emp_id: 3074] ✓ Updated: 110.27 (synced daily for consistency)
[2026-02-02 10:18:38]   [emp_id: 3089] ✓ Updated: 9.19 (synced daily for consistency)
[2026-02-02 10:18:38]   [emp_id: 3090] ✓ Updated: 35.77 (synced daily for consistency)
[2026-02-02 10:18:38]   [emp_id: 3091] ✓ Updated: 47.77 (synced daily for consistency)
[2026-02-02 10:18:38]   [emp_id: 3092] ✓ Updated: 30.44 (synced daily for consistency)
[2026-02-02 10:18:38]   [emp_id: 3105] ✓ Updated: 50.77 (synced daily for consistency)
[2026-02-02 10:18:38]   [emp_id: 3134] ✓ Updated: 46.52 (synced daily for consistency)
[2026-02-02 10:18:38]   [emp_id: 3140] ✓ Updated: 43.6 (synced daily for consistency)
[2026-02-02 10:18:38]   [emp_id: 3144] ✓ Updated: 16.44 (synced daily for consistency)
[2026-02-02 10:18:38]   [emp_id: 3156] ✓ Updated: 19.77 (synced daily for consistency)
[2026-02-02 10:18:38]   [emp_id: 3162] ✓ Updated: 4.75 (synced daily for consistency)
[2026-02-02 10:18:38]   [emp_id: 3163] ✓ Updated: 8.02 (synced daily for consistency)
[2026-02-02 10:18:38]   [emp_id: 3198] ✓ Updated: 43.02 (synced daily for consistency)
[2026-02-02 10:18:38]   [emp_id: 3205] ✓ Updated: 19.69 (synced daily for consistency)
[2026-02-02 10:18:39]   [emp_id: 3209] ✓ Updated: 43.85 (synced daily for consistency)
[2026-02-02 10:18:39]   [emp_id: 3223] ✓ Updated: 92.77 (synced daily for consistency)
[2026-02-02 10:18:39]   [emp_id: 3224] ✓ Updated: 67.52 (synced daily for consistency)
[2026-02-02 10:18:39]   [emp_id: 3230] ✓ Updated: 90.94 (synced daily for consistency)
[2026-02-02 10:18:39]   [emp_id: 3231] ✓ Updated: 3.31 (synced daily for consistency)
[2026-02-02 10:18:39]   [emp_id: 3233] ✓ Updated: 83.77 (synced daily for consistency)
[2026-02-02 10:18:39]   [emp_id: 3249] ✓ Updated: 39.6 (synced daily for consistency)
[2026-02-02 10:18:39]   [emp_id: 3250] ✓ Updated: 12.6 (synced daily for consistency)
[2026-02-02 10:18:39]   [emp_id: 3252] ✓ Updated: 13.52 (synced daily for consistency)
[2026-02-02 10:18:39]   [emp_id: 3254] ✓ Updated: 24.02 (synced daily for consistency)
[2026-02-02 10:18:39]   [emp_id: 3255] ✓ Updated: 20.44 (synced daily for consistency)
[2026-02-02 10:18:39]   [emp_id: 3256] ✓ Updated: 16.69 (synced daily for consistency)
[2026-02-02 10:18:39]   [emp_id: 3263] ✓ Updated: 32.77 (synced daily for consistency)
[2026-02-02 10:18:39]   [emp_id: 3265] ✓ Updated: 28.35 (synced daily for consistency)
[2026-02-02 10:18:39]   [emp_id: 3280] ✓ Updated: 75.27 (synced daily for consistency)
[2026-02-02 10:18:39]   [emp_id: 3286] ✓ Updated: 18.44 (synced daily for consistency)
[2026-02-02 10:18:39]   [emp_id: 3294] ✓ Updated: 18.1 (synced daily for consistency)
[2026-02-02 10:18:39]   [emp_id: 3321] ✓ Updated: 75.27 (synced daily for consistency)
[2026-02-02 10:18:39]   [emp_id: 3325] ✓ Updated: 63.02 (synced daily for consistency)
[2026-02-02 10:18:39]   [emp_id: 3329] ✓ Updated: 65.35 (synced daily for consistency)
[2026-02-02 10:18:39]   [emp_id: 3330] ✓ Updated: 65.35 (synced daily for consistency)
[2026-02-02 10:18:39]   [emp_id: 3332] ✓ Updated: 65.35 (synced daily for consistency)
[2026-02-02 10:18:39]   [emp_id: 3370] ✓ Updated: 56.86 (synced daily for consistency)
[2026-02-02 10:18:39]   [emp_id: 3384] ✓ Updated: 17.52 (synced daily for consistency)
[2026-02-02 10:18:39]   [emp_id: 3386] ✓ Updated: 47.52 (synced daily for consistency)
[2026-02-02 10:18:39]   [emp_id: 3431] ✓ Updated: 21.94 (synced daily for consistency)
[2026-02-02 10:18:39]   [emp_id: 3497] ✓ Updated: 12.1 (synced daily for consistency)
[2026-02-02 10:18:39]   [emp_id: 3532] ✓ Updated: 2.94 (synced daily for consistency)
[2026-02-02 10:18:39]   [emp_id: 3602] ✓ Updated: 4.51 (synced daily for consistency)
[2026-02-02 10:18:39]   [emp_id: 3618] ✓ Updated: 26.49 (synced daily for consistency)
[2026-02-02 10:18:39]   [emp_id: 3622] ✓ Updated: 36.69 (synced daily for consistency)
[2026-02-02 10:18:39]   [emp_id: 3627] ✓ Updated: 12.44 (synced daily for consistency)
[2026-02-02 10:18:39]   [emp_id: 3665] ✓ Updated: 54.02 (synced daily for consistency)
[2026-02-02 10:18:39]   [emp_id: 3705] ✓ Updated: 30.02 (synced daily for consistency)
[2026-02-02 10:18:39]   [emp_id: 3724] ✓ Updated: 47.02 (synced daily for consistency)
[2026-02-02 10:18:39]   [emp_id: 3726] ✓ Updated: 63.44 (synced daily for consistency)
[2026-02-02 10:18:39]   [emp_id: 3727] ✓ Updated: 68.52 (synced daily for consistency)
[2026-02-02 10:18:39]   [emp_id: 3728] ✓ Updated: 12.85 (synced daily for consistency)
[2026-02-02 10:18:39]   [emp_id: 3767] ✓ Updated: 3.6 (synced daily for consistency)
[2026-02-02 10:18:39]   [emp_id: 3768] ✓ Updated: 59.85 (synced daily for consistency)
[2026-02-02 10:18:39]   [emp_id: 3787] ✓ Updated: 60.44 (synced daily for consistency)
[2026-02-02 10:18:40]   [emp_id: 3790] ✓ Updated: 4.99 (synced daily for consistency)
[2026-02-02 10:18:40]   [emp_id: 3795] ✓ Updated: 17.94 (synced daily for consistency)
[2026-02-02 10:18:40]   [emp_id: 3798] ✓ Updated: 96.35 (synced daily for consistency)
[2026-02-02 10:18:40]   [emp_id: 3801] ✓ Updated: 4.62 (synced daily for consistency)
[2026-02-02 10:18:40]   [emp_id: 3802] ✓ Updated: 33.6 (synced daily for consistency)
[2026-02-02 10:18:40]   [emp_id: 3803] ✓ Updated: 118.02 (synced daily for consistency)
[2026-02-02 10:18:40]   [emp_id: 3810] ✓ Updated: 64.02 (synced daily for consistency)
[2026-02-02 10:18:40]   [emp_id: 3812] ✓ Updated: 93.02 (synced daily for consistency)
[2026-02-02 10:18:40]   [emp_id: 3815] ✓ Updated: 93.02 (synced daily for consistency)
[2026-02-02 10:18:40]   [emp_id: 3836] ✓ Updated: 60.69 (synced daily for consistency)
[2026-02-02 10:18:40]   [emp_id: 3855] ✓ Updated: 53.85 (synced daily for consistency)
[2026-02-02 10:18:40]   [emp_id: 3857] ✓ Updated: 57.52 (synced daily for consistency)
[2026-02-02 10:18:40]   [emp_id: 3862] ✓ Updated: 105.6 (synced daily for consistency)
[2026-02-02 10:18:40]   [emp_id: 3866] ✓ Updated: 30.85 (synced daily for consistency)
[2026-02-02 10:18:40]   [emp_id: 3876] ✓ Updated: 27.02 (synced daily for consistency)
[2026-02-02 10:18:40]   [emp_id: 3877] ✓ Updated: 52.52 (synced daily for consistency)
[2026-02-02 10:18:40]   [emp_id: 3897] ✓ Updated: 40.77 (synced daily for consistency)
[2026-02-02 10:18:40]   [emp_id: 3899] ✓ Updated: 2.59 (synced daily for consistency)
[2026-02-02 10:18:40]   [emp_id: 3928] ✓ Updated: 16.85 (synced daily for consistency)
[2026-02-02 10:18:40]   [emp_id: 3929] ✓ Updated: 11.85 (synced daily for consistency)
[2026-02-02 10:18:40]   [emp_id: 3935] ✓ Updated: 96.85 (synced daily for consistency)
[2026-02-02 10:18:40]   [emp_id: 3952] ✓ Updated: 78.19 (synced daily for consistency)
[2026-02-02 10:18:40]   [emp_id: 3987] ✓ Updated: 17.1 (synced daily for consistency)
[2026-02-02 10:18:40]   [emp_id: 4059] ✓ Updated: 6.3 (synced daily for consistency)
[2026-02-02 10:18:40]   [emp_id: 4119] ✓ Updated: 59.77 (synced daily for consistency)
[2026-02-02 10:18:40]   [emp_id: 4120] ✓ Updated: 29.35 (synced daily for consistency)
[2026-02-02 10:18:40]   [emp_id: 4124] ✓ Updated: 29.87 (synced daily for consistency)
[2026-02-02 10:18:40]   [emp_id: 4133] ✓ Updated: 108.35 (synced daily for consistency)
[2026-02-02 10:18:40]   [emp_id: 4134] ✓ Updated: 29.35 (synced daily for consistency)
[2026-02-02 10:18:40]   [emp_id: 4136] ✓ Updated: 29.35 (synced daily for consistency)
[2026-02-02 10:18:40]   [emp_id: 4150] ✓ Updated: 28.02 (synced daily for consistency)
[2026-02-02 10:18:40]   [emp_id: 4157] ✓ Updated: 21.52 (synced daily for consistency)
[2026-02-02 10:18:40]   [emp_id: 4172] ✓ Updated: 14.6 (synced daily for consistency)
[2026-02-02 10:18:40]   [emp_id: 4195] ✓ Updated: 65.1 (synced daily for consistency)
[2026-02-02 10:18:40]   [emp_id: 4215] ✓ Updated: 47.77 (synced daily for consistency)
[2026-02-02 10:18:40]   [emp_id: 4220] ✓ Updated: 43.35 (synced daily for consistency)
[2026-02-02 10:18:40]   [emp_id: 4273] ✓ Updated: 12.02 (synced daily for consistency)
[2026-02-02 10:18:40]   [emp_id: 4283] ✓ Updated: 15.69 (synced daily for consistency)
[2026-02-02 10:18:40]   [emp_id: 4288] ✓ Updated: 2.59 (synced daily for consistency)
[2026-02-02 10:18:40]   [emp_id: 4315] ✓ Updated: 15.27 (synced daily for consistency)
[2026-02-02 10:18:40]   [emp_id: 4328] ✓ Updated: 44.52 (synced daily for consistency)
[2026-02-02 10:18:40]   [emp_id: 4329] ✓ Updated: 8.44 (synced daily for consistency)
[2026-02-02 10:18:40]   [emp_id: 4338] ✓ Updated: 50.02 (synced daily for consistency)
[2026-02-02 10:18:41]   [emp_id: 4340] ✓ Updated: 112.02 (synced daily for consistency)
[2026-02-02 10:18:41]   [emp_id: 4365] ✓ Updated: 63.44 (synced daily for consistency)
[2026-02-02 10:18:41]   [emp_id: 4366] ✓ Updated: 62.52 (synced daily for consistency)
[2026-02-02 10:18:41]   [emp_id: 4403] ✓ Updated: 88.35 (synced daily for consistency)
[2026-02-02 10:18:41]   [emp_id: 4438] ✓ Updated: 24.02 (synced daily for consistency)
[2026-02-02 10:18:41]   [emp_id: 4465] ✓ Updated: 14.85 (synced daily for consistency)
[2026-02-02 10:18:41]   [emp_id: 4473] ✓ Updated: 47.6 (synced daily for consistency)
[2026-02-02 10:18:41]   [emp_id: 4474] ✓ Updated: 5.36 (synced daily for consistency)
[2026-02-02 10:18:41]   [emp_id: 4493] ✓ Updated: 166.44 (synced daily for consistency)
[2026-02-02 10:18:41]   [emp_id: 4526] ✓ Updated: 38.69 (synced daily for consistency)
[2026-02-02 10:18:41]   [emp_id: 4528] ✓ Updated: 110.44 (synced daily for consistency)
[2026-02-02 10:18:41]   [emp_id: 4528] ✓ Updated: 110.44 (synced daily for consistency)
[2026-02-02 10:18:41]   [emp_id: 4532] ✓ Updated: 9.97 (synced daily for consistency)
[2026-02-02 10:18:41]   [emp_id: 4533] ✓ Updated: 38.85 (synced daily for consistency)
[2026-02-02 10:18:41]   [emp_id: 4565] ✓ Updated: 17.35 (synced daily for consistency)
[2026-02-02 10:18:41]   [emp_id: 4567] ✓ Updated: 21.6 (synced daily for consistency)
[2026-02-02 10:18:41]   [emp_id: 4572] ✓ Updated: 61.1 (synced daily for consistency)
[2026-02-02 10:18:41]   [emp_id: 4631] ✓ Updated: 17.35 (synced daily for consistency)
[2026-02-02 10:18:41]   [emp_id: 4655] ✓ Updated: 27.77 (synced daily for consistency)
[2026-02-02 10:18:41]   [emp_id: 4709] ✓ Updated: 43.02 (synced daily for consistency)
[2026-02-02 10:18:41]   [emp_id: 4717] ✓ Updated: 69.02 (synced daily for consistency)
[2026-02-02 10:18:41]   [emp_id: 4736] ✓ Updated: 30.85 (synced daily for consistency)
[2026-02-02 10:18:41]   [emp_id: 4756] ✓ Updated: 13.79 (synced daily for consistency)
[2026-02-02 10:18:41]   [emp_id: 4768] ✓ Updated: 16.52 (synced daily for consistency)
[2026-02-02 10:18:41]   [emp_id: 4780] ✓ Updated: 67.52 (synced daily for consistency)
[2026-02-02 10:18:41]   [emp_id: 4820] ✓ Updated: 101.85 (synced daily for consistency)
[2026-02-02 10:18:41]   [emp_id: 4824] ✓ Updated: 5.03 (synced daily for consistency)
[2026-02-02 10:18:41]   [emp_id: 4825] ✓ Updated: 33.6 (synced daily for consistency)
[2026-02-02 10:18:41]   [emp_id: 4837] ✓ Updated: 47.51 (synced daily for consistency)
[2026-02-02 10:18:41]   [emp_id: 4840] ✓ Updated: 47.51 (synced daily for consistency)
[2026-02-02 10:18:41]   [emp_id: 4842] ✓ Updated: 46.75 (synced daily for consistency)
[2026-02-02 10:18:41]   [emp_id: 4843] ✓ Updated: 47.28 (synced daily for consistency)
[2026-02-02 10:18:41]   [emp_id: 4853] ✓ Updated: 91.1 (synced daily for consistency)
[2026-02-02 10:18:41]   [emp_id: 4856] ✓ Updated: 44.42 (synced daily for consistency)
[2026-02-02 10:18:41]   [emp_id: 4857] ✓ Updated: 27.24 (synced daily for consistency)
[2026-02-02 10:18:41]   [emp_id: 4858] ✓ Updated: 24.12 (synced daily for consistency)
[2026-02-02 10:18:41]   [emp_id: 4859] ✓ Updated: 45.59 (synced daily for consistency)
[2026-02-02 10:18:41]   [emp_id: 4860] ✓ Updated: 10.09 (synced daily for consistency)
[2026-02-02 10:18:41]   [emp_id: 4861] ✓ Updated: 43.55 (synced daily for consistency)
[2026-02-02 10:18:41]   [emp_id: 4869] ✓ Updated: 86.43 (synced daily for consistency)
[2026-02-02 10:18:41]   [emp_id: 4894] ✓ Updated: 10.52 (synced daily for consistency)
[2026-02-02 10:18:41]   [emp_id: 4897] ✓ Updated: 25.33 (synced daily for consistency)
[2026-02-02 10:18:41]   [emp_id: 4899] ✓ Updated: 21.5 (synced daily for consistency)
[2026-02-02 10:18:41]   [emp_id: 4902] ✓ Updated: 20.92 (synced daily for consistency)
[2026-02-02 10:18:41]   [emp_id: 4903] ✓ Updated: 23.14 (synced daily for consistency)
[2026-02-02 10:18:41]   [emp_id: 4905] ✓ Updated: 21.8 (synced daily for consistency)
[2026-02-02 10:18:42]   [emp_id: 4907] ✓ Updated: 50.6 (synced daily for consistency)
[2026-02-02 10:18:42]   [emp_id: 4917] ✓ Updated: 18.76 (synced daily for consistency)
[2026-02-02 10:18:42]   [emp_id: 4918] ✓ Updated: 8.53 (synced daily for consistency)
[2026-02-02 10:18:42]   [emp_id: 4919] ✓ Updated: 60.82 (synced daily for consistency)
[2026-02-02 10:18:42]   [emp_id: 4920] ✓ Updated: 7.9 (synced daily for consistency)
[2026-02-02 10:18:42]   [emp_id: 4921] ✓ Updated: 19.99 (synced daily for consistency)
[2026-02-02 10:18:42]   [emp_id: 4927] ✓ Updated: 18.82 (synced daily for consistency)
[2026-02-02 10:18:42]   [emp_id: 4929] ✓ Updated: 20.34 (synced daily for consistency)
[2026-02-02 10:18:42]   [emp_id: 4930] ✓ Updated: 61.11 (synced daily for consistency)
[2026-02-02 10:18:42]   [emp_id: 4932] ✓ Updated: 19.11 (synced daily for consistency)
[2026-02-02 10:18:42]   [emp_id: 4933] ✓ Updated: 22.52 (synced daily for consistency)
[2026-02-02 10:18:42]   [emp_id: 4949] ✓ Updated: 25.95 (synced daily for consistency)
[2026-02-02 10:18:42]   [emp_id: 4956] ✓ Updated: 31.54 (synced daily for consistency)
[2026-02-02 10:18:42]   [emp_id: 4957] ✓ Updated: 27.21 (synced daily for consistency)
[2026-02-02 10:18:42]   [emp_id: 4962] ✓ Updated: 49.96 (synced daily for consistency)
[2026-02-02 10:18:42]   [emp_id: 4969] ✓ Updated: 49.27 (synced daily for consistency)
[2026-02-02 10:18:42]   [emp_id: 4976] ✓ Updated: 12.23 (synced daily for consistency)
[2026-02-02 10:18:42]   [emp_id: 4984] ✓ Updated: 40.52 (synced daily for consistency)
[2026-02-02 10:18:42]   [emp_id: 4995] ✓ Updated: 52.59 (synced daily for consistency)
[2026-02-02 10:18:42]   [emp_id: 5004] ✓ Updated: 29.17 (synced daily for consistency)
[2026-02-02 10:18:42]   [emp_id: 5006] ✓ Updated: 28.91 (synced daily for consistency)
[2026-02-02 10:18:42]   [emp_id: 5011] ✓ Updated: 8.37 (synced daily for consistency)
[2026-02-02 10:18:42]   [emp_id: 5013] ✓ Updated: 69.28 (synced daily for consistency)
[2026-02-02 10:18:42]   [emp_id: 5018] ✓ Updated: 5.77 (synced daily for consistency)
[2026-02-02 10:18:42]   [emp_id: 5021] ✓ Updated: 63.62 (synced daily for consistency)
[2026-02-02 10:18:42]   [emp_id: 5024] ✓ Updated: 3.79 (synced daily for consistency)
[2026-02-02 10:18:42]   [emp_id: 5030] ✓ Updated: 33.74 (synced daily for consistency)
[2026-02-02 10:18:42]   [emp_id: 5033] ✓ Updated: 12.54 (synced daily for consistency)
[2026-02-02 10:18:42]   [emp_id: 5043] ✓ Updated: 33.19 (synced daily for consistency)
[2026-02-02 10:18:42]   [emp_id: 5045] ✓ Updated: 29.69 (synced daily for consistency)
[2026-02-02 10:18:42]   [emp_id: 5046] ✓ Updated: 24.88 (synced daily for consistency)
[2026-02-02 10:18:42]   [emp_id: 5049] ✓ Updated: 1.22 (synced daily for consistency)
[2026-02-02 10:18:42]   [emp_id: 5052] ✓ Updated: 32.5 (synced daily for consistency)
[2026-02-02 10:18:42]   [emp_id: 5055] ✓ Updated: 20.94 (synced daily for consistency)
[2026-02-02 10:18:42]   [emp_id: 5058] ✓ Updated: 29.92 (synced daily for consistency)
[2026-02-02 10:18:42]   [emp_id: 5062] ✓ Updated: 41.75 (synced daily for consistency)
[2026-02-02 10:18:42]   [emp_id: 5064] ✓ Updated: 120.52 (synced daily for consistency)
[2026-02-02 10:18:42]   [emp_id: 5065] ✓ Updated: 41.16 (synced daily for consistency)
[2026-02-02 10:18:42]   [emp_id: 5071] ✓ Updated: 26.02 (synced daily for consistency)
[2026-02-02 10:18:42]   [emp_id: 5073] ✓ Updated: 15.76 (synced daily for consistency)
[2026-02-02 10:18:42]   [emp_id: 5079] ✓ Updated: 36.32 (synced daily for consistency)
[2026-02-02 10:18:42]   [emp_id: 5080] ✓ Updated: 29.65 (synced daily for consistency)
[2026-02-02 10:18:42]   [emp_id: 5081] ✓ Updated: 17.91 (synced daily for consistency)
[2026-02-02 10:18:42]   [emp_id: 5087] ✓ Updated: 37.95 (synced daily for consistency)
[2026-02-02 10:18:42]   [emp_id: 5091] ✓ Updated: 77.8 (synced daily for consistency)
[2026-02-02 10:18:43]   [emp_id: 5093] ✓ Updated: 17.19 (synced daily for consistency)
[2026-02-02 10:18:43]   [emp_id: 5095] ✓ Updated: 3.34 (synced daily for consistency)
[2026-02-02 10:18:43]   [emp_id: 5101] ✓ Updated: 19.27 (synced daily for consistency)
[2026-02-02 10:18:43]   [emp_id: 5107] ✓ Updated: 17.6 (synced daily for consistency)
[2026-02-02 10:18:43]   [emp_id: 5109] ✓ Updated: 14.85 (synced daily for consistency)
[2026-02-02 10:18:43]   [emp_id: 5119] ✓ Updated: 13.02 (synced daily for consistency)
[2026-02-02 10:18:43]   [emp_id: 5122] ✓ Updated: 10.19 (synced daily for consistency)
[2026-02-02 10:18:43]   [emp_id: 5126] ✓ Updated: 28.68 (synced daily for consistency)
[2026-02-02 10:18:43]   [emp_id: 5127] ✓ Updated: 1.41 (synced daily for consistency)
[2026-02-02 10:18:43]   [emp_id: 5128] ✓ Updated: 28.62 (synced daily for consistency)
[2026-02-02 10:18:43]   [emp_id: 5138] ✓ Updated: 52.85 (synced daily for consistency)
[2026-02-02 10:18:43]   [emp_id: 5138] ✓ Updated: 52.85 (synced daily for consistency)
[2026-02-02 10:18:43]   [emp_id: 5141] ✓ Updated: 36.99 (synced daily for consistency)
[2026-02-02 10:18:43]   [emp_id: 5142] ✓ Updated: 15.99 (synced daily for consistency)
[2026-02-02 10:18:43]   [emp_id: 5146] ✓ Updated: 22.99 (synced daily for consistency)
[2026-02-02 10:18:43]   [emp_id: 5147] ✓ Updated: 21.99 (synced daily for consistency)
[2026-02-02 10:18:43]   [emp_id: 5148] ✓ Updated: 27.34 (synced daily for consistency)
[2026-02-02 10:18:43]   [emp_id: 5149] ✓ Updated: 26.23 (synced daily for consistency)
[2026-02-02 10:18:43]   [emp_id: 5150] ✓ Updated: 25.59 (synced daily for consistency)
[2026-02-02 10:18:43]   [emp_id: 5151] ✓ Updated: 25.41 (synced daily for consistency)
[2026-02-02 10:18:43]   [emp_id: 5152] ✓ Updated: 5.83 (synced daily for consistency)
[2026-02-02 10:18:43]   [emp_id: 5157] ✓ Updated: 25.41 (synced daily for consistency)
[2026-02-02 10:18:43]   [emp_id: 5160] ✓ Updated: 25.41 (synced daily for consistency)
[2026-02-02 10:18:43]   [emp_id: 5163] ✓ Updated: 23.2 (synced daily for consistency)
[2026-02-02 10:18:43]   [emp_id: 5165] ✓ Updated: 4.29 (synced daily for consistency)
[2026-02-02 10:18:43]   [emp_id: 5167] ✓ Updated: 32.35 (synced daily for consistency)
[2026-02-02 10:18:43]   [emp_id: 5168] ✓ Updated: 24.89 (synced daily for consistency)
[2026-02-02 10:18:43]   [emp_id: 5173] ✓ Updated: 27.94 (synced daily for consistency)
[2026-02-02 10:18:43]   [emp_id: 5174] ✓ Updated: 25.35 (synced daily for consistency)
[2026-02-02 10:18:43]   [emp_id: 5181] ✓ Updated: 21.74 (synced daily for consistency)
[2026-02-02 10:18:43]   [emp_id: 5186] ✓ Updated: 27.27 (synced daily for consistency)
[2026-02-02 10:18:43]   [emp_id: 5187] ✓ Updated: 38.27 (synced daily for consistency)
[2026-02-02 10:18:43]   [emp_id: 5204] ✓ Updated: 25.44 (synced daily for consistency)
[2026-02-02 10:18:43]   [emp_id: 5205] ✓ Updated: 14.48 (synced daily for consistency)
[2026-02-02 10:18:43]   [emp_id: 5209] ✓ Updated: 17.48 (synced daily for consistency)
[2026-02-02 10:18:43]   [emp_id: 5213] ✓ Updated: 4.89 (synced daily for consistency)
[2026-02-02 10:18:43]   [emp_id: 5214] ✓ Updated: 3.73 (synced daily for consistency)
[2026-02-02 10:18:43]   [emp_id: 5215] ✓ Updated: 12.48 (synced daily for consistency)
[2026-02-02 10:18:43]   [emp_id: 5217] ✓ Updated: 11.48 (synced daily for consistency)
[2026-02-02 10:18:43]   [emp_id: 5219] ✓ Updated: 15.48 (synced daily for consistency)
[2026-02-02 10:18:43]   [emp_id: 5221] ✓ Updated: 4.79 (synced daily for consistency)
[2026-02-02 10:18:43]   [emp_id: 5224] ✓ Updated: 16.48 (synced daily for consistency)
[2026-02-02 10:18:43]   [emp_id: 5225] ✓ Updated: 8.79 (synced daily for consistency)
[2026-02-02 10:18:43]   [emp_id: 5228] ✓ Updated: 11.48 (synced daily for consistency)
[2026-02-02 10:18:44]   [emp_id: 5229] ✓ Updated: 7.48 (synced daily for consistency)
[2026-02-02 10:18:44]   [emp_id: 5230] ✓ Updated: 12.15 (synced daily for consistency)
[2026-02-02 10:18:44]   [emp_id: 5231] ✓ Updated: 8.48 (synced daily for consistency)
[2026-02-02 10:18:44]   [emp_id: 5232] ✓ Updated: 2.48 (synced daily for consistency)
[2026-02-02 10:18:44]   [emp_id: 5233] ✓ Updated: 6.48 (synced daily for consistency)
[2026-02-02 10:18:44]   [emp_id: 5234] ✓ Updated: 6.48 (synced daily for consistency)
[2026-02-02 10:18:44]   [emp_id: 5235] ✓ Updated: 1.92 (synced daily for consistency)
[2026-02-02 10:18:44]   [emp_id: 5237] ✓ Updated: 12.73 (synced daily for consistency)
[2026-02-02 10:18:44]   [emp_id: 5239] ✓ Updated: 9.48 (synced daily for consistency)
[2026-02-02 10:18:44]   [emp_id: 5241] ✓ Updated: 7.48 (synced daily for consistency)
[2026-02-02 10:18:44]   [emp_id: 5242] ✓ Updated: 17.48 (synced daily for consistency)
[2026-02-02 10:18:44]   [emp_id: 5243] ✓ Updated: 3.89 (synced daily for consistency)
[2026-02-02 10:18:44]   [emp_id: 5244] ✓ Updated: 1.92 (synced daily for consistency)
[2026-02-02 10:18:44]   [emp_id: 5246] ✓ Updated: 13.48 (synced daily for consistency)
[2026-02-02 10:18:44]   [emp_id: 5253] ✓ Updated: 26.35 (synced daily for consistency)
[2026-02-02 10:18:44]   [emp_id: 5254] ✓ Updated: 14.33 (synced daily for consistency)
[2026-02-02 10:18:44]   [emp_id: 5257] ✓ Updated: 14.04 (synced daily for consistency)
[2026-02-02 10:18:44]   [emp_id: 5259] ✓ Updated: 50.57 (synced daily for consistency)
[2026-02-02 10:18:44]   [emp_id: 5261] ✓ Updated: 19.04 (synced daily for consistency)
[2026-02-02 10:18:44]   [emp_id: 5264] ✓ Updated: 16.05 (synced daily for consistency)
[2026-02-02 10:18:44]   [emp_id: 5266] ✓ Updated: 22.67 (synced daily for consistency)
[2026-02-02 10:18:44]   [emp_id: 5268] ✓ Updated: 11.24 (synced daily for consistency)
[2026-02-02 10:18:44]   [emp_id: 5271] ✓ Updated: 9.9 (synced daily for consistency)
[2026-02-02 10:18:44]   [emp_id: 5272] ✓ Updated: 10.77 (synced daily for consistency)
[2026-02-02 10:18:44]   [emp_id: 5273] ✓ Updated: 25.84 (synced daily for consistency)
[2026-02-02 10:18:44]   [emp_id: 5275] ✓ Updated: 11.59 (synced daily for consistency)
[2026-02-02 10:18:44]   [emp_id: 5276] ✓ Updated: 25.86 (synced daily for consistency)
[2026-02-02 10:18:44]   [emp_id: 5278] ✓ Updated: 10.25 (synced daily for consistency)
[2026-02-02 10:18:44]   [emp_id: 5280] ✓ Updated: 20.65 (synced daily for consistency)
[2026-02-02 10:18:44]   [emp_id: 5282] ✓ Updated: 14.52 (synced daily for consistency)
[2026-02-02 10:18:44]   [emp_id: 5285] ✓ Updated: 30.65 (synced daily for consistency)
[2026-02-02 10:18:44]   [emp_id: 5286] ✓ Updated: 17.65 (synced daily for consistency)
[2026-02-02 10:18:44]   [emp_id: 5287] ✓ Updated: 51.95 (synced daily for consistency)
[2026-02-02 10:18:44]   [emp_id: 5288] ✓ Updated: 9.22 (synced daily for consistency)
[2026-02-02 10:18:44]   [emp_id: 5289] ✓ Updated: 50.5 (synced daily for consistency)
[2026-02-02 10:18:44]   [emp_id: 5290] ✓ Updated: 49.27 (synced daily for consistency)
[2026-02-02 10:18:44]   [emp_id: 5291] ✓ Updated: 7.27 (synced daily for consistency)
[2026-02-02 10:18:44]   [emp_id: 5292] ✓ Updated: 7.21 (synced daily for consistency)
[2026-02-02 10:18:44]   [emp_id: 5293] ✓ Updated: 10.78 (synced daily for consistency)
[2026-02-02 10:18:44]   [emp_id: 5294] ✓ Updated: 10.44 (synced daily for consistency)
[2026-02-02 10:18:44]   [emp_id: 5295] ✓ Updated: 23.45 (synced daily for consistency)
[2026-02-02 10:18:44]   [emp_id: 5296] ✓ Updated: 37.46 (synced daily for consistency)
[2026-02-02 10:18:44]   [emp_id: 5297] ✓ Updated: 47.87 (synced daily for consistency)
[2026-02-02 10:18:44]   [emp_id: 5298] ✓ Updated: 47.87 (synced daily for consistency)
[2026-02-02 10:18:44]   [emp_id: 5299] ✓ Updated: 47.87 (synced daily for consistency)
[2026-02-02 10:18:44]   [emp_id: 5300] ✓ Updated: 47.87 (synced daily for consistency)
[2026-02-02 10:18:44]   [emp_id: 5301] ✓ Updated: 5.69 (synced daily for consistency)
[2026-02-02 10:18:45]   [emp_id: 5303] ✓ Updated: 6.12 (synced daily for consistency)
[2026-02-02 10:18:45]   [emp_id: 5304] ✓ Updated: 2.87 (synced daily for consistency)
[2026-02-02 10:18:45]   [emp_id: 5305] ✓ Updated: 5.87 (synced daily for consistency)
[2026-02-02 10:18:45]   [emp_id: 5306] ✓ Updated: 47.58 (synced daily for consistency)
[2026-02-02 10:18:45]   [emp_id: 5307] ✓ Updated: 47.58 (synced daily for consistency)
[2026-02-02 10:18:45]   [emp_id: 5312] ✓ Updated: 1.92 (synced daily for consistency)
[2026-02-02 10:18:45]   [emp_id: 5318] ✓ Updated: 28.29 (synced daily for consistency)
[2026-02-02 10:18:45]   [emp_id: 5325] ✓ Updated: 2.25 (synced daily for consistency)
[2026-02-02 10:18:45]   [emp_id: 5327] ✓ Updated: 3.34 (synced daily for consistency)
[2026-02-02 10:18:45]   [emp_id: 5337] ✓ Updated: 38.35 (synced daily for consistency)
[2026-02-02 10:18:45]   [emp_id: 5339] ✓ Updated: 12.44 (synced daily for consistency)
[2026-02-02 10:18:45]   [emp_id: 5343] ✓ Updated: 48.27 (synced daily for consistency)
[2026-02-02 10:18:45]   [emp_id: 5343] ✓ Updated: 48.27 (synced daily for consistency)
[2026-02-02 10:18:45]   [emp_id: 5345] ✓ Updated: 18.1 (synced daily for consistency)
[2026-02-02 10:18:45]   [emp_id: 5346] ✓ Updated: 4.16 (synced daily for consistency)
[2026-02-02 10:18:45]   [emp_id: 5351] ✓ Updated: 19.1 (synced daily for consistency)
[2026-02-02 10:18:45]   [emp_id: 5352] ✓ Updated: 28.52 (synced daily for consistency)
[2026-02-02 10:18:45]   [emp_id: 5370] ✓ Updated: 17.75 (synced daily for consistency)
[2026-02-02 10:18:45]   [emp_id: 5371] ✓ Updated: 10.27 (synced daily for consistency)
[2026-02-02 10:18:45]   [emp_id: 5376] ✓ Updated: 12.35 (synced daily for consistency)
[2026-02-02 10:18:45]   [emp_id: 5378] ✓ Updated: 20.35 (synced daily for consistency)
[2026-02-02 10:18:45]   [emp_id: 5380] ✓ Updated: 18.76 (synced daily for consistency)
[2026-02-02 10:18:45]   [emp_id: 5381] ✓ Updated: 14.79 (synced daily for consistency)
[2026-02-02 10:18:45]   [emp_id: 5383] ✓ Updated: 18.1 (synced daily for consistency)
[2026-02-02 10:18:45]   [emp_id: 5388] ✓ Updated: 29.54 (synced daily for consistency)
[2026-02-02 10:18:45]   [emp_id: 5396] ✓ Updated: 30.78 (synced daily for consistency)
[2026-02-02 10:18:45]   [emp_id: 5397] ✓ Updated: 22.24 (synced daily for consistency)
[2026-02-02 10:18:45]   [emp_id: 5401] ✓ Updated: 25.35 (synced daily for consistency)
[2026-02-02 10:18:45]   [emp_id: 5402] ✓ Updated: 25.47 (synced daily for consistency)
[2026-02-02 10:18:45]   [emp_id: 5406] ✓ Updated: 19.19 (synced daily for consistency)
[2026-02-02 10:18:45]   [emp_id: 5407] ✓ Updated: 18.87 (synced daily for consistency)
[2026-02-02 10:18:45]   [emp_id: 5409] ✓ Updated: 18.53 (synced daily for consistency)
[2026-02-02 10:18:45]   [emp_id: 5413] ✓ Updated: 31.27 (synced daily for consistency)
[2026-02-02 10:18:45]   [emp_id: 5414] ✓ Updated: 30.94 (synced daily for consistency)
[2026-02-02 10:18:45]   [emp_id: 5415] ✓ Updated: 6.87 (synced daily for consistency)
[2026-02-02 10:18:45]   [emp_id: 5418] ✓ Updated: 17.59 (synced daily for consistency)
[2026-02-02 10:18:45]   [emp_id: 5422] ✓ Updated: 23.6 (synced daily for consistency)
[2026-02-02 10:18:45]   [emp_id: 5423] ✓ Updated: 8.29 (synced daily for consistency)
[2026-02-02 10:18:45]   [emp_id: 5425] ✓ Updated: 16.14 (synced daily for consistency)
[2026-02-02 10:18:45]   [emp_id: 5426] ✓ Updated: 4.84 (synced daily for consistency)
[2026-02-02 10:18:45]   [emp_id: 5426] ✓ Updated: 4.84 (synced daily for consistency)
[2026-02-02 10:18:45]   [emp_id: 5427] ✓ Updated: 16.25 (synced daily for consistency)
[2026-02-02 10:18:45]   [emp_id: 5428] ✓ Updated: 16.14 (synced daily for consistency)
[2026-02-02 10:18:45]   [emp_id: 5430] ✓ Updated: 20.66 (synced daily for consistency)
[2026-02-02 10:18:45]   [emp_id: 5431] ✓ Updated: 15.26 (synced daily for consistency)
[2026-02-02 10:18:45]   [emp_id: 5433] ✓ Updated: 15.28 (synced daily for consistency)
[2026-02-02 10:18:45]   [emp_id: 5434] ✓ Updated: 15.03 (synced daily for consistency)
[2026-02-02 10:18:45]   [emp_id: 5435] ✓ Updated: 14.97 (synced daily for consistency)
[2026-02-02 10:18:45]   [emp_id: 5436] ✓ Updated: 14.97 (synced daily for consistency)
[2026-02-02 10:18:46]   [emp_id: 5438] ✓ Updated: 18.52 (synced daily for consistency)
[2026-02-02 10:18:46]   [emp_id: 5439] ✓ Updated: 28.02 (synced daily for consistency)
[2026-02-02 10:18:46]   [emp_id: 5442] ✓ Updated: 17.02 (synced daily for consistency)
[2026-02-02 10:18:46]   [emp_id: 5445] ✓ Updated: 9.43 (synced daily for consistency)
[2026-02-02 10:18:46]   [emp_id: 5446] ✓ Updated: 9.43 (synced daily for consistency)
[2026-02-02 10:18:46]   [emp_id: 5447] ✓ Updated: 9.37 (synced daily for consistency)
[2026-02-02 10:18:46]   [emp_id: 5448] ✓ Updated: 4.04 (synced daily for consistency)
[2026-02-02 10:18:46]   [emp_id: 5449] ✓ Updated: 7.45 (synced daily for consistency)
[2026-02-02 10:18:46]   [emp_id: 5450] ✓ Updated: 7.39 (synced daily for consistency)
[2026-02-02 10:18:46]   [emp_id: 5451] ✓ Updated: 7.39 (synced daily for consistency)
[2026-02-02 10:18:46]   [emp_id: 5453] ✓ Updated: 7.23 (synced daily for consistency)
[2026-02-02 10:18:46]   [emp_id: 5454] ✓ Updated: 10.1 (synced daily for consistency)
[2026-02-02 10:18:46]   [emp_id: 5455] ✓ Updated: 4.35 (synced daily for consistency)
[2026-02-02 10:18:46]   [emp_id: 5456] ✓ Updated: 9.35 (synced daily for consistency)
[2026-02-02 10:18:46]   [emp_id: 5457] ✓ Updated: 6.48 (synced daily for consistency)
[2026-02-02 10:18:46]   [emp_id: 5460] ✓ Updated: 8 (synced daily for consistency)
[2026-02-02 10:18:46]   [emp_id: 5463] ✓ Updated: 7.33 (synced daily for consistency)
[2026-02-02 10:18:46]   [emp_id: 5464] ✓ Updated: 7.33 (synced daily for consistency)
[2026-02-02 10:18:46]   [emp_id: 5466] ✓ Updated: 5.08 (synced daily for consistency)
[2026-02-02 10:18:46]   [emp_id: 5467] ✓ Updated: 4 (synced daily for consistency)
[2026-02-02 10:18:46]   [emp_id: 5468] ✓ Updated: 2.95 (synced daily for consistency)
[2026-02-02 10:18:46]   [emp_id: 5469] ✓ Updated: 2.86 (synced daily for consistency)
[2026-02-02 10:18:46] Report saved to: D:\xampp\htdocs\almutlak\system/cron_logs/last_vacation_update_report.json
[2026-02-02 10:18:48] ========== CRON: Vacation Balance Update Started ==========
[2026-02-02 10:18:48] Force level: 2 (0=normal, 1=check missing, 2=full bypass)
[2026-02-02 10:18:48] Source: Browser (?force=2)
[2026-02-02 10:18:48] FORCE LEVEL 2: Full bypass - updating all balances AND last_updated
[2026-02-02 10:18:48] Database connection established
[2026-02-02 10:18:48] Found 433 active employees with balance records to update
[2026-02-02 10:18:48] (Only employees with status=1 will be processed)
[2026-02-02 10:18:48]   [emp_id: 1061] ✓ Updated: 2.59 (synced daily for consistency)
[2026-02-02 10:18:48]   [emp_id: 1496] ✓ Updated: 19.44 (synced daily for consistency)
[2026-02-02 10:18:48]   [emp_id: 1500] ✓ Updated: 7.12 (synced daily for consistency)
[2026-02-02 10:18:48]   [emp_id: 1574] ✓ Updated: 36.35 (synced daily for consistency)
[2026-02-02 10:18:48]   [emp_id: 1673] ✓ Updated: 47.85 (synced daily for consistency)
[2026-02-02 10:18:48]   [emp_id: 1685] ✓ Updated: 17.77 (synced daily for consistency)
[2026-02-02 10:18:48]   [emp_id: 1764] ✓ Updated: 72.44 (synced daily for consistency)
[2026-02-02 10:18:48]   [emp_id: 1805] ✓ Updated: 66.77 (synced daily for consistency)
[2026-02-02 10:18:48]   [emp_id: 1822] ✓ Updated: 71.52 (synced daily for consistency)
[2026-02-02 10:18:48]   [emp_id: 1837] ✓ Updated: 27.69 (synced daily for consistency)
[2026-02-02 10:18:48]   [emp_id: 1857] ✓ Updated: 23.02 (synced daily for consistency)
[2026-02-02 10:18:48]   [emp_id: 1861] ✓ Updated: 73.85 (synced daily for consistency)
[2026-02-02 10:18:48]   [emp_id: 1872] ✓ Updated: 12.69 (synced daily for consistency)
[2026-02-02 10:18:48]   [emp_id: 1897] ✓ Updated: 8.02 (synced daily for consistency)
[2026-02-02 10:18:48]   [emp_id: 1916] ✓ Updated: 14.32 (synced daily for consistency)
[2026-02-02 10:18:48]   [emp_id: 1928] ✓ Updated: 67.27 (synced daily for consistency)
[2026-02-02 10:18:48]   [emp_id: 1931] ✓ Updated: 87.19 (synced daily for consistency)
[2026-02-02 10:18:48]   [emp_id: 1944] ✓ Updated: 45.35 (synced daily for consistency)
[2026-02-02 10:18:48]   [emp_id: 1996] ✓ Updated: 73.85 (synced daily for consistency)
[2026-02-02 10:18:48]   [emp_id: 1997] ✓ Updated: 39.02 (synced daily for consistency)
[2026-02-02 10:18:48]   [emp_id: 1998] ✓ Updated: 30.46 (synced daily for consistency)
[2026-02-02 10:18:48]   [emp_id: 1999] ✓ Updated: 31.46 (synced daily for consistency)
[2026-02-02 10:18:48]   [emp_id: 2009] ✓ Updated: 37.77 (synced daily for consistency)
[2026-02-02 10:18:48]   [emp_id: 2048] ✓ Updated: 27.6 (synced daily for consistency)
[2026-02-02 10:18:48]   [emp_id: 2057] ✓ Updated: 68.44 (synced daily for consistency)
[2026-02-02 10:18:48]   [emp_id: 2079] ✓ Updated: 50.77 (synced daily for consistency)
[2026-02-02 10:18:48]   [emp_id: 2181] ✓ Updated: 39.77 (synced daily for consistency)
[2026-02-02 10:18:48]   [emp_id: 2190] ✓ Updated: 9.1 (synced daily for consistency)
[2026-02-02 10:18:48]   [emp_id: 2212] ✓ Updated: 27.1 (synced daily for consistency)
[2026-02-02 10:18:48]   [emp_id: 2226] ✓ Updated: 71.85 (synced daily for consistency)
[2026-02-02 10:18:48]   [emp_id: 2238] ✓ Updated: 70.1 (synced daily for consistency)
[2026-02-02 10:18:48]   [emp_id: 2285] ✓ Updated: 38.77 (synced daily for consistency)
[2026-02-02 10:18:49]   [emp_id: 2287] ✓ Updated: 50.44 (synced daily for consistency)
[2026-02-02 10:18:49]   [emp_id: 2288] ✓ Updated: 5.46 (synced daily for consistency)
[2026-02-02 10:18:49]   [emp_id: 2316] ✓ Updated: 19.27 (synced daily for consistency)
[2026-02-02 10:18:49]   [emp_id: 2337] ✓ Updated: 40.35 (synced daily for consistency)
[2026-02-02 10:18:49]   [emp_id: 2352] ✓ Updated: 71.85 (synced daily for consistency)
[2026-02-02 10:18:49]   [emp_id: 2358] ✓ Updated: 8.35 (synced daily for consistency)
[2026-02-02 10:18:49]   [emp_id: 2361] ✓ Updated: 74.02 (synced daily for consistency)
[2026-02-02 10:18:49]   [emp_id: 2363] ✓ Updated: 76.6 (synced daily for consistency)
[2026-02-02 10:18:49]   [emp_id: 2364] ✓ Updated: 76.02 (synced daily for consistency)
[2026-02-02 10:18:49]   [emp_id: 2367] ✓ Updated: 103.69 (synced daily for consistency)
[2026-02-02 10:18:49]   [emp_id: 2368] ✓ Updated: 34.1 (synced daily for consistency)
[2026-02-02 10:18:49]   [emp_id: 2372] ✓ Updated: 71.35 (synced daily for consistency)
[2026-02-02 10:18:49]   [emp_id: 2376] ✓ Updated: 121.35 (synced daily for consistency)
[2026-02-02 10:18:49]   [emp_id: 2423] ✓ Updated: 22.1 (synced daily for consistency)
[2026-02-02 10:18:49]   [emp_id: 2519] ✓ Updated: 115.77 (synced daily for consistency)
[2026-02-02 10:18:49]   [emp_id: 2522] ✓ Updated: 59.35 (synced daily for consistency)
[2026-02-02 10:18:49]   [emp_id: 2530] ✓ Updated: 54.6 (synced daily for consistency)
[2026-02-02 10:18:49]   [emp_id: 2539] ✓ Updated: 51.35 (synced daily for consistency)
[2026-02-02 10:18:49]   [emp_id: 2541] ✓ Updated: 31.94 (synced daily for consistency)
[2026-02-02 10:18:49]   [emp_id: 2550] ✓ Updated: 98.1 (synced daily for consistency)
[2026-02-02 10:18:49]   [emp_id: 2553] ✓ Updated: 35.21 (synced daily for consistency)
[2026-02-02 10:18:49]   [emp_id: 2554] ✓ Updated: 41.69 (synced daily for consistency)
[2026-02-02 10:18:49]   [emp_id: 2565] ✓ Updated: 96.27 (synced daily for consistency)
[2026-02-02 10:18:49]   [emp_id: 2572] ✓ Updated: 46.27 (synced daily for consistency)
[2026-02-02 10:18:49]   [emp_id: 2637] ✓ Updated: 66.85 (synced daily for consistency)
[2026-02-02 10:18:49]   [emp_id: 2642] ✓ Updated: 79.6 (synced daily for consistency)
[2026-02-02 10:18:49]   [emp_id: 2645] ✓ Updated: 95.6 (synced daily for consistency)
[2026-02-02 10:18:49]   [emp_id: 2648] ✓ Updated: 47.27 (synced daily for consistency)
[2026-02-02 10:18:49]   [emp_id: 2654] ✓ Updated: 89.94 (synced daily for consistency)
[2026-02-02 10:18:49]   [emp_id: 2688] ✓ Updated: 28.02 (synced daily for consistency)
[2026-02-02 10:18:49]   [emp_id: 2690] ✓ Updated: 16.77 (synced daily for consistency)
[2026-02-02 10:18:49]   [emp_id: 2709] ✓ Updated: 39.02 (synced daily for consistency)
[2026-02-02 10:18:49]   [emp_id: 2745] ✓ Updated: 35.6 (synced daily for consistency)
[2026-02-02 10:18:49]   [emp_id: 2843] ✓ Updated: 82.19 (synced daily for consistency)
[2026-02-02 10:18:49]   [emp_id: 2854] ✓ Updated: 62.1 (synced daily for consistency)
[2026-02-02 10:18:49]   [emp_id: 2869] ✓ Updated: 6.02 (synced daily for consistency)
[2026-02-02 10:18:49]   [emp_id: 2876] ✓ Updated: 36.85 (synced daily for consistency)
[2026-02-02 10:18:49]   [emp_id: 2924] ✓ Updated: 18.02 (synced daily for consistency)
[2026-02-02 10:18:49]   [emp_id: 2953] ✓ Updated: 103.77 (synced daily for consistency)
[2026-02-02 10:18:49]   [emp_id: 2961] ✓ Updated: 13.77 (synced daily for consistency)
[2026-02-02 10:18:49]   [emp_id: 2975] ✓ Updated: 3.45 (synced daily for consistency)
[2026-02-02 10:18:49]   [emp_id: 3013] ✓ Updated: 12.77 (synced daily for consistency)
[2026-02-02 10:18:49]   [emp_id: 3014] ✓ Updated: 92.02 (synced daily for consistency)
[2026-02-02 10:18:49]   [emp_id: 3015] ✓ Updated: 3.27 (synced daily for consistency)
[2026-02-02 10:18:49]   [emp_id: 3018] ✓ Updated: 62.02 (synced daily for consistency)
[2026-02-02 10:18:49]   [emp_id: 3025] ✓ Updated: 25.79 (synced daily for consistency)
[2026-02-02 10:18:49]   [emp_id: 3037] ✓ Updated: 85.52 (synced daily for consistency)
[2026-02-02 10:18:49]   [emp_id: 3047] ✓ Updated: 73.77 (synced daily for consistency)
[2026-02-02 10:18:49]   [emp_id: 3061] ✓ Updated: 20.69 (synced daily for consistency)
[2026-02-02 10:18:49]   [emp_id: 3062] ✓ Updated: 53.85 (synced daily for consistency)
[2026-02-02 10:18:49]   [emp_id: 3074] ✓ Updated: 110.27 (synced daily for consistency)
[2026-02-02 10:18:49]   [emp_id: 3089] ✓ Updated: 9.19 (synced daily for consistency)
[2026-02-02 10:18:49]   [emp_id: 3090] ✓ Updated: 35.77 (synced daily for consistency)
[2026-02-02 10:18:49]   [emp_id: 3091] ✓ Updated: 47.77 (synced daily for consistency)
[2026-02-02 10:18:50]   [emp_id: 3092] ✓ Updated: 30.44 (synced daily for consistency)
[2026-02-02 10:18:50]   [emp_id: 3105] ✓ Updated: 50.77 (synced daily for consistency)
[2026-02-02 10:18:50]   [emp_id: 3134] ✓ Updated: 46.52 (synced daily for consistency)
[2026-02-02 10:18:50]   [emp_id: 3140] ✓ Updated: 43.6 (synced daily for consistency)
[2026-02-02 10:18:50]   [emp_id: 3144] ✓ Updated: 16.44 (synced daily for consistency)
[2026-02-02 10:18:50]   [emp_id: 3156] ✓ Updated: 19.77 (synced daily for consistency)
[2026-02-02 10:18:50]   [emp_id: 3162] ✓ Updated: 4.75 (synced daily for consistency)
[2026-02-02 10:18:50]   [emp_id: 3163] ✓ Updated: 8.02 (synced daily for consistency)
[2026-02-02 10:18:50]   [emp_id: 3198] ✓ Updated: 43.02 (synced daily for consistency)
[2026-02-02 10:18:50]   [emp_id: 3205] ✓ Updated: 19.69 (synced daily for consistency)
[2026-02-02 10:18:50]   [emp_id: 3209] ✓ Updated: 43.85 (synced daily for consistency)
[2026-02-02 10:18:50]   [emp_id: 3223] ✓ Updated: 92.77 (synced daily for consistency)
[2026-02-02 10:18:50]   [emp_id: 3224] ✓ Updated: 67.52 (synced daily for consistency)
[2026-02-02 10:18:50]   [emp_id: 3230] ✓ Updated: 90.94 (synced daily for consistency)
[2026-02-02 10:18:50]   [emp_id: 3231] ✓ Updated: 3.31 (synced daily for consistency)
[2026-02-02 10:18:50]   [emp_id: 3233] ✓ Updated: 83.77 (synced daily for consistency)
[2026-02-02 10:18:50]   [emp_id: 3249] ✓ Updated: 39.6 (synced daily for consistency)
[2026-02-02 10:18:50]   [emp_id: 3250] ✓ Updated: 12.6 (synced daily for consistency)
[2026-02-02 10:18:50]   [emp_id: 3252] ✓ Updated: 13.52 (synced daily for consistency)
[2026-02-02 10:18:50]   [emp_id: 3254] ✓ Updated: 24.02 (synced daily for consistency)
[2026-02-02 10:18:50]   [emp_id: 3255] ✓ Updated: 20.44 (synced daily for consistency)
[2026-02-02 10:18:50]   [emp_id: 3256] ✓ Updated: 16.69 (synced daily for consistency)
[2026-02-02 10:18:50]   [emp_id: 3263] ✓ Updated: 32.77 (synced daily for consistency)
[2026-02-02 10:18:50]   [emp_id: 3265] ✓ Updated: 28.35 (synced daily for consistency)
[2026-02-02 10:18:50]   [emp_id: 3280] ✓ Updated: 75.27 (synced daily for consistency)
[2026-02-02 10:18:50]   [emp_id: 3286] ✓ Updated: 18.44 (synced daily for consistency)
[2026-02-02 10:18:50]   [emp_id: 3294] ✓ Updated: 18.1 (synced daily for consistency)
[2026-02-02 10:18:50]   [emp_id: 3321] ✓ Updated: 75.27 (synced daily for consistency)
[2026-02-02 10:18:50]   [emp_id: 3325] ✓ Updated: 63.02 (synced daily for consistency)
[2026-02-02 10:18:50]   [emp_id: 3329] ✓ Updated: 65.35 (synced daily for consistency)
[2026-02-02 10:18:50]   [emp_id: 3330] ✓ Updated: 65.35 (synced daily for consistency)
[2026-02-02 10:18:50]   [emp_id: 3332] ✓ Updated: 65.35 (synced daily for consistency)
[2026-02-02 10:18:50]   [emp_id: 3370] ✓ Updated: 56.86 (synced daily for consistency)
[2026-02-02 10:18:50]   [emp_id: 3384] ✓ Updated: 17.52 (synced daily for consistency)
[2026-02-02 10:18:50]   [emp_id: 3386] ✓ Updated: 47.52 (synced daily for consistency)
[2026-02-02 10:18:50]   [emp_id: 3431] ✓ Updated: 21.94 (synced daily for consistency)
[2026-02-02 10:18:50]   [emp_id: 3497] ✓ Updated: 12.1 (synced daily for consistency)
[2026-02-02 10:18:50]   [emp_id: 3532] ✓ Updated: 2.94 (synced daily for consistency)
[2026-02-02 10:18:50]   [emp_id: 3602] ✓ Updated: 4.51 (synced daily for consistency)
[2026-02-02 10:18:50]   [emp_id: 3618] ✓ Updated: 26.49 (synced daily for consistency)
[2026-02-02 10:18:50]   [emp_id: 3622] ✓ Updated: 36.69 (synced daily for consistency)
[2026-02-02 10:18:50]   [emp_id: 3627] ✓ Updated: 12.44 (synced daily for consistency)
[2026-02-02 10:18:50]   [emp_id: 3665] ✓ Updated: 54.02 (synced daily for consistency)
[2026-02-02 10:18:50]   [emp_id: 3705] ✓ Updated: 30.02 (synced daily for consistency)
[2026-02-02 10:18:50]   [emp_id: 3724] ✓ Updated: 47.02 (synced daily for consistency)
[2026-02-02 10:18:50]   [emp_id: 3726] ✓ Updated: 63.44 (synced daily for consistency)
[2026-02-02 10:18:50]   [emp_id: 3727] ✓ Updated: 68.52 (synced daily for consistency)
[2026-02-02 10:18:50]   [emp_id: 3728] ✓ Updated: 12.85 (synced daily for consistency)
[2026-02-02 10:18:50]   [emp_id: 3767] ✓ Updated: 3.6 (synced daily for consistency)
[2026-02-02 10:18:50]   [emp_id: 3768] ✓ Updated: 59.85 (synced daily for consistency)
[2026-02-02 10:18:50]   [emp_id: 3787] ✓ Updated: 60.44 (synced daily for consistency)
[2026-02-02 10:18:50]   [emp_id: 3790] ✓ Updated: 4.99 (synced daily for consistency)
[2026-02-02 10:18:50]   [emp_id: 3795] ✓ Updated: 17.94 (synced daily for consistency)
[2026-02-02 10:18:51]   [emp_id: 3798] ✓ Updated: 96.35 (synced daily for consistency)
[2026-02-02 10:18:51]   [emp_id: 3801] ✓ Updated: 4.62 (synced daily for consistency)
[2026-02-02 10:18:51]   [emp_id: 3802] ✓ Updated: 33.6 (synced daily for consistency)
[2026-02-02 10:18:51]   [emp_id: 3803] ✓ Updated: 118.02 (synced daily for consistency)
[2026-02-02 10:18:51]   [emp_id: 3810] ✓ Updated: 64.02 (synced daily for consistency)
[2026-02-02 10:18:51]   [emp_id: 3812] ✓ Updated: 93.02 (synced daily for consistency)
[2026-02-02 10:18:51]   [emp_id: 3815] ✓ Updated: 93.02 (synced daily for consistency)
[2026-02-02 10:18:51]   [emp_id: 3836] ✓ Updated: 60.69 (synced daily for consistency)
[2026-02-02 10:18:51]   [emp_id: 3855] ✓ Updated: 53.85 (synced daily for consistency)
[2026-02-02 10:18:51]   [emp_id: 3857] ✓ Updated: 57.52 (synced daily for consistency)
[2026-02-02 10:18:51]   [emp_id: 3862] ✓ Updated: 105.6 (synced daily for consistency)
[2026-02-02 10:18:51]   [emp_id: 3866] ✓ Updated: 30.85 (synced daily for consistency)
[2026-02-02 10:18:51]   [emp_id: 3876] ✓ Updated: 27.02 (synced daily for consistency)
[2026-02-02 10:18:51]   [emp_id: 3877] ✓ Updated: 52.52 (synced daily for consistency)
[2026-02-02 10:18:51]   [emp_id: 3897] ✓ Updated: 40.77 (synced daily for consistency)
[2026-02-02 10:18:51]   [emp_id: 3899] ✓ Updated: 2.59 (synced daily for consistency)
[2026-02-02 10:18:51]   [emp_id: 3928] ✓ Updated: 16.85 (synced daily for consistency)
[2026-02-02 10:18:51]   [emp_id: 3929] ✓ Updated: 11.85 (synced daily for consistency)
[2026-02-02 10:18:51]   [emp_id: 3935] ✓ Updated: 96.85 (synced daily for consistency)
[2026-02-02 10:18:51]   [emp_id: 3952] ✓ Updated: 78.19 (synced daily for consistency)
[2026-02-02 10:18:51]   [emp_id: 3987] ✓ Updated: 17.1 (synced daily for consistency)
[2026-02-02 10:18:51]   [emp_id: 4059] ✓ Updated: 6.3 (synced daily for consistency)
[2026-02-02 10:18:51]   [emp_id: 4119] ✓ Updated: 59.77 (synced daily for consistency)
[2026-02-02 10:18:51]   [emp_id: 4120] ✓ Updated: 29.35 (synced daily for consistency)
[2026-02-02 10:18:51]   [emp_id: 4124] ✓ Updated: 29.87 (synced daily for consistency)
[2026-02-02 10:18:51]   [emp_id: 4133] ✓ Updated: 108.35 (synced daily for consistency)
[2026-02-02 10:18:51]   [emp_id: 4134] ✓ Updated: 29.35 (synced daily for consistency)
[2026-02-02 10:18:51]   [emp_id: 4136] ✓ Updated: 29.35 (synced daily for consistency)
[2026-02-02 10:18:51]   [emp_id: 4150] ✓ Updated: 28.02 (synced daily for consistency)
[2026-02-02 10:18:51]   [emp_id: 4157] ✓ Updated: 21.52 (synced daily for consistency)
[2026-02-02 10:18:51]   [emp_id: 4172] ✓ Updated: 14.6 (synced daily for consistency)
[2026-02-02 10:18:51]   [emp_id: 4195] ✓ Updated: 65.1 (synced daily for consistency)
[2026-02-02 10:18:51]   [emp_id: 4215] ✓ Updated: 47.77 (synced daily for consistency)
[2026-02-02 10:18:51]   [emp_id: 4220] ✓ Updated: 43.35 (synced daily for consistency)
[2026-02-02 10:18:51]   [emp_id: 4273] ✓ Updated: 12.02 (synced daily for consistency)
[2026-02-02 10:18:51]   [emp_id: 4283] ✓ Updated: 15.69 (synced daily for consistency)
[2026-02-02 10:18:51]   [emp_id: 4288] ✓ Updated: 2.59 (synced daily for consistency)
[2026-02-02 10:18:51]   [emp_id: 4315] ✓ Updated: 15.27 (synced daily for consistency)
[2026-02-02 10:18:51]   [emp_id: 4328] ✓ Updated: 44.52 (synced daily for consistency)
[2026-02-02 10:18:51]   [emp_id: 4329] ✓ Updated: 8.44 (synced daily for consistency)
[2026-02-02 10:18:51]   [emp_id: 4338] ✓ Updated: 50.02 (synced daily for consistency)
[2026-02-02 10:18:51]   [emp_id: 4340] ✓ Updated: 112.02 (synced daily for consistency)
[2026-02-02 10:18:51]   [emp_id: 4365] ✓ Updated: 63.44 (synced daily for consistency)
[2026-02-02 10:18:51]   [emp_id: 4366] ✓ Updated: 62.52 (synced daily for consistency)
[2026-02-02 10:18:51]   [emp_id: 4403] ✓ Updated: 88.35 (synced daily for consistency)
[2026-02-02 10:18:51]   [emp_id: 4438] ✓ Updated: 24.02 (synced daily for consistency)
[2026-02-02 10:18:51]   [emp_id: 4465] ✓ Updated: 14.85 (synced daily for consistency)
[2026-02-02 10:18:51]   [emp_id: 4473] ✓ Updated: 47.6 (synced daily for consistency)
[2026-02-02 10:18:51]   [emp_id: 4474] ✓ Updated: 5.36 (synced daily for consistency)
[2026-02-02 10:18:51]   [emp_id: 4493] ✓ Updated: 166.44 (synced daily for consistency)
[2026-02-02 10:18:51]   [emp_id: 4526] ✓ Updated: 38.69 (synced daily for consistency)
[2026-02-02 10:18:51]   [emp_id: 4528] ✓ Updated: 110.44 (synced daily for consistency)
[2026-02-02 10:18:51]   [emp_id: 4528] ✓ Updated: 110.44 (synced daily for consistency)
[2026-02-02 10:18:52]   [emp_id: 4532] ✓ Updated: 9.97 (synced daily for consistency)
[2026-02-02 10:18:52]   [emp_id: 4533] ✓ Updated: 38.85 (synced daily for consistency)
[2026-02-02 10:18:52]   [emp_id: 4565] ✓ Updated: 17.35 (synced daily for consistency)
[2026-02-02 10:18:52]   [emp_id: 4567] ✓ Updated: 21.6 (synced daily for consistency)
[2026-02-02 10:18:52]   [emp_id: 4572] ✓ Updated: 61.1 (synced daily for consistency)
[2026-02-02 10:18:52]   [emp_id: 4631] ✓ Updated: 17.35 (synced daily for consistency)
[2026-02-02 10:18:52]   [emp_id: 4655] ✓ Updated: 27.77 (synced daily for consistency)
[2026-02-02 10:18:52]   [emp_id: 4709] ✓ Updated: 43.02 (synced daily for consistency)
[2026-02-02 10:18:52]   [emp_id: 4717] ✓ Updated: 69.02 (synced daily for consistency)
[2026-02-02 10:18:52]   [emp_id: 4736] ✓ Updated: 30.85 (synced daily for consistency)
[2026-02-02 10:18:52]   [emp_id: 4756] ✓ Updated: 13.79 (synced daily for consistency)
[2026-02-02 10:18:52]   [emp_id: 4768] ✓ Updated: 16.52 (synced daily for consistency)
[2026-02-02 10:18:52]   [emp_id: 4780] ✓ Updated: 67.52 (synced daily for consistency)
[2026-02-02 10:18:52]   [emp_id: 4820] ✓ Updated: 101.85 (synced daily for consistency)
[2026-02-02 10:18:52]   [emp_id: 4824] ✓ Updated: 5.03 (synced daily for consistency)
[2026-02-02 10:18:52]   [emp_id: 4825] ✓ Updated: 33.6 (synced daily for consistency)
[2026-02-02 10:18:52]   [emp_id: 4837] ✓ Updated: 47.51 (synced daily for consistency)
[2026-02-02 10:18:52]   [emp_id: 4840] ✓ Updated: 47.51 (synced daily for consistency)
[2026-02-02 10:18:52]   [emp_id: 4842] ✓ Updated: 46.75 (synced daily for consistency)
[2026-02-02 10:18:52]   [emp_id: 4843] ✓ Updated: 47.28 (synced daily for consistency)
[2026-02-02 10:18:52]   [emp_id: 4853] ✓ Updated: 91.1 (synced daily for consistency)
[2026-02-02 10:18:52]   [emp_id: 4856] ✓ Updated: 44.42 (synced daily for consistency)
[2026-02-02 10:18:52]   [emp_id: 4857] ✓ Updated: 27.24 (synced daily for consistency)
[2026-02-02 10:18:52]   [emp_id: 4858] ✓ Updated: 24.12 (synced daily for consistency)
[2026-02-02 10:18:52]   [emp_id: 4859] ✓ Updated: 45.59 (synced daily for consistency)
[2026-02-02 10:18:52]   [emp_id: 4860] ✓ Updated: 10.09 (synced daily for consistency)
[2026-02-02 10:18:52]   [emp_id: 4861] ✓ Updated: 43.55 (synced daily for consistency)
[2026-02-02 10:18:52]   [emp_id: 4869] ✓ Updated: 86.43 (synced daily for consistency)
[2026-02-02 10:18:52]   [emp_id: 4894] ✓ Updated: 10.52 (synced daily for consistency)
[2026-02-02 10:18:52]   [emp_id: 4897] ✓ Updated: 25.33 (synced daily for consistency)
[2026-02-02 10:18:52]   [emp_id: 4899] ✓ Updated: 21.5 (synced daily for consistency)
[2026-02-02 10:18:52]   [emp_id: 4902] ✓ Updated: 20.92 (synced daily for consistency)
[2026-02-02 10:18:52]   [emp_id: 4903] ✓ Updated: 23.14 (synced daily for consistency)
[2026-02-02 10:18:52]   [emp_id: 4905] ✓ Updated: 21.8 (synced daily for consistency)
[2026-02-02 10:18:52]   [emp_id: 4907] ✓ Updated: 50.6 (synced daily for consistency)
[2026-02-02 10:18:52]   [emp_id: 4917] ✓ Updated: 18.76 (synced daily for consistency)
[2026-02-02 10:18:52]   [emp_id: 4918] ✓ Updated: 8.53 (synced daily for consistency)
[2026-02-02 10:18:52]   [emp_id: 4919] ✓ Updated: 60.82 (synced daily for consistency)
[2026-02-02 10:18:52]   [emp_id: 4920] ✓ Updated: 7.9 (synced daily for consistency)
[2026-02-02 10:18:52]   [emp_id: 4921] ✓ Updated: 19.99 (synced daily for consistency)
[2026-02-02 10:18:52]   [emp_id: 4927] ✓ Updated: 18.82 (synced daily for consistency)
[2026-02-02 10:18:52]   [emp_id: 4929] ✓ Updated: 20.34 (synced daily for consistency)
[2026-02-02 10:18:52]   [emp_id: 4930] ✓ Updated: 61.11 (synced daily for consistency)
[2026-02-02 10:18:52]   [emp_id: 4932] ✓ Updated: 19.11 (synced daily for consistency)
[2026-02-02 10:18:52]   [emp_id: 4933] ✓ Updated: 22.52 (synced daily for consistency)
[2026-02-02 10:18:52]   [emp_id: 4949] ✓ Updated: 25.95 (synced daily for consistency)
[2026-02-02 10:18:52]   [emp_id: 4956] ✓ Updated: 31.54 (synced daily for consistency)
[2026-02-02 10:18:52]   [emp_id: 4957] ✓ Updated: 27.21 (synced daily for consistency)
[2026-02-02 10:18:53]   [emp_id: 4962] ✓ Updated: 49.96 (synced daily for consistency)
[2026-02-02 10:18:53]   [emp_id: 4969] ✓ Updated: 49.27 (synced daily for consistency)
[2026-02-02 10:18:53]   [emp_id: 4976] ✓ Updated: 12.23 (synced daily for consistency)
[2026-02-02 10:18:53]   [emp_id: 4984] ✓ Updated: 40.52 (synced daily for consistency)
[2026-02-02 10:18:53]   [emp_id: 4995] ✓ Updated: 52.59 (synced daily for consistency)
[2026-02-02 10:18:53]   [emp_id: 5004] ✓ Updated: 29.17 (synced daily for consistency)
[2026-02-02 10:18:53]   [emp_id: 5006] ✓ Updated: 28.91 (synced daily for consistency)
[2026-02-02 10:18:53]   [emp_id: 5011] ✓ Updated: 8.37 (synced daily for consistency)
[2026-02-02 10:18:53]   [emp_id: 5013] ✓ Updated: 69.28 (synced daily for consistency)
[2026-02-02 10:18:53]   [emp_id: 5018] ✓ Updated: 5.77 (synced daily for consistency)
[2026-02-02 10:18:53]   [emp_id: 5021] ✓ Updated: 63.62 (synced daily for consistency)
[2026-02-02 10:18:53]   [emp_id: 5024] ✓ Updated: 3.79 (synced daily for consistency)
[2026-02-02 10:18:53]   [emp_id: 5030] ✓ Updated: 33.74 (synced daily for consistency)
[2026-02-02 10:18:53]   [emp_id: 5033] ✓ Updated: 12.54 (synced daily for consistency)
[2026-02-02 10:18:53]   [emp_id: 5043] ✓ Updated: 33.19 (synced daily for consistency)
[2026-02-02 10:18:53]   [emp_id: 5045] ✓ Updated: 29.69 (synced daily for consistency)
[2026-02-02 10:18:53]   [emp_id: 5046] ✓ Updated: 24.88 (synced daily for consistency)
[2026-02-02 10:18:53]   [emp_id: 5049] ✓ Updated: 1.22 (synced daily for consistency)
[2026-02-02 10:18:53]   [emp_id: 5052] ✓ Updated: 32.5 (synced daily for consistency)
[2026-02-02 10:18:53]   [emp_id: 5055] ✓ Updated: 20.94 (synced daily for consistency)
[2026-02-02 10:18:53]   [emp_id: 5058] ✓ Updated: 29.92 (synced daily for consistency)
[2026-02-02 10:18:53]   [emp_id: 5062] ✓ Updated: 41.75 (synced daily for consistency)
[2026-02-02 10:18:53]   [emp_id: 5064] ✓ Updated: 120.52 (synced daily for consistency)
[2026-02-02 10:18:53]   [emp_id: 5065] ✓ Updated: 41.16 (synced daily for consistency)
[2026-02-02 10:18:53]   [emp_id: 5071] ✓ Updated: 26.02 (synced daily for consistency)
[2026-02-02 10:18:53]   [emp_id: 5073] ✓ Updated: 15.76 (synced daily for consistency)
[2026-02-02 10:18:53]   [emp_id: 5079] ✓ Updated: 36.32 (synced daily for consistency)
[2026-02-02 10:18:53]   [emp_id: 5080] ✓ Updated: 29.65 (synced daily for consistency)
[2026-02-02 10:18:53]   [emp_id: 5081] ✓ Updated: 17.91 (synced daily for consistency)
[2026-02-02 10:18:53]   [emp_id: 5087] ✓ Updated: 37.95 (synced daily for consistency)
[2026-02-02 10:18:53]   [emp_id: 5091] ✓ Updated: 77.8 (synced daily for consistency)
[2026-02-02 10:18:53]   [emp_id: 5093] ✓ Updated: 17.19 (synced daily for consistency)
[2026-02-02 10:18:53]   [emp_id: 5095] ✓ Updated: 3.34 (synced daily for consistency)
[2026-02-02 10:18:53]   [emp_id: 5101] ✓ Updated: 19.27 (synced daily for consistency)
[2026-02-02 10:18:53]   [emp_id: 5107] ✓ Updated: 17.6 (synced daily for consistency)
[2026-02-02 10:18:53]   [emp_id: 5109] ✓ Updated: 14.85 (synced daily for consistency)
[2026-02-02 10:18:53]   [emp_id: 5119] ✓ Updated: 13.02 (synced daily for consistency)
[2026-02-02 10:18:53]   [emp_id: 5122] ✓ Updated: 10.19 (synced daily for consistency)
[2026-02-02 10:18:53]   [emp_id: 5126] ✓ Updated: 28.68 (synced daily for consistency)
[2026-02-02 10:18:53]   [emp_id: 5127] ✓ Updated: 1.41 (synced daily for consistency)
[2026-02-02 10:18:53]   [emp_id: 5128] ✓ Updated: 28.62 (synced daily for consistency)
[2026-02-02 10:18:53]   [emp_id: 5138] ✓ Updated: 52.85 (synced daily for consistency)
[2026-02-02 10:18:53]   [emp_id: 5138] ✓ Updated: 52.85 (synced daily for consistency)
[2026-02-02 10:18:53]   [emp_id: 5141] ✓ Updated: 36.99 (synced daily for consistency)
[2026-02-02 10:18:53]   [emp_id: 5142] ✓ Updated: 15.99 (synced daily for consistency)
[2026-02-02 10:18:53]   [emp_id: 5146] ✓ Updated: 22.99 (synced daily for consistency)
[2026-02-02 10:18:53]   [emp_id: 5147] ✓ Updated: 21.99 (synced daily for consistency)
[2026-02-02 10:18:53]   [emp_id: 5148] ✓ Updated: 27.34 (synced daily for consistency)
[2026-02-02 10:18:53]   [emp_id: 5149] ✓ Updated: 26.23 (synced daily for consistency)
[2026-02-02 10:18:54]   [emp_id: 5150] ✓ Updated: 25.59 (synced daily for consistency)
[2026-02-02 10:18:54]   [emp_id: 5151] ✓ Updated: 25.41 (synced daily for consistency)
[2026-02-02 10:18:54]   [emp_id: 5152] ✓ Updated: 5.83 (synced daily for consistency)
[2026-02-02 10:18:54]   [emp_id: 5157] ✓ Updated: 25.41 (synced daily for consistency)
[2026-02-02 10:18:54]   [emp_id: 5160] ✓ Updated: 25.41 (synced daily for consistency)
[2026-02-02 10:18:54]   [emp_id: 5163] ✓ Updated: 23.2 (synced daily for consistency)
[2026-02-02 10:18:54]   [emp_id: 5165] ✓ Updated: 4.29 (synced daily for consistency)
[2026-02-02 10:18:54]   [emp_id: 5167] ✓ Updated: 32.35 (synced daily for consistency)
[2026-02-02 10:18:54]   [emp_id: 5168] ✓ Updated: 24.89 (synced daily for consistency)
[2026-02-02 10:18:54]   [emp_id: 5173] ✓ Updated: 27.94 (synced daily for consistency)
[2026-02-02 10:18:54]   [emp_id: 5174] ✓ Updated: 25.35 (synced daily for consistency)
[2026-02-02 10:18:54]   [emp_id: 5181] ✓ Updated: 21.74 (synced daily for consistency)
[2026-02-02 10:18:54]   [emp_id: 5186] ✓ Updated: 27.27 (synced daily for consistency)
[2026-02-02 10:18:54]   [emp_id: 5187] ✓ Updated: 38.27 (synced daily for consistency)
[2026-02-02 10:18:54]   [emp_id: 5204] ✓ Updated: 25.44 (synced daily for consistency)
[2026-02-02 10:18:54]   [emp_id: 5205] ✓ Updated: 14.48 (synced daily for consistency)
[2026-02-02 10:18:54]   [emp_id: 5209] ✓ Updated: 17.48 (synced daily for consistency)
[2026-02-02 10:18:54]   [emp_id: 5213] ✓ Updated: 4.89 (synced daily for consistency)
[2026-02-02 10:18:54]   [emp_id: 5214] ✓ Updated: 3.73 (synced daily for consistency)
[2026-02-02 10:18:54]   [emp_id: 5215] ✓ Updated: 12.48 (synced daily for consistency)
[2026-02-02 10:18:54]   [emp_id: 5217] ✓ Updated: 11.48 (synced daily for consistency)
[2026-02-02 10:18:54]   [emp_id: 5219] ✓ Updated: 15.48 (synced daily for consistency)
[2026-02-02 10:18:54]   [emp_id: 5221] ✓ Updated: 4.79 (synced daily for consistency)
[2026-02-02 10:18:54]   [emp_id: 5224] ✓ Updated: 16.48 (synced daily for consistency)
[2026-02-02 10:18:54]   [emp_id: 5225] ✓ Updated: 8.79 (synced daily for consistency)
[2026-02-02 10:18:54]   [emp_id: 5228] ✓ Updated: 11.48 (synced daily for consistency)
[2026-02-02 10:18:54]   [emp_id: 5229] ✓ Updated: 7.48 (synced daily for consistency)
[2026-02-02 10:18:54]   [emp_id: 5230] ✓ Updated: 12.15 (synced daily for consistency)
[2026-02-02 10:18:54]   [emp_id: 5231] ✓ Updated: 8.48 (synced daily for consistency)
[2026-02-02 10:18:54]   [emp_id: 5232] ✓ Updated: 2.48 (synced daily for consistency)
[2026-02-02 10:18:54]   [emp_id: 5233] ✓ Updated: 6.48 (synced daily for consistency)
[2026-02-02 10:18:54]   [emp_id: 5234] ✓ Updated: 6.48 (synced daily for consistency)
[2026-02-02 10:18:54]   [emp_id: 5235] ✓ Updated: 1.92 (synced daily for consistency)
[2026-02-02 10:18:54]   [emp_id: 5237] ✓ Updated: 12.73 (synced daily for consistency)
[2026-02-02 10:18:54]   [emp_id: 5239] ✓ Updated: 9.48 (synced daily for consistency)
[2026-02-02 10:18:54]   [emp_id: 5241] ✓ Updated: 7.48 (synced daily for consistency)
[2026-02-02 10:18:54]   [emp_id: 5242] ✓ Updated: 17.48 (synced daily for consistency)
[2026-02-02 10:18:54]   [emp_id: 5243] ✓ Updated: 3.89 (synced daily for consistency)
[2026-02-02 10:18:54]   [emp_id: 5244] ✓ Updated: 1.92 (synced daily for consistency)
[2026-02-02 10:18:54]   [emp_id: 5246] ✓ Updated: 13.48 (synced daily for consistency)
[2026-02-02 10:18:54]   [emp_id: 5253] ✓ Updated: 26.35 (synced daily for consistency)
[2026-02-02 10:18:54]   [emp_id: 5254] ✓ Updated: 14.33 (synced daily for consistency)
[2026-02-02 10:18:54]   [emp_id: 5257] ✓ Updated: 14.04 (synced daily for consistency)
[2026-02-02 10:18:54]   [emp_id: 5259] ✓ Updated: 50.57 (synced daily for consistency)
[2026-02-02 10:18:54]   [emp_id: 5261] ✓ Updated: 19.04 (synced daily for consistency)
[2026-02-02 10:18:54]   [emp_id: 5264] ✓ Updated: 16.05 (synced daily for consistency)
[2026-02-02 10:18:54]   [emp_id: 5266] ✓ Updated: 22.67 (synced daily for consistency)
[2026-02-02 10:18:54]   [emp_id: 5268] ✓ Updated: 11.24 (synced daily for consistency)
[2026-02-02 10:18:54]   [emp_id: 5271] ✓ Updated: 9.9 (synced daily for consistency)
[2026-02-02 10:18:54]   [emp_id: 5272] ✓ Updated: 10.77 (synced daily for consistency)
[2026-02-02 10:18:54]   [emp_id: 5273] ✓ Updated: 25.84 (synced daily for consistency)
[2026-02-02 10:18:55]   [emp_id: 5275] ✓ Updated: 11.59 (synced daily for consistency)
[2026-02-02 10:18:55]   [emp_id: 5276] ✓ Updated: 25.86 (synced daily for consistency)
[2026-02-02 10:18:55]   [emp_id: 5278] ✓ Updated: 10.25 (synced daily for consistency)
[2026-02-02 10:18:55]   [emp_id: 5280] ✓ Updated: 20.65 (synced daily for consistency)
[2026-02-02 10:18:55]   [emp_id: 5282] ✓ Updated: 14.52 (synced daily for consistency)
[2026-02-02 10:18:55]   [emp_id: 5285] ✓ Updated: 30.65 (synced daily for consistency)
[2026-02-02 10:18:55]   [emp_id: 5286] ✓ Updated: 17.65 (synced daily for consistency)
[2026-02-02 10:18:55]   [emp_id: 5287] ✓ Updated: 51.95 (synced daily for consistency)
[2026-02-02 10:18:55]   [emp_id: 5288] ✓ Updated: 9.22 (synced daily for consistency)
[2026-02-02 10:18:55]   [emp_id: 5289] ✓ Updated: 50.5 (synced daily for consistency)
[2026-02-02 10:18:55]   [emp_id: 5290] ✓ Updated: 49.27 (synced daily for consistency)
[2026-02-02 10:18:55]   [emp_id: 5291] ✓ Updated: 7.27 (synced daily for consistency)
[2026-02-02 10:18:55]   [emp_id: 5292] ✓ Updated: 7.21 (synced daily for consistency)
[2026-02-02 10:18:55]   [emp_id: 5293] ✓ Updated: 10.78 (synced daily for consistency)
[2026-02-02 10:18:55]   [emp_id: 5294] ✓ Updated: 10.44 (synced daily for consistency)
[2026-02-02 10:18:55]   [emp_id: 5295] ✓ Updated: 23.45 (synced daily for consistency)
[2026-02-02 10:18:55]   [emp_id: 5296] ✓ Updated: 37.46 (synced daily for consistency)
[2026-02-02 10:18:55]   [emp_id: 5297] ✓ Updated: 47.87 (synced daily for consistency)
[2026-02-02 10:18:55]   [emp_id: 5298] ✓ Updated: 47.87 (synced daily for consistency)
[2026-02-02 10:18:55]   [emp_id: 5299] ✓ Updated: 47.87 (synced daily for consistency)
[2026-02-02 10:18:55]   [emp_id: 5300] ✓ Updated: 47.87 (synced daily for consistency)
[2026-02-02 10:18:55]   [emp_id: 5301] ✓ Updated: 5.69 (synced daily for consistency)
[2026-02-02 10:18:55]   [emp_id: 5303] ✓ Updated: 6.12 (synced daily for consistency)
[2026-02-02 10:18:55]   [emp_id: 5304] ✓ Updated: 2.87 (synced daily for consistency)
[2026-02-02 10:18:55]   [emp_id: 5305] ✓ Updated: 5.87 (synced daily for consistency)
[2026-02-02 10:18:55]   [emp_id: 5306] ✓ Updated: 47.58 (synced daily for consistency)
[2026-02-02 10:18:55]   [emp_id: 5307] ✓ Updated: 47.58 (synced daily for consistency)
[2026-02-02 10:18:55]   [emp_id: 5312] ✓ Updated: 1.92 (synced daily for consistency)
[2026-02-02 10:18:55]   [emp_id: 5318] ✓ Updated: 28.29 (synced daily for consistency)
[2026-02-02 10:18:55]   [emp_id: 5325] ✓ Updated: 2.25 (synced daily for consistency)
[2026-02-02 10:18:55]   [emp_id: 5327] ✓ Updated: 3.34 (synced daily for consistency)
[2026-02-02 10:18:55]   [emp_id: 5337] ✓ Updated: 38.35 (synced daily for consistency)
[2026-02-02 10:18:55]   [emp_id: 5339] ✓ Updated: 12.44 (synced daily for consistency)
[2026-02-02 10:18:55]   [emp_id: 5343] ✓ Updated: 48.27 (synced daily for consistency)
[2026-02-02 10:18:55]   [emp_id: 5343] ✓ Updated: 48.27 (synced daily for consistency)
[2026-02-02 10:18:55]   [emp_id: 5345] ✓ Updated: 18.1 (synced daily for consistency)
[2026-02-02 10:18:55]   [emp_id: 5346] ✓ Updated: 4.16 (synced daily for consistency)
[2026-02-02 10:18:55]   [emp_id: 5351] ✓ Updated: 19.1 (synced daily for consistency)
[2026-02-02 10:18:55]   [emp_id: 5352] ✓ Updated: 28.52 (synced daily for consistency)
[2026-02-02 10:18:55]   [emp_id: 5370] ✓ Updated: 17.75 (synced daily for consistency)
[2026-02-02 10:18:55]   [emp_id: 5371] ✓ Updated: 10.27 (synced daily for consistency)
[2026-02-02 10:18:55]   [emp_id: 5376] ✓ Updated: 12.35 (synced daily for consistency)
[2026-02-02 10:18:55]   [emp_id: 5378] ✓ Updated: 20.35 (synced daily for consistency)
[2026-02-02 10:18:55]   [emp_id: 5380] ✓ Updated: 18.76 (synced daily for consistency)
[2026-02-02 10:18:55]   [emp_id: 5381] ✓ Updated: 14.79 (synced daily for consistency)
[2026-02-02 10:18:55]   [emp_id: 5383] ✓ Updated: 18.1 (synced daily for consistency)
[2026-02-02 10:18:55]   [emp_id: 5388] ✓ Updated: 29.54 (synced daily for consistency)
[2026-02-02 10:18:55]   [emp_id: 5396] ✓ Updated: 30.78 (synced daily for consistency)
[2026-02-02 10:18:55]   [emp_id: 5397] ✓ Updated: 22.24 (synced daily for consistency)
[2026-02-02 10:18:55]   [emp_id: 5401] ✓ Updated: 25.35 (synced daily for consistency)
[2026-02-02 10:18:56]   [emp_id: 5402] ✓ Updated: 25.47 (synced daily for consistency)
[2026-02-02 10:18:56]   [emp_id: 5406] ✓ Updated: 19.19 (synced daily for consistency)
[2026-02-02 10:18:56]   [emp_id: 5407] ✓ Updated: 18.87 (synced daily for consistency)
[2026-02-02 10:18:56]   [emp_id: 5409] ✓ Updated: 18.53 (synced daily for consistency)
[2026-02-02 10:18:56]   [emp_id: 5413] ✓ Updated: 31.27 (synced daily for consistency)
[2026-02-02 10:18:56]   [emp_id: 5414] ✓ Updated: 30.94 (synced daily for consistency)
[2026-02-02 10:18:56]   [emp_id: 5415] ✓ Updated: 6.87 (synced daily for consistency)
[2026-02-02 10:18:56]   [emp_id: 5418] ✓ Updated: 17.59 (synced daily for consistency)
[2026-02-02 10:18:56]   [emp_id: 5422] ✓ Updated: 23.6 (synced daily for consistency)
[2026-02-02 10:18:56]   [emp_id: 5423] ✓ Updated: 8.29 (synced daily for consistency)
[2026-02-02 10:18:56]   [emp_id: 5425] ✓ Updated: 16.14 (synced daily for consistency)
[2026-02-02 10:18:56]   [emp_id: 5426] ✓ Updated: 4.84 (synced daily for consistency)
[2026-02-02 10:18:56]   [emp_id: 5426] ✓ Updated: 4.84 (synced daily for consistency)
[2026-02-02 10:18:56]   [emp_id: 5427] ✓ Updated: 16.25 (synced daily for consistency)
[2026-02-02 10:18:56]   [emp_id: 5428] ✓ Updated: 16.14 (synced daily for consistency)
[2026-02-02 10:18:56]   [emp_id: 5430] ✓ Updated: 20.66 (synced daily for consistency)
[2026-02-02 10:18:56]   [emp_id: 5431] ✓ Updated: 15.26 (synced daily for consistency)
[2026-02-02 10:18:56]   [emp_id: 5433] ✓ Updated: 15.28 (synced daily for consistency)
[2026-02-02 10:18:56]   [emp_id: 5434] ✓ Updated: 15.03 (synced daily for consistency)
[2026-02-02 10:18:56]   [emp_id: 5435] ✓ Updated: 14.97 (synced daily for consistency)
[2026-02-02 10:18:56]   [emp_id: 5436] ✓ Updated: 14.97 (synced daily for consistency)
[2026-02-02 10:18:56]   [emp_id: 5438] ✓ Updated: 18.52 (synced daily for consistency)
[2026-02-02 10:18:56]   [emp_id: 5439] ✓ Updated: 28.02 (synced daily for consistency)
[2026-02-02 10:18:56]   [emp_id: 5442] ✓ Updated: 17.02 (synced daily for consistency)
[2026-02-02 10:18:56]   [emp_id: 5445] ✓ Updated: 9.43 (synced daily for consistency)
[2026-02-02 10:18:56]   [emp_id: 5446] ✓ Updated: 9.43 (synced daily for consistency)
[2026-02-02 10:18:56]   [emp_id: 5447] ✓ Updated: 9.37 (synced daily for consistency)
[2026-02-02 10:18:56]   [emp_id: 5448] ✓ Updated: 4.04 (synced daily for consistency)
[2026-02-02 10:18:56]   [emp_id: 5449] ✓ Updated: 7.45 (synced daily for consistency)
[2026-02-02 10:18:56]   [emp_id: 5450] ✓ Updated: 7.39 (synced daily for consistency)
[2026-02-02 10:18:56]   [emp_id: 5451] ✓ Updated: 7.39 (synced daily for consistency)
[2026-02-02 10:18:56]   [emp_id: 5453] ✓ Updated: 7.23 (synced daily for consistency)
[2026-02-02 10:18:56]   [emp_id: 5454] ✓ Updated: 10.1 (synced daily for consistency)
[2026-02-02 10:18:56]   [emp_id: 5455] ✓ Updated: 4.35 (synced daily for consistency)
[2026-02-02 10:18:56]   [emp_id: 5456] ✓ Updated: 9.35 (synced daily for consistency)
[2026-02-02 10:18:56]   [emp_id: 5457] ✓ Updated: 6.48 (synced daily for consistency)
[2026-02-02 10:18:56]   [emp_id: 5460] ✓ Updated: 8 (synced daily for consistency)
[2026-02-02 10:18:56]   [emp_id: 5463] ✓ Updated: 7.33 (synced daily for consistency)
[2026-02-02 10:18:56]   [emp_id: 5464] ✓ Updated: 7.33 (synced daily for consistency)
[2026-02-02 10:18:56]   [emp_id: 5466] ✓ Updated: 5.08 (synced daily for consistency)
[2026-02-02 10:18:56]   [emp_id: 5467] ✓ Updated: 4 (synced daily for consistency)
[2026-02-02 10:18:56]   [emp_id: 5468] ✓ Updated: 2.95 (synced daily for consistency)
[2026-02-02 10:18:56]   [emp_id: 5469] ✓ Updated: 2.86 (synced daily for consistency)
[2026-02-02 10:18:56] Report saved to: D:\xampp\htdocs\almutlak\system/cron_logs/last_vacation_update_report.json
[2026-02-02 10:20:23] ========== CRON: Vacation Balance Update Started ==========
[2026-02-02 10:20:23] Force level: 2 (0=normal, 1=check missing, 2=full bypass)
[2026-02-02 10:20:23] Source: Browser (?force=2)
[2026-02-02 10:20:23] FORCE LEVEL 2: Full bypass - updating all balances AND last_updated
[2026-02-02 10:20:23] Database connection established
[2026-02-02 10:20:23] Found 433 active employees with balance records to update
[2026-02-02 10:20:23] (Only employees with status=1 will be processed)
[2026-02-02 10:20:23]   [emp_id: 1061] ✓ Updated: 2.59 (synced daily for consistency)
[2026-02-02 10:20:23]   [emp_id: 1496] ✓ Updated: 19.44 (synced daily for consistency)
[2026-02-02 10:20:23]   [emp_id: 1500] ✓ Updated: 7.12 (synced daily for consistency)
[2026-02-02 10:20:23]   [emp_id: 1574] ✓ Updated: 36.35 (synced daily for consistency)
[2026-02-02 10:20:23]   [emp_id: 1673] ✓ Updated: 47.85 (synced daily for consistency)
[2026-02-02 10:20:23]   [emp_id: 1685] ✓ Updated: 17.77 (synced daily for consistency)
[2026-02-02 10:20:23]   [emp_id: 1764] ✓ Updated: 72.44 (synced daily for consistency)
[2026-02-02 10:20:23]   [emp_id: 1805] ✓ Updated: 66.77 (synced daily for consistency)
[2026-02-02 10:20:23]   [emp_id: 1822] ✓ Updated: 71.52 (synced daily for consistency)
[2026-02-02 10:20:23]   [emp_id: 1837] ✓ Updated: 27.69 (synced daily for consistency)
[2026-02-02 10:20:23]   [emp_id: 1857] ✓ Updated: 23.02 (synced daily for consistency)
[2026-02-02 10:20:23]   [emp_id: 1861] ✓ Updated: 73.85 (synced daily for consistency)
[2026-02-02 10:20:23]   [emp_id: 1872] ✓ Updated: 12.69 (synced daily for consistency)
[2026-02-02 10:20:23]   [emp_id: 1897] ✓ Updated: 8.02 (synced daily for consistency)
[2026-02-02 10:20:23]   [emp_id: 1916] ✓ Updated: 14.32 (synced daily for consistency)
[2026-02-02 10:20:23]   [emp_id: 1928] ✓ Updated: 67.27 (synced daily for consistency)
[2026-02-02 10:20:23]   [emp_id: 1931] ✓ Updated: 87.19 (synced daily for consistency)
[2026-02-02 10:20:23]   [emp_id: 1944] ✓ Updated: 45.35 (synced daily for consistency)
[2026-02-02 10:20:23]   [emp_id: 1996] ✓ Updated: 73.85 (synced daily for consistency)
[2026-02-02 10:20:23]   [emp_id: 1997] ✓ Updated: 39.02 (synced daily for consistency)
[2026-02-02 10:20:23]   [emp_id: 1998] ✓ Updated: 30.46 (synced daily for consistency)
[2026-02-02 10:20:23]   [emp_id: 1999] ✓ Updated: 31.46 (synced daily for consistency)
[2026-02-02 10:20:23]   [emp_id: 2009] ✓ Updated: 37.77 (synced daily for consistency)
[2026-02-02 10:20:23]   [emp_id: 2048] ✓ Updated: 27.6 (synced daily for consistency)
[2026-02-02 10:20:23]   [emp_id: 2057] ✓ Updated: 68.44 (synced daily for consistency)
[2026-02-02 10:20:23]   [emp_id: 2079] ✓ Updated: 50.77 (synced daily for consistency)
[2026-02-02 10:20:24]   [emp_id: 2181] ✓ Updated: 39.77 (synced daily for consistency)
[2026-02-02 10:20:24]   [emp_id: 2190] ✓ Updated: 9.1 (synced daily for consistency)
[2026-02-02 10:20:24]   [emp_id: 2212] ✓ Updated: 27.1 (synced daily for consistency)
[2026-02-02 10:20:24]   [emp_id: 2226] ✓ Updated: 71.85 (synced daily for consistency)
[2026-02-02 10:20:24]   [emp_id: 2238] ✓ Updated: 70.1 (synced daily for consistency)
[2026-02-02 10:20:24]   [emp_id: 2285] ✓ Updated: 38.77 (synced daily for consistency)
[2026-02-02 10:20:24]   [emp_id: 2287] ✓ Updated: 50.44 (synced daily for consistency)
[2026-02-02 10:20:24]   [emp_id: 2288] ✓ Updated: 5.46 (synced daily for consistency)
[2026-02-02 10:20:24]   [emp_id: 2316] ✓ Updated: 19.27 (synced daily for consistency)
[2026-02-02 10:20:24]   [emp_id: 2337] ✓ Updated: 40.35 (synced daily for consistency)
[2026-02-02 10:20:24]   [emp_id: 2352] ✓ Updated: 71.85 (synced daily for consistency)
[2026-02-02 10:20:24]   [emp_id: 2358] ✓ Updated: 8.35 (synced daily for consistency)
[2026-02-02 10:20:24]   [emp_id: 2361] ✓ Updated: 74.02 (synced daily for consistency)
[2026-02-02 10:20:24]   [emp_id: 2363] ✓ Updated: 76.6 (synced daily for consistency)
[2026-02-02 10:20:24]   [emp_id: 2364] ✓ Updated: 76.02 (synced daily for consistency)
[2026-02-02 10:20:24]   [emp_id: 2367] ✓ Updated: 103.69 (synced daily for consistency)
[2026-02-02 10:20:24]   [emp_id: 2368] ✓ Updated: 34.1 (synced daily for consistency)
[2026-02-02 10:20:24]   [emp_id: 2372] ✓ Updated: 71.35 (synced daily for consistency)
[2026-02-02 10:20:24]   [emp_id: 2376] ✓ Updated: 121.35 (synced daily for consistency)
[2026-02-02 10:20:24]   [emp_id: 2423] ✓ Updated: 22.1 (synced daily for consistency)
[2026-02-02 10:20:24]   [emp_id: 2519] ✓ Updated: 115.77 (synced daily for consistency)
[2026-02-02 10:20:24]   [emp_id: 2522] ✓ Updated: 59.35 (synced daily for consistency)
[2026-02-02 10:20:24]   [emp_id: 2530] ✓ Updated: 54.6 (synced daily for consistency)
[2026-02-02 10:20:24]   [emp_id: 2539] ✓ Updated: 51.35 (synced daily for consistency)
[2026-02-02 10:20:24]   [emp_id: 2541] ✓ Updated: 31.94 (synced daily for consistency)
[2026-02-02 10:20:24]   [emp_id: 2550] ✓ Updated: 98.1 (synced daily for consistency)
[2026-02-02 10:20:24]   [emp_id: 2553] ✓ Updated: 35.21 (synced daily for consistency)
[2026-02-02 10:20:24]   [emp_id: 2554] ✓ Updated: 41.69 (synced daily for consistency)
[2026-02-02 10:20:24]   [emp_id: 2565] ✓ Updated: 96.27 (synced daily for consistency)
[2026-02-02 10:20:24]   [emp_id: 2572] ✓ Updated: 46.27 (synced daily for consistency)
[2026-02-02 10:20:24]   [emp_id: 2637] ✓ Updated: 66.85 (synced daily for consistency)
[2026-02-02 10:20:24]   [emp_id: 2642] ✓ Updated: 79.6 (synced daily for consistency)
[2026-02-02 10:20:24]   [emp_id: 2645] ✓ Updated: 95.6 (synced daily for consistency)
[2026-02-02 10:20:24]   [emp_id: 2648] ✓ Updated: 47.27 (synced daily for consistency)
[2026-02-02 10:20:24]   [emp_id: 2654] ✓ Updated: 89.94 (synced daily for consistency)
[2026-02-02 10:20:24]   [emp_id: 2688] ✓ Updated: 28.02 (synced daily for consistency)
[2026-02-02 10:20:24]   [emp_id: 2690] ✓ Updated: 16.77 (synced daily for consistency)
[2026-02-02 10:20:24]   [emp_id: 2709] ✓ Updated: 39.02 (synced daily for consistency)
[2026-02-02 10:20:24]   [emp_id: 2745] ✓ Updated: 35.6 (synced daily for consistency)
[2026-02-02 10:20:24]   [emp_id: 2843] ✓ Updated: 82.19 (synced daily for consistency)
[2026-02-02 10:20:24]   [emp_id: 2854] ✓ Updated: 62.1 (synced daily for consistency)
[2026-02-02 10:20:24]   [emp_id: 2869] ✓ Updated: 6.02 (synced daily for consistency)
[2026-02-02 10:20:24]   [emp_id: 2876] ✓ Updated: 36.85 (synced daily for consistency)
[2026-02-02 10:20:24]   [emp_id: 2924] ✓ Updated: 18.02 (synced daily for consistency)
[2026-02-02 10:20:24]   [emp_id: 2953] ✓ Updated: 103.77 (synced daily for consistency)
[2026-02-02 10:20:24]   [emp_id: 2961] ✓ Updated: 13.77 (synced daily for consistency)
[2026-02-02 10:20:24]   [emp_id: 2975] ✓ Updated: 3.45 (synced daily for consistency)
[2026-02-02 10:20:25]   [emp_id: 3013] ✓ Updated: 12.77 (synced daily for consistency)
[2026-02-02 10:20:25]   [emp_id: 3014] ✓ Updated: 92.02 (synced daily for consistency)
[2026-02-02 10:20:25]   [emp_id: 3015] ✓ Updated: 3.27 (synced daily for consistency)
[2026-02-02 10:20:25]   [emp_id: 3018] ✓ Updated: 62.02 (synced daily for consistency)
[2026-02-02 10:20:25]   [emp_id: 3025] ✓ Updated: 25.79 (synced daily for consistency)
[2026-02-02 10:20:25]   [emp_id: 3037] ✓ Updated: 85.52 (synced daily for consistency)
[2026-02-02 10:20:25]   [emp_id: 3047] ✓ Updated: 73.77 (synced daily for consistency)
[2026-02-02 10:20:25]   [emp_id: 3061] ✓ Updated: 20.69 (synced daily for consistency)
[2026-02-02 10:20:25]   [emp_id: 3062] ✓ Updated: 53.85 (synced daily for consistency)
[2026-02-02 10:20:25]   [emp_id: 3074] ✓ Updated: 110.27 (synced daily for consistency)
[2026-02-02 10:20:25]   [emp_id: 3089] ✓ Updated: 9.19 (synced daily for consistency)
[2026-02-02 10:20:25]   [emp_id: 3090] ✓ Updated: 35.77 (synced daily for consistency)
[2026-02-02 10:20:25]   [emp_id: 3091] ✓ Updated: 47.77 (synced daily for consistency)
[2026-02-02 10:20:25]   [emp_id: 3092] ✓ Updated: 30.44 (synced daily for consistency)
[2026-02-02 10:20:25]   [emp_id: 3105] ✓ Updated: 50.77 (synced daily for consistency)
[2026-02-02 10:20:25]   [emp_id: 3134] ✓ Updated: 46.52 (synced daily for consistency)
[2026-02-02 10:20:25]   [emp_id: 3140] ✓ Updated: 43.6 (synced daily for consistency)
[2026-02-02 10:20:25]   [emp_id: 3144] ✓ Updated: 16.44 (synced daily for consistency)
[2026-02-02 10:20:25]   [emp_id: 3156] ✓ Updated: 19.77 (synced daily for consistency)
[2026-02-02 10:20:25]   [emp_id: 3162] ✓ Updated: 4.75 (synced daily for consistency)
[2026-02-02 10:20:25]   [emp_id: 3163] ✓ Updated: 8.02 (synced daily for consistency)
[2026-02-02 10:20:25]   [emp_id: 3198] ✓ Updated: 43.02 (synced daily for consistency)
[2026-02-02 10:20:25]   [emp_id: 3205] ✓ Updated: 19.69 (synced daily for consistency)
[2026-02-02 10:20:25]   [emp_id: 3209] ✓ Updated: 43.85 (synced daily for consistency)
[2026-02-02 10:20:25]   [emp_id: 3223] ✓ Updated: 92.77 (synced daily for consistency)
[2026-02-02 10:20:25]   [emp_id: 3224] ✓ Updated: 67.52 (synced daily for consistency)
[2026-02-02 10:20:25]   [emp_id: 3230] ✓ Updated: 90.94 (synced daily for consistency)
[2026-02-02 10:20:25]   [emp_id: 3231] ✓ Updated: 3.31 (synced daily for consistency)
[2026-02-02 10:20:25]   [emp_id: 3233] ✓ Updated: 83.77 (synced daily for consistency)
[2026-02-02 10:20:25]   [emp_id: 3249] ✓ Updated: 39.6 (synced daily for consistency)
[2026-02-02 10:20:25]   [emp_id: 3250] ✓ Updated: 12.6 (synced daily for consistency)
[2026-02-02 10:20:25]   [emp_id: 3252] ✓ Updated: 13.52 (synced daily for consistency)
[2026-02-02 10:20:25]   [emp_id: 3254] ✓ Updated: 24.02 (synced daily for consistency)
[2026-02-02 10:20:25]   [emp_id: 3255] ✓ Updated: 20.44 (synced daily for consistency)
[2026-02-02 10:20:25]   [emp_id: 3256] ✓ Updated: 16.69 (synced daily for consistency)
[2026-02-02 10:20:25]   [emp_id: 3263] ✓ Updated: 32.77 (synced daily for consistency)
[2026-02-02 10:20:25]   [emp_id: 3265] ✓ Updated: 28.35 (synced daily for consistency)
[2026-02-02 10:20:25]   [emp_id: 3280] ✓ Updated: 75.27 (synced daily for consistency)
[2026-02-02 10:20:25]   [emp_id: 3286] ✓ Updated: 18.44 (synced daily for consistency)
[2026-02-02 10:20:25]   [emp_id: 3294] ✓ Updated: 18.1 (synced daily for consistency)
[2026-02-02 10:20:25]   [emp_id: 3321] ✓ Updated: 75.27 (synced daily for consistency)
[2026-02-02 10:20:25]   [emp_id: 3325] ✓ Updated: 63.02 (synced daily for consistency)
[2026-02-02 10:20:25]   [emp_id: 3329] ✓ Updated: 65.35 (synced daily for consistency)
[2026-02-02 10:20:25]   [emp_id: 3330] ✓ Updated: 65.35 (synced daily for consistency)
[2026-02-02 10:20:25]   [emp_id: 3332] ✓ Updated: 65.35 (synced daily for consistency)
[2026-02-02 10:20:25]   [emp_id: 3370] ✓ Updated: 56.86 (synced daily for consistency)
[2026-02-02 10:20:26]   [emp_id: 3384] ✓ Updated: 17.52 (synced daily for consistency)
[2026-02-02 10:20:26]   [emp_id: 3386] ✓ Updated: 47.52 (synced daily for consistency)
[2026-02-02 10:20:26]   [emp_id: 3431] ✓ Updated: 21.94 (synced daily for consistency)
[2026-02-02 10:20:26]   [emp_id: 3497] ✓ Updated: 12.1 (synced daily for consistency)
[2026-02-02 10:20:26]   [emp_id: 3532] ✓ Updated: 2.94 (synced daily for consistency)
[2026-02-02 10:20:26]   [emp_id: 3602] ✓ Updated: 4.51 (synced daily for consistency)
[2026-02-02 10:20:26]   [emp_id: 3618] ✓ Updated: 26.49 (synced daily for consistency)
[2026-02-02 10:20:26]   [emp_id: 3622] ✓ Updated: 36.69 (synced daily for consistency)
[2026-02-02 10:20:26]   [emp_id: 3627] ✓ Updated: 12.44 (synced daily for consistency)
[2026-02-02 10:20:26]   [emp_id: 3665] ✓ Updated: 54.02 (synced daily for consistency)
[2026-02-02 10:20:26]   [emp_id: 3705] ✓ Updated: 30.02 (synced daily for consistency)
[2026-02-02 10:20:26]   [emp_id: 3724] ✓ Updated: 47.02 (synced daily for consistency)
[2026-02-02 10:20:26]   [emp_id: 3726] ✓ Updated: 63.44 (synced daily for consistency)
[2026-02-02 10:20:26]   [emp_id: 3727] ✓ Updated: 68.52 (synced daily for consistency)
[2026-02-02 10:20:26]   [emp_id: 3728] ✓ Updated: 12.85 (synced daily for consistency)
[2026-02-02 10:20:26]   [emp_id: 3767] ✓ Updated: 3.6 (synced daily for consistency)
[2026-02-02 10:20:26]   [emp_id: 3768] ✓ Updated: 59.85 (synced daily for consistency)
[2026-02-02 10:20:26]   [emp_id: 3787] ✓ Updated: 60.44 (synced daily for consistency)
[2026-02-02 10:20:26]   [emp_id: 3790] ✓ Updated: 4.99 (synced daily for consistency)
[2026-02-02 10:20:26]   [emp_id: 3795] ✓ Updated: 17.94 (synced daily for consistency)
[2026-02-02 10:20:26]   [emp_id: 3798] ✓ Updated: 96.35 (synced daily for consistency)
[2026-02-02 10:20:26]   [emp_id: 3801] ✓ Updated: 4.62 (synced daily for consistency)
[2026-02-02 10:20:26]   [emp_id: 3802] ✓ Updated: 33.6 (synced daily for consistency)
[2026-02-02 10:20:26]   [emp_id: 3803] ✓ Updated: 118.02 (synced daily for consistency)
[2026-02-02 10:20:26]   [emp_id: 3810] ✓ Updated: 64.02 (synced daily for consistency)
[2026-02-02 10:20:26]   [emp_id: 3812] ✓ Updated: 93.02 (synced daily for consistency)
[2026-02-02 10:20:26]   [emp_id: 3815] ✓ Updated: 93.02 (synced daily for consistency)
[2026-02-02 10:20:26]   [emp_id: 3836] ✓ Updated: 60.69 (synced daily for consistency)
[2026-02-02 10:20:26]   [emp_id: 3855] ✓ Updated: 53.85 (synced daily for consistency)
[2026-02-02 10:20:26]   [emp_id: 3857] ✓ Updated: 57.52 (synced daily for consistency)
[2026-02-02 10:20:26]   [emp_id: 3862] ✓ Updated: 105.6 (synced daily for consistency)
[2026-02-02 10:20:26]   [emp_id: 3866] ✓ Updated: 30.85 (synced daily for consistency)
[2026-02-02 10:20:26]   [emp_id: 3876] ✓ Updated: 27.02 (synced daily for consistency)
[2026-02-02 10:20:26]   [emp_id: 3877] ✓ Updated: 52.52 (synced daily for consistency)
[2026-02-02 10:20:26]   [emp_id: 3897] ✓ Updated: 40.77 (synced daily for consistency)
[2026-02-02 10:20:26]   [emp_id: 3899] ✓ Updated: 2.59 (synced daily for consistency)
[2026-02-02 10:20:26]   [emp_id: 3928] ✓ Updated: 16.85 (synced daily for consistency)
[2026-02-02 10:20:26]   [emp_id: 3929] ✓ Updated: 11.85 (synced daily for consistency)
[2026-02-02 10:20:26]   [emp_id: 3935] ✓ Updated: 96.85 (synced daily for consistency)
[2026-02-02 10:20:26]   [emp_id: 3952] ✓ Updated: 78.19 (synced daily for consistency)
[2026-02-02 10:20:26]   [emp_id: 3987] ✓ Updated: 17.1 (synced daily for consistency)
[2026-02-02 10:20:26]   [emp_id: 4059] ✓ Updated: 6.3 (synced daily for consistency)
[2026-02-02 10:20:26]   [emp_id: 4119] ✓ Updated: 59.77 (synced daily for consistency)
[2026-02-02 10:20:26]   [emp_id: 4120] ✓ Updated: 29.35 (synced daily for consistency)
[2026-02-02 10:20:26]   [emp_id: 4124] ✓ Updated: 29.87 (synced daily for consistency)
[2026-02-02 10:20:26]   [emp_id: 4133] ✓ Updated: 108.35 (synced daily for consistency)
[2026-02-02 10:20:26]   [emp_id: 4134] ✓ Updated: 29.35 (synced daily for consistency)
[2026-02-02 10:20:27]   [emp_id: 4136] ✓ Updated: 29.35 (synced daily for consistency)
[2026-02-02 10:20:27]   [emp_id: 4150] ✓ Updated: 28.02 (synced daily for consistency)
[2026-02-02 10:20:27]   [emp_id: 4157] ✓ Updated: 21.52 (synced daily for consistency)
[2026-02-02 10:20:27]   [emp_id: 4172] ✓ Updated: 14.6 (synced daily for consistency)
[2026-02-02 10:20:27]   [emp_id: 4195] ✓ Updated: 65.1 (synced daily for consistency)
[2026-02-02 10:20:27]   [emp_id: 4215] ✓ Updated: 47.77 (synced daily for consistency)
[2026-02-02 10:20:27]   [emp_id: 4220] ✓ Updated: 43.35 (synced daily for consistency)
[2026-02-02 10:20:27]   [emp_id: 4273] ✓ Updated: 12.02 (synced daily for consistency)
[2026-02-02 10:20:27]   [emp_id: 4283] ✓ Updated: 15.69 (synced daily for consistency)
[2026-02-02 10:20:27]   [emp_id: 4288] ✓ Updated: 2.59 (synced daily for consistency)
[2026-02-02 10:20:27]   [emp_id: 4315] ✓ Updated: 15.27 (synced daily for consistency)
[2026-02-02 10:20:27]   [emp_id: 4328] ✓ Updated: 44.52 (synced daily for consistency)
[2026-02-02 10:20:27]   [emp_id: 4329] ✓ Updated: 8.44 (synced daily for consistency)
[2026-02-02 10:20:27]   [emp_id: 4338] ✓ Updated: 50.02 (synced daily for consistency)
[2026-02-02 10:20:27]   [emp_id: 4340] ✓ Updated: 112.02 (synced daily for consistency)
[2026-02-02 10:20:27]   [emp_id: 4365] ✓ Updated: 63.44 (synced daily for consistency)
[2026-02-02 10:20:27]   [emp_id: 4366] ✓ Updated: 62.52 (synced daily for consistency)
[2026-02-02 10:20:27]   [emp_id: 4403] ✓ Updated: 88.35 (synced daily for consistency)
[2026-02-02 10:20:27]   [emp_id: 4438] ✓ Updated: 24.02 (synced daily for consistency)
[2026-02-02 10:20:27]   [emp_id: 4465] ✓ Updated: 14.85 (synced daily for consistency)
[2026-02-02 10:20:27]   [emp_id: 4473] ✓ Updated: 47.6 (synced daily for consistency)
[2026-02-02 10:20:27]   [emp_id: 4474] ✓ Updated: 5.36 (synced daily for consistency)
[2026-02-02 10:20:27]   [emp_id: 4493] ✓ Updated: 166.44 (synced daily for consistency)
[2026-02-02 10:20:27]   [emp_id: 4526] ✓ Updated: 38.69 (synced daily for consistency)
[2026-02-02 10:20:27]   [emp_id: 4528] ✓ Updated: 110.44 (synced daily for consistency)
[2026-02-02 10:20:27]   [emp_id: 4528] ✓ Updated: 110.44 (synced daily for consistency)
[2026-02-02 10:20:27]   [emp_id: 4532] ✓ Updated: 9.97 (synced daily for consistency)
[2026-02-02 10:20:27]   [emp_id: 4533] ✓ Updated: 38.85 (synced daily for consistency)
[2026-02-02 10:20:27]   [emp_id: 4565] ✓ Updated: 17.35 (synced daily for consistency)
[2026-02-02 10:20:27]   [emp_id: 4567] ✓ Updated: 21.6 (synced daily for consistency)
[2026-02-02 10:20:27]   [emp_id: 4572] ✓ Updated: 61.1 (synced daily for consistency)
[2026-02-02 10:20:27]   [emp_id: 4631] ✓ Updated: 17.35 (synced daily for consistency)
[2026-02-02 10:20:27]   [emp_id: 4655] ✓ Updated: 27.77 (synced daily for consistency)
[2026-02-02 10:20:27]   [emp_id: 4709] ✓ Updated: 43.02 (synced daily for consistency)
[2026-02-02 10:20:27]   [emp_id: 4717] ✓ Updated: 69.02 (synced daily for consistency)
[2026-02-02 10:20:27]   [emp_id: 4736] ✓ Updated: 30.85 (synced daily for consistency)
[2026-02-02 10:20:27]   [emp_id: 4756] ✓ Updated: 13.79 (synced daily for consistency)
[2026-02-02 10:20:27]   [emp_id: 4768] ✓ Updated: 16.52 (synced daily for consistency)
[2026-02-02 10:20:27]   [emp_id: 4780] ✓ Updated: 67.52 (synced daily for consistency)
[2026-02-02 10:20:27]   [emp_id: 4820] ✓ Updated: 101.85 (synced daily for consistency)
[2026-02-02 10:20:27]   [emp_id: 4824] ✓ Updated: 5.03 (synced daily for consistency)
[2026-02-02 10:20:27]   [emp_id: 4825] ✓ Updated: 33.6 (synced daily for consistency)
[2026-02-02 10:20:27]   [emp_id: 4837] ✓ Updated: 47.51 (synced daily for consistency)
[2026-02-02 10:20:27]   [emp_id: 4840] ✓ Updated: 47.51 (synced daily for consistency)
[2026-02-02 10:20:27]   [emp_id: 4842] ✓ Updated: 46.75 (synced daily for consistency)
[2026-02-02 10:20:27]   [emp_id: 4843] ✓ Updated: 47.28 (synced daily for consistency)
[2026-02-02 10:20:27]   [emp_id: 4853] ✓ Updated: 91.1 (synced daily for consistency)
[2026-02-02 10:20:27]   [emp_id: 4856] ✓ Updated: 44.42 (synced daily for consistency)
[2026-02-02 10:20:28]   [emp_id: 4857] ✓ Updated: 27.24 (synced daily for consistency)
[2026-02-02 10:20:28]   [emp_id: 4858] ✓ Updated: 24.12 (synced daily for consistency)
[2026-02-02 10:20:28]   [emp_id: 4859] ✓ Updated: 45.59 (synced daily for consistency)
[2026-02-02 10:20:28]   [emp_id: 4860] ✓ Updated: 10.09 (synced daily for consistency)
[2026-02-02 10:20:28]   [emp_id: 4861] ✓ Updated: 43.55 (synced daily for consistency)
[2026-02-02 10:20:28]   [emp_id: 4869] ✓ Updated: 86.43 (synced daily for consistency)
[2026-02-02 10:20:28]   [emp_id: 4894] ✓ Updated: 10.52 (synced daily for consistency)
[2026-02-02 10:20:28]   [emp_id: 4897] ✓ Updated: 25.33 (synced daily for consistency)
[2026-02-02 10:20:28]   [emp_id: 4899] ✓ Updated: 21.5 (synced daily for consistency)
[2026-02-02 10:20:28]   [emp_id: 4902] ✓ Updated: 20.92 (synced daily for consistency)
[2026-02-02 10:20:28]   [emp_id: 4903] ✓ Updated: 23.14 (synced daily for consistency)
[2026-02-02 10:20:28]   [emp_id: 4905] ✓ Updated: 21.8 (synced daily for consistency)
[2026-02-02 10:20:28]   [emp_id: 4907] ✓ Updated: 50.6 (synced daily for consistency)
[2026-02-02 10:20:28]   [emp_id: 4917] ✓ Updated: 18.76 (synced daily for consistency)
[2026-02-02 10:20:28]   [emp_id: 4918] ✓ Updated: 8.53 (synced daily for consistency)
[2026-02-02 10:20:28]   [emp_id: 4919] ✓ Updated: 60.82 (synced daily for consistency)
[2026-02-02 10:20:28]   [emp_id: 4920] ✓ Updated: 7.9 (synced daily for consistency)
[2026-02-02 10:20:28]   [emp_id: 4921] ✓ Updated: 19.99 (synced daily for consistency)
[2026-02-02 10:20:28]   [emp_id: 4927] ✓ Updated: 18.82 (synced daily for consistency)
[2026-02-02 10:20:28]   [emp_id: 4929] ✓ Updated: 20.34 (synced daily for consistency)
[2026-02-02 10:20:28]   [emp_id: 4930] ✓ Updated: 61.11 (synced daily for consistency)
[2026-02-02 10:20:28]   [emp_id: 4932] ✓ Updated: 19.11 (synced daily for consistency)
[2026-02-02 10:20:28]   [emp_id: 4933] ✓ Updated: 22.52 (synced daily for consistency)
[2026-02-02 10:20:28]   [emp_id: 4949] ✓ Updated: 25.95 (synced daily for consistency)
[2026-02-02 10:20:28]   [emp_id: 4956] ✓ Updated: 31.54 (synced daily for consistency)
[2026-02-02 10:20:28]   [emp_id: 4957] ✓ Updated: 27.21 (synced daily for consistency)
[2026-02-02 10:20:28]   [emp_id: 4962] ✓ Updated: 49.96 (synced daily for consistency)
[2026-02-02 10:20:28]   [emp_id: 4969] ✓ Updated: 49.27 (synced daily for consistency)
[2026-02-02 10:20:28]   [emp_id: 4976] ✓ Updated: 12.23 (synced daily for consistency)
[2026-02-02 10:20:28]   [emp_id: 4984] ✓ Updated: 40.52 (synced daily for consistency)
[2026-02-02 10:20:28]   [emp_id: 4995] ✓ Updated: 52.59 (synced daily for consistency)
[2026-02-02 10:20:28]   [emp_id: 5004] ✓ Updated: 29.17 (synced daily for consistency)
[2026-02-02 10:20:28]   [emp_id: 5006] ✓ Updated: 28.91 (synced daily for consistency)
[2026-02-02 10:20:28]   [emp_id: 5011] ✓ Updated: 8.37 (synced daily for consistency)
[2026-02-02 10:20:28]   [emp_id: 5013] ✓ Updated: 69.28 (synced daily for consistency)
[2026-02-02 10:20:28]   [emp_id: 5018] ✓ Updated: 5.77 (synced daily for consistency)
[2026-02-02 10:20:28]   [emp_id: 5021] ✓ Updated: 63.62 (synced daily for consistency)
[2026-02-02 10:20:28]   [emp_id: 5024] ✓ Updated: 3.79 (synced daily for consistency)
[2026-02-02 10:20:28]   [emp_id: 5030] ✓ Updated: 33.74 (synced daily for consistency)
[2026-02-02 10:20:28]   [emp_id: 5033] ✓ Updated: 12.54 (synced daily for consistency)
[2026-02-02 10:20:28]   [emp_id: 5043] ✓ Updated: 33.19 (synced daily for consistency)
[2026-02-02 10:20:28]   [emp_id: 5045] ✓ Updated: 29.69 (synced daily for consistency)
[2026-02-02 10:20:28]   [emp_id: 5046] ✓ Updated: 24.88 (synced daily for consistency)
[2026-02-02 10:20:28]   [emp_id: 5049] ✓ Updated: 1.22 (synced daily for consistency)
[2026-02-02 10:20:28]   [emp_id: 5052] ✓ Updated: 32.5 (synced daily for consistency)
[2026-02-02 10:20:28]   [emp_id: 5055] ✓ Updated: 20.94 (synced daily for consistency)
[2026-02-02 10:20:28]   [emp_id: 5058] ✓ Updated: 29.92 (synced daily for consistency)
[2026-02-02 10:20:28]   [emp_id: 5062] ✓ Updated: 41.75 (synced daily for consistency)
[2026-02-02 10:20:28]   [emp_id: 5064] ✓ Updated: 120.52 (synced daily for consistency)
[2026-02-02 10:20:28]   [emp_id: 5065] ✓ Updated: 41.16 (synced daily for consistency)
[2026-02-02 10:20:29]   [emp_id: 5071] ✓ Updated: 26.02 (synced daily for consistency)
[2026-02-02 10:20:29]   [emp_id: 5073] ✓ Updated: 15.76 (synced daily for consistency)
[2026-02-02 10:20:29]   [emp_id: 5079] ✓ Updated: 36.32 (synced daily for consistency)
[2026-02-02 10:20:29]   [emp_id: 5080] ✓ Updated: 29.65 (synced daily for consistency)
[2026-02-02 10:20:29]   [emp_id: 5081] ✓ Updated: 17.91 (synced daily for consistency)
[2026-02-02 10:20:29]   [emp_id: 5087] ✓ Updated: 37.95 (synced daily for consistency)
[2026-02-02 10:20:29]   [emp_id: 5091] ✓ Updated: 77.8 (synced daily for consistency)
[2026-02-02 10:20:29]   [emp_id: 5093] ✓ Updated: 17.19 (synced daily for consistency)
[2026-02-02 10:20:29]   [emp_id: 5095] ✓ Updated: 3.34 (synced daily for consistency)
[2026-02-02 10:20:29]   [emp_id: 5101] ✓ Updated: 19.27 (synced daily for consistency)
[2026-02-02 10:20:29]   [emp_id: 5107] ✓ Updated: 17.6 (synced daily for consistency)
[2026-02-02 10:20:29]   [emp_id: 5109] ✓ Updated: 14.85 (synced daily for consistency)
[2026-02-02 10:20:29]   [emp_id: 5119] ✓ Updated: 13.02 (synced daily for consistency)
[2026-02-02 10:20:29]   [emp_id: 5122] ✓ Updated: 10.19 (synced daily for consistency)
[2026-02-02 10:20:29]   [emp_id: 5126] ✓ Updated: 28.68 (synced daily for consistency)
[2026-02-02 10:20:29]   [emp_id: 5127] ✓ Updated: 1.41 (synced daily for consistency)
[2026-02-02 10:20:29]   [emp_id: 5128] ✓ Updated: 28.62 (synced daily for consistency)
[2026-02-02 10:20:29]   [emp_id: 5138] ✓ Updated: 52.85 (synced daily for consistency)
[2026-02-02 10:20:29]   [emp_id: 5138] ✓ Updated: 52.85 (synced daily for consistency)
[2026-02-02 10:20:29]   [emp_id: 5141] ✓ Updated: 36.99 (synced daily for consistency)
[2026-02-02 10:20:29]   [emp_id: 5142] ✓ Updated: 15.99 (synced daily for consistency)
[2026-02-02 10:20:29]   [emp_id: 5146] ✓ Updated: 22.99 (synced daily for consistency)
[2026-02-02 10:20:29]   [emp_id: 5147] ✓ Updated: 21.99 (synced daily for consistency)
[2026-02-02 10:20:29]   [emp_id: 5148] ✓ Updated: 27.34 (synced daily for consistency)
[2026-02-02 10:20:29]   [emp_id: 5149] ✓ Updated: 26.23 (synced daily for consistency)
[2026-02-02 10:20:29]   [emp_id: 5150] ✓ Updated: 25.59 (synced daily for consistency)
[2026-02-02 10:20:29]   [emp_id: 5151] ✓ Updated: 25.41 (synced daily for consistency)
[2026-02-02 10:20:29]   [emp_id: 5152] ✓ Updated: 5.83 (synced daily for consistency)
[2026-02-02 10:20:29]   [emp_id: 5157] ✓ Updated: 25.41 (synced daily for consistency)
[2026-02-02 10:20:29]   [emp_id: 5160] ✓ Updated: 25.41 (synced daily for consistency)
[2026-02-02 10:20:29]   [emp_id: 5163] ✓ Updated: 23.2 (synced daily for consistency)
[2026-02-02 10:20:29]   [emp_id: 5165] ✓ Updated: 4.29 (synced daily for consistency)
[2026-02-02 10:20:29]   [emp_id: 5167] ✓ Updated: 32.35 (synced daily for consistency)
[2026-02-02 10:20:29]   [emp_id: 5168] ✓ Updated: 24.89 (synced daily for consistency)
[2026-02-02 10:20:29]   [emp_id: 5173] ✓ Updated: 27.94 (synced daily for consistency)
[2026-02-02 10:20:29]   [emp_id: 5174] ✓ Updated: 25.35 (synced daily for consistency)
[2026-02-02 10:20:29]   [emp_id: 5181] ✓ Updated: 21.74 (synced daily for consistency)
[2026-02-02 10:20:29]   [emp_id: 5186] ✓ Updated: 27.27 (synced daily for consistency)
[2026-02-02 10:20:29]   [emp_id: 5187] ✓ Updated: 38.27 (synced daily for consistency)
[2026-02-02 10:20:29]   [emp_id: 5204] ✓ Updated: 25.44 (synced daily for consistency)
[2026-02-02 10:20:29]   [emp_id: 5205] ✓ Updated: 14.48 (synced daily for consistency)
[2026-02-02 10:20:29]   [emp_id: 5209] ✓ Updated: 17.48 (synced daily for consistency)
[2026-02-02 10:20:29]   [emp_id: 5213] ✓ Updated: 4.89 (synced daily for consistency)
[2026-02-02 10:20:29]   [emp_id: 5214] ✓ Updated: 3.73 (synced daily for consistency)
[2026-02-02 10:20:29]   [emp_id: 5215] ✓ Updated: 12.48 (synced daily for consistency)
[2026-02-02 10:20:29]   [emp_id: 5217] ✓ Updated: 11.48 (synced daily for consistency)
[2026-02-02 10:20:29]   [emp_id: 5219] ✓ Updated: 15.48 (synced daily for consistency)
[2026-02-02 10:20:29]   [emp_id: 5221] ✓ Updated: 4.79 (synced daily for consistency)
[2026-02-02 10:20:30]   [emp_id: 5224] ✓ Updated: 16.48 (synced daily for consistency)
[2026-02-02 10:20:30]   [emp_id: 5225] ✓ Updated: 8.79 (synced daily for consistency)
[2026-02-02 10:20:30]   [emp_id: 5228] ✓ Updated: 11.48 (synced daily for consistency)
[2026-02-02 10:20:30]   [emp_id: 5229] ✓ Updated: 7.48 (synced daily for consistency)
[2026-02-02 10:20:30]   [emp_id: 5230] ✓ Updated: 12.15 (synced daily for consistency)
[2026-02-02 10:20:30]   [emp_id: 5231] ✓ Updated: 8.48 (synced daily for consistency)
[2026-02-02 10:20:30]   [emp_id: 5232] ✓ Updated: 2.48 (synced daily for consistency)
[2026-02-02 10:20:30]   [emp_id: 5233] ✓ Updated: 6.48 (synced daily for consistency)
[2026-02-02 10:20:30]   [emp_id: 5234] ✓ Updated: 6.48 (synced daily for consistency)
[2026-02-02 10:20:30]   [emp_id: 5235] ✓ Updated: 1.92 (synced daily for consistency)
[2026-02-02 10:20:30]   [emp_id: 5237] ✓ Updated: 12.73 (synced daily for consistency)
[2026-02-02 10:20:30]   [emp_id: 5239] ✓ Updated: 9.48 (synced daily for consistency)
[2026-02-02 10:20:30]   [emp_id: 5241] ✓ Updated: 7.48 (synced daily for consistency)
[2026-02-02 10:20:30]   [emp_id: 5242] ✓ Updated: 17.48 (synced daily for consistency)
[2026-02-02 10:20:30]   [emp_id: 5243] ✓ Updated: 3.89 (synced daily for consistency)
[2026-02-02 10:20:30]   [emp_id: 5244] ✓ Updated: 1.92 (synced daily for consistency)
[2026-02-02 10:20:30]   [emp_id: 5246] ✓ Updated: 13.48 (synced daily for consistency)
[2026-02-02 10:20:30]   [emp_id: 5253] ✓ Updated: 26.35 (synced daily for consistency)
[2026-02-02 10:20:30]   [emp_id: 5254] ✓ Updated: 14.33 (synced daily for consistency)
[2026-02-02 10:20:30]   [emp_id: 5257] ✓ Updated: 14.04 (synced daily for consistency)
[2026-02-02 10:20:30]   [emp_id: 5259] ✓ Updated: 50.57 (synced daily for consistency)
[2026-02-02 10:20:30]   [emp_id: 5261] ✓ Updated: 19.04 (synced daily for consistency)
[2026-02-02 10:20:30]   [emp_id: 5264] ✓ Updated: 16.05 (synced daily for consistency)
[2026-02-02 10:20:30]   [emp_id: 5266] ✓ Updated: 22.67 (synced daily for consistency)
[2026-02-02 10:20:30]   [emp_id: 5268] ✓ Updated: 11.24 (synced daily for consistency)
[2026-02-02 10:20:30]   [emp_id: 5271] ✓ Updated: 9.9 (synced daily for consistency)
[2026-02-02 10:20:30]   [emp_id: 5272] ✓ Updated: 10.77 (synced daily for consistency)
[2026-02-02 10:20:30]   [emp_id: 5273] ✓ Updated: 25.84 (synced daily for consistency)
[2026-02-02 10:20:30]   [emp_id: 5275] ✓ Updated: 11.59 (synced daily for consistency)
[2026-02-02 10:20:30]   [emp_id: 5276] ✓ Updated: 25.86 (synced daily for consistency)
[2026-02-02 10:20:30]   [emp_id: 5278] ✓ Updated: 10.25 (synced daily for consistency)
[2026-02-02 10:20:30]   [emp_id: 5280] ✓ Updated: 20.65 (synced daily for consistency)
[2026-02-02 10:20:30]   [emp_id: 5282] ✓ Updated: 14.52 (synced daily for consistency)
[2026-02-02 10:20:30]   [emp_id: 5285] ✓ Updated: 30.65 (synced daily for consistency)
[2026-02-02 10:20:30]   [emp_id: 5286] ✓ Updated: 17.65 (synced daily for consistency)
[2026-02-02 10:20:30]   [emp_id: 5287] ✓ Updated: 51.95 (synced daily for consistency)
[2026-02-02 10:20:30]   [emp_id: 5288] ✓ Updated: 9.22 (synced daily for consistency)
[2026-02-02 10:20:30]   [emp_id: 5289] ✓ Updated: 50.5 (synced daily for consistency)
[2026-02-02 10:20:30]   [emp_id: 5290] ✓ Updated: 49.27 (synced daily for consistency)
[2026-02-02 10:20:30]   [emp_id: 5291] ✓ Updated: 7.27 (synced daily for consistency)
[2026-02-02 10:20:30]   [emp_id: 5292] ✓ Updated: 7.21 (synced daily for consistency)
[2026-02-02 10:20:30]   [emp_id: 5293] ✓ Updated: 10.78 (synced daily for consistency)
[2026-02-02 10:20:30]   [emp_id: 5294] ✓ Updated: 10.44 (synced daily for consistency)
[2026-02-02 10:20:30]   [emp_id: 5295] ✓ Updated: 23.45 (synced daily for consistency)
[2026-02-02 10:20:30]   [emp_id: 5296] ✓ Updated: 37.46 (synced daily for consistency)
[2026-02-02 10:20:30]   [emp_id: 5297] ✓ Updated: 47.87 (synced daily for consistency)
[2026-02-02 10:20:30]   [emp_id: 5298] ✓ Updated: 47.87 (synced daily for consistency)
[2026-02-02 10:20:30]   [emp_id: 5299] ✓ Updated: 47.87 (synced daily for consistency)
[2026-02-02 10:20:30]   [emp_id: 5300] ✓ Updated: 47.87 (synced daily for consistency)
[2026-02-02 10:20:30]   [emp_id: 5301] ✓ Updated: 5.69 (synced daily for consistency)
[2026-02-02 10:20:31]   [emp_id: 5303] ✓ Updated: 6.12 (synced daily for consistency)
[2026-02-02 10:20:31]   [emp_id: 5304] ✓ Updated: 2.87 (synced daily for consistency)
[2026-02-02 10:20:31]   [emp_id: 5305] ✓ Updated: 5.87 (synced daily for consistency)
[2026-02-02 10:20:31]   [emp_id: 5306] ✓ Updated: 47.58 (synced daily for consistency)
[2026-02-02 10:20:31]   [emp_id: 5307] ✓ Updated: 47.58 (synced daily for consistency)
[2026-02-02 10:20:31]   [emp_id: 5312] ✓ Updated: 1.92 (synced daily for consistency)
[2026-02-02 10:20:31]   [emp_id: 5318] ✓ Updated: 28.29 (synced daily for consistency)
[2026-02-02 10:20:31]   [emp_id: 5325] ✓ Updated: 2.25 (synced daily for consistency)
[2026-02-02 10:20:31]   [emp_id: 5327] ✓ Updated: 3.34 (synced daily for consistency)
[2026-02-02 10:20:31]   [emp_id: 5337] ✓ Updated: 38.35 (synced daily for consistency)
[2026-02-02 10:20:31]   [emp_id: 5339] ✓ Updated: 12.44 (synced daily for consistency)
[2026-02-02 10:20:31]   [emp_id: 5343] ✓ Updated: 48.27 (synced daily for consistency)
[2026-02-02 10:20:31]   [emp_id: 5343] ✓ Updated: 48.27 → 48.35 (VALUE CHANGED)
[2026-02-02 10:20:31]   [emp_id: 5345] ✓ Updated: 18.1 (synced daily for consistency)
[2026-02-02 10:20:31]   [emp_id: 5346] ✓ Updated: 4.16 (synced daily for consistency)
[2026-02-02 10:20:31]   [emp_id: 5351] ✓ Updated: 19.1 (synced daily for consistency)
[2026-02-02 10:20:31]   [emp_id: 5352] ✓ Updated: 28.52 (synced daily for consistency)
[2026-02-02 10:20:31]   [emp_id: 5370] ✓ Updated: 17.75 (synced daily for consistency)
[2026-02-02 10:20:31]   [emp_id: 5371] ✓ Updated: 10.27 (synced daily for consistency)
[2026-02-02 10:20:31]   [emp_id: 5376] ✓ Updated: 12.35 (synced daily for consistency)
[2026-02-02 10:20:31]   [emp_id: 5378] ✓ Updated: 20.35 (synced daily for consistency)
[2026-02-02 10:20:31]   [emp_id: 5380] ✓ Updated: 18.76 (synced daily for consistency)
[2026-02-02 10:20:31]   [emp_id: 5381] ✓ Updated: 14.79 (synced daily for consistency)
[2026-02-02 10:20:31]   [emp_id: 5383] ✓ Updated: 18.1 (synced daily for consistency)
[2026-02-02 10:20:31]   [emp_id: 5388] ✓ Updated: 29.54 (synced daily for consistency)
[2026-02-02 10:20:31]   [emp_id: 5396] ✓ Updated: 30.78 (synced daily for consistency)
[2026-02-02 10:20:31]   [emp_id: 5397] ✓ Updated: 22.24 (synced daily for consistency)
[2026-02-02 10:20:31]   [emp_id: 5401] ✓ Updated: 25.35 (synced daily for consistency)
[2026-02-02 10:20:31]   [emp_id: 5402] ✓ Updated: 25.47 (synced daily for consistency)
[2026-02-02 10:20:31]   [emp_id: 5406] ✓ Updated: 19.19 (synced daily for consistency)
[2026-02-02 10:20:31]   [emp_id: 5407] ✓ Updated: 18.87 (synced daily for consistency)
[2026-02-02 10:20:31]   [emp_id: 5409] ✓ Updated: 18.53 (synced daily for consistency)
[2026-02-02 10:20:31]   [emp_id: 5413] ✓ Updated: 31.27 (synced daily for consistency)
[2026-02-02 10:20:31]   [emp_id: 5414] ✓ Updated: 30.94 (synced daily for consistency)
[2026-02-02 10:20:31]   [emp_id: 5415] ✓ Updated: 6.87 (synced daily for consistency)
[2026-02-02 10:20:31]   [emp_id: 5418] ✓ Updated: 17.59 (synced daily for consistency)
[2026-02-02 10:20:31]   [emp_id: 5422] ✓ Updated: 23.6 (synced daily for consistency)
[2026-02-02 10:20:31]   [emp_id: 5423] ✓ Updated: 8.29 (synced daily for consistency)
[2026-02-02 10:20:31]   [emp_id: 5425] ✓ Updated: 16.14 (synced daily for consistency)
[2026-02-02 10:20:31]   [emp_id: 5426] ✓ Updated: 4.84 (synced daily for consistency)
[2026-02-02 10:20:31]   [emp_id: 5426] ✓ Updated: 4.84 → 4.92 (VALUE CHANGED)
[2026-02-02 10:20:31]   [emp_id: 5427] ✓ Updated: 16.25 (synced daily for consistency)
[2026-02-02 10:20:31]   [emp_id: 5428] ✓ Updated: 16.14 (synced daily for consistency)
[2026-02-02 10:20:31]   [emp_id: 5430] ✓ Updated: 20.66 (synced daily for consistency)
[2026-02-02 10:20:31]   [emp_id: 5431] ✓ Updated: 15.26 (synced daily for consistency)
[2026-02-02 10:20:31]   [emp_id: 5433] ✓ Updated: 15.28 (synced daily for consistency)
[2026-02-02 10:20:31]   [emp_id: 5434] ✓ Updated: 15.03 (synced daily for consistency)
[2026-02-02 10:20:32]   [emp_id: 5435] ✓ Updated: 14.97 (synced daily for consistency)
[2026-02-02 10:20:32]   [emp_id: 5436] ✓ Updated: 14.97 (synced daily for consistency)
[2026-02-02 10:20:32]   [emp_id: 5438] ✓ Updated: 18.52 (synced daily for consistency)
[2026-02-02 10:20:32]   [emp_id: 5439] ✓ Updated: 28.02 (synced daily for consistency)
[2026-02-02 10:20:32]   [emp_id: 5442] ✓ Updated: 17.02 (synced daily for consistency)
[2026-02-02 10:20:32]   [emp_id: 5445] ✓ Updated: 9.43 (synced daily for consistency)
[2026-02-02 10:20:32]   [emp_id: 5446] ✓ Updated: 9.43 (synced daily for consistency)
[2026-02-02 10:20:32]   [emp_id: 5447] ✓ Updated: 9.37 (synced daily for consistency)
[2026-02-02 10:20:32]   [emp_id: 5448] ✓ Updated: 4.04 (synced daily for consistency)
[2026-02-02 10:20:32]   [emp_id: 5449] ✓ Updated: 7.45 (synced daily for consistency)
[2026-02-02 10:20:32]   [emp_id: 5450] ✓ Updated: 7.39 (synced daily for consistency)
[2026-02-02 10:20:32]   [emp_id: 5451] ✓ Updated: 7.39 (synced daily for consistency)
[2026-02-02 10:20:32]   [emp_id: 5453] ✓ Updated: 7.23 (synced daily for consistency)
[2026-02-02 10:20:32]   [emp_id: 5454] ✓ Updated: 10.1 (synced daily for consistency)
[2026-02-02 10:20:32]   [emp_id: 5455] ✓ Updated: 4.35 (synced daily for consistency)
[2026-02-02 10:20:32]   [emp_id: 5456] ✓ Updated: 9.35 (synced daily for consistency)
[2026-02-02 10:20:32]   [emp_id: 5457] ✓ Updated: 6.48 (synced daily for consistency)
[2026-02-02 10:20:32]   [emp_id: 5460] ✓ Updated: 8 (synced daily for consistency)
[2026-02-02 10:20:32]   [emp_id: 5463] ✓ Updated: 7.33 (synced daily for consistency)
[2026-02-02 10:20:32]   [emp_id: 5464] ✓ Updated: 7.33 (synced daily for consistency)
[2026-02-02 10:20:32]   [emp_id: 5466] ✓ Updated: 5.08 (synced daily for consistency)
[2026-02-02 10:20:32]   [emp_id: 5467] ✓ Updated: 4 (synced daily for consistency)
[2026-02-02 10:20:32]   [emp_id: 5468] ✓ Updated: 2.95 (synced daily for consistency)
[2026-02-02 10:20:32]   [emp_id: 5469] ✓ Updated: 2.86 (synced daily for consistency)
[2026-02-02 10:20:32] Report saved to: D:\xampp\htdocs\almutlak\system/cron_logs/last_vacation_update_report.json
[2026-02-02 10:20:34] ========== CRON: Vacation Balance Update Started ==========
[2026-02-02 10:20:34] Force level: 2 (0=normal, 1=check missing, 2=full bypass)
[2026-02-02 10:20:34] Source: Browser (?force=2)
[2026-02-02 10:20:34] FORCE LEVEL 2: Full bypass - updating all balances AND last_updated
[2026-02-02 10:20:34] Database connection established
[2026-02-02 10:20:34] Found 433 active employees with balance records to update
[2026-02-02 10:20:34] (Only employees with status=1 will be processed)
[2026-02-02 10:20:34]   [emp_id: 1061] ✓ Updated: 2.59 → 2.67 (VALUE CHANGED)
[2026-02-02 10:20:34]   [emp_id: 1496] ✓ Updated: 19.44 → 19.52 (VALUE CHANGED)
[2026-02-02 10:20:34]   [emp_id: 1500] ✓ Updated: 7.12 → 7.2 (VALUE CHANGED)
[2026-02-02 10:20:34]   [emp_id: 1574] ✓ Updated: 36.35 → 36.43 (VALUE CHANGED)
[2026-02-02 10:20:34]   [emp_id: 1673] ✓ Updated: 47.85 → 47.93 (VALUE CHANGED)
[2026-02-02 10:20:34]   [emp_id: 1685] ✓ Updated: 17.77 → 17.85 (VALUE CHANGED)
[2026-02-02 10:20:34]   [emp_id: 1764] ✓ Updated: 72.44 → 72.52 (VALUE CHANGED)
[2026-02-02 10:20:34]   [emp_id: 1805] ✓ Updated: 66.77 → 66.85 (VALUE CHANGED)
[2026-02-02 10:20:34]   [emp_id: 1822] ✓ Updated: 71.52 → 71.6 (VALUE CHANGED)
[2026-02-02 10:20:34]   [emp_id: 1837] ✓ Updated: 27.69 → 27.77 (VALUE CHANGED)
[2026-02-02 10:20:34]   [emp_id: 1857] ✓ Updated: 23.02 → 23.1 (VALUE CHANGED)
[2026-02-02 10:20:34]   [emp_id: 1861] ✓ Updated: 73.85 → 73.93 (VALUE CHANGED)
[2026-02-02 10:20:34]   [emp_id: 1872] ✓ Updated: 12.69 → 12.77 (VALUE CHANGED)
[2026-02-02 10:20:34]   [emp_id: 1897] ✓ Updated: 8.02 → 8.1 (VALUE CHANGED)
[2026-02-02 10:20:34]   [emp_id: 1916] ✓ Updated: 14.32 → 14.4 (VALUE CHANGED)
[2026-02-02 10:20:34]   [emp_id: 1928] ✓ Updated: 67.27 → 67.35 (VALUE CHANGED)
[2026-02-02 10:20:34]   [emp_id: 1931] ✓ Updated: 87.19 → 87.27 (VALUE CHANGED)
[2026-02-02 10:20:34]   [emp_id: 1944] ✓ Updated: 45.35 → 45.43 (VALUE CHANGED)
[2026-02-02 10:20:34]   [emp_id: 1996] ✓ Updated: 73.85 → 73.93 (VALUE CHANGED)
[2026-02-02 10:20:34]   [emp_id: 1997] ✓ Updated: 39.02 → 39.1 (VALUE CHANGED)
[2026-02-02 10:20:34]   [emp_id: 1998] ✓ Updated: 30.46 → 30.54 (VALUE CHANGED)
[2026-02-02 10:20:34]   [emp_id: 1999] ✓ Updated: 31.46 → 31.54 (VALUE CHANGED)
[2026-02-02 10:20:34]   [emp_id: 2009] ✓ Updated: 37.77 → 37.85 (VALUE CHANGED)
[2026-02-02 10:20:34]   [emp_id: 2048] ✓ Updated: 27.6 → 27.68 (VALUE CHANGED)
[2026-02-02 10:20:34]   [emp_id: 2057] ✓ Updated: 68.44 → 68.52 (VALUE CHANGED)
[2026-02-02 10:20:34]   [emp_id: 2079] ✓ Updated: 50.77 → 50.85 (VALUE CHANGED)
[2026-02-02 10:20:34]   [emp_id: 2181] ✓ Updated: 39.77 → 39.85 (VALUE CHANGED)
[2026-02-02 10:20:34]   [emp_id: 2190] ✓ Updated: 9.1 → 9.18 (VALUE CHANGED)
[2026-02-02 10:20:34]   [emp_id: 2212] ✓ Updated: 27.1 → 27.18 (VALUE CHANGED)
[2026-02-02 10:20:34]   [emp_id: 2226] ✓ Updated: 71.85 → 71.93 (VALUE CHANGED)
[2026-02-02 10:20:34]   [emp_id: 2238] ✓ Updated: 70.1 → 70.18 (VALUE CHANGED)
[2026-02-02 10:20:34]   [emp_id: 2285] ✓ Updated: 38.77 → 38.85 (VALUE CHANGED)
[2026-02-02 10:20:34]   [emp_id: 2287] ✓ Updated: 50.44 → 50.52 (VALUE CHANGED)
[2026-02-02 10:20:34]   [emp_id: 2288] ✓ Updated: 5.46 → 5.54 (VALUE CHANGED)
[2026-02-02 10:20:35]   [emp_id: 2316] ✓ Updated: 19.27 → 19.35 (VALUE CHANGED)
[2026-02-02 10:20:35]   [emp_id: 2337] ✓ Updated: 40.35 → 40.43 (VALUE CHANGED)
[2026-02-02 10:20:35]   [emp_id: 2352] ✓ Updated: 71.85 → 71.93 (VALUE CHANGED)
[2026-02-02 10:20:35]   [emp_id: 2358] ✓ Updated: 8.35 → 8.43 (VALUE CHANGED)
[2026-02-02 10:20:35]   [emp_id: 2361] ✓ Updated: 74.02 → 74.1 (VALUE CHANGED)
[2026-02-02 10:20:35]   [emp_id: 2363] ✓ Updated: 76.6 → 76.68 (VALUE CHANGED)
[2026-02-02 10:20:35]   [emp_id: 2364] ✓ Updated: 76.02 → 76.1 (VALUE CHANGED)
[2026-02-02 10:20:35]   [emp_id: 2367] ✓ Updated: 103.69 → 103.77 (VALUE CHANGED)
[2026-02-02 10:20:35]   [emp_id: 2368] ✓ Updated: 34.1 → 34.18 (VALUE CHANGED)
[2026-02-02 10:20:35]   [emp_id: 2372] ✓ Updated: 71.35 → 71.43 (VALUE CHANGED)
[2026-02-02 10:20:35]   [emp_id: 2376] ✓ Updated: 121.35 → 121.43 (VALUE CHANGED)
[2026-02-02 10:20:35]   [emp_id: 2423] ✓ Updated: 22.1 → 22.18 (VALUE CHANGED)
[2026-02-02 10:20:35]   [emp_id: 2519] ✓ Updated: 115.77 → 115.85 (VALUE CHANGED)
[2026-02-02 10:20:35]   [emp_id: 2522] ✓ Updated: 59.35 → 59.43 (VALUE CHANGED)
[2026-02-02 10:20:35]   [emp_id: 2530] ✓ Updated: 54.6 → 54.68 (VALUE CHANGED)
[2026-02-02 10:20:35]   [emp_id: 2539] ✓ Updated: 51.35 → 51.43 (VALUE CHANGED)
[2026-02-02 10:20:35]   [emp_id: 2541] ✓ Updated: 31.94 → 32.02 (VALUE CHANGED)
[2026-02-02 10:20:35]   [emp_id: 2550] ✓ Updated: 98.1 → 98.18 (VALUE CHANGED)
[2026-02-02 10:20:35]   [emp_id: 2553] ✓ Updated: 35.21 → 35.29 (VALUE CHANGED)
[2026-02-02 10:20:35]   [emp_id: 2554] ✓ Updated: 41.69 → 41.77 (VALUE CHANGED)
[2026-02-02 10:20:35]   [emp_id: 2565] ✓ Updated: 96.27 → 96.35 (VALUE CHANGED)
[2026-02-02 10:20:35]   [emp_id: 2572] ✓ Updated: 46.27 → 46.35 (VALUE CHANGED)
[2026-02-02 10:20:35]   [emp_id: 2637] ✓ Updated: 66.85 → 66.93 (VALUE CHANGED)
[2026-02-02 10:20:35]   [emp_id: 2642] ✓ Updated: 79.6 → 79.68 (VALUE CHANGED)
[2026-02-02 10:20:35]   [emp_id: 2645] ✓ Updated: 95.6 → 95.68 (VALUE CHANGED)
[2026-02-02 10:20:35]   [emp_id: 2648] ✓ Updated: 47.27 → 47.35 (VALUE CHANGED)
[2026-02-02 10:20:35]   [emp_id: 2654] ✓ Updated: 89.94 → 90.02 (VALUE CHANGED)
[2026-02-02 10:20:35]   [emp_id: 2688] ✓ Updated: 28.02 → 28.1 (VALUE CHANGED)
[2026-02-02 10:20:35]   [emp_id: 2690] ✓ Updated: 16.77 → 16.85 (VALUE CHANGED)
[2026-02-02 10:20:35]   [emp_id: 2709] ✓ Updated: 39.02 → 39.1 (VALUE CHANGED)
[2026-02-02 10:20:35]   [emp_id: 2745] ✓ Updated: 35.6 → 35.68 (VALUE CHANGED)
[2026-02-02 10:20:35]   [emp_id: 2843] ✓ Updated: 82.19 → 82.27 (VALUE CHANGED)
[2026-02-02 10:20:35]   [emp_id: 2854] ✓ Updated: 62.1 → 62.18 (VALUE CHANGED)
[2026-02-02 10:20:35]   [emp_id: 2869] ✓ Updated: 6.02 → 6.1 (VALUE CHANGED)
[2026-02-02 10:20:35]   [emp_id: 2876] ✓ Updated: 36.85 → 36.93 (VALUE CHANGED)
[2026-02-02 10:20:35]   [emp_id: 2924] ✓ Updated: 18.02 → 18.1 (VALUE CHANGED)
[2026-02-02 10:20:35]   [emp_id: 2953] ✓ Updated: 103.77 → 103.85 (VALUE CHANGED)
[2026-02-02 10:20:35]   [emp_id: 2961] ✓ Updated: 13.77 → 13.85 (VALUE CHANGED)
[2026-02-02 10:20:35]   [emp_id: 2975] ✓ Updated: 3.45 → 3.53 (VALUE CHANGED)
[2026-02-02 10:20:35]   [emp_id: 3013] ✓ Updated: 12.77 → 12.85 (VALUE CHANGED)
[2026-02-02 10:20:35]   [emp_id: 3014] ✓ Updated: 92.02 → 92.1 (VALUE CHANGED)
[2026-02-02 10:20:35]   [emp_id: 3015] ✓ Updated: 3.27 → 3.35 (VALUE CHANGED)
[2026-02-02 10:20:35]   [emp_id: 3018] ✓ Updated: 62.02 → 62.1 (VALUE CHANGED)
[2026-02-02 10:20:35]   [emp_id: 3025] ✓ Updated: 25.79 → 25.87 (VALUE CHANGED)
[2026-02-02 10:20:35]   [emp_id: 3037] ✓ Updated: 85.52 → 85.6 (VALUE CHANGED)
[2026-02-02 10:20:35]   [emp_id: 3047] ✓ Updated: 73.77 → 73.85 (VALUE CHANGED)
[2026-02-02 10:20:36]   [emp_id: 3061] ✓ Updated: 20.69 → 20.77 (VALUE CHANGED)
[2026-02-02 10:20:36]   [emp_id: 3062] ✓ Updated: 53.85 → 53.93 (VALUE CHANGED)
[2026-02-02 10:20:36]   [emp_id: 3074] ✓ Updated: 110.27 → 110.35 (VALUE CHANGED)
[2026-02-02 10:20:36]   [emp_id: 3089] ✓ Updated: 9.19 → 9.27 (VALUE CHANGED)
[2026-02-02 10:20:36]   [emp_id: 3090] ✓ Updated: 35.77 → 35.85 (VALUE CHANGED)
[2026-02-02 10:20:36]   [emp_id: 3091] ✓ Updated: 47.77 → 47.85 (VALUE CHANGED)
[2026-02-02 10:20:36]   [emp_id: 3092] ✓ Updated: 30.44 → 30.52 (VALUE CHANGED)
[2026-02-02 10:20:36]   [emp_id: 3105] ✓ Updated: 50.77 → 50.85 (VALUE CHANGED)
[2026-02-02 10:20:36]   [emp_id: 3134] ✓ Updated: 46.52 → 46.6 (VALUE CHANGED)
[2026-02-02 10:20:36]   [emp_id: 3140] ✓ Updated: 43.6 → 43.68 (VALUE CHANGED)
[2026-02-02 10:20:36]   [emp_id: 3144] ✓ Updated: 16.44 → 16.52 (VALUE CHANGED)
[2026-02-02 10:20:36]   [emp_id: 3156] ✓ Updated: 19.77 → 19.85 (VALUE CHANGED)
[2026-02-02 10:20:36]   [emp_id: 3162] ✓ Updated: 4.75 → 4.83 (VALUE CHANGED)
[2026-02-02 10:20:36]   [emp_id: 3163] ✓ Updated: 8.02 → 8.1 (VALUE CHANGED)
[2026-02-02 10:20:36]   [emp_id: 3198] ✓ Updated: 43.02 → 43.1 (VALUE CHANGED)
[2026-02-02 10:20:36]   [emp_id: 3205] ✓ Updated: 19.69 → 19.77 (VALUE CHANGED)
[2026-02-02 10:20:36]   [emp_id: 3209] ✓ Updated: 43.85 → 43.93 (VALUE CHANGED)
[2026-02-02 10:20:36]   [emp_id: 3223] ✓ Updated: 92.77 → 92.85 (VALUE CHANGED)
[2026-02-02 10:20:36]   [emp_id: 3224] ✓ Updated: 67.52 → 67.6 (VALUE CHANGED)
[2026-02-02 10:20:36]   [emp_id: 3230] ✓ Updated: 90.94 → 91.02 (VALUE CHANGED)
[2026-02-02 10:20:36]   [emp_id: 3231] ✓ Updated: 3.31 → 3.39 (VALUE CHANGED)
[2026-02-02 10:20:36]   [emp_id: 3233] ✓ Updated: 83.77 → 83.85 (VALUE CHANGED)
[2026-02-02 10:20:36]   [emp_id: 3249] ✓ Updated: 39.6 → 39.68 (VALUE CHANGED)
[2026-02-02 10:20:36]   [emp_id: 3250] ✓ Updated: 12.6 → 12.68 (VALUE CHANGED)
[2026-02-02 10:20:36]   [emp_id: 3252] ✓ Updated: 13.52 → 13.6 (VALUE CHANGED)
[2026-02-02 10:20:36]   [emp_id: 3254] ✓ Updated: 24.02 → 24.1 (VALUE CHANGED)
[2026-02-02 10:20:36]   [emp_id: 3255] ✓ Updated: 20.44 → 20.52 (VALUE CHANGED)
[2026-02-02 10:20:36]   [emp_id: 3256] ✓ Updated: 16.69 → 16.77 (VALUE CHANGED)
[2026-02-02 10:20:36]   [emp_id: 3263] ✓ Updated: 32.77 → 32.85 (VALUE CHANGED)
[2026-02-02 10:20:36]   [emp_id: 3265] ✓ Updated: 28.35 → 28.43 (VALUE CHANGED)
[2026-02-02 10:20:36]   [emp_id: 3280] ✓ Updated: 75.27 → 75.35 (VALUE CHANGED)
[2026-02-02 10:20:36]   [emp_id: 3286] ✓ Updated: 18.44 → 18.52 (VALUE CHANGED)
[2026-02-02 10:20:36]   [emp_id: 3294] ✓ Updated: 18.1 → 18.18 (VALUE CHANGED)
[2026-02-02 10:20:36]   [emp_id: 3321] ✓ Updated: 75.27 → 75.35 (VALUE CHANGED)
[2026-02-02 10:20:36]   [emp_id: 3325] ✓ Updated: 63.02 → 63.1 (VALUE CHANGED)
[2026-02-02 10:20:36]   [emp_id: 3329] ✓ Updated: 65.35 → 65.43 (VALUE CHANGED)
[2026-02-02 10:20:36]   [emp_id: 3330] ✓ Updated: 65.35 → 65.43 (VALUE CHANGED)
[2026-02-02 10:20:36]   [emp_id: 3332] ✓ Updated: 65.35 → 65.43 (VALUE CHANGED)
[2026-02-02 10:20:36]   [emp_id: 3370] ✓ Updated: 56.86 → 56.94 (VALUE CHANGED)
[2026-02-02 10:20:36]   [emp_id: 3384] ✓ Updated: 17.52 → 17.6 (VALUE CHANGED)
[2026-02-02 10:20:36]   [emp_id: 3386] ✓ Updated: 47.52 → 47.6 (VALUE CHANGED)
[2026-02-02 10:20:36]   [emp_id: 3431] ✓ Updated: 21.94 → 22.02 (VALUE CHANGED)
[2026-02-02 10:20:36]   [emp_id: 3497] ✓ Updated: 12.1 → 12.18 (VALUE CHANGED)
[2026-02-02 10:20:36]   [emp_id: 3532] ✓ Updated: 2.94 → 3.02 (VALUE CHANGED)
[2026-02-02 10:20:36]   [emp_id: 3602] ✓ Updated: 4.51 → 4.59 (VALUE CHANGED)
[2026-02-02 10:20:36]   [emp_id: 3618] ✓ Updated: 26.49 → 26.57 (VALUE CHANGED)
[2026-02-02 10:20:36]   [emp_id: 3622] ✓ Updated: 36.69 → 36.75 (VALUE CHANGED)
[2026-02-02 10:20:37]   [emp_id: 3627] ✓ Updated: 12.44 → 12.52 (VALUE CHANGED)
[2026-02-02 10:20:37]   [emp_id: 3665] ✓ Updated: 54.02 → 54.1 (VALUE CHANGED)
[2026-02-02 10:20:37]   [emp_id: 3705] ✓ Updated: 30.02 → 30.08 (VALUE CHANGED)
[2026-02-02 10:20:37]   [emp_id: 3724] ✓ Updated: 47.02 → 47.1 (VALUE CHANGED)
[2026-02-02 10:20:37]   [emp_id: 3726] ✓ Updated: 63.44 → 63.52 (VALUE CHANGED)
[2026-02-02 10:20:37]   [emp_id: 3727] ✓ Updated: 68.52 → 68.6 (VALUE CHANGED)
[2026-02-02 10:20:37]   [emp_id: 3728] ✓ Updated: 12.85 → 12.93 (VALUE CHANGED)
[2026-02-02 10:20:37]   [emp_id: 3767] ✓ Updated: 3.6 → 3.68 (VALUE CHANGED)
[2026-02-02 10:20:37]   [emp_id: 3768] ✓ Updated: 59.85 → 59.93 (VALUE CHANGED)
[2026-02-02 10:20:37]   [emp_id: 3787] ✓ Updated: 60.44 → 60.52 (VALUE CHANGED)
[2026-02-02 10:20:37]   [emp_id: 3790] ✓ Updated: 4.99 → 5.07 (VALUE CHANGED)
[2026-02-02 10:20:37]   [emp_id: 3795] ✓ Updated: 17.94 → 18.02 (VALUE CHANGED)
[2026-02-02 10:20:37]   [emp_id: 3798] ✓ Updated: 96.35 → 96.43 (VALUE CHANGED)
[2026-02-02 10:20:37]   [emp_id: 3801] ✓ Updated: 4.62 → 4.7 (VALUE CHANGED)
[2026-02-02 10:20:37]   [emp_id: 3802] ✓ Updated: 33.6 → 33.68 (VALUE CHANGED)
[2026-02-02 10:20:37]   [emp_id: 3803] ✓ Updated: 118.02 → 118.1 (VALUE CHANGED)
[2026-02-02 10:20:37]   [emp_id: 3810] ✓ Updated: 64.02 → 64.1 (VALUE CHANGED)
[2026-02-02 10:20:37]   [emp_id: 3812] ✓ Updated: 93.02 → 93.1 (VALUE CHANGED)
[2026-02-02 10:20:37]   [emp_id: 3815] ✓ Updated: 93.02 → 93.1 (VALUE CHANGED)
[2026-02-02 10:20:37]   [emp_id: 3836] ✓ Updated: 60.69 → 60.77 (VALUE CHANGED)
[2026-02-02 10:20:37]   [emp_id: 3855] ✓ Updated: 53.85 → 53.93 (VALUE CHANGED)
[2026-02-02 10:20:37]   [emp_id: 3857] ✓ Updated: 57.52 → 57.6 (VALUE CHANGED)
[2026-02-02 10:20:37]   [emp_id: 3862] ✓ Updated: 105.6 → 105.68 (VALUE CHANGED)
[2026-02-02 10:20:37]   [emp_id: 3866] ✓ Updated: 30.85 → 30.93 (VALUE CHANGED)
[2026-02-02 10:20:37]   [emp_id: 3876] ✓ Updated: 27.02 → 27.1 (VALUE CHANGED)
[2026-02-02 10:20:37]   [emp_id: 3877] ✓ Updated: 52.52 → 52.6 (VALUE CHANGED)
[2026-02-02 10:20:37]   [emp_id: 3897] ✓ Updated: 40.77 → 40.85 (VALUE CHANGED)
[2026-02-02 10:20:37]   [emp_id: 3899] ✓ Updated: 2.59 → 2.67 (VALUE CHANGED)
[2026-02-02 10:20:37]   [emp_id: 3928] ✓ Updated: 16.85 → 16.93 (VALUE CHANGED)
[2026-02-02 10:20:37]   [emp_id: 3929] ✓ Updated: 11.85 → 11.93 (VALUE CHANGED)
[2026-02-02 10:20:37]   [emp_id: 3935] ✓ Updated: 96.85 → 96.93 (VALUE CHANGED)
[2026-02-02 10:20:37]   [emp_id: 3952] ✓ Updated: 78.19 → 78.27 (VALUE CHANGED)
[2026-02-02 10:20:37]   [emp_id: 3987] ✓ Updated: 17.1 → 17.18 (VALUE CHANGED)
[2026-02-02 10:20:37]   [emp_id: 4059] ✓ Updated: 6.3 → 6.38 (VALUE CHANGED)
[2026-02-02 10:20:37]   [emp_id: 4119] ✓ Updated: 59.77 → 59.85 (VALUE CHANGED)
[2026-02-02 10:20:37]   [emp_id: 4120] ✓ Updated: 29.35 → 29.43 (VALUE CHANGED)
[2026-02-02 10:20:37]   [emp_id: 4124] ✓ Updated: 29.87 → 29.95 (VALUE CHANGED)
[2026-02-02 10:20:37]   [emp_id: 4133] ✓ Updated: 108.35 → 108.43 (VALUE CHANGED)
[2026-02-02 10:20:37]   [emp_id: 4134] ✓ Updated: 29.35 → 29.43 (VALUE CHANGED)
[2026-02-02 10:20:37]   [emp_id: 4136] ✓ Updated: 29.35 → 29.43 (VALUE CHANGED)
[2026-02-02 10:20:37]   [emp_id: 4150] ✓ Updated: 28.02 → 28.1 (VALUE CHANGED)
[2026-02-02 10:20:37]   [emp_id: 4157] ✓ Updated: 21.52 → 21.6 (VALUE CHANGED)
[2026-02-02 10:20:37]   [emp_id: 4172] ✓ Updated: 14.6 → 14.66 (VALUE CHANGED)
[2026-02-02 10:20:37]   [emp_id: 4195] ✓ Updated: 65.1 → 65.18 (VALUE CHANGED)
[2026-02-02 10:20:37]   [emp_id: 4215] ✓ Updated: 47.77 → 47.85 (VALUE CHANGED)
[2026-02-02 10:20:37]   [emp_id: 4220] ✓ Updated: 43.35 → 43.43 (VALUE CHANGED)
[2026-02-02 10:20:38]   [emp_id: 4273] ✓ Updated: 12.02 → 12.1 (VALUE CHANGED)
[2026-02-02 10:20:38]   [emp_id: 4283] ✓ Updated: 15.69 → 15.75 (VALUE CHANGED)
[2026-02-02 10:20:38]   [emp_id: 4288] ✓ Updated: 2.59 → 2.67 (VALUE CHANGED)
[2026-02-02 10:20:38]   [emp_id: 4315] ✓ Updated: 15.27 → 15.35 (VALUE CHANGED)
[2026-02-02 10:20:38]   [emp_id: 4328] ✓ Updated: 44.52 → 44.58 (VALUE CHANGED)
[2026-02-02 10:20:38]   [emp_id: 4329] ✓ Updated: 8.44 → 8.52 (VALUE CHANGED)
[2026-02-02 10:20:38]   [emp_id: 4338] ✓ Updated: 50.02 → 50.1 (VALUE CHANGED)
[2026-02-02 10:20:38]   [emp_id: 4340] ✓ Updated: 112.02 → 112.1 (VALUE CHANGED)
[2026-02-02 10:20:38]   [emp_id: 4365] ✓ Updated: 63.44 → 63.52 (VALUE CHANGED)
[2026-02-02 10:20:38]   [emp_id: 4366] ✓ Updated: 62.52 → 62.6 (VALUE CHANGED)
[2026-02-02 10:20:38]   [emp_id: 4403] ✓ Updated: 88.35 → 88.43 (VALUE CHANGED)
[2026-02-02 10:20:38]   [emp_id: 4438] ✓ Updated: 24.02 → 24.1 (VALUE CHANGED)
[2026-02-02 10:20:38]   [emp_id: 4465] ✓ Updated: 14.85 → 14.91 (VALUE CHANGED)
[2026-02-02 10:20:38]   [emp_id: 4473] ✓ Updated: 47.6 → 47.68 (VALUE CHANGED)
[2026-02-02 10:20:38]   [emp_id: 4474] ✓ Updated: 5.36 → 5.42 (VALUE CHANGED)
[2026-02-02 10:20:38]   [emp_id: 4493] ✓ Updated: 166.44 → 166.52 (VALUE CHANGED)
[2026-02-02 10:20:38]   [emp_id: 4526] ✓ Updated: 38.69 → 38.77 (VALUE CHANGED)
[2026-02-02 10:20:38]   [emp_id: 4528] ✓ Updated: 110.44 → 110.52 (VALUE CHANGED)
[2026-02-02 10:20:38]   [emp_id: 4528] ✓ Updated: 110.44 → 110.52 (VALUE CHANGED)
[2026-02-02 10:20:38]   [emp_id: 4532] ✓ Updated: 9.97 → 10.03 (VALUE CHANGED)
[2026-02-02 10:20:38]   [emp_id: 4533] ✓ Updated: 38.85 → 38.93 (VALUE CHANGED)
[2026-02-02 10:20:38]   [emp_id: 4565] ✓ Updated: 17.35 → 17.41 (VALUE CHANGED)
[2026-02-02 10:20:38]   [emp_id: 4567] ✓ Updated: 21.6 → 21.66 (VALUE CHANGED)
[2026-02-02 10:20:38]   [emp_id: 4572] ✓ Updated: 61.1 → 61.16 (VALUE CHANGED)
[2026-02-02 10:20:38]   [emp_id: 4631] ✓ Updated: 17.35 → 17.41 (VALUE CHANGED)
[2026-02-02 10:20:38]   [emp_id: 4655] ✓ Updated: 27.77 → 27.85 (VALUE CHANGED)
[2026-02-02 10:20:38]   [emp_id: 4709] ✓ Updated: 43.02 → 43.1 (VALUE CHANGED)
[2026-02-02 10:20:38]   [emp_id: 4717] ✓ Updated: 69.02 → 69.1 (VALUE CHANGED)
[2026-02-02 10:20:38]   [emp_id: 4736] ✓ Updated: 30.85 → 30.93 (VALUE CHANGED)
[2026-02-02 10:20:38]   [emp_id: 4756] ✓ Updated: 13.79 → 13.85 (VALUE CHANGED)
[2026-02-02 10:20:38]   [emp_id: 4768] ✓ Updated: 16.52 → 16.6 (VALUE CHANGED)
[2026-02-02 10:20:38]   [emp_id: 4780] ✓ Updated: 67.52 → 67.58 (VALUE CHANGED)
[2026-02-02 10:20:38]   [emp_id: 4820] ✓ Updated: 101.85 → 101.93 (VALUE CHANGED)
[2026-02-02 10:20:38]   [emp_id: 4824] ✓ Updated: 5.03 → 5.11 (VALUE CHANGED)
[2026-02-02 10:20:38]   [emp_id: 4825] ✓ Updated: 33.6 → 33.68 (VALUE CHANGED)
[2026-02-02 10:20:38]   [emp_id: 4837] ✓ Updated: 47.51 → 47.57 (VALUE CHANGED)
[2026-02-02 10:20:38]   [emp_id: 4840] ✓ Updated: 47.51 → 47.57 (VALUE CHANGED)
[2026-02-02 10:20:38]   [emp_id: 4842] ✓ Updated: 46.75 → 46.81 (VALUE CHANGED)
[2026-02-02 10:20:38]   [emp_id: 4843] ✓ Updated: 47.28 → 47.34 (VALUE CHANGED)
[2026-02-02 10:20:38]   [emp_id: 4853] ✓ Updated: 91.1 → 91.16 (VALUE CHANGED)
[2026-02-02 10:20:38]   [emp_id: 4856] ✓ Updated: 44.42 → 44.48 (VALUE CHANGED)
[2026-02-02 10:20:38]   [emp_id: 4857] ✓ Updated: 27.24 → 27.3 (VALUE CHANGED)
[2026-02-02 10:20:38]   [emp_id: 4858] ✓ Updated: 24.12 → 24.18 (VALUE CHANGED)
[2026-02-02 10:20:38]   [emp_id: 4859] ✓ Updated: 45.59 → 45.65 (VALUE CHANGED)
[2026-02-02 10:20:38]   [emp_id: 4860] ✓ Updated: 10.09 → 10.15 (VALUE CHANGED)
[2026-02-02 10:20:38]   [emp_id: 4861] ✓ Updated: 43.55 → 43.61 (VALUE CHANGED)
[2026-02-02 10:20:39]   [emp_id: 4869] ✓ Updated: 86.43 → 86.49 (VALUE CHANGED)
[2026-02-02 10:20:39]   [emp_id: 4894] ✓ Updated: 10.52 → 10.6 (VALUE CHANGED)
[2026-02-02 10:20:39]   [emp_id: 4897] ✓ Updated: 25.33 → 25.39 (VALUE CHANGED)
[2026-02-02 10:20:39]   [emp_id: 4899] ✓ Updated: 21.5 → 21.56 (VALUE CHANGED)
[2026-02-02 10:20:39]   [emp_id: 4902] ✓ Updated: 20.92 → 20.98 (VALUE CHANGED)
[2026-02-02 10:20:39]   [emp_id: 4903] ✓ Updated: 23.14 → 23.2 (VALUE CHANGED)
[2026-02-02 10:20:39]   [emp_id: 4905] ✓ Updated: 21.8 → 21.86 (VALUE CHANGED)
[2026-02-02 10:20:39]   [emp_id: 4907] ✓ Updated: 50.6 → 50.68 (VALUE CHANGED)
[2026-02-02 10:20:39]   [emp_id: 4917] ✓ Updated: 18.76 → 18.82 (VALUE CHANGED)
[2026-02-02 10:20:39]   [emp_id: 4918] ✓ Updated: 8.53 → 8.59 (VALUE CHANGED)
[2026-02-02 10:20:39]   [emp_id: 4919] ✓ Updated: 60.82 → 60.88 (VALUE CHANGED)
[2026-02-02 10:20:39]   [emp_id: 4920] ✓ Updated: 7.9 → 7.96 (VALUE CHANGED)
[2026-02-02 10:20:39]   [emp_id: 4921] ✓ Updated: 19.99 → 20.05 (VALUE CHANGED)
[2026-02-02 10:20:39]   [emp_id: 4927] ✓ Updated: 18.82 → 18.88 (VALUE CHANGED)
[2026-02-02 10:20:39]   [emp_id: 4929] ✓ Updated: 20.34 → 20.4 (VALUE CHANGED)
[2026-02-02 10:20:39]   [emp_id: 4930] ✓ Updated: 61.11 → 61.17 (VALUE CHANGED)
[2026-02-02 10:20:39]   [emp_id: 4932] ✓ Updated: 19.11 → 19.17 (VALUE CHANGED)
[2026-02-02 10:20:39]   [emp_id: 4933] ✓ Updated: 22.52 → 22.58 (VALUE CHANGED)
[2026-02-02 10:20:39]   [emp_id: 4949] ✓ Updated: 25.95 → 26.01 (VALUE CHANGED)
[2026-02-02 10:20:39]   [emp_id: 4956] ✓ Updated: 31.54 → 31.6 (VALUE CHANGED)
[2026-02-02 10:20:39]   [emp_id: 4957] ✓ Updated: 27.21 → 27.27 (VALUE CHANGED)
[2026-02-02 10:20:39]   [emp_id: 4962] ✓ Updated: 49.96 → 50.04 (VALUE CHANGED)
[2026-02-02 10:20:39]   [emp_id: 4969] ✓ Updated: 49.27 → 49.35 (VALUE CHANGED)
[2026-02-02 10:20:39]   [emp_id: 4976] ✓ Updated: 12.23 → 12.29 (VALUE CHANGED)
[2026-02-02 10:20:39]   [emp_id: 4984] ✓ Updated: 40.52 → 40.6 (VALUE CHANGED)
[2026-02-02 10:20:39]   [emp_id: 4995] ✓ Updated: 52.59 → 52.67 (VALUE CHANGED)
[2026-02-02 10:20:39]   [emp_id: 5004] ✓ Updated: 29.17 → 29.23 (VALUE CHANGED)
[2026-02-02 10:20:39]   [emp_id: 5006] ✓ Updated: 28.91 → 28.97 (VALUE CHANGED)
[2026-02-02 10:20:39]   [emp_id: 5011] ✓ Updated: 8.37 → 8.45 (VALUE CHANGED)
[2026-02-02 10:20:39]   [emp_id: 5013] ✓ Updated: 69.28 → 69.34 (VALUE CHANGED)
[2026-02-02 10:20:39]   [emp_id: 5018] ✓ Updated: 5.77 → 5.83 (VALUE CHANGED)
[2026-02-02 10:20:39]   [emp_id: 5021] ✓ Updated: 63.62 → 63.7 (VALUE CHANGED)
[2026-02-02 10:20:39]   [emp_id: 5024] ✓ Updated: 3.79 → 3.85 (VALUE CHANGED)
[2026-02-02 10:20:39]   [emp_id: 5030] ✓ Updated: 33.74 → 33.8 (VALUE CHANGED)
[2026-02-02 10:20:39]   [emp_id: 5033] ✓ Updated: 12.54 → 12.6 (VALUE CHANGED)
[2026-02-02 10:20:39]   [emp_id: 5043] ✓ Updated: 33.19 → 33.27 (VALUE CHANGED)
[2026-02-02 10:20:39]   [emp_id: 5045] ✓ Updated: 29.69 → 29.77 (VALUE CHANGED)
[2026-02-02 10:20:39]   [emp_id: 5046] ✓ Updated: 24.88 → 24.96 (VALUE CHANGED)
[2026-02-02 10:20:39]   [emp_id: 5049] ✓ Updated: 1.22 → 1.28 (VALUE CHANGED)
[2026-02-02 10:20:39]   [emp_id: 5052] ✓ Updated: 32.5 → 32.56 (VALUE CHANGED)
[2026-02-02 10:20:39]   [emp_id: 5055] ✓ Updated: 20.94 → 21 (VALUE CHANGED)
[2026-02-02 10:20:39]   [emp_id: 5058] ✓ Updated: 29.92 → 29.98 (VALUE CHANGED)
[2026-02-02 10:20:39]   [emp_id: 5062] ✓ Updated: 41.75 → 41.81 (VALUE CHANGED)
[2026-02-02 10:20:39]   [emp_id: 5064] ✓ Updated: 120.52 → 120.6 (VALUE CHANGED)
[2026-02-02 10:20:40]   [emp_id: 5065] ✓ Updated: 41.16 → 41.22 (VALUE CHANGED)
[2026-02-02 10:20:40]   [emp_id: 5071] ✓ Updated: 26.02 → 26.1 (VALUE CHANGED)
[2026-02-02 10:20:40]   [emp_id: 5073] ✓ Updated: 15.76 → 15.82 (VALUE CHANGED)
[2026-02-02 10:20:40]   [emp_id: 5079] ✓ Updated: 36.32 → 36.38 (VALUE CHANGED)
[2026-02-02 10:20:40]   [emp_id: 5080] ✓ Updated: 29.65 → 29.71 (VALUE CHANGED)
[2026-02-02 10:20:40]   [emp_id: 5081] ✓ Updated: 17.91 → 17.97 (VALUE CHANGED)
[2026-02-02 10:20:40]   [emp_id: 5087] ✓ Updated: 37.95 → 38.01 (VALUE CHANGED)
[2026-02-02 10:20:40]   [emp_id: 5091] ✓ Updated: 77.8 → 77.86 (VALUE CHANGED)
[2026-02-02 10:20:40]   [emp_id: 5093] ✓ Updated: 17.19 → 17.27 (VALUE CHANGED)
[2026-02-02 10:20:40]   [emp_id: 5095] ✓ Updated: 3.34 → 3.4 (VALUE CHANGED)
[2026-02-02 10:20:40]   [emp_id: 5101] ✓ Updated: 19.27 → 19.35 (VALUE CHANGED)
[2026-02-02 10:20:40]   [emp_id: 5107] ✓ Updated: 17.6 → 17.68 (VALUE CHANGED)
[2026-02-02 10:20:40]   [emp_id: 5109] ✓ Updated: 14.85 → 14.93 (VALUE CHANGED)
[2026-02-02 10:20:40]   [emp_id: 5119] ✓ Updated: 13.02 → 13.1 (VALUE CHANGED)
[2026-02-02 10:20:40]   [emp_id: 5122] ✓ Updated: 10.19 → 10.27 (VALUE CHANGED)
[2026-02-02 10:20:40]   [emp_id: 5126] ✓ Updated: 28.68 → 28.74 (VALUE CHANGED)
[2026-02-02 10:20:40]   [emp_id: 5127] ✓ Updated: 1.41 → 1.47 (VALUE CHANGED)
[2026-02-02 10:20:40]   [emp_id: 5128] ✓ Updated: 28.62 → 28.68 (VALUE CHANGED)
[2026-02-02 10:20:40]   [emp_id: 5138] ✓ Updated: 52.85 → 52.93 (VALUE CHANGED)
[2026-02-02 10:20:40]   [emp_id: 5138] ✓ Updated: 52.85 → 52.93 (VALUE CHANGED)
[2026-02-02 10:20:40]   [emp_id: 5141] ✓ Updated: 36.99 → 37.05 (VALUE CHANGED)
[2026-02-02 10:20:40]   [emp_id: 5142] ✓ Updated: 15.99 → 16.05 (VALUE CHANGED)
[2026-02-02 10:20:40]   [emp_id: 5146] ✓ Updated: 22.99 → 23.05 (VALUE CHANGED)
[2026-02-02 10:20:40]   [emp_id: 5147] ✓ Updated: 21.99 → 22.05 (VALUE CHANGED)
[2026-02-02 10:20:40]   [emp_id: 5148] ✓ Updated: 27.34 → 27.4 (VALUE CHANGED)
[2026-02-02 10:20:40]   [emp_id: 5149] ✓ Updated: 26.23 → 26.29 (VALUE CHANGED)
[2026-02-02 10:20:40]   [emp_id: 5150] ✓ Updated: 25.59 → 25.65 (VALUE CHANGED)
[2026-02-02 10:20:40]   [emp_id: 5151] ✓ Updated: 25.41 → 25.47 (VALUE CHANGED)
[2026-02-02 10:20:40]   [emp_id: 5152] ✓ Updated: 5.83 → 5.89 (VALUE CHANGED)
[2026-02-02 10:20:40]   [emp_id: 5157] ✓ Updated: 25.41 → 25.47 (VALUE CHANGED)
[2026-02-02 10:20:40]   [emp_id: 5160] ✓ Updated: 25.41 → 25.47 (VALUE CHANGED)
[2026-02-02 10:20:40]   [emp_id: 5163] ✓ Updated: 23.2 → 23.26 (VALUE CHANGED)
[2026-02-02 10:20:40]   [emp_id: 5165] ✓ Updated: 4.29 → 4.37 (VALUE CHANGED)
[2026-02-02 10:20:40]   [emp_id: 5167] ✓ Updated: 32.35 → 32.41 (VALUE CHANGED)
[2026-02-02 10:20:40]   [emp_id: 5168] ✓ Updated: 24.89 → 24.95 (VALUE CHANGED)
[2026-02-02 10:20:40]   [emp_id: 5173] ✓ Updated: 27.94 → 28.02 (VALUE CHANGED)
[2026-02-02 10:20:40]   [emp_id: 5174] ✓ Updated: 25.35 → 25.41 (VALUE CHANGED)
[2026-02-02 10:20:40]   [emp_id: 5181] ✓ Updated: 21.74 → 21.8 (VALUE CHANGED)
[2026-02-02 10:20:40]   [emp_id: 5186] ✓ Updated: 27.27 → 27.33 (VALUE CHANGED)
[2026-02-02 10:20:40]   [emp_id: 5187] ✓ Updated: 38.27 → 38.33 (VALUE CHANGED)
[2026-02-02 10:20:40]   [emp_id: 5204] ✓ Updated: 25.44 → 25.52 (VALUE CHANGED)
[2026-02-02 10:20:40]   [emp_id: 5205] ✓ Updated: 14.48 → 14.54 (VALUE CHANGED)
[2026-02-02 10:20:40]   [emp_id: 5209] ✓ Updated: 17.48 → 17.54 (VALUE CHANGED)
[2026-02-02 10:20:40]   [emp_id: 5213] ✓ Updated: 4.89 → 4.95 (VALUE CHANGED)
[2026-02-02 10:20:40]   [emp_id: 5214] ✓ Updated: 3.73 → 3.79 (VALUE CHANGED)
[2026-02-02 10:20:41]   [emp_id: 5215] ✓ Updated: 12.48 → 12.54 (VALUE CHANGED)
[2026-02-02 10:20:41]   [emp_id: 5217] ✓ Updated: 11.48 → 11.54 (VALUE CHANGED)
[2026-02-02 10:20:41]   [emp_id: 5219] ✓ Updated: 15.48 → 15.54 (VALUE CHANGED)
[2026-02-02 10:20:41]   [emp_id: 5221] ✓ Updated: 4.79 → 4.85 (VALUE CHANGED)
[2026-02-02 10:20:41]   [emp_id: 5224] ✓ Updated: 16.48 → 16.54 (VALUE CHANGED)
[2026-02-02 10:20:41]   [emp_id: 5225] ✓ Updated: 8.79 → 8.85 (VALUE CHANGED)
[2026-02-02 10:20:41]   [emp_id: 5228] ✓ Updated: 11.48 → 11.54 (VALUE CHANGED)
[2026-02-02 10:20:41]   [emp_id: 5229] ✓ Updated: 7.48 → 7.54 (VALUE CHANGED)
[2026-02-02 10:20:41]   [emp_id: 5230] ✓ Updated: 12.15 → 12.21 (VALUE CHANGED)
[2026-02-02 10:20:41]   [emp_id: 5231] ✓ Updated: 8.48 → 8.54 (VALUE CHANGED)
[2026-02-02 10:20:41]   [emp_id: 5232] ✓ Updated: 2.48 → 2.54 (VALUE CHANGED)
[2026-02-02 10:20:41]   [emp_id: 5233] ✓ Updated: 6.48 → 6.54 (VALUE CHANGED)
[2026-02-02 10:20:41]   [emp_id: 5234] ✓ Updated: 6.48 → 6.54 (VALUE CHANGED)
[2026-02-02 10:20:41]   [emp_id: 5235] ✓ Updated: 1.92 → 1.98 (VALUE CHANGED)
[2026-02-02 10:20:41]   [emp_id: 5237] ✓ Updated: 12.73 → 12.79 (VALUE CHANGED)
[2026-02-02 10:20:41]   [emp_id: 5239] ✓ Updated: 9.48 → 9.54 (VALUE CHANGED)
[2026-02-02 10:20:41]   [emp_id: 5241] ✓ Updated: 7.48 → 7.54 (VALUE CHANGED)
[2026-02-02 10:20:41]   [emp_id: 5242] ✓ Updated: 17.48 → 17.54 (VALUE CHANGED)
[2026-02-02 10:20:41]   [emp_id: 5243] ✓ Updated: 3.89 → 3.95 (VALUE CHANGED)
[2026-02-02 10:20:41]   [emp_id: 5244] ✓ Updated: 1.92 → 1.98 (VALUE CHANGED)
[2026-02-02 10:20:41]   [emp_id: 5246] ✓ Updated: 13.48 → 13.54 (VALUE CHANGED)
[2026-02-02 10:20:41]   [emp_id: 5253] ✓ Updated: 26.35 → 26.41 (VALUE CHANGED)
[2026-02-02 10:20:41]   [emp_id: 5254] ✓ Updated: 14.33 → 14.39 (VALUE CHANGED)
[2026-02-02 10:20:41]   [emp_id: 5257] ✓ Updated: 14.04 → 14.1 (VALUE CHANGED)
[2026-02-02 10:20:41]   [emp_id: 5259] ✓ Updated: 50.57 → 50.63 (VALUE CHANGED)
[2026-02-02 10:20:41]   [emp_id: 5261] ✓ Updated: 19.04 → 19.12 (VALUE CHANGED)
[2026-02-02 10:20:41]   [emp_id: 5264] ✓ Updated: 16.05 → 16.11 (VALUE CHANGED)
[2026-02-02 10:20:41]   [emp_id: 5266] ✓ Updated: 22.67 → 22.73 (VALUE CHANGED)
[2026-02-02 10:20:41]   [emp_id: 5268] ✓ Updated: 11.24 → 11.3 (VALUE CHANGED)
[2026-02-02 10:20:41]   [emp_id: 5271] ✓ Updated: 9.9 → 9.96 (VALUE CHANGED)
[2026-02-02 10:20:41]   [emp_id: 5272] ✓ Updated: 10.77 → 10.83 (VALUE CHANGED)
[2026-02-02 10:20:41]   [emp_id: 5273] ✓ Updated: 25.84 → 25.9 (VALUE CHANGED)
[2026-02-02 10:20:41]   [emp_id: 5275] ✓ Updated: 11.59 → 11.65 (VALUE CHANGED)
[2026-02-02 10:20:41]   [emp_id: 5276] ✓ Updated: 25.86 → 25.92 (VALUE CHANGED)
[2026-02-02 10:20:41]   [emp_id: 5278] ✓ Updated: 10.25 → 10.31 (VALUE CHANGED)
[2026-02-02 10:20:41]   [emp_id: 5280] ✓ Updated: 20.65 → 20.71 (VALUE CHANGED)
[2026-02-02 10:20:41]   [emp_id: 5282] ✓ Updated: 14.52 → 14.6 (VALUE CHANGED)
[2026-02-02 10:20:41]   [emp_id: 5285] ✓ Updated: 30.65 → 30.71 (VALUE CHANGED)
[2026-02-02 10:20:41]   [emp_id: 5286] ✓ Updated: 17.65 → 17.71 (VALUE CHANGED)
[2026-02-02 10:20:41]   [emp_id: 5287] ✓ Updated: 51.95 → 52.01 (VALUE CHANGED)
[2026-02-02 10:20:41]   [emp_id: 5288] ✓ Updated: 9.22 → 9.28 (VALUE CHANGED)
[2026-02-02 10:20:41]   [emp_id: 5289] ✓ Updated: 50.5 → 50.56 (VALUE CHANGED)
[2026-02-02 10:20:41]   [emp_id: 5290] ✓ Updated: 49.27 → 49.33 (VALUE CHANGED)
[2026-02-02 10:20:41]   [emp_id: 5291] ✓ Updated: 7.27 → 7.33 (VALUE CHANGED)
[2026-02-02 10:20:41]   [emp_id: 5292] ✓ Updated: 7.21 → 7.27 (VALUE CHANGED)
[2026-02-02 10:20:41]   [emp_id: 5293] ✓ Updated: 10.78 → 10.86 (VALUE CHANGED)
[2026-02-02 10:20:42]   [emp_id: 5294] ✓ Updated: 10.44 → 10.52 (VALUE CHANGED)
[2026-02-02 10:20:42]   [emp_id: 5295] ✓ Updated: 23.45 → 23.51 (VALUE CHANGED)
[2026-02-02 10:20:42]   [emp_id: 5296] ✓ Updated: 37.46 → 37.54 (VALUE CHANGED)
[2026-02-02 10:20:42]   [emp_id: 5297] ✓ Updated: 47.87 → 47.93 (VALUE CHANGED)
[2026-02-02 10:20:42]   [emp_id: 5298] ✓ Updated: 47.87 → 47.93 (VALUE CHANGED)
[2026-02-02 10:20:42]   [emp_id: 5299] ✓ Updated: 47.87 → 47.93 (VALUE CHANGED)
[2026-02-02 10:20:42]   [emp_id: 5300] ✓ Updated: 47.87 → 47.93 (VALUE CHANGED)
[2026-02-02 10:20:42]   [emp_id: 5301] ✓ Updated: 5.69 → 5.75 (VALUE CHANGED)
[2026-02-02 10:20:42]   [emp_id: 5303] ✓ Updated: 6.12 → 6.18 (VALUE CHANGED)
[2026-02-02 10:20:42]   [emp_id: 5304] ✓ Updated: 2.87 → 2.93 (VALUE CHANGED)
[2026-02-02 10:20:42]   [emp_id: 5305] ✓ Updated: 5.87 → 5.93 (VALUE CHANGED)
[2026-02-02 10:20:42]   [emp_id: 5306] ✓ Updated: 47.58 → 47.64 (VALUE CHANGED)
[2026-02-02 10:20:42]   [emp_id: 5307] ✓ Updated: 47.58 → 47.64 (VALUE CHANGED)
[2026-02-02 10:20:42]   [emp_id: 5312] ✓ Updated: 1.92 → 1.98 (VALUE CHANGED)
[2026-02-02 10:20:42]   [emp_id: 5318] ✓ Updated: 28.29 → 28.35 (VALUE CHANGED)
[2026-02-02 10:20:42]   [emp_id: 5325] ✓ Updated: 2.25 → 2.31 (VALUE CHANGED)
[2026-02-02 10:20:42]   [emp_id: 5327] ✓ Updated: 3.34 → 3.4 (VALUE CHANGED)
[2026-02-02 10:20:42]   [emp_id: 5337] ✓ Updated: 38.35 → 38.43 (VALUE CHANGED)
[2026-02-02 10:20:42]   [emp_id: 5339] ✓ Updated: 12.44 → 12.5 (VALUE CHANGED)
[2026-02-02 10:20:42]   [emp_id: 5343] ✓ Updated: 48.27 → 48.35 (VALUE CHANGED)
[2026-02-02 10:20:42]   [emp_id: 5343] ✓ Updated: 48.35 → 48.43 (VALUE CHANGED)
[2026-02-02 10:20:42]   [emp_id: 5345] ✓ Updated: 18.1 → 18.18 (VALUE CHANGED)
[2026-02-02 10:20:42]   [emp_id: 5346] ✓ Updated: 4.16 → 4.22 (VALUE CHANGED)
[2026-02-02 10:20:42]   [emp_id: 5351] ✓ Updated: 19.1 → 19.16 (VALUE CHANGED)
[2026-02-02 10:20:42]   [emp_id: 5352] ✓ Updated: 28.52 → 28.6 (VALUE CHANGED)
[2026-02-02 10:20:42]   [emp_id: 5370] ✓ Updated: 17.75 → 17.81 (VALUE CHANGED)
[2026-02-02 10:20:42]   [emp_id: 5371] ✓ Updated: 10.27 → 10.35 (VALUE CHANGED)
[2026-02-02 10:20:42]   [emp_id: 5376] ✓ Updated: 12.35 → 12.41 (VALUE CHANGED)
[2026-02-02 10:20:42]   [emp_id: 5378] ✓ Updated: 20.35 → 20.43 (VALUE CHANGED)
[2026-02-02 10:20:42]   [emp_id: 5380] ✓ Updated: 18.76 → 18.82 (VALUE CHANGED)
[2026-02-02 10:20:42]   [emp_id: 5381] ✓ Updated: 14.79 → 14.87 (VALUE CHANGED)
[2026-02-02 10:20:42]   [emp_id: 5383] ✓ Updated: 18.1 → 18.18 (VALUE CHANGED)
[2026-02-02 10:20:42]   [emp_id: 5388] ✓ Updated: 29.54 → 29.6 (VALUE CHANGED)
[2026-02-02 10:20:42]   [emp_id: 5396] ✓ Updated: 30.78 → 30.84 (VALUE CHANGED)
[2026-02-02 10:20:42]   [emp_id: 5397] ✓ Updated: 22.24 → 22.3 (VALUE CHANGED)
[2026-02-02 10:20:42]   [emp_id: 5401] ✓ Updated: 25.35 → 25.41 (VALUE CHANGED)
[2026-02-02 10:20:42]   [emp_id: 5402] ✓ Updated: 25.47 → 25.53 (VALUE CHANGED)
[2026-02-02 10:20:42]   [emp_id: 5406] ✓ Updated: 19.19 → 19.25 (VALUE CHANGED)
[2026-02-02 10:20:42]   [emp_id: 5407] ✓ Updated: 18.87 → 18.95 (VALUE CHANGED)
[2026-02-02 10:20:42]   [emp_id: 5409] ✓ Updated: 18.53 → 18.59 (VALUE CHANGED)
[2026-02-02 10:20:42]   [emp_id: 5413] ✓ Updated: 31.27 → 31.35 (VALUE CHANGED)
[2026-02-02 10:20:42]   [emp_id: 5414] ✓ Updated: 30.94 → 31.02 (VALUE CHANGED)
[2026-02-02 10:20:42]   [emp_id: 5415] ✓ Updated: 6.87 → 6.95 (VALUE CHANGED)
[2026-02-02 10:20:42]   [emp_id: 5418] ✓ Updated: 17.59 → 17.65 (VALUE CHANGED)
[2026-02-02 10:20:42]   [emp_id: 5422] ✓ Updated: 23.6 → 23.68 (VALUE CHANGED)
[2026-02-02 10:20:42]   [emp_id: 5423] ✓ Updated: 8.29 → 8.37 (VALUE CHANGED)
[2026-02-02 10:20:42]   [emp_id: 5425] ✓ Updated: 16.14 → 16.2 (VALUE CHANGED)
[2026-02-02 10:20:42]   [emp_id: 5426] ✓ Updated: 4.84 → 4.92 (VALUE CHANGED)
[2026-02-02 10:20:43]   [emp_id: 5426] ✓ Updated: 4.92 → 5 (VALUE CHANGED)
[2026-02-02 10:20:43]   [emp_id: 5427] ✓ Updated: 16.25 → 16.31 (VALUE CHANGED)
[2026-02-02 10:20:43]   [emp_id: 5428] ✓ Updated: 16.14 → 16.2 (VALUE CHANGED)
[2026-02-02 10:20:43]   [emp_id: 5430] ✓ Updated: 20.66 → 20.74 (VALUE CHANGED)
[2026-02-02 10:20:43]   [emp_id: 5431] ✓ Updated: 15.26 → 15.32 (VALUE CHANGED)
[2026-02-02 10:20:43]   [emp_id: 5433] ✓ Updated: 15.28 → 15.34 (VALUE CHANGED)
[2026-02-02 10:20:43]   [emp_id: 5434] ✓ Updated: 15.03 → 15.09 (VALUE CHANGED)
[2026-02-02 10:20:43]   [emp_id: 5435] ✓ Updated: 14.97 → 15.03 (VALUE CHANGED)
[2026-02-02 10:20:43]   [emp_id: 5436] ✓ Updated: 14.97 → 15.03 (VALUE CHANGED)
[2026-02-02 10:20:43]   [emp_id: 5438] ✓ Updated: 18.52 → 18.6 (VALUE CHANGED)
[2026-02-02 10:20:43]   [emp_id: 5439] ✓ Updated: 28.02 → 28.1 (VALUE CHANGED)
[2026-02-02 10:20:43]   [emp_id: 5442] ✓ Updated: 17.02 → 17.1 (VALUE CHANGED)
[2026-02-02 10:20:43]   [emp_id: 5445] ✓ Updated: 9.43 → 9.49 (VALUE CHANGED)
[2026-02-02 10:20:43]   [emp_id: 5446] ✓ Updated: 9.43 → 9.49 (VALUE CHANGED)
[2026-02-02 10:20:43]   [emp_id: 5447] ✓ Updated: 9.37 → 9.43 (VALUE CHANGED)
[2026-02-02 10:20:43]   [emp_id: 5448] ✓ Updated: 4.04 → 4.12 (VALUE CHANGED)
[2026-02-02 10:20:43]   [emp_id: 5449] ✓ Updated: 7.45 → 7.51 (VALUE CHANGED)
[2026-02-02 10:20:43]   [emp_id: 5450] ✓ Updated: 7.39 → 7.45 (VALUE CHANGED)
[2026-02-02 10:20:43]   [emp_id: 5451] ✓ Updated: 7.39 → 7.45 (VALUE CHANGED)
[2026-02-02 10:20:43]   [emp_id: 5453] ✓ Updated: 7.23 → 7.29 (VALUE CHANGED)
[2026-02-02 10:20:43]   [emp_id: 5454] ✓ Updated: 10.1 → 10.18 (VALUE CHANGED)
[2026-02-02 10:20:43]   [emp_id: 5455] ✓ Updated: 4.35 → 4.43 (VALUE CHANGED)
[2026-02-02 10:20:43]   [emp_id: 5456] ✓ Updated: 9.35 → 9.43 (VALUE CHANGED)
[2026-02-02 10:20:43]   [emp_id: 5457] ✓ Updated: 6.48 → 6.54 (VALUE CHANGED)
[2026-02-02 10:20:43]   [emp_id: 5460] ✓ Updated: 8 → 8.08 (VALUE CHANGED)
[2026-02-02 10:20:43]   [emp_id: 5463] ✓ Updated: 7.33 → 7.41 (VALUE CHANGED)
[2026-02-02 10:20:43]   [emp_id: 5464] ✓ Updated: 7.33 → 7.41 (VALUE CHANGED)
[2026-02-02 10:20:43]   [emp_id: 5466] ✓ Updated: 5.08 → 5.16 (VALUE CHANGED)
[2026-02-02 10:20:43]   [emp_id: 5467] ✓ Updated: 4 → 4.08 (VALUE CHANGED)
[2026-02-02 10:20:43]   [emp_id: 5468] ✓ Updated: 2.95 → 3.03 (VALUE CHANGED)
[2026-02-02 10:20:43]   [emp_id: 5469] ✓ Updated: 2.86 → 2.94 (VALUE CHANGED)
[2026-02-02 10:20:43] Report saved to: D:\xampp\htdocs\almutlak\system/cron_logs/last_vacation_update_report.json
[2026-02-02 10:22:17] ========== CRON: Vacation Balance Update Started ==========
[2026-02-02 10:22:17] Force level: 2 (0=normal, 1=check missing, 2=full bypass)
[2026-02-02 10:22:17] Source: Browser (?force=2)
[2026-02-02 10:22:17] FORCE LEVEL 2: Full bypass - updating all balances AND last_updated
[2026-02-02 10:22:17] Database connection established
[2026-02-02 10:22:17] Found 433 active employees with balance records to update
[2026-02-02 10:22:17] (Only employees with status=1 will be processed)
[2026-02-02 10:22:17]   [emp_id: 1061] ✓ Updated: 2.67 → 2.75 (VALUE CHANGED)
[2026-02-02 10:22:17]   [emp_id: 1496] ✓ Updated: 19.52 → 19.6 (VALUE CHANGED)
[2026-02-02 10:22:17]   [emp_id: 1500] ✓ Updated: 7.2 → 7.28 (VALUE CHANGED)
[2026-02-02 10:22:17]   [emp_id: 1574] ✓ Updated: 36.43 → 36.51 (VALUE CHANGED)
[2026-02-02 10:22:17]   [emp_id: 1673] ✓ Updated: 47.93 → 48.01 (VALUE CHANGED)
[2026-02-02 10:22:17]   [emp_id: 1685] ✓ Updated: 17.85 → 17.93 (VALUE CHANGED)
[2026-02-02 10:22:17]   [emp_id: 1764] ✓ Updated: 72.52 → 72.6 (VALUE CHANGED)
[2026-02-02 10:22:17]   [emp_id: 1805] ✓ Updated: 66.85 → 66.93 (VALUE CHANGED)
[2026-02-02 10:22:17]   [emp_id: 1822] ✓ Updated: 71.6 → 71.68 (VALUE CHANGED)
[2026-02-02 10:22:17]   [emp_id: 1837] ✓ Updated: 27.77 → 27.85 (VALUE CHANGED)
[2026-02-02 10:22:17]   [emp_id: 1857] ✓ Updated: 23.1 → 23.18 (VALUE CHANGED)
[2026-02-02 10:22:17]   [emp_id: 1861] ✓ Updated: 73.93 → 74.01 (VALUE CHANGED)
[2026-02-02 10:22:17]   [emp_id: 1872] ✓ Updated: 12.77 → 12.85 (VALUE CHANGED)
[2026-02-02 10:22:17]   [emp_id: 1897] ✓ Updated: 8.1 → 8.18 (VALUE CHANGED)
[2026-02-02 10:22:17]   [emp_id: 1916] ✓ Updated: 14.4 → 14.48 (VALUE CHANGED)
[2026-02-02 10:22:17]   [emp_id: 1928] ✓ Updated: 67.35 → 67.43 (VALUE CHANGED)
[2026-02-02 10:22:17]   [emp_id: 1931] ✓ Updated: 87.27 → 87.35 (VALUE CHANGED)
[2026-02-02 10:22:17]   [emp_id: 1944] ✓ Updated: 45.43 → 45.51 (VALUE CHANGED)
[2026-02-02 10:22:17]   [emp_id: 1996] ✓ Updated: 73.93 → 74.01 (VALUE CHANGED)
[2026-02-02 10:22:17]   [emp_id: 1997] ✓ Updated: 39.1 → 39.18 (VALUE CHANGED)
[2026-02-02 10:22:17]   [emp_id: 1998] ✓ Updated: 30.54 → 30.62 (VALUE CHANGED)
[2026-02-02 10:22:17]   [emp_id: 1999] ✓ Updated: 31.54 → 31.62 (VALUE CHANGED)
[2026-02-02 10:22:17]   [emp_id: 2009] ✓ Updated: 37.85 → 37.93 (VALUE CHANGED)
[2026-02-02 10:22:17]   [emp_id: 2048] ✓ Updated: 27.68 → 27.76 (VALUE CHANGED)
[2026-02-02 10:22:17]   [emp_id: 2057] ✓ Updated: 68.52 → 68.6 (VALUE CHANGED)
[2026-02-02 10:22:17]   [emp_id: 2079] ✓ Updated: 50.85 → 50.93 (VALUE CHANGED)
[2026-02-02 10:22:17]   [emp_id: 2181] ✓ Updated: 39.85 → 39.93 (VALUE CHANGED)
[2026-02-02 10:22:17]   [emp_id: 2190] ✓ Updated: 9.18 → 9.26 (VALUE CHANGED)
[2026-02-02 10:22:18]   [emp_id: 2212] ✓ Updated: 27.18 → 27.26 (VALUE CHANGED)
[2026-02-02 10:22:18]   [emp_id: 2226] ✓ Updated: 71.93 → 72.01 (VALUE CHANGED)
[2026-02-02 10:22:18]   [emp_id: 2238] ✓ Updated: 70.18 → 70.26 (VALUE CHANGED)
[2026-02-02 10:22:18]   [emp_id: 2285] ✓ Updated: 38.85 → 38.93 (VALUE CHANGED)
[2026-02-02 10:22:18]   [emp_id: 2287] ✓ Updated: 50.52 → 50.6 (VALUE CHANGED)
[2026-02-02 10:22:18]   [emp_id: 2288] ✓ Updated: 5.54 → 5.62 (VALUE CHANGED)
[2026-02-02 10:22:18]   [emp_id: 2316] ✓ Updated: 19.35 → 19.43 (VALUE CHANGED)
[2026-02-02 10:22:18]   [emp_id: 2337] ✓ Updated: 40.43 → 40.51 (VALUE CHANGED)
[2026-02-02 10:22:18]   [emp_id: 2352] ✓ Updated: 71.93 → 72.01 (VALUE CHANGED)
[2026-02-02 10:22:18]   [emp_id: 2358] ✓ Updated: 8.43 → 8.51 (VALUE CHANGED)
[2026-02-02 10:22:18]   [emp_id: 2361] ✓ Updated: 74.1 → 74.18 (VALUE CHANGED)
[2026-02-02 10:22:18]   [emp_id: 2363] ✓ Updated: 76.68 → 76.76 (VALUE CHANGED)
[2026-02-02 10:22:18]   [emp_id: 2364] ✓ Updated: 76.1 → 76.18 (VALUE CHANGED)
[2026-02-02 10:22:18]   [emp_id: 2367] ✓ Updated: 103.77 → 103.85 (VALUE CHANGED)
[2026-02-02 10:22:18]   [emp_id: 2368] ✓ Updated: 34.18 → 34.26 (VALUE CHANGED)
[2026-02-02 10:22:18]   [emp_id: 2372] ✓ Updated: 71.43 → 71.51 (VALUE CHANGED)
[2026-02-02 10:22:18]   [emp_id: 2376] ✓ Updated: 121.43 → 121.51 (VALUE CHANGED)
[2026-02-02 10:22:18]   [emp_id: 2423] ✓ Updated: 22.18 → 22.26 (VALUE CHANGED)
[2026-02-02 10:22:18]   [emp_id: 2519] ✓ Updated: 115.85 → 115.93 (VALUE CHANGED)
[2026-02-02 10:22:18]   [emp_id: 2522] ✓ Updated: 59.43 → 59.51 (VALUE CHANGED)
[2026-02-02 10:22:18]   [emp_id: 2530] ✓ Updated: 54.68 → 54.76 (VALUE CHANGED)
[2026-02-02 10:22:18]   [emp_id: 2539] ✓ Updated: 51.43 → 51.51 (VALUE CHANGED)
[2026-02-02 10:22:18]   [emp_id: 2541] ✓ Updated: 32.02 → 32.1 (VALUE CHANGED)
[2026-02-02 10:22:18]   [emp_id: 2550] ✓ Updated: 98.18 → 98.26 (VALUE CHANGED)
[2026-02-02 10:22:18]   [emp_id: 2553] ✓ Updated: 35.29 → 35.37 (VALUE CHANGED)
[2026-02-02 10:22:18]   [emp_id: 2554] ✓ Updated: 41.77 → 41.85 (VALUE CHANGED)
[2026-02-02 10:22:18]   [emp_id: 2565] ✓ Updated: 96.35 → 96.43 (VALUE CHANGED)
[2026-02-02 10:22:18]   [emp_id: 2572] ✓ Updated: 46.35 → 46.43 (VALUE CHANGED)
[2026-02-02 10:22:18]   [emp_id: 2637] ✓ Updated: 66.93 → 67.01 (VALUE CHANGED)
[2026-02-02 10:22:18]   [emp_id: 2642] ✓ Updated: 79.68 → 79.76 (VALUE CHANGED)
[2026-02-02 10:22:18]   [emp_id: 2645] ✓ Updated: 95.68 → 95.76 (VALUE CHANGED)
[2026-02-02 10:22:18]   [emp_id: 2648] ✓ Updated: 47.35 → 47.43 (VALUE CHANGED)
[2026-02-02 10:22:18]   [emp_id: 2654] ✓ Updated: 90.02 → 90.1 (VALUE CHANGED)
[2026-02-02 10:22:18]   [emp_id: 2688] ✓ Updated: 28.1 → 28.18 (VALUE CHANGED)
[2026-02-02 10:22:18]   [emp_id: 2690] ✓ Updated: 16.85 → 16.93 (VALUE CHANGED)
[2026-02-02 10:22:18]   [emp_id: 2709] ✓ Updated: 39.1 → 39.18 (VALUE CHANGED)
[2026-02-02 10:22:18]   [emp_id: 2745] ✓ Updated: 35.68 → 35.76 (VALUE CHANGED)
[2026-02-02 10:22:18]   [emp_id: 2843] ✓ Updated: 82.27 → 82.35 (VALUE CHANGED)
[2026-02-02 10:22:18]   [emp_id: 2854] ✓ Updated: 62.18 → 62.26 (VALUE CHANGED)
[2026-02-02 10:22:18]   [emp_id: 2869] ✓ Updated: 6.1 → 6.18 (VALUE CHANGED)
[2026-02-02 10:22:18]   [emp_id: 2876] ✓ Updated: 36.93 → 37.01 (VALUE CHANGED)
[2026-02-02 10:22:18]   [emp_id: 2924] ✓ Updated: 18.1 → 18.18 (VALUE CHANGED)
[2026-02-02 10:22:18]   [emp_id: 2953] ✓ Updated: 103.85 → 103.93 (VALUE CHANGED)
[2026-02-02 10:22:18]   [emp_id: 2961] ✓ Updated: 13.85 → 13.93 (VALUE CHANGED)
[2026-02-02 10:22:18]   [emp_id: 2975] ✓ Updated: 3.53 → 3.61 (VALUE CHANGED)
[2026-02-02 10:22:18]   [emp_id: 3013] ✓ Updated: 12.85 → 12.93 (VALUE CHANGED)
[2026-02-02 10:22:19]   [emp_id: 3014] ✓ Updated: 92.1 → 92.18 (VALUE CHANGED)
[2026-02-02 10:22:19]   [emp_id: 3015] ✓ Updated: 3.35 → 3.43 (VALUE CHANGED)
[2026-02-02 10:22:19]   [emp_id: 3018] ✓ Updated: 62.1 → 62.18 (VALUE CHANGED)
[2026-02-02 10:22:19]   [emp_id: 3025] ✓ Updated: 25.87 → 25.95 (VALUE CHANGED)
[2026-02-02 10:22:19]   [emp_id: 3037] ✓ Updated: 85.6 → 85.68 (VALUE CHANGED)
[2026-02-02 10:22:19]   [emp_id: 3047] ✓ Updated: 73.85 → 73.93 (VALUE CHANGED)
[2026-02-02 10:22:19]   [emp_id: 3061] ✓ Updated: 20.77 → 20.85 (VALUE CHANGED)
[2026-02-02 10:22:19]   [emp_id: 3062] ✓ Updated: 53.93 → 54.01 (VALUE CHANGED)
[2026-02-02 10:22:19]   [emp_id: 3074] ✓ Updated: 110.35 → 110.43 (VALUE CHANGED)
[2026-02-02 10:22:19]   [emp_id: 3089] ✓ Updated: 9.27 → 9.35 (VALUE CHANGED)
[2026-02-02 10:22:19]   [emp_id: 3090] ✓ Updated: 35.85 → 35.93 (VALUE CHANGED)
[2026-02-02 10:22:19]   [emp_id: 3091] ✓ Updated: 47.85 → 47.93 (VALUE CHANGED)
[2026-02-02 10:22:19]   [emp_id: 3092] ✓ Updated: 30.52 → 30.6 (VALUE CHANGED)
[2026-02-02 10:22:19]   [emp_id: 3105] ✓ Updated: 50.85 → 50.93 (VALUE CHANGED)
[2026-02-02 10:22:19]   [emp_id: 3134] ✓ Updated: 46.6 → 46.68 (VALUE CHANGED)
[2026-02-02 10:22:19]   [emp_id: 3140] ✓ Updated: 43.68 → 43.76 (VALUE CHANGED)
[2026-02-02 10:22:19]   [emp_id: 3144] ✓ Updated: 16.52 → 16.6 (VALUE CHANGED)
[2026-02-02 10:22:19]   [emp_id: 3156] ✓ Updated: 19.85 → 19.93 (VALUE CHANGED)
[2026-02-02 10:22:19]   [emp_id: 3162] ✓ Updated: 4.83 → 4.91 (VALUE CHANGED)
[2026-02-02 10:22:19]   [emp_id: 3163] ✓ Updated: 8.1 → 8.18 (VALUE CHANGED)
[2026-02-02 10:22:19]   [emp_id: 3198] ✓ Updated: 43.1 → 43.18 (VALUE CHANGED)
[2026-02-02 10:22:19]   [emp_id: 3205] ✓ Updated: 19.77 → 19.85 (VALUE CHANGED)
[2026-02-02 10:22:19]   [emp_id: 3209] ✓ Updated: 43.93 → 44.01 (VALUE CHANGED)
[2026-02-02 10:22:19]   [emp_id: 3223] ✓ Updated: 92.85 → 92.93 (VALUE CHANGED)
[2026-02-02 10:22:19]   [emp_id: 3224] ✓ Updated: 67.6 → 67.68 (VALUE CHANGED)
[2026-02-02 10:22:19]   [emp_id: 3230] ✓ Updated: 91.02 → 91.1 (VALUE CHANGED)
[2026-02-02 10:22:19]   [emp_id: 3231] ✓ Updated: 3.39 → 3.47 (VALUE CHANGED)
[2026-02-02 10:22:19]   [emp_id: 3233] ✓ Updated: 83.85 → 83.93 (VALUE CHANGED)
[2026-02-02 10:22:19]   [emp_id: 3249] ✓ Updated: 39.68 → 39.76 (VALUE CHANGED)
[2026-02-02 10:22:19]   [emp_id: 3250] ✓ Updated: 12.68 → 12.76 (VALUE CHANGED)
[2026-02-02 10:22:19]   [emp_id: 3252] ✓ Updated: 13.6 → 13.68 (VALUE CHANGED)
[2026-02-02 10:22:19]   [emp_id: 3254] ✓ Updated: 24.1 → 24.18 (VALUE CHANGED)
[2026-02-02 10:22:19]   [emp_id: 3255] ✓ Updated: 20.52 → 20.6 (VALUE CHANGED)
[2026-02-02 10:22:19]   [emp_id: 3256] ✓ Updated: 16.77 → 16.85 (VALUE CHANGED)
[2026-02-02 10:22:19]   [emp_id: 3263] ✓ Updated: 32.85 → 32.93 (VALUE CHANGED)
[2026-02-02 10:22:19]   [emp_id: 3265] ✓ Updated: 28.43 → 28.51 (VALUE CHANGED)
[2026-02-02 10:22:19]   [emp_id: 3280] ✓ Updated: 75.35 → 75.43 (VALUE CHANGED)
[2026-02-02 10:22:19]   [emp_id: 3286] ✓ Updated: 18.52 → 18.6 (VALUE CHANGED)
[2026-02-02 10:22:19]   [emp_id: 3294] ✓ Updated: 18.18 → 18.26 (VALUE CHANGED)
[2026-02-02 10:22:19]   [emp_id: 3321] ✓ Updated: 75.35 → 75.43 (VALUE CHANGED)
[2026-02-02 10:22:19]   [emp_id: 3325] ✓ Updated: 63.1 → 63.18 (VALUE CHANGED)
[2026-02-02 10:22:19]   [emp_id: 3329] ✓ Updated: 65.43 → 65.51 (VALUE CHANGED)
[2026-02-02 10:22:19]   [emp_id: 3330] ✓ Updated: 65.43 → 65.51 (VALUE CHANGED)
[2026-02-02 10:22:20]   [emp_id: 3332] ✓ Updated: 65.43 → 65.51 (VALUE CHANGED)
[2026-02-02 10:22:20]   [emp_id: 3370] ✓ Updated: 56.94 → 57.02 (VALUE CHANGED)
[2026-02-02 10:22:20]   [emp_id: 3384] ✓ Updated: 17.6 → 17.68 (VALUE CHANGED)
[2026-02-02 10:22:20]   [emp_id: 3386] ✓ Updated: 47.6 → 47.68 (VALUE CHANGED)
[2026-02-02 10:22:20]   [emp_id: 3431] ✓ Updated: 22.02 → 22.1 (VALUE CHANGED)
[2026-02-02 10:22:20]   [emp_id: 3497] ✓ Updated: 12.18 → 12.26 (VALUE CHANGED)
[2026-02-02 10:22:20]   [emp_id: 3532] ✓ Updated: 3.02 → 3.1 (VALUE CHANGED)
[2026-02-02 10:22:20]   [emp_id: 3602] ✓ Updated: 4.59 → 4.67 (VALUE CHANGED)
[2026-02-02 10:22:20]   [emp_id: 3618] ✓ Updated: 26.57 → 26.65 (VALUE CHANGED)
[2026-02-02 10:22:20]   [emp_id: 3622] ✓ Updated: 36.75 → 36.81 (VALUE CHANGED)
[2026-02-02 10:22:20]   [emp_id: 3627] ✓ Updated: 12.52 → 12.6 (VALUE CHANGED)
[2026-02-02 10:22:20]   [emp_id: 3665] ✓ Updated: 54.1 → 54.18 (VALUE CHANGED)
[2026-02-02 10:22:20]   [emp_id: 3705] ✓ Updated: 30.08 → 30.14 (VALUE CHANGED)
[2026-02-02 10:22:20]   [emp_id: 3724] ✓ Updated: 47.1 → 47.18 (VALUE CHANGED)
[2026-02-02 10:22:20]   [emp_id: 3726] ✓ Updated: 63.52 → 63.6 (VALUE CHANGED)
[2026-02-02 10:22:20]   [emp_id: 3727] ✓ Updated: 68.6 → 68.68 (VALUE CHANGED)
[2026-02-02 10:22:20]   [emp_id: 3728] ✓ Updated: 12.93 → 13.01 (VALUE CHANGED)
[2026-02-02 10:22:20]   [emp_id: 3767] ✓ Updated: 3.68 → 3.76 (VALUE CHANGED)
[2026-02-02 10:22:20]   [emp_id: 3768] ✓ Updated: 59.93 → 60.01 (VALUE CHANGED)
[2026-02-02 10:22:20]   [emp_id: 3787] ✓ Updated: 60.52 → 60.6 (VALUE CHANGED)
[2026-02-02 10:22:20]   [emp_id: 3790] ✓ Updated: 5.07 → 5.15 (VALUE CHANGED)
[2026-02-02 10:22:20]   [emp_id: 3795] ✓ Updated: 18.02 → 18.1 (VALUE CHANGED)
[2026-02-02 10:22:20]   [emp_id: 3798] ✓ Updated: 96.43 → 96.51 (VALUE CHANGED)
[2026-02-02 10:22:20]   [emp_id: 3801] ✓ Updated: 4.7 → 4.78 (VALUE CHANGED)
[2026-02-02 10:22:20]   [emp_id: 3802] ✓ Updated: 33.68 → 33.76 (VALUE CHANGED)
[2026-02-02 10:22:20]   [emp_id: 3803] ✓ Updated: 118.1 → 118.18 (VALUE CHANGED)
[2026-02-02 10:22:20]   [emp_id: 3810] ✓ Updated: 64.1 → 64.18 (VALUE CHANGED)
[2026-02-02 10:22:20]   [emp_id: 3812] ✓ Updated: 93.1 → 93.18 (VALUE CHANGED)
[2026-02-02 10:22:20]   [emp_id: 3815] ✓ Updated: 93.1 → 93.18 (VALUE CHANGED)
[2026-02-02 10:22:20]   [emp_id: 3836] ✓ Updated: 60.77 → 60.85 (VALUE CHANGED)
[2026-02-02 10:22:20]   [emp_id: 3855] ✓ Updated: 53.93 → 54.01 (VALUE CHANGED)
[2026-02-02 10:22:20]   [emp_id: 3857] ✓ Updated: 57.6 → 57.68 (VALUE CHANGED)
[2026-02-02 10:22:20]   [emp_id: 3862] ✓ Updated: 105.68 → 105.76 (VALUE CHANGED)
[2026-02-02 10:22:20]   [emp_id: 3866] ✓ Updated: 30.93 → 31.01 (VALUE CHANGED)
[2026-02-02 10:22:20]   [emp_id: 3876] ✓ Updated: 27.1 → 27.18 (VALUE CHANGED)
[2026-02-02 10:22:20]   [emp_id: 3877] ✓ Updated: 52.6 → 52.68 (VALUE CHANGED)
[2026-02-02 10:22:20]   [emp_id: 3897] ✓ Updated: 40.85 → 40.93 (VALUE CHANGED)
[2026-02-02 10:22:20]   [emp_id: 3899] ✓ Updated: 2.67 → 2.75 (VALUE CHANGED)
[2026-02-02 10:22:20]   [emp_id: 3928] ✓ Updated: 16.93 → 17.01 (VALUE CHANGED)
[2026-02-02 10:22:20]   [emp_id: 3929] ✓ Updated: 11.93 → 12.01 (VALUE CHANGED)
[2026-02-02 10:22:20]   [emp_id: 3935] ✓ Updated: 96.93 → 97.01 (VALUE CHANGED)
[2026-02-02 10:22:20]   [emp_id: 3952] ✓ Updated: 78.27 → 78.35 (VALUE CHANGED)
[2026-02-02 10:22:20]   [emp_id: 3987] ✓ Updated: 17.18 → 17.26 (VALUE CHANGED)
[2026-02-02 10:22:20]   [emp_id: 4059] ✓ Updated: 6.38 → 6.46 (VALUE CHANGED)
[2026-02-02 10:22:21]   [emp_id: 4119] ✓ Updated: 59.85 → 59.93 (VALUE CHANGED)
[2026-02-02 10:22:21]   [emp_id: 4120] ✓ Updated: 29.43 → 29.51 (VALUE CHANGED)
[2026-02-02 10:22:21]   [emp_id: 4124] ✓ Updated: 29.95 → 30.03 (VALUE CHANGED)
[2026-02-02 10:22:21]   [emp_id: 4133] ✓ Updated: 108.43 → 108.51 (VALUE CHANGED)
[2026-02-02 10:22:21]   [emp_id: 4134] ✓ Updated: 29.43 → 29.51 (VALUE CHANGED)
[2026-02-02 10:22:21]   [emp_id: 4136] ✓ Updated: 29.43 → 29.51 (VALUE CHANGED)
[2026-02-02 10:22:21]   [emp_id: 4150] ✓ Updated: 28.1 → 28.18 (VALUE CHANGED)
[2026-02-02 10:22:21]   [emp_id: 4157] ✓ Updated: 21.6 → 21.68 (VALUE CHANGED)
[2026-02-02 10:22:21]   [emp_id: 4172] ✓ Updated: 14.66 → 14.72 (VALUE CHANGED)
[2026-02-02 10:22:21]   [emp_id: 4195] ✓ Updated: 65.18 → 65.26 (VALUE CHANGED)
[2026-02-02 10:22:21]   [emp_id: 4215] ✓ Updated: 47.85 → 47.93 (VALUE CHANGED)
[2026-02-02 10:22:21]   [emp_id: 4220] ✓ Updated: 43.43 → 43.51 (VALUE CHANGED)
[2026-02-02 10:22:21]   [emp_id: 4273] ✓ Updated: 12.1 → 12.18 (VALUE CHANGED)
[2026-02-02 10:22:21]   [emp_id: 4283] ✓ Updated: 15.75 → 15.81 (VALUE CHANGED)
[2026-02-02 10:22:21]   [emp_id: 4288] ✓ Updated: 2.67 → 2.75 (VALUE CHANGED)
[2026-02-02 10:22:21]   [emp_id: 4315] ✓ Updated: 15.35 → 15.43 (VALUE CHANGED)
[2026-02-02 10:22:21]   [emp_id: 4328] ✓ Updated: 44.58 → 44.64 (VALUE CHANGED)
[2026-02-02 10:22:21]   [emp_id: 4329] ✓ Updated: 8.52 → 8.6 (VALUE CHANGED)
[2026-02-02 10:22:21]   [emp_id: 4338] ✓ Updated: 50.1 → 50.18 (VALUE CHANGED)
[2026-02-02 10:22:21]   [emp_id: 4340] ✓ Updated: 112.1 → 112.18 (VALUE CHANGED)
[2026-02-02 10:22:21]   [emp_id: 4365] ✓ Updated: 63.52 → 63.6 (VALUE CHANGED)
[2026-02-02 10:22:21]   [emp_id: 4366] ✓ Updated: 62.6 → 62.68 (VALUE CHANGED)
[2026-02-02 10:22:21]   [emp_id: 4403] ✓ Updated: 88.43 → 88.51 (VALUE CHANGED)
[2026-02-02 10:22:21]   [emp_id: 4438] ✓ Updated: 24.1 → 24.18 (VALUE CHANGED)
[2026-02-02 10:22:21]   [emp_id: 4465] ✓ Updated: 14.91 → 14.97 (VALUE CHANGED)
[2026-02-02 10:22:21]   [emp_id: 4473] ✓ Updated: 47.68 → 47.76 (VALUE CHANGED)
[2026-02-02 10:22:21]   [emp_id: 4474] ✓ Updated: 5.42 → 5.48 (VALUE CHANGED)
[2026-02-02 10:22:21]   [emp_id: 4493] ✓ Updated: 166.52 → 166.6 (VALUE CHANGED)
[2026-02-02 10:22:21]   [emp_id: 4526] ✓ Updated: 38.77 → 38.85 (VALUE CHANGED)
[2026-02-02 10:22:21]   [emp_id: 4528] ✓ Updated: 110.52 → 110.6 (VALUE CHANGED)
[2026-02-02 10:22:21]   [emp_id: 4528] ✓ Updated: 110.52 → 110.6 (VALUE CHANGED)
[2026-02-02 10:22:21]   [emp_id: 4532] ✓ Updated: 10.03 → 10.09 (VALUE CHANGED)
[2026-02-02 10:22:21]   [emp_id: 4533] ✓ Updated: 38.93 → 39.01 (VALUE CHANGED)
[2026-02-02 10:22:21]   [emp_id: 4565] ✓ Updated: 17.41 → 17.47 (VALUE CHANGED)
[2026-02-02 10:22:21]   [emp_id: 4567] ✓ Updated: 21.66 → 21.72 (VALUE CHANGED)
[2026-02-02 10:22:21]   [emp_id: 4572] ✓ Updated: 61.16 → 61.22 (VALUE CHANGED)
[2026-02-02 10:22:21]   [emp_id: 4631] ✓ Updated: 17.41 → 17.47 (VALUE CHANGED)
[2026-02-02 10:22:21]   [emp_id: 4655] ✓ Updated: 27.85 → 27.93 (VALUE CHANGED)
[2026-02-02 10:22:21]   [emp_id: 4709] ✓ Updated: 43.1 → 43.18 (VALUE CHANGED)
[2026-02-02 10:22:21]   [emp_id: 4717] ✓ Updated: 69.1 → 69.18 (VALUE CHANGED)
[2026-02-02 10:22:21]   [emp_id: 4736] ✓ Updated: 30.93 → 31.01 (VALUE CHANGED)
[2026-02-02 10:22:21]   [emp_id: 4756] ✓ Updated: 13.85 → 13.91 (VALUE CHANGED)
[2026-02-02 10:22:21]   [emp_id: 4768] ✓ Updated: 16.6 → 16.68 (VALUE CHANGED)
[2026-02-02 10:22:21]   [emp_id: 4780] ✓ Updated: 67.58 → 67.64 (VALUE CHANGED)
[2026-02-02 10:22:21]   [emp_id: 4820] ✓ Updated: 101.93 → 102.01 (VALUE CHANGED)
[2026-02-02 10:22:22]   [emp_id: 4824] ✓ Updated: 5.11 → 5.19 (VALUE CHANGED)
[2026-02-02 10:22:22]   [emp_id: 4825] ✓ Updated: 33.68 → 33.76 (VALUE CHANGED)
[2026-02-02 10:22:22]   [emp_id: 4837] ✓ Updated: 47.57 → 47.63 (VALUE CHANGED)
[2026-02-02 10:22:22]   [emp_id: 4840] ✓ Updated: 47.57 → 47.63 (VALUE CHANGED)
[2026-02-02 10:22:22]   [emp_id: 4842] ✓ Updated: 46.81 → 46.87 (VALUE CHANGED)
[2026-02-02 10:22:22]   [emp_id: 4843] ✓ Updated: 47.34 → 47.4 (VALUE CHANGED)
[2026-02-02 10:22:22]   [emp_id: 4853] ✓ Updated: 91.16 → 91.22 (VALUE CHANGED)
[2026-02-02 10:22:22]   [emp_id: 4856] ✓ Updated: 44.48 → 44.54 (VALUE CHANGED)
[2026-02-02 10:22:22]   [emp_id: 4857] ✓ Updated: 27.3 → 27.36 (VALUE CHANGED)
[2026-02-02 10:22:22]   [emp_id: 4858] ✓ Updated: 24.18 → 24.24 (VALUE CHANGED)
[2026-02-02 10:22:22]   [emp_id: 4859] ✓ Updated: 45.65 → 45.71 (VALUE CHANGED)
[2026-02-02 10:22:22]   [emp_id: 4860] ✓ Updated: 10.15 → 10.21 (VALUE CHANGED)
[2026-02-02 10:22:22]   [emp_id: 4861] ✓ Updated: 43.61 → 43.67 (VALUE CHANGED)
[2026-02-02 10:22:22]   [emp_id: 4869] ✓ Updated: 86.49 → 86.55 (VALUE CHANGED)
[2026-02-02 10:22:22]   [emp_id: 4894] ✓ Updated: 10.6 → 10.68 (VALUE CHANGED)
[2026-02-02 10:22:22]   [emp_id: 4897] ✓ Updated: 25.39 → 25.45 (VALUE CHANGED)
[2026-02-02 10:22:22]   [emp_id: 4899] ✓ Updated: 21.56 → 21.62 (VALUE CHANGED)
[2026-02-02 10:22:22]   [emp_id: 4902] ✓ Updated: 20.98 → 21.04 (VALUE CHANGED)
[2026-02-02 10:22:22]   [emp_id: 4903] ✓ Updated: 23.2 → 23.26 (VALUE CHANGED)
[2026-02-02 10:22:22]   [emp_id: 4905] ✓ Updated: 21.86 → 21.92 (VALUE CHANGED)
[2026-02-02 10:22:22]   [emp_id: 4907] ✓ Updated: 50.68 → 50.76 (VALUE CHANGED)
[2026-02-02 10:22:22]   [emp_id: 4917] ✓ Updated: 18.82 → 18.88 (VALUE CHANGED)
[2026-02-02 10:22:22]   [emp_id: 4918] ✓ Updated: 8.59 → 8.65 (VALUE CHANGED)
[2026-02-02 10:22:22]   [emp_id: 4919] ✓ Updated: 60.88 → 60.94 (VALUE CHANGED)
[2026-02-02 10:22:22]   [emp_id: 4920] ✓ Updated: 7.96 → 8.02 (VALUE CHANGED)
[2026-02-02 10:22:22]   [emp_id: 4921] ✓ Updated: 20.05 → 20.11 (VALUE CHANGED)
[2026-02-02 10:22:22]   [emp_id: 4927] ✓ Updated: 18.88 → 18.94 (VALUE CHANGED)
[2026-02-02 10:22:22]   [emp_id: 4929] ✓ Updated: 20.4 → 20.46 (VALUE CHANGED)
[2026-02-02 10:22:22]   [emp_id: 4930] ✓ Updated: 61.17 → 61.23 (VALUE CHANGED)
[2026-02-02 10:22:22]   [emp_id: 4932] ✓ Updated: 19.17 → 19.23 (VALUE CHANGED)
[2026-02-02 10:22:22]   [emp_id: 4933] ✓ Updated: 22.58 → 22.64 (VALUE CHANGED)
[2026-02-02 10:22:22]   [emp_id: 4949] ✓ Updated: 26.01 → 26.07 (VALUE CHANGED)
[2026-02-02 10:22:22]   [emp_id: 4956] ✓ Updated: 31.6 → 31.66 (VALUE CHANGED)
[2026-02-02 10:22:22]   [emp_id: 4957] ✓ Updated: 27.27 → 27.33 (VALUE CHANGED)
[2026-02-02 10:22:22]   [emp_id: 4962] ✓ Updated: 50.04 → 50.12 (VALUE CHANGED)
[2026-02-02 10:22:22]   [emp_id: 4969] ✓ Updated: 49.35 → 49.43 (VALUE CHANGED)
[2026-02-02 10:22:22]   [emp_id: 4976] ✓ Updated: 12.29 → 12.35 (VALUE CHANGED)
[2026-02-02 10:22:22]   [emp_id: 4984] ✓ Updated: 40.6 → 40.68 (VALUE CHANGED)
[2026-02-02 10:22:22]   [emp_id: 4995] ✓ Updated: 52.67 → 52.75 (VALUE CHANGED)
[2026-02-02 10:22:22]   [emp_id: 5004] ✓ Updated: 29.23 → 29.29 (VALUE CHANGED)
[2026-02-02 10:22:22]   [emp_id: 5006] ✓ Updated: 28.97 → 29.03 (VALUE CHANGED)
[2026-02-02 10:22:22]   [emp_id: 5011] ✓ Updated: 8.45 → 8.53 (VALUE CHANGED)
[2026-02-02 10:22:22]   [emp_id: 5013] ✓ Updated: 69.34 → 69.4 (VALUE CHANGED)
[2026-02-02 10:22:22]   [emp_id: 5018] ✓ Updated: 5.83 → 5.89 (VALUE CHANGED)
[2026-02-02 10:22:22]   [emp_id: 5021] ✓ Updated: 63.7 → 63.78 (VALUE CHANGED)
[2026-02-02 10:22:22]   [emp_id: 5024] ✓ Updated: 3.85 → 3.91 (VALUE CHANGED)
[2026-02-02 10:22:23]   [emp_id: 5030] ✓ Updated: 33.8 → 33.86 (VALUE CHANGED)
[2026-02-02 10:22:23]   [emp_id: 5033] ✓ Updated: 12.6 → 12.66 (VALUE CHANGED)
[2026-02-02 10:22:23]   [emp_id: 5043] ✓ Updated: 33.27 → 33.35 (VALUE CHANGED)
[2026-02-02 10:22:23]   [emp_id: 5045] ✓ Updated: 29.77 → 29.85 (VALUE CHANGED)
[2026-02-02 10:22:23]   [emp_id: 5046] ✓ Updated: 24.96 → 25.04 (VALUE CHANGED)
[2026-02-02 10:22:23]   [emp_id: 5049] ✓ Updated: 1.28 → 1.34 (VALUE CHANGED)
[2026-02-02 10:22:23]   [emp_id: 5052] ✓ Updated: 32.56 → 32.62 (VALUE CHANGED)
[2026-02-02 10:22:23]   [emp_id: 5055] ✓ Updated: 21 → 21.06 (VALUE CHANGED)
[2026-02-02 10:22:23]   [emp_id: 5058] ✓ Updated: 29.98 → 30.04 (VALUE CHANGED)
[2026-02-02 10:22:23]   [emp_id: 5062] ✓ Updated: 41.81 → 41.87 (VALUE CHANGED)
[2026-02-02 10:22:23]   [emp_id: 5064] ✓ Updated: 120.6 → 120.68 (VALUE CHANGED)
[2026-02-02 10:22:23]   [emp_id: 5065] ✓ Updated: 41.22 → 41.28 (VALUE CHANGED)
[2026-02-02 10:22:23]   [emp_id: 5071] ✓ Updated: 26.1 → 26.18 (VALUE CHANGED)
[2026-02-02 10:22:23]   [emp_id: 5073] ✓ Updated: 15.82 → 15.88 (VALUE CHANGED)
[2026-02-02 10:22:23]   [emp_id: 5079] ✓ Updated: 36.38 → 36.44 (VALUE CHANGED)
[2026-02-02 10:22:23]   [emp_id: 5080] ✓ Updated: 29.71 → 29.77 (VALUE CHANGED)
[2026-02-02 10:22:23]   [emp_id: 5081] ✓ Updated: 17.97 → 18.03 (VALUE CHANGED)
[2026-02-02 10:22:23]   [emp_id: 5087] ✓ Updated: 38.01 → 38.07 (VALUE CHANGED)
[2026-02-02 10:22:23]   [emp_id: 5091] ✓ Updated: 77.86 → 77.92 (VALUE CHANGED)
[2026-02-02 10:22:23]   [emp_id: 5093] ✓ Updated: 17.27 → 17.35 (VALUE CHANGED)
[2026-02-02 10:22:23]   [emp_id: 5095] ✓ Updated: 3.4 → 3.46 (VALUE CHANGED)
[2026-02-02 10:22:23]   [emp_id: 5101] ✓ Updated: 19.35 → 19.43 (VALUE CHANGED)
[2026-02-02 10:22:23]   [emp_id: 5107] ✓ Updated: 17.68 → 17.76 (VALUE CHANGED)
[2026-02-02 10:22:23]   [emp_id: 5109] ✓ Updated: 14.93 → 15.01 (VALUE CHANGED)
[2026-02-02 10:22:23]   [emp_id: 5119] ✓ Updated: 13.1 → 13.18 (VALUE CHANGED)
[2026-02-02 10:22:23]   [emp_id: 5122] ✓ Updated: 10.27 → 10.35 (VALUE CHANGED)
[2026-02-02 10:22:23]   [emp_id: 5126] ✓ Updated: 28.74 → 28.8 (VALUE CHANGED)
[2026-02-02 10:22:23]   [emp_id: 5127] ✓ Updated: 1.47 → 1.53 (VALUE CHANGED)
[2026-02-02 10:22:23]   [emp_id: 5128] ✓ Updated: 28.68 → 28.74 (VALUE CHANGED)
[2026-02-02 10:22:23]   [emp_id: 5138] ✓ Updated: 52.93 → 53.01 (VALUE CHANGED)
[2026-02-02 10:22:23]   [emp_id: 5138] ✓ Updated: 52.93 → 53.01 (VALUE CHANGED)
[2026-02-02 10:22:23]   [emp_id: 5141] ✓ Updated: 37.05 → 37.11 (VALUE CHANGED)
[2026-02-02 10:22:23]   [emp_id: 5142] ✓ Updated: 16.05 → 16.11 (VALUE CHANGED)
[2026-02-02 10:22:23]   [emp_id: 5146] ✓ Updated: 23.05 → 23.11 (VALUE CHANGED)
[2026-02-02 10:22:23]   [emp_id: 5147] ✓ Updated: 22.05 → 22.11 (VALUE CHANGED)
[2026-02-02 10:22:23]   [emp_id: 5148] ✓ Updated: 27.4 → 27.46 (VALUE CHANGED)
[2026-02-02 10:22:23]   [emp_id: 5149] ✓ Updated: 26.29 → 26.35 (VALUE CHANGED)
[2026-02-02 10:22:23]   [emp_id: 5150] ✓ Updated: 25.65 → 25.71 (VALUE CHANGED)
[2026-02-02 10:22:23]   [emp_id: 5151] ✓ Updated: 25.47 → 25.53 (VALUE CHANGED)
[2026-02-02 10:22:23]   [emp_id: 5152] ✓ Updated: 5.89 → 5.95 (VALUE CHANGED)
[2026-02-02 10:22:23]   [emp_id: 5157] ✓ Updated: 25.47 → 25.53 (VALUE CHANGED)
[2026-02-02 10:22:23]   [emp_id: 5160] ✓ Updated: 25.47 → 25.53 (VALUE CHANGED)
[2026-02-02 10:22:23]   [emp_id: 5163] ✓ Updated: 23.26 → 23.32 (VALUE CHANGED)
[2026-02-02 10:22:23]   [emp_id: 5165] ✓ Updated: 4.37 → 4.45 (VALUE CHANGED)
[2026-02-02 10:22:23]   [emp_id: 5167] ✓ Updated: 32.41 → 32.47 (VALUE CHANGED)
[2026-02-02 10:22:23]   [emp_id: 5168] ✓ Updated: 24.95 → 25.01 (VALUE CHANGED)
[2026-02-02 10:22:24]   [emp_id: 5173] ✓ Updated: 28.02 → 28.1 (VALUE CHANGED)
[2026-02-02 10:22:24]   [emp_id: 5174] ✓ Updated: 25.41 → 25.47 (VALUE CHANGED)
[2026-02-02 10:22:24]   [emp_id: 5181] ✓ Updated: 21.8 → 21.86 (VALUE CHANGED)
[2026-02-02 10:22:24]   [emp_id: 5186] ✓ Updated: 27.33 → 27.39 (VALUE CHANGED)
[2026-02-02 10:22:24]   [emp_id: 5187] ✓ Updated: 38.33 → 38.39 (VALUE CHANGED)
[2026-02-02 10:22:24]   [emp_id: 5204] ✓ Updated: 25.52 → 25.6 (VALUE CHANGED)
[2026-02-02 10:22:24]   [emp_id: 5205] ✓ Updated: 14.54 → 14.6 (VALUE CHANGED)
[2026-02-02 10:22:24]   [emp_id: 5209] ✓ Updated: 17.54 → 17.6 (VALUE CHANGED)
[2026-02-02 10:22:24]   [emp_id: 5213] ✓ Updated: 4.95 → 5.01 (VALUE CHANGED)
[2026-02-02 10:22:24]   [emp_id: 5214] ✓ Updated: 3.79 → 3.85 (VALUE CHANGED)
[2026-02-02 10:22:24]   [emp_id: 5215] ✓ Updated: 12.54 → 12.6 (VALUE CHANGED)
[2026-02-02 10:22:24]   [emp_id: 5217] ✓ Updated: 11.54 → 11.6 (VALUE CHANGED)
[2026-02-02 10:22:24]   [emp_id: 5219] ✓ Updated: 15.54 → 15.6 (VALUE CHANGED)
[2026-02-02 10:22:24]   [emp_id: 5221] ✓ Updated: 4.85 → 4.91 (VALUE CHANGED)
[2026-02-02 10:22:24]   [emp_id: 5224] ✓ Updated: 16.54 → 16.6 (VALUE CHANGED)
[2026-02-02 10:22:24]   [emp_id: 5225] ✓ Updated: 8.85 → 8.91 (VALUE CHANGED)
[2026-02-02 10:22:24]   [emp_id: 5228] ✓ Updated: 11.54 → 11.6 (VALUE CHANGED)
[2026-02-02 10:22:24]   [emp_id: 5229] ✓ Updated: 7.54 → 7.6 (VALUE CHANGED)
[2026-02-02 10:22:24]   [emp_id: 5230] ✓ Updated: 12.21 → 12.27 (VALUE CHANGED)
[2026-02-02 10:22:24]   [emp_id: 5231] ✓ Updated: 8.54 → 8.6 (VALUE CHANGED)
[2026-02-02 10:22:24]   [emp_id: 5232] ✓ Updated: 2.54 → 2.6 (VALUE CHANGED)
[2026-02-02 10:22:24]   [emp_id: 5233] ✓ Updated: 6.54 → 6.6 (VALUE CHANGED)
[2026-02-02 10:22:24]   [emp_id: 5234] ✓ Updated: 6.54 → 6.6 (VALUE CHANGED)
[2026-02-02 10:22:24]   [emp_id: 5235] ✓ Updated: 1.98 → 2.04 (VALUE CHANGED)
[2026-02-02 10:22:24]   [emp_id: 5237] ✓ Updated: 12.79 → 12.85 (VALUE CHANGED)
[2026-02-02 10:22:24]   [emp_id: 5239] ✓ Updated: 9.54 → 9.6 (VALUE CHANGED)
[2026-02-02 10:22:24]   [emp_id: 5241] ✓ Updated: 7.54 → 7.6 (VALUE CHANGED)
[2026-02-02 10:22:24]   [emp_id: 5242] ✓ Updated: 17.54 → 17.6 (VALUE CHANGED)
[2026-02-02 10:22:24]   [emp_id: 5243] ✓ Updated: 3.95 → 4.01 (VALUE CHANGED)
[2026-02-02 10:22:24]   [emp_id: 5244] ✓ Updated: 1.98 → 2.04 (VALUE CHANGED)
[2026-02-02 10:22:24]   [emp_id: 5246] ✓ Updated: 13.54 → 13.6 (VALUE CHANGED)
[2026-02-02 10:22:24]   [emp_id: 5253] ✓ Updated: 26.41 → 26.47 (VALUE CHANGED)
[2026-02-02 10:22:24]   [emp_id: 5254] ✓ Updated: 14.39 → 14.45 (VALUE CHANGED)
[2026-02-02 10:22:24]   [emp_id: 5257] ✓ Updated: 14.1 → 14.16 (VALUE CHANGED)
[2026-02-02 10:22:24]   [emp_id: 5259] ✓ Updated: 50.63 → 50.69 (VALUE CHANGED)
[2026-02-02 10:22:24]   [emp_id: 5261] ✓ Updated: 19.12 → 19.2 (VALUE CHANGED)
[2026-02-02 10:22:24]   [emp_id: 5264] ✓ Updated: 16.11 → 16.17 (VALUE CHANGED)
[2026-02-02 10:22:24]   [emp_id: 5266] ✓ Updated: 22.73 → 22.79 (VALUE CHANGED)
[2026-02-02 10:22:24]   [emp_id: 5268] ✓ Updated: 11.3 → 11.36 (VALUE CHANGED)
[2026-02-02 10:22:24]   [emp_id: 5271] ✓ Updated: 9.96 → 10.02 (VALUE CHANGED)
[2026-02-02 10:22:24]   [emp_id: 5272] ✓ Updated: 10.83 → 10.89 (VALUE CHANGED)
[2026-02-02 10:22:24]   [emp_id: 5273] ✓ Updated: 25.9 → 25.96 (VALUE CHANGED)
[2026-02-02 10:22:24]   [emp_id: 5275] ✓ Updated: 11.65 → 11.71 (VALUE CHANGED)
[2026-02-02 10:22:24]   [emp_id: 5276] ✓ Updated: 25.92 → 25.98 (VALUE CHANGED)
[2026-02-02 10:22:25]   [emp_id: 5278] ✓ Updated: 10.31 → 10.37 (VALUE CHANGED)
[2026-02-02 10:22:25]   [emp_id: 5280] ✓ Updated: 20.71 → 20.77 (VALUE CHANGED)
[2026-02-02 10:22:25]   [emp_id: 5282] ✓ Updated: 14.6 → 14.68 (VALUE CHANGED)
[2026-02-02 10:22:25]   [emp_id: 5285] ✓ Updated: 30.71 → 30.77 (VALUE CHANGED)
[2026-02-02 10:22:25]   [emp_id: 5286] ✓ Updated: 17.71 → 17.77 (VALUE CHANGED)
[2026-02-02 10:22:25]   [emp_id: 5287] ✓ Updated: 52.01 → 52.07 (VALUE CHANGED)
[2026-02-02 10:22:25]   [emp_id: 5288] ✓ Updated: 9.28 → 9.34 (VALUE CHANGED)
[2026-02-02 10:22:25]   [emp_id: 5289] ✓ Updated: 50.56 → 50.62 (VALUE CHANGED)
[2026-02-02 10:22:25]   [emp_id: 5290] ✓ Updated: 49.33 → 49.39 (VALUE CHANGED)
[2026-02-02 10:22:25]   [emp_id: 5291] ✓ Updated: 7.33 → 7.39 (VALUE CHANGED)
[2026-02-02 10:22:25]   [emp_id: 5292] ✓ Updated: 7.27 → 7.33 (VALUE CHANGED)
[2026-02-02 10:22:25]   [emp_id: 5293] ✓ Updated: 10.86 → 10.94 (VALUE CHANGED)
[2026-02-02 10:22:25]   [emp_id: 5294] ✓ Updated: 10.52 → 10.6 (VALUE CHANGED)
[2026-02-02 10:22:25]   [emp_id: 5295] ✓ Updated: 23.51 → 23.57 (VALUE CHANGED)
[2026-02-02 10:22:25]   [emp_id: 5296] ✓ Updated: 37.54 → 37.62 (VALUE CHANGED)
[2026-02-02 10:22:25]   [emp_id: 5297] ✓ Updated: 47.93 → 47.99 (VALUE CHANGED)
[2026-02-02 10:22:25]   [emp_id: 5298] ✓ Updated: 47.93 → 47.99 (VALUE CHANGED)
[2026-02-02 10:22:25]   [emp_id: 5299] ✓ Updated: 47.93 → 47.99 (VALUE CHANGED)
[2026-02-02 10:22:25]   [emp_id: 5300] ✓ Updated: 47.93 → 47.99 (VALUE CHANGED)
[2026-02-02 10:22:25]   [emp_id: 5301] ✓ Updated: 5.75 → 5.81 (VALUE CHANGED)
[2026-02-02 10:22:25]   [emp_id: 5303] ✓ Updated: 6.18 → 6.24 (VALUE CHANGED)
[2026-02-02 10:22:25]   [emp_id: 5304] ✓ Updated: 2.93 → 2.99 (VALUE CHANGED)
[2026-02-02 10:22:25]   [emp_id: 5305] ✓ Updated: 5.93 → 5.99 (VALUE CHANGED)
[2026-02-02 10:22:25]   [emp_id: 5306] ✓ Updated: 47.64 → 47.7 (VALUE CHANGED)
[2026-02-02 10:22:25]   [emp_id: 5307] ✓ Updated: 47.64 → 47.7 (VALUE CHANGED)
[2026-02-02 10:22:25]   [emp_id: 5312] ✓ Updated: 1.98 → 2.04 (VALUE CHANGED)
[2026-02-02 10:22:25]   [emp_id: 5318] ✓ Updated: 28.35 → 28.41 (VALUE CHANGED)
[2026-02-02 10:22:25]   [emp_id: 5325] ✓ Updated: 2.31 → 2.37 (VALUE CHANGED)
[2026-02-02 10:22:25]   [emp_id: 5327] ✓ Updated: 3.4 → 3.46 (VALUE CHANGED)
[2026-02-02 10:22:25]   [emp_id: 5337] ✓ Updated: 38.43 → 38.51 (VALUE CHANGED)
[2026-02-02 10:22:25]   [emp_id: 5339] ✓ Updated: 12.5 → 12.56 (VALUE CHANGED)
[2026-02-02 10:22:25]   [emp_id: 5343] ✓ Updated: 48.35 → 48.43 (VALUE CHANGED)
[2026-02-02 10:22:25]   [emp_id: 5343] ✓ Updated: 48.43 → 48.51 (VALUE CHANGED)
[2026-02-02 10:22:25]   [emp_id: 5345] ✓ Updated: 18.18 → 18.26 (VALUE CHANGED)
[2026-02-02 10:22:25]   [emp_id: 5346] ✓ Updated: 4.22 → 4.28 (VALUE CHANGED)
[2026-02-02 10:22:25]   [emp_id: 5351] ✓ Updated: 19.16 → 19.22 (VALUE CHANGED)
[2026-02-02 10:22:25]   [emp_id: 5352] ✓ Updated: 28.6 → 28.68 (VALUE CHANGED)
[2026-02-02 10:22:25]   [emp_id: 5370] ✓ Updated: 17.81 → 17.87 (VALUE CHANGED)
[2026-02-02 10:22:25]   [emp_id: 5371] ✓ Updated: 10.35 → 10.43 (VALUE CHANGED)
[2026-02-02 10:22:25]   [emp_id: 5376] ✓ Updated: 12.41 → 12.47 (VALUE CHANGED)
[2026-02-02 10:22:25]   [emp_id: 5378] ✓ Updated: 20.43 → 20.51 (VALUE CHANGED)
[2026-02-02 10:22:25]   [emp_id: 5380] ✓ Updated: 18.82 → 18.88 (VALUE CHANGED)
[2026-02-02 10:22:25]   [emp_id: 5381] ✓ Updated: 14.87 → 14.95 (VALUE CHANGED)
[2026-02-02 10:22:25]   [emp_id: 5383] ✓ Updated: 18.18 → 18.26 (VALUE CHANGED)
[2026-02-02 10:22:25]   [emp_id: 5388] ✓ Updated: 29.6 → 29.66 (VALUE CHANGED)
[2026-02-02 10:22:26]   [emp_id: 5396] ✓ Updated: 30.84 → 30.9 (VALUE CHANGED)
[2026-02-02 10:22:26]   [emp_id: 5397] ✓ Updated: 22.3 → 22.36 (VALUE CHANGED)
[2026-02-02 10:22:26]   [emp_id: 5401] ✓ Updated: 25.41 → 25.47 (VALUE CHANGED)
[2026-02-02 10:22:26]   [emp_id: 5402] ✓ Updated: 25.53 → 25.59 (VALUE CHANGED)
[2026-02-02 10:22:26]   [emp_id: 5406] ✓ Updated: 19.25 → 19.31 (VALUE CHANGED)
[2026-02-02 10:22:26]   [emp_id: 5407] ✓ Updated: 18.95 → 19.03 (VALUE CHANGED)
[2026-02-02 10:22:26]   [emp_id: 5409] ✓ Updated: 18.59 → 18.65 (VALUE CHANGED)
[2026-02-02 10:22:26]   [emp_id: 5413] ✓ Updated: 31.35 → 31.43 (VALUE CHANGED)
[2026-02-02 10:22:26]   [emp_id: 5414] ✓ Updated: 31.02 → 31.1 (VALUE CHANGED)
[2026-02-02 10:22:26]   [emp_id: 5415] ✓ Updated: 6.95 → 7.03 (VALUE CHANGED)
[2026-02-02 10:22:26]   [emp_id: 5418] ✓ Updated: 17.65 → 17.71 (VALUE CHANGED)
[2026-02-02 10:22:26]   [emp_id: 5422] ✓ Updated: 23.68 → 23.76 (VALUE CHANGED)
[2026-02-02 10:22:26]   [emp_id: 5423] ✓ Updated: 8.37 → 8.45 (VALUE CHANGED)
[2026-02-02 10:22:26]   [emp_id: 5425] ✓ Updated: 16.2 → 16.26 (VALUE CHANGED)
[2026-02-02 10:22:26]   [emp_id: 5426] ✓ Updated: 4.92 → 5 (VALUE CHANGED)
[2026-02-02 10:22:26]   [emp_id: 5426] ✓ Updated: 5 → 5.08 (VALUE CHANGED)
[2026-02-02 10:22:26]   [emp_id: 5427] ✓ Updated: 16.31 → 16.37 (VALUE CHANGED)
[2026-02-02 10:22:26]   [emp_id: 5428] ✓ Updated: 16.2 → 16.26 (VALUE CHANGED)
[2026-02-02 10:22:26]   [emp_id: 5430] ✓ Updated: 20.74 → 20.82 (VALUE CHANGED)
[2026-02-02 10:22:26]   [emp_id: 5431] ✓ Updated: 15.32 → 15.38 (VALUE CHANGED)
[2026-02-02 10:22:26]   [emp_id: 5433] ✓ Updated: 15.34 → 15.4 (VALUE CHANGED)
[2026-02-02 10:22:26]   [emp_id: 5434] ✓ Updated: 15.09 → 15.15 (VALUE CHANGED)
[2026-02-02 10:22:26]   [emp_id: 5435] ✓ Updated: 15.03 → 15.09 (VALUE CHANGED)
[2026-02-02 10:22:26]   [emp_id: 5436] ✓ Updated: 15.03 → 15.09 (VALUE CHANGED)
[2026-02-02 10:22:26]   [emp_id: 5438] ✓ Updated: 18.6 → 18.68 (VALUE CHANGED)
[2026-02-02 10:22:26]   [emp_id: 5439] ✓ Updated: 28.1 → 28.18 (VALUE CHANGED)
[2026-02-02 10:22:26]   [emp_id: 5442] ✓ Updated: 17.1 → 17.18 (VALUE CHANGED)
[2026-02-02 10:22:26]   [emp_id: 5445] ✓ Updated: 9.49 → 9.55 (VALUE CHANGED)
[2026-02-02 10:22:26]   [emp_id: 5446] ✓ Updated: 9.49 → 9.55 (VALUE CHANGED)
[2026-02-02 10:22:26]   [emp_id: 5447] ✓ Updated: 9.43 → 9.49 (VALUE CHANGED)
[2026-02-02 10:22:26]   [emp_id: 5448] ✓ Updated: 4.12 → 4.2 (VALUE CHANGED)
[2026-02-02 10:22:26]   [emp_id: 5449] ✓ Updated: 7.51 → 7.57 (VALUE CHANGED)
[2026-02-02 10:22:26]   [emp_id: 5450] ✓ Updated: 7.45 → 7.51 (VALUE CHANGED)
[2026-02-02 10:22:26]   [emp_id: 5451] ✓ Updated: 7.45 → 7.51 (VALUE CHANGED)
[2026-02-02 10:22:26]   [emp_id: 5453] ✓ Updated: 7.29 → 7.35 (VALUE CHANGED)
[2026-02-02 10:22:26]   [emp_id: 5454] ✓ Updated: 10.18 → 10.26 (VALUE CHANGED)
[2026-02-02 10:22:26]   [emp_id: 5455] ✓ Updated: 4.43 → 4.51 (VALUE CHANGED)
[2026-02-02 10:22:26]   [emp_id: 5456] ✓ Updated: 9.43 → 9.51 (VALUE CHANGED)
[2026-02-02 10:22:26]   [emp_id: 5457] ✓ Updated: 6.54 → 6.6 (VALUE CHANGED)
[2026-02-02 10:22:26]   [emp_id: 5460] ✓ Updated: 8.08 → 8.16 (VALUE CHANGED)
[2026-02-02 10:22:26]   [emp_id: 5463] ✓ Updated: 7.41 → 7.49 (VALUE CHANGED)
[2026-02-02 10:22:26]   [emp_id: 5464] ✓ Updated: 7.41 → 7.49 (VALUE CHANGED)
[2026-02-02 10:22:26]   [emp_id: 5466] ✓ Updated: 5.16 → 5.24 (VALUE CHANGED)
[2026-02-02 10:22:26]   [emp_id: 5467] ✓ Updated: 4.08 → 4.16 (VALUE CHANGED)
[2026-02-02 10:22:26]   [emp_id: 5468] ✓ Updated: 3.03 → 3.11 (VALUE CHANGED)
[2026-02-02 10:22:26]   [emp_id: 5469] ✓ Updated: 2.94 → 3.02 (VALUE CHANGED)
[2026-02-02 10:22:26] Report saved to: D:\xampp\htdocs\almutlak\system/cron_logs/last_vacation_update_report.json
[2026-02-02 10:22:34] ========== CRON: Vacation Balance Update Started ==========
[2026-02-02 10:22:34] Force level: 1 (0=normal, 1=check missing, 2=full bypass)
[2026-02-02 10:22:34] Source: Browser (?force=1)
[2026-02-02 10:22:34] FORCE LEVEL 1: Checking for missing records and refreshing values (NOT updating last_updated)
[2026-02-02 10:22:34] FORCE LEVEL 1: Checking for missing records only
[2026-02-02 10:22:34] Database connection established
[2026-02-02 10:22:34] Found 433 active employees with balance records to update
[2026-02-02 10:22:34] (Only employees with status=1 will be processed)
[2026-02-02 10:22:34]   [emp_id: 1061] REFRESHED: 2.75 → 2.75 (not updated)
[2026-02-02 10:22:34]   [emp_id: 1496] REFRESHED: 19.6 → 19.6 (not updated)
[2026-02-02 10:22:34]   [emp_id: 1500] REFRESHED: 7.28 → 7.28 (not updated)
[2026-02-02 10:22:34]   [emp_id: 1574] REFRESHED: 36.51 → 36.51 (not updated)
[2026-02-02 10:22:34]   [emp_id: 1673] REFRESHED: 48.01 → 48.01 (not updated)
[2026-02-02 10:22:34]   [emp_id: 1685] REFRESHED: 17.93 → 17.93 (not updated)
[2026-02-02 10:22:34]   [emp_id: 1764] REFRESHED: 72.6 → 72.6 (not updated)
[2026-02-02 10:22:34]   [emp_id: 1805] REFRESHED: 66.93 → 66.93 (not updated)
[2026-02-02 10:22:34]   [emp_id: 1822] REFRESHED: 71.68 → 71.68 (not updated)
[2026-02-02 10:22:34]   [emp_id: 1837] REFRESHED: 27.85 → 27.85 (not updated)
[2026-02-02 10:22:34]   [emp_id: 1857] REFRESHED: 23.18 → 23.18 (not updated)
[2026-02-02 10:22:34]   [emp_id: 1861] REFRESHED: 74.01 → 74.01 (not updated)
[2026-02-02 10:22:34]   [emp_id: 1872] REFRESHED: 12.85 → 12.85 (not updated)
[2026-02-02 10:22:34]   [emp_id: 1897] REFRESHED: 8.18 → 8.18 (not updated)
[2026-02-02 10:22:34]   [emp_id: 1916] REFRESHED: 14.48 → 14.48 (not updated)
[2026-02-02 10:22:34]   [emp_id: 1928] REFRESHED: 67.43 → 67.43 (not updated)
[2026-02-02 10:22:34]   [emp_id: 1931] REFRESHED: 87.35 → 87.35 (not updated)
[2026-02-02 10:22:34]   [emp_id: 1944] REFRESHED: 45.51 → 45.51 (not updated)
[2026-02-02 10:22:34]   [emp_id: 1996] REFRESHED: 74.01 → 74.01 (not updated)
[2026-02-02 10:22:34]   [emp_id: 1997] REFRESHED: 39.18 → 39.18 (not updated)
[2026-02-02 10:22:34]   [emp_id: 1998] REFRESHED: 30.62 → 30.62 (not updated)
[2026-02-02 10:22:34]   [emp_id: 1999] REFRESHED: 31.62 → 31.62 (not updated)
[2026-02-02 10:22:34]   [emp_id: 2009] REFRESHED: 37.93 → 37.93 (not updated)
[2026-02-02 10:22:34]   [emp_id: 2048] REFRESHED: 27.76 → 27.76 (not updated)
[2026-02-02 10:22:34]   [emp_id: 2057] REFRESHED: 68.6 → 68.6 (not updated)
[2026-02-02 10:22:34]   [emp_id: 2079] REFRESHED: 50.93 → 50.93 (not updated)
[2026-02-02 10:22:34]   [emp_id: 2181] REFRESHED: 39.93 → 39.93 (not updated)
[2026-02-02 10:22:34]   [emp_id: 2190] REFRESHED: 9.26 → 9.26 (not updated)
[2026-02-02 10:22:34]   [emp_id: 2212] REFRESHED: 27.26 → 27.26 (not updated)
[2026-02-02 10:22:34]   [emp_id: 2226] REFRESHED: 72.01 → 72.01 (not updated)
[2026-02-02 10:22:34]   [emp_id: 2238] REFRESHED: 70.26 → 70.26 (not updated)
[2026-02-02 10:22:34]   [emp_id: 2285] REFRESHED: 38.93 → 38.93 (not updated)
[2026-02-02 10:22:34]   [emp_id: 2287] REFRESHED: 50.6 → 50.6 (not updated)
[2026-02-02 10:22:34]   [emp_id: 2288] REFRESHED: 5.62 → 5.62 (not updated)
[2026-02-02 10:22:34]   [emp_id: 2316] REFRESHED: 19.43 → 19.43 (not updated)
[2026-02-02 10:22:34]   [emp_id: 2337] REFRESHED: 40.51 → 40.51 (not updated)
[2026-02-02 10:22:34]   [emp_id: 2352] REFRESHED: 72.01 → 72.01 (not updated)
[2026-02-02 10:22:34]   [emp_id: 2358] REFRESHED: 8.51 → 8.51 (not updated)
[2026-02-02 10:22:34]   [emp_id: 2361] REFRESHED: 74.18 → 74.18 (not updated)
[2026-02-02 10:22:34]   [emp_id: 2363] REFRESHED: 76.76 → 76.76 (not updated)
[2026-02-02 10:22:34]   [emp_id: 2364] REFRESHED: 76.18 → 76.18 (not updated)
[2026-02-02 10:22:34]   [emp_id: 2367] REFRESHED: 103.85 → 103.85 (not updated)
[2026-02-02 10:22:34]   [emp_id: 2368] REFRESHED: 34.26 → 34.26 (not updated)
[2026-02-02 10:22:34]   [emp_id: 2372] REFRESHED: 71.51 → 71.51 (not updated)
[2026-02-02 10:22:34]   [emp_id: 2376] REFRESHED: 121.51 → 121.51 (not updated)
[2026-02-02 10:22:34]   [emp_id: 2423] REFRESHED: 22.26 → 22.26 (not updated)
[2026-02-02 10:22:34]   [emp_id: 2519] REFRESHED: 115.93 → 115.93 (not updated)
[2026-02-02 10:22:34]   [emp_id: 2522] REFRESHED: 59.51 → 59.51 (not updated)
[2026-02-02 10:22:34]   [emp_id: 2530] REFRESHED: 54.76 → 54.76 (not updated)
[2026-02-02 10:22:34]   [emp_id: 2539] REFRESHED: 51.51 → 51.51 (not updated)
[2026-02-02 10:22:34]   [emp_id: 2541] REFRESHED: 32.1 → 32.1 (not updated)
[2026-02-02 10:22:34]   [emp_id: 2550] REFRESHED: 98.26 → 98.26 (not updated)
[2026-02-02 10:22:34]   [emp_id: 2553] REFRESHED: 35.37 → 35.37 (not updated)
[2026-02-02 10:22:34]   [emp_id: 2554] REFRESHED: 41.85 → 41.85 (not updated)
[2026-02-02 10:22:34]   [emp_id: 2565] REFRESHED: 96.43 → 96.43 (not updated)
[2026-02-02 10:22:34]   [emp_id: 2572] REFRESHED: 46.43 → 46.43 (not updated)
[2026-02-02 10:22:34]   [emp_id: 2637] REFRESHED: 67.01 → 67.01 (not updated)
[2026-02-02 10:22:34]   [emp_id: 2642] REFRESHED: 79.76 → 79.76 (not updated)
[2026-02-02 10:22:34]   [emp_id: 2645] REFRESHED: 95.76 → 95.76 (not updated)
[2026-02-02 10:22:34]   [emp_id: 2648] REFRESHED: 47.43 → 47.43 (not updated)
[2026-02-02 10:22:34]   [emp_id: 2654] REFRESHED: 90.1 → 90.1 (not updated)
[2026-02-02 10:22:34]   [emp_id: 2688] REFRESHED: 28.18 → 28.18 (not updated)
[2026-02-02 10:22:34]   [emp_id: 2690] REFRESHED: 16.93 → 16.93 (not updated)
[2026-02-02 10:22:34]   [emp_id: 2709] REFRESHED: 39.18 → 39.18 (not updated)
[2026-02-02 10:22:34]   [emp_id: 2745] REFRESHED: 35.76 → 35.76 (not updated)
[2026-02-02 10:22:34]   [emp_id: 2843] REFRESHED: 82.35 → 82.35 (not updated)
[2026-02-02 10:22:34]   [emp_id: 2854] REFRESHED: 62.26 → 62.26 (not updated)
[2026-02-02 10:22:34]   [emp_id: 2869] REFRESHED: 6.18 → 6.18 (not updated)
[2026-02-02 10:22:34]   [emp_id: 2876] REFRESHED: 37.01 → 37.01 (not updated)
[2026-02-02 10:22:34]   [emp_id: 2924] REFRESHED: 18.18 → 18.18 (not updated)
[2026-02-02 10:22:34]   [emp_id: 2953] REFRESHED: 103.93 → 103.93 (not updated)
[2026-02-02 10:22:34]   [emp_id: 2961] REFRESHED: 13.93 → 13.93 (not updated)
[2026-02-02 10:22:34]   [emp_id: 2975] REFRESHED: 3.61 → 3.61 (not updated)
[2026-02-02 10:22:34]   [emp_id: 3013] REFRESHED: 12.93 → 12.93 (not updated)
[2026-02-02 10:22:34]   [emp_id: 3014] REFRESHED: 92.18 → 92.18 (not updated)
[2026-02-02 10:22:34]   [emp_id: 3015] REFRESHED: 3.43 → 3.43 (not updated)
[2026-02-02 10:22:34]   [emp_id: 3018] REFRESHED: 62.18 → 62.18 (not updated)
[2026-02-02 10:22:34]   [emp_id: 3025] REFRESHED: 25.95 → 25.95 (not updated)
[2026-02-02 10:22:34]   [emp_id: 3037] REFRESHED: 85.68 → 85.68 (not updated)
[2026-02-02 10:22:34]   [emp_id: 3047] REFRESHED: 73.93 → 73.93 (not updated)
[2026-02-02 10:22:34]   [emp_id: 3061] REFRESHED: 20.85 → 20.85 (not updated)
[2026-02-02 10:22:34]   [emp_id: 3062] REFRESHED: 54.01 → 54.01 (not updated)
[2026-02-02 10:22:34]   [emp_id: 3074] REFRESHED: 110.43 → 110.43 (not updated)
[2026-02-02 10:22:34]   [emp_id: 3089] REFRESHED: 9.35 → 9.35 (not updated)
[2026-02-02 10:22:34]   [emp_id: 3090] REFRESHED: 35.93 → 35.93 (not updated)
[2026-02-02 10:22:34]   [emp_id: 3091] REFRESHED: 47.93 → 47.93 (not updated)
[2026-02-02 10:22:34]   [emp_id: 3092] REFRESHED: 30.6 → 30.6 (not updated)
[2026-02-02 10:22:34]   [emp_id: 3105] REFRESHED: 50.93 → 50.93 (not updated)
[2026-02-02 10:22:34]   [emp_id: 3134] REFRESHED: 46.68 → 46.68 (not updated)
[2026-02-02 10:22:34]   [emp_id: 3140] REFRESHED: 43.76 → 43.76 (not updated)
[2026-02-02 10:22:34]   [emp_id: 3144] REFRESHED: 16.6 → 16.6 (not updated)
[2026-02-02 10:22:34]   [emp_id: 3156] REFRESHED: 19.93 → 19.93 (not updated)
[2026-02-02 10:22:34]   [emp_id: 3162] REFRESHED: 4.91 → 4.91 (not updated)
[2026-02-02 10:22:34]   [emp_id: 3163] REFRESHED: 8.18 → 8.18 (not updated)
[2026-02-02 10:22:34]   [emp_id: 3198] REFRESHED: 43.18 → 43.18 (not updated)
[2026-02-02 10:22:34]   [emp_id: 3205] REFRESHED: 19.85 → 19.85 (not updated)
[2026-02-02 10:22:34]   [emp_id: 3209] REFRESHED: 44.01 → 44.01 (not updated)
[2026-02-02 10:22:34]   [emp_id: 3223] REFRESHED: 92.93 → 92.93 (not updated)
[2026-02-02 10:22:34]   [emp_id: 3224] REFRESHED: 67.68 → 67.68 (not updated)
[2026-02-02 10:22:34]   [emp_id: 3230] REFRESHED: 91.1 → 91.1 (not updated)
[2026-02-02 10:22:34]   [emp_id: 3231] REFRESHED: 3.47 → 3.47 (not updated)
[2026-02-02 10:22:34]   [emp_id: 3233] REFRESHED: 83.93 → 83.93 (not updated)
[2026-02-02 10:22:34]   [emp_id: 3249] REFRESHED: 39.76 → 39.76 (not updated)
[2026-02-02 10:22:34]   [emp_id: 3250] REFRESHED: 12.76 → 12.76 (not updated)
[2026-02-02 10:22:34]   [emp_id: 3252] REFRESHED: 13.68 → 13.68 (not updated)
[2026-02-02 10:22:34]   [emp_id: 3254] REFRESHED: 24.18 → 24.18 (not updated)
[2026-02-02 10:22:34]   [emp_id: 3255] REFRESHED: 20.6 → 20.6 (not updated)
[2026-02-02 10:22:34]   [emp_id: 3256] REFRESHED: 16.85 → 16.85 (not updated)
[2026-02-02 10:22:34]   [emp_id: 3263] REFRESHED: 32.93 → 32.93 (not updated)
[2026-02-02 10:22:34]   [emp_id: 3265] REFRESHED: 28.51 → 28.51 (not updated)
[2026-02-02 10:22:34]   [emp_id: 3280] REFRESHED: 75.43 → 75.43 (not updated)
[2026-02-02 10:22:34]   [emp_id: 3286] REFRESHED: 18.6 → 18.6 (not updated)
[2026-02-02 10:22:34]   [emp_id: 3294] REFRESHED: 18.26 → 18.26 (not updated)
[2026-02-02 10:22:34]   [emp_id: 3321] REFRESHED: 75.43 → 75.43 (not updated)
[2026-02-02 10:22:34]   [emp_id: 3325] REFRESHED: 63.18 → 63.18 (not updated)
[2026-02-02 10:22:34]   [emp_id: 3329] REFRESHED: 65.51 → 65.51 (not updated)
[2026-02-02 10:22:34]   [emp_id: 3330] REFRESHED: 65.51 → 65.51 (not updated)
[2026-02-02 10:22:34]   [emp_id: 3332] REFRESHED: 65.51 → 65.51 (not updated)
[2026-02-02 10:22:34]   [emp_id: 3370] REFRESHED: 57.02 → 57.02 (not updated)
[2026-02-02 10:22:34]   [emp_id: 3384] REFRESHED: 17.68 → 17.68 (not updated)
[2026-02-02 10:22:34]   [emp_id: 3386] REFRESHED: 47.68 → 47.68 (not updated)
[2026-02-02 10:22:34]   [emp_id: 3431] REFRESHED: 22.1 → 22.1 (not updated)
[2026-02-02 10:22:34]   [emp_id: 3497] REFRESHED: 12.26 → 12.26 (not updated)
[2026-02-02 10:22:34]   [emp_id: 3532] REFRESHED: 3.1 → 3.1 (not updated)
[2026-02-02 10:22:34]   [emp_id: 3602] REFRESHED: 4.67 → 4.67 (not updated)
[2026-02-02 10:22:34]   [emp_id: 3618] REFRESHED: 26.65 → 26.65 (not updated)
[2026-02-02 10:22:34]   [emp_id: 3622] REFRESHED: 36.81 → 36.81 (not updated)
[2026-02-02 10:22:34]   [emp_id: 3627] REFRESHED: 12.6 → 12.6 (not updated)
[2026-02-02 10:22:34]   [emp_id: 3665] REFRESHED: 54.18 → 54.18 (not updated)
[2026-02-02 10:22:34]   [emp_id: 3705] REFRESHED: 30.14 → 30.14 (not updated)
[2026-02-02 10:22:34]   [emp_id: 3724] REFRESHED: 47.18 → 47.18 (not updated)
[2026-02-02 10:22:34]   [emp_id: 3726] REFRESHED: 63.6 → 63.6 (not updated)
[2026-02-02 10:22:34]   [emp_id: 3727] REFRESHED: 68.68 → 68.68 (not updated)
[2026-02-02 10:22:34]   [emp_id: 3728] REFRESHED: 13.01 → 13.01 (not updated)
[2026-02-02 10:22:34]   [emp_id: 3767] REFRESHED: 3.76 → 3.76 (not updated)
[2026-02-02 10:22:34]   [emp_id: 3768] REFRESHED: 60.01 → 60.01 (not updated)
[2026-02-02 10:22:34]   [emp_id: 3787] REFRESHED: 60.6 → 60.6 (not updated)
[2026-02-02 10:22:34]   [emp_id: 3790] REFRESHED: 5.15 → 5.15 (not updated)
[2026-02-02 10:22:34]   [emp_id: 3795] REFRESHED: 18.1 → 18.1 (not updated)
[2026-02-02 10:22:34]   [emp_id: 3798] REFRESHED: 96.51 → 96.51 (not updated)
[2026-02-02 10:22:34]   [emp_id: 3801] REFRESHED: 4.78 → 4.78 (not updated)
[2026-02-02 10:22:34]   [emp_id: 3802] REFRESHED: 33.76 → 33.76 (not updated)
[2026-02-02 10:22:34]   [emp_id: 3803] REFRESHED: 118.18 → 118.18 (not updated)
[2026-02-02 10:22:34]   [emp_id: 3810] REFRESHED: 64.18 → 64.18 (not updated)
[2026-02-02 10:22:34]   [emp_id: 3812] REFRESHED: 93.18 → 93.18 (not updated)
[2026-02-02 10:22:34]   [emp_id: 3815] REFRESHED: 93.18 → 93.18 (not updated)
[2026-02-02 10:22:34]   [emp_id: 3836] REFRESHED: 60.85 → 60.85 (not updated)
[2026-02-02 10:22:34]   [emp_id: 3855] REFRESHED: 54.01 → 54.01 (not updated)
[2026-02-02 10:22:34]   [emp_id: 3857] REFRESHED: 57.68 → 57.68 (not updated)
[2026-02-02 10:22:34]   [emp_id: 3862] REFRESHED: 105.76 → 105.76 (not updated)
[2026-02-02 10:22:34]   [emp_id: 3866] REFRESHED: 31.01 → 31.01 (not updated)
[2026-02-02 10:22:34]   [emp_id: 3876] REFRESHED: 27.18 → 27.18 (not updated)
[2026-02-02 10:22:34]   [emp_id: 3877] REFRESHED: 52.68 → 52.68 (not updated)
[2026-02-02 10:22:34]   [emp_id: 3897] REFRESHED: 40.93 → 40.93 (not updated)
[2026-02-02 10:22:34]   [emp_id: 3899] REFRESHED: 2.75 → 2.75 (not updated)
[2026-02-02 10:22:34]   [emp_id: 3928] REFRESHED: 17.01 → 17.01 (not updated)
[2026-02-02 10:22:34]   [emp_id: 3929] REFRESHED: 12.01 → 12.01 (not updated)
[2026-02-02 10:22:34]   [emp_id: 3935] REFRESHED: 97.01 → 97.01 (not updated)
[2026-02-02 10:22:34]   [emp_id: 3952] REFRESHED: 78.35 → 78.35 (not updated)
[2026-02-02 10:22:34]   [emp_id: 3987] REFRESHED: 17.26 → 17.26 (not updated)
[2026-02-02 10:22:34]   [emp_id: 4059] REFRESHED: 6.46 → 6.46 (not updated)
[2026-02-02 10:22:34]   [emp_id: 4119] REFRESHED: 59.93 → 59.93 (not updated)
[2026-02-02 10:22:34]   [emp_id: 4120] REFRESHED: 29.51 → 29.51 (not updated)
[2026-02-02 10:22:34]   [emp_id: 4124] REFRESHED: 30.03 → 30.03 (not updated)
[2026-02-02 10:22:34]   [emp_id: 4133] REFRESHED: 108.51 → 108.51 (not updated)
[2026-02-02 10:22:34]   [emp_id: 4134] REFRESHED: 29.51 → 29.51 (not updated)
[2026-02-02 10:22:34]   [emp_id: 4136] REFRESHED: 29.51 → 29.51 (not updated)
[2026-02-02 10:22:34]   [emp_id: 4150] REFRESHED: 28.18 → 28.18 (not updated)
[2026-02-02 10:22:34]   [emp_id: 4157] REFRESHED: 21.68 → 21.68 (not updated)
[2026-02-02 10:22:34]   [emp_id: 4172] REFRESHED: 14.72 → 14.72 (not updated)
[2026-02-02 10:22:34]   [emp_id: 4195] REFRESHED: 65.26 → 65.26 (not updated)
[2026-02-02 10:22:34]   [emp_id: 4215] REFRESHED: 47.93 → 47.93 (not updated)
[2026-02-02 10:22:34]   [emp_id: 4220] REFRESHED: 43.51 → 43.51 (not updated)
[2026-02-02 10:22:34]   [emp_id: 4273] REFRESHED: 12.18 → 12.18 (not updated)
[2026-02-02 10:22:34]   [emp_id: 4283] REFRESHED: 15.81 → 15.81 (not updated)
[2026-02-02 10:22:34]   [emp_id: 4288] REFRESHED: 2.75 → 2.75 (not updated)
[2026-02-02 10:22:34]   [emp_id: 4315] REFRESHED: 15.43 → 15.43 (not updated)
[2026-02-02 10:22:34]   [emp_id: 4328] REFRESHED: 44.64 → 44.64 (not updated)
[2026-02-02 10:22:34]   [emp_id: 4329] REFRESHED: 8.6 → 8.6 (not updated)
[2026-02-02 10:22:34]   [emp_id: 4338] REFRESHED: 50.18 → 50.18 (not updated)
[2026-02-02 10:22:34]   [emp_id: 4340] REFRESHED: 112.18 → 112.18 (not updated)
[2026-02-02 10:22:34]   [emp_id: 4365] REFRESHED: 63.6 → 63.6 (not updated)
[2026-02-02 10:22:34]   [emp_id: 4366] REFRESHED: 62.68 → 62.68 (not updated)
[2026-02-02 10:22:34]   [emp_id: 4403] REFRESHED: 88.51 → 88.51 (not updated)
[2026-02-02 10:22:34]   [emp_id: 4438] REFRESHED: 24.18 → 24.18 (not updated)
[2026-02-02 10:22:34]   [emp_id: 4465] REFRESHED: 14.97 → 14.97 (not updated)
[2026-02-02 10:22:34]   [emp_id: 4473] REFRESHED: 47.76 → 47.76 (not updated)
[2026-02-02 10:22:34]   [emp_id: 4474] REFRESHED: 5.48 → 5.48 (not updated)
[2026-02-02 10:22:34]   [emp_id: 4493] REFRESHED: 166.6 → 166.6 (not updated)
[2026-02-02 10:22:34]   [emp_id: 4526] REFRESHED: 38.85 → 38.85 (not updated)
[2026-02-02 10:22:34]   [emp_id: 4528] REFRESHED: 110.6 → 110.6 (not updated)
[2026-02-02 10:22:34]   [emp_id: 4528] REFRESHED: 110.6 → 110.6 (not updated)
[2026-02-02 10:22:34]   [emp_id: 4532] REFRESHED: 10.09 → 10.09 (not updated)
[2026-02-02 10:22:34]   [emp_id: 4533] REFRESHED: 39.01 → 39.01 (not updated)
[2026-02-02 10:22:34]   [emp_id: 4565] REFRESHED: 17.47 → 17.47 (not updated)
[2026-02-02 10:22:34]   [emp_id: 4567] REFRESHED: 21.72 → 21.72 (not updated)
[2026-02-02 10:22:34]   [emp_id: 4572] REFRESHED: 61.22 → 61.22 (not updated)
[2026-02-02 10:22:34]   [emp_id: 4631] REFRESHED: 17.47 → 17.47 (not updated)
[2026-02-02 10:22:34]   [emp_id: 4655] REFRESHED: 27.93 → 27.93 (not updated)
[2026-02-02 10:22:34]   [emp_id: 4709] REFRESHED: 43.18 → 43.18 (not updated)
[2026-02-02 10:22:34]   [emp_id: 4717] REFRESHED: 69.18 → 69.18 (not updated)
[2026-02-02 10:22:34]   [emp_id: 4736] REFRESHED: 31.01 → 31.01 (not updated)
[2026-02-02 10:22:34]   [emp_id: 4756] REFRESHED: 13.91 → 13.91 (not updated)
[2026-02-02 10:22:34]   [emp_id: 4768] REFRESHED: 16.68 → 16.68 (not updated)
[2026-02-02 10:22:34]   [emp_id: 4780] REFRESHED: 67.64 → 67.64 (not updated)
[2026-02-02 10:22:34]   [emp_id: 4820] REFRESHED: 102.01 → 102.01 (not updated)
[2026-02-02 10:22:34]   [emp_id: 4824] REFRESHED: 5.19 → 5.19 (not updated)
[2026-02-02 10:22:34]   [emp_id: 4825] REFRESHED: 33.76 → 33.76 (not updated)
[2026-02-02 10:22:34]   [emp_id: 4837] REFRESHED: 47.63 → 47.63 (not updated)
[2026-02-02 10:22:34]   [emp_id: 4840] REFRESHED: 47.63 → 47.63 (not updated)
[2026-02-02 10:22:34]   [emp_id: 4842] REFRESHED: 46.87 → 46.87 (not updated)
[2026-02-02 10:22:34]   [emp_id: 4843] REFRESHED: 47.4 → 47.4 (not updated)
[2026-02-02 10:22:34]   [emp_id: 4853] REFRESHED: 91.22 → 91.22 (not updated)
[2026-02-02 10:22:34]   [emp_id: 4856] REFRESHED: 44.54 → 44.54 (not updated)
[2026-02-02 10:22:34]   [emp_id: 4857] REFRESHED: 27.36 → 27.36 (not updated)
[2026-02-02 10:22:34]   [emp_id: 4858] REFRESHED: 24.24 → 24.24 (not updated)
[2026-02-02 10:22:34]   [emp_id: 4859] REFRESHED: 45.71 → 45.71 (not updated)
[2026-02-02 10:22:34]   [emp_id: 4860] REFRESHED: 10.21 → 10.21 (not updated)
[2026-02-02 10:22:34]   [emp_id: 4861] REFRESHED: 43.67 → 43.67 (not updated)
[2026-02-02 10:22:34]   [emp_id: 4869] REFRESHED: 86.55 → 86.55 (not updated)
[2026-02-02 10:22:34]   [emp_id: 4894] REFRESHED: 10.68 → 10.68 (not updated)
[2026-02-02 10:22:34]   [emp_id: 4897] REFRESHED: 25.45 → 25.45 (not updated)
[2026-02-02 10:22:34]   [emp_id: 4899] REFRESHED: 21.62 → 21.62 (not updated)
[2026-02-02 10:22:34]   [emp_id: 4902] REFRESHED: 21.04 → 21.04 (not updated)
[2026-02-02 10:22:34]   [emp_id: 4903] REFRESHED: 23.26 → 23.26 (not updated)
[2026-02-02 10:22:34]   [emp_id: 4905] REFRESHED: 21.92 → 21.92 (not updated)
[2026-02-02 10:22:34]   [emp_id: 4907] REFRESHED: 50.76 → 50.76 (not updated)
[2026-02-02 10:22:34]   [emp_id: 4917] REFRESHED: 18.88 → 18.88 (not updated)
[2026-02-02 10:22:34]   [emp_id: 4918] REFRESHED: 8.65 → 8.65 (not updated)
[2026-02-02 10:22:34]   [emp_id: 4919] REFRESHED: 60.94 → 60.94 (not updated)
[2026-02-02 10:22:34]   [emp_id: 4920] REFRESHED: 8.02 → 8.02 (not updated)
[2026-02-02 10:22:34]   [emp_id: 4921] REFRESHED: 20.11 → 20.11 (not updated)
[2026-02-02 10:22:34]   [emp_id: 4927] REFRESHED: 18.94 → 18.94 (not updated)
[2026-02-02 10:22:34]   [emp_id: 4929] REFRESHED: 20.46 → 20.46 (not updated)
[2026-02-02 10:22:34]   [emp_id: 4930] REFRESHED: 61.23 → 61.23 (not updated)
[2026-02-02 10:22:34]   [emp_id: 4932] REFRESHED: 19.23 → 19.23 (not updated)
[2026-02-02 10:22:34]   [emp_id: 4933] REFRESHED: 22.64 → 22.64 (not updated)
[2026-02-02 10:22:34]   [emp_id: 4949] REFRESHED: 26.07 → 26.07 (not updated)
[2026-02-02 10:22:34]   [emp_id: 4956] REFRESHED: 31.66 → 31.66 (not updated)
[2026-02-02 10:22:34]   [emp_id: 4957] REFRESHED: 27.33 → 27.33 (not updated)
[2026-02-02 10:22:34]   [emp_id: 4962] REFRESHED: 50.12 → 50.12 (not updated)
[2026-02-02 10:22:34]   [emp_id: 4969] REFRESHED: 49.43 → 49.43 (not updated)
[2026-02-02 10:22:34]   [emp_id: 4976] REFRESHED: 12.35 → 12.35 (not updated)
[2026-02-02 10:22:34]   [emp_id: 4984] REFRESHED: 40.68 → 40.68 (not updated)
[2026-02-02 10:22:34]   [emp_id: 4995] REFRESHED: 52.75 → 52.75 (not updated)
[2026-02-02 10:22:34]   [emp_id: 5004] REFRESHED: 29.29 → 29.29 (not updated)
[2026-02-02 10:22:34]   [emp_id: 5006] REFRESHED: 29.03 → 29.03 (not updated)
[2026-02-02 10:22:34]   [emp_id: 5011] REFRESHED: 8.53 → 8.53 (not updated)
[2026-02-02 10:22:34]   [emp_id: 5013] REFRESHED: 69.4 → 69.4 (not updated)
[2026-02-02 10:22:34]   [emp_id: 5018] REFRESHED: 5.89 → 5.89 (not updated)
[2026-02-02 10:22:34]   [emp_id: 5021] REFRESHED: 63.78 → 63.78 (not updated)
[2026-02-02 10:22:34]   [emp_id: 5024] REFRESHED: 3.91 → 3.91 (not updated)
[2026-02-02 10:22:34]   [emp_id: 5030] REFRESHED: 33.86 → 33.86 (not updated)
[2026-02-02 10:22:34]   [emp_id: 5033] REFRESHED: 12.66 → 12.66 (not updated)
[2026-02-02 10:22:34]   [emp_id: 5043] REFRESHED: 33.35 → 33.35 (not updated)
[2026-02-02 10:22:34]   [emp_id: 5045] REFRESHED: 29.85 → 29.85 (not updated)
[2026-02-02 10:22:34]   [emp_id: 5046] REFRESHED: 25.04 → 25.04 (not updated)
[2026-02-02 10:22:34]   [emp_id: 5049] REFRESHED: 1.34 → 1.34 (not updated)
[2026-02-02 10:22:34]   [emp_id: 5052] REFRESHED: 32.62 → 32.62 (not updated)
[2026-02-02 10:22:34]   [emp_id: 5055] REFRESHED: 21.06 → 21.06 (not updated)
[2026-02-02 10:22:34]   [emp_id: 5058] REFRESHED: 30.04 → 30.04 (not updated)
[2026-02-02 10:22:34]   [emp_id: 5062] REFRESHED: 41.87 → 41.87 (not updated)
[2026-02-02 10:22:34]   [emp_id: 5064] REFRESHED: 120.68 → 120.68 (not updated)
[2026-02-02 10:22:34]   [emp_id: 5065] REFRESHED: 41.28 → 41.28 (not updated)
[2026-02-02 10:22:34]   [emp_id: 5071] REFRESHED: 26.18 → 26.18 (not updated)
[2026-02-02 10:22:34]   [emp_id: 5073] REFRESHED: 15.88 → 15.88 (not updated)
[2026-02-02 10:22:34]   [emp_id: 5079] REFRESHED: 36.44 → 36.44 (not updated)
[2026-02-02 10:22:34]   [emp_id: 5080] REFRESHED: 29.77 → 29.77 (not updated)
[2026-02-02 10:22:34]   [emp_id: 5081] REFRESHED: 18.03 → 18.03 (not updated)
[2026-02-02 10:22:34]   [emp_id: 5087] REFRESHED: 38.07 → 38.07 (not updated)
[2026-02-02 10:22:34]   [emp_id: 5091] REFRESHED: 77.92 → 77.92 (not updated)
[2026-02-02 10:22:34]   [emp_id: 5093] REFRESHED: 17.35 → 17.35 (not updated)
[2026-02-02 10:22:34]   [emp_id: 5095] REFRESHED: 3.46 → 3.46 (not updated)
[2026-02-02 10:22:34]   [emp_id: 5101] REFRESHED: 19.43 → 19.43 (not updated)
[2026-02-02 10:22:34]   [emp_id: 5107] REFRESHED: 17.76 → 17.76 (not updated)
[2026-02-02 10:22:34]   [emp_id: 5109] REFRESHED: 15.01 → 15.01 (not updated)
[2026-02-02 10:22:34]   [emp_id: 5119] REFRESHED: 13.18 → 13.18 (not updated)
[2026-02-02 10:22:34]   [emp_id: 5122] REFRESHED: 10.35 → 10.35 (not updated)
[2026-02-02 10:22:34]   [emp_id: 5126] REFRESHED: 28.8 → 28.8 (not updated)
[2026-02-02 10:22:34]   [emp_id: 5127] REFRESHED: 1.53 → 1.53 (not updated)
[2026-02-02 10:22:34]   [emp_id: 5128] REFRESHED: 28.74 → 28.74 (not updated)
[2026-02-02 10:22:34]   [emp_id: 5138] REFRESHED: 53.01 → 53.01 (not updated)
[2026-02-02 10:22:34]   [emp_id: 5138] REFRESHED: 53.01 → 53.01 (not updated)
[2026-02-02 10:22:34]   [emp_id: 5141] REFRESHED: 37.11 → 37.11 (not updated)
[2026-02-02 10:22:34]   [emp_id: 5142] REFRESHED: 16.11 → 16.11 (not updated)
[2026-02-02 10:22:34]   [emp_id: 5146] REFRESHED: 23.11 → 23.11 (not updated)
[2026-02-02 10:22:34]   [emp_id: 5147] REFRESHED: 22.11 → 22.11 (not updated)
[2026-02-02 10:22:34]   [emp_id: 5148] REFRESHED: 27.46 → 27.46 (not updated)
[2026-02-02 10:22:34]   [emp_id: 5149] REFRESHED: 26.35 → 26.35 (not updated)
[2026-02-02 10:22:34]   [emp_id: 5150] REFRESHED: 25.71 → 25.71 (not updated)
[2026-02-02 10:22:34]   [emp_id: 5151] REFRESHED: 25.53 → 25.53 (not updated)
[2026-02-02 10:22:34]   [emp_id: 5152] REFRESHED: 5.95 → 5.95 (not updated)
[2026-02-02 10:22:34]   [emp_id: 5157] REFRESHED: 25.53 → 25.53 (not updated)
[2026-02-02 10:22:34]   [emp_id: 5160] REFRESHED: 25.53 → 25.53 (not updated)
[2026-02-02 10:22:34]   [emp_id: 5163] REFRESHED: 23.32 → 23.32 (not updated)
[2026-02-02 10:22:34]   [emp_id: 5165] REFRESHED: 4.45 → 4.45 (not updated)
[2026-02-02 10:22:34]   [emp_id: 5167] REFRESHED: 32.47 → 32.47 (not updated)
[2026-02-02 10:22:34]   [emp_id: 5168] REFRESHED: 25.01 → 25.01 (not updated)
[2026-02-02 10:22:34]   [emp_id: 5173] REFRESHED: 28.1 → 28.1 (not updated)
[2026-02-02 10:22:34]   [emp_id: 5174] REFRESHED: 25.47 → 25.47 (not updated)
[2026-02-02 10:22:34]   [emp_id: 5181] REFRESHED: 21.86 → 21.86 (not updated)
[2026-02-02 10:22:34]   [emp_id: 5186] REFRESHED: 27.39 → 27.39 (not updated)
[2026-02-02 10:22:34]   [emp_id: 5187] REFRESHED: 38.39 → 38.39 (not updated)
[2026-02-02 10:22:34]   [emp_id: 5204] REFRESHED: 25.6 → 25.6 (not updated)
[2026-02-02 10:22:34]   [emp_id: 5205] REFRESHED: 14.6 → 14.6 (not updated)
[2026-02-02 10:22:34]   [emp_id: 5209] REFRESHED: 17.6 → 17.6 (not updated)
[2026-02-02 10:22:34]   [emp_id: 5213] REFRESHED: 5.01 → 5.01 (not updated)
[2026-02-02 10:22:34]   [emp_id: 5214] REFRESHED: 3.85 → 3.85 (not updated)
[2026-02-02 10:22:34]   [emp_id: 5215] REFRESHED: 12.6 → 12.6 (not updated)
[2026-02-02 10:22:34]   [emp_id: 5217] REFRESHED: 11.6 → 11.6 (not updated)
[2026-02-02 10:22:34]   [emp_id: 5219] REFRESHED: 15.6 → 15.6 (not updated)
[2026-02-02 10:22:34]   [emp_id: 5221] REFRESHED: 4.91 → 4.91 (not updated)
[2026-02-02 10:22:34]   [emp_id: 5224] REFRESHED: 16.6 → 16.6 (not updated)
[2026-02-02 10:22:34]   [emp_id: 5225] REFRESHED: 8.91 → 8.91 (not updated)
[2026-02-02 10:22:34]   [emp_id: 5228] REFRESHED: 11.6 → 11.6 (not updated)
[2026-02-02 10:22:34]   [emp_id: 5229] REFRESHED: 7.6 → 7.6 (not updated)
[2026-02-02 10:22:34]   [emp_id: 5230] REFRESHED: 12.27 → 12.27 (not updated)
[2026-02-02 10:22:34]   [emp_id: 5231] REFRESHED: 8.6 → 8.6 (not updated)
[2026-02-02 10:22:34]   [emp_id: 5232] REFRESHED: 2.6 → 2.6 (not updated)
[2026-02-02 10:22:34]   [emp_id: 5233] REFRESHED: 6.6 → 6.6 (not updated)
[2026-02-02 10:22:34]   [emp_id: 5234] REFRESHED: 6.6 → 6.6 (not updated)
[2026-02-02 10:22:34]   [emp_id: 5235] REFRESHED: 2.04 → 2.04 (not updated)
[2026-02-02 10:22:34]   [emp_id: 5237] REFRESHED: 12.85 → 12.85 (not updated)
[2026-02-02 10:22:34]   [emp_id: 5239] REFRESHED: 9.6 → 9.6 (not updated)
[2026-02-02 10:22:34]   [emp_id: 5241] REFRESHED: 7.6 → 7.6 (not updated)
[2026-02-02 10:22:34]   [emp_id: 5242] REFRESHED: 17.6 → 17.6 (not updated)
[2026-02-02 10:22:34]   [emp_id: 5243] REFRESHED: 4.01 → 4.01 (not updated)
[2026-02-02 10:22:34]   [emp_id: 5244] REFRESHED: 2.04 → 2.04 (not updated)
[2026-02-02 10:22:34]   [emp_id: 5246] REFRESHED: 13.6 → 13.6 (not updated)
[2026-02-02 10:22:34]   [emp_id: 5253] REFRESHED: 26.47 → 26.47 (not updated)
[2026-02-02 10:22:34]   [emp_id: 5254] REFRESHED: 14.45 → 14.45 (not updated)
[2026-02-02 10:22:34]   [emp_id: 5257] REFRESHED: 14.16 → 14.16 (not updated)
[2026-02-02 10:22:34]   [emp_id: 5259] REFRESHED: 50.69 → 50.69 (not updated)
[2026-02-02 10:22:34]   [emp_id: 5261] REFRESHED: 19.2 → 19.2 (not updated)
[2026-02-02 10:22:34]   [emp_id: 5264] REFRESHED: 16.17 → 16.17 (not updated)
[2026-02-02 10:22:34]   [emp_id: 5266] REFRESHED: 22.79 → 22.79 (not updated)
[2026-02-02 10:22:34]   [emp_id: 5268] REFRESHED: 11.36 → 11.36 (not updated)
[2026-02-02 10:22:34]   [emp_id: 5271] REFRESHED: 10.02 → 10.02 (not updated)
[2026-02-02 10:22:34]   [emp_id: 5272] REFRESHED: 10.89 → 10.89 (not updated)
[2026-02-02 10:22:34]   [emp_id: 5273] REFRESHED: 25.96 → 25.96 (not updated)
[2026-02-02 10:22:34]   [emp_id: 5275] REFRESHED: 11.71 → 11.71 (not updated)
[2026-02-02 10:22:34]   [emp_id: 5276] REFRESHED: 25.98 → 25.98 (not updated)
[2026-02-02 10:22:34]   [emp_id: 5278] REFRESHED: 10.37 → 10.37 (not updated)
[2026-02-02 10:22:34]   [emp_id: 5280] REFRESHED: 20.77 → 20.77 (not updated)
[2026-02-02 10:22:34]   [emp_id: 5282] REFRESHED: 14.68 → 14.68 (not updated)
[2026-02-02 10:22:34]   [emp_id: 5285] REFRESHED: 30.77 → 30.77 (not updated)
[2026-02-02 10:22:34]   [emp_id: 5286] REFRESHED: 17.77 → 17.77 (not updated)
[2026-02-02 10:22:34]   [emp_id: 5287] REFRESHED: 52.07 → 52.07 (not updated)
[2026-02-02 10:22:34]   [emp_id: 5288] REFRESHED: 9.34 → 9.34 (not updated)
[2026-02-02 10:22:34]   [emp_id: 5289] REFRESHED: 50.62 → 50.62 (not updated)
[2026-02-02 10:22:34]   [emp_id: 5290] REFRESHED: 49.39 → 49.39 (not updated)
[2026-02-02 10:22:34]   [emp_id: 5291] REFRESHED: 7.39 → 7.39 (not updated)
[2026-02-02 10:22:34]   [emp_id: 5292] REFRESHED: 7.33 → 7.33 (not updated)
[2026-02-02 10:22:34]   [emp_id: 5293] REFRESHED: 10.94 → 10.94 (not updated)
[2026-02-02 10:22:34]   [emp_id: 5294] REFRESHED: 10.6 → 10.6 (not updated)
[2026-02-02 10:22:34]   [emp_id: 5295] REFRESHED: 23.57 → 23.57 (not updated)
[2026-02-02 10:22:34]   [emp_id: 5296] REFRESHED: 37.62 → 37.62 (not updated)
[2026-02-02 10:22:34]   [emp_id: 5297] REFRESHED: 47.99 → 47.99 (not updated)
[2026-02-02 10:22:34]   [emp_id: 5298] REFRESHED: 47.99 → 47.99 (not updated)
[2026-02-02 10:22:34]   [emp_id: 5299] REFRESHED: 47.99 → 47.99 (not updated)
[2026-02-02 10:22:34]   [emp_id: 5300] REFRESHED: 47.99 → 47.99 (not updated)
[2026-02-02 10:22:34]   [emp_id: 5301] REFRESHED: 5.81 → 5.81 (not updated)
[2026-02-02 10:22:34]   [emp_id: 5303] REFRESHED: 6.24 → 6.24 (not updated)
[2026-02-02 10:22:34]   [emp_id: 5304] REFRESHED: 2.99 → 2.99 (not updated)
[2026-02-02 10:22:34]   [emp_id: 5305] REFRESHED: 5.99 → 5.99 (not updated)
[2026-02-02 10:22:34]   [emp_id: 5306] REFRESHED: 47.7 → 47.7 (not updated)
[2026-02-02 10:22:34]   [emp_id: 5307] REFRESHED: 47.7 → 47.7 (not updated)
[2026-02-02 10:22:34]   [emp_id: 5312] REFRESHED: 2.04 → 2.04 (not updated)
[2026-02-02 10:22:34]   [emp_id: 5318] REFRESHED: 28.41 → 28.41 (not updated)
[2026-02-02 10:22:34]   [emp_id: 5325] REFRESHED: 2.37 → 2.37 (not updated)
[2026-02-02 10:22:34]   [emp_id: 5327] REFRESHED: 3.46 → 3.46 (not updated)
[2026-02-02 10:22:34]   [emp_id: 5337] REFRESHED: 38.51 → 38.51 (not updated)
[2026-02-02 10:22:34]   [emp_id: 5339] REFRESHED: 12.56 → 12.56 (not updated)
[2026-02-02 10:22:34]   [emp_id: 5343] REFRESHED: 48.43 → 48.43 (not updated)
[2026-02-02 10:22:34]   [emp_id: 5343] REFRESHED: 48.51 → 48.51 (not updated)
[2026-02-02 10:22:34]   [emp_id: 5345] REFRESHED: 18.26 → 18.26 (not updated)
[2026-02-02 10:22:34]   [emp_id: 5346] REFRESHED: 4.28 → 4.28 (not updated)
[2026-02-02 10:22:34]   [emp_id: 5351] REFRESHED: 19.22 → 19.22 (not updated)
[2026-02-02 10:22:34]   [emp_id: 5352] REFRESHED: 28.68 → 28.68 (not updated)
[2026-02-02 10:22:34]   [emp_id: 5370] REFRESHED: 17.87 → 17.87 (not updated)
[2026-02-02 10:22:34]   [emp_id: 5371] REFRESHED: 10.43 → 10.43 (not updated)
[2026-02-02 10:22:34]   [emp_id: 5376] REFRESHED: 12.47 → 12.47 (not updated)
[2026-02-02 10:22:34]   [emp_id: 5378] REFRESHED: 20.51 → 20.51 (not updated)
[2026-02-02 10:22:34]   [emp_id: 5380] REFRESHED: 18.88 → 18.88 (not updated)
[2026-02-02 10:22:34]   [emp_id: 5381] REFRESHED: 14.95 → 14.95 (not updated)
[2026-02-02 10:22:34]   [emp_id: 5383] REFRESHED: 18.26 → 18.26 (not updated)
[2026-02-02 10:22:34]   [emp_id: 5388] REFRESHED: 29.66 → 29.66 (not updated)
[2026-02-02 10:22:34]   [emp_id: 5396] REFRESHED: 30.9 → 30.9 (not updated)
[2026-02-02 10:22:34]   [emp_id: 5397] REFRESHED: 22.36 → 22.36 (not updated)
[2026-02-02 10:22:34]   [emp_id: 5401] REFRESHED: 25.47 → 25.47 (not updated)
[2026-02-02 10:22:34]   [emp_id: 5402] REFRESHED: 25.59 → 25.59 (not updated)
[2026-02-02 10:22:34]   [emp_id: 5406] REFRESHED: 19.31 → 19.31 (not updated)
[2026-02-02 10:22:34]   [emp_id: 5407] REFRESHED: 19.03 → 19.03 (not updated)
[2026-02-02 10:22:34]   [emp_id: 5409] REFRESHED: 18.65 → 18.65 (not updated)
[2026-02-02 10:22:34]   [emp_id: 5413] REFRESHED: 31.43 → 31.43 (not updated)
[2026-02-02 10:22:34]   [emp_id: 5414] REFRESHED: 31.1 → 31.1 (not updated)
[2026-02-02 10:22:34]   [emp_id: 5415] REFRESHED: 7.03 → 7.03 (not updated)
[2026-02-02 10:22:34]   [emp_id: 5418] REFRESHED: 17.71 → 17.71 (not updated)
[2026-02-02 10:22:34]   [emp_id: 5422] REFRESHED: 23.76 → 23.76 (not updated)
[2026-02-02 10:22:34]   [emp_id: 5423] REFRESHED: 8.45 → 8.45 (not updated)
[2026-02-02 10:22:34]   [emp_id: 5425] REFRESHED: 16.26 → 16.26 (not updated)
[2026-02-02 10:22:34]   [emp_id: 5426] REFRESHED: 5 → 5 (not updated)
[2026-02-02 10:22:34]   [emp_id: 5426] REFRESHED: 5.08 → 5.08 (not updated)
[2026-02-02 10:22:34]   [emp_id: 5427] REFRESHED: 16.37 → 16.37 (not updated)
[2026-02-02 10:22:34]   [emp_id: 5428] REFRESHED: 16.26 → 16.26 (not updated)
[2026-02-02 10:22:34]   [emp_id: 5430] REFRESHED: 20.82 → 20.82 (not updated)
[2026-02-02 10:22:34]   [emp_id: 5431] REFRESHED: 15.38 → 15.38 (not updated)
[2026-02-02 10:22:34]   [emp_id: 5433] REFRESHED: 15.4 → 15.4 (not updated)
[2026-02-02 10:22:34]   [emp_id: 5434] REFRESHED: 15.15 → 15.15 (not updated)
[2026-02-02 10:22:34]   [emp_id: 5435] REFRESHED: 15.09 → 15.09 (not updated)
[2026-02-02 10:22:34]   [emp_id: 5436] REFRESHED: 15.09 → 15.09 (not updated)
[2026-02-02 10:22:34]   [emp_id: 5438] REFRESHED: 18.68 → 18.68 (not updated)
[2026-02-02 10:22:34]   [emp_id: 5439] REFRESHED: 28.18 → 28.18 (not updated)
[2026-02-02 10:22:34]   [emp_id: 5442] REFRESHED: 17.18 → 17.18 (not updated)
[2026-02-02 10:22:34]   [emp_id: 5445] REFRESHED: 9.55 → 9.55 (not updated)
[2026-02-02 10:22:34]   [emp_id: 5446] REFRESHED: 9.55 → 9.55 (not updated)
[2026-02-02 10:22:34]   [emp_id: 5447] REFRESHED: 9.49 → 9.49 (not updated)
[2026-02-02 10:22:34]   [emp_id: 5448] REFRESHED: 4.2 → 4.2 (not updated)
[2026-02-02 10:22:34]   [emp_id: 5449] REFRESHED: 7.57 → 7.57 (not updated)
[2026-02-02 10:22:35]   [emp_id: 5450] REFRESHED: 7.51 → 7.51 (not updated)
[2026-02-02 10:22:35]   [emp_id: 5451] REFRESHED: 7.51 → 7.51 (not updated)
[2026-02-02 10:22:35]   [emp_id: 5453] REFRESHED: 7.35 → 7.35 (not updated)
[2026-02-02 10:22:35]   [emp_id: 5454] REFRESHED: 10.26 → 10.26 (not updated)
[2026-02-02 10:22:35]   [emp_id: 5455] REFRESHED: 4.51 → 4.51 (not updated)
[2026-02-02 10:22:35]   [emp_id: 5456] REFRESHED: 9.51 → 9.51 (not updated)
[2026-02-02 10:22:35]   [emp_id: 5457] REFRESHED: 6.6 → 6.6 (not updated)
[2026-02-02 10:22:35]   [emp_id: 5460] REFRESHED: 8.16 → 8.16 (not updated)
[2026-02-02 10:22:35]   [emp_id: 5463] REFRESHED: 7.49 → 7.49 (not updated)
[2026-02-02 10:22:35]   [emp_id: 5464] REFRESHED: 7.49 → 7.49 (not updated)
[2026-02-02 10:22:35]   [emp_id: 5466] REFRESHED: 5.24 → 5.24 (not updated)
[2026-02-02 10:22:35]   [emp_id: 5467] REFRESHED: 4.16 → 4.16 (not updated)
[2026-02-02 10:22:35]   [emp_id: 5468] REFRESHED: 3.11 → 3.11 (not updated)
[2026-02-02 10:22:35]   [emp_id: 5469] REFRESHED: 3.02 → 3.02 (not updated)
[2026-02-02 10:22:35] Report saved to: D:\xampp\htdocs\almutlak\system/cron_logs/last_vacation_update_report.json
[2026-02-02 10:22:36] ========== CRON: Vacation Balance Update Started ==========
[2026-02-02 10:22:36] Force level: 1 (0=normal, 1=check missing, 2=full bypass)
[2026-02-02 10:22:36] Source: Browser (?force=1)
[2026-02-02 10:22:36] FORCE LEVEL 1: Checking for missing records and refreshing values (NOT updating last_updated)
[2026-02-02 10:22:36] FORCE LEVEL 1: Checking for missing records only
[2026-02-02 10:22:36] Database connection established
[2026-02-02 10:22:36] Found 433 active employees with balance records to update
[2026-02-02 10:22:36] (Only employees with status=1 will be processed)
[2026-02-02 10:22:36]   [emp_id: 1061] REFRESHED: 2.75 → 2.75 (not updated)
[2026-02-02 10:22:36]   [emp_id: 1496] REFRESHED: 19.6 → 19.6 (not updated)
[2026-02-02 10:22:36]   [emp_id: 1500] REFRESHED: 7.28 → 7.28 (not updated)
[2026-02-02 10:22:36]   [emp_id: 1574] REFRESHED: 36.51 → 36.51 (not updated)
[2026-02-02 10:22:36]   [emp_id: 1673] REFRESHED: 48.01 → 48.01 (not updated)
[2026-02-02 10:22:36]   [emp_id: 1685] REFRESHED: 17.93 → 17.93 (not updated)
[2026-02-02 10:22:36]   [emp_id: 1764] REFRESHED: 72.6 → 72.6 (not updated)
[2026-02-02 10:22:36]   [emp_id: 1805] REFRESHED: 66.93 → 66.93 (not updated)
[2026-02-02 10:22:36]   [emp_id: 1822] REFRESHED: 71.68 → 71.68 (not updated)
[2026-02-02 10:22:36]   [emp_id: 1837] REFRESHED: 27.85 → 27.85 (not updated)
[2026-02-02 10:22:36]   [emp_id: 1857] REFRESHED: 23.18 → 23.18 (not updated)
[2026-02-02 10:22:36]   [emp_id: 1861] REFRESHED: 74.01 → 74.01 (not updated)
[2026-02-02 10:22:36]   [emp_id: 1872] REFRESHED: 12.85 → 12.85 (not updated)
[2026-02-02 10:22:36]   [emp_id: 1897] REFRESHED: 8.18 → 8.18 (not updated)
[2026-02-02 10:22:36]   [emp_id: 1916] REFRESHED: 14.48 → 14.48 (not updated)
[2026-02-02 10:22:36]   [emp_id: 1928] REFRESHED: 67.43 → 67.43 (not updated)
[2026-02-02 10:22:36]   [emp_id: 1931] REFRESHED: 87.35 → 87.35 (not updated)
[2026-02-02 10:22:36]   [emp_id: 1944] REFRESHED: 45.51 → 45.51 (not updated)
[2026-02-02 10:22:36]   [emp_id: 1996] REFRESHED: 74.01 → 74.01 (not updated)
[2026-02-02 10:22:36]   [emp_id: 1997] REFRESHED: 39.18 → 39.18 (not updated)
[2026-02-02 10:22:36]   [emp_id: 1998] REFRESHED: 30.62 → 30.62 (not updated)
[2026-02-02 10:22:36]   [emp_id: 1999] REFRESHED: 31.62 → 31.62 (not updated)
[2026-02-02 10:22:36]   [emp_id: 2009] REFRESHED: 37.93 → 37.93 (not updated)
[2026-02-02 10:22:36]   [emp_id: 2048] REFRESHED: 27.76 → 27.76 (not updated)
[2026-02-02 10:22:36]   [emp_id: 2057] REFRESHED: 68.6 → 68.6 (not updated)
[2026-02-02 10:22:36]   [emp_id: 2079] REFRESHED: 50.93 → 50.93 (not updated)
[2026-02-02 10:22:36]   [emp_id: 2181] REFRESHED: 39.93 → 39.93 (not updated)
[2026-02-02 10:22:36]   [emp_id: 2190] REFRESHED: 9.26 → 9.26 (not updated)
[2026-02-02 10:22:36]   [emp_id: 2212] REFRESHED: 27.26 → 27.26 (not updated)
[2026-02-02 10:22:36]   [emp_id: 2226] REFRESHED: 72.01 → 72.01 (not updated)
[2026-02-02 10:22:36]   [emp_id: 2238] REFRESHED: 70.26 → 70.26 (not updated)
[2026-02-02 10:22:36]   [emp_id: 2285] REFRESHED: 38.93 → 38.93 (not updated)
[2026-02-02 10:22:36]   [emp_id: 2287] REFRESHED: 50.6 → 50.6 (not updated)
[2026-02-02 10:22:36]   [emp_id: 2288] REFRESHED: 5.62 → 5.62 (not updated)
[2026-02-02 10:22:36]   [emp_id: 2316] REFRESHED: 19.43 → 19.43 (not updated)
[2026-02-02 10:22:36]   [emp_id: 2337] REFRESHED: 40.51 → 40.51 (not updated)
[2026-02-02 10:22:36]   [emp_id: 2352] REFRESHED: 72.01 → 72.01 (not updated)
[2026-02-02 10:22:36]   [emp_id: 2358] REFRESHED: 8.51 → 8.51 (not updated)
[2026-02-02 10:22:36]   [emp_id: 2361] REFRESHED: 74.18 → 74.18 (not updated)
[2026-02-02 10:22:36]   [emp_id: 2363] REFRESHED: 76.76 → 76.76 (not updated)
[2026-02-02 10:22:36]   [emp_id: 2364] REFRESHED: 76.18 → 76.18 (not updated)
[2026-02-02 10:22:36]   [emp_id: 2367] REFRESHED: 103.85 → 103.85 (not updated)
[2026-02-02 10:22:36]   [emp_id: 2368] REFRESHED: 34.26 → 34.26 (not updated)
[2026-02-02 10:22:36]   [emp_id: 2372] REFRESHED: 71.51 → 71.51 (not updated)
[2026-02-02 10:22:36]   [emp_id: 2376] REFRESHED: 121.51 → 121.51 (not updated)
[2026-02-02 10:22:36]   [emp_id: 2423] REFRESHED: 22.26 → 22.26 (not updated)
[2026-02-02 10:22:36]   [emp_id: 2519] REFRESHED: 115.93 → 115.93 (not updated)
[2026-02-02 10:22:36]   [emp_id: 2522] REFRESHED: 59.51 → 59.51 (not updated)
[2026-02-02 10:22:36]   [emp_id: 2530] REFRESHED: 54.76 → 54.76 (not updated)
[2026-02-02 10:22:36]   [emp_id: 2539] REFRESHED: 51.51 → 51.51 (not updated)
[2026-02-02 10:22:36]   [emp_id: 2541] REFRESHED: 32.1 → 32.1 (not updated)
[2026-02-02 10:22:36]   [emp_id: 2550] REFRESHED: 98.26 → 98.26 (not updated)
[2026-02-02 10:22:36]   [emp_id: 2553] REFRESHED: 35.37 → 35.37 (not updated)
[2026-02-02 10:22:36]   [emp_id: 2554] REFRESHED: 41.85 → 41.85 (not updated)
[2026-02-02 10:22:36]   [emp_id: 2565] REFRESHED: 96.43 → 96.43 (not updated)
[2026-02-02 10:22:36]   [emp_id: 2572] REFRESHED: 46.43 → 46.43 (not updated)
[2026-02-02 10:22:36]   [emp_id: 2637] REFRESHED: 67.01 → 67.01 (not updated)
[2026-02-02 10:22:36]   [emp_id: 2642] REFRESHED: 79.76 → 79.76 (not updated)
[2026-02-02 10:22:36]   [emp_id: 2645] REFRESHED: 95.76 → 95.76 (not updated)
[2026-02-02 10:22:36]   [emp_id: 2648] REFRESHED: 47.43 → 47.43 (not updated)
[2026-02-02 10:22:36]   [emp_id: 2654] REFRESHED: 90.1 → 90.1 (not updated)
[2026-02-02 10:22:36]   [emp_id: 2688] REFRESHED: 28.18 → 28.18 (not updated)
[2026-02-02 10:22:36]   [emp_id: 2690] REFRESHED: 16.93 → 16.93 (not updated)
[2026-02-02 10:22:36]   [emp_id: 2709] REFRESHED: 39.18 → 39.18 (not updated)
[2026-02-02 10:22:36]   [emp_id: 2745] REFRESHED: 35.76 → 35.76 (not updated)
[2026-02-02 10:22:36]   [emp_id: 2843] REFRESHED: 82.35 → 82.35 (not updated)
[2026-02-02 10:22:36]   [emp_id: 2854] REFRESHED: 62.26 → 62.26 (not updated)
[2026-02-02 10:22:36]   [emp_id: 2869] REFRESHED: 6.18 → 6.18 (not updated)
[2026-02-02 10:22:36]   [emp_id: 2876] REFRESHED: 37.01 → 37.01 (not updated)
[2026-02-02 10:22:36]   [emp_id: 2924] REFRESHED: 18.18 → 18.18 (not updated)
[2026-02-02 10:22:36]   [emp_id: 2953] REFRESHED: 103.93 → 103.93 (not updated)
[2026-02-02 10:22:36]   [emp_id: 2961] REFRESHED: 13.93 → 13.93 (not updated)
[2026-02-02 10:22:36]   [emp_id: 2975] REFRESHED: 3.61 → 3.61 (not updated)
[2026-02-02 10:22:36]   [emp_id: 3013] REFRESHED: 12.93 → 12.93 (not updated)
[2026-02-02 10:22:36]   [emp_id: 3014] REFRESHED: 92.18 → 92.18 (not updated)
[2026-02-02 10:22:36]   [emp_id: 3015] REFRESHED: 3.43 → 3.43 (not updated)
[2026-02-02 10:22:36]   [emp_id: 3018] REFRESHED: 62.18 → 62.18 (not updated)
[2026-02-02 10:22:36]   [emp_id: 3025] REFRESHED: 25.95 → 25.95 (not updated)
[2026-02-02 10:22:36]   [emp_id: 3037] REFRESHED: 85.68 → 85.68 (not updated)
[2026-02-02 10:22:36]   [emp_id: 3047] REFRESHED: 73.93 → 73.93 (not updated)
[2026-02-02 10:22:36]   [emp_id: 3061] REFRESHED: 20.85 → 20.85 (not updated)
[2026-02-02 10:22:36]   [emp_id: 3062] REFRESHED: 54.01 → 54.01 (not updated)
[2026-02-02 10:22:36]   [emp_id: 3074] REFRESHED: 110.43 → 110.43 (not updated)
[2026-02-02 10:22:36]   [emp_id: 3089] REFRESHED: 9.35 → 9.35 (not updated)
[2026-02-02 10:22:36]   [emp_id: 3090] REFRESHED: 35.93 → 35.93 (not updated)
[2026-02-02 10:22:36]   [emp_id: 3091] REFRESHED: 47.93 → 47.93 (not updated)
[2026-02-02 10:22:36]   [emp_id: 3092] REFRESHED: 30.6 → 30.6 (not updated)
[2026-02-02 10:22:36]   [emp_id: 3105] REFRESHED: 50.93 → 50.93 (not updated)
[2026-02-02 10:22:36]   [emp_id: 3134] REFRESHED: 46.68 → 46.68 (not updated)
[2026-02-02 10:22:36]   [emp_id: 3140] REFRESHED: 43.76 → 43.76 (not updated)
[2026-02-02 10:22:36]   [emp_id: 3144] REFRESHED: 16.6 → 16.6 (not updated)
[2026-02-02 10:22:36]   [emp_id: 3156] REFRESHED: 19.93 → 19.93 (not updated)
[2026-02-02 10:22:36]   [emp_id: 3162] REFRESHED: 4.91 → 4.91 (not updated)
[2026-02-02 10:22:36]   [emp_id: 3163] REFRESHED: 8.18 → 8.18 (not updated)
[2026-02-02 10:22:36]   [emp_id: 3198] REFRESHED: 43.18 → 43.18 (not updated)
[2026-02-02 10:22:36]   [emp_id: 3205] REFRESHED: 19.85 → 19.85 (not updated)
[2026-02-02 10:22:36]   [emp_id: 3209] REFRESHED: 44.01 → 44.01 (not updated)
[2026-02-02 10:22:36]   [emp_id: 3223] REFRESHED: 92.93 → 92.93 (not updated)
[2026-02-02 10:22:36]   [emp_id: 3224] REFRESHED: 67.68 → 67.68 (not updated)
[2026-02-02 10:22:36]   [emp_id: 3230] REFRESHED: 91.1 → 91.1 (not updated)
[2026-02-02 10:22:36]   [emp_id: 3231] REFRESHED: 3.47 → 3.47 (not updated)
[2026-02-02 10:22:36]   [emp_id: 3233] REFRESHED: 83.93 → 83.93 (not updated)
[2026-02-02 10:22:36]   [emp_id: 3249] REFRESHED: 39.76 → 39.76 (not updated)
[2026-02-02 10:22:36]   [emp_id: 3250] REFRESHED: 12.76 → 12.76 (not updated)
[2026-02-02 10:22:36]   [emp_id: 3252] REFRESHED: 13.68 → 13.68 (not updated)
[2026-02-02 10:22:36]   [emp_id: 3254] REFRESHED: 24.18 → 24.18 (not updated)
[2026-02-02 10:22:36]   [emp_id: 3255] REFRESHED: 20.6 → 20.6 (not updated)
[2026-02-02 10:22:36]   [emp_id: 3256] REFRESHED: 16.85 → 16.85 (not updated)
[2026-02-02 10:22:36]   [emp_id: 3263] REFRESHED: 32.93 → 32.93 (not updated)
[2026-02-02 10:22:36]   [emp_id: 3265] REFRESHED: 28.51 → 28.51 (not updated)
[2026-02-02 10:22:36]   [emp_id: 3280] REFRESHED: 75.43 → 75.43 (not updated)
[2026-02-02 10:22:36]   [emp_id: 3286] REFRESHED: 18.6 → 18.6 (not updated)
[2026-02-02 10:22:36]   [emp_id: 3294] REFRESHED: 18.26 → 18.26 (not updated)
[2026-02-02 10:22:36]   [emp_id: 3321] REFRESHED: 75.43 → 75.43 (not updated)
[2026-02-02 10:22:36]   [emp_id: 3325] REFRESHED: 63.18 → 63.18 (not updated)
[2026-02-02 10:22:36]   [emp_id: 3329] REFRESHED: 65.51 → 65.51 (not updated)
[2026-02-02 10:22:36]   [emp_id: 3330] REFRESHED: 65.51 → 65.51 (not updated)
[2026-02-02 10:22:36]   [emp_id: 3332] REFRESHED: 65.51 → 65.51 (not updated)
[2026-02-02 10:22:36]   [emp_id: 3370] REFRESHED: 57.02 → 57.02 (not updated)
[2026-02-02 10:22:36]   [emp_id: 3384] REFRESHED: 17.68 → 17.68 (not updated)
[2026-02-02 10:22:36]   [emp_id: 3386] REFRESHED: 47.68 → 47.68 (not updated)
[2026-02-02 10:22:36]   [emp_id: 3431] REFRESHED: 22.1 → 22.1 (not updated)
[2026-02-02 10:22:36]   [emp_id: 3497] REFRESHED: 12.26 → 12.26 (not updated)
[2026-02-02 10:22:36]   [emp_id: 3532] REFRESHED: 3.1 → 3.1 (not updated)
[2026-02-02 10:22:36]   [emp_id: 3602] REFRESHED: 4.67 → 4.67 (not updated)
[2026-02-02 10:22:36]   [emp_id: 3618] REFRESHED: 26.65 → 26.65 (not updated)
[2026-02-02 10:22:36]   [emp_id: 3622] REFRESHED: 36.81 → 36.81 (not updated)
[2026-02-02 10:22:36]   [emp_id: 3627] REFRESHED: 12.6 → 12.6 (not updated)
[2026-02-02 10:22:36]   [emp_id: 3665] REFRESHED: 54.18 → 54.18 (not updated)
[2026-02-02 10:22:36]   [emp_id: 3705] REFRESHED: 30.14 → 30.14 (not updated)
[2026-02-02 10:22:36]   [emp_id: 3724] REFRESHED: 47.18 → 47.18 (not updated)
[2026-02-02 10:22:36]   [emp_id: 3726] REFRESHED: 63.6 → 63.6 (not updated)
[2026-02-02 10:22:36]   [emp_id: 3727] REFRESHED: 68.68 → 68.68 (not updated)
[2026-02-02 10:22:36]   [emp_id: 3728] REFRESHED: 13.01 → 13.01 (not updated)
[2026-02-02 10:22:36]   [emp_id: 3767] REFRESHED: 3.76 → 3.76 (not updated)
[2026-02-02 10:22:36]   [emp_id: 3768] REFRESHED: 60.01 → 60.01 (not updated)
[2026-02-02 10:22:36]   [emp_id: 3787] REFRESHED: 60.6 → 60.6 (not updated)
[2026-02-02 10:22:36]   [emp_id: 3790] REFRESHED: 5.15 → 5.15 (not updated)
[2026-02-02 10:22:36]   [emp_id: 3795] REFRESHED: 18.1 → 18.1 (not updated)
[2026-02-02 10:22:36]   [emp_id: 3798] REFRESHED: 96.51 → 96.51 (not updated)
[2026-02-02 10:22:36]   [emp_id: 3801] REFRESHED: 4.78 → 4.78 (not updated)
[2026-02-02 10:22:36]   [emp_id: 3802] REFRESHED: 33.76 → 33.76 (not updated)
[2026-02-02 10:22:36]   [emp_id: 3803] REFRESHED: 118.18 → 118.18 (not updated)
[2026-02-02 10:22:36]   [emp_id: 3810] REFRESHED: 64.18 → 64.18 (not updated)
[2026-02-02 10:22:36]   [emp_id: 3812] REFRESHED: 93.18 → 93.18 (not updated)
[2026-02-02 10:22:36]   [emp_id: 3815] REFRESHED: 93.18 → 93.18 (not updated)
[2026-02-02 10:22:36]   [emp_id: 3836] REFRESHED: 60.85 → 60.85 (not updated)
[2026-02-02 10:22:36]   [emp_id: 3855] REFRESHED: 54.01 → 54.01 (not updated)
[2026-02-02 10:22:36]   [emp_id: 3857] REFRESHED: 57.68 → 57.68 (not updated)
[2026-02-02 10:22:36]   [emp_id: 3862] REFRESHED: 105.76 → 105.76 (not updated)
[2026-02-02 10:22:36]   [emp_id: 3866] REFRESHED: 31.01 → 31.01 (not updated)
[2026-02-02 10:22:36]   [emp_id: 3876] REFRESHED: 27.18 → 27.18 (not updated)
[2026-02-02 10:22:36]   [emp_id: 3877] REFRESHED: 52.68 → 52.68 (not updated)
[2026-02-02 10:22:36]   [emp_id: 3897] REFRESHED: 40.93 → 40.93 (not updated)
[2026-02-02 10:22:36]   [emp_id: 3899] REFRESHED: 2.75 → 2.75 (not updated)
[2026-02-02 10:22:36]   [emp_id: 3928] REFRESHED: 17.01 → 17.01 (not updated)
[2026-02-02 10:22:36]   [emp_id: 3929] REFRESHED: 12.01 → 12.01 (not updated)
[2026-02-02 10:22:36]   [emp_id: 3935] REFRESHED: 97.01 → 97.01 (not updated)
[2026-02-02 10:22:36]   [emp_id: 3952] REFRESHED: 78.35 → 78.35 (not updated)
[2026-02-02 10:22:36]   [emp_id: 3987] REFRESHED: 17.26 → 17.26 (not updated)
[2026-02-02 10:22:36]   [emp_id: 4059] REFRESHED: 6.46 → 6.46 (not updated)
[2026-02-02 10:22:36]   [emp_id: 4119] REFRESHED: 59.93 → 59.93 (not updated)
[2026-02-02 10:22:36]   [emp_id: 4120] REFRESHED: 29.51 → 29.51 (not updated)
[2026-02-02 10:22:36]   [emp_id: 4124] REFRESHED: 30.03 → 30.03 (not updated)
[2026-02-02 10:22:36]   [emp_id: 4133] REFRESHED: 108.51 → 108.51 (not updated)
[2026-02-02 10:22:36]   [emp_id: 4134] REFRESHED: 29.51 → 29.51 (not updated)
[2026-02-02 10:22:36]   [emp_id: 4136] REFRESHED: 29.51 → 29.51 (not updated)
[2026-02-02 10:22:36]   [emp_id: 4150] REFRESHED: 28.18 → 28.18 (not updated)
[2026-02-02 10:22:36]   [emp_id: 4157] REFRESHED: 21.68 → 21.68 (not updated)
[2026-02-02 10:22:36]   [emp_id: 4172] REFRESHED: 14.72 → 14.72 (not updated)
[2026-02-02 10:22:36]   [emp_id: 4195] REFRESHED: 65.26 → 65.26 (not updated)
[2026-02-02 10:22:36]   [emp_id: 4215] REFRESHED: 47.93 → 47.93 (not updated)
[2026-02-02 10:22:36]   [emp_id: 4220] REFRESHED: 43.51 → 43.51 (not updated)
[2026-02-02 10:22:36]   [emp_id: 4273] REFRESHED: 12.18 → 12.18 (not updated)
[2026-02-02 10:22:36]   [emp_id: 4283] REFRESHED: 15.81 → 15.81 (not updated)
[2026-02-02 10:22:36]   [emp_id: 4288] REFRESHED: 2.75 → 2.75 (not updated)
[2026-02-02 10:22:36]   [emp_id: 4315] REFRESHED: 15.43 → 15.43 (not updated)
[2026-02-02 10:22:36]   [emp_id: 4328] REFRESHED: 44.64 → 44.64 (not updated)
[2026-02-02 10:22:36]   [emp_id: 4329] REFRESHED: 8.6 → 8.6 (not updated)
[2026-02-02 10:22:36]   [emp_id: 4338] REFRESHED: 50.18 → 50.18 (not updated)
[2026-02-02 10:22:36]   [emp_id: 4340] REFRESHED: 112.18 → 112.18 (not updated)
[2026-02-02 10:22:36]   [emp_id: 4365] REFRESHED: 63.6 → 63.6 (not updated)
[2026-02-02 10:22:36]   [emp_id: 4366] REFRESHED: 62.68 → 62.68 (not updated)
[2026-02-02 10:22:36]   [emp_id: 4403] REFRESHED: 88.51 → 88.51 (not updated)
[2026-02-02 10:22:36]   [emp_id: 4438] REFRESHED: 24.18 → 24.18 (not updated)
[2026-02-02 10:22:36]   [emp_id: 4465] REFRESHED: 14.97 → 14.97 (not updated)
[2026-02-02 10:22:36]   [emp_id: 4473] REFRESHED: 47.76 → 47.76 (not updated)
[2026-02-02 10:22:36]   [emp_id: 4474] REFRESHED: 5.48 → 5.48 (not updated)
[2026-02-02 10:22:36]   [emp_id: 4493] REFRESHED: 166.6 → 166.6 (not updated)
[2026-02-02 10:22:36]   [emp_id: 4526] REFRESHED: 38.85 → 38.85 (not updated)
[2026-02-02 10:22:36]   [emp_id: 4528] REFRESHED: 110.6 → 110.6 (not updated)
[2026-02-02 10:22:36]   [emp_id: 4528] REFRESHED: 110.6 → 110.6 (not updated)
[2026-02-02 10:22:36]   [emp_id: 4532] REFRESHED: 10.09 → 10.09 (not updated)
[2026-02-02 10:22:36]   [emp_id: 4533] REFRESHED: 39.01 → 39.01 (not updated)
[2026-02-02 10:22:36]   [emp_id: 4565] REFRESHED: 17.47 → 17.47 (not updated)
[2026-02-02 10:22:36]   [emp_id: 4567] REFRESHED: 21.72 → 21.72 (not updated)
[2026-02-02 10:22:36]   [emp_id: 4572] REFRESHED: 61.22 → 61.22 (not updated)
[2026-02-02 10:22:36]   [emp_id: 4631] REFRESHED: 17.47 → 17.47 (not updated)
[2026-02-02 10:22:36]   [emp_id: 4655] REFRESHED: 27.93 → 27.93 (not updated)
[2026-02-02 10:22:36]   [emp_id: 4709] REFRESHED: 43.18 → 43.18 (not updated)
[2026-02-02 10:22:36]   [emp_id: 4717] REFRESHED: 69.18 → 69.18 (not updated)
[2026-02-02 10:22:36]   [emp_id: 4736] REFRESHED: 31.01 → 31.01 (not updated)
[2026-02-02 10:22:36]   [emp_id: 4756] REFRESHED: 13.91 → 13.91 (not updated)
[2026-02-02 10:22:36]   [emp_id: 4768] REFRESHED: 16.68 → 16.68 (not updated)
[2026-02-02 10:22:36]   [emp_id: 4780] REFRESHED: 67.64 → 67.64 (not updated)
[2026-02-02 10:22:36]   [emp_id: 4820] REFRESHED: 102.01 → 102.01 (not updated)
[2026-02-02 10:22:36]   [emp_id: 4824] REFRESHED: 5.19 → 5.19 (not updated)
[2026-02-02 10:22:36]   [emp_id: 4825] REFRESHED: 33.76 → 33.76 (not updated)
[2026-02-02 10:22:36]   [emp_id: 4837] REFRESHED: 47.63 → 47.63 (not updated)
[2026-02-02 10:22:36]   [emp_id: 4840] REFRESHED: 47.63 → 47.63 (not updated)
[2026-02-02 10:22:36]   [emp_id: 4842] REFRESHED: 46.87 → 46.87 (not updated)
[2026-02-02 10:22:36]   [emp_id: 4843] REFRESHED: 47.4 → 47.4 (not updated)
[2026-02-02 10:22:36]   [emp_id: 4853] REFRESHED: 91.22 → 91.22 (not updated)
[2026-02-02 10:22:36]   [emp_id: 4856] REFRESHED: 44.54 → 44.54 (not updated)
[2026-02-02 10:22:36]   [emp_id: 4857] REFRESHED: 27.36 → 27.36 (not updated)
[2026-02-02 10:22:36]   [emp_id: 4858] REFRESHED: 24.24 → 24.24 (not updated)
[2026-02-02 10:22:36]   [emp_id: 4859] REFRESHED: 45.71 → 45.71 (not updated)
[2026-02-02 10:22:36]   [emp_id: 4860] REFRESHED: 10.21 → 10.21 (not updated)
[2026-02-02 10:22:36]   [emp_id: 4861] REFRESHED: 43.67 → 43.67 (not updated)
[2026-02-02 10:22:36]   [emp_id: 4869] REFRESHED: 86.55 → 86.55 (not updated)
[2026-02-02 10:22:36]   [emp_id: 4894] REFRESHED: 10.68 → 10.68 (not updated)
[2026-02-02 10:22:36]   [emp_id: 4897] REFRESHED: 25.45 → 25.45 (not updated)
[2026-02-02 10:22:36]   [emp_id: 4899] REFRESHED: 21.62 → 21.62 (not updated)
[2026-02-02 10:22:36]   [emp_id: 4902] REFRESHED: 21.04 → 21.04 (not updated)
[2026-02-02 10:22:36]   [emp_id: 4903] REFRESHED: 23.26 → 23.26 (not updated)
[2026-02-02 10:22:36]   [emp_id: 4905] REFRESHED: 21.92 → 21.92 (not updated)
[2026-02-02 10:22:36]   [emp_id: 4907] REFRESHED: 50.76 → 50.76 (not updated)
[2026-02-02 10:22:36]   [emp_id: 4917] REFRESHED: 18.88 → 18.88 (not updated)
[2026-02-02 10:22:36]   [emp_id: 4918] REFRESHED: 8.65 → 8.65 (not updated)
[2026-02-02 10:22:36]   [emp_id: 4919] REFRESHED: 60.94 → 60.94 (not updated)
[2026-02-02 10:22:36]   [emp_id: 4920] REFRESHED: 8.02 → 8.02 (not updated)
[2026-02-02 10:22:36]   [emp_id: 4921] REFRESHED: 20.11 → 20.11 (not updated)
[2026-02-02 10:22:36]   [emp_id: 4927] REFRESHED: 18.94 → 18.94 (not updated)
[2026-02-02 10:22:36]   [emp_id: 4929] REFRESHED: 20.46 → 20.46 (not updated)
[2026-02-02 10:22:36]   [emp_id: 4930] REFRESHED: 61.23 → 61.23 (not updated)
[2026-02-02 10:22:36]   [emp_id: 4932] REFRESHED: 19.23 → 19.23 (not updated)
[2026-02-02 10:22:36]   [emp_id: 4933] REFRESHED: 22.64 → 22.64 (not updated)
[2026-02-02 10:22:36]   [emp_id: 4949] REFRESHED: 26.07 → 26.07 (not updated)
[2026-02-02 10:22:36]   [emp_id: 4956] REFRESHED: 31.66 → 31.66 (not updated)
[2026-02-02 10:22:36]   [emp_id: 4957] REFRESHED: 27.33 → 27.33 (not updated)
[2026-02-02 10:22:36]   [emp_id: 4962] REFRESHED: 50.12 → 50.12 (not updated)
[2026-02-02 10:22:36]   [emp_id: 4969] REFRESHED: 49.43 → 49.43 (not updated)
[2026-02-02 10:22:36]   [emp_id: 4976] REFRESHED: 12.35 → 12.35 (not updated)
[2026-02-02 10:22:36]   [emp_id: 4984] REFRESHED: 40.68 → 40.68 (not updated)
[2026-02-02 10:22:36]   [emp_id: 4995] REFRESHED: 52.75 → 52.75 (not updated)
[2026-02-02 10:22:36]   [emp_id: 5004] REFRESHED: 29.29 → 29.29 (not updated)
[2026-02-02 10:22:36]   [emp_id: 5006] REFRESHED: 29.03 → 29.03 (not updated)
[2026-02-02 10:22:36]   [emp_id: 5011] REFRESHED: 8.53 → 8.53 (not updated)
[2026-02-02 10:22:36]   [emp_id: 5013] REFRESHED: 69.4 → 69.4 (not updated)
[2026-02-02 10:22:37]   [emp_id: 5018] REFRESHED: 5.89 → 5.89 (not updated)
[2026-02-02 10:22:37]   [emp_id: 5021] REFRESHED: 63.78 → 63.78 (not updated)
[2026-02-02 10:22:37]   [emp_id: 5024] REFRESHED: 3.91 → 3.91 (not updated)
[2026-02-02 10:22:37]   [emp_id: 5030] REFRESHED: 33.86 → 33.86 (not updated)
[2026-02-02 10:22:37]   [emp_id: 5033] REFRESHED: 12.66 → 12.66 (not updated)
[2026-02-02 10:22:37]   [emp_id: 5043] REFRESHED: 33.35 → 33.35 (not updated)
[2026-02-02 10:22:37]   [emp_id: 5045] REFRESHED: 29.85 → 29.85 (not updated)
[2026-02-02 10:22:37]   [emp_id: 5046] REFRESHED: 25.04 → 25.04 (not updated)
[2026-02-02 10:22:37]   [emp_id: 5049] REFRESHED: 1.34 → 1.34 (not updated)
[2026-02-02 10:22:37]   [emp_id: 5052] REFRESHED: 32.62 → 32.62 (not updated)
[2026-02-02 10:22:37]   [emp_id: 5055] REFRESHED: 21.06 → 21.06 (not updated)
[2026-02-02 10:22:37]   [emp_id: 5058] REFRESHED: 30.04 → 30.04 (not updated)
[2026-02-02 10:22:37]   [emp_id: 5062] REFRESHED: 41.87 → 41.87 (not updated)
[2026-02-02 10:22:37]   [emp_id: 5064] REFRESHED: 120.68 → 120.68 (not updated)
[2026-02-02 10:22:37]   [emp_id: 5065] REFRESHED: 41.28 → 41.28 (not updated)
[2026-02-02 10:22:37]   [emp_id: 5071] REFRESHED: 26.18 → 26.18 (not updated)
[2026-02-02 10:22:37]   [emp_id: 5073] REFRESHED: 15.88 → 15.88 (not updated)
[2026-02-02 10:22:37]   [emp_id: 5079] REFRESHED: 36.44 → 36.44 (not updated)
[2026-02-02 10:22:37]   [emp_id: 5080] REFRESHED: 29.77 → 29.77 (not updated)
[2026-02-02 10:22:37]   [emp_id: 5081] REFRESHED: 18.03 → 18.03 (not updated)
[2026-02-02 10:22:37]   [emp_id: 5087] REFRESHED: 38.07 → 38.07 (not updated)
[2026-02-02 10:22:37]   [emp_id: 5091] REFRESHED: 77.92 → 77.92 (not updated)
[2026-02-02 10:22:37]   [emp_id: 5093] REFRESHED: 17.35 → 17.35 (not updated)
[2026-02-02 10:22:37]   [emp_id: 5095] REFRESHED: 3.46 → 3.46 (not updated)
[2026-02-02 10:22:37]   [emp_id: 5101] REFRESHED: 19.43 → 19.43 (not updated)
[2026-02-02 10:22:37]   [emp_id: 5107] REFRESHED: 17.76 → 17.76 (not updated)
[2026-02-02 10:22:37]   [emp_id: 5109] REFRESHED: 15.01 → 15.01 (not updated)
[2026-02-02 10:22:37]   [emp_id: 5119] REFRESHED: 13.18 → 13.18 (not updated)
[2026-02-02 10:22:37]   [emp_id: 5122] REFRESHED: 10.35 → 10.35 (not updated)
[2026-02-02 10:22:37]   [emp_id: 5126] REFRESHED: 28.8 → 28.8 (not updated)
[2026-02-02 10:22:37]   [emp_id: 5127] REFRESHED: 1.53 → 1.53 (not updated)
[2026-02-02 10:22:37]   [emp_id: 5128] REFRESHED: 28.74 → 28.74 (not updated)
[2026-02-02 10:22:37]   [emp_id: 5138] REFRESHED: 53.01 → 53.01 (not updated)
[2026-02-02 10:22:37]   [emp_id: 5138] REFRESHED: 53.01 → 53.01 (not updated)
[2026-02-02 10:22:37]   [emp_id: 5141] REFRESHED: 37.11 → 37.11 (not updated)
[2026-02-02 10:22:37]   [emp_id: 5142] REFRESHED: 16.11 → 16.11 (not updated)
[2026-02-02 10:22:37]   [emp_id: 5146] REFRESHED: 23.11 → 23.11 (not updated)
[2026-02-02 10:22:37]   [emp_id: 5147] REFRESHED: 22.11 → 22.11 (not updated)
[2026-02-02 10:22:37]   [emp_id: 5148] REFRESHED: 27.46 → 27.46 (not updated)
[2026-02-02 10:22:37]   [emp_id: 5149] REFRESHED: 26.35 → 26.35 (not updated)
[2026-02-02 10:22:37]   [emp_id: 5150] REFRESHED: 25.71 → 25.71 (not updated)
[2026-02-02 10:22:37]   [emp_id: 5151] REFRESHED: 25.53 → 25.53 (not updated)
[2026-02-02 10:22:37]   [emp_id: 5152] REFRESHED: 5.95 → 5.95 (not updated)
[2026-02-02 10:22:37]   [emp_id: 5157] REFRESHED: 25.53 → 25.53 (not updated)
[2026-02-02 10:22:37]   [emp_id: 5160] REFRESHED: 25.53 → 25.53 (not updated)
[2026-02-02 10:22:37]   [emp_id: 5163] REFRESHED: 23.32 → 23.32 (not updated)
[2026-02-02 10:22:37]   [emp_id: 5165] REFRESHED: 4.45 → 4.45 (not updated)
[2026-02-02 10:22:37]   [emp_id: 5167] REFRESHED: 32.47 → 32.47 (not updated)
[2026-02-02 10:22:37]   [emp_id: 5168] REFRESHED: 25.01 → 25.01 (not updated)
[2026-02-02 10:22:37]   [emp_id: 5173] REFRESHED: 28.1 → 28.1 (not updated)
[2026-02-02 10:22:37]   [emp_id: 5174] REFRESHED: 25.47 → 25.47 (not updated)
[2026-02-02 10:22:37]   [emp_id: 5181] REFRESHED: 21.86 → 21.86 (not updated)
[2026-02-02 10:22:37]   [emp_id: 5186] REFRESHED: 27.39 → 27.39 (not updated)
[2026-02-02 10:22:37]   [emp_id: 5187] REFRESHED: 38.39 → 38.39 (not updated)
[2026-02-02 10:22:37]   [emp_id: 5204] REFRESHED: 25.6 → 25.6 (not updated)
[2026-02-02 10:22:37]   [emp_id: 5205] REFRESHED: 14.6 → 14.6 (not updated)
[2026-02-02 10:22:37]   [emp_id: 5209] REFRESHED: 17.6 → 17.6 (not updated)
[2026-02-02 10:22:37]   [emp_id: 5213] REFRESHED: 5.01 → 5.01 (not updated)
[2026-02-02 10:22:37]   [emp_id: 5214] REFRESHED: 3.85 → 3.85 (not updated)
[2026-02-02 10:22:37]   [emp_id: 5215] REFRESHED: 12.6 → 12.6 (not updated)
[2026-02-02 10:22:37]   [emp_id: 5217] REFRESHED: 11.6 → 11.6 (not updated)
[2026-02-02 10:22:37]   [emp_id: 5219] REFRESHED: 15.6 → 15.6 (not updated)
[2026-02-02 10:22:37]   [emp_id: 5221] REFRESHED: 4.91 → 4.91 (not updated)
[2026-02-02 10:22:37]   [emp_id: 5224] REFRESHED: 16.6 → 16.6 (not updated)
[2026-02-02 10:22:37]   [emp_id: 5225] REFRESHED: 8.91 → 8.91 (not updated)
[2026-02-02 10:22:37]   [emp_id: 5228] REFRESHED: 11.6 → 11.6 (not updated)
[2026-02-02 10:22:37]   [emp_id: 5229] REFRESHED: 7.6 → 7.6 (not updated)
[2026-02-02 10:22:37]   [emp_id: 5230] REFRESHED: 12.27 → 12.27 (not updated)
[2026-02-02 10:22:37]   [emp_id: 5231] REFRESHED: 8.6 → 8.6 (not updated)
[2026-02-02 10:22:37]   [emp_id: 5232] REFRESHED: 2.6 → 2.6 (not updated)
[2026-02-02 10:22:37]   [emp_id: 5233] REFRESHED: 6.6 → 6.6 (not updated)
[2026-02-02 10:22:37]   [emp_id: 5234] REFRESHED: 6.6 → 6.6 (not updated)
[2026-02-02 10:22:37]   [emp_id: 5235] REFRESHED: 2.04 → 2.04 (not updated)
[2026-02-02 10:22:37]   [emp_id: 5237] REFRESHED: 12.85 → 12.85 (not updated)
[2026-02-02 10:22:37]   [emp_id: 5239] REFRESHED: 9.6 → 9.6 (not updated)
[2026-02-02 10:22:37]   [emp_id: 5241] REFRESHED: 7.6 → 7.6 (not updated)
[2026-02-02 10:22:37]   [emp_id: 5242] REFRESHED: 17.6 → 17.6 (not updated)
[2026-02-02 10:22:37]   [emp_id: 5243] REFRESHED: 4.01 → 4.01 (not updated)
[2026-02-02 10:22:37]   [emp_id: 5244] REFRESHED: 2.04 → 2.04 (not updated)
[2026-02-02 10:22:37]   [emp_id: 5246] REFRESHED: 13.6 → 13.6 (not updated)
[2026-02-02 10:22:37]   [emp_id: 5253] REFRESHED: 26.47 → 26.47 (not updated)
[2026-02-02 10:22:37]   [emp_id: 5254] REFRESHED: 14.45 → 14.45 (not updated)
[2026-02-02 10:22:37]   [emp_id: 5257] REFRESHED: 14.16 → 14.16 (not updated)
[2026-02-02 10:22:37]   [emp_id: 5259] REFRESHED: 50.69 → 50.69 (not updated)
[2026-02-02 10:22:37]   [emp_id: 5261] REFRESHED: 19.2 → 19.2 (not updated)
[2026-02-02 10:22:37]   [emp_id: 5264] REFRESHED: 16.17 → 16.17 (not updated)
[2026-02-02 10:22:37]   [emp_id: 5266] REFRESHED: 22.79 → 22.79 (not updated)
[2026-02-02 10:22:37]   [emp_id: 5268] REFRESHED: 11.36 → 11.36 (not updated)
[2026-02-02 10:22:37]   [emp_id: 5271] REFRESHED: 10.02 → 10.02 (not updated)
[2026-02-02 10:22:37]   [emp_id: 5272] REFRESHED: 10.89 → 10.89 (not updated)
[2026-02-02 10:22:37]   [emp_id: 5273] REFRESHED: 25.96 → 25.96 (not updated)
[2026-02-02 10:22:37]   [emp_id: 5275] REFRESHED: 11.71 → 11.71 (not updated)
[2026-02-02 10:22:37]   [emp_id: 5276] REFRESHED: 25.98 → 25.98 (not updated)
[2026-02-02 10:22:37]   [emp_id: 5278] REFRESHED: 10.37 → 10.37 (not updated)
[2026-02-02 10:22:37]   [emp_id: 5280] REFRESHED: 20.77 → 20.77 (not updated)
[2026-02-02 10:22:37]   [emp_id: 5282] REFRESHED: 14.68 → 14.68 (not updated)
[2026-02-02 10:22:37]   [emp_id: 5285] REFRESHED: 30.77 → 30.77 (not updated)
[2026-02-02 10:22:37]   [emp_id: 5286] REFRESHED: 17.77 → 17.77 (not updated)
[2026-02-02 10:22:37]   [emp_id: 5287] REFRESHED: 52.07 → 52.07 (not updated)
[2026-02-02 10:22:37]   [emp_id: 5288] REFRESHED: 9.34 → 9.34 (not updated)
[2026-02-02 10:22:37]   [emp_id: 5289] REFRESHED: 50.62 → 50.62 (not updated)
[2026-02-02 10:22:37]   [emp_id: 5290] REFRESHED: 49.39 → 49.39 (not updated)
[2026-02-02 10:22:37]   [emp_id: 5291] REFRESHED: 7.39 → 7.39 (not updated)
[2026-02-02 10:22:37]   [emp_id: 5292] REFRESHED: 7.33 → 7.33 (not updated)
[2026-02-02 10:22:37]   [emp_id: 5293] REFRESHED: 10.94 → 10.94 (not updated)
[2026-02-02 10:22:37]   [emp_id: 5294] REFRESHED: 10.6 → 10.6 (not updated)
[2026-02-02 10:22:37]   [emp_id: 5295] REFRESHED: 23.57 → 23.57 (not updated)
[2026-02-02 10:22:37]   [emp_id: 5296] REFRESHED: 37.62 → 37.62 (not updated)
[2026-02-02 10:22:37]   [emp_id: 5297] REFRESHED: 47.99 → 47.99 (not updated)
[2026-02-02 10:22:37]   [emp_id: 5298] REFRESHED: 47.99 → 47.99 (not updated)
[2026-02-02 10:22:37]   [emp_id: 5299] REFRESHED: 47.99 → 47.99 (not updated)
[2026-02-02 10:22:37]   [emp_id: 5300] REFRESHED: 47.99 → 47.99 (not updated)
[2026-02-02 10:22:37]   [emp_id: 5301] REFRESHED: 5.81 → 5.81 (not updated)
[2026-02-02 10:22:37]   [emp_id: 5303] REFRESHED: 6.24 → 6.24 (not updated)
[2026-02-02 10:22:37]   [emp_id: 5304] REFRESHED: 2.99 → 2.99 (not updated)
[2026-02-02 10:22:37]   [emp_id: 5305] REFRESHED: 5.99 → 5.99 (not updated)
[2026-02-02 10:22:37]   [emp_id: 5306] REFRESHED: 47.7 → 47.7 (not updated)
[2026-02-02 10:22:37]   [emp_id: 5307] REFRESHED: 47.7 → 47.7 (not updated)
[2026-02-02 10:22:37]   [emp_id: 5312] REFRESHED: 2.04 → 2.04 (not updated)
[2026-02-02 10:22:37]   [emp_id: 5318] REFRESHED: 28.41 → 28.41 (not updated)
[2026-02-02 10:22:37]   [emp_id: 5325] REFRESHED: 2.37 → 2.37 (not updated)
[2026-02-02 10:22:37]   [emp_id: 5327] REFRESHED: 3.46 → 3.46 (not updated)
[2026-02-02 10:22:37]   [emp_id: 5337] REFRESHED: 38.51 → 38.51 (not updated)
[2026-02-02 10:22:37]   [emp_id: 5339] REFRESHED: 12.56 → 12.56 (not updated)
[2026-02-02 10:22:37]   [emp_id: 5343] REFRESHED: 48.43 → 48.43 (not updated)
[2026-02-02 10:22:37]   [emp_id: 5343] REFRESHED: 48.51 → 48.51 (not updated)
[2026-02-02 10:22:37]   [emp_id: 5345] REFRESHED: 18.26 → 18.26 (not updated)
[2026-02-02 10:22:37]   [emp_id: 5346] REFRESHED: 4.28 → 4.28 (not updated)
[2026-02-02 10:22:37]   [emp_id: 5351] REFRESHED: 19.22 → 19.22 (not updated)
[2026-02-02 10:22:37]   [emp_id: 5352] REFRESHED: 28.68 → 28.68 (not updated)
[2026-02-02 10:22:37]   [emp_id: 5370] REFRESHED: 17.87 → 17.87 (not updated)
[2026-02-02 10:22:37]   [emp_id: 5371] REFRESHED: 10.43 → 10.43 (not updated)
[2026-02-02 10:22:37]   [emp_id: 5376] REFRESHED: 12.47 → 12.47 (not updated)
[2026-02-02 10:22:37]   [emp_id: 5378] REFRESHED: 20.51 → 20.51 (not updated)
[2026-02-02 10:22:37]   [emp_id: 5380] REFRESHED: 18.88 → 18.88 (not updated)
[2026-02-02 10:22:37]   [emp_id: 5381] REFRESHED: 14.95 → 14.95 (not updated)
[2026-02-02 10:22:37]   [emp_id: 5383] REFRESHED: 18.26 → 18.26 (not updated)
[2026-02-02 10:22:37]   [emp_id: 5388] REFRESHED: 29.66 → 29.66 (not updated)
[2026-02-02 10:22:37]   [emp_id: 5396] REFRESHED: 30.9 → 30.9 (not updated)
[2026-02-02 10:22:37]   [emp_id: 5397] REFRESHED: 22.36 → 22.36 (not updated)
[2026-02-02 10:22:37]   [emp_id: 5401] REFRESHED: 25.47 → 25.47 (not updated)
[2026-02-02 10:22:37]   [emp_id: 5402] REFRESHED: 25.59 → 25.59 (not updated)
[2026-02-02 10:22:37]   [emp_id: 5406] REFRESHED: 19.31 → 19.31 (not updated)
[2026-02-02 10:22:37]   [emp_id: 5407] REFRESHED: 19.03 → 19.03 (not updated)
[2026-02-02 10:22:37]   [emp_id: 5409] REFRESHED: 18.65 → 18.65 (not updated)
[2026-02-02 10:22:37]   [emp_id: 5413] REFRESHED: 31.43 → 31.43 (not updated)
[2026-02-02 10:22:37]   [emp_id: 5414] REFRESHED: 31.1 → 31.1 (not updated)
[2026-02-02 10:22:37]   [emp_id: 5415] REFRESHED: 7.03 → 7.03 (not updated)
[2026-02-02 10:22:37]   [emp_id: 5418] REFRESHED: 17.71 → 17.71 (not updated)
[2026-02-02 10:22:37]   [emp_id: 5422] REFRESHED: 23.76 → 23.76 (not updated)
[2026-02-02 10:22:37]   [emp_id: 5423] REFRESHED: 8.45 → 8.45 (not updated)
[2026-02-02 10:22:37]   [emp_id: 5425] REFRESHED: 16.26 → 16.26 (not updated)
[2026-02-02 10:22:37]   [emp_id: 5426] REFRESHED: 5 → 5 (not updated)
[2026-02-02 10:22:37]   [emp_id: 5426] REFRESHED: 5.08 → 5.08 (not updated)
[2026-02-02 10:22:37]   [emp_id: 5427] REFRESHED: 16.37 → 16.37 (not updated)
[2026-02-02 10:22:37]   [emp_id: 5428] REFRESHED: 16.26 → 16.26 (not updated)
[2026-02-02 10:22:37]   [emp_id: 5430] REFRESHED: 20.82 → 20.82 (not updated)
[2026-02-02 10:22:37]   [emp_id: 5431] REFRESHED: 15.38 → 15.38 (not updated)
[2026-02-02 10:22:37]   [emp_id: 5433] REFRESHED: 15.4 → 15.4 (not updated)
[2026-02-02 10:22:37]   [emp_id: 5434] REFRESHED: 15.15 → 15.15 (not updated)
[2026-02-02 10:22:37]   [emp_id: 5435] REFRESHED: 15.09 → 15.09 (not updated)
[2026-02-02 10:22:37]   [emp_id: 5436] REFRESHED: 15.09 → 15.09 (not updated)
[2026-02-02 10:22:37]   [emp_id: 5438] REFRESHED: 18.68 → 18.68 (not updated)
[2026-02-02 10:22:37]   [emp_id: 5439] REFRESHED: 28.18 → 28.18 (not updated)
[2026-02-02 10:22:37]   [emp_id: 5442] REFRESHED: 17.18 → 17.18 (not updated)
[2026-02-02 10:22:37]   [emp_id: 5445] REFRESHED: 9.55 → 9.55 (not updated)
[2026-02-02 10:22:37]   [emp_id: 5446] REFRESHED: 9.55 → 9.55 (not updated)
[2026-02-02 10:22:37]   [emp_id: 5447] REFRESHED: 9.49 → 9.49 (not updated)
[2026-02-02 10:22:37]   [emp_id: 5448] REFRESHED: 4.2 → 4.2 (not updated)
[2026-02-02 10:22:37]   [emp_id: 5449] REFRESHED: 7.57 → 7.57 (not updated)
[2026-02-02 10:22:37]   [emp_id: 5450] REFRESHED: 7.51 → 7.51 (not updated)
[2026-02-02 10:22:37]   [emp_id: 5451] REFRESHED: 7.51 → 7.51 (not updated)
[2026-02-02 10:22:37]   [emp_id: 5453] REFRESHED: 7.35 → 7.35 (not updated)
[2026-02-02 10:22:37]   [emp_id: 5454] REFRESHED: 10.26 → 10.26 (not updated)
[2026-02-02 10:22:37]   [emp_id: 5455] REFRESHED: 4.51 → 4.51 (not updated)
[2026-02-02 10:22:37]   [emp_id: 5456] REFRESHED: 9.51 → 9.51 (not updated)
[2026-02-02 10:22:37]   [emp_id: 5457] REFRESHED: 6.6 → 6.6 (not updated)
[2026-02-02 10:22:37]   [emp_id: 5460] REFRESHED: 8.16 → 8.16 (not updated)
[2026-02-02 10:22:37]   [emp_id: 5463] REFRESHED: 7.49 → 7.49 (not updated)
[2026-02-02 10:22:37]   [emp_id: 5464] REFRESHED: 7.49 → 7.49 (not updated)
[2026-02-02 10:22:37]   [emp_id: 5466] REFRESHED: 5.24 → 5.24 (not updated)
[2026-02-02 10:22:37]   [emp_id: 5467] REFRESHED: 4.16 → 4.16 (not updated)
[2026-02-02 10:22:37]   [emp_id: 5468] REFRESHED: 3.11 → 3.11 (not updated)
[2026-02-02 10:22:37]   [emp_id: 5469] REFRESHED: 3.02 → 3.02 (not updated)
[2026-02-02 10:22:37] Report saved to: D:\xampp\htdocs\almutlak\system/cron_logs/last_vacation_update_report.json
[2026-02-02 10:22:38] ========== CRON: Vacation Balance Update Started ==========
[2026-02-02 10:22:38] Force level: 1 (0=normal, 1=check missing, 2=full bypass)
[2026-02-02 10:22:38] Source: Browser (?force=1)
[2026-02-02 10:22:38] FORCE LEVEL 1: Checking for missing records and refreshing values (NOT updating last_updated)
[2026-02-02 10:22:38] FORCE LEVEL 1: Checking for missing records only
[2026-02-02 10:22:38] Database connection established
[2026-02-02 10:22:38] Found 433 active employees with balance records to update
[2026-02-02 10:22:38] (Only employees with status=1 will be processed)
[2026-02-02 10:22:38]   [emp_id: 1061] REFRESHED: 2.75 → 2.75 (not updated)
[2026-02-02 10:22:38]   [emp_id: 1496] REFRESHED: 19.6 → 19.6 (not updated)
[2026-02-02 10:22:38]   [emp_id: 1500] REFRESHED: 7.28 → 7.28 (not updated)
[2026-02-02 10:22:38]   [emp_id: 1574] REFRESHED: 36.51 → 36.51 (not updated)
[2026-02-02 10:22:38]   [emp_id: 1673] REFRESHED: 48.01 → 48.01 (not updated)
[2026-02-02 10:22:38]   [emp_id: 1685] REFRESHED: 17.93 → 17.93 (not updated)
[2026-02-02 10:22:38]   [emp_id: 1764] REFRESHED: 72.6 → 72.6 (not updated)
[2026-02-02 10:22:38]   [emp_id: 1805] REFRESHED: 66.93 → 66.93 (not updated)
[2026-02-02 10:22:38]   [emp_id: 1822] REFRESHED: 71.68 → 71.68 (not updated)
[2026-02-02 10:22:38]   [emp_id: 1837] REFRESHED: 27.85 → 27.85 (not updated)
[2026-02-02 10:22:38]   [emp_id: 1857] REFRESHED: 23.18 → 23.18 (not updated)
[2026-02-02 10:22:38]   [emp_id: 1861] REFRESHED: 74.01 → 74.01 (not updated)
[2026-02-02 10:22:38]   [emp_id: 1872] REFRESHED: 12.85 → 12.85 (not updated)
[2026-02-02 10:22:38]   [emp_id: 1897] REFRESHED: 8.18 → 8.18 (not updated)
[2026-02-02 10:22:38]   [emp_id: 1916] REFRESHED: 14.48 → 14.48 (not updated)
[2026-02-02 10:22:38]   [emp_id: 1928] REFRESHED: 67.43 → 67.43 (not updated)
[2026-02-02 10:22:38]   [emp_id: 1931] REFRESHED: 87.35 → 87.35 (not updated)
[2026-02-02 10:22:38]   [emp_id: 1944] REFRESHED: 45.51 → 45.51 (not updated)
[2026-02-02 10:22:38]   [emp_id: 1996] REFRESHED: 74.01 → 74.01 (not updated)
[2026-02-02 10:22:38]   [emp_id: 1997] REFRESHED: 39.18 → 39.18 (not updated)
[2026-02-02 10:22:38]   [emp_id: 1998] REFRESHED: 30.62 → 30.62 (not updated)
[2026-02-02 10:22:38]   [emp_id: 1999] REFRESHED: 31.62 → 31.62 (not updated)
[2026-02-02 10:22:38]   [emp_id: 2009] REFRESHED: 37.93 → 37.93 (not updated)
[2026-02-02 10:22:38]   [emp_id: 2048] REFRESHED: 27.76 → 27.76 (not updated)
[2026-02-02 10:22:38]   [emp_id: 2057] REFRESHED: 68.6 → 68.6 (not updated)
[2026-02-02 10:22:38]   [emp_id: 2079] REFRESHED: 50.93 → 50.93 (not updated)
[2026-02-02 10:22:38]   [emp_id: 2181] REFRESHED: 39.93 → 39.93 (not updated)
[2026-02-02 10:22:38]   [emp_id: 2190] REFRESHED: 9.26 → 9.26 (not updated)
[2026-02-02 10:22:38]   [emp_id: 2212] REFRESHED: 27.26 → 27.26 (not updated)
[2026-02-02 10:22:38]   [emp_id: 2226] REFRESHED: 72.01 → 72.01 (not updated)
[2026-02-02 10:22:38]   [emp_id: 2238] REFRESHED: 70.26 → 70.26 (not updated)
[2026-02-02 10:22:38]   [emp_id: 2285] REFRESHED: 38.93 → 38.93 (not updated)
[2026-02-02 10:22:38]   [emp_id: 2287] REFRESHED: 50.6 → 50.6 (not updated)
[2026-02-02 10:22:38]   [emp_id: 2288] REFRESHED: 5.62 → 5.62 (not updated)
[2026-02-02 10:22:38]   [emp_id: 2316] REFRESHED: 19.43 → 19.43 (not updated)
[2026-02-02 10:22:38]   [emp_id: 2337] REFRESHED: 40.51 → 40.51 (not updated)
[2026-02-02 10:22:38]   [emp_id: 2352] REFRESHED: 72.01 → 72.01 (not updated)
[2026-02-02 10:22:38]   [emp_id: 2358] REFRESHED: 8.51 → 8.51 (not updated)
[2026-02-02 10:22:38]   [emp_id: 2361] REFRESHED: 74.18 → 74.18 (not updated)
[2026-02-02 10:22:38]   [emp_id: 2363] REFRESHED: 76.76 → 76.76 (not updated)
[2026-02-02 10:22:38]   [emp_id: 2364] REFRESHED: 76.18 → 76.18 (not updated)
[2026-02-02 10:22:38]   [emp_id: 2367] REFRESHED: 103.85 → 103.85 (not updated)
[2026-02-02 10:22:38]   [emp_id: 2368] REFRESHED: 34.26 → 34.26 (not updated)
[2026-02-02 10:22:38]   [emp_id: 2372] REFRESHED: 71.51 → 71.51 (not updated)
[2026-02-02 10:22:38]   [emp_id: 2376] REFRESHED: 121.51 → 121.51 (not updated)
[2026-02-02 10:22:38]   [emp_id: 2423] REFRESHED: 22.26 → 22.26 (not updated)
[2026-02-02 10:22:38]   [emp_id: 2519] REFRESHED: 115.93 → 115.93 (not updated)
[2026-02-02 10:22:38]   [emp_id: 2522] REFRESHED: 59.51 → 59.51 (not updated)
[2026-02-02 10:22:38]   [emp_id: 2530] REFRESHED: 54.76 → 54.76 (not updated)
[2026-02-02 10:22:38]   [emp_id: 2539] REFRESHED: 51.51 → 51.51 (not updated)
[2026-02-02 10:22:38]   [emp_id: 2541] REFRESHED: 32.1 → 32.1 (not updated)
[2026-02-02 10:22:38]   [emp_id: 2550] REFRESHED: 98.26 → 98.26 (not updated)
[2026-02-02 10:22:38]   [emp_id: 2553] REFRESHED: 35.37 → 35.37 (not updated)
[2026-02-02 10:22:38]   [emp_id: 2554] REFRESHED: 41.85 → 41.85 (not updated)
[2026-02-02 10:22:38]   [emp_id: 2565] REFRESHED: 96.43 → 96.43 (not updated)
[2026-02-02 10:22:38]   [emp_id: 2572] REFRESHED: 46.43 → 46.43 (not updated)
[2026-02-02 10:22:38]   [emp_id: 2637] REFRESHED: 67.01 → 67.01 (not updated)
[2026-02-02 10:22:38]   [emp_id: 2642] REFRESHED: 79.76 → 79.76 (not updated)
[2026-02-02 10:22:38] ========== CRON: Vacation Balance Update Started ==========
[2026-02-02 10:22:38] Force level: 1 (0=normal, 1=check missing, 2=full bypass)
[2026-02-02 10:22:38] Source: Browser (?force=1)
[2026-02-02 10:22:38]   [emp_id: 2645] REFRESHED: 95.76 → 95.76 (not updated)
[2026-02-02 10:22:38]   [emp_id: 2648] REFRESHED: 47.43 → 47.43 (not updated)
[2026-02-02 10:22:38]   [emp_id: 2654] REFRESHED: 90.1 → 90.1 (not updated)
[2026-02-02 10:22:38]   [emp_id: 2688] REFRESHED: 28.18 → 28.18 (not updated)
[2026-02-02 10:22:38]   [emp_id: 2690] REFRESHED: 16.93 → 16.93 (not updated)
[2026-02-02 10:22:38]   [emp_id: 2709] REFRESHED: 39.18 → 39.18 (not updated)
[2026-02-02 10:22:38]   [emp_id: 2745] REFRESHED: 35.76 → 35.76 (not updated)
[2026-02-02 10:22:38]   [emp_id: 2843] REFRESHED: 82.35 → 82.35 (not updated)
[2026-02-02 10:22:38]   [emp_id: 2854] REFRESHED: 62.26 → 62.26 (not updated)
[2026-02-02 10:22:38]   [emp_id: 2869] REFRESHED: 6.18 → 6.18 (not updated)
[2026-02-02 10:22:38]   [emp_id: 2876] REFRESHED: 37.01 → 37.01 (not updated)
[2026-02-02 10:22:38]   [emp_id: 2924] REFRESHED: 18.18 → 18.18 (not updated)
[2026-02-02 10:22:38]   [emp_id: 2953] REFRESHED: 103.93 → 103.93 (not updated)
[2026-02-02 10:22:38]   [emp_id: 2961] REFRESHED: 13.93 → 13.93 (not updated)
[2026-02-02 10:22:38]   [emp_id: 2975] REFRESHED: 3.61 → 3.61 (not updated)
[2026-02-02 10:22:38]   [emp_id: 3013] REFRESHED: 12.93 → 12.93 (not updated)
[2026-02-02 10:22:38]   [emp_id: 3014] REFRESHED: 92.18 → 92.18 (not updated)
[2026-02-02 10:22:38]   [emp_id: 3015] REFRESHED: 3.43 → 3.43 (not updated)
[2026-02-02 10:22:38]   [emp_id: 3018] REFRESHED: 62.18 → 62.18 (not updated)
[2026-02-02 10:22:38]   [emp_id: 3025] REFRESHED: 25.95 → 25.95 (not updated)
[2026-02-02 10:22:38]   [emp_id: 3037] REFRESHED: 85.68 → 85.68 (not updated)
[2026-02-02 10:22:38]   [emp_id: 3047] REFRESHED: 73.93 → 73.93 (not updated)
[2026-02-02 10:22:38]   [emp_id: 3061] REFRESHED: 20.85 → 20.85 (not updated)
[2026-02-02 10:22:38]   [emp_id: 3062] REFRESHED: 54.01 → 54.01 (not updated)
[2026-02-02 10:22:38]   [emp_id: 3074] REFRESHED: 110.43 → 110.43 (not updated)
[2026-02-02 10:22:38]   [emp_id: 3089] REFRESHED: 9.35 → 9.35 (not updated)
[2026-02-02 10:22:38]   [emp_id: 3090] REFRESHED: 35.93 → 35.93 (not updated)
[2026-02-02 10:22:38]   [emp_id: 3091] REFRESHED: 47.93 → 47.93 (not updated)
[2026-02-02 10:22:38]   [emp_id: 3092] REFRESHED: 30.6 → 30.6 (not updated)
[2026-02-02 10:22:38]   [emp_id: 3105] REFRESHED: 50.93 → 50.93 (not updated)
[2026-02-02 10:22:38]   [emp_id: 3134] REFRESHED: 46.68 → 46.68 (not updated)
[2026-02-02 10:22:38]   [emp_id: 3140] REFRESHED: 43.76 → 43.76 (not updated)
[2026-02-02 10:22:38]   [emp_id: 3144] REFRESHED: 16.6 → 16.6 (not updated)
[2026-02-02 10:22:38]   [emp_id: 3156] REFRESHED: 19.93 → 19.93 (not updated)
[2026-02-02 10:22:38]   [emp_id: 3162] REFRESHED: 4.91 → 4.91 (not updated)
[2026-02-02 10:22:38]   [emp_id: 3163] REFRESHED: 8.18 → 8.18 (not updated)
[2026-02-02 10:22:38]   [emp_id: 3198] REFRESHED: 43.18 → 43.18 (not updated)
[2026-02-02 10:22:38]   [emp_id: 3205] REFRESHED: 19.85 → 19.85 (not updated)
[2026-02-02 10:22:38]   [emp_id: 3209] REFRESHED: 44.01 → 44.01 (not updated)
[2026-02-02 10:22:38]   [emp_id: 3223] REFRESHED: 92.93 → 92.93 (not updated)
[2026-02-02 10:22:38]   [emp_id: 3224] REFRESHED: 67.68 → 67.68 (not updated)
[2026-02-02 10:22:38]   [emp_id: 3230] REFRESHED: 91.1 → 91.1 (not updated)
[2026-02-02 10:22:38]   [emp_id: 3231] REFRESHED: 3.47 → 3.47 (not updated)
[2026-02-02 10:22:38]   [emp_id: 3233] REFRESHED: 83.93 → 83.93 (not updated)
[2026-02-02 10:22:38]   [emp_id: 3249] REFRESHED: 39.76 → 39.76 (not updated)
[2026-02-02 10:22:38]   [emp_id: 3250] REFRESHED: 12.76 → 12.76 (not updated)
[2026-02-02 10:22:38]   [emp_id: 3252] REFRESHED: 13.68 → 13.68 (not updated)
[2026-02-02 10:22:38]   [emp_id: 3254] REFRESHED: 24.18 → 24.18 (not updated)
[2026-02-02 10:22:38]   [emp_id: 3255] REFRESHED: 20.6 → 20.6 (not updated)
[2026-02-02 10:22:38]   [emp_id: 3256] REFRESHED: 16.85 → 16.85 (not updated)
[2026-02-02 10:22:38]   [emp_id: 3263] REFRESHED: 32.93 → 32.93 (not updated)
[2026-02-02 10:22:38]   [emp_id: 3265] REFRESHED: 28.51 → 28.51 (not updated)
[2026-02-02 10:22:38]   [emp_id: 3280] REFRESHED: 75.43 → 75.43 (not updated)
[2026-02-02 10:22:38]   [emp_id: 3286] REFRESHED: 18.6 → 18.6 (not updated)
[2026-02-02 10:22:38]   [emp_id: 3294] REFRESHED: 18.26 → 18.26 (not updated)
[2026-02-02 10:22:38]   [emp_id: 3321] REFRESHED: 75.43 → 75.43 (not updated)
[2026-02-02 10:22:38]   [emp_id: 3325] REFRESHED: 63.18 → 63.18 (not updated)
[2026-02-02 10:22:38]   [emp_id: 3329] REFRESHED: 65.51 → 65.51 (not updated)
[2026-02-02 10:22:38]   [emp_id: 3330] REFRESHED: 65.51 → 65.51 (not updated)
[2026-02-02 10:22:38]   [emp_id: 3332] REFRESHED: 65.51 → 65.51 (not updated)
[2026-02-02 10:22:38]   [emp_id: 3370] REFRESHED: 57.02 → 57.02 (not updated)
[2026-02-02 10:22:38]   [emp_id: 3384] REFRESHED: 17.68 → 17.68 (not updated)
[2026-02-02 10:22:38]   [emp_id: 3386] REFRESHED: 47.68 → 47.68 (not updated)
[2026-02-02 10:22:38]   [emp_id: 3431] REFRESHED: 22.1 → 22.1 (not updated)
[2026-02-02 10:22:38]   [emp_id: 3497] REFRESHED: 12.26 → 12.26 (not updated)
[2026-02-02 10:22:38]   [emp_id: 3532] REFRESHED: 3.1 → 3.1 (not updated)
[2026-02-02 10:22:38]   [emp_id: 3602] REFRESHED: 4.67 → 4.67 (not updated)
[2026-02-02 10:22:38]   [emp_id: 3618] REFRESHED: 26.65 → 26.65 (not updated)
[2026-02-02 10:22:38]   [emp_id: 3622] REFRESHED: 36.81 → 36.81 (not updated)
[2026-02-02 10:22:38]   [emp_id: 3627] REFRESHED: 12.6 → 12.6 (not updated)
[2026-02-02 10:22:38]   [emp_id: 3665] REFRESHED: 54.18 → 54.18 (not updated)
[2026-02-02 10:22:38]   [emp_id: 3705] REFRESHED: 30.14 → 30.14 (not updated)
[2026-02-02 10:22:38]   [emp_id: 3724] REFRESHED: 47.18 → 47.18 (not updated)
[2026-02-02 10:22:38]   [emp_id: 3726] REFRESHED: 63.6 → 63.6 (not updated)
[2026-02-02 10:22:38]   [emp_id: 3727] REFRESHED: 68.68 → 68.68 (not updated)
[2026-02-02 10:22:38]   [emp_id: 3728] REFRESHED: 13.01 → 13.01 (not updated)
[2026-02-02 10:22:38]   [emp_id: 3767] REFRESHED: 3.76 → 3.76 (not updated)
[2026-02-02 10:22:38]   [emp_id: 3768] REFRESHED: 60.01 → 60.01 (not updated)
[2026-02-02 10:22:39]   [emp_id: 3787] REFRESHED: 60.6 → 60.6 (not updated)
[2026-02-02 10:22:39]   [emp_id: 3790] REFRESHED: 5.15 → 5.15 (not updated)
[2026-02-02 10:22:39]   [emp_id: 3795] REFRESHED: 18.1 → 18.1 (not updated)
[2026-02-02 10:22:39]   [emp_id: 3798] REFRESHED: 96.51 → 96.51 (not updated)
[2026-02-02 10:22:39]   [emp_id: 3801] REFRESHED: 4.78 → 4.78 (not updated)
[2026-02-02 10:22:39]   [emp_id: 3802] REFRESHED: 33.76 → 33.76 (not updated)
[2026-02-02 10:22:39]   [emp_id: 3803] REFRESHED: 118.18 → 118.18 (not updated)
[2026-02-02 10:22:39]   [emp_id: 3810] REFRESHED: 64.18 → 64.18 (not updated)
[2026-02-02 10:22:39]   [emp_id: 3812] REFRESHED: 93.18 → 93.18 (not updated)
[2026-02-02 10:22:39]   [emp_id: 3815] REFRESHED: 93.18 → 93.18 (not updated)
[2026-02-02 10:22:39]   [emp_id: 3836] REFRESHED: 60.85 → 60.85 (not updated)
[2026-02-02 10:22:39]   [emp_id: 3855] REFRESHED: 54.01 → 54.01 (not updated)
[2026-02-02 10:22:39]   [emp_id: 3857] REFRESHED: 57.68 → 57.68 (not updated)
[2026-02-02 10:22:39]   [emp_id: 3862] REFRESHED: 105.76 → 105.76 (not updated)
[2026-02-02 10:22:39]   [emp_id: 3866] REFRESHED: 31.01 → 31.01 (not updated)
[2026-02-02 10:22:39]   [emp_id: 3876] REFRESHED: 27.18 → 27.18 (not updated)
[2026-02-02 10:22:39]   [emp_id: 3877] REFRESHED: 52.68 → 52.68 (not updated)
[2026-02-02 10:22:39]   [emp_id: 3897] REFRESHED: 40.93 → 40.93 (not updated)
[2026-02-02 10:22:39]   [emp_id: 3899] REFRESHED: 2.75 → 2.75 (not updated)
[2026-02-02 10:22:39]   [emp_id: 3928] REFRESHED: 17.01 → 17.01 (not updated)
[2026-02-02 10:22:39]   [emp_id: 3929] REFRESHED: 12.01 → 12.01 (not updated)
[2026-02-02 10:22:39]   [emp_id: 3935] REFRESHED: 97.01 → 97.01 (not updated)
[2026-02-02 10:22:39]   [emp_id: 3952] REFRESHED: 78.35 → 78.35 (not updated)
[2026-02-02 10:22:39]   [emp_id: 3987] REFRESHED: 17.26 → 17.26 (not updated)
[2026-02-02 10:22:39]   [emp_id: 4059] REFRESHED: 6.46 → 6.46 (not updated)
[2026-02-02 10:22:39]   [emp_id: 4119] REFRESHED: 59.93 → 59.93 (not updated)
[2026-02-02 10:22:39]   [emp_id: 4120] REFRESHED: 29.51 → 29.51 (not updated)
[2026-02-02 10:22:39]   [emp_id: 4124] REFRESHED: 30.03 → 30.03 (not updated)
[2026-02-02 10:22:39]   [emp_id: 4133] REFRESHED: 108.51 → 108.51 (not updated)
[2026-02-02 10:22:39]   [emp_id: 4134] REFRESHED: 29.51 → 29.51 (not updated)
[2026-02-02 10:22:39]   [emp_id: 4136] REFRESHED: 29.51 → 29.51 (not updated)
[2026-02-02 10:22:39]   [emp_id: 4150] REFRESHED: 28.18 → 28.18 (not updated)
[2026-02-02 10:22:39]   [emp_id: 4157] REFRESHED: 21.68 → 21.68 (not updated)
[2026-02-02 10:22:39]   [emp_id: 4172] REFRESHED: 14.72 → 14.72 (not updated)
[2026-02-02 10:22:39]   [emp_id: 4195] REFRESHED: 65.26 → 65.26 (not updated)
[2026-02-02 10:22:39]   [emp_id: 4215] REFRESHED: 47.93 → 47.93 (not updated)
[2026-02-02 10:22:39]   [emp_id: 4220] REFRESHED: 43.51 → 43.51 (not updated)
[2026-02-02 10:22:39] ========== CRON: Vacation Balance Update Started ==========
[2026-02-02 10:22:39] Force level: 1 (0=normal, 1=check missing, 2=full bypass)
[2026-02-02 10:22:39] Source: Browser (?force=1)
[2026-02-02 10:22:39]   [emp_id: 4273] REFRESHED: 12.18 → 12.18 (not updated)
[2026-02-02 10:22:39]   [emp_id: 4283] REFRESHED: 15.81 → 15.81 (not updated)
[2026-02-02 10:22:39]   [emp_id: 4288] REFRESHED: 2.75 → 2.75 (not updated)
[2026-02-02 10:22:39]   [emp_id: 4315] REFRESHED: 15.43 → 15.43 (not updated)
[2026-02-02 10:22:39]   [emp_id: 4328] REFRESHED: 44.64 → 44.64 (not updated)
[2026-02-02 10:22:39]   [emp_id: 4329] REFRESHED: 8.6 → 8.6 (not updated)
[2026-02-02 10:22:39]   [emp_id: 4338] REFRESHED: 50.18 → 50.18 (not updated)
[2026-02-02 10:22:39]   [emp_id: 4340] REFRESHED: 112.18 → 112.18 (not updated)
[2026-02-02 10:22:39]   [emp_id: 4365] REFRESHED: 63.6 → 63.6 (not updated)
[2026-02-02 10:22:39]   [emp_id: 4366] REFRESHED: 62.68 → 62.68 (not updated)
[2026-02-02 10:22:39]   [emp_id: 4403] REFRESHED: 88.51 → 88.51 (not updated)
[2026-02-02 10:22:39]   [emp_id: 4438] REFRESHED: 24.18 → 24.18 (not updated)
[2026-02-02 10:22:39]   [emp_id: 4465] REFRESHED: 14.97 → 14.97 (not updated)
[2026-02-02 10:22:39]   [emp_id: 4473] REFRESHED: 47.76 → 47.76 (not updated)
[2026-02-02 10:22:39]   [emp_id: 4474] REFRESHED: 5.48 → 5.48 (not updated)
[2026-02-02 10:22:39]   [emp_id: 4493] REFRESHED: 166.6 → 166.6 (not updated)
[2026-02-02 10:22:39]   [emp_id: 4526] REFRESHED: 38.85 → 38.85 (not updated)
[2026-02-02 10:22:39]   [emp_id: 4528] REFRESHED: 110.6 → 110.6 (not updated)
[2026-02-02 10:22:39]   [emp_id: 4528] REFRESHED: 110.6 → 110.6 (not updated)
[2026-02-02 10:22:39]   [emp_id: 4532] REFRESHED: 10.09 → 10.09 (not updated)
[2026-02-02 10:22:39]   [emp_id: 4533] REFRESHED: 39.01 → 39.01 (not updated)
[2026-02-02 10:22:39]   [emp_id: 4565] REFRESHED: 17.47 → 17.47 (not updated)
[2026-02-02 10:22:39]   [emp_id: 4567] REFRESHED: 21.72 → 21.72 (not updated)
[2026-02-02 10:22:39]   [emp_id: 4572] REFRESHED: 61.22 → 61.22 (not updated)
[2026-02-02 10:22:39]   [emp_id: 4631] REFRESHED: 17.47 → 17.47 (not updated)
[2026-02-02 10:22:39]   [emp_id: 4655] REFRESHED: 27.93 → 27.93 (not updated)
[2026-02-02 10:22:39]   [emp_id: 4709] REFRESHED: 43.18 → 43.18 (not updated)
[2026-02-02 10:22:39]   [emp_id: 4717] REFRESHED: 69.18 → 69.18 (not updated)
[2026-02-02 10:22:39]   [emp_id: 4736] REFRESHED: 31.01 → 31.01 (not updated)
[2026-02-02 10:22:39]   [emp_id: 4756] REFRESHED: 13.91 → 13.91 (not updated)
[2026-02-02 10:22:39]   [emp_id: 4768] REFRESHED: 16.68 → 16.68 (not updated)
[2026-02-02 10:22:39]   [emp_id: 4780] REFRESHED: 67.64 → 67.64 (not updated)
[2026-02-02 10:22:39]   [emp_id: 4820] REFRESHED: 102.01 → 102.01 (not updated)
[2026-02-02 10:22:39]   [emp_id: 4824] REFRESHED: 5.19 → 5.19 (not updated)
[2026-02-02 10:22:39]   [emp_id: 4825] REFRESHED: 33.76 → 33.76 (not updated)
[2026-02-02 10:22:39]   [emp_id: 4837] REFRESHED: 47.63 → 47.63 (not updated)
[2026-02-02 10:22:39]   [emp_id: 4840] REFRESHED: 47.63 → 47.63 (not updated)
[2026-02-02 10:22:39]   [emp_id: 4842] REFRESHED: 46.87 → 46.87 (not updated)
[2026-02-02 10:22:39]   [emp_id: 4843] REFRESHED: 47.4 → 47.4 (not updated)
[2026-02-02 10:22:39]   [emp_id: 4853] REFRESHED: 91.22 → 91.22 (not updated)
[2026-02-02 10:22:39]   [emp_id: 4856] REFRESHED: 44.54 → 44.54 (not updated)
[2026-02-02 10:22:39]   [emp_id: 4857] REFRESHED: 27.36 → 27.36 (not updated)
[2026-02-02 10:22:39]   [emp_id: 4858] REFRESHED: 24.24 → 24.24 (not updated)
[2026-02-02 10:22:39]   [emp_id: 4859] REFRESHED: 45.71 → 45.71 (not updated)
[2026-02-02 10:22:39]   [emp_id: 4860] REFRESHED: 10.21 → 10.21 (not updated)
[2026-02-02 10:22:39]   [emp_id: 4861] REFRESHED: 43.67 → 43.67 (not updated)
[2026-02-02 10:22:39]   [emp_id: 4869] REFRESHED: 86.55 → 86.55 (not updated)
[2026-02-02 10:22:39]   [emp_id: 4894] REFRESHED: 10.68 → 10.68 (not updated)
[2026-02-02 10:22:39]   [emp_id: 4897] REFRESHED: 25.45 → 25.45 (not updated)
[2026-02-02 10:22:39]   [emp_id: 4899] REFRESHED: 21.62 → 21.62 (not updated)
[2026-02-02 10:22:39]   [emp_id: 4902] REFRESHED: 21.04 → 21.04 (not updated)
[2026-02-02 10:22:39]   [emp_id: 4903] REFRESHED: 23.26 → 23.26 (not updated)
[2026-02-02 10:22:39]   [emp_id: 4905] REFRESHED: 21.92 → 21.92 (not updated)
[2026-02-02 10:22:39]   [emp_id: 4907] REFRESHED: 50.76 → 50.76 (not updated)
[2026-02-02 10:22:39]   [emp_id: 4917] REFRESHED: 18.88 → 18.88 (not updated)
[2026-02-02 10:22:39]   [emp_id: 4918] REFRESHED: 8.65 → 8.65 (not updated)
[2026-02-02 10:22:39]   [emp_id: 4919] REFRESHED: 60.94 → 60.94 (not updated)
[2026-02-02 10:22:39]   [emp_id: 4920] REFRESHED: 8.02 → 8.02 (not updated)
[2026-02-02 10:22:39]   [emp_id: 4921] REFRESHED: 20.11 → 20.11 (not updated)
[2026-02-02 10:22:39]   [emp_id: 4927] REFRESHED: 18.94 → 18.94 (not updated)
[2026-02-02 10:22:39]   [emp_id: 4929] REFRESHED: 20.46 → 20.46 (not updated)
[2026-02-02 10:22:39]   [emp_id: 4930] REFRESHED: 61.23 → 61.23 (not updated)
[2026-02-02 10:22:39]   [emp_id: 4932] REFRESHED: 19.23 → 19.23 (not updated)
[2026-02-02 10:22:39]   [emp_id: 4933] REFRESHED: 22.64 → 22.64 (not updated)
[2026-02-02 10:22:39]   [emp_id: 4949] REFRESHED: 26.07 → 26.07 (not updated)
[2026-02-02 10:22:39]   [emp_id: 4956] REFRESHED: 31.66 → 31.66 (not updated)
[2026-02-02 10:22:39]   [emp_id: 4957] REFRESHED: 27.33 → 27.33 (not updated)
[2026-02-02 10:22:39]   [emp_id: 4962] REFRESHED: 50.12 → 50.12 (not updated)
[2026-02-02 10:22:39]   [emp_id: 4969] REFRESHED: 49.43 → 49.43 (not updated)
[2026-02-02 10:22:39]   [emp_id: 4976] REFRESHED: 12.35 → 12.35 (not updated)
[2026-02-02 10:22:39]   [emp_id: 4984] REFRESHED: 40.68 → 40.68 (not updated)
[2026-02-02 10:22:39]   [emp_id: 4995] REFRESHED: 52.75 → 52.75 (not updated)
[2026-02-02 10:22:39]   [emp_id: 5004] REFRESHED: 29.29 → 29.29 (not updated)
[2026-02-02 10:22:39]   [emp_id: 5006] REFRESHED: 29.03 → 29.03 (not updated)
[2026-02-02 10:22:39]   [emp_id: 5011] REFRESHED: 8.53 → 8.53 (not updated)
[2026-02-02 10:22:39]   [emp_id: 5013] REFRESHED: 69.4 → 69.4 (not updated)
[2026-02-02 10:22:39]   [emp_id: 5018] REFRESHED: 5.89 → 5.89 (not updated)
[2026-02-02 10:22:39]   [emp_id: 5021] REFRESHED: 63.78 → 63.78 (not updated)
[2026-02-02 10:22:39]   [emp_id: 5024] REFRESHED: 3.91 → 3.91 (not updated)
[2026-02-02 10:22:39]   [emp_id: 5030] REFRESHED: 33.86 → 33.86 (not updated)
[2026-02-02 10:22:39]   [emp_id: 5033] REFRESHED: 12.66 → 12.66 (not updated)
[2026-02-02 10:22:39]   [emp_id: 5043] REFRESHED: 33.35 → 33.35 (not updated)
[2026-02-02 10:22:39]   [emp_id: 5045] REFRESHED: 29.85 → 29.85 (not updated)
[2026-02-02 10:22:39]   [emp_id: 5046] REFRESHED: 25.04 → 25.04 (not updated)
[2026-02-02 10:22:39]   [emp_id: 5049] REFRESHED: 1.34 → 1.34 (not updated)
[2026-02-02 10:22:39]   [emp_id: 5052] REFRESHED: 32.62 → 32.62 (not updated)
[2026-02-02 10:22:39]   [emp_id: 5055] REFRESHED: 21.06 → 21.06 (not updated)
[2026-02-02 10:22:39]   [emp_id: 5058] REFRESHED: 30.04 → 30.04 (not updated)
[2026-02-02 10:22:39]   [emp_id: 5062] REFRESHED: 41.87 → 41.87 (not updated)
[2026-02-02 10:22:39]   [emp_id: 5064] REFRESHED: 120.68 → 120.68 (not updated)
[2026-02-02 10:22:39]   [emp_id: 5065] REFRESHED: 41.28 → 41.28 (not updated)
[2026-02-02 10:22:39]   [emp_id: 5071] REFRESHED: 26.18 → 26.18 (not updated)
[2026-02-02 10:22:39]   [emp_id: 5073] REFRESHED: 15.88 → 15.88 (not updated)
[2026-02-02 10:22:39]   [emp_id: 5079] REFRESHED: 36.44 → 36.44 (not updated)
[2026-02-02 10:22:39]   [emp_id: 5080] REFRESHED: 29.77 → 29.77 (not updated)
[2026-02-02 10:22:39]   [emp_id: 5081] REFRESHED: 18.03 → 18.03 (not updated)
[2026-02-02 10:22:39]   [emp_id: 5087] REFRESHED: 38.07 → 38.07 (not updated)
[2026-02-02 10:22:39]   [emp_id: 5091] REFRESHED: 77.92 → 77.92 (not updated)
[2026-02-02 10:22:39]   [emp_id: 5093] REFRESHED: 17.35 → 17.35 (not updated)
[2026-02-02 10:22:39]   [emp_id: 5095] REFRESHED: 3.46 → 3.46 (not updated)
[2026-02-02 10:22:39]   [emp_id: 5101] REFRESHED: 19.43 → 19.43 (not updated)
[2026-02-02 10:22:39]   [emp_id: 5107] REFRESHED: 17.76 → 17.76 (not updated)
[2026-02-02 10:22:39]   [emp_id: 5109] REFRESHED: 15.01 → 15.01 (not updated)
[2026-02-02 10:22:39]   [emp_id: 5119] REFRESHED: 13.18 → 13.18 (not updated)
[2026-02-02 10:22:39]   [emp_id: 5122] REFRESHED: 10.35 → 10.35 (not updated)
[2026-02-02 10:22:39]   [emp_id: 5126] REFRESHED: 28.8 → 28.8 (not updated)
[2026-02-02 10:22:39]   [emp_id: 5127] REFRESHED: 1.53 → 1.53 (not updated)
[2026-02-02 10:22:39]   [emp_id: 5128] REFRESHED: 28.74 → 28.74 (not updated)
[2026-02-02 10:22:39]   [emp_id: 5138] REFRESHED: 53.01 → 53.01 (not updated)
[2026-02-02 10:22:39]   [emp_id: 5138] REFRESHED: 53.01 → 53.01 (not updated)
[2026-02-02 10:22:39]   [emp_id: 5141] REFRESHED: 37.11 → 37.11 (not updated)
[2026-02-02 10:22:39]   [emp_id: 5142] REFRESHED: 16.11 → 16.11 (not updated)
[2026-02-02 10:22:39]   [emp_id: 5146] REFRESHED: 23.11 → 23.11 (not updated)
[2026-02-02 10:22:39]   [emp_id: 5147] REFRESHED: 22.11 → 22.11 (not updated)
[2026-02-02 10:22:39]   [emp_id: 5148] REFRESHED: 27.46 → 27.46 (not updated)
[2026-02-02 10:22:39]   [emp_id: 5149] REFRESHED: 26.35 → 26.35 (not updated)
[2026-02-02 10:22:39]   [emp_id: 5150] REFRESHED: 25.71 → 25.71 (not updated)
[2026-02-02 10:22:39]   [emp_id: 5151] REFRESHED: 25.53 → 25.53 (not updated)
[2026-02-02 10:22:39]   [emp_id: 5152] REFRESHED: 5.95 → 5.95 (not updated)
[2026-02-02 10:22:39]   [emp_id: 5157] REFRESHED: 25.53 → 25.53 (not updated)
[2026-02-02 10:22:39]   [emp_id: 5160] REFRESHED: 25.53 → 25.53 (not updated)
[2026-02-02 10:22:39]   [emp_id: 5163] REFRESHED: 23.32 → 23.32 (not updated)
[2026-02-02 10:22:39]   [emp_id: 5165] REFRESHED: 4.45 → 4.45 (not updated)
[2026-02-02 10:22:39]   [emp_id: 5167] REFRESHED: 32.47 → 32.47 (not updated)
[2026-02-02 10:22:39]   [emp_id: 5168] REFRESHED: 25.01 → 25.01 (not updated)
[2026-02-02 10:22:39]   [emp_id: 5173] REFRESHED: 28.1 → 28.1 (not updated)
[2026-02-02 10:22:39]   [emp_id: 5174] REFRESHED: 25.47 → 25.47 (not updated)
[2026-02-02 10:22:39]   [emp_id: 5181] REFRESHED: 21.86 → 21.86 (not updated)
[2026-02-02 10:22:39]   [emp_id: 5186] REFRESHED: 27.39 → 27.39 (not updated)
[2026-02-02 10:22:39]   [emp_id: 5187] REFRESHED: 38.39 → 38.39 (not updated)
[2026-02-02 10:22:39] ========== CRON: Vacation Balance Update Started ==========
[2026-02-02 10:22:39] Force level: 1 (0=normal, 1=check missing, 2=full bypass)
[2026-02-02 10:22:39] Source: Browser (?force=1)
[2026-02-02 10:22:39]   [emp_id: 5204] REFRESHED: 25.6 → 25.6 (not updated)
[2026-02-02 10:22:39]   [emp_id: 5205] REFRESHED: 14.6 → 14.6 (not updated)
[2026-02-02 10:22:39]   [emp_id: 5209] REFRESHED: 17.6 → 17.6 (not updated)
[2026-02-02 10:22:39]   [emp_id: 5213] REFRESHED: 5.01 → 5.01 (not updated)
[2026-02-02 10:22:39]   [emp_id: 5214] REFRESHED: 3.85 → 3.85 (not updated)
[2026-02-02 10:22:39]   [emp_id: 5215] REFRESHED: 12.6 → 12.6 (not updated)
[2026-02-02 10:22:39]   [emp_id: 5217] REFRESHED: 11.6 → 11.6 (not updated)
[2026-02-02 10:22:39]   [emp_id: 5219] REFRESHED: 15.6 → 15.6 (not updated)
[2026-02-02 10:22:39]   [emp_id: 5221] REFRESHED: 4.91 → 4.91 (not updated)
[2026-02-02 10:22:39]   [emp_id: 5224] REFRESHED: 16.6 → 16.6 (not updated)
[2026-02-02 10:22:39]   [emp_id: 5225] REFRESHED: 8.91 → 8.91 (not updated)
[2026-02-02 10:22:39]   [emp_id: 5228] REFRESHED: 11.6 → 11.6 (not updated)
[2026-02-02 10:22:39]   [emp_id: 5229] REFRESHED: 7.6 → 7.6 (not updated)
[2026-02-02 10:22:39]   [emp_id: 5230] REFRESHED: 12.27 → 12.27 (not updated)
[2026-02-02 10:22:39]   [emp_id: 5231] REFRESHED: 8.6 → 8.6 (not updated)
[2026-02-02 10:22:39]   [emp_id: 5232] REFRESHED: 2.6 → 2.6 (not updated)
[2026-02-02 10:22:39]   [emp_id: 5233] REFRESHED: 6.6 → 6.6 (not updated)
[2026-02-02 10:22:39]   [emp_id: 5234] REFRESHED: 6.6 → 6.6 (not updated)
[2026-02-02 10:22:39]   [emp_id: 5235] REFRESHED: 2.04 → 2.04 (not updated)
[2026-02-02 10:22:39]   [emp_id: 5237] REFRESHED: 12.85 → 12.85 (not updated)
[2026-02-02 10:22:39]   [emp_id: 5239] REFRESHED: 9.6 → 9.6 (not updated)
[2026-02-02 10:22:39]   [emp_id: 5241] REFRESHED: 7.6 → 7.6 (not updated)
[2026-02-02 10:22:39]   [emp_id: 5242] REFRESHED: 17.6 → 17.6 (not updated)
[2026-02-02 10:22:39]   [emp_id: 5243] REFRESHED: 4.01 → 4.01 (not updated)
[2026-02-02 10:22:39]   [emp_id: 5244] REFRESHED: 2.04 → 2.04 (not updated)
[2026-02-02 10:22:39]   [emp_id: 5246] REFRESHED: 13.6 → 13.6 (not updated)
[2026-02-02 10:22:39]   [emp_id: 5253] REFRESHED: 26.47 → 26.47 (not updated)
[2026-02-02 10:22:39]   [emp_id: 5254] REFRESHED: 14.45 → 14.45 (not updated)
[2026-02-02 10:22:39]   [emp_id: 5257] REFRESHED: 14.16 → 14.16 (not updated)
[2026-02-02 10:22:39]   [emp_id: 5259] REFRESHED: 50.69 → 50.69 (not updated)
[2026-02-02 10:22:39]   [emp_id: 5261] REFRESHED: 19.2 → 19.2 (not updated)
[2026-02-02 10:22:39]   [emp_id: 5264] REFRESHED: 16.17 → 16.17 (not updated)
[2026-02-02 10:22:39]   [emp_id: 5266] REFRESHED: 22.79 → 22.79 (not updated)
[2026-02-02 10:22:39]   [emp_id: 5268] REFRESHED: 11.36 → 11.36 (not updated)
[2026-02-02 10:22:39]   [emp_id: 5271] REFRESHED: 10.02 → 10.02 (not updated)
[2026-02-02 10:22:39]   [emp_id: 5272] REFRESHED: 10.89 → 10.89 (not updated)
[2026-02-02 10:22:39]   [emp_id: 5273] REFRESHED: 25.96 → 25.96 (not updated)
[2026-02-02 10:22:39]   [emp_id: 5275] REFRESHED: 11.71 → 11.71 (not updated)
[2026-02-02 10:22:39]   [emp_id: 5276] REFRESHED: 25.98 → 25.98 (not updated)
[2026-02-02 10:22:39]   [emp_id: 5278] REFRESHED: 10.37 → 10.37 (not updated)
[2026-02-02 10:22:39]   [emp_id: 5280] REFRESHED: 20.77 → 20.77 (not updated)
[2026-02-02 10:22:39]   [emp_id: 5282] REFRESHED: 14.68 → 14.68 (not updated)
[2026-02-02 10:22:39]   [emp_id: 5285] REFRESHED: 30.77 → 30.77 (not updated)
[2026-02-02 10:22:39]   [emp_id: 5286] REFRESHED: 17.77 → 17.77 (not updated)
[2026-02-02 10:22:39]   [emp_id: 5287] REFRESHED: 52.07 → 52.07 (not updated)
[2026-02-02 10:22:39]   [emp_id: 5288] REFRESHED: 9.34 → 9.34 (not updated)
[2026-02-02 10:22:39]   [emp_id: 5289] REFRESHED: 50.62 → 50.62 (not updated)
[2026-02-02 10:22:39]   [emp_id: 5290] REFRESHED: 49.39 → 49.39 (not updated)
[2026-02-02 10:22:39]   [emp_id: 5291] REFRESHED: 7.39 → 7.39 (not updated)
[2026-02-02 10:22:39]   [emp_id: 5292] REFRESHED: 7.33 → 7.33 (not updated)
[2026-02-02 10:22:39]   [emp_id: 5293] REFRESHED: 10.94 → 10.94 (not updated)
[2026-02-02 10:22:39]   [emp_id: 5294] REFRESHED: 10.6 → 10.6 (not updated)
[2026-02-02 10:22:39]   [emp_id: 5295] REFRESHED: 23.57 → 23.57 (not updated)
[2026-02-02 10:22:39]   [emp_id: 5296] REFRESHED: 37.62 → 37.62 (not updated)
[2026-02-02 10:22:39]   [emp_id: 5297] REFRESHED: 47.99 → 47.99 (not updated)
[2026-02-02 10:22:39]   [emp_id: 5298] REFRESHED: 47.99 → 47.99 (not updated)
[2026-02-02 10:22:39]   [emp_id: 5299] REFRESHED: 47.99 → 47.99 (not updated)
[2026-02-02 10:22:39]   [emp_id: 5300] REFRESHED: 47.99 → 47.99 (not updated)
[2026-02-02 10:22:39]   [emp_id: 5301] REFRESHED: 5.81 → 5.81 (not updated)
[2026-02-02 10:22:39]   [emp_id: 5303] REFRESHED: 6.24 → 6.24 (not updated)
[2026-02-02 10:22:39]   [emp_id: 5304] REFRESHED: 2.99 → 2.99 (not updated)
[2026-02-02 10:22:39]   [emp_id: 5305] REFRESHED: 5.99 → 5.99 (not updated)
[2026-02-02 10:22:39]   [emp_id: 5306] REFRESHED: 47.7 → 47.7 (not updated)
[2026-02-02 10:22:39]   [emp_id: 5307] REFRESHED: 47.7 → 47.7 (not updated)
[2026-02-02 10:22:39]   [emp_id: 5312] REFRESHED: 2.04 → 2.04 (not updated)
[2026-02-02 10:22:39]   [emp_id: 5318] REFRESHED: 28.41 → 28.41 (not updated)
[2026-02-02 10:22:39]   [emp_id: 5325] REFRESHED: 2.37 → 2.37 (not updated)
[2026-02-02 10:22:39]   [emp_id: 5327] REFRESHED: 3.46 → 3.46 (not updated)
[2026-02-02 10:22:39]   [emp_id: 5337] REFRESHED: 38.51 → 38.51 (not updated)
[2026-02-02 10:22:39]   [emp_id: 5339] REFRESHED: 12.56 → 12.56 (not updated)
[2026-02-02 10:22:39]   [emp_id: 5343] REFRESHED: 48.43 → 48.43 (not updated)
[2026-02-02 10:22:39]   [emp_id: 5343] REFRESHED: 48.51 → 48.51 (not updated)
[2026-02-02 10:22:39]   [emp_id: 5345] REFRESHED: 18.26 → 18.26 (not updated)
[2026-02-02 10:22:39]   [emp_id: 5346] REFRESHED: 4.28 → 4.28 (not updated)
[2026-02-02 10:22:39]   [emp_id: 5351] REFRESHED: 19.22 → 19.22 (not updated)
[2026-02-02 10:22:39]   [emp_id: 5352] REFRESHED: 28.68 → 28.68 (not updated)
[2026-02-02 10:22:39]   [emp_id: 5370] REFRESHED: 17.87 → 17.87 (not updated)
[2026-02-02 10:22:39]   [emp_id: 5371] REFRESHED: 10.43 → 10.43 (not updated)
[2026-02-02 10:22:39]   [emp_id: 5376] REFRESHED: 12.47 → 12.47 (not updated)
[2026-02-02 10:22:39]   [emp_id: 5378] REFRESHED: 20.51 → 20.51 (not updated)
[2026-02-02 10:22:39]   [emp_id: 5380] REFRESHED: 18.88 → 18.88 (not updated)
[2026-02-02 10:22:39]   [emp_id: 5381] REFRESHED: 14.95 → 14.95 (not updated)
[2026-02-02 10:22:39]   [emp_id: 5383] REFRESHED: 18.26 → 18.26 (not updated)
[2026-02-02 10:22:39]   [emp_id: 5388] REFRESHED: 29.66 → 29.66 (not updated)
[2026-02-02 10:22:39]   [emp_id: 5396] REFRESHED: 30.9 → 30.9 (not updated)
[2026-02-02 10:22:39]   [emp_id: 5397] REFRESHED: 22.36 → 22.36 (not updated)
[2026-02-02 10:22:39]   [emp_id: 5401] REFRESHED: 25.47 → 25.47 (not updated)
[2026-02-02 10:22:39]   [emp_id: 5402] REFRESHED: 25.59 → 25.59 (not updated)
[2026-02-02 10:22:39]   [emp_id: 5406] REFRESHED: 19.31 → 19.31 (not updated)
[2026-02-02 10:22:39]   [emp_id: 5407] REFRESHED: 19.03 → 19.03 (not updated)
[2026-02-02 10:22:39]   [emp_id: 5409] REFRESHED: 18.65 → 18.65 (not updated)
[2026-02-02 10:22:39]   [emp_id: 5413] REFRESHED: 31.43 → 31.43 (not updated)
[2026-02-02 10:22:39]   [emp_id: 5414] REFRESHED: 31.1 → 31.1 (not updated)
[2026-02-02 10:22:39]   [emp_id: 5415] REFRESHED: 7.03 → 7.03 (not updated)
[2026-02-02 10:22:39]   [emp_id: 5418] REFRESHED: 17.71 → 17.71 (not updated)
[2026-02-02 10:22:39]   [emp_id: 5422] REFRESHED: 23.76 → 23.76 (not updated)
[2026-02-02 10:22:39]   [emp_id: 5423] REFRESHED: 8.45 → 8.45 (not updated)
[2026-02-02 10:22:39]   [emp_id: 5425] REFRESHED: 16.26 → 16.26 (not updated)
[2026-02-02 10:22:39]   [emp_id: 5426] REFRESHED: 5 → 5 (not updated)
[2026-02-02 10:22:39]   [emp_id: 5426] REFRESHED: 5.08 → 5.08 (not updated)
[2026-02-02 10:22:39]   [emp_id: 5427] REFRESHED: 16.37 → 16.37 (not updated)
[2026-02-02 10:22:39]   [emp_id: 5428] REFRESHED: 16.26 → 16.26 (not updated)
[2026-02-02 10:22:39]   [emp_id: 5430] REFRESHED: 20.82 → 20.82 (not updated)
[2026-02-02 10:22:39]   [emp_id: 5431] REFRESHED: 15.38 → 15.38 (not updated)
[2026-02-02 10:22:39]   [emp_id: 5433] REFRESHED: 15.4 → 15.4 (not updated)
[2026-02-02 10:22:39]   [emp_id: 5434] REFRESHED: 15.15 → 15.15 (not updated)
[2026-02-02 10:22:39]   [emp_id: 5435] REFRESHED: 15.09 → 15.09 (not updated)
[2026-02-02 10:22:39]   [emp_id: 5436] REFRESHED: 15.09 → 15.09 (not updated)
[2026-02-02 10:22:39]   [emp_id: 5438] REFRESHED: 18.68 → 18.68 (not updated)
[2026-02-02 10:22:39]   [emp_id: 5439] REFRESHED: 28.18 → 28.18 (not updated)
[2026-02-02 10:22:39]   [emp_id: 5442] REFRESHED: 17.18 → 17.18 (not updated)
[2026-02-02 10:22:39]   [emp_id: 5445] REFRESHED: 9.55 → 9.55 (not updated)
[2026-02-02 10:22:39]   [emp_id: 5446] REFRESHED: 9.55 → 9.55 (not updated)
[2026-02-02 10:22:39]   [emp_id: 5447] REFRESHED: 9.49 → 9.49 (not updated)
[2026-02-02 10:22:39]   [emp_id: 5448] REFRESHED: 4.2 → 4.2 (not updated)
[2026-02-02 10:22:39]   [emp_id: 5449] REFRESHED: 7.57 → 7.57 (not updated)
[2026-02-02 10:22:39]   [emp_id: 5450] REFRESHED: 7.51 → 7.51 (not updated)
[2026-02-02 10:22:39]   [emp_id: 5451] REFRESHED: 7.51 → 7.51 (not updated)
[2026-02-02 10:22:39]   [emp_id: 5453] REFRESHED: 7.35 → 7.35 (not updated)
[2026-02-02 10:22:39]   [emp_id: 5454] REFRESHED: 10.26 → 10.26 (not updated)
[2026-02-02 10:22:39]   [emp_id: 5455] REFRESHED: 4.51 → 4.51 (not updated)
[2026-02-02 10:22:39]   [emp_id: 5456] REFRESHED: 9.51 → 9.51 (not updated)
[2026-02-02 10:22:39]   [emp_id: 5457] REFRESHED: 6.6 → 6.6 (not updated)
[2026-02-02 10:22:39]   [emp_id: 5460] REFRESHED: 8.16 → 8.16 (not updated)
[2026-02-02 10:22:39]   [emp_id: 5463] REFRESHED: 7.49 → 7.49 (not updated)
[2026-02-02 10:22:39]   [emp_id: 5464] REFRESHED: 7.49 → 7.49 (not updated)
[2026-02-02 10:22:39]   [emp_id: 5466] REFRESHED: 5.24 → 5.24 (not updated)
[2026-02-02 10:22:39]   [emp_id: 5467] REFRESHED: 4.16 → 4.16 (not updated)
[2026-02-02 10:22:39]   [emp_id: 5468] REFRESHED: 3.11 → 3.11 (not updated)
[2026-02-02 10:22:39]   [emp_id: 5469] REFRESHED: 3.02 → 3.02 (not updated)
[2026-02-02 10:22:39] Report saved to: D:\xampp\htdocs\almutlak\system/cron_logs/last_vacation_update_report.json
[2026-02-02 10:22:39] FORCE LEVEL 1: Checking for missing records and refreshing values (NOT updating last_updated)
[2026-02-02 10:22:39] FORCE LEVEL 1: Checking for missing records only
[2026-02-02 10:22:39] Database connection established
[2026-02-02 10:22:39] Found 433 active employees with balance records to update
[2026-02-02 10:22:39] (Only employees with status=1 will be processed)
[2026-02-02 10:22:39]   [emp_id: 1061] REFRESHED: 2.75 → 2.75 (not updated)
[2026-02-02 10:22:39]   [emp_id: 1496] REFRESHED: 19.6 → 19.6 (not updated)
[2026-02-02 10:22:39]   [emp_id: 1500] REFRESHED: 7.28 → 7.28 (not updated)
[2026-02-02 10:22:39]   [emp_id: 1574] REFRESHED: 36.51 → 36.51 (not updated)
[2026-02-02 10:22:39]   [emp_id: 1673] REFRESHED: 48.01 → 48.01 (not updated)
[2026-02-02 10:22:39]   [emp_id: 1685] REFRESHED: 17.93 → 17.93 (not updated)
[2026-02-02 10:22:39]   [emp_id: 1764] REFRESHED: 72.6 → 72.6 (not updated)
[2026-02-02 10:22:39]   [emp_id: 1805] REFRESHED: 66.93 → 66.93 (not updated)
[2026-02-02 10:22:39]   [emp_id: 1822] REFRESHED: 71.68 → 71.68 (not updated)
[2026-02-02 10:22:39]   [emp_id: 1837] REFRESHED: 27.85 → 27.85 (not updated)
[2026-02-02 10:22:39]   [emp_id: 1857] REFRESHED: 23.18 → 23.18 (not updated)
[2026-02-02 10:22:39]   [emp_id: 1861] REFRESHED: 74.01 → 74.01 (not updated)
[2026-02-02 10:22:39]   [emp_id: 1872] REFRESHED: 12.85 → 12.85 (not updated)
[2026-02-02 10:22:39]   [emp_id: 1897] REFRESHED: 8.18 → 8.18 (not updated)
[2026-02-02 10:22:39]   [emp_id: 1916] REFRESHED: 14.48 → 14.48 (not updated)
[2026-02-02 10:22:39]   [emp_id: 1928] REFRESHED: 67.43 → 67.43 (not updated)
[2026-02-02 10:22:39]   [emp_id: 1931] REFRESHED: 87.35 → 87.35 (not updated)
[2026-02-02 10:22:39]   [emp_id: 1944] REFRESHED: 45.51 → 45.51 (not updated)
[2026-02-02 10:22:39]   [emp_id: 1996] REFRESHED: 74.01 → 74.01 (not updated)
[2026-02-02 10:22:39]   [emp_id: 1997] REFRESHED: 39.18 → 39.18 (not updated)
[2026-02-02 10:22:39]   [emp_id: 1998] REFRESHED: 30.62 → 30.62 (not updated)
[2026-02-02 10:22:39]   [emp_id: 1999] REFRESHED: 31.62 → 31.62 (not updated)
[2026-02-02 10:22:39]   [emp_id: 2009] REFRESHED: 37.93 → 37.93 (not updated)
[2026-02-02 10:22:39]   [emp_id: 2048] REFRESHED: 27.76 → 27.76 (not updated)
[2026-02-02 10:22:39]   [emp_id: 2057] REFRESHED: 68.6 → 68.6 (not updated)
[2026-02-02 10:22:39]   [emp_id: 2079] REFRESHED: 50.93 → 50.93 (not updated)
[2026-02-02 10:22:39]   [emp_id: 2181] REFRESHED: 39.93 → 39.93 (not updated)
[2026-02-02 10:22:39]   [emp_id: 2190] REFRESHED: 9.26 → 9.26 (not updated)
[2026-02-02 10:22:39]   [emp_id: 2212] REFRESHED: 27.26 → 27.26 (not updated)
[2026-02-02 10:22:39]   [emp_id: 2226] REFRESHED: 72.01 → 72.01 (not updated)
[2026-02-02 10:22:39]   [emp_id: 2238] REFRESHED: 70.26 → 70.26 (not updated)
[2026-02-02 10:22:39]   [emp_id: 2285] REFRESHED: 38.93 → 38.93 (not updated)
[2026-02-02 10:22:39]   [emp_id: 2287] REFRESHED: 50.6 → 50.6 (not updated)
[2026-02-02 10:22:39]   [emp_id: 2288] REFRESHED: 5.62 → 5.62 (not updated)
[2026-02-02 10:22:39]   [emp_id: 2316] REFRESHED: 19.43 → 19.43 (not updated)
[2026-02-02 10:22:39]   [emp_id: 2337] REFRESHED: 40.51 → 40.51 (not updated)
[2026-02-02 10:22:39]   [emp_id: 2352] REFRESHED: 72.01 → 72.01 (not updated)
[2026-02-02 10:22:39]   [emp_id: 2358] REFRESHED: 8.51 → 8.51 (not updated)
[2026-02-02 10:22:39]   [emp_id: 2361] REFRESHED: 74.18 → 74.18 (not updated)
[2026-02-02 10:22:39]   [emp_id: 2363] REFRESHED: 76.76 → 76.76 (not updated)
[2026-02-02 10:22:39]   [emp_id: 2364] REFRESHED: 76.18 → 76.18 (not updated)
[2026-02-02 10:22:39]   [emp_id: 2367] REFRESHED: 103.85 → 103.85 (not updated)
[2026-02-02 10:22:39]   [emp_id: 2368] REFRESHED: 34.26 → 34.26 (not updated)
[2026-02-02 10:22:39]   [emp_id: 2372] REFRESHED: 71.51 → 71.51 (not updated)
[2026-02-02 10:22:39]   [emp_id: 2376] REFRESHED: 121.51 → 121.51 (not updated)
[2026-02-02 10:22:39]   [emp_id: 2423] REFRESHED: 22.26 → 22.26 (not updated)
[2026-02-02 10:22:39]   [emp_id: 2519] REFRESHED: 115.93 → 115.93 (not updated)
[2026-02-02 10:22:39]   [emp_id: 2522] REFRESHED: 59.51 → 59.51 (not updated)
[2026-02-02 10:22:39]   [emp_id: 2530] REFRESHED: 54.76 → 54.76 (not updated)
[2026-02-02 10:22:39]   [emp_id: 2539] REFRESHED: 51.51 → 51.51 (not updated)
[2026-02-02 10:22:39]   [emp_id: 2541] REFRESHED: 32.1 → 32.1 (not updated)
[2026-02-02 10:22:39]   [emp_id: 2550] REFRESHED: 98.26 → 98.26 (not updated)
[2026-02-02 10:22:39]   [emp_id: 2553] REFRESHED: 35.37 → 35.37 (not updated)
[2026-02-02 10:22:39]   [emp_id: 2554] REFRESHED: 41.85 → 41.85 (not updated)
[2026-02-02 10:22:39]   [emp_id: 2565] REFRESHED: 96.43 → 96.43 (not updated)
[2026-02-02 10:22:39]   [emp_id: 2572] REFRESHED: 46.43 → 46.43 (not updated)
[2026-02-02 10:22:39]   [emp_id: 2637] REFRESHED: 67.01 → 67.01 (not updated)
[2026-02-02 10:22:39]   [emp_id: 2642] REFRESHED: 79.76 → 79.76 (not updated)
[2026-02-02 10:22:39]   [emp_id: 2645] REFRESHED: 95.76 → 95.76 (not updated)
[2026-02-02 10:22:39]   [emp_id: 2648] REFRESHED: 47.43 → 47.43 (not updated)
[2026-02-02 10:22:39]   [emp_id: 2654] REFRESHED: 90.1 → 90.1 (not updated)
[2026-02-02 10:22:39]   [emp_id: 2688] REFRESHED: 28.18 → 28.18 (not updated)
[2026-02-02 10:22:39]   [emp_id: 2690] REFRESHED: 16.93 → 16.93 (not updated)
[2026-02-02 10:22:39]   [emp_id: 2709] REFRESHED: 39.18 → 39.18 (not updated)
[2026-02-02 10:22:39]   [emp_id: 2745] REFRESHED: 35.76 → 35.76 (not updated)
[2026-02-02 10:22:39]   [emp_id: 2843] REFRESHED: 82.35 → 82.35 (not updated)
[2026-02-02 10:22:39]   [emp_id: 2854] REFRESHED: 62.26 → 62.26 (not updated)
[2026-02-02 10:22:39]   [emp_id: 2869] REFRESHED: 6.18 → 6.18 (not updated)
[2026-02-02 10:22:39]   [emp_id: 2876] REFRESHED: 37.01 → 37.01 (not updated)
[2026-02-02 10:22:39]   [emp_id: 2924] REFRESHED: 18.18 → 18.18 (not updated)
[2026-02-02 10:22:39]   [emp_id: 2953] REFRESHED: 103.93 → 103.93 (not updated)
[2026-02-02 10:22:39]   [emp_id: 2961] REFRESHED: 13.93 → 13.93 (not updated)
[2026-02-02 10:22:39]   [emp_id: 2975] REFRESHED: 3.61 → 3.61 (not updated)
[2026-02-02 10:22:39]   [emp_id: 3013] REFRESHED: 12.93 → 12.93 (not updated)
[2026-02-02 10:22:39]   [emp_id: 3014] REFRESHED: 92.18 → 92.18 (not updated)
[2026-02-02 10:22:39]   [emp_id: 3015] REFRESHED: 3.43 → 3.43 (not updated)
[2026-02-02 10:22:39]   [emp_id: 3018] REFRESHED: 62.18 → 62.18 (not updated)
[2026-02-02 10:22:39]   [emp_id: 3025] REFRESHED: 25.95 → 25.95 (not updated)
[2026-02-02 10:22:39]   [emp_id: 3037] REFRESHED: 85.68 → 85.68 (not updated)
[2026-02-02 10:22:39]   [emp_id: 3047] REFRESHED: 73.93 → 73.93 (not updated)
[2026-02-02 10:22:39]   [emp_id: 3061] REFRESHED: 20.85 → 20.85 (not updated)
[2026-02-02 10:22:39]   [emp_id: 3062] REFRESHED: 54.01 → 54.01 (not updated)
[2026-02-02 10:22:39]   [emp_id: 3074] REFRESHED: 110.43 → 110.43 (not updated)
[2026-02-02 10:22:39]   [emp_id: 3089] REFRESHED: 9.35 → 9.35 (not updated)
[2026-02-02 10:22:39]   [emp_id: 3090] REFRESHED: 35.93 → 35.93 (not updated)
[2026-02-02 10:22:39]   [emp_id: 3091] REFRESHED: 47.93 → 47.93 (not updated)
[2026-02-02 10:22:39]   [emp_id: 3092] REFRESHED: 30.6 → 30.6 (not updated)
[2026-02-02 10:22:39]   [emp_id: 3105] REFRESHED: 50.93 → 50.93 (not updated)
[2026-02-02 10:22:39]   [emp_id: 3134] REFRESHED: 46.68 → 46.68 (not updated)
[2026-02-02 10:22:39]   [emp_id: 3140] REFRESHED: 43.76 → 43.76 (not updated)
[2026-02-02 10:22:39]   [emp_id: 3144] REFRESHED: 16.6 → 16.6 (not updated)
[2026-02-02 10:22:39]   [emp_id: 3156] REFRESHED: 19.93 → 19.93 (not updated)
[2026-02-02 10:22:39]   [emp_id: 3162] REFRESHED: 4.91 → 4.91 (not updated)
[2026-02-02 10:22:39]   [emp_id: 3163] REFRESHED: 8.18 → 8.18 (not updated)
[2026-02-02 10:22:39]   [emp_id: 3198] REFRESHED: 43.18 → 43.18 (not updated)
[2026-02-02 10:22:39]   [emp_id: 3205] REFRESHED: 19.85 → 19.85 (not updated)
[2026-02-02 10:22:39]   [emp_id: 3209] REFRESHED: 44.01 → 44.01 (not updated)
[2026-02-02 10:22:39]   [emp_id: 3223] REFRESHED: 92.93 → 92.93 (not updated)
[2026-02-02 10:22:39]   [emp_id: 3224] REFRESHED: 67.68 → 67.68 (not updated)
[2026-02-02 10:22:39]   [emp_id: 3230] REFRESHED: 91.1 → 91.1 (not updated)
[2026-02-02 10:22:39]   [emp_id: 3231] REFRESHED: 3.47 → 3.47 (not updated)
[2026-02-02 10:22:39]   [emp_id: 3233] REFRESHED: 83.93 → 83.93 (not updated)
[2026-02-02 10:22:39]   [emp_id: 3249] REFRESHED: 39.76 → 39.76 (not updated)
[2026-02-02 10:22:39]   [emp_id: 3250] REFRESHED: 12.76 → 12.76 (not updated)
[2026-02-02 10:22:39]   [emp_id: 3252] REFRESHED: 13.68 → 13.68 (not updated)
[2026-02-02 10:22:39]   [emp_id: 3254] REFRESHED: 24.18 → 24.18 (not updated)
[2026-02-02 10:22:39]   [emp_id: 3255] REFRESHED: 20.6 → 20.6 (not updated)
[2026-02-02 10:22:39]   [emp_id: 3256] REFRESHED: 16.85 → 16.85 (not updated)
[2026-02-02 10:22:39]   [emp_id: 3263] REFRESHED: 32.93 → 32.93 (not updated)
[2026-02-02 10:22:39]   [emp_id: 3265] REFRESHED: 28.51 → 28.51 (not updated)
[2026-02-02 10:22:39]   [emp_id: 3280] REFRESHED: 75.43 → 75.43 (not updated)
[2026-02-02 10:22:39]   [emp_id: 3286] REFRESHED: 18.6 → 18.6 (not updated)
[2026-02-02 10:22:39]   [emp_id: 3294] REFRESHED: 18.26 → 18.26 (not updated)
[2026-02-02 10:22:39]   [emp_id: 3321] REFRESHED: 75.43 → 75.43 (not updated)
[2026-02-02 10:22:39]   [emp_id: 3325] REFRESHED: 63.18 → 63.18 (not updated)
[2026-02-02 10:22:39]   [emp_id: 3329] REFRESHED: 65.51 → 65.51 (not updated)
[2026-02-02 10:22:39]   [emp_id: 3330] REFRESHED: 65.51 → 65.51 (not updated)
[2026-02-02 10:22:39]   [emp_id: 3332] REFRESHED: 65.51 → 65.51 (not updated)
[2026-02-02 10:22:39]   [emp_id: 3370] REFRESHED: 57.02 → 57.02 (not updated)
[2026-02-02 10:22:39]   [emp_id: 3384] REFRESHED: 17.68 → 17.68 (not updated)
[2026-02-02 10:22:39]   [emp_id: 3386] REFRESHED: 47.68 → 47.68 (not updated)
[2026-02-02 10:22:39]   [emp_id: 3431] REFRESHED: 22.1 → 22.1 (not updated)
[2026-02-02 10:22:39]   [emp_id: 3497] REFRESHED: 12.26 → 12.26 (not updated)
[2026-02-02 10:22:39]   [emp_id: 3532] REFRESHED: 3.1 → 3.1 (not updated)
[2026-02-02 10:22:39]   [emp_id: 3602] REFRESHED: 4.67 → 4.67 (not updated)
[2026-02-02 10:22:39]   [emp_id: 3618] REFRESHED: 26.65 → 26.65 (not updated)
[2026-02-02 10:22:39]   [emp_id: 3622] REFRESHED: 36.81 → 36.81 (not updated)
[2026-02-02 10:22:39]   [emp_id: 3627] REFRESHED: 12.6 → 12.6 (not updated)
[2026-02-02 10:22:39]   [emp_id: 3665] REFRESHED: 54.18 → 54.18 (not updated)
[2026-02-02 10:22:39]   [emp_id: 3705] REFRESHED: 30.14 → 30.14 (not updated)
[2026-02-02 10:22:39]   [emp_id: 3724] REFRESHED: 47.18 → 47.18 (not updated)
[2026-02-02 10:22:39]   [emp_id: 3726] REFRESHED: 63.6 → 63.6 (not updated)
[2026-02-02 10:22:39]   [emp_id: 3727] REFRESHED: 68.68 → 68.68 (not updated)
[2026-02-02 10:22:39]   [emp_id: 3728] REFRESHED: 13.01 → 13.01 (not updated)
[2026-02-02 10:22:39]   [emp_id: 3767] REFRESHED: 3.76 → 3.76 (not updated)
[2026-02-02 10:22:39]   [emp_id: 3768] REFRESHED: 60.01 → 60.01 (not updated)
[2026-02-02 10:22:39]   [emp_id: 3787] REFRESHED: 60.6 → 60.6 (not updated)
[2026-02-02 10:22:39]   [emp_id: 3790] REFRESHED: 5.15 → 5.15 (not updated)
[2026-02-02 10:22:39]   [emp_id: 3795] REFRESHED: 18.1 → 18.1 (not updated)
[2026-02-02 10:22:39]   [emp_id: 3798] REFRESHED: 96.51 → 96.51 (not updated)
[2026-02-02 10:22:39]   [emp_id: 3801] REFRESHED: 4.78 → 4.78 (not updated)
[2026-02-02 10:22:39]   [emp_id: 3802] REFRESHED: 33.76 → 33.76 (not updated)
[2026-02-02 10:22:39]   [emp_id: 3803] REFRESHED: 118.18 → 118.18 (not updated)
[2026-02-02 10:22:39]   [emp_id: 3810] REFRESHED: 64.18 → 64.18 (not updated)
[2026-02-02 10:22:39]   [emp_id: 3812] REFRESHED: 93.18 → 93.18 (not updated)
[2026-02-02 10:22:39]   [emp_id: 3815] REFRESHED: 93.18 → 93.18 (not updated)
[2026-02-02 10:22:39]   [emp_id: 3836] REFRESHED: 60.85 → 60.85 (not updated)
[2026-02-02 10:22:39]   [emp_id: 3855] REFRESHED: 54.01 → 54.01 (not updated)
[2026-02-02 10:22:39]   [emp_id: 3857] REFRESHED: 57.68 → 57.68 (not updated)
[2026-02-02 10:22:39]   [emp_id: 3862] REFRESHED: 105.76 → 105.76 (not updated)
[2026-02-02 10:22:39]   [emp_id: 3866] REFRESHED: 31.01 → 31.01 (not updated)
[2026-02-02 10:22:39]   [emp_id: 3876] REFRESHED: 27.18 → 27.18 (not updated)
[2026-02-02 10:22:39]   [emp_id: 3877] REFRESHED: 52.68 → 52.68 (not updated)
[2026-02-02 10:22:39]   [emp_id: 3897] REFRESHED: 40.93 → 40.93 (not updated)
[2026-02-02 10:22:39]   [emp_id: 3899] REFRESHED: 2.75 → 2.75 (not updated)
[2026-02-02 10:22:39]   [emp_id: 3928] REFRESHED: 17.01 → 17.01 (not updated)
[2026-02-02 10:22:39]   [emp_id: 3929] REFRESHED: 12.01 → 12.01 (not updated)
[2026-02-02 10:22:39]   [emp_id: 3935] REFRESHED: 97.01 → 97.01 (not updated)
[2026-02-02 10:22:39]   [emp_id: 3952] REFRESHED: 78.35 → 78.35 (not updated)
[2026-02-02 10:22:39]   [emp_id: 3987] REFRESHED: 17.26 → 17.26 (not updated)
[2026-02-02 10:22:39]   [emp_id: 4059] REFRESHED: 6.46 → 6.46 (not updated)
[2026-02-02 10:22:39]   [emp_id: 4119] REFRESHED: 59.93 → 59.93 (not updated)
[2026-02-02 10:22:39]   [emp_id: 4120] REFRESHED: 29.51 → 29.51 (not updated)
[2026-02-02 10:22:39]   [emp_id: 4124] REFRESHED: 30.03 → 30.03 (not updated)
[2026-02-02 10:22:39]   [emp_id: 4133] REFRESHED: 108.51 → 108.51 (not updated)
[2026-02-02 10:22:39]   [emp_id: 4134] REFRESHED: 29.51 → 29.51 (not updated)
[2026-02-02 10:22:39]   [emp_id: 4136] REFRESHED: 29.51 → 29.51 (not updated)
[2026-02-02 10:22:39]   [emp_id: 4150] REFRESHED: 28.18 → 28.18 (not updated)
[2026-02-02 10:22:39]   [emp_id: 4157] REFRESHED: 21.68 → 21.68 (not updated)
[2026-02-02 10:22:39]   [emp_id: 4172] REFRESHED: 14.72 → 14.72 (not updated)
[2026-02-02 10:22:39]   [emp_id: 4195] REFRESHED: 65.26 → 65.26 (not updated)
[2026-02-02 10:22:39]   [emp_id: 4215] REFRESHED: 47.93 → 47.93 (not updated)
[2026-02-02 10:22:39]   [emp_id: 4220] REFRESHED: 43.51 → 43.51 (not updated)
[2026-02-02 10:22:39]   [emp_id: 4273] REFRESHED: 12.18 → 12.18 (not updated)
[2026-02-02 10:22:39]   [emp_id: 4283] REFRESHED: 15.81 → 15.81 (not updated)
[2026-02-02 10:22:39]   [emp_id: 4288] REFRESHED: 2.75 → 2.75 (not updated)
[2026-02-02 10:22:39]   [emp_id: 4315] REFRESHED: 15.43 → 15.43 (not updated)
[2026-02-02 10:22:39]   [emp_id: 4328] REFRESHED: 44.64 → 44.64 (not updated)
[2026-02-02 10:22:39]   [emp_id: 4329] REFRESHED: 8.6 → 8.6 (not updated)
[2026-02-02 10:22:39]   [emp_id: 4338] REFRESHED: 50.18 → 50.18 (not updated)
[2026-02-02 10:22:39]   [emp_id: 4340] REFRESHED: 112.18 → 112.18 (not updated)
[2026-02-02 10:22:39]   [emp_id: 4365] REFRESHED: 63.6 → 63.6 (not updated)
[2026-02-02 10:22:39]   [emp_id: 4366] REFRESHED: 62.68 → 62.68 (not updated)
[2026-02-02 10:22:39]   [emp_id: 4403] REFRESHED: 88.51 → 88.51 (not updated)
[2026-02-02 10:22:39]   [emp_id: 4438] REFRESHED: 24.18 → 24.18 (not updated)
[2026-02-02 10:22:39]   [emp_id: 4465] REFRESHED: 14.97 → 14.97 (not updated)
[2026-02-02 10:22:39]   [emp_id: 4473] REFRESHED: 47.76 → 47.76 (not updated)
[2026-02-02 10:22:39]   [emp_id: 4474] REFRESHED: 5.48 → 5.48 (not updated)
[2026-02-02 10:22:39]   [emp_id: 4493] REFRESHED: 166.6 → 166.6 (not updated)
[2026-02-02 10:22:39]   [emp_id: 4526] REFRESHED: 38.85 → 38.85 (not updated)
[2026-02-02 10:22:39]   [emp_id: 4528] REFRESHED: 110.6 → 110.6 (not updated)
[2026-02-02 10:22:39]   [emp_id: 4528] REFRESHED: 110.6 → 110.6 (not updated)
[2026-02-02 10:22:39]   [emp_id: 4532] REFRESHED: 10.09 → 10.09 (not updated)
[2026-02-02 10:22:39]   [emp_id: 4533] REFRESHED: 39.01 → 39.01 (not updated)
[2026-02-02 10:22:39]   [emp_id: 4565] REFRESHED: 17.47 → 17.47 (not updated)
[2026-02-02 10:22:39]   [emp_id: 4567] REFRESHED: 21.72 → 21.72 (not updated)
[2026-02-02 10:22:39]   [emp_id: 4572] REFRESHED: 61.22 → 61.22 (not updated)
[2026-02-02 10:22:39]   [emp_id: 4631] REFRESHED: 17.47 → 17.47 (not updated)
[2026-02-02 10:22:39]   [emp_id: 4655] REFRESHED: 27.93 → 27.93 (not updated)
[2026-02-02 10:22:39]   [emp_id: 4709] REFRESHED: 43.18 → 43.18 (not updated)
[2026-02-02 10:22:39]   [emp_id: 4717] REFRESHED: 69.18 → 69.18 (not updated)
[2026-02-02 10:22:39]   [emp_id: 4736] REFRESHED: 31.01 → 31.01 (not updated)
[2026-02-02 10:22:39]   [emp_id: 4756] REFRESHED: 13.91 → 13.91 (not updated)
[2026-02-02 10:22:39]   [emp_id: 4768] REFRESHED: 16.68 → 16.68 (not updated)
[2026-02-02 10:22:39]   [emp_id: 4780] REFRESHED: 67.64 → 67.64 (not updated)
[2026-02-02 10:22:39]   [emp_id: 4820] REFRESHED: 102.01 → 102.01 (not updated)
[2026-02-02 10:22:39]   [emp_id: 4824] REFRESHED: 5.19 → 5.19 (not updated)
[2026-02-02 10:22:39]   [emp_id: 4825] REFRESHED: 33.76 → 33.76 (not updated)
[2026-02-02 10:22:39]   [emp_id: 4837] REFRESHED: 47.63 → 47.63 (not updated)
[2026-02-02 10:22:39]   [emp_id: 4840] REFRESHED: 47.63 → 47.63 (not updated)
[2026-02-02 10:22:39]   [emp_id: 4842] REFRESHED: 46.87 → 46.87 (not updated)
[2026-02-02 10:22:39]   [emp_id: 4843] REFRESHED: 47.4 → 47.4 (not updated)
[2026-02-02 10:22:39]   [emp_id: 4853] REFRESHED: 91.22 → 91.22 (not updated)
[2026-02-02 10:22:39]   [emp_id: 4856] REFRESHED: 44.54 → 44.54 (not updated)
[2026-02-02 10:22:39]   [emp_id: 4857] REFRESHED: 27.36 → 27.36 (not updated)
[2026-02-02 10:22:39]   [emp_id: 4858] REFRESHED: 24.24 → 24.24 (not updated)
[2026-02-02 10:22:39]   [emp_id: 4859] REFRESHED: 45.71 → 45.71 (not updated)
[2026-02-02 10:22:39]   [emp_id: 4860] REFRESHED: 10.21 → 10.21 (not updated)
[2026-02-02 10:22:39]   [emp_id: 4861] REFRESHED: 43.67 → 43.67 (not updated)
[2026-02-02 10:22:39]   [emp_id: 4869] REFRESHED: 86.55 → 86.55 (not updated)
[2026-02-02 10:22:39]   [emp_id: 4894] REFRESHED: 10.68 → 10.68 (not updated)
[2026-02-02 10:22:39]   [emp_id: 4897] REFRESHED: 25.45 → 25.45 (not updated)
[2026-02-02 10:22:39]   [emp_id: 4899] REFRESHED: 21.62 → 21.62 (not updated)
[2026-02-02 10:22:39]   [emp_id: 4902] REFRESHED: 21.04 → 21.04 (not updated)
[2026-02-02 10:22:39]   [emp_id: 4903] REFRESHED: 23.26 → 23.26 (not updated)
[2026-02-02 10:22:39]   [emp_id: 4905] REFRESHED: 21.92 → 21.92 (not updated)
[2026-02-02 10:22:39]   [emp_id: 4907] REFRESHED: 50.76 → 50.76 (not updated)
[2026-02-02 10:22:39]   [emp_id: 4917] REFRESHED: 18.88 → 18.88 (not updated)
[2026-02-02 10:22:39]   [emp_id: 4918] REFRESHED: 8.65 → 8.65 (not updated)
[2026-02-02 10:22:39]   [emp_id: 4919] REFRESHED: 60.94 → 60.94 (not updated)
[2026-02-02 10:22:39]   [emp_id: 4920] REFRESHED: 8.02 → 8.02 (not updated)
[2026-02-02 10:22:39]   [emp_id: 4921] REFRESHED: 20.11 → 20.11 (not updated)
[2026-02-02 10:22:39]   [emp_id: 4927] REFRESHED: 18.94 → 18.94 (not updated)
[2026-02-02 10:22:39]   [emp_id: 4929] REFRESHED: 20.46 → 20.46 (not updated)
[2026-02-02 10:22:39]   [emp_id: 4930] REFRESHED: 61.23 → 61.23 (not updated)
[2026-02-02 10:22:39]   [emp_id: 4932] REFRESHED: 19.23 → 19.23 (not updated)
[2026-02-02 10:22:39]   [emp_id: 4933] REFRESHED: 22.64 → 22.64 (not updated)
[2026-02-02 10:22:39]   [emp_id: 4949] REFRESHED: 26.07 → 26.07 (not updated)
[2026-02-02 10:22:39]   [emp_id: 4956] REFRESHED: 31.66 → 31.66 (not updated)
[2026-02-02 10:22:39]   [emp_id: 4957] REFRESHED: 27.33 → 27.33 (not updated)
[2026-02-02 10:22:39]   [emp_id: 4962] REFRESHED: 50.12 → 50.12 (not updated)
[2026-02-02 10:22:39]   [emp_id: 4969] REFRESHED: 49.43 → 49.43 (not updated)
[2026-02-02 10:22:39]   [emp_id: 4976] REFRESHED: 12.35 → 12.35 (not updated)
[2026-02-02 10:22:39]   [emp_id: 4984] REFRESHED: 40.68 → 40.68 (not updated)
[2026-02-02 10:22:39]   [emp_id: 4995] REFRESHED: 52.75 → 52.75 (not updated)
[2026-02-02 10:22:39]   [emp_id: 5004] REFRESHED: 29.29 → 29.29 (not updated)
[2026-02-02 10:22:39]   [emp_id: 5006] REFRESHED: 29.03 → 29.03 (not updated)
[2026-02-02 10:22:39]   [emp_id: 5011] REFRESHED: 8.53 → 8.53 (not updated)
[2026-02-02 10:22:39]   [emp_id: 5013] REFRESHED: 69.4 → 69.4 (not updated)
[2026-02-02 10:22:39]   [emp_id: 5018] REFRESHED: 5.89 → 5.89 (not updated)
[2026-02-02 10:22:39]   [emp_id: 5021] REFRESHED: 63.78 → 63.78 (not updated)
[2026-02-02 10:22:39]   [emp_id: 5024] REFRESHED: 3.91 → 3.91 (not updated)
[2026-02-02 10:22:39]   [emp_id: 5030] REFRESHED: 33.86 → 33.86 (not updated)
[2026-02-02 10:22:39]   [emp_id: 5033] REFRESHED: 12.66 → 12.66 (not updated)
[2026-02-02 10:22:39]   [emp_id: 5043] REFRESHED: 33.35 → 33.35 (not updated)
[2026-02-02 10:22:39]   [emp_id: 5045] REFRESHED: 29.85 → 29.85 (not updated)
[2026-02-02 10:22:39]   [emp_id: 5046] REFRESHED: 25.04 → 25.04 (not updated)
[2026-02-02 10:22:39]   [emp_id: 5049] REFRESHED: 1.34 → 1.34 (not updated)
[2026-02-02 10:22:39]   [emp_id: 5052] REFRESHED: 32.62 → 32.62 (not updated)
[2026-02-02 10:22:39]   [emp_id: 5055] REFRESHED: 21.06 → 21.06 (not updated)
[2026-02-02 10:22:39]   [emp_id: 5058] REFRESHED: 30.04 → 30.04 (not updated)
[2026-02-02 10:22:39]   [emp_id: 5062] REFRESHED: 41.87 → 41.87 (not updated)
[2026-02-02 10:22:39]   [emp_id: 5064] REFRESHED: 120.68 → 120.68 (not updated)
[2026-02-02 10:22:39]   [emp_id: 5065] REFRESHED: 41.28 → 41.28 (not updated)
[2026-02-02 10:22:39]   [emp_id: 5071] REFRESHED: 26.18 → 26.18 (not updated)
[2026-02-02 10:22:40]   [emp_id: 5073] REFRESHED: 15.88 → 15.88 (not updated)
[2026-02-02 10:22:40]   [emp_id: 5079] REFRESHED: 36.44 → 36.44 (not updated)
[2026-02-02 10:22:40]   [emp_id: 5080] REFRESHED: 29.77 → 29.77 (not updated)
[2026-02-02 10:22:40]   [emp_id: 5081] REFRESHED: 18.03 → 18.03 (not updated)
[2026-02-02 10:22:40]   [emp_id: 5087] REFRESHED: 38.07 → 38.07 (not updated)
[2026-02-02 10:22:40]   [emp_id: 5091] REFRESHED: 77.92 → 77.92 (not updated)
[2026-02-02 10:22:40]   [emp_id: 5093] REFRESHED: 17.35 → 17.35 (not updated)
[2026-02-02 10:22:40]   [emp_id: 5095] REFRESHED: 3.46 → 3.46 (not updated)
[2026-02-02 10:22:40]   [emp_id: 5101] REFRESHED: 19.43 → 19.43 (not updated)
[2026-02-02 10:22:40]   [emp_id: 5107] REFRESHED: 17.76 → 17.76 (not updated)
[2026-02-02 10:22:40]   [emp_id: 5109] REFRESHED: 15.01 → 15.01 (not updated)
[2026-02-02 10:22:40]   [emp_id: 5119] REFRESHED: 13.18 → 13.18 (not updated)
[2026-02-02 10:22:40]   [emp_id: 5122] REFRESHED: 10.35 → 10.35 (not updated)
[2026-02-02 10:22:40]   [emp_id: 5126] REFRESHED: 28.8 → 28.8 (not updated)
[2026-02-02 10:22:40]   [emp_id: 5127] REFRESHED: 1.53 → 1.53 (not updated)
[2026-02-02 10:22:40]   [emp_id: 5128] REFRESHED: 28.74 → 28.74 (not updated)
[2026-02-02 10:22:40]   [emp_id: 5138] REFRESHED: 53.01 → 53.01 (not updated)
[2026-02-02 10:22:40]   [emp_id: 5138] REFRESHED: 53.01 → 53.01 (not updated)
[2026-02-02 10:22:40]   [emp_id: 5141] REFRESHED: 37.11 → 37.11 (not updated)
[2026-02-02 10:22:40]   [emp_id: 5142] REFRESHED: 16.11 → 16.11 (not updated)
[2026-02-02 10:22:40]   [emp_id: 5146] REFRESHED: 23.11 → 23.11 (not updated)
[2026-02-02 10:22:40]   [emp_id: 5147] REFRESHED: 22.11 → 22.11 (not updated)
[2026-02-02 10:22:40]   [emp_id: 5148] REFRESHED: 27.46 → 27.46 (not updated)
[2026-02-02 10:22:40]   [emp_id: 5149] REFRESHED: 26.35 → 26.35 (not updated)
[2026-02-02 10:22:40]   [emp_id: 5150] REFRESHED: 25.71 → 25.71 (not updated)
[2026-02-02 10:22:40]   [emp_id: 5151] REFRESHED: 25.53 → 25.53 (not updated)
[2026-02-02 10:22:40]   [emp_id: 5152] REFRESHED: 5.95 → 5.95 (not updated)
[2026-02-02 10:22:40]   [emp_id: 5157] REFRESHED: 25.53 → 25.53 (not updated)
[2026-02-02 10:22:40]   [emp_id: 5160] REFRESHED: 25.53 → 25.53 (not updated)
[2026-02-02 10:22:40]   [emp_id: 5163] REFRESHED: 23.32 → 23.32 (not updated)
[2026-02-02 10:22:40]   [emp_id: 5165] REFRESHED: 4.45 → 4.45 (not updated)
[2026-02-02 10:22:40]   [emp_id: 5167] REFRESHED: 32.47 → 32.47 (not updated)
[2026-02-02 10:22:40]   [emp_id: 5168] REFRESHED: 25.01 → 25.01 (not updated)
[2026-02-02 10:22:40]   [emp_id: 5173] REFRESHED: 28.1 → 28.1 (not updated)
[2026-02-02 10:22:40]   [emp_id: 5174] REFRESHED: 25.47 → 25.47 (not updated)
[2026-02-02 10:22:40]   [emp_id: 5181] REFRESHED: 21.86 → 21.86 (not updated)
[2026-02-02 10:22:40]   [emp_id: 5186] REFRESHED: 27.39 → 27.39 (not updated)
[2026-02-02 10:22:40]   [emp_id: 5187] REFRESHED: 38.39 → 38.39 (not updated)
[2026-02-02 10:22:40]   [emp_id: 5204] REFRESHED: 25.6 → 25.6 (not updated)
[2026-02-02 10:22:40]   [emp_id: 5205] REFRESHED: 14.6 → 14.6 (not updated)
[2026-02-02 10:22:40]   [emp_id: 5209] REFRESHED: 17.6 → 17.6 (not updated)
[2026-02-02 10:22:40]   [emp_id: 5213] REFRESHED: 5.01 → 5.01 (not updated)
[2026-02-02 10:22:40]   [emp_id: 5214] REFRESHED: 3.85 → 3.85 (not updated)
[2026-02-02 10:22:40]   [emp_id: 5215] REFRESHED: 12.6 → 12.6 (not updated)
[2026-02-02 10:22:40]   [emp_id: 5217] REFRESHED: 11.6 → 11.6 (not updated)
[2026-02-02 10:22:40]   [emp_id: 5219] REFRESHED: 15.6 → 15.6 (not updated)
[2026-02-02 10:22:40]   [emp_id: 5221] REFRESHED: 4.91 → 4.91 (not updated)
[2026-02-02 10:22:40]   [emp_id: 5224] REFRESHED: 16.6 → 16.6 (not updated)
[2026-02-02 10:22:40]   [emp_id: 5225] REFRESHED: 8.91 → 8.91 (not updated)
[2026-02-02 10:22:40]   [emp_id: 5228] REFRESHED: 11.6 → 11.6 (not updated)
[2026-02-02 10:22:40]   [emp_id: 5229] REFRESHED: 7.6 → 7.6 (not updated)
[2026-02-02 10:22:40]   [emp_id: 5230] REFRESHED: 12.27 → 12.27 (not updated)
[2026-02-02 10:22:40]   [emp_id: 5231] REFRESHED: 8.6 → 8.6 (not updated)
[2026-02-02 10:22:40]   [emp_id: 5232] REFRESHED: 2.6 → 2.6 (not updated)
[2026-02-02 10:22:40]   [emp_id: 5233] REFRESHED: 6.6 → 6.6 (not updated)
[2026-02-02 10:22:40]   [emp_id: 5234] REFRESHED: 6.6 → 6.6 (not updated)
[2026-02-02 10:22:40]   [emp_id: 5235] REFRESHED: 2.04 → 2.04 (not updated)
[2026-02-02 10:22:40]   [emp_id: 5237] REFRESHED: 12.85 → 12.85 (not updated)
[2026-02-02 10:22:40]   [emp_id: 5239] REFRESHED: 9.6 → 9.6 (not updated)
[2026-02-02 10:22:40]   [emp_id: 5241] REFRESHED: 7.6 → 7.6 (not updated)
[2026-02-02 10:22:40]   [emp_id: 5242] REFRESHED: 17.6 → 17.6 (not updated)
[2026-02-02 10:22:40]   [emp_id: 5243] REFRESHED: 4.01 → 4.01 (not updated)
[2026-02-02 10:22:40]   [emp_id: 5244] REFRESHED: 2.04 → 2.04 (not updated)
[2026-02-02 10:22:40]   [emp_id: 5246] REFRESHED: 13.6 → 13.6 (not updated)
[2026-02-02 10:22:40]   [emp_id: 5253] REFRESHED: 26.47 → 26.47 (not updated)
[2026-02-02 10:22:40]   [emp_id: 5254] REFRESHED: 14.45 → 14.45 (not updated)
[2026-02-02 10:22:40]   [emp_id: 5257] REFRESHED: 14.16 → 14.16 (not updated)
[2026-02-02 10:22:40]   [emp_id: 5259] REFRESHED: 50.69 → 50.69 (not updated)
[2026-02-02 10:22:40]   [emp_id: 5261] REFRESHED: 19.2 → 19.2 (not updated)
[2026-02-02 10:22:40]   [emp_id: 5264] REFRESHED: 16.17 → 16.17 (not updated)
[2026-02-02 10:22:40]   [emp_id: 5266] REFRESHED: 22.79 → 22.79 (not updated)
[2026-02-02 10:22:40]   [emp_id: 5268] REFRESHED: 11.36 → 11.36 (not updated)
[2026-02-02 10:22:40]   [emp_id: 5271] REFRESHED: 10.02 → 10.02 (not updated)
[2026-02-02 10:22:40]   [emp_id: 5272] REFRESHED: 10.89 → 10.89 (not updated)
[2026-02-02 10:22:40]   [emp_id: 5273] REFRESHED: 25.96 → 25.96 (not updated)
[2026-02-02 10:22:40]   [emp_id: 5275] REFRESHED: 11.71 → 11.71 (not updated)
[2026-02-02 10:22:40]   [emp_id: 5276] REFRESHED: 25.98 → 25.98 (not updated)
[2026-02-02 10:22:40]   [emp_id: 5278] REFRESHED: 10.37 → 10.37 (not updated)
[2026-02-02 10:22:40]   [emp_id: 5280] REFRESHED: 20.77 → 20.77 (not updated)
[2026-02-02 10:22:40]   [emp_id: 5282] REFRESHED: 14.68 → 14.68 (not updated)
[2026-02-02 10:22:40]   [emp_id: 5285] REFRESHED: 30.77 → 30.77 (not updated)
[2026-02-02 10:22:40]   [emp_id: 5286] REFRESHED: 17.77 → 17.77 (not updated)
[2026-02-02 10:22:40]   [emp_id: 5287] REFRESHED: 52.07 → 52.07 (not updated)
[2026-02-02 10:22:40]   [emp_id: 5288] REFRESHED: 9.34 → 9.34 (not updated)
[2026-02-02 10:22:40]   [emp_id: 5289] REFRESHED: 50.62 → 50.62 (not updated)
[2026-02-02 10:22:40]   [emp_id: 5290] REFRESHED: 49.39 → 49.39 (not updated)
[2026-02-02 10:22:40]   [emp_id: 5291] REFRESHED: 7.39 → 7.39 (not updated)
[2026-02-02 10:22:40]   [emp_id: 5292] REFRESHED: 7.33 → 7.33 (not updated)
[2026-02-02 10:22:40]   [emp_id: 5293] REFRESHED: 10.94 → 10.94 (not updated)
[2026-02-02 10:22:40]   [emp_id: 5294] REFRESHED: 10.6 → 10.6 (not updated)
[2026-02-02 10:22:40]   [emp_id: 5295] REFRESHED: 23.57 → 23.57 (not updated)
[2026-02-02 10:22:40]   [emp_id: 5296] REFRESHED: 37.62 → 37.62 (not updated)
[2026-02-02 10:22:40]   [emp_id: 5297] REFRESHED: 47.99 → 47.99 (not updated)
[2026-02-02 10:22:40]   [emp_id: 5298] REFRESHED: 47.99 → 47.99 (not updated)
[2026-02-02 10:22:40]   [emp_id: 5299] REFRESHED: 47.99 → 47.99 (not updated)
[2026-02-02 10:22:40]   [emp_id: 5300] REFRESHED: 47.99 → 47.99 (not updated)
[2026-02-02 10:22:40]   [emp_id: 5301] REFRESHED: 5.81 → 5.81 (not updated)
[2026-02-02 10:22:40]   [emp_id: 5303] REFRESHED: 6.24 → 6.24 (not updated)
[2026-02-02 10:22:40]   [emp_id: 5304] REFRESHED: 2.99 → 2.99 (not updated)
[2026-02-02 10:22:40]   [emp_id: 5305] REFRESHED: 5.99 → 5.99 (not updated)
[2026-02-02 10:22:40]   [emp_id: 5306] REFRESHED: 47.7 → 47.7 (not updated)
[2026-02-02 10:22:40]   [emp_id: 5307] REFRESHED: 47.7 → 47.7 (not updated)
[2026-02-02 10:22:40]   [emp_id: 5312] REFRESHED: 2.04 → 2.04 (not updated)
[2026-02-02 10:22:40]   [emp_id: 5318] REFRESHED: 28.41 → 28.41 (not updated)
[2026-02-02 10:22:40]   [emp_id: 5325] REFRESHED: 2.37 → 2.37 (not updated)
[2026-02-02 10:22:40]   [emp_id: 5327] REFRESHED: 3.46 → 3.46 (not updated)
[2026-02-02 10:22:40]   [emp_id: 5337] REFRESHED: 38.51 → 38.51 (not updated)
[2026-02-02 10:22:40]   [emp_id: 5339] REFRESHED: 12.56 → 12.56 (not updated)
[2026-02-02 10:22:40]   [emp_id: 5343] REFRESHED: 48.51 → 48.51 (not updated)
[2026-02-02 10:22:40]   [emp_id: 5343] REFRESHED: 48.43 → 48.43 (not updated)
[2026-02-02 10:22:40]   [emp_id: 5345] REFRESHED: 18.26 → 18.26 (not updated)
[2026-02-02 10:22:40]   [emp_id: 5346] REFRESHED: 4.28 → 4.28 (not updated)
[2026-02-02 10:22:40]   [emp_id: 5351] REFRESHED: 19.22 → 19.22 (not updated)
[2026-02-02 10:22:40]   [emp_id: 5352] REFRESHED: 28.68 → 28.68 (not updated)
[2026-02-02 10:22:40]   [emp_id: 5370] REFRESHED: 17.87 → 17.87 (not updated)
[2026-02-02 10:22:40]   [emp_id: 5371] REFRESHED: 10.43 → 10.43 (not updated)
[2026-02-02 10:22:40]   [emp_id: 5376] REFRESHED: 12.47 → 12.47 (not updated)
[2026-02-02 10:22:40]   [emp_id: 5378] REFRESHED: 20.51 → 20.51 (not updated)
[2026-02-02 10:22:40]   [emp_id: 5380] REFRESHED: 18.88 → 18.88 (not updated)
[2026-02-02 10:22:40]   [emp_id: 5381] REFRESHED: 14.95 → 14.95 (not updated)
[2026-02-02 10:22:40]   [emp_id: 5383] REFRESHED: 18.26 → 18.26 (not updated)
[2026-02-02 10:22:40]   [emp_id: 5388] REFRESHED: 29.66 → 29.66 (not updated)
[2026-02-02 10:22:40]   [emp_id: 5396] REFRESHED: 30.9 → 30.9 (not updated)
[2026-02-02 10:22:40]   [emp_id: 5397] REFRESHED: 22.36 → 22.36 (not updated)
[2026-02-02 10:22:40]   [emp_id: 5401] REFRESHED: 25.47 → 25.47 (not updated)
[2026-02-02 10:22:40]   [emp_id: 5402] REFRESHED: 25.59 → 25.59 (not updated)
[2026-02-02 10:22:40]   [emp_id: 5406] REFRESHED: 19.31 → 19.31 (not updated)
[2026-02-02 10:22:40]   [emp_id: 5407] REFRESHED: 19.03 → 19.03 (not updated)
[2026-02-02 10:22:40]   [emp_id: 5409] REFRESHED: 18.65 → 18.65 (not updated)
[2026-02-02 10:22:40]   [emp_id: 5413] REFRESHED: 31.43 → 31.43 (not updated)
[2026-02-02 10:22:40]   [emp_id: 5414] REFRESHED: 31.1 → 31.1 (not updated)
[2026-02-02 10:22:40]   [emp_id: 5415] REFRESHED: 7.03 → 7.03 (not updated)
[2026-02-02 10:22:40]   [emp_id: 5418] REFRESHED: 17.71 → 17.71 (not updated)
[2026-02-02 10:22:40]   [emp_id: 5422] REFRESHED: 23.76 → 23.76 (not updated)
[2026-02-02 10:22:40]   [emp_id: 5423] REFRESHED: 8.45 → 8.45 (not updated)
[2026-02-02 10:22:40]   [emp_id: 5425] REFRESHED: 16.26 → 16.26 (not updated)
[2026-02-02 10:22:40]   [emp_id: 5426] REFRESHED: 5.08 → 5.08 (not updated)
[2026-02-02 10:22:40]   [emp_id: 5426] REFRESHED: 5 → 5 (not updated)
[2026-02-02 10:22:40]   [emp_id: 5427] REFRESHED: 16.37 → 16.37 (not updated)
[2026-02-02 10:22:40]   [emp_id: 5428] REFRESHED: 16.26 → 16.26 (not updated)
[2026-02-02 10:22:40]   [emp_id: 5430] REFRESHED: 20.82 → 20.82 (not updated)
[2026-02-02 10:22:40]   [emp_id: 5431] REFRESHED: 15.38 → 15.38 (not updated)
[2026-02-02 10:22:40]   [emp_id: 5433] REFRESHED: 15.4 → 15.4 (not updated)
[2026-02-02 10:22:40]   [emp_id: 5434] REFRESHED: 15.15 → 15.15 (not updated)
[2026-02-02 10:22:40]   [emp_id: 5435] REFRESHED: 15.09 → 15.09 (not updated)
[2026-02-02 10:22:40]   [emp_id: 5436] REFRESHED: 15.09 → 15.09 (not updated)
[2026-02-02 10:22:40]   [emp_id: 5438] REFRESHED: 18.68 → 18.68 (not updated)
[2026-02-02 10:22:40]   [emp_id: 5439] REFRESHED: 28.18 → 28.18 (not updated)
[2026-02-02 10:22:40]   [emp_id: 5442] REFRESHED: 17.18 → 17.18 (not updated)
[2026-02-02 10:22:40]   [emp_id: 5445] REFRESHED: 9.55 → 9.55 (not updated)
[2026-02-02 10:22:40]   [emp_id: 5446] REFRESHED: 9.55 → 9.55 (not updated)
[2026-02-02 10:22:40]   [emp_id: 5447] REFRESHED: 9.49 → 9.49 (not updated)
[2026-02-02 10:22:40]   [emp_id: 5448] REFRESHED: 4.2 → 4.2 (not updated)
[2026-02-02 10:22:40]   [emp_id: 5449] REFRESHED: 7.57 → 7.57 (not updated)
[2026-02-02 10:22:40]   [emp_id: 5450] REFRESHED: 7.51 → 7.51 (not updated)
[2026-02-02 10:22:40]   [emp_id: 5451] REFRESHED: 7.51 → 7.51 (not updated)
[2026-02-02 10:22:40]   [emp_id: 5453] REFRESHED: 7.35 → 7.35 (not updated)
[2026-02-02 10:22:40]   [emp_id: 5454] REFRESHED: 10.26 → 10.26 (not updated)
[2026-02-02 10:22:40]   [emp_id: 5455] REFRESHED: 4.51 → 4.51 (not updated)
[2026-02-02 10:22:40]   [emp_id: 5456] REFRESHED: 9.51 → 9.51 (not updated)
[2026-02-02 10:22:40]   [emp_id: 5457] REFRESHED: 6.6 → 6.6 (not updated)
[2026-02-02 10:22:40]   [emp_id: 5460] REFRESHED: 8.16 → 8.16 (not updated)
[2026-02-02 10:22:40]   [emp_id: 5463] REFRESHED: 7.49 → 7.49 (not updated)
[2026-02-02 10:22:40]   [emp_id: 5464] REFRESHED: 7.49 → 7.49 (not updated)
[2026-02-02 10:22:40]   [emp_id: 5466] REFRESHED: 5.24 → 5.24 (not updated)
[2026-02-02 10:22:40]   [emp_id: 5467] REFRESHED: 4.16 → 4.16 (not updated)
[2026-02-02 10:22:40]   [emp_id: 5468] REFRESHED: 3.11 → 3.11 (not updated)
[2026-02-02 10:22:40]   [emp_id: 5469] REFRESHED: 3.02 → 3.02 (not updated)
[2026-02-02 10:22:40] Report saved to: D:\xampp\htdocs\almutlak\system/cron_logs/last_vacation_update_report.json
[2026-02-02 10:22:40] FORCE LEVEL 1: Checking for missing records and refreshing values (NOT updating last_updated)
[2026-02-02 10:22:40] FORCE LEVEL 1: Checking for missing records only
[2026-02-02 10:22:40] Database connection established
[2026-02-02 10:22:40] Found 433 active employees with balance records to update
[2026-02-02 10:22:40] (Only employees with status=1 will be processed)
[2026-02-02 10:22:40]   [emp_id: 1061] REFRESHED: 2.75 → 2.75 (not updated)
[2026-02-02 10:22:40]   [emp_id: 1496] REFRESHED: 19.6 → 19.6 (not updated)
[2026-02-02 10:22:40]   [emp_id: 1500] REFRESHED: 7.28 → 7.28 (not updated)
[2026-02-02 10:22:40]   [emp_id: 1574] REFRESHED: 36.51 → 36.51 (not updated)
[2026-02-02 10:22:40]   [emp_id: 1673] REFRESHED: 48.01 → 48.01 (not updated)
[2026-02-02 10:22:40]   [emp_id: 1685] REFRESHED: 17.93 → 17.93 (not updated)
[2026-02-02 10:22:40]   [emp_id: 1764] REFRESHED: 72.6 → 72.6 (not updated)
[2026-02-02 10:22:40]   [emp_id: 1805] REFRESHED: 66.93 → 66.93 (not updated)
[2026-02-02 10:22:40]   [emp_id: 1822] REFRESHED: 71.68 → 71.68 (not updated)
[2026-02-02 10:22:40]   [emp_id: 1837] REFRESHED: 27.85 → 27.85 (not updated)
[2026-02-02 10:22:40]   [emp_id: 1857] REFRESHED: 23.18 → 23.18 (not updated)
[2026-02-02 10:22:40]   [emp_id: 1861] REFRESHED: 74.01 → 74.01 (not updated)
[2026-02-02 10:22:40]   [emp_id: 1872] REFRESHED: 12.85 → 12.85 (not updated)
[2026-02-02 10:22:40]   [emp_id: 1897] REFRESHED: 8.18 → 8.18 (not updated)
[2026-02-02 10:22:40]   [emp_id: 1916] REFRESHED: 14.48 → 14.48 (not updated)
[2026-02-02 10:22:40]   [emp_id: 1928] REFRESHED: 67.43 → 67.43 (not updated)
[2026-02-02 10:22:40]   [emp_id: 1931] REFRESHED: 87.35 → 87.35 (not updated)
[2026-02-02 10:22:40]   [emp_id: 1944] REFRESHED: 45.51 → 45.51 (not updated)
[2026-02-02 10:22:40]   [emp_id: 1996] REFRESHED: 74.01 → 74.01 (not updated)
[2026-02-02 10:22:40]   [emp_id: 1997] REFRESHED: 39.18 → 39.18 (not updated)
[2026-02-02 10:22:40]   [emp_id: 1998] REFRESHED: 30.62 → 30.62 (not updated)
[2026-02-02 10:22:40]   [emp_id: 1999] REFRESHED: 31.62 → 31.62 (not updated)
[2026-02-02 10:22:40]   [emp_id: 2009] REFRESHED: 37.93 → 37.93 (not updated)
[2026-02-02 10:22:40]   [emp_id: 2048] REFRESHED: 27.76 → 27.76 (not updated)
[2026-02-02 10:22:40]   [emp_id: 2057] REFRESHED: 68.6 → 68.6 (not updated)
[2026-02-02 10:22:40]   [emp_id: 2079] REFRESHED: 50.93 → 50.93 (not updated)
[2026-02-02 10:22:40]   [emp_id: 2181] REFRESHED: 39.93 → 39.93 (not updated)
[2026-02-02 10:22:40]   [emp_id: 2190] REFRESHED: 9.26 → 9.26 (not updated)
[2026-02-02 10:22:40]   [emp_id: 2212] REFRESHED: 27.26 → 27.26 (not updated)
[2026-02-02 10:22:40]   [emp_id: 2226] REFRESHED: 72.01 → 72.01 (not updated)
[2026-02-02 10:22:40]   [emp_id: 2238] REFRESHED: 70.26 → 70.26 (not updated)
[2026-02-02 10:22:40]   [emp_id: 2285] REFRESHED: 38.93 → 38.93 (not updated)
[2026-02-02 10:22:40]   [emp_id: 2287] REFRESHED: 50.6 → 50.6 (not updated)
[2026-02-02 10:22:40]   [emp_id: 2288] REFRESHED: 5.62 → 5.62 (not updated)
[2026-02-02 10:22:40]   [emp_id: 2316] REFRESHED: 19.43 → 19.43 (not updated)
[2026-02-02 10:22:40]   [emp_id: 2337] REFRESHED: 40.51 → 40.51 (not updated)
[2026-02-02 10:22:40]   [emp_id: 2352] REFRESHED: 72.01 → 72.01 (not updated)
[2026-02-02 10:22:40]   [emp_id: 2358] REFRESHED: 8.51 → 8.51 (not updated)
[2026-02-02 10:22:40]   [emp_id: 2361] REFRESHED: 74.18 → 74.18 (not updated)
[2026-02-02 10:22:40]   [emp_id: 2363] REFRESHED: 76.76 → 76.76 (not updated)
[2026-02-02 10:22:40]   [emp_id: 2364] REFRESHED: 76.18 → 76.18 (not updated)
[2026-02-02 10:22:40]   [emp_id: 2367] REFRESHED: 103.85 → 103.85 (not updated)
[2026-02-02 10:22:40]   [emp_id: 2368] REFRESHED: 34.26 → 34.26 (not updated)
[2026-02-02 10:22:40]   [emp_id: 2372] REFRESHED: 71.51 → 71.51 (not updated)
[2026-02-02 10:22:40]   [emp_id: 2376] REFRESHED: 121.51 → 121.51 (not updated)
[2026-02-02 10:22:40]   [emp_id: 2423] REFRESHED: 22.26 → 22.26 (not updated)
[2026-02-02 10:22:40]   [emp_id: 2519] REFRESHED: 115.93 → 115.93 (not updated)
[2026-02-02 10:22:40]   [emp_id: 2522] REFRESHED: 59.51 → 59.51 (not updated)
[2026-02-02 10:22:40]   [emp_id: 2530] REFRESHED: 54.76 → 54.76 (not updated)
[2026-02-02 10:22:40]   [emp_id: 2539] REFRESHED: 51.51 → 51.51 (not updated)
[2026-02-02 10:22:40]   [emp_id: 2541] REFRESHED: 32.1 → 32.1 (not updated)
[2026-02-02 10:22:40]   [emp_id: 2550] REFRESHED: 98.26 → 98.26 (not updated)
[2026-02-02 10:22:40]   [emp_id: 2553] REFRESHED: 35.37 → 35.37 (not updated)
[2026-02-02 10:22:40]   [emp_id: 2554] REFRESHED: 41.85 → 41.85 (not updated)
[2026-02-02 10:22:40]   [emp_id: 2565] REFRESHED: 96.43 → 96.43 (not updated)
[2026-02-02 10:22:40]   [emp_id: 2572] REFRESHED: 46.43 → 46.43 (not updated)
[2026-02-02 10:22:40]   [emp_id: 2637] REFRESHED: 67.01 → 67.01 (not updated)
[2026-02-02 10:22:40]   [emp_id: 2642] REFRESHED: 79.76 → 79.76 (not updated)
[2026-02-02 10:22:40]   [emp_id: 2645] REFRESHED: 95.76 → 95.76 (not updated)
[2026-02-02 10:22:40]   [emp_id: 2648] REFRESHED: 47.43 → 47.43 (not updated)
[2026-02-02 10:22:40]   [emp_id: 2654] REFRESHED: 90.1 → 90.1 (not updated)
[2026-02-02 10:22:40]   [emp_id: 2688] REFRESHED: 28.18 → 28.18 (not updated)
[2026-02-02 10:22:40]   [emp_id: 2690] REFRESHED: 16.93 → 16.93 (not updated)
[2026-02-02 10:22:40]   [emp_id: 2709] REFRESHED: 39.18 → 39.18 (not updated)
[2026-02-02 10:22:40]   [emp_id: 2745] REFRESHED: 35.76 → 35.76 (not updated)
[2026-02-02 10:22:40]   [emp_id: 2843] REFRESHED: 82.35 → 82.35 (not updated)
[2026-02-02 10:22:40]   [emp_id: 2854] REFRESHED: 62.26 → 62.26 (not updated)
[2026-02-02 10:22:40]   [emp_id: 2869] REFRESHED: 6.18 → 6.18 (not updated)
[2026-02-02 10:22:40]   [emp_id: 2876] REFRESHED: 37.01 → 37.01 (not updated)
[2026-02-02 10:22:40]   [emp_id: 2924] REFRESHED: 18.18 → 18.18 (not updated)
[2026-02-02 10:22:40]   [emp_id: 2953] REFRESHED: 103.93 → 103.93 (not updated)
[2026-02-02 10:22:40]   [emp_id: 2961] REFRESHED: 13.93 → 13.93 (not updated)
[2026-02-02 10:22:40]   [emp_id: 2975] REFRESHED: 3.61 → 3.61 (not updated)
[2026-02-02 10:22:40]   [emp_id: 3013] REFRESHED: 12.93 → 12.93 (not updated)
[2026-02-02 10:22:40]   [emp_id: 3014] REFRESHED: 92.18 → 92.18 (not updated)
[2026-02-02 10:22:40]   [emp_id: 3015] REFRESHED: 3.43 → 3.43 (not updated)
[2026-02-02 10:22:40]   [emp_id: 3018] REFRESHED: 62.18 → 62.18 (not updated)
[2026-02-02 10:22:40]   [emp_id: 3025] REFRESHED: 25.95 → 25.95 (not updated)
[2026-02-02 10:22:40]   [emp_id: 3037] REFRESHED: 85.68 → 85.68 (not updated)
[2026-02-02 10:22:40]   [emp_id: 3047] REFRESHED: 73.93 → 73.93 (not updated)
[2026-02-02 10:22:40]   [emp_id: 3061] REFRESHED: 20.85 → 20.85 (not updated)
[2026-02-02 10:22:40]   [emp_id: 3062] REFRESHED: 54.01 → 54.01 (not updated)
[2026-02-02 10:22:40]   [emp_id: 3074] REFRESHED: 110.43 → 110.43 (not updated)
[2026-02-02 10:22:40]   [emp_id: 3089] REFRESHED: 9.35 → 9.35 (not updated)
[2026-02-02 10:22:40]   [emp_id: 3090] REFRESHED: 35.93 → 35.93 (not updated)
[2026-02-02 10:22:40]   [emp_id: 3091] REFRESHED: 47.93 → 47.93 (not updated)
[2026-02-02 10:22:40]   [emp_id: 3092] REFRESHED: 30.6 → 30.6 (not updated)
[2026-02-02 10:22:40]   [emp_id: 3105] REFRESHED: 50.93 → 50.93 (not updated)
[2026-02-02 10:22:40]   [emp_id: 3134] REFRESHED: 46.68 → 46.68 (not updated)
[2026-02-02 10:22:40]   [emp_id: 3140] REFRESHED: 43.76 → 43.76 (not updated)
[2026-02-02 10:22:40]   [emp_id: 3144] REFRESHED: 16.6 → 16.6 (not updated)
[2026-02-02 10:22:40]   [emp_id: 3156] REFRESHED: 19.93 → 19.93 (not updated)
[2026-02-02 10:22:40]   [emp_id: 3162] REFRESHED: 4.91 → 4.91 (not updated)
[2026-02-02 10:22:40]   [emp_id: 3163] REFRESHED: 8.18 → 8.18 (not updated)
[2026-02-02 10:22:40]   [emp_id: 3198] REFRESHED: 43.18 → 43.18 (not updated)
[2026-02-02 10:22:40]   [emp_id: 3205] REFRESHED: 19.85 → 19.85 (not updated)
[2026-02-02 10:22:40]   [emp_id: 3209] REFRESHED: 44.01 → 44.01 (not updated)
[2026-02-02 10:22:40]   [emp_id: 3223] REFRESHED: 92.93 → 92.93 (not updated)
[2026-02-02 10:22:40]   [emp_id: 3224] REFRESHED: 67.68 → 67.68 (not updated)
[2026-02-02 10:22:40]   [emp_id: 3230] REFRESHED: 91.1 → 91.1 (not updated)
[2026-02-02 10:22:40]   [emp_id: 3231] REFRESHED: 3.47 → 3.47 (not updated)
[2026-02-02 10:22:40]   [emp_id: 3233] REFRESHED: 83.93 → 83.93 (not updated)
[2026-02-02 10:22:40]   [emp_id: 3249] REFRESHED: 39.76 → 39.76 (not updated)
[2026-02-02 10:22:40]   [emp_id: 3250] REFRESHED: 12.76 → 12.76 (not updated)
[2026-02-02 10:22:40]   [emp_id: 3252] REFRESHED: 13.68 → 13.68 (not updated)
[2026-02-02 10:22:40]   [emp_id: 3254] REFRESHED: 24.18 → 24.18 (not updated)
[2026-02-02 10:22:40]   [emp_id: 3255] REFRESHED: 20.6 → 20.6 (not updated)
[2026-02-02 10:22:40]   [emp_id: 3256] REFRESHED: 16.85 → 16.85 (not updated)
[2026-02-02 10:22:40]   [emp_id: 3263] REFRESHED: 32.93 → 32.93 (not updated)
[2026-02-02 10:22:40]   [emp_id: 3265] REFRESHED: 28.51 → 28.51 (not updated)
[2026-02-02 10:22:40]   [emp_id: 3280] REFRESHED: 75.43 → 75.43 (not updated)
[2026-02-02 10:22:40]   [emp_id: 3286] REFRESHED: 18.6 → 18.6 (not updated)
[2026-02-02 10:22:40]   [emp_id: 3294] REFRESHED: 18.26 → 18.26 (not updated)
[2026-02-02 10:22:40]   [emp_id: 3321] REFRESHED: 75.43 → 75.43 (not updated)
[2026-02-02 10:22:40]   [emp_id: 3325] REFRESHED: 63.18 → 63.18 (not updated)
[2026-02-02 10:22:40]   [emp_id: 3329] REFRESHED: 65.51 → 65.51 (not updated)
[2026-02-02 10:22:40]   [emp_id: 3330] REFRESHED: 65.51 → 65.51 (not updated)
[2026-02-02 10:22:40]   [emp_id: 3332] REFRESHED: 65.51 → 65.51 (not updated)
[2026-02-02 10:22:40]   [emp_id: 3370] REFRESHED: 57.02 → 57.02 (not updated)
[2026-02-02 10:22:40]   [emp_id: 3384] REFRESHED: 17.68 → 17.68 (not updated)
[2026-02-02 10:22:40]   [emp_id: 3386] REFRESHED: 47.68 → 47.68 (not updated)
[2026-02-02 10:22:40]   [emp_id: 3431] REFRESHED: 22.1 → 22.1 (not updated)
[2026-02-02 10:22:40]   [emp_id: 3497] REFRESHED: 12.26 → 12.26 (not updated)
[2026-02-02 10:22:40]   [emp_id: 3532] REFRESHED: 3.1 → 3.1 (not updated)
[2026-02-02 10:22:40]   [emp_id: 3602] REFRESHED: 4.67 → 4.67 (not updated)
[2026-02-02 10:22:40]   [emp_id: 3618] REFRESHED: 26.65 → 26.65 (not updated)
[2026-02-02 10:22:40]   [emp_id: 3622] REFRESHED: 36.81 → 36.81 (not updated)
[2026-02-02 10:22:40]   [emp_id: 3627] REFRESHED: 12.6 → 12.6 (not updated)
[2026-02-02 10:22:40]   [emp_id: 3665] REFRESHED: 54.18 → 54.18 (not updated)
[2026-02-02 10:22:40]   [emp_id: 3705] REFRESHED: 30.14 → 30.14 (not updated)
[2026-02-02 10:22:40]   [emp_id: 3724] REFRESHED: 47.18 → 47.18 (not updated)
[2026-02-02 10:22:40]   [emp_id: 3726] REFRESHED: 63.6 → 63.6 (not updated)
[2026-02-02 10:22:40]   [emp_id: 3727] REFRESHED: 68.68 → 68.68 (not updated)
[2026-02-02 10:22:40]   [emp_id: 3728] REFRESHED: 13.01 → 13.01 (not updated)
[2026-02-02 10:22:40]   [emp_id: 3767] REFRESHED: 3.76 → 3.76 (not updated)
[2026-02-02 10:22:40]   [emp_id: 3768] REFRESHED: 60.01 → 60.01 (not updated)
[2026-02-02 10:22:40]   [emp_id: 3787] REFRESHED: 60.6 → 60.6 (not updated)
[2026-02-02 10:22:40]   [emp_id: 3790] REFRESHED: 5.15 → 5.15 (not updated)
[2026-02-02 10:22:40]   [emp_id: 3795] REFRESHED: 18.1 → 18.1 (not updated)
[2026-02-02 10:22:40]   [emp_id: 3798] REFRESHED: 96.51 → 96.51 (not updated)
[2026-02-02 10:22:40]   [emp_id: 3801] REFRESHED: 4.78 → 4.78 (not updated)
[2026-02-02 10:22:40]   [emp_id: 3802] REFRESHED: 33.76 → 33.76 (not updated)
[2026-02-02 10:22:40]   [emp_id: 3803] REFRESHED: 118.18 → 118.18 (not updated)
[2026-02-02 10:22:40]   [emp_id: 3810] REFRESHED: 64.18 → 64.18 (not updated)
[2026-02-02 10:22:40]   [emp_id: 3812] REFRESHED: 93.18 → 93.18 (not updated)
[2026-02-02 10:22:40]   [emp_id: 3815] REFRESHED: 93.18 → 93.18 (not updated)
[2026-02-02 10:22:40]   [emp_id: 3836] REFRESHED: 60.85 → 60.85 (not updated)
[2026-02-02 10:22:40]   [emp_id: 3855] REFRESHED: 54.01 → 54.01 (not updated)
[2026-02-02 10:22:40]   [emp_id: 3857] REFRESHED: 57.68 → 57.68 (not updated)
[2026-02-02 10:22:40]   [emp_id: 3862] REFRESHED: 105.76 → 105.76 (not updated)
[2026-02-02 10:22:40]   [emp_id: 3866] REFRESHED: 31.01 → 31.01 (not updated)
[2026-02-02 10:22:40]   [emp_id: 3876] REFRESHED: 27.18 → 27.18 (not updated)
[2026-02-02 10:22:40]   [emp_id: 3877] REFRESHED: 52.68 → 52.68 (not updated)
[2026-02-02 10:22:40]   [emp_id: 3897] REFRESHED: 40.93 → 40.93 (not updated)
[2026-02-02 10:22:40]   [emp_id: 3899] REFRESHED: 2.75 → 2.75 (not updated)
[2026-02-02 10:22:40]   [emp_id: 3928] REFRESHED: 17.01 → 17.01 (not updated)
[2026-02-02 10:22:40]   [emp_id: 3929] REFRESHED: 12.01 → 12.01 (not updated)
[2026-02-02 10:22:40]   [emp_id: 3935] REFRESHED: 97.01 → 97.01 (not updated)
[2026-02-02 10:22:40]   [emp_id: 3952] REFRESHED: 78.35 → 78.35 (not updated)
[2026-02-02 10:22:40]   [emp_id: 3987] REFRESHED: 17.26 → 17.26 (not updated)
[2026-02-02 10:22:40]   [emp_id: 4059] REFRESHED: 6.46 → 6.46 (not updated)
[2026-02-02 10:22:40]   [emp_id: 4119] REFRESHED: 59.93 → 59.93 (not updated)
[2026-02-02 10:22:40]   [emp_id: 4120] REFRESHED: 29.51 → 29.51 (not updated)
[2026-02-02 10:22:40]   [emp_id: 4124] REFRESHED: 30.03 → 30.03 (not updated)
[2026-02-02 10:22:40]   [emp_id: 4133] REFRESHED: 108.51 → 108.51 (not updated)
[2026-02-02 10:22:40]   [emp_id: 4134] REFRESHED: 29.51 → 29.51 (not updated)
[2026-02-02 10:22:40]   [emp_id: 4136] REFRESHED: 29.51 → 29.51 (not updated)
[2026-02-02 10:22:40]   [emp_id: 4150] REFRESHED: 28.18 → 28.18 (not updated)
[2026-02-02 10:22:40]   [emp_id: 4157] REFRESHED: 21.68 → 21.68 (not updated)
[2026-02-02 10:22:40]   [emp_id: 4172] REFRESHED: 14.72 → 14.72 (not updated)
[2026-02-02 10:22:40]   [emp_id: 4195] REFRESHED: 65.26 → 65.26 (not updated)
[2026-02-02 10:22:40]   [emp_id: 4215] REFRESHED: 47.93 → 47.93 (not updated)
[2026-02-02 10:22:40]   [emp_id: 4220] REFRESHED: 43.51 → 43.51 (not updated)
[2026-02-02 10:22:40]   [emp_id: 4273] REFRESHED: 12.18 → 12.18 (not updated)
[2026-02-02 10:22:40]   [emp_id: 4283] REFRESHED: 15.81 → 15.81 (not updated)
[2026-02-02 10:22:40]   [emp_id: 4288] REFRESHED: 2.75 → 2.75 (not updated)
[2026-02-02 10:22:40]   [emp_id: 4315] REFRESHED: 15.43 → 15.43 (not updated)
[2026-02-02 10:22:40]   [emp_id: 4328] REFRESHED: 44.64 → 44.64 (not updated)
[2026-02-02 10:22:40]   [emp_id: 4329] REFRESHED: 8.6 → 8.6 (not updated)
[2026-02-02 10:22:40]   [emp_id: 4338] REFRESHED: 50.18 → 50.18 (not updated)
[2026-02-02 10:22:40]   [emp_id: 4340] REFRESHED: 112.18 → 112.18 (not updated)
[2026-02-02 10:22:40]   [emp_id: 4365] REFRESHED: 63.6 → 63.6 (not updated)
[2026-02-02 10:22:40]   [emp_id: 4366] REFRESHED: 62.68 → 62.68 (not updated)
[2026-02-02 10:22:40]   [emp_id: 4403] REFRESHED: 88.51 → 88.51 (not updated)
[2026-02-02 10:22:40]   [emp_id: 4438] REFRESHED: 24.18 → 24.18 (not updated)
[2026-02-02 10:22:40]   [emp_id: 4465] REFRESHED: 14.97 → 14.97 (not updated)
[2026-02-02 10:22:40]   [emp_id: 4473] REFRESHED: 47.76 → 47.76 (not updated)
[2026-02-02 10:22:40]   [emp_id: 4474] REFRESHED: 5.48 → 5.48 (not updated)
[2026-02-02 10:22:40]   [emp_id: 4493] REFRESHED: 166.6 → 166.6 (not updated)
[2026-02-02 10:22:40]   [emp_id: 4526] REFRESHED: 38.85 → 38.85 (not updated)
[2026-02-02 10:22:40]   [emp_id: 4528] REFRESHED: 110.6 → 110.6 (not updated)
[2026-02-02 10:22:40]   [emp_id: 4528] REFRESHED: 110.6 → 110.6 (not updated)
[2026-02-02 10:22:40]   [emp_id: 4532] REFRESHED: 10.09 → 10.09 (not updated)
[2026-02-02 10:22:40]   [emp_id: 4533] REFRESHED: 39.01 → 39.01 (not updated)
[2026-02-02 10:22:40]   [emp_id: 4565] REFRESHED: 17.47 → 17.47 (not updated)
[2026-02-02 10:22:40]   [emp_id: 4567] REFRESHED: 21.72 → 21.72 (not updated)
[2026-02-02 10:22:40]   [emp_id: 4572] REFRESHED: 61.22 → 61.22 (not updated)
[2026-02-02 10:22:40]   [emp_id: 4631] REFRESHED: 17.47 → 17.47 (not updated)
[2026-02-02 10:22:40]   [emp_id: 4655] REFRESHED: 27.93 → 27.93 (not updated)
[2026-02-02 10:22:40]   [emp_id: 4709] REFRESHED: 43.18 → 43.18 (not updated)
[2026-02-02 10:22:40]   [emp_id: 4717] REFRESHED: 69.18 → 69.18 (not updated)
[2026-02-02 10:22:40]   [emp_id: 4736] REFRESHED: 31.01 → 31.01 (not updated)
[2026-02-02 10:22:40]   [emp_id: 4756] REFRESHED: 13.91 → 13.91 (not updated)
[2026-02-02 10:22:40]   [emp_id: 4768] REFRESHED: 16.68 → 16.68 (not updated)
[2026-02-02 10:22:40]   [emp_id: 4780] REFRESHED: 67.64 → 67.64 (not updated)
[2026-02-02 10:22:40]   [emp_id: 4820] REFRESHED: 102.01 → 102.01 (not updated)
[2026-02-02 10:22:40]   [emp_id: 4824] REFRESHED: 5.19 → 5.19 (not updated)
[2026-02-02 10:22:40]   [emp_id: 4825] REFRESHED: 33.76 → 33.76 (not updated)
[2026-02-02 10:22:40]   [emp_id: 4837] REFRESHED: 47.63 → 47.63 (not updated)
[2026-02-02 10:22:40]   [emp_id: 4840] REFRESHED: 47.63 → 47.63 (not updated)
[2026-02-02 10:22:40]   [emp_id: 4842] REFRESHED: 46.87 → 46.87 (not updated)
[2026-02-02 10:22:40]   [emp_id: 4843] REFRESHED: 47.4 → 47.4 (not updated)
[2026-02-02 10:22:40]   [emp_id: 4853] REFRESHED: 91.22 → 91.22 (not updated)
[2026-02-02 10:22:40]   [emp_id: 4856] REFRESHED: 44.54 → 44.54 (not updated)
[2026-02-02 10:22:40]   [emp_id: 4857] REFRESHED: 27.36 → 27.36 (not updated)
[2026-02-02 10:22:40]   [emp_id: 4858] REFRESHED: 24.24 → 24.24 (not updated)
[2026-02-02 10:22:40]   [emp_id: 4859] REFRESHED: 45.71 → 45.71 (not updated)
[2026-02-02 10:22:40]   [emp_id: 4860] REFRESHED: 10.21 → 10.21 (not updated)
[2026-02-02 10:22:40]   [emp_id: 4861] REFRESHED: 43.67 → 43.67 (not updated)
[2026-02-02 10:22:40]   [emp_id: 4869] REFRESHED: 86.55 → 86.55 (not updated)
[2026-02-02 10:22:40]   [emp_id: 4894] REFRESHED: 10.68 → 10.68 (not updated)
[2026-02-02 10:22:40]   [emp_id: 4897] REFRESHED: 25.45 → 25.45 (not updated)
[2026-02-02 10:22:40]   [emp_id: 4899] REFRESHED: 21.62 → 21.62 (not updated)
[2026-02-02 10:22:40]   [emp_id: 4902] REFRESHED: 21.04 → 21.04 (not updated)
[2026-02-02 10:22:40]   [emp_id: 4903] REFRESHED: 23.26 → 23.26 (not updated)
[2026-02-02 10:22:40]   [emp_id: 4905] REFRESHED: 21.92 → 21.92 (not updated)
[2026-02-02 10:22:40]   [emp_id: 4907] REFRESHED: 50.76 → 50.76 (not updated)
[2026-02-02 10:22:40]   [emp_id: 4917] REFRESHED: 18.88 → 18.88 (not updated)
[2026-02-02 10:22:40]   [emp_id: 4918] REFRESHED: 8.65 → 8.65 (not updated)
[2026-02-02 10:22:40]   [emp_id: 4919] REFRESHED: 60.94 → 60.94 (not updated)
[2026-02-02 10:22:40]   [emp_id: 4920] REFRESHED: 8.02 → 8.02 (not updated)
[2026-02-02 10:22:40]   [emp_id: 4921] REFRESHED: 20.11 → 20.11 (not updated)
[2026-02-02 10:22:40]   [emp_id: 4927] REFRESHED: 18.94 → 18.94 (not updated)
[2026-02-02 10:22:40]   [emp_id: 4929] REFRESHED: 20.46 → 20.46 (not updated)
[2026-02-02 10:22:40]   [emp_id: 4930] REFRESHED: 61.23 → 61.23 (not updated)
[2026-02-02 10:22:40]   [emp_id: 4932] REFRESHED: 19.23 → 19.23 (not updated)
[2026-02-02 10:22:40]   [emp_id: 4933] REFRESHED: 22.64 → 22.64 (not updated)
[2026-02-02 10:22:40]   [emp_id: 4949] REFRESHED: 26.07 → 26.07 (not updated)
[2026-02-02 10:22:40]   [emp_id: 4956] REFRESHED: 31.66 → 31.66 (not updated)
[2026-02-02 10:22:40]   [emp_id: 4957] REFRESHED: 27.33 → 27.33 (not updated)
[2026-02-02 10:22:40]   [emp_id: 4962] REFRESHED: 50.12 → 50.12 (not updated)
[2026-02-02 10:22:40]   [emp_id: 4969] REFRESHED: 49.43 → 49.43 (not updated)
[2026-02-02 10:22:40]   [emp_id: 4976] REFRESHED: 12.35 → 12.35 (not updated)
[2026-02-02 10:22:40]   [emp_id: 4984] REFRESHED: 40.68 → 40.68 (not updated)
[2026-02-02 10:22:40]   [emp_id: 4995] REFRESHED: 52.75 → 52.75 (not updated)
[2026-02-02 10:22:40]   [emp_id: 5004] REFRESHED: 29.29 → 29.29 (not updated)
[2026-02-02 10:22:40]   [emp_id: 5006] REFRESHED: 29.03 → 29.03 (not updated)
[2026-02-02 10:22:40]   [emp_id: 5011] REFRESHED: 8.53 → 8.53 (not updated)
[2026-02-02 10:22:40]   [emp_id: 5013] REFRESHED: 69.4 → 69.4 (not updated)
[2026-02-02 10:22:40]   [emp_id: 5018] REFRESHED: 5.89 → 5.89 (not updated)
[2026-02-02 10:22:40]   [emp_id: 5021] REFRESHED: 63.78 → 63.78 (not updated)
[2026-02-02 10:22:40]   [emp_id: 5024] REFRESHED: 3.91 → 3.91 (not updated)
[2026-02-02 10:22:40]   [emp_id: 5030] REFRESHED: 33.86 → 33.86 (not updated)
[2026-02-02 10:22:40]   [emp_id: 5033] REFRESHED: 12.66 → 12.66 (not updated)
[2026-02-02 10:22:40]   [emp_id: 5043] REFRESHED: 33.35 → 33.35 (not updated)
[2026-02-02 10:22:40]   [emp_id: 5045] REFRESHED: 29.85 → 29.85 (not updated)
[2026-02-02 10:22:40]   [emp_id: 5046] REFRESHED: 25.04 → 25.04 (not updated)
[2026-02-02 10:22:40]   [emp_id: 5049] REFRESHED: 1.34 → 1.34 (not updated)
[2026-02-02 10:22:40]   [emp_id: 5052] REFRESHED: 32.62 → 32.62 (not updated)
[2026-02-02 10:22:40]   [emp_id: 5055] REFRESHED: 21.06 → 21.06 (not updated)
[2026-02-02 10:22:40]   [emp_id: 5058] REFRESHED: 30.04 → 30.04 (not updated)
[2026-02-02 10:22:40]   [emp_id: 5062] REFRESHED: 41.87 → 41.87 (not updated)
[2026-02-02 10:22:40]   [emp_id: 5064] REFRESHED: 120.68 → 120.68 (not updated)
[2026-02-02 10:22:40]   [emp_id: 5065] REFRESHED: 41.28 → 41.28 (not updated)
[2026-02-02 10:22:40]   [emp_id: 5071] REFRESHED: 26.18 → 26.18 (not updated)
[2026-02-02 10:22:40]   [emp_id: 5073] REFRESHED: 15.88 → 15.88 (not updated)
[2026-02-02 10:22:40]   [emp_id: 5079] REFRESHED: 36.44 → 36.44 (not updated)
[2026-02-02 10:22:40]   [emp_id: 5080] REFRESHED: 29.77 → 29.77 (not updated)
[2026-02-02 10:22:40]   [emp_id: 5081] REFRESHED: 18.03 → 18.03 (not updated)
[2026-02-02 10:22:40]   [emp_id: 5087] REFRESHED: 38.07 → 38.07 (not updated)
[2026-02-02 10:22:40]   [emp_id: 5091] REFRESHED: 77.92 → 77.92 (not updated)
[2026-02-02 10:22:40]   [emp_id: 5093] REFRESHED: 17.35 → 17.35 (not updated)
[2026-02-02 10:22:40]   [emp_id: 5095] REFRESHED: 3.46 → 3.46 (not updated)
[2026-02-02 10:22:40]   [emp_id: 5101] REFRESHED: 19.43 → 19.43 (not updated)
[2026-02-02 10:22:40]   [emp_id: 5107] REFRESHED: 17.76 → 17.76 (not updated)
[2026-02-02 10:22:40]   [emp_id: 5109] REFRESHED: 15.01 → 15.01 (not updated)
[2026-02-02 10:22:40]   [emp_id: 5119] REFRESHED: 13.18 → 13.18 (not updated)
[2026-02-02 10:22:40]   [emp_id: 5122] REFRESHED: 10.35 → 10.35 (not updated)
[2026-02-02 10:22:40]   [emp_id: 5126] REFRESHED: 28.8 → 28.8 (not updated)
[2026-02-02 10:22:40]   [emp_id: 5127] REFRESHED: 1.53 → 1.53 (not updated)
[2026-02-02 10:22:40]   [emp_id: 5128] REFRESHED: 28.74 → 28.74 (not updated)
[2026-02-02 10:22:40]   [emp_id: 5138] REFRESHED: 53.01 → 53.01 (not updated)
[2026-02-02 10:22:40]   [emp_id: 5138] REFRESHED: 53.01 → 53.01 (not updated)
[2026-02-02 10:22:40]   [emp_id: 5141] REFRESHED: 37.11 → 37.11 (not updated)
[2026-02-02 10:22:40]   [emp_id: 5142] REFRESHED: 16.11 → 16.11 (not updated)
[2026-02-02 10:22:40]   [emp_id: 5146] REFRESHED: 23.11 → 23.11 (not updated)
[2026-02-02 10:22:40]   [emp_id: 5147] REFRESHED: 22.11 → 22.11 (not updated)
[2026-02-02 10:22:40]   [emp_id: 5148] REFRESHED: 27.46 → 27.46 (not updated)
[2026-02-02 10:22:40]   [emp_id: 5149] REFRESHED: 26.35 → 26.35 (not updated)
[2026-02-02 10:22:40]   [emp_id: 5150] REFRESHED: 25.71 → 25.71 (not updated)
[2026-02-02 10:22:40]   [emp_id: 5151] REFRESHED: 25.53 → 25.53 (not updated)
[2026-02-02 10:22:40]   [emp_id: 5152] REFRESHED: 5.95 → 5.95 (not updated)
[2026-02-02 10:22:40]   [emp_id: 5157] REFRESHED: 25.53 → 25.53 (not updated)
[2026-02-02 10:22:40]   [emp_id: 5160] REFRESHED: 25.53 → 25.53 (not updated)
[2026-02-02 10:22:40]   [emp_id: 5163] REFRESHED: 23.32 → 23.32 (not updated)
[2026-02-02 10:22:40]   [emp_id: 5165] REFRESHED: 4.45 → 4.45 (not updated)
[2026-02-02 10:22:40]   [emp_id: 5167] REFRESHED: 32.47 → 32.47 (not updated)
[2026-02-02 10:22:40]   [emp_id: 5168] REFRESHED: 25.01 → 25.01 (not updated)
[2026-02-02 10:22:40]   [emp_id: 5173] REFRESHED: 28.1 → 28.1 (not updated)
[2026-02-02 10:22:40]   [emp_id: 5174] REFRESHED: 25.47 → 25.47 (not updated)
[2026-02-02 10:22:40]   [emp_id: 5181] REFRESHED: 21.86 → 21.86 (not updated)
[2026-02-02 10:22:40]   [emp_id: 5186] REFRESHED: 27.39 → 27.39 (not updated)
[2026-02-02 10:22:40]   [emp_id: 5187] REFRESHED: 38.39 → 38.39 (not updated)
[2026-02-02 10:22:40]   [emp_id: 5204] REFRESHED: 25.6 → 25.6 (not updated)
[2026-02-02 10:22:40]   [emp_id: 5205] REFRESHED: 14.6 → 14.6 (not updated)
[2026-02-02 10:22:40]   [emp_id: 5209] REFRESHED: 17.6 → 17.6 (not updated)
[2026-02-02 10:22:40]   [emp_id: 5213] REFRESHED: 5.01 → 5.01 (not updated)
[2026-02-02 10:22:40]   [emp_id: 5214] REFRESHED: 3.85 → 3.85 (not updated)
[2026-02-02 10:22:40]   [emp_id: 5215] REFRESHED: 12.6 → 12.6 (not updated)
[2026-02-02 10:22:40]   [emp_id: 5217] REFRESHED: 11.6 → 11.6 (not updated)
[2026-02-02 10:22:40]   [emp_id: 5219] REFRESHED: 15.6 → 15.6 (not updated)
[2026-02-02 10:22:40]   [emp_id: 5221] REFRESHED: 4.91 → 4.91 (not updated)
[2026-02-02 10:22:40]   [emp_id: 5224] REFRESHED: 16.6 → 16.6 (not updated)
[2026-02-02 10:22:40]   [emp_id: 5225] REFRESHED: 8.91 → 8.91 (not updated)
[2026-02-02 10:22:40]   [emp_id: 5228] REFRESHED: 11.6 → 11.6 (not updated)
[2026-02-02 10:22:40]   [emp_id: 5229] REFRESHED: 7.6 → 7.6 (not updated)
[2026-02-02 10:22:40]   [emp_id: 5230] REFRESHED: 12.27 → 12.27 (not updated)
[2026-02-02 10:22:40]   [emp_id: 5231] REFRESHED: 8.6 → 8.6 (not updated)
[2026-02-02 10:22:40]   [emp_id: 5232] REFRESHED: 2.6 → 2.6 (not updated)
[2026-02-02 10:22:40]   [emp_id: 5233] REFRESHED: 6.6 → 6.6 (not updated)
[2026-02-02 10:22:40]   [emp_id: 5234] REFRESHED: 6.6 → 6.6 (not updated)
[2026-02-02 10:22:40]   [emp_id: 5235] REFRESHED: 2.04 → 2.04 (not updated)
[2026-02-02 10:22:40]   [emp_id: 5237] REFRESHED: 12.85 → 12.85 (not updated)
[2026-02-02 10:22:40]   [emp_id: 5239] REFRESHED: 9.6 → 9.6 (not updated)
[2026-02-02 10:22:40]   [emp_id: 5241] REFRESHED: 7.6 → 7.6 (not updated)
[2026-02-02 10:22:40]   [emp_id: 5242] REFRESHED: 17.6 → 17.6 (not updated)
[2026-02-02 10:22:40]   [emp_id: 5243] REFRESHED: 4.01 → 4.01 (not updated)
[2026-02-02 10:22:40]   [emp_id: 5244] REFRESHED: 2.04 → 2.04 (not updated)
[2026-02-02 10:22:40]   [emp_id: 5246] REFRESHED: 13.6 → 13.6 (not updated)
[2026-02-02 10:22:40]   [emp_id: 5253] REFRESHED: 26.47 → 26.47 (not updated)
[2026-02-02 10:22:40]   [emp_id: 5254] REFRESHED: 14.45 → 14.45 (not updated)
[2026-02-02 10:22:40]   [emp_id: 5257] REFRESHED: 14.16 → 14.16 (not updated)
[2026-02-02 10:22:40]   [emp_id: 5259] REFRESHED: 50.69 → 50.69 (not updated)
[2026-02-02 10:22:40]   [emp_id: 5261] REFRESHED: 19.2 → 19.2 (not updated)
[2026-02-02 10:22:40]   [emp_id: 5264] REFRESHED: 16.17 → 16.17 (not updated)
[2026-02-02 10:22:40]   [emp_id: 5266] REFRESHED: 22.79 → 22.79 (not updated)
[2026-02-02 10:22:40]   [emp_id: 5268] REFRESHED: 11.36 → 11.36 (not updated)
[2026-02-02 10:22:40]   [emp_id: 5271] REFRESHED: 10.02 → 10.02 (not updated)
[2026-02-02 10:22:40]   [emp_id: 5272] REFRESHED: 10.89 → 10.89 (not updated)
[2026-02-02 10:22:40]   [emp_id: 5273] REFRESHED: 25.96 → 25.96 (not updated)
[2026-02-02 10:22:40]   [emp_id: 5275] REFRESHED: 11.71 → 11.71 (not updated)
[2026-02-02 10:22:40]   [emp_id: 5276] REFRESHED: 25.98 → 25.98 (not updated)
[2026-02-02 10:22:40]   [emp_id: 5278] REFRESHED: 10.37 → 10.37 (not updated)
[2026-02-02 10:22:40]   [emp_id: 5280] REFRESHED: 20.77 → 20.77 (not updated)
[2026-02-02 10:22:40]   [emp_id: 5282] REFRESHED: 14.68 → 14.68 (not updated)
[2026-02-02 10:22:40]   [emp_id: 5285] REFRESHED: 30.77 → 30.77 (not updated)
[2026-02-02 10:22:40]   [emp_id: 5286] REFRESHED: 17.77 → 17.77 (not updated)
[2026-02-02 10:22:40]   [emp_id: 5287] REFRESHED: 52.07 → 52.07 (not updated)
[2026-02-02 10:22:40]   [emp_id: 5288] REFRESHED: 9.34 → 9.34 (not updated)
[2026-02-02 10:22:40]   [emp_id: 5289] REFRESHED: 50.62 → 50.62 (not updated)
[2026-02-02 10:22:40]   [emp_id: 5290] REFRESHED: 49.39 → 49.39 (not updated)
[2026-02-02 10:22:40]   [emp_id: 5291] REFRESHED: 7.39 → 7.39 (not updated)
[2026-02-02 10:22:40]   [emp_id: 5292] REFRESHED: 7.33 → 7.33 (not updated)
[2026-02-02 10:22:40]   [emp_id: 5293] REFRESHED: 10.94 → 10.94 (not updated)
[2026-02-02 10:22:40]   [emp_id: 5294] REFRESHED: 10.6 → 10.6 (not updated)
[2026-02-02 10:22:40]   [emp_id: 5295] REFRESHED: 23.57 → 23.57 (not updated)
[2026-02-02 10:22:40]   [emp_id: 5296] REFRESHED: 37.62 → 37.62 (not updated)
[2026-02-02 10:22:40]   [emp_id: 5297] REFRESHED: 47.99 → 47.99 (not updated)
[2026-02-02 10:22:40]   [emp_id: 5298] REFRESHED: 47.99 → 47.99 (not updated)
[2026-02-02 10:22:40]   [emp_id: 5299] REFRESHED: 47.99 → 47.99 (not updated)
[2026-02-02 10:22:40]   [emp_id: 5300] REFRESHED: 47.99 → 47.99 (not updated)
[2026-02-02 10:22:40]   [emp_id: 5301] REFRESHED: 5.81 → 5.81 (not updated)
[2026-02-02 10:22:40]   [emp_id: 5303] REFRESHED: 6.24 → 6.24 (not updated)
[2026-02-02 10:22:40]   [emp_id: 5304] REFRESHED: 2.99 → 2.99 (not updated)
[2026-02-02 10:22:40]   [emp_id: 5305] REFRESHED: 5.99 → 5.99 (not updated)
[2026-02-02 10:22:40]   [emp_id: 5306] REFRESHED: 47.7 → 47.7 (not updated)
[2026-02-02 10:22:40]   [emp_id: 5307] REFRESHED: 47.7 → 47.7 (not updated)
[2026-02-02 10:22:40]   [emp_id: 5312] REFRESHED: 2.04 → 2.04 (not updated)
[2026-02-02 10:22:40]   [emp_id: 5318] REFRESHED: 28.41 → 28.41 (not updated)
[2026-02-02 10:22:40]   [emp_id: 5325] REFRESHED: 2.37 → 2.37 (not updated)
[2026-02-02 10:22:40]   [emp_id: 5327] REFRESHED: 3.46 → 3.46 (not updated)
[2026-02-02 10:22:40]   [emp_id: 5337] REFRESHED: 38.51 → 38.51 (not updated)
[2026-02-02 10:22:40]   [emp_id: 5339] REFRESHED: 12.56 → 12.56 (not updated)
[2026-02-02 10:22:40]   [emp_id: 5343] REFRESHED: 48.51 → 48.51 (not updated)
[2026-02-02 10:22:40]   [emp_id: 5343] REFRESHED: 48.43 → 48.43 (not updated)
[2026-02-02 10:22:40]   [emp_id: 5345] REFRESHED: 18.26 → 18.26 (not updated)
[2026-02-02 10:22:40]   [emp_id: 5346] REFRESHED: 4.28 → 4.28 (not updated)
[2026-02-02 10:22:41]   [emp_id: 5351] REFRESHED: 19.22 → 19.22 (not updated)
[2026-02-02 10:22:41]   [emp_id: 5352] REFRESHED: 28.68 → 28.68 (not updated)
[2026-02-02 10:22:41]   [emp_id: 5370] REFRESHED: 17.87 → 17.87 (not updated)
[2026-02-02 10:22:41]   [emp_id: 5371] REFRESHED: 10.43 → 10.43 (not updated)
[2026-02-02 10:22:41]   [emp_id: 5376] REFRESHED: 12.47 → 12.47 (not updated)
[2026-02-02 10:22:41]   [emp_id: 5378] REFRESHED: 20.51 → 20.51 (not updated)
[2026-02-02 10:22:41]   [emp_id: 5380] REFRESHED: 18.88 → 18.88 (not updated)
[2026-02-02 10:22:41]   [emp_id: 5381] REFRESHED: 14.95 → 14.95 (not updated)
[2026-02-02 10:22:41]   [emp_id: 5383] REFRESHED: 18.26 → 18.26 (not updated)
[2026-02-02 10:22:41]   [emp_id: 5388] REFRESHED: 29.66 → 29.66 (not updated)
[2026-02-02 10:22:41]   [emp_id: 5396] REFRESHED: 30.9 → 30.9 (not updated)
[2026-02-02 10:22:41]   [emp_id: 5397] REFRESHED: 22.36 → 22.36 (not updated)
[2026-02-02 10:22:41]   [emp_id: 5401] REFRESHED: 25.47 → 25.47 (not updated)
[2026-02-02 10:22:41]   [emp_id: 5402] REFRESHED: 25.59 → 25.59 (not updated)
[2026-02-02 10:22:41]   [emp_id: 5406] REFRESHED: 19.31 → 19.31 (not updated)
[2026-02-02 10:22:41]   [emp_id: 5407] REFRESHED: 19.03 → 19.03 (not updated)
[2026-02-02 10:22:41]   [emp_id: 5409] REFRESHED: 18.65 → 18.65 (not updated)
[2026-02-02 10:22:41]   [emp_id: 5413] REFRESHED: 31.43 → 31.43 (not updated)
[2026-02-02 10:22:41]   [emp_id: 5414] REFRESHED: 31.1 → 31.1 (not updated)
[2026-02-02 10:22:41]   [emp_id: 5415] REFRESHED: 7.03 → 7.03 (not updated)
[2026-02-02 10:22:41]   [emp_id: 5418] REFRESHED: 17.71 → 17.71 (not updated)
[2026-02-02 10:22:41]   [emp_id: 5422] REFRESHED: 23.76 → 23.76 (not updated)
[2026-02-02 10:22:41]   [emp_id: 5423] REFRESHED: 8.45 → 8.45 (not updated)
[2026-02-02 10:22:41]   [emp_id: 5425] REFRESHED: 16.26 → 16.26 (not updated)
[2026-02-02 10:22:41]   [emp_id: 5426] REFRESHED: 5.08 → 5.08 (not updated)
[2026-02-02 10:22:41]   [emp_id: 5426] REFRESHED: 5 → 5 (not updated)
[2026-02-02 10:22:41]   [emp_id: 5427] REFRESHED: 16.37 → 16.37 (not updated)
[2026-02-02 10:22:41]   [emp_id: 5428] REFRESHED: 16.26 → 16.26 (not updated)
[2026-02-02 10:22:41]   [emp_id: 5430] REFRESHED: 20.82 → 20.82 (not updated)
[2026-02-02 10:22:41]   [emp_id: 5431] REFRESHED: 15.38 → 15.38 (not updated)
[2026-02-02 10:22:41]   [emp_id: 5433] REFRESHED: 15.4 → 15.4 (not updated)
[2026-02-02 10:22:41]   [emp_id: 5434] REFRESHED: 15.15 → 15.15 (not updated)
[2026-02-02 10:22:41]   [emp_id: 5435] REFRESHED: 15.09 → 15.09 (not updated)
[2026-02-02 10:22:41]   [emp_id: 5436] REFRESHED: 15.09 → 15.09 (not updated)
[2026-02-02 10:22:41]   [emp_id: 5438] REFRESHED: 18.68 → 18.68 (not updated)
[2026-02-02 10:22:41]   [emp_id: 5439] REFRESHED: 28.18 → 28.18 (not updated)
[2026-02-02 10:22:41]   [emp_id: 5442] REFRESHED: 17.18 → 17.18 (not updated)
[2026-02-02 10:22:41]   [emp_id: 5445] REFRESHED: 9.55 → 9.55 (not updated)
[2026-02-02 10:22:41]   [emp_id: 5446] REFRESHED: 9.55 → 9.55 (not updated)
[2026-02-02 10:22:41]   [emp_id: 5447] REFRESHED: 9.49 → 9.49 (not updated)
[2026-02-02 10:22:41]   [emp_id: 5448] REFRESHED: 4.2 → 4.2 (not updated)
[2026-02-02 10:22:41]   [emp_id: 5449] REFRESHED: 7.57 → 7.57 (not updated)
[2026-02-02 10:22:41]   [emp_id: 5450] REFRESHED: 7.51 → 7.51 (not updated)
[2026-02-02 10:22:41]   [emp_id: 5451] REFRESHED: 7.51 → 7.51 (not updated)
[2026-02-02 10:22:41]   [emp_id: 5453] REFRESHED: 7.35 → 7.35 (not updated)
[2026-02-02 10:22:41]   [emp_id: 5454] REFRESHED: 10.26 → 10.26 (not updated)
[2026-02-02 10:22:41]   [emp_id: 5455] REFRESHED: 4.51 → 4.51 (not updated)
[2026-02-02 10:22:41]   [emp_id: 5456] REFRESHED: 9.51 → 9.51 (not updated)
[2026-02-02 10:22:41]   [emp_id: 5457] REFRESHED: 6.6 → 6.6 (not updated)
[2026-02-02 10:22:41]   [emp_id: 5460] REFRESHED: 8.16 → 8.16 (not updated)
[2026-02-02 10:22:41]   [emp_id: 5463] REFRESHED: 7.49 → 7.49 (not updated)
[2026-02-02 10:22:41]   [emp_id: 5464] REFRESHED: 7.49 → 7.49 (not updated)
[2026-02-02 10:22:41]   [emp_id: 5466] REFRESHED: 5.24 → 5.24 (not updated)
[2026-02-02 10:22:41]   [emp_id: 5467] REFRESHED: 4.16 → 4.16 (not updated)
[2026-02-02 10:22:41]   [emp_id: 5468] REFRESHED: 3.11 → 3.11 (not updated)
[2026-02-02 10:22:41]   [emp_id: 5469] REFRESHED: 3.02 → 3.02 (not updated)
[2026-02-02 10:22:41] Report saved to: D:\xampp\htdocs\almutlak\system/cron_logs/last_vacation_update_report.json
[2026-02-02 10:22:41] FORCE LEVEL 1: Checking for missing records and refreshing values (NOT updating last_updated)
[2026-02-02 10:22:41] FORCE LEVEL 1: Checking for missing records only
[2026-02-02 10:22:41] Database connection established
[2026-02-02 10:22:41] Found 433 active employees with balance records to update
[2026-02-02 10:22:41] (Only employees with status=1 will be processed)
[2026-02-02 10:22:41]   [emp_id: 1061] REFRESHED: 2.75 → 2.75 (not updated)
[2026-02-02 10:22:41]   [emp_id: 1496] REFRESHED: 19.6 → 19.6 (not updated)
[2026-02-02 10:22:41]   [emp_id: 1500] REFRESHED: 7.28 → 7.28 (not updated)
[2026-02-02 10:22:41]   [emp_id: 1574] REFRESHED: 36.51 → 36.51 (not updated)
[2026-02-02 10:22:41]   [emp_id: 1673] REFRESHED: 48.01 → 48.01 (not updated)
[2026-02-02 10:22:41]   [emp_id: 1685] REFRESHED: 17.93 → 17.93 (not updated)
[2026-02-02 10:22:41]   [emp_id: 1764] REFRESHED: 72.6 → 72.6 (not updated)
[2026-02-02 10:22:41]   [emp_id: 1805] REFRESHED: 66.93 → 66.93 (not updated)
[2026-02-02 10:22:41]   [emp_id: 1822] REFRESHED: 71.68 → 71.68 (not updated)
[2026-02-02 10:22:41]   [emp_id: 1837] REFRESHED: 27.85 → 27.85 (not updated)
[2026-02-02 10:22:41]   [emp_id: 1857] REFRESHED: 23.18 → 23.18 (not updated)
[2026-02-02 10:22:41]   [emp_id: 1861] REFRESHED: 74.01 → 74.01 (not updated)
[2026-02-02 10:22:41]   [emp_id: 1872] REFRESHED: 12.85 → 12.85 (not updated)
[2026-02-02 10:22:41]   [emp_id: 1897] REFRESHED: 8.18 → 8.18 (not updated)
[2026-02-02 10:22:41]   [emp_id: 1916] REFRESHED: 14.48 → 14.48 (not updated)
[2026-02-02 10:22:41]   [emp_id: 1928] REFRESHED: 67.43 → 67.43 (not updated)
[2026-02-02 10:22:41]   [emp_id: 1931] REFRESHED: 87.35 → 87.35 (not updated)
[2026-02-02 10:22:41]   [emp_id: 1944] REFRESHED: 45.51 → 45.51 (not updated)
[2026-02-02 10:22:41]   [emp_id: 1996] REFRESHED: 74.01 → 74.01 (not updated)
[2026-02-02 10:22:41]   [emp_id: 1997] REFRESHED: 39.18 → 39.18 (not updated)
[2026-02-02 10:22:41]   [emp_id: 1998] REFRESHED: 30.62 → 30.62 (not updated)
[2026-02-02 10:22:41]   [emp_id: 1999] REFRESHED: 31.62 → 31.62 (not updated)
[2026-02-02 10:22:41]   [emp_id: 2009] REFRESHED: 37.93 → 37.93 (not updated)
[2026-02-02 10:22:41]   [emp_id: 2048] REFRESHED: 27.76 → 27.76 (not updated)
[2026-02-02 10:22:41]   [emp_id: 2057] REFRESHED: 68.6 → 68.6 (not updated)
[2026-02-02 10:22:41]   [emp_id: 2079] REFRESHED: 50.93 → 50.93 (not updated)
[2026-02-02 10:22:41]   [emp_id: 2181] REFRESHED: 39.93 → 39.93 (not updated)
[2026-02-02 10:22:41]   [emp_id: 2190] REFRESHED: 9.26 → 9.26 (not updated)
[2026-02-02 10:22:41]   [emp_id: 2212] REFRESHED: 27.26 → 27.26 (not updated)
[2026-02-02 10:22:41]   [emp_id: 2226] REFRESHED: 72.01 → 72.01 (not updated)
[2026-02-02 10:22:41]   [emp_id: 2238] REFRESHED: 70.26 → 70.26 (not updated)
[2026-02-02 10:22:41]   [emp_id: 2285] REFRESHED: 38.93 → 38.93 (not updated)
[2026-02-02 10:22:41]   [emp_id: 2287] REFRESHED: 50.6 → 50.6 (not updated)
[2026-02-02 10:22:41]   [emp_id: 2288] REFRESHED: 5.62 → 5.62 (not updated)
[2026-02-02 10:22:41]   [emp_id: 2316] REFRESHED: 19.43 → 19.43 (not updated)
[2026-02-02 10:22:41]   [emp_id: 2337] REFRESHED: 40.51 → 40.51 (not updated)
[2026-02-02 10:22:41]   [emp_id: 2352] REFRESHED: 72.01 → 72.01 (not updated)
[2026-02-02 10:22:41]   [emp_id: 2358] REFRESHED: 8.51 → 8.51 (not updated)
[2026-02-02 10:22:41]   [emp_id: 2361] REFRESHED: 74.18 → 74.18 (not updated)
[2026-02-02 10:22:41]   [emp_id: 2363] REFRESHED: 76.76 → 76.76 (not updated)
[2026-02-02 10:22:41]   [emp_id: 2364] REFRESHED: 76.18 → 76.18 (not updated)
[2026-02-02 10:22:41]   [emp_id: 2367] REFRESHED: 103.85 → 103.85 (not updated)
[2026-02-02 10:22:41]   [emp_id: 2368] REFRESHED: 34.26 → 34.26 (not updated)
[2026-02-02 10:22:41]   [emp_id: 2372] REFRESHED: 71.51 → 71.51 (not updated)
[2026-02-02 10:22:41]   [emp_id: 2376] REFRESHED: 121.51 → 121.51 (not updated)
[2026-02-02 10:22:41]   [emp_id: 2423] REFRESHED: 22.26 → 22.26 (not updated)
[2026-02-02 10:22:41]   [emp_id: 2519] REFRESHED: 115.93 → 115.93 (not updated)
[2026-02-02 10:22:41]   [emp_id: 2522] REFRESHED: 59.51 → 59.51 (not updated)
[2026-02-02 10:22:41]   [emp_id: 2530] REFRESHED: 54.76 → 54.76 (not updated)
[2026-02-02 10:22:41]   [emp_id: 2539] REFRESHED: 51.51 → 51.51 (not updated)
[2026-02-02 10:22:41]   [emp_id: 2541] REFRESHED: 32.1 → 32.1 (not updated)
[2026-02-02 10:22:41]   [emp_id: 2550] REFRESHED: 98.26 → 98.26 (not updated)
[2026-02-02 10:22:41]   [emp_id: 2553] REFRESHED: 35.37 → 35.37 (not updated)
[2026-02-02 10:22:41]   [emp_id: 2554] REFRESHED: 41.85 → 41.85 (not updated)
[2026-02-02 10:22:41]   [emp_id: 2565] REFRESHED: 96.43 → 96.43 (not updated)
[2026-02-02 10:22:41]   [emp_id: 2572] REFRESHED: 46.43 → 46.43 (not updated)
[2026-02-02 10:22:41]   [emp_id: 2637] REFRESHED: 67.01 → 67.01 (not updated)
[2026-02-02 10:22:41]   [emp_id: 2642] REFRESHED: 79.76 → 79.76 (not updated)
[2026-02-02 10:22:41]   [emp_id: 2645] REFRESHED: 95.76 → 95.76 (not updated)
[2026-02-02 10:22:41]   [emp_id: 2648] REFRESHED: 47.43 → 47.43 (not updated)
[2026-02-02 10:22:41]   [emp_id: 2654] REFRESHED: 90.1 → 90.1 (not updated)
[2026-02-02 10:22:41]   [emp_id: 2688] REFRESHED: 28.18 → 28.18 (not updated)
[2026-02-02 10:22:41]   [emp_id: 2690] REFRESHED: 16.93 → 16.93 (not updated)
[2026-02-02 10:22:41]   [emp_id: 2709] REFRESHED: 39.18 → 39.18 (not updated)
[2026-02-02 10:22:41]   [emp_id: 2745] REFRESHED: 35.76 → 35.76 (not updated)
[2026-02-02 10:22:41]   [emp_id: 2843] REFRESHED: 82.35 → 82.35 (not updated)
[2026-02-02 10:22:41]   [emp_id: 2854] REFRESHED: 62.26 → 62.26 (not updated)
[2026-02-02 10:22:41]   [emp_id: 2869] REFRESHED: 6.18 → 6.18 (not updated)
[2026-02-02 10:22:41]   [emp_id: 2876] REFRESHED: 37.01 → 37.01 (not updated)
[2026-02-02 10:22:41]   [emp_id: 2924] REFRESHED: 18.18 → 18.18 (not updated)
[2026-02-02 10:22:41]   [emp_id: 2953] REFRESHED: 103.93 → 103.93 (not updated)
[2026-02-02 10:22:41]   [emp_id: 2961] REFRESHED: 13.93 → 13.93 (not updated)
[2026-02-02 10:22:41]   [emp_id: 2975] REFRESHED: 3.61 → 3.61 (not updated)
[2026-02-02 10:22:41]   [emp_id: 3013] REFRESHED: 12.93 → 12.93 (not updated)
[2026-02-02 10:22:41]   [emp_id: 3014] REFRESHED: 92.18 → 92.18 (not updated)
[2026-02-02 10:22:41]   [emp_id: 3015] REFRESHED: 3.43 → 3.43 (not updated)
[2026-02-02 10:22:41]   [emp_id: 3018] REFRESHED: 62.18 → 62.18 (not updated)
[2026-02-02 10:22:41]   [emp_id: 3025] REFRESHED: 25.95 → 25.95 (not updated)
[2026-02-02 10:22:41]   [emp_id: 3037] REFRESHED: 85.68 → 85.68 (not updated)
[2026-02-02 10:22:41]   [emp_id: 3047] REFRESHED: 73.93 → 73.93 (not updated)
[2026-02-02 10:22:41]   [emp_id: 3061] REFRESHED: 20.85 → 20.85 (not updated)
[2026-02-02 10:22:41]   [emp_id: 3062] REFRESHED: 54.01 → 54.01 (not updated)
[2026-02-02 10:22:41]   [emp_id: 3074] REFRESHED: 110.43 → 110.43 (not updated)
[2026-02-02 10:22:41]   [emp_id: 3089] REFRESHED: 9.35 → 9.35 (not updated)
[2026-02-02 10:22:41]   [emp_id: 3090] REFRESHED: 35.93 → 35.93 (not updated)
[2026-02-02 10:22:41]   [emp_id: 3091] REFRESHED: 47.93 → 47.93 (not updated)
[2026-02-02 10:22:41]   [emp_id: 3092] REFRESHED: 30.6 → 30.6 (not updated)
[2026-02-02 10:22:41]   [emp_id: 3105] REFRESHED: 50.93 → 50.93 (not updated)
[2026-02-02 10:22:41]   [emp_id: 3134] REFRESHED: 46.68 → 46.68 (not updated)
[2026-02-02 10:22:41]   [emp_id: 3140] REFRESHED: 43.76 → 43.76 (not updated)
[2026-02-02 10:22:41]   [emp_id: 3144] REFRESHED: 16.6 → 16.6 (not updated)
[2026-02-02 10:22:41]   [emp_id: 3156] REFRESHED: 19.93 → 19.93 (not updated)
[2026-02-02 10:22:41]   [emp_id: 3162] REFRESHED: 4.91 → 4.91 (not updated)
[2026-02-02 10:22:41]   [emp_id: 3163] REFRESHED: 8.18 → 8.18 (not updated)
[2026-02-02 10:22:41]   [emp_id: 3198] REFRESHED: 43.18 → 43.18 (not updated)
[2026-02-02 10:22:41]   [emp_id: 3205] REFRESHED: 19.85 → 19.85 (not updated)
[2026-02-02 10:22:41]   [emp_id: 3209] REFRESHED: 44.01 → 44.01 (not updated)
[2026-02-02 10:22:41]   [emp_id: 3223] REFRESHED: 92.93 → 92.93 (not updated)
[2026-02-02 10:22:41]   [emp_id: 3224] REFRESHED: 67.68 → 67.68 (not updated)
[2026-02-02 10:22:41]   [emp_id: 3230] REFRESHED: 91.1 → 91.1 (not updated)
[2026-02-02 10:22:41]   [emp_id: 3231] REFRESHED: 3.47 → 3.47 (not updated)
[2026-02-02 10:22:41]   [emp_id: 3233] REFRESHED: 83.93 → 83.93 (not updated)
[2026-02-02 10:22:41]   [emp_id: 3249] REFRESHED: 39.76 → 39.76 (not updated)
[2026-02-02 10:22:41]   [emp_id: 3250] REFRESHED: 12.76 → 12.76 (not updated)
[2026-02-02 10:22:41]   [emp_id: 3252] REFRESHED: 13.68 → 13.68 (not updated)
[2026-02-02 10:22:41]   [emp_id: 3254] REFRESHED: 24.18 → 24.18 (not updated)
[2026-02-02 10:22:41]   [emp_id: 3255] REFRESHED: 20.6 → 20.6 (not updated)
[2026-02-02 10:22:41]   [emp_id: 3256] REFRESHED: 16.85 → 16.85 (not updated)
[2026-02-02 10:22:41]   [emp_id: 3263] REFRESHED: 32.93 → 32.93 (not updated)
[2026-02-02 10:22:41]   [emp_id: 3265] REFRESHED: 28.51 → 28.51 (not updated)
[2026-02-02 10:22:41]   [emp_id: 3280] REFRESHED: 75.43 → 75.43 (not updated)
[2026-02-02 10:22:41]   [emp_id: 3286] REFRESHED: 18.6 → 18.6 (not updated)
[2026-02-02 10:22:41]   [emp_id: 3294] REFRESHED: 18.26 → 18.26 (not updated)
[2026-02-02 10:22:41]   [emp_id: 3321] REFRESHED: 75.43 → 75.43 (not updated)
[2026-02-02 10:22:41]   [emp_id: 3325] REFRESHED: 63.18 → 63.18 (not updated)
[2026-02-02 10:22:41]   [emp_id: 3329] REFRESHED: 65.51 → 65.51 (not updated)
[2026-02-02 10:22:41]   [emp_id: 3330] REFRESHED: 65.51 → 65.51 (not updated)
[2026-02-02 10:22:41]   [emp_id: 3332] REFRESHED: 65.51 → 65.51 (not updated)
[2026-02-02 10:22:41]   [emp_id: 3370] REFRESHED: 57.02 → 57.02 (not updated)
[2026-02-02 10:22:41]   [emp_id: 3384] REFRESHED: 17.68 → 17.68 (not updated)
[2026-02-02 10:22:41]   [emp_id: 3386] REFRESHED: 47.68 → 47.68 (not updated)
[2026-02-02 10:22:41]   [emp_id: 3431] REFRESHED: 22.1 → 22.1 (not updated)
[2026-02-02 10:22:41]   [emp_id: 3497] REFRESHED: 12.26 → 12.26 (not updated)
[2026-02-02 10:22:41]   [emp_id: 3532] REFRESHED: 3.1 → 3.1 (not updated)
[2026-02-02 10:22:41]   [emp_id: 3602] REFRESHED: 4.67 → 4.67 (not updated)
[2026-02-02 10:22:41]   [emp_id: 3618] REFRESHED: 26.65 → 26.65 (not updated)
[2026-02-02 10:22:41]   [emp_id: 3622] REFRESHED: 36.81 → 36.81 (not updated)
[2026-02-02 10:22:41]   [emp_id: 3627] REFRESHED: 12.6 → 12.6 (not updated)
[2026-02-02 10:22:41]   [emp_id: 3665] REFRESHED: 54.18 → 54.18 (not updated)
[2026-02-02 10:22:41]   [emp_id: 3705] REFRESHED: 30.14 → 30.14 (not updated)
[2026-02-02 10:22:41]   [emp_id: 3724] REFRESHED: 47.18 → 47.18 (not updated)
[2026-02-02 10:22:41]   [emp_id: 3726] REFRESHED: 63.6 → 63.6 (not updated)
[2026-02-02 10:22:41]   [emp_id: 3727] REFRESHED: 68.68 → 68.68 (not updated)
[2026-02-02 10:22:41]   [emp_id: 3728] REFRESHED: 13.01 → 13.01 (not updated)
[2026-02-02 10:22:41]   [emp_id: 3767] REFRESHED: 3.76 → 3.76 (not updated)
[2026-02-02 10:22:41]   [emp_id: 3768] REFRESHED: 60.01 → 60.01 (not updated)
[2026-02-02 10:22:41]   [emp_id: 3787] REFRESHED: 60.6 → 60.6 (not updated)
[2026-02-02 10:22:41]   [emp_id: 3790] REFRESHED: 5.15 → 5.15 (not updated)
[2026-02-02 10:22:41]   [emp_id: 3795] REFRESHED: 18.1 → 18.1 (not updated)
[2026-02-02 10:22:41]   [emp_id: 3798] REFRESHED: 96.51 → 96.51 (not updated)
[2026-02-02 10:22:41]   [emp_id: 3801] REFRESHED: 4.78 → 4.78 (not updated)
[2026-02-02 10:22:41]   [emp_id: 3802] REFRESHED: 33.76 → 33.76 (not updated)
[2026-02-02 10:22:41]   [emp_id: 3803] REFRESHED: 118.18 → 118.18 (not updated)
[2026-02-02 10:22:41]   [emp_id: 3810] REFRESHED: 64.18 → 64.18 (not updated)
[2026-02-02 10:22:41]   [emp_id: 3812] REFRESHED: 93.18 → 93.18 (not updated)
[2026-02-02 10:22:41]   [emp_id: 3815] REFRESHED: 93.18 → 93.18 (not updated)
[2026-02-02 10:22:41]   [emp_id: 3836] REFRESHED: 60.85 → 60.85 (not updated)
[2026-02-02 10:22:41]   [emp_id: 3855] REFRESHED: 54.01 → 54.01 (not updated)
[2026-02-02 10:22:41]   [emp_id: 3857] REFRESHED: 57.68 → 57.68 (not updated)
[2026-02-02 10:22:41]   [emp_id: 3862] REFRESHED: 105.76 → 105.76 (not updated)
[2026-02-02 10:22:41]   [emp_id: 3866] REFRESHED: 31.01 → 31.01 (not updated)
[2026-02-02 10:22:41]   [emp_id: 3876] REFRESHED: 27.18 → 27.18 (not updated)
[2026-02-02 10:22:41]   [emp_id: 3877] REFRESHED: 52.68 → 52.68 (not updated)
[2026-02-02 10:22:41]   [emp_id: 3897] REFRESHED: 40.93 → 40.93 (not updated)
[2026-02-02 10:22:41]   [emp_id: 3899] REFRESHED: 2.75 → 2.75 (not updated)
[2026-02-02 10:22:41]   [emp_id: 3928] REFRESHED: 17.01 → 17.01 (not updated)
[2026-02-02 10:22:41]   [emp_id: 3929] REFRESHED: 12.01 → 12.01 (not updated)
[2026-02-02 10:22:41]   [emp_id: 3935] REFRESHED: 97.01 → 97.01 (not updated)
[2026-02-02 10:22:41]   [emp_id: 3952] REFRESHED: 78.35 → 78.35 (not updated)
[2026-02-02 10:22:41]   [emp_id: 3987] REFRESHED: 17.26 → 17.26 (not updated)
[2026-02-02 10:22:41]   [emp_id: 4059] REFRESHED: 6.46 → 6.46 (not updated)
[2026-02-02 10:22:41]   [emp_id: 4119] REFRESHED: 59.93 → 59.93 (not updated)
[2026-02-02 10:22:41]   [emp_id: 4120] REFRESHED: 29.51 → 29.51 (not updated)
[2026-02-02 10:22:41]   [emp_id: 4124] REFRESHED: 30.03 → 30.03 (not updated)
[2026-02-02 10:22:41]   [emp_id: 4133] REFRESHED: 108.51 → 108.51 (not updated)
[2026-02-02 10:22:41]   [emp_id: 4134] REFRESHED: 29.51 → 29.51 (not updated)
[2026-02-02 10:22:41]   [emp_id: 4136] REFRESHED: 29.51 → 29.51 (not updated)
[2026-02-02 10:22:41]   [emp_id: 4150] REFRESHED: 28.18 → 28.18 (not updated)
[2026-02-02 10:22:41]   [emp_id: 4157] REFRESHED: 21.68 → 21.68 (not updated)
[2026-02-02 10:22:41]   [emp_id: 4172] REFRESHED: 14.72 → 14.72 (not updated)
[2026-02-02 10:22:41]   [emp_id: 4195] REFRESHED: 65.26 → 65.26 (not updated)
[2026-02-02 10:22:41]   [emp_id: 4215] REFRESHED: 47.93 → 47.93 (not updated)
[2026-02-02 10:22:41]   [emp_id: 4220] REFRESHED: 43.51 → 43.51 (not updated)
[2026-02-02 10:22:41]   [emp_id: 4273] REFRESHED: 12.18 → 12.18 (not updated)
[2026-02-02 10:22:41]   [emp_id: 4283] REFRESHED: 15.81 → 15.81 (not updated)
[2026-02-02 10:22:41]   [emp_id: 4288] REFRESHED: 2.75 → 2.75 (not updated)
[2026-02-02 10:22:41]   [emp_id: 4315] REFRESHED: 15.43 → 15.43 (not updated)
[2026-02-02 10:22:41]   [emp_id: 4328] REFRESHED: 44.64 → 44.64 (not updated)
[2026-02-02 10:22:41]   [emp_id: 4329] REFRESHED: 8.6 → 8.6 (not updated)
[2026-02-02 10:22:41]   [emp_id: 4338] REFRESHED: 50.18 → 50.18 (not updated)
[2026-02-02 10:22:41]   [emp_id: 4340] REFRESHED: 112.18 → 112.18 (not updated)
[2026-02-02 10:22:41]   [emp_id: 4365] REFRESHED: 63.6 → 63.6 (not updated)
[2026-02-02 10:22:41]   [emp_id: 4366] REFRESHED: 62.68 → 62.68 (not updated)
[2026-02-02 10:22:41]   [emp_id: 4403] REFRESHED: 88.51 → 88.51 (not updated)
[2026-02-02 10:22:41]   [emp_id: 4438] REFRESHED: 24.18 → 24.18 (not updated)
[2026-02-02 10:22:41]   [emp_id: 4465] REFRESHED: 14.97 → 14.97 (not updated)
[2026-02-02 10:22:41]   [emp_id: 4473] REFRESHED: 47.76 → 47.76 (not updated)
[2026-02-02 10:22:41]   [emp_id: 4474] REFRESHED: 5.48 → 5.48 (not updated)
[2026-02-02 10:22:41]   [emp_id: 4493] REFRESHED: 166.6 → 166.6 (not updated)
[2026-02-02 10:22:41]   [emp_id: 4526] REFRESHED: 38.85 → 38.85 (not updated)
[2026-02-02 10:22:41]   [emp_id: 4528] REFRESHED: 110.6 → 110.6 (not updated)
[2026-02-02 10:22:41]   [emp_id: 4528] REFRESHED: 110.6 → 110.6 (not updated)
[2026-02-02 10:22:41]   [emp_id: 4532] REFRESHED: 10.09 → 10.09 (not updated)
[2026-02-02 10:22:41]   [emp_id: 4533] REFRESHED: 39.01 → 39.01 (not updated)
[2026-02-02 10:22:41]   [emp_id: 4565] REFRESHED: 17.47 → 17.47 (not updated)
[2026-02-02 10:22:41]   [emp_id: 4567] REFRESHED: 21.72 → 21.72 (not updated)
[2026-02-02 10:22:41]   [emp_id: 4572] REFRESHED: 61.22 → 61.22 (not updated)
[2026-02-02 10:22:41]   [emp_id: 4631] REFRESHED: 17.47 → 17.47 (not updated)
[2026-02-02 10:22:41]   [emp_id: 4655] REFRESHED: 27.93 → 27.93 (not updated)
[2026-02-02 10:22:41]   [emp_id: 4709] REFRESHED: 43.18 → 43.18 (not updated)
[2026-02-02 10:22:41]   [emp_id: 4717] REFRESHED: 69.18 → 69.18 (not updated)
[2026-02-02 10:22:41]   [emp_id: 4736] REFRESHED: 31.01 → 31.01 (not updated)
[2026-02-02 10:22:41]   [emp_id: 4756] REFRESHED: 13.91 → 13.91 (not updated)
[2026-02-02 10:22:41]   [emp_id: 4768] REFRESHED: 16.68 → 16.68 (not updated)
[2026-02-02 10:22:41]   [emp_id: 4780] REFRESHED: 67.64 → 67.64 (not updated)
[2026-02-02 10:22:41]   [emp_id: 4820] REFRESHED: 102.01 → 102.01 (not updated)
[2026-02-02 10:22:41]   [emp_id: 4824] REFRESHED: 5.19 → 5.19 (not updated)
[2026-02-02 10:22:41]   [emp_id: 4825] REFRESHED: 33.76 → 33.76 (not updated)
[2026-02-02 10:22:41]   [emp_id: 4837] REFRESHED: 47.63 → 47.63 (not updated)
[2026-02-02 10:22:41]   [emp_id: 4840] REFRESHED: 47.63 → 47.63 (not updated)
[2026-02-02 10:22:41]   [emp_id: 4842] REFRESHED: 46.87 → 46.87 (not updated)
[2026-02-02 10:22:41]   [emp_id: 4843] REFRESHED: 47.4 → 47.4 (not updated)
[2026-02-02 10:22:41]   [emp_id: 4853] REFRESHED: 91.22 → 91.22 (not updated)
[2026-02-02 10:22:41]   [emp_id: 4856] REFRESHED: 44.54 → 44.54 (not updated)
[2026-02-02 10:22:41]   [emp_id: 4857] REFRESHED: 27.36 → 27.36 (not updated)
[2026-02-02 10:22:41]   [emp_id: 4858] REFRESHED: 24.24 → 24.24 (not updated)
[2026-02-02 10:22:41]   [emp_id: 4859] REFRESHED: 45.71 → 45.71 (not updated)
[2026-02-02 10:22:41]   [emp_id: 4860] REFRESHED: 10.21 → 10.21 (not updated)
[2026-02-02 10:22:41]   [emp_id: 4861] REFRESHED: 43.67 → 43.67 (not updated)
[2026-02-02 10:22:41]   [emp_id: 4869] REFRESHED: 86.55 → 86.55 (not updated)
[2026-02-02 10:22:41]   [emp_id: 4894] REFRESHED: 10.68 → 10.68 (not updated)
[2026-02-02 10:22:41]   [emp_id: 4897] REFRESHED: 25.45 → 25.45 (not updated)
[2026-02-02 10:22:41]   [emp_id: 4899] REFRESHED: 21.62 → 21.62 (not updated)
[2026-02-02 10:22:41]   [emp_id: 4902] REFRESHED: 21.04 → 21.04 (not updated)
[2026-02-02 10:22:41]   [emp_id: 4903] REFRESHED: 23.26 → 23.26 (not updated)
[2026-02-02 10:22:41]   [emp_id: 4905] REFRESHED: 21.92 → 21.92 (not updated)
[2026-02-02 10:22:41]   [emp_id: 4907] REFRESHED: 50.76 → 50.76 (not updated)
[2026-02-02 10:22:41]   [emp_id: 4917] REFRESHED: 18.88 → 18.88 (not updated)
[2026-02-02 10:22:41]   [emp_id: 4918] REFRESHED: 8.65 → 8.65 (not updated)
[2026-02-02 10:22:41]   [emp_id: 4919] REFRESHED: 60.94 → 60.94 (not updated)
[2026-02-02 10:22:41]   [emp_id: 4920] REFRESHED: 8.02 → 8.02 (not updated)
[2026-02-02 10:22:41]   [emp_id: 4921] REFRESHED: 20.11 → 20.11 (not updated)
[2026-02-02 10:22:41]   [emp_id: 4927] REFRESHED: 18.94 → 18.94 (not updated)
[2026-02-02 10:22:41]   [emp_id: 4929] REFRESHED: 20.46 → 20.46 (not updated)
[2026-02-02 10:22:41]   [emp_id: 4930] REFRESHED: 61.23 → 61.23 (not updated)
[2026-02-02 10:22:41]   [emp_id: 4932] REFRESHED: 19.23 → 19.23 (not updated)
[2026-02-02 10:22:41]   [emp_id: 4933] REFRESHED: 22.64 → 22.64 (not updated)
[2026-02-02 10:22:41]   [emp_id: 4949] REFRESHED: 26.07 → 26.07 (not updated)
[2026-02-02 10:22:41]   [emp_id: 4956] REFRESHED: 31.66 → 31.66 (not updated)
[2026-02-02 10:22:41]   [emp_id: 4957] REFRESHED: 27.33 → 27.33 (not updated)
[2026-02-02 10:22:41]   [emp_id: 4962] REFRESHED: 50.12 → 50.12 (not updated)
[2026-02-02 10:22:41]   [emp_id: 4969] REFRESHED: 49.43 → 49.43 (not updated)
[2026-02-02 10:22:41]   [emp_id: 4976] REFRESHED: 12.35 → 12.35 (not updated)
[2026-02-02 10:22:41]   [emp_id: 4984] REFRESHED: 40.68 → 40.68 (not updated)
[2026-02-02 10:22:41]   [emp_id: 4995] REFRESHED: 52.75 → 52.75 (not updated)
[2026-02-02 10:22:41]   [emp_id: 5004] REFRESHED: 29.29 → 29.29 (not updated)
[2026-02-02 10:22:41]   [emp_id: 5006] REFRESHED: 29.03 → 29.03 (not updated)
[2026-02-02 10:22:41]   [emp_id: 5011] REFRESHED: 8.53 → 8.53 (not updated)
[2026-02-02 10:22:41]   [emp_id: 5013] REFRESHED: 69.4 → 69.4 (not updated)
[2026-02-02 10:22:41]   [emp_id: 5018] REFRESHED: 5.89 → 5.89 (not updated)
[2026-02-02 10:22:41]   [emp_id: 5021] REFRESHED: 63.78 → 63.78 (not updated)
[2026-02-02 10:22:41]   [emp_id: 5024] REFRESHED: 3.91 → 3.91 (not updated)
[2026-02-02 10:22:41]   [emp_id: 5030] REFRESHED: 33.86 → 33.86 (not updated)
[2026-02-02 10:22:41]   [emp_id: 5033] REFRESHED: 12.66 → 12.66 (not updated)
[2026-02-02 10:22:41]   [emp_id: 5043] REFRESHED: 33.35 → 33.35 (not updated)
[2026-02-02 10:22:41]   [emp_id: 5045] REFRESHED: 29.85 → 29.85 (not updated)
[2026-02-02 10:22:41]   [emp_id: 5046] REFRESHED: 25.04 → 25.04 (not updated)
[2026-02-02 10:22:41]   [emp_id: 5049] REFRESHED: 1.34 → 1.34 (not updated)
[2026-02-02 10:22:41]   [emp_id: 5052] REFRESHED: 32.62 → 32.62 (not updated)
[2026-02-02 10:22:41]   [emp_id: 5055] REFRESHED: 21.06 → 21.06 (not updated)
[2026-02-02 10:22:41]   [emp_id: 5058] REFRESHED: 30.04 → 30.04 (not updated)
[2026-02-02 10:22:41]   [emp_id: 5062] REFRESHED: 41.87 → 41.87 (not updated)
[2026-02-02 10:22:41]   [emp_id: 5064] REFRESHED: 120.68 → 120.68 (not updated)
[2026-02-02 10:22:41]   [emp_id: 5065] REFRESHED: 41.28 → 41.28 (not updated)
[2026-02-02 10:22:41]   [emp_id: 5071] REFRESHED: 26.18 → 26.18 (not updated)
[2026-02-02 10:22:41]   [emp_id: 5073] REFRESHED: 15.88 → 15.88 (not updated)
[2026-02-02 10:22:41]   [emp_id: 5079] REFRESHED: 36.44 → 36.44 (not updated)
[2026-02-02 10:22:41]   [emp_id: 5080] REFRESHED: 29.77 → 29.77 (not updated)
[2026-02-02 10:22:41]   [emp_id: 5081] REFRESHED: 18.03 → 18.03 (not updated)
[2026-02-02 10:22:41]   [emp_id: 5087] REFRESHED: 38.07 → 38.07 (not updated)
[2026-02-02 10:22:41]   [emp_id: 5091] REFRESHED: 77.92 → 77.92 (not updated)
[2026-02-02 10:22:41]   [emp_id: 5093] REFRESHED: 17.35 → 17.35 (not updated)
[2026-02-02 10:22:41]   [emp_id: 5095] REFRESHED: 3.46 → 3.46 (not updated)
[2026-02-02 10:22:41]   [emp_id: 5101] REFRESHED: 19.43 → 19.43 (not updated)
[2026-02-02 10:22:41]   [emp_id: 5107] REFRESHED: 17.76 → 17.76 (not updated)
[2026-02-02 10:22:41]   [emp_id: 5109] REFRESHED: 15.01 → 15.01 (not updated)
[2026-02-02 10:22:41]   [emp_id: 5119] REFRESHED: 13.18 → 13.18 (not updated)
[2026-02-02 10:22:41]   [emp_id: 5122] REFRESHED: 10.35 → 10.35 (not updated)
[2026-02-02 10:22:41]   [emp_id: 5126] REFRESHED: 28.8 → 28.8 (not updated)
[2026-02-02 10:22:41]   [emp_id: 5127] REFRESHED: 1.53 → 1.53 (not updated)
[2026-02-02 10:22:41]   [emp_id: 5128] REFRESHED: 28.74 → 28.74 (not updated)
[2026-02-02 10:22:41]   [emp_id: 5138] REFRESHED: 53.01 → 53.01 (not updated)
[2026-02-02 10:22:41]   [emp_id: 5138] REFRESHED: 53.01 → 53.01 (not updated)
[2026-02-02 10:22:41]   [emp_id: 5141] REFRESHED: 37.11 → 37.11 (not updated)
[2026-02-02 10:22:41]   [emp_id: 5142] REFRESHED: 16.11 → 16.11 (not updated)
[2026-02-02 10:22:41]   [emp_id: 5146] REFRESHED: 23.11 → 23.11 (not updated)
[2026-02-02 10:22:41]   [emp_id: 5147] REFRESHED: 22.11 → 22.11 (not updated)
[2026-02-02 10:22:41]   [emp_id: 5148] REFRESHED: 27.46 → 27.46 (not updated)
[2026-02-02 10:22:41]   [emp_id: 5149] REFRESHED: 26.35 → 26.35 (not updated)
[2026-02-02 10:22:41]   [emp_id: 5150] REFRESHED: 25.71 → 25.71 (not updated)
[2026-02-02 10:22:41]   [emp_id: 5151] REFRESHED: 25.53 → 25.53 (not updated)
[2026-02-02 10:22:41]   [emp_id: 5152] REFRESHED: 5.95 → 5.95 (not updated)
[2026-02-02 10:22:41]   [emp_id: 5157] REFRESHED: 25.53 → 25.53 (not updated)
[2026-02-02 10:22:41]   [emp_id: 5160] REFRESHED: 25.53 → 25.53 (not updated)
[2026-02-02 10:22:41]   [emp_id: 5163] REFRESHED: 23.32 → 23.32 (not updated)
[2026-02-02 10:22:41]   [emp_id: 5165] REFRESHED: 4.45 → 4.45 (not updated)
[2026-02-02 10:22:41]   [emp_id: 5167] REFRESHED: 32.47 → 32.47 (not updated)
[2026-02-02 10:22:41]   [emp_id: 5168] REFRESHED: 25.01 → 25.01 (not updated)
[2026-02-02 10:22:41]   [emp_id: 5173] REFRESHED: 28.1 → 28.1 (not updated)
[2026-02-02 10:22:41]   [emp_id: 5174] REFRESHED: 25.47 → 25.47 (not updated)
[2026-02-02 10:22:41]   [emp_id: 5181] REFRESHED: 21.86 → 21.86 (not updated)
[2026-02-02 10:22:41]   [emp_id: 5186] REFRESHED: 27.39 → 27.39 (not updated)
[2026-02-02 10:22:41]   [emp_id: 5187] REFRESHED: 38.39 → 38.39 (not updated)
[2026-02-02 10:22:41]   [emp_id: 5204] REFRESHED: 25.6 → 25.6 (not updated)
[2026-02-02 10:22:41]   [emp_id: 5205] REFRESHED: 14.6 → 14.6 (not updated)
[2026-02-02 10:22:41]   [emp_id: 5209] REFRESHED: 17.6 → 17.6 (not updated)
[2026-02-02 10:22:41]   [emp_id: 5213] REFRESHED: 5.01 → 5.01 (not updated)
[2026-02-02 10:22:41]   [emp_id: 5214] REFRESHED: 3.85 → 3.85 (not updated)
[2026-02-02 10:22:41]   [emp_id: 5215] REFRESHED: 12.6 → 12.6 (not updated)
[2026-02-02 10:22:41]   [emp_id: 5217] REFRESHED: 11.6 → 11.6 (not updated)
[2026-02-02 10:22:41]   [emp_id: 5219] REFRESHED: 15.6 → 15.6 (not updated)
[2026-02-02 10:22:41]   [emp_id: 5221] REFRESHED: 4.91 → 4.91 (not updated)
[2026-02-02 10:22:41]   [emp_id: 5224] REFRESHED: 16.6 → 16.6 (not updated)
[2026-02-02 10:22:41]   [emp_id: 5225] REFRESHED: 8.91 → 8.91 (not updated)
[2026-02-02 10:22:41]   [emp_id: 5228] REFRESHED: 11.6 → 11.6 (not updated)
[2026-02-02 10:22:41]   [emp_id: 5229] REFRESHED: 7.6 → 7.6 (not updated)
[2026-02-02 10:22:41]   [emp_id: 5230] REFRESHED: 12.27 → 12.27 (not updated)
[2026-02-02 10:22:41]   [emp_id: 5231] REFRESHED: 8.6 → 8.6 (not updated)
[2026-02-02 10:22:41]   [emp_id: 5232] REFRESHED: 2.6 → 2.6 (not updated)
[2026-02-02 10:22:41]   [emp_id: 5233] REFRESHED: 6.6 → 6.6 (not updated)
[2026-02-02 10:22:41]   [emp_id: 5234] REFRESHED: 6.6 → 6.6 (not updated)
[2026-02-02 10:22:41]   [emp_id: 5235] REFRESHED: 2.04 → 2.04 (not updated)
[2026-02-02 10:22:41]   [emp_id: 5237] REFRESHED: 12.85 → 12.85 (not updated)
[2026-02-02 10:22:41]   [emp_id: 5239] REFRESHED: 9.6 → 9.6 (not updated)
[2026-02-02 10:22:41]   [emp_id: 5241] REFRESHED: 7.6 → 7.6 (not updated)
[2026-02-02 10:22:41]   [emp_id: 5242] REFRESHED: 17.6 → 17.6 (not updated)
[2026-02-02 10:22:41]   [emp_id: 5243] REFRESHED: 4.01 → 4.01 (not updated)
[2026-02-02 10:22:41]   [emp_id: 5244] REFRESHED: 2.04 → 2.04 (not updated)
[2026-02-02 10:22:41]   [emp_id: 5246] REFRESHED: 13.6 → 13.6 (not updated)
[2026-02-02 10:22:41]   [emp_id: 5253] REFRESHED: 26.47 → 26.47 (not updated)
[2026-02-02 10:22:41]   [emp_id: 5254] REFRESHED: 14.45 → 14.45 (not updated)
[2026-02-02 10:22:41]   [emp_id: 5257] REFRESHED: 14.16 → 14.16 (not updated)
[2026-02-02 10:22:41]   [emp_id: 5259] REFRESHED: 50.69 → 50.69 (not updated)
[2026-02-02 10:22:41]   [emp_id: 5261] REFRESHED: 19.2 → 19.2 (not updated)
[2026-02-02 10:22:41]   [emp_id: 5264] REFRESHED: 16.17 → 16.17 (not updated)
[2026-02-02 10:22:41]   [emp_id: 5266] REFRESHED: 22.79 → 22.79 (not updated)
[2026-02-02 10:22:41]   [emp_id: 5268] REFRESHED: 11.36 → 11.36 (not updated)
[2026-02-02 10:22:41]   [emp_id: 5271] REFRESHED: 10.02 → 10.02 (not updated)
[2026-02-02 10:22:41]   [emp_id: 5272] REFRESHED: 10.89 → 10.89 (not updated)
[2026-02-02 10:22:41]   [emp_id: 5273] REFRESHED: 25.96 → 25.96 (not updated)
[2026-02-02 10:22:41]   [emp_id: 5275] REFRESHED: 11.71 → 11.71 (not updated)
[2026-02-02 10:22:41]   [emp_id: 5276] REFRESHED: 25.98 → 25.98 (not updated)
[2026-02-02 10:22:41]   [emp_id: 5278] REFRESHED: 10.37 → 10.37 (not updated)
[2026-02-02 10:22:41]   [emp_id: 5280] REFRESHED: 20.77 → 20.77 (not updated)
[2026-02-02 10:22:41]   [emp_id: 5282] REFRESHED: 14.68 → 14.68 (not updated)
[2026-02-02 10:22:41]   [emp_id: 5285] REFRESHED: 30.77 → 30.77 (not updated)
[2026-02-02 10:22:41]   [emp_id: 5286] REFRESHED: 17.77 → 17.77 (not updated)
[2026-02-02 10:22:41]   [emp_id: 5287] REFRESHED: 52.07 → 52.07 (not updated)
[2026-02-02 10:22:41]   [emp_id: 5288] REFRESHED: 9.34 → 9.34 (not updated)
[2026-02-02 10:22:41]   [emp_id: 5289] REFRESHED: 50.62 → 50.62 (not updated)
[2026-02-02 10:22:41]   [emp_id: 5290] REFRESHED: 49.39 → 49.39 (not updated)
[2026-02-02 10:22:41]   [emp_id: 5291] REFRESHED: 7.39 → 7.39 (not updated)
[2026-02-02 10:22:41]   [emp_id: 5292] REFRESHED: 7.33 → 7.33 (not updated)
[2026-02-02 10:22:41]   [emp_id: 5293] REFRESHED: 10.94 → 10.94 (not updated)
[2026-02-02 10:22:41]   [emp_id: 5294] REFRESHED: 10.6 → 10.6 (not updated)
[2026-02-02 10:22:41]   [emp_id: 5295] REFRESHED: 23.57 → 23.57 (not updated)
[2026-02-02 10:22:41]   [emp_id: 5296] REFRESHED: 37.62 → 37.62 (not updated)
[2026-02-02 10:22:41]   [emp_id: 5297] REFRESHED: 47.99 → 47.99 (not updated)
[2026-02-02 10:22:41]   [emp_id: 5298] REFRESHED: 47.99 → 47.99 (not updated)
[2026-02-02 10:22:41]   [emp_id: 5299] REFRESHED: 47.99 → 47.99 (not updated)
[2026-02-02 10:22:41]   [emp_id: 5300] REFRESHED: 47.99 → 47.99 (not updated)
[2026-02-02 10:22:41]   [emp_id: 5301] REFRESHED: 5.81 → 5.81 (not updated)
[2026-02-02 10:22:41]   [emp_id: 5303] REFRESHED: 6.24 → 6.24 (not updated)
[2026-02-02 10:22:41]   [emp_id: 5304] REFRESHED: 2.99 → 2.99 (not updated)
[2026-02-02 10:22:41]   [emp_id: 5305] REFRESHED: 5.99 → 5.99 (not updated)
[2026-02-02 10:22:41]   [emp_id: 5306] REFRESHED: 47.7 → 47.7 (not updated)
[2026-02-02 10:22:41]   [emp_id: 5307] REFRESHED: 47.7 → 47.7 (not updated)
[2026-02-02 10:22:41]   [emp_id: 5312] REFRESHED: 2.04 → 2.04 (not updated)
[2026-02-02 10:22:41]   [emp_id: 5318] REFRESHED: 28.41 → 28.41 (not updated)
[2026-02-02 10:22:41]   [emp_id: 5325] REFRESHED: 2.37 → 2.37 (not updated)
[2026-02-02 10:22:41]   [emp_id: 5327] REFRESHED: 3.46 → 3.46 (not updated)
[2026-02-02 10:22:41]   [emp_id: 5337] REFRESHED: 38.51 → 38.51 (not updated)
[2026-02-02 10:22:41]   [emp_id: 5339] REFRESHED: 12.56 → 12.56 (not updated)
[2026-02-02 10:22:41]   [emp_id: 5343] REFRESHED: 48.51 → 48.51 (not updated)
[2026-02-02 10:22:41]   [emp_id: 5343] REFRESHED: 48.43 → 48.43 (not updated)
[2026-02-02 10:22:41]   [emp_id: 5345] REFRESHED: 18.26 → 18.26 (not updated)
[2026-02-02 10:22:41]   [emp_id: 5346] REFRESHED: 4.28 → 4.28 (not updated)
[2026-02-02 10:22:41]   [emp_id: 5351] REFRESHED: 19.22 → 19.22 (not updated)
[2026-02-02 10:22:41]   [emp_id: 5352] REFRESHED: 28.68 → 28.68 (not updated)
[2026-02-02 10:22:41]   [emp_id: 5370] REFRESHED: 17.87 → 17.87 (not updated)
[2026-02-02 10:22:41]   [emp_id: 5371] REFRESHED: 10.43 → 10.43 (not updated)
[2026-02-02 10:22:41]   [emp_id: 5376] REFRESHED: 12.47 → 12.47 (not updated)
[2026-02-02 10:22:41]   [emp_id: 5378] REFRESHED: 20.51 → 20.51 (not updated)
[2026-02-02 10:22:41]   [emp_id: 5380] REFRESHED: 18.88 → 18.88 (not updated)
[2026-02-02 10:22:41]   [emp_id: 5381] REFRESHED: 14.95 → 14.95 (not updated)
[2026-02-02 10:22:41]   [emp_id: 5383] REFRESHED: 18.26 → 18.26 (not updated)
[2026-02-02 10:22:41]   [emp_id: 5388] REFRESHED: 29.66 → 29.66 (not updated)
[2026-02-02 10:22:41]   [emp_id: 5396] REFRESHED: 30.9 → 30.9 (not updated)
[2026-02-02 10:22:41]   [emp_id: 5397] REFRESHED: 22.36 → 22.36 (not updated)
[2026-02-02 10:22:41]   [emp_id: 5401] REFRESHED: 25.47 → 25.47 (not updated)
[2026-02-02 10:22:41]   [emp_id: 5402] REFRESHED: 25.59 → 25.59 (not updated)
[2026-02-02 10:22:41]   [emp_id: 5406] REFRESHED: 19.31 → 19.31 (not updated)
[2026-02-02 10:22:41]   [emp_id: 5407] REFRESHED: 19.03 → 19.03 (not updated)
[2026-02-02 10:22:41]   [emp_id: 5409] REFRESHED: 18.65 → 18.65 (not updated)
[2026-02-02 10:22:41]   [emp_id: 5413] REFRESHED: 31.43 → 31.43 (not updated)
[2026-02-02 10:22:41]   [emp_id: 5414] REFRESHED: 31.1 → 31.1 (not updated)
[2026-02-02 10:22:41]   [emp_id: 5415] REFRESHED: 7.03 → 7.03 (not updated)
[2026-02-02 10:22:41]   [emp_id: 5418] REFRESHED: 17.71 → 17.71 (not updated)
[2026-02-02 10:22:41]   [emp_id: 5422] REFRESHED: 23.76 → 23.76 (not updated)
[2026-02-02 10:22:41]   [emp_id: 5423] REFRESHED: 8.45 → 8.45 (not updated)
[2026-02-02 10:22:41]   [emp_id: 5425] REFRESHED: 16.26 → 16.26 (not updated)
[2026-02-02 10:22:41]   [emp_id: 5426] REFRESHED: 5.08 → 5.08 (not updated)
[2026-02-02 10:22:41]   [emp_id: 5426] REFRESHED: 5 → 5 (not updated)
[2026-02-02 10:22:41]   [emp_id: 5427] REFRESHED: 16.37 → 16.37 (not updated)
[2026-02-02 10:22:41]   [emp_id: 5428] REFRESHED: 16.26 → 16.26 (not updated)
[2026-02-02 10:22:41]   [emp_id: 5430] REFRESHED: 20.82 → 20.82 (not updated)
[2026-02-02 10:22:41]   [emp_id: 5431] REFRESHED: 15.38 → 15.38 (not updated)
[2026-02-02 10:22:41]   [emp_id: 5433] REFRESHED: 15.4 → 15.4 (not updated)
[2026-02-02 10:22:41]   [emp_id: 5434] REFRESHED: 15.15 → 15.15 (not updated)
[2026-02-02 10:22:41]   [emp_id: 5435] REFRESHED: 15.09 → 15.09 (not updated)
[2026-02-02 10:22:41]   [emp_id: 5436] REFRESHED: 15.09 → 15.09 (not updated)
[2026-02-02 10:22:41]   [emp_id: 5438] REFRESHED: 18.68 → 18.68 (not updated)
[2026-02-02 10:22:41]   [emp_id: 5439] REFRESHED: 28.18 → 28.18 (not updated)
[2026-02-02 10:22:41]   [emp_id: 5442] REFRESHED: 17.18 → 17.18 (not updated)
[2026-02-02 10:22:41]   [emp_id: 5445] REFRESHED: 9.55 → 9.55 (not updated)
[2026-02-02 10:22:41]   [emp_id: 5446] REFRESHED: 9.55 → 9.55 (not updated)
[2026-02-02 10:22:41]   [emp_id: 5447] REFRESHED: 9.49 → 9.49 (not updated)
[2026-02-02 10:22:41]   [emp_id: 5448] REFRESHED: 4.2 → 4.2 (not updated)
[2026-02-02 10:22:41]   [emp_id: 5449] REFRESHED: 7.57 → 7.57 (not updated)
[2026-02-02 10:22:41]   [emp_id: 5450] REFRESHED: 7.51 → 7.51 (not updated)
[2026-02-02 10:22:41]   [emp_id: 5451] REFRESHED: 7.51 → 7.51 (not updated)
[2026-02-02 10:22:41]   [emp_id: 5453] REFRESHED: 7.35 → 7.35 (not updated)
[2026-02-02 10:22:41]   [emp_id: 5454] REFRESHED: 10.26 → 10.26 (not updated)
[2026-02-02 10:22:41]   [emp_id: 5455] REFRESHED: 4.51 → 4.51 (not updated)
[2026-02-02 10:22:41]   [emp_id: 5456] REFRESHED: 9.51 → 9.51 (not updated)
[2026-02-02 10:22:41]   [emp_id: 5457] REFRESHED: 6.6 → 6.6 (not updated)
[2026-02-02 10:22:41]   [emp_id: 5460] REFRESHED: 8.16 → 8.16 (not updated)
[2026-02-02 10:22:41]   [emp_id: 5463] REFRESHED: 7.49 → 7.49 (not updated)
[2026-02-02 10:22:41]   [emp_id: 5464] REFRESHED: 7.49 → 7.49 (not updated)
[2026-02-02 10:22:41]   [emp_id: 5466] REFRESHED: 5.24 → 5.24 (not updated)
[2026-02-02 10:22:41]   [emp_id: 5467] REFRESHED: 4.16 → 4.16 (not updated)
[2026-02-02 10:22:41]   [emp_id: 5468] REFRESHED: 3.11 → 3.11 (not updated)
[2026-02-02 10:22:42]   [emp_id: 5469] REFRESHED: 3.02 → 3.02 (not updated)
[2026-02-02 10:22:42] Report saved to: D:\xampp\htdocs\almutlak\system/cron_logs/last_vacation_update_report.json
[2026-02-02 10:25:25] ========== CRON: Vacation Balance Update Started ==========
[2026-02-02 10:25:25] Force level: 1 (0=normal, 1=check missing, 2=full bypass)
[2026-02-02 10:25:25] Source: Browser (?force=1)
[2026-02-02 10:25:25] FORCE LEVEL 1: Checking for missing records and refreshing values (NOT updating last_updated)
[2026-02-02 10:25:25] FORCE LEVEL 1: Checking for missing records only
[2026-02-02 10:25:25] Database connection established
[2026-02-02 10:25:25] Found 433 active employees with balance records to update
[2026-02-02 10:25:25] (Only employees with status=1 will be processed)
[2026-02-02 10:25:25]   [emp_id: 1061] REFRESHED: 2.75 → 2.75 (not updated)
[2026-02-02 10:25:25]   [emp_id: 1496] REFRESHED: 19.6 → 19.6 (not updated)
[2026-02-02 10:25:25]   [emp_id: 1500] REFRESHED: 7.28 → 7.28 (not updated)
[2026-02-02 10:25:25]   [emp_id: 1574] REFRESHED: 36.51 → 36.51 (not updated)
[2026-02-02 10:25:25]   [emp_id: 1673] REFRESHED: 48.01 → 48.01 (not updated)
[2026-02-02 10:25:25]   [emp_id: 1685] REFRESHED: 17.93 → 17.93 (not updated)
[2026-02-02 10:25:25]   [emp_id: 1764] REFRESHED: 72.6 → 72.6 (not updated)
[2026-02-02 10:25:25]   [emp_id: 1805] REFRESHED: 66.93 → 66.93 (not updated)
[2026-02-02 10:25:25]   [emp_id: 1822] REFRESHED: 71.68 → 71.68 (not updated)
[2026-02-02 10:25:25]   [emp_id: 1837] REFRESHED: 27.85 → 27.85 (not updated)
[2026-02-02 10:25:25]   [emp_id: 1857] REFRESHED: 23.18 → 23.18 (not updated)
[2026-02-02 10:25:25]   [emp_id: 1861] REFRESHED: 74.01 → 74.01 (not updated)
[2026-02-02 10:25:25]   [emp_id: 1872] REFRESHED: 12.85 → 12.85 (not updated)
[2026-02-02 10:25:25]   [emp_id: 1897] REFRESHED: 8.18 → 8.18 (not updated)
[2026-02-02 10:25:25]   [emp_id: 1916] REFRESHED: 14.48 → 14.48 (not updated)
[2026-02-02 10:25:25]   [emp_id: 1928] REFRESHED: 67.43 → 67.43 (not updated)
[2026-02-02 10:25:25]   [emp_id: 1931] REFRESHED: 87.35 → 87.35 (not updated)
[2026-02-02 10:25:25]   [emp_id: 1944] REFRESHED: 45.51 → 45.51 (not updated)
[2026-02-02 10:25:25]   [emp_id: 1996] REFRESHED: 74.01 → 74.01 (not updated)
[2026-02-02 10:25:25]   [emp_id: 1997] REFRESHED: 39.18 → 39.18 (not updated)
[2026-02-02 10:25:25]   [emp_id: 1998] REFRESHED: 30.62 → 30.62 (not updated)
[2026-02-02 10:25:25]   [emp_id: 1999] REFRESHED: 31.62 → 31.62 (not updated)
[2026-02-02 10:25:25]   [emp_id: 2009] REFRESHED: 37.93 → 37.93 (not updated)
[2026-02-02 10:25:25]   [emp_id: 2048] REFRESHED: 27.76 → 27.76 (not updated)
[2026-02-02 10:25:25]   [emp_id: 2057] REFRESHED: 68.6 → 68.6 (not updated)
[2026-02-02 10:25:25]   [emp_id: 2079] REFRESHED: 50.93 → 50.93 (not updated)
[2026-02-02 10:25:25]   [emp_id: 2181] REFRESHED: 39.93 → 39.93 (not updated)
[2026-02-02 10:25:25]   [emp_id: 2190] REFRESHED: 9.26 → 9.26 (not updated)
[2026-02-02 10:25:25]   [emp_id: 2212] REFRESHED: 27.26 → 27.26 (not updated)
[2026-02-02 10:25:25]   [emp_id: 2226] REFRESHED: 72.01 → 72.01 (not updated)
[2026-02-02 10:25:25]   [emp_id: 2238] REFRESHED: 70.26 → 70.26 (not updated)
[2026-02-02 10:25:25]   [emp_id: 2285] REFRESHED: 38.93 → 38.93 (not updated)
[2026-02-02 10:25:25]   [emp_id: 2287] REFRESHED: 50.6 → 50.6 (not updated)
[2026-02-02 10:25:25]   [emp_id: 2288] REFRESHED: 5.62 → 5.62 (not updated)
[2026-02-02 10:25:25]   [emp_id: 2316] REFRESHED: 19.43 → 19.43 (not updated)
[2026-02-02 10:25:25]   [emp_id: 2337] REFRESHED: 40.51 → 40.51 (not updated)
[2026-02-02 10:25:25]   [emp_id: 2352] REFRESHED: 72.01 → 72.01 (not updated)
[2026-02-02 10:25:25]   [emp_id: 2358] REFRESHED: 8.51 → 8.51 (not updated)
[2026-02-02 10:25:25]   [emp_id: 2361] REFRESHED: 74.18 → 74.18 (not updated)
[2026-02-02 10:25:25]   [emp_id: 2363] REFRESHED: 76.76 → 76.76 (not updated)
[2026-02-02 10:25:25]   [emp_id: 2364] REFRESHED: 76.18 → 76.18 (not updated)
[2026-02-02 10:25:25]   [emp_id: 2367] REFRESHED: 103.85 → 103.85 (not updated)
[2026-02-02 10:25:25]   [emp_id: 2368] REFRESHED: 34.26 → 34.26 (not updated)
[2026-02-02 10:25:25]   [emp_id: 2372] REFRESHED: 71.51 → 71.51 (not updated)
[2026-02-02 10:25:25]   [emp_id: 2376] REFRESHED: 121.51 → 121.51 (not updated)
[2026-02-02 10:25:25]   [emp_id: 2423] REFRESHED: 22.26 → 22.26 (not updated)
[2026-02-02 10:25:25]   [emp_id: 2519] REFRESHED: 115.93 → 115.93 (not updated)
[2026-02-02 10:25:25]   [emp_id: 2522] REFRESHED: 59.51 → 59.51 (not updated)
[2026-02-02 10:25:25]   [emp_id: 2530] REFRESHED: 54.76 → 54.76 (not updated)
[2026-02-02 10:25:25]   [emp_id: 2539] REFRESHED: 51.51 → 51.51 (not updated)
[2026-02-02 10:25:25]   [emp_id: 2541] REFRESHED: 32.1 → 32.1 (not updated)
[2026-02-02 10:25:25]   [emp_id: 2550] REFRESHED: 98.26 → 98.26 (not updated)
[2026-02-02 10:25:25]   [emp_id: 2553] REFRESHED: 35.37 → 35.37 (not updated)
[2026-02-02 10:25:25]   [emp_id: 2554] REFRESHED: 41.85 → 41.85 (not updated)
[2026-02-02 10:25:25]   [emp_id: 2565] REFRESHED: 96.43 → 96.43 (not updated)
[2026-02-02 10:25:25]   [emp_id: 2572] REFRESHED: 46.43 → 46.43 (not updated)
[2026-02-02 10:25:25]   [emp_id: 2637] REFRESHED: 67.01 → 67.01 (not updated)
[2026-02-02 10:25:25]   [emp_id: 2642] REFRESHED: 79.76 → 79.76 (not updated)
[2026-02-02 10:25:25]   [emp_id: 2645] REFRESHED: 95.76 → 95.76 (not updated)
[2026-02-02 10:25:25]   [emp_id: 2648] REFRESHED: 47.43 → 47.43 (not updated)
[2026-02-02 10:25:25]   [emp_id: 2654] REFRESHED: 90.1 → 90.1 (not updated)
[2026-02-02 10:25:25]   [emp_id: 2688] REFRESHED: 28.18 → 28.18 (not updated)
[2026-02-02 10:25:25]   [emp_id: 2690] REFRESHED: 16.93 → 16.93 (not updated)
[2026-02-02 10:25:25]   [emp_id: 2709] REFRESHED: 39.18 → 39.18 (not updated)
[2026-02-02 10:25:25]   [emp_id: 2745] REFRESHED: 35.76 → 35.76 (not updated)
[2026-02-02 10:25:25]   [emp_id: 2843] REFRESHED: 82.35 → 82.35 (not updated)
[2026-02-02 10:25:25]   [emp_id: 2854] REFRESHED: 62.26 → 62.26 (not updated)
[2026-02-02 10:25:25]   [emp_id: 2869] REFRESHED: 6.18 → 6.18 (not updated)
[2026-02-02 10:25:25]   [emp_id: 2876] REFRESHED: 37.01 → 37.01 (not updated)
[2026-02-02 10:25:25]   [emp_id: 2924] REFRESHED: 18.18 → 18.18 (not updated)
[2026-02-02 10:25:25]   [emp_id: 2953] REFRESHED: 103.93 → 103.93 (not updated)
[2026-02-02 10:25:25]   [emp_id: 2961] REFRESHED: 13.93 → 13.93 (not updated)
[2026-02-02 10:25:25]   [emp_id: 2975] REFRESHED: 3.61 → 3.61 (not updated)
[2026-02-02 10:25:25]   [emp_id: 3013] REFRESHED: 12.93 → 12.93 (not updated)
[2026-02-02 10:25:25]   [emp_id: 3014] REFRESHED: 92.18 → 92.18 (not updated)
[2026-02-02 10:25:25]   [emp_id: 3015] REFRESHED: 3.43 → 3.43 (not updated)
[2026-02-02 10:25:25]   [emp_id: 3018] REFRESHED: 62.18 → 62.18 (not updated)
[2026-02-02 10:25:25]   [emp_id: 3025] REFRESHED: 25.95 → 25.95 (not updated)
[2026-02-02 10:25:25]   [emp_id: 3037] REFRESHED: 85.68 → 85.68 (not updated)
[2026-02-02 10:25:25]   [emp_id: 3047] REFRESHED: 73.93 → 73.93 (not updated)
[2026-02-02 10:25:25]   [emp_id: 3061] REFRESHED: 20.85 → 20.85 (not updated)
[2026-02-02 10:25:25]   [emp_id: 3062] REFRESHED: 54.01 → 54.01 (not updated)
[2026-02-02 10:25:25]   [emp_id: 3074] REFRESHED: 110.43 → 110.43 (not updated)
[2026-02-02 10:25:25]   [emp_id: 3089] REFRESHED: 9.35 → 9.35 (not updated)
[2026-02-02 10:25:25]   [emp_id: 3090] REFRESHED: 35.93 → 35.93 (not updated)
[2026-02-02 10:25:25]   [emp_id: 3091] REFRESHED: 47.93 → 47.93 (not updated)
[2026-02-02 10:25:25]   [emp_id: 3092] REFRESHED: 30.6 → 30.6 (not updated)
[2026-02-02 10:25:25]   [emp_id: 3105] REFRESHED: 50.93 → 50.93 (not updated)
[2026-02-02 10:25:25]   [emp_id: 3134] REFRESHED: 46.68 → 46.68 (not updated)
[2026-02-02 10:25:25]   [emp_id: 3140] REFRESHED: 43.76 → 43.76 (not updated)
[2026-02-02 10:25:25]   [emp_id: 3144] REFRESHED: 16.6 → 16.6 (not updated)
[2026-02-02 10:25:25]   [emp_id: 3156] REFRESHED: 19.93 → 19.93 (not updated)
[2026-02-02 10:25:25]   [emp_id: 3162] REFRESHED: 4.91 → 4.91 (not updated)
[2026-02-02 10:25:25]   [emp_id: 3163] REFRESHED: 8.18 → 8.18 (not updated)
[2026-02-02 10:25:25]   [emp_id: 3198] REFRESHED: 43.18 → 43.18 (not updated)
[2026-02-02 10:25:25]   [emp_id: 3205] REFRESHED: 19.85 → 19.85 (not updated)
[2026-02-02 10:25:25]   [emp_id: 3209] REFRESHED: 44.01 → 44.01 (not updated)
[2026-02-02 10:25:25]   [emp_id: 3223] REFRESHED: 92.93 → 92.93 (not updated)
[2026-02-02 10:25:25]   [emp_id: 3224] REFRESHED: 67.68 → 67.68 (not updated)
[2026-02-02 10:25:25]   [emp_id: 3230] REFRESHED: 91.1 → 91.1 (not updated)
[2026-02-02 10:25:25]   [emp_id: 3231] REFRESHED: 3.47 → 3.47 (not updated)
[2026-02-02 10:25:25]   [emp_id: 3233] REFRESHED: 83.93 → 83.93 (not updated)
[2026-02-02 10:25:25]   [emp_id: 3249] REFRESHED: 39.76 → 39.76 (not updated)
[2026-02-02 10:25:25]   [emp_id: 3250] REFRESHED: 12.76 → 12.76 (not updated)
[2026-02-02 10:25:25]   [emp_id: 3252] REFRESHED: 13.68 → 13.68 (not updated)
[2026-02-02 10:25:25]   [emp_id: 3254] REFRESHED: 24.18 → 24.18 (not updated)
[2026-02-02 10:25:25]   [emp_id: 3255] REFRESHED: 20.6 → 20.6 (not updated)
[2026-02-02 10:25:25]   [emp_id: 3256] REFRESHED: 16.85 → 16.85 (not updated)
[2026-02-02 10:25:25]   [emp_id: 3263] REFRESHED: 32.93 → 32.93 (not updated)
[2026-02-02 10:25:25]   [emp_id: 3265] REFRESHED: 28.51 → 28.51 (not updated)
[2026-02-02 10:25:25]   [emp_id: 3280] REFRESHED: 75.43 → 75.43 (not updated)
[2026-02-02 10:25:25]   [emp_id: 3286] REFRESHED: 18.6 → 18.6 (not updated)
[2026-02-02 10:25:25]   [emp_id: 3294] REFRESHED: 18.26 → 18.26 (not updated)
[2026-02-02 10:25:25]   [emp_id: 3321] REFRESHED: 75.43 → 75.43 (not updated)
[2026-02-02 10:25:25]   [emp_id: 3325] REFRESHED: 63.18 → 63.18 (not updated)
[2026-02-02 10:25:25]   [emp_id: 3329] REFRESHED: 65.51 → 65.51 (not updated)
[2026-02-02 10:25:25]   [emp_id: 3330] REFRESHED: 65.51 → 65.51 (not updated)
[2026-02-02 10:25:25]   [emp_id: 3332] REFRESHED: 65.51 → 65.51 (not updated)
[2026-02-02 10:25:25]   [emp_id: 3370] REFRESHED: 57.02 → 57.02 (not updated)
[2026-02-02 10:25:25]   [emp_id: 3384] REFRESHED: 17.68 → 17.68 (not updated)
[2026-02-02 10:25:25]   [emp_id: 3386] REFRESHED: 47.68 → 47.68 (not updated)
[2026-02-02 10:25:25]   [emp_id: 3431] REFRESHED: 22.1 → 22.1 (not updated)
[2026-02-02 10:25:25]   [emp_id: 3497] REFRESHED: 12.26 → 12.26 (not updated)
[2026-02-02 10:25:25]   [emp_id: 3532] REFRESHED: 3.1 → 3.1 (not updated)
[2026-02-02 10:25:25]   [emp_id: 3602] REFRESHED: 4.67 → 4.67 (not updated)
[2026-02-02 10:25:25]   [emp_id: 3618] REFRESHED: 26.65 → 26.65 (not updated)
[2026-02-02 10:25:25]   [emp_id: 3622] REFRESHED: 36.81 → 36.81 (not updated)
[2026-02-02 10:25:25]   [emp_id: 3627] REFRESHED: 12.6 → 12.6 (not updated)
[2026-02-02 10:25:25]   [emp_id: 3665] REFRESHED: 54.18 → 54.18 (not updated)
[2026-02-02 10:25:25]   [emp_id: 3705] REFRESHED: 30.14 → 30.14 (not updated)
[2026-02-02 10:25:25]   [emp_id: 3724] REFRESHED: 47.18 → 47.18 (not updated)
[2026-02-02 10:25:25]   [emp_id: 3726] REFRESHED: 63.6 → 63.6 (not updated)
[2026-02-02 10:25:25]   [emp_id: 3727] REFRESHED: 68.68 → 68.68 (not updated)
[2026-02-02 10:25:25]   [emp_id: 3728] REFRESHED: 13.01 → 13.01 (not updated)
[2026-02-02 10:25:25]   [emp_id: 3767] REFRESHED: 3.76 → 3.76 (not updated)
[2026-02-02 10:25:25]   [emp_id: 3768] REFRESHED: 60.01 → 60.01 (not updated)
[2026-02-02 10:25:25]   [emp_id: 3787] REFRESHED: 60.6 → 60.6 (not updated)
[2026-02-02 10:25:25]   [emp_id: 3790] REFRESHED: 5.15 → 5.15 (not updated)
[2026-02-02 10:25:25]   [emp_id: 3795] REFRESHED: 18.1 → 18.1 (not updated)
[2026-02-02 10:25:25]   [emp_id: 3798] REFRESHED: 96.51 → 96.51 (not updated)
[2026-02-02 10:25:25]   [emp_id: 3801] REFRESHED: 4.78 → 4.78 (not updated)
[2026-02-02 10:25:25]   [emp_id: 3802] REFRESHED: 33.76 → 33.76 (not updated)
[2026-02-02 10:25:25]   [emp_id: 3803] REFRESHED: 118.18 → 118.18 (not updated)
[2026-02-02 10:25:25]   [emp_id: 3810] REFRESHED: 64.18 → 64.18 (not updated)
[2026-02-02 10:25:25]   [emp_id: 3812] REFRESHED: 93.18 → 93.18 (not updated)
[2026-02-02 10:25:25]   [emp_id: 3815] REFRESHED: 93.18 → 93.18 (not updated)
[2026-02-02 10:25:25]   [emp_id: 3836] REFRESHED: 60.85 → 60.85 (not updated)
[2026-02-02 10:25:25]   [emp_id: 3855] REFRESHED: 54.01 → 54.01 (not updated)
[2026-02-02 10:25:25]   [emp_id: 3857] REFRESHED: 57.68 → 57.68 (not updated)
[2026-02-02 10:25:25]   [emp_id: 3862] REFRESHED: 105.76 → 105.76 (not updated)
[2026-02-02 10:25:25]   [emp_id: 3866] REFRESHED: 31.01 → 31.01 (not updated)
[2026-02-02 10:25:25]   [emp_id: 3876] REFRESHED: 27.18 → 27.18 (not updated)
[2026-02-02 10:25:25]   [emp_id: 3877] REFRESHED: 52.68 → 52.68 (not updated)
[2026-02-02 10:25:25]   [emp_id: 3897] REFRESHED: 40.93 → 40.93 (not updated)
[2026-02-02 10:25:25]   [emp_id: 3899] REFRESHED: 2.75 → 2.75 (not updated)
[2026-02-02 10:25:25]   [emp_id: 3928] REFRESHED: 17.01 → 17.01 (not updated)
[2026-02-02 10:25:25]   [emp_id: 3929] REFRESHED: 12.01 → 12.01 (not updated)
[2026-02-02 10:25:25]   [emp_id: 3935] REFRESHED: 97.01 → 97.01 (not updated)
[2026-02-02 10:25:25]   [emp_id: 3952] REFRESHED: 78.35 → 78.35 (not updated)
[2026-02-02 10:25:25]   [emp_id: 3987] REFRESHED: 17.26 → 17.26 (not updated)
[2026-02-02 10:25:25]   [emp_id: 4059] REFRESHED: 6.46 → 6.46 (not updated)
[2026-02-02 10:25:25]   [emp_id: 4119] REFRESHED: 59.93 → 59.93 (not updated)
[2026-02-02 10:25:25]   [emp_id: 4120] REFRESHED: 29.51 → 29.51 (not updated)
[2026-02-02 10:25:25]   [emp_id: 4124] REFRESHED: 30.03 → 30.03 (not updated)
[2026-02-02 10:25:25]   [emp_id: 4133] REFRESHED: 108.51 → 108.51 (not updated)
[2026-02-02 10:25:25]   [emp_id: 4134] REFRESHED: 29.51 → 29.51 (not updated)
[2026-02-02 10:25:25]   [emp_id: 4136] REFRESHED: 29.51 → 29.51 (not updated)
[2026-02-02 10:25:25]   [emp_id: 4150] REFRESHED: 28.18 → 28.18 (not updated)
[2026-02-02 10:25:25]   [emp_id: 4157] REFRESHED: 21.68 → 21.68 (not updated)
[2026-02-02 10:25:25]   [emp_id: 4172] REFRESHED: 14.72 → 14.72 (not updated)
[2026-02-02 10:25:25]   [emp_id: 4195] REFRESHED: 65.26 → 65.26 (not updated)
[2026-02-02 10:25:25]   [emp_id: 4215] REFRESHED: 47.93 → 47.93 (not updated)
[2026-02-02 10:25:25]   [emp_id: 4220] REFRESHED: 43.51 → 43.51 (not updated)
[2026-02-02 10:25:25]   [emp_id: 4273] REFRESHED: 12.18 → 12.18 (not updated)
[2026-02-02 10:25:25]   [emp_id: 4283] REFRESHED: 15.81 → 15.81 (not updated)
[2026-02-02 10:25:25]   [emp_id: 4288] REFRESHED: 2.75 → 2.75 (not updated)
[2026-02-02 10:25:25]   [emp_id: 4315] REFRESHED: 15.43 → 15.43 (not updated)
[2026-02-02 10:25:25]   [emp_id: 4328] REFRESHED: 44.64 → 44.64 (not updated)
[2026-02-02 10:25:25]   [emp_id: 4329] REFRESHED: 8.6 → 8.6 (not updated)
[2026-02-02 10:25:25]   [emp_id: 4338] REFRESHED: 50.18 → 50.18 (not updated)
[2026-02-02 10:25:25]   [emp_id: 4340] REFRESHED: 112.18 → 112.18 (not updated)
[2026-02-02 10:25:25]   [emp_id: 4365] REFRESHED: 63.6 → 63.6 (not updated)
[2026-02-02 10:25:25]   [emp_id: 4366] REFRESHED: 62.68 → 62.68 (not updated)
[2026-02-02 10:25:25]   [emp_id: 4403] REFRESHED: 88.51 → 88.51 (not updated)
[2026-02-02 10:25:25]   [emp_id: 4438] REFRESHED: 24.18 → 24.18 (not updated)
[2026-02-02 10:25:25]   [emp_id: 4465] REFRESHED: 14.97 → 14.97 (not updated)
[2026-02-02 10:25:25]   [emp_id: 4473] REFRESHED: 47.76 → 47.76 (not updated)
[2026-02-02 10:25:25]   [emp_id: 4474] REFRESHED: 5.48 → 5.48 (not updated)
[2026-02-02 10:25:25]   [emp_id: 4493] REFRESHED: 166.6 → 166.6 (not updated)
[2026-02-02 10:25:25]   [emp_id: 4526] REFRESHED: 38.85 → 38.85 (not updated)
[2026-02-02 10:25:25]   [emp_id: 4528] REFRESHED: 110.6 → 110.6 (not updated)
[2026-02-02 10:25:25]   [emp_id: 4528] REFRESHED: 110.6 → 110.6 (not updated)
[2026-02-02 10:25:25]   [emp_id: 4532] REFRESHED: 10.09 → 10.09 (not updated)
[2026-02-02 10:25:25]   [emp_id: 4533] REFRESHED: 39.01 → 39.01 (not updated)
[2026-02-02 10:25:25]   [emp_id: 4565] REFRESHED: 17.47 → 17.47 (not updated)
[2026-02-02 10:25:25]   [emp_id: 4567] REFRESHED: 21.72 → 21.72 (not updated)
[2026-02-02 10:25:25]   [emp_id: 4572] REFRESHED: 61.22 → 61.22 (not updated)
[2026-02-02 10:25:25]   [emp_id: 4631] REFRESHED: 17.47 → 17.47 (not updated)
[2026-02-02 10:25:25]   [emp_id: 4655] REFRESHED: 27.93 → 27.93 (not updated)
[2026-02-02 10:25:25]   [emp_id: 4709] REFRESHED: 43.18 → 43.18 (not updated)
[2026-02-02 10:25:25]   [emp_id: 4717] REFRESHED: 69.18 → 69.18 (not updated)
[2026-02-02 10:25:25]   [emp_id: 4736] REFRESHED: 31.01 → 31.01 (not updated)
[2026-02-02 10:25:25]   [emp_id: 4756] REFRESHED: 13.91 → 13.91 (not updated)
[2026-02-02 10:25:25]   [emp_id: 4768] REFRESHED: 16.68 → 16.68 (not updated)
[2026-02-02 10:25:25]   [emp_id: 4780] REFRESHED: 67.64 → 67.64 (not updated)
[2026-02-02 10:25:25]   [emp_id: 4820] REFRESHED: 102.01 → 102.01 (not updated)
[2026-02-02 10:25:25]   [emp_id: 4824] REFRESHED: 5.19 → 5.19 (not updated)
[2026-02-02 10:25:25]   [emp_id: 4825] REFRESHED: 33.76 → 33.76 (not updated)
[2026-02-02 10:25:25]   [emp_id: 4837] REFRESHED: 47.63 → 47.63 (not updated)
[2026-02-02 10:25:25]   [emp_id: 4840] REFRESHED: 47.63 → 47.63 (not updated)
[2026-02-02 10:25:25]   [emp_id: 4842] REFRESHED: 46.87 → 46.87 (not updated)
[2026-02-02 10:25:25]   [emp_id: 4843] REFRESHED: 47.4 → 47.4 (not updated)
[2026-02-02 10:25:25]   [emp_id: 4853] REFRESHED: 91.22 → 91.22 (not updated)
[2026-02-02 10:25:25]   [emp_id: 4856] REFRESHED: 44.54 → 44.54 (not updated)
[2026-02-02 10:25:25]   [emp_id: 4857] REFRESHED: 27.36 → 27.36 (not updated)
[2026-02-02 10:25:25]   [emp_id: 4858] REFRESHED: 24.24 → 24.24 (not updated)
[2026-02-02 10:25:25]   [emp_id: 4859] REFRESHED: 45.71 → 45.71 (not updated)
[2026-02-02 10:25:25]   [emp_id: 4860] REFRESHED: 10.21 → 10.21 (not updated)
[2026-02-02 10:25:25]   [emp_id: 4861] REFRESHED: 43.67 → 43.67 (not updated)
[2026-02-02 10:25:25]   [emp_id: 4869] REFRESHED: 86.55 → 86.55 (not updated)
[2026-02-02 10:25:25]   [emp_id: 4894] REFRESHED: 10.68 → 10.68 (not updated)
[2026-02-02 10:25:25]   [emp_id: 4897] REFRESHED: 25.45 → 25.45 (not updated)
[2026-02-02 10:25:25]   [emp_id: 4899] REFRESHED: 21.62 → 21.62 (not updated)
[2026-02-02 10:25:25]   [emp_id: 4902] REFRESHED: 21.04 → 21.04 (not updated)
[2026-02-02 10:25:25]   [emp_id: 4903] REFRESHED: 23.26 → 23.26 (not updated)
[2026-02-02 10:25:25]   [emp_id: 4905] REFRESHED: 21.92 → 21.92 (not updated)
[2026-02-02 10:25:25]   [emp_id: 4907] REFRESHED: 50.76 → 50.76 (not updated)
[2026-02-02 10:25:25]   [emp_id: 4917] REFRESHED: 18.88 → 18.88 (not updated)
[2026-02-02 10:25:25]   [emp_id: 4918] REFRESHED: 8.65 → 8.65 (not updated)
[2026-02-02 10:25:25]   [emp_id: 4919] REFRESHED: 60.94 → 60.94 (not updated)
[2026-02-02 10:25:25]   [emp_id: 4920] REFRESHED: 8.02 → 8.02 (not updated)
[2026-02-02 10:25:25]   [emp_id: 4921] REFRESHED: 20.11 → 20.11 (not updated)
[2026-02-02 10:25:25]   [emp_id: 4927] REFRESHED: 18.94 → 18.94 (not updated)
[2026-02-02 10:25:25]   [emp_id: 4929] REFRESHED: 20.46 → 20.46 (not updated)
[2026-02-02 10:25:25]   [emp_id: 4930] REFRESHED: 61.23 → 61.23 (not updated)
[2026-02-02 10:25:25]   [emp_id: 4932] REFRESHED: 19.23 → 19.23 (not updated)
[2026-02-02 10:25:25]   [emp_id: 4933] REFRESHED: 22.64 → 22.64 (not updated)
[2026-02-02 10:25:25]   [emp_id: 4949] REFRESHED: 26.07 → 26.07 (not updated)
[2026-02-02 10:25:25]   [emp_id: 4956] REFRESHED: 31.66 → 31.66 (not updated)
[2026-02-02 10:25:25]   [emp_id: 4957] REFRESHED: 27.33 → 27.33 (not updated)
[2026-02-02 10:25:25]   [emp_id: 4962] REFRESHED: 50.12 → 50.12 (not updated)
[2026-02-02 10:25:25]   [emp_id: 4969] REFRESHED: 49.43 → 49.43 (not updated)
[2026-02-02 10:25:25]   [emp_id: 4976] REFRESHED: 12.35 → 12.35 (not updated)
[2026-02-02 10:25:25]   [emp_id: 4984] REFRESHED: 40.68 → 40.68 (not updated)
[2026-02-02 10:25:25]   [emp_id: 4995] REFRESHED: 52.75 → 52.75 (not updated)
[2026-02-02 10:25:25]   [emp_id: 5004] REFRESHED: 29.29 → 29.29 (not updated)
[2026-02-02 10:25:25]   [emp_id: 5006] REFRESHED: 29.03 → 29.03 (not updated)
[2026-02-02 10:25:25]   [emp_id: 5011] REFRESHED: 8.53 → 8.53 (not updated)
[2026-02-02 10:25:25]   [emp_id: 5013] REFRESHED: 69.4 → 69.4 (not updated)
[2026-02-02 10:25:25]   [emp_id: 5018] REFRESHED: 5.89 → 5.89 (not updated)
[2026-02-02 10:25:25]   [emp_id: 5021] REFRESHED: 63.78 → 63.78 (not updated)
[2026-02-02 10:25:25]   [emp_id: 5024] REFRESHED: 3.91 → 3.91 (not updated)
[2026-02-02 10:25:25]   [emp_id: 5030] REFRESHED: 33.86 → 33.86 (not updated)
[2026-02-02 10:25:25]   [emp_id: 5033] REFRESHED: 12.66 → 12.66 (not updated)
[2026-02-02 10:25:25]   [emp_id: 5043] REFRESHED: 33.35 → 33.35 (not updated)
[2026-02-02 10:25:25]   [emp_id: 5045] REFRESHED: 29.85 → 29.85 (not updated)
[2026-02-02 10:25:25]   [emp_id: 5046] REFRESHED: 25.04 → 25.04 (not updated)
[2026-02-02 10:25:25]   [emp_id: 5049] REFRESHED: 1.34 → 1.34 (not updated)
[2026-02-02 10:25:25]   [emp_id: 5052] REFRESHED: 32.62 → 32.62 (not updated)
[2026-02-02 10:25:25]   [emp_id: 5055] REFRESHED: 21.06 → 21.06 (not updated)
[2026-02-02 10:25:25]   [emp_id: 5058] REFRESHED: 30.04 → 30.04 (not updated)
[2026-02-02 10:25:25]   [emp_id: 5062] REFRESHED: 41.87 → 41.87 (not updated)
[2026-02-02 10:25:25]   [emp_id: 5064] REFRESHED: 120.68 → 120.68 (not updated)
[2026-02-02 10:25:25]   [emp_id: 5065] REFRESHED: 41.28 → 41.28 (not updated)
[2026-02-02 10:25:25]   [emp_id: 5071] REFRESHED: 26.18 → 26.18 (not updated)
[2026-02-02 10:25:25]   [emp_id: 5073] REFRESHED: 15.88 → 15.88 (not updated)
[2026-02-02 10:25:25]   [emp_id: 5079] REFRESHED: 36.44 → 36.44 (not updated)
[2026-02-02 10:25:25]   [emp_id: 5080] REFRESHED: 29.77 → 29.77 (not updated)
[2026-02-02 10:25:25]   [emp_id: 5081] REFRESHED: 18.03 → 18.03 (not updated)
[2026-02-02 10:25:25]   [emp_id: 5087] REFRESHED: 38.07 → 38.07 (not updated)
[2026-02-02 10:25:25]   [emp_id: 5091] REFRESHED: 77.92 → 77.92 (not updated)
[2026-02-02 10:25:25]   [emp_id: 5093] REFRESHED: 17.35 → 17.35 (not updated)
[2026-02-02 10:25:25]   [emp_id: 5095] REFRESHED: 3.46 → 3.46 (not updated)
[2026-02-02 10:25:25]   [emp_id: 5101] REFRESHED: 19.43 → 19.43 (not updated)
[2026-02-02 10:25:25]   [emp_id: 5107] REFRESHED: 17.76 → 17.76 (not updated)
[2026-02-02 10:25:25]   [emp_id: 5109] REFRESHED: 15.01 → 15.01 (not updated)
[2026-02-02 10:25:25]   [emp_id: 5119] REFRESHED: 13.18 → 13.18 (not updated)
[2026-02-02 10:25:25]   [emp_id: 5122] REFRESHED: 10.35 → 10.35 (not updated)
[2026-02-02 10:25:25]   [emp_id: 5126] REFRESHED: 28.8 → 28.8 (not updated)
[2026-02-02 10:25:25]   [emp_id: 5127] REFRESHED: 1.53 → 1.53 (not updated)
[2026-02-02 10:25:25]   [emp_id: 5128] REFRESHED: 28.74 → 28.74 (not updated)
[2026-02-02 10:25:25]   [emp_id: 5138] REFRESHED: 53.01 → 53.01 (not updated)
[2026-02-02 10:25:25]   [emp_id: 5138] REFRESHED: 53.01 → 53.01 (not updated)
[2026-02-02 10:25:25]   [emp_id: 5141] REFRESHED: 37.11 → 37.11 (not updated)
[2026-02-02 10:25:25]   [emp_id: 5142] REFRESHED: 16.11 → 16.11 (not updated)
[2026-02-02 10:25:25]   [emp_id: 5146] REFRESHED: 23.11 → 23.11 (not updated)
[2026-02-02 10:25:25]   [emp_id: 5147] REFRESHED: 22.11 → 22.11 (not updated)
[2026-02-02 10:25:25]   [emp_id: 5148] REFRESHED: 27.46 → 27.46 (not updated)
[2026-02-02 10:25:25]   [emp_id: 5149] REFRESHED: 26.35 → 26.35 (not updated)
[2026-02-02 10:25:25]   [emp_id: 5150] REFRESHED: 25.71 → 25.71 (not updated)
[2026-02-02 10:25:25]   [emp_id: 5151] REFRESHED: 25.53 → 25.53 (not updated)
[2026-02-02 10:25:25]   [emp_id: 5152] REFRESHED: 5.95 → 5.95 (not updated)
[2026-02-02 10:25:25]   [emp_id: 5157] REFRESHED: 25.53 → 25.53 (not updated)
[2026-02-02 10:25:25]   [emp_id: 5160] REFRESHED: 25.53 → 25.53 (not updated)
[2026-02-02 10:25:25]   [emp_id: 5163] REFRESHED: 23.32 → 23.32 (not updated)
[2026-02-02 10:25:25]   [emp_id: 5165] REFRESHED: 4.45 → 4.45 (not updated)
[2026-02-02 10:25:25]   [emp_id: 5167] REFRESHED: 32.47 → 32.47 (not updated)
[2026-02-02 10:25:25]   [emp_id: 5168] REFRESHED: 25.01 → 25.01 (not updated)
[2026-02-02 10:25:25]   [emp_id: 5173] REFRESHED: 28.1 → 28.1 (not updated)
[2026-02-02 10:25:25]   [emp_id: 5174] REFRESHED: 25.47 → 25.47 (not updated)
[2026-02-02 10:25:25]   [emp_id: 5181] REFRESHED: 21.86 → 21.86 (not updated)
[2026-02-02 10:25:25]   [emp_id: 5186] REFRESHED: 27.39 → 27.39 (not updated)
[2026-02-02 10:25:25]   [emp_id: 5187] REFRESHED: 38.39 → 38.39 (not updated)
[2026-02-02 10:25:25]   [emp_id: 5204] REFRESHED: 25.6 → 25.6 (not updated)
[2026-02-02 10:25:25]   [emp_id: 5205] REFRESHED: 14.6 → 14.6 (not updated)
[2026-02-02 10:25:25]   [emp_id: 5209] REFRESHED: 17.6 → 17.6 (not updated)
[2026-02-02 10:25:25]   [emp_id: 5213] REFRESHED: 5.01 → 5.01 (not updated)
[2026-02-02 10:25:25]   [emp_id: 5214] REFRESHED: 3.85 → 3.85 (not updated)
[2026-02-02 10:25:25]   [emp_id: 5215] REFRESHED: 12.6 → 12.6 (not updated)
[2026-02-02 10:25:25]   [emp_id: 5217] REFRESHED: 11.6 → 11.6 (not updated)
[2026-02-02 10:25:25]   [emp_id: 5219] REFRESHED: 15.6 → 15.6 (not updated)
[2026-02-02 10:25:25]   [emp_id: 5221] REFRESHED: 4.91 → 4.91 (not updated)
[2026-02-02 10:25:25]   [emp_id: 5224] REFRESHED: 16.6 → 16.6 (not updated)
[2026-02-02 10:25:25]   [emp_id: 5225] REFRESHED: 8.91 → 8.91 (not updated)
[2026-02-02 10:25:25]   [emp_id: 5228] REFRESHED: 11.6 → 11.6 (not updated)
[2026-02-02 10:25:25]   [emp_id: 5229] REFRESHED: 7.6 → 7.6 (not updated)
[2026-02-02 10:25:25]   [emp_id: 5230] REFRESHED: 12.27 → 12.27 (not updated)
[2026-02-02 10:25:25]   [emp_id: 5231] REFRESHED: 8.6 → 8.6 (not updated)
[2026-02-02 10:25:25]   [emp_id: 5232] REFRESHED: 2.6 → 2.6 (not updated)
[2026-02-02 10:25:25]   [emp_id: 5233] REFRESHED: 6.6 → 6.6 (not updated)
[2026-02-02 10:25:25]   [emp_id: 5234] REFRESHED: 6.6 → 6.6 (not updated)
[2026-02-02 10:25:25]   [emp_id: 5235] REFRESHED: 2.04 → 2.04 (not updated)
[2026-02-02 10:25:26]   [emp_id: 5237] REFRESHED: 12.85 → 12.85 (not updated)
[2026-02-02 10:25:26]   [emp_id: 5239] REFRESHED: 9.6 → 9.6 (not updated)
[2026-02-02 10:25:26]   [emp_id: 5241] REFRESHED: 7.6 → 7.6 (not updated)
[2026-02-02 10:25:26]   [emp_id: 5242] REFRESHED: 17.6 → 17.6 (not updated)
[2026-02-02 10:25:26]   [emp_id: 5243] REFRESHED: 4.01 → 4.01 (not updated)
[2026-02-02 10:25:26]   [emp_id: 5244] REFRESHED: 2.04 → 2.04 (not updated)
[2026-02-02 10:25:26]   [emp_id: 5246] REFRESHED: 13.6 → 13.6 (not updated)
[2026-02-02 10:25:26]   [emp_id: 5253] REFRESHED: 26.47 → 26.47 (not updated)
[2026-02-02 10:25:26]   [emp_id: 5254] REFRESHED: 14.45 → 14.45 (not updated)
[2026-02-02 10:25:26]   [emp_id: 5257] REFRESHED: 14.16 → 14.16 (not updated)
[2026-02-02 10:25:26]   [emp_id: 5259] REFRESHED: 50.69 → 50.69 (not updated)
[2026-02-02 10:25:26]   [emp_id: 5261] REFRESHED: 19.2 → 19.2 (not updated)
[2026-02-02 10:25:26]   [emp_id: 5264] REFRESHED: 16.17 → 16.17 (not updated)
[2026-02-02 10:25:26]   [emp_id: 5266] REFRESHED: 22.79 → 22.79 (not updated)
[2026-02-02 10:25:26]   [emp_id: 5268] REFRESHED: 11.36 → 11.36 (not updated)
[2026-02-02 10:25:26]   [emp_id: 5271] REFRESHED: 10.02 → 10.02 (not updated)
[2026-02-02 10:25:26]   [emp_id: 5272] REFRESHED: 10.89 → 10.89 (not updated)
[2026-02-02 10:25:26]   [emp_id: 5273] REFRESHED: 25.96 → 25.96 (not updated)
[2026-02-02 10:25:26]   [emp_id: 5275] REFRESHED: 11.71 → 11.71 (not updated)
[2026-02-02 10:25:26]   [emp_id: 5276] REFRESHED: 25.98 → 25.98 (not updated)
[2026-02-02 10:25:26]   [emp_id: 5278] REFRESHED: 10.37 → 10.37 (not updated)
[2026-02-02 10:25:26]   [emp_id: 5280] REFRESHED: 20.77 → 20.77 (not updated)
[2026-02-02 10:25:26]   [emp_id: 5282] REFRESHED: 14.68 → 14.68 (not updated)
[2026-02-02 10:25:26]   [emp_id: 5285] REFRESHED: 30.77 → 30.77 (not updated)
[2026-02-02 10:25:26]   [emp_id: 5286] REFRESHED: 17.77 → 17.77 (not updated)
[2026-02-02 10:25:26]   [emp_id: 5287] REFRESHED: 52.07 → 52.07 (not updated)
[2026-02-02 10:25:26]   [emp_id: 5288] REFRESHED: 9.34 → 9.34 (not updated)
[2026-02-02 10:25:26]   [emp_id: 5289] REFRESHED: 50.62 → 50.62 (not updated)
[2026-02-02 10:25:26]   [emp_id: 5290] REFRESHED: 49.39 → 49.39 (not updated)
[2026-02-02 10:25:26]   [emp_id: 5291] REFRESHED: 7.39 → 7.39 (not updated)
[2026-02-02 10:25:26]   [emp_id: 5292] REFRESHED: 7.33 → 7.33 (not updated)
[2026-02-02 10:25:26]   [emp_id: 5293] REFRESHED: 10.94 → 10.94 (not updated)
[2026-02-02 10:25:26]   [emp_id: 5294] REFRESHED: 10.6 → 10.6 (not updated)
[2026-02-02 10:25:26]   [emp_id: 5295] REFRESHED: 23.57 → 23.57 (not updated)
[2026-02-02 10:25:26]   [emp_id: 5296] REFRESHED: 37.62 → 37.62 (not updated)
[2026-02-02 10:25:26]   [emp_id: 5297] REFRESHED: 47.99 → 47.99 (not updated)
[2026-02-02 10:25:26]   [emp_id: 5298] REFRESHED: 47.99 → 47.99 (not updated)
[2026-02-02 10:25:26]   [emp_id: 5299] REFRESHED: 47.99 → 47.99 (not updated)
[2026-02-02 10:25:26]   [emp_id: 5300] REFRESHED: 47.99 → 47.99 (not updated)
[2026-02-02 10:25:26]   [emp_id: 5301] REFRESHED: 5.81 → 5.81 (not updated)
[2026-02-02 10:25:26]   [emp_id: 5303] REFRESHED: 6.24 → 6.24 (not updated)
[2026-02-02 10:25:26]   [emp_id: 5304] REFRESHED: 2.99 → 2.99 (not updated)
[2026-02-02 10:25:26]   [emp_id: 5305] REFRESHED: 5.99 → 5.99 (not updated)
[2026-02-02 10:25:26]   [emp_id: 5306] REFRESHED: 47.7 → 47.7 (not updated)
[2026-02-02 10:25:26]   [emp_id: 5307] REFRESHED: 47.7 → 47.7 (not updated)
[2026-02-02 10:25:26]   [emp_id: 5312] REFRESHED: 2.04 → 2.04 (not updated)
[2026-02-02 10:25:26]   [emp_id: 5318] REFRESHED: 28.41 → 28.41 (not updated)
[2026-02-02 10:25:26]   [emp_id: 5325] REFRESHED: 2.37 → 2.37 (not updated)
[2026-02-02 10:25:26]   [emp_id: 5327] REFRESHED: 3.46 → 3.46 (not updated)
[2026-02-02 10:25:26]   [emp_id: 5337] REFRESHED: 38.51 → 38.51 (not updated)
[2026-02-02 10:25:26]   [emp_id: 5339] REFRESHED: 12.56 → 12.56 (not updated)
[2026-02-02 10:25:26]   [emp_id: 5343] REFRESHED: 48.51 → 48.51 (not updated)
[2026-02-02 10:25:26]   [emp_id: 5343] REFRESHED: 48.43 → 48.43 (not updated)
[2026-02-02 10:25:26]   [emp_id: 5345] REFRESHED: 18.26 → 18.26 (not updated)
[2026-02-02 10:25:26]   [emp_id: 5346] REFRESHED: 4.28 → 4.28 (not updated)
[2026-02-02 10:25:26]   [emp_id: 5351] REFRESHED: 19.22 → 19.22 (not updated)
[2026-02-02 10:25:26]   [emp_id: 5352] REFRESHED: 28.68 → 28.68 (not updated)
[2026-02-02 10:25:26]   [emp_id: 5370] REFRESHED: 17.87 → 17.87 (not updated)
[2026-02-02 10:25:26]   [emp_id: 5371] REFRESHED: 10.43 → 10.43 (not updated)
[2026-02-02 10:25:26]   [emp_id: 5376] REFRESHED: 12.47 → 12.47 (not updated)
[2026-02-02 10:25:26]   [emp_id: 5378] REFRESHED: 20.51 → 20.51 (not updated)
[2026-02-02 10:25:26]   [emp_id: 5380] REFRESHED: 18.88 → 18.88 (not updated)
[2026-02-02 10:25:26]   [emp_id: 5381] REFRESHED: 14.95 → 14.95 (not updated)
[2026-02-02 10:25:26]   [emp_id: 5383] REFRESHED: 18.26 → 18.26 (not updated)
[2026-02-02 10:25:26]   [emp_id: 5388] REFRESHED: 29.66 → 29.66 (not updated)
[2026-02-02 10:25:26]   [emp_id: 5396] REFRESHED: 30.9 → 30.9 (not updated)
[2026-02-02 10:25:26]   [emp_id: 5397] REFRESHED: 22.36 → 22.36 (not updated)
[2026-02-02 10:25:26]   [emp_id: 5401] REFRESHED: 25.47 → 25.47 (not updated)
[2026-02-02 10:25:26]   [emp_id: 5402] REFRESHED: 25.59 → 25.59 (not updated)
[2026-02-02 10:25:26]   [emp_id: 5406] REFRESHED: 19.31 → 19.31 (not updated)
[2026-02-02 10:25:26]   [emp_id: 5407] REFRESHED: 19.03 → 19.03 (not updated)
[2026-02-02 10:25:26]   [emp_id: 5409] REFRESHED: 18.65 → 18.65 (not updated)
[2026-02-02 10:25:26]   [emp_id: 5413] REFRESHED: 31.43 → 31.43 (not updated)
[2026-02-02 10:25:26]   [emp_id: 5414] REFRESHED: 31.1 → 31.1 (not updated)
[2026-02-02 10:25:26]   [emp_id: 5415] REFRESHED: 7.03 → 7.03 (not updated)
[2026-02-02 10:25:26]   [emp_id: 5418] REFRESHED: 17.71 → 17.71 (not updated)
[2026-02-02 10:25:26]   [emp_id: 5422] REFRESHED: 23.76 → 23.76 (not updated)
[2026-02-02 10:25:26]   [emp_id: 5423] REFRESHED: 8.45 → 8.45 (not updated)
[2026-02-02 10:25:26]   [emp_id: 5425] REFRESHED: 16.26 → 16.26 (not updated)
[2026-02-02 10:25:26]   [emp_id: 5426] REFRESHED: 5.08 → 5.08 (not updated)
[2026-02-02 10:25:26]   [emp_id: 5426] REFRESHED: 5 → 5 (not updated)
[2026-02-02 10:25:26]   [emp_id: 5427] REFRESHED: 16.37 → 16.37 (not updated)
[2026-02-02 10:25:26]   [emp_id: 5428] REFRESHED: 16.26 → 16.26 (not updated)
[2026-02-02 10:25:26]   [emp_id: 5430] REFRESHED: 20.82 → 20.82 (not updated)
[2026-02-02 10:25:26]   [emp_id: 5431] REFRESHED: 15.38 → 15.38 (not updated)
[2026-02-02 10:25:26]   [emp_id: 5433] REFRESHED: 15.4 → 15.4 (not updated)
[2026-02-02 10:25:26]   [emp_id: 5434] REFRESHED: 15.15 → 15.15 (not updated)
[2026-02-02 10:25:26]   [emp_id: 5435] REFRESHED: 15.09 → 15.09 (not updated)
[2026-02-02 10:25:26]   [emp_id: 5436] REFRESHED: 15.09 → 15.09 (not updated)
[2026-02-02 10:25:26]   [emp_id: 5438] REFRESHED: 18.68 → 18.68 (not updated)
[2026-02-02 10:25:26]   [emp_id: 5439] REFRESHED: 28.18 → 28.18 (not updated)
[2026-02-02 10:25:26]   [emp_id: 5442] REFRESHED: 17.18 → 17.18 (not updated)
[2026-02-02 10:25:26]   [emp_id: 5445] REFRESHED: 9.55 → 9.55 (not updated)
[2026-02-02 10:25:26]   [emp_id: 5446] REFRESHED: 9.55 → 9.55 (not updated)
[2026-02-02 10:25:26]   [emp_id: 5447] REFRESHED: 9.49 → 9.49 (not updated)
[2026-02-02 10:25:26]   [emp_id: 5448] REFRESHED: 4.2 → 4.2 (not updated)
[2026-02-02 10:25:26]   [emp_id: 5449] REFRESHED: 7.57 → 7.57 (not updated)
[2026-02-02 10:25:26]   [emp_id: 5450] REFRESHED: 7.51 → 7.51 (not updated)
[2026-02-02 10:25:26]   [emp_id: 5451] REFRESHED: 7.51 → 7.51 (not updated)
[2026-02-02 10:25:26]   [emp_id: 5453] REFRESHED: 7.35 → 7.35 (not updated)
[2026-02-02 10:25:26]   [emp_id: 5454] REFRESHED: 10.26 → 10.26 (not updated)
[2026-02-02 10:25:26]   [emp_id: 5455] REFRESHED: 4.51 → 4.51 (not updated)
[2026-02-02 10:25:26]   [emp_id: 5456] REFRESHED: 9.51 → 9.51 (not updated)
[2026-02-02 10:25:26]   [emp_id: 5457] REFRESHED: 6.6 → 6.6 (not updated)
[2026-02-02 10:25:26]   [emp_id: 5460] REFRESHED: 8.16 → 8.16 (not updated)
[2026-02-02 10:25:26]   [emp_id: 5463] REFRESHED: 7.49 → 7.49 (not updated)
[2026-02-02 10:25:26]   [emp_id: 5464] REFRESHED: 7.49 → 7.49 (not updated)
[2026-02-02 10:25:26]   [emp_id: 5466] REFRESHED: 5.24 → 5.24 (not updated)
[2026-02-02 10:25:26]   [emp_id: 5467] REFRESHED: 4.16 → 4.16 (not updated)
[2026-02-02 10:25:26]   [emp_id: 5468] REFRESHED: 3.11 → 3.11 (not updated)
[2026-02-02 10:25:26]   [emp_id: 5469] REFRESHED: 3.02 → 3.02 (not updated)
[2026-02-02 10:25:26] Report saved to: D:\xampp\htdocs\almutlak\system/cron_logs/last_vacation_update_report.json
[2026-02-02 10:25:41] ========== CRON: Vacation Balance Update Started ==========
[2026-02-02 10:25:41] Force level: 1 (0=normal, 1=check missing, 2=full bypass)
[2026-02-02 10:25:41] Source: Browser (?force=1)
[2026-02-02 10:25:41] FORCE LEVEL 1: Checking for missing records and refreshing values (NOT updating last_updated)
[2026-02-02 10:25:41] FORCE LEVEL 1: Checking for missing records only
[2026-02-02 10:25:41] Database connection established
[2026-02-02 10:25:41] Found 433 active employees with balance records to update
[2026-02-02 10:25:41] (Only employees with status=1 will be processed)
[2026-02-02 10:25:41]   [emp_id: 1061] REFRESHED: 2.75 → 2.75 (not updated)
[2026-02-02 10:25:41]   [emp_id: 1496] REFRESHED: 19.6 → 19.6 (not updated)
[2026-02-02 10:25:41]   [emp_id: 1500] REFRESHED: 7.28 → 7.28 (not updated)
[2026-02-02 10:25:41]   [emp_id: 1574] REFRESHED: 36.51 → 36.51 (not updated)
[2026-02-02 10:25:41]   [emp_id: 1673] REFRESHED: 48.01 → 48.01 (not updated)
[2026-02-02 10:25:41]   [emp_id: 1685] REFRESHED: 17.93 → 17.93 (not updated)
[2026-02-02 10:25:41]   [emp_id: 1764] REFRESHED: 72.6 → 72.6 (not updated)
[2026-02-02 10:25:41]   [emp_id: 1805] REFRESHED: 66.93 → 66.93 (not updated)
[2026-02-02 10:25:41]   [emp_id: 1822] REFRESHED: 71.68 → 71.68 (not updated)
[2026-02-02 10:25:41]   [emp_id: 1837] REFRESHED: 27.85 → 27.85 (not updated)
[2026-02-02 10:25:41]   [emp_id: 1857] REFRESHED: 23.18 → 23.18 (not updated)
[2026-02-02 10:25:41]   [emp_id: 1861] REFRESHED: 74.01 → 74.01 (not updated)
[2026-02-02 10:25:41]   [emp_id: 1872] REFRESHED: 12.85 → 12.85 (not updated)
[2026-02-02 10:25:41]   [emp_id: 1897] REFRESHED: 8.18 → 8.18 (not updated)
[2026-02-02 10:25:41]   [emp_id: 1916] REFRESHED: 14.48 → 14.48 (not updated)
[2026-02-02 10:25:41]   [emp_id: 1928] REFRESHED: 67.43 → 67.43 (not updated)
[2026-02-02 10:25:41]   [emp_id: 1931] REFRESHED: 87.35 → 87.35 (not updated)
[2026-02-02 10:25:41]   [emp_id: 1944] REFRESHED: 45.51 → 45.51 (not updated)
[2026-02-02 10:25:41]   [emp_id: 1996] REFRESHED: 74.01 → 74.01 (not updated)
[2026-02-02 10:25:41]   [emp_id: 1997] REFRESHED: 39.18 → 39.18 (not updated)
[2026-02-02 10:25:41]   [emp_id: 1998] REFRESHED: 30.62 → 30.62 (not updated)
[2026-02-02 10:25:41]   [emp_id: 1999] REFRESHED: 31.62 → 31.62 (not updated)
[2026-02-02 10:25:41]   [emp_id: 2009] REFRESHED: 37.93 → 37.93 (not updated)
[2026-02-02 10:25:41]   [emp_id: 2048] REFRESHED: 27.76 → 27.76 (not updated)
[2026-02-02 10:25:41]   [emp_id: 2057] REFRESHED: 68.6 → 68.6 (not updated)
[2026-02-02 10:25:41]   [emp_id: 2079] REFRESHED: 50.93 → 50.93 (not updated)
[2026-02-02 10:25:41]   [emp_id: 2181] REFRESHED: 39.93 → 39.93 (not updated)
[2026-02-02 10:25:41]   [emp_id: 2190] REFRESHED: 9.26 → 9.26 (not updated)
[2026-02-02 10:25:41]   [emp_id: 2212] REFRESHED: 27.26 → 27.26 (not updated)
[2026-02-02 10:25:41]   [emp_id: 2226] REFRESHED: 72.01 → 72.01 (not updated)
[2026-02-02 10:25:41]   [emp_id: 2238] REFRESHED: 70.26 → 70.26 (not updated)
[2026-02-02 10:25:41]   [emp_id: 2285] REFRESHED: 38.93 → 38.93 (not updated)
[2026-02-02 10:25:41]   [emp_id: 2287] REFRESHED: 50.6 → 50.6 (not updated)
[2026-02-02 10:25:41]   [emp_id: 2288] REFRESHED: 5.62 → 5.62 (not updated)
[2026-02-02 10:25:41]   [emp_id: 2316] REFRESHED: 19.43 → 19.43 (not updated)
[2026-02-02 10:25:41]   [emp_id: 2337] REFRESHED: 40.51 → 40.51 (not updated)
[2026-02-02 10:25:41]   [emp_id: 2352] REFRESHED: 72.01 → 72.01 (not updated)
[2026-02-02 10:25:41]   [emp_id: 2358] REFRESHED: 8.51 → 8.51 (not updated)
[2026-02-02 10:25:41]   [emp_id: 2361] REFRESHED: 74.18 → 74.18 (not updated)
[2026-02-02 10:25:41]   [emp_id: 2363] REFRESHED: 76.76 → 76.76 (not updated)
[2026-02-02 10:25:41]   [emp_id: 2364] REFRESHED: 76.18 → 76.18 (not updated)
[2026-02-02 10:25:41]   [emp_id: 2367] REFRESHED: 103.85 → 103.85 (not updated)
[2026-02-02 10:25:41]   [emp_id: 2368] REFRESHED: 34.26 → 34.26 (not updated)
[2026-02-02 10:25:41]   [emp_id: 2372] REFRESHED: 71.51 → 71.51 (not updated)
[2026-02-02 10:25:41]   [emp_id: 2376] REFRESHED: 121.51 → 121.51 (not updated)
[2026-02-02 10:25:41]   [emp_id: 2423] REFRESHED: 22.26 → 22.26 (not updated)
[2026-02-02 10:25:41]   [emp_id: 2519] REFRESHED: 115.93 → 115.93 (not updated)
[2026-02-02 10:25:41]   [emp_id: 2522] REFRESHED: 59.51 → 59.51 (not updated)
[2026-02-02 10:25:41]   [emp_id: 2530] REFRESHED: 54.76 → 54.76 (not updated)
[2026-02-02 10:25:41]   [emp_id: 2539] REFRESHED: 51.51 → 51.51 (not updated)
[2026-02-02 10:25:41]   [emp_id: 2541] REFRESHED: 32.1 → 32.1 (not updated)
[2026-02-02 10:25:41]   [emp_id: 2550] REFRESHED: 98.26 → 98.26 (not updated)
[2026-02-02 10:25:41]   [emp_id: 2553] REFRESHED: 35.37 → 35.37 (not updated)
[2026-02-02 10:25:41]   [emp_id: 2554] REFRESHED: 41.85 → 41.85 (not updated)
[2026-02-02 10:25:41]   [emp_id: 2565] REFRESHED: 96.43 → 96.43 (not updated)
[2026-02-02 10:25:41]   [emp_id: 2572] REFRESHED: 46.43 → 46.43 (not updated)
[2026-02-02 10:25:41]   [emp_id: 2637] REFRESHED: 67.01 → 67.01 (not updated)
[2026-02-02 10:25:41]   [emp_id: 2642] REFRESHED: 79.76 → 79.76 (not updated)
[2026-02-02 10:25:41]   [emp_id: 2645] REFRESHED: 95.76 → 95.76 (not updated)
[2026-02-02 10:25:41]   [emp_id: 2648] REFRESHED: 47.43 → 47.43 (not updated)
[2026-02-02 10:25:41]   [emp_id: 2654] REFRESHED: 90.1 → 90.1 (not updated)
[2026-02-02 10:25:41]   [emp_id: 2688] REFRESHED: 28.18 → 28.18 (not updated)
[2026-02-02 10:25:41]   [emp_id: 2690] REFRESHED: 16.93 → 16.93 (not updated)
[2026-02-02 10:25:41]   [emp_id: 2709] REFRESHED: 39.18 → 39.18 (not updated)
[2026-02-02 10:25:41]   [emp_id: 2745] REFRESHED: 35.76 → 35.76 (not updated)
[2026-02-02 10:25:41]   [emp_id: 2843] REFRESHED: 82.35 → 82.35 (not updated)
[2026-02-02 10:25:41]   [emp_id: 2854] REFRESHED: 62.26 → 62.26 (not updated)
[2026-02-02 10:25:41]   [emp_id: 2869] REFRESHED: 6.18 → 6.18 (not updated)
[2026-02-02 10:25:41]   [emp_id: 2876] REFRESHED: 37.01 → 37.01 (not updated)
[2026-02-02 10:25:41]   [emp_id: 2924] REFRESHED: 18.18 → 18.18 (not updated)
[2026-02-02 10:25:41]   [emp_id: 2953] REFRESHED: 103.93 → 103.93 (not updated)
[2026-02-02 10:25:41]   [emp_id: 2961] REFRESHED: 13.93 → 13.93 (not updated)
[2026-02-02 10:25:41]   [emp_id: 2975] REFRESHED: 3.61 → 3.61 (not updated)
[2026-02-02 10:25:41]   [emp_id: 3013] REFRESHED: 12.93 → 12.93 (not updated)
[2026-02-02 10:25:41]   [emp_id: 3014] REFRESHED: 92.18 → 92.18 (not updated)
[2026-02-02 10:25:41]   [emp_id: 3015] REFRESHED: 3.43 → 3.43 (not updated)
[2026-02-02 10:25:41]   [emp_id: 3018] REFRESHED: 62.18 → 62.18 (not updated)
[2026-02-02 10:25:41]   [emp_id: 3025] REFRESHED: 25.95 → 25.95 (not updated)
[2026-02-02 10:25:41]   [emp_id: 3037] REFRESHED: 85.68 → 85.68 (not updated)
[2026-02-02 10:25:41]   [emp_id: 3047] REFRESHED: 73.93 → 73.93 (not updated)
[2026-02-02 10:25:41]   [emp_id: 3061] REFRESHED: 20.85 → 20.85 (not updated)
[2026-02-02 10:25:41]   [emp_id: 3062] REFRESHED: 54.01 → 54.01 (not updated)
[2026-02-02 10:25:41]   [emp_id: 3074] REFRESHED: 110.43 → 110.43 (not updated)
[2026-02-02 10:25:41]   [emp_id: 3089] REFRESHED: 9.35 → 9.35 (not updated)
[2026-02-02 10:25:41]   [emp_id: 3090] REFRESHED: 35.93 → 35.93 (not updated)
[2026-02-02 10:25:41]   [emp_id: 3091] REFRESHED: 47.93 → 47.93 (not updated)
[2026-02-02 10:25:41]   [emp_id: 3092] REFRESHED: 30.6 → 30.6 (not updated)
[2026-02-02 10:25:41]   [emp_id: 3105] REFRESHED: 50.93 → 50.93 (not updated)
[2026-02-02 10:25:41]   [emp_id: 3134] REFRESHED: 46.68 → 46.68 (not updated)
[2026-02-02 10:25:41]   [emp_id: 3140] REFRESHED: 43.76 → 43.76 (not updated)
[2026-02-02 10:25:41]   [emp_id: 3144] REFRESHED: 16.6 → 16.6 (not updated)
[2026-02-02 10:25:41]   [emp_id: 3156] REFRESHED: 19.93 → 19.93 (not updated)
[2026-02-02 10:25:41]   [emp_id: 3162] REFRESHED: 4.91 → 4.91 (not updated)
[2026-02-02 10:25:41]   [emp_id: 3163] REFRESHED: 8.18 → 8.18 (not updated)
[2026-02-02 10:25:41]   [emp_id: 3198] REFRESHED: 43.18 → 43.18 (not updated)
[2026-02-02 10:25:41]   [emp_id: 3205] REFRESHED: 19.85 → 19.85 (not updated)
[2026-02-02 10:25:41]   [emp_id: 3209] REFRESHED: 44.01 → 44.01 (not updated)
[2026-02-02 10:25:41]   [emp_id: 3223] REFRESHED: 92.93 → 92.93 (not updated)
[2026-02-02 10:25:41]   [emp_id: 3224] REFRESHED: 67.68 → 67.68 (not updated)
[2026-02-02 10:25:41]   [emp_id: 3230] REFRESHED: 91.1 → 91.1 (not updated)
[2026-02-02 10:25:41]   [emp_id: 3231] REFRESHED: 3.47 → 3.47 (not updated)
[2026-02-02 10:25:41]   [emp_id: 3233] REFRESHED: 83.93 → 83.93 (not updated)
[2026-02-02 10:25:41]   [emp_id: 3249] REFRESHED: 39.76 → 39.76 (not updated)
[2026-02-02 10:25:41]   [emp_id: 3250] REFRESHED: 12.76 → 12.76 (not updated)
[2026-02-02 10:25:41]   [emp_id: 3252] REFRESHED: 13.68 → 13.68 (not updated)
[2026-02-02 10:25:41]   [emp_id: 3254] REFRESHED: 24.18 → 24.18 (not updated)
[2026-02-02 10:25:41]   [emp_id: 3255] REFRESHED: 20.6 → 20.6 (not updated)
[2026-02-02 10:25:41]   [emp_id: 3256] REFRESHED: 16.85 → 16.85 (not updated)
[2026-02-02 10:25:41]   [emp_id: 3263] REFRESHED: 32.93 → 32.93 (not updated)
[2026-02-02 10:25:41]   [emp_id: 3265] REFRESHED: 28.51 → 28.51 (not updated)
[2026-02-02 10:25:41]   [emp_id: 3280] REFRESHED: 75.43 → 75.43 (not updated)
[2026-02-02 10:25:41]   [emp_id: 3286] REFRESHED: 18.6 → 18.6 (not updated)
[2026-02-02 10:25:41]   [emp_id: 3294] REFRESHED: 18.26 → 18.26 (not updated)
[2026-02-02 10:25:41]   [emp_id: 3321] REFRESHED: 75.43 → 75.43 (not updated)
[2026-02-02 10:25:41]   [emp_id: 3325] REFRESHED: 63.18 → 63.18 (not updated)
[2026-02-02 10:25:41]   [emp_id: 3329] REFRESHED: 65.51 → 65.51 (not updated)
[2026-02-02 10:25:41]   [emp_id: 3330] REFRESHED: 65.51 → 65.51 (not updated)
[2026-02-02 10:25:41]   [emp_id: 3332] REFRESHED: 65.51 → 65.51 (not updated)
[2026-02-02 10:25:41]   [emp_id: 3370] REFRESHED: 57.02 → 57.02 (not updated)
[2026-02-02 10:25:41]   [emp_id: 3384] REFRESHED: 17.68 → 17.68 (not updated)
[2026-02-02 10:25:41]   [emp_id: 3386] REFRESHED: 47.68 → 47.68 (not updated)
[2026-02-02 10:25:41]   [emp_id: 3431] REFRESHED: 22.1 → 22.1 (not updated)
[2026-02-02 10:25:41]   [emp_id: 3497] REFRESHED: 12.26 → 12.26 (not updated)
[2026-02-02 10:25:41]   [emp_id: 3532] REFRESHED: 3.1 → 3.1 (not updated)
[2026-02-02 10:25:41]   [emp_id: 3602] REFRESHED: 4.67 → 4.67 (not updated)
[2026-02-02 10:25:41]   [emp_id: 3618] REFRESHED: 26.65 → 26.65 (not updated)
[2026-02-02 10:25:41]   [emp_id: 3622] REFRESHED: 36.81 → 36.81 (not updated)
[2026-02-02 10:25:41]   [emp_id: 3627] REFRESHED: 12.6 → 12.6 (not updated)
[2026-02-02 10:25:41]   [emp_id: 3665] REFRESHED: 54.18 → 54.18 (not updated)
[2026-02-02 10:25:41]   [emp_id: 3705] REFRESHED: 30.14 → 30.14 (not updated)
[2026-02-02 10:25:41]   [emp_id: 3724] REFRESHED: 47.18 → 47.18 (not updated)
[2026-02-02 10:25:41]   [emp_id: 3726] REFRESHED: 63.6 → 63.6 (not updated)
[2026-02-02 10:25:41]   [emp_id: 3727] REFRESHED: 68.68 → 68.68 (not updated)
[2026-02-02 10:25:41]   [emp_id: 3728] REFRESHED: 13.01 → 13.01 (not updated)
[2026-02-02 10:25:41]   [emp_id: 3767] REFRESHED: 3.76 → 3.76 (not updated)
[2026-02-02 10:25:41]   [emp_id: 3768] REFRESHED: 60.01 → 60.01 (not updated)
[2026-02-02 10:25:41]   [emp_id: 3787] REFRESHED: 60.6 → 60.6 (not updated)
[2026-02-02 10:25:41]   [emp_id: 3790] REFRESHED: 5.15 → 5.15 (not updated)
[2026-02-02 10:25:41]   [emp_id: 3795] REFRESHED: 18.1 → 18.1 (not updated)
[2026-02-02 10:25:41]   [emp_id: 3798] REFRESHED: 96.51 → 96.51 (not updated)
[2026-02-02 10:25:41]   [emp_id: 3801] REFRESHED: 4.78 → 4.78 (not updated)
[2026-02-02 10:25:41]   [emp_id: 3802] REFRESHED: 33.76 → 33.76 (not updated)
[2026-02-02 10:25:41]   [emp_id: 3803] REFRESHED: 118.18 → 118.18 (not updated)
[2026-02-02 10:25:41]   [emp_id: 3810] REFRESHED: 64.18 → 64.18 (not updated)
[2026-02-02 10:25:41]   [emp_id: 3812] REFRESHED: 93.18 → 93.18 (not updated)
[2026-02-02 10:25:41]   [emp_id: 3815] REFRESHED: 93.18 → 93.18 (not updated)
[2026-02-02 10:25:41]   [emp_id: 3836] REFRESHED: 60.85 → 60.85 (not updated)
[2026-02-02 10:25:41]   [emp_id: 3855] REFRESHED: 54.01 → 54.01 (not updated)
[2026-02-02 10:25:41]   [emp_id: 3857] REFRESHED: 57.68 → 57.68 (not updated)
[2026-02-02 10:25:41]   [emp_id: 3862] REFRESHED: 105.76 → 105.76 (not updated)
[2026-02-02 10:25:41]   [emp_id: 3866] REFRESHED: 31.01 → 31.01 (not updated)
[2026-02-02 10:25:41]   [emp_id: 3876] REFRESHED: 27.18 → 27.18 (not updated)
[2026-02-02 10:25:41]   [emp_id: 3877] REFRESHED: 52.68 → 52.68 (not updated)
[2026-02-02 10:25:41]   [emp_id: 3897] REFRESHED: 40.93 → 40.93 (not updated)
[2026-02-02 10:25:41]   [emp_id: 3899] REFRESHED: 2.75 → 2.75 (not updated)
[2026-02-02 10:25:41]   [emp_id: 3928] REFRESHED: 17.01 → 17.01 (not updated)
[2026-02-02 10:25:41]   [emp_id: 3929] REFRESHED: 12.01 → 12.01 (not updated)
[2026-02-02 10:25:41]   [emp_id: 3935] REFRESHED: 97.01 → 97.01 (not updated)
[2026-02-02 10:25:41]   [emp_id: 3952] REFRESHED: 78.35 → 78.35 (not updated)
[2026-02-02 10:25:41]   [emp_id: 3987] REFRESHED: 17.26 → 17.26 (not updated)
[2026-02-02 10:25:41]   [emp_id: 4059] REFRESHED: 6.46 → 6.46 (not updated)
[2026-02-02 10:25:41]   [emp_id: 4119] REFRESHED: 59.93 → 59.93 (not updated)
[2026-02-02 10:25:41]   [emp_id: 4120] REFRESHED: 29.51 → 29.51 (not updated)
[2026-02-02 10:25:41]   [emp_id: 4124] REFRESHED: 30.03 → 30.03 (not updated)
[2026-02-02 10:25:41]   [emp_id: 4133] REFRESHED: 108.51 → 108.51 (not updated)
[2026-02-02 10:25:41]   [emp_id: 4134] REFRESHED: 29.51 → 29.51 (not updated)
[2026-02-02 10:25:41]   [emp_id: 4136] REFRESHED: 29.51 → 29.51 (not updated)
[2026-02-02 10:25:41]   [emp_id: 4150] REFRESHED: 28.18 → 28.18 (not updated)
[2026-02-02 10:25:41]   [emp_id: 4157] REFRESHED: 21.68 → 21.68 (not updated)
[2026-02-02 10:25:41]   [emp_id: 4172] REFRESHED: 14.72 → 14.72 (not updated)
[2026-02-02 10:25:41]   [emp_id: 4195] REFRESHED: 65.26 → 65.26 (not updated)
[2026-02-02 10:25:41]   [emp_id: 4215] REFRESHED: 47.93 → 47.93 (not updated)
[2026-02-02 10:25:41]   [emp_id: 4220] REFRESHED: 43.51 → 43.51 (not updated)
[2026-02-02 10:25:41]   [emp_id: 4273] REFRESHED: 12.18 → 12.18 (not updated)
[2026-02-02 10:25:41]   [emp_id: 4283] REFRESHED: 15.81 → 15.81 (not updated)
[2026-02-02 10:25:41]   [emp_id: 4288] REFRESHED: 2.75 → 2.75 (not updated)
[2026-02-02 10:25:41]   [emp_id: 4315] REFRESHED: 15.43 → 15.43 (not updated)
[2026-02-02 10:25:41]   [emp_id: 4328] REFRESHED: 44.64 → 44.64 (not updated)
[2026-02-02 10:25:41]   [emp_id: 4329] REFRESHED: 8.6 → 8.6 (not updated)
[2026-02-02 10:25:41]   [emp_id: 4338] REFRESHED: 50.18 → 50.18 (not updated)
[2026-02-02 10:25:41]   [emp_id: 4340] REFRESHED: 112.18 → 112.18 (not updated)
[2026-02-02 10:25:41]   [emp_id: 4365] REFRESHED: 63.6 → 63.6 (not updated)
[2026-02-02 10:25:41]   [emp_id: 4366] REFRESHED: 62.68 → 62.68 (not updated)
[2026-02-02 10:25:41]   [emp_id: 4403] REFRESHED: 88.51 → 88.51 (not updated)
[2026-02-02 10:25:41]   [emp_id: 4438] REFRESHED: 24.18 → 24.18 (not updated)
[2026-02-02 10:25:41]   [emp_id: 4465] REFRESHED: 14.97 → 14.97 (not updated)
[2026-02-02 10:25:41]   [emp_id: 4473] REFRESHED: 47.76 → 47.76 (not updated)
[2026-02-02 10:25:41]   [emp_id: 4474] REFRESHED: 5.48 → 5.48 (not updated)
[2026-02-02 10:25:41]   [emp_id: 4493] REFRESHED: 166.6 → 166.6 (not updated)
[2026-02-02 10:25:41]   [emp_id: 4526] REFRESHED: 38.85 → 38.85 (not updated)
[2026-02-02 10:25:41]   [emp_id: 4528] REFRESHED: 110.6 → 110.6 (not updated)
[2026-02-02 10:25:41]   [emp_id: 4528] REFRESHED: 110.6 → 110.6 (not updated)
[2026-02-02 10:25:41]   [emp_id: 4532] REFRESHED: 10.09 → 10.09 (not updated)
[2026-02-02 10:25:41]   [emp_id: 4533] REFRESHED: 39.01 → 39.01 (not updated)
[2026-02-02 10:25:41]   [emp_id: 4565] REFRESHED: 17.47 → 17.47 (not updated)
[2026-02-02 10:25:41]   [emp_id: 4567] REFRESHED: 21.72 → 21.72 (not updated)
[2026-02-02 10:25:41]   [emp_id: 4572] REFRESHED: 61.22 → 61.22 (not updated)
[2026-02-02 10:25:41]   [emp_id: 4631] REFRESHED: 17.47 → 17.47 (not updated)
[2026-02-02 10:25:41]   [emp_id: 4655] REFRESHED: 27.93 → 27.93 (not updated)
[2026-02-02 10:25:41]   [emp_id: 4709] REFRESHED: 43.18 → 43.18 (not updated)
[2026-02-02 10:25:41]   [emp_id: 4717] REFRESHED: 69.18 → 69.18 (not updated)
[2026-02-02 10:25:41]   [emp_id: 4736] REFRESHED: 31.01 → 31.01 (not updated)
[2026-02-02 10:25:41]   [emp_id: 4756] REFRESHED: 13.91 → 13.91 (not updated)
[2026-02-02 10:25:41]   [emp_id: 4768] REFRESHED: 16.68 → 16.68 (not updated)
[2026-02-02 10:25:41]   [emp_id: 4780] REFRESHED: 67.64 → 67.64 (not updated)
[2026-02-02 10:25:41]   [emp_id: 4820] REFRESHED: 102.01 → 102.01 (not updated)
[2026-02-02 10:25:41]   [emp_id: 4824] REFRESHED: 5.19 → 5.19 (not updated)
[2026-02-02 10:25:41]   [emp_id: 4825] REFRESHED: 33.76 → 33.76 (not updated)
[2026-02-02 10:25:41]   [emp_id: 4837] REFRESHED: 47.63 → 47.63 (not updated)
[2026-02-02 10:25:41]   [emp_id: 4840] REFRESHED: 47.63 → 47.63 (not updated)
[2026-02-02 10:25:41]   [emp_id: 4842] REFRESHED: 46.87 → 46.87 (not updated)
[2026-02-02 10:25:41]   [emp_id: 4843] REFRESHED: 47.4 → 47.4 (not updated)
[2026-02-02 10:25:41]   [emp_id: 4853] REFRESHED: 91.22 → 91.22 (not updated)
[2026-02-02 10:25:41]   [emp_id: 4856] REFRESHED: 44.54 → 44.54 (not updated)
[2026-02-02 10:25:41]   [emp_id: 4857] REFRESHED: 27.36 → 27.36 (not updated)
[2026-02-02 10:25:41]   [emp_id: 4858] REFRESHED: 24.24 → 24.24 (not updated)
[2026-02-02 10:25:41]   [emp_id: 4859] REFRESHED: 45.71 → 45.71 (not updated)
[2026-02-02 10:25:41]   [emp_id: 4860] REFRESHED: 10.21 → 10.21 (not updated)
[2026-02-02 10:25:41]   [emp_id: 4861] REFRESHED: 43.67 → 43.67 (not updated)
[2026-02-02 10:25:41]   [emp_id: 4869] REFRESHED: 86.55 → 86.55 (not updated)
[2026-02-02 10:25:41]   [emp_id: 4894] REFRESHED: 10.68 → 10.68 (not updated)
[2026-02-02 10:25:41]   [emp_id: 4897] REFRESHED: 25.45 → 25.45 (not updated)
[2026-02-02 10:25:41]   [emp_id: 4899] REFRESHED: 21.62 → 21.62 (not updated)
[2026-02-02 10:25:41]   [emp_id: 4902] REFRESHED: 21.04 → 21.04 (not updated)
[2026-02-02 10:25:41]   [emp_id: 4903] REFRESHED: 23.26 → 23.26 (not updated)
[2026-02-02 10:25:41]   [emp_id: 4905] REFRESHED: 21.92 → 21.92 (not updated)
[2026-02-02 10:25:41]   [emp_id: 4907] REFRESHED: 50.76 → 50.76 (not updated)
[2026-02-02 10:25:41]   [emp_id: 4917] REFRESHED: 18.88 → 18.88 (not updated)
[2026-02-02 10:25:41]   [emp_id: 4918] REFRESHED: 8.65 → 8.65 (not updated)
[2026-02-02 10:25:41]   [emp_id: 4919] REFRESHED: 60.94 → 60.94 (not updated)
[2026-02-02 10:25:41]   [emp_id: 4920] REFRESHED: 8.02 → 8.02 (not updated)
[2026-02-02 10:25:41]   [emp_id: 4921] REFRESHED: 20.11 → 20.11 (not updated)
[2026-02-02 10:25:41]   [emp_id: 4927] REFRESHED: 18.94 → 18.94 (not updated)
[2026-02-02 10:25:41]   [emp_id: 4929] REFRESHED: 20.46 → 20.46 (not updated)
[2026-02-02 10:25:41]   [emp_id: 4930] REFRESHED: 61.23 → 61.23 (not updated)
[2026-02-02 10:25:41]   [emp_id: 4932] REFRESHED: 19.23 → 19.23 (not updated)
[2026-02-02 10:25:41]   [emp_id: 4933] REFRESHED: 22.64 → 22.64 (not updated)
[2026-02-02 10:25:41]   [emp_id: 4949] REFRESHED: 26.07 → 26.07 (not updated)
[2026-02-02 10:25:41]   [emp_id: 4956] REFRESHED: 31.66 → 31.66 (not updated)
[2026-02-02 10:25:41]   [emp_id: 4957] REFRESHED: 27.33 → 27.33 (not updated)
[2026-02-02 10:25:41]   [emp_id: 4962] REFRESHED: 50.12 → 50.12 (not updated)
[2026-02-02 10:25:41]   [emp_id: 4969] REFRESHED: 49.43 → 49.43 (not updated)
[2026-02-02 10:25:41]   [emp_id: 4976] REFRESHED: 12.35 → 12.35 (not updated)
[2026-02-02 10:25:41]   [emp_id: 4984] REFRESHED: 40.68 → 40.68 (not updated)
[2026-02-02 10:25:41]   [emp_id: 4995] REFRESHED: 52.75 → 52.75 (not updated)
[2026-02-02 10:25:41]   [emp_id: 5004] REFRESHED: 29.29 → 29.29 (not updated)
[2026-02-02 10:25:41]   [emp_id: 5006] REFRESHED: 29.03 → 29.03 (not updated)
[2026-02-02 10:25:41]   [emp_id: 5011] REFRESHED: 8.53 → 8.53 (not updated)
[2026-02-02 10:25:41]   [emp_id: 5013] REFRESHED: 69.4 → 69.4 (not updated)
[2026-02-02 10:25:41]   [emp_id: 5018] REFRESHED: 5.89 → 5.89 (not updated)
[2026-02-02 10:25:41]   [emp_id: 5021] REFRESHED: 63.78 → 63.78 (not updated)
[2026-02-02 10:25:41]   [emp_id: 5024] REFRESHED: 3.91 → 3.91 (not updated)
[2026-02-02 10:25:41]   [emp_id: 5030] REFRESHED: 33.86 → 33.86 (not updated)
[2026-02-02 10:25:41]   [emp_id: 5033] REFRESHED: 12.66 → 12.66 (not updated)
[2026-02-02 10:25:41]   [emp_id: 5043] REFRESHED: 33.35 → 33.35 (not updated)
[2026-02-02 10:25:41]   [emp_id: 5045] REFRESHED: 29.85 → 29.85 (not updated)
[2026-02-02 10:25:41]   [emp_id: 5046] REFRESHED: 25.04 → 25.04 (not updated)
[2026-02-02 10:25:41]   [emp_id: 5049] REFRESHED: 1.34 → 1.34 (not updated)
[2026-02-02 10:25:41]   [emp_id: 5052] REFRESHED: 32.62 → 32.62 (not updated)
[2026-02-02 10:25:41]   [emp_id: 5055] REFRESHED: 21.06 → 21.06 (not updated)
[2026-02-02 10:25:41]   [emp_id: 5058] REFRESHED: 30.04 → 30.04 (not updated)
[2026-02-02 10:25:41]   [emp_id: 5062] REFRESHED: 41.87 → 41.87 (not updated)
[2026-02-02 10:25:41]   [emp_id: 5064] REFRESHED: 120.68 → 120.68 (not updated)
[2026-02-02 10:25:41]   [emp_id: 5065] REFRESHED: 41.28 → 41.28 (not updated)
[2026-02-02 10:25:41]   [emp_id: 5071] REFRESHED: 26.18 → 26.18 (not updated)
[2026-02-02 10:25:41]   [emp_id: 5073] REFRESHED: 15.88 → 15.88 (not updated)
[2026-02-02 10:25:41]   [emp_id: 5079] REFRESHED: 36.44 → 36.44 (not updated)
[2026-02-02 10:25:41]   [emp_id: 5080] REFRESHED: 29.77 → 29.77 (not updated)
[2026-02-02 10:25:41]   [emp_id: 5081] REFRESHED: 18.03 → 18.03 (not updated)
[2026-02-02 10:25:41]   [emp_id: 5087] REFRESHED: 38.07 → 38.07 (not updated)
[2026-02-02 10:25:41]   [emp_id: 5091] REFRESHED: 77.92 → 77.92 (not updated)
[2026-02-02 10:25:41]   [emp_id: 5093] REFRESHED: 17.35 → 17.35 (not updated)
[2026-02-02 10:25:41]   [emp_id: 5095] REFRESHED: 3.46 → 3.46 (not updated)
[2026-02-02 10:25:41]   [emp_id: 5101] REFRESHED: 19.43 → 19.43 (not updated)
[2026-02-02 10:25:41]   [emp_id: 5107] REFRESHED: 17.76 → 17.76 (not updated)
[2026-02-02 10:25:41]   [emp_id: 5109] REFRESHED: 15.01 → 15.01 (not updated)
[2026-02-02 10:25:41]   [emp_id: 5119] REFRESHED: 13.18 → 13.18 (not updated)
[2026-02-02 10:25:41]   [emp_id: 5122] REFRESHED: 10.35 → 10.35 (not updated)
[2026-02-02 10:25:41]   [emp_id: 5126] REFRESHED: 28.8 → 28.8 (not updated)
[2026-02-02 10:25:41]   [emp_id: 5127] REFRESHED: 1.53 → 1.53 (not updated)
[2026-02-02 10:25:41]   [emp_id: 5128] REFRESHED: 28.74 → 28.74 (not updated)
[2026-02-02 10:25:41]   [emp_id: 5138] REFRESHED: 53.01 → 53.01 (not updated)
[2026-02-02 10:25:41]   [emp_id: 5138] REFRESHED: 53.01 → 53.01 (not updated)
[2026-02-02 10:25:41]   [emp_id: 5141] REFRESHED: 37.11 → 37.11 (not updated)
[2026-02-02 10:25:41]   [emp_id: 5142] REFRESHED: 16.11 → 16.11 (not updated)
[2026-02-02 10:25:41]   [emp_id: 5146] REFRESHED: 23.11 → 23.11 (not updated)
[2026-02-02 10:25:41]   [emp_id: 5147] REFRESHED: 22.11 → 22.11 (not updated)
[2026-02-02 10:25:41]   [emp_id: 5148] REFRESHED: 27.46 → 27.46 (not updated)
[2026-02-02 10:25:41]   [emp_id: 5149] REFRESHED: 26.35 → 26.35 (not updated)
[2026-02-02 10:25:41]   [emp_id: 5150] REFRESHED: 25.71 → 25.71 (not updated)
[2026-02-02 10:25:41]   [emp_id: 5151] REFRESHED: 25.53 → 25.53 (not updated)
[2026-02-02 10:25:41]   [emp_id: 5152] REFRESHED: 5.95 → 5.95 (not updated)
[2026-02-02 10:25:41]   [emp_id: 5157] REFRESHED: 25.53 → 25.53 (not updated)
[2026-02-02 10:25:41]   [emp_id: 5160] REFRESHED: 25.53 → 25.53 (not updated)
[2026-02-02 10:25:41]   [emp_id: 5163] REFRESHED: 23.32 → 23.32 (not updated)
[2026-02-02 10:25:41]   [emp_id: 5165] REFRESHED: 4.45 → 4.45 (not updated)
[2026-02-02 10:25:41]   [emp_id: 5167] REFRESHED: 32.47 → 32.47 (not updated)
[2026-02-02 10:25:41]   [emp_id: 5168] REFRESHED: 25.01 → 25.01 (not updated)
[2026-02-02 10:25:41]   [emp_id: 5173] REFRESHED: 28.1 → 28.1 (not updated)
[2026-02-02 10:25:41]   [emp_id: 5174] REFRESHED: 25.47 → 25.47 (not updated)
[2026-02-02 10:25:41]   [emp_id: 5181] REFRESHED: 21.86 → 21.86 (not updated)
[2026-02-02 10:25:41]   [emp_id: 5186] REFRESHED: 27.39 → 27.39 (not updated)
[2026-02-02 10:25:41]   [emp_id: 5187] REFRESHED: 38.39 → 38.39 (not updated)
[2026-02-02 10:25:41]   [emp_id: 5204] REFRESHED: 25.6 → 25.6 (not updated)
[2026-02-02 10:25:41]   [emp_id: 5205] REFRESHED: 14.6 → 14.6 (not updated)
[2026-02-02 10:25:41]   [emp_id: 5209] REFRESHED: 17.6 → 17.6 (not updated)
[2026-02-02 10:25:41]   [emp_id: 5213] REFRESHED: 5.01 → 5.01 (not updated)
[2026-02-02 10:25:41]   [emp_id: 5214] REFRESHED: 3.85 → 3.85 (not updated)
[2026-02-02 10:25:41]   [emp_id: 5215] REFRESHED: 12.6 → 12.6 (not updated)
[2026-02-02 10:25:41]   [emp_id: 5217] REFRESHED: 11.6 → 11.6 (not updated)
[2026-02-02 10:25:41]   [emp_id: 5219] REFRESHED: 15.6 → 15.6 (not updated)
[2026-02-02 10:25:41]   [emp_id: 5221] REFRESHED: 4.91 → 4.91 (not updated)
[2026-02-02 10:25:41]   [emp_id: 5224] REFRESHED: 16.6 → 16.6 (not updated)
[2026-02-02 10:25:41]   [emp_id: 5225] REFRESHED: 8.91 → 8.91 (not updated)
[2026-02-02 10:25:41]   [emp_id: 5228] REFRESHED: 11.6 → 11.6 (not updated)
[2026-02-02 10:25:41]   [emp_id: 5229] REFRESHED: 7.6 → 7.6 (not updated)
[2026-02-02 10:25:41]   [emp_id: 5230] REFRESHED: 12.27 → 12.27 (not updated)
[2026-02-02 10:25:41]   [emp_id: 5231] REFRESHED: 8.6 → 8.6 (not updated)
[2026-02-02 10:25:41]   [emp_id: 5232] REFRESHED: 2.6 → 2.6 (not updated)
[2026-02-02 10:25:41]   [emp_id: 5233] REFRESHED: 6.6 → 6.6 (not updated)
[2026-02-02 10:25:41]   [emp_id: 5234] REFRESHED: 6.6 → 6.6 (not updated)
[2026-02-02 10:25:41]   [emp_id: 5235] REFRESHED: 2.04 → 2.04 (not updated)
[2026-02-02 10:25:41]   [emp_id: 5237] REFRESHED: 12.85 → 12.85 (not updated)
[2026-02-02 10:25:41]   [emp_id: 5239] REFRESHED: 9.6 → 9.6 (not updated)
[2026-02-02 10:25:41]   [emp_id: 5241] REFRESHED: 7.6 → 7.6 (not updated)
[2026-02-02 10:25:41]   [emp_id: 5242] REFRESHED: 17.6 → 17.6 (not updated)
[2026-02-02 10:25:41]   [emp_id: 5243] REFRESHED: 4.01 → 4.01 (not updated)
[2026-02-02 10:25:41]   [emp_id: 5244] REFRESHED: 2.04 → 2.04 (not updated)
[2026-02-02 10:25:41]   [emp_id: 5246] REFRESHED: 13.6 → 13.6 (not updated)
[2026-02-02 10:25:41]   [emp_id: 5253] REFRESHED: 26.47 → 26.47 (not updated)
[2026-02-02 10:25:41]   [emp_id: 5254] REFRESHED: 14.45 → 14.45 (not updated)
[2026-02-02 10:25:41]   [emp_id: 5257] REFRESHED: 14.16 → 14.16 (not updated)
[2026-02-02 10:25:41]   [emp_id: 5259] REFRESHED: 50.69 → 50.69 (not updated)
[2026-02-02 10:25:41]   [emp_id: 5261] REFRESHED: 19.2 → 19.2 (not updated)
[2026-02-02 10:25:41]   [emp_id: 5264] REFRESHED: 16.17 → 16.17 (not updated)
[2026-02-02 10:25:41]   [emp_id: 5266] REFRESHED: 22.79 → 22.79 (not updated)
[2026-02-02 10:25:41]   [emp_id: 5268] REFRESHED: 11.36 → 11.36 (not updated)
[2026-02-02 10:25:41]   [emp_id: 5271] REFRESHED: 10.02 → 10.02 (not updated)
[2026-02-02 10:25:41]   [emp_id: 5272] REFRESHED: 10.89 → 10.89 (not updated)
[2026-02-02 10:25:41]   [emp_id: 5273] REFRESHED: 25.96 → 25.96 (not updated)
[2026-02-02 10:25:41]   [emp_id: 5275] REFRESHED: 11.71 → 11.71 (not updated)
[2026-02-02 10:25:41]   [emp_id: 5276] REFRESHED: 25.98 → 25.98 (not updated)
[2026-02-02 10:25:41]   [emp_id: 5278] REFRESHED: 10.37 → 10.37 (not updated)
[2026-02-02 10:25:41]   [emp_id: 5280] REFRESHED: 20.77 → 20.77 (not updated)
[2026-02-02 10:25:41]   [emp_id: 5282] REFRESHED: 14.68 → 14.68 (not updated)
[2026-02-02 10:25:41]   [emp_id: 5285] REFRESHED: 30.77 → 30.77 (not updated)
[2026-02-02 10:25:41]   [emp_id: 5286] REFRESHED: 17.77 → 17.77 (not updated)
[2026-02-02 10:25:41]   [emp_id: 5287] REFRESHED: 52.07 → 52.07 (not updated)
[2026-02-02 10:25:41]   [emp_id: 5288] REFRESHED: 9.34 → 9.34 (not updated)
[2026-02-02 10:25:41]   [emp_id: 5289] REFRESHED: 50.62 → 50.62 (not updated)
[2026-02-02 10:25:41]   [emp_id: 5290] REFRESHED: 49.39 → 49.39 (not updated)
[2026-02-02 10:25:41]   [emp_id: 5291] REFRESHED: 7.39 → 7.39 (not updated)
[2026-02-02 10:25:41]   [emp_id: 5292] REFRESHED: 7.33 → 7.33 (not updated)
[2026-02-02 10:25:41]   [emp_id: 5293] REFRESHED: 10.94 → 10.94 (not updated)
[2026-02-02 10:25:41]   [emp_id: 5294] REFRESHED: 10.6 → 10.6 (not updated)
[2026-02-02 10:25:41]   [emp_id: 5295] REFRESHED: 23.57 → 23.57 (not updated)
[2026-02-02 10:25:41]   [emp_id: 5296] REFRESHED: 37.62 → 37.62 (not updated)
[2026-02-02 10:25:41]   [emp_id: 5297] REFRESHED: 47.99 → 47.99 (not updated)
[2026-02-02 10:25:41]   [emp_id: 5298] REFRESHED: 47.99 → 47.99 (not updated)
[2026-02-02 10:25:41]   [emp_id: 5299] REFRESHED: 47.99 → 47.99 (not updated)
[2026-02-02 10:25:41]   [emp_id: 5300] REFRESHED: 47.99 → 47.99 (not updated)
[2026-02-02 10:25:41]   [emp_id: 5301] REFRESHED: 5.81 → 5.81 (not updated)
[2026-02-02 10:25:41]   [emp_id: 5303] REFRESHED: 6.24 → 6.24 (not updated)
[2026-02-02 10:25:41]   [emp_id: 5304] REFRESHED: 2.99 → 2.99 (not updated)
[2026-02-02 10:25:41]   [emp_id: 5305] REFRESHED: 5.99 → 5.99 (not updated)
[2026-02-02 10:25:41]   [emp_id: 5306] REFRESHED: 47.7 → 47.7 (not updated)
[2026-02-02 10:25:41]   [emp_id: 5307] REFRESHED: 47.7 → 47.7 (not updated)
[2026-02-02 10:25:41]   [emp_id: 5312] REFRESHED: 2.04 → 2.04 (not updated)
[2026-02-02 10:25:41]   [emp_id: 5318] REFRESHED: 28.41 → 28.41 (not updated)
[2026-02-02 10:25:41]   [emp_id: 5325] REFRESHED: 2.37 → 2.37 (not updated)
[2026-02-02 10:25:41]   [emp_id: 5327] REFRESHED: 3.46 → 3.46 (not updated)
[2026-02-02 10:25:41]   [emp_id: 5337] REFRESHED: 38.51 → 38.51 (not updated)
[2026-02-02 10:25:41]   [emp_id: 5339] REFRESHED: 12.56 → 12.56 (not updated)
[2026-02-02 10:25:41]   [emp_id: 5343] REFRESHED: 48.51 → 48.51 (not updated)
[2026-02-02 10:25:41]   [emp_id: 5343] REFRESHED: 48.43 → 48.43 (not updated)
[2026-02-02 10:25:41]   [emp_id: 5345] REFRESHED: 18.26 → 18.26 (not updated)
[2026-02-02 10:25:41]   [emp_id: 5346] REFRESHED: 4.28 → 4.28 (not updated)
[2026-02-02 10:25:41]   [emp_id: 5351] REFRESHED: 19.22 → 19.22 (not updated)
[2026-02-02 10:25:41]   [emp_id: 5352] REFRESHED: 28.68 → 28.68 (not updated)
[2026-02-02 10:25:41]   [emp_id: 5370] REFRESHED: 17.87 → 17.87 (not updated)
[2026-02-02 10:25:41]   [emp_id: 5371] REFRESHED: 10.43 → 10.43 (not updated)
[2026-02-02 10:25:41]   [emp_id: 5376] REFRESHED: 12.47 → 12.47 (not updated)
[2026-02-02 10:25:41]   [emp_id: 5378] REFRESHED: 20.51 → 20.51 (not updated)
[2026-02-02 10:25:41]   [emp_id: 5380] REFRESHED: 18.88 → 18.88 (not updated)
[2026-02-02 10:25:41]   [emp_id: 5381] REFRESHED: 14.95 → 14.95 (not updated)
[2026-02-02 10:25:41]   [emp_id: 5383] REFRESHED: 18.26 → 18.26 (not updated)
[2026-02-02 10:25:41]   [emp_id: 5388] REFRESHED: 29.66 → 29.66 (not updated)
[2026-02-02 10:25:41]   [emp_id: 5396] REFRESHED: 30.9 → 30.9 (not updated)
[2026-02-02 10:25:41]   [emp_id: 5397] REFRESHED: 22.36 → 22.36 (not updated)
[2026-02-02 10:25:41]   [emp_id: 5401] REFRESHED: 25.47 → 25.47 (not updated)
[2026-02-02 10:25:41]   [emp_id: 5402] REFRESHED: 25.59 → 25.59 (not updated)
[2026-02-02 10:25:41]   [emp_id: 5406] REFRESHED: 19.31 → 19.31 (not updated)
[2026-02-02 10:25:41]   [emp_id: 5407] REFRESHED: 19.03 → 19.03 (not updated)
[2026-02-02 10:25:41]   [emp_id: 5409] REFRESHED: 18.65 → 18.65 (not updated)
[2026-02-02 10:25:41]   [emp_id: 5413] REFRESHED: 31.43 → 31.43 (not updated)
[2026-02-02 10:25:41]   [emp_id: 5414] REFRESHED: 31.1 → 31.1 (not updated)
[2026-02-02 10:25:41]   [emp_id: 5415] REFRESHED: 7.03 → 7.03 (not updated)
[2026-02-02 10:25:41]   [emp_id: 5418] REFRESHED: 17.71 → 17.71 (not updated)
[2026-02-02 10:25:41]   [emp_id: 5422] REFRESHED: 23.76 → 23.76 (not updated)
[2026-02-02 10:25:41]   [emp_id: 5423] REFRESHED: 8.45 → 8.45 (not updated)
[2026-02-02 10:25:41]   [emp_id: 5425] REFRESHED: 16.26 → 16.26 (not updated)
[2026-02-02 10:25:41]   [emp_id: 5426] REFRESHED: 5.08 → 5.08 (not updated)
[2026-02-02 10:25:41]   [emp_id: 5426] REFRESHED: 5 → 5 (not updated)
[2026-02-02 10:25:41]   [emp_id: 5427] REFRESHED: 16.37 → 16.37 (not updated)
[2026-02-02 10:25:41]   [emp_id: 5428] REFRESHED: 16.26 → 16.26 (not updated)
[2026-02-02 10:25:41]   [emp_id: 5430] REFRESHED: 20.82 → 20.82 (not updated)
[2026-02-02 10:25:41]   [emp_id: 5431] REFRESHED: 15.38 → 15.38 (not updated)
[2026-02-02 10:25:41]   [emp_id: 5433] REFRESHED: 15.4 → 15.4 (not updated)
[2026-02-02 10:25:41]   [emp_id: 5434] REFRESHED: 15.15 → 15.15 (not updated)
[2026-02-02 10:25:41]   [emp_id: 5435] REFRESHED: 15.09 → 15.09 (not updated)
[2026-02-02 10:25:41]   [emp_id: 5436] REFRESHED: 15.09 → 15.09 (not updated)
[2026-02-02 10:25:41]   [emp_id: 5438] REFRESHED: 18.68 → 18.68 (not updated)
[2026-02-02 10:25:41]   [emp_id: 5439] REFRESHED: 28.18 → 28.18 (not updated)
[2026-02-02 10:25:41]   [emp_id: 5442] REFRESHED: 17.18 → 17.18 (not updated)
[2026-02-02 10:25:41]   [emp_id: 5445] REFRESHED: 9.55 → 9.55 (not updated)
[2026-02-02 10:25:41]   [emp_id: 5446] REFRESHED: 9.55 → 9.55 (not updated)
[2026-02-02 10:25:41]   [emp_id: 5447] REFRESHED: 9.49 → 9.49 (not updated)
[2026-02-02 10:25:41]   [emp_id: 5448] REFRESHED: 4.2 → 4.2 (not updated)
[2026-02-02 10:25:41]   [emp_id: 5449] REFRESHED: 7.57 → 7.57 (not updated)
[2026-02-02 10:25:41]   [emp_id: 5450] REFRESHED: 7.51 → 7.51 (not updated)
[2026-02-02 10:25:41]   [emp_id: 5451] REFRESHED: 7.51 → 7.51 (not updated)
[2026-02-02 10:25:41]   [emp_id: 5453] REFRESHED: 7.35 → 7.35 (not updated)
[2026-02-02 10:25:41]   [emp_id: 5454] REFRESHED: 10.26 → 10.26 (not updated)
[2026-02-02 10:25:41]   [emp_id: 5455] REFRESHED: 4.51 → 4.51 (not updated)
[2026-02-02 10:25:41]   [emp_id: 5456] REFRESHED: 9.51 → 9.51 (not updated)
[2026-02-02 10:25:41]   [emp_id: 5457] REFRESHED: 6.6 → 6.6 (not updated)
[2026-02-02 10:25:41]   [emp_id: 5460] REFRESHED: 8.16 → 8.16 (not updated)
[2026-02-02 10:25:41]   [emp_id: 5463] REFRESHED: 7.49 → 7.49 (not updated)
[2026-02-02 10:25:41]   [emp_id: 5464] REFRESHED: 7.49 → 7.49 (not updated)
[2026-02-02 10:25:41]   [emp_id: 5466] REFRESHED: 5.24 → 5.24 (not updated)
[2026-02-02 10:25:41]   [emp_id: 5467] REFRESHED: 4.16 → 4.16 (not updated)
[2026-02-02 10:25:41]   [emp_id: 5468] REFRESHED: 3.11 → 3.11 (not updated)
[2026-02-02 10:25:41]   [emp_id: 5469] REFRESHED: 3.02 → 3.02 (not updated)
[2026-02-02 10:25:41] Report saved to: D:\xampp\htdocs\almutlak\system/cron_logs/last_vacation_update_report.json
[2026-02-02 10:26:57] ========== CRON: Vacation Balance Update Started ==========
[2026-02-02 10:26:57] Force level: 1 (0=normal, 1=check missing, 2=full bypass)
[2026-02-02 10:26:57] Source: Browser (?force=1)
[2026-02-02 10:26:57] FORCE LEVEL 1: Checking for missing records and refreshing values (NOT updating last_updated)
[2026-02-02 10:26:57] FORCE LEVEL 1: Checking for missing records only
[2026-02-02 10:26:57] Database connection established
[2026-02-02 10:26:57] Found 433 active employees with balance records to update
[2026-02-02 10:26:57] (Only employees with status=1 will be processed)
[2026-02-02 10:26:57]   [emp_id: 1061] REFRESHED: 2.75 → 2.75 (not updated)
[2026-02-02 10:26:57]   [emp_id: 1496] REFRESHED: 19.6 → 19.6 (not updated)
[2026-02-02 10:26:57]   [emp_id: 1500] REFRESHED: 7.28 → 7.28 (not updated)
[2026-02-02 10:26:57]   [emp_id: 1574] REFRESHED: 36.51 → 36.51 (not updated)
[2026-02-02 10:26:57]   [emp_id: 1673] REFRESHED: 48.01 → 48.01 (not updated)
[2026-02-02 10:26:57]   [emp_id: 1685] REFRESHED: 17.93 → 17.93 (not updated)
[2026-02-02 10:26:57]   [emp_id: 1764] REFRESHED: 72.6 → 72.6 (not updated)
[2026-02-02 10:26:57]   [emp_id: 1805] REFRESHED: 66.93 → 66.93 (not updated)
[2026-02-02 10:26:57]   [emp_id: 1822] REFRESHED: 71.68 → 71.68 (not updated)
[2026-02-02 10:26:57]   [emp_id: 1837] REFRESHED: 27.85 → 27.85 (not updated)
[2026-02-02 10:26:57]   [emp_id: 1857] REFRESHED: 23.18 → 23.18 (not updated)
[2026-02-02 10:26:57]   [emp_id: 1861] REFRESHED: 74.01 → 74.01 (not updated)
[2026-02-02 10:26:57]   [emp_id: 1872] REFRESHED: 12.85 → 12.85 (not updated)
[2026-02-02 10:26:57]   [emp_id: 1897] REFRESHED: 8.18 → 8.18 (not updated)
[2026-02-02 10:26:57]   [emp_id: 1916] REFRESHED: 14.48 → 14.48 (not updated)
[2026-02-02 10:26:57]   [emp_id: 1928] REFRESHED: 67.43 → 67.43 (not updated)
[2026-02-02 10:26:57]   [emp_id: 1931] REFRESHED: 87.35 → 87.35 (not updated)
[2026-02-02 10:26:57]   [emp_id: 1944] REFRESHED: 45.51 → 45.51 (not updated)
[2026-02-02 10:26:57]   [emp_id: 1996] REFRESHED: 74.01 → 74.01 (not updated)
[2026-02-02 10:26:57]   [emp_id: 1997] REFRESHED: 39.18 → 39.18 (not updated)
[2026-02-02 10:26:57]   [emp_id: 1998] REFRESHED: 30.62 → 30.62 (not updated)
[2026-02-02 10:26:57]   [emp_id: 1999] REFRESHED: 31.62 → 31.62 (not updated)
[2026-02-02 10:26:57]   [emp_id: 2009] REFRESHED: 37.93 → 37.93 (not updated)
[2026-02-02 10:26:57]   [emp_id: 2048] REFRESHED: 27.76 → 27.76 (not updated)
[2026-02-02 10:26:57]   [emp_id: 2057] REFRESHED: 68.6 → 68.6 (not updated)
[2026-02-02 10:26:57]   [emp_id: 2079] REFRESHED: 50.93 → 50.93 (not updated)
[2026-02-02 10:26:57]   [emp_id: 2181] REFRESHED: 39.93 → 39.93 (not updated)
[2026-02-02 10:26:57]   [emp_id: 2190] REFRESHED: 9.26 → 9.26 (not updated)
[2026-02-02 10:26:57]   [emp_id: 2212] REFRESHED: 27.26 → 27.26 (not updated)
[2026-02-02 10:26:57]   [emp_id: 2226] REFRESHED: 72.01 → 72.01 (not updated)
[2026-02-02 10:26:57]   [emp_id: 2238] REFRESHED: 70.26 → 70.26 (not updated)
[2026-02-02 10:26:57]   [emp_id: 2285] REFRESHED: 38.93 → 38.93 (not updated)
[2026-02-02 10:26:57]   [emp_id: 2287] REFRESHED: 50.6 → 50.6 (not updated)
[2026-02-02 10:26:57]   [emp_id: 2288] REFRESHED: 5.62 → 5.62 (not updated)
[2026-02-02 10:26:57]   [emp_id: 2316] REFRESHED: 19.43 → 19.43 (not updated)
[2026-02-02 10:26:57]   [emp_id: 2337] REFRESHED: 40.51 → 40.51 (not updated)
[2026-02-02 10:26:57]   [emp_id: 2352] REFRESHED: 72.01 → 72.01 (not updated)
[2026-02-02 10:26:57]   [emp_id: 2358] REFRESHED: 8.51 → 8.51 (not updated)
[2026-02-02 10:26:57]   [emp_id: 2361] REFRESHED: 74.18 → 74.18 (not updated)
[2026-02-02 10:26:57]   [emp_id: 2363] REFRESHED: 76.76 → 76.76 (not updated)
[2026-02-02 10:26:57]   [emp_id: 2364] REFRESHED: 76.18 → 76.18 (not updated)
[2026-02-02 10:26:57]   [emp_id: 2367] REFRESHED: 103.85 → 103.85 (not updated)
[2026-02-02 10:26:57]   [emp_id: 2368] REFRESHED: 34.26 → 34.26 (not updated)
[2026-02-02 10:26:57]   [emp_id: 2372] REFRESHED: 71.51 → 71.51 (not updated)
[2026-02-02 10:26:57]   [emp_id: 2376] REFRESHED: 121.51 → 121.51 (not updated)
[2026-02-02 10:26:57]   [emp_id: 2423] REFRESHED: 22.26 → 22.26 (not updated)
[2026-02-02 10:26:57]   [emp_id: 2519] REFRESHED: 115.93 → 115.93 (not updated)
[2026-02-02 10:26:57]   [emp_id: 2522] REFRESHED: 59.51 → 59.51 (not updated)
[2026-02-02 10:26:57]   [emp_id: 2530] REFRESHED: 54.76 → 54.76 (not updated)
[2026-02-02 10:26:57]   [emp_id: 2539] REFRESHED: 51.51 → 51.51 (not updated)
[2026-02-02 10:26:57]   [emp_id: 2541] REFRESHED: 32.1 → 32.1 (not updated)
[2026-02-02 10:26:57]   [emp_id: 2550] REFRESHED: 98.26 → 98.26 (not updated)
[2026-02-02 10:26:57]   [emp_id: 2553] REFRESHED: 35.37 → 35.37 (not updated)
[2026-02-02 10:26:57]   [emp_id: 2554] REFRESHED: 41.85 → 41.85 (not updated)
[2026-02-02 10:26:57]   [emp_id: 2565] REFRESHED: 96.43 → 96.43 (not updated)
[2026-02-02 10:26:57]   [emp_id: 2572] REFRESHED: 46.43 → 46.43 (not updated)
[2026-02-02 10:26:57]   [emp_id: 2637] REFRESHED: 67.01 → 67.01 (not updated)
[2026-02-02 10:26:57]   [emp_id: 2642] REFRESHED: 79.76 → 79.76 (not updated)
[2026-02-02 10:26:57]   [emp_id: 2645] REFRESHED: 95.76 → 95.76 (not updated)
[2026-02-02 10:26:57]   [emp_id: 2648] REFRESHED: 47.43 → 47.43 (not updated)
[2026-02-02 10:26:57]   [emp_id: 2654] REFRESHED: 90.1 → 90.1 (not updated)
[2026-02-02 10:26:57]   [emp_id: 2688] REFRESHED: 28.18 → 28.18 (not updated)
[2026-02-02 10:26:57]   [emp_id: 2690] REFRESHED: 16.93 → 16.93 (not updated)
[2026-02-02 10:26:57]   [emp_id: 2709] REFRESHED: 39.18 → 39.18 (not updated)
[2026-02-02 10:26:57]   [emp_id: 2745] REFRESHED: 35.76 → 35.76 (not updated)
[2026-02-02 10:26:57]   [emp_id: 2843] REFRESHED: 82.35 → 82.35 (not updated)
[2026-02-02 10:26:57]   [emp_id: 2854] REFRESHED: 62.26 → 62.26 (not updated)
[2026-02-02 10:26:57]   [emp_id: 2869] REFRESHED: 6.18 → 6.18 (not updated)
[2026-02-02 10:26:57]   [emp_id: 2876] REFRESHED: 37.01 → 37.01 (not updated)
[2026-02-02 10:26:57]   [emp_id: 2924] REFRESHED: 18.18 → 18.18 (not updated)
[2026-02-02 10:26:57]   [emp_id: 2953] REFRESHED: 103.93 → 103.93 (not updated)
[2026-02-02 10:26:57]   [emp_id: 2961] REFRESHED: 13.93 → 13.93 (not updated)
[2026-02-02 10:26:57]   [emp_id: 2975] REFRESHED: 3.61 → 3.61 (not updated)
[2026-02-02 10:26:57]   [emp_id: 3013] REFRESHED: 12.93 → 12.93 (not updated)
[2026-02-02 10:26:57]   [emp_id: 3014] REFRESHED: 92.18 → 92.18 (not updated)
[2026-02-02 10:26:57]   [emp_id: 3015] REFRESHED: 3.43 → 3.43 (not updated)
[2026-02-02 10:26:57]   [emp_id: 3018] REFRESHED: 62.18 → 62.18 (not updated)
[2026-02-02 10:26:57]   [emp_id: 3025] REFRESHED: 25.95 → 25.95 (not updated)
[2026-02-02 10:26:57]   [emp_id: 3037] REFRESHED: 85.68 → 85.68 (not updated)
[2026-02-02 10:26:57]   [emp_id: 3047] REFRESHED: 73.93 → 73.93 (not updated)
[2026-02-02 10:26:57]   [emp_id: 3061] REFRESHED: 20.85 → 20.85 (not updated)
[2026-02-02 10:26:57]   [emp_id: 3062] REFRESHED: 54.01 → 54.01 (not updated)
[2026-02-02 10:26:57]   [emp_id: 3074] REFRESHED: 110.43 → 110.43 (not updated)
[2026-02-02 10:26:57]   [emp_id: 3089] REFRESHED: 9.35 → 9.35 (not updated)
[2026-02-02 10:26:57]   [emp_id: 3090] REFRESHED: 35.93 → 35.93 (not updated)
[2026-02-02 10:26:57]   [emp_id: 3091] REFRESHED: 47.93 → 47.93 (not updated)
[2026-02-02 10:26:57]   [emp_id: 3092] REFRESHED: 30.6 → 30.6 (not updated)
[2026-02-02 10:26:57]   [emp_id: 3105] REFRESHED: 50.93 → 50.93 (not updated)
[2026-02-02 10:26:57]   [emp_id: 3134] REFRESHED: 46.68 → 46.68 (not updated)
[2026-02-02 10:26:57]   [emp_id: 3140] REFRESHED: 43.76 → 43.76 (not updated)
[2026-02-02 10:26:57]   [emp_id: 3144] REFRESHED: 16.6 → 16.6 (not updated)
[2026-02-02 10:26:57]   [emp_id: 3156] REFRESHED: 19.93 → 19.93 (not updated)
[2026-02-02 10:26:57]   [emp_id: 3162] REFRESHED: 4.91 → 4.91 (not updated)
[2026-02-02 10:26:57]   [emp_id: 3163] REFRESHED: 8.18 → 8.18 (not updated)
[2026-02-02 10:26:57]   [emp_id: 3198] REFRESHED: 43.18 → 43.18 (not updated)
[2026-02-02 10:26:57]   [emp_id: 3205] REFRESHED: 19.85 → 19.85 (not updated)
[2026-02-02 10:26:57]   [emp_id: 3209] REFRESHED: 44.01 → 44.01 (not updated)
[2026-02-02 10:26:57]   [emp_id: 3223] REFRESHED: 92.93 → 92.93 (not updated)
[2026-02-02 10:26:57]   [emp_id: 3224] REFRESHED: 67.68 → 67.68 (not updated)
[2026-02-02 10:26:57]   [emp_id: 3230] REFRESHED: 91.1 → 91.1 (not updated)
[2026-02-02 10:26:57]   [emp_id: 3231] REFRESHED: 3.47 → 3.47 (not updated)
[2026-02-02 10:26:57]   [emp_id: 3233] REFRESHED: 83.93 → 83.93 (not updated)
[2026-02-02 10:26:57]   [emp_id: 3249] REFRESHED: 39.76 → 39.76 (not updated)
[2026-02-02 10:26:57]   [emp_id: 3250] REFRESHED: 12.76 → 12.76 (not updated)
[2026-02-02 10:26:57]   [emp_id: 3252] REFRESHED: 13.68 → 13.68 (not updated)
[2026-02-02 10:26:57]   [emp_id: 3254] REFRESHED: 24.18 → 24.18 (not updated)
[2026-02-02 10:26:57]   [emp_id: 3255] REFRESHED: 20.6 → 20.6 (not updated)
[2026-02-02 10:26:57]   [emp_id: 3256] REFRESHED: 16.85 → 16.85 (not updated)
[2026-02-02 10:26:57]   [emp_id: 3263] REFRESHED: 32.93 → 32.93 (not updated)
[2026-02-02 10:26:57]   [emp_id: 3265] REFRESHED: 28.51 → 28.51 (not updated)
[2026-02-02 10:26:57]   [emp_id: 3280] REFRESHED: 75.43 → 75.43 (not updated)
[2026-02-02 10:26:57]   [emp_id: 3286] REFRESHED: 18.6 → 18.6 (not updated)
[2026-02-02 10:26:57]   [emp_id: 3294] REFRESHED: 18.26 → 18.26 (not updated)
[2026-02-02 10:26:57]   [emp_id: 3321] REFRESHED: 75.43 → 75.43 (not updated)
[2026-02-02 10:26:57]   [emp_id: 3325] REFRESHED: 63.18 → 63.18 (not updated)
[2026-02-02 10:26:57]   [emp_id: 3329] REFRESHED: 65.51 → 65.51 (not updated)
[2026-02-02 10:26:57]   [emp_id: 3330] REFRESHED: 65.51 → 65.51 (not updated)
[2026-02-02 10:26:57]   [emp_id: 3332] REFRESHED: 65.51 → 65.51 (not updated)
[2026-02-02 10:26:57]   [emp_id: 3370] REFRESHED: 57.02 → 57.02 (not updated)
[2026-02-02 10:26:57]   [emp_id: 3384] REFRESHED: 17.68 → 17.68 (not updated)
[2026-02-02 10:26:57]   [emp_id: 3386] REFRESHED: 47.68 → 47.68 (not updated)
[2026-02-02 10:26:57]   [emp_id: 3431] REFRESHED: 22.1 → 22.1 (not updated)
[2026-02-02 10:26:57]   [emp_id: 3497] REFRESHED: 12.26 → 12.26 (not updated)
[2026-02-02 10:26:57]   [emp_id: 3532] REFRESHED: 3.1 → 3.1 (not updated)
[2026-02-02 10:26:57]   [emp_id: 3602] REFRESHED: 4.67 → 4.67 (not updated)
[2026-02-02 10:26:57]   [emp_id: 3618] REFRESHED: 26.65 → 26.65 (not updated)
[2026-02-02 10:26:57]   [emp_id: 3622] REFRESHED: 36.81 → 36.81 (not updated)
[2026-02-02 10:26:57]   [emp_id: 3627] REFRESHED: 12.6 → 12.6 (not updated)
[2026-02-02 10:26:57]   [emp_id: 3665] REFRESHED: 54.18 → 54.18 (not updated)
[2026-02-02 10:26:57]   [emp_id: 3705] REFRESHED: 30.14 → 30.14 (not updated)
[2026-02-02 10:26:57]   [emp_id: 3724] REFRESHED: 47.18 → 47.18 (not updated)
[2026-02-02 10:26:57]   [emp_id: 3726] REFRESHED: 63.6 → 63.6 (not updated)
[2026-02-02 10:26:57]   [emp_id: 3727] REFRESHED: 68.68 → 68.68 (not updated)
[2026-02-02 10:26:57]   [emp_id: 3728] REFRESHED: 13.01 → 13.01 (not updated)
[2026-02-02 10:26:57]   [emp_id: 3767] REFRESHED: 3.76 → 3.76 (not updated)
[2026-02-02 10:26:57]   [emp_id: 3768] REFRESHED: 60.01 → 60.01 (not updated)
[2026-02-02 10:26:57]   [emp_id: 3787] REFRESHED: 60.6 → 60.6 (not updated)
[2026-02-02 10:26:57]   [emp_id: 3790] REFRESHED: 5.15 → 5.15 (not updated)
[2026-02-02 10:26:57]   [emp_id: 3795] REFRESHED: 18.1 → 18.1 (not updated)
[2026-02-02 10:26:57]   [emp_id: 3798] REFRESHED: 96.51 → 96.51 (not updated)
[2026-02-02 10:26:57]   [emp_id: 3801] REFRESHED: 4.78 → 4.78 (not updated)
[2026-02-02 10:26:57]   [emp_id: 3802] REFRESHED: 33.76 → 33.76 (not updated)
[2026-02-02 10:26:57]   [emp_id: 3803] REFRESHED: 118.18 → 118.18 (not updated)
[2026-02-02 10:26:57]   [emp_id: 3810] REFRESHED: 64.18 → 64.18 (not updated)
[2026-02-02 10:26:57]   [emp_id: 3812] REFRESHED: 93.18 → 93.18 (not updated)
[2026-02-02 10:26:57]   [emp_id: 3815] REFRESHED: 93.18 → 93.18 (not updated)
[2026-02-02 10:26:57]   [emp_id: 3836] REFRESHED: 60.85 → 60.85 (not updated)
[2026-02-02 10:26:57]   [emp_id: 3855] REFRESHED: 54.01 → 54.01 (not updated)
[2026-02-02 10:26:57]   [emp_id: 3857] REFRESHED: 57.68 → 57.68 (not updated)
[2026-02-02 10:26:57]   [emp_id: 3862] REFRESHED: 105.76 → 105.76 (not updated)
[2026-02-02 10:26:57]   [emp_id: 3866] REFRESHED: 31.01 → 31.01 (not updated)
[2026-02-02 10:26:57]   [emp_id: 3876] REFRESHED: 27.18 → 27.18 (not updated)
[2026-02-02 10:26:57]   [emp_id: 3877] REFRESHED: 52.68 → 52.68 (not updated)
[2026-02-02 10:26:57]   [emp_id: 3897] REFRESHED: 40.93 → 40.93 (not updated)
[2026-02-02 10:26:57]   [emp_id: 3899] REFRESHED: 2.75 → 2.75 (not updated)
[2026-02-02 10:26:57]   [emp_id: 3928] REFRESHED: 17.01 → 17.01 (not updated)
[2026-02-02 10:26:57]   [emp_id: 3929] REFRESHED: 12.01 → 12.01 (not updated)
[2026-02-02 10:26:57]   [emp_id: 3935] REFRESHED: 97.01 → 97.01 (not updated)
[2026-02-02 10:26:57]   [emp_id: 3952] REFRESHED: 78.35 → 78.35 (not updated)
[2026-02-02 10:26:57]   [emp_id: 3987] REFRESHED: 17.26 → 17.26 (not updated)
[2026-02-02 10:26:57]   [emp_id: 4059] REFRESHED: 6.46 → 6.46 (not updated)
[2026-02-02 10:26:57]   [emp_id: 4119] REFRESHED: 59.93 → 59.93 (not updated)
[2026-02-02 10:26:57]   [emp_id: 4120] REFRESHED: 29.51 → 29.51 (not updated)
[2026-02-02 10:26:57]   [emp_id: 4124] REFRESHED: 30.03 → 30.03 (not updated)
[2026-02-02 10:26:57]   [emp_id: 4133] REFRESHED: 108.51 → 108.51 (not updated)
[2026-02-02 10:26:57]   [emp_id: 4134] REFRESHED: 29.51 → 29.51 (not updated)
[2026-02-02 10:26:57]   [emp_id: 4136] REFRESHED: 29.51 → 29.51 (not updated)
[2026-02-02 10:26:57]   [emp_id: 4150] REFRESHED: 28.18 → 28.18 (not updated)
[2026-02-02 10:26:57]   [emp_id: 4157] REFRESHED: 21.68 → 21.68 (not updated)
[2026-02-02 10:26:57]   [emp_id: 4172] REFRESHED: 14.72 → 14.72 (not updated)
[2026-02-02 10:26:57]   [emp_id: 4195] REFRESHED: 65.26 → 65.26 (not updated)
[2026-02-02 10:26:57]   [emp_id: 4215] REFRESHED: 47.93 → 47.93 (not updated)
[2026-02-02 10:26:57]   [emp_id: 4220] REFRESHED: 43.51 → 43.51 (not updated)
[2026-02-02 10:26:57]   [emp_id: 4273] REFRESHED: 12.18 → 12.18 (not updated)
[2026-02-02 10:26:57]   [emp_id: 4283] REFRESHED: 15.81 → 15.81 (not updated)
[2026-02-02 10:26:57]   [emp_id: 4288] REFRESHED: 2.75 → 2.75 (not updated)
[2026-02-02 10:26:57]   [emp_id: 4315] REFRESHED: 15.43 → 15.43 (not updated)
[2026-02-02 10:26:57]   [emp_id: 4328] REFRESHED: 44.64 → 44.64 (not updated)
[2026-02-02 10:26:57]   [emp_id: 4329] REFRESHED: 8.6 → 8.6 (not updated)
[2026-02-02 10:26:57]   [emp_id: 4338] REFRESHED: 50.18 → 50.18 (not updated)
[2026-02-02 10:26:57]   [emp_id: 4340] REFRESHED: 112.18 → 112.18 (not updated)
[2026-02-02 10:26:57]   [emp_id: 4365] REFRESHED: 63.6 → 63.6 (not updated)
[2026-02-02 10:26:57]   [emp_id: 4366] REFRESHED: 62.68 → 62.68 (not updated)
[2026-02-02 10:26:57]   [emp_id: 4403] REFRESHED: 88.51 → 88.51 (not updated)
[2026-02-02 10:26:57]   [emp_id: 4438] REFRESHED: 24.18 → 24.18 (not updated)
[2026-02-02 10:26:57]   [emp_id: 4465] REFRESHED: 14.97 → 14.97 (not updated)
[2026-02-02 10:26:57]   [emp_id: 4473] REFRESHED: 47.76 → 47.76 (not updated)
[2026-02-02 10:26:57]   [emp_id: 4474] REFRESHED: 5.48 → 5.48 (not updated)
[2026-02-02 10:26:57]   [emp_id: 4493] REFRESHED: 166.6 → 166.6 (not updated)
[2026-02-02 10:26:57]   [emp_id: 4526] REFRESHED: 38.85 → 38.85 (not updated)
[2026-02-02 10:26:57]   [emp_id: 4528] REFRESHED: 110.6 → 110.6 (not updated)
[2026-02-02 10:26:57]   [emp_id: 4528] REFRESHED: 110.6 → 110.6 (not updated)
[2026-02-02 10:26:57]   [emp_id: 4532] REFRESHED: 10.09 → 10.09 (not updated)
[2026-02-02 10:26:57]   [emp_id: 4533] REFRESHED: 39.01 → 39.01 (not updated)
[2026-02-02 10:26:57]   [emp_id: 4565] REFRESHED: 17.47 → 17.47 (not updated)
[2026-02-02 10:26:57]   [emp_id: 4567] REFRESHED: 21.72 → 21.72 (not updated)
[2026-02-02 10:26:57]   [emp_id: 4572] REFRESHED: 61.22 → 61.22 (not updated)
[2026-02-02 10:26:57]   [emp_id: 4631] REFRESHED: 17.47 → 17.47 (not updated)
[2026-02-02 10:26:57]   [emp_id: 4655] REFRESHED: 27.93 → 27.93 (not updated)
[2026-02-02 10:26:57]   [emp_id: 4709] REFRESHED: 43.18 → 43.18 (not updated)
[2026-02-02 10:26:57]   [emp_id: 4717] REFRESHED: 69.18 → 69.18 (not updated)
[2026-02-02 10:26:57]   [emp_id: 4736] REFRESHED: 31.01 → 31.01 (not updated)
[2026-02-02 10:26:57]   [emp_id: 4756] REFRESHED: 13.91 → 13.91 (not updated)
[2026-02-02 10:26:57]   [emp_id: 4768] REFRESHED: 16.68 → 16.68 (not updated)
[2026-02-02 10:26:57]   [emp_id: 4780] REFRESHED: 67.64 → 67.64 (not updated)
[2026-02-02 10:26:57]   [emp_id: 4820] REFRESHED: 102.01 → 102.01 (not updated)
[2026-02-02 10:26:57]   [emp_id: 4824] REFRESHED: 5.19 → 5.19 (not updated)
[2026-02-02 10:26:57]   [emp_id: 4825] REFRESHED: 33.76 → 33.76 (not updated)
[2026-02-02 10:26:57]   [emp_id: 4837] REFRESHED: 47.63 → 47.63 (not updated)
[2026-02-02 10:26:57]   [emp_id: 4840] REFRESHED: 47.63 → 47.63 (not updated)
[2026-02-02 10:26:57]   [emp_id: 4842] REFRESHED: 46.87 → 46.87 (not updated)
[2026-02-02 10:26:57]   [emp_id: 4843] REFRESHED: 47.4 → 47.4 (not updated)
[2026-02-02 10:26:57]   [emp_id: 4853] REFRESHED: 91.22 → 91.22 (not updated)
[2026-02-02 10:26:57]   [emp_id: 4856] REFRESHED: 44.54 → 44.54 (not updated)
[2026-02-02 10:26:57]   [emp_id: 4857] REFRESHED: 27.36 → 27.36 (not updated)
[2026-02-02 10:26:57]   [emp_id: 4858] REFRESHED: 24.24 → 24.24 (not updated)
[2026-02-02 10:26:57]   [emp_id: 4859] REFRESHED: 45.71 → 45.71 (not updated)
[2026-02-02 10:26:57]   [emp_id: 4860] REFRESHED: 10.21 → 10.21 (not updated)
[2026-02-02 10:26:57]   [emp_id: 4861] REFRESHED: 43.67 → 43.67 (not updated)
[2026-02-02 10:26:57]   [emp_id: 4869] REFRESHED: 86.55 → 86.55 (not updated)
[2026-02-02 10:26:57]   [emp_id: 4894] REFRESHED: 10.68 → 10.68 (not updated)
[2026-02-02 10:26:57]   [emp_id: 4897] REFRESHED: 25.45 → 25.45 (not updated)
[2026-02-02 10:26:57]   [emp_id: 4899] REFRESHED: 21.62 → 21.62 (not updated)
[2026-02-02 10:26:57]   [emp_id: 4902] REFRESHED: 21.04 → 21.04 (not updated)
[2026-02-02 10:26:57]   [emp_id: 4903] REFRESHED: 23.26 → 23.26 (not updated)
[2026-02-02 10:26:57]   [emp_id: 4905] REFRESHED: 21.92 → 21.92 (not updated)
[2026-02-02 10:26:57]   [emp_id: 4907] REFRESHED: 50.76 → 50.76 (not updated)
[2026-02-02 10:26:57]   [emp_id: 4917] REFRESHED: 18.88 → 18.88 (not updated)
[2026-02-02 10:26:57]   [emp_id: 4918] REFRESHED: 8.65 → 8.65 (not updated)
[2026-02-02 10:26:57]   [emp_id: 4919] REFRESHED: 60.94 → 60.94 (not updated)
[2026-02-02 10:26:57]   [emp_id: 4920] REFRESHED: 8.02 → 8.02 (not updated)
[2026-02-02 10:26:57]   [emp_id: 4921] REFRESHED: 20.11 → 20.11 (not updated)
[2026-02-02 10:26:57]   [emp_id: 4927] REFRESHED: 18.94 → 18.94 (not updated)
[2026-02-02 10:26:58]   [emp_id: 4929] REFRESHED: 20.46 → 20.46 (not updated)
[2026-02-02 10:26:58]   [emp_id: 4930] REFRESHED: 61.23 → 61.23 (not updated)
[2026-02-02 10:26:58]   [emp_id: 4932] REFRESHED: 19.23 → 19.23 (not updated)
[2026-02-02 10:26:58]   [emp_id: 4933] REFRESHED: 22.64 → 22.64 (not updated)
[2026-02-02 10:26:58]   [emp_id: 4949] REFRESHED: 26.07 → 26.07 (not updated)
[2026-02-02 10:26:58]   [emp_id: 4956] REFRESHED: 31.66 → 31.66 (not updated)
[2026-02-02 10:26:58]   [emp_id: 4957] REFRESHED: 27.33 → 27.33 (not updated)
[2026-02-02 10:26:58]   [emp_id: 4962] REFRESHED: 50.12 → 50.12 (not updated)
[2026-02-02 10:26:58]   [emp_id: 4969] REFRESHED: 49.43 → 49.43 (not updated)
[2026-02-02 10:26:58]   [emp_id: 4976] REFRESHED: 12.35 → 12.35 (not updated)
[2026-02-02 10:26:58]   [emp_id: 4984] REFRESHED: 40.68 → 40.68 (not updated)
[2026-02-02 10:26:58]   [emp_id: 4995] REFRESHED: 52.75 → 52.75 (not updated)
[2026-02-02 10:26:58]   [emp_id: 5004] REFRESHED: 29.29 → 29.29 (not updated)
[2026-02-02 10:26:58]   [emp_id: 5006] REFRESHED: 29.03 → 29.03 (not updated)
[2026-02-02 10:26:58]   [emp_id: 5011] REFRESHED: 8.53 → 8.53 (not updated)
[2026-02-02 10:26:58]   [emp_id: 5013] REFRESHED: 69.4 → 69.4 (not updated)
[2026-02-02 10:26:58]   [emp_id: 5018] REFRESHED: 5.89 → 5.89 (not updated)
[2026-02-02 10:26:58]   [emp_id: 5021] REFRESHED: 63.78 → 63.78 (not updated)
[2026-02-02 10:26:58]   [emp_id: 5024] REFRESHED: 3.91 → 3.91 (not updated)
[2026-02-02 10:26:58]   [emp_id: 5030] REFRESHED: 33.86 → 33.86 (not updated)
[2026-02-02 10:26:58]   [emp_id: 5033] REFRESHED: 12.66 → 12.66 (not updated)
[2026-02-02 10:26:58]   [emp_id: 5043] REFRESHED: 33.35 → 33.35 (not updated)
[2026-02-02 10:26:58]   [emp_id: 5045] REFRESHED: 29.85 → 29.85 (not updated)
[2026-02-02 10:26:58]   [emp_id: 5046] REFRESHED: 25.04 → 25.04 (not updated)
[2026-02-02 10:26:58]   [emp_id: 5049] REFRESHED: 1.34 → 1.34 (not updated)
[2026-02-02 10:26:58]   [emp_id: 5052] REFRESHED: 32.62 → 32.62 (not updated)
[2026-02-02 10:26:58]   [emp_id: 5055] REFRESHED: 21.06 → 21.06 (not updated)
[2026-02-02 10:26:58]   [emp_id: 5058] REFRESHED: 30.04 → 30.04 (not updated)
[2026-02-02 10:26:58]   [emp_id: 5062] REFRESHED: 41.87 → 41.87 (not updated)
[2026-02-02 10:26:58]   [emp_id: 5064] REFRESHED: 120.68 → 120.68 (not updated)
[2026-02-02 10:26:58]   [emp_id: 5065] REFRESHED: 41.28 → 41.28 (not updated)
[2026-02-02 10:26:58]   [emp_id: 5071] REFRESHED: 26.18 → 26.18 (not updated)
[2026-02-02 10:26:58]   [emp_id: 5073] REFRESHED: 15.88 → 15.88 (not updated)
[2026-02-02 10:26:58]   [emp_id: 5079] REFRESHED: 36.44 → 36.44 (not updated)
[2026-02-02 10:26:58]   [emp_id: 5080] REFRESHED: 29.77 → 29.77 (not updated)
[2026-02-02 10:26:58]   [emp_id: 5081] REFRESHED: 18.03 → 18.03 (not updated)
[2026-02-02 10:26:58]   [emp_id: 5087] REFRESHED: 38.07 → 38.07 (not updated)
[2026-02-02 10:26:58]   [emp_id: 5091] REFRESHED: 77.92 → 77.92 (not updated)
[2026-02-02 10:26:58]   [emp_id: 5093] REFRESHED: 17.35 → 17.35 (not updated)
[2026-02-02 10:26:58]   [emp_id: 5095] REFRESHED: 3.46 → 3.46 (not updated)
[2026-02-02 10:26:58]   [emp_id: 5101] REFRESHED: 19.43 → 19.43 (not updated)
[2026-02-02 10:26:58]   [emp_id: 5107] REFRESHED: 17.76 → 17.76 (not updated)
[2026-02-02 10:26:58]   [emp_id: 5109] REFRESHED: 15.01 → 15.01 (not updated)
[2026-02-02 10:26:58]   [emp_id: 5119] REFRESHED: 13.18 → 13.18 (not updated)
[2026-02-02 10:26:58]   [emp_id: 5122] REFRESHED: 10.35 → 10.35 (not updated)
[2026-02-02 10:26:58]   [emp_id: 5126] REFRESHED: 28.8 → 28.8 (not updated)
[2026-02-02 10:26:58]   [emp_id: 5127] REFRESHED: 1.53 → 1.53 (not updated)
[2026-02-02 10:26:58]   [emp_id: 5128] REFRESHED: 28.74 → 28.74 (not updated)
[2026-02-02 10:26:58]   [emp_id: 5138] REFRESHED: 53.01 → 53.01 (not updated)
[2026-02-02 10:26:58]   [emp_id: 5138] REFRESHED: 53.01 → 53.01 (not updated)
[2026-02-02 10:26:58]   [emp_id: 5141] REFRESHED: 37.11 → 37.11 (not updated)
[2026-02-02 10:26:58]   [emp_id: 5142] REFRESHED: 16.11 → 16.11 (not updated)
[2026-02-02 10:26:58]   [emp_id: 5146] REFRESHED: 23.11 → 23.11 (not updated)
[2026-02-02 10:26:58]   [emp_id: 5147] REFRESHED: 22.11 → 22.11 (not updated)
[2026-02-02 10:26:58]   [emp_id: 5148] REFRESHED: 27.46 → 27.46 (not updated)
[2026-02-02 10:26:58]   [emp_id: 5149] REFRESHED: 26.35 → 26.35 (not updated)
[2026-02-02 10:26:58]   [emp_id: 5150] REFRESHED: 25.71 → 25.71 (not updated)
[2026-02-02 10:26:58]   [emp_id: 5151] REFRESHED: 25.53 → 25.53 (not updated)
[2026-02-02 10:26:58]   [emp_id: 5152] REFRESHED: 5.95 → 5.95 (not updated)
[2026-02-02 10:26:58]   [emp_id: 5157] REFRESHED: 25.53 → 25.53 (not updated)
[2026-02-02 10:26:58]   [emp_id: 5160] REFRESHED: 25.53 → 25.53 (not updated)
[2026-02-02 10:26:58]   [emp_id: 5163] REFRESHED: 23.32 → 23.32 (not updated)
[2026-02-02 10:26:58]   [emp_id: 5165] REFRESHED: 4.45 → 4.45 (not updated)
[2026-02-02 10:26:58]   [emp_id: 5167] REFRESHED: 32.47 → 32.47 (not updated)
[2026-02-02 10:26:58]   [emp_id: 5168] REFRESHED: 25.01 → 25.01 (not updated)
[2026-02-02 10:26:58]   [emp_id: 5173] REFRESHED: 28.1 → 28.1 (not updated)
[2026-02-02 10:26:58]   [emp_id: 5174] REFRESHED: 25.47 → 25.47 (not updated)
[2026-02-02 10:26:58]   [emp_id: 5181] REFRESHED: 21.86 → 21.86 (not updated)
[2026-02-02 10:26:58]   [emp_id: 5186] REFRESHED: 27.39 → 27.39 (not updated)
[2026-02-02 10:26:58]   [emp_id: 5187] REFRESHED: 38.39 → 38.39 (not updated)
[2026-02-02 10:26:58]   [emp_id: 5204] REFRESHED: 25.6 → 25.6 (not updated)
[2026-02-02 10:26:58]   [emp_id: 5205] REFRESHED: 14.6 → 14.6 (not updated)
[2026-02-02 10:26:58]   [emp_id: 5209] REFRESHED: 17.6 → 17.6 (not updated)
[2026-02-02 10:26:58]   [emp_id: 5213] REFRESHED: 5.01 → 5.01 (not updated)
[2026-02-02 10:26:58]   [emp_id: 5214] REFRESHED: 3.85 → 3.85 (not updated)
[2026-02-02 10:26:58]   [emp_id: 5215] REFRESHED: 12.6 → 12.6 (not updated)
[2026-02-02 10:26:58]   [emp_id: 5217] REFRESHED: 11.6 → 11.6 (not updated)
[2026-02-02 10:26:58]   [emp_id: 5219] REFRESHED: 15.6 → 15.6 (not updated)
[2026-02-02 10:26:58]   [emp_id: 5221] REFRESHED: 4.91 → 4.91 (not updated)
[2026-02-02 10:26:58]   [emp_id: 5224] REFRESHED: 16.6 → 16.6 (not updated)
[2026-02-02 10:26:58]   [emp_id: 5225] REFRESHED: 8.91 → 8.91 (not updated)
[2026-02-02 10:26:58]   [emp_id: 5228] REFRESHED: 11.6 → 11.6 (not updated)
[2026-02-02 10:26:58]   [emp_id: 5229] REFRESHED: 7.6 → 7.6 (not updated)
[2026-02-02 10:26:58]   [emp_id: 5230] REFRESHED: 12.27 → 12.27 (not updated)
[2026-02-02 10:26:58]   [emp_id: 5231] REFRESHED: 8.6 → 8.6 (not updated)
[2026-02-02 10:26:58]   [emp_id: 5232] REFRESHED: 2.6 → 2.6 (not updated)
[2026-02-02 10:26:58]   [emp_id: 5233] REFRESHED: 6.6 → 6.6 (not updated)
[2026-02-02 10:26:58]   [emp_id: 5234] REFRESHED: 6.6 → 6.6 (not updated)
[2026-02-02 10:26:58]   [emp_id: 5235] REFRESHED: 2.04 → 2.04 (not updated)
[2026-02-02 10:26:58]   [emp_id: 5237] REFRESHED: 12.85 → 12.85 (not updated)
[2026-02-02 10:26:58]   [emp_id: 5239] REFRESHED: 9.6 → 9.6 (not updated)
[2026-02-02 10:26:58]   [emp_id: 5241] REFRESHED: 7.6 → 7.6 (not updated)
[2026-02-02 10:26:58]   [emp_id: 5242] REFRESHED: 17.6 → 17.6 (not updated)
[2026-02-02 10:26:58]   [emp_id: 5243] REFRESHED: 4.01 → 4.01 (not updated)
[2026-02-02 10:26:58]   [emp_id: 5244] REFRESHED: 2.04 → 2.04 (not updated)
[2026-02-02 10:26:58]   [emp_id: 5246] REFRESHED: 13.6 → 13.6 (not updated)
[2026-02-02 10:26:58]   [emp_id: 5253] REFRESHED: 26.47 → 26.47 (not updated)
[2026-02-02 10:26:58]   [emp_id: 5254] REFRESHED: 14.45 → 14.45 (not updated)
[2026-02-02 10:26:58]   [emp_id: 5257] REFRESHED: 14.16 → 14.16 (not updated)
[2026-02-02 10:26:58]   [emp_id: 5259] REFRESHED: 50.69 → 50.69 (not updated)
[2026-02-02 10:26:58]   [emp_id: 5261] REFRESHED: 19.2 → 19.2 (not updated)
[2026-02-02 10:26:58]   [emp_id: 5264] REFRESHED: 16.17 → 16.17 (not updated)
[2026-02-02 10:26:58]   [emp_id: 5266] REFRESHED: 22.79 → 22.79 (not updated)
[2026-02-02 10:26:58]   [emp_id: 5268] REFRESHED: 11.36 → 11.36 (not updated)
[2026-02-02 10:26:58]   [emp_id: 5271] REFRESHED: 10.02 → 10.02 (not updated)
[2026-02-02 10:26:58]   [emp_id: 5272] REFRESHED: 10.89 → 10.89 (not updated)
[2026-02-02 10:26:58]   [emp_id: 5273] REFRESHED: 25.96 → 25.96 (not updated)
[2026-02-02 10:26:58]   [emp_id: 5275] REFRESHED: 11.71 → 11.71 (not updated)
[2026-02-02 10:26:58]   [emp_id: 5276] REFRESHED: 25.98 → 25.98 (not updated)
[2026-02-02 10:26:58]   [emp_id: 5278] REFRESHED: 10.37 → 10.37 (not updated)
[2026-02-02 10:26:58]   [emp_id: 5280] REFRESHED: 20.77 → 20.77 (not updated)
[2026-02-02 10:26:58]   [emp_id: 5282] REFRESHED: 14.68 → 14.68 (not updated)
[2026-02-02 10:26:58]   [emp_id: 5285] REFRESHED: 30.77 → 30.77 (not updated)
[2026-02-02 10:26:58]   [emp_id: 5286] REFRESHED: 17.77 → 17.77 (not updated)
[2026-02-02 10:26:58]   [emp_id: 5287] REFRESHED: 52.07 → 52.07 (not updated)
[2026-02-02 10:26:58]   [emp_id: 5288] REFRESHED: 9.34 → 9.34 (not updated)
[2026-02-02 10:26:58]   [emp_id: 5289] REFRESHED: 50.62 → 50.62 (not updated)
[2026-02-02 10:26:58]   [emp_id: 5290] REFRESHED: 49.39 → 49.39 (not updated)
[2026-02-02 10:26:58]   [emp_id: 5291] REFRESHED: 7.39 → 7.39 (not updated)
[2026-02-02 10:26:58]   [emp_id: 5292] REFRESHED: 7.33 → 7.33 (not updated)
[2026-02-02 10:26:58]   [emp_id: 5293] REFRESHED: 10.94 → 10.94 (not updated)
[2026-02-02 10:26:58]   [emp_id: 5294] REFRESHED: 10.6 → 10.6 (not updated)
[2026-02-02 10:26:58]   [emp_id: 5295] REFRESHED: 23.57 → 23.57 (not updated)
[2026-02-02 10:26:58]   [emp_id: 5296] REFRESHED: 37.62 → 37.62 (not updated)
[2026-02-02 10:26:58]   [emp_id: 5297] REFRESHED: 47.99 → 47.99 (not updated)
[2026-02-02 10:26:58]   [emp_id: 5298] REFRESHED: 47.99 → 47.99 (not updated)
[2026-02-02 10:26:58]   [emp_id: 5299] REFRESHED: 47.99 → 47.99 (not updated)
[2026-02-02 10:26:58]   [emp_id: 5300] REFRESHED: 47.99 → 47.99 (not updated)
[2026-02-02 10:26:58]   [emp_id: 5301] REFRESHED: 5.81 → 5.81 (not updated)
[2026-02-02 10:26:58]   [emp_id: 5303] REFRESHED: 6.24 → 6.24 (not updated)
[2026-02-02 10:26:58]   [emp_id: 5304] REFRESHED: 2.99 → 2.99 (not updated)
[2026-02-02 10:26:58]   [emp_id: 5305] REFRESHED: 5.99 → 5.99 (not updated)
[2026-02-02 10:26:58]   [emp_id: 5306] REFRESHED: 47.7 → 47.7 (not updated)
[2026-02-02 10:26:58]   [emp_id: 5307] REFRESHED: 47.7 → 47.7 (not updated)
[2026-02-02 10:26:58]   [emp_id: 5312] REFRESHED: 2.04 → 2.04 (not updated)
[2026-02-02 10:26:58]   [emp_id: 5318] REFRESHED: 28.41 → 28.41 (not updated)
[2026-02-02 10:26:58]   [emp_id: 5325] REFRESHED: 2.37 → 2.37 (not updated)
[2026-02-02 10:26:58]   [emp_id: 5327] REFRESHED: 3.46 → 3.46 (not updated)
[2026-02-02 10:26:58]   [emp_id: 5337] REFRESHED: 38.51 → 38.51 (not updated)
[2026-02-02 10:26:58]   [emp_id: 5339] REFRESHED: 12.56 → 12.56 (not updated)
[2026-02-02 10:26:58]   [emp_id: 5343] REFRESHED: 48.51 → 48.51 (not updated)
[2026-02-02 10:26:58]   [emp_id: 5343] REFRESHED: 48.43 → 48.43 (not updated)
[2026-02-02 10:26:58]   [emp_id: 5345] REFRESHED: 18.26 → 18.26 (not updated)
[2026-02-02 10:26:58]   [emp_id: 5346] REFRESHED: 4.28 → 4.28 (not updated)
[2026-02-02 10:26:58]   [emp_id: 5351] REFRESHED: 19.22 → 19.22 (not updated)
[2026-02-02 10:26:58]   [emp_id: 5352] REFRESHED: 28.68 → 28.68 (not updated)
[2026-02-02 10:26:58]   [emp_id: 5370] REFRESHED: 17.87 → 17.87 (not updated)
[2026-02-02 10:26:58]   [emp_id: 5371] REFRESHED: 10.43 → 10.43 (not updated)
[2026-02-02 10:26:58]   [emp_id: 5376] REFRESHED: 12.47 → 12.47 (not updated)
[2026-02-02 10:26:58]   [emp_id: 5378] REFRESHED: 20.51 → 20.51 (not updated)
[2026-02-02 10:26:58]   [emp_id: 5380] REFRESHED: 18.88 → 18.88 (not updated)
[2026-02-02 10:26:58]   [emp_id: 5381] REFRESHED: 14.95 → 14.95 (not updated)
[2026-02-02 10:26:58]   [emp_id: 5383] REFRESHED: 18.26 → 18.26 (not updated)
[2026-02-02 10:26:58]   [emp_id: 5388] REFRESHED: 29.66 → 29.66 (not updated)
[2026-02-02 10:26:58]   [emp_id: 5396] REFRESHED: 30.9 → 30.9 (not updated)
[2026-02-02 10:26:58]   [emp_id: 5397] REFRESHED: 22.36 → 22.36 (not updated)
[2026-02-02 10:26:58]   [emp_id: 5401] REFRESHED: 25.47 → 25.47 (not updated)
[2026-02-02 10:26:58]   [emp_id: 5402] REFRESHED: 25.59 → 25.59 (not updated)
[2026-02-02 10:26:58]   [emp_id: 5406] REFRESHED: 19.31 → 19.31 (not updated)
[2026-02-02 10:26:58]   [emp_id: 5407] REFRESHED: 19.03 → 19.03 (not updated)
[2026-02-02 10:26:58]   [emp_id: 5409] REFRESHED: 18.65 → 18.65 (not updated)
[2026-02-02 10:26:58]   [emp_id: 5413] REFRESHED: 31.43 → 31.43 (not updated)
[2026-02-02 10:26:58]   [emp_id: 5414] REFRESHED: 31.1 → 31.1 (not updated)
[2026-02-02 10:26:58]   [emp_id: 5415] REFRESHED: 7.03 → 7.03 (not updated)
[2026-02-02 10:26:58]   [emp_id: 5418] REFRESHED: 17.71 → 17.71 (not updated)
[2026-02-02 10:26:58]   [emp_id: 5422] REFRESHED: 23.76 → 23.76 (not updated)
[2026-02-02 10:26:58]   [emp_id: 5423] REFRESHED: 8.45 → 8.45 (not updated)
[2026-02-02 10:26:58]   [emp_id: 5425] REFRESHED: 16.26 → 16.26 (not updated)
[2026-02-02 10:26:58]   [emp_id: 5426] REFRESHED: 5.08 → 5.08 (not updated)
[2026-02-02 10:26:58]   [emp_id: 5426] REFRESHED: 5 → 5 (not updated)
[2026-02-02 10:26:58]   [emp_id: 5427] REFRESHED: 16.37 → 16.37 (not updated)
[2026-02-02 10:26:58]   [emp_id: 5428] REFRESHED: 16.26 → 16.26 (not updated)
[2026-02-02 10:26:58]   [emp_id: 5430] REFRESHED: 20.82 → 20.82 (not updated)
[2026-02-02 10:26:58]   [emp_id: 5431] REFRESHED: 15.38 → 15.38 (not updated)
[2026-02-02 10:26:58]   [emp_id: 5433] REFRESHED: 15.4 → 15.4 (not updated)
[2026-02-02 10:26:58]   [emp_id: 5434] REFRESHED: 15.15 → 15.15 (not updated)
[2026-02-02 10:26:58]   [emp_id: 5435] REFRESHED: 15.09 → 15.09 (not updated)
[2026-02-02 10:26:58]   [emp_id: 5436] REFRESHED: 15.09 → 15.09 (not updated)
[2026-02-02 10:26:58]   [emp_id: 5438] REFRESHED: 18.68 → 18.68 (not updated)
[2026-02-02 10:26:58]   [emp_id: 5439] REFRESHED: 28.18 → 28.18 (not updated)
[2026-02-02 10:26:58]   [emp_id: 5442] REFRESHED: 17.18 → 17.18 (not updated)
[2026-02-02 10:26:58]   [emp_id: 5445] REFRESHED: 9.55 → 9.55 (not updated)
[2026-02-02 10:26:58]   [emp_id: 5446] REFRESHED: 9.55 → 9.55 (not updated)
[2026-02-02 10:26:58]   [emp_id: 5447] REFRESHED: 9.49 → 9.49 (not updated)
[2026-02-02 10:26:58]   [emp_id: 5448] REFRESHED: 4.2 → 4.2 (not updated)
[2026-02-02 10:26:58]   [emp_id: 5449] REFRESHED: 7.57 → 7.57 (not updated)
[2026-02-02 10:26:58]   [emp_id: 5450] REFRESHED: 7.51 → 7.51 (not updated)
[2026-02-02 10:26:58]   [emp_id: 5451] REFRESHED: 7.51 → 7.51 (not updated)
[2026-02-02 10:26:58]   [emp_id: 5453] REFRESHED: 7.35 → 7.35 (not updated)
[2026-02-02 10:26:58]   [emp_id: 5454] REFRESHED: 10.26 → 10.26 (not updated)
[2026-02-02 10:26:58]   [emp_id: 5455] REFRESHED: 4.51 → 4.51 (not updated)
[2026-02-02 10:26:58]   [emp_id: 5456] REFRESHED: 9.51 → 9.51 (not updated)
[2026-02-02 10:26:58]   [emp_id: 5457] REFRESHED: 6.6 → 6.6 (not updated)
[2026-02-02 10:26:58]   [emp_id: 5460] REFRESHED: 8.16 → 8.16 (not updated)
[2026-02-02 10:26:58]   [emp_id: 5463] REFRESHED: 7.49 → 7.49 (not updated)
[2026-02-02 10:26:58]   [emp_id: 5464] REFRESHED: 7.49 → 7.49 (not updated)
[2026-02-02 10:26:58]   [emp_id: 5466] REFRESHED: 5.24 → 5.24 (not updated)
[2026-02-02 10:26:58]   [emp_id: 5467] REFRESHED: 4.16 → 4.16 (not updated)
[2026-02-02 10:26:58]   [emp_id: 5468] REFRESHED: 3.11 → 3.11 (not updated)
[2026-02-02 10:26:58]   [emp_id: 5469] REFRESHED: 3.02 → 3.02 (not updated)
[2026-02-02 10:26:58] Report saved to: D:\xampp\htdocs\almutlak\system/cron_logs/last_vacation_update_report.json
[2026-02-02 10:28:01] ========== CRON: Vacation Balance Update Started ==========
[2026-02-02 10:28:01] Force level: 2 (0=normal, 1=check missing, 2=full bypass)
[2026-02-02 10:28:01] Source: Browser (?force=2)
[2026-02-02 10:28:01] FORCE LEVEL 2: Full bypass - updating all balances AND last_updated
[2026-02-02 10:28:01] Database connection established
[2026-02-02 10:28:01] Found 433 active employees with balance records to update
[2026-02-02 10:28:01] (Only employees with status=1 will be processed)
[2026-02-02 10:28:01]   [emp_id: 1061] ✓ Updated: 2.75 → 2.83 (VALUE CHANGED)
[2026-02-02 10:28:01]   [emp_id: 1496] ✓ Updated: 19.6 → 19.68 (VALUE CHANGED)
[2026-02-02 10:28:01]   [emp_id: 1500] ✓ Updated: 7.28 → 7.36 (VALUE CHANGED)
[2026-02-02 10:28:01]   [emp_id: 1574] ✓ Updated: 36.51 → 36.59 (VALUE CHANGED)
[2026-02-02 10:28:01]   [emp_id: 1673] ✓ Updated: 48.01 → 48.09 (VALUE CHANGED)
[2026-02-02 10:28:01]   [emp_id: 1685] ✓ Updated: 17.93 → 18.01 (VALUE CHANGED)
[2026-02-02 10:28:01]   [emp_id: 1764] ✓ Updated: 72.6 → 72.68 (VALUE CHANGED)
[2026-02-02 10:28:01]   [emp_id: 1805] ✓ Updated: 66.93 → 67.01 (VALUE CHANGED)
[2026-02-02 10:28:01]   [emp_id: 1822] ✓ Updated: 71.68 → 71.76 (VALUE CHANGED)
[2026-02-02 10:28:01]   [emp_id: 1837] ✓ Updated: 27.85 → 27.93 (VALUE CHANGED)
[2026-02-02 10:28:01]   [emp_id: 1857] ✓ Updated: 23.18 → 23.26 (VALUE CHANGED)
[2026-02-02 10:28:01]   [emp_id: 1861] ✓ Updated: 74.01 → 74.09 (VALUE CHANGED)
[2026-02-02 10:28:01]   [emp_id: 1872] ✓ Updated: 12.85 → 12.93 (VALUE CHANGED)
[2026-02-02 10:28:01]   [emp_id: 1897] ✓ Updated: 8.18 → 8.26 (VALUE CHANGED)
[2026-02-02 10:28:01]   [emp_id: 1916] ✓ Updated: 14.48 → 14.56 (VALUE CHANGED)
[2026-02-02 10:28:01]   [emp_id: 1928] ✓ Updated: 67.43 → 67.51 (VALUE CHANGED)
[2026-02-02 10:28:01]   [emp_id: 1931] ✓ Updated: 87.35 → 87.43 (VALUE CHANGED)
[2026-02-02 10:28:01]   [emp_id: 1944] ✓ Updated: 45.51 → 45.59 (VALUE CHANGED)
[2026-02-02 10:28:01]   [emp_id: 1996] ✓ Updated: 74.01 → 74.09 (VALUE CHANGED)
[2026-02-02 10:28:01]   [emp_id: 1997] ✓ Updated: 39.18 → 39.26 (VALUE CHANGED)
[2026-02-02 10:28:01]   [emp_id: 1998] ✓ Updated: 30.62 → 30.7 (VALUE CHANGED)
[2026-02-02 10:28:01]   [emp_id: 1999] ✓ Updated: 31.62 → 31.7 (VALUE CHANGED)
[2026-02-02 10:28:01]   [emp_id: 2009] ✓ Updated: 37.93 → 38.01 (VALUE CHANGED)
[2026-02-02 10:28:01]   [emp_id: 2048] ✓ Updated: 27.76 → 27.84 (VALUE CHANGED)
[2026-02-02 10:28:01]   [emp_id: 2057] ✓ Updated: 68.6 → 68.68 (VALUE CHANGED)
[2026-02-02 10:28:01]   [emp_id: 2079] ✓ Updated: 50.93 → 51.01 (VALUE CHANGED)
[2026-02-02 10:28:01]   [emp_id: 2181] ✓ Updated: 39.93 → 40.01 (VALUE CHANGED)
[2026-02-02 10:28:01]   [emp_id: 2190] ✓ Updated: 9.26 → 9.34 (VALUE CHANGED)
[2026-02-02 10:28:01]   [emp_id: 2212] ✓ Updated: 27.26 → 27.34 (VALUE CHANGED)
[2026-02-02 10:28:01]   [emp_id: 2226] ✓ Updated: 72.01 → 72.09 (VALUE CHANGED)
[2026-02-02 10:28:01]   [emp_id: 2238] ✓ Updated: 70.26 → 70.34 (VALUE CHANGED)
[2026-02-02 10:28:01]   [emp_id: 2285] ✓ Updated: 38.93 → 39.01 (VALUE CHANGED)
[2026-02-02 10:28:01]   [emp_id: 2287] ✓ Updated: 50.6 → 50.68 (VALUE CHANGED)
[2026-02-02 10:28:01]   [emp_id: 2288] ✓ Updated: 5.62 → 5.7 (VALUE CHANGED)
[2026-02-02 10:28:01]   [emp_id: 2316] ✓ Updated: 19.43 → 19.51 (VALUE CHANGED)
[2026-02-02 10:28:02]   [emp_id: 2337] ✓ Updated: 40.51 → 40.59 (VALUE CHANGED)
[2026-02-02 10:28:02]   [emp_id: 2352] ✓ Updated: 72.01 → 72.09 (VALUE CHANGED)
[2026-02-02 10:28:02]   [emp_id: 2358] ✓ Updated: 8.51 → 8.59 (VALUE CHANGED)
[2026-02-02 10:28:02]   [emp_id: 2361] ✓ Updated: 74.18 → 74.26 (VALUE CHANGED)
[2026-02-02 10:28:02]   [emp_id: 2363] ✓ Updated: 76.76 → 76.84 (VALUE CHANGED)
[2026-02-02 10:28:02]   [emp_id: 2364] ✓ Updated: 76.18 → 76.26 (VALUE CHANGED)
[2026-02-02 10:28:02]   [emp_id: 2367] ✓ Updated: 103.85 → 103.93 (VALUE CHANGED)
[2026-02-02 10:28:02]   [emp_id: 2368] ✓ Updated: 34.26 → 34.34 (VALUE CHANGED)
[2026-02-02 10:28:02]   [emp_id: 2372] ✓ Updated: 71.51 → 71.59 (VALUE CHANGED)
[2026-02-02 10:28:02]   [emp_id: 2376] ✓ Updated: 121.51 → 121.59 (VALUE CHANGED)
[2026-02-02 10:28:02]   [emp_id: 2423] ✓ Updated: 22.26 → 22.34 (VALUE CHANGED)
[2026-02-02 10:28:02]   [emp_id: 2519] ✓ Updated: 115.93 → 116.01 (VALUE CHANGED)
[2026-02-02 10:28:02]   [emp_id: 2522] ✓ Updated: 59.51 → 59.59 (VALUE CHANGED)
[2026-02-02 10:28:02]   [emp_id: 2530] ✓ Updated: 54.76 → 54.84 (VALUE CHANGED)
[2026-02-02 10:28:02]   [emp_id: 2539] ✓ Updated: 51.51 → 51.59 (VALUE CHANGED)
[2026-02-02 10:28:02]   [emp_id: 2541] ✓ Updated: 32.1 → 32.18 (VALUE CHANGED)
[2026-02-02 10:28:02]   [emp_id: 2550] ✓ Updated: 98.26 → 98.34 (VALUE CHANGED)
[2026-02-02 10:28:02]   [emp_id: 2553] ✓ Updated: 35.37 → 35.45 (VALUE CHANGED)
[2026-02-02 10:28:02]   [emp_id: 2554] ✓ Updated: 41.85 → 41.93 (VALUE CHANGED)
[2026-02-02 10:28:02]   [emp_id: 2565] ✓ Updated: 96.43 → 96.51 (VALUE CHANGED)
[2026-02-02 10:28:02]   [emp_id: 2572] ✓ Updated: 46.43 → 46.51 (VALUE CHANGED)
[2026-02-02 10:28:02]   [emp_id: 2637] ✓ Updated: 67.01 → 67.09 (VALUE CHANGED)
[2026-02-02 10:28:02]   [emp_id: 2642] ✓ Updated: 79.76 → 79.84 (VALUE CHANGED)
[2026-02-02 10:28:02]   [emp_id: 2645] ✓ Updated: 95.76 → 95.84 (VALUE CHANGED)
[2026-02-02 10:28:02]   [emp_id: 2648] ✓ Updated: 47.43 → 47.51 (VALUE CHANGED)
[2026-02-02 10:28:02]   [emp_id: 2654] ✓ Updated: 90.1 → 90.18 (VALUE CHANGED)
[2026-02-02 10:28:02]   [emp_id: 2688] ✓ Updated: 28.18 → 28.26 (VALUE CHANGED)
[2026-02-02 10:28:02]   [emp_id: 2690] ✓ Updated: 16.93 → 17.01 (VALUE CHANGED)
[2026-02-02 10:28:02]   [emp_id: 2709] ✓ Updated: 39.18 → 39.26 (VALUE CHANGED)
[2026-02-02 10:28:02]   [emp_id: 2745] ✓ Updated: 35.76 → 35.84 (VALUE CHANGED)
[2026-02-02 10:28:02]   [emp_id: 2843] ✓ Updated: 82.35 → 82.43 (VALUE CHANGED)
[2026-02-02 10:28:02]   [emp_id: 2854] ✓ Updated: 62.26 → 62.34 (VALUE CHANGED)
[2026-02-02 10:28:02]   [emp_id: 2869] ✓ Updated: 6.18 → 6.26 (VALUE CHANGED)
[2026-02-02 10:28:02]   [emp_id: 2876] ✓ Updated: 37.01 → 37.09 (VALUE CHANGED)
[2026-02-02 10:28:02]   [emp_id: 2924] ✓ Updated: 18.18 → 18.26 (VALUE CHANGED)
[2026-02-02 10:28:02]   [emp_id: 2953] ✓ Updated: 103.93 → 104.01 (VALUE CHANGED)
[2026-02-02 10:28:02]   [emp_id: 2961] ✓ Updated: 13.93 → 14.01 (VALUE CHANGED)
[2026-02-02 10:28:02]   [emp_id: 2975] ✓ Updated: 3.61 → 3.69 (VALUE CHANGED)
[2026-02-02 10:28:02]   [emp_id: 3013] ✓ Updated: 12.93 → 13.01 (VALUE CHANGED)
[2026-02-02 10:28:02]   [emp_id: 3014] ✓ Updated: 92.18 → 92.26 (VALUE CHANGED)
[2026-02-02 10:28:02]   [emp_id: 3015] ✓ Updated: 3.43 → 3.51 (VALUE CHANGED)
[2026-02-02 10:28:02]   [emp_id: 3018] ✓ Updated: 62.18 → 62.26 (VALUE CHANGED)
[2026-02-02 10:28:02]   [emp_id: 3025] ✓ Updated: 25.95 → 26.03 (VALUE CHANGED)
[2026-02-02 10:28:03]   [emp_id: 3037] ✓ Updated: 85.68 → 85.76 (VALUE CHANGED)
[2026-02-02 10:28:03]   [emp_id: 3047] ✓ Updated: 73.93 → 74.01 (VALUE CHANGED)
[2026-02-02 10:28:03]   [emp_id: 3061] ✓ Updated: 20.85 → 20.93 (VALUE CHANGED)
[2026-02-02 10:28:03]   [emp_id: 3062] ✓ Updated: 54.01 → 54.09 (VALUE CHANGED)
[2026-02-02 10:28:03]   [emp_id: 3074] ✓ Updated: 110.43 → 110.51 (VALUE CHANGED)
[2026-02-02 10:28:03]   [emp_id: 3089] ✓ Updated: 9.35 → 9.43 (VALUE CHANGED)
[2026-02-02 10:28:03]   [emp_id: 3090] ✓ Updated: 35.93 → 36.01 (VALUE CHANGED)
[2026-02-02 10:28:03]   [emp_id: 3091] ✓ Updated: 47.93 → 48.01 (VALUE CHANGED)
[2026-02-02 10:28:03]   [emp_id: 3092] ✓ Updated: 30.6 → 30.68 (VALUE CHANGED)
[2026-02-02 10:28:03]   [emp_id: 3105] ✓ Updated: 50.93 → 51.01 (VALUE CHANGED)
[2026-02-02 10:28:03]   [emp_id: 3134] ✓ Updated: 46.68 → 46.76 (VALUE CHANGED)
[2026-02-02 10:28:03]   [emp_id: 3140] ✓ Updated: 43.76 → 43.84 (VALUE CHANGED)
[2026-02-02 10:28:03]   [emp_id: 3144] ✓ Updated: 16.6 → 16.68 (VALUE CHANGED)
[2026-02-02 10:28:03]   [emp_id: 3156] ✓ Updated: 19.93 → 20.01 (VALUE CHANGED)
[2026-02-02 10:28:03]   [emp_id: 3162] ✓ Updated: 4.91 → 4.99 (VALUE CHANGED)
[2026-02-02 10:28:03]   [emp_id: 3163] ✓ Updated: 8.18 → 8.26 (VALUE CHANGED)
[2026-02-02 10:28:03]   [emp_id: 3198] ✓ Updated: 43.18 → 43.26 (VALUE CHANGED)
[2026-02-02 10:28:03]   [emp_id: 3205] ✓ Updated: 19.85 → 19.93 (VALUE CHANGED)
[2026-02-02 10:28:03]   [emp_id: 3209] ✓ Updated: 44.01 → 44.09 (VALUE CHANGED)
[2026-02-02 10:28:03]   [emp_id: 3223] ✓ Updated: 92.93 → 93.01 (VALUE CHANGED)
[2026-02-02 10:28:03]   [emp_id: 3224] ✓ Updated: 67.68 → 67.76 (VALUE CHANGED)
[2026-02-02 10:28:03]   [emp_id: 3230] ✓ Updated: 91.1 → 91.18 (VALUE CHANGED)
[2026-02-02 10:28:03]   [emp_id: 3231] ✓ Updated: 3.47 → 3.55 (VALUE CHANGED)
[2026-02-02 10:28:03]   [emp_id: 3233] ✓ Updated: 83.93 → 84.01 (VALUE CHANGED)
[2026-02-02 10:28:03]   [emp_id: 3249] ✓ Updated: 39.76 → 39.84 (VALUE CHANGED)
[2026-02-02 10:28:03]   [emp_id: 3250] ✓ Updated: 12.76 → 12.84 (VALUE CHANGED)
[2026-02-02 10:28:03]   [emp_id: 3252] ✓ Updated: 13.68 → 13.76 (VALUE CHANGED)
[2026-02-02 10:28:03]   [emp_id: 3254] ✓ Updated: 24.18 → 24.26 (VALUE CHANGED)
[2026-02-02 10:28:03]   [emp_id: 3255] ✓ Updated: 20.6 → 20.68 (VALUE CHANGED)
[2026-02-02 10:28:03]   [emp_id: 3256] ✓ Updated: 16.85 → 16.93 (VALUE CHANGED)
[2026-02-02 10:28:03]   [emp_id: 3263] ✓ Updated: 32.93 → 33.01 (VALUE CHANGED)
[2026-02-02 10:28:03]   [emp_id: 3265] ✓ Updated: 28.51 → 28.59 (VALUE CHANGED)
[2026-02-02 10:28:03]   [emp_id: 3280] ✓ Updated: 75.43 → 75.51 (VALUE CHANGED)
[2026-02-02 10:28:03]   [emp_id: 3286] ✓ Updated: 18.6 → 18.68 (VALUE CHANGED)
[2026-02-02 10:28:03]   [emp_id: 3294] ✓ Updated: 18.26 → 18.34 (VALUE CHANGED)
[2026-02-02 10:28:03]   [emp_id: 3321] ✓ Updated: 75.43 → 75.51 (VALUE CHANGED)
[2026-02-02 10:28:03]   [emp_id: 3325] ✓ Updated: 63.18 → 63.26 (VALUE CHANGED)
[2026-02-02 10:28:03]   [emp_id: 3329] ✓ Updated: 65.51 → 65.59 (VALUE CHANGED)
[2026-02-02 10:28:03]   [emp_id: 3330] ✓ Updated: 65.51 → 65.59 (VALUE CHANGED)
[2026-02-02 10:28:03]   [emp_id: 3332] ✓ Updated: 65.51 → 65.59 (VALUE CHANGED)
[2026-02-02 10:28:03]   [emp_id: 3370] ✓ Updated: 57.02 → 57.1 (VALUE CHANGED)
[2026-02-02 10:28:03]   [emp_id: 3384] ✓ Updated: 17.68 → 17.76 (VALUE CHANGED)
[2026-02-02 10:28:03]   [emp_id: 3386] ✓ Updated: 47.68 → 47.76 (VALUE CHANGED)
[2026-02-02 10:28:03]   [emp_id: 3431] ✓ Updated: 22.1 → 22.18 (VALUE CHANGED)
[2026-02-02 10:28:03]   [emp_id: 3497] ✓ Updated: 12.26 → 12.34 (VALUE CHANGED)
[2026-02-02 10:28:03]   [emp_id: 3532] ✓ Updated: 3.1 → 3.18 (VALUE CHANGED)
[2026-02-02 10:28:03]   [emp_id: 3602] ✓ Updated: 4.67 → 4.75 (VALUE CHANGED)
[2026-02-02 10:28:03]   [emp_id: 3618] ✓ Updated: 26.65 → 26.73 (VALUE CHANGED)
[2026-02-02 10:28:03]   [emp_id: 3622] ✓ Updated: 36.81 → 36.87 (VALUE CHANGED)
[2026-02-02 10:28:04]   [emp_id: 3627] ✓ Updated: 12.6 → 12.68 (VALUE CHANGED)
[2026-02-02 10:28:04]   [emp_id: 3665] ✓ Updated: 54.18 → 54.26 (VALUE CHANGED)
[2026-02-02 10:28:04]   [emp_id: 3705] ✓ Updated: 30.14 → 30.2 (VALUE CHANGED)
[2026-02-02 10:28:04]   [emp_id: 3724] ✓ Updated: 47.18 → 47.26 (VALUE CHANGED)
[2026-02-02 10:28:04]   [emp_id: 3726] ✓ Updated: 63.6 → 63.68 (VALUE CHANGED)
[2026-02-02 10:28:04]   [emp_id: 3727] ✓ Updated: 68.68 → 68.76 (VALUE CHANGED)
[2026-02-02 10:28:04]   [emp_id: 3728] ✓ Updated: 13.01 → 13.09 (VALUE CHANGED)
[2026-02-02 10:28:04]   [emp_id: 3767] ✓ Updated: 3.76 → 3.84 (VALUE CHANGED)
[2026-02-02 10:28:04]   [emp_id: 3768] ✓ Updated: 60.01 → 60.09 (VALUE CHANGED)
[2026-02-02 10:28:04]   [emp_id: 3787] ✓ Updated: 60.6 → 60.68 (VALUE CHANGED)
[2026-02-02 10:28:04]   [emp_id: 3790] ✓ Updated: 5.15 → 5.23 (VALUE CHANGED)
[2026-02-02 10:28:04]   [emp_id: 3795] ✓ Updated: 18.1 → 18.18 (VALUE CHANGED)
[2026-02-02 10:28:04]   [emp_id: 3798] ✓ Updated: 96.51 → 96.59 (VALUE CHANGED)
[2026-02-02 10:28:04]   [emp_id: 3801] ✓ Updated: 4.78 → 4.86 (VALUE CHANGED)
[2026-02-02 10:28:04]   [emp_id: 3802] ✓ Updated: 33.76 → 33.84 (VALUE CHANGED)
[2026-02-02 10:28:04]   [emp_id: 3803] ✓ Updated: 118.18 → 118.26 (VALUE CHANGED)
[2026-02-02 10:28:04]   [emp_id: 3810] ✓ Updated: 64.18 → 64.26 (VALUE CHANGED)
[2026-02-02 10:28:04]   [emp_id: 3812] ✓ Updated: 93.18 → 93.26 (VALUE CHANGED)
[2026-02-02 10:28:04]   [emp_id: 3815] ✓ Updated: 93.18 → 93.26 (VALUE CHANGED)
[2026-02-02 10:28:04]   [emp_id: 3836] ✓ Updated: 60.85 → 60.93 (VALUE CHANGED)
[2026-02-02 10:28:04]   [emp_id: 3855] ✓ Updated: 54.01 → 54.09 (VALUE CHANGED)
[2026-02-02 10:28:04]   [emp_id: 3857] ✓ Updated: 57.68 → 57.76 (VALUE CHANGED)
[2026-02-02 10:28:04]   [emp_id: 3862] ✓ Updated: 105.76 → 105.84 (VALUE CHANGED)
[2026-02-02 10:28:04]   [emp_id: 3866] ✓ Updated: 31.01 → 31.09 (VALUE CHANGED)
[2026-02-02 10:28:04]   [emp_id: 3876] ✓ Updated: 27.18 → 27.26 (VALUE CHANGED)
[2026-02-02 10:28:04]   [emp_id: 3877] ✓ Updated: 52.68 → 52.76 (VALUE CHANGED)
[2026-02-02 10:28:04]   [emp_id: 3897] ✓ Updated: 40.93 → 41.01 (VALUE CHANGED)
[2026-02-02 10:28:04]   [emp_id: 3899] ✓ Updated: 2.75 → 2.83 (VALUE CHANGED)
[2026-02-02 10:28:04]   [emp_id: 3928] ✓ Updated: 17.01 → 17.09 (VALUE CHANGED)
[2026-02-02 10:28:04]   [emp_id: 3929] ✓ Updated: 12.01 → 12.09 (VALUE CHANGED)
[2026-02-02 10:28:04]   [emp_id: 3935] ✓ Updated: 97.01 → 97.09 (VALUE CHANGED)
[2026-02-02 10:28:04]   [emp_id: 3952] ✓ Updated: 78.35 → 78.43 (VALUE CHANGED)
[2026-02-02 10:28:04]   [emp_id: 3987] ✓ Updated: 17.26 → 17.34 (VALUE CHANGED)
[2026-02-02 10:28:04]   [emp_id: 4059] ✓ Updated: 6.46 → 6.54 (VALUE CHANGED)
[2026-02-02 10:28:04]   [emp_id: 4119] ✓ Updated: 59.93 → 60.01 (VALUE CHANGED)
[2026-02-02 10:28:04]   [emp_id: 4120] ✓ Updated: 29.51 → 29.59 (VALUE CHANGED)
[2026-02-02 10:28:04]   [emp_id: 4124] ✓ Updated: 30.03 → 30.11 (VALUE CHANGED)
[2026-02-02 10:28:04]   [emp_id: 4133] ✓ Updated: 108.51 → 108.59 (VALUE CHANGED)
[2026-02-02 10:28:04]   [emp_id: 4134] ✓ Updated: 29.51 → 29.59 (VALUE CHANGED)
[2026-02-02 10:28:04]   [emp_id: 4136] ✓ Updated: 29.51 → 29.59 (VALUE CHANGED)
[2026-02-02 10:28:04]   [emp_id: 4150] ✓ Updated: 28.18 → 28.26 (VALUE CHANGED)
[2026-02-02 10:28:04]   [emp_id: 4157] ✓ Updated: 21.68 → 21.76 (VALUE CHANGED)
[2026-02-02 10:28:04]   [emp_id: 4172] ✓ Updated: 14.72 → 14.78 (VALUE CHANGED)
[2026-02-02 10:28:04]   [emp_id: 4195] ✓ Updated: 65.26 → 65.34 (VALUE CHANGED)
[2026-02-02 10:28:04]   [emp_id: 4215] ✓ Updated: 47.93 → 48.01 (VALUE CHANGED)
[2026-02-02 10:28:04]   [emp_id: 4220] ✓ Updated: 43.51 → 43.59 (VALUE CHANGED)
[2026-02-02 10:28:04]   [emp_id: 4273] ✓ Updated: 12.18 → 12.26 (VALUE CHANGED)
[2026-02-02 10:28:04]   [emp_id: 4283] ✓ Updated: 15.81 → 15.87 (VALUE CHANGED)
[2026-02-02 10:28:04]   [emp_id: 4288] ✓ Updated: 2.75 → 2.83 (VALUE CHANGED)
[2026-02-02 10:28:04]   [emp_id: 4315] ✓ Updated: 15.43 → 15.51 (VALUE CHANGED)
[2026-02-02 10:28:04]   [emp_id: 4328] ✓ Updated: 44.64 → 44.7 (VALUE CHANGED)
[2026-02-02 10:28:04]   [emp_id: 4329] ✓ Updated: 8.6 → 8.68 (VALUE CHANGED)
[2026-02-02 10:28:04]   [emp_id: 4338] ✓ Updated: 50.18 → 50.26 (VALUE CHANGED)
[2026-02-02 10:28:05]   [emp_id: 4340] ✓ Updated: 112.18 → 112.26 (VALUE CHANGED)
[2026-02-02 10:28:05]   [emp_id: 4365] ✓ Updated: 63.6 → 63.68 (VALUE CHANGED)
[2026-02-02 10:28:05]   [emp_id: 4366] ✓ Updated: 62.68 → 62.76 (VALUE CHANGED)
[2026-02-02 10:28:05]   [emp_id: 4403] ✓ Updated: 88.51 → 88.59 (VALUE CHANGED)
[2026-02-02 10:28:05]   [emp_id: 4438] ✓ Updated: 24.18 → 24.26 (VALUE CHANGED)
[2026-02-02 10:28:05]   [emp_id: 4465] ✓ Updated: 14.97 → 15.03 (VALUE CHANGED)
[2026-02-02 10:28:05]   [emp_id: 4473] ✓ Updated: 47.76 → 47.84 (VALUE CHANGED)
[2026-02-02 10:28:05]   [emp_id: 4474] ✓ Updated: 5.48 → 5.54 (VALUE CHANGED)
[2026-02-02 10:28:05]   [emp_id: 4493] ✓ Updated: 166.6 → 166.68 (VALUE CHANGED)
[2026-02-02 10:28:05]   [emp_id: 4526] ✓ Updated: 38.85 → 38.93 (VALUE CHANGED)
[2026-02-02 10:28:05]   [emp_id: 4528] ✓ Updated: 110.6 → 110.68 (VALUE CHANGED)
[2026-02-02 10:28:05]   [emp_id: 4528] ✓ Updated: 110.6 → 110.76 (VALUE CHANGED)
[2026-02-02 10:28:05]   [emp_id: 4532] ✓ Updated: 10.09 → 10.15 (VALUE CHANGED)
[2026-02-02 10:28:05]   [emp_id: 4533] ✓ Updated: 39.01 → 39.09 (VALUE CHANGED)
[2026-02-02 10:28:05]   [emp_id: 4565] ✓ Updated: 17.47 → 17.53 (VALUE CHANGED)
[2026-02-02 10:28:05]   [emp_id: 4567] ✓ Updated: 21.72 → 21.78 (VALUE CHANGED)
[2026-02-02 10:28:05]   [emp_id: 4572] ✓ Updated: 61.22 → 61.28 (VALUE CHANGED)
[2026-02-02 10:28:05]   [emp_id: 4631] ✓ Updated: 17.47 → 17.53 (VALUE CHANGED)
[2026-02-02 10:28:05]   [emp_id: 4655] ✓ Updated: 27.93 → 28.01 (VALUE CHANGED)
[2026-02-02 10:28:05]   [emp_id: 4709] ✓ Updated: 43.18 → 43.26 (VALUE CHANGED)
[2026-02-02 10:28:05]   [emp_id: 4717] ✓ Updated: 69.18 → 69.26 (VALUE CHANGED)
[2026-02-02 10:28:05]   [emp_id: 4736] ✓ Updated: 31.01 → 31.09 (VALUE CHANGED)
[2026-02-02 10:28:05]   [emp_id: 4756] ✓ Updated: 13.91 → 13.97 (VALUE CHANGED)
[2026-02-02 10:28:05]   [emp_id: 4768] ✓ Updated: 16.68 → 16.76 (VALUE CHANGED)
[2026-02-02 10:28:05]   [emp_id: 4780] ✓ Updated: 67.64 → 67.7 (VALUE CHANGED)
[2026-02-02 10:28:05]   [emp_id: 4820] ✓ Updated: 102.01 → 102.09 (VALUE CHANGED)
[2026-02-02 10:28:05]   [emp_id: 4824] ✓ Updated: 5.19 → 5.27 (VALUE CHANGED)
[2026-02-02 10:28:05]   [emp_id: 4825] ✓ Updated: 33.76 → 33.84 (VALUE CHANGED)
[2026-02-02 10:28:05]   [emp_id: 4837] ✓ Updated: 47.63 → 47.69 (VALUE CHANGED)
[2026-02-02 10:28:05]   [emp_id: 4840] ✓ Updated: 47.63 → 47.69 (VALUE CHANGED)
[2026-02-02 10:28:05]   [emp_id: 4842] ✓ Updated: 46.87 → 46.93 (VALUE CHANGED)
[2026-02-02 10:28:05]   [emp_id: 4843] ✓ Updated: 47.4 → 47.46 (VALUE CHANGED)
[2026-02-02 10:28:05]   [emp_id: 4853] ✓ Updated: 91.22 → 91.28 (VALUE CHANGED)
[2026-02-02 10:28:05]   [emp_id: 4856] ✓ Updated: 44.54 → 44.6 (VALUE CHANGED)
[2026-02-02 10:28:05]   [emp_id: 4857] ✓ Updated: 27.36 → 27.42 (VALUE CHANGED)
[2026-02-02 10:28:05]   [emp_id: 4858] ✓ Updated: 24.24 → 24.3 (VALUE CHANGED)
[2026-02-02 10:28:05]   [emp_id: 4859] ✓ Updated: 45.71 → 45.77 (VALUE CHANGED)
[2026-02-02 10:28:05]   [emp_id: 4860] ✓ Updated: 10.21 → 10.27 (VALUE CHANGED)
[2026-02-02 10:28:05]   [emp_id: 4861] ✓ Updated: 43.67 → 43.73 (VALUE CHANGED)
[2026-02-02 10:28:05]   [emp_id: 4869] ✓ Updated: 86.55 → 86.61 (VALUE CHANGED)
[2026-02-02 10:28:05]   [emp_id: 4894] ✓ Updated: 10.68 → 10.76 (VALUE CHANGED)
[2026-02-02 10:28:05]   [emp_id: 4897] ✓ Updated: 25.45 → 25.51 (VALUE CHANGED)
[2026-02-02 10:28:05]   [emp_id: 4899] ✓ Updated: 21.62 → 21.68 (VALUE CHANGED)
[2026-02-02 10:28:05]   [emp_id: 4902] ✓ Updated: 21.04 → 21.1 (VALUE CHANGED)
[2026-02-02 10:28:05]   [emp_id: 4903] ✓ Updated: 23.26 → 23.32 (VALUE CHANGED)
[2026-02-02 10:28:06]   [emp_id: 4905] ✓ Updated: 21.92 → 21.98 (VALUE CHANGED)
[2026-02-02 10:28:06]   [emp_id: 4907] ✓ Updated: 50.76 → 50.84 (VALUE CHANGED)
[2026-02-02 10:28:06]   [emp_id: 4917] ✓ Updated: 18.88 → 18.94 (VALUE CHANGED)
[2026-02-02 10:28:06]   [emp_id: 4918] ✓ Updated: 8.65 → 8.71 (VALUE CHANGED)
[2026-02-02 10:28:06]   [emp_id: 4919] ✓ Updated: 60.94 → 61 (VALUE CHANGED)
[2026-02-02 10:28:06]   [emp_id: 4920] ✓ Updated: 8.02 → 8.08 (VALUE CHANGED)
[2026-02-02 10:28:06]   [emp_id: 4921] ✓ Updated: 20.11 → 20.17 (VALUE CHANGED)
[2026-02-02 10:28:06]   [emp_id: 4927] ✓ Updated: 18.94 → 19 (VALUE CHANGED)
[2026-02-02 10:28:06]   [emp_id: 4929] ✓ Updated: 20.46 → 20.52 (VALUE CHANGED)
[2026-02-02 10:28:06]   [emp_id: 4930] ✓ Updated: 61.23 → 61.29 (VALUE CHANGED)
[2026-02-02 10:28:06]   [emp_id: 4932] ✓ Updated: 19.23 → 19.29 (VALUE CHANGED)
[2026-02-02 10:28:06]   [emp_id: 4933] ✓ Updated: 22.64 → 22.7 (VALUE CHANGED)
[2026-02-02 10:28:06]   [emp_id: 4949] ✓ Updated: 26.07 → 26.13 (VALUE CHANGED)
[2026-02-02 10:28:06]   [emp_id: 4956] ✓ Updated: 31.66 → 31.72 (VALUE CHANGED)
[2026-02-02 10:28:06]   [emp_id: 4957] ✓ Updated: 27.33 → 27.39 (VALUE CHANGED)
[2026-02-02 10:28:06]   [emp_id: 4962] ✓ Updated: 50.12 → 50.2 (VALUE CHANGED)
[2026-02-02 10:28:06]   [emp_id: 4969] ✓ Updated: 49.43 → 49.51 (VALUE CHANGED)
[2026-02-02 10:28:06]   [emp_id: 4976] ✓ Updated: 12.35 → 12.41 (VALUE CHANGED)
[2026-02-02 10:28:06]   [emp_id: 4984] ✓ Updated: 40.68 → 40.76 (VALUE CHANGED)
[2026-02-02 10:28:06]   [emp_id: 4995] ✓ Updated: 52.75 → 52.83 (VALUE CHANGED)
[2026-02-02 10:28:06]   [emp_id: 5004] ✓ Updated: 29.29 → 29.35 (VALUE CHANGED)
[2026-02-02 10:28:06]   [emp_id: 5006] ✓ Updated: 29.03 → 29.09 (VALUE CHANGED)
[2026-02-02 10:28:06]   [emp_id: 5011] ✓ Updated: 8.53 → 8.61 (VALUE CHANGED)
[2026-02-02 10:28:06]   [emp_id: 5013] ✓ Updated: 69.4 → 69.46 (VALUE CHANGED)
[2026-02-02 10:28:06]   [emp_id: 5018] ✓ Updated: 5.89 → 5.95 (VALUE CHANGED)
[2026-02-02 10:28:06]   [emp_id: 5021] ✓ Updated: 63.78 → 63.86 (VALUE CHANGED)
[2026-02-02 10:28:06]   [emp_id: 5024] ✓ Updated: 3.91 → 3.97 (VALUE CHANGED)
[2026-02-02 10:28:06]   [emp_id: 5030] ✓ Updated: 33.86 → 33.92 (VALUE CHANGED)
[2026-02-02 10:28:06]   [emp_id: 5033] ✓ Updated: 12.66 → 12.72 (VALUE CHANGED)
[2026-02-02 10:28:06]   [emp_id: 5043] ✓ Updated: 33.35 → 33.43 (VALUE CHANGED)
[2026-02-02 10:28:06]   [emp_id: 5045] ✓ Updated: 29.85 → 29.93 (VALUE CHANGED)
[2026-02-02 10:28:06]   [emp_id: 5046] ✓ Updated: 25.04 → 25.12 (VALUE CHANGED)
[2026-02-02 10:28:06]   [emp_id: 5049] ✓ Updated: 1.34 → 1.4 (VALUE CHANGED)
[2026-02-02 10:28:06]   [emp_id: 5052] ✓ Updated: 32.62 → 32.68 (VALUE CHANGED)
[2026-02-02 10:28:06]   [emp_id: 5055] ✓ Updated: 21.06 → 21.12 (VALUE CHANGED)
[2026-02-02 10:28:06]   [emp_id: 5058] ✓ Updated: 30.04 → 30.1 (VALUE CHANGED)
[2026-02-02 10:28:06]   [emp_id: 5062] ✓ Updated: 41.87 → 41.93 (VALUE CHANGED)
[2026-02-02 10:28:06]   [emp_id: 5064] ✓ Updated: 120.68 → 120.76 (VALUE CHANGED)
[2026-02-02 10:28:06]   [emp_id: 5065] ✓ Updated: 41.28 → 41.34 (VALUE CHANGED)
[2026-02-02 10:28:06]   [emp_id: 5071] ✓ Updated: 26.18 → 26.26 (VALUE CHANGED)
[2026-02-02 10:28:06]   [emp_id: 5073] ✓ Updated: 15.88 → 15.94 (VALUE CHANGED)
[2026-02-02 10:28:06]   [emp_id: 5079] ✓ Updated: 36.44 → 36.5 (VALUE CHANGED)
[2026-02-02 10:28:06]   [emp_id: 5080] ✓ Updated: 29.77 → 29.83 (VALUE CHANGED)
[2026-02-02 10:28:06]   [emp_id: 5081] ✓ Updated: 18.03 → 18.09 (VALUE CHANGED)
[2026-02-02 10:28:06]   [emp_id: 5087] ✓ Updated: 38.07 → 38.13 (VALUE CHANGED)
[2026-02-02 10:28:06]   [emp_id: 5091] ✓ Updated: 77.92 → 77.98 (VALUE CHANGED)
[2026-02-02 10:28:06]   [emp_id: 5093] ✓ Updated: 17.35 → 17.43 (VALUE CHANGED)
[2026-02-02 10:28:06]   [emp_id: 5095] ✓ Updated: 3.46 → 3.52 (VALUE CHANGED)
[2026-02-02 10:28:06]   [emp_id: 5101] ✓ Updated: 19.43 → 19.51 (VALUE CHANGED)
[2026-02-02 10:28:07]   [emp_id: 5107] ✓ Updated: 17.76 → 17.84 (VALUE CHANGED)
[2026-02-02 10:28:07]   [emp_id: 5109] ✓ Updated: 15.01 → 15.09 (VALUE CHANGED)
[2026-02-02 10:28:07]   [emp_id: 5119] ✓ Updated: 13.18 → 13.26 (VALUE CHANGED)
[2026-02-02 10:28:07]   [emp_id: 5122] ✓ Updated: 10.35 → 10.43 (VALUE CHANGED)
[2026-02-02 10:28:07]   [emp_id: 5126] ✓ Updated: 28.8 → 28.86 (VALUE CHANGED)
[2026-02-02 10:28:07]   [emp_id: 5127] ✓ Updated: 1.53 → 1.59 (VALUE CHANGED)
[2026-02-02 10:28:07]   [emp_id: 5128] ✓ Updated: 28.74 → 28.8 (VALUE CHANGED)
[2026-02-02 10:28:07]   [emp_id: 5138] ✓ Updated: 53.01 → 53.09 (VALUE CHANGED)
[2026-02-02 10:28:07]   [emp_id: 5138] ✓ Updated: 53.01 → 53.09 (VALUE CHANGED)
[2026-02-02 10:28:07]   [emp_id: 5141] ✓ Updated: 37.11 → 37.17 (VALUE CHANGED)
[2026-02-02 10:28:07]   [emp_id: 5142] ✓ Updated: 16.11 → 16.17 (VALUE CHANGED)
[2026-02-02 10:28:07]   [emp_id: 5146] ✓ Updated: 23.11 → 23.17 (VALUE CHANGED)
[2026-02-02 10:28:07]   [emp_id: 5147] ✓ Updated: 22.11 → 22.17 (VALUE CHANGED)
[2026-02-02 10:28:07]   [emp_id: 5148] ✓ Updated: 27.46 → 27.52 (VALUE CHANGED)
[2026-02-02 10:28:07]   [emp_id: 5149] ✓ Updated: 26.35 → 26.41 (VALUE CHANGED)
[2026-02-02 10:28:07]   [emp_id: 5150] ✓ Updated: 25.71 → 25.77 (VALUE CHANGED)
[2026-02-02 10:28:07]   [emp_id: 5151] ✓ Updated: 25.53 → 25.59 (VALUE CHANGED)
[2026-02-02 10:28:07]   [emp_id: 5152] ✓ Updated: 5.95 → 6.01 (VALUE CHANGED)
[2026-02-02 10:28:07]   [emp_id: 5157] ✓ Updated: 25.53 → 25.59 (VALUE CHANGED)
[2026-02-02 10:28:07]   [emp_id: 5160] ✓ Updated: 25.53 → 25.59 (VALUE CHANGED)
[2026-02-02 10:28:07]   [emp_id: 5163] ✓ Updated: 23.32 → 23.38 (VALUE CHANGED)
[2026-02-02 10:28:07]   [emp_id: 5165] ✓ Updated: 4.45 → 4.53 (VALUE CHANGED)
[2026-02-02 10:28:07]   [emp_id: 5167] ✓ Updated: 32.47 → 32.53 (VALUE CHANGED)
[2026-02-02 10:28:07]   [emp_id: 5168] ✓ Updated: 25.01 → 25.07 (VALUE CHANGED)
[2026-02-02 10:28:07]   [emp_id: 5173] ✓ Updated: 28.1 → 28.18 (VALUE CHANGED)
[2026-02-02 10:28:07]   [emp_id: 5174] ✓ Updated: 25.47 → 25.53 (VALUE CHANGED)
[2026-02-02 10:28:07]   [emp_id: 5181] ✓ Updated: 21.86 → 21.92 (VALUE CHANGED)
[2026-02-02 10:28:07]   [emp_id: 5186] ✓ Updated: 27.39 → 27.45 (VALUE CHANGED)
[2026-02-02 10:28:07]   [emp_id: 5187] ✓ Updated: 38.39 → 38.45 (VALUE CHANGED)
[2026-02-02 10:28:07]   [emp_id: 5204] ✓ Updated: 25.6 → 25.68 (VALUE CHANGED)
[2026-02-02 10:28:07]   [emp_id: 5205] ✓ Updated: 14.6 → 14.66 (VALUE CHANGED)
[2026-02-02 10:28:07]   [emp_id: 5209] ✓ Updated: 17.6 → 17.66 (VALUE CHANGED)
[2026-02-02 10:28:07]   [emp_id: 5213] ✓ Updated: 5.01 → 5.07 (VALUE CHANGED)
[2026-02-02 10:28:07]   [emp_id: 5214] ✓ Updated: 3.85 → 3.91 (VALUE CHANGED)
[2026-02-02 10:28:07]   [emp_id: 5215] ✓ Updated: 12.6 → 12.66 (VALUE CHANGED)
[2026-02-02 10:28:07]   [emp_id: 5217] ✓ Updated: 11.6 → 11.66 (VALUE CHANGED)
[2026-02-02 10:28:07]   [emp_id: 5219] ✓ Updated: 15.6 → 15.66 (VALUE CHANGED)
[2026-02-02 10:28:07]   [emp_id: 5221] ✓ Updated: 4.91 → 4.97 (VALUE CHANGED)
[2026-02-02 10:28:07]   [emp_id: 5224] ✓ Updated: 16.6 → 16.66 (VALUE CHANGED)
[2026-02-02 10:28:07]   [emp_id: 5225] ✓ Updated: 8.91 → 8.97 (VALUE CHANGED)
[2026-02-02 10:28:07]   [emp_id: 5228] ✓ Updated: 11.6 → 11.66 (VALUE CHANGED)
[2026-02-02 10:28:07]   [emp_id: 5229] ✓ Updated: 7.6 → 7.66 (VALUE CHANGED)
[2026-02-02 10:28:07]   [emp_id: 5230] ✓ Updated: 12.27 → 12.33 (VALUE CHANGED)
[2026-02-02 10:28:07]   [emp_id: 5231] ✓ Updated: 8.6 → 8.66 (VALUE CHANGED)
[2026-02-02 10:28:07]   [emp_id: 5232] ✓ Updated: 2.6 → 2.66 (VALUE CHANGED)
[2026-02-02 10:28:07]   [emp_id: 5233] ✓ Updated: 6.6 → 6.66 (VALUE CHANGED)
[2026-02-02 10:28:07]   [emp_id: 5234] ✓ Updated: 6.6 → 6.66 (VALUE CHANGED)
[2026-02-02 10:28:07]   [emp_id: 5235] ✓ Updated: 2.04 → 2.1 (VALUE CHANGED)
[2026-02-02 10:28:08]   [emp_id: 5237] ✓ Updated: 12.85 → 12.91 (VALUE CHANGED)
[2026-02-02 10:28:08]   [emp_id: 5239] ✓ Updated: 9.6 → 9.66 (VALUE CHANGED)
[2026-02-02 10:28:08]   [emp_id: 5241] ✓ Updated: 7.6 → 7.66 (VALUE CHANGED)
[2026-02-02 10:28:08]   [emp_id: 5242] ✓ Updated: 17.6 → 17.66 (VALUE CHANGED)
[2026-02-02 10:28:08]   [emp_id: 5243] ✓ Updated: 4.01 → 4.07 (VALUE CHANGED)
[2026-02-02 10:28:08]   [emp_id: 5244] ✓ Updated: 2.04 → 2.1 (VALUE CHANGED)
[2026-02-02 10:28:08]   [emp_id: 5246] ✓ Updated: 13.6 → 13.66 (VALUE CHANGED)
[2026-02-02 10:28:08]   [emp_id: 5253] ✓ Updated: 26.47 → 26.53 (VALUE CHANGED)
[2026-02-02 10:28:08]   [emp_id: 5254] ✓ Updated: 14.45 → 14.51 (VALUE CHANGED)
[2026-02-02 10:28:08]   [emp_id: 5257] ✓ Updated: 14.16 → 14.22 (VALUE CHANGED)
[2026-02-02 10:28:08]   [emp_id: 5259] ✓ Updated: 50.69 → 50.75 (VALUE CHANGED)
[2026-02-02 10:28:08]   [emp_id: 5261] ✓ Updated: 19.2 → 19.28 (VALUE CHANGED)
[2026-02-02 10:28:08]   [emp_id: 5264] ✓ Updated: 16.17 → 16.23 (VALUE CHANGED)
[2026-02-02 10:28:08]   [emp_id: 5266] ✓ Updated: 22.79 → 22.85 (VALUE CHANGED)
[2026-02-02 10:28:08]   [emp_id: 5268] ✓ Updated: 11.36 → 11.42 (VALUE CHANGED)
[2026-02-02 10:28:08]   [emp_id: 5271] ✓ Updated: 10.02 → 10.08 (VALUE CHANGED)
[2026-02-02 10:28:08]   [emp_id: 5272] ✓ Updated: 10.89 → 10.95 (VALUE CHANGED)
[2026-02-02 10:28:08]   [emp_id: 5273] ✓ Updated: 25.96 → 26.02 (VALUE CHANGED)
[2026-02-02 10:28:08]   [emp_id: 5275] ✓ Updated: 11.71 → 11.77 (VALUE CHANGED)
[2026-02-02 10:28:08]   [emp_id: 5276] ✓ Updated: 25.98 → 26.04 (VALUE CHANGED)
[2026-02-02 10:28:08]   [emp_id: 5278] ✓ Updated: 10.37 → 10.43 (VALUE CHANGED)
[2026-02-02 10:28:08]   [emp_id: 5280] ✓ Updated: 20.77 → 20.83 (VALUE CHANGED)
[2026-02-02 10:28:08]   [emp_id: 5282] ✓ Updated: 14.68 → 14.76 (VALUE CHANGED)
[2026-02-02 10:28:08]   [emp_id: 5285] ✓ Updated: 30.77 → 30.83 (VALUE CHANGED)
[2026-02-02 10:28:08]   [emp_id: 5286] ✓ Updated: 17.77 → 17.83 (VALUE CHANGED)
[2026-02-02 10:28:08]   [emp_id: 5287] ✓ Updated: 52.07 → 52.13 (VALUE CHANGED)
[2026-02-02 10:28:08]   [emp_id: 5288] ✓ Updated: 9.34 → 9.4 (VALUE CHANGED)
[2026-02-02 10:28:08]   [emp_id: 5289] ✓ Updated: 50.62 → 50.68 (VALUE CHANGED)
[2026-02-02 10:28:08]   [emp_id: 5290] ✓ Updated: 49.39 → 49.45 (VALUE CHANGED)
[2026-02-02 10:28:08]   [emp_id: 5291] ✓ Updated: 7.39 → 7.45 (VALUE CHANGED)
[2026-02-02 10:28:08]   [emp_id: 5292] ✓ Updated: 7.33 → 7.39 (VALUE CHANGED)
[2026-02-02 10:28:08]   [emp_id: 5293] ✓ Updated: 10.94 → 11.02 (VALUE CHANGED)
[2026-02-02 10:28:08]   [emp_id: 5294] ✓ Updated: 10.6 → 10.68 (VALUE CHANGED)
[2026-02-02 10:28:08]   [emp_id: 5295] ✓ Updated: 23.57 → 23.63 (VALUE CHANGED)
[2026-02-02 10:28:08]   [emp_id: 5296] ✓ Updated: 37.62 → 37.7 (VALUE CHANGED)
[2026-02-02 10:28:08]   [emp_id: 5297] ✓ Updated: 47.99 → 48.05 (VALUE CHANGED)
[2026-02-02 10:28:08]   [emp_id: 5298] ✓ Updated: 47.99 → 48.05 (VALUE CHANGED)
[2026-02-02 10:28:08]   [emp_id: 5299] ✓ Updated: 47.99 → 48.05 (VALUE CHANGED)
[2026-02-02 10:28:08]   [emp_id: 5300] ✓ Updated: 47.99 → 48.05 (VALUE CHANGED)
[2026-02-02 10:28:08]   [emp_id: 5301] ✓ Updated: 5.81 → 5.87 (VALUE CHANGED)
[2026-02-02 10:28:08]   [emp_id: 5303] ✓ Updated: 6.24 → 6.3 (VALUE CHANGED)
[2026-02-02 10:28:08]   [emp_id: 5304] ✓ Updated: 2.99 → 3.05 (VALUE CHANGED)
[2026-02-02 10:28:08]   [emp_id: 5305] ✓ Updated: 5.99 → 6.05 (VALUE CHANGED)
[2026-02-02 10:28:08]   [emp_id: 5306] ✓ Updated: 47.7 → 47.76 (VALUE CHANGED)
[2026-02-02 10:28:08]   [emp_id: 5307] ✓ Updated: 47.7 → 47.76 (VALUE CHANGED)
[2026-02-02 10:28:08]   [emp_id: 5312] ✓ Updated: 2.04 → 2.1 (VALUE CHANGED)
[2026-02-02 10:28:09]   [emp_id: 5318] ✓ Updated: 28.41 → 28.47 (VALUE CHANGED)
[2026-02-02 10:28:09]   [emp_id: 5325] ✓ Updated: 2.37 → 2.43 (VALUE CHANGED)
[2026-02-02 10:28:09]   [emp_id: 5327] ✓ Updated: 3.46 → 3.52 (VALUE CHANGED)
[2026-02-02 10:28:09]   [emp_id: 5337] ✓ Updated: 38.51 → 38.59 (VALUE CHANGED)
[2026-02-02 10:28:09]   [emp_id: 5339] ✓ Updated: 12.56 → 12.62 (VALUE CHANGED)
[2026-02-02 10:28:09]   [emp_id: 5343] ✓ Updated: 48.43 → 48.51 (VALUE CHANGED)
[2026-02-02 10:28:09]   [emp_id: 5345] ✓ Updated: 18.26 → 18.34 (VALUE CHANGED)
[2026-02-02 10:28:09]   [emp_id: 5346] ✓ Updated: 4.28 → 4.34 (VALUE CHANGED)
[2026-02-02 10:28:09]   [emp_id: 5351] ✓ Updated: 19.22 → 19.28 (VALUE CHANGED)
[2026-02-02 10:28:09]   [emp_id: 5352] ✓ Updated: 28.68 → 28.76 (VALUE CHANGED)
[2026-02-02 10:28:09]   [emp_id: 5370] ✓ Updated: 17.87 → 17.93 (VALUE CHANGED)
[2026-02-02 10:28:09]   [emp_id: 5371] ✓ Updated: 10.43 → 10.51 (VALUE CHANGED)
[2026-02-02 10:28:09]   [emp_id: 5376] ✓ Updated: 12.47 → 12.53 (VALUE CHANGED)
[2026-02-02 10:28:09]   [emp_id: 5378] ✓ Updated: 20.51 → 20.59 (VALUE CHANGED)
[2026-02-02 10:28:09]   [emp_id: 5380] ✓ Updated: 18.88 → 18.94 (VALUE CHANGED)
[2026-02-02 10:28:09]   [emp_id: 5381] ✓ Updated: 14.95 → 15.03 (VALUE CHANGED)
[2026-02-02 10:28:09]   [emp_id: 5383] ✓ Updated: 18.26 → 18.34 (VALUE CHANGED)
[2026-02-02 10:28:09]   [emp_id: 5388] ✓ Updated: 29.66 → 29.72 (VALUE CHANGED)
[2026-02-02 10:28:09]   [emp_id: 5396] ✓ Updated: 30.9 → 30.96 (VALUE CHANGED)
[2026-02-02 10:28:09]   [emp_id: 5397] ✓ Updated: 22.36 → 22.42 (VALUE CHANGED)
[2026-02-02 10:28:09]   [emp_id: 5401] ✓ Updated: 25.47 → 25.53 (VALUE CHANGED)
[2026-02-02 10:28:09]   [emp_id: 5402] ✓ Updated: 25.59 → 25.65 (VALUE CHANGED)
[2026-02-02 10:28:09]   [emp_id: 5406] ✓ Updated: 19.31 → 19.37 (VALUE CHANGED)
[2026-02-02 10:28:09]   [emp_id: 5407] ✓ Updated: 19.03 → 19.11 (VALUE CHANGED)
[2026-02-02 10:28:09]   [emp_id: 5409] ✓ Updated: 18.65 → 18.71 (VALUE CHANGED)
[2026-02-02 10:28:09]   [emp_id: 5413] ✓ Updated: 31.43 → 31.51 (VALUE CHANGED)
[2026-02-02 10:28:09]   [emp_id: 5414] ✓ Updated: 31.1 → 31.18 (VALUE CHANGED)
[2026-02-02 10:28:09]   [emp_id: 5415] ✓ Updated: 7.03 → 7.11 (VALUE CHANGED)
[2026-02-02 10:28:09]   [emp_id: 5418] ✓ Updated: 17.71 → 17.77 (VALUE CHANGED)
[2026-02-02 10:28:09]   [emp_id: 5422] ✓ Updated: 23.76 → 23.84 (VALUE CHANGED)
[2026-02-02 10:28:09]   [emp_id: 5423] ✓ Updated: 8.45 → 8.53 (VALUE CHANGED)
[2026-02-02 10:28:09]   [emp_id: 5425] ✓ Updated: 16.26 → 16.32 (VALUE CHANGED)
[2026-02-02 10:28:09]   [emp_id: 5426] ✓ Updated: 5 → 5.08 (VALUE CHANGED)
[2026-02-02 10:28:09]   [emp_id: 5427] ✓ Updated: 16.37 → 16.43 (VALUE CHANGED)
[2026-02-02 10:28:09]   [emp_id: 5428] ✓ Updated: 16.26 → 16.32 (VALUE CHANGED)
[2026-02-02 10:28:09]   [emp_id: 5430] ✓ Updated: 20.82 → 20.9 (VALUE CHANGED)
[2026-02-02 10:28:09]   [emp_id: 5431] ✓ Updated: 15.38 → 15.44 (VALUE CHANGED)
[2026-02-02 10:28:09]   [emp_id: 5433] ✓ Updated: 15.4 → 15.46 (VALUE CHANGED)
[2026-02-02 10:28:09]   [emp_id: 5434] ✓ Updated: 15.15 → 15.21 (VALUE CHANGED)
[2026-02-02 10:28:09]   [emp_id: 5435] ✓ Updated: 15.09 → 15.15 (VALUE CHANGED)
[2026-02-02 10:28:09]   [emp_id: 5436] ✓ Updated: 15.09 → 15.15 (VALUE CHANGED)
[2026-02-02 10:28:09]   [emp_id: 5438] ✓ Updated: 18.68 → 18.76 (VALUE CHANGED)
[2026-02-02 10:28:09]   [emp_id: 5439] ✓ Updated: 28.18 → 28.26 (VALUE CHANGED)
[2026-02-02 10:28:09]   [emp_id: 5442] ✓ Updated: 17.18 → 17.26 (VALUE CHANGED)
[2026-02-02 10:28:09]   [emp_id: 5445] ✓ Updated: 9.55 → 9.61 (VALUE CHANGED)
[2026-02-02 10:28:09]   [emp_id: 5446] ✓ Updated: 9.55 → 9.61 (VALUE CHANGED)
[2026-02-02 10:28:09]   [emp_id: 5447] ✓ Updated: 9.49 → 9.55 (VALUE CHANGED)
[2026-02-02 10:28:09]   [emp_id: 5448] ✓ Updated: 4.2 → 4.28 (VALUE CHANGED)
[2026-02-02 10:28:10]   [emp_id: 5449] ✓ Updated: 7.57 → 7.63 (VALUE CHANGED)
[2026-02-02 10:28:10]   [emp_id: 5450] ✓ Updated: 7.51 → 7.57 (VALUE CHANGED)
[2026-02-02 10:28:10]   [emp_id: 5451] ✓ Updated: 7.51 → 7.57 (VALUE CHANGED)
[2026-02-02 10:28:10]   [emp_id: 5453] ✓ Updated: 7.35 → 7.41 (VALUE CHANGED)
[2026-02-02 10:28:10]   [emp_id: 5454] ✓ Updated: 10.26 → 10.34 (VALUE CHANGED)
[2026-02-02 10:28:10]   [emp_id: 5455] ✓ Updated: 4.51 → 4.59 (VALUE CHANGED)
[2026-02-02 10:28:10]   [emp_id: 5456] ✓ Updated: 9.51 → 9.59 (VALUE CHANGED)
[2026-02-02 10:28:10]   [emp_id: 5457] ✓ Updated: 6.6 → 6.66 (VALUE CHANGED)
[2026-02-02 10:28:10]   [emp_id: 5460] ✓ Updated: 8.16 → 8.24 (VALUE CHANGED)
[2026-02-02 10:28:10]   [emp_id: 5463] ✓ Updated: 7.49 → 7.57 (VALUE CHANGED)
[2026-02-02 10:28:10]   [emp_id: 5464] ✓ Updated: 7.49 → 7.57 (VALUE CHANGED)
[2026-02-02 10:28:10]   [emp_id: 5466] ✓ Updated: 5.24 → 5.32 (VALUE CHANGED)
[2026-02-02 10:28:10]   [emp_id: 5467] ✓ Updated: 4.16 → 4.24 (VALUE CHANGED)
[2026-02-02 10:28:10]   [emp_id: 5468] ✓ Updated: 3.11 → 3.19 (VALUE CHANGED)
[2026-02-02 10:28:10]   [emp_id: 5469] ✓ Updated: 3.02 → 3.1 (VALUE CHANGED)
[2026-02-02 10:28:10] Report saved to: D:\xampp\htdocs\almutlak\system/cron_logs/last_vacation_update_report.json
