[2025-12-24 00:30:02] ========== CRON: Vacation Balance Update Started ==========
[2025-12-24 00:30:02] Database connection established
[2025-12-24 00:30:02] Found 430 active employees with balance records to update
[2025-12-24 00:30:02] (Only employees with status=1 will be processed)
[2025-12-24 00:30:02]   [emp_id: 1061] ✓ Updated: 32.48 → 32.56 (CHANGED)
[2025-12-24 00:30:02]   [emp_id: 1496] ✓ Updated: 15.65 → 15.73 (CHANGED)
[2025-12-24 00:30:02]   [emp_id: 1500] ✓ Updated: 3.33 → 3.41 (CHANGED)
[2025-12-24 00:30:02]   [emp_id: 1574] ✓ Updated: 32.56 → 32.64 (CHANGED)
[2025-12-24 00:30:02]   [emp_id: 1673] ✓ Updated: 44.06 → 44.14 (CHANGED)
[2025-12-24 00:30:02]   [emp_id: 1685] ✓ Updated: 13.98 → 14.06 (CHANGED)
[2025-12-24 00:30:02]   [emp_id: 1764] ✓ Updated: 68.65 → 68.73 (CHANGED)
[2025-12-24 00:30:02]   [emp_id: 1805] ✓ Updated: 62.98 → 63.06 (CHANGED)
[2025-12-24 00:30:02]   [emp_id: 1822] ✓ Updated: 67.73 → 67.81 (CHANGED)
[2025-12-24 00:30:02]   [emp_id: 1837] ✓ Updated: 23.9 → 23.98 (CHANGED)
[2025-12-24 00:30:02]   [emp_id: 1857] ✓ Updated: 19.23 → 19.31 (CHANGED)
[2025-12-24 00:30:02]   [emp_id: 1861] ✓ Updated: 70.06 → 70.14 (CHANGED)
[2025-12-24 00:30:02]   [emp_id: 1872] ✓ Updated: 8.9 → 8.98 (CHANGED)
[2025-12-24 00:30:02]   [emp_id: 1897] ✓ Updated: 4.23 → 4.31 (CHANGED)
[2025-12-24 00:30:02]   [emp_id: 1916] ✓ Updated: 10.53 → 10.61 (CHANGED)
[2025-12-24 00:30:02]   [emp_id: 1928] ✓ Updated: 63.48 → 63.56 (CHANGED)
[2025-12-24 00:30:02]   [emp_id: 1931] ✓ Updated: 83.4 → 83.48 (CHANGED)
[2025-12-24 00:30:02]   [emp_id: 1944] ✓ Updated: 41.56 → 41.64 (CHANGED)
[2025-12-24 00:30:02]   [emp_id: 1996] ✓ Updated: 70.06 → 70.14 (CHANGED)
[2025-12-24 00:30:02]   [emp_id: 1997] ✓ Updated: 35.23 → 35.31 (CHANGED)
[2025-12-24 00:30:02]   [emp_id: 1998] ✓ Updated: 26.67 → 26.75 (CHANGED)
[2025-12-24 00:30:02]   [emp_id: 1999] ✓ Updated: 27.67 → 27.75 (CHANGED)
[2025-12-24 00:30:02]   [emp_id: 2009] ✓ Updated: 33.98 → 34.06 (CHANGED)
[2025-12-24 00:30:02]   [emp_id: 2048] ✓ Updated: 23.81 → 23.89 (CHANGED)
[2025-12-24 00:30:02]   [emp_id: 2057] ✓ Updated: 64.65 → 64.73 (CHANGED)
[2025-12-24 00:30:02]   [emp_id: 2079] ✓ Updated: 46.98 → 47.06 (CHANGED)
[2025-12-24 00:30:02]   [emp_id: 2181] ✓ Updated: 35.98 → 36.06 (CHANGED)
[2025-12-24 00:30:02]   [emp_id: 2190] ✓ Updated: 5.31 → 5.39 (CHANGED)
[2025-12-24 00:30:02]   [emp_id: 2212] ✓ Updated: 23.31 → 23.39 (CHANGED)
[2025-12-24 00:30:02]   [emp_id: 2226] ✓ Updated: 68.06 → 68.14 (CHANGED)
[2025-12-24 00:30:02]   [emp_id: 2238] ✓ Updated: 66.31 → 66.39 (CHANGED)
[2025-12-24 00:30:02]   [emp_id: 2285] ✓ Updated: 34.98 → 35.06 (CHANGED)
[2025-12-24 00:30:02]   [emp_id: 2287] ✓ Updated: 46.65 → 46.73 (CHANGED)
[2025-12-24 00:30:02]   [emp_id: 2288] ✓ Updated: 1.67 → 1.75 (CHANGED)
[2025-12-24 00:30:02]   [emp_id: 2316] ✓ Updated: 15.48 → 15.56 (CHANGED)
[2025-12-24 00:30:02]   [emp_id: 2337] ✓ Updated: 36.56 → 36.64 (CHANGED)
[2025-12-24 00:30:02]   [emp_id: 2352] ✓ Updated: 68.06 → 68.14 (CHANGED)
[2025-12-24 00:30:02]   [emp_id: 2358] ✓ Updated: 4.56 → 4.64 (CHANGED)
[2025-12-24 00:30:02]   [emp_id: 2361] ✓ Updated: 70.23 → 70.31 (CHANGED)
[2025-12-24 00:30:02]   [emp_id: 2363] ✓ Updated: 72.81 → 72.89 (CHANGED)
[2025-12-24 00:30:02]   [emp_id: 2364] ✓ Updated: 72.23 → 72.31 (CHANGED)
[2025-12-24 00:30:02]   [emp_id: 2367] ✓ Updated: 99.9 → 99.98 (CHANGED)
[2025-12-24 00:30:02]   [emp_id: 2368] ✓ Updated: 30.31 → 30.39 (CHANGED)
[2025-12-24 00:30:02]   [emp_id: 2372] ✓ Updated: 67.56 → 67.64 (CHANGED)
[2025-12-24 00:30:02]   [emp_id: 2376] ✓ Updated: 117.56 → 117.64 (CHANGED)
[2025-12-24 00:30:02]   [emp_id: 2423] ✓ Updated: 18.31 → 18.39 (CHANGED)
[2025-12-24 00:30:02]   [emp_id: 2519] ✓ Updated: 171.98 → 172.06 (CHANGED)
[2025-12-24 00:30:02]   [emp_id: 2522] ✓ Updated: 55.56 → 55.64 (CHANGED)
[2025-12-24 00:30:02]   [emp_id: 2530] ✓ Updated: 50.81 → 50.89 (CHANGED)
[2025-12-24 00:30:02]   [emp_id: 2539] ✓ Updated: 47.56 → 47.64 (CHANGED)
[2025-12-24 00:30:02]   [emp_id: 2541] ✓ Updated: 28.15 → 28.23 (CHANGED)
[2025-12-24 00:30:02]   [emp_id: 2550] ✓ Updated: 94.31 → 94.39 (CHANGED)
[2025-12-24 00:30:02]   [emp_id: 2553] ✓ Updated: 31.42 → 31.5 (CHANGED)
[2025-12-24 00:30:02]   [emp_id: 2554] ✓ Updated: 37.9 → 37.98 (CHANGED)
[2025-12-24 00:30:02]   [emp_id: 2565] ✓ Updated: 92.48 → 92.56 (CHANGED)
[2025-12-24 00:30:02]   [emp_id: 2572] ✓ Updated: 42.48 → 42.56 (CHANGED)
[2025-12-24 00:30:02]   [emp_id: 2637] ✓ Updated: 63.06 → 63.14 (CHANGED)
[2025-12-24 00:30:02]   [emp_id: 2642] ✓ Updated: 75.81 → 75.89 (CHANGED)
[2025-12-24 00:30:02]   [emp_id: 2645] ✓ Updated: 91.81 → 91.89 (CHANGED)
[2025-12-24 00:30:02]   [emp_id: 2648] ✓ Updated: 43.48 → 43.56 (CHANGED)
[2025-12-24 00:30:02]   [emp_id: 2654] ✓ Updated: 86.15 → 86.23 (CHANGED)
[2025-12-24 00:30:02]   [emp_id: 2688] ✓ Updated: 24.23 → 24.31 (CHANGED)
[2025-12-24 00:30:02]   [emp_id: 2690] ✓ Updated: 12.98 → 13.06 (CHANGED)
[2025-12-24 00:30:02]   [emp_id: 2709] ✓ Updated: 35.23 → 35.31 (CHANGED)
[2025-12-24 00:30:02]   [emp_id: 2745] ✓ Updated: 31.81 → 31.89 (CHANGED)
[2025-12-24 00:30:02]   [emp_id: 2843] ✓ Updated: 78.4 → 78.48 (CHANGED)
[2025-12-24 00:30:02]   [emp_id: 2854] ✓ Updated: 58.31 → 58.39 (CHANGED)
[2025-12-24 00:30:02]   [emp_id: 2869] ✓ Updated: 63.23 → 63.31 (CHANGED)
[2025-12-24 00:30:02]   [emp_id: 2876] ✓ Updated: 33.06 → 33.14 (CHANGED)
[2025-12-24 00:30:02]   [emp_id: 2924] ✓ Updated: 14.23 → 14.31 (CHANGED)
[2025-12-24 00:30:02]   [emp_id: 2953] ✓ Updated: 99.98 → 100.06 (CHANGED)
[2025-12-24 00:30:02]   [emp_id: 2961] ✓ Updated: 9.98 → 10.06 (CHANGED)
[2025-12-24 00:30:02]   [emp_id: 2975] ✓ Updated: 3.08 → 3.16 (CHANGED)
[2025-12-24 00:30:02]   [emp_id: 3013] ✓ Updated: 8.98 → 9.06 (CHANGED)
[2025-12-24 00:30:02]   [emp_id: 3014] ✓ Updated: 88.23 → 88.31 (CHANGED)
[2025-12-24 00:30:02]   [emp_id: 3015] ✓ Updated: 39.48 → 39.56 (CHANGED)
[2025-12-24 00:30:02]   [emp_id: 3018] ✓ Updated: 58.23 → 58.31 (CHANGED)
[2025-12-24 00:30:02]   [emp_id: 3025] ✓ Updated: 22 → 22.08 (CHANGED)
[2025-12-24 00:30:02]   [emp_id: 3037] ✓ Updated: 81.73 → 81.81 (CHANGED)
[2025-12-24 00:30:02]   [emp_id: 3047] ✓ Updated: 69.98 → 70.06 (CHANGED)
[2025-12-24 00:30:02]   [emp_id: 3061] ✓ Updated: 16.9 → 16.98 (CHANGED)
[2025-12-24 00:30:03]   [emp_id: 3062] ✓ Updated: 50.06 → 50.14 (CHANGED)
[2025-12-24 00:30:03]   [emp_id: 3074] ✓ Updated: 106.48 → 106.56 (CHANGED)
[2025-12-24 00:30:03]   [emp_id: 3089] ✓ Updated: 5.4 → 5.48 (CHANGED)
[2025-12-24 00:30:03]   [emp_id: 3090] ✓ Updated: 31.98 → 32.06 (CHANGED)
[2025-12-24 00:30:03]   [emp_id: 3091] ✓ Updated: 43.98 → 44.06 (CHANGED)
[2025-12-24 00:30:03]   [emp_id: 3092] ✓ Updated: 26.65 → 26.73 (CHANGED)
[2025-12-24 00:30:03]   [emp_id: 3105] ✓ Updated: 46.98 → 47.06 (CHANGED)
[2025-12-24 00:30:03]   [emp_id: 3134] ✓ Updated: 42.73 → 42.81 (CHANGED)
[2025-12-24 00:30:03]   [emp_id: 3140] ✓ Updated: 39.81 → 39.89 (CHANGED)
[2025-12-24 00:30:03]   [emp_id: 3144] ✓ Updated: 12.65 → 12.73 (CHANGED)
[2025-12-24 00:30:03]   [emp_id: 3156] ✓ Updated: 15.98 → 16.06 (CHANGED)
[2025-12-24 00:30:03]   [emp_id: 3162] ✓ Updated: 0.96 → 1.04 (CHANGED)
[2025-12-24 00:30:03]   [emp_id: 3163] ✓ Updated: 4.23 → 4.31 (CHANGED)
[2025-12-24 00:30:03]   [emp_id: 3198] ✓ Updated: 39.23 → 39.31 (CHANGED)
[2025-12-24 00:30:03]   [emp_id: 3205] ✓ Updated: 15.9 → 15.98 (CHANGED)
[2025-12-24 00:30:03]   [emp_id: 3209] ✓ Updated: 40.06 → 40.14 (CHANGED)
[2025-12-24 00:30:03]   [emp_id: 3223] ✓ Updated: 88.98 → 89.06 (CHANGED)
[2025-12-24 00:30:03]   [emp_id: 3224] ✓ Updated: 63.73 → 63.81 (CHANGED)
[2025-12-24 00:30:03]   [emp_id: 3230] ✓ Updated: 87.15 → 87.23 (CHANGED)
[2025-12-24 00:30:03]   [emp_id: 3231] ✓ Updated: 21.4 → 21.48 (CHANGED)
[2025-12-24 00:30:03]   [emp_id: 3233] ✓ Updated: 79.98 → 80.06 (CHANGED)
[2025-12-24 00:30:03]   [emp_id: 3249] ✓ Updated: 35.81 → 35.89 (CHANGED)
[2025-12-24 00:30:03]   [emp_id: 3250] ✓ Updated: 8.81 → 8.89 (CHANGED)
[2025-12-24 00:30:03]   [emp_id: 3252] ✓ Updated: 9.73 → 9.81 (CHANGED)
[2025-12-24 00:30:03]   [emp_id: 3254] ✓ Updated: 20.23 → 20.31 (CHANGED)
[2025-12-24 00:30:03]   [emp_id: 3255] ✓ Updated: 16.65 → 16.73 (CHANGED)
[2025-12-24 00:30:03]   [emp_id: 3256] ✓ Updated: 12.9 → 12.98 (CHANGED)
[2025-12-24 00:30:03]   [emp_id: 3263] ✓ Updated: 28.98 → 29.06 (CHANGED)
[2025-12-24 00:30:03]   [emp_id: 3265] ✓ Updated: 24.56 → 24.64 (CHANGED)
[2025-12-24 00:30:03]   [emp_id: 3280] ✓ Updated: 71.48 → 71.56 (CHANGED)
[2025-12-24 00:30:03]   [emp_id: 3286] ✓ Updated: 14.65 → 14.73 (CHANGED)
[2025-12-24 00:30:03]   [emp_id: 3294] ✓ Updated: 14.31 → 14.39 (CHANGED)
[2025-12-24 00:30:03]   [emp_id: 3321] ✓ Updated: 71.48 → 71.56 (CHANGED)
[2025-12-24 00:30:03]   [emp_id: 3325] ✓ Updated: 59.23 → 59.31 (CHANGED)
[2025-12-24 00:30:03]   [emp_id: 3329] ✓ Updated: 61.56 → 61.64 (CHANGED)
[2025-12-24 00:30:03]   [emp_id: 3330] ✓ Updated: 61.56 → 61.64 (CHANGED)
[2025-12-24 00:30:03]   [emp_id: 3332] ✓ Updated: 61.56 → 61.64 (CHANGED)
[2025-12-24 00:30:03]   [emp_id: 3370] ✓ Updated: 53.23 → 53.31 (CHANGED)
[2025-12-24 00:30:03]   [emp_id: 3384] ✓ Updated: 13.73 → 13.81 (CHANGED)
[2025-12-24 00:30:03]   [emp_id: 3386] ✓ Updated: 43.73 → 43.81 (CHANGED)
[2025-12-24 00:30:03]   [emp_id: 3431] ✓ Updated: 18.15 → 18.23 (CHANGED)
[2025-12-24 00:30:03]   [emp_id: 3497] ✓ Updated: 8.31 → 8.39 (CHANGED)
[2025-12-24 00:30:03]   [emp_id: 3532] ✓ Updated: 45.15 → 45.23 (CHANGED)
[2025-12-24 00:30:03]   [emp_id: 3586] ✓ Updated: 9.23 → 9.31 (CHANGED)
[2025-12-24 00:30:03]   [emp_id: 3602] ✓ Updated: 0.72 → 0.8 (CHANGED)
[2025-12-24 00:30:03]   [emp_id: 3618] ✓ Updated: 22.7 → 22.78 (CHANGED)
[2025-12-24 00:30:03]   [emp_id: 3622] ✓ Updated: 33.95 → 34 (CHANGED)
[2025-12-24 00:30:03]   [emp_id: 3627] ✓ Updated: 8.65 → 8.73 (CHANGED)
[2025-12-24 00:30:03]   [emp_id: 3665] ✓ Updated: 50.23 → 50.31 (CHANGED)
[2025-12-24 00:30:03]   [emp_id: 3705] ✓ Updated: 27.28 → 27.33 (CHANGED)
[2025-12-24 00:30:03]   [emp_id: 3724] ✓ Updated: 43.23 → 43.31 (CHANGED)
[2025-12-24 00:30:03]   [emp_id: 3726] ✓ Updated: 59.65 → 59.73 (CHANGED)
[2025-12-24 00:30:03]   [emp_id: 3727] ✓ Updated: 64.73 → 64.81 (CHANGED)
[2025-12-24 00:30:03]   [emp_id: 3728] ✓ Updated: 9.06 → 9.14 (CHANGED)
[2025-12-24 00:30:03]   [emp_id: 3742] ✓ Updated: 32.23 → 32.31 (CHANGED)
[2025-12-24 00:30:03]   [emp_id: 3767] ✓ Updated: 59.81 → 59.89 (CHANGED)
[2025-12-24 00:30:03]   [emp_id: 3768] ✓ Updated: 56.06 → 56.14 (CHANGED)
[2025-12-24 00:30:03]   [emp_id: 3787] ✓ Updated: 56.65 → 56.73 (CHANGED)
[2025-12-24 00:30:03]   [emp_id: 3790] ✓ Updated: 1.2 → 1.28 (CHANGED)
[2025-12-24 00:30:03]   [emp_id: 3795] ✓ Updated: 14.15 → 14.23 (CHANGED)
[2025-12-24 00:30:03]   [emp_id: 3798] ✓ Updated: 92.56 → 92.64 (CHANGED)
[2025-12-24 00:30:03]   [emp_id: 3801] ✓ Updated: 0.83 → 0.91 (CHANGED)
[2025-12-24 00:30:03]   [emp_id: 3802] ✓ Updated: 29.81 → 29.89 (CHANGED)
[2025-12-24 00:30:03]   [emp_id: 3803] ✓ Updated: 114.23 → 114.31 (CHANGED)
[2025-12-24 00:30:03]   [emp_id: 3810] ✓ Updated: 60.23 → 60.31 (CHANGED)
[2025-12-24 00:30:03]   [emp_id: 3812] ✓ Updated: 89.23 → 89.31 (CHANGED)
[2025-12-24 00:30:03]   [emp_id: 3815] ✓ Updated: 89.23 → 89.31 (CHANGED)
[2025-12-24 00:30:03]   [emp_id: 3836] ✓ Updated: 56.9 → 56.98 (CHANGED)
[2025-12-24 00:30:03]   [emp_id: 3855] ✓ Updated: 50.06 → 50.14 (CHANGED)
[2025-12-24 00:30:03]   [emp_id: 3857] ✓ Updated: 53.73 → 53.81 (CHANGED)
[2025-12-24 00:30:03]   [emp_id: 3862] ✓ Updated: 101.81 → 101.89 (CHANGED)
[2025-12-24 00:30:03]   [emp_id: 3866] ✓ Updated: 27.06 → 27.14 (CHANGED)
[2025-12-24 00:30:03]   [emp_id: 3876] ✓ Updated: 47.23 → 47.31 (CHANGED)
[2025-12-24 00:30:03]   [emp_id: 3877] ✓ Updated: 48.73 → 48.81 (CHANGED)
[2025-12-24 00:30:03]   [emp_id: 3897] ✓ Updated: 36.98 → 37.06 (CHANGED)
[2025-12-24 00:30:03]   [emp_id: 3899] ✓ Updated: 0.16 → 0.24 (CHANGED)
[2025-12-24 00:30:03]   [emp_id: 3928] ✓ Updated: 13.06 → 13.14 (CHANGED)
[2025-12-24 00:30:03]   [emp_id: 3929] ✓ Updated: 8.06 → 8.14 (CHANGED)
[2025-12-24 00:30:03]   [emp_id: 3935] ✓ Updated: 93.06 → 93.14 (CHANGED)
[2025-12-24 00:30:03]   [emp_id: 3952] ✓ Updated: 75.4 → 75.48 (CHANGED)
[2025-12-24 00:30:03]   [emp_id: 3987] ✓ Updated: 13.31 → 13.39 (CHANGED)
[2025-12-24 00:30:03]   [emp_id: 4059] ✓ Updated: 2.51 → 2.59 (CHANGED)
[2025-12-24 00:30:03]   [emp_id: 4119] ✓ Updated: 55.98 → 56.06 (CHANGED)
[2025-12-24 00:30:03]   [emp_id: 4120] ✓ Updated: 25.56 → 25.64 (CHANGED)
[2025-12-24 00:30:03]   [emp_id: 4124] ✓ Updated: 26.08 → 26.16 (CHANGED)
[2025-12-24 00:30:03]   [emp_id: 4133] ✓ Updated: 104.56 → 104.64 (CHANGED)
[2025-12-24 00:30:03]   [emp_id: 4134] ✓ Updated: 25.56 → 25.64 (CHANGED)
[2025-12-24 00:30:03]   [emp_id: 4136] ✓ Updated: 25.56 → 25.64 (CHANGED)
[2025-12-24 00:30:03]   [emp_id: 4150] ✓ Updated: 24.23 → 24.31 (CHANGED)
[2025-12-24 00:30:03]   [emp_id: 4157] ✓ Updated: 17.73 → 17.81 (CHANGED)
[2025-12-24 00:30:03]   [emp_id: 4172] ✓ Updated: 11.86 → 11.91 (CHANGED)
[2025-12-24 00:30:03]   [emp_id: 4195] ✓ Updated: 61.31 → 61.39 (CHANGED)
[2025-12-24 00:30:03]   [emp_id: 4215] ✓ Updated: 43.98 → 44.06 (CHANGED)
[2025-12-24 00:30:03]   [emp_id: 4220] ✓ Updated: 39.56 → 39.64 (CHANGED)
[2025-12-24 00:30:03]   [emp_id: 4273] ✓ Updated: 8.23 → 8.31 (CHANGED)
[2025-12-24 00:30:03]   [emp_id: 4283] ✓ Updated: 12.95 → 13 (CHANGED)
[2025-12-24 00:30:03]   [emp_id: 4288] ✓ Updated: 0.48 → 0.56 (CHANGED)
[2025-12-24 00:30:03]   [emp_id: 4315] ✓ Updated: 14.48 → 14.56 (CHANGED)
[2025-12-24 00:30:03]   [emp_id: 4328] ✓ Updated: 41.78 → 41.83 (CHANGED)
[2025-12-24 00:30:03]   [emp_id: 4329] ✓ Updated: 4.65 → 4.73 (CHANGED)
[2025-12-24 00:30:03]   [emp_id: 4338] ✓ Updated: 46.23 → 46.31 (CHANGED)
[2025-12-24 00:30:03]   [emp_id: 4340] ✓ Updated: 125.23 → 125.31 (CHANGED)
[2025-12-24 00:30:03]   [emp_id: 4365] ✓ Updated: 59.65 → 59.73 (CHANGED)
[2025-12-24 00:30:03]   [emp_id: 4366] ✓ Updated: 58.73 → 58.81 (CHANGED)
[2025-12-24 00:30:03]   [emp_id: 4403] ✓ Updated: 84.56 → 84.64 (CHANGED)
[2025-12-24 00:30:03]   [emp_id: 4438] ✓ Updated: 20.23 → 20.31 (CHANGED)
[2025-12-24 00:30:03]   [emp_id: 4465] ✓ Updated: 12.11 → 12.16 (CHANGED)
[2025-12-24 00:30:03]   [emp_id: 4473] ✓ Updated: 43.81 → 43.89 (CHANGED)
[2025-12-24 00:30:03]   [emp_id: 4474] ✓ Updated: 58.86 → 58.91 (CHANGED)
[2025-12-24 00:30:03]   [emp_id: 4493] ✓ Updated: 162.65 → 162.73 (CHANGED)
[2025-12-24 00:30:03]   [emp_id: 4526] ✓ Updated: 34.9 → 34.98 (CHANGED)
[2025-12-24 00:30:03]   [emp_id: 4528] ✓ Updated: 106.65 → 106.73 (CHANGED)
[2025-12-24 00:30:03]   [emp_id: 4528] ✓ Updated: 106.65 → 106.73 (CHANGED)
[2025-12-24 00:30:03]   [emp_id: 4532] ✓ Updated: 7.23 → 7.28 (CHANGED)
[2025-12-24 00:30:03]   [emp_id: 4533] ✓ Updated: 35.06 → 35.14 (CHANGED)
[2025-12-24 00:30:03]   [emp_id: 4564] ✓ Updated: 24.86 → 24.91 (CHANGED)
[2025-12-24 00:30:03]   [emp_id: 4565] ✓ Updated: 14.61 → 14.66 (CHANGED)
[2025-12-24 00:30:03]   [emp_id: 4567] ✓ Updated: 18.86 → 18.91 (CHANGED)
[2025-12-24 00:30:03]   [emp_id: 4572] ✓ Updated: 58.36 → 58.41 (CHANGED)
[2025-12-24 00:30:03]   [emp_id: 4631] ✓ Updated: 14.61 → 14.66 (CHANGED)
[2025-12-24 00:30:03]   [emp_id: 4655] ✓ Updated: 23.98 → 24.06 (CHANGED)
[2025-12-24 00:30:03]   [emp_id: 4689] ✓ Updated: 1.75 → 1.83 (CHANGED)
[2025-12-24 00:30:03]   [emp_id: 4709] ✓ Updated: 39.23 → 39.31 (CHANGED)
[2025-12-24 00:30:03]   [emp_id: 4717] ✓ Updated: 65.23 → 65.31 (CHANGED)
[2025-12-24 00:30:03]   [emp_id: 4736] ✓ Updated: 27.06 → 27.14 (CHANGED)
[2025-12-24 00:30:03]   [emp_id: 4756] ✓ Updated: 11.05 → 11.1 (CHANGED)
[2025-12-24 00:30:03]   [emp_id: 4768] ✓ Updated: 11.73 → 11.81 (CHANGED)
[2025-12-24 00:30:03]   [emp_id: 4780] ✓ Updated: 64.78 → 64.83 (CHANGED)
[2025-12-24 00:30:03]   [emp_id: 4820] ✓ Updated: 98.06 → 98.14 (CHANGED)
[2025-12-24 00:30:03]   [emp_id: 4825] ✓ Updated: 29.81 → 29.89 (CHANGED)
[2025-12-24 00:30:03]   [emp_id: 4835] ✓ Updated: 47.53 → 47.58 (CHANGED)
[2025-12-24 00:30:03]   [emp_id: 4837] ✓ Updated: 44.77 → 44.82 (CHANGED)
[2025-12-24 00:30:04]   [emp_id: 4838] ✓ Updated: 43.79 → 43.84 (CHANGED)
[2025-12-24 00:30:04]   [emp_id: 4840] ✓ Updated: 44.77 → 44.82 (CHANGED)
[2025-12-24 00:30:04]   [emp_id: 4842] ✓ Updated: 44.01 → 44.06 (CHANGED)
[2025-12-24 00:30:04]   [emp_id: 4843] ✓ Updated: 44.54 → 44.59 (CHANGED)
[2025-12-24 00:30:04]   [emp_id: 4853] ✓ Updated: 88.36 → 88.41 (CHANGED)
[2025-12-24 00:30:04]   [emp_id: 4856] ✓ Updated: 41.68 → 41.73 (CHANGED)
[2025-12-24 00:30:04]   [emp_id: 4857] ✓ Updated: 24.5 → 24.55 (CHANGED)
[2025-12-24 00:30:04]   [emp_id: 4858] ✓ Updated: 21.38 → 21.43 (CHANGED)
[2025-12-24 00:30:04]   [emp_id: 4859] ✓ Updated: 42.85 → 42.9 (CHANGED)
[2025-12-24 00:30:04]   [emp_id: 4860] ✓ Updated: 7.35 → 7.4 (CHANGED)
[2025-12-24 00:30:04]   [emp_id: 4861] ✓ Updated: 40.81 → 40.86 (CHANGED)
[2025-12-24 00:30:04]   [emp_id: 4869] ✓ Updated: 83.69 → 83.74 (CHANGED)
[2025-12-24 00:30:04]   [emp_id: 4894] ✓ Updated: 6.73 → 6.81 (CHANGED)
[2025-12-24 00:30:04]   [emp_id: 4897] ✓ Updated: 22.59 → 22.64 (CHANGED)
[2025-12-24 00:30:04]   [emp_id: 4899] ✓ Updated: 18.76 → 18.81 (CHANGED)
[2025-12-24 00:30:04]   [emp_id: 4902] ✓ Updated: 18.18 → 18.23 (CHANGED)
[2025-12-24 00:30:04]   [emp_id: 4903] ✓ Updated: 20.4 → 20.45 (CHANGED)
[2025-12-24 00:30:04]   [emp_id: 4905] ✓ Updated: 19.06 → 19.11 (CHANGED)
[2025-12-24 00:30:04]   [emp_id: 4907] ✓ Updated: 46.81 → 46.89 (CHANGED)
[2025-12-24 00:30:04]   [emp_id: 4917] ✓ Updated: 16.02 → 16.07 (CHANGED)
[2025-12-24 00:30:04]   [emp_id: 4918] ✓ Updated: 5.79 → 5.84 (CHANGED)
[2025-12-24 00:30:04]   [emp_id: 4919] ✓ Updated: 58.08 → 58.13 (CHANGED)
[2025-12-24 00:30:04]   [emp_id: 4920] ✓ Updated: 5.16 → 5.21 (CHANGED)
[2025-12-24 00:30:04]   [emp_id: 4921] ✓ Updated: 17.25 → 17.3 (CHANGED)
[2025-12-24 00:30:04]   [emp_id: 4927] ✓ Updated: 16.08 → 16.13 (CHANGED)
[2025-12-24 00:30:04]   [emp_id: 4929] ✓ Updated: 17.6 → 17.65 (CHANGED)
[2025-12-24 00:30:04]   [emp_id: 4930] ✓ Updated: 58.37 → 58.42 (CHANGED)
[2025-12-24 00:30:04]   [emp_id: 4932] ✓ Updated: 16.37 → 16.42 (CHANGED)
[2025-12-24 00:30:04]   [emp_id: 4933] ✓ Updated: 19.78 → 19.83 (CHANGED)
[2025-12-24 00:30:04]   [emp_id: 4949] ✓ Updated: 35.21 → 35.26 (CHANGED)
[2025-12-24 00:30:04]   [emp_id: 4956] ✓ Updated: 28.8 → 28.85 (CHANGED)
[2025-12-24 00:30:04]   [emp_id: 4957] ✓ Updated: 29.47 → 29.52 (CHANGED)
[2025-12-24 00:30:04]   [emp_id: 4962] ✓ Updated: 46.17 → 46.25 (CHANGED)
[2025-12-24 00:30:04]   [emp_id: 4969] ✓ Updated: 45.48 → 45.56 (CHANGED)
[2025-12-24 00:30:04]   [emp_id: 4976] ✓ Updated: 9.49 → 9.54 (CHANGED)
[2025-12-24 00:30:04]   [emp_id: 4984] ✓ Updated: 36.73 → 36.81 (CHANGED)
[2025-12-24 00:30:04]   [emp_id: 4995] ✓ Updated: 48.8 → 48.88 (CHANGED)
[2025-12-24 00:30:04]   [emp_id: 5004] ✓ Updated: 26.43 → 26.48 (CHANGED)
[2025-12-24 00:30:04]   [emp_id: 5006] ✓ Updated: 26.17 → 26.22 (CHANGED)
[2025-12-24 00:30:04]   [emp_id: 5011] ✓ Updated: 12.4 → 12.48 (CHANGED)
[2025-12-24 00:30:04]   [emp_id: 5013] ✓ Updated: 66.54 → 66.59 (CHANGED)
[2025-12-24 00:30:04]   [emp_id: 5018] ✓ Updated: 3.03 → 3.08 (CHANGED)
[2025-12-24 00:30:04]   [emp_id: 5021] ✓ Updated: 59.83 → 59.91 (CHANGED)
[2025-12-24 00:30:04]   [emp_id: 5024] ✓ Updated: 1.05 → 1.1 (CHANGED)
[2025-12-24 00:30:04]   [emp_id: 5030] ✓ Updated: 31 → 31.05 (CHANGED)
[2025-12-24 00:30:04]   [emp_id: 5033] ✓ Updated: 21.8 → 21.85 (CHANGED)
[2025-12-24 00:30:04]   [emp_id: 5043] ✓ Updated: 29.4 → 29.48 (CHANGED)
[2025-12-24 00:30:04]   [emp_id: 5045] ✓ Updated: 25.9 → 25.98 (CHANGED)
[2025-12-24 00:30:04]   [emp_id: 5046] ✓ Updated: 21.09 → 21.17 (CHANGED)
[2025-12-24 00:30:04]   [emp_id: 5049] ✓ Updated: 38.48 → 38.53 (CHANGED)
[2025-12-24 00:30:04]   [emp_id: 5052] ✓ Updated: 29.76 → 29.81 (CHANGED)
[2025-12-24 00:30:04]   [emp_id: 5055] ✓ Updated: 18.2 → 18.25 (CHANGED)
[2025-12-24 00:30:04]   [emp_id: 5058] ✓ Updated: 27.18 → 27.23 (CHANGED)
[2025-12-24 00:30:04]   [emp_id: 5062] ✓ Updated: 39.01 → 39.06 (CHANGED)
[2025-12-24 00:30:04]   [emp_id: 5064] ✓ Updated: 116.73 → 116.81 (CHANGED)
[2025-12-24 00:30:04]   [emp_id: 5065] ✓ Updated: 38.42 → 38.47 (CHANGED)
[2025-12-24 00:30:04]   [emp_id: 5071] ✓ Updated: 22.23 → 22.31 (CHANGED)
[2025-12-24 00:30:04]   [emp_id: 5073] ✓ Updated: 13.02 → 13.07 (CHANGED)
[2025-12-24 00:30:04]   [emp_id: 5079] ✓ Updated: 33.58 → 33.63 (CHANGED)
[2025-12-24 00:30:04]   [emp_id: 5080] ✓ Updated: 28.91 → 28.96 (CHANGED)
[2025-12-24 00:30:04]   [emp_id: 5081] ✓ Updated: 15.17 → 15.22 (CHANGED)
[2025-12-24 00:30:04]   [emp_id: 5087] ✓ Updated: 35.21 → 35.26 (CHANGED)
[2025-12-24 00:30:04]   [emp_id: 5091] ✓ Updated: 75.06 → 75.11 (CHANGED)
[2025-12-24 00:30:04]   [emp_id: 5093] ✓ Updated: 13.4 → 13.48 (CHANGED)
[2025-12-24 00:30:04]   [emp_id: 5095] ✓ Updated: 0.6 → 0.65 (CHANGED)
[2025-12-24 00:30:04]   [emp_id: 5101] ✓ Updated: 15.48 → 15.56 (CHANGED)
[2025-12-24 00:30:04]   [emp_id: 5107] ✓ Updated: 13.81 → 13.89 (CHANGED)
[2025-12-24 00:30:04]   [emp_id: 5109] ✓ Updated: 11.06 → 11.14 (CHANGED)
[2025-12-24 00:30:04]   [emp_id: 5119] ✓ Updated: 9.23 → 9.31 (CHANGED)
[2025-12-24 00:30:04]   [emp_id: 5122] ✓ Updated: 6.4 → 6.48 (CHANGED)
[2025-12-24 00:30:04]   [emp_id: 5126] ✓ Updated: 25.94 → 25.99 (CHANGED)
[2025-12-24 00:30:04]   [emp_id: 5127] ✓ Updated: 22.73 → 22.78 (CHANGED)
[2025-12-24 00:30:04]   [emp_id: 5128] ✓ Updated: 25.88 → 25.93 (CHANGED)
[2025-12-24 00:30:04]   [emp_id: 5138] ✓ Updated: 65.06 → 65.14 (CHANGED)
[2025-12-24 00:30:04]   [emp_id: 5138] ✓ Updated: 65.06 → 65.14 (CHANGED)
[2025-12-24 00:30:04]   [emp_id: 5141] ✓ Updated: 34.25 → 34.3 (CHANGED)
[2025-12-24 00:30:04]   [emp_id: 5142] ✓ Updated: 13.25 → 13.3 (CHANGED)
[2025-12-24 00:30:04]   [emp_id: 5146] ✓ Updated: 20.25 → 20.3 (CHANGED)
[2025-12-24 00:30:04]   [emp_id: 5147] ✓ Updated: 19.25 → 19.3 (CHANGED)
[2025-12-24 00:30:04]   [emp_id: 5148] ✓ Updated: 24.6 → 24.65 (CHANGED)
[2025-12-24 00:30:04]   [emp_id: 5149] ✓ Updated: 23.49 → 23.54 (CHANGED)
[2025-12-24 00:30:04]   [emp_id: 5150] ✓ Updated: 22.85 → 22.9 (CHANGED)
[2025-12-24 00:30:04]   [emp_id: 5151] ✓ Updated: 22.67 → 22.72 (CHANGED)
[2025-12-24 00:30:04]   [emp_id: 5152] ✓ Updated: 3.09 → 3.14 (CHANGED)
[2025-12-24 00:30:04]   [emp_id: 5157] ✓ Updated: 22.67 → 22.72 (CHANGED)
[2025-12-24 00:30:04]   [emp_id: 5160] ✓ Updated: 22.67 → 22.72 (CHANGED)
[2025-12-24 00:30:04]   [emp_id: 5163] ✓ Updated: 20.46 → 20.51 (CHANGED)
[2025-12-24 00:30:04]   [emp_id: 5165] ✓ Updated: 0.5 → 0.58 (CHANGED)
[2025-12-24 00:30:04]   [emp_id: 5167] ✓ Updated: 29.61 → 29.66 (CHANGED)
[2025-12-24 00:30:04]   [emp_id: 5168] ✓ Updated: 22.15 → 22.2 (CHANGED)
[2025-12-24 00:30:04]   [emp_id: 5173] ✓ Updated: 24.15 → 24.23 (CHANGED)
[2025-12-24 00:30:04]   [emp_id: 5174] ✓ Updated: 22.61 → 22.66 (CHANGED)
[2025-12-24 00:30:04]   [emp_id: 5181] ✓ Updated: 19 → 19.05 (CHANGED)
[2025-12-24 00:30:04]   [emp_id: 5186] ✓ Updated: 24.53 → 24.58 (CHANGED)
[2025-12-24 00:30:04]   [emp_id: 5187] ✓ Updated: 35.53 → 35.58 (CHANGED)
[2025-12-24 00:30:04]   [emp_id: 5204] ✓ Updated: 21.65 → 21.73 (CHANGED)
[2025-12-24 00:30:04]   [emp_id: 5205] ✓ Updated: 11.74 → 11.79 (CHANGED)
[2025-12-24 00:30:04]   [emp_id: 5209] ✓ Updated: 14.74 → 14.79 (CHANGED)
[2025-12-24 00:30:04]   [emp_id: 5213] ✓ Updated: 1.15 → 1.2 (CHANGED)
[2025-12-24 00:30:04]   [emp_id: 5214] ✓ Updated: 2.99 → 3.04 (CHANGED)
[2025-12-24 00:30:04]   [emp_id: 5215] ✓ Updated: 9.74 → 9.79 (CHANGED)
[2025-12-24 00:30:04]   [emp_id: 5217] ✓ Updated: 8.74 → 8.79 (CHANGED)
[2025-12-24 00:30:04]   [emp_id: 5219] ✓ Updated: 12.74 → 12.79 (CHANGED)
[2025-12-24 00:30:04]   [emp_id: 5221] ✓ Updated: 4.11 → 4.16 (CHANGED)
[2025-12-24 00:30:04]   [emp_id: 5224] ✓ Updated: 13.74 → 13.79 (CHANGED)
[2025-12-24 00:30:04]   [emp_id: 5225] ✓ Updated: 8.41 → 8.46 (CHANGED)
[2025-12-24 00:30:04]   [emp_id: 5228] ✓ Updated: 8.74 → 8.79 (CHANGED)
[2025-12-24 00:30:04]   [emp_id: 5229] ✓ Updated: 4.74 → 4.79 (CHANGED)
[2025-12-24 00:30:04]   [emp_id: 5230] ✓ Updated: 11.41 → 11.46 (CHANGED)
[2025-12-24 00:30:04]   [emp_id: 5231] ✓ Updated: 5.74 → 5.79 (CHANGED)
[2025-12-24 00:30:04]   [emp_id: 5232] ✓ Updated: 10.74 → 10.79 (CHANGED)
[2025-12-24 00:30:04]   [emp_id: 5233] ✓ Updated: 3.74 → 3.79 (CHANGED)
[2025-12-24 00:30:04]   [emp_id: 5234] ✓ Updated: 3.74 → 3.79 (CHANGED)
[2025-12-24 00:30:04]   [emp_id: 5235] ✓ Updated: 4.41 → 4.46 (CHANGED)
[2025-12-24 00:30:04]   [emp_id: 5237] ✓ Updated: 9.99 → 10.04 (CHANGED)
[2025-12-24 00:30:04]   [emp_id: 5239] ✓ Updated: 6.74 → 6.79 (CHANGED)
[2025-12-24 00:30:04]   [emp_id: 5241] ✓ Updated: 4.74 → 4.79 (CHANGED)
[2025-12-24 00:30:04]   [emp_id: 5242] ✓ Updated: 14.74 → 14.79 (CHANGED)
[2025-12-24 00:30:04]   [emp_id: 5243] ✓ Updated: 1.15 → 1.2 (CHANGED)
[2025-12-24 00:30:04]   [emp_id: 5244] ✓ Updated: 0.45 → 0.5 (CHANGED)
[2025-12-24 00:30:04]   [emp_id: 5246] ✓ Updated: 10.74 → 10.79 (CHANGED)
[2025-12-24 00:30:04]   [emp_id: 5253] ✓ Updated: 23.61 → 23.66 (CHANGED)
[2025-12-24 00:30:04]   [emp_id: 5254] ✓ Updated: 11.59 → 11.64 (CHANGED)
[2025-12-24 00:30:04]   [emp_id: 5257] ✓ Updated: 11.3 → 11.35 (CHANGED)
[2025-12-24 00:30:04]   [emp_id: 5259] ✓ Updated: 47.83 → 47.88 (CHANGED)
[2025-12-24 00:30:04]   [emp_id: 5261] ✓ Updated: 15.25 → 15.33 (CHANGED)
[2025-12-24 00:30:04]   [emp_id: 5264] ✓ Updated: 25.31 → 25.36 (CHANGED)
[2025-12-24 00:30:04]   [emp_id: 5266] ✓ Updated: 19.93 → 19.98 (CHANGED)
[2025-12-24 00:30:04]   [emp_id: 5268] ✓ Updated: 8.5 → 8.55 (CHANGED)
[2025-12-24 00:30:04]   [emp_id: 5271] ✓ Updated: 7.16 → 7.21 (CHANGED)
[2025-12-24 00:30:04]   [emp_id: 5272] ✓ Updated: 8.03 → 8.08 (CHANGED)
[2025-12-24 00:30:04]   [emp_id: 5273] ✓ Updated: 23.1 → 23.15 (CHANGED)
[2025-12-24 00:30:04]   [emp_id: 5275] ✓ Updated: 8.85 → 8.9 (CHANGED)
[2025-12-24 00:30:04]   [emp_id: 5276] ✓ Updated: 23.12 → 23.17 (CHANGED)
[2025-12-24 00:30:04]   [emp_id: 5278] ✓ Updated: 7.51 → 7.56 (CHANGED)
[2025-12-24 00:30:04]   [emp_id: 5280] ✓ Updated: 17.91 → 17.96 (CHANGED)
[2025-12-24 00:30:04]   [emp_id: 5282] ✓ Updated: 10.73 → 10.81 (CHANGED)
[2025-12-24 00:30:04]   [emp_id: 5285] ✓ Updated: 27.91 → 27.96 (CHANGED)
[2025-12-24 00:30:04]   [emp_id: 5286] ✓ Updated: 14.91 → 14.96 (CHANGED)
[2025-12-24 00:30:04]   [emp_id: 5287] ✓ Updated: 49.21 → 49.26 (CHANGED)
[2025-12-24 00:30:04]   [emp_id: 5288] ✓ Updated: 6.48 → 6.53 (CHANGED)
[2025-12-24 00:30:04]   [emp_id: 5289] ✓ Updated: 47.76 → 47.81 (CHANGED)
[2025-12-24 00:30:04]   [emp_id: 5290] ✓ Updated: 46.53 → 46.58 (CHANGED)
[2025-12-24 00:30:04]   [emp_id: 5291] ✓ Updated: 4.53 → 4.58 (CHANGED)
[2025-12-24 00:30:04]   [emp_id: 5292] ✓ Updated: 4.47 → 4.52 (CHANGED)
[2025-12-24 00:30:04]   [emp_id: 5293] ✓ Updated: 36.9 → 36.98 (CHANGED)
[2025-12-24 00:30:04]   [emp_id: 5294] ✓ Updated: 6.65 → 6.73 (CHANGED)
[2025-12-24 00:30:04]   [emp_id: 5295] ✓ Updated: 20.71 → 20.76 (CHANGED)
[2025-12-24 00:30:04]   [emp_id: 5296] ✓ Updated: 33.67 → 33.75 (CHANGED)
[2025-12-24 00:30:04]   [emp_id: 5297] ✓ Updated: 45.13 → 45.18 (CHANGED)
[2025-12-24 00:30:04]   [emp_id: 5298] ✓ Updated: 45.13 → 45.18 (CHANGED)
[2025-12-24 00:30:04]   [emp_id: 5299] ✓ Updated: 45.13 → 45.18 (CHANGED)
[2025-12-24 00:30:05]   [emp_id: 5300] ✓ Updated: 45.13 → 45.18 (CHANGED)
[2025-12-24 00:30:05]   [emp_id: 5301] ✓ Updated: 2.95 → 3 (CHANGED)
[2025-12-24 00:30:05]   [emp_id: 5303] ✓ Updated: 3.38 → 3.43 (CHANGED)
[2025-12-24 00:30:05]   [emp_id: 5304] ✓ Updated: 45.13 → 45.18 (CHANGED)
[2025-12-24 00:30:05]   [emp_id: 5305] ✓ Updated: 3.13 → 3.18 (CHANGED)
[2025-12-24 00:30:05]   [emp_id: 5306] ✓ Updated: 44.84 → 44.89 (CHANGED)
[2025-12-24 00:30:05]   [emp_id: 5307] ✓ Updated: 44.84 → 44.89 (CHANGED)
[2025-12-24 00:30:05]   [emp_id: 5312] ✓ Updated: 0.45 → 0.5 (CHANGED)
[2025-12-24 00:30:05]   [emp_id: 5318] ✓ Updated: 25.55 → 25.6 (CHANGED)
[2025-12-24 00:30:05]   [emp_id: 5325] ✓ Updated: 21.51 → 21.56 (CHANGED)
[2025-12-24 00:30:05]   [emp_id: 5327] ✓ Updated: 0.6 → 0.65 (CHANGED)
[2025-12-24 00:30:05]   [emp_id: 5337] ✓ Updated: 34.56 → 34.64 (CHANGED)
[2025-12-24 00:30:05]   [emp_id: 5339] ✓ Updated: 9.7 → 9.75 (CHANGED)
[2025-12-24 00:30:05]   [emp_id: 5343] ✓ Updated: 44.48 → 44.56 (CHANGED)
[2025-12-24 00:30:05]   [emp_id: 5343] ✓ Updated: 44.48 → 44.56 (CHANGED)
[2025-12-24 00:30:05]   [emp_id: 5345] ✓ Updated: 14.31 → 14.39 (CHANGED)
[2025-12-24 00:30:05]   [emp_id: 5346] ✓ Updated: 1.42 → 1.47 (CHANGED)
[2025-12-24 00:30:05]   [emp_id: 5351] ✓ Updated: 16.36 → 16.41 (CHANGED)
[2025-12-24 00:30:05]   [emp_id: 5352] ✓ Updated: 24.73 → 24.81 (CHANGED)
[2025-12-24 00:30:05]   [emp_id: 5370] ✓ Updated: 15.01 → 15.06 (CHANGED)
[2025-12-24 00:30:05]   [emp_id: 5371] ✓ Updated: 0.64 → 0.72 (CHANGED)
[2025-12-24 00:30:05]   [emp_id: 5376] ✓ Updated: 9.61 → 9.66 (CHANGED)
[2025-12-24 00:30:05]   [emp_id: 5378] ✓ Updated: 16.56 → 16.64 (CHANGED)
[2025-12-24 00:30:05]   [emp_id: 5380] ✓ Updated: 16.02 → 16.07 (CHANGED)
[2025-12-24 00:30:05]   [emp_id: 5381] ✓ Updated: 11 → 11.08 (CHANGED)
[2025-12-24 00:30:05]   [emp_id: 5383] ✓ Updated: 15.31 → 15.39 (CHANGED)
[2025-12-24 00:30:05]   [emp_id: 5388] ✓ Updated: 26.8 → 26.85 (CHANGED)
[2025-12-24 00:30:05]   [emp_id: 5396] ✓ Updated: 28.04 → 28.09 (CHANGED)
[2025-12-24 00:30:05]   [emp_id: 5397] ✓ Updated: 19.5 → 19.55 (CHANGED)
[2025-12-24 00:30:05]   [emp_id: 5401] ✓ Updated: 22.61 → 22.66 (CHANGED)
[2025-12-24 00:30:05]   [emp_id: 5402] ✓ Updated: 22.73 → 22.78 (CHANGED)
[2025-12-24 00:30:05]   [emp_id: 5406] ✓ Updated: 21.45 → 21.5 (CHANGED)
[2025-12-24 00:30:05]   [emp_id: 5407] ✓ Updated: 15.08 → 15.16 (CHANGED)
[2025-12-24 00:30:05]   [emp_id: 5409] ✓ Updated: 15.79 → 15.84 (CHANGED)
[2025-12-24 00:30:05]   [emp_id: 5413] ✓ Updated: 27.48 → 27.56 (CHANGED)
[2025-12-24 00:30:05]   [emp_id: 5414] ✓ Updated: 27.15 → 27.23 (CHANGED)
[2025-12-24 00:30:05]   [emp_id: 5415] ✓ Updated: 3.08 → 3.16 (CHANGED)
[2025-12-24 00:30:05]   [emp_id: 5418] ✓ Updated: 14.85 → 14.9 (CHANGED)
[2025-12-24 00:30:05]   [emp_id: 5422] ✓ Updated: 19.81 → 19.89 (CHANGED)
[2025-12-24 00:30:05]   [emp_id: 5423] ✓ Updated: 4.5 → 4.58 (CHANGED)
[2025-12-24 00:30:05]   [emp_id: 5424] ✓ Updated: 13.4 → 13.45 (CHANGED)
[2025-12-24 00:30:05]   [emp_id: 5425] ✓ Updated: 13.4 → 13.45 (CHANGED)
[2025-12-24 00:30:05]   [emp_id: 5426] ✓ Updated: 3.05 → 3.13 (CHANGED)
[2025-12-24 00:30:05]   [emp_id: 5426] ✓ Updated: 3.05 → 3.13 (CHANGED)
[2025-12-24 00:30:05]   [emp_id: 5427] ✓ Updated: 13.51 → 13.56 (CHANGED)
[2025-12-24 00:30:05]   [emp_id: 5428] ✓ Updated: 13.4 → 13.45 (CHANGED)
[2025-12-24 00:30:05]   [emp_id: 5430] ✓ Updated: 0 → 0.08 (CHANGED)
[2025-12-24 00:30:05]   [emp_id: 5431] ✓ Updated: 12.52 → 12.57 (CHANGED)
[2025-12-24 00:30:05]   [emp_id: 5434] ✓ Updated: 12.29 → 12.34 (CHANGED)
[2025-12-24 00:30:05]   [emp_id: 5435] ✓ Updated: 12.23 → 12.28 (CHANGED)
[2025-12-24 00:30:05]   [emp_id: 5436] ✓ Updated: 12.23 → 12.28 (CHANGED)
[2025-12-24 00:30:05]   [emp_id: 5438] ✓ Updated: 14.73 → 14.81 (CHANGED)
[2025-12-24 00:30:05]   [emp_id: 5439] ✓ Updated: 24.23 → 24.31 (CHANGED)
[2025-12-24 00:30:05]   [emp_id: 5442] ✓ Updated: 13.23 → 13.31 (CHANGED)
[2025-12-24 00:30:05]   [emp_id: 5443] ✓ Updated: 7.91 → 7.96 (CHANGED)
[2025-12-24 00:30:05]   [emp_id: 5445] ✓ Updated: 6.69 → 6.74 (CHANGED)
[2025-12-24 00:30:05]   [emp_id: 5446] ✓ Updated: 6.69 → 6.74 (CHANGED)
[2025-12-24 00:30:05]   [emp_id: 5447] ✓ Updated: 6.63 → 6.68 (CHANGED)
[2025-12-24 00:30:05]   [emp_id: 5448] ✓ Updated: 6.25 → 6.33 (CHANGED)
[2025-12-24 00:30:05]   [emp_id: 5449] ✓ Updated: 4.71 → 4.76 (CHANGED)
[2025-12-24 00:30:05]   [emp_id: 5450] ✓ Updated: 4.65 → 4.7 (CHANGED)
[2025-12-24 00:30:05]   [emp_id: 5451] ✓ Updated: 4.65 → 4.7 (CHANGED)
[2025-12-24 00:30:05]   [emp_id: 5454] ✓ Updated: 6.31 → 6.39 (CHANGED)
[2025-12-24 00:30:05]   [emp_id: 5455] ✓ Updated: 4.56 → 4.64 (CHANGED)
[2025-12-24 00:30:05]   [emp_id: 5456] ✓ Updated: 5.56 → 5.64 (CHANGED)
[2025-12-24 00:30:05] 
[2025-12-24 00:30:05] ========== SUMMARY ==========
[2025-12-24 00:30:05] Total employees processed: 430
[2025-12-24 00:30:05] Records updated: 430
[2025-12-24 00:30:05] Balances changed: 430
[2025-12-24 00:30:05] Errors: 0
[2025-12-24 00:30:05] ========== CRON: Vacation Balance Update Completed ==========
[2025-12-24 00:30:05] 
[2025-12-24 08:16:56] ========== CRON: Vacation Balance Update Started ==========
[2025-12-24 08:16:56] Database connection established
[2025-12-24 08:16:56] Found 430 active employees with balance records to update
[2025-12-24 08:16:56] (Only employees with status=1 will be processed)
[2025-12-24 08:16:56]   [emp_id: 1061] SKIPPED: Already updated today (2025-12-24 03:00:02)
[2025-12-24 08:16:56]   [emp_id: 1496] SKIPPED: Already updated today (2025-12-24 03:00:02)
[2025-12-24 08:16:56]   [emp_id: 1500] SKIPPED: Already updated today (2025-12-24 03:00:02)
[2025-12-24 08:16:56]   [emp_id: 1574] SKIPPED: Already updated today (2025-12-24 03:00:02)
[2025-12-24 08:16:56]   [emp_id: 1673] SKIPPED: Already updated today (2025-12-24 03:00:02)
[2025-12-24 08:16:56]   [emp_id: 1685] SKIPPED: Already updated today (2025-12-24 03:00:02)
[2025-12-24 08:16:56]   [emp_id: 1764] SKIPPED: Already updated today (2025-12-24 03:00:02)
[2025-12-24 08:16:56]   [emp_id: 1805] SKIPPED: Already updated today (2025-12-24 03:00:02)
[2025-12-24 08:16:56]   [emp_id: 1822] SKIPPED: Already updated today (2025-12-24 03:00:02)
[2025-12-24 08:16:56]   [emp_id: 1837] SKIPPED: Already updated today (2025-12-24 03:00:02)
[2025-12-24 08:16:56]   [emp_id: 1857] SKIPPED: Already updated today (2025-12-24 03:00:02)
[2025-12-24 08:16:56]   [emp_id: 1861] SKIPPED: Already updated today (2025-12-24 03:00:02)
[2025-12-24 08:16:56]   [emp_id: 1872] SKIPPED: Already updated today (2025-12-24 03:00:02)
[2025-12-24 08:16:56]   [emp_id: 1897] SKIPPED: Already updated today (2025-12-24 03:00:02)
[2025-12-24 08:16:56]   [emp_id: 1916] SKIPPED: Already updated today (2025-12-24 03:00:02)
[2025-12-24 08:16:56]   [emp_id: 1928] SKIPPED: Already updated today (2025-12-24 03:00:02)
[2025-12-24 08:16:56]   [emp_id: 1931] SKIPPED: Already updated today (2025-12-24 03:00:02)
[2025-12-24 08:16:56]   [emp_id: 1944] SKIPPED: Already updated today (2025-12-24 03:00:02)
[2025-12-24 08:16:56]   [emp_id: 1996] SKIPPED: Already updated today (2025-12-24 03:00:02)
[2025-12-24 08:16:56]   [emp_id: 1997] SKIPPED: Already updated today (2025-12-24 03:00:02)
[2025-12-24 08:16:56]   [emp_id: 1998] SKIPPED: Already updated today (2025-12-24 03:00:02)
[2025-12-24 08:16:56]   [emp_id: 1999] SKIPPED: Already updated today (2025-12-24 03:00:02)
[2025-12-24 08:16:56]   [emp_id: 2009] SKIPPED: Already updated today (2025-12-24 03:00:02)
[2025-12-24 08:16:56]   [emp_id: 2048] SKIPPED: Already updated today (2025-12-24 03:00:02)
[2025-12-24 08:16:56]   [emp_id: 2057] SKIPPED: Already updated today (2025-12-24 03:00:02)
[2025-12-24 08:16:56]   [emp_id: 2079] SKIPPED: Already updated today (2025-12-24 03:00:02)
[2025-12-24 08:16:56]   [emp_id: 2181] SKIPPED: Already updated today (2025-12-24 03:00:02)
[2025-12-24 08:16:56]   [emp_id: 2190] SKIPPED: Already updated today (2025-12-24 03:00:02)
[2025-12-24 08:16:56]   [emp_id: 2212] SKIPPED: Already updated today (2025-12-24 03:00:02)
[2025-12-24 08:16:56]   [emp_id: 2226] SKIPPED: Already updated today (2025-12-24 03:00:02)
[2025-12-24 08:16:56]   [emp_id: 2238] SKIPPED: Already updated today (2025-12-24 03:00:02)
[2025-12-24 08:16:56]   [emp_id: 2285] SKIPPED: Already updated today (2025-12-24 03:00:02)
[2025-12-24 08:16:56]   [emp_id: 2287] SKIPPED: Already updated today (2025-12-24 03:00:02)
[2025-12-24 08:16:56]   [emp_id: 2288] SKIPPED: Already updated today (2025-12-24 03:00:02)
[2025-12-24 08:16:56]   [emp_id: 2316] SKIPPED: Already updated today (2025-12-24 03:00:02)
[2025-12-24 08:16:56]   [emp_id: 2337] SKIPPED: Already updated today (2025-12-24 03:00:02)
[2025-12-24 08:16:56]   [emp_id: 2352] SKIPPED: Already updated today (2025-12-24 03:00:02)
[2025-12-24 08:16:56]   [emp_id: 2358] SKIPPED: Already updated today (2025-12-24 03:00:02)
[2025-12-24 08:16:56]   [emp_id: 2361] SKIPPED: Already updated today (2025-12-24 03:00:02)
[2025-12-24 08:16:56]   [emp_id: 2363] SKIPPED: Already updated today (2025-12-24 03:00:02)
[2025-12-24 08:16:56]   [emp_id: 2364] SKIPPED: Already updated today (2025-12-24 03:00:02)
[2025-12-24 08:16:56]   [emp_id: 2367] SKIPPED: Already updated today (2025-12-24 03:00:02)
[2025-12-24 08:16:56]   [emp_id: 2368] SKIPPED: Already updated today (2025-12-24 03:00:02)
[2025-12-24 08:16:56]   [emp_id: 2372] SKIPPED: Already updated today (2025-12-24 03:00:02)
[2025-12-24 08:16:56]   [emp_id: 2376] SKIPPED: Already updated today (2025-12-24 03:00:02)
[2025-12-24 08:16:56]   [emp_id: 2423] SKIPPED: Already updated today (2025-12-24 03:00:02)
[2025-12-24 08:16:56]   [emp_id: 2519] SKIPPED: Already updated today (2025-12-24 03:00:02)
[2025-12-24 08:16:56]   [emp_id: 2522] SKIPPED: Already updated today (2025-12-24 03:00:02)
[2025-12-24 08:16:56]   [emp_id: 2530] SKIPPED: Already updated today (2025-12-24 03:00:02)
[2025-12-24 08:16:56]   [emp_id: 2539] SKIPPED: Already updated today (2025-12-24 03:00:02)
[2025-12-24 08:16:56]   [emp_id: 2541] SKIPPED: Already updated today (2025-12-24 03:00:02)
[2025-12-24 08:16:56]   [emp_id: 2550] SKIPPED: Already updated today (2025-12-24 03:00:02)
[2025-12-24 08:16:56]   [emp_id: 2553] SKIPPED: Already updated today (2025-12-24 03:00:02)
[2025-12-24 08:16:56]   [emp_id: 2554] SKIPPED: Already updated today (2025-12-24 03:00:02)
[2025-12-24 08:16:56]   [emp_id: 2565] SKIPPED: Already updated today (2025-12-24 03:00:02)
[2025-12-24 08:16:56]   [emp_id: 2572] SKIPPED: Already updated today (2025-12-24 03:00:02)
[2025-12-24 08:16:56]   [emp_id: 2637] SKIPPED: Already updated today (2025-12-24 03:00:02)
[2025-12-24 08:16:56]   [emp_id: 2642] SKIPPED: Already updated today (2025-12-24 03:00:02)
[2025-12-24 08:16:56]   [emp_id: 2645] SKIPPED: Already updated today (2025-12-24 03:00:02)
[2025-12-24 08:16:56]   [emp_id: 2648] SKIPPED: Already updated today (2025-12-24 03:00:02)
[2025-12-24 08:16:56]   [emp_id: 2654] SKIPPED: Already updated today (2025-12-24 03:00:02)
[2025-12-24 08:16:56]   [emp_id: 2688] SKIPPED: Already updated today (2025-12-24 03:00:02)
[2025-12-24 08:16:56]   [emp_id: 2690] SKIPPED: Already updated today (2025-12-24 03:00:02)
[2025-12-24 08:16:56]   [emp_id: 2709] SKIPPED: Already updated today (2025-12-24 03:00:02)
[2025-12-24 08:16:56]   [emp_id: 2745] SKIPPED: Already updated today (2025-12-24 03:00:02)
[2025-12-24 08:16:56]   [emp_id: 2843] SKIPPED: Already updated today (2025-12-24 03:00:02)
[2025-12-24 08:16:56]   [emp_id: 2854] SKIPPED: Already updated today (2025-12-24 03:00:02)
[2025-12-24 08:16:56]   [emp_id: 2869] SKIPPED: Already updated today (2025-12-24 03:00:02)
[2025-12-24 08:16:56]   [emp_id: 2876] SKIPPED: Already updated today (2025-12-24 03:00:02)
[2025-12-24 08:16:56]   [emp_id: 2924] SKIPPED: Already updated today (2025-12-24 03:00:02)
[2025-12-24 08:16:56]   [emp_id: 2953] SKIPPED: Already updated today (2025-12-24 03:00:02)
[2025-12-24 08:16:56]   [emp_id: 2961] SKIPPED: Already updated today (2025-12-24 03:00:02)
[2025-12-24 08:16:56]   [emp_id: 2975] SKIPPED: Already updated today (2025-12-24 03:00:02)
[2025-12-24 08:16:56]   [emp_id: 3013] SKIPPED: Already updated today (2025-12-24 03:00:02)
[2025-12-24 08:16:56]   [emp_id: 3014] SKIPPED: Already updated today (2025-12-24 03:00:02)
[2025-12-24 08:16:56]   [emp_id: 3015] SKIPPED: Already updated today (2025-12-24 03:00:02)
[2025-12-24 08:16:56]   [emp_id: 3018] SKIPPED: Already updated today (2025-12-24 03:00:02)
[2025-12-24 08:16:56]   [emp_id: 3025] SKIPPED: Already updated today (2025-12-24 03:00:02)
[2025-12-24 08:16:56]   [emp_id: 3037] SKIPPED: Already updated today (2025-12-24 03:00:02)
[2025-12-24 08:16:56]   [emp_id: 3047] SKIPPED: Already updated today (2025-12-24 03:00:02)
[2025-12-24 08:16:56]   [emp_id: 3061] SKIPPED: Already updated today (2025-12-24 03:00:02)
[2025-12-24 08:16:56]   [emp_id: 3062] SKIPPED: Already updated today (2025-12-24 03:00:02)
[2025-12-24 08:16:56]   [emp_id: 3074] SKIPPED: Already updated today (2025-12-24 03:00:03)
[2025-12-24 08:16:56]   [emp_id: 3089] SKIPPED: Already updated today (2025-12-24 03:00:03)
[2025-12-24 08:16:56]   [emp_id: 3090] SKIPPED: Already updated today (2025-12-24 03:00:03)
[2025-12-24 08:16:56]   [emp_id: 3091] SKIPPED: Already updated today (2025-12-24 03:00:03)
[2025-12-24 08:16:56]   [emp_id: 3092] SKIPPED: Already updated today (2025-12-24 03:00:03)
[2025-12-24 08:16:56]   [emp_id: 3105] SKIPPED: Already updated today (2025-12-24 03:00:03)
[2025-12-24 08:16:56]   [emp_id: 3134] SKIPPED: Already updated today (2025-12-24 03:00:03)
[2025-12-24 08:16:56]   [emp_id: 3140] SKIPPED: Already updated today (2025-12-24 03:00:03)
[2025-12-24 08:16:56]   [emp_id: 3144] SKIPPED: Already updated today (2025-12-24 03:00:03)
[2025-12-24 08:16:56]   [emp_id: 3156] SKIPPED: Already updated today (2025-12-24 03:00:03)
[2025-12-24 08:16:56]   [emp_id: 3162] SKIPPED: Already updated today (2025-12-24 03:00:03)
[2025-12-24 08:16:56]   [emp_id: 3163] SKIPPED: Already updated today (2025-12-24 03:00:03)
[2025-12-24 08:16:56]   [emp_id: 3198] SKIPPED: Already updated today (2025-12-24 03:00:03)
[2025-12-24 08:16:56]   [emp_id: 3205] SKIPPED: Already updated today (2025-12-24 03:00:03)
[2025-12-24 08:16:56]   [emp_id: 3209] SKIPPED: Already updated today (2025-12-24 03:00:03)
[2025-12-24 08:16:56]   [emp_id: 3223] SKIPPED: Already updated today (2025-12-24 03:00:03)
[2025-12-24 08:16:56]   [emp_id: 3224] SKIPPED: Already updated today (2025-12-24 03:00:03)
[2025-12-24 08:16:56]   [emp_id: 3230] SKIPPED: Already updated today (2025-12-24 03:00:03)
[2025-12-24 08:16:56]   [emp_id: 3231] SKIPPED: Already updated today (2025-12-24 03:00:03)
[2025-12-24 08:16:56]   [emp_id: 3233] SKIPPED: Already updated today (2025-12-24 03:00:03)
[2025-12-24 08:16:56]   [emp_id: 3249] SKIPPED: Already updated today (2025-12-24 03:00:03)
[2025-12-24 08:16:56]   [emp_id: 3250] SKIPPED: Already updated today (2025-12-24 03:00:03)
[2025-12-24 08:16:56]   [emp_id: 3252] SKIPPED: Already updated today (2025-12-24 03:00:03)
[2025-12-24 08:16:56]   [emp_id: 3254] SKIPPED: Already updated today (2025-12-24 03:00:03)
[2025-12-24 08:16:56]   [emp_id: 3255] SKIPPED: Already updated today (2025-12-24 03:00:03)
[2025-12-24 08:16:56]   [emp_id: 3256] SKIPPED: Already updated today (2025-12-24 03:00:03)
[2025-12-24 08:16:56]   [emp_id: 3263] SKIPPED: Already updated today (2025-12-24 03:00:03)
[2025-12-24 08:16:56]   [emp_id: 3265] SKIPPED: Already updated today (2025-12-24 03:00:03)
[2025-12-24 08:16:56]   [emp_id: 3280] SKIPPED: Already updated today (2025-12-24 03:00:03)
[2025-12-24 08:16:56]   [emp_id: 3286] SKIPPED: Already updated today (2025-12-24 03:00:03)
[2025-12-24 08:16:56]   [emp_id: 3294] SKIPPED: Already updated today (2025-12-24 03:00:03)
[2025-12-24 08:16:56]   [emp_id: 3321] SKIPPED: Already updated today (2025-12-24 03:00:03)
[2025-12-24 08:16:56]   [emp_id: 3325] SKIPPED: Already updated today (2025-12-24 03:00:03)
[2025-12-24 08:16:56]   [emp_id: 3329] SKIPPED: Already updated today (2025-12-24 03:00:03)
[2025-12-24 08:16:56]   [emp_id: 3330] SKIPPED: Already updated today (2025-12-24 03:00:03)
[2025-12-24 08:16:56]   [emp_id: 3332] SKIPPED: Already updated today (2025-12-24 03:00:03)
[2025-12-24 08:16:56]   [emp_id: 3370] SKIPPED: Already updated today (2025-12-24 03:00:03)
[2025-12-24 08:16:56]   [emp_id: 3384] SKIPPED: Already updated today (2025-12-24 03:00:03)
[2025-12-24 08:16:56]   [emp_id: 3386] SKIPPED: Already updated today (2025-12-24 03:00:03)
[2025-12-24 08:16:56]   [emp_id: 3431] SKIPPED: Already updated today (2025-12-24 03:00:03)
[2025-12-24 08:16:56]   [emp_id: 3497] SKIPPED: Already updated today (2025-12-24 03:00:03)
[2025-12-24 08:16:56]   [emp_id: 3532] SKIPPED: Already updated today (2025-12-24 03:00:03)
[2025-12-24 08:16:56]   [emp_id: 3586] SKIPPED: Already updated today (2025-12-24 03:00:03)
[2025-12-24 08:16:56]   [emp_id: 3602] SKIPPED: Already updated today (2025-12-24 03:00:03)
[2025-12-24 08:16:56]   [emp_id: 3618] SKIPPED: Already updated today (2025-12-24 03:00:03)
[2025-12-24 08:16:56]   [emp_id: 3622] SKIPPED: Already updated today (2025-12-24 03:00:03)
[2025-12-24 08:16:56]   [emp_id: 3627] SKIPPED: Already updated today (2025-12-24 03:00:03)
[2025-12-24 08:16:56]   [emp_id: 3665] SKIPPED: Already updated today (2025-12-24 03:00:03)
[2025-12-24 08:16:56]   [emp_id: 3705] SKIPPED: Already updated today (2025-12-24 03:00:03)
[2025-12-24 08:16:56]   [emp_id: 3724] SKIPPED: Already updated today (2025-12-24 03:00:03)
[2025-12-24 08:16:56]   [emp_id: 3726] SKIPPED: Already updated today (2025-12-24 03:00:03)
[2025-12-24 08:16:56]   [emp_id: 3727] SKIPPED: Already updated today (2025-12-24 03:00:03)
[2025-12-24 08:16:56]   [emp_id: 3728] SKIPPED: Already updated today (2025-12-24 03:00:03)
[2025-12-24 08:16:56]   [emp_id: 3742] SKIPPED: Already updated today (2025-12-24 03:00:03)
[2025-12-24 08:16:56]   [emp_id: 3767] SKIPPED: Already updated today (2025-12-24 03:00:03)
[2025-12-24 08:16:56]   [emp_id: 3768] SKIPPED: Already updated today (2025-12-24 03:00:03)
[2025-12-24 08:16:56]   [emp_id: 3787] SKIPPED: Already updated today (2025-12-24 03:00:03)
[2025-12-24 08:16:56]   [emp_id: 3790] SKIPPED: Already updated today (2025-12-24 03:00:03)
[2025-12-24 08:16:56]   [emp_id: 3795] SKIPPED: Already updated today (2025-12-24 03:00:03)
[2025-12-24 08:16:56]   [emp_id: 3798] SKIPPED: Already updated today (2025-12-24 03:00:03)
[2025-12-24 08:16:56]   [emp_id: 3801] SKIPPED: Already updated today (2025-12-24 03:00:03)
[2025-12-24 08:16:56]   [emp_id: 3802] SKIPPED: Already updated today (2025-12-24 03:00:03)
[2025-12-24 08:16:56]   [emp_id: 3803] SKIPPED: Already updated today (2025-12-24 03:00:03)
[2025-12-24 08:16:56]   [emp_id: 3810] SKIPPED: Already updated today (2025-12-24 03:00:03)
[2025-12-24 08:16:56]   [emp_id: 3812] SKIPPED: Already updated today (2025-12-24 03:00:03)
[2025-12-24 08:16:56]   [emp_id: 3815] SKIPPED: Already updated today (2025-12-24 03:00:03)
[2025-12-24 08:16:56]   [emp_id: 3836] SKIPPED: Already updated today (2025-12-24 03:00:03)
[2025-12-24 08:16:56]   [emp_id: 3855] SKIPPED: Already updated today (2025-12-24 03:00:03)
[2025-12-24 08:16:56]   [emp_id: 3857] SKIPPED: Already updated today (2025-12-24 03:00:03)
[2025-12-24 08:16:56]   [emp_id: 3862] SKIPPED: Already updated today (2025-12-24 03:00:03)
[2025-12-24 08:16:56]   [emp_id: 3866] SKIPPED: Already updated today (2025-12-24 03:00:03)
[2025-12-24 08:16:56]   [emp_id: 3876] SKIPPED: Already updated today (2025-12-24 03:00:03)
[2025-12-24 08:16:56]   [emp_id: 3877] SKIPPED: Already updated today (2025-12-24 03:00:03)
[2025-12-24 08:16:56]   [emp_id: 3897] SKIPPED: Already updated today (2025-12-24 03:00:03)
[2025-12-24 08:16:56]   [emp_id: 3899] SKIPPED: Already updated today (2025-12-24 03:00:03)
[2025-12-24 08:16:56]   [emp_id: 3928] SKIPPED: Already updated today (2025-12-24 03:00:03)
[2025-12-24 08:16:56]   [emp_id: 3929] SKIPPED: Already updated today (2025-12-24 03:00:03)
[2025-12-24 08:16:56]   [emp_id: 3935] SKIPPED: Already updated today (2025-12-24 03:00:03)
[2025-12-24 08:16:56]   [emp_id: 3952] SKIPPED: Already updated today (2025-12-24 03:00:03)
[2025-12-24 08:16:56]   [emp_id: 3987] SKIPPED: Already updated today (2025-12-24 03:00:03)
[2025-12-24 08:16:56]   [emp_id: 4059] SKIPPED: Already updated today (2025-12-24 03:00:03)
[2025-12-24 08:16:56]   [emp_id: 4119] SKIPPED: Already updated today (2025-12-24 03:00:03)
[2025-12-24 08:16:56]   [emp_id: 4120] SKIPPED: Already updated today (2025-12-24 03:00:03)
[2025-12-24 08:16:56]   [emp_id: 4124] SKIPPED: Already updated today (2025-12-24 03:00:03)
[2025-12-24 08:16:56]   [emp_id: 4133] SKIPPED: Already updated today (2025-12-24 03:00:03)
[2025-12-24 08:16:56]   [emp_id: 4134] SKIPPED: Already updated today (2025-12-24 03:00:03)
[2025-12-24 08:16:56]   [emp_id: 4136] SKIPPED: Already updated today (2025-12-24 03:00:03)
[2025-12-24 08:16:56]   [emp_id: 4150] SKIPPED: Already updated today (2025-12-24 03:00:03)
[2025-12-24 08:16:56]   [emp_id: 4157] SKIPPED: Already updated today (2025-12-24 03:00:03)
[2025-12-24 08:16:56]   [emp_id: 4172] SKIPPED: Already updated today (2025-12-24 03:00:03)
[2025-12-24 08:16:56]   [emp_id: 4195] SKIPPED: Already updated today (2025-12-24 03:00:03)
[2025-12-24 08:16:56]   [emp_id: 4215] SKIPPED: Already updated today (2025-12-24 03:00:03)
[2025-12-24 08:16:56]   [emp_id: 4220] SKIPPED: Already updated today (2025-12-24 03:00:03)
[2025-12-24 08:16:56]   [emp_id: 4273] SKIPPED: Already updated today (2025-12-24 03:00:03)
[2025-12-24 08:16:56]   [emp_id: 4283] SKIPPED: Already updated today (2025-12-24 03:00:03)
[2025-12-24 08:16:56]   [emp_id: 4288] SKIPPED: Already updated today (2025-12-24 03:00:03)
[2025-12-24 08:16:56]   [emp_id: 4315] SKIPPED: Already updated today (2025-12-24 03:00:03)
[2025-12-24 08:16:56]   [emp_id: 4328] SKIPPED: Already updated today (2025-12-24 03:00:03)
[2025-12-24 08:16:56]   [emp_id: 4329] SKIPPED: Already updated today (2025-12-24 03:00:03)
[2025-12-24 08:16:56]   [emp_id: 4338] SKIPPED: Already updated today (2025-12-24 03:00:03)
[2025-12-24 08:16:56]   [emp_id: 4340] SKIPPED: Already updated today (2025-12-24 03:00:03)
[2025-12-24 08:16:56]   [emp_id: 4365] SKIPPED: Already updated today (2025-12-24 03:00:03)
[2025-12-24 08:16:56]   [emp_id: 4366] SKIPPED: Already updated today (2025-12-24 03:00:03)
[2025-12-24 08:16:56]   [emp_id: 4403] SKIPPED: Already updated today (2025-12-24 03:00:03)
[2025-12-24 08:16:56]   [emp_id: 4438] SKIPPED: Already updated today (2025-12-24 03:00:03)
[2025-12-24 08:16:56]   [emp_id: 4465] SKIPPED: Already updated today (2025-12-24 03:00:03)
[2025-12-24 08:16:56]   [emp_id: 4473] SKIPPED: Already updated today (2025-12-24 03:00:03)
[2025-12-24 08:16:56]   [emp_id: 4474] SKIPPED: Already updated today (2025-12-24 03:00:03)
[2025-12-24 08:16:56]   [emp_id: 4493] SKIPPED: Already updated today (2025-12-24 03:00:03)
[2025-12-24 08:16:56]   [emp_id: 4526] SKIPPED: Already updated today (2025-12-24 03:00:03)
[2025-12-24 08:16:56]   [emp_id: 4528] SKIPPED: Already updated today (2025-12-24 03:00:03)
[2025-12-24 08:16:56]   [emp_id: 4528] SKIPPED: Already updated today (2025-12-24 03:00:03)
[2025-12-24 08:16:56]   [emp_id: 4532] SKIPPED: Already updated today (2025-12-24 03:00:03)
[2025-12-24 08:16:56]   [emp_id: 4533] SKIPPED: Already updated today (2025-12-24 03:00:03)
[2025-12-24 08:16:56]   [emp_id: 4564] SKIPPED: Already updated today (2025-12-24 03:00:03)
[2025-12-24 08:16:56]   [emp_id: 4565] SKIPPED: Already updated today (2025-12-24 03:00:03)
[2025-12-24 08:16:56]   [emp_id: 4567] SKIPPED: Already updated today (2025-12-24 03:00:03)
[2025-12-24 08:16:56]   [emp_id: 4572] SKIPPED: Already updated today (2025-12-24 03:00:03)
[2025-12-24 08:16:56]   [emp_id: 4631] SKIPPED: Already updated today (2025-12-24 03:00:03)
[2025-12-24 08:16:56]   [emp_id: 4655] SKIPPED: Already updated today (2025-12-24 03:00:03)
[2025-12-24 08:16:56]   [emp_id: 4689] SKIPPED: Already updated today (2025-12-24 03:00:03)
[2025-12-24 08:16:56]   [emp_id: 4709] SKIPPED: Already updated today (2025-12-24 03:00:03)
[2025-12-24 08:16:56]   [emp_id: 4717] SKIPPED: Already updated today (2025-12-24 03:00:03)
[2025-12-24 08:16:56]   [emp_id: 4736] SKIPPED: Already updated today (2025-12-24 03:00:03)
[2025-12-24 08:16:56]   [emp_id: 4756] SKIPPED: Already updated today (2025-12-24 03:00:03)
[2025-12-24 08:16:56]   [emp_id: 4768] SKIPPED: Already updated today (2025-12-24 03:00:03)
[2025-12-24 08:16:56]   [emp_id: 4780] SKIPPED: Already updated today (2025-12-24 03:00:03)
[2025-12-24 08:16:56]   [emp_id: 4820] SKIPPED: Already updated today (2025-12-24 03:00:03)
[2025-12-24 08:16:56]   [emp_id: 4825] SKIPPED: Already updated today (2025-12-24 03:00:03)
[2025-12-24 08:16:56]   [emp_id: 4835] SKIPPED: Already updated today (2025-12-24 03:00:03)
[2025-12-24 08:16:56]   [emp_id: 4837] SKIPPED: Already updated today (2025-12-24 03:00:03)
[2025-12-24 08:16:56]   [emp_id: 4838] SKIPPED: Already updated today (2025-12-24 03:00:04)
[2025-12-24 08:16:56]   [emp_id: 4840] SKIPPED: Already updated today (2025-12-24 03:00:04)
[2025-12-24 08:16:56]   [emp_id: 4842] SKIPPED: Already updated today (2025-12-24 03:00:04)
[2025-12-24 08:16:56]   [emp_id: 4843] SKIPPED: Already updated today (2025-12-24 03:00:04)
[2025-12-24 08:16:56]   [emp_id: 4853] SKIPPED: Already updated today (2025-12-24 03:00:04)
[2025-12-24 08:16:56]   [emp_id: 4856] SKIPPED: Already updated today (2025-12-24 03:00:04)
[2025-12-24 08:16:56]   [emp_id: 4857] SKIPPED: Already updated today (2025-12-24 03:00:04)
[2025-12-24 08:16:56]   [emp_id: 4858] SKIPPED: Already updated today (2025-12-24 03:00:04)
[2025-12-24 08:16:56]   [emp_id: 4859] SKIPPED: Already updated today (2025-12-24 03:00:04)
[2025-12-24 08:16:56]   [emp_id: 4860] SKIPPED: Already updated today (2025-12-24 03:00:04)
[2025-12-24 08:16:56]   [emp_id: 4861] SKIPPED: Already updated today (2025-12-24 03:00:04)
[2025-12-24 08:16:56]   [emp_id: 4869] SKIPPED: Already updated today (2025-12-24 03:00:04)
[2025-12-24 08:16:56]   [emp_id: 4894] SKIPPED: Already updated today (2025-12-24 03:00:04)
[2025-12-24 08:16:56]   [emp_id: 4897] SKIPPED: Already updated today (2025-12-24 03:00:04)
[2025-12-24 08:16:56]   [emp_id: 4899] SKIPPED: Already updated today (2025-12-24 03:00:04)
[2025-12-24 08:16:56]   [emp_id: 4902] SKIPPED: Already updated today (2025-12-24 03:00:04)
[2025-12-24 08:16:56]   [emp_id: 4903] SKIPPED: Already updated today (2025-12-24 03:00:04)
[2025-12-24 08:16:56]   [emp_id: 4905] SKIPPED: Already updated today (2025-12-24 03:00:04)
[2025-12-24 08:16:56]   [emp_id: 4907] SKIPPED: Already updated today (2025-12-24 03:00:04)
[2025-12-24 08:16:56]   [emp_id: 4917] SKIPPED: Already updated today (2025-12-24 03:00:04)
[2025-12-24 08:16:56]   [emp_id: 4918] SKIPPED: Already updated today (2025-12-24 03:00:04)
[2025-12-24 08:16:56]   [emp_id: 4919] SKIPPED: Already updated today (2025-12-24 03:00:04)
[2025-12-24 08:16:56]   [emp_id: 4920] SKIPPED: Already updated today (2025-12-24 03:00:04)
[2025-12-24 08:16:56]   [emp_id: 4921] SKIPPED: Already updated today (2025-12-24 03:00:04)
[2025-12-24 08:16:56]   [emp_id: 4927] SKIPPED: Already updated today (2025-12-24 03:00:04)
[2025-12-24 08:16:56]   [emp_id: 4929] SKIPPED: Already updated today (2025-12-24 03:00:04)
[2025-12-24 08:16:56]   [emp_id: 4930] SKIPPED: Already updated today (2025-12-24 03:00:04)
[2025-12-24 08:16:56]   [emp_id: 4932] SKIPPED: Already updated today (2025-12-24 03:00:04)
[2025-12-24 08:16:56]   [emp_id: 4933] SKIPPED: Already updated today (2025-12-24 03:00:04)
[2025-12-24 08:16:56]   [emp_id: 4949] SKIPPED: Already updated today (2025-12-24 03:00:04)
[2025-12-24 08:16:56]   [emp_id: 4956] SKIPPED: Already updated today (2025-12-24 03:00:04)
[2025-12-24 08:16:56]   [emp_id: 4957] SKIPPED: Already updated today (2025-12-24 03:00:04)
[2025-12-24 08:16:56]   [emp_id: 4962] SKIPPED: Already updated today (2025-12-24 03:00:04)
[2025-12-24 08:16:56]   [emp_id: 4969] SKIPPED: Already updated today (2025-12-24 03:00:04)
[2025-12-24 08:16:56]   [emp_id: 4976] SKIPPED: Already updated today (2025-12-24 03:00:04)
[2025-12-24 08:16:56]   [emp_id: 4984] SKIPPED: Already updated today (2025-12-24 03:00:04)
[2025-12-24 08:16:56]   [emp_id: 4995] SKIPPED: Already updated today (2025-12-24 03:00:04)
[2025-12-24 08:16:56]   [emp_id: 5004] SKIPPED: Already updated today (2025-12-24 03:00:04)
[2025-12-24 08:16:56]   [emp_id: 5006] SKIPPED: Already updated today (2025-12-24 03:00:04)
[2025-12-24 08:16:56]   [emp_id: 5011] SKIPPED: Already updated today (2025-12-24 03:00:04)
[2025-12-24 08:16:56]   [emp_id: 5013] SKIPPED: Already updated today (2025-12-24 03:00:04)
[2025-12-24 08:16:56]   [emp_id: 5018] SKIPPED: Already updated today (2025-12-24 03:00:04)
[2025-12-24 08:16:56]   [emp_id: 5021] SKIPPED: Already updated today (2025-12-24 03:00:04)
[2025-12-24 08:16:56]   [emp_id: 5024] SKIPPED: Already updated today (2025-12-24 03:00:04)
[2025-12-24 08:16:56]   [emp_id: 5030] SKIPPED: Already updated today (2025-12-24 03:00:04)
[2025-12-24 08:16:56]   [emp_id: 5033] SKIPPED: Already updated today (2025-12-24 03:00:04)
[2025-12-24 08:16:56]   [emp_id: 5043] SKIPPED: Already updated today (2025-12-24 03:00:04)
[2025-12-24 08:16:56]   [emp_id: 5045] SKIPPED: Already updated today (2025-12-24 03:00:04)
[2025-12-24 08:16:56]   [emp_id: 5046] SKIPPED: Already updated today (2025-12-24 03:00:04)
[2025-12-24 08:16:56]   [emp_id: 5049] SKIPPED: Already updated today (2025-12-24 03:00:04)
[2025-12-24 08:16:56]   [emp_id: 5052] SKIPPED: Already updated today (2025-12-24 03:00:04)
[2025-12-24 08:16:56]   [emp_id: 5055] SKIPPED: Already updated today (2025-12-24 03:00:04)
[2025-12-24 08:16:56]   [emp_id: 5058] SKIPPED: Already updated today (2025-12-24 03:00:04)
[2025-12-24 08:16:56]   [emp_id: 5062] SKIPPED: Already updated today (2025-12-24 03:00:04)
[2025-12-24 08:16:56]   [emp_id: 5064] SKIPPED: Already updated today (2025-12-24 03:00:04)
[2025-12-24 08:16:56]   [emp_id: 5065] SKIPPED: Already updated today (2025-12-24 03:00:04)
[2025-12-24 08:16:56]   [emp_id: 5071] SKIPPED: Already updated today (2025-12-24 03:00:04)
[2025-12-24 08:16:56]   [emp_id: 5073] SKIPPED: Already updated today (2025-12-24 03:00:04)
[2025-12-24 08:16:56]   [emp_id: 5079] SKIPPED: Already updated today (2025-12-24 03:00:04)
[2025-12-24 08:16:56]   [emp_id: 5080] SKIPPED: Already updated today (2025-12-24 03:00:04)
[2025-12-24 08:16:56]   [emp_id: 5081] SKIPPED: Already updated today (2025-12-24 03:00:04)
[2025-12-24 08:16:56]   [emp_id: 5087] SKIPPED: Already updated today (2025-12-24 03:00:04)
[2025-12-24 08:16:56]   [emp_id: 5091] SKIPPED: Already updated today (2025-12-24 03:00:04)
[2025-12-24 08:16:56]   [emp_id: 5093] SKIPPED: Already updated today (2025-12-24 03:00:04)
[2025-12-24 08:16:56]   [emp_id: 5095] SKIPPED: Already updated today (2025-12-24 03:00:04)
[2025-12-24 08:16:56]   [emp_id: 5101] SKIPPED: Already updated today (2025-12-24 03:00:04)
[2025-12-24 08:16:56]   [emp_id: 5107] SKIPPED: Already updated today (2025-12-24 03:00:04)
[2025-12-24 08:16:56]   [emp_id: 5109] SKIPPED: Already updated today (2025-12-24 03:00:04)
[2025-12-24 08:16:56]   [emp_id: 5119] SKIPPED: Already updated today (2025-12-24 03:00:04)
[2025-12-24 08:16:56]   [emp_id: 5122] SKIPPED: Already updated today (2025-12-24 03:00:04)
[2025-12-24 08:16:56]   [emp_id: 5126] SKIPPED: Already updated today (2025-12-24 03:00:04)
[2025-12-24 08:16:56]   [emp_id: 5127] SKIPPED: Already updated today (2025-12-24 03:00:04)
[2025-12-24 08:16:56]   [emp_id: 5128] SKIPPED: Already updated today (2025-12-24 03:00:04)
[2025-12-24 08:16:56]   [emp_id: 5138] SKIPPED: Already updated today (2025-12-24 03:00:04)
[2025-12-24 08:16:56]   [emp_id: 5138] SKIPPED: Already updated today (2025-12-24 03:00:04)
[2025-12-24 08:16:56]   [emp_id: 5141] SKIPPED: Already updated today (2025-12-24 03:00:04)
[2025-12-24 08:16:56]   [emp_id: 5142] SKIPPED: Already updated today (2025-12-24 03:00:04)
[2025-12-24 08:16:56]   [emp_id: 5146] SKIPPED: Already updated today (2025-12-24 03:00:04)
[2025-12-24 08:16:56]   [emp_id: 5147] SKIPPED: Already updated today (2025-12-24 03:00:04)
[2025-12-24 08:16:56]   [emp_id: 5148] SKIPPED: Already updated today (2025-12-24 03:00:04)
[2025-12-24 08:16:56]   [emp_id: 5149] SKIPPED: Already updated today (2025-12-24 03:00:04)
[2025-12-24 08:16:56]   [emp_id: 5150] SKIPPED: Already updated today (2025-12-24 03:00:04)
[2025-12-24 08:16:56]   [emp_id: 5151] SKIPPED: Already updated today (2025-12-24 03:00:04)
[2025-12-24 08:16:56]   [emp_id: 5152] SKIPPED: Already updated today (2025-12-24 03:00:04)
[2025-12-24 08:16:56]   [emp_id: 5157] SKIPPED: Already updated today (2025-12-24 03:00:04)
[2025-12-24 08:16:56]   [emp_id: 5160] SKIPPED: Already updated today (2025-12-24 03:00:04)
[2025-12-24 08:16:56]   [emp_id: 5163] SKIPPED: Already updated today (2025-12-24 03:00:04)
[2025-12-24 08:16:56]   [emp_id: 5165] SKIPPED: Already updated today (2025-12-24 03:00:04)
[2025-12-24 08:16:56]   [emp_id: 5167] SKIPPED: Already updated today (2025-12-24 03:00:04)
[2025-12-24 08:16:56]   [emp_id: 5168] SKIPPED: Already updated today (2025-12-24 03:00:04)
[2025-12-24 08:16:56]   [emp_id: 5173] SKIPPED: Already updated today (2025-12-24 03:00:04)
[2025-12-24 08:16:56]   [emp_id: 5174] SKIPPED: Already updated today (2025-12-24 03:00:04)
[2025-12-24 08:16:56]   [emp_id: 5181] SKIPPED: Already updated today (2025-12-24 03:00:04)
[2025-12-24 08:16:56]   [emp_id: 5186] SKIPPED: Already updated today (2025-12-24 03:00:04)
[2025-12-24 08:16:56]   [emp_id: 5187] SKIPPED: Already updated today (2025-12-24 03:00:04)
[2025-12-24 08:16:56]   [emp_id: 5204] SKIPPED: Already updated today (2025-12-24 03:00:04)
[2025-12-24 08:16:56]   [emp_id: 5205] SKIPPED: Already updated today (2025-12-24 03:00:04)
[2025-12-24 08:16:56]   [emp_id: 5209] SKIPPED: Already updated today (2025-12-24 03:00:04)
[2025-12-24 08:16:56]   [emp_id: 5213] SKIPPED: Already updated today (2025-12-24 03:00:04)
[2025-12-24 08:16:56]   [emp_id: 5214] SKIPPED: Already updated today (2025-12-24 03:00:04)
[2025-12-24 08:16:56]   [emp_id: 5215] SKIPPED: Already updated today (2025-12-24 03:00:04)
[2025-12-24 08:16:56]   [emp_id: 5217] SKIPPED: Already updated today (2025-12-24 03:00:04)
[2025-12-24 08:16:56]   [emp_id: 5219] SKIPPED: Already updated today (2025-12-24 03:00:04)
[2025-12-24 08:16:56]   [emp_id: 5221] SKIPPED: Already updated today (2025-12-24 03:00:04)
[2025-12-24 08:16:56]   [emp_id: 5224] SKIPPED: Already updated today (2025-12-24 03:00:04)
[2025-12-24 08:16:56]   [emp_id: 5225] SKIPPED: Already updated today (2025-12-24 03:00:04)
[2025-12-24 08:16:56]   [emp_id: 5228] SKIPPED: Already updated today (2025-12-24 03:00:04)
[2025-12-24 08:16:56]   [emp_id: 5229] SKIPPED: Already updated today (2025-12-24 03:00:04)
[2025-12-24 08:16:56]   [emp_id: 5230] SKIPPED: Already updated today (2025-12-24 03:00:04)
[2025-12-24 08:16:56]   [emp_id: 5231] SKIPPED: Already updated today (2025-12-24 03:00:04)
[2025-12-24 08:16:56]   [emp_id: 5232] SKIPPED: Already updated today (2025-12-24 03:00:04)
[2025-12-24 08:16:56]   [emp_id: 5233] SKIPPED: Already updated today (2025-12-24 03:00:04)
[2025-12-24 08:16:56]   [emp_id: 5234] SKIPPED: Already updated today (2025-12-24 03:00:04)
[2025-12-24 08:16:56]   [emp_id: 5235] SKIPPED: Already updated today (2025-12-24 03:00:04)
[2025-12-24 08:16:56]   [emp_id: 5237] SKIPPED: Already updated today (2025-12-24 03:00:04)
[2025-12-24 08:16:56]   [emp_id: 5239] SKIPPED: Already updated today (2025-12-24 03:00:04)
[2025-12-24 08:16:56]   [emp_id: 5241] SKIPPED: Already updated today (2025-12-24 03:00:04)
[2025-12-24 08:16:56]   [emp_id: 5242] SKIPPED: Already updated today (2025-12-24 03:00:04)
[2025-12-24 08:16:56]   [emp_id: 5243] SKIPPED: Already updated today (2025-12-24 03:00:04)
[2025-12-24 08:16:56]   [emp_id: 5244] SKIPPED: Already updated today (2025-12-24 03:00:04)
[2025-12-24 08:16:56]   [emp_id: 5246] SKIPPED: Already updated today (2025-12-24 03:00:04)
[2025-12-24 08:16:56]   [emp_id: 5253] SKIPPED: Already updated today (2025-12-24 03:00:04)
[2025-12-24 08:16:56]   [emp_id: 5254] SKIPPED: Already updated today (2025-12-24 03:00:04)
[2025-12-24 08:16:56]   [emp_id: 5257] SKIPPED: Already updated today (2025-12-24 03:00:04)
[2025-12-24 08:16:56]   [emp_id: 5259] SKIPPED: Already updated today (2025-12-24 03:00:04)
[2025-12-24 08:16:56]   [emp_id: 5261] SKIPPED: Already updated today (2025-12-24 03:00:04)
[2025-12-24 08:16:56]   [emp_id: 5264] SKIPPED: Already updated today (2025-12-24 03:00:04)
[2025-12-24 08:16:56]   [emp_id: 5266] SKIPPED: Already updated today (2025-12-24 03:00:04)
[2025-12-24 08:16:56]   [emp_id: 5268] SKIPPED: Already updated today (2025-12-24 03:00:04)
[2025-12-24 08:16:56]   [emp_id: 5271] SKIPPED: Already updated today (2025-12-24 03:00:04)
[2025-12-24 08:16:56]   [emp_id: 5272] SKIPPED: Already updated today (2025-12-24 03:00:04)
[2025-12-24 08:16:56]   [emp_id: 5273] SKIPPED: Already updated today (2025-12-24 03:00:04)
[2025-12-24 08:16:56]   [emp_id: 5275] SKIPPED: Already updated today (2025-12-24 03:00:04)
[2025-12-24 08:16:56]   [emp_id: 5276] SKIPPED: Already updated today (2025-12-24 03:00:04)
[2025-12-24 08:16:56]   [emp_id: 5278] SKIPPED: Already updated today (2025-12-24 03:00:04)
[2025-12-24 08:16:56]   [emp_id: 5280] SKIPPED: Already updated today (2025-12-24 03:00:04)
[2025-12-24 08:16:56]   [emp_id: 5282] SKIPPED: Already updated today (2025-12-24 03:00:04)
[2025-12-24 08:16:56]   [emp_id: 5285] SKIPPED: Already updated today (2025-12-24 03:00:04)
[2025-12-24 08:16:56]   [emp_id: 5286] SKIPPED: Already updated today (2025-12-24 03:00:04)
[2025-12-24 08:16:56]   [emp_id: 5287] SKIPPED: Already updated today (2025-12-24 03:00:04)
[2025-12-24 08:16:56]   [emp_id: 5288] SKIPPED: Already updated today (2025-12-24 03:00:04)
[2025-12-24 08:16:56]   [emp_id: 5289] SKIPPED: Already updated today (2025-12-24 03:00:04)
[2025-12-24 08:16:56]   [emp_id: 5290] SKIPPED: Already updated today (2025-12-24 03:00:04)
[2025-12-24 08:16:56]   [emp_id: 5291] SKIPPED: Already updated today (2025-12-24 03:00:04)
[2025-12-24 08:16:56]   [emp_id: 5292] SKIPPED: Already updated today (2025-12-24 03:00:04)
[2025-12-24 08:16:56]   [emp_id: 5293] SKIPPED: Already updated today (2025-12-24 03:00:04)
[2025-12-24 08:16:56]   [emp_id: 5294] SKIPPED: Already updated today (2025-12-24 03:00:04)
[2025-12-24 08:16:56]   [emp_id: 5295] SKIPPED: Already updated today (2025-12-24 03:00:04)
[2025-12-24 08:16:56]   [emp_id: 5296] SKIPPED: Already updated today (2025-12-24 03:00:04)
[2025-12-24 08:16:56]   [emp_id: 5297] SKIPPED: Already updated today (2025-12-24 03:00:04)
[2025-12-24 08:16:56]   [emp_id: 5298] SKIPPED: Already updated today (2025-12-24 03:00:04)
[2025-12-24 08:16:56]   [emp_id: 5299] SKIPPED: Already updated today (2025-12-24 03:00:04)
[2025-12-24 08:16:56]   [emp_id: 5300] SKIPPED: Already updated today (2025-12-24 03:00:05)
[2025-12-24 08:16:56]   [emp_id: 5301] SKIPPED: Already updated today (2025-12-24 03:00:05)
[2025-12-24 08:16:56]   [emp_id: 5303] SKIPPED: Already updated today (2025-12-24 03:00:05)
[2025-12-24 08:16:56]   [emp_id: 5304] SKIPPED: Already updated today (2025-12-24 03:00:05)
[2025-12-24 08:16:56]   [emp_id: 5305] SKIPPED: Already updated today (2025-12-24 03:00:05)
[2025-12-24 08:16:56]   [emp_id: 5306] SKIPPED: Already updated today (2025-12-24 03:00:05)
[2025-12-24 08:16:56]   [emp_id: 5307] SKIPPED: Already updated today (2025-12-24 03:00:05)
[2025-12-24 08:16:56]   [emp_id: 5312] SKIPPED: Already updated today (2025-12-24 03:00:05)
[2025-12-24 08:16:56]   [emp_id: 5318] SKIPPED: Already updated today (2025-12-24 03:00:05)
[2025-12-24 08:16:56]   [emp_id: 5325] SKIPPED: Already updated today (2025-12-24 03:00:05)
[2025-12-24 08:16:56]   [emp_id: 5327] SKIPPED: Already updated today (2025-12-24 03:00:05)
[2025-12-24 08:16:56]   [emp_id: 5337] SKIPPED: Already updated today (2025-12-24 03:00:05)
[2025-12-24 08:16:56]   [emp_id: 5339] SKIPPED: Already updated today (2025-12-24 03:00:05)
[2025-12-24 08:16:56]   [emp_id: 5343] SKIPPED: Already updated today (2025-12-24 03:00:05)
[2025-12-24 08:16:56]   [emp_id: 5343] SKIPPED: Already updated today (2025-12-24 03:00:05)
[2025-12-24 08:16:56]   [emp_id: 5345] SKIPPED: Already updated today (2025-12-24 03:00:05)
[2025-12-24 08:16:56]   [emp_id: 5346] SKIPPED: Already updated today (2025-12-24 03:00:05)
[2025-12-24 08:16:56]   [emp_id: 5351] SKIPPED: Already updated today (2025-12-24 03:00:05)
[2025-12-24 08:16:56]   [emp_id: 5352] SKIPPED: Already updated today (2025-12-24 03:00:05)
[2025-12-24 08:16:56]   [emp_id: 5370] SKIPPED: Already updated today (2025-12-24 03:00:05)
[2025-12-24 08:16:56]   [emp_id: 5371] SKIPPED: Already updated today (2025-12-24 03:00:05)
[2025-12-24 08:16:56]   [emp_id: 5376] SKIPPED: Already updated today (2025-12-24 03:00:05)
[2025-12-24 08:16:56]   [emp_id: 5378] SKIPPED: Already updated today (2025-12-24 03:00:05)
[2025-12-24 08:16:56]   [emp_id: 5380] SKIPPED: Already updated today (2025-12-24 03:00:05)
[2025-12-24 08:16:56]   [emp_id: 5381] SKIPPED: Already updated today (2025-12-24 03:00:05)
[2025-12-24 08:16:56]   [emp_id: 5383] SKIPPED: Already updated today (2025-12-24 03:00:05)
[2025-12-24 08:16:56]   [emp_id: 5388] SKIPPED: Already updated today (2025-12-24 03:00:05)
[2025-12-24 08:16:56]   [emp_id: 5396] SKIPPED: Already updated today (2025-12-24 03:00:05)
[2025-12-24 08:16:56]   [emp_id: 5397] SKIPPED: Already updated today (2025-12-24 03:00:05)
[2025-12-24 08:16:56]   [emp_id: 5401] SKIPPED: Already updated today (2025-12-24 03:00:05)
[2025-12-24 08:16:56]   [emp_id: 5402] SKIPPED: Already updated today (2025-12-24 03:00:05)
[2025-12-24 08:16:56]   [emp_id: 5406] SKIPPED: Already updated today (2025-12-24 03:00:05)
[2025-12-24 08:16:56]   [emp_id: 5407] SKIPPED: Already updated today (2025-12-24 03:00:05)
[2025-12-24 08:16:56]   [emp_id: 5409] SKIPPED: Already updated today (2025-12-24 03:00:05)
[2025-12-24 08:16:56]   [emp_id: 5413] SKIPPED: Already updated today (2025-12-24 03:00:05)
[2025-12-24 08:16:56]   [emp_id: 5414] SKIPPED: Already updated today (2025-12-24 03:00:05)
[2025-12-24 08:16:56]   [emp_id: 5415] SKIPPED: Already updated today (2025-12-24 03:00:05)
[2025-12-24 08:16:56]   [emp_id: 5418] SKIPPED: Already updated today (2025-12-24 03:00:05)
[2025-12-24 08:16:56]   [emp_id: 5422] SKIPPED: Already updated today (2025-12-24 03:00:05)
[2025-12-24 08:16:56]   [emp_id: 5423] SKIPPED: Already updated today (2025-12-24 03:00:05)
[2025-12-24 08:16:56]   [emp_id: 5424] SKIPPED: Already updated today (2025-12-24 03:00:05)
[2025-12-24 08:16:56]   [emp_id: 5425] SKIPPED: Already updated today (2025-12-24 03:00:05)
[2025-12-24 08:16:56]   [emp_id: 5426] SKIPPED: Already updated today (2025-12-24 03:00:05)
[2025-12-24 08:16:56]   [emp_id: 5426] SKIPPED: Already updated today (2025-12-24 03:00:05)
[2025-12-24 08:16:56]   [emp_id: 5427] SKIPPED: Already updated today (2025-12-24 03:00:05)
[2025-12-24 08:16:56]   [emp_id: 5428] SKIPPED: Already updated today (2025-12-24 03:00:05)
[2025-12-24 08:16:56]   [emp_id: 5430] SKIPPED: Already updated today (2025-12-24 03:00:05)
[2025-12-24 08:16:56]   [emp_id: 5431] SKIPPED: Already updated today (2025-12-24 03:00:05)
[2025-12-24 08:16:56]   [emp_id: 5434] SKIPPED: Already updated today (2025-12-24 03:00:05)
[2025-12-24 08:16:56]   [emp_id: 5435] SKIPPED: Already updated today (2025-12-24 03:00:05)
[2025-12-24 08:16:56]   [emp_id: 5436] SKIPPED: Already updated today (2025-12-24 03:00:05)
[2025-12-24 08:16:56]   [emp_id: 5438] SKIPPED: Already updated today (2025-12-24 03:00:05)
[2025-12-24 08:16:56]   [emp_id: 5439] SKIPPED: Already updated today (2025-12-24 03:00:05)
[2025-12-24 08:16:56]   [emp_id: 5442] SKIPPED: Already updated today (2025-12-24 03:00:05)
[2025-12-24 08:16:56]   [emp_id: 5443] SKIPPED: Already updated today (2025-12-24 03:00:05)
[2025-12-24 08:16:56]   [emp_id: 5445] SKIPPED: Already updated today (2025-12-24 03:00:05)
[2025-12-24 08:16:56]   [emp_id: 5446] SKIPPED: Already updated today (2025-12-24 03:00:05)
[2025-12-24 08:16:56]   [emp_id: 5447] SKIPPED: Already updated today (2025-12-24 03:00:05)
[2025-12-24 08:16:56]   [emp_id: 5448] SKIPPED: Already updated today (2025-12-24 03:00:05)
[2025-12-24 08:16:56]   [emp_id: 5449] SKIPPED: Already updated today (2025-12-24 03:00:05)
[2025-12-24 08:16:56]   [emp_id: 5450] SKIPPED: Already updated today (2025-12-24 03:00:05)
[2025-12-24 08:16:56]   [emp_id: 5451] SKIPPED: Already updated today (2025-12-24 03:00:05)
[2025-12-24 08:16:56]   [emp_id: 5454] SKIPPED: Already updated today (2025-12-24 03:00:05)
[2025-12-24 08:16:56]   [emp_id: 5455] SKIPPED: Already updated today (2025-12-24 03:00:05)
[2025-12-24 08:16:56]   [emp_id: 5456] SKIPPED: Already updated today (2025-12-24 03:00:05)
[2025-12-24 08:16:56] 
[2025-12-24 08:16:56] ========== SUMMARY ==========
[2025-12-24 08:16:56] Total employees processed: 430
[2025-12-24 08:16:56] Records updated: 0
[2025-12-24 08:16:56] Balances changed: 0
[2025-12-24 08:16:56] Errors: 0
[2025-12-24 08:16:56] ========== CRON: Vacation Balance Update Completed ==========
[2025-12-24 08:16:56] 
[2025-12-24 15:56:18] ========== CRON: Vacation Balance Update Started ==========
[2025-12-24 15:56:18] Database connection established
[2025-12-24 15:56:18] Found 430 active employees with balance records to update
[2025-12-24 15:56:18] (Only employees with status=1 will be processed)
[2025-12-24 15:56:18]   [emp_id: 1061] SKIPPED: Already updated today (2025-12-24 03:00:02)
[2025-12-24 15:56:18]   [emp_id: 1496] SKIPPED: Already updated today (2025-12-24 03:00:02)
[2025-12-24 15:56:18]   [emp_id: 1500] SKIPPED: Already updated today (2025-12-24 03:00:02)
[2025-12-24 15:56:18]   [emp_id: 1574] SKIPPED: Already updated today (2025-12-24 03:00:02)
[2025-12-24 15:56:18]   [emp_id: 1673] SKIPPED: Already updated today (2025-12-24 03:00:02)
[2025-12-24 15:56:18]   [emp_id: 1685] SKIPPED: Already updated today (2025-12-24 03:00:02)
[2025-12-24 15:56:18]   [emp_id: 1764] SKIPPED: Already updated today (2025-12-24 03:00:02)
[2025-12-24 15:56:18]   [emp_id: 1805] SKIPPED: Already updated today (2025-12-24 03:00:02)
[2025-12-24 15:56:18]   [emp_id: 1822] SKIPPED: Already updated today (2025-12-24 03:00:02)
[2025-12-24 15:56:18]   [emp_id: 1837] SKIPPED: Already updated today (2025-12-24 03:00:02)
[2025-12-24 15:56:18]   [emp_id: 1857] SKIPPED: Already updated today (2025-12-24 03:00:02)
[2025-12-24 15:56:18]   [emp_id: 1861] SKIPPED: Already updated today (2025-12-24 03:00:02)
[2025-12-24 15:56:18]   [emp_id: 1872] SKIPPED: Already updated today (2025-12-24 03:00:02)
[2025-12-24 15:56:18]   [emp_id: 1897] SKIPPED: Already updated today (2025-12-24 03:00:02)
[2025-12-24 15:56:18]   [emp_id: 1916] SKIPPED: Already updated today (2025-12-24 03:00:02)
[2025-12-24 15:56:18]   [emp_id: 1928] SKIPPED: Already updated today (2025-12-24 03:00:02)
[2025-12-24 15:56:18]   [emp_id: 1931] SKIPPED: Already updated today (2025-12-24 03:00:02)
[2025-12-24 15:56:18]   [emp_id: 1944] SKIPPED: Already updated today (2025-12-24 03:00:02)
[2025-12-24 15:56:18]   [emp_id: 1996] SKIPPED: Already updated today (2025-12-24 03:00:02)
[2025-12-24 15:56:18]   [emp_id: 1997] SKIPPED: Already updated today (2025-12-24 03:00:02)
[2025-12-24 15:56:18]   [emp_id: 1998] SKIPPED: Already updated today (2025-12-24 03:00:02)
[2025-12-24 15:56:18]   [emp_id: 1999] SKIPPED: Already updated today (2025-12-24 03:00:02)
[2025-12-24 15:56:18]   [emp_id: 2009] SKIPPED: Already updated today (2025-12-24 03:00:02)
[2025-12-24 15:56:18]   [emp_id: 2048] SKIPPED: Already updated today (2025-12-24 03:00:02)
[2025-12-24 15:56:18]   [emp_id: 2057] SKIPPED: Already updated today (2025-12-24 03:00:02)
[2025-12-24 15:56:18]   [emp_id: 2079] SKIPPED: Already updated today (2025-12-24 03:00:02)
[2025-12-24 15:56:18]   [emp_id: 2181] SKIPPED: Already updated today (2025-12-24 03:00:02)
[2025-12-24 15:56:18]   [emp_id: 2190] SKIPPED: Already updated today (2025-12-24 03:00:02)
[2025-12-24 15:56:18]   [emp_id: 2212] SKIPPED: Already updated today (2025-12-24 03:00:02)
[2025-12-24 15:56:18]   [emp_id: 2226] SKIPPED: Already updated today (2025-12-24 03:00:02)
[2025-12-24 15:56:18]   [emp_id: 2238] SKIPPED: Already updated today (2025-12-24 03:00:02)
[2025-12-24 15:56:18]   [emp_id: 2285] SKIPPED: Already updated today (2025-12-24 03:00:02)
[2025-12-24 15:56:19]   [emp_id: 2287] SKIPPED: Already updated today (2025-12-24 03:00:02)
[2025-12-24 15:56:19]   [emp_id: 2288] SKIPPED: Already updated today (2025-12-24 03:00:02)
[2025-12-24 15:56:19]   [emp_id: 2316] SKIPPED: Already updated today (2025-12-24 03:00:02)
[2025-12-24 15:56:19]   [emp_id: 2337] SKIPPED: Already updated today (2025-12-24 03:00:02)
[2025-12-24 15:56:19]   [emp_id: 2352] SKIPPED: Already updated today (2025-12-24 03:00:02)
[2025-12-24 15:56:19]   [emp_id: 2358] SKIPPED: Already updated today (2025-12-24 03:00:02)
[2025-12-24 15:56:19]   [emp_id: 2361] SKIPPED: Already updated today (2025-12-24 03:00:02)
[2025-12-24 15:56:19]   [emp_id: 2363] SKIPPED: Already updated today (2025-12-24 03:00:02)
[2025-12-24 15:56:19]   [emp_id: 2364] SKIPPED: Already updated today (2025-12-24 03:00:02)
[2025-12-24 15:56:19]   [emp_id: 2367] SKIPPED: Already updated today (2025-12-24 03:00:02)
[2025-12-24 15:56:19]   [emp_id: 2368] SKIPPED: Already updated today (2025-12-24 03:00:02)
[2025-12-24 15:56:19]   [emp_id: 2372] SKIPPED: Already updated today (2025-12-24 03:00:02)
[2025-12-24 15:56:19]   [emp_id: 2376] SKIPPED: Already updated today (2025-12-24 03:00:02)
[2025-12-24 15:56:19]   [emp_id: 2423] SKIPPED: Already updated today (2025-12-24 03:00:02)
[2025-12-24 15:56:19]   [emp_id: 2519] SKIPPED: Already updated today (2025-12-24 03:00:02)
[2025-12-24 15:56:19]   [emp_id: 2522] SKIPPED: Already updated today (2025-12-24 03:00:02)
[2025-12-24 15:56:19]   [emp_id: 2530] SKIPPED: Already updated today (2025-12-24 03:00:02)
[2025-12-24 15:56:19]   [emp_id: 2539] SKIPPED: Already updated today (2025-12-24 03:00:02)
[2025-12-24 15:56:19]   [emp_id: 2541] SKIPPED: Already updated today (2025-12-24 03:00:02)
[2025-12-24 15:56:19]   [emp_id: 2550] SKIPPED: Already updated today (2025-12-24 03:00:02)
[2025-12-24 15:56:19]   [emp_id: 2553] SKIPPED: Already updated today (2025-12-24 03:00:02)
[2025-12-24 15:56:19]   [emp_id: 2554] SKIPPED: Already updated today (2025-12-24 03:00:02)
[2025-12-24 15:56:19]   [emp_id: 2565] SKIPPED: Already updated today (2025-12-24 03:00:02)
[2025-12-24 15:56:19]   [emp_id: 2572] SKIPPED: Already updated today (2025-12-24 03:00:02)
[2025-12-24 15:56:19]   [emp_id: 2637] SKIPPED: Already updated today (2025-12-24 03:00:02)
[2025-12-24 15:56:19]   [emp_id: 2642] SKIPPED: Already updated today (2025-12-24 03:00:02)
[2025-12-24 15:56:19]   [emp_id: 2645] SKIPPED: Already updated today (2025-12-24 03:00:02)
[2025-12-24 15:56:19]   [emp_id: 2648] SKIPPED: Already updated today (2025-12-24 03:00:02)
[2025-12-24 15:56:19]   [emp_id: 2654] SKIPPED: Already updated today (2025-12-24 03:00:02)
[2025-12-24 15:56:19]   [emp_id: 2688] SKIPPED: Already updated today (2025-12-24 03:00:02)
[2025-12-24 15:56:19]   [emp_id: 2690] SKIPPED: Already updated today (2025-12-24 03:00:02)
[2025-12-24 15:56:19]   [emp_id: 2709] SKIPPED: Already updated today (2025-12-24 03:00:02)
[2025-12-24 15:56:19]   [emp_id: 2745] SKIPPED: Already updated today (2025-12-24 03:00:02)
[2025-12-24 15:56:19]   [emp_id: 2843] SKIPPED: Already updated today (2025-12-24 03:00:02)
[2025-12-24 15:56:19]   [emp_id: 2854] SKIPPED: Already updated today (2025-12-24 03:00:02)
[2025-12-24 15:56:19]   [emp_id: 2869] SKIPPED: Already updated today (2025-12-24 03:00:02)
[2025-12-24 15:56:19]   [emp_id: 2876] SKIPPED: Already updated today (2025-12-24 03:00:02)
[2025-12-24 15:56:19]   [emp_id: 2924] SKIPPED: Already updated today (2025-12-24 03:00:02)
[2025-12-24 15:56:19]   [emp_id: 2953] SKIPPED: Already updated today (2025-12-24 03:00:02)
[2025-12-24 15:56:19]   [emp_id: 2961] SKIPPED: Already updated today (2025-12-24 03:00:02)
[2025-12-24 15:56:19]   [emp_id: 2975] SKIPPED: Already updated today (2025-12-24 03:00:02)
[2025-12-24 15:56:19]   [emp_id: 3013] SKIPPED: Already updated today (2025-12-24 03:00:02)
[2025-12-24 15:56:19]   [emp_id: 3014] SKIPPED: Already updated today (2025-12-24 03:00:02)
[2025-12-24 15:56:19]   [emp_id: 3015] SKIPPED: Already updated today (2025-12-24 03:00:02)
[2025-12-24 15:56:19]   [emp_id: 3018] SKIPPED: Already updated today (2025-12-24 03:00:02)
[2025-12-24 15:56:19]   [emp_id: 3025] SKIPPED: Already updated today (2025-12-24 03:00:02)
[2025-12-24 15:56:19]   [emp_id: 3037] SKIPPED: Already updated today (2025-12-24 03:00:02)
[2025-12-24 15:56:19]   [emp_id: 3047] SKIPPED: Already updated today (2025-12-24 03:00:02)
[2025-12-24 15:56:19]   [emp_id: 3061] SKIPPED: Already updated today (2025-12-24 03:00:02)
[2025-12-24 15:56:19]   [emp_id: 3062] SKIPPED: Already updated today (2025-12-24 03:00:02)
[2025-12-24 15:56:19]   [emp_id: 3074] SKIPPED: Already updated today (2025-12-24 03:00:03)
[2025-12-24 15:56:19]   [emp_id: 3089] SKIPPED: Already updated today (2025-12-24 03:00:03)
[2025-12-24 15:56:19]   [emp_id: 3090] SKIPPED: Already updated today (2025-12-24 03:00:03)
[2025-12-24 15:56:19]   [emp_id: 3091] SKIPPED: Already updated today (2025-12-24 03:00:03)
[2025-12-24 15:56:19]   [emp_id: 3092] SKIPPED: Already updated today (2025-12-24 03:00:03)
[2025-12-24 15:56:19]   [emp_id: 3105] SKIPPED: Already updated today (2025-12-24 03:00:03)
[2025-12-24 15:56:19]   [emp_id: 3134] SKIPPED: Already updated today (2025-12-24 03:00:03)
[2025-12-24 15:56:19]   [emp_id: 3140] SKIPPED: Already updated today (2025-12-24 03:00:03)
[2025-12-24 15:56:19]   [emp_id: 3144] SKIPPED: Already updated today (2025-12-24 03:00:03)
[2025-12-24 15:56:19]   [emp_id: 3156] SKIPPED: Already updated today (2025-12-24 03:00:03)
[2025-12-24 15:56:19]   [emp_id: 3162] SKIPPED: Already updated today (2025-12-24 03:00:03)
[2025-12-24 15:56:19]   [emp_id: 3163] SKIPPED: Already updated today (2025-12-24 03:00:03)
[2025-12-24 15:56:19]   [emp_id: 3198] SKIPPED: Already updated today (2025-12-24 03:00:03)
[2025-12-24 15:56:19]   [emp_id: 3205] SKIPPED: Already updated today (2025-12-24 03:00:03)
[2025-12-24 15:56:19]   [emp_id: 3209] SKIPPED: Already updated today (2025-12-24 03:00:03)
[2025-12-24 15:56:19]   [emp_id: 3223] SKIPPED: Already updated today (2025-12-24 03:00:03)
[2025-12-24 15:56:19]   [emp_id: 3224] SKIPPED: Already updated today (2025-12-24 03:00:03)
[2025-12-24 15:56:19]   [emp_id: 3230] SKIPPED: Already updated today (2025-12-24 03:00:03)
[2025-12-24 15:56:19]   [emp_id: 3231] SKIPPED: Already updated today (2025-12-24 03:00:03)
[2025-12-24 15:56:19]   [emp_id: 3233] SKIPPED: Already updated today (2025-12-24 03:00:03)
[2025-12-24 15:56:19]   [emp_id: 3249] SKIPPED: Already updated today (2025-12-24 03:00:03)
[2025-12-24 15:56:19]   [emp_id: 3250] SKIPPED: Already updated today (2025-12-24 03:00:03)
[2025-12-24 15:56:19]   [emp_id: 3252] SKIPPED: Already updated today (2025-12-24 03:00:03)
[2025-12-24 15:56:19]   [emp_id: 3254] SKIPPED: Already updated today (2025-12-24 03:00:03)
[2025-12-24 15:56:19]   [emp_id: 3255] SKIPPED: Already updated today (2025-12-24 03:00:03)
[2025-12-24 15:56:19]   [emp_id: 3256] SKIPPED: Already updated today (2025-12-24 03:00:03)
[2025-12-24 15:56:19]   [emp_id: 3263] SKIPPED: Already updated today (2025-12-24 03:00:03)
[2025-12-24 15:56:19]   [emp_id: 3265] SKIPPED: Already updated today (2025-12-24 03:00:03)
[2025-12-24 15:56:19]   [emp_id: 3280] SKIPPED: Already updated today (2025-12-24 03:00:03)
[2025-12-24 15:56:19]   [emp_id: 3286] SKIPPED: Already updated today (2025-12-24 03:00:03)
[2025-12-24 15:56:19]   [emp_id: 3294] SKIPPED: Already updated today (2025-12-24 03:00:03)
[2025-12-24 15:56:19]   [emp_id: 3321] SKIPPED: Already updated today (2025-12-24 03:00:03)
[2025-12-24 15:56:19]   [emp_id: 3325] SKIPPED: Already updated today (2025-12-24 03:00:03)
[2025-12-24 15:56:19]   [emp_id: 3329] SKIPPED: Already updated today (2025-12-24 03:00:03)
[2025-12-24 15:56:19]   [emp_id: 3330] SKIPPED: Already updated today (2025-12-24 03:00:03)
[2025-12-24 15:56:19]   [emp_id: 3332] SKIPPED: Already updated today (2025-12-24 03:00:03)
[2025-12-24 15:56:19]   [emp_id: 3370] SKIPPED: Already updated today (2025-12-24 03:00:03)
[2025-12-24 15:56:19]   [emp_id: 3384] SKIPPED: Already updated today (2025-12-24 03:00:03)
[2025-12-24 15:56:19]   [emp_id: 3386] SKIPPED: Already updated today (2025-12-24 03:00:03)
[2025-12-24 15:56:19]   [emp_id: 3431] SKIPPED: Already updated today (2025-12-24 03:00:03)
[2025-12-24 15:56:19]   [emp_id: 3497] SKIPPED: Already updated today (2025-12-24 03:00:03)
[2025-12-24 15:56:19]   [emp_id: 3532] SKIPPED: Already updated today (2025-12-24 03:00:03)
[2025-12-24 15:56:19]   [emp_id: 3586] SKIPPED: Already updated today (2025-12-24 03:00:03)
[2025-12-24 15:56:19]   [emp_id: 3602] SKIPPED: Already updated today (2025-12-24 03:00:03)
[2025-12-24 15:56:19]   [emp_id: 3618] SKIPPED: Already updated today (2025-12-24 03:00:03)
[2025-12-24 15:56:19]   [emp_id: 3622] SKIPPED: Already updated today (2025-12-24 03:00:03)
[2025-12-24 15:56:19]   [emp_id: 3627] SKIPPED: Already updated today (2025-12-24 03:00:03)
[2025-12-24 15:56:19]   [emp_id: 3665] SKIPPED: Already updated today (2025-12-24 03:00:03)
[2025-12-24 15:56:19]   [emp_id: 3705] SKIPPED: Already updated today (2025-12-24 03:00:03)
[2025-12-24 15:56:19]   [emp_id: 3724] SKIPPED: Already updated today (2025-12-24 03:00:03)
[2025-12-24 15:56:19]   [emp_id: 3726] SKIPPED: Already updated today (2025-12-24 03:00:03)
[2025-12-24 15:56:19]   [emp_id: 3727] SKIPPED: Already updated today (2025-12-24 03:00:03)
[2025-12-24 15:56:19]   [emp_id: 3728] SKIPPED: Already updated today (2025-12-24 03:00:03)
[2025-12-24 15:56:19]   [emp_id: 3742] SKIPPED: Already updated today (2025-12-24 03:00:03)
[2025-12-24 15:56:19]   [emp_id: 3767] SKIPPED: Already updated today (2025-12-24 03:00:03)
[2025-12-24 15:56:19]   [emp_id: 3768] SKIPPED: Already updated today (2025-12-24 03:00:03)
[2025-12-24 15:56:19]   [emp_id: 3787] SKIPPED: Already updated today (2025-12-24 03:00:03)
[2025-12-24 15:56:19]   [emp_id: 3790] SKIPPED: Already updated today (2025-12-24 03:00:03)
[2025-12-24 15:56:19]   [emp_id: 3795] SKIPPED: Already updated today (2025-12-24 03:00:03)
[2025-12-24 15:56:19]   [emp_id: 3798] SKIPPED: Already updated today (2025-12-24 03:00:03)
[2025-12-24 15:56:19]   [emp_id: 3801] SKIPPED: Already updated today (2025-12-24 03:00:03)
[2025-12-24 15:56:19]   [emp_id: 3802] SKIPPED: Already updated today (2025-12-24 03:00:03)
[2025-12-24 15:56:19]   [emp_id: 3803] SKIPPED: Already updated today (2025-12-24 03:00:03)
[2025-12-24 15:56:19]   [emp_id: 3810] SKIPPED: Already updated today (2025-12-24 03:00:03)
[2025-12-24 15:56:19]   [emp_id: 3812] SKIPPED: Already updated today (2025-12-24 03:00:03)
[2025-12-24 15:56:19]   [emp_id: 3815] SKIPPED: Already updated today (2025-12-24 03:00:03)
[2025-12-24 15:56:19]   [emp_id: 3836] SKIPPED: Already updated today (2025-12-24 03:00:03)
[2025-12-24 15:56:19]   [emp_id: 3855] SKIPPED: Already updated today (2025-12-24 03:00:03)
[2025-12-24 15:56:19]   [emp_id: 3857] SKIPPED: Already updated today (2025-12-24 03:00:03)
[2025-12-24 15:56:19]   [emp_id: 3862] SKIPPED: Already updated today (2025-12-24 03:00:03)
[2025-12-24 15:56:19]   [emp_id: 3866] SKIPPED: Already updated today (2025-12-24 03:00:03)
[2025-12-24 15:56:19]   [emp_id: 3876] SKIPPED: Already updated today (2025-12-24 03:00:03)
[2025-12-24 15:56:19]   [emp_id: 3877] SKIPPED: Already updated today (2025-12-24 03:00:03)
[2025-12-24 15:56:19]   [emp_id: 3897] SKIPPED: Already updated today (2025-12-24 03:00:03)
[2025-12-24 15:56:19]   [emp_id: 3899] SKIPPED: Already updated today (2025-12-24 03:00:03)
[2025-12-24 15:56:19]   [emp_id: 3928] SKIPPED: Already updated today (2025-12-24 03:00:03)
[2025-12-24 15:56:19]   [emp_id: 3929] SKIPPED: Already updated today (2025-12-24 03:00:03)
[2025-12-24 15:56:19]   [emp_id: 3935] SKIPPED: Already updated today (2025-12-24 03:00:03)
[2025-12-24 15:56:19]   [emp_id: 3952] SKIPPED: Already updated today (2025-12-24 03:00:03)
[2025-12-24 15:56:19]   [emp_id: 3987] SKIPPED: Already updated today (2025-12-24 03:00:03)
[2025-12-24 15:56:19]   [emp_id: 4059] SKIPPED: Already updated today (2025-12-24 03:00:03)
[2025-12-24 15:56:19]   [emp_id: 4119] SKIPPED: Already updated today (2025-12-24 03:00:03)
[2025-12-24 15:56:19]   [emp_id: 4120] SKIPPED: Already updated today (2025-12-24 03:00:03)
[2025-12-24 15:56:19]   [emp_id: 4124] SKIPPED: Already updated today (2025-12-24 03:00:03)
[2025-12-24 15:56:19]   [emp_id: 4133] SKIPPED: Already updated today (2025-12-24 03:00:03)
[2025-12-24 15:56:19]   [emp_id: 4134] SKIPPED: Already updated today (2025-12-24 03:00:03)
[2025-12-24 15:56:19]   [emp_id: 4136] SKIPPED: Already updated today (2025-12-24 03:00:03)
[2025-12-24 15:56:19]   [emp_id: 4150] SKIPPED: Already updated today (2025-12-24 03:00:03)
[2025-12-24 15:56:19]   [emp_id: 4157] SKIPPED: Already updated today (2025-12-24 03:00:03)
[2025-12-24 15:56:19]   [emp_id: 4172] SKIPPED: Already updated today (2025-12-24 03:00:03)
[2025-12-24 15:56:19]   [emp_id: 4195] SKIPPED: Already updated today (2025-12-24 03:00:03)
[2025-12-24 15:56:19]   [emp_id: 4215] SKIPPED: Already updated today (2025-12-24 03:00:03)
[2025-12-24 15:56:19]   [emp_id: 4220] SKIPPED: Already updated today (2025-12-24 03:00:03)
[2025-12-24 15:56:19]   [emp_id: 4273] SKIPPED: Already updated today (2025-12-24 03:00:03)
[2025-12-24 15:56:19]   [emp_id: 4283] SKIPPED: Already updated today (2025-12-24 03:00:03)
[2025-12-24 15:56:19]   [emp_id: 4288] SKIPPED: Already updated today (2025-12-24 03:00:03)
[2025-12-24 15:56:19]   [emp_id: 4315] SKIPPED: Already updated today (2025-12-24 03:00:03)
[2025-12-24 15:56:19]   [emp_id: 4328] SKIPPED: Already updated today (2025-12-24 03:00:03)
[2025-12-24 15:56:19]   [emp_id: 4329] SKIPPED: Already updated today (2025-12-24 03:00:03)
[2025-12-24 15:56:19]   [emp_id: 4338] SKIPPED: Already updated today (2025-12-24 03:00:03)
[2025-12-24 15:56:19]   [emp_id: 4340] SKIPPED: Already updated today (2025-12-24 03:00:03)
[2025-12-24 15:56:19]   [emp_id: 4365] SKIPPED: Already updated today (2025-12-24 03:00:03)
[2025-12-24 15:56:19]   [emp_id: 4366] SKIPPED: Already updated today (2025-12-24 03:00:03)
[2025-12-24 15:56:19]   [emp_id: 4403] SKIPPED: Already updated today (2025-12-24 03:00:03)
[2025-12-24 15:56:19]   [emp_id: 4438] SKIPPED: Already updated today (2025-12-24 03:00:03)
[2025-12-24 15:56:19]   [emp_id: 4465] SKIPPED: Already updated today (2025-12-24 03:00:03)
[2025-12-24 15:56:19]   [emp_id: 4473] SKIPPED: Already updated today (2025-12-24 03:00:03)
[2025-12-24 15:56:19]   [emp_id: 4474] SKIPPED: Already updated today (2025-12-24 03:00:03)
[2025-12-24 15:56:19]   [emp_id: 4493] SKIPPED: Already updated today (2025-12-24 03:00:03)
[2025-12-24 15:56:19]   [emp_id: 4526] SKIPPED: Already updated today (2025-12-24 03:00:03)
[2025-12-24 15:56:19]   [emp_id: 4528] SKIPPED: Already updated today (2025-12-24 03:00:03)
[2025-12-24 15:56:19]   [emp_id: 4528] SKIPPED: Already updated today (2025-12-24 03:00:03)
[2025-12-24 15:56:19]   [emp_id: 4532] SKIPPED: Already updated today (2025-12-24 03:00:03)
[2025-12-24 15:56:19]   [emp_id: 4533] SKIPPED: Already updated today (2025-12-24 03:00:03)
[2025-12-24 15:56:19]   [emp_id: 4564] SKIPPED: Already updated today (2025-12-24 03:00:03)
[2025-12-24 15:56:19]   [emp_id: 4565] SKIPPED: Already updated today (2025-12-24 03:00:03)
[2025-12-24 15:56:19]   [emp_id: 4567] SKIPPED: Already updated today (2025-12-24 03:00:03)
[2025-12-24 15:56:19]   [emp_id: 4572] SKIPPED: Already updated today (2025-12-24 03:00:03)
[2025-12-24 15:56:19]   [emp_id: 4631] SKIPPED: Already updated today (2025-12-24 03:00:03)
[2025-12-24 15:56:19]   [emp_id: 4655] SKIPPED: Already updated today (2025-12-24 03:00:03)
[2025-12-24 15:56:19]   [emp_id: 4689] SKIPPED: Already updated today (2025-12-24 03:00:03)
[2025-12-24 15:56:19]   [emp_id: 4709] SKIPPED: Already updated today (2025-12-24 03:00:03)
[2025-12-24 15:56:19]   [emp_id: 4717] SKIPPED: Already updated today (2025-12-24 03:00:03)
[2025-12-24 15:56:19]   [emp_id: 4736] SKIPPED: Already updated today (2025-12-24 03:00:03)
[2025-12-24 15:56:19]   [emp_id: 4756] SKIPPED: Already updated today (2025-12-24 03:00:03)
[2025-12-24 15:56:19]   [emp_id: 4768] SKIPPED: Already updated today (2025-12-24 03:00:03)
[2025-12-24 15:56:19]   [emp_id: 4780] SKIPPED: Already updated today (2025-12-24 03:00:03)
[2025-12-24 15:56:19]   [emp_id: 4820] SKIPPED: Already updated today (2025-12-24 03:00:03)
[2025-12-24 15:56:19]   [emp_id: 4825] SKIPPED: Already updated today (2025-12-24 03:00:03)
[2025-12-24 15:56:19]   [emp_id: 4835] SKIPPED: Already updated today (2025-12-24 03:00:03)
[2025-12-24 15:56:19]   [emp_id: 4837] SKIPPED: Already updated today (2025-12-24 03:00:03)
[2025-12-24 15:56:19]   [emp_id: 4838] SKIPPED: Already updated today (2025-12-24 03:00:04)
[2025-12-24 15:56:19]   [emp_id: 4840] SKIPPED: Already updated today (2025-12-24 03:00:04)
[2025-12-24 15:56:19]   [emp_id: 4842] SKIPPED: Already updated today (2025-12-24 03:00:04)
[2025-12-24 15:56:19]   [emp_id: 4843] SKIPPED: Already updated today (2025-12-24 03:00:04)
[2025-12-24 15:56:19]   [emp_id: 4853] SKIPPED: Already updated today (2025-12-24 03:00:04)
[2025-12-24 15:56:19]   [emp_id: 4856] SKIPPED: Already updated today (2025-12-24 03:00:04)
[2025-12-24 15:56:19]   [emp_id: 4857] SKIPPED: Already updated today (2025-12-24 03:00:04)
[2025-12-24 15:56:19]   [emp_id: 4858] SKIPPED: Already updated today (2025-12-24 03:00:04)
[2025-12-24 15:56:19]   [emp_id: 4859] SKIPPED: Already updated today (2025-12-24 03:00:04)
[2025-12-24 15:56:19]   [emp_id: 4860] SKIPPED: Already updated today (2025-12-24 03:00:04)
[2025-12-24 15:56:19]   [emp_id: 4861] SKIPPED: Already updated today (2025-12-24 03:00:04)
[2025-12-24 15:56:19]   [emp_id: 4869] SKIPPED: Already updated today (2025-12-24 03:00:04)
[2025-12-24 15:56:19]   [emp_id: 4894] SKIPPED: Already updated today (2025-12-24 03:00:04)
[2025-12-24 15:56:19]   [emp_id: 4897] SKIPPED: Already updated today (2025-12-24 03:00:04)
[2025-12-24 15:56:19]   [emp_id: 4899] SKIPPED: Already updated today (2025-12-24 03:00:04)
[2025-12-24 15:56:19]   [emp_id: 4902] SKIPPED: Already updated today (2025-12-24 03:00:04)
[2025-12-24 15:56:19]   [emp_id: 4903] SKIPPED: Already updated today (2025-12-24 03:00:04)
[2025-12-24 15:56:19]   [emp_id: 4905] SKIPPED: Already updated today (2025-12-24 03:00:04)
[2025-12-24 15:56:19]   [emp_id: 4907] SKIPPED: Already updated today (2025-12-24 03:00:04)
[2025-12-24 15:56:19]   [emp_id: 4917] SKIPPED: Already updated today (2025-12-24 03:00:04)
[2025-12-24 15:56:19]   [emp_id: 4918] SKIPPED: Already updated today (2025-12-24 03:00:04)
[2025-12-24 15:56:19]   [emp_id: 4919] SKIPPED: Already updated today (2025-12-24 03:00:04)
[2025-12-24 15:56:19]   [emp_id: 4920] SKIPPED: Already updated today (2025-12-24 03:00:04)
[2025-12-24 15:56:19]   [emp_id: 4921] SKIPPED: Already updated today (2025-12-24 03:00:04)
[2025-12-24 15:56:19]   [emp_id: 4927] SKIPPED: Already updated today (2025-12-24 03:00:04)
[2025-12-24 15:56:19]   [emp_id: 4929] SKIPPED: Already updated today (2025-12-24 03:00:04)
[2025-12-24 15:56:19]   [emp_id: 4930] SKIPPED: Already updated today (2025-12-24 03:00:04)
[2025-12-24 15:56:19]   [emp_id: 4932] SKIPPED: Already updated today (2025-12-24 03:00:04)
[2025-12-24 15:56:19]   [emp_id: 4933] SKIPPED: Already updated today (2025-12-24 03:00:04)
[2025-12-24 15:56:19]   [emp_id: 4949] SKIPPED: Already updated today (2025-12-24 03:00:04)
[2025-12-24 15:56:19]   [emp_id: 4956] SKIPPED: Already updated today (2025-12-24 03:00:04)
[2025-12-24 15:56:19]   [emp_id: 4957] SKIPPED: Already updated today (2025-12-24 03:00:04)
[2025-12-24 15:56:19]   [emp_id: 4962] SKIPPED: Already updated today (2025-12-24 03:00:04)
[2025-12-24 15:56:19]   [emp_id: 4969] SKIPPED: Already updated today (2025-12-24 03:00:04)
[2025-12-24 15:56:19]   [emp_id: 4976] SKIPPED: Already updated today (2025-12-24 03:00:04)
[2025-12-24 15:56:19]   [emp_id: 4984] SKIPPED: Already updated today (2025-12-24 03:00:04)
[2025-12-24 15:56:19]   [emp_id: 4995] SKIPPED: Already updated today (2025-12-24 03:00:04)
[2025-12-24 15:56:19]   [emp_id: 5004] SKIPPED: Already updated today (2025-12-24 03:00:04)
[2025-12-24 15:56:19]   [emp_id: 5006] SKIPPED: Already updated today (2025-12-24 03:00:04)
[2025-12-24 15:56:19]   [emp_id: 5011] SKIPPED: Already updated today (2025-12-24 03:00:04)
[2025-12-24 15:56:19]   [emp_id: 5013] SKIPPED: Already updated today (2025-12-24 03:00:04)
[2025-12-24 15:56:19]   [emp_id: 5018] SKIPPED: Already updated today (2025-12-24 03:00:04)
[2025-12-24 15:56:19]   [emp_id: 5021] SKIPPED: Already updated today (2025-12-24 03:00:04)
[2025-12-24 15:56:19]   [emp_id: 5024] SKIPPED: Already updated today (2025-12-24 03:00:04)
[2025-12-24 15:56:19]   [emp_id: 5030] SKIPPED: Already updated today (2025-12-24 03:00:04)
[2025-12-24 15:56:19]   [emp_id: 5033] SKIPPED: Already updated today (2025-12-24 03:00:04)
[2025-12-24 15:56:19]   [emp_id: 5043] SKIPPED: Already updated today (2025-12-24 03:00:04)
[2025-12-24 15:56:19]   [emp_id: 5045] SKIPPED: Already updated today (2025-12-24 03:00:04)
[2025-12-24 15:56:19]   [emp_id: 5046] SKIPPED: Already updated today (2025-12-24 03:00:04)
[2025-12-24 15:56:19]   [emp_id: 5049] SKIPPED: Already updated today (2025-12-24 03:00:04)
[2025-12-24 15:56:19]   [emp_id: 5052] SKIPPED: Already updated today (2025-12-24 03:00:04)
[2025-12-24 15:56:19]   [emp_id: 5055] SKIPPED: Already updated today (2025-12-24 03:00:04)
[2025-12-24 15:56:19]   [emp_id: 5058] SKIPPED: Already updated today (2025-12-24 03:00:04)
[2025-12-24 15:56:19]   [emp_id: 5062] SKIPPED: Already updated today (2025-12-24 03:00:04)
[2025-12-24 15:56:19]   [emp_id: 5064] SKIPPED: Already updated today (2025-12-24 03:00:04)
[2025-12-24 15:56:19]   [emp_id: 5065] SKIPPED: Already updated today (2025-12-24 03:00:04)
[2025-12-24 15:56:19]   [emp_id: 5071] SKIPPED: Already updated today (2025-12-24 03:00:04)
[2025-12-24 15:56:19]   [emp_id: 5073] SKIPPED: Already updated today (2025-12-24 03:00:04)
[2025-12-24 15:56:19]   [emp_id: 5079] SKIPPED: Already updated today (2025-12-24 03:00:04)
[2025-12-24 15:56:19]   [emp_id: 5080] SKIPPED: Already updated today (2025-12-24 03:00:04)
[2025-12-24 15:56:19]   [emp_id: 5081] SKIPPED: Already updated today (2025-12-24 03:00:04)
[2025-12-24 15:56:19]   [emp_id: 5087] SKIPPED: Already updated today (2025-12-24 03:00:04)
[2025-12-24 15:56:19]   [emp_id: 5091] SKIPPED: Already updated today (2025-12-24 03:00:04)
[2025-12-24 15:56:19]   [emp_id: 5093] SKIPPED: Already updated today (2025-12-24 03:00:04)
[2025-12-24 15:56:19]   [emp_id: 5095] SKIPPED: Already updated today (2025-12-24 03:00:04)
[2025-12-24 15:56:19]   [emp_id: 5101] SKIPPED: Already updated today (2025-12-24 03:00:04)
[2025-12-24 15:56:19]   [emp_id: 5107] SKIPPED: Already updated today (2025-12-24 03:00:04)
[2025-12-24 15:56:19]   [emp_id: 5109] SKIPPED: Already updated today (2025-12-24 03:00:04)
[2025-12-24 15:56:19]   [emp_id: 5119] SKIPPED: Already updated today (2025-12-24 03:00:04)
[2025-12-24 15:56:19]   [emp_id: 5122] SKIPPED: Already updated today (2025-12-24 03:00:04)
[2025-12-24 15:56:19]   [emp_id: 5126] SKIPPED: Already updated today (2025-12-24 03:00:04)
[2025-12-24 15:56:19]   [emp_id: 5127] SKIPPED: Already updated today (2025-12-24 03:00:04)
[2025-12-24 15:56:19]   [emp_id: 5128] SKIPPED: Already updated today (2025-12-24 03:00:04)
[2025-12-24 15:56:19]   [emp_id: 5138] SKIPPED: Already updated today (2025-12-24 03:00:04)
[2025-12-24 15:56:19]   [emp_id: 5138] SKIPPED: Already updated today (2025-12-24 03:00:04)
[2025-12-24 15:56:19]   [emp_id: 5141] SKIPPED: Already updated today (2025-12-24 03:00:04)
[2025-12-24 15:56:19]   [emp_id: 5142] SKIPPED: Already updated today (2025-12-24 03:00:04)
[2025-12-24 15:56:19]   [emp_id: 5146] SKIPPED: Already updated today (2025-12-24 03:00:04)
[2025-12-24 15:56:19]   [emp_id: 5147] SKIPPED: Already updated today (2025-12-24 03:00:04)
[2025-12-24 15:56:19]   [emp_id: 5148] SKIPPED: Already updated today (2025-12-24 03:00:04)
[2025-12-24 15:56:19]   [emp_id: 5149] SKIPPED: Already updated today (2025-12-24 03:00:04)
[2025-12-24 15:56:19]   [emp_id: 5150] SKIPPED: Already updated today (2025-12-24 03:00:04)
[2025-12-24 15:56:19]   [emp_id: 5151] SKIPPED: Already updated today (2025-12-24 03:00:04)
[2025-12-24 15:56:19]   [emp_id: 5152] SKIPPED: Already updated today (2025-12-24 03:00:04)
[2025-12-24 15:56:19]   [emp_id: 5157] SKIPPED: Already updated today (2025-12-24 03:00:04)
[2025-12-24 15:56:19]   [emp_id: 5160] SKIPPED: Already updated today (2025-12-24 03:00:04)
[2025-12-24 15:56:19]   [emp_id: 5163] SKIPPED: Already updated today (2025-12-24 03:00:04)
[2025-12-24 15:56:19]   [emp_id: 5165] SKIPPED: Already updated today (2025-12-24 03:00:04)
[2025-12-24 15:56:19]   [emp_id: 5167] SKIPPED: Already updated today (2025-12-24 03:00:04)
[2025-12-24 15:56:19]   [emp_id: 5168] SKIPPED: Already updated today (2025-12-24 03:00:04)
[2025-12-24 15:56:19]   [emp_id: 5173] SKIPPED: Already updated today (2025-12-24 03:00:04)
[2025-12-24 15:56:19]   [emp_id: 5174] SKIPPED: Already updated today (2025-12-24 03:00:04)
[2025-12-24 15:56:19]   [emp_id: 5181] SKIPPED: Already updated today (2025-12-24 03:00:04)
[2025-12-24 15:56:19]   [emp_id: 5186] SKIPPED: Already updated today (2025-12-24 03:00:04)
[2025-12-24 15:56:19]   [emp_id: 5187] SKIPPED: Already updated today (2025-12-24 03:00:04)
[2025-12-24 15:56:19]   [emp_id: 5204] SKIPPED: Already updated today (2025-12-24 03:00:04)
[2025-12-24 15:56:19]   [emp_id: 5205] SKIPPED: Already updated today (2025-12-24 03:00:04)
[2025-12-24 15:56:19]   [emp_id: 5209] SKIPPED: Already updated today (2025-12-24 03:00:04)
[2025-12-24 15:56:19]   [emp_id: 5213] SKIPPED: Already updated today (2025-12-24 03:00:04)
[2025-12-24 15:56:19]   [emp_id: 5214] SKIPPED: Already updated today (2025-12-24 03:00:04)
[2025-12-24 15:56:19]   [emp_id: 5215] SKIPPED: Already updated today (2025-12-24 03:00:04)
[2025-12-24 15:56:19]   [emp_id: 5217] SKIPPED: Already updated today (2025-12-24 03:00:04)
[2025-12-24 15:56:19]   [emp_id: 5219] SKIPPED: Already updated today (2025-12-24 03:00:04)
[2025-12-24 15:56:19]   [emp_id: 5221] SKIPPED: Already updated today (2025-12-24 03:00:04)
[2025-12-24 15:56:19]   [emp_id: 5224] SKIPPED: Already updated today (2025-12-24 03:00:04)
[2025-12-24 15:56:19]   [emp_id: 5225] SKIPPED: Already updated today (2025-12-24 03:00:04)
[2025-12-24 15:56:19]   [emp_id: 5228] SKIPPED: Already updated today (2025-12-24 03:00:04)
[2025-12-24 15:56:19]   [emp_id: 5229] SKIPPED: Already updated today (2025-12-24 03:00:04)
[2025-12-24 15:56:19]   [emp_id: 5230] SKIPPED: Already updated today (2025-12-24 03:00:04)
[2025-12-24 15:56:19]   [emp_id: 5231] SKIPPED: Already updated today (2025-12-24 03:00:04)
[2025-12-24 15:56:19]   [emp_id: 5232] SKIPPED: Already updated today (2025-12-24 03:00:04)
[2025-12-24 15:56:19]   [emp_id: 5233] SKIPPED: Already updated today (2025-12-24 03:00:04)
[2025-12-24 15:56:19]   [emp_id: 5234] SKIPPED: Already updated today (2025-12-24 03:00:04)
[2025-12-24 15:56:19]   [emp_id: 5235] SKIPPED: Already updated today (2025-12-24 03:00:04)
[2025-12-24 15:56:19]   [emp_id: 5237] SKIPPED: Already updated today (2025-12-24 03:00:04)
[2025-12-24 15:56:19]   [emp_id: 5239] SKIPPED: Already updated today (2025-12-24 03:00:04)
[2025-12-24 15:56:19]   [emp_id: 5241] SKIPPED: Already updated today (2025-12-24 03:00:04)
[2025-12-24 15:56:19]   [emp_id: 5242] SKIPPED: Already updated today (2025-12-24 03:00:04)
[2025-12-24 15:56:19]   [emp_id: 5243] SKIPPED: Already updated today (2025-12-24 03:00:04)
[2025-12-24 15:56:19]   [emp_id: 5244] SKIPPED: Already updated today (2025-12-24 03:00:04)
[2025-12-24 15:56:19]   [emp_id: 5246] SKIPPED: Already updated today (2025-12-24 03:00:04)
[2025-12-24 15:56:19]   [emp_id: 5253] SKIPPED: Already updated today (2025-12-24 03:00:04)
[2025-12-24 15:56:19]   [emp_id: 5254] SKIPPED: Already updated today (2025-12-24 03:00:04)
[2025-12-24 15:56:19]   [emp_id: 5257] SKIPPED: Already updated today (2025-12-24 03:00:04)
[2025-12-24 15:56:19]   [emp_id: 5259] SKIPPED: Already updated today (2025-12-24 03:00:04)
[2025-12-24 15:56:19]   [emp_id: 5261] SKIPPED: Already updated today (2025-12-24 03:00:04)
[2025-12-24 15:56:19]   [emp_id: 5264] SKIPPED: Already updated today (2025-12-24 03:00:04)
[2025-12-24 15:56:19]   [emp_id: 5266] SKIPPED: Already updated today (2025-12-24 03:00:04)
[2025-12-24 15:56:19]   [emp_id: 5268] SKIPPED: Already updated today (2025-12-24 03:00:04)
[2025-12-24 15:56:19]   [emp_id: 5271] SKIPPED: Already updated today (2025-12-24 03:00:04)
[2025-12-24 15:56:19]   [emp_id: 5272] SKIPPED: Already updated today (2025-12-24 03:00:04)
[2025-12-24 15:56:19]   [emp_id: 5273] SKIPPED: Already updated today (2025-12-24 03:00:04)
[2025-12-24 15:56:19]   [emp_id: 5275] SKIPPED: Already updated today (2025-12-24 03:00:04)
[2025-12-24 15:56:19]   [emp_id: 5276] SKIPPED: Already updated today (2025-12-24 03:00:04)
[2025-12-24 15:56:19]   [emp_id: 5278] SKIPPED: Already updated today (2025-12-24 03:00:04)
[2025-12-24 15:56:19]   [emp_id: 5280] SKIPPED: Already updated today (2025-12-24 03:00:04)
[2025-12-24 15:56:19]   [emp_id: 5282] SKIPPED: Already updated today (2025-12-24 03:00:04)
[2025-12-24 15:56:19]   [emp_id: 5285] SKIPPED: Already updated today (2025-12-24 03:00:04)
[2025-12-24 15:56:19]   [emp_id: 5286] SKIPPED: Already updated today (2025-12-24 03:00:04)
[2025-12-24 15:56:19]   [emp_id: 5287] SKIPPED: Already updated today (2025-12-24 03:00:04)
[2025-12-24 15:56:19]   [emp_id: 5288] SKIPPED: Already updated today (2025-12-24 03:00:04)
[2025-12-24 15:56:19]   [emp_id: 5289] SKIPPED: Already updated today (2025-12-24 03:00:04)
[2025-12-24 15:56:19]   [emp_id: 5290] SKIPPED: Already updated today (2025-12-24 03:00:04)
[2025-12-24 15:56:19]   [emp_id: 5291] SKIPPED: Already updated today (2025-12-24 03:00:04)
[2025-12-24 15:56:19]   [emp_id: 5292] SKIPPED: Already updated today (2025-12-24 03:00:04)
[2025-12-24 15:56:19]   [emp_id: 5293] SKIPPED: Already updated today (2025-12-24 03:00:04)
[2025-12-24 15:56:19]   [emp_id: 5294] SKIPPED: Already updated today (2025-12-24 03:00:04)
[2025-12-24 15:56:19]   [emp_id: 5295] SKIPPED: Already updated today (2025-12-24 03:00:04)
[2025-12-24 15:56:19]   [emp_id: 5296] SKIPPED: Already updated today (2025-12-24 03:00:04)
[2025-12-24 15:56:19]   [emp_id: 5297] SKIPPED: Already updated today (2025-12-24 03:00:04)
[2025-12-24 15:56:19]   [emp_id: 5298] SKIPPED: Already updated today (2025-12-24 03:00:04)
[2025-12-24 15:56:19]   [emp_id: 5299] SKIPPED: Already updated today (2025-12-24 03:00:04)
[2025-12-24 15:56:19]   [emp_id: 5300] SKIPPED: Already updated today (2025-12-24 03:00:05)
[2025-12-24 15:56:19]   [emp_id: 5301] SKIPPED: Already updated today (2025-12-24 03:00:05)
[2025-12-24 15:56:19]   [emp_id: 5303] SKIPPED: Already updated today (2025-12-24 03:00:05)
[2025-12-24 15:56:19]   [emp_id: 5304] SKIPPED: Already updated today (2025-12-24 03:00:05)
[2025-12-24 15:56:19]   [emp_id: 5305] SKIPPED: Already updated today (2025-12-24 03:00:05)
[2025-12-24 15:56:19]   [emp_id: 5306] SKIPPED: Already updated today (2025-12-24 03:00:05)
[2025-12-24 15:56:19]   [emp_id: 5307] SKIPPED: Already updated today (2025-12-24 03:00:05)
[2025-12-24 15:56:19]   [emp_id: 5312] SKIPPED: Already updated today (2025-12-24 03:00:05)
[2025-12-24 15:56:19]   [emp_id: 5318] SKIPPED: Already updated today (2025-12-24 03:00:05)
[2025-12-24 15:56:19]   [emp_id: 5325] SKIPPED: Already updated today (2025-12-24 03:00:05)
[2025-12-24 15:56:19]   [emp_id: 5327] SKIPPED: Already updated today (2025-12-24 03:00:05)
[2025-12-24 15:56:19]   [emp_id: 5337] SKIPPED: Already updated today (2025-12-24 03:00:05)
[2025-12-24 15:56:19]   [emp_id: 5339] SKIPPED: Already updated today (2025-12-24 03:00:05)
[2025-12-24 15:56:19]   [emp_id: 5343] SKIPPED: Already updated today (2025-12-24 03:00:05)
[2025-12-24 15:56:19]   [emp_id: 5343] SKIPPED: Already updated today (2025-12-24 03:00:05)
[2025-12-24 15:56:19]   [emp_id: 5345] SKIPPED: Already updated today (2025-12-24 03:00:05)
[2025-12-24 15:56:19]   [emp_id: 5346] SKIPPED: Already updated today (2025-12-24 03:00:05)
[2025-12-24 15:56:19]   [emp_id: 5351] SKIPPED: Already updated today (2025-12-24 03:00:05)
[2025-12-24 15:56:19]   [emp_id: 5352] SKIPPED: Already updated today (2025-12-24 03:00:05)
[2025-12-24 15:56:19]   [emp_id: 5370] SKIPPED: Already updated today (2025-12-24 03:00:05)
[2025-12-24 15:56:19]   [emp_id: 5371] SKIPPED: Already updated today (2025-12-24 03:00:05)
[2025-12-24 15:56:19]   [emp_id: 5376] SKIPPED: Already updated today (2025-12-24 03:00:05)
[2025-12-24 15:56:19]   [emp_id: 5378] SKIPPED: Already updated today (2025-12-24 03:00:05)
[2025-12-24 15:56:19]   [emp_id: 5380] SKIPPED: Already updated today (2025-12-24 03:00:05)
[2025-12-24 15:56:19]   [emp_id: 5381] SKIPPED: Already updated today (2025-12-24 03:00:05)
[2025-12-24 15:56:19]   [emp_id: 5383] SKIPPED: Already updated today (2025-12-24 03:00:05)
[2025-12-24 15:56:19]   [emp_id: 5388] SKIPPED: Already updated today (2025-12-24 03:00:05)
[2025-12-24 15:56:19]   [emp_id: 5396] SKIPPED: Already updated today (2025-12-24 03:00:05)
[2025-12-24 15:56:19]   [emp_id: 5397] SKIPPED: Already updated today (2025-12-24 03:00:05)
[2025-12-24 15:56:19]   [emp_id: 5401] SKIPPED: Already updated today (2025-12-24 03:00:05)
[2025-12-24 15:56:19]   [emp_id: 5402] SKIPPED: Already updated today (2025-12-24 03:00:05)
[2025-12-24 15:56:19]   [emp_id: 5406] SKIPPED: Already updated today (2025-12-24 03:00:05)
[2025-12-24 15:56:19]   [emp_id: 5407] SKIPPED: Already updated today (2025-12-24 03:00:05)
[2025-12-24 15:56:19]   [emp_id: 5409] SKIPPED: Already updated today (2025-12-24 03:00:05)
[2025-12-24 15:56:19]   [emp_id: 5413] SKIPPED: Already updated today (2025-12-24 03:00:05)
[2025-12-24 15:56:19]   [emp_id: 5414] SKIPPED: Already updated today (2025-12-24 03:00:05)
[2025-12-24 15:56:19]   [emp_id: 5415] SKIPPED: Already updated today (2025-12-24 03:00:05)
[2025-12-24 15:56:19]   [emp_id: 5418] SKIPPED: Already updated today (2025-12-24 03:00:05)
[2025-12-24 15:56:19]   [emp_id: 5422] SKIPPED: Already updated today (2025-12-24 03:00:05)
[2025-12-24 15:56:19]   [emp_id: 5423] SKIPPED: Already updated today (2025-12-24 03:00:05)
[2025-12-24 15:56:19]   [emp_id: 5424] SKIPPED: Already updated today (2025-12-24 03:00:05)
[2025-12-24 15:56:19]   [emp_id: 5425] SKIPPED: Already updated today (2025-12-24 03:00:05)
[2025-12-24 15:56:19]   [emp_id: 5426] SKIPPED: Already updated today (2025-12-24 03:00:05)
[2025-12-24 15:56:19]   [emp_id: 5426] SKIPPED: Already updated today (2025-12-24 03:00:05)
[2025-12-24 15:56:19]   [emp_id: 5427] SKIPPED: Already updated today (2025-12-24 03:00:05)
[2025-12-24 15:56:19]   [emp_id: 5428] SKIPPED: Already updated today (2025-12-24 03:00:05)
[2025-12-24 15:56:19]   [emp_id: 5430] SKIPPED: Already updated today (2025-12-24 03:00:05)
[2025-12-24 15:56:19]   [emp_id: 5431] SKIPPED: Already updated today (2025-12-24 03:00:05)
[2025-12-24 15:56:19]   [emp_id: 5434] SKIPPED: Already updated today (2025-12-24 03:00:05)
[2025-12-24 15:56:19]   [emp_id: 5435] SKIPPED: Already updated today (2025-12-24 03:00:05)
[2025-12-24 15:56:19]   [emp_id: 5436] SKIPPED: Already updated today (2025-12-24 03:00:05)
[2025-12-24 15:56:19]   [emp_id: 5438] SKIPPED: Already updated today (2025-12-24 03:00:05)
[2025-12-24 15:56:19]   [emp_id: 5439] SKIPPED: Already updated today (2025-12-24 03:00:05)
[2025-12-24 15:56:19]   [emp_id: 5442] SKIPPED: Already updated today (2025-12-24 03:00:05)
[2025-12-24 15:56:19]   [emp_id: 5443] SKIPPED: Already updated today (2025-12-24 03:00:05)
[2025-12-24 15:56:19]   [emp_id: 5445] SKIPPED: Already updated today (2025-12-24 03:00:05)
[2025-12-24 15:56:19]   [emp_id: 5446] SKIPPED: Already updated today (2025-12-24 03:00:05)
[2025-12-24 15:56:19]   [emp_id: 5447] SKIPPED: Already updated today (2025-12-24 03:00:05)
[2025-12-24 15:56:19]   [emp_id: 5448] SKIPPED: Already updated today (2025-12-24 03:00:05)
[2025-12-24 15:56:19]   [emp_id: 5449] SKIPPED: Already updated today (2025-12-24 03:00:05)
[2025-12-24 15:56:19]   [emp_id: 5450] SKIPPED: Already updated today (2025-12-24 03:00:05)
[2025-12-24 15:56:19]   [emp_id: 5451] SKIPPED: Already updated today (2025-12-24 03:00:05)
[2025-12-24 15:56:19]   [emp_id: 5454] SKIPPED: Already updated today (2025-12-24 03:00:05)
[2025-12-24 15:56:19]   [emp_id: 5455] SKIPPED: Already updated today (2025-12-24 03:00:05)
[2025-12-24 15:56:19]   [emp_id: 5456] SKIPPED: Already updated today (2025-12-24 03:00:05)
[2025-12-24 15:56:19] 
[2025-12-24 15:56:19] ========== SUMMARY ==========
[2025-12-24 15:56:19] Total employees processed: 430
[2025-12-24 15:56:19] Records updated: 0
[2025-12-24 15:56:19] Balances changed: 0
[2025-12-24 15:56:19] Errors: 0
[2025-12-24 15:56:19] ========== CRON: Vacation Balance Update Completed ==========
[2025-12-24 15:56:19] 
