[2025-11-25 08:27:47] ========== CRON: Vacation Balance Update Started ==========
[2025-11-25 08:27:47] Database connection established
[2025-11-25 08:27:47] Found 451 active employees with balance records to update
[2025-11-25 08:27:47] (Only employees with status=1 will be processed)
[2025-11-25 08:27:47]   [emp_id: 1061] ✓ Updated: 30.16 → 30.24 (CHANGED)
[2025-11-25 08:27:47]   [emp_id: 1496] ✓ Updated: 13.33 → 13.41 (CHANGED)
[2025-11-25 08:27:47]   [emp_id: 1500] ✓ Updated: 22.58 → 22.66 (CHANGED)
[2025-11-25 08:27:47]   [emp_id: 1574] ✓ Updated: 30.24 → 30.32 (CHANGED)
[2025-11-25 08:27:47]   [emp_id: 1673] ✓ Updated: 41.74 → 41.82 (CHANGED)
[2025-11-25 08:27:47]   [emp_id: 1685] ✓ Updated: 11.66 → 11.74 (CHANGED)
[2025-11-25 08:27:47]   [emp_id: 1764] ✓ Updated: 66.33 → 66.41 (CHANGED)
[2025-11-25 08:27:47]   [emp_id: 1805] ✓ Updated: 60.66 → 60.74 (CHANGED)
[2025-11-25 08:27:47]   [emp_id: 1822] ✓ Updated: 65.41 → 65.49 (CHANGED)
[2025-11-25 08:27:47]   [emp_id: 1837] ✓ Updated: 21.58 → 21.66 (CHANGED)
[2025-11-25 08:27:47]   [emp_id: 1857] ✓ Updated: 16.91 → 16.99 (CHANGED)
[2025-11-25 08:27:47]   [emp_id: 1861] ✓ Updated: 67.74 → 67.82 (CHANGED)
[2025-11-25 08:27:47]   [emp_id: 1872] ✓ Updated: 6.58 → 6.66 (CHANGED)
[2025-11-25 08:27:47]   [emp_id: 1897] ✓ Updated: 28.91 → 28.99 (CHANGED)
[2025-11-25 08:27:47]   [emp_id: 1916] ✓ Updated: 71.24 → 71.32 (CHANGED)
[2025-11-25 08:27:47]   [emp_id: 1928] ✓ Updated: 61.16 → 61.24 (CHANGED)
[2025-11-25 08:27:47]   [emp_id: 1931] ✓ Updated: 81.08 → 81.16 (CHANGED)
[2025-11-25 08:27:47]   [emp_id: 1944] ✓ Updated: 39.24 → 39.32 (CHANGED)
[2025-11-25 08:27:47]   [emp_id: 1996] ✓ Updated: 67.74 → 67.82 (CHANGED)
[2025-11-25 08:27:47]   [emp_id: 1997] ✓ Updated: 32.91 → 32.99 (CHANGED)
[2025-11-25 08:27:47]   [emp_id: 1998] ✓ Updated: 84.24 → 84.32 (CHANGED)
[2025-11-25 08:27:47]   [emp_id: 1999] ✓ Updated: 85.24 → 85.32 (CHANGED)
[2025-11-25 08:27:47]   [emp_id: 2009] ✓ Updated: 31.66 → 31.74 (CHANGED)
[2025-11-25 08:27:47]   [emp_id: 2048] ✓ Updated: 21.49 → 21.57 (CHANGED)
[2025-11-25 08:27:47]   [emp_id: 2057] ✓ Updated: 62.33 → 62.41 (CHANGED)
[2025-11-25 08:27:47]   [emp_id: 2079] ✓ Updated: 44.66 → 44.74 (CHANGED)
[2025-11-25 08:27:47]   [emp_id: 2181] ✓ Updated: 33.66 → 33.74 (CHANGED)
[2025-11-25 08:27:47]   [emp_id: 2190] ✓ Updated: 2.99 → 3.07 (CHANGED)
[2025-11-25 08:27:47]   [emp_id: 2212] ✓ Updated: 20.99 → 21.07 (CHANGED)
[2025-11-25 08:27:47]   [emp_id: 2226] ✓ Updated: 65.74 → 65.82 (CHANGED)
[2025-11-25 08:27:47]   [emp_id: 2238] ✓ Updated: 63.99 → 64.07 (CHANGED)
[2025-11-25 08:27:47]   [emp_id: 2285] ✓ Updated: 32.66 → 32.74 (CHANGED)
[2025-11-25 08:27:48]   [emp_id: 2287] ✓ Updated: 44.33 → 44.41 (CHANGED)
[2025-11-25 08:27:48]   [emp_id: 2288] ✓ Updated: 59.24 → 59.32 (CHANGED)
[2025-11-25 08:27:48]   [emp_id: 2290] ✓ Updated: 76.16 → 76.24 (CHANGED)
[2025-11-25 08:27:48]   [emp_id: 2316] ✓ Updated: 13.16 → 13.24 (CHANGED)
[2025-11-25 08:27:48]   [emp_id: 2337] ✓ Updated: 34.24 → 34.32 (CHANGED)
[2025-11-25 08:27:48]   [emp_id: 2352] ✓ Updated: 65.74 → 65.82 (CHANGED)
[2025-11-25 08:27:48]   [emp_id: 2358] ✓ Updated: 2.24 → 2.32 (CHANGED)
[2025-11-25 08:27:48]   [emp_id: 2361] ✓ Updated: 67.91 → 67.99 (CHANGED)
[2025-11-25 08:27:48]   [emp_id: 2363] ✓ Updated: 70.49 → 70.57 (CHANGED)
[2025-11-25 08:27:48]   [emp_id: 2364] ✓ Updated: 69.91 → 69.99 (CHANGED)
[2025-11-25 08:27:48]   [emp_id: 2367] ✓ Updated: 97.58 → 97.66 (CHANGED)
[2025-11-25 08:27:48]   [emp_id: 2368] ✓ Updated: 27.99 → 28.07 (CHANGED)
[2025-11-25 08:27:48]   [emp_id: 2372] ✓ Updated: 65.24 → 65.32 (CHANGED)
[2025-11-25 08:27:48]   [emp_id: 2376] ✓ Updated: 115.24 → 115.32 (CHANGED)
[2025-11-25 08:27:48]   [emp_id: 2423] ✓ Updated: 15.99 → 16.07 (CHANGED)
[2025-11-25 08:27:48]   [emp_id: 2519] ✓ Updated: 169.66 → 169.74 (CHANGED)
[2025-11-25 08:27:48]   [emp_id: 2522] ✓ Updated: 53.24 → 53.32 (CHANGED)
[2025-11-25 08:27:48]   [emp_id: 2530] ✓ Updated: 48.49 → 48.57 (CHANGED)
[2025-11-25 08:27:48]   [emp_id: 2539] ✓ Updated: 45.24 → 45.32 (CHANGED)
[2025-11-25 08:27:48]   [emp_id: 2541] ✓ Updated: 25.83 → 25.91 (CHANGED)
[2025-11-25 08:27:48]   [emp_id: 2550] ✓ Updated: 91.99 → 92.07 (CHANGED)
[2025-11-25 08:27:48]   [emp_id: 2553] ✓ Updated: 58.99 → 59.07 (CHANGED)
[2025-11-25 08:27:48]   [emp_id: 2554] ✓ Updated: 35.58 → 35.66 (CHANGED)
[2025-11-25 08:27:48]   [emp_id: 2565] ✓ Updated: 90.16 → 90.24 (CHANGED)
[2025-11-25 08:27:48]   [emp_id: 2572] ✓ Updated: 40.16 → 40.24 (CHANGED)
[2025-11-25 08:27:48]   [emp_id: 2637] ✓ Updated: 60.74 → 60.82 (CHANGED)
[2025-11-25 08:27:48]   [emp_id: 2642] ✓ Updated: 73.49 → 73.57 (CHANGED)
[2025-11-25 08:27:48]   [emp_id: 2645] ✓ Updated: 89.49 → 89.57 (CHANGED)
[2025-11-25 08:27:48]   [emp_id: 2648] ✓ Updated: 41.16 → 41.24 (CHANGED)
[2025-11-25 08:27:48]   [emp_id: 2654] ✓ Updated: 83.83 → 83.91 (CHANGED)
[2025-11-25 08:27:48]   [emp_id: 2688] ✓ Updated: 21.91 → 21.99 (CHANGED)
[2025-11-25 08:27:48]   [emp_id: 2690] ✓ Updated: 10.66 → 10.74 (CHANGED)
[2025-11-25 08:27:48]   [emp_id: 2709] ✓ Updated: 32.91 → 32.99 (CHANGED)
[2025-11-25 08:27:48]   [emp_id: 2745] ✓ Updated: 29.49 → 29.57 (CHANGED)
[2025-11-25 08:27:48]   [emp_id: 2843] ✓ Updated: 76.08 → 76.16 (CHANGED)
[2025-11-25 08:27:48]   [emp_id: 2854] ✓ Updated: 55.99 → 56.07 (CHANGED)
[2025-11-25 08:27:48]   [emp_id: 2869] ✓ Updated: 60.91 → 60.99 (CHANGED)
[2025-11-25 08:27:48]   [emp_id: 2876] ✓ Updated: 30.74 → 30.82 (CHANGED)
[2025-11-25 08:27:48]   [emp_id: 2924] ✓ Updated: 11.91 → 11.99 (CHANGED)
[2025-11-25 08:27:48]   [emp_id: 2953] ✓ Updated: 97.66 → 97.74 (CHANGED)
[2025-11-25 08:27:48]   [emp_id: 2961] ✓ Updated: 7.66 → 7.74 (CHANGED)
[2025-11-25 08:27:48]   [emp_id: 2975] ✓ Updated: 9.66 → 9.74 (CHANGED)
[2025-11-25 08:27:48]   [emp_id: 3013] ✓ Updated: 6.66 → 6.74 (CHANGED)
[2025-11-25 08:27:48]   [emp_id: 3014] ✓ Updated: 85.91 → 85.99 (CHANGED)
[2025-11-25 08:27:48]   [emp_id: 3015] ✓ Updated: 37.16 → 37.24 (CHANGED)
[2025-11-25 08:27:48]   [emp_id: 3018] ✓ Updated: 55.91 → 55.99 (CHANGED)
[2025-11-25 08:27:48]   [emp_id: 3025] ✓ Updated: 79.58 → 79.66 (CHANGED)
[2025-11-25 08:27:48]   [emp_id: 3037] ✓ Updated: 79.41 → 79.49 (CHANGED)
[2025-11-25 08:27:48]   [emp_id: 3047] ✓ Updated: 67.66 → 67.74 (CHANGED)
[2025-11-25 08:27:48]   [emp_id: 3061] ✓ Updated: 14.58 → 14.66 (CHANGED)
[2025-11-25 08:27:48]   [emp_id: 3062] ✓ Updated: 47.74 → 47.82 (CHANGED)
[2025-11-25 08:27:48]   [emp_id: 3074] ✓ Updated: 104.16 → 104.24 (CHANGED)
[2025-11-25 08:27:48]   [emp_id: 3089] ✓ Updated: 3.08 → 3.16 (CHANGED)
[2025-11-25 08:27:48]   [emp_id: 3090] ✓ Updated: 29.66 → 29.74 (CHANGED)
[2025-11-25 08:27:48]   [emp_id: 3091] ✓ Updated: 41.66 → 41.74 (CHANGED)
[2025-11-25 08:27:48]   [emp_id: 3092] ✓ Updated: 24.33 → 24.41 (CHANGED)
[2025-11-25 08:27:48]   [emp_id: 3105] ✓ Updated: 44.66 → 44.74 (CHANGED)
[2025-11-25 08:27:48]   [emp_id: 3134] ✓ Updated: 40.41 → 40.49 (CHANGED)
[2025-11-25 08:27:48]   [emp_id: 3140] ✓ Updated: 37.49 → 37.57 (CHANGED)
[2025-11-25 08:27:48]   [emp_id: 3144] ✓ Updated: 10.33 → 10.41 (CHANGED)
[2025-11-25 08:27:48]   [emp_id: 3156] ✓ Updated: 13.66 → 13.74 (CHANGED)
[2025-11-25 08:27:48]   [emp_id: 3162] ✓ Updated: 28.66 → 28.74 (CHANGED)
[2025-11-25 08:27:48]   [emp_id: 3163] ✓ Updated: 1.91 → 1.99 (CHANGED)
[2025-11-25 08:27:48]   [emp_id: 3198] ✓ Updated: 36.91 → 36.99 (CHANGED)
[2025-11-25 08:27:48]   [emp_id: 3205] ✓ Updated: 13.58 → 13.66 (CHANGED)
[2025-11-25 08:27:48]   [emp_id: 3209] ✓ Updated: 37.74 → 37.82 (CHANGED)
[2025-11-25 08:27:48]   [emp_id: 3223] ✓ Updated: 86.66 → 86.74 (CHANGED)
[2025-11-25 08:27:48]   [emp_id: 3224] ✓ Updated: 61.41 → 61.49 (CHANGED)
[2025-11-25 08:27:48]   [emp_id: 3230] ✓ Updated: 84.83 → 84.91 (CHANGED)
[2025-11-25 08:27:48]   [emp_id: 3231] ✓ Updated: 86.08 → 86.16 (CHANGED)
[2025-11-25 08:27:48]   [emp_id: 3233] ✓ Updated: 77.66 → 77.74 (CHANGED)
[2025-11-25 08:27:48]   [emp_id: 3249] ✓ Updated: 33.49 → 33.57 (CHANGED)
[2025-11-25 08:27:48]   [emp_id: 3250] ✓ Updated: 6.49 → 6.57 (CHANGED)
[2025-11-25 08:27:48]   [emp_id: 3252] ✓ Updated: 7.41 → 7.49 (CHANGED)
[2025-11-25 08:27:48]   [emp_id: 3254] ✓ Updated: 17.91 → 17.99 (CHANGED)
[2025-11-25 08:27:48]   [emp_id: 3255] ✓ Updated: 14.33 → 14.41 (CHANGED)
[2025-11-25 08:27:48]   [emp_id: 3256] ✓ Updated: 10.58 → 10.66 (CHANGED)
[2025-11-25 08:27:48]   [emp_id: 3263] ✓ Updated: 26.66 → 26.74 (CHANGED)
[2025-11-25 08:27:48]   [emp_id: 3265] ✓ Updated: 22.24 → 22.32 (CHANGED)
[2025-11-25 08:27:48]   [emp_id: 3280] ✓ Updated: 69.16 → 69.24 (CHANGED)
[2025-11-25 08:27:48]   [emp_id: 3286] ✓ Updated: 12.33 → 12.41 (CHANGED)
[2025-11-25 08:27:48]   [emp_id: 3294] ✓ Updated: 11.99 → 12.07 (CHANGED)
[2025-11-25 08:27:48]   [emp_id: 3321] ✓ Updated: 69.16 → 69.24 (CHANGED)
[2025-11-25 08:27:48]   [emp_id: 3325] ✓ Updated: 56.91 → 56.99 (CHANGED)
[2025-11-25 08:27:48]   [emp_id: 3329] ✓ Updated: 59.24 → 59.32 (CHANGED)
[2025-11-25 08:27:48]   [emp_id: 3330] ✓ Updated: 59.24 → 59.32 (CHANGED)
[2025-11-25 08:27:48]   [emp_id: 3332] ✓ Updated: 59.24 → 59.32 (CHANGED)
[2025-11-25 08:27:48]   [emp_id: 3370] ✓ Updated: 50.91 → 50.99 (CHANGED)
[2025-11-25 08:27:48]   [emp_id: 3384] ✓ Updated: 11.41 → 11.49 (CHANGED)
[2025-11-25 08:27:48]   [emp_id: 3386] ✓ Updated: 41.41 → 41.49 (CHANGED)
[2025-11-25 08:27:48]   [emp_id: 3431] ✓ Updated: 16.83 → 16.91 (CHANGED)
[2025-11-25 08:27:48]   [emp_id: 3497] ✓ Updated: 5.99 → 6.07 (CHANGED)
[2025-11-25 08:27:48]   [emp_id: 3532] ✓ Updated: 42.83 → 42.91 (CHANGED)
[2025-11-25 08:27:48]   [emp_id: 3586] ✓ Updated: 6.91 → 6.99 (CHANGED)
[2025-11-25 08:27:48]   [emp_id: 3602] ✓ Updated: 49.91 → 49.99 (CHANGED)
[2025-11-25 08:27:48]   [emp_id: 3618] ✓ Updated: 54.41 → 54.49 (CHANGED)
[2025-11-25 08:27:48]   [emp_id: 3622] ✓ Updated: 32.5 → 32.55 (CHANGED)
[2025-11-25 08:27:48]   [emp_id: 3627] ✓ Updated: 6.33 → 6.41 (CHANGED)
[2025-11-25 08:27:48]   [emp_id: 3665] ✓ Updated: 47.91 → 47.99 (CHANGED)
[2025-11-25 08:27:48]   [emp_id: 3705] ✓ Updated: 25.83 → 25.88 (CHANGED)
[2025-11-25 08:27:48]   [emp_id: 3724] ✓ Updated: 40.91 → 40.99 (CHANGED)
[2025-11-25 08:27:48]   [emp_id: 3726] ✓ Updated: 57.33 → 57.41 (CHANGED)
[2025-11-25 08:27:48]   [emp_id: 3727] ✓ Updated: 62.41 → 62.49 (CHANGED)
[2025-11-25 08:27:48]   [emp_id: 3728] ✓ Updated: 6.74 → 6.82 (CHANGED)
[2025-11-25 08:27:48]   [emp_id: 3742] ✓ Updated: 29.91 → 29.99 (CHANGED)
[2025-11-25 08:27:48]   [emp_id: 3767] ✓ Updated: 57.49 → 57.57 (CHANGED)
[2025-11-25 08:27:48]   [emp_id: 3768] ✓ Updated: 53.74 → 53.82 (CHANGED)
[2025-11-25 08:27:48]   [emp_id: 3787] ✓ Updated: 54.33 → 54.41 (CHANGED)
[2025-11-25 08:27:48]   [emp_id: 3790] ✓ Updated: 58.49 → 58.57 (CHANGED)
[2025-11-25 08:27:48]   [emp_id: 3795] ✓ Updated: 11.83 → 11.91 (CHANGED)
[2025-11-25 08:27:48]   [emp_id: 3798] ✓ Updated: 90.24 → 90.32 (CHANGED)
[2025-11-25 08:27:48]   [emp_id: 3801] ✓ Updated: 28.41 → 28.49 (CHANGED)
[2025-11-25 08:27:48]   [emp_id: 3802] ✓ Updated: 27.49 → 27.57 (CHANGED)
[2025-11-25 08:27:48]   [emp_id: 3803] ✓ Updated: 111.91 → 111.99 (CHANGED)
[2025-11-25 08:27:48]   [emp_id: 3810] ✓ Updated: 57.91 → 57.99 (CHANGED)
[2025-11-25 08:27:48]   [emp_id: 3812] ✓ Updated: 86.91 → 86.99 (CHANGED)
[2025-11-25 08:27:48]   [emp_id: 3815] ✓ Updated: 86.91 → 86.99 (CHANGED)
[2025-11-25 08:27:48]   [emp_id: 3836] ✓ Updated: 54.58 → 54.66 (CHANGED)
[2025-11-25 08:27:48]   [emp_id: 3855] ✓ Updated: 47.74 → 47.82 (CHANGED)
[2025-11-25 08:27:48]   [emp_id: 3857] ✓ Updated: 51.41 → 51.49 (CHANGED)
[2025-11-25 08:27:48]   [emp_id: 3862] ✓ Updated: 99.49 → 99.57 (CHANGED)
[2025-11-25 08:27:48]   [emp_id: 3866] ✓ Updated: 24.74 → 24.82 (CHANGED)
[2025-11-25 08:27:48]   [emp_id: 3876] ✓ Updated: 44.91 → 44.99 (CHANGED)
[2025-11-25 08:27:48]   [emp_id: 3877] ✓ Updated: 46.41 → 46.49 (CHANGED)
[2025-11-25 08:27:48]   [emp_id: 3897] ✓ Updated: 34.66 → 34.74 (CHANGED)
[2025-11-25 08:27:48]   [emp_id: 3899] ✓ Updated: 49.83 → 49.91 (CHANGED)
[2025-11-25 08:27:48]   [emp_id: 3928] ✓ Updated: 10.74 → 10.82 (CHANGED)
[2025-11-25 08:27:48]   [emp_id: 3929] ✓ Updated: 5.74 → 5.82 (CHANGED)
[2025-11-25 08:27:48]   [emp_id: 3935] ✓ Updated: 90.74 → 90.82 (CHANGED)
[2025-11-25 08:27:48]   [emp_id: 3952] ✓ Updated: 73.08 → 73.16 (CHANGED)
[2025-11-25 08:27:48]   [emp_id: 3987] ✓ Updated: 10.99 → 11.07 (CHANGED)
[2025-11-25 08:27:48]   [emp_id: 4059] ✓ Updated: 13.74 → 13.82 (CHANGED)
[2025-11-25 08:27:48]   [emp_id: 4119] ✓ Updated: 53.66 → 53.74 (CHANGED)
[2025-11-25 08:27:48]   [emp_id: 4120] ✓ Updated: 23.24 → 23.32 (CHANGED)
[2025-11-25 08:27:48]   [emp_id: 4124] ✓ Updated: 53.66 → 53.74 (CHANGED)
[2025-11-25 08:27:48]   [emp_id: 4133] ✓ Updated: 102.24 → 102.32 (CHANGED)
[2025-11-25 08:27:48]   [emp_id: 4134] ✓ Updated: 23.24 → 23.32 (CHANGED)
[2025-11-25 08:27:48]   [emp_id: 4136] ✓ Updated: 23.24 → 23.32 (CHANGED)
[2025-11-25 08:27:48]   [emp_id: 4150] ✓ Updated: 21.91 → 21.99 (CHANGED)
[2025-11-25 08:27:48]   [emp_id: 4157] ✓ Updated: 15.41 → 15.49 (CHANGED)
[2025-11-25 08:27:48]   [emp_id: 4172] ✓ Updated: 10.41 → 10.46 (CHANGED)
[2025-11-25 08:27:48]   [emp_id: 4195] ✓ Updated: 58.99 → 59.07 (CHANGED)
[2025-11-25 08:27:48]   [emp_id: 4215] ✓ Updated: 41.66 → 41.74 (CHANGED)
[2025-11-25 08:27:48]   [emp_id: 4220] ✓ Updated: 37.24 → 37.32 (CHANGED)
[2025-11-25 08:27:48]   [emp_id: 4273] ✓ Updated: 5.91 → 5.99 (CHANGED)
[2025-11-25 08:27:48]   [emp_id: 4283] ✓ Updated: 11.5 → 11.55 (CHANGED)
[2025-11-25 08:27:48]   [emp_id: 4288] ✓ Updated: 40.74 → 40.82 (CHANGED)
[2025-11-25 08:27:48]   [emp_id: 4315] ✓ Updated: 12.16 → 12.24 (CHANGED)
[2025-11-25 08:27:49]   [emp_id: 4328] ✓ Updated: 40.33 → 40.38 (CHANGED)
[2025-11-25 08:27:49]   [emp_id: 4329] ✓ Updated: 2.33 → 2.41 (CHANGED)
[2025-11-25 08:27:49]   [emp_id: 4338] ✓ Updated: 43.91 → 43.99 (CHANGED)
[2025-11-25 08:27:49]   [emp_id: 4340] ✓ Updated: 122.91 → 122.99 (CHANGED)
[2025-11-25 08:27:49]   [emp_id: 4365] ✓ Updated: 57.33 → 57.41 (CHANGED)
[2025-11-25 08:27:49]   [emp_id: 4366] ✓ Updated: 56.41 → 56.49 (CHANGED)
[2025-11-25 08:27:49]   [emp_id: 4385] ✓ Updated: 47.08 → 47.16 (CHANGED)
[2025-11-25 08:27:49]   [emp_id: 4403] ✓ Updated: 82.24 → 82.32 (CHANGED)
[2025-11-25 08:27:49]   [emp_id: 4438] ✓ Updated: 17.91 → 17.99 (CHANGED)
[2025-11-25 08:27:49]   [emp_id: 4465] ✓ Updated: 10.66 → 10.71 (CHANGED)
[2025-11-25 08:27:49]   [emp_id: 4473] ✓ Updated: 41.49 → 41.57 (CHANGED)
[2025-11-25 08:27:49]   [emp_id: 4474] ✓ Updated: 57.41 → 57.46 (CHANGED)
[2025-11-25 08:27:49]   [emp_id: 4493] ✓ Updated: 160.33 → 160.41 (CHANGED)
[2025-11-25 08:27:49]   [emp_id: 4526] ✓ Updated: 32.58 → 32.66 (CHANGED)
[2025-11-25 08:27:49]   [emp_id: 4528] ✓ Updated: 104.33 → 104.41 (CHANGED)
[2025-11-25 08:27:49]   [emp_id: 4528] ✓ Updated: 104.33 → 104.41 (CHANGED)
[2025-11-25 08:27:49]   [emp_id: 4532] ✓ Updated: 68.16 → 68.21 (CHANGED)
[2025-11-25 08:27:49]   [emp_id: 4533] ✓ Updated: 32.74 → 32.82 (CHANGED)
[2025-11-25 08:27:49]   [emp_id: 4564] ✓ Updated: 23.41 → 23.46 (CHANGED)
[2025-11-25 08:27:49]   [emp_id: 4565] ✓ Updated: 13.16 → 13.21 (CHANGED)
[2025-11-25 08:27:49]   [emp_id: 4567] ✓ Updated: 17.41 → 17.46 (CHANGED)
[2025-11-25 08:27:49]   [emp_id: 4572] ✓ Updated: 56.91 → 56.96 (CHANGED)
[2025-11-25 08:27:49]   [emp_id: 4631] ✓ Updated: 13.16 → 13.21 (CHANGED)
[2025-11-25 08:27:49]   [emp_id: 4655] ✓ Updated: 21.66 → 21.74 (CHANGED)
[2025-11-25 08:27:49]   [emp_id: 4689] ✓ Updated: 19.33 → 19.41 (CHANGED)
[2025-11-25 08:27:49]   [emp_id: 4709] ✓ Updated: 36.91 → 36.99 (CHANGED)
[2025-11-25 08:27:49]   [emp_id: 4717] ✓ Updated: 62.91 → 62.99 (CHANGED)
[2025-11-25 08:27:49]   [emp_id: 4736] ✓ Updated: 24.74 → 24.82 (CHANGED)
[2025-11-25 08:27:49]   [emp_id: 4756] ✓ Updated: 59.05 → 59.1 (CHANGED)
[2025-11-25 08:27:49]   [emp_id: 4768] ✓ Updated: 9.41 → 9.49 (CHANGED)
[2025-11-25 08:27:49]   [emp_id: 4780] ✓ Updated: 63.33 → 63.38 (CHANGED)
[2025-11-25 08:27:49]   [emp_id: 4820] ✓ Updated: 95.74 → 95.82 (CHANGED)
[2025-11-25 08:27:49]   [emp_id: 4825] ✓ Updated: 27.49 → 27.57 (CHANGED)
[2025-11-25 08:27:49]   [emp_id: 4835] ✓ Updated: 46.08 → 46.13 (CHANGED)
[2025-11-25 08:27:49]   [emp_id: 4837] ✓ Updated: 43.32 → 43.37 (CHANGED)
[2025-11-25 08:27:49]   [emp_id: 4838] ✓ Updated: 42.34 → 42.39 (CHANGED)
[2025-11-25 08:27:49]   [emp_id: 4840] ✓ Updated: 43.32 → 43.37 (CHANGED)
[2025-11-25 08:27:49]   [emp_id: 4842] ✓ Updated: 42.56 → 42.61 (CHANGED)
[2025-11-25 08:27:49]   [emp_id: 4843] ✓ Updated: 43.09 → 43.14 (CHANGED)
[2025-11-25 08:27:49]   [emp_id: 4853] ✓ Updated: 86.91 → 86.96 (CHANGED)
[2025-11-25 08:27:49]   [emp_id: 4856] ✓ Updated: 40.23 → 40.28 (CHANGED)
[2025-11-25 08:27:49]   [emp_id: 4857] ✓ Updated: 23.05 → 23.1 (CHANGED)
[2025-11-25 08:27:49]   [emp_id: 4858] ✓ Updated: 19.93 → 19.98 (CHANGED)
[2025-11-25 08:27:49]   [emp_id: 4859] ✓ Updated: 41.4 → 41.45 (CHANGED)
[2025-11-25 08:27:49]   [emp_id: 4860] ✓ Updated: 5.9 → 5.95 (CHANGED)
[2025-11-25 08:27:49]   [emp_id: 4861] ✓ Updated: 39.36 → 39.41 (CHANGED)
[2025-11-25 08:27:49]   [emp_id: 4869] ✓ Updated: 82.24 → 82.29 (CHANGED)
[2025-11-25 08:27:49]   [emp_id: 4894] ✓ Updated: 4.41 → 4.49 (CHANGED)
[2025-11-25 08:27:49]   [emp_id: 4897] ✓ Updated: 21.14 → 21.19 (CHANGED)
[2025-11-25 08:27:49]   [emp_id: 4899] ✓ Updated: 17.31 → 17.36 (CHANGED)
[2025-11-25 08:27:49]   [emp_id: 4902] ✓ Updated: 16.73 → 16.78 (CHANGED)
[2025-11-25 08:27:49]   [emp_id: 4903] ✓ Updated: 18.95 → 19 (CHANGED)
[2025-11-25 08:27:49]   [emp_id: 4905] ✓ Updated: 17.61 → 17.66 (CHANGED)
[2025-11-25 08:27:49]   [emp_id: 4907] ✓ Updated: 44.49 → 44.57 (CHANGED)
[2025-11-25 08:27:49]   [emp_id: 4917] ✓ Updated: 14.57 → 14.62 (CHANGED)
[2025-11-25 08:27:49]   [emp_id: 4918] ✓ Updated: 4.34 → 4.39 (CHANGED)
[2025-11-25 08:27:49]   [emp_id: 4919] ✓ Updated: 56.63 → 56.68 (CHANGED)
[2025-11-25 08:27:49]   [emp_id: 4920] ✓ Updated: 56.46 → 56.51 (CHANGED)
[2025-11-25 08:27:49]   [emp_id: 4921] ✓ Updated: 15.8 → 15.85 (CHANGED)
[2025-11-25 08:27:49]   [emp_id: 4927] ✓ Updated: 14.63 → 14.68 (CHANGED)
[2025-11-25 08:27:49]   [emp_id: 4929] ✓ Updated: 16.15 → 16.2 (CHANGED)
[2025-11-25 08:27:49]   [emp_id: 4930] ✓ Updated: 56.92 → 56.97 (CHANGED)
[2025-11-25 08:27:49]   [emp_id: 4932] ✓ Updated: 14.92 → 14.97 (CHANGED)
[2025-11-25 08:27:49]   [emp_id: 4933] ✓ Updated: 18.33 → 18.38 (CHANGED)
[2025-11-25 08:27:49]   [emp_id: 4949] ✓ Updated: 33.76 → 33.81 (CHANGED)
[2025-11-25 08:27:49]   [emp_id: 4956] ✓ Updated: 31.08 → 31.13 (CHANGED)
[2025-11-25 08:27:49]   [emp_id: 4957] ✓ Updated: 28.02 → 28.07 (CHANGED)
[2025-11-25 08:27:49]   [emp_id: 4962] ✓ Updated: 50.74 → 50.82 (CHANGED)
[2025-11-25 08:27:49]   [emp_id: 4969] ✓ Updated: 43.16 → 43.24 (CHANGED)
[2025-11-25 08:27:49]   [emp_id: 4976] ✓ Updated: 8.04 → 8.09 (CHANGED)
[2025-11-25 08:27:49]   [emp_id: 4984] ✓ Updated: 34.41 → 34.49 (CHANGED)
[2025-11-25 08:27:49]   [emp_id: 4995] ✓ Updated: 46.48 → 46.56 (CHANGED)
[2025-11-25 08:27:49]   [emp_id: 5004] ✓ Updated: 43.72 → 43.77 (CHANGED)
[2025-11-25 08:27:49]   [emp_id: 5006] ✓ Updated: 24.72 → 24.77 (CHANGED)
[2025-11-25 08:27:49]   [emp_id: 5011] ✓ Updated: 10.08 → 10.16 (CHANGED)
[2025-11-25 08:27:49]   [emp_id: 5013] ✓ Updated: 65.09 → 65.14 (CHANGED)
[2025-11-25 08:27:49]   [emp_id: 5018] ✓ Updated: 19.33 → 19.38 (CHANGED)
[2025-11-25 08:27:49]   [emp_id: 5021] ✓ Updated: 61.83 → 61.88 (CHANGED)
[2025-11-25 08:27:49]   [emp_id: 5021] ✓ Updated: 61.83 → 61.88 (CHANGED)
[2025-11-25 08:27:49]   [emp_id: 5024] ✓ Updated: 11.98 → 12.03 (CHANGED)
[2025-11-25 08:27:49]   [emp_id: 5029] ✓ Updated: 21.58 → 21.63 (CHANGED)
[2025-11-25 08:27:49]   [emp_id: 5030] ✓ Updated: 36.58 → 36.63 (CHANGED)
[2025-11-25 08:27:49]   [emp_id: 5033] ✓ Updated: 20.35 → 20.4 (CHANGED)
[2025-11-25 08:27:49]   [emp_id: 5043] ✓ Updated: 27.08 → 27.16 (CHANGED)
[2025-11-25 08:27:49]   [emp_id: 5045] ✓ Updated: 23.58 → 23.66 (CHANGED)
[2025-11-25 08:27:49]   [emp_id: 5046] ✓ Updated: 18.77 → 18.85 (CHANGED)
[2025-11-25 08:27:49]   [emp_id: 5049] ✓ Updated: 37.03 → 37.08 (CHANGED)
[2025-11-25 08:27:49]   [emp_id: 5052] ✓ Updated: 28.31 → 28.36 (CHANGED)
[2025-11-25 08:27:49]   [emp_id: 5055] ✓ Updated: 35.5 → 35.55 (CHANGED)
[2025-11-25 08:27:49]   [emp_id: 5058] ✓ Updated: 25.73 → 25.78 (CHANGED)
[2025-11-25 08:27:49]   [emp_id: 5062] ✓ Updated: 37.56 → 37.61 (CHANGED)
[2025-11-25 08:27:49]   [emp_id: 5064] ✓ Updated: 114.41 → 114.49 (CHANGED)
[2025-11-25 08:27:49]   [emp_id: 5065] ✓ Updated: 36.97 → 37.02 (CHANGED)
[2025-11-25 08:27:49]   [emp_id: 5071] ✓ Updated: 19.91 → 19.99 (CHANGED)
[2025-11-25 08:27:49]   [emp_id: 5072] ✓ Updated: 56.08 → 56.12 (CHANGED)
[2025-11-25 08:27:49]   [emp_id: 5073] ✓ Updated: 11.57 → 11.62 (CHANGED)
[2025-11-25 08:27:49]   [emp_id: 5079] ✓ Updated: 32.13 → 32.18 (CHANGED)
[2025-11-25 08:27:49]   [emp_id: 5080] ✓ Updated: 29.46 → 29.51 (CHANGED)
[2025-11-25 08:27:49]   [emp_id: 5081] ✓ Updated: 34.46 → 34.51 (CHANGED)
[2025-11-25 08:27:49]   [emp_id: 5087] ✓ Updated: 33.76 → 33.81 (CHANGED)
[2025-11-25 08:27:49]   [emp_id: 5091] ✓ Updated: 73.61 → 73.66 (CHANGED)
[2025-11-25 08:27:49]   [emp_id: 5093] ✓ Updated: 11.08 → 11.16 (CHANGED)
[2025-11-25 08:27:49]   [emp_id: 5095] ✓ Updated: 31.08 → 31.13 (CHANGED)
[2025-11-25 08:27:49]   [emp_id: 5101] ✓ Updated: 13.16 → 13.24 (CHANGED)
[2025-11-25 08:27:49]   [emp_id: 5107] ✓ Updated: 11.49 → 11.57 (CHANGED)
[2025-11-25 08:27:49]   [emp_id: 5109] ✓ Updated: 8.74 → 8.82 (CHANGED)
[2025-11-25 08:27:49]   [emp_id: 5115] ✓ Updated: 41.16 → 41.24 (CHANGED)
[2025-11-25 08:27:49]   [emp_id: 5116] ✓ Updated: 25.83 → 25.91 (CHANGED)
[2025-11-25 08:27:49]   [emp_id: 5119] ✓ Updated: 6.91 → 6.99 (CHANGED)
[2025-11-25 08:27:49]   [emp_id: 5122] ✓ Updated: 4.08 → 4.16 (CHANGED)
[2025-11-25 08:27:49]   [emp_id: 5126] ✓ Updated: 24.49 → 24.54 (CHANGED)
[2025-11-25 08:27:49]   [emp_id: 5127] ✓ Updated: 21.28 → 21.33 (CHANGED)
[2025-11-25 08:27:49]   [emp_id: 5128] ✓ Updated: 24.43 → 24.48 (CHANGED)
[2025-11-25 08:27:49]   [emp_id: 5138] ✓ Updated: 62.74 → 62.82 (CHANGED)
[2025-11-25 08:27:49]   [emp_id: 5138] ✓ Updated: 62.74 → 62.82 (CHANGED)
[2025-11-25 08:27:49]   [emp_id: 5141] ✓ Updated: 32.8 → 32.85 (CHANGED)
[2025-11-25 08:27:49]   [emp_id: 5142] ✓ Updated: 11.8 → 11.85 (CHANGED)
[2025-11-25 08:27:49]   [emp_id: 5146] ✓ Updated: 18.8 → 18.85 (CHANGED)
[2025-11-25 08:27:49]   [emp_id: 5147] ✓ Updated: 17.8 → 17.85 (CHANGED)
[2025-11-25 08:27:50]   [emp_id: 5148] ✓ Updated: 23.15 → 23.2 (CHANGED)
[2025-11-25 08:27:50]   [emp_id: 5149] ✓ Updated: 22.04 → 22.09 (CHANGED)
[2025-11-25 08:27:50]   [emp_id: 5150] ✓ Updated: 21.4 → 21.45 (CHANGED)
[2025-11-25 08:27:50]   [emp_id: 5151] ✓ Updated: 21.22 → 21.27 (CHANGED)
[2025-11-25 08:27:50]   [emp_id: 5152] ✓ Updated: 1.64 → 1.69 (CHANGED)
[2025-11-25 08:27:50]   [emp_id: 5157] ✓ Updated: 21.22 → 21.27 (CHANGED)
[2025-11-25 08:27:50]   [emp_id: 5160] ✓ Updated: 21.22 → 21.27 (CHANGED)
[2025-11-25 08:27:50]   [emp_id: 5161] ✓ Updated: 21.22 → 21.27 (CHANGED)
[2025-11-25 08:27:50]   [emp_id: 5163] ✓ Updated: 19.01 → 19.06 (CHANGED)
[2025-11-25 08:27:50]   [emp_id: 5165] ✓ Updated: 27.08 → 27.16 (CHANGED)
[2025-11-25 08:27:50]   [emp_id: 5167] ✓ Updated: 28.16 → 28.21 (CHANGED)
[2025-11-25 08:27:50]   [emp_id: 5168] ✓ Updated: 20.7 → 20.75 (CHANGED)
[2025-11-25 08:27:50]   [emp_id: 5173] ✓ Updated: 21.83 → 21.91 (CHANGED)
[2025-11-25 08:27:50]   [emp_id: 5174] ✓ Updated: 21.16 → 21.21 (CHANGED)
[2025-11-25 08:27:50]   [emp_id: 5181] ✓ Updated: 17.55 → 17.6 (CHANGED)
[2025-11-25 08:27:50]   [emp_id: 5186] ✓ Updated: 23.08 → 23.13 (CHANGED)
[2025-11-25 08:27:50]   [emp_id: 5187] ✓ Updated: 34.08 → 34.13 (CHANGED)
[2025-11-25 08:27:50]   [emp_id: 5204] ✓ Updated: 19.33 → 19.41 (CHANGED)
[2025-11-25 08:27:50]   [emp_id: 5205] ✓ Updated: 10.29 → 10.34 (CHANGED)
[2025-11-25 08:27:50]   [emp_id: 5209] ✓ Updated: 13.29 → 13.34 (CHANGED)
[2025-11-25 08:27:50]   [emp_id: 5211] ✓ Updated: 5.29 → 5.34 (CHANGED)
[2025-11-25 08:27:50]   [emp_id: 5213] ✓ Updated: 5.29 → 5.34 (CHANGED)
[2025-11-25 08:27:50]   [emp_id: 5214] ✓ Updated: 13.29 → 13.34 (CHANGED)
[2025-11-25 08:27:50]   [emp_id: 5215] ✓ Updated: 8.29 → 8.34 (CHANGED)
[2025-11-25 08:27:50]   [emp_id: 5217] ✓ Updated: 7.29 → 7.34 (CHANGED)
[2025-11-25 08:27:50]   [emp_id: 5218] ✓ Updated: 13.29 → 13.34 (CHANGED)
[2025-11-25 08:27:50]   [emp_id: 5219] ✓ Updated: 11.29 → 11.34 (CHANGED)
[2025-11-25 08:27:50]   [emp_id: 5221] ✓ Updated: 7.29 → 7.34 (CHANGED)
[2025-11-25 08:27:50]   [emp_id: 5224] ✓ Updated: 12.29 → 12.34 (CHANGED)
[2025-11-25 08:27:50]   [emp_id: 5225] ✓ Updated: 6.96 → 7.01 (CHANGED)
[2025-11-25 08:27:50]   [emp_id: 5228] ✓ Updated: 7.29 → 7.34 (CHANGED)
[2025-11-25 08:27:50]   [emp_id: 5229] ✓ Updated: 3.29 → 3.34 (CHANGED)
[2025-11-25 08:27:50]   [emp_id: 5230] ✓ Updated: 13.29 → 13.34 (CHANGED)
[2025-11-25 08:27:50]   [emp_id: 5231] ✓ Updated: 4.29 → 4.34 (CHANGED)
[2025-11-25 08:27:50]   [emp_id: 5232] ✓ Updated: 9.29 → 9.34 (CHANGED)
[2025-11-25 08:27:50]   [emp_id: 5233] ✓ Updated: 2.29 → 2.34 (CHANGED)
[2025-11-25 08:27:50]   [emp_id: 5234] ✓ Updated: 2.29 → 2.34 (CHANGED)
[2025-11-25 08:27:50]   [emp_id: 5235] ✓ Updated: 13.29 → 13.34 (CHANGED)
[2025-11-25 08:27:50]   [emp_id: 5237] ✓ Updated: 13.29 → 13.34 (CHANGED)
[2025-11-25 08:27:50]   [emp_id: 5238] ✓ Updated: 13.29 → 13.34 (CHANGED)
[2025-11-25 08:27:50]   [emp_id: 5239] ✓ Updated: 5.29 → 5.34 (CHANGED)
[2025-11-25 08:27:50]   [emp_id: 5241] ✓ Updated: 3.29 → 3.34 (CHANGED)
[2025-11-25 08:27:50]   [emp_id: 5242] ✓ Updated: 13.29 → 13.34 (CHANGED)
[2025-11-25 08:27:50]   [emp_id: 5243] ✓ Updated: 5.29 → 5.34 (CHANGED)
[2025-11-25 08:27:50]   [emp_id: 5244] ✓ Updated: 9.29 → 9.34 (CHANGED)
[2025-11-25 08:27:50]   [emp_id: 5246] ✓ Updated: 9.29 → 9.34 (CHANGED)
[2025-11-25 08:27:50]   [emp_id: 5253] ✓ Updated: 27.91 → 27.96 (CHANGED)
[2025-11-25 08:27:50]   [emp_id: 5254] ✓ Updated: 10.14 → 10.19 (CHANGED)
[2025-11-25 08:27:50]   [emp_id: 5257] ✓ Updated: 9.85 → 9.9 (CHANGED)
[2025-11-25 08:27:50]   [emp_id: 5259] ✓ Updated: 46.38 → 46.43 (CHANGED)
[2025-11-25 08:27:50]   [emp_id: 5261] ✓ Updated: 46.83 → 46.91 (CHANGED)
[2025-11-25 08:27:50]   [emp_id: 5264] ✓ Updated: 23.86 → 23.91 (CHANGED)
[2025-11-25 08:27:50]   [emp_id: 5266] ✓ Updated: 23.81 → 23.86 (CHANGED)
[2025-11-25 08:27:50]   [emp_id: 5268] ✓ Updated: 7.05 → 7.1 (CHANGED)
[2025-11-25 08:27:50]   [emp_id: 5271] ✓ Updated: 5.71 → 5.76 (CHANGED)
[2025-11-25 08:27:50]   [emp_id: 5272] ✓ Updated: 6.58 → 6.63 (CHANGED)
[2025-11-25 08:27:50]   [emp_id: 5273] ✓ Updated: 28.4 → 28.45 (CHANGED)
[2025-11-25 08:27:50]   [emp_id: 5275] ✓ Updated: 7.4 → 7.45 (CHANGED)
[2025-11-25 08:27:50]   [emp_id: 5276] ✓ Updated: 28.4 → 28.45 (CHANGED)
[2025-11-25 08:27:50]   [emp_id: 5278] ✓ Updated: 6.06 → 6.11 (CHANGED)
[2025-11-25 08:27:50]   [emp_id: 5280] ✓ Updated: 16.46 → 16.51 (CHANGED)
[2025-11-25 08:27:50]   [emp_id: 5282] ✓ Updated: 8.41 → 8.49 (CHANGED)
[2025-11-25 08:27:50]   [emp_id: 5285] ✓ Updated: 26.46 → 26.51 (CHANGED)
[2025-11-25 08:27:50]   [emp_id: 5286] ✓ Updated: 13.46 → 13.51 (CHANGED)
[2025-11-25 08:27:50]   [emp_id: 5287] ✓ Updated: 47.76 → 47.81 (CHANGED)
[2025-11-25 08:27:50]   [emp_id: 5288] ✓ Updated: 36.77 → 36.82 (CHANGED)
[2025-11-25 08:27:50]   [emp_id: 5289] ✓ Updated: 46.31 → 46.36 (CHANGED)
[2025-11-25 08:27:50]   [emp_id: 5290] ✓ Updated: 45.08 → 45.13 (CHANGED)
[2025-11-25 08:27:50]   [emp_id: 5291] ✓ Updated: 3.08 → 3.13 (CHANGED)
[2025-11-25 08:27:50]   [emp_id: 5292] ✓ Updated: 3.02 → 3.07 (CHANGED)
[2025-11-25 08:27:50]   [emp_id: 5293] ✓ Updated: 34.58 → 34.66 (CHANGED)
[2025-11-25 08:27:50]   [emp_id: 5294] ✓ Updated: 4.33 → 4.41 (CHANGED)
[2025-11-25 08:27:50]   [emp_id: 5295] ✓ Updated: 19.26 → 19.31 (CHANGED)
[2025-11-25 08:27:50]   [emp_id: 5296] ✓ Updated: 37.24 → 37.32 (CHANGED)
[2025-11-25 08:27:50]   [emp_id: 5297] ✓ Updated: 43.68 → 43.73 (CHANGED)
[2025-11-25 08:27:50]   [emp_id: 5298] ✓ Updated: 43.68 → 43.73 (CHANGED)
[2025-11-25 08:27:50]   [emp_id: 5299] ✓ Updated: 43.68 → 43.73 (CHANGED)
[2025-11-25 08:27:50]   [emp_id: 5300] ✓ Updated: 43.68 → 43.73 (CHANGED)
[2025-11-25 08:27:50]   [emp_id: 5301] ✓ Updated: 43.68 → 43.73 (CHANGED)
[2025-11-25 08:27:50]   [emp_id: 5303] ✓ Updated: 43.68 → 43.73 (CHANGED)
[2025-11-25 08:27:50]   [emp_id: 5304] ✓ Updated: 43.68 → 43.73 (CHANGED)
[2025-11-25 08:27:50]   [emp_id: 5305] ✓ Updated: 1.68 → 1.73 (CHANGED)
[2025-11-25 08:27:50]   [emp_id: 5306] ✓ Updated: 43.39 → 43.44 (CHANGED)
[2025-11-25 08:27:50]   [emp_id: 5307] ✓ Updated: 43.39 → 43.44 (CHANGED)
[2025-11-25 08:27:50]   [emp_id: 5308] ✓ Updated: 43.39 → 43.44 (CHANGED)
[2025-11-25 08:27:50]   [emp_id: 5309] ✓ Updated: 43.39 → 43.44 (CHANGED)
[2025-11-25 08:27:50]   [emp_id: 5312] ✓ Updated: 41.06 → 41.11 (CHANGED)
[2025-11-25 08:27:50]   [emp_id: 5318] ✓ Updated: 24.1 → 24.15 (CHANGED)
[2025-11-25 08:27:50]   [emp_id: 5325] ✓ Updated: 20.06 → 20.11 (CHANGED)
[2025-11-25 08:27:50]   [emp_id: 5326] ✓ Updated: 40.88 → 40.93 (CHANGED)
[2025-11-25 08:27:50]   [emp_id: 5327] ✓ Updated: 40.06 → 40.11 (CHANGED)
[2025-11-25 08:27:50]   [emp_id: 5328] ✓ Updated: 40.06 → 40.11 (CHANGED)
[2025-11-25 08:27:50]   [emp_id: 5329] ✓ Updated: 40.06 → 40.11 (CHANGED)
[2025-11-25 08:27:50]   [emp_id: 5331] ✓ Updated: 19.47 → 19.52 (CHANGED)
[2025-11-25 08:27:50]   [emp_id: 5337] ✓ Updated: 32.24 → 32.32 (CHANGED)
[2025-11-25 08:27:50]   [emp_id: 5339] ✓ Updated: 8.25 → 8.3 (CHANGED)
[2025-11-25 08:27:50]   [emp_id: 5343] ✓ Updated: 42.16 → 42.24 (CHANGED)
[2025-11-25 08:27:50]   [emp_id: 5343] ✓ Updated: 42.16 → 42.24 (CHANGED)
[2025-11-25 08:27:50]   [emp_id: 5345] ✓ Updated: 11.99 → 12.07 (CHANGED)
[2025-11-25 08:27:50]   [emp_id: 5346] ✓ Updated: 36.97 → 37.02 (CHANGED)
[2025-11-25 08:27:50]   [emp_id: 5351] ✓ Updated: 15.91 → 15.96 (CHANGED)
[2025-11-25 08:27:50]   [emp_id: 5352] ✓ Updated: 22.41 → 22.49 (CHANGED)
[2025-11-25 08:27:50]   [emp_id: 5370] ✓ Updated: 13.56 → 13.61 (CHANGED)
[2025-11-25 08:27:50]   [emp_id: 5371] ✓ Updated: 5.99 → 6.07 (CHANGED)
[2025-11-25 08:27:50]   [emp_id: 5376] ✓ Updated: 8.16 → 8.21 (CHANGED)
[2025-11-25 08:27:50]   [emp_id: 5378] ✓ Updated: 20.16 → 20.24 (CHANGED)
[2025-11-25 08:27:50]   [emp_id: 5380] ✓ Updated: 14.57 → 14.62 (CHANGED)
[2025-11-25 08:27:50]   [emp_id: 5381] ✓ Updated: 14.58 → 14.66 (CHANGED)
[2025-11-25 08:27:50]   [emp_id: 5383] ✓ Updated: 12.99 → 13.07 (CHANGED)
[2025-11-25 08:27:50]   [emp_id: 5388] ✓ Updated: 25.35 → 25.4 (CHANGED)
[2025-11-25 08:27:50]   [emp_id: 5392] ✓ Updated: 10.91 → 10.99 (CHANGED)
[2025-11-25 08:27:50]   [emp_id: 5396] ✓ Updated: 26.59 → 26.64 (CHANGED)
[2025-11-25 08:27:50]   [emp_id: 5397] ✓ Updated: 22.8 → 22.85 (CHANGED)
[2025-11-25 08:27:50]   [emp_id: 5401] ✓ Updated: 21.16 → 21.21 (CHANGED)
[2025-11-25 08:27:50]   [emp_id: 5402] ✓ Updated: 21.28 → 21.33 (CHANGED)
[2025-11-25 08:27:50]   [emp_id: 5406] ✓ Updated: 20 → 20.05 (CHANGED)
[2025-11-25 08:27:50]   [emp_id: 5407] ✓ Updated: 21.66 → 21.74 (CHANGED)
[2025-11-25 08:27:50]   [emp_id: 5408] ✓ Updated: 19.41 → 19.49 (CHANGED)
[2025-11-25 08:27:50]   [emp_id: 5409] ✓ Updated: 18.07 → 18.12 (CHANGED)
[2025-11-25 08:27:50]   [emp_id: 5413] ✓ Updated: 25.16 → 25.24 (CHANGED)
[2025-11-25 08:27:50]   [emp_id: 5414] ✓ Updated: 24.83 → 24.91 (CHANGED)
[2025-11-25 08:27:50]   [emp_id: 5415] ✓ Updated: 15.66 → 15.74 (CHANGED)
[2025-11-25 08:27:50]   [emp_id: 5418] ✓ Updated: 16.15 → 16.2 (CHANGED)
[2025-11-25 08:27:50]   [emp_id: 5422] ✓ Updated: 17.49 → 17.57 (CHANGED)
[2025-11-25 08:27:50]   [emp_id: 5423] ✓ Updated: 14.08 → 14.16 (CHANGED)
[2025-11-25 08:27:50]   [emp_id: 5423] ✓ Updated: 14.08 → 14.16 (CHANGED)
[2025-11-25 08:27:50]   [emp_id: 5423] ✓ Updated: 14.08 → 14.16 (CHANGED)
[2025-11-25 08:27:50]   [emp_id: 5424] ✓ Updated: 11.95 → 12 (CHANGED)
[2025-11-25 08:27:50]   [emp_id: 5425] ✓ Updated: 11.95 → 12 (CHANGED)
[2025-11-25 08:27:50]   [emp_id: 5426] ✓ Updated: 7.24 → 7.32 (CHANGED)
[2025-11-25 08:27:50]   [emp_id: 5426] ✓ Updated: 7.24 → 7.32 (CHANGED)
[2025-11-25 08:27:50]   [emp_id: 5427] ✓ Updated: 12.06 → 12.11 (CHANGED)
[2025-11-25 08:27:50]   [emp_id: 5428] ✓ Updated: 11.95 → 12 (CHANGED)
[2025-11-25 08:27:50]   [emp_id: 5430] ✓ Updated: 14.49 → 14.57 (CHANGED)
[2025-11-25 08:27:50]   [emp_id: 5431] ✓ Updated: 11.07 → 11.12 (CHANGED)
[2025-11-25 08:27:50]   [emp_id: 5434] ✓ Updated: 10.84 → 10.89 (CHANGED)
[2025-11-25 08:27:50]   [emp_id: 5435] ✓ Updated: 10.78 → 10.83 (CHANGED)
[2025-11-25 08:27:50]   [emp_id: 5436] ✓ Updated: 10.78 → 10.83 (CHANGED)
[2025-11-25 08:27:50]   [emp_id: 5438] ✓ Updated: 12.41 → 12.49 (CHANGED)
[2025-11-25 08:27:50]   [emp_id: 5439] ✓ Updated: 21.91 → 21.99 (CHANGED)
[2025-11-25 08:27:50]   [emp_id: 5442] ✓ Updated: 10.91 → 10.99 (CHANGED)
[2025-11-25 08:27:50]   [emp_id: 5443] ✓ Updated: 6.46 → 6.51 (CHANGED)
[2025-11-25 08:27:50]   [emp_id: 5445] ✓ Updated: 5.24 → 5.29 (CHANGED)
[2025-11-25 08:27:50]   [emp_id: 5446] ✓ Updated: 5.24 → 5.29 (CHANGED)
[2025-11-25 08:27:50]   [emp_id: 5447] ✓ Updated: 5.18 → 5.23 (CHANGED)
[2025-11-25 08:27:50]   [emp_id: 5448] ✓ Updated: 5.83 → 5.91 (CHANGED)
[2025-11-25 08:27:50]   [emp_id: 5449] ✓ Updated: 3.26 → 3.31 (CHANGED)
[2025-11-25 08:27:50]   [emp_id: 5450] ✓ Updated: 3.2 → 3.25 (CHANGED)
[2025-11-25 08:27:50]   [emp_id: 5451] ✓ Updated: 3.2 → 3.25 (CHANGED)
[2025-11-25 08:27:50]   [emp_id: 5454] ✓ Updated: 3.99 → 4.07 (CHANGED)
[2025-11-25 08:27:50]   [emp_id: 5455] ✓ Updated: 2.24 → 2.32 (CHANGED)
[2025-11-25 08:27:50]   [emp_id: 5456] ✓ Updated: 3.24 → 3.32 (CHANGED)
[2025-11-25 08:27:50] 
[2025-11-25 08:27:50] ========== SUMMARY ==========
[2025-11-25 08:27:50] Total employees processed: 451
[2025-11-25 08:27:50] Records updated: 451
[2025-11-25 08:27:50] Balances changed: 451
[2025-11-25 08:27:50] Errors: 0
[2025-11-25 08:27:50] ========== CRON: Vacation Balance Update Completed ==========
[2025-11-25 08:27:50] 
[2025-11-25 10:20:12] ========== CRON: Vacation Balance Update Started ==========
[2025-11-25 10:20:12] Database connection established
[2025-11-25 10:20:12] Found 450 active employees with balance records to update
[2025-11-25 10:20:12] (Only employees with status=1 will be processed)
[2025-11-25 10:20:12]   [emp_id: 1061] SKIPPED: Already updated today (2025-11-25 10:57:47)
[2025-11-25 10:20:12]   [emp_id: 1496] SKIPPED: Already updated today (2025-11-25 10:57:47)
[2025-11-25 10:20:13]   [emp_id: 1500] SKIPPED: Already updated today (2025-11-25 10:57:47)
[2025-11-25 10:20:13]   [emp_id: 1574] SKIPPED: Already updated today (2025-11-25 10:57:47)
[2025-11-25 10:20:13]   [emp_id: 1673] SKIPPED: Already updated today (2025-11-25 10:57:47)
[2025-11-25 10:20:13]   [emp_id: 1685] SKIPPED: Already updated today (2025-11-25 10:57:47)
[2025-11-25 10:20:13]   [emp_id: 1764] SKIPPED: Already updated today (2025-11-25 10:57:47)
[2025-11-25 10:20:13]   [emp_id: 1805] SKIPPED: Already updated today (2025-11-25 10:57:47)
[2025-11-25 10:20:13]   [emp_id: 1822] SKIPPED: Already updated today (2025-11-25 10:57:47)
[2025-11-25 10:20:13]   [emp_id: 1837] SKIPPED: Already updated today (2025-11-25 10:57:47)
[2025-11-25 10:20:13]   [emp_id: 1857] SKIPPED: Already updated today (2025-11-25 10:57:47)
[2025-11-25 10:20:13]   [emp_id: 1861] SKIPPED: Already updated today (2025-11-25 10:57:47)
[2025-11-25 10:20:13]   [emp_id: 1872] SKIPPED: Already updated today (2025-11-25 10:57:47)
[2025-11-25 10:20:13]   [emp_id: 1897] SKIPPED: Already updated today (2025-11-25 10:57:47)
[2025-11-25 10:20:13]   [emp_id: 1916] SKIPPED: Already updated today (2025-11-25 10:57:47)
[2025-11-25 10:20:13]   [emp_id: 1928] SKIPPED: Already updated today (2025-11-25 10:57:47)
[2025-11-25 10:20:13]   [emp_id: 1931] SKIPPED: Already updated today (2025-11-25 10:57:47)
[2025-11-25 10:20:13]   [emp_id: 1944] SKIPPED: Already updated today (2025-11-25 10:57:47)
[2025-11-25 10:20:13]   [emp_id: 1996] SKIPPED: Already updated today (2025-11-25 10:57:47)
[2025-11-25 10:20:13]   [emp_id: 1997] SKIPPED: Already updated today (2025-11-25 10:57:47)
[2025-11-25 10:20:13]   [emp_id: 1998] SKIPPED: Already updated today (2025-11-25 10:57:47)
[2025-11-25 10:20:13]   [emp_id: 1999] SKIPPED: Already updated today (2025-11-25 10:57:47)
[2025-11-25 10:20:13]   [emp_id: 2009] SKIPPED: Already updated today (2025-11-25 10:57:47)
[2025-11-25 10:20:13]   [emp_id: 2048] SKIPPED: Already updated today (2025-11-25 10:57:47)
[2025-11-25 10:20:13]   [emp_id: 2057] SKIPPED: Already updated today (2025-11-25 10:57:47)
[2025-11-25 10:20:13]   [emp_id: 2079] SKIPPED: Already updated today (2025-11-25 10:57:47)
[2025-11-25 10:20:13]   [emp_id: 2181] SKIPPED: Already updated today (2025-11-25 10:57:47)
[2025-11-25 10:20:13]   [emp_id: 2190] SKIPPED: Already updated today (2025-11-25 10:57:47)
[2025-11-25 10:20:13]   [emp_id: 2212] SKIPPED: Already updated today (2025-11-25 10:57:47)
[2025-11-25 10:20:13]   [emp_id: 2226] SKIPPED: Already updated today (2025-11-25 10:57:47)
[2025-11-25 10:20:13]   [emp_id: 2238] SKIPPED: Already updated today (2025-11-25 10:57:47)
[2025-11-25 10:20:13]   [emp_id: 2285] SKIPPED: Already updated today (2025-11-25 10:57:47)
[2025-11-25 10:20:13]   [emp_id: 2287] SKIPPED: Already updated today (2025-11-25 10:57:47)
[2025-11-25 10:20:13]   [emp_id: 2288] SKIPPED: Already updated today (2025-11-25 10:57:48)
[2025-11-25 10:20:13]   [emp_id: 2290] SKIPPED: Already updated today (2025-11-25 10:57:48)
[2025-11-25 10:20:13]   [emp_id: 2316] SKIPPED: Already updated today (2025-11-25 10:57:48)
[2025-11-25 10:20:13]   [emp_id: 2337] SKIPPED: Already updated today (2025-11-25 10:57:48)
[2025-11-25 10:20:13]   [emp_id: 2352] SKIPPED: Already updated today (2025-11-25 10:57:48)
[2025-11-25 10:20:13]   [emp_id: 2358] SKIPPED: Already updated today (2025-11-25 10:57:48)
[2025-11-25 10:20:13]   [emp_id: 2361] SKIPPED: Already updated today (2025-11-25 10:57:48)
[2025-11-25 10:20:13]   [emp_id: 2363] SKIPPED: Already updated today (2025-11-25 10:57:48)
[2025-11-25 10:20:13]   [emp_id: 2364] SKIPPED: Already updated today (2025-11-25 10:57:48)
[2025-11-25 10:20:13]   [emp_id: 2367] SKIPPED: Already updated today (2025-11-25 10:57:48)
[2025-11-25 10:20:13]   [emp_id: 2368] SKIPPED: Already updated today (2025-11-25 10:57:48)
[2025-11-25 10:20:13]   [emp_id: 2372] SKIPPED: Already updated today (2025-11-25 10:57:48)
[2025-11-25 10:20:13]   [emp_id: 2376] SKIPPED: Already updated today (2025-11-25 10:57:48)
[2025-11-25 10:20:13]   [emp_id: 2423] SKIPPED: Already updated today (2025-11-25 10:57:48)
[2025-11-25 10:20:13]   [emp_id: 2519] SKIPPED: Already updated today (2025-11-25 10:57:48)
[2025-11-25 10:20:13]   [emp_id: 2522] SKIPPED: Already updated today (2025-11-25 10:57:48)
[2025-11-25 10:20:13]   [emp_id: 2530] SKIPPED: Already updated today (2025-11-25 10:57:48)
[2025-11-25 10:20:13]   [emp_id: 2539] SKIPPED: Already updated today (2025-11-25 10:57:48)
[2025-11-25 10:20:13]   [emp_id: 2541] SKIPPED: Already updated today (2025-11-25 10:57:48)
[2025-11-25 10:20:13]   [emp_id: 2550] SKIPPED: Already updated today (2025-11-25 10:57:48)
[2025-11-25 10:20:13]   [emp_id: 2553] SKIPPED: Already updated today (2025-11-25 10:57:48)
[2025-11-25 10:20:13]   [emp_id: 2554] SKIPPED: Already updated today (2025-11-25 10:57:48)
[2025-11-25 10:20:13]   [emp_id: 2565] SKIPPED: Already updated today (2025-11-25 10:57:48)
[2025-11-25 10:20:13]   [emp_id: 2572] SKIPPED: Already updated today (2025-11-25 10:57:48)
[2025-11-25 10:20:13]   [emp_id: 2637] SKIPPED: Already updated today (2025-11-25 10:57:48)
[2025-11-25 10:20:13]   [emp_id: 2642] SKIPPED: Already updated today (2025-11-25 10:57:48)
[2025-11-25 10:20:13]   [emp_id: 2645] SKIPPED: Already updated today (2025-11-25 10:57:48)
[2025-11-25 10:20:13]   [emp_id: 2648] SKIPPED: Already updated today (2025-11-25 10:57:48)
[2025-11-25 10:20:13]   [emp_id: 2654] SKIPPED: Already updated today (2025-11-25 10:57:48)
[2025-11-25 10:20:13]   [emp_id: 2688] SKIPPED: Already updated today (2025-11-25 10:57:48)
[2025-11-25 10:20:13]   [emp_id: 2690] SKIPPED: Already updated today (2025-11-25 10:57:48)
[2025-11-25 10:20:13]   [emp_id: 2709] SKIPPED: Already updated today (2025-11-25 10:57:48)
[2025-11-25 10:20:13]   [emp_id: 2745] SKIPPED: Already updated today (2025-11-25 10:57:48)
[2025-11-25 10:20:13]   [emp_id: 2843] SKIPPED: Already updated today (2025-11-25 10:57:48)
[2025-11-25 10:20:13]   [emp_id: 2854] SKIPPED: Already updated today (2025-11-25 10:57:48)
[2025-11-25 10:20:13]   [emp_id: 2869] SKIPPED: Already updated today (2025-11-25 10:57:48)
[2025-11-25 10:20:13]   [emp_id: 2876] SKIPPED: Already updated today (2025-11-25 10:57:48)
[2025-11-25 10:20:13]   [emp_id: 2924] SKIPPED: Already updated today (2025-11-25 10:57:48)
[2025-11-25 10:20:13]   [emp_id: 2953] SKIPPED: Already updated today (2025-11-25 10:57:48)
[2025-11-25 10:20:13]   [emp_id: 2961] SKIPPED: Already updated today (2025-11-25 10:57:48)
[2025-11-25 10:20:13]   [emp_id: 2975] SKIPPED: Already updated today (2025-11-25 10:57:48)
[2025-11-25 10:20:13]   [emp_id: 3013] SKIPPED: Already updated today (2025-11-25 10:57:48)
[2025-11-25 10:20:13]   [emp_id: 3014] SKIPPED: Already updated today (2025-11-25 10:57:48)
[2025-11-25 10:20:13]   [emp_id: 3015] SKIPPED: Already updated today (2025-11-25 10:57:48)
[2025-11-25 10:20:13]   [emp_id: 3018] SKIPPED: Already updated today (2025-11-25 10:57:48)
[2025-11-25 10:20:13]   [emp_id: 3025] SKIPPED: Already updated today (2025-11-25 10:57:48)
[2025-11-25 10:20:13]   [emp_id: 3037] SKIPPED: Already updated today (2025-11-25 10:57:48)
[2025-11-25 10:20:13]   [emp_id: 3047] SKIPPED: Already updated today (2025-11-25 10:57:48)
[2025-11-25 10:20:13]   [emp_id: 3061] SKIPPED: Already updated today (2025-11-25 10:57:48)
[2025-11-25 10:20:13]   [emp_id: 3062] SKIPPED: Already updated today (2025-11-25 10:57:48)
[2025-11-25 10:20:13]   [emp_id: 3074] SKIPPED: Already updated today (2025-11-25 10:57:48)
[2025-11-25 10:20:13]   [emp_id: 3089] SKIPPED: Already updated today (2025-11-25 10:57:48)
[2025-11-25 10:20:13]   [emp_id: 3090] SKIPPED: Already updated today (2025-11-25 10:57:48)
[2025-11-25 10:20:13]   [emp_id: 3091] SKIPPED: Already updated today (2025-11-25 10:57:48)
[2025-11-25 10:20:13]   [emp_id: 3092] SKIPPED: Already updated today (2025-11-25 10:57:48)
[2025-11-25 10:20:13]   [emp_id: 3105] SKIPPED: Already updated today (2025-11-25 10:57:48)
[2025-11-25 10:20:13]   [emp_id: 3134] SKIPPED: Already updated today (2025-11-25 10:57:48)
[2025-11-25 10:20:13]   [emp_id: 3140] SKIPPED: Already updated today (2025-11-25 10:57:48)
[2025-11-25 10:20:13]   [emp_id: 3144] SKIPPED: Already updated today (2025-11-25 10:57:48)
[2025-11-25 10:20:13]   [emp_id: 3156] SKIPPED: Already updated today (2025-11-25 10:57:48)
[2025-11-25 10:20:13]   [emp_id: 3162] SKIPPED: Already updated today (2025-11-25 10:57:48)
[2025-11-25 10:20:13]   [emp_id: 3163] SKIPPED: Already updated today (2025-11-25 10:57:48)
[2025-11-25 10:20:13]   [emp_id: 3198] SKIPPED: Already updated today (2025-11-25 10:57:48)
[2025-11-25 10:20:13]   [emp_id: 3205] SKIPPED: Already updated today (2025-11-25 10:57:48)
[2025-11-25 10:20:13]   [emp_id: 3209] SKIPPED: Already updated today (2025-11-25 10:57:48)
[2025-11-25 10:20:13]   [emp_id: 3223] SKIPPED: Already updated today (2025-11-25 10:57:48)
[2025-11-25 10:20:13]   [emp_id: 3224] SKIPPED: Already updated today (2025-11-25 10:57:48)
[2025-11-25 10:20:13]   [emp_id: 3230] SKIPPED: Already updated today (2025-11-25 10:57:48)
[2025-11-25 10:20:13]   [emp_id: 3231] SKIPPED: Already updated today (2025-11-25 10:57:48)
[2025-11-25 10:20:13]   [emp_id: 3233] SKIPPED: Already updated today (2025-11-25 10:57:48)
[2025-11-25 10:20:13]   [emp_id: 3249] SKIPPED: Already updated today (2025-11-25 10:57:48)
[2025-11-25 10:20:13]   [emp_id: 3250] SKIPPED: Already updated today (2025-11-25 10:57:48)
[2025-11-25 10:20:13]   [emp_id: 3252] SKIPPED: Already updated today (2025-11-25 10:57:48)
[2025-11-25 10:20:13]   [emp_id: 3254] SKIPPED: Already updated today (2025-11-25 10:57:48)
[2025-11-25 10:20:13]   [emp_id: 3255] SKIPPED: Already updated today (2025-11-25 10:57:48)
[2025-11-25 10:20:13]   [emp_id: 3256] SKIPPED: Already updated today (2025-11-25 10:57:48)
[2025-11-25 10:20:13]   [emp_id: 3263] SKIPPED: Already updated today (2025-11-25 10:57:48)
[2025-11-25 10:20:13]   [emp_id: 3265] SKIPPED: Already updated today (2025-11-25 10:57:48)
[2025-11-25 10:20:13]   [emp_id: 3280] SKIPPED: Already updated today (2025-11-25 10:57:48)
[2025-11-25 10:20:13]   [emp_id: 3286] SKIPPED: Already updated today (2025-11-25 10:57:48)
[2025-11-25 10:20:13]   [emp_id: 3294] SKIPPED: Already updated today (2025-11-25 10:57:48)
[2025-11-25 10:20:13]   [emp_id: 3321] SKIPPED: Already updated today (2025-11-25 10:57:48)
[2025-11-25 10:20:13]   [emp_id: 3325] SKIPPED: Already updated today (2025-11-25 10:57:48)
[2025-11-25 10:20:13]   [emp_id: 3329] SKIPPED: Already updated today (2025-11-25 10:57:48)
[2025-11-25 10:20:13]   [emp_id: 3330] SKIPPED: Already updated today (2025-11-25 10:57:48)
[2025-11-25 10:20:13]   [emp_id: 3332] SKIPPED: Already updated today (2025-11-25 10:57:48)
[2025-11-25 10:20:13]   [emp_id: 3370] SKIPPED: Already updated today (2025-11-25 10:57:48)
[2025-11-25 10:20:13]   [emp_id: 3384] SKIPPED: Already updated today (2025-11-25 10:57:48)
[2025-11-25 10:20:13]   [emp_id: 3386] SKIPPED: Already updated today (2025-11-25 10:57:48)
[2025-11-25 10:20:13]   [emp_id: 3431] SKIPPED: Already updated today (2025-11-25 10:57:48)
[2025-11-25 10:20:13]   [emp_id: 3497] SKIPPED: Already updated today (2025-11-25 10:57:48)
[2025-11-25 10:20:13]   [emp_id: 3532] SKIPPED: Already updated today (2025-11-25 10:57:48)
[2025-11-25 10:20:13]   [emp_id: 3586] SKIPPED: Already updated today (2025-11-25 10:57:48)
[2025-11-25 10:20:13]   [emp_id: 3602] SKIPPED: Already updated today (2025-11-25 10:57:48)
[2025-11-25 10:20:13]   [emp_id: 3618] SKIPPED: Already updated today (2025-11-25 10:57:48)
[2025-11-25 10:20:13]   [emp_id: 3622] SKIPPED: Already updated today (2025-11-25 10:57:48)
[2025-11-25 10:20:13]   [emp_id: 3627] SKIPPED: Already updated today (2025-11-25 10:57:48)
[2025-11-25 10:20:13]   [emp_id: 3665] SKIPPED: Already updated today (2025-11-25 10:57:48)
[2025-11-25 10:20:13]   [emp_id: 3705] SKIPPED: Already updated today (2025-11-25 10:57:48)
[2025-11-25 10:20:13]   [emp_id: 3724] SKIPPED: Already updated today (2025-11-25 10:57:48)
[2025-11-25 10:20:13]   [emp_id: 3726] SKIPPED: Already updated today (2025-11-25 10:57:48)
[2025-11-25 10:20:13]   [emp_id: 3727] SKIPPED: Already updated today (2025-11-25 10:57:48)
[2025-11-25 10:20:13]   [emp_id: 3728] SKIPPED: Already updated today (2025-11-25 10:57:48)
[2025-11-25 10:20:13]   [emp_id: 3742] SKIPPED: Already updated today (2025-11-25 10:57:48)
[2025-11-25 10:20:13]   [emp_id: 3767] SKIPPED: Already updated today (2025-11-25 10:57:48)
[2025-11-25 10:20:13]   [emp_id: 3768] SKIPPED: Already updated today (2025-11-25 10:57:48)
[2025-11-25 10:20:13]   [emp_id: 3787] SKIPPED: Already updated today (2025-11-25 10:57:48)
[2025-11-25 10:20:13]   [emp_id: 3790] SKIPPED: Already updated today (2025-11-25 10:57:48)
[2025-11-25 10:20:13]   [emp_id: 3795] SKIPPED: Already updated today (2025-11-25 10:57:48)
[2025-11-25 10:20:13]   [emp_id: 3798] SKIPPED: Already updated today (2025-11-25 10:57:48)
[2025-11-25 10:20:13]   [emp_id: 3801] SKIPPED: Already updated today (2025-11-25 10:57:48)
[2025-11-25 10:20:13]   [emp_id: 3802] SKIPPED: Already updated today (2025-11-25 10:57:48)
[2025-11-25 10:20:13]   [emp_id: 3803] SKIPPED: Already updated today (2025-11-25 10:57:48)
[2025-11-25 10:20:13]   [emp_id: 3810] SKIPPED: Already updated today (2025-11-25 10:57:48)
[2025-11-25 10:20:13]   [emp_id: 3812] SKIPPED: Already updated today (2025-11-25 10:57:48)
[2025-11-25 10:20:13]   [emp_id: 3815] SKIPPED: Already updated today (2025-11-25 10:57:48)
[2025-11-25 10:20:13]   [emp_id: 3836] SKIPPED: Already updated today (2025-11-25 10:57:48)
[2025-11-25 10:20:13]   [emp_id: 3855] SKIPPED: Already updated today (2025-11-25 10:57:48)
[2025-11-25 10:20:13]   [emp_id: 3857] SKIPPED: Already updated today (2025-11-25 10:57:48)
[2025-11-25 10:20:13]   [emp_id: 3862] SKIPPED: Already updated today (2025-11-25 10:57:48)
[2025-11-25 10:20:13]   [emp_id: 3866] SKIPPED: Already updated today (2025-11-25 10:57:48)
[2025-11-25 10:20:13]   [emp_id: 3876] SKIPPED: Already updated today (2025-11-25 10:57:48)
[2025-11-25 10:20:13]   [emp_id: 3877] SKIPPED: Already updated today (2025-11-25 10:57:48)
[2025-11-25 10:20:13]   [emp_id: 3897] SKIPPED: Already updated today (2025-11-25 10:57:48)
[2025-11-25 10:20:13]   [emp_id: 3899] SKIPPED: Already updated today (2025-11-25 10:57:48)
[2025-11-25 10:20:13]   [emp_id: 3928] SKIPPED: Already updated today (2025-11-25 10:57:48)
[2025-11-25 10:20:13]   [emp_id: 3929] SKIPPED: Already updated today (2025-11-25 10:57:48)
[2025-11-25 10:20:13]   [emp_id: 3935] SKIPPED: Already updated today (2025-11-25 10:57:48)
[2025-11-25 10:20:13]   [emp_id: 3952] SKIPPED: Already updated today (2025-11-25 10:57:48)
[2025-11-25 10:20:13]   [emp_id: 3987] SKIPPED: Already updated today (2025-11-25 10:57:48)
[2025-11-25 10:20:13]   [emp_id: 4059] SKIPPED: Already updated today (2025-11-25 10:57:48)
[2025-11-25 10:20:13]   [emp_id: 4119] SKIPPED: Already updated today (2025-11-25 10:57:48)
[2025-11-25 10:20:13]   [emp_id: 4120] SKIPPED: Already updated today (2025-11-25 10:57:48)
[2025-11-25 10:20:13]   [emp_id: 4124] SKIPPED: Already updated today (2025-11-25 10:57:48)
[2025-11-25 10:20:13]   [emp_id: 4133] SKIPPED: Already updated today (2025-11-25 10:57:48)
[2025-11-25 10:20:13]   [emp_id: 4134] SKIPPED: Already updated today (2025-11-25 10:57:48)
[2025-11-25 10:20:13]   [emp_id: 4136] SKIPPED: Already updated today (2025-11-25 10:57:48)
[2025-11-25 10:20:13]   [emp_id: 4150] SKIPPED: Already updated today (2025-11-25 10:57:48)
[2025-11-25 10:20:13]   [emp_id: 4157] SKIPPED: Already updated today (2025-11-25 10:57:48)
[2025-11-25 10:20:13]   [emp_id: 4172] SKIPPED: Already updated today (2025-11-25 10:57:48)
[2025-11-25 10:20:13]   [emp_id: 4195] SKIPPED: Already updated today (2025-11-25 10:57:48)
[2025-11-25 10:20:13]   [emp_id: 4215] SKIPPED: Already updated today (2025-11-25 10:57:48)
[2025-11-25 10:20:13]   [emp_id: 4220] SKIPPED: Already updated today (2025-11-25 10:57:48)
[2025-11-25 10:20:13]   [emp_id: 4273] SKIPPED: Already updated today (2025-11-25 10:57:48)
[2025-11-25 10:20:13]   [emp_id: 4283] SKIPPED: Already updated today (2025-11-25 10:57:48)
[2025-11-25 10:20:13]   [emp_id: 4288] SKIPPED: Already updated today (2025-11-25 10:57:48)
[2025-11-25 10:20:13]   [emp_id: 4315] SKIPPED: Already updated today (2025-11-25 10:57:48)
[2025-11-25 10:20:13]   [emp_id: 4328] SKIPPED: Already updated today (2025-11-25 10:57:49)
[2025-11-25 10:20:13]   [emp_id: 4329] SKIPPED: Already updated today (2025-11-25 10:57:49)
[2025-11-25 10:20:13]   [emp_id: 4338] SKIPPED: Already updated today (2025-11-25 10:57:49)
[2025-11-25 10:20:13]   [emp_id: 4340] SKIPPED: Already updated today (2025-11-25 10:57:49)
[2025-11-25 10:20:13]   [emp_id: 4365] SKIPPED: Already updated today (2025-11-25 10:57:49)
[2025-11-25 10:20:13]   [emp_id: 4366] SKIPPED: Already updated today (2025-11-25 10:57:49)
[2025-11-25 10:20:13]   [emp_id: 4385] SKIPPED: Already updated today (2025-11-25 10:57:49)
[2025-11-25 10:20:13]   [emp_id: 4403] SKIPPED: Already updated today (2025-11-25 10:57:49)
[2025-11-25 10:20:13]   [emp_id: 4438] SKIPPED: Already updated today (2025-11-25 10:57:49)
[2025-11-25 10:20:13]   [emp_id: 4465] SKIPPED: Already updated today (2025-11-25 10:57:49)
[2025-11-25 10:20:13]   [emp_id: 4473] SKIPPED: Already updated today (2025-11-25 10:57:49)
[2025-11-25 10:20:13]   [emp_id: 4474] SKIPPED: Already updated today (2025-11-25 10:57:49)
[2025-11-25 10:20:13]   [emp_id: 4493] SKIPPED: Already updated today (2025-11-25 10:57:49)
[2025-11-25 10:20:13]   [emp_id: 4526] SKIPPED: Already updated today (2025-11-25 10:57:49)
[2025-11-25 10:20:13]   [emp_id: 4528] SKIPPED: Already updated today (2025-11-25 10:57:49)
[2025-11-25 10:20:13]   [emp_id: 4528] SKIPPED: Already updated today (2025-11-25 10:57:49)
[2025-11-25 10:20:13]   [emp_id: 4532] SKIPPED: Already updated today (2025-11-25 10:57:49)
[2025-11-25 10:20:13]   [emp_id: 4533] SKIPPED: Already updated today (2025-11-25 10:57:49)
[2025-11-25 10:20:13]   [emp_id: 4564] SKIPPED: Already updated today (2025-11-25 10:57:49)
[2025-11-25 10:20:13]   [emp_id: 4565] SKIPPED: Already updated today (2025-11-25 10:57:49)
[2025-11-25 10:20:13]   [emp_id: 4567] SKIPPED: Already updated today (2025-11-25 10:57:49)
[2025-11-25 10:20:13]   [emp_id: 4572] SKIPPED: Already updated today (2025-11-25 10:57:49)
[2025-11-25 10:20:13]   [emp_id: 4631] SKIPPED: Already updated today (2025-11-25 10:57:49)
[2025-11-25 10:20:13]   [emp_id: 4655] SKIPPED: Already updated today (2025-11-25 10:57:49)
[2025-11-25 10:20:13]   [emp_id: 4689] SKIPPED: Already updated today (2025-11-25 10:57:49)
[2025-11-25 10:20:13]   [emp_id: 4709] SKIPPED: Already updated today (2025-11-25 10:57:49)
[2025-11-25 10:20:13]   [emp_id: 4717] SKIPPED: Already updated today (2025-11-25 10:57:49)
[2025-11-25 10:20:13]   [emp_id: 4736] SKIPPED: Already updated today (2025-11-25 10:57:49)
[2025-11-25 10:20:13]   [emp_id: 4756] SKIPPED: Already updated today (2025-11-25 10:57:49)
[2025-11-25 10:20:13]   [emp_id: 4768] SKIPPED: Already updated today (2025-11-25 10:57:49)
[2025-11-25 10:20:13]   [emp_id: 4780] SKIPPED: Already updated today (2025-11-25 10:57:49)
[2025-11-25 10:20:13]   [emp_id: 4820] SKIPPED: Already updated today (2025-11-25 10:57:49)
[2025-11-25 10:20:13]   [emp_id: 4825] SKIPPED: Already updated today (2025-11-25 10:57:49)
[2025-11-25 10:20:13]   [emp_id: 4835] SKIPPED: Already updated today (2025-11-25 10:57:49)
[2025-11-25 10:20:13]   [emp_id: 4837] SKIPPED: Already updated today (2025-11-25 10:57:49)
[2025-11-25 10:20:13]   [emp_id: 4838] SKIPPED: Already updated today (2025-11-25 10:57:49)
[2025-11-25 10:20:13]   [emp_id: 4840] SKIPPED: Already updated today (2025-11-25 10:57:49)
[2025-11-25 10:20:13]   [emp_id: 4842] SKIPPED: Already updated today (2025-11-25 10:57:49)
[2025-11-25 10:20:13]   [emp_id: 4843] SKIPPED: Already updated today (2025-11-25 10:57:49)
[2025-11-25 10:20:13]   [emp_id: 4853] SKIPPED: Already updated today (2025-11-25 10:57:49)
[2025-11-25 10:20:13]   [emp_id: 4856] SKIPPED: Already updated today (2025-11-25 10:57:49)
[2025-11-25 10:20:13]   [emp_id: 4857] SKIPPED: Already updated today (2025-11-25 10:57:49)
[2025-11-25 10:20:13]   [emp_id: 4858] SKIPPED: Already updated today (2025-11-25 10:57:49)
[2025-11-25 10:20:13]   [emp_id: 4859] SKIPPED: Already updated today (2025-11-25 10:57:49)
[2025-11-25 10:20:13]   [emp_id: 4860] SKIPPED: Already updated today (2025-11-25 10:57:49)
[2025-11-25 10:20:13]   [emp_id: 4861] SKIPPED: Already updated today (2025-11-25 10:57:49)
[2025-11-25 10:20:13]   [emp_id: 4869] SKIPPED: Already updated today (2025-11-25 10:57:49)
[2025-11-25 10:20:13]   [emp_id: 4894] SKIPPED: Already updated today (2025-11-25 10:57:49)
[2025-11-25 10:20:13]   [emp_id: 4897] SKIPPED: Already updated today (2025-11-25 10:57:49)
[2025-11-25 10:20:13]   [emp_id: 4899] SKIPPED: Already updated today (2025-11-25 10:57:49)
[2025-11-25 10:20:13]   [emp_id: 4902] SKIPPED: Already updated today (2025-11-25 10:57:49)
[2025-11-25 10:20:13]   [emp_id: 4903] SKIPPED: Already updated today (2025-11-25 10:57:49)
[2025-11-25 10:20:13]   [emp_id: 4905] SKIPPED: Already updated today (2025-11-25 10:57:49)
[2025-11-25 10:20:13]   [emp_id: 4907] SKIPPED: Already updated today (2025-11-25 10:57:49)
[2025-11-25 10:20:13]   [emp_id: 4917] SKIPPED: Already updated today (2025-11-25 10:57:49)
[2025-11-25 10:20:13]   [emp_id: 4918] SKIPPED: Already updated today (2025-11-25 10:57:49)
[2025-11-25 10:20:13]   [emp_id: 4919] SKIPPED: Already updated today (2025-11-25 10:57:49)
[2025-11-25 10:20:13]   [emp_id: 4920] SKIPPED: Already updated today (2025-11-25 10:57:49)
[2025-11-25 10:20:13]   [emp_id: 4921] SKIPPED: Already updated today (2025-11-25 10:57:49)
[2025-11-25 10:20:13]   [emp_id: 4927] SKIPPED: Already updated today (2025-11-25 10:57:49)
[2025-11-25 10:20:13]   [emp_id: 4929] SKIPPED: Already updated today (2025-11-25 10:57:49)
[2025-11-25 10:20:13]   [emp_id: 4930] SKIPPED: Already updated today (2025-11-25 10:57:49)
[2025-11-25 10:20:13]   [emp_id: 4932] SKIPPED: Already updated today (2025-11-25 10:57:49)
[2025-11-25 10:20:13]   [emp_id: 4933] SKIPPED: Already updated today (2025-11-25 10:57:49)
[2025-11-25 10:20:13]   [emp_id: 4949] SKIPPED: Already updated today (2025-11-25 10:57:49)
[2025-11-25 10:20:13]   [emp_id: 4956] SKIPPED: Already updated today (2025-11-25 10:57:49)
[2025-11-25 10:20:13]   [emp_id: 4957] SKIPPED: Already updated today (2025-11-25 10:57:49)
[2025-11-25 10:20:13]   [emp_id: 4962] SKIPPED: Already updated today (2025-11-25 10:57:49)
[2025-11-25 10:20:13]   [emp_id: 4969] SKIPPED: Already updated today (2025-11-25 10:57:49)
[2025-11-25 10:20:13]   [emp_id: 4976] SKIPPED: Already updated today (2025-11-25 10:57:49)
[2025-11-25 10:20:13]   [emp_id: 4984] SKIPPED: Already updated today (2025-11-25 10:57:49)
[2025-11-25 10:20:13]   [emp_id: 4995] SKIPPED: Already updated today (2025-11-25 10:57:49)
[2025-11-25 10:20:13]   [emp_id: 5004] SKIPPED: Already updated today (2025-11-25 10:57:49)
[2025-11-25 10:20:13]   [emp_id: 5006] SKIPPED: Already updated today (2025-11-25 10:57:49)
[2025-11-25 10:20:13]   [emp_id: 5011] SKIPPED: Already updated today (2025-11-25 10:57:49)
[2025-11-25 10:20:13]   [emp_id: 5013] SKIPPED: Already updated today (2025-11-25 10:57:49)
[2025-11-25 10:20:13]   [emp_id: 5018] SKIPPED: Already updated today (2025-11-25 10:57:49)
[2025-11-25 10:20:13]   [emp_id: 5021] SKIPPED: Already updated today (2025-11-25 10:57:49)
[2025-11-25 10:20:13]   [emp_id: 5021] SKIPPED: Already updated today (2025-11-25 10:57:49)
[2025-11-25 10:20:13]   [emp_id: 5024] SKIPPED: Already updated today (2025-11-25 10:57:49)
[2025-11-25 10:20:13]   [emp_id: 5029] SKIPPED: Already updated today (2025-11-25 10:57:49)
[2025-11-25 10:20:13]   [emp_id: 5030] SKIPPED: Already updated today (2025-11-25 10:57:49)
[2025-11-25 10:20:13]   [emp_id: 5033] SKIPPED: Already updated today (2025-11-25 10:57:49)
[2025-11-25 10:20:13]   [emp_id: 5043] SKIPPED: Already updated today (2025-11-25 10:57:49)
[2025-11-25 10:20:13]   [emp_id: 5045] SKIPPED: Already updated today (2025-11-25 10:57:49)
[2025-11-25 10:20:13]   [emp_id: 5046] SKIPPED: Already updated today (2025-11-25 10:57:49)
[2025-11-25 10:20:13]   [emp_id: 5049] SKIPPED: Already updated today (2025-11-25 10:57:49)
[2025-11-25 10:20:13]   [emp_id: 5052] SKIPPED: Already updated today (2025-11-25 10:57:49)
[2025-11-25 10:20:13]   [emp_id: 5055] SKIPPED: Already updated today (2025-11-25 10:57:49)
[2025-11-25 10:20:13]   [emp_id: 5058] SKIPPED: Already updated today (2025-11-25 10:57:49)
[2025-11-25 10:20:13]   [emp_id: 5062] SKIPPED: Already updated today (2025-11-25 10:57:49)
[2025-11-25 10:20:13]   [emp_id: 5064] SKIPPED: Already updated today (2025-11-25 10:57:49)
[2025-11-25 10:20:13]   [emp_id: 5065] SKIPPED: Already updated today (2025-11-25 10:57:49)
[2025-11-25 10:20:13]   [emp_id: 5071] SKIPPED: Already updated today (2025-11-25 10:57:49)
[2025-11-25 10:20:13]   [emp_id: 5073] SKIPPED: Already updated today (2025-11-25 10:57:49)
[2025-11-25 10:20:13]   [emp_id: 5079] SKIPPED: Already updated today (2025-11-25 10:57:49)
[2025-11-25 10:20:13]   [emp_id: 5080] SKIPPED: Already updated today (2025-11-25 10:57:49)
[2025-11-25 10:20:13]   [emp_id: 5081] SKIPPED: Already updated today (2025-11-25 10:57:49)
[2025-11-25 10:20:13]   [emp_id: 5087] SKIPPED: Already updated today (2025-11-25 10:57:49)
[2025-11-25 10:20:13]   [emp_id: 5091] SKIPPED: Already updated today (2025-11-25 10:57:49)
[2025-11-25 10:20:13]   [emp_id: 5093] SKIPPED: Already updated today (2025-11-25 10:57:49)
[2025-11-25 10:20:13]   [emp_id: 5095] SKIPPED: Already updated today (2025-11-25 10:57:49)
[2025-11-25 10:20:13]   [emp_id: 5101] SKIPPED: Already updated today (2025-11-25 10:57:49)
[2025-11-25 10:20:13]   [emp_id: 5107] SKIPPED: Already updated today (2025-11-25 10:57:49)
[2025-11-25 10:20:13]   [emp_id: 5109] SKIPPED: Already updated today (2025-11-25 10:57:49)
[2025-11-25 10:20:13]   [emp_id: 5115] SKIPPED: Already updated today (2025-11-25 10:57:49)
[2025-11-25 10:20:13]   [emp_id: 5116] SKIPPED: Already updated today (2025-11-25 10:57:49)
[2025-11-25 10:20:13]   [emp_id: 5119] SKIPPED: Already updated today (2025-11-25 10:57:49)
[2025-11-25 10:20:13]   [emp_id: 5122] SKIPPED: Already updated today (2025-11-25 10:57:49)
[2025-11-25 10:20:13]   [emp_id: 5126] SKIPPED: Already updated today (2025-11-25 10:57:49)
[2025-11-25 10:20:13]   [emp_id: 5127] SKIPPED: Already updated today (2025-11-25 10:57:49)
[2025-11-25 10:20:13]   [emp_id: 5128] SKIPPED: Already updated today (2025-11-25 10:57:49)
[2025-11-25 10:20:13]   [emp_id: 5138] SKIPPED: Already updated today (2025-11-25 10:57:49)
[2025-11-25 10:20:13]   [emp_id: 5138] SKIPPED: Already updated today (2025-11-25 10:57:49)
[2025-11-25 10:20:13]   [emp_id: 5141] SKIPPED: Already updated today (2025-11-25 10:57:49)
[2025-11-25 10:20:13]   [emp_id: 5142] SKIPPED: Already updated today (2025-11-25 10:57:49)
[2025-11-25 10:20:13]   [emp_id: 5146] SKIPPED: Already updated today (2025-11-25 10:57:49)
[2025-11-25 10:20:13]   [emp_id: 5147] SKIPPED: Already updated today (2025-11-25 10:57:49)
[2025-11-25 10:20:13]   [emp_id: 5148] SKIPPED: Already updated today (2025-11-25 10:57:49)
[2025-11-25 10:20:13]   [emp_id: 5149] SKIPPED: Already updated today (2025-11-25 10:57:50)
[2025-11-25 10:20:13]   [emp_id: 5150] SKIPPED: Already updated today (2025-11-25 10:57:50)
[2025-11-25 10:20:13]   [emp_id: 5151] SKIPPED: Already updated today (2025-11-25 10:57:50)
[2025-11-25 10:20:13]   [emp_id: 5152] SKIPPED: Already updated today (2025-11-25 10:57:50)
[2025-11-25 10:20:13]   [emp_id: 5157] SKIPPED: Already updated today (2025-11-25 10:57:50)
[2025-11-25 10:20:13]   [emp_id: 5160] SKIPPED: Already updated today (2025-11-25 10:57:50)
[2025-11-25 10:20:13]   [emp_id: 5161] SKIPPED: Already updated today (2025-11-25 10:57:50)
[2025-11-25 10:20:13]   [emp_id: 5163] SKIPPED: Already updated today (2025-11-25 10:57:50)
[2025-11-25 10:20:13]   [emp_id: 5165] SKIPPED: Already updated today (2025-11-25 10:57:50)
[2025-11-25 10:20:13]   [emp_id: 5167] SKIPPED: Already updated today (2025-11-25 10:57:50)
[2025-11-25 10:20:13]   [emp_id: 5168] SKIPPED: Already updated today (2025-11-25 10:57:50)
[2025-11-25 10:20:13]   [emp_id: 5173] SKIPPED: Already updated today (2025-11-25 10:57:50)
[2025-11-25 10:20:13]   [emp_id: 5174] SKIPPED: Already updated today (2025-11-25 10:57:50)
[2025-11-25 10:20:13]   [emp_id: 5181] SKIPPED: Already updated today (2025-11-25 10:57:50)
[2025-11-25 10:20:13]   [emp_id: 5186] SKIPPED: Already updated today (2025-11-25 10:57:50)
[2025-11-25 10:20:13]   [emp_id: 5187] SKIPPED: Already updated today (2025-11-25 10:57:50)
[2025-11-25 10:20:13]   [emp_id: 5204] SKIPPED: Already updated today (2025-11-25 10:57:50)
[2025-11-25 10:20:13]   [emp_id: 5205] SKIPPED: Already updated today (2025-11-25 10:57:50)
[2025-11-25 10:20:13]   [emp_id: 5209] SKIPPED: Already updated today (2025-11-25 10:57:50)
[2025-11-25 10:20:13]   [emp_id: 5211] SKIPPED: Already updated today (2025-11-25 10:57:50)
[2025-11-25 10:20:13]   [emp_id: 5213] SKIPPED: Already updated today (2025-11-25 10:57:50)
[2025-11-25 10:20:13]   [emp_id: 5214] SKIPPED: Already updated today (2025-11-25 10:57:50)
[2025-11-25 10:20:13]   [emp_id: 5215] SKIPPED: Already updated today (2025-11-25 10:57:50)
[2025-11-25 10:20:13]   [emp_id: 5217] SKIPPED: Already updated today (2025-11-25 10:57:50)
[2025-11-25 10:20:13]   [emp_id: 5218] SKIPPED: Already updated today (2025-11-25 10:57:50)
[2025-11-25 10:20:13]   [emp_id: 5219] SKIPPED: Already updated today (2025-11-25 10:57:50)
[2025-11-25 10:20:13]   [emp_id: 5221] SKIPPED: Already updated today (2025-11-25 10:57:50)
[2025-11-25 10:20:13]   [emp_id: 5224] SKIPPED: Already updated today (2025-11-25 10:57:50)
[2025-11-25 10:20:13]   [emp_id: 5225] SKIPPED: Already updated today (2025-11-25 10:57:50)
[2025-11-25 10:20:13]   [emp_id: 5228] SKIPPED: Already updated today (2025-11-25 10:57:50)
[2025-11-25 10:20:13]   [emp_id: 5229] SKIPPED: Already updated today (2025-11-25 10:57:50)
[2025-11-25 10:20:13]   [emp_id: 5230] SKIPPED: Already updated today (2025-11-25 10:57:50)
[2025-11-25 10:20:13]   [emp_id: 5231] SKIPPED: Already updated today (2025-11-25 10:57:50)
[2025-11-25 10:20:13]   [emp_id: 5232] SKIPPED: Already updated today (2025-11-25 10:57:50)
[2025-11-25 10:20:13]   [emp_id: 5233] SKIPPED: Already updated today (2025-11-25 10:57:50)
[2025-11-25 10:20:13]   [emp_id: 5234] SKIPPED: Already updated today (2025-11-25 10:57:50)
[2025-11-25 10:20:13]   [emp_id: 5235] SKIPPED: Already updated today (2025-11-25 10:57:50)
[2025-11-25 10:20:13]   [emp_id: 5237] SKIPPED: Already updated today (2025-11-25 10:57:50)
[2025-11-25 10:20:13]   [emp_id: 5238] SKIPPED: Already updated today (2025-11-25 11:10:58)
[2025-11-25 10:20:13]   [emp_id: 5239] SKIPPED: Already updated today (2025-11-25 10:57:50)
[2025-11-25 10:20:13]   [emp_id: 5241] SKIPPED: Already updated today (2025-11-25 10:57:50)
[2025-11-25 10:20:13]   [emp_id: 5242] SKIPPED: Already updated today (2025-11-25 10:57:50)
[2025-11-25 10:20:13]   [emp_id: 5243] SKIPPED: Already updated today (2025-11-25 10:57:50)
[2025-11-25 10:20:13]   [emp_id: 5244] SKIPPED: Already updated today (2025-11-25 10:57:50)
[2025-11-25 10:20:13]   [emp_id: 5246] SKIPPED: Already updated today (2025-11-25 10:57:50)
[2025-11-25 10:20:13]   [emp_id: 5253] SKIPPED: Already updated today (2025-11-25 10:57:50)
[2025-11-25 10:20:13]   [emp_id: 5254] SKIPPED: Already updated today (2025-11-25 10:57:50)
[2025-11-25 10:20:13]   [emp_id: 5257] SKIPPED: Already updated today (2025-11-25 10:57:50)
[2025-11-25 10:20:13]   [emp_id: 5259] SKIPPED: Already updated today (2025-11-25 10:57:50)
[2025-11-25 10:20:13]   [emp_id: 5261] SKIPPED: Already updated today (2025-11-25 10:57:50)
[2025-11-25 10:20:13]   [emp_id: 5264] SKIPPED: Already updated today (2025-11-25 10:57:50)
[2025-11-25 10:20:13]   [emp_id: 5266] SKIPPED: Already updated today (2025-11-25 10:57:50)
[2025-11-25 10:20:13]   [emp_id: 5268] SKIPPED: Already updated today (2025-11-25 10:57:50)
[2025-11-25 10:20:13]   [emp_id: 5271] SKIPPED: Already updated today (2025-11-25 10:57:50)
[2025-11-25 10:20:13]   [emp_id: 5272] SKIPPED: Already updated today (2025-11-25 10:57:50)
[2025-11-25 10:20:13]   [emp_id: 5273] SKIPPED: Already updated today (2025-11-25 10:57:50)
[2025-11-25 10:20:13]   [emp_id: 5275] SKIPPED: Already updated today (2025-11-25 10:57:50)
[2025-11-25 10:20:13]   [emp_id: 5276] SKIPPED: Already updated today (2025-11-25 10:57:50)
[2025-11-25 10:20:13]   [emp_id: 5278] SKIPPED: Already updated today (2025-11-25 10:57:50)
[2025-11-25 10:20:13]   [emp_id: 5280] SKIPPED: Already updated today (2025-11-25 10:57:50)
[2025-11-25 10:20:13]   [emp_id: 5282] SKIPPED: Already updated today (2025-11-25 10:57:50)
[2025-11-25 10:20:13]   [emp_id: 5285] SKIPPED: Already updated today (2025-11-25 10:57:50)
[2025-11-25 10:20:13]   [emp_id: 5286] SKIPPED: Already updated today (2025-11-25 10:57:50)
[2025-11-25 10:20:13]   [emp_id: 5287] SKIPPED: Already updated today (2025-11-25 10:57:50)
[2025-11-25 10:20:13]   [emp_id: 5288] SKIPPED: Already updated today (2025-11-25 10:57:50)
[2025-11-25 10:20:13]   [emp_id: 5289] SKIPPED: Already updated today (2025-11-25 10:57:50)
[2025-11-25 10:20:13]   [emp_id: 5290] SKIPPED: Already updated today (2025-11-25 10:57:50)
[2025-11-25 10:20:13]   [emp_id: 5291] SKIPPED: Already updated today (2025-11-25 10:57:50)
[2025-11-25 10:20:13]   [emp_id: 5292] SKIPPED: Already updated today (2025-11-25 10:57:50)
[2025-11-25 10:20:13]   [emp_id: 5293] SKIPPED: Already updated today (2025-11-25 10:57:50)
[2025-11-25 10:20:13]   [emp_id: 5294] SKIPPED: Already updated today (2025-11-25 10:57:50)
[2025-11-25 10:20:13]   [emp_id: 5295] SKIPPED: Already updated today (2025-11-25 10:57:50)
[2025-11-25 10:20:13]   [emp_id: 5296] SKIPPED: Already updated today (2025-11-25 10:57:50)
[2025-11-25 10:20:13]   [emp_id: 5297] SKIPPED: Already updated today (2025-11-25 10:57:50)
[2025-11-25 10:20:13]   [emp_id: 5298] SKIPPED: Already updated today (2025-11-25 10:57:50)
[2025-11-25 10:20:13]   [emp_id: 5299] SKIPPED: Already updated today (2025-11-25 10:57:50)
[2025-11-25 10:20:13]   [emp_id: 5300] SKIPPED: Already updated today (2025-11-25 10:57:50)
[2025-11-25 10:20:13]   [emp_id: 5301] SKIPPED: Already updated today (2025-11-25 10:57:50)
[2025-11-25 10:20:13]   [emp_id: 5303] SKIPPED: Already updated today (2025-11-25 10:57:50)
[2025-11-25 10:20:13]   [emp_id: 5304] SKIPPED: Already updated today (2025-11-25 10:57:50)
[2025-11-25 10:20:13]   [emp_id: 5305] SKIPPED: Already updated today (2025-11-25 10:57:50)
[2025-11-25 10:20:13]   [emp_id: 5306] SKIPPED: Already updated today (2025-11-25 10:57:50)
[2025-11-25 10:20:13]   [emp_id: 5307] SKIPPED: Already updated today (2025-11-25 10:57:50)
[2025-11-25 10:20:13]   [emp_id: 5308] SKIPPED: Already updated today (2025-11-25 10:57:50)
[2025-11-25 10:20:13]   [emp_id: 5309] SKIPPED: Already updated today (2025-11-25 10:57:50)
[2025-11-25 10:20:13]   [emp_id: 5312] SKIPPED: Already updated today (2025-11-25 10:57:50)
[2025-11-25 10:20:13]   [emp_id: 5318] SKIPPED: Already updated today (2025-11-25 10:57:50)
[2025-11-25 10:20:13]   [emp_id: 5325] SKIPPED: Already updated today (2025-11-25 10:57:50)
[2025-11-25 10:20:13]   [emp_id: 5326] SKIPPED: Already updated today (2025-11-25 10:57:50)
[2025-11-25 10:20:13]   [emp_id: 5327] SKIPPED: Already updated today (2025-11-25 10:57:50)
[2025-11-25 10:20:13]   [emp_id: 5328] SKIPPED: Already updated today (2025-11-25 10:57:50)
[2025-11-25 10:20:13]   [emp_id: 5329] SKIPPED: Already updated today (2025-11-25 10:57:50)
[2025-11-25 10:20:13]   [emp_id: 5331] SKIPPED: Already updated today (2025-11-25 10:57:50)
[2025-11-25 10:20:13]   [emp_id: 5337] SKIPPED: Already updated today (2025-11-25 10:57:50)
[2025-11-25 10:20:13]   [emp_id: 5339] SKIPPED: Already updated today (2025-11-25 10:57:50)
[2025-11-25 10:20:13]   [emp_id: 5343] SKIPPED: Already updated today (2025-11-25 10:57:50)
[2025-11-25 10:20:13]   [emp_id: 5343] SKIPPED: Already updated today (2025-11-25 10:57:50)
[2025-11-25 10:20:13]   [emp_id: 5345] SKIPPED: Already updated today (2025-11-25 10:57:50)
[2025-11-25 10:20:13]   [emp_id: 5346] SKIPPED: Already updated today (2025-11-25 10:57:50)
[2025-11-25 10:20:13]   [emp_id: 5351] SKIPPED: Already updated today (2025-11-25 10:57:50)
[2025-11-25 10:20:13]   [emp_id: 5352] SKIPPED: Already updated today (2025-11-25 10:57:50)
[2025-11-25 10:20:13]   [emp_id: 5370] SKIPPED: Already updated today (2025-11-25 10:57:50)
[2025-11-25 10:20:13]   [emp_id: 5371] SKIPPED: Already updated today (2025-11-25 10:57:50)
[2025-11-25 10:20:13]   [emp_id: 5376] SKIPPED: Already updated today (2025-11-25 10:57:50)
[2025-11-25 10:20:13]   [emp_id: 5378] SKIPPED: Already updated today (2025-11-25 10:57:50)
[2025-11-25 10:20:13]   [emp_id: 5380] SKIPPED: Already updated today (2025-11-25 10:57:50)
[2025-11-25 10:20:13]   [emp_id: 5381] SKIPPED: Already updated today (2025-11-25 10:57:50)
[2025-11-25 10:20:13]   [emp_id: 5383] SKIPPED: Already updated today (2025-11-25 10:57:50)
[2025-11-25 10:20:13]   [emp_id: 5388] SKIPPED: Already updated today (2025-11-25 10:57:50)
[2025-11-25 10:20:13]   [emp_id: 5392] SKIPPED: Already updated today (2025-11-25 10:57:50)
[2025-11-25 10:20:13]   [emp_id: 5396] SKIPPED: Already updated today (2025-11-25 10:57:50)
[2025-11-25 10:20:13]   [emp_id: 5397] SKIPPED: Already updated today (2025-11-25 10:57:50)
[2025-11-25 10:20:13]   [emp_id: 5401] SKIPPED: Already updated today (2025-11-25 10:57:50)
[2025-11-25 10:20:13]   [emp_id: 5402] SKIPPED: Already updated today (2025-11-25 10:57:50)
[2025-11-25 10:20:13]   [emp_id: 5406] SKIPPED: Already updated today (2025-11-25 10:57:50)
[2025-11-25 10:20:13]   [emp_id: 5407] SKIPPED: Already updated today (2025-11-25 10:57:50)
[2025-11-25 10:20:13]   [emp_id: 5408] SKIPPED: Already updated today (2025-11-25 10:57:50)
[2025-11-25 10:20:13]   [emp_id: 5409] SKIPPED: Already updated today (2025-11-25 10:57:50)
[2025-11-25 10:20:13]   [emp_id: 5413] SKIPPED: Already updated today (2025-11-25 10:57:50)
[2025-11-25 10:20:13]   [emp_id: 5414] SKIPPED: Already updated today (2025-11-25 10:57:50)
[2025-11-25 10:20:13]   [emp_id: 5415] SKIPPED: Already updated today (2025-11-25 10:57:50)
[2025-11-25 10:20:13]   [emp_id: 5418] SKIPPED: Already updated today (2025-11-25 10:57:50)
[2025-11-25 10:20:13]   [emp_id: 5422] SKIPPED: Already updated today (2025-11-25 10:57:50)
[2025-11-25 10:20:13]   [emp_id: 5423] SKIPPED: Already updated today (2025-11-25 10:57:50)
[2025-11-25 10:20:13]   [emp_id: 5423] SKIPPED: Already updated today (2025-11-25 10:57:50)
[2025-11-25 10:20:13]   [emp_id: 5423] SKIPPED: Already updated today (2025-11-25 10:57:50)
[2025-11-25 10:20:13]   [emp_id: 5424] SKIPPED: Already updated today (2025-11-25 10:57:50)
[2025-11-25 10:20:13]   [emp_id: 5425] SKIPPED: Already updated today (2025-11-25 10:57:50)
[2025-11-25 10:20:13]   [emp_id: 5426] SKIPPED: Already updated today (2025-11-25 10:57:50)
[2025-11-25 10:20:13]   [emp_id: 5426] SKIPPED: Already updated today (2025-11-25 12:44:56)
[2025-11-25 10:20:13]   [emp_id: 5427] SKIPPED: Already updated today (2025-11-25 10:57:50)
[2025-11-25 10:20:13]   [emp_id: 5428] SKIPPED: Already updated today (2025-11-25 10:57:50)
[2025-11-25 10:20:13]   [emp_id: 5430] SKIPPED: Already updated today (2025-11-25 10:57:50)
[2025-11-25 10:20:13]   [emp_id: 5431] SKIPPED: Already updated today (2025-11-25 10:57:50)
[2025-11-25 10:20:13]   [emp_id: 5434] SKIPPED: Already updated today (2025-11-25 10:57:50)
[2025-11-25 10:20:13]   [emp_id: 5435] SKIPPED: Already updated today (2025-11-25 10:57:50)
[2025-11-25 10:20:13]   [emp_id: 5436] SKIPPED: Already updated today (2025-11-25 10:57:50)
[2025-11-25 10:20:13]   [emp_id: 5438] SKIPPED: Already updated today (2025-11-25 10:57:50)
[2025-11-25 10:20:13]   [emp_id: 5439] SKIPPED: Already updated today (2025-11-25 10:57:50)
[2025-11-25 10:20:13]   [emp_id: 5442] SKIPPED: Already updated today (2025-11-25 10:57:50)
[2025-11-25 10:20:13]   [emp_id: 5443] SKIPPED: Already updated today (2025-11-25 10:57:50)
[2025-11-25 10:20:13]   [emp_id: 5445] SKIPPED: Already updated today (2025-11-25 10:57:50)
[2025-11-25 10:20:13]   [emp_id: 5446] SKIPPED: Already updated today (2025-11-25 10:57:50)
[2025-11-25 10:20:13]   [emp_id: 5447] SKIPPED: Already updated today (2025-11-25 10:57:50)
[2025-11-25 10:20:13]   [emp_id: 5448] SKIPPED: Already updated today (2025-11-25 10:57:50)
[2025-11-25 10:20:13]   [emp_id: 5449] SKIPPED: Already updated today (2025-11-25 10:57:50)
[2025-11-25 10:20:13]   [emp_id: 5450] SKIPPED: Already updated today (2025-11-25 10:57:50)
[2025-11-25 10:20:13]   [emp_id: 5451] SKIPPED: Already updated today (2025-11-25 10:57:50)
[2025-11-25 10:20:13]   [emp_id: 5454] SKIPPED: Already updated today (2025-11-25 10:57:50)
[2025-11-25 10:20:13]   [emp_id: 5455] SKIPPED: Already updated today (2025-11-25 10:57:50)
[2025-11-25 10:20:13]   [emp_id: 5456] SKIPPED: Already updated today (2025-11-25 10:57:50)
[2025-11-25 10:20:13] 
[2025-11-25 10:20:13] ========== SUMMARY ==========
[2025-11-25 10:20:13] Total employees processed: 450
[2025-11-25 10:20:13] Records updated: 0
[2025-11-25 10:20:13] Balances changed: 0
[2025-11-25 10:20:13] Errors: 0
[2025-11-25 10:20:13] ========== CRON: Vacation Balance Update Completed ==========
[2025-11-25 10:20:13] 
[2025-11-25 10:53:09] ========== CRON: Vacation Balance Update Started ==========
[2025-11-25 10:53:09] Database connection established
[2025-11-25 10:53:09] Found 446 active employees with balance records to update
[2025-11-25 10:53:09] (Only employees with status=1 will be processed)
[2025-11-25 10:53:09]   [emp_id: 1061] SKIPPED: Already updated today (2025-11-25 10:57:47)
[2025-11-25 10:53:09]   [emp_id: 1496] SKIPPED: Already updated today (2025-11-25 10:57:47)
[2025-11-25 10:53:09]   [emp_id: 1500] SKIPPED: Already updated today (2025-11-25 10:57:47)
[2025-11-25 10:53:09]   [emp_id: 1574] SKIPPED: Already updated today (2025-11-25 10:57:47)
[2025-11-25 10:53:09]   [emp_id: 1673] SKIPPED: Already updated today (2025-11-25 10:57:47)
[2025-11-25 10:53:09]   [emp_id: 1685] SKIPPED: Already updated today (2025-11-25 10:57:47)
[2025-11-25 10:53:09]   [emp_id: 1764] SKIPPED: Already updated today (2025-11-25 10:57:47)
[2025-11-25 10:53:09]   [emp_id: 1805] SKIPPED: Already updated today (2025-11-25 10:57:47)
[2025-11-25 10:53:09]   [emp_id: 1822] SKIPPED: Already updated today (2025-11-25 10:57:47)
[2025-11-25 10:53:09]   [emp_id: 1837] SKIPPED: Already updated today (2025-11-25 10:57:47)
[2025-11-25 10:53:09]   [emp_id: 1857] SKIPPED: Already updated today (2025-11-25 10:57:47)
[2025-11-25 10:53:09]   [emp_id: 1861] SKIPPED: Already updated today (2025-11-25 10:57:47)
[2025-11-25 10:53:09]   [emp_id: 1872] SKIPPED: Already updated today (2025-11-25 10:57:47)
[2025-11-25 10:53:09]   [emp_id: 1897] SKIPPED: Already updated today (2025-11-25 10:57:47)
[2025-11-25 10:53:09]   [emp_id: 1916] SKIPPED: Already updated today (2025-11-25 10:57:47)
[2025-11-25 10:53:09]   [emp_id: 1928] SKIPPED: Already updated today (2025-11-25 10:57:47)
[2025-11-25 10:53:09]   [emp_id: 1931] SKIPPED: Already updated today (2025-11-25 10:57:47)
[2025-11-25 10:53:09]   [emp_id: 1944] SKIPPED: Already updated today (2025-11-25 10:57:47)
[2025-11-25 10:53:09]   [emp_id: 1996] SKIPPED: Already updated today (2025-11-25 10:57:47)
[2025-11-25 10:53:09]   [emp_id: 1997] SKIPPED: Already updated today (2025-11-25 10:57:47)
[2025-11-25 10:53:09]   [emp_id: 1998] SKIPPED: Already updated today (2025-11-25 10:57:47)
[2025-11-25 10:53:09]   [emp_id: 1999] SKIPPED: Already updated today (2025-11-25 10:57:47)
[2025-11-25 10:53:09]   [emp_id: 2009] SKIPPED: Already updated today (2025-11-25 10:57:47)
[2025-11-25 10:53:09]   [emp_id: 2048] SKIPPED: Already updated today (2025-11-25 10:57:47)
[2025-11-25 10:53:09]   [emp_id: 2057] SKIPPED: Already updated today (2025-11-25 10:57:47)
[2025-11-25 10:53:09]   [emp_id: 2079] SKIPPED: Already updated today (2025-11-25 10:57:47)
[2025-11-25 10:53:09]   [emp_id: 2181] SKIPPED: Already updated today (2025-11-25 10:57:47)
[2025-11-25 10:53:09]   [emp_id: 2190] SKIPPED: Already updated today (2025-11-25 10:57:47)
[2025-11-25 10:53:09]   [emp_id: 2212] SKIPPED: Already updated today (2025-11-25 10:57:47)
[2025-11-25 10:53:09]   [emp_id: 2226] SKIPPED: Already updated today (2025-11-25 10:57:47)
[2025-11-25 10:53:09]   [emp_id: 2238] SKIPPED: Already updated today (2025-11-25 10:57:47)
[2025-11-25 10:53:09]   [emp_id: 2285] SKIPPED: Already updated today (2025-11-25 10:57:47)
[2025-11-25 10:53:09]   [emp_id: 2287] SKIPPED: Already updated today (2025-11-25 10:57:47)
[2025-11-25 10:53:09]   [emp_id: 2288] SKIPPED: Already updated today (2025-11-25 10:57:48)
[2025-11-25 10:53:09]   [emp_id: 2290] SKIPPED: Already updated today (2025-11-25 10:57:48)
[2025-11-25 10:53:09]   [emp_id: 2316] SKIPPED: Already updated today (2025-11-25 10:57:48)
[2025-11-25 10:53:09]   [emp_id: 2337] SKIPPED: Already updated today (2025-11-25 10:57:48)
[2025-11-25 10:53:09]   [emp_id: 2352] SKIPPED: Already updated today (2025-11-25 10:57:48)
[2025-11-25 10:53:09]   [emp_id: 2358] SKIPPED: Already updated today (2025-11-25 10:57:48)
[2025-11-25 10:53:09]   [emp_id: 2361] SKIPPED: Already updated today (2025-11-25 10:57:48)
[2025-11-25 10:53:09]   [emp_id: 2363] SKIPPED: Already updated today (2025-11-25 10:57:48)
[2025-11-25 10:53:09]   [emp_id: 2364] SKIPPED: Already updated today (2025-11-25 10:57:48)
[2025-11-25 10:53:09]   [emp_id: 2367] SKIPPED: Already updated today (2025-11-25 10:57:48)
[2025-11-25 10:53:09]   [emp_id: 2368] SKIPPED: Already updated today (2025-11-25 10:57:48)
[2025-11-25 10:53:09]   [emp_id: 2372] SKIPPED: Already updated today (2025-11-25 10:57:48)
[2025-11-25 10:53:09]   [emp_id: 2376] SKIPPED: Already updated today (2025-11-25 10:57:48)
[2025-11-25 10:53:09]   [emp_id: 2423] SKIPPED: Already updated today (2025-11-25 10:57:48)
[2025-11-25 10:53:09]   [emp_id: 2519] SKIPPED: Already updated today (2025-11-25 10:57:48)
[2025-11-25 10:53:09]   [emp_id: 2522] SKIPPED: Already updated today (2025-11-25 10:57:48)
[2025-11-25 10:53:09]   [emp_id: 2530] SKIPPED: Already updated today (2025-11-25 10:57:48)
[2025-11-25 10:53:09]   [emp_id: 2539] SKIPPED: Already updated today (2025-11-25 10:57:48)
[2025-11-25 10:53:09]   [emp_id: 2541] SKIPPED: Already updated today (2025-11-25 10:57:48)
[2025-11-25 10:53:09]   [emp_id: 2550] SKIPPED: Already updated today (2025-11-25 10:57:48)
[2025-11-25 10:53:09]   [emp_id: 2553] SKIPPED: Already updated today (2025-11-25 10:57:48)
[2025-11-25 10:53:09]   [emp_id: 2554] SKIPPED: Already updated today (2025-11-25 10:57:48)
[2025-11-25 10:53:09]   [emp_id: 2565] SKIPPED: Already updated today (2025-11-25 10:57:48)
[2025-11-25 10:53:09]   [emp_id: 2572] SKIPPED: Already updated today (2025-11-25 10:57:48)
[2025-11-25 10:53:09]   [emp_id: 2637] SKIPPED: Already updated today (2025-11-25 10:57:48)
[2025-11-25 10:53:09]   [emp_id: 2642] SKIPPED: Already updated today (2025-11-25 10:57:48)
[2025-11-25 10:53:09]   [emp_id: 2645] SKIPPED: Already updated today (2025-11-25 10:57:48)
[2025-11-25 10:53:09]   [emp_id: 2648] SKIPPED: Already updated today (2025-11-25 10:57:48)
[2025-11-25 10:53:09]   [emp_id: 2654] SKIPPED: Already updated today (2025-11-25 10:57:48)
[2025-11-25 10:53:09]   [emp_id: 2688] SKIPPED: Already updated today (2025-11-25 10:57:48)
[2025-11-25 10:53:09]   [emp_id: 2690] SKIPPED: Already updated today (2025-11-25 10:57:48)
[2025-11-25 10:53:09]   [emp_id: 2709] SKIPPED: Already updated today (2025-11-25 10:57:48)
[2025-11-25 10:53:09]   [emp_id: 2745] SKIPPED: Already updated today (2025-11-25 10:57:48)
[2025-11-25 10:53:09]   [emp_id: 2843] SKIPPED: Already updated today (2025-11-25 10:57:48)
[2025-11-25 10:53:09]   [emp_id: 2854] SKIPPED: Already updated today (2025-11-25 10:57:48)
[2025-11-25 10:53:09]   [emp_id: 2869] SKIPPED: Already updated today (2025-11-25 10:57:48)
[2025-11-25 10:53:09]   [emp_id: 2876] SKIPPED: Already updated today (2025-11-25 10:57:48)
[2025-11-25 10:53:09]   [emp_id: 2924] SKIPPED: Already updated today (2025-11-25 10:57:48)
[2025-11-25 10:53:09]   [emp_id: 2953] SKIPPED: Already updated today (2025-11-25 10:57:48)
[2025-11-25 10:53:09]   [emp_id: 2961] SKIPPED: Already updated today (2025-11-25 10:57:48)
[2025-11-25 10:53:09]   [emp_id: 2975] SKIPPED: Already updated today (2025-11-25 10:57:48)
[2025-11-25 10:53:09]   [emp_id: 3013] SKIPPED: Already updated today (2025-11-25 10:57:48)
[2025-11-25 10:53:09]   [emp_id: 3014] SKIPPED: Already updated today (2025-11-25 10:57:48)
[2025-11-25 10:53:09]   [emp_id: 3015] SKIPPED: Already updated today (2025-11-25 10:57:48)
[2025-11-25 10:53:09]   [emp_id: 3018] SKIPPED: Already updated today (2025-11-25 10:57:48)
[2025-11-25 10:53:09]   [emp_id: 3025] SKIPPED: Already updated today (2025-11-25 10:57:48)
[2025-11-25 10:53:09]   [emp_id: 3037] SKIPPED: Already updated today (2025-11-25 10:57:48)
[2025-11-25 10:53:09]   [emp_id: 3047] SKIPPED: Already updated today (2025-11-25 10:57:48)
[2025-11-25 10:53:09]   [emp_id: 3061] SKIPPED: Already updated today (2025-11-25 10:57:48)
[2025-11-25 10:53:09]   [emp_id: 3062] SKIPPED: Already updated today (2025-11-25 10:57:48)
[2025-11-25 10:53:09]   [emp_id: 3074] SKIPPED: Already updated today (2025-11-25 10:57:48)
[2025-11-25 10:53:09]   [emp_id: 3089] SKIPPED: Already updated today (2025-11-25 10:57:48)
[2025-11-25 10:53:09]   [emp_id: 3090] SKIPPED: Already updated today (2025-11-25 10:57:48)
[2025-11-25 10:53:09]   [emp_id: 3091] SKIPPED: Already updated today (2025-11-25 10:57:48)
[2025-11-25 10:53:09]   [emp_id: 3092] SKIPPED: Already updated today (2025-11-25 10:57:48)
[2025-11-25 10:53:09]   [emp_id: 3105] SKIPPED: Already updated today (2025-11-25 10:57:48)
[2025-11-25 10:53:09]   [emp_id: 3134] SKIPPED: Already updated today (2025-11-25 10:57:48)
[2025-11-25 10:53:09]   [emp_id: 3140] SKIPPED: Already updated today (2025-11-25 10:57:48)
[2025-11-25 10:53:09]   [emp_id: 3144] SKIPPED: Already updated today (2025-11-25 10:57:48)
[2025-11-25 10:53:09]   [emp_id: 3156] SKIPPED: Already updated today (2025-11-25 10:57:48)
[2025-11-25 10:53:09]   [emp_id: 3162] SKIPPED: Already updated today (2025-11-25 10:57:48)
[2025-11-25 10:53:09]   [emp_id: 3163] SKIPPED: Already updated today (2025-11-25 10:57:48)
[2025-11-25 10:53:09]   [emp_id: 3198] SKIPPED: Already updated today (2025-11-25 10:57:48)
[2025-11-25 10:53:09]   [emp_id: 3205] SKIPPED: Already updated today (2025-11-25 10:57:48)
[2025-11-25 10:53:09]   [emp_id: 3209] SKIPPED: Already updated today (2025-11-25 10:57:48)
[2025-11-25 10:53:09]   [emp_id: 3223] SKIPPED: Already updated today (2025-11-25 10:57:48)
[2025-11-25 10:53:09]   [emp_id: 3224] SKIPPED: Already updated today (2025-11-25 10:57:48)
[2025-11-25 10:53:09]   [emp_id: 3230] SKIPPED: Already updated today (2025-11-25 10:57:48)
[2025-11-25 10:53:09]   [emp_id: 3231] SKIPPED: Already updated today (2025-11-25 10:57:48)
[2025-11-25 10:53:09]   [emp_id: 3233] SKIPPED: Already updated today (2025-11-25 10:57:48)
[2025-11-25 10:53:09]   [emp_id: 3249] SKIPPED: Already updated today (2025-11-25 10:57:48)
[2025-11-25 10:53:09]   [emp_id: 3250] SKIPPED: Already updated today (2025-11-25 10:57:48)
[2025-11-25 10:53:09]   [emp_id: 3252] SKIPPED: Already updated today (2025-11-25 10:57:48)
[2025-11-25 10:53:09]   [emp_id: 3254] SKIPPED: Already updated today (2025-11-25 10:57:48)
[2025-11-25 10:53:09]   [emp_id: 3255] SKIPPED: Already updated today (2025-11-25 10:57:48)
[2025-11-25 10:53:09]   [emp_id: 3256] SKIPPED: Already updated today (2025-11-25 10:57:48)
[2025-11-25 10:53:09]   [emp_id: 3263] SKIPPED: Already updated today (2025-11-25 10:57:48)
[2025-11-25 10:53:09]   [emp_id: 3265] SKIPPED: Already updated today (2025-11-25 10:57:48)
[2025-11-25 10:53:09]   [emp_id: 3280] SKIPPED: Already updated today (2025-11-25 10:57:48)
[2025-11-25 10:53:09]   [emp_id: 3286] SKIPPED: Already updated today (2025-11-25 10:57:48)
[2025-11-25 10:53:09]   [emp_id: 3294] SKIPPED: Already updated today (2025-11-25 10:57:48)
[2025-11-25 10:53:09]   [emp_id: 3321] SKIPPED: Already updated today (2025-11-25 10:57:48)
[2025-11-25 10:53:09]   [emp_id: 3325] SKIPPED: Already updated today (2025-11-25 10:57:48)
[2025-11-25 10:53:09]   [emp_id: 3329] SKIPPED: Already updated today (2025-11-25 10:57:48)
[2025-11-25 10:53:09]   [emp_id: 3330] SKIPPED: Already updated today (2025-11-25 10:57:48)
[2025-11-25 10:53:09]   [emp_id: 3332] SKIPPED: Already updated today (2025-11-25 10:57:48)
[2025-11-25 10:53:09]   [emp_id: 3370] SKIPPED: Already updated today (2025-11-25 10:57:48)
[2025-11-25 10:53:09]   [emp_id: 3384] SKIPPED: Already updated today (2025-11-25 10:57:48)
[2025-11-25 10:53:09]   [emp_id: 3386] SKIPPED: Already updated today (2025-11-25 10:57:48)
[2025-11-25 10:53:09]   [emp_id: 3431] SKIPPED: Already updated today (2025-11-25 10:57:48)
[2025-11-25 10:53:09]   [emp_id: 3497] SKIPPED: Already updated today (2025-11-25 10:57:48)
[2025-11-25 10:53:09]   [emp_id: 3532] SKIPPED: Already updated today (2025-11-25 10:57:48)
[2025-11-25 10:53:09]   [emp_id: 3586] SKIPPED: Already updated today (2025-11-25 10:57:48)
[2025-11-25 10:53:09]   [emp_id: 3602] SKIPPED: Already updated today (2025-11-25 10:57:48)
[2025-11-25 10:53:09]   [emp_id: 3618] SKIPPED: Already updated today (2025-11-25 10:57:48)
[2025-11-25 10:53:09]   [emp_id: 3622] SKIPPED: Already updated today (2025-11-25 10:57:48)
[2025-11-25 10:53:09]   [emp_id: 3627] SKIPPED: Already updated today (2025-11-25 10:57:48)
[2025-11-25 10:53:09]   [emp_id: 3665] SKIPPED: Already updated today (2025-11-25 10:57:48)
[2025-11-25 10:53:09]   [emp_id: 3705] SKIPPED: Already updated today (2025-11-25 10:57:48)
[2025-11-25 10:53:09]   [emp_id: 3724] SKIPPED: Already updated today (2025-11-25 10:57:48)
[2025-11-25 10:53:09]   [emp_id: 3726] SKIPPED: Already updated today (2025-11-25 10:57:48)
[2025-11-25 10:53:09]   [emp_id: 3727] SKIPPED: Already updated today (2025-11-25 10:57:48)
[2025-11-25 10:53:09]   [emp_id: 3728] SKIPPED: Already updated today (2025-11-25 10:57:48)
[2025-11-25 10:53:09]   [emp_id: 3742] SKIPPED: Already updated today (2025-11-25 10:57:48)
[2025-11-25 10:53:09]   [emp_id: 3767] SKIPPED: Already updated today (2025-11-25 10:57:48)
[2025-11-25 10:53:09]   [emp_id: 3768] SKIPPED: Already updated today (2025-11-25 10:57:48)
[2025-11-25 10:53:09]   [emp_id: 3787] SKIPPED: Already updated today (2025-11-25 10:57:48)
[2025-11-25 10:53:09]   [emp_id: 3790] SKIPPED: Already updated today (2025-11-25 10:57:48)
[2025-11-25 10:53:09]   [emp_id: 3795] SKIPPED: Already updated today (2025-11-25 10:57:48)
[2025-11-25 10:53:09]   [emp_id: 3798] SKIPPED: Already updated today (2025-11-25 10:57:48)
[2025-11-25 10:53:09]   [emp_id: 3801] SKIPPED: Already updated today (2025-11-25 10:57:48)
[2025-11-25 10:53:09]   [emp_id: 3802] SKIPPED: Already updated today (2025-11-25 10:57:48)
[2025-11-25 10:53:09]   [emp_id: 3803] SKIPPED: Already updated today (2025-11-25 10:57:48)
[2025-11-25 10:53:09]   [emp_id: 3810] SKIPPED: Already updated today (2025-11-25 10:57:48)
[2025-11-25 10:53:09]   [emp_id: 3812] SKIPPED: Already updated today (2025-11-25 10:57:48)
[2025-11-25 10:53:09]   [emp_id: 3815] SKIPPED: Already updated today (2025-11-25 10:57:48)
[2025-11-25 10:53:09]   [emp_id: 3836] SKIPPED: Already updated today (2025-11-25 10:57:48)
[2025-11-25 10:53:09]   [emp_id: 3855] SKIPPED: Already updated today (2025-11-25 10:57:48)
[2025-11-25 10:53:09]   [emp_id: 3857] SKIPPED: Already updated today (2025-11-25 10:57:48)
[2025-11-25 10:53:09]   [emp_id: 3862] SKIPPED: Already updated today (2025-11-25 10:57:48)
[2025-11-25 10:53:09]   [emp_id: 3866] SKIPPED: Already updated today (2025-11-25 10:57:48)
[2025-11-25 10:53:09]   [emp_id: 3876] SKIPPED: Already updated today (2025-11-25 10:57:48)
[2025-11-25 10:53:09]   [emp_id: 3877] SKIPPED: Already updated today (2025-11-25 10:57:48)
[2025-11-25 10:53:09]   [emp_id: 3897] SKIPPED: Already updated today (2025-11-25 10:57:48)
[2025-11-25 10:53:09]   [emp_id: 3899] SKIPPED: Already updated today (2025-11-25 10:57:48)
[2025-11-25 10:53:09]   [emp_id: 3928] SKIPPED: Already updated today (2025-11-25 10:57:48)
[2025-11-25 10:53:09]   [emp_id: 3929] SKIPPED: Already updated today (2025-11-25 10:57:48)
[2025-11-25 10:53:09]   [emp_id: 3935] SKIPPED: Already updated today (2025-11-25 10:57:48)
[2025-11-25 10:53:09]   [emp_id: 3952] SKIPPED: Already updated today (2025-11-25 10:57:48)
[2025-11-25 10:53:09]   [emp_id: 3987] SKIPPED: Already updated today (2025-11-25 10:57:48)
[2025-11-25 10:53:09]   [emp_id: 4059] SKIPPED: Already updated today (2025-11-25 10:57:48)
[2025-11-25 10:53:09]   [emp_id: 4119] SKIPPED: Already updated today (2025-11-25 10:57:48)
[2025-11-25 10:53:09]   [emp_id: 4120] SKIPPED: Already updated today (2025-11-25 10:57:48)
[2025-11-25 10:53:09]   [emp_id: 4124] SKIPPED: Already updated today (2025-11-25 10:57:48)
[2025-11-25 10:53:09]   [emp_id: 4133] SKIPPED: Already updated today (2025-11-25 10:57:48)
[2025-11-25 10:53:09]   [emp_id: 4134] SKIPPED: Already updated today (2025-11-25 10:57:48)
[2025-11-25 10:53:09]   [emp_id: 4136] SKIPPED: Already updated today (2025-11-25 10:57:48)
[2025-11-25 10:53:09]   [emp_id: 4150] SKIPPED: Already updated today (2025-11-25 10:57:48)
[2025-11-25 10:53:09]   [emp_id: 4157] SKIPPED: Already updated today (2025-11-25 10:57:48)
[2025-11-25 10:53:09]   [emp_id: 4172] SKIPPED: Already updated today (2025-11-25 10:57:48)
[2025-11-25 10:53:09]   [emp_id: 4195] SKIPPED: Already updated today (2025-11-25 10:57:48)
[2025-11-25 10:53:09]   [emp_id: 4215] SKIPPED: Already updated today (2025-11-25 10:57:48)
[2025-11-25 10:53:09]   [emp_id: 4220] SKIPPED: Already updated today (2025-11-25 10:57:48)
[2025-11-25 10:53:09]   [emp_id: 4273] SKIPPED: Already updated today (2025-11-25 10:57:48)
[2025-11-25 10:53:09]   [emp_id: 4283] SKIPPED: Already updated today (2025-11-25 10:57:48)
[2025-11-25 10:53:09]   [emp_id: 4288] SKIPPED: Already updated today (2025-11-25 10:57:48)
[2025-11-25 10:53:09]   [emp_id: 4315] SKIPPED: Already updated today (2025-11-25 10:57:48)
[2025-11-25 10:53:09]   [emp_id: 4328] SKIPPED: Already updated today (2025-11-25 10:57:49)
[2025-11-25 10:53:09]   [emp_id: 4329] SKIPPED: Already updated today (2025-11-25 10:57:49)
[2025-11-25 10:53:09]   [emp_id: 4338] SKIPPED: Already updated today (2025-11-25 10:57:49)
[2025-11-25 10:53:09]   [emp_id: 4340] SKIPPED: Already updated today (2025-11-25 10:57:49)
[2025-11-25 10:53:09]   [emp_id: 4365] SKIPPED: Already updated today (2025-11-25 10:57:49)
[2025-11-25 10:53:09]   [emp_id: 4366] SKIPPED: Already updated today (2025-11-25 10:57:49)
[2025-11-25 10:53:09]   [emp_id: 4385] SKIPPED: Already updated today (2025-11-25 10:57:49)
[2025-11-25 10:53:09]   [emp_id: 4403] SKIPPED: Already updated today (2025-11-25 10:57:49)
[2025-11-25 10:53:09]   [emp_id: 4438] SKIPPED: Already updated today (2025-11-25 10:57:49)
[2025-11-25 10:53:09]   [emp_id: 4465] SKIPPED: Already updated today (2025-11-25 10:57:49)
[2025-11-25 10:53:09]   [emp_id: 4473] SKIPPED: Already updated today (2025-11-25 10:57:49)
[2025-11-25 10:53:09]   [emp_id: 4474] SKIPPED: Already updated today (2025-11-25 10:57:49)
[2025-11-25 10:53:09]   [emp_id: 4493] SKIPPED: Already updated today (2025-11-25 10:57:49)
[2025-11-25 10:53:09]   [emp_id: 4526] SKIPPED: Already updated today (2025-11-25 10:57:49)
[2025-11-25 10:53:09]   [emp_id: 4528] SKIPPED: Already updated today (2025-11-25 10:57:49)
[2025-11-25 10:53:09]   [emp_id: 4528] SKIPPED: Already updated today (2025-11-25 10:57:49)
[2025-11-25 10:53:09]   [emp_id: 4532] SKIPPED: Already updated today (2025-11-25 10:57:49)
[2025-11-25 10:53:09]   [emp_id: 4533] SKIPPED: Already updated today (2025-11-25 10:57:49)
[2025-11-25 10:53:09]   [emp_id: 4564] SKIPPED: Already updated today (2025-11-25 10:57:49)
[2025-11-25 10:53:09]   [emp_id: 4565] SKIPPED: Already updated today (2025-11-25 10:57:49)
[2025-11-25 10:53:09]   [emp_id: 4567] SKIPPED: Already updated today (2025-11-25 10:57:49)
[2025-11-25 10:53:09]   [emp_id: 4572] SKIPPED: Already updated today (2025-11-25 10:57:49)
[2025-11-25 10:53:09]   [emp_id: 4631] SKIPPED: Already updated today (2025-11-25 10:57:49)
[2025-11-25 10:53:09]   [emp_id: 4655] SKIPPED: Already updated today (2025-11-25 10:57:49)
[2025-11-25 10:53:09]   [emp_id: 4689] SKIPPED: Already updated today (2025-11-25 10:57:49)
[2025-11-25 10:53:09]   [emp_id: 4709] SKIPPED: Already updated today (2025-11-25 10:57:49)
[2025-11-25 10:53:09]   [emp_id: 4717] SKIPPED: Already updated today (2025-11-25 10:57:49)
[2025-11-25 10:53:09]   [emp_id: 4736] SKIPPED: Already updated today (2025-11-25 10:57:49)
[2025-11-25 10:53:09]   [emp_id: 4756] SKIPPED: Already updated today (2025-11-25 10:57:49)
[2025-11-25 10:53:09]   [emp_id: 4768] SKIPPED: Already updated today (2025-11-25 10:57:49)
[2025-11-25 10:53:09]   [emp_id: 4780] SKIPPED: Already updated today (2025-11-25 10:57:49)
[2025-11-25 10:53:09]   [emp_id: 4820] SKIPPED: Already updated today (2025-11-25 10:57:49)
[2025-11-25 10:53:09]   [emp_id: 4825] SKIPPED: Already updated today (2025-11-25 10:57:49)
[2025-11-25 10:53:09]   [emp_id: 4835] SKIPPED: Already updated today (2025-11-25 10:57:49)
[2025-11-25 10:53:09]   [emp_id: 4837] SKIPPED: Already updated today (2025-11-25 10:57:49)
[2025-11-25 10:53:09]   [emp_id: 4838] SKIPPED: Already updated today (2025-11-25 10:57:49)
[2025-11-25 10:53:09]   [emp_id: 4840] SKIPPED: Already updated today (2025-11-25 10:57:49)
[2025-11-25 10:53:09]   [emp_id: 4842] SKIPPED: Already updated today (2025-11-25 10:57:49)
[2025-11-25 10:53:09]   [emp_id: 4843] SKIPPED: Already updated today (2025-11-25 10:57:49)
[2025-11-25 10:53:09]   [emp_id: 4853] SKIPPED: Already updated today (2025-11-25 10:57:49)
[2025-11-25 10:53:09]   [emp_id: 4856] SKIPPED: Already updated today (2025-11-25 10:57:49)
[2025-11-25 10:53:09]   [emp_id: 4857] SKIPPED: Already updated today (2025-11-25 10:57:49)
[2025-11-25 10:53:09]   [emp_id: 4858] SKIPPED: Already updated today (2025-11-25 10:57:49)
[2025-11-25 10:53:09]   [emp_id: 4859] SKIPPED: Already updated today (2025-11-25 10:57:49)
[2025-11-25 10:53:09]   [emp_id: 4860] SKIPPED: Already updated today (2025-11-25 10:57:49)
[2025-11-25 10:53:09]   [emp_id: 4861] SKIPPED: Already updated today (2025-11-25 10:57:49)
[2025-11-25 10:53:09]   [emp_id: 4869] SKIPPED: Already updated today (2025-11-25 10:57:49)
[2025-11-25 10:53:09]   [emp_id: 4894] SKIPPED: Already updated today (2025-11-25 10:57:49)
[2025-11-25 10:53:09]   [emp_id: 4897] SKIPPED: Already updated today (2025-11-25 10:57:49)
[2025-11-25 10:53:09]   [emp_id: 4899] SKIPPED: Already updated today (2025-11-25 10:57:49)
[2025-11-25 10:53:09]   [emp_id: 4902] SKIPPED: Already updated today (2025-11-25 10:57:49)
[2025-11-25 10:53:09]   [emp_id: 4903] SKIPPED: Already updated today (2025-11-25 10:57:49)
[2025-11-25 10:53:09]   [emp_id: 4905] SKIPPED: Already updated today (2025-11-25 10:57:49)
[2025-11-25 10:53:09]   [emp_id: 4907] SKIPPED: Already updated today (2025-11-25 10:57:49)
[2025-11-25 10:53:09]   [emp_id: 4917] SKIPPED: Already updated today (2025-11-25 10:57:49)
[2025-11-25 10:53:09]   [emp_id: 4918] SKIPPED: Already updated today (2025-11-25 10:57:49)
[2025-11-25 10:53:09]   [emp_id: 4919] SKIPPED: Already updated today (2025-11-25 10:57:49)
[2025-11-25 10:53:09]   [emp_id: 4920] SKIPPED: Already updated today (2025-11-25 10:57:49)
[2025-11-25 10:53:09]   [emp_id: 4921] SKIPPED: Already updated today (2025-11-25 10:57:49)
[2025-11-25 10:53:09]   [emp_id: 4927] SKIPPED: Already updated today (2025-11-25 10:57:49)
[2025-11-25 10:53:09]   [emp_id: 4929] SKIPPED: Already updated today (2025-11-25 10:57:49)
[2025-11-25 10:53:09]   [emp_id: 4930] SKIPPED: Already updated today (2025-11-25 10:57:49)
[2025-11-25 10:53:09]   [emp_id: 4932] SKIPPED: Already updated today (2025-11-25 10:57:49)
[2025-11-25 10:53:09]   [emp_id: 4933] SKIPPED: Already updated today (2025-11-25 10:57:49)
[2025-11-25 10:53:09]   [emp_id: 4949] SKIPPED: Already updated today (2025-11-25 10:57:49)
[2025-11-25 10:53:09]   [emp_id: 4956] SKIPPED: Already updated today (2025-11-25 10:57:49)
[2025-11-25 10:53:09]   [emp_id: 4957] SKIPPED: Already updated today (2025-11-25 10:57:49)
[2025-11-25 10:53:09]   [emp_id: 4962] SKIPPED: Already updated today (2025-11-25 10:57:49)
[2025-11-25 10:53:09]   [emp_id: 4969] SKIPPED: Already updated today (2025-11-25 10:57:49)
[2025-11-25 10:53:09]   [emp_id: 4976] SKIPPED: Already updated today (2025-11-25 10:57:49)
[2025-11-25 10:53:09]   [emp_id: 4984] SKIPPED: Already updated today (2025-11-25 10:57:49)
[2025-11-25 10:53:09]   [emp_id: 4995] SKIPPED: Already updated today (2025-11-25 10:57:49)
[2025-11-25 10:53:09]   [emp_id: 5004] SKIPPED: Already updated today (2025-11-25 10:57:49)
[2025-11-25 10:53:09]   [emp_id: 5006] SKIPPED: Already updated today (2025-11-25 10:57:49)
[2025-11-25 10:53:09]   [emp_id: 5011] SKIPPED: Already updated today (2025-11-25 10:57:49)
[2025-11-25 10:53:09]   [emp_id: 5013] SKIPPED: Already updated today (2025-11-25 10:57:49)
[2025-11-25 10:53:09]   [emp_id: 5018] SKIPPED: Already updated today (2025-11-25 10:57:49)
[2025-11-25 10:53:09]   [emp_id: 5021] SKIPPED: Already updated today (2025-11-25 10:57:49)
[2025-11-25 10:53:09]   [emp_id: 5021] SKIPPED: Already updated today (2025-11-25 10:57:49)
[2025-11-25 10:53:09]   [emp_id: 5024] SKIPPED: Already updated today (2025-11-25 10:57:49)
[2025-11-25 10:53:09]   [emp_id: 5029] SKIPPED: Already updated today (2025-11-25 10:57:49)
[2025-11-25 10:53:09]   [emp_id: 5030] SKIPPED: Already updated today (2025-11-25 10:57:49)
[2025-11-25 10:53:09]   [emp_id: 5033] SKIPPED: Already updated today (2025-11-25 10:57:49)
[2025-11-25 10:53:09]   [emp_id: 5043] SKIPPED: Already updated today (2025-11-25 10:57:49)
[2025-11-25 10:53:09]   [emp_id: 5045] SKIPPED: Already updated today (2025-11-25 10:57:49)
[2025-11-25 10:53:09]   [emp_id: 5046] SKIPPED: Already updated today (2025-11-25 10:57:49)
[2025-11-25 10:53:09]   [emp_id: 5049] SKIPPED: Already updated today (2025-11-25 10:57:49)
[2025-11-25 10:53:09]   [emp_id: 5052] SKIPPED: Already updated today (2025-11-25 10:57:49)
[2025-11-25 10:53:09]   [emp_id: 5055] SKIPPED: Already updated today (2025-11-25 10:57:49)
[2025-11-25 10:53:09]   [emp_id: 5058] SKIPPED: Already updated today (2025-11-25 10:57:49)
[2025-11-25 10:53:09]   [emp_id: 5062] SKIPPED: Already updated today (2025-11-25 10:57:49)
[2025-11-25 10:53:09]   [emp_id: 5064] SKIPPED: Already updated today (2025-11-25 10:57:49)
[2025-11-25 10:53:09]   [emp_id: 5065] SKIPPED: Already updated today (2025-11-25 10:57:49)
[2025-11-25 10:53:09]   [emp_id: 5071] SKIPPED: Already updated today (2025-11-25 10:57:49)
[2025-11-25 10:53:09]   [emp_id: 5073] SKIPPED: Already updated today (2025-11-25 10:57:49)
[2025-11-25 10:53:09]   [emp_id: 5079] SKIPPED: Already updated today (2025-11-25 10:57:49)
[2025-11-25 10:53:09]   [emp_id: 5080] SKIPPED: Already updated today (2025-11-25 10:57:49)
[2025-11-25 10:53:09]   [emp_id: 5081] SKIPPED: Already updated today (2025-11-25 10:57:49)
[2025-11-25 10:53:09]   [emp_id: 5087] SKIPPED: Already updated today (2025-11-25 10:57:49)
[2025-11-25 10:53:09]   [emp_id: 5091] SKIPPED: Already updated today (2025-11-25 10:57:49)
[2025-11-25 10:53:09]   [emp_id: 5093] SKIPPED: Already updated today (2025-11-25 10:57:49)
[2025-11-25 10:53:09]   [emp_id: 5095] SKIPPED: Already updated today (2025-11-25 10:57:49)
[2025-11-25 10:53:09]   [emp_id: 5101] SKIPPED: Already updated today (2025-11-25 10:57:49)
[2025-11-25 10:53:09]   [emp_id: 5107] SKIPPED: Already updated today (2025-11-25 10:57:49)
[2025-11-25 10:53:09]   [emp_id: 5109] SKIPPED: Already updated today (2025-11-25 10:57:49)
[2025-11-25 10:53:09]   [emp_id: 5115] SKIPPED: Already updated today (2025-11-25 10:57:49)
[2025-11-25 10:53:09]   [emp_id: 5119] SKIPPED: Already updated today (2025-11-25 10:57:49)
[2025-11-25 10:53:09]   [emp_id: 5122] SKIPPED: Already updated today (2025-11-25 10:57:49)
[2025-11-25 10:53:09]   [emp_id: 5126] SKIPPED: Already updated today (2025-11-25 10:57:49)
[2025-11-25 10:53:09]   [emp_id: 5127] SKIPPED: Already updated today (2025-11-25 10:57:49)
[2025-11-25 10:53:09]   [emp_id: 5128] SKIPPED: Already updated today (2025-11-25 10:57:49)
[2025-11-25 10:53:09]   [emp_id: 5138] SKIPPED: Already updated today (2025-11-25 10:57:49)
[2025-11-25 10:53:09]   [emp_id: 5138] SKIPPED: Already updated today (2025-11-25 10:57:49)
[2025-11-25 10:53:09]   [emp_id: 5141] SKIPPED: Already updated today (2025-11-25 10:57:49)
[2025-11-25 10:53:09]   [emp_id: 5142] SKIPPED: Already updated today (2025-11-25 10:57:49)
[2025-11-25 10:53:09]   [emp_id: 5146] SKIPPED: Already updated today (2025-11-25 10:57:49)
[2025-11-25 10:53:09]   [emp_id: 5147] SKIPPED: Already updated today (2025-11-25 10:57:49)
[2025-11-25 10:53:09]   [emp_id: 5148] SKIPPED: Already updated today (2025-11-25 10:57:49)
[2025-11-25 10:53:09]   [emp_id: 5149] SKIPPED: Already updated today (2025-11-25 10:57:50)
[2025-11-25 10:53:09]   [emp_id: 5150] SKIPPED: Already updated today (2025-11-25 10:57:50)
[2025-11-25 10:53:09]   [emp_id: 5151] SKIPPED: Already updated today (2025-11-25 10:57:50)
[2025-11-25 10:53:09]   [emp_id: 5152] SKIPPED: Already updated today (2025-11-25 10:57:50)
[2025-11-25 10:53:09]   [emp_id: 5157] SKIPPED: Already updated today (2025-11-25 10:57:50)
[2025-11-25 10:53:09]   [emp_id: 5160] SKIPPED: Already updated today (2025-11-25 10:57:50)
[2025-11-25 10:53:09]   [emp_id: 5163] SKIPPED: Already updated today (2025-11-25 10:57:50)
[2025-11-25 10:53:09]   [emp_id: 5165] SKIPPED: Already updated today (2025-11-25 10:57:50)
[2025-11-25 10:53:09]   [emp_id: 5167] SKIPPED: Already updated today (2025-11-25 10:57:50)
[2025-11-25 10:53:09]   [emp_id: 5168] SKIPPED: Already updated today (2025-11-25 10:57:50)
[2025-11-25 10:53:09]   [emp_id: 5173] SKIPPED: Already updated today (2025-11-25 10:57:50)
[2025-11-25 10:53:09]   [emp_id: 5174] SKIPPED: Already updated today (2025-11-25 10:57:50)
[2025-11-25 10:53:09]   [emp_id: 5181] SKIPPED: Already updated today (2025-11-25 10:57:50)
[2025-11-25 10:53:09]   [emp_id: 5186] SKIPPED: Already updated today (2025-11-25 10:57:50)
[2025-11-25 10:53:09]   [emp_id: 5187] SKIPPED: Already updated today (2025-11-25 10:57:50)
[2025-11-25 10:53:09]   [emp_id: 5204] SKIPPED: Already updated today (2025-11-25 10:57:50)
[2025-11-25 10:53:09]   [emp_id: 5205] SKIPPED: Already updated today (2025-11-25 10:57:50)
[2025-11-25 10:53:09]   [emp_id: 5209] SKIPPED: Already updated today (2025-11-25 10:57:50)
[2025-11-25 10:53:09]   [emp_id: 5211] SKIPPED: Already updated today (2025-11-25 10:57:50)
[2025-11-25 10:53:09]   [emp_id: 5213] SKIPPED: Already updated today (2025-11-25 10:57:50)
[2025-11-25 10:53:09]   [emp_id: 5214] SKIPPED: Already updated today (2025-11-25 10:57:50)
[2025-11-25 10:53:09]   [emp_id: 5215] SKIPPED: Already updated today (2025-11-25 10:57:50)
[2025-11-25 10:53:09]   [emp_id: 5217] SKIPPED: Already updated today (2025-11-25 10:57:50)
[2025-11-25 10:53:09]   [emp_id: 5218] SKIPPED: Already updated today (2025-11-25 10:57:50)
[2025-11-25 10:53:09]   [emp_id: 5219] SKIPPED: Already updated today (2025-11-25 10:57:50)
[2025-11-25 10:53:09]   [emp_id: 5221] SKIPPED: Already updated today (2025-11-25 10:57:50)
[2025-11-25 10:53:09]   [emp_id: 5224] SKIPPED: Already updated today (2025-11-25 10:57:50)
[2025-11-25 10:53:09]   [emp_id: 5225] SKIPPED: Already updated today (2025-11-25 10:57:50)
[2025-11-25 10:53:09]   [emp_id: 5228] SKIPPED: Already updated today (2025-11-25 10:57:50)
[2025-11-25 10:53:09]   [emp_id: 5229] SKIPPED: Already updated today (2025-11-25 10:57:50)
[2025-11-25 10:53:09]   [emp_id: 5230] SKIPPED: Already updated today (2025-11-25 10:57:50)
[2025-11-25 10:53:09]   [emp_id: 5231] SKIPPED: Already updated today (2025-11-25 10:57:50)
[2025-11-25 10:53:09]   [emp_id: 5232] SKIPPED: Already updated today (2025-11-25 10:57:50)
[2025-11-25 10:53:09]   [emp_id: 5233] SKIPPED: Already updated today (2025-11-25 10:57:50)
[2025-11-25 10:53:09]   [emp_id: 5234] SKIPPED: Already updated today (2025-11-25 10:57:50)
[2025-11-25 10:53:09]   [emp_id: 5235] SKIPPED: Already updated today (2025-11-25 10:57:50)
[2025-11-25 10:53:09]   [emp_id: 5237] SKIPPED: Already updated today (2025-11-25 10:57:50)
[2025-11-25 10:53:09]   [emp_id: 5238] SKIPPED: Already updated today (2025-11-25 11:10:58)
[2025-11-25 10:53:09]   [emp_id: 5239] SKIPPED: Already updated today (2025-11-25 10:57:50)
[2025-11-25 10:53:09]   [emp_id: 5241] SKIPPED: Already updated today (2025-11-25 10:57:50)
[2025-11-25 10:53:09]   [emp_id: 5242] SKIPPED: Already updated today (2025-11-25 10:57:50)
[2025-11-25 10:53:09]   [emp_id: 5243] SKIPPED: Already updated today (2025-11-25 10:57:50)
[2025-11-25 10:53:09]   [emp_id: 5244] SKIPPED: Already updated today (2025-11-25 10:57:50)
[2025-11-25 10:53:09]   [emp_id: 5246] SKIPPED: Already updated today (2025-11-25 10:57:50)
[2025-11-25 10:53:09]   [emp_id: 5253] SKIPPED: Already updated today (2025-11-25 10:57:50)
[2025-11-25 10:53:09]   [emp_id: 5254] SKIPPED: Already updated today (2025-11-25 10:57:50)
[2025-11-25 10:53:09]   [emp_id: 5257] SKIPPED: Already updated today (2025-11-25 10:57:50)
[2025-11-25 10:53:09]   [emp_id: 5259] SKIPPED: Already updated today (2025-11-25 10:57:50)
[2025-11-25 10:53:09]   [emp_id: 5261] SKIPPED: Already updated today (2025-11-25 10:57:50)
[2025-11-25 10:53:09]   [emp_id: 5264] SKIPPED: Already updated today (2025-11-25 10:57:50)
[2025-11-25 10:53:09]   [emp_id: 5266] SKIPPED: Already updated today (2025-11-25 10:57:50)
[2025-11-25 10:53:09]   [emp_id: 5268] SKIPPED: Already updated today (2025-11-25 10:57:50)
[2025-11-25 10:53:09]   [emp_id: 5271] SKIPPED: Already updated today (2025-11-25 10:57:50)
[2025-11-25 10:53:09]   [emp_id: 5272] SKIPPED: Already updated today (2025-11-25 10:57:50)
[2025-11-25 10:53:09]   [emp_id: 5273] SKIPPED: Already updated today (2025-11-25 10:57:50)
[2025-11-25 10:53:09]   [emp_id: 5275] SKIPPED: Already updated today (2025-11-25 10:57:50)
[2025-11-25 10:53:09]   [emp_id: 5276] SKIPPED: Already updated today (2025-11-25 10:57:50)
[2025-11-25 10:53:09]   [emp_id: 5278] SKIPPED: Already updated today (2025-11-25 10:57:50)
[2025-11-25 10:53:09]   [emp_id: 5280] SKIPPED: Already updated today (2025-11-25 10:57:50)
[2025-11-25 10:53:09]   [emp_id: 5282] SKIPPED: Already updated today (2025-11-25 10:57:50)
[2025-11-25 10:53:09]   [emp_id: 5285] SKIPPED: Already updated today (2025-11-25 10:57:50)
[2025-11-25 10:53:09]   [emp_id: 5286] SKIPPED: Already updated today (2025-11-25 10:57:50)
[2025-11-25 10:53:09]   [emp_id: 5287] SKIPPED: Already updated today (2025-11-25 10:57:50)
[2025-11-25 10:53:09]   [emp_id: 5288] SKIPPED: Already updated today (2025-11-25 10:57:50)
[2025-11-25 10:53:09]   [emp_id: 5289] SKIPPED: Already updated today (2025-11-25 10:57:50)
[2025-11-25 10:53:09]   [emp_id: 5290] SKIPPED: Already updated today (2025-11-25 10:57:50)
[2025-11-25 10:53:09]   [emp_id: 5291] SKIPPED: Already updated today (2025-11-25 10:57:50)
[2025-11-25 10:53:09]   [emp_id: 5292] SKIPPED: Already updated today (2025-11-25 10:57:50)
[2025-11-25 10:53:09]   [emp_id: 5293] SKIPPED: Already updated today (2025-11-25 10:57:50)
[2025-11-25 10:53:09]   [emp_id: 5294] SKIPPED: Already updated today (2025-11-25 10:57:50)
[2025-11-25 10:53:09]   [emp_id: 5295] SKIPPED: Already updated today (2025-11-25 10:57:50)
[2025-11-25 10:53:09]   [emp_id: 5296] SKIPPED: Already updated today (2025-11-25 10:57:50)
[2025-11-25 10:53:09]   [emp_id: 5297] SKIPPED: Already updated today (2025-11-25 10:57:50)
[2025-11-25 10:53:09]   [emp_id: 5298] SKIPPED: Already updated today (2025-11-25 10:57:50)
[2025-11-25 10:53:09]   [emp_id: 5299] SKIPPED: Already updated today (2025-11-25 10:57:50)
[2025-11-25 10:53:09]   [emp_id: 5300] SKIPPED: Already updated today (2025-11-25 10:57:50)
[2025-11-25 10:53:10]   [emp_id: 5301] SKIPPED: Already updated today (2025-11-25 10:57:50)
[2025-11-25 10:53:10]   [emp_id: 5303] SKIPPED: Already updated today (2025-11-25 10:57:50)
[2025-11-25 10:53:10]   [emp_id: 5304] SKIPPED: Already updated today (2025-11-25 10:57:50)
[2025-11-25 10:53:10]   [emp_id: 5305] SKIPPED: Already updated today (2025-11-25 10:57:50)
[2025-11-25 10:53:10]   [emp_id: 5306] SKIPPED: Already updated today (2025-11-25 10:57:50)
[2025-11-25 10:53:10]   [emp_id: 5307] SKIPPED: Already updated today (2025-11-25 10:57:50)
[2025-11-25 10:53:10]   [emp_id: 5312] SKIPPED: Already updated today (2025-11-25 10:57:50)
[2025-11-25 10:53:10]   [emp_id: 5318] SKIPPED: Already updated today (2025-11-25 10:57:50)
[2025-11-25 10:53:10]   [emp_id: 5325] SKIPPED: Already updated today (2025-11-25 10:57:50)
[2025-11-25 10:53:10]   [emp_id: 5326] SKIPPED: Already updated today (2025-11-25 10:57:50)
[2025-11-25 10:53:10]   [emp_id: 5327] SKIPPED: Already updated today (2025-11-25 10:57:50)
[2025-11-25 10:53:10]   [emp_id: 5328] SKIPPED: Already updated today (2025-11-25 10:57:50)
[2025-11-25 10:53:10]   [emp_id: 5329] SKIPPED: Already updated today (2025-11-25 10:57:50)
[2025-11-25 10:53:10]   [emp_id: 5331] SKIPPED: Already updated today (2025-11-25 10:57:50)
[2025-11-25 10:53:10]   [emp_id: 5337] SKIPPED: Already updated today (2025-11-25 10:57:50)
[2025-11-25 10:53:10]   [emp_id: 5339] SKIPPED: Already updated today (2025-11-25 10:57:50)
[2025-11-25 10:53:10]   [emp_id: 5343] SKIPPED: Already updated today (2025-11-25 10:57:50)
[2025-11-25 10:53:10]   [emp_id: 5343] SKIPPED: Already updated today (2025-11-25 10:57:50)
[2025-11-25 10:53:10]   [emp_id: 5345] SKIPPED: Already updated today (2025-11-25 10:57:50)
[2025-11-25 10:53:10]   [emp_id: 5346] SKIPPED: Already updated today (2025-11-25 10:57:50)
[2025-11-25 10:53:10]   [emp_id: 5351] SKIPPED: Already updated today (2025-11-25 10:57:50)
[2025-11-25 10:53:10]   [emp_id: 5352] SKIPPED: Already updated today (2025-11-25 10:57:50)
[2025-11-25 10:53:10]   [emp_id: 5370] SKIPPED: Already updated today (2025-11-25 10:57:50)
[2025-11-25 10:53:10]   [emp_id: 5371] SKIPPED: Already updated today (2025-11-25 10:57:50)
[2025-11-25 10:53:10]   [emp_id: 5376] SKIPPED: Already updated today (2025-11-25 10:57:50)
[2025-11-25 10:53:10]   [emp_id: 5378] SKIPPED: Already updated today (2025-11-25 10:57:50)
[2025-11-25 10:53:10]   [emp_id: 5380] SKIPPED: Already updated today (2025-11-25 10:57:50)
[2025-11-25 10:53:10]   [emp_id: 5381] SKIPPED: Already updated today (2025-11-25 10:57:50)
[2025-11-25 10:53:10]   [emp_id: 5383] SKIPPED: Already updated today (2025-11-25 10:57:50)
[2025-11-25 10:53:10]   [emp_id: 5388] SKIPPED: Already updated today (2025-11-25 10:57:50)
[2025-11-25 10:53:10]   [emp_id: 5392] SKIPPED: Already updated today (2025-11-25 10:57:50)
[2025-11-25 10:53:10]   [emp_id: 5396] SKIPPED: Already updated today (2025-11-25 10:57:50)
[2025-11-25 10:53:10]   [emp_id: 5397] SKIPPED: Already updated today (2025-11-25 10:57:50)
[2025-11-25 10:53:10]   [emp_id: 5401] SKIPPED: Already updated today (2025-11-25 10:57:50)
[2025-11-25 10:53:10]   [emp_id: 5402] SKIPPED: Already updated today (2025-11-25 10:57:50)
[2025-11-25 10:53:10]   [emp_id: 5406] SKIPPED: Already updated today (2025-11-25 10:57:50)
[2025-11-25 10:53:10]   [emp_id: 5407] SKIPPED: Already updated today (2025-11-25 10:57:50)
[2025-11-25 10:53:10]   [emp_id: 5408] SKIPPED: Already updated today (2025-11-25 10:57:50)
[2025-11-25 10:53:10]   [emp_id: 5409] SKIPPED: Already updated today (2025-11-25 10:57:50)
[2025-11-25 10:53:10]   [emp_id: 5413] SKIPPED: Already updated today (2025-11-25 10:57:50)
[2025-11-25 10:53:10]   [emp_id: 5414] SKIPPED: Already updated today (2025-11-25 10:57:50)
[2025-11-25 10:53:10]   [emp_id: 5415] SKIPPED: Already updated today (2025-11-25 10:57:50)
[2025-11-25 10:53:10]   [emp_id: 5418] SKIPPED: Already updated today (2025-11-25 10:57:50)
[2025-11-25 10:53:10]   [emp_id: 5422] SKIPPED: Already updated today (2025-11-25 10:57:50)
[2025-11-25 10:53:10]   [emp_id: 5423] SKIPPED: Already updated today (2025-11-25 10:57:50)
[2025-11-25 10:53:10]   [emp_id: 5423] SKIPPED: Already updated today (2025-11-25 10:57:50)
[2025-11-25 10:53:10]   [emp_id: 5423] SKIPPED: Already updated today (2025-11-25 10:57:50)
[2025-11-25 10:53:10]   [emp_id: 5424] SKIPPED: Already updated today (2025-11-25 10:57:50)
[2025-11-25 10:53:10]   [emp_id: 5425] SKIPPED: Already updated today (2025-11-25 10:57:50)
[2025-11-25 10:53:10]   [emp_id: 5426] SKIPPED: Already updated today (2025-11-25 10:57:50)
[2025-11-25 10:53:10]   [emp_id: 5426] SKIPPED: Already updated today (2025-11-25 12:44:56)
[2025-11-25 10:53:10]   [emp_id: 5427] SKIPPED: Already updated today (2025-11-25 10:57:50)
[2025-11-25 10:53:10]   [emp_id: 5428] SKIPPED: Already updated today (2025-11-25 10:57:50)
[2025-11-25 10:53:10]   [emp_id: 5430] SKIPPED: Already updated today (2025-11-25 10:57:50)
[2025-11-25 10:53:10]   [emp_id: 5431] SKIPPED: Already updated today (2025-11-25 10:57:50)
[2025-11-25 10:53:10]   [emp_id: 5434] SKIPPED: Already updated today (2025-11-25 10:57:50)
[2025-11-25 10:53:10]   [emp_id: 5435] SKIPPED: Already updated today (2025-11-25 10:57:50)
[2025-11-25 10:53:10]   [emp_id: 5436] SKIPPED: Already updated today (2025-11-25 10:57:50)
[2025-11-25 10:53:10]   [emp_id: 5438] SKIPPED: Already updated today (2025-11-25 10:57:50)
[2025-11-25 10:53:10]   [emp_id: 5439] SKIPPED: Already updated today (2025-11-25 10:57:50)
[2025-11-25 10:53:10]   [emp_id: 5442] SKIPPED: Already updated today (2025-11-25 10:57:50)
[2025-11-25 10:53:10]   [emp_id: 5443] SKIPPED: Already updated today (2025-11-25 10:57:50)
[2025-11-25 10:53:10]   [emp_id: 5445] SKIPPED: Already updated today (2025-11-25 10:57:50)
[2025-11-25 10:53:10]   [emp_id: 5446] SKIPPED: Already updated today (2025-11-25 10:57:50)
[2025-11-25 10:53:10]   [emp_id: 5447] SKIPPED: Already updated today (2025-11-25 10:57:50)
[2025-11-25 10:53:10]   [emp_id: 5448] SKIPPED: Already updated today (2025-11-25 10:57:50)
[2025-11-25 10:53:10]   [emp_id: 5449] SKIPPED: Already updated today (2025-11-25 10:57:50)
[2025-11-25 10:53:10]   [emp_id: 5450] SKIPPED: Already updated today (2025-11-25 10:57:50)
[2025-11-25 10:53:10]   [emp_id: 5451] SKIPPED: Already updated today (2025-11-25 10:57:50)
[2025-11-25 10:53:10]   [emp_id: 5454] SKIPPED: Already updated today (2025-11-25 10:57:50)
[2025-11-25 10:53:10]   [emp_id: 5455] SKIPPED: Already updated today (2025-11-25 10:57:50)
[2025-11-25 10:53:10]   [emp_id: 5456] SKIPPED: Already updated today (2025-11-25 10:57:50)
[2025-11-25 10:53:10] 
[2025-11-25 10:53:10] ========== SUMMARY ==========
[2025-11-25 10:53:10] Total employees processed: 446
[2025-11-25 10:53:10] Records updated: 0
[2025-11-25 10:53:10] Balances changed: 0
[2025-11-25 10:53:10] Errors: 0
[2025-11-25 10:53:10] ========== CRON: Vacation Balance Update Completed ==========
[2025-11-25 10:53:10] 
[2025-11-25 10:53:12] ========== CRON: Vacation Balance Update Started ==========
[2025-11-25 10:53:12] Database connection established
[2025-11-25 10:53:12] Found 446 active employees with balance records to update
[2025-11-25 10:53:12] (Only employees with status=1 will be processed)
[2025-11-25 10:53:12]   [emp_id: 1061] SKIPPED: Already updated today (2025-11-25 10:57:47)
[2025-11-25 10:53:12]   [emp_id: 1496] SKIPPED: Already updated today (2025-11-25 10:57:47)
[2025-11-25 10:53:12]   [emp_id: 1500] SKIPPED: Already updated today (2025-11-25 10:57:47)
[2025-11-25 10:53:12]   [emp_id: 1574] SKIPPED: Already updated today (2025-11-25 10:57:47)
[2025-11-25 10:53:12]   [emp_id: 1673] SKIPPED: Already updated today (2025-11-25 10:57:47)
[2025-11-25 10:53:12]   [emp_id: 1685] SKIPPED: Already updated today (2025-11-25 10:57:47)
[2025-11-25 10:53:12]   [emp_id: 1764] SKIPPED: Already updated today (2025-11-25 10:57:47)
[2025-11-25 10:53:12]   [emp_id: 1805] SKIPPED: Already updated today (2025-11-25 10:57:47)
[2025-11-25 10:53:12]   [emp_id: 1822] SKIPPED: Already updated today (2025-11-25 10:57:47)
[2025-11-25 10:53:12]   [emp_id: 1837] SKIPPED: Already updated today (2025-11-25 10:57:47)
[2025-11-25 10:53:12]   [emp_id: 1857] SKIPPED: Already updated today (2025-11-25 10:57:47)
[2025-11-25 10:53:12]   [emp_id: 1861] SKIPPED: Already updated today (2025-11-25 10:57:47)
[2025-11-25 10:53:12]   [emp_id: 1872] SKIPPED: Already updated today (2025-11-25 10:57:47)
[2025-11-25 10:53:12]   [emp_id: 1897] SKIPPED: Already updated today (2025-11-25 10:57:47)
[2025-11-25 10:53:12]   [emp_id: 1916] SKIPPED: Already updated today (2025-11-25 10:57:47)
[2025-11-25 10:53:12]   [emp_id: 1928] SKIPPED: Already updated today (2025-11-25 10:57:47)
[2025-11-25 10:53:12]   [emp_id: 1931] SKIPPED: Already updated today (2025-11-25 10:57:47)
[2025-11-25 10:53:12]   [emp_id: 1944] SKIPPED: Already updated today (2025-11-25 10:57:47)
[2025-11-25 10:53:12]   [emp_id: 1996] SKIPPED: Already updated today (2025-11-25 10:57:47)
[2025-11-25 10:53:12]   [emp_id: 1997] SKIPPED: Already updated today (2025-11-25 10:57:47)
[2025-11-25 10:53:12]   [emp_id: 1998] SKIPPED: Already updated today (2025-11-25 10:57:47)
[2025-11-25 10:53:12]   [emp_id: 1999] SKIPPED: Already updated today (2025-11-25 10:57:47)
[2025-11-25 10:53:12]   [emp_id: 2009] SKIPPED: Already updated today (2025-11-25 10:57:47)
[2025-11-25 10:53:12]   [emp_id: 2048] SKIPPED: Already updated today (2025-11-25 10:57:47)
[2025-11-25 10:53:12]   [emp_id: 2057] SKIPPED: Already updated today (2025-11-25 10:57:47)
[2025-11-25 10:53:12]   [emp_id: 2079] SKIPPED: Already updated today (2025-11-25 10:57:47)
[2025-11-25 10:53:12]   [emp_id: 2181] SKIPPED: Already updated today (2025-11-25 10:57:47)
[2025-11-25 10:53:12]   [emp_id: 2190] SKIPPED: Already updated today (2025-11-25 10:57:47)
[2025-11-25 10:53:12]   [emp_id: 2212] SKIPPED: Already updated today (2025-11-25 10:57:47)
[2025-11-25 10:53:12]   [emp_id: 2226] SKIPPED: Already updated today (2025-11-25 10:57:47)
[2025-11-25 10:53:12]   [emp_id: 2238] SKIPPED: Already updated today (2025-11-25 10:57:47)
[2025-11-25 10:53:12]   [emp_id: 2285] SKIPPED: Already updated today (2025-11-25 10:57:47)
[2025-11-25 10:53:12]   [emp_id: 2287] SKIPPED: Already updated today (2025-11-25 10:57:47)
[2025-11-25 10:53:12]   [emp_id: 2288] SKIPPED: Already updated today (2025-11-25 10:57:48)
[2025-11-25 10:53:12]   [emp_id: 2290] SKIPPED: Already updated today (2025-11-25 10:57:48)
[2025-11-25 10:53:12]   [emp_id: 2316] SKIPPED: Already updated today (2025-11-25 10:57:48)
[2025-11-25 10:53:12]   [emp_id: 2337] SKIPPED: Already updated today (2025-11-25 10:57:48)
[2025-11-25 10:53:12]   [emp_id: 2352] SKIPPED: Already updated today (2025-11-25 10:57:48)
[2025-11-25 10:53:12]   [emp_id: 2358] SKIPPED: Already updated today (2025-11-25 10:57:48)
[2025-11-25 10:53:12]   [emp_id: 2361] SKIPPED: Already updated today (2025-11-25 10:57:48)
[2025-11-25 10:53:12]   [emp_id: 2363] SKIPPED: Already updated today (2025-11-25 10:57:48)
[2025-11-25 10:53:12]   [emp_id: 2364] SKIPPED: Already updated today (2025-11-25 10:57:48)
[2025-11-25 10:53:12]   [emp_id: 2367] SKIPPED: Already updated today (2025-11-25 10:57:48)
[2025-11-25 10:53:12]   [emp_id: 2368] SKIPPED: Already updated today (2025-11-25 10:57:48)
[2025-11-25 10:53:12]   [emp_id: 2372] SKIPPED: Already updated today (2025-11-25 10:57:48)
[2025-11-25 10:53:12]   [emp_id: 2376] SKIPPED: Already updated today (2025-11-25 10:57:48)
[2025-11-25 10:53:12]   [emp_id: 2423] SKIPPED: Already updated today (2025-11-25 10:57:48)
[2025-11-25 10:53:12]   [emp_id: 2519] SKIPPED: Already updated today (2025-11-25 10:57:48)
[2025-11-25 10:53:12]   [emp_id: 2522] SKIPPED: Already updated today (2025-11-25 10:57:48)
[2025-11-25 10:53:12]   [emp_id: 2530] SKIPPED: Already updated today (2025-11-25 10:57:48)
[2025-11-25 10:53:12]   [emp_id: 2539] SKIPPED: Already updated today (2025-11-25 10:57:48)
[2025-11-25 10:53:12]   [emp_id: 2541] SKIPPED: Already updated today (2025-11-25 10:57:48)
[2025-11-25 10:53:12]   [emp_id: 2550] SKIPPED: Already updated today (2025-11-25 10:57:48)
[2025-11-25 10:53:12]   [emp_id: 2553] SKIPPED: Already updated today (2025-11-25 10:57:48)
[2025-11-25 10:53:12]   [emp_id: 2554] SKIPPED: Already updated today (2025-11-25 10:57:48)
[2025-11-25 10:53:12]   [emp_id: 2565] SKIPPED: Already updated today (2025-11-25 10:57:48)
[2025-11-25 10:53:12]   [emp_id: 2572] SKIPPED: Already updated today (2025-11-25 10:57:48)
[2025-11-25 10:53:12]   [emp_id: 2637] SKIPPED: Already updated today (2025-11-25 10:57:48)
[2025-11-25 10:53:12]   [emp_id: 2642] SKIPPED: Already updated today (2025-11-25 10:57:48)
[2025-11-25 10:53:12]   [emp_id: 2645] SKIPPED: Already updated today (2025-11-25 10:57:48)
[2025-11-25 10:53:12]   [emp_id: 2648] SKIPPED: Already updated today (2025-11-25 10:57:48)
[2025-11-25 10:53:12]   [emp_id: 2654] SKIPPED: Already updated today (2025-11-25 10:57:48)
[2025-11-25 10:53:12]   [emp_id: 2688] SKIPPED: Already updated today (2025-11-25 10:57:48)
[2025-11-25 10:53:12]   [emp_id: 2690] SKIPPED: Already updated today (2025-11-25 10:57:48)
[2025-11-25 10:53:12]   [emp_id: 2709] SKIPPED: Already updated today (2025-11-25 10:57:48)
[2025-11-25 10:53:12]   [emp_id: 2745] SKIPPED: Already updated today (2025-11-25 10:57:48)
[2025-11-25 10:53:12]   [emp_id: 2843] SKIPPED: Already updated today (2025-11-25 10:57:48)
[2025-11-25 10:53:12]   [emp_id: 2854] SKIPPED: Already updated today (2025-11-25 10:57:48)
[2025-11-25 10:53:12]   [emp_id: 2869] SKIPPED: Already updated today (2025-11-25 10:57:48)
[2025-11-25 10:53:12]   [emp_id: 2876] SKIPPED: Already updated today (2025-11-25 10:57:48)
[2025-11-25 10:53:12]   [emp_id: 2924] SKIPPED: Already updated today (2025-11-25 10:57:48)
[2025-11-25 10:53:12]   [emp_id: 2953] SKIPPED: Already updated today (2025-11-25 10:57:48)
[2025-11-25 10:53:12]   [emp_id: 2961] SKIPPED: Already updated today (2025-11-25 10:57:48)
[2025-11-25 10:53:12]   [emp_id: 2975] SKIPPED: Already updated today (2025-11-25 10:57:48)
[2025-11-25 10:53:12]   [emp_id: 3013] SKIPPED: Already updated today (2025-11-25 10:57:48)
[2025-11-25 10:53:12]   [emp_id: 3014] SKIPPED: Already updated today (2025-11-25 10:57:48)
[2025-11-25 10:53:12]   [emp_id: 3015] SKIPPED: Already updated today (2025-11-25 10:57:48)
[2025-11-25 10:53:12]   [emp_id: 3018] SKIPPED: Already updated today (2025-11-25 10:57:48)
[2025-11-25 10:53:12]   [emp_id: 3025] SKIPPED: Already updated today (2025-11-25 10:57:48)
[2025-11-25 10:53:12]   [emp_id: 3037] SKIPPED: Already updated today (2025-11-25 10:57:48)
[2025-11-25 10:53:12]   [emp_id: 3047] SKIPPED: Already updated today (2025-11-25 10:57:48)
[2025-11-25 10:53:12]   [emp_id: 3061] SKIPPED: Already updated today (2025-11-25 10:57:48)
[2025-11-25 10:53:12]   [emp_id: 3062] SKIPPED: Already updated today (2025-11-25 10:57:48)
[2025-11-25 10:53:12]   [emp_id: 3074] SKIPPED: Already updated today (2025-11-25 10:57:48)
[2025-11-25 10:53:12]   [emp_id: 3089] SKIPPED: Already updated today (2025-11-25 10:57:48)
[2025-11-25 10:53:12]   [emp_id: 3090] SKIPPED: Already updated today (2025-11-25 10:57:48)
[2025-11-25 10:53:12]   [emp_id: 3091] SKIPPED: Already updated today (2025-11-25 10:57:48)
[2025-11-25 10:53:12]   [emp_id: 3092] SKIPPED: Already updated today (2025-11-25 10:57:48)
[2025-11-25 10:53:12]   [emp_id: 3105] SKIPPED: Already updated today (2025-11-25 10:57:48)
[2025-11-25 10:53:12]   [emp_id: 3134] SKIPPED: Already updated today (2025-11-25 10:57:48)
[2025-11-25 10:53:12]   [emp_id: 3140] SKIPPED: Already updated today (2025-11-25 10:57:48)
[2025-11-25 10:53:12]   [emp_id: 3144] SKIPPED: Already updated today (2025-11-25 10:57:48)
[2025-11-25 10:53:12]   [emp_id: 3156] SKIPPED: Already updated today (2025-11-25 10:57:48)
[2025-11-25 10:53:12]   [emp_id: 3162] SKIPPED: Already updated today (2025-11-25 10:57:48)
[2025-11-25 10:53:12]   [emp_id: 3163] SKIPPED: Already updated today (2025-11-25 10:57:48)
[2025-11-25 10:53:12]   [emp_id: 3198] SKIPPED: Already updated today (2025-11-25 10:57:48)
[2025-11-25 10:53:12]   [emp_id: 3205] SKIPPED: Already updated today (2025-11-25 10:57:48)
[2025-11-25 10:53:12]   [emp_id: 3209] SKIPPED: Already updated today (2025-11-25 10:57:48)
[2025-11-25 10:53:12]   [emp_id: 3223] SKIPPED: Already updated today (2025-11-25 10:57:48)
[2025-11-25 10:53:12]   [emp_id: 3224] SKIPPED: Already updated today (2025-11-25 10:57:48)
[2025-11-25 10:53:12]   [emp_id: 3230] SKIPPED: Already updated today (2025-11-25 10:57:48)
[2025-11-25 10:53:12]   [emp_id: 3231] SKIPPED: Already updated today (2025-11-25 10:57:48)
[2025-11-25 10:53:12]   [emp_id: 3233] SKIPPED: Already updated today (2025-11-25 10:57:48)
[2025-11-25 10:53:12]   [emp_id: 3249] SKIPPED: Already updated today (2025-11-25 10:57:48)
[2025-11-25 10:53:12]   [emp_id: 3250] SKIPPED: Already updated today (2025-11-25 10:57:48)
[2025-11-25 10:53:12]   [emp_id: 3252] SKIPPED: Already updated today (2025-11-25 10:57:48)
[2025-11-25 10:53:12]   [emp_id: 3254] SKIPPED: Already updated today (2025-11-25 10:57:48)
[2025-11-25 10:53:12]   [emp_id: 3255] SKIPPED: Already updated today (2025-11-25 10:57:48)
[2025-11-25 10:53:12]   [emp_id: 3256] SKIPPED: Already updated today (2025-11-25 10:57:48)
[2025-11-25 10:53:12]   [emp_id: 3263] SKIPPED: Already updated today (2025-11-25 10:57:48)
[2025-11-25 10:53:12]   [emp_id: 3265] SKIPPED: Already updated today (2025-11-25 10:57:48)
[2025-11-25 10:53:12]   [emp_id: 3280] SKIPPED: Already updated today (2025-11-25 10:57:48)
[2025-11-25 10:53:12]   [emp_id: 3286] SKIPPED: Already updated today (2025-11-25 10:57:48)
[2025-11-25 10:53:12]   [emp_id: 3294] SKIPPED: Already updated today (2025-11-25 10:57:48)
[2025-11-25 10:53:12]   [emp_id: 3321] SKIPPED: Already updated today (2025-11-25 10:57:48)
[2025-11-25 10:53:12]   [emp_id: 3325] SKIPPED: Already updated today (2025-11-25 10:57:48)
[2025-11-25 10:53:12]   [emp_id: 3329] SKIPPED: Already updated today (2025-11-25 10:57:48)
[2025-11-25 10:53:12]   [emp_id: 3330] SKIPPED: Already updated today (2025-11-25 10:57:48)
[2025-11-25 10:53:12]   [emp_id: 3332] SKIPPED: Already updated today (2025-11-25 10:57:48)
[2025-11-25 10:53:12]   [emp_id: 3370] SKIPPED: Already updated today (2025-11-25 10:57:48)
[2025-11-25 10:53:12]   [emp_id: 3384] SKIPPED: Already updated today (2025-11-25 10:57:48)
[2025-11-25 10:53:12]   [emp_id: 3386] SKIPPED: Already updated today (2025-11-25 10:57:48)
[2025-11-25 10:53:12]   [emp_id: 3431] SKIPPED: Already updated today (2025-11-25 10:57:48)
[2025-11-25 10:53:12]   [emp_id: 3497] SKIPPED: Already updated today (2025-11-25 10:57:48)
[2025-11-25 10:53:12]   [emp_id: 3532] SKIPPED: Already updated today (2025-11-25 10:57:48)
[2025-11-25 10:53:12]   [emp_id: 3586] SKIPPED: Already updated today (2025-11-25 10:57:48)
[2025-11-25 10:53:12]   [emp_id: 3602] SKIPPED: Already updated today (2025-11-25 10:57:48)
[2025-11-25 10:53:12]   [emp_id: 3618] SKIPPED: Already updated today (2025-11-25 10:57:48)
[2025-11-25 10:53:12]   [emp_id: 3622] SKIPPED: Already updated today (2025-11-25 10:57:48)
[2025-11-25 10:53:12]   [emp_id: 3627] SKIPPED: Already updated today (2025-11-25 10:57:48)
[2025-11-25 10:53:12]   [emp_id: 3665] SKIPPED: Already updated today (2025-11-25 10:57:48)
[2025-11-25 10:53:12]   [emp_id: 3705] SKIPPED: Already updated today (2025-11-25 10:57:48)
[2025-11-25 10:53:12]   [emp_id: 3724] SKIPPED: Already updated today (2025-11-25 10:57:48)
[2025-11-25 10:53:12]   [emp_id: 3726] SKIPPED: Already updated today (2025-11-25 10:57:48)
[2025-11-25 10:53:12]   [emp_id: 3727] SKIPPED: Already updated today (2025-11-25 10:57:48)
[2025-11-25 10:53:12]   [emp_id: 3728] SKIPPED: Already updated today (2025-11-25 10:57:48)
[2025-11-25 10:53:12]   [emp_id: 3742] SKIPPED: Already updated today (2025-11-25 10:57:48)
[2025-11-25 10:53:12]   [emp_id: 3767] SKIPPED: Already updated today (2025-11-25 10:57:48)
[2025-11-25 10:53:12]   [emp_id: 3768] SKIPPED: Already updated today (2025-11-25 10:57:48)
[2025-11-25 10:53:12]   [emp_id: 3787] SKIPPED: Already updated today (2025-11-25 10:57:48)
[2025-11-25 10:53:12]   [emp_id: 3790] SKIPPED: Already updated today (2025-11-25 10:57:48)
[2025-11-25 10:53:12]   [emp_id: 3795] SKIPPED: Already updated today (2025-11-25 10:57:48)
[2025-11-25 10:53:12]   [emp_id: 3798] SKIPPED: Already updated today (2025-11-25 10:57:48)
[2025-11-25 10:53:12]   [emp_id: 3801] SKIPPED: Already updated today (2025-11-25 10:57:48)
[2025-11-25 10:53:12]   [emp_id: 3802] SKIPPED: Already updated today (2025-11-25 10:57:48)
[2025-11-25 10:53:12]   [emp_id: 3803] SKIPPED: Already updated today (2025-11-25 10:57:48)
[2025-11-25 10:53:12]   [emp_id: 3810] SKIPPED: Already updated today (2025-11-25 10:57:48)
[2025-11-25 10:53:12]   [emp_id: 3812] SKIPPED: Already updated today (2025-11-25 10:57:48)
[2025-11-25 10:53:12]   [emp_id: 3815] SKIPPED: Already updated today (2025-11-25 10:57:48)
[2025-11-25 10:53:12]   [emp_id: 3836] SKIPPED: Already updated today (2025-11-25 10:57:48)
[2025-11-25 10:53:12]   [emp_id: 3855] SKIPPED: Already updated today (2025-11-25 10:57:48)
[2025-11-25 10:53:12]   [emp_id: 3857] SKIPPED: Already updated today (2025-11-25 10:57:48)
[2025-11-25 10:53:12]   [emp_id: 3862] SKIPPED: Already updated today (2025-11-25 10:57:48)
[2025-11-25 10:53:12]   [emp_id: 3866] SKIPPED: Already updated today (2025-11-25 10:57:48)
[2025-11-25 10:53:12]   [emp_id: 3876] SKIPPED: Already updated today (2025-11-25 10:57:48)
[2025-11-25 10:53:12]   [emp_id: 3877] SKIPPED: Already updated today (2025-11-25 10:57:48)
[2025-11-25 10:53:12]   [emp_id: 3897] SKIPPED: Already updated today (2025-11-25 10:57:48)
[2025-11-25 10:53:12]   [emp_id: 3899] SKIPPED: Already updated today (2025-11-25 10:57:48)
[2025-11-25 10:53:12]   [emp_id: 3928] SKIPPED: Already updated today (2025-11-25 10:57:48)
[2025-11-25 10:53:12]   [emp_id: 3929] SKIPPED: Already updated today (2025-11-25 10:57:48)
[2025-11-25 10:53:12]   [emp_id: 3935] SKIPPED: Already updated today (2025-11-25 10:57:48)
[2025-11-25 10:53:12]   [emp_id: 3952] SKIPPED: Already updated today (2025-11-25 10:57:48)
[2025-11-25 10:53:12]   [emp_id: 3987] SKIPPED: Already updated today (2025-11-25 10:57:48)
[2025-11-25 10:53:12]   [emp_id: 4059] SKIPPED: Already updated today (2025-11-25 10:57:48)
[2025-11-25 10:53:12]   [emp_id: 4119] SKIPPED: Already updated today (2025-11-25 10:57:48)
[2025-11-25 10:53:12]   [emp_id: 4120] SKIPPED: Already updated today (2025-11-25 10:57:48)
[2025-11-25 10:53:12]   [emp_id: 4124] SKIPPED: Already updated today (2025-11-25 10:57:48)
[2025-11-25 10:53:12]   [emp_id: 4133] SKIPPED: Already updated today (2025-11-25 10:57:48)
[2025-11-25 10:53:12]   [emp_id: 4134] SKIPPED: Already updated today (2025-11-25 10:57:48)
[2025-11-25 10:53:12]   [emp_id: 4136] SKIPPED: Already updated today (2025-11-25 10:57:48)
[2025-11-25 10:53:12]   [emp_id: 4150] SKIPPED: Already updated today (2025-11-25 10:57:48)
[2025-11-25 10:53:12]   [emp_id: 4157] SKIPPED: Already updated today (2025-11-25 10:57:48)
[2025-11-25 10:53:12]   [emp_id: 4172] SKIPPED: Already updated today (2025-11-25 10:57:48)
[2025-11-25 10:53:12]   [emp_id: 4195] SKIPPED: Already updated today (2025-11-25 10:57:48)
[2025-11-25 10:53:12]   [emp_id: 4215] SKIPPED: Already updated today (2025-11-25 10:57:48)
[2025-11-25 10:53:12]   [emp_id: 4220] SKIPPED: Already updated today (2025-11-25 10:57:48)
[2025-11-25 10:53:12]   [emp_id: 4273] SKIPPED: Already updated today (2025-11-25 10:57:48)
[2025-11-25 10:53:12]   [emp_id: 4283] SKIPPED: Already updated today (2025-11-25 10:57:48)
[2025-11-25 10:53:12]   [emp_id: 4288] SKIPPED: Already updated today (2025-11-25 10:57:48)
[2025-11-25 10:53:12]   [emp_id: 4315] SKIPPED: Already updated today (2025-11-25 10:57:48)
[2025-11-25 10:53:12]   [emp_id: 4328] SKIPPED: Already updated today (2025-11-25 10:57:49)
[2025-11-25 10:53:12]   [emp_id: 4329] SKIPPED: Already updated today (2025-11-25 10:57:49)
[2025-11-25 10:53:12]   [emp_id: 4338] SKIPPED: Already updated today (2025-11-25 10:57:49)
[2025-11-25 10:53:12]   [emp_id: 4340] SKIPPED: Already updated today (2025-11-25 10:57:49)
[2025-11-25 10:53:12]   [emp_id: 4365] SKIPPED: Already updated today (2025-11-25 10:57:49)
[2025-11-25 10:53:12]   [emp_id: 4366] SKIPPED: Already updated today (2025-11-25 10:57:49)
[2025-11-25 10:53:12]   [emp_id: 4385] SKIPPED: Already updated today (2025-11-25 10:57:49)
[2025-11-25 10:53:12]   [emp_id: 4403] SKIPPED: Already updated today (2025-11-25 10:57:49)
[2025-11-25 10:53:12]   [emp_id: 4438] SKIPPED: Already updated today (2025-11-25 10:57:49)
[2025-11-25 10:53:12]   [emp_id: 4465] SKIPPED: Already updated today (2025-11-25 10:57:49)
[2025-11-25 10:53:12]   [emp_id: 4473] SKIPPED: Already updated today (2025-11-25 10:57:49)
[2025-11-25 10:53:12]   [emp_id: 4474] SKIPPED: Already updated today (2025-11-25 10:57:49)
[2025-11-25 10:53:12]   [emp_id: 4493] SKIPPED: Already updated today (2025-11-25 10:57:49)
[2025-11-25 10:53:12]   [emp_id: 4526] SKIPPED: Already updated today (2025-11-25 10:57:49)
[2025-11-25 10:53:12]   [emp_id: 4528] SKIPPED: Already updated today (2025-11-25 10:57:49)
[2025-11-25 10:53:12]   [emp_id: 4528] SKIPPED: Already updated today (2025-11-25 10:57:49)
[2025-11-25 10:53:12]   [emp_id: 4532] SKIPPED: Already updated today (2025-11-25 10:57:49)
[2025-11-25 10:53:12]   [emp_id: 4533] SKIPPED: Already updated today (2025-11-25 10:57:49)
[2025-11-25 10:53:12]   [emp_id: 4564] SKIPPED: Already updated today (2025-11-25 10:57:49)
[2025-11-25 10:53:12]   [emp_id: 4565] SKIPPED: Already updated today (2025-11-25 10:57:49)
[2025-11-25 10:53:12]   [emp_id: 4567] SKIPPED: Already updated today (2025-11-25 10:57:49)
[2025-11-25 10:53:12]   [emp_id: 4572] SKIPPED: Already updated today (2025-11-25 10:57:49)
[2025-11-25 10:53:12]   [emp_id: 4631] SKIPPED: Already updated today (2025-11-25 10:57:49)
[2025-11-25 10:53:12]   [emp_id: 4655] SKIPPED: Already updated today (2025-11-25 10:57:49)
[2025-11-25 10:53:12]   [emp_id: 4689] SKIPPED: Already updated today (2025-11-25 10:57:49)
[2025-11-25 10:53:12]   [emp_id: 4709] SKIPPED: Already updated today (2025-11-25 10:57:49)
[2025-11-25 10:53:12]   [emp_id: 4717] SKIPPED: Already updated today (2025-11-25 10:57:49)
[2025-11-25 10:53:12]   [emp_id: 4736] SKIPPED: Already updated today (2025-11-25 10:57:49)
[2025-11-25 10:53:12]   [emp_id: 4756] SKIPPED: Already updated today (2025-11-25 10:57:49)
[2025-11-25 10:53:12]   [emp_id: 4768] SKIPPED: Already updated today (2025-11-25 10:57:49)
[2025-11-25 10:53:12]   [emp_id: 4780] SKIPPED: Already updated today (2025-11-25 10:57:49)
[2025-11-25 10:53:12]   [emp_id: 4820] SKIPPED: Already updated today (2025-11-25 10:57:49)
[2025-11-25 10:53:12]   [emp_id: 4825] SKIPPED: Already updated today (2025-11-25 10:57:49)
[2025-11-25 10:53:12]   [emp_id: 4835] SKIPPED: Already updated today (2025-11-25 10:57:49)
[2025-11-25 10:53:12]   [emp_id: 4837] SKIPPED: Already updated today (2025-11-25 10:57:49)
[2025-11-25 10:53:12]   [emp_id: 4838] SKIPPED: Already updated today (2025-11-25 10:57:49)
[2025-11-25 10:53:12]   [emp_id: 4840] SKIPPED: Already updated today (2025-11-25 10:57:49)
[2025-11-25 10:53:12]   [emp_id: 4842] SKIPPED: Already updated today (2025-11-25 10:57:49)
[2025-11-25 10:53:12]   [emp_id: 4843] SKIPPED: Already updated today (2025-11-25 10:57:49)
[2025-11-25 10:53:12]   [emp_id: 4853] SKIPPED: Already updated today (2025-11-25 10:57:49)
[2025-11-25 10:53:12]   [emp_id: 4856] SKIPPED: Already updated today (2025-11-25 10:57:49)
[2025-11-25 10:53:12]   [emp_id: 4857] SKIPPED: Already updated today (2025-11-25 10:57:49)
[2025-11-25 10:53:12]   [emp_id: 4858] SKIPPED: Already updated today (2025-11-25 10:57:49)
[2025-11-25 10:53:12]   [emp_id: 4859] SKIPPED: Already updated today (2025-11-25 10:57:49)
[2025-11-25 10:53:12]   [emp_id: 4860] SKIPPED: Already updated today (2025-11-25 10:57:49)
[2025-11-25 10:53:12]   [emp_id: 4861] SKIPPED: Already updated today (2025-11-25 10:57:49)
[2025-11-25 10:53:12]   [emp_id: 4869] SKIPPED: Already updated today (2025-11-25 10:57:49)
[2025-11-25 10:53:12]   [emp_id: 4894] SKIPPED: Already updated today (2025-11-25 10:57:49)
[2025-11-25 10:53:12]   [emp_id: 4897] SKIPPED: Already updated today (2025-11-25 10:57:49)
[2025-11-25 10:53:12]   [emp_id: 4899] SKIPPED: Already updated today (2025-11-25 10:57:49)
[2025-11-25 10:53:12]   [emp_id: 4902] SKIPPED: Already updated today (2025-11-25 10:57:49)
[2025-11-25 10:53:12]   [emp_id: 4903] SKIPPED: Already updated today (2025-11-25 10:57:49)
[2025-11-25 10:53:12]   [emp_id: 4905] SKIPPED: Already updated today (2025-11-25 10:57:49)
[2025-11-25 10:53:12]   [emp_id: 4907] SKIPPED: Already updated today (2025-11-25 10:57:49)
[2025-11-25 10:53:12]   [emp_id: 4917] SKIPPED: Already updated today (2025-11-25 10:57:49)
[2025-11-25 10:53:12]   [emp_id: 4918] SKIPPED: Already updated today (2025-11-25 10:57:49)
[2025-11-25 10:53:12]   [emp_id: 4919] SKIPPED: Already updated today (2025-11-25 10:57:49)
[2025-11-25 10:53:12]   [emp_id: 4920] SKIPPED: Already updated today (2025-11-25 10:57:49)
[2025-11-25 10:53:12]   [emp_id: 4921] SKIPPED: Already updated today (2025-11-25 10:57:49)
[2025-11-25 10:53:12]   [emp_id: 4927] SKIPPED: Already updated today (2025-11-25 10:57:49)
[2025-11-25 10:53:12]   [emp_id: 4929] SKIPPED: Already updated today (2025-11-25 10:57:49)
[2025-11-25 10:53:12]   [emp_id: 4930] SKIPPED: Already updated today (2025-11-25 10:57:49)
[2025-11-25 10:53:12]   [emp_id: 4932] SKIPPED: Already updated today (2025-11-25 10:57:49)
[2025-11-25 10:53:12]   [emp_id: 4933] SKIPPED: Already updated today (2025-11-25 10:57:49)
[2025-11-25 10:53:12]   [emp_id: 4949] SKIPPED: Already updated today (2025-11-25 10:57:49)
[2025-11-25 10:53:12]   [emp_id: 4956] SKIPPED: Already updated today (2025-11-25 10:57:49)
[2025-11-25 10:53:12]   [emp_id: 4957] SKIPPED: Already updated today (2025-11-25 10:57:49)
[2025-11-25 10:53:12]   [emp_id: 4962] SKIPPED: Already updated today (2025-11-25 10:57:49)
[2025-11-25 10:53:12]   [emp_id: 4969] SKIPPED: Already updated today (2025-11-25 10:57:49)
[2025-11-25 10:53:12]   [emp_id: 4976] SKIPPED: Already updated today (2025-11-25 10:57:49)
[2025-11-25 10:53:12]   [emp_id: 4984] SKIPPED: Already updated today (2025-11-25 10:57:49)
[2025-11-25 10:53:12]   [emp_id: 4995] SKIPPED: Already updated today (2025-11-25 10:57:49)
[2025-11-25 10:53:12]   [emp_id: 5004] SKIPPED: Already updated today (2025-11-25 10:57:49)
[2025-11-25 10:53:12]   [emp_id: 5006] SKIPPED: Already updated today (2025-11-25 10:57:49)
[2025-11-25 10:53:12]   [emp_id: 5011] SKIPPED: Already updated today (2025-11-25 10:57:49)
[2025-11-25 10:53:12]   [emp_id: 5013] SKIPPED: Already updated today (2025-11-25 10:57:49)
[2025-11-25 10:53:12]   [emp_id: 5018] SKIPPED: Already updated today (2025-11-25 10:57:49)
[2025-11-25 10:53:12]   [emp_id: 5021] SKIPPED: Already updated today (2025-11-25 10:57:49)
[2025-11-25 10:53:12]   [emp_id: 5021] SKIPPED: Already updated today (2025-11-25 10:57:49)
[2025-11-25 10:53:12]   [emp_id: 5024] SKIPPED: Already updated today (2025-11-25 10:57:49)
[2025-11-25 10:53:12]   [emp_id: 5029] SKIPPED: Already updated today (2025-11-25 10:57:49)
[2025-11-25 10:53:12]   [emp_id: 5030] SKIPPED: Already updated today (2025-11-25 10:57:49)
[2025-11-25 10:53:12]   [emp_id: 5033] SKIPPED: Already updated today (2025-11-25 10:57:49)
[2025-11-25 10:53:12]   [emp_id: 5043] SKIPPED: Already updated today (2025-11-25 10:57:49)
[2025-11-25 10:53:12]   [emp_id: 5045] SKIPPED: Already updated today (2025-11-25 10:57:49)
[2025-11-25 10:53:12]   [emp_id: 5046] SKIPPED: Already updated today (2025-11-25 10:57:49)
[2025-11-25 10:53:12]   [emp_id: 5049] SKIPPED: Already updated today (2025-11-25 10:57:49)
[2025-11-25 10:53:12]   [emp_id: 5052] SKIPPED: Already updated today (2025-11-25 10:57:49)
[2025-11-25 10:53:12]   [emp_id: 5055] SKIPPED: Already updated today (2025-11-25 10:57:49)
[2025-11-25 10:53:12]   [emp_id: 5058] SKIPPED: Already updated today (2025-11-25 10:57:49)
[2025-11-25 10:53:12]   [emp_id: 5062] SKIPPED: Already updated today (2025-11-25 10:57:49)
[2025-11-25 10:53:12]   [emp_id: 5064] SKIPPED: Already updated today (2025-11-25 10:57:49)
[2025-11-25 10:53:12]   [emp_id: 5065] SKIPPED: Already updated today (2025-11-25 10:57:49)
[2025-11-25 10:53:12]   [emp_id: 5071] SKIPPED: Already updated today (2025-11-25 10:57:49)
[2025-11-25 10:53:12]   [emp_id: 5073] SKIPPED: Already updated today (2025-11-25 10:57:49)
[2025-11-25 10:53:12]   [emp_id: 5079] SKIPPED: Already updated today (2025-11-25 10:57:49)
[2025-11-25 10:53:12]   [emp_id: 5080] SKIPPED: Already updated today (2025-11-25 10:57:49)
[2025-11-25 10:53:12]   [emp_id: 5081] SKIPPED: Already updated today (2025-11-25 10:57:49)
[2025-11-25 10:53:12]   [emp_id: 5087] SKIPPED: Already updated today (2025-11-25 10:57:49)
[2025-11-25 10:53:12]   [emp_id: 5091] SKIPPED: Already updated today (2025-11-25 10:57:49)
[2025-11-25 10:53:12]   [emp_id: 5093] SKIPPED: Already updated today (2025-11-25 10:57:49)
[2025-11-25 10:53:12]   [emp_id: 5095] SKIPPED: Already updated today (2025-11-25 10:57:49)
[2025-11-25 10:53:12]   [emp_id: 5101] SKIPPED: Already updated today (2025-11-25 10:57:49)
[2025-11-25 10:53:12]   [emp_id: 5107] SKIPPED: Already updated today (2025-11-25 10:57:49)
[2025-11-25 10:53:12]   [emp_id: 5109] SKIPPED: Already updated today (2025-11-25 10:57:49)
[2025-11-25 10:53:12]   [emp_id: 5115] SKIPPED: Already updated today (2025-11-25 10:57:49)
[2025-11-25 10:53:12]   [emp_id: 5119] SKIPPED: Already updated today (2025-11-25 10:57:49)
[2025-11-25 10:53:12]   [emp_id: 5122] SKIPPED: Already updated today (2025-11-25 10:57:49)
[2025-11-25 10:53:12]   [emp_id: 5126] SKIPPED: Already updated today (2025-11-25 10:57:49)
[2025-11-25 10:53:12]   [emp_id: 5127] SKIPPED: Already updated today (2025-11-25 10:57:49)
[2025-11-25 10:53:12]   [emp_id: 5128] SKIPPED: Already updated today (2025-11-25 10:57:49)
[2025-11-25 10:53:12]   [emp_id: 5138] SKIPPED: Already updated today (2025-11-25 10:57:49)
[2025-11-25 10:53:12]   [emp_id: 5138] SKIPPED: Already updated today (2025-11-25 10:57:49)
[2025-11-25 10:53:12]   [emp_id: 5141] SKIPPED: Already updated today (2025-11-25 10:57:49)
[2025-11-25 10:53:12]   [emp_id: 5142] SKIPPED: Already updated today (2025-11-25 10:57:49)
[2025-11-25 10:53:12]   [emp_id: 5146] SKIPPED: Already updated today (2025-11-25 10:57:49)
[2025-11-25 10:53:12]   [emp_id: 5147] SKIPPED: Already updated today (2025-11-25 10:57:49)
[2025-11-25 10:53:12]   [emp_id: 5148] SKIPPED: Already updated today (2025-11-25 10:57:49)
[2025-11-25 10:53:12]   [emp_id: 5149] SKIPPED: Already updated today (2025-11-25 10:57:50)
[2025-11-25 10:53:12]   [emp_id: 5150] SKIPPED: Already updated today (2025-11-25 10:57:50)
[2025-11-25 10:53:12]   [emp_id: 5151] SKIPPED: Already updated today (2025-11-25 10:57:50)
[2025-11-25 10:53:12]   [emp_id: 5152] SKIPPED: Already updated today (2025-11-25 10:57:50)
[2025-11-25 10:53:12]   [emp_id: 5157] SKIPPED: Already updated today (2025-11-25 10:57:50)
[2025-11-25 10:53:12]   [emp_id: 5160] SKIPPED: Already updated today (2025-11-25 10:57:50)
[2025-11-25 10:53:12]   [emp_id: 5163] SKIPPED: Already updated today (2025-11-25 10:57:50)
[2025-11-25 10:53:12]   [emp_id: 5165] SKIPPED: Already updated today (2025-11-25 10:57:50)
[2025-11-25 10:53:12]   [emp_id: 5167] SKIPPED: Already updated today (2025-11-25 10:57:50)
[2025-11-25 10:53:12]   [emp_id: 5168] SKIPPED: Already updated today (2025-11-25 10:57:50)
[2025-11-25 10:53:12]   [emp_id: 5173] SKIPPED: Already updated today (2025-11-25 10:57:50)
[2025-11-25 10:53:12]   [emp_id: 5174] SKIPPED: Already updated today (2025-11-25 10:57:50)
[2025-11-25 10:53:12]   [emp_id: 5181] SKIPPED: Already updated today (2025-11-25 10:57:50)
[2025-11-25 10:53:12]   [emp_id: 5186] SKIPPED: Already updated today (2025-11-25 10:57:50)
[2025-11-25 10:53:12]   [emp_id: 5187] SKIPPED: Already updated today (2025-11-25 10:57:50)
[2025-11-25 10:53:12]   [emp_id: 5204] SKIPPED: Already updated today (2025-11-25 10:57:50)
[2025-11-25 10:53:12]   [emp_id: 5205] SKIPPED: Already updated today (2025-11-25 10:57:50)
[2025-11-25 10:53:12]   [emp_id: 5209] SKIPPED: Already updated today (2025-11-25 10:57:50)
[2025-11-25 10:53:12]   [emp_id: 5211] SKIPPED: Already updated today (2025-11-25 10:57:50)
[2025-11-25 10:53:12]   [emp_id: 5213] SKIPPED: Already updated today (2025-11-25 10:57:50)
[2025-11-25 10:53:12]   [emp_id: 5214] SKIPPED: Already updated today (2025-11-25 10:57:50)
[2025-11-25 10:53:12]   [emp_id: 5215] SKIPPED: Already updated today (2025-11-25 10:57:50)
[2025-11-25 10:53:12]   [emp_id: 5217] SKIPPED: Already updated today (2025-11-25 10:57:50)
[2025-11-25 10:53:12]   [emp_id: 5218] SKIPPED: Already updated today (2025-11-25 10:57:50)
[2025-11-25 10:53:12]   [emp_id: 5219] SKIPPED: Already updated today (2025-11-25 10:57:50)
[2025-11-25 10:53:12]   [emp_id: 5221] SKIPPED: Already updated today (2025-11-25 10:57:50)
[2025-11-25 10:53:12]   [emp_id: 5224] SKIPPED: Already updated today (2025-11-25 10:57:50)
[2025-11-25 10:53:12]   [emp_id: 5225] SKIPPED: Already updated today (2025-11-25 10:57:50)
[2025-11-25 10:53:12]   [emp_id: 5228] SKIPPED: Already updated today (2025-11-25 10:57:50)
[2025-11-25 10:53:12]   [emp_id: 5229] SKIPPED: Already updated today (2025-11-25 10:57:50)
[2025-11-25 10:53:12]   [emp_id: 5230] SKIPPED: Already updated today (2025-11-25 10:57:50)
[2025-11-25 10:53:12]   [emp_id: 5231] SKIPPED: Already updated today (2025-11-25 10:57:50)
[2025-11-25 10:53:12]   [emp_id: 5232] SKIPPED: Already updated today (2025-11-25 10:57:50)
[2025-11-25 10:53:12]   [emp_id: 5233] SKIPPED: Already updated today (2025-11-25 10:57:50)
[2025-11-25 10:53:12]   [emp_id: 5234] SKIPPED: Already updated today (2025-11-25 10:57:50)
[2025-11-25 10:53:12]   [emp_id: 5235] SKIPPED: Already updated today (2025-11-25 10:57:50)
[2025-11-25 10:53:12]   [emp_id: 5237] SKIPPED: Already updated today (2025-11-25 10:57:50)
[2025-11-25 10:53:12]   [emp_id: 5238] SKIPPED: Already updated today (2025-11-25 11:10:58)
[2025-11-25 10:53:12]   [emp_id: 5239] SKIPPED: Already updated today (2025-11-25 10:57:50)
[2025-11-25 10:53:12]   [emp_id: 5241] SKIPPED: Already updated today (2025-11-25 10:57:50)
[2025-11-25 10:53:12]   [emp_id: 5242] SKIPPED: Already updated today (2025-11-25 10:57:50)
[2025-11-25 10:53:12]   [emp_id: 5243] SKIPPED: Already updated today (2025-11-25 10:57:50)
[2025-11-25 10:53:12]   [emp_id: 5244] SKIPPED: Already updated today (2025-11-25 10:57:50)
[2025-11-25 10:53:12]   [emp_id: 5246] SKIPPED: Already updated today (2025-11-25 10:57:50)
[2025-11-25 10:53:12]   [emp_id: 5253] SKIPPED: Already updated today (2025-11-25 10:57:50)
[2025-11-25 10:53:12]   [emp_id: 5254] SKIPPED: Already updated today (2025-11-25 10:57:50)
[2025-11-25 10:53:12]   [emp_id: 5257] SKIPPED: Already updated today (2025-11-25 10:57:50)
[2025-11-25 10:53:12]   [emp_id: 5259] SKIPPED: Already updated today (2025-11-25 10:57:50)
[2025-11-25 10:53:12]   [emp_id: 5261] SKIPPED: Already updated today (2025-11-25 10:57:50)
[2025-11-25 10:53:12]   [emp_id: 5264] SKIPPED: Already updated today (2025-11-25 10:57:50)
[2025-11-25 10:53:12]   [emp_id: 5266] SKIPPED: Already updated today (2025-11-25 10:57:50)
[2025-11-25 10:53:12]   [emp_id: 5268] SKIPPED: Already updated today (2025-11-25 10:57:50)
[2025-11-25 10:53:12]   [emp_id: 5271] SKIPPED: Already updated today (2025-11-25 10:57:50)
[2025-11-25 10:53:12]   [emp_id: 5272] SKIPPED: Already updated today (2025-11-25 10:57:50)
[2025-11-25 10:53:12]   [emp_id: 5273] SKIPPED: Already updated today (2025-11-25 10:57:50)
[2025-11-25 10:53:12]   [emp_id: 5275] SKIPPED: Already updated today (2025-11-25 10:57:50)
[2025-11-25 10:53:12]   [emp_id: 5276] SKIPPED: Already updated today (2025-11-25 10:57:50)
[2025-11-25 10:53:12]   [emp_id: 5278] SKIPPED: Already updated today (2025-11-25 10:57:50)
[2025-11-25 10:53:12]   [emp_id: 5280] SKIPPED: Already updated today (2025-11-25 10:57:50)
[2025-11-25 10:53:12]   [emp_id: 5282] SKIPPED: Already updated today (2025-11-25 10:57:50)
[2025-11-25 10:53:12]   [emp_id: 5285] SKIPPED: Already updated today (2025-11-25 10:57:50)
[2025-11-25 10:53:12]   [emp_id: 5286] SKIPPED: Already updated today (2025-11-25 10:57:50)
[2025-11-25 10:53:12]   [emp_id: 5287] SKIPPED: Already updated today (2025-11-25 10:57:50)
[2025-11-25 10:53:12]   [emp_id: 5288] SKIPPED: Already updated today (2025-11-25 10:57:50)
[2025-11-25 10:53:12]   [emp_id: 5289] SKIPPED: Already updated today (2025-11-25 10:57:50)
[2025-11-25 10:53:12]   [emp_id: 5290] SKIPPED: Already updated today (2025-11-25 10:57:50)
[2025-11-25 10:53:12]   [emp_id: 5291] SKIPPED: Already updated today (2025-11-25 10:57:50)
[2025-11-25 10:53:12]   [emp_id: 5292] SKIPPED: Already updated today (2025-11-25 10:57:50)
[2025-11-25 10:53:12]   [emp_id: 5293] SKIPPED: Already updated today (2025-11-25 10:57:50)
[2025-11-25 10:53:12]   [emp_id: 5294] SKIPPED: Already updated today (2025-11-25 10:57:50)
[2025-11-25 10:53:12]   [emp_id: 5295] SKIPPED: Already updated today (2025-11-25 10:57:50)
[2025-11-25 10:53:12]   [emp_id: 5296] SKIPPED: Already updated today (2025-11-25 10:57:50)
[2025-11-25 10:53:12]   [emp_id: 5297] SKIPPED: Already updated today (2025-11-25 10:57:50)
[2025-11-25 10:53:12]   [emp_id: 5298] SKIPPED: Already updated today (2025-11-25 10:57:50)
[2025-11-25 10:53:12]   [emp_id: 5299] SKIPPED: Already updated today (2025-11-25 10:57:50)
[2025-11-25 10:53:12]   [emp_id: 5300] SKIPPED: Already updated today (2025-11-25 10:57:50)
[2025-11-25 10:53:12]   [emp_id: 5301] SKIPPED: Already updated today (2025-11-25 10:57:50)
[2025-11-25 10:53:12]   [emp_id: 5303] SKIPPED: Already updated today (2025-11-25 10:57:50)
[2025-11-25 10:53:12]   [emp_id: 5304] SKIPPED: Already updated today (2025-11-25 10:57:50)
[2025-11-25 10:53:12]   [emp_id: 5305] SKIPPED: Already updated today (2025-11-25 10:57:50)
[2025-11-25 10:53:12]   [emp_id: 5306] SKIPPED: Already updated today (2025-11-25 10:57:50)
[2025-11-25 10:53:12]   [emp_id: 5307] SKIPPED: Already updated today (2025-11-25 10:57:50)
[2025-11-25 10:53:12]   [emp_id: 5312] SKIPPED: Already updated today (2025-11-25 10:57:50)
[2025-11-25 10:53:12]   [emp_id: 5318] SKIPPED: Already updated today (2025-11-25 10:57:50)
[2025-11-25 10:53:12]   [emp_id: 5325] SKIPPED: Already updated today (2025-11-25 10:57:50)
[2025-11-25 10:53:12]   [emp_id: 5326] SKIPPED: Already updated today (2025-11-25 10:57:50)
[2025-11-25 10:53:12]   [emp_id: 5327] SKIPPED: Already updated today (2025-11-25 10:57:50)
[2025-11-25 10:53:12]   [emp_id: 5328] SKIPPED: Already updated today (2025-11-25 10:57:50)
[2025-11-25 10:53:12]   [emp_id: 5329] SKIPPED: Already updated today (2025-11-25 10:57:50)
[2025-11-25 10:53:12]   [emp_id: 5331] SKIPPED: Already updated today (2025-11-25 10:57:50)
[2025-11-25 10:53:12]   [emp_id: 5337] SKIPPED: Already updated today (2025-11-25 10:57:50)
[2025-11-25 10:53:12]   [emp_id: 5339] SKIPPED: Already updated today (2025-11-25 10:57:50)
[2025-11-25 10:53:12]   [emp_id: 5343] SKIPPED: Already updated today (2025-11-25 10:57:50)
[2025-11-25 10:53:12]   [emp_id: 5343] SKIPPED: Already updated today (2025-11-25 10:57:50)
[2025-11-25 10:53:12]   [emp_id: 5345] SKIPPED: Already updated today (2025-11-25 10:57:50)
[2025-11-25 10:53:12]   [emp_id: 5346] SKIPPED: Already updated today (2025-11-25 10:57:50)
[2025-11-25 10:53:12]   [emp_id: 5351] SKIPPED: Already updated today (2025-11-25 10:57:50)
[2025-11-25 10:53:12]   [emp_id: 5352] SKIPPED: Already updated today (2025-11-25 10:57:50)
[2025-11-25 10:53:12]   [emp_id: 5370] SKIPPED: Already updated today (2025-11-25 10:57:50)
[2025-11-25 10:53:12]   [emp_id: 5371] SKIPPED: Already updated today (2025-11-25 10:57:50)
[2025-11-25 10:53:12]   [emp_id: 5376] SKIPPED: Already updated today (2025-11-25 10:57:50)
[2025-11-25 10:53:12]   [emp_id: 5378] SKIPPED: Already updated today (2025-11-25 10:57:50)
[2025-11-25 10:53:12]   [emp_id: 5380] SKIPPED: Already updated today (2025-11-25 10:57:50)
[2025-11-25 10:53:12]   [emp_id: 5381] SKIPPED: Already updated today (2025-11-25 10:57:50)
[2025-11-25 10:53:12]   [emp_id: 5383] SKIPPED: Already updated today (2025-11-25 10:57:50)
[2025-11-25 10:53:12]   [emp_id: 5388] SKIPPED: Already updated today (2025-11-25 10:57:50)
[2025-11-25 10:53:12]   [emp_id: 5392] SKIPPED: Already updated today (2025-11-25 10:57:50)
[2025-11-25 10:53:12]   [emp_id: 5396] SKIPPED: Already updated today (2025-11-25 10:57:50)
[2025-11-25 10:53:12]   [emp_id: 5397] SKIPPED: Already updated today (2025-11-25 10:57:50)
[2025-11-25 10:53:12]   [emp_id: 5401] SKIPPED: Already updated today (2025-11-25 10:57:50)
[2025-11-25 10:53:12]   [emp_id: 5402] SKIPPED: Already updated today (2025-11-25 10:57:50)
[2025-11-25 10:53:12]   [emp_id: 5406] SKIPPED: Already updated today (2025-11-25 10:57:50)
[2025-11-25 10:53:12]   [emp_id: 5407] SKIPPED: Already updated today (2025-11-25 10:57:50)
[2025-11-25 10:53:12]   [emp_id: 5408] SKIPPED: Already updated today (2025-11-25 10:57:50)
[2025-11-25 10:53:12]   [emp_id: 5409] SKIPPED: Already updated today (2025-11-25 10:57:50)
[2025-11-25 10:53:12]   [emp_id: 5413] SKIPPED: Already updated today (2025-11-25 10:57:50)
[2025-11-25 10:53:12]   [emp_id: 5414] SKIPPED: Already updated today (2025-11-25 10:57:50)
[2025-11-25 10:53:12]   [emp_id: 5415] SKIPPED: Already updated today (2025-11-25 10:57:50)
[2025-11-25 10:53:12]   [emp_id: 5418] SKIPPED: Already updated today (2025-11-25 10:57:50)
[2025-11-25 10:53:12]   [emp_id: 5422] SKIPPED: Already updated today (2025-11-25 10:57:50)
[2025-11-25 10:53:12]   [emp_id: 5423] SKIPPED: Already updated today (2025-11-25 10:57:50)
[2025-11-25 10:53:12]   [emp_id: 5423] SKIPPED: Already updated today (2025-11-25 10:57:50)
[2025-11-25 10:53:12]   [emp_id: 5423] SKIPPED: Already updated today (2025-11-25 10:57:50)
[2025-11-25 10:53:12]   [emp_id: 5424] SKIPPED: Already updated today (2025-11-25 10:57:50)
[2025-11-25 10:53:12]   [emp_id: 5425] SKIPPED: Already updated today (2025-11-25 10:57:50)
[2025-11-25 10:53:12]   [emp_id: 5426] SKIPPED: Already updated today (2025-11-25 10:57:50)
[2025-11-25 10:53:12]   [emp_id: 5426] SKIPPED: Already updated today (2025-11-25 12:44:56)
[2025-11-25 10:53:12]   [emp_id: 5427] SKIPPED: Already updated today (2025-11-25 10:57:50)
[2025-11-25 10:53:12]   [emp_id: 5428] SKIPPED: Already updated today (2025-11-25 10:57:50)
[2025-11-25 10:53:12]   [emp_id: 5430] SKIPPED: Already updated today (2025-11-25 10:57:50)
[2025-11-25 10:53:12]   [emp_id: 5431] SKIPPED: Already updated today (2025-11-25 10:57:50)
[2025-11-25 10:53:12]   [emp_id: 5434] SKIPPED: Already updated today (2025-11-25 10:57:50)
[2025-11-25 10:53:12]   [emp_id: 5435] SKIPPED: Already updated today (2025-11-25 10:57:50)
[2025-11-25 10:53:12]   [emp_id: 5436] SKIPPED: Already updated today (2025-11-25 10:57:50)
[2025-11-25 10:53:12]   [emp_id: 5438] SKIPPED: Already updated today (2025-11-25 10:57:50)
[2025-11-25 10:53:12]   [emp_id: 5439] SKIPPED: Already updated today (2025-11-25 10:57:50)
[2025-11-25 10:53:12]   [emp_id: 5442] SKIPPED: Already updated today (2025-11-25 10:57:50)
[2025-11-25 10:53:12]   [emp_id: 5443] SKIPPED: Already updated today (2025-11-25 10:57:50)
[2025-11-25 10:53:12]   [emp_id: 5445] SKIPPED: Already updated today (2025-11-25 10:57:50)
[2025-11-25 10:53:12]   [emp_id: 5446] SKIPPED: Already updated today (2025-11-25 10:57:50)
[2025-11-25 10:53:12]   [emp_id: 5447] SKIPPED: Already updated today (2025-11-25 10:57:50)
[2025-11-25 10:53:12]   [emp_id: 5448] SKIPPED: Already updated today (2025-11-25 10:57:50)
[2025-11-25 10:53:12]   [emp_id: 5449] SKIPPED: Already updated today (2025-11-25 10:57:50)
[2025-11-25 10:53:12]   [emp_id: 5450] SKIPPED: Already updated today (2025-11-25 10:57:50)
[2025-11-25 10:53:12]   [emp_id: 5451] SKIPPED: Already updated today (2025-11-25 10:57:50)
[2025-11-25 10:53:12]   [emp_id: 5454] SKIPPED: Already updated today (2025-11-25 10:57:50)
[2025-11-25 10:53:12]   [emp_id: 5455] SKIPPED: Already updated today (2025-11-25 10:57:50)
[2025-11-25 10:53:12]   [emp_id: 5456] SKIPPED: Already updated today (2025-11-25 10:57:50)
[2025-11-25 10:53:12] 
[2025-11-25 10:53:12] ========== SUMMARY ==========
[2025-11-25 10:53:12] Total employees processed: 446
[2025-11-25 10:53:12] Records updated: 0
[2025-11-25 10:53:12] Balances changed: 0
[2025-11-25 10:53:12] Errors: 0
[2025-11-25 10:53:12] ========== CRON: Vacation Balance Update Completed ==========
[2025-11-25 10:53:12] 
