[2025-11-30 00:30:02] ========== CRON: Vacation Balance Update Started ==========
[2025-11-30 00:30:02] Database connection established
[2025-11-30 00:30:02] Found 445 active employees with balance records to update
[2025-11-30 00:30:02] (Only employees with status=1 will be processed)
[2025-11-30 00:30:02]   [emp_id: 1061] ✓ Updated: 30.56 → 30.64 (CHANGED)
[2025-11-30 00:30:02]   [emp_id: 1496] ✓ Updated: 13.73 → 13.81 (CHANGED)
[2025-11-30 00:30:02]   [emp_id: 1500] ✓ Updated: 22.98 → 23.06 (CHANGED)
[2025-11-30 00:30:02]   [emp_id: 1574] ✓ Updated: 30.64 → 30.72 (CHANGED)
[2025-11-30 00:30:02]   [emp_id: 1673] ✓ Updated: 42.14 → 42.22 (CHANGED)
[2025-11-30 00:30:02]   [emp_id: 1685] ✓ Updated: 12.06 → 12.14 (CHANGED)
[2025-11-30 00:30:02]   [emp_id: 1764] ✓ Updated: 66.73 → 66.81 (CHANGED)
[2025-11-30 00:30:02]   [emp_id: 1805] ✓ Updated: 61.06 → 61.14 (CHANGED)
[2025-11-30 00:30:02]   [emp_id: 1822] ✓ Updated: 65.81 → 65.89 (CHANGED)
[2025-11-30 00:30:02]   [emp_id: 1837] ✓ Updated: 21.98 → 22.06 (CHANGED)
[2025-11-30 00:30:02]   [emp_id: 1857] ✓ Updated: 17.31 → 17.39 (CHANGED)
[2025-11-30 00:30:02]   [emp_id: 1861] ✓ Updated: 68.14 → 68.22 (CHANGED)
[2025-11-30 00:30:02]   [emp_id: 1872] ✓ Updated: 6.98 → 7.06 (CHANGED)
[2025-11-30 00:30:02]   [emp_id: 1897] ✓ Updated: 29.31 → 29.39 (CHANGED)
[2025-11-30 00:30:02]   [emp_id: 1916] ✓ Updated: 71.64 → 71.72 (CHANGED)
[2025-11-30 00:30:02]   [emp_id: 1928] ✓ Updated: 61.56 → 61.64 (CHANGED)
[2025-11-30 00:30:02]   [emp_id: 1931] ✓ Updated: 81.48 → 81.56 (CHANGED)
[2025-11-30 00:30:02]   [emp_id: 1944] ✓ Updated: 39.64 → 39.72 (CHANGED)
[2025-11-30 00:30:02]   [emp_id: 1996] ✓ Updated: 68.14 → 68.22 (CHANGED)
[2025-11-30 00:30:02]   [emp_id: 1997] ✓ Updated: 33.31 → 33.39 (CHANGED)
[2025-11-30 00:30:02]   [emp_id: 1998] ✓ Updated: 84.64 → 84.72 (CHANGED)
[2025-11-30 00:30:02]   [emp_id: 1999] ✓ Updated: 85.64 → 85.72 (CHANGED)
[2025-11-30 00:30:02]   [emp_id: 2009] ✓ Updated: 32.06 → 32.14 (CHANGED)
[2025-11-30 00:30:02]   [emp_id: 2048] ✓ Updated: 21.89 → 21.97 (CHANGED)
[2025-11-30 00:30:02]   [emp_id: 2057] ✓ Updated: 62.73 → 62.81 (CHANGED)
[2025-11-30 00:30:02]   [emp_id: 2079] ✓ Updated: 45.06 → 45.14 (CHANGED)
[2025-11-30 00:30:02]   [emp_id: 2181] ✓ Updated: 34.06 → 34.14 (CHANGED)
[2025-11-30 00:30:02]   [emp_id: 2190] ✓ Updated: 3.39 → 3.47 (CHANGED)
[2025-11-30 00:30:02]   [emp_id: 2212] ✓ Updated: 21.39 → 21.47 (CHANGED)
[2025-11-30 00:30:02]   [emp_id: 2226] ✓ Updated: 66.14 → 66.22 (CHANGED)
[2025-11-30 00:30:02]   [emp_id: 2238] ✓ Updated: 64.39 → 64.47 (CHANGED)
[2025-11-30 00:30:02]   [emp_id: 2285] ✓ Updated: 33.06 → 33.14 (CHANGED)
[2025-11-30 00:30:02]   [emp_id: 2287] ✓ Updated: 44.73 → 44.81 (CHANGED)
[2025-11-30 00:30:02]   [emp_id: 2288] ✓ Updated: 59.64 → 59.72 (CHANGED)
[2025-11-30 00:30:02]   [emp_id: 2290] ✓ Updated: 76.56 → 76.64 (CHANGED)
[2025-11-30 00:30:02]   [emp_id: 2316] ✓ Updated: 13.56 → 13.64 (CHANGED)
[2025-11-30 00:30:02]   [emp_id: 2337] ✓ Updated: 34.64 → 34.72 (CHANGED)
[2025-11-30 00:30:02]   [emp_id: 2352] ✓ Updated: 66.14 → 66.22 (CHANGED)
[2025-11-30 00:30:02]   [emp_id: 2358] ✓ Updated: 2.64 → 2.72 (CHANGED)
[2025-11-30 00:30:02]   [emp_id: 2361] ✓ Updated: 68.31 → 68.39 (CHANGED)
[2025-11-30 00:30:02]   [emp_id: 2363] ✓ Updated: 70.89 → 70.97 (CHANGED)
[2025-11-30 00:30:02]   [emp_id: 2364] ✓ Updated: 70.31 → 70.39 (CHANGED)
[2025-11-30 00:30:02]   [emp_id: 2367] ✓ Updated: 97.98 → 98.06 (CHANGED)
[2025-11-30 00:30:02]   [emp_id: 2368] ✓ Updated: 28.39 → 28.47 (CHANGED)
[2025-11-30 00:30:02]   [emp_id: 2372] ✓ Updated: 65.64 → 65.72 (CHANGED)
[2025-11-30 00:30:02]   [emp_id: 2376] ✓ Updated: 115.64 → 115.72 (CHANGED)
[2025-11-30 00:30:02]   [emp_id: 2423] ✓ Updated: 16.39 → 16.47 (CHANGED)
[2025-11-30 00:30:02]   [emp_id: 2519] ✓ Updated: 170.06 → 170.14 (CHANGED)
[2025-11-30 00:30:02]   [emp_id: 2522] ✓ Updated: 53.64 → 53.72 (CHANGED)
[2025-11-30 00:30:02]   [emp_id: 2530] ✓ Updated: 48.89 → 48.97 (CHANGED)
[2025-11-30 00:30:02]   [emp_id: 2539] ✓ Updated: 45.64 → 45.72 (CHANGED)
[2025-11-30 00:30:02]   [emp_id: 2541] ✓ Updated: 26.23 → 26.31 (CHANGED)
[2025-11-30 00:30:02]   [emp_id: 2550] ✓ Updated: 92.39 → 92.47 (CHANGED)
[2025-11-30 00:30:02]   [emp_id: 2553] ✓ Updated: 59.39 → 59.47 (CHANGED)
[2025-11-30 00:30:02]   [emp_id: 2554] ✓ Updated: 35.98 → 36.06 (CHANGED)
[2025-11-30 00:30:02]   [emp_id: 2565] ✓ Updated: 90.56 → 90.64 (CHANGED)
[2025-11-30 00:30:02]   [emp_id: 2572] ✓ Updated: 40.56 → 40.64 (CHANGED)
[2025-11-30 00:30:02]   [emp_id: 2637] ✓ Updated: 61.14 → 61.22 (CHANGED)
[2025-11-30 00:30:02]   [emp_id: 2642] ✓ Updated: 73.89 → 73.97 (CHANGED)
[2025-11-30 00:30:02]   [emp_id: 2645] ✓ Updated: 89.89 → 89.97 (CHANGED)
[2025-11-30 00:30:02]   [emp_id: 2648] ✓ Updated: 41.56 → 41.64 (CHANGED)
[2025-11-30 00:30:02]   [emp_id: 2654] ✓ Updated: 84.23 → 84.31 (CHANGED)
[2025-11-30 00:30:02]   [emp_id: 2688] ✓ Updated: 22.31 → 22.39 (CHANGED)
[2025-11-30 00:30:02]   [emp_id: 2690] ✓ Updated: 11.06 → 11.14 (CHANGED)
[2025-11-30 00:30:02]   [emp_id: 2709] ✓ Updated: 33.31 → 33.39 (CHANGED)
[2025-11-30 00:30:02]   [emp_id: 2745] ✓ Updated: 29.89 → 29.97 (CHANGED)
[2025-11-30 00:30:02]   [emp_id: 2843] ✓ Updated: 76.48 → 76.56 (CHANGED)
[2025-11-30 00:30:02]   [emp_id: 2854] ✓ Updated: 56.39 → 56.47 (CHANGED)
[2025-11-30 00:30:02]   [emp_id: 2869] ✓ Updated: 61.31 → 61.39 (CHANGED)
[2025-11-30 00:30:02]   [emp_id: 2876] ✓ Updated: 31.14 → 31.22 (CHANGED)
[2025-11-30 00:30:02]   [emp_id: 2924] ✓ Updated: 12.31 → 12.39 (CHANGED)
[2025-11-30 00:30:02]   [emp_id: 2953] ✓ Updated: 98.06 → 98.14 (CHANGED)
[2025-11-30 00:30:02]   [emp_id: 2961] ✓ Updated: 8.06 → 8.14 (CHANGED)
[2025-11-30 00:30:02]   [emp_id: 2975] ✓ Updated: 10.06 → 10.14 (CHANGED)
[2025-11-30 00:30:02]   [emp_id: 3013] ✓ Updated: 7.06 → 7.14 (CHANGED)
[2025-11-30 00:30:02]   [emp_id: 3014] ✓ Updated: 86.31 → 86.39 (CHANGED)
[2025-11-30 00:30:02]   [emp_id: 3015] ✓ Updated: 37.56 → 37.64 (CHANGED)
[2025-11-30 00:30:02]   [emp_id: 3018] ✓ Updated: 56.31 → 56.39 (CHANGED)
[2025-11-30 00:30:02]   [emp_id: 3025] ✓ Updated: 79.98 → 80.06 (CHANGED)
[2025-11-30 00:30:02]   [emp_id: 3037] ✓ Updated: 79.81 → 79.89 (CHANGED)
[2025-11-30 00:30:02]   [emp_id: 3047] ✓ Updated: 68.06 → 68.14 (CHANGED)
[2025-11-30 00:30:02]   [emp_id: 3061] ✓ Updated: 14.98 → 15.06 (CHANGED)
[2025-11-30 00:30:02]   [emp_id: 3062] ✓ Updated: 48.14 → 48.22 (CHANGED)
[2025-11-30 00:30:02]   [emp_id: 3074] ✓ Updated: 104.56 → 104.64 (CHANGED)
[2025-11-30 00:30:02]   [emp_id: 3089] ✓ Updated: 3.48 → 3.56 (CHANGED)
[2025-11-30 00:30:02]   [emp_id: 3090] ✓ Updated: 30.06 → 30.14 (CHANGED)
[2025-11-30 00:30:02]   [emp_id: 3091] ✓ Updated: 42.06 → 42.14 (CHANGED)
[2025-11-30 00:30:02]   [emp_id: 3092] ✓ Updated: 24.73 → 24.81 (CHANGED)
[2025-11-30 00:30:02]   [emp_id: 3105] ✓ Updated: 45.06 → 45.14 (CHANGED)
[2025-11-30 00:30:02]   [emp_id: 3134] ✓ Updated: 40.81 → 40.89 (CHANGED)
[2025-11-30 00:30:02]   [emp_id: 3140] ✓ Updated: 37.89 → 37.97 (CHANGED)
[2025-11-30 00:30:02]   [emp_id: 3144] ✓ Updated: 10.73 → 10.81 (CHANGED)
[2025-11-30 00:30:02]   [emp_id: 3156] ✓ Updated: 14.06 → 14.14 (CHANGED)
[2025-11-30 00:30:02]   [emp_id: 3162] ✓ Updated: 29.06 → 29.14 (CHANGED)
[2025-11-30 00:30:02]   [emp_id: 3163] ✓ Updated: 2.31 → 2.39 (CHANGED)
[2025-11-30 00:30:02]   [emp_id: 3198] ✓ Updated: 37.31 → 37.39 (CHANGED)
[2025-11-30 00:30:02]   [emp_id: 3205] ✓ Updated: 13.98 → 14.06 (CHANGED)
[2025-11-30 00:30:02]   [emp_id: 3209] ✓ Updated: 38.14 → 38.22 (CHANGED)
[2025-11-30 00:30:02]   [emp_id: 3223] ✓ Updated: 87.06 → 87.14 (CHANGED)
[2025-11-30 00:30:02]   [emp_id: 3224] ✓ Updated: 61.81 → 61.89 (CHANGED)
[2025-11-30 00:30:02]   [emp_id: 3230] ✓ Updated: 85.23 → 85.31 (CHANGED)
[2025-11-30 00:30:02]   [emp_id: 3231] ✓ Updated: 86.48 → 86.56 (CHANGED)
[2025-11-30 00:30:02]   [emp_id: 3233] ✓ Updated: 78.06 → 78.14 (CHANGED)
[2025-11-30 00:30:02]   [emp_id: 3249] ✓ Updated: 33.89 → 33.97 (CHANGED)
[2025-11-30 00:30:02]   [emp_id: 3250] ✓ Updated: 6.89 → 6.97 (CHANGED)
[2025-11-30 00:30:02]   [emp_id: 3252] ✓ Updated: 7.81 → 7.89 (CHANGED)
[2025-11-30 00:30:02]   [emp_id: 3254] ✓ Updated: 18.31 → 18.39 (CHANGED)
[2025-11-30 00:30:02]   [emp_id: 3255] ✓ Updated: 14.73 → 14.81 (CHANGED)
[2025-11-30 00:30:02]   [emp_id: 3256] ✓ Updated: 10.98 → 11.06 (CHANGED)
[2025-11-30 00:30:02]   [emp_id: 3263] ✓ Updated: 27.06 → 27.14 (CHANGED)
[2025-11-30 00:30:02]   [emp_id: 3265] ✓ Updated: 22.64 → 22.72 (CHANGED)
[2025-11-30 00:30:02]   [emp_id: 3280] ✓ Updated: 69.56 → 69.64 (CHANGED)
[2025-11-30 00:30:02]   [emp_id: 3286] ✓ Updated: 12.73 → 12.81 (CHANGED)
[2025-11-30 00:30:02]   [emp_id: 3294] ✓ Updated: 12.39 → 12.47 (CHANGED)
[2025-11-30 00:30:02]   [emp_id: 3321] ✓ Updated: 69.56 → 69.64 (CHANGED)
[2025-11-30 00:30:02]   [emp_id: 3325] ✓ Updated: 57.31 → 57.39 (CHANGED)
[2025-11-30 00:30:02]   [emp_id: 3329] ✓ Updated: 59.64 → 59.72 (CHANGED)
[2025-11-30 00:30:02]   [emp_id: 3330] ✓ Updated: 59.64 → 59.72 (CHANGED)
[2025-11-30 00:30:02]   [emp_id: 3332] ✓ Updated: 59.64 → 59.72 (CHANGED)
[2025-11-30 00:30:02]   [emp_id: 3370] ✓ Updated: 51.31 → 51.39 (CHANGED)
[2025-11-30 00:30:02]   [emp_id: 3384] ✓ Updated: 11.81 → 11.89 (CHANGED)
[2025-11-30 00:30:02]   [emp_id: 3386] ✓ Updated: 41.81 → 41.89 (CHANGED)
[2025-11-30 00:30:02]   [emp_id: 3431] ✓ Updated: 17.23 → 17.31 (CHANGED)
[2025-11-30 00:30:02]   [emp_id: 3497] ✓ Updated: 6.39 → 6.47 (CHANGED)
[2025-11-30 00:30:02]   [emp_id: 3532] ✓ Updated: 43.23 → 43.31 (CHANGED)
[2025-11-30 00:30:02]   [emp_id: 3586] ✓ Updated: 7.31 → 7.39 (CHANGED)
[2025-11-30 00:30:03]   [emp_id: 3602] ✓ Updated: 50.31 → 50.39 (CHANGED)
[2025-11-30 00:30:03]   [emp_id: 3618] ✓ Updated: 54.81 → 54.89 (CHANGED)
[2025-11-30 00:30:03]   [emp_id: 3622] ✓ Updated: 32.75 → 32.8 (CHANGED)
[2025-11-30 00:30:03]   [emp_id: 3627] ✓ Updated: 6.73 → 6.81 (CHANGED)
[2025-11-30 00:30:03]   [emp_id: 3665] ✓ Updated: 48.31 → 48.39 (CHANGED)
[2025-11-30 00:30:03]   [emp_id: 3705] ✓ Updated: 26.08 → 26.13 (CHANGED)
[2025-11-30 00:30:03]   [emp_id: 3724] ✓ Updated: 41.31 → 41.39 (CHANGED)
[2025-11-30 00:30:03]   [emp_id: 3726] ✓ Updated: 57.73 → 57.81 (CHANGED)
[2025-11-30 00:30:03]   [emp_id: 3727] ✓ Updated: 62.81 → 62.89 (CHANGED)
[2025-11-30 00:30:03]   [emp_id: 3728] ✓ Updated: 7.14 → 7.22 (CHANGED)
[2025-11-30 00:30:03]   [emp_id: 3742] ✓ Updated: 30.31 → 30.39 (CHANGED)
[2025-11-30 00:30:03]   [emp_id: 3767] ✓ Updated: 57.89 → 57.97 (CHANGED)
[2025-11-30 00:30:03]   [emp_id: 3768] ✓ Updated: 54.14 → 54.22 (CHANGED)
[2025-11-30 00:30:03]   [emp_id: 3787] ✓ Updated: 54.73 → 54.81 (CHANGED)
[2025-11-30 00:30:03]   [emp_id: 3790] ✓ Updated: 58.89 → 58.97 (CHANGED)
[2025-11-30 00:30:03]   [emp_id: 3795] ✓ Updated: 12.23 → 12.31 (CHANGED)
[2025-11-30 00:30:03]   [emp_id: 3798] ✓ Updated: 90.64 → 90.72 (CHANGED)
[2025-11-30 00:30:03]   [emp_id: 3801] ✓ Updated: 28.81 → 28.89 (CHANGED)
[2025-11-30 00:30:03]   [emp_id: 3802] ✓ Updated: 27.89 → 27.97 (CHANGED)
[2025-11-30 00:30:03]   [emp_id: 3803] ✓ Updated: 112.31 → 112.39 (CHANGED)
[2025-11-30 00:30:03]   [emp_id: 3810] ✓ Updated: 58.31 → 58.39 (CHANGED)
[2025-11-30 00:30:03]   [emp_id: 3812] ✓ Updated: 87.31 → 87.39 (CHANGED)
[2025-11-30 00:30:03]   [emp_id: 3815] ✓ Updated: 87.31 → 87.39 (CHANGED)
[2025-11-30 00:30:03]   [emp_id: 3836] ✓ Updated: 54.98 → 55.06 (CHANGED)
[2025-11-30 00:30:03]   [emp_id: 3855] ✓ Updated: 48.14 → 48.22 (CHANGED)
[2025-11-30 00:30:03]   [emp_id: 3857] ✓ Updated: 51.81 → 51.89 (CHANGED)
[2025-11-30 00:30:03]   [emp_id: 3862] ✓ Updated: 99.89 → 99.97 (CHANGED)
[2025-11-30 00:30:03]   [emp_id: 3866] ✓ Updated: 25.14 → 25.22 (CHANGED)
[2025-11-30 00:30:03]   [emp_id: 3876] ✓ Updated: 45.31 → 45.39 (CHANGED)
[2025-11-30 00:30:03]   [emp_id: 3877] ✓ Updated: 46.81 → 46.89 (CHANGED)
[2025-11-30 00:30:03]   [emp_id: 3897] ✓ Updated: 35.06 → 35.14 (CHANGED)
[2025-11-30 00:30:03]   [emp_id: 3899] ✓ Updated: 50.23 → 50.31 (CHANGED)
[2025-11-30 00:30:03]   [emp_id: 3928] ✓ Updated: 11.14 → 11.22 (CHANGED)
[2025-11-30 00:30:03]   [emp_id: 3929] ✓ Updated: 6.14 → 6.22 (CHANGED)
[2025-11-30 00:30:03]   [emp_id: 3935] ✓ Updated: 91.14 → 91.22 (CHANGED)
[2025-11-30 00:30:03]   [emp_id: 3952] ✓ Updated: 73.48 → 73.56 (CHANGED)
[2025-11-30 00:30:03]   [emp_id: 3987] ✓ Updated: 11.39 → 11.47 (CHANGED)
[2025-11-30 00:30:03]   [emp_id: 4059] ✓ Updated: 14.14 → 14.22 (CHANGED)
[2025-11-30 00:30:03]   [emp_id: 4119] ✓ Updated: 54.06 → 54.14 (CHANGED)
[2025-11-30 00:30:03]   [emp_id: 4120] ✓ Updated: 23.64 → 23.72 (CHANGED)
[2025-11-30 00:30:03]   [emp_id: 4124] ✓ Updated: 54.06 → 54.14 (CHANGED)
[2025-11-30 00:30:03]   [emp_id: 4133] ✓ Updated: 102.64 → 102.72 (CHANGED)
[2025-11-30 00:30:03]   [emp_id: 4134] ✓ Updated: 23.64 → 23.72 (CHANGED)
[2025-11-30 00:30:03]   [emp_id: 4136] ✓ Updated: 23.64 → 23.72 (CHANGED)
[2025-11-30 00:30:03]   [emp_id: 4150] ✓ Updated: 22.31 → 22.39 (CHANGED)
[2025-11-30 00:30:03]   [emp_id: 4157] ✓ Updated: 15.81 → 15.89 (CHANGED)
[2025-11-30 00:30:03]   [emp_id: 4172] ✓ Updated: 10.66 → 10.71 (CHANGED)
[2025-11-30 00:30:03]   [emp_id: 4195] ✓ Updated: 59.39 → 59.47 (CHANGED)
[2025-11-30 00:30:03]   [emp_id: 4215] ✓ Updated: 42.06 → 42.14 (CHANGED)
[2025-11-30 00:30:03]   [emp_id: 4220] ✓ Updated: 37.64 → 37.72 (CHANGED)
[2025-11-30 00:30:03]   [emp_id: 4273] ✓ Updated: 6.31 → 6.39 (CHANGED)
[2025-11-30 00:30:03]   [emp_id: 4283] ✓ Updated: 11.75 → 11.8 (CHANGED)
[2025-11-30 00:30:03]   [emp_id: 4288] ✓ Updated: 41.14 → 41.22 (CHANGED)
[2025-11-30 00:30:03]   [emp_id: 4315] ✓ Updated: 12.56 → 12.64 (CHANGED)
[2025-11-30 00:30:03]   [emp_id: 4328] ✓ Updated: 40.58 → 40.63 (CHANGED)
[2025-11-30 00:30:03]   [emp_id: 4329] ✓ Updated: 2.73 → 2.81 (CHANGED)
[2025-11-30 00:30:03]   [emp_id: 4338] ✓ Updated: 44.31 → 44.39 (CHANGED)
[2025-11-30 00:30:03]   [emp_id: 4340] ✓ Updated: 123.31 → 123.39 (CHANGED)
[2025-11-30 00:30:03]   [emp_id: 4365] ✓ Updated: 57.73 → 57.81 (CHANGED)
[2025-11-30 00:30:03]   [emp_id: 4366] ✓ Updated: 56.81 → 56.89 (CHANGED)
[2025-11-30 00:30:03]   [emp_id: 4385] ✓ Updated: 47.48 → 47.56 (CHANGED)
[2025-11-30 00:30:03]   [emp_id: 4403] ✓ Updated: 82.64 → 82.72 (CHANGED)
[2025-11-30 00:30:03]   [emp_id: 4438] ✓ Updated: 18.31 → 18.39 (CHANGED)
[2025-11-30 00:30:03]   [emp_id: 4465] ✓ Updated: 10.91 → 10.96 (CHANGED)
[2025-11-30 00:30:03]   [emp_id: 4473] ✓ Updated: 41.89 → 41.97 (CHANGED)
[2025-11-30 00:30:03]   [emp_id: 4474] ✓ Updated: 57.66 → 57.71 (CHANGED)
[2025-11-30 00:30:03]   [emp_id: 4493] ✓ Updated: 160.73 → 160.81 (CHANGED)
[2025-11-30 00:30:03]   [emp_id: 4526] ✓ Updated: 32.98 → 33.06 (CHANGED)
[2025-11-30 00:30:03]   [emp_id: 4528] ✓ Updated: 104.73 → 104.81 (CHANGED)
[2025-11-30 00:30:03]   [emp_id: 4528] ✓ Updated: 104.73 → 104.81 (CHANGED)
[2025-11-30 00:30:03]   [emp_id: 4532] ✓ Updated: 68.41 → 68.46 (CHANGED)
[2025-11-30 00:30:03]   [emp_id: 4533] ✓ Updated: 33.14 → 33.22 (CHANGED)
[2025-11-30 00:30:03]   [emp_id: 4564] ✓ Updated: 23.66 → 23.71 (CHANGED)
[2025-11-30 00:30:03]   [emp_id: 4565] ✓ Updated: 13.41 → 13.46 (CHANGED)
[2025-11-30 00:30:03]   [emp_id: 4567] ✓ Updated: 17.66 → 17.71 (CHANGED)
[2025-11-30 00:30:03]   [emp_id: 4572] ✓ Updated: 57.16 → 57.21 (CHANGED)
[2025-11-30 00:30:03]   [emp_id: 4631] ✓ Updated: 13.41 → 13.46 (CHANGED)
[2025-11-30 00:30:03]   [emp_id: 4655] ✓ Updated: 22.06 → 22.14 (CHANGED)
[2025-11-30 00:30:03]   [emp_id: 4689] ✓ Updated: 19.73 → 19.81 (CHANGED)
[2025-11-30 00:30:03]   [emp_id: 4709] ✓ Updated: 37.31 → 37.39 (CHANGED)
[2025-11-30 00:30:03]   [emp_id: 4717] ✓ Updated: 63.31 → 63.39 (CHANGED)
[2025-11-30 00:30:03]   [emp_id: 4736] ✓ Updated: 25.14 → 25.22 (CHANGED)
[2025-11-30 00:30:03]   [emp_id: 4756] ✓ Updated: 59.3 → 59.35 (CHANGED)
[2025-11-30 00:30:03]   [emp_id: 4768] ✓ Updated: 9.81 → 9.89 (CHANGED)
[2025-11-30 00:30:03]   [emp_id: 4780] ✓ Updated: 63.58 → 63.63 (CHANGED)
[2025-11-30 00:30:03]   [emp_id: 4820] ✓ Updated: 96.14 → 96.22 (CHANGED)
[2025-11-30 00:30:03]   [emp_id: 4825] ✓ Updated: 27.89 → 27.97 (CHANGED)
[2025-11-30 00:30:03]   [emp_id: 4835] ✓ Updated: 46.33 → 46.38 (CHANGED)
[2025-11-30 00:30:03]   [emp_id: 4837] ✓ Updated: 43.57 → 43.62 (CHANGED)
[2025-11-30 00:30:03]   [emp_id: 4838] ✓ Updated: 42.59 → 42.64 (CHANGED)
[2025-11-30 00:30:03]   [emp_id: 4840] ✓ Updated: 43.57 → 43.62 (CHANGED)
[2025-11-30 00:30:03]   [emp_id: 4842] ✓ Updated: 42.81 → 42.86 (CHANGED)
[2025-11-30 00:30:03]   [emp_id: 4843] ✓ Updated: 43.34 → 43.39 (CHANGED)
[2025-11-30 00:30:03]   [emp_id: 4853] ✓ Updated: 87.16 → 87.21 (CHANGED)
[2025-11-30 00:30:03]   [emp_id: 4856] ✓ Updated: 40.48 → 40.53 (CHANGED)
[2025-11-30 00:30:03]   [emp_id: 4857] ✓ Updated: 23.3 → 23.35 (CHANGED)
[2025-11-30 00:30:03]   [emp_id: 4858] ✓ Updated: 20.18 → 20.23 (CHANGED)
[2025-11-30 00:30:03]   [emp_id: 4859] ✓ Updated: 41.65 → 41.7 (CHANGED)
[2025-11-30 00:30:03]   [emp_id: 4860] ✓ Updated: 6.15 → 6.2 (CHANGED)
[2025-11-30 00:30:03]   [emp_id: 4861] ✓ Updated: 39.61 → 39.66 (CHANGED)
[2025-11-30 00:30:03]   [emp_id: 4869] ✓ Updated: 82.49 → 82.54 (CHANGED)
[2025-11-30 00:30:03]   [emp_id: 4894] ✓ Updated: 4.81 → 4.89 (CHANGED)
[2025-11-30 00:30:03]   [emp_id: 4897] ✓ Updated: 21.39 → 21.44 (CHANGED)
[2025-11-30 00:30:03]   [emp_id: 4899] ✓ Updated: 17.56 → 17.61 (CHANGED)
[2025-11-30 00:30:03]   [emp_id: 4902] ✓ Updated: 16.98 → 17.03 (CHANGED)
[2025-11-30 00:30:03]   [emp_id: 4903] ✓ Updated: 19.2 → 19.25 (CHANGED)
[2025-11-30 00:30:03]   [emp_id: 4905] ✓ Updated: 17.86 → 17.91 (CHANGED)
[2025-11-30 00:30:03]   [emp_id: 4907] ✓ Updated: 44.89 → 44.97 (CHANGED)
[2025-11-30 00:30:03]   [emp_id: 4917] ✓ Updated: 14.82 → 14.87 (CHANGED)
[2025-11-30 00:30:03]   [emp_id: 4918] ✓ Updated: 4.59 → 4.64 (CHANGED)
[2025-11-30 00:30:03]   [emp_id: 4919] ✓ Updated: 56.88 → 56.93 (CHANGED)
[2025-11-30 00:30:03]   [emp_id: 4920] ✓ Updated: 56.71 → 56.76 (CHANGED)
[2025-11-30 00:30:03]   [emp_id: 4921] ✓ Updated: 16.05 → 16.1 (CHANGED)
[2025-11-30 00:30:03]   [emp_id: 4927] ✓ Updated: 14.88 → 14.93 (CHANGED)
[2025-11-30 00:30:03]   [emp_id: 4929] ✓ Updated: 16.4 → 16.45 (CHANGED)
[2025-11-30 00:30:03]   [emp_id: 4930] ✓ Updated: 57.17 → 57.22 (CHANGED)
[2025-11-30 00:30:03]   [emp_id: 4932] ✓ Updated: 15.17 → 15.22 (CHANGED)
[2025-11-30 00:30:03]   [emp_id: 4933] ✓ Updated: 18.58 → 18.63 (CHANGED)
[2025-11-30 00:30:03]   [emp_id: 4949] ✓ Updated: 34.01 → 34.06 (CHANGED)
[2025-11-30 00:30:03]   [emp_id: 4956] ✓ Updated: 31.33 → 31.38 (CHANGED)
[2025-11-30 00:30:03]   [emp_id: 4957] ✓ Updated: 28.27 → 28.32 (CHANGED)
[2025-11-30 00:30:03]   [emp_id: 4962] ✓ Updated: 51.14 → 51.22 (CHANGED)
[2025-11-30 00:30:03]   [emp_id: 4969] ✓ Updated: 43.56 → 43.64 (CHANGED)
[2025-11-30 00:30:03]   [emp_id: 4976] ✓ Updated: 8.29 → 8.34 (CHANGED)
[2025-11-30 00:30:03]   [emp_id: 4984] ✓ Updated: 34.81 → 34.89 (CHANGED)
[2025-11-30 00:30:03]   [emp_id: 4995] ✓ Updated: 46.88 → 46.96 (CHANGED)
[2025-11-30 00:30:03]   [emp_id: 5004] ✓ Updated: 43.97 → 44.02 (CHANGED)
[2025-11-30 00:30:03]   [emp_id: 5006] ✓ Updated: 24.97 → 25.02 (CHANGED)
[2025-11-30 00:30:03]   [emp_id: 5011] ✓ Updated: 10.48 → 10.56 (CHANGED)
[2025-11-30 00:30:03]   [emp_id: 5013] ✓ Updated: 65.34 → 65.39 (CHANGED)
[2025-11-30 00:30:03]   [emp_id: 5018] ✓ Updated: 19.58 → 19.63 (CHANGED)
[2025-11-30 00:30:03]   [emp_id: 5021] ✓ Updated: 62.08 → 62.13 (CHANGED)
[2025-11-30 00:30:03]   [emp_id: 5021] ✓ Updated: 62.08 → 62.13 (CHANGED)
[2025-11-30 00:30:03]   [emp_id: 5024] ✓ Updated: 12.23 → 12.28 (CHANGED)
[2025-11-30 00:30:03]   [emp_id: 5029] ✓ Updated: 21.83 → 21.88 (CHANGED)
[2025-11-30 00:30:03]   [emp_id: 5030] ✓ Updated: 36.83 → 36.88 (CHANGED)
[2025-11-30 00:30:03]   [emp_id: 5033] ✓ Updated: 20.6 → 20.65 (CHANGED)
[2025-11-30 00:30:03]   [emp_id: 5043] ✓ Updated: 27.48 → 27.56 (CHANGED)
[2025-11-30 00:30:03]   [emp_id: 5045] ✓ Updated: 23.98 → 24.06 (CHANGED)
[2025-11-30 00:30:03]   [emp_id: 5046] ✓ Updated: 19.17 → 19.25 (CHANGED)
[2025-11-30 00:30:03]   [emp_id: 5049] ✓ Updated: 37.28 → 37.33 (CHANGED)
[2025-11-30 00:30:03]   [emp_id: 5052] ✓ Updated: 28.56 → 28.61 (CHANGED)
[2025-11-30 00:30:03]   [emp_id: 5055] ✓ Updated: 35.75 → 35.8 (CHANGED)
[2025-11-30 00:30:03]   [emp_id: 5058] ✓ Updated: 25.98 → 26.03 (CHANGED)
[2025-11-30 00:30:03]   [emp_id: 5062] ✓ Updated: 37.81 → 37.86 (CHANGED)
[2025-11-30 00:30:03]   [emp_id: 5064] ✓ Updated: 114.81 → 114.89 (CHANGED)
[2025-11-30 00:30:03]   [emp_id: 5065] ✓ Updated: 37.22 → 37.27 (CHANGED)
[2025-11-30 00:30:03]   [emp_id: 5071] ✓ Updated: 20.31 → 20.39 (CHANGED)
[2025-11-30 00:30:03]   [emp_id: 5073] ✓ Updated: 11.82 → 11.87 (CHANGED)
[2025-11-30 00:30:03]   [emp_id: 5079] ✓ Updated: 32.38 → 32.43 (CHANGED)
[2025-11-30 00:30:03]   [emp_id: 5080] ✓ Updated: 29.71 → 29.76 (CHANGED)
[2025-11-30 00:30:03]   [emp_id: 5081] ✓ Updated: 34.71 → 34.76 (CHANGED)
[2025-11-30 00:30:03]   [emp_id: 5087] ✓ Updated: 34.01 → 34.06 (CHANGED)
[2025-11-30 00:30:03]   [emp_id: 5091] ✓ Updated: 73.86 → 73.91 (CHANGED)
[2025-11-30 00:30:03]   [emp_id: 5093] ✓ Updated: 11.48 → 11.56 (CHANGED)
[2025-11-30 00:30:04]   [emp_id: 5095] ✓ Updated: 31.33 → 31.38 (CHANGED)
[2025-11-30 00:30:04]   [emp_id: 5101] ✓ Updated: 13.56 → 13.64 (CHANGED)
[2025-11-30 00:30:04]   [emp_id: 5107] ✓ Updated: 11.89 → 11.97 (CHANGED)
[2025-11-30 00:30:04]   [emp_id: 5109] ✓ Updated: 9.14 → 9.22 (CHANGED)
[2025-11-30 00:30:04]   [emp_id: 5119] ✓ Updated: 7.31 → 7.39 (CHANGED)
[2025-11-30 00:30:04]   [emp_id: 5122] ✓ Updated: 4.48 → 4.56 (CHANGED)
[2025-11-30 00:30:04]   [emp_id: 5126] ✓ Updated: 24.74 → 24.79 (CHANGED)
[2025-11-30 00:30:04]   [emp_id: 5127] ✓ Updated: 21.53 → 21.58 (CHANGED)
[2025-11-30 00:30:04]   [emp_id: 5128] ✓ Updated: 24.68 → 24.73 (CHANGED)
[2025-11-30 00:30:04]   [emp_id: 5138] ✓ Updated: 63.14 → 63.22 (CHANGED)
[2025-11-30 00:30:04]   [emp_id: 5138] ✓ Updated: 63.14 → 63.22 (CHANGED)
[2025-11-30 00:30:04]   [emp_id: 5141] ✓ Updated: 33.05 → 33.1 (CHANGED)
[2025-11-30 00:30:04]   [emp_id: 5142] ✓ Updated: 12.05 → 12.1 (CHANGED)
[2025-11-30 00:30:04]   [emp_id: 5146] ✓ Updated: 19.05 → 19.1 (CHANGED)
[2025-11-30 00:30:04]   [emp_id: 5147] ✓ Updated: 18.05 → 18.1 (CHANGED)
[2025-11-30 00:30:04]   [emp_id: 5148] ✓ Updated: 23.4 → 23.45 (CHANGED)
[2025-11-30 00:30:04]   [emp_id: 5149] ✓ Updated: 22.29 → 22.34 (CHANGED)
[2025-11-30 00:30:04]   [emp_id: 5150] ✓ Updated: 21.65 → 21.7 (CHANGED)
[2025-11-30 00:30:04]   [emp_id: 5151] ✓ Updated: 21.47 → 21.52 (CHANGED)
[2025-11-30 00:30:04]   [emp_id: 5152] ✓ Updated: 1.89 → 1.94 (CHANGED)
[2025-11-30 00:30:04]   [emp_id: 5157] ✓ Updated: 21.47 → 21.52 (CHANGED)
[2025-11-30 00:30:04]   [emp_id: 5160] ✓ Updated: 21.47 → 21.52 (CHANGED)
[2025-11-30 00:30:04]   [emp_id: 5163] ✓ Updated: 19.26 → 19.31 (CHANGED)
[2025-11-30 00:30:04]   [emp_id: 5165] ✓ Updated: 27.48 → 27.56 (CHANGED)
[2025-11-30 00:30:04]   [emp_id: 5167] ✓ Updated: 28.41 → 28.46 (CHANGED)
[2025-11-30 00:30:04]   [emp_id: 5168] ✓ Updated: 20.95 → 21 (CHANGED)
[2025-11-30 00:30:04]   [emp_id: 5173] ✓ Updated: 22.23 → 22.31 (CHANGED)
[2025-11-30 00:30:04]   [emp_id: 5174] ✓ Updated: 21.41 → 21.46 (CHANGED)
[2025-11-30 00:30:04]   [emp_id: 5181] ✓ Updated: 17.8 → 17.85 (CHANGED)
[2025-11-30 00:30:04]   [emp_id: 5186] ✓ Updated: 23.33 → 23.38 (CHANGED)
[2025-11-30 00:30:04]   [emp_id: 5187] ✓ Updated: 34.33 → 34.38 (CHANGED)
[2025-11-30 00:30:04]   [emp_id: 5204] ✓ Updated: 19.73 → 19.81 (CHANGED)
[2025-11-30 00:30:04]   [emp_id: 5205] ✓ Updated: 10.54 → 10.59 (CHANGED)
[2025-11-30 00:30:04]   [emp_id: 5209] ✓ Updated: 13.54 → 13.59 (CHANGED)
[2025-11-30 00:30:04]   [emp_id: 5211] ✓ Updated: 5.54 → 5.59 (CHANGED)
[2025-11-30 00:30:04]   [emp_id: 5213] ✓ Updated: 5.54 → 5.59 (CHANGED)
[2025-11-30 00:30:04]   [emp_id: 5214] ✓ Updated: 13.54 → 13.59 (CHANGED)
[2025-11-30 00:30:04]   [emp_id: 5215] ✓ Updated: 8.54 → 8.59 (CHANGED)
[2025-11-30 00:30:04]   [emp_id: 5217] ✓ Updated: 7.54 → 7.59 (CHANGED)
[2025-11-30 00:30:04]   [emp_id: 5218] ✓ Updated: 13.54 → 13.59 (CHANGED)
[2025-11-30 00:30:04]   [emp_id: 5219] ✓ Updated: 11.54 → 11.59 (CHANGED)
[2025-11-30 00:30:04]   [emp_id: 5221] ✓ Updated: 7.54 → 7.59 (CHANGED)
[2025-11-30 00:30:04]   [emp_id: 5224] ✓ Updated: 12.54 → 12.59 (CHANGED)
[2025-11-30 00:30:04]   [emp_id: 5225] ✓ Updated: 7.21 → 7.26 (CHANGED)
[2025-11-30 00:30:04]   [emp_id: 5228] ✓ Updated: 7.54 → 7.59 (CHANGED)
[2025-11-30 00:30:04]   [emp_id: 5229] ✓ Updated: 3.54 → 3.59 (CHANGED)
[2025-11-30 00:30:04]   [emp_id: 5230] ✓ Updated: 13.54 → 13.59 (CHANGED)
[2025-11-30 00:30:04]   [emp_id: 5231] ✓ Updated: 4.54 → 4.59 (CHANGED)
[2025-11-30 00:30:04]   [emp_id: 5232] ✓ Updated: 9.54 → 9.59 (CHANGED)
[2025-11-30 00:30:04]   [emp_id: 5233] ✓ Updated: 2.54 → 2.59 (CHANGED)
[2025-11-30 00:30:04]   [emp_id: 5234] ✓ Updated: 2.54 → 2.59 (CHANGED)
[2025-11-30 00:30:04]   [emp_id: 5235] ✓ Updated: 13.54 → 13.59 (CHANGED)
[2025-11-30 00:30:04]   [emp_id: 5237] ✓ Updated: 13.54 → 13.59 (CHANGED)
[2025-11-30 00:30:04]   [emp_id: 5238] ✓ Updated: 6.16 → 6.21 (CHANGED)
[2025-11-30 00:30:04]   [emp_id: 5239] ✓ Updated: 5.54 → 5.59 (CHANGED)
[2025-11-30 00:30:04]   [emp_id: 5241] ✓ Updated: 3.54 → 3.59 (CHANGED)
[2025-11-30 00:30:04]   [emp_id: 5242] ✓ Updated: 13.54 → 13.59 (CHANGED)
[2025-11-30 00:30:04]   [emp_id: 5243] ✓ Updated: 5.54 → 5.59 (CHANGED)
[2025-11-30 00:30:04]   [emp_id: 5244] ✓ Updated: 9.54 → 9.59 (CHANGED)
[2025-11-30 00:30:04]   [emp_id: 5246] ✓ Updated: 9.54 → 9.59 (CHANGED)
[2025-11-30 00:30:04]   [emp_id: 5253] ✓ Updated: 28.16 → 28.21 (CHANGED)
[2025-11-30 00:30:04]   [emp_id: 5254] ✓ Updated: 10.39 → 10.44 (CHANGED)
[2025-11-30 00:30:04]   [emp_id: 5257] ✓ Updated: 10.1 → 10.15 (CHANGED)
[2025-11-30 00:30:04]   [emp_id: 5259] ✓ Updated: 46.63 → 46.68 (CHANGED)
[2025-11-30 00:30:04]   [emp_id: 5261] ✓ Updated: 47.23 → 47.31 (CHANGED)
[2025-11-30 00:30:04]   [emp_id: 5264] ✓ Updated: 24.11 → 24.16 (CHANGED)
[2025-11-30 00:30:04]   [emp_id: 5266] ✓ Updated: 24.06 → 24.11 (CHANGED)
[2025-11-30 00:30:04]   [emp_id: 5268] ✓ Updated: 7.3 → 7.35 (CHANGED)
[2025-11-30 00:30:04]   [emp_id: 5271] ✓ Updated: 5.96 → 6.01 (CHANGED)
[2025-11-30 00:30:04]   [emp_id: 5272] ✓ Updated: 6.83 → 6.88 (CHANGED)
[2025-11-30 00:30:04]   [emp_id: 5273] ✓ Updated: 28.65 → 28.7 (CHANGED)
[2025-11-30 00:30:04]   [emp_id: 5275] ✓ Updated: 7.65 → 7.7 (CHANGED)
[2025-11-30 00:30:04]   [emp_id: 5276] ✓ Updated: 28.65 → 28.7 (CHANGED)
[2025-11-30 00:30:04]   [emp_id: 5278] ✓ Updated: 6.31 → 6.36 (CHANGED)
[2025-11-30 00:30:04]   [emp_id: 5280] ✓ Updated: 16.71 → 16.76 (CHANGED)
[2025-11-30 00:30:04]   [emp_id: 5282] ✓ Updated: 8.81 → 8.89 (CHANGED)
[2025-11-30 00:30:04]   [emp_id: 5285] ✓ Updated: 26.71 → 26.76 (CHANGED)
[2025-11-30 00:30:04]   [emp_id: 5286] ✓ Updated: 13.71 → 13.76 (CHANGED)
[2025-11-30 00:30:04]   [emp_id: 5287] ✓ Updated: 48.01 → 48.06 (CHANGED)
[2025-11-30 00:30:04]   [emp_id: 5288] ✓ Updated: 37.02 → 37.07 (CHANGED)
[2025-11-30 00:30:04]   [emp_id: 5289] ✓ Updated: 46.56 → 46.61 (CHANGED)
[2025-11-30 00:30:04]   [emp_id: 5290] ✓ Updated: 45.33 → 45.38 (CHANGED)
[2025-11-30 00:30:04]   [emp_id: 5291] ✓ Updated: 3.33 → 3.38 (CHANGED)
[2025-11-30 00:30:04]   [emp_id: 5292] ✓ Updated: 3.27 → 3.32 (CHANGED)
[2025-11-30 00:30:04]   [emp_id: 5293] ✓ Updated: 34.98 → 35.06 (CHANGED)
[2025-11-30 00:30:04]   [emp_id: 5294] ✓ Updated: 4.73 → 4.81 (CHANGED)
[2025-11-30 00:30:04]   [emp_id: 5295] ✓ Updated: 19.51 → 19.56 (CHANGED)
[2025-11-30 00:30:04]   [emp_id: 5296] ✓ Updated: 37.64 → 37.72 (CHANGED)
[2025-11-30 00:30:04]   [emp_id: 5297] ✓ Updated: 43.93 → 43.98 (CHANGED)
[2025-11-30 00:30:04]   [emp_id: 5298] ✓ Updated: 43.93 → 43.98 (CHANGED)
[2025-11-30 00:30:04]   [emp_id: 5299] ✓ Updated: 43.93 → 43.98 (CHANGED)
[2025-11-30 00:30:04]   [emp_id: 5300] ✓ Updated: 43.93 → 43.98 (CHANGED)
[2025-11-30 00:30:04]   [emp_id: 5301] ✓ Updated: 43.93 → 43.98 (CHANGED)
[2025-11-30 00:30:04]   [emp_id: 5303] ✓ Updated: 43.93 → 43.98 (CHANGED)
[2025-11-30 00:30:04]   [emp_id: 5304] ✓ Updated: 43.93 → 43.98 (CHANGED)
[2025-11-30 00:30:04]   [emp_id: 5305] ✓ Updated: 1.93 → 1.98 (CHANGED)
[2025-11-30 00:30:04]   [emp_id: 5306] ✓ Updated: 43.64 → 43.69 (CHANGED)
[2025-11-30 00:30:04]   [emp_id: 5307] ✓ Updated: 43.64 → 43.69 (CHANGED)
[2025-11-30 00:30:04]   [emp_id: 5312] ✓ Updated: 41.31 → 41.36 (CHANGED)
[2025-11-30 00:30:04]   [emp_id: 5318] ✓ Updated: 24.35 → 24.4 (CHANGED)
[2025-11-30 00:30:04]   [emp_id: 5325] ✓ Updated: 20.31 → 20.36 (CHANGED)
[2025-11-30 00:30:04]   [emp_id: 5326] ✓ Updated: 41.13 → 41.18 (CHANGED)
[2025-11-30 00:30:04]   [emp_id: 5327] ✓ Updated: 40.31 → 40.36 (CHANGED)
[2025-11-30 00:30:04]   [emp_id: 5328] ✓ Updated: 40.31 → 40.36 (CHANGED)
[2025-11-30 00:30:04]   [emp_id: 5329] ✓ Updated: 40.31 → 40.36 (CHANGED)
[2025-11-30 00:30:04]   [emp_id: 5331] ✓ Updated: 19.72 → 19.77 (CHANGED)
[2025-11-30 00:30:04]   [emp_id: 5337] ✓ Updated: 32.64 → 32.72 (CHANGED)
[2025-11-30 00:30:04]   [emp_id: 5339] ✓ Updated: 8.5 → 8.55 (CHANGED)
[2025-11-30 00:30:04]   [emp_id: 5343] ✓ Updated: 42.56 → 42.64 (CHANGED)
[2025-11-30 00:30:04]   [emp_id: 5343] ✓ Updated: 42.56 → 42.64 (CHANGED)
[2025-11-30 00:30:04]   [emp_id: 5345] ✓ Updated: 12.39 → 12.47 (CHANGED)
[2025-11-30 00:30:04]   [emp_id: 5346] ✓ Updated: 37.22 → 37.27 (CHANGED)
[2025-11-30 00:30:04]   [emp_id: 5351] ✓ Updated: 16.16 → 16.21 (CHANGED)
[2025-11-30 00:30:04]   [emp_id: 5352] ✓ Updated: 22.81 → 22.89 (CHANGED)
[2025-11-30 00:30:04]   [emp_id: 5370] ✓ Updated: 13.81 → 13.86 (CHANGED)
[2025-11-30 00:30:04]   [emp_id: 5371] ✓ Updated: 6.39 → 6.47 (CHANGED)
[2025-11-30 00:30:04]   [emp_id: 5376] ✓ Updated: 8.41 → 8.46 (CHANGED)
[2025-11-30 00:30:04]   [emp_id: 5378] ✓ Updated: 20.56 → 20.64 (CHANGED)
[2025-11-30 00:30:04]   [emp_id: 5380] ✓ Updated: 14.82 → 14.87 (CHANGED)
[2025-11-30 00:30:04]   [emp_id: 5381] ✓ Updated: 14.98 → 15.06 (CHANGED)
[2025-11-30 00:30:04]   [emp_id: 5383] ✓ Updated: 13.39 → 13.47 (CHANGED)
[2025-11-30 00:30:04]   [emp_id: 5388] ✓ Updated: 25.6 → 25.65 (CHANGED)
[2025-11-30 00:30:04]   [emp_id: 5392] ✓ Updated: 11.31 → 11.39 (CHANGED)
[2025-11-30 00:30:04]   [emp_id: 5396] ✓ Updated: 26.84 → 26.89 (CHANGED)
[2025-11-30 00:30:04]   [emp_id: 5397] ✓ Updated: 23.05 → 23.1 (CHANGED)
[2025-11-30 00:30:04]   [emp_id: 5401] ✓ Updated: 21.41 → 21.46 (CHANGED)
[2025-11-30 00:30:04]   [emp_id: 5402] ✓ Updated: 21.53 → 21.58 (CHANGED)
[2025-11-30 00:30:04]   [emp_id: 5406] ✓ Updated: 20.25 → 20.3 (CHANGED)
[2025-11-30 00:30:04]   [emp_id: 5407] ✓ Updated: 22.06 → 22.14 (CHANGED)
[2025-11-30 00:30:04]   [emp_id: 5408] ✓ Updated: 19.81 → 19.89 (CHANGED)
[2025-11-30 00:30:04]   [emp_id: 5409] ✓ Updated: 18.32 → 18.37 (CHANGED)
[2025-11-30 00:30:04]   [emp_id: 5413] ✓ Updated: 25.56 → 25.64 (CHANGED)
[2025-11-30 00:30:04]   [emp_id: 5414] ✓ Updated: 25.23 → 25.31 (CHANGED)
[2025-11-30 00:30:04]   [emp_id: 5415] ✓ Updated: 16.06 → 16.14 (CHANGED)
[2025-11-30 00:30:04]   [emp_id: 5418] ✓ Updated: 16.4 → 16.45 (CHANGED)
[2025-11-30 00:30:04]   [emp_id: 5422] ✓ Updated: 17.89 → 17.97 (CHANGED)
[2025-11-30 00:30:04]   [emp_id: 5423] ✓ Updated: 14.48 → 14.56 (CHANGED)
[2025-11-30 00:30:04]   [emp_id: 5423] ✓ Updated: 14.48 → 14.56 (CHANGED)
[2025-11-30 00:30:04]   [emp_id: 5423] ✓ Updated: 14.48 → 14.56 (CHANGED)
[2025-11-30 00:30:04]   [emp_id: 5424] ✓ Updated: 12.2 → 12.25 (CHANGED)
[2025-11-30 00:30:04]   [emp_id: 5425] ✓ Updated: 12.2 → 12.25 (CHANGED)
[2025-11-30 00:30:04]   [emp_id: 5426] ✓ Updated: 3.65 → 3.73 (CHANGED)
[2025-11-30 00:30:04]   [emp_id: 5426] ✓ Updated: 3.65 → 3.73 (CHANGED)
[2025-11-30 00:30:04]   [emp_id: 5427] ✓ Updated: 12.31 → 12.36 (CHANGED)
[2025-11-30 00:30:04]   [emp_id: 5428] ✓ Updated: 12.2 → 12.25 (CHANGED)
[2025-11-30 00:30:04]   [emp_id: 5430] ✓ Updated: 14.89 → 14.97 (CHANGED)
[2025-11-30 00:30:04]   [emp_id: 5431] ✓ Updated: 11.32 → 11.37 (CHANGED)
[2025-11-30 00:30:04]   [emp_id: 5434] ✓ Updated: 11.09 → 11.14 (CHANGED)
[2025-11-30 00:30:04]   [emp_id: 5435] ✓ Updated: 11.03 → 11.08 (CHANGED)
[2025-11-30 00:30:04]   [emp_id: 5436] ✓ Updated: 11.03 → 11.08 (CHANGED)
[2025-11-30 00:30:04]   [emp_id: 5438] ✓ Updated: 12.81 → 12.89 (CHANGED)
[2025-11-30 00:30:04]   [emp_id: 5439] ✓ Updated: 22.31 → 22.39 (CHANGED)
[2025-11-30 00:30:04]   [emp_id: 5442] ✓ Updated: 11.31 → 11.39 (CHANGED)
[2025-11-30 00:30:05]   [emp_id: 5443] ✓ Updated: 6.71 → 6.76 (CHANGED)
[2025-11-30 00:30:05]   [emp_id: 5445] ✓ Updated: 5.49 → 5.54 (CHANGED)
[2025-11-30 00:30:05]   [emp_id: 5446] ✓ Updated: 5.49 → 5.54 (CHANGED)
[2025-11-30 00:30:05]   [emp_id: 5447] ✓ Updated: 5.43 → 5.48 (CHANGED)
[2025-11-30 00:30:05]   [emp_id: 5448] ✓ Updated: 6.23 → 6.31 (CHANGED)
[2025-11-30 00:30:05]   [emp_id: 5449] ✓ Updated: 3.51 → 3.56 (CHANGED)
[2025-11-30 00:30:05]   [emp_id: 5450] ✓ Updated: 3.45 → 3.5 (CHANGED)
[2025-11-30 00:30:05]   [emp_id: 5451] ✓ Updated: 3.45 → 3.5 (CHANGED)
[2025-11-30 00:30:05]   [emp_id: 5454] ✓ Updated: 4.39 → 4.47 (CHANGED)
[2025-11-30 00:30:05]   [emp_id: 5455] ✓ Updated: 2.64 → 2.72 (CHANGED)
[2025-11-30 00:30:05]   [emp_id: 5456] ✓ Updated: 3.64 → 3.72 (CHANGED)
[2025-11-30 00:30:05] 
[2025-11-30 00:30:05] ========== SUMMARY ==========
[2025-11-30 00:30:05] Total employees processed: 445
[2025-11-30 00:30:05] Records updated: 445
[2025-11-30 00:30:05] Balances changed: 445
[2025-11-30 00:30:05] Errors: 0
[2025-11-30 00:30:05] ========== CRON: Vacation Balance Update Completed ==========
[2025-11-30 00:30:05] 
[2025-11-30 09:12:59] ========== CRON: Vacation Balance Update Started ==========
[2025-11-30 09:12:59] Database connection established
[2025-11-30 09:12:59] Found 445 active employees with balance records to update
[2025-11-30 09:12:59] (Only employees with status=1 will be processed)
[2025-11-30 09:12:59]   [emp_id: 1061] SKIPPED: Already updated today (2025-11-30 03:00:02)
[2025-11-30 09:12:59]   [emp_id: 1496] SKIPPED: Already updated today (2025-11-30 03:00:02)
[2025-11-30 09:12:59]   [emp_id: 1500] SKIPPED: Already updated today (2025-11-30 03:00:02)
[2025-11-30 09:12:59]   [emp_id: 1574] SKIPPED: Already updated today (2025-11-30 03:00:02)
[2025-11-30 09:12:59]   [emp_id: 1673] SKIPPED: Already updated today (2025-11-30 03:00:02)
[2025-11-30 09:12:59]   [emp_id: 1685] SKIPPED: Already updated today (2025-11-30 03:00:02)
[2025-11-30 09:12:59]   [emp_id: 1764] SKIPPED: Already updated today (2025-11-30 03:00:02)
[2025-11-30 09:12:59]   [emp_id: 1805] SKIPPED: Already updated today (2025-11-30 03:00:02)
[2025-11-30 09:12:59]   [emp_id: 1822] SKIPPED: Already updated today (2025-11-30 03:00:02)
[2025-11-30 09:12:59]   [emp_id: 1837] SKIPPED: Already updated today (2025-11-30 03:00:02)
[2025-11-30 09:12:59]   [emp_id: 1857] SKIPPED: Already updated today (2025-11-30 03:00:02)
[2025-11-30 09:12:59]   [emp_id: 1861] SKIPPED: Already updated today (2025-11-30 03:00:02)
[2025-11-30 09:12:59]   [emp_id: 1872] SKIPPED: Already updated today (2025-11-30 03:00:02)
[2025-11-30 09:12:59]   [emp_id: 1897] SKIPPED: Already updated today (2025-11-30 03:00:02)
[2025-11-30 09:12:59]   [emp_id: 1916] SKIPPED: Already updated today (2025-11-30 03:00:02)
[2025-11-30 09:12:59]   [emp_id: 1928] SKIPPED: Already updated today (2025-11-30 03:00:02)
[2025-11-30 09:12:59]   [emp_id: 1931] SKIPPED: Already updated today (2025-11-30 03:00:02)
[2025-11-30 09:12:59]   [emp_id: 1944] SKIPPED: Already updated today (2025-11-30 03:00:02)
[2025-11-30 09:12:59]   [emp_id: 1996] SKIPPED: Already updated today (2025-11-30 03:00:02)
[2025-11-30 09:12:59]   [emp_id: 1997] SKIPPED: Already updated today (2025-11-30 03:00:02)
[2025-11-30 09:12:59]   [emp_id: 1998] SKIPPED: Already updated today (2025-11-30 03:00:02)
[2025-11-30 09:12:59]   [emp_id: 1999] SKIPPED: Already updated today (2025-11-30 03:00:02)
[2025-11-30 09:12:59]   [emp_id: 2009] SKIPPED: Already updated today (2025-11-30 03:00:02)
[2025-11-30 09:12:59]   [emp_id: 2048] SKIPPED: Already updated today (2025-11-30 03:00:02)
[2025-11-30 09:12:59]   [emp_id: 2057] SKIPPED: Already updated today (2025-11-30 03:00:02)
[2025-11-30 09:12:59]   [emp_id: 2079] SKIPPED: Already updated today (2025-11-30 03:00:02)
[2025-11-30 09:12:59]   [emp_id: 2181] SKIPPED: Already updated today (2025-11-30 03:00:02)
[2025-11-30 09:12:59]   [emp_id: 2190] SKIPPED: Already updated today (2025-11-30 03:00:02)
[2025-11-30 09:12:59]   [emp_id: 2212] SKIPPED: Already updated today (2025-11-30 03:00:02)
[2025-11-30 09:12:59]   [emp_id: 2226] SKIPPED: Already updated today (2025-11-30 03:00:02)
[2025-11-30 09:12:59]   [emp_id: 2238] SKIPPED: Already updated today (2025-11-30 03:00:02)
[2025-11-30 09:12:59]   [emp_id: 2285] SKIPPED: Already updated today (2025-11-30 03:00:02)
[2025-11-30 09:12:59]   [emp_id: 2287] SKIPPED: Already updated today (2025-11-30 03:00:02)
[2025-11-30 09:12:59]   [emp_id: 2288] SKIPPED: Already updated today (2025-11-30 03:00:02)
[2025-11-30 09:12:59]   [emp_id: 2290] SKIPPED: Already updated today (2025-11-30 03:00:02)
[2025-11-30 09:12:59]   [emp_id: 2316] SKIPPED: Already updated today (2025-11-30 03:00:02)
[2025-11-30 09:12:59]   [emp_id: 2337] SKIPPED: Already updated today (2025-11-30 03:00:02)
[2025-11-30 09:12:59]   [emp_id: 2352] SKIPPED: Already updated today (2025-11-30 03:00:02)
[2025-11-30 09:12:59]   [emp_id: 2358] SKIPPED: Already updated today (2025-11-30 03:00:02)
[2025-11-30 09:12:59]   [emp_id: 2361] SKIPPED: Already updated today (2025-11-30 03:00:02)
[2025-11-30 09:12:59]   [emp_id: 2363] SKIPPED: Already updated today (2025-11-30 03:00:02)
[2025-11-30 09:12:59]   [emp_id: 2364] SKIPPED: Already updated today (2025-11-30 03:00:02)
[2025-11-30 09:12:59]   [emp_id: 2367] SKIPPED: Already updated today (2025-11-30 03:00:02)
[2025-11-30 09:12:59]   [emp_id: 2368] SKIPPED: Already updated today (2025-11-30 03:00:02)
[2025-11-30 09:12:59]   [emp_id: 2372] SKIPPED: Already updated today (2025-11-30 03:00:02)
[2025-11-30 09:12:59]   [emp_id: 2376] SKIPPED: Already updated today (2025-11-30 03:00:02)
[2025-11-30 09:12:59]   [emp_id: 2423] SKIPPED: Already updated today (2025-11-30 03:00:02)
[2025-11-30 09:12:59]   [emp_id: 2519] SKIPPED: Already updated today (2025-11-30 03:00:02)
[2025-11-30 09:12:59]   [emp_id: 2522] SKIPPED: Already updated today (2025-11-30 03:00:02)
[2025-11-30 09:12:59]   [emp_id: 2530] SKIPPED: Already updated today (2025-11-30 03:00:02)
[2025-11-30 09:12:59]   [emp_id: 2539] SKIPPED: Already updated today (2025-11-30 03:00:02)
[2025-11-30 09:12:59]   [emp_id: 2541] SKIPPED: Already updated today (2025-11-30 03:00:02)
[2025-11-30 09:12:59]   [emp_id: 2550] SKIPPED: Already updated today (2025-11-30 03:00:02)
[2025-11-30 09:12:59]   [emp_id: 2553] SKIPPED: Already updated today (2025-11-30 03:00:02)
[2025-11-30 09:12:59]   [emp_id: 2554] SKIPPED: Already updated today (2025-11-30 03:00:02)
[2025-11-30 09:12:59]   [emp_id: 2565] SKIPPED: Already updated today (2025-11-30 03:00:02)
[2025-11-30 09:12:59]   [emp_id: 2572] SKIPPED: Already updated today (2025-11-30 03:00:02)
[2025-11-30 09:12:59]   [emp_id: 2637] SKIPPED: Already updated today (2025-11-30 03:00:02)
[2025-11-30 09:12:59]   [emp_id: 2642] SKIPPED: Already updated today (2025-11-30 03:00:02)
[2025-11-30 09:12:59]   [emp_id: 2645] SKIPPED: Already updated today (2025-11-30 03:00:02)
[2025-11-30 09:12:59]   [emp_id: 2648] SKIPPED: Already updated today (2025-11-30 03:00:02)
[2025-11-30 09:12:59]   [emp_id: 2654] SKIPPED: Already updated today (2025-11-30 03:00:02)
[2025-11-30 09:12:59]   [emp_id: 2688] SKIPPED: Already updated today (2025-11-30 03:00:02)
[2025-11-30 09:12:59]   [emp_id: 2690] SKIPPED: Already updated today (2025-11-30 03:00:02)
[2025-11-30 09:12:59]   [emp_id: 2709] SKIPPED: Already updated today (2025-11-30 03:00:02)
[2025-11-30 09:12:59]   [emp_id: 2745] SKIPPED: Already updated today (2025-11-30 03:00:02)
[2025-11-30 09:12:59]   [emp_id: 2843] SKIPPED: Already updated today (2025-11-30 03:00:02)
[2025-11-30 09:12:59]   [emp_id: 2854] SKIPPED: Already updated today (2025-11-30 03:00:02)
[2025-11-30 09:12:59]   [emp_id: 2869] SKIPPED: Already updated today (2025-11-30 03:00:02)
[2025-11-30 09:12:59]   [emp_id: 2876] SKIPPED: Already updated today (2025-11-30 03:00:02)
[2025-11-30 09:12:59]   [emp_id: 2924] SKIPPED: Already updated today (2025-11-30 03:00:02)
[2025-11-30 09:12:59]   [emp_id: 2953] SKIPPED: Already updated today (2025-11-30 03:00:02)
[2025-11-30 09:12:59]   [emp_id: 2961] SKIPPED: Already updated today (2025-11-30 03:00:02)
[2025-11-30 09:12:59]   [emp_id: 2975] SKIPPED: Already updated today (2025-11-30 03:00:02)
[2025-11-30 09:12:59]   [emp_id: 3013] SKIPPED: Already updated today (2025-11-30 03:00:02)
[2025-11-30 09:12:59]   [emp_id: 3014] SKIPPED: Already updated today (2025-11-30 03:00:02)
[2025-11-30 09:12:59]   [emp_id: 3015] SKIPPED: Already updated today (2025-11-30 03:00:02)
[2025-11-30 09:12:59]   [emp_id: 3018] SKIPPED: Already updated today (2025-11-30 03:00:02)
[2025-11-30 09:12:59]   [emp_id: 3025] SKIPPED: Already updated today (2025-11-30 03:00:02)
[2025-11-30 09:12:59]   [emp_id: 3037] SKIPPED: Already updated today (2025-11-30 03:00:02)
[2025-11-30 09:12:59]   [emp_id: 3047] SKIPPED: Already updated today (2025-11-30 03:00:02)
[2025-11-30 09:12:59]   [emp_id: 3061] SKIPPED: Already updated today (2025-11-30 03:00:02)
[2025-11-30 09:12:59]   [emp_id: 3062] SKIPPED: Already updated today (2025-11-30 03:00:02)
[2025-11-30 09:12:59]   [emp_id: 3074] SKIPPED: Already updated today (2025-11-30 03:00:02)
[2025-11-30 09:12:59]   [emp_id: 3089] SKIPPED: Already updated today (2025-11-30 03:00:02)
[2025-11-30 09:12:59]   [emp_id: 3090] SKIPPED: Already updated today (2025-11-30 03:00:02)
[2025-11-30 09:12:59]   [emp_id: 3091] SKIPPED: Already updated today (2025-11-30 03:00:02)
[2025-11-30 09:12:59]   [emp_id: 3092] SKIPPED: Already updated today (2025-11-30 03:00:02)
[2025-11-30 09:12:59]   [emp_id: 3105] SKIPPED: Already updated today (2025-11-30 03:00:02)
[2025-11-30 09:12:59]   [emp_id: 3134] SKIPPED: Already updated today (2025-11-30 03:00:02)
[2025-11-30 09:12:59]   [emp_id: 3140] SKIPPED: Already updated today (2025-11-30 03:00:02)
[2025-11-30 09:12:59]   [emp_id: 3144] SKIPPED: Already updated today (2025-11-30 03:00:02)
[2025-11-30 09:12:59]   [emp_id: 3156] SKIPPED: Already updated today (2025-11-30 03:00:02)
[2025-11-30 09:12:59]   [emp_id: 3162] SKIPPED: Already updated today (2025-11-30 03:00:02)
[2025-11-30 09:12:59]   [emp_id: 3163] SKIPPED: Already updated today (2025-11-30 03:00:02)
[2025-11-30 09:12:59]   [emp_id: 3198] SKIPPED: Already updated today (2025-11-30 03:00:02)
[2025-11-30 09:12:59]   [emp_id: 3205] SKIPPED: Already updated today (2025-11-30 03:00:02)
[2025-11-30 09:12:59]   [emp_id: 3209] SKIPPED: Already updated today (2025-11-30 03:00:02)
[2025-11-30 09:12:59]   [emp_id: 3223] SKIPPED: Already updated today (2025-11-30 03:00:02)
[2025-11-30 09:12:59]   [emp_id: 3224] SKIPPED: Already updated today (2025-11-30 03:00:02)
[2025-11-30 09:12:59]   [emp_id: 3230] SKIPPED: Already updated today (2025-11-30 03:00:02)
[2025-11-30 09:12:59]   [emp_id: 3231] SKIPPED: Already updated today (2025-11-30 03:00:02)
[2025-11-30 09:12:59]   [emp_id: 3233] SKIPPED: Already updated today (2025-11-30 03:00:02)
[2025-11-30 09:12:59]   [emp_id: 3249] SKIPPED: Already updated today (2025-11-30 03:00:02)
[2025-11-30 09:12:59]   [emp_id: 3250] SKIPPED: Already updated today (2025-11-30 03:00:02)
[2025-11-30 09:12:59]   [emp_id: 3252] SKIPPED: Already updated today (2025-11-30 03:00:02)
[2025-11-30 09:12:59]   [emp_id: 3254] SKIPPED: Already updated today (2025-11-30 03:00:02)
[2025-11-30 09:12:59]   [emp_id: 3255] SKIPPED: Already updated today (2025-11-30 03:00:02)
[2025-11-30 09:12:59]   [emp_id: 3256] SKIPPED: Already updated today (2025-11-30 03:00:02)
[2025-11-30 09:12:59]   [emp_id: 3263] SKIPPED: Already updated today (2025-11-30 03:00:02)
[2025-11-30 09:12:59]   [emp_id: 3265] SKIPPED: Already updated today (2025-11-30 03:00:02)
[2025-11-30 09:12:59]   [emp_id: 3280] SKIPPED: Already updated today (2025-11-30 03:00:02)
[2025-11-30 09:12:59]   [emp_id: 3286] SKIPPED: Already updated today (2025-11-30 03:00:02)
[2025-11-30 09:12:59]   [emp_id: 3294] SKIPPED: Already updated today (2025-11-30 03:00:02)
[2025-11-30 09:12:59]   [emp_id: 3321] SKIPPED: Already updated today (2025-11-30 03:00:02)
[2025-11-30 09:12:59]   [emp_id: 3325] SKIPPED: Already updated today (2025-11-30 03:00:02)
[2025-11-30 09:12:59]   [emp_id: 3329] SKIPPED: Already updated today (2025-11-30 03:00:02)
[2025-11-30 09:12:59]   [emp_id: 3330] SKIPPED: Already updated today (2025-11-30 03:00:02)
[2025-11-30 09:12:59]   [emp_id: 3332] SKIPPED: Already updated today (2025-11-30 03:00:02)
[2025-11-30 09:12:59]   [emp_id: 3370] SKIPPED: Already updated today (2025-11-30 03:00:02)
[2025-11-30 09:12:59]   [emp_id: 3384] SKIPPED: Already updated today (2025-11-30 03:00:02)
[2025-11-30 09:12:59]   [emp_id: 3386] SKIPPED: Already updated today (2025-11-30 03:00:02)
[2025-11-30 09:12:59]   [emp_id: 3431] SKIPPED: Already updated today (2025-11-30 03:00:02)
[2025-11-30 09:12:59]   [emp_id: 3497] SKIPPED: Already updated today (2025-11-30 03:00:02)
[2025-11-30 09:12:59]   [emp_id: 3532] SKIPPED: Already updated today (2025-11-30 03:00:02)
[2025-11-30 09:12:59]   [emp_id: 3586] SKIPPED: Already updated today (2025-11-30 03:00:02)
[2025-11-30 09:12:59]   [emp_id: 3602] SKIPPED: Already updated today (2025-11-30 03:00:03)
[2025-11-30 09:12:59]   [emp_id: 3618] SKIPPED: Already updated today (2025-11-30 03:00:03)
[2025-11-30 09:12:59]   [emp_id: 3622] SKIPPED: Already updated today (2025-11-30 03:00:03)
[2025-11-30 09:12:59]   [emp_id: 3627] SKIPPED: Already updated today (2025-11-30 03:00:03)
[2025-11-30 09:12:59]   [emp_id: 3665] SKIPPED: Already updated today (2025-11-30 03:00:03)
[2025-11-30 09:12:59]   [emp_id: 3705] SKIPPED: Already updated today (2025-11-30 03:00:03)
[2025-11-30 09:12:59]   [emp_id: 3724] SKIPPED: Already updated today (2025-11-30 03:00:03)
[2025-11-30 09:12:59]   [emp_id: 3726] SKIPPED: Already updated today (2025-11-30 03:00:03)
[2025-11-30 09:12:59]   [emp_id: 3727] SKIPPED: Already updated today (2025-11-30 03:00:03)
[2025-11-30 09:12:59]   [emp_id: 3728] SKIPPED: Already updated today (2025-11-30 03:00:03)
[2025-11-30 09:12:59]   [emp_id: 3742] SKIPPED: Already updated today (2025-11-30 03:00:03)
[2025-11-30 09:12:59]   [emp_id: 3767] SKIPPED: Already updated today (2025-11-30 03:00:03)
[2025-11-30 09:12:59]   [emp_id: 3768] SKIPPED: Already updated today (2025-11-30 03:00:03)
[2025-11-30 09:12:59]   [emp_id: 3787] SKIPPED: Already updated today (2025-11-30 03:00:03)
[2025-11-30 09:12:59]   [emp_id: 3790] SKIPPED: Already updated today (2025-11-30 03:00:03)
[2025-11-30 09:12:59]   [emp_id: 3795] SKIPPED: Already updated today (2025-11-30 03:00:03)
[2025-11-30 09:12:59]   [emp_id: 3798] SKIPPED: Already updated today (2025-11-30 03:00:03)
[2025-11-30 09:12:59]   [emp_id: 3801] SKIPPED: Already updated today (2025-11-30 03:00:03)
[2025-11-30 09:12:59]   [emp_id: 3802] SKIPPED: Already updated today (2025-11-30 03:00:03)
[2025-11-30 09:12:59]   [emp_id: 3803] SKIPPED: Already updated today (2025-11-30 03:00:03)
[2025-11-30 09:12:59]   [emp_id: 3810] SKIPPED: Already updated today (2025-11-30 03:00:03)
[2025-11-30 09:12:59]   [emp_id: 3812] SKIPPED: Already updated today (2025-11-30 03:00:03)
[2025-11-30 09:12:59]   [emp_id: 3815] SKIPPED: Already updated today (2025-11-30 03:00:03)
[2025-11-30 09:12:59]   [emp_id: 3836] SKIPPED: Already updated today (2025-11-30 03:00:03)
[2025-11-30 09:12:59]   [emp_id: 3855] SKIPPED: Already updated today (2025-11-30 03:00:03)
[2025-11-30 09:12:59]   [emp_id: 3857] SKIPPED: Already updated today (2025-11-30 03:00:03)
[2025-11-30 09:12:59]   [emp_id: 3862] SKIPPED: Already updated today (2025-11-30 03:00:03)
[2025-11-30 09:12:59]   [emp_id: 3866] SKIPPED: Already updated today (2025-11-30 03:00:03)
[2025-11-30 09:12:59]   [emp_id: 3876] SKIPPED: Already updated today (2025-11-30 03:00:03)
[2025-11-30 09:12:59]   [emp_id: 3877] SKIPPED: Already updated today (2025-11-30 03:00:03)
[2025-11-30 09:12:59]   [emp_id: 3897] SKIPPED: Already updated today (2025-11-30 03:00:03)
[2025-11-30 09:12:59]   [emp_id: 3899] SKIPPED: Already updated today (2025-11-30 03:00:03)
[2025-11-30 09:12:59]   [emp_id: 3928] SKIPPED: Already updated today (2025-11-30 03:00:03)
[2025-11-30 09:12:59]   [emp_id: 3929] SKIPPED: Already updated today (2025-11-30 03:00:03)
[2025-11-30 09:12:59]   [emp_id: 3935] SKIPPED: Already updated today (2025-11-30 03:00:03)
[2025-11-30 09:12:59]   [emp_id: 3952] SKIPPED: Already updated today (2025-11-30 03:00:03)
[2025-11-30 09:12:59]   [emp_id: 3987] SKIPPED: Already updated today (2025-11-30 03:00:03)
[2025-11-30 09:12:59]   [emp_id: 4059] SKIPPED: Already updated today (2025-11-30 03:00:03)
[2025-11-30 09:12:59]   [emp_id: 4119] SKIPPED: Already updated today (2025-11-30 03:00:03)
[2025-11-30 09:12:59]   [emp_id: 4120] SKIPPED: Already updated today (2025-11-30 03:00:03)
[2025-11-30 09:12:59]   [emp_id: 4124] SKIPPED: Already updated today (2025-11-30 03:00:03)
[2025-11-30 09:12:59]   [emp_id: 4133] SKIPPED: Already updated today (2025-11-30 03:00:03)
[2025-11-30 09:12:59]   [emp_id: 4134] SKIPPED: Already updated today (2025-11-30 03:00:03)
[2025-11-30 09:12:59]   [emp_id: 4136] SKIPPED: Already updated today (2025-11-30 03:00:03)
[2025-11-30 09:12:59]   [emp_id: 4150] SKIPPED: Already updated today (2025-11-30 03:00:03)
[2025-11-30 09:12:59]   [emp_id: 4157] SKIPPED: Already updated today (2025-11-30 03:00:03)
[2025-11-30 09:12:59]   [emp_id: 4172] SKIPPED: Already updated today (2025-11-30 03:00:03)
[2025-11-30 09:12:59]   [emp_id: 4195] SKIPPED: Already updated today (2025-11-30 03:00:03)
[2025-11-30 09:12:59]   [emp_id: 4215] SKIPPED: Already updated today (2025-11-30 03:00:03)
[2025-11-30 09:12:59]   [emp_id: 4220] SKIPPED: Already updated today (2025-11-30 03:00:03)
[2025-11-30 09:12:59]   [emp_id: 4273] SKIPPED: Already updated today (2025-11-30 03:00:03)
[2025-11-30 09:12:59]   [emp_id: 4283] SKIPPED: Already updated today (2025-11-30 03:00:03)
[2025-11-30 09:12:59]   [emp_id: 4288] SKIPPED: Already updated today (2025-11-30 03:00:03)
[2025-11-30 09:12:59]   [emp_id: 4315] SKIPPED: Already updated today (2025-11-30 03:00:03)
[2025-11-30 09:12:59]   [emp_id: 4328] SKIPPED: Already updated today (2025-11-30 03:00:03)
[2025-11-30 09:12:59]   [emp_id: 4329] SKIPPED: Already updated today (2025-11-30 03:00:03)
[2025-11-30 09:12:59]   [emp_id: 4338] SKIPPED: Already updated today (2025-11-30 03:00:03)
[2025-11-30 09:12:59]   [emp_id: 4340] SKIPPED: Already updated today (2025-11-30 03:00:03)
[2025-11-30 09:12:59]   [emp_id: 4365] SKIPPED: Already updated today (2025-11-30 03:00:03)
[2025-11-30 09:12:59]   [emp_id: 4366] SKIPPED: Already updated today (2025-11-30 03:00:03)
[2025-11-30 09:12:59]   [emp_id: 4385] SKIPPED: Already updated today (2025-11-30 03:00:03)
[2025-11-30 09:12:59]   [emp_id: 4403] SKIPPED: Already updated today (2025-11-30 03:00:03)
[2025-11-30 09:12:59]   [emp_id: 4438] SKIPPED: Already updated today (2025-11-30 03:00:03)
[2025-11-30 09:12:59]   [emp_id: 4465] SKIPPED: Already updated today (2025-11-30 03:00:03)
[2025-11-30 09:12:59]   [emp_id: 4473] SKIPPED: Already updated today (2025-11-30 03:00:03)
[2025-11-30 09:12:59]   [emp_id: 4474] SKIPPED: Already updated today (2025-11-30 03:00:03)
[2025-11-30 09:12:59]   [emp_id: 4493] SKIPPED: Already updated today (2025-11-30 03:00:03)
[2025-11-30 09:12:59]   [emp_id: 4526] SKIPPED: Already updated today (2025-11-30 03:00:03)
[2025-11-30 09:12:59]   [emp_id: 4528] SKIPPED: Already updated today (2025-11-30 03:00:03)
[2025-11-30 09:12:59]   [emp_id: 4528] SKIPPED: Already updated today (2025-11-30 03:00:03)
[2025-11-30 09:12:59]   [emp_id: 4532] SKIPPED: Already updated today (2025-11-30 03:00:03)
[2025-11-30 09:12:59]   [emp_id: 4533] SKIPPED: Already updated today (2025-11-30 03:00:03)
[2025-11-30 09:12:59]   [emp_id: 4564] SKIPPED: Already updated today (2025-11-30 03:00:03)
[2025-11-30 09:12:59]   [emp_id: 4565] SKIPPED: Already updated today (2025-11-30 03:00:03)
[2025-11-30 09:12:59]   [emp_id: 4567] SKIPPED: Already updated today (2025-11-30 03:00:03)
[2025-11-30 09:12:59]   [emp_id: 4572] SKIPPED: Already updated today (2025-11-30 03:00:03)
[2025-11-30 09:12:59]   [emp_id: 4631] SKIPPED: Already updated today (2025-11-30 03:00:03)
[2025-11-30 09:12:59]   [emp_id: 4655] SKIPPED: Already updated today (2025-11-30 03:00:03)
[2025-11-30 09:12:59]   [emp_id: 4689] SKIPPED: Already updated today (2025-11-30 03:00:03)
[2025-11-30 09:12:59]   [emp_id: 4709] SKIPPED: Already updated today (2025-11-30 03:00:03)
[2025-11-30 09:12:59]   [emp_id: 4717] SKIPPED: Already updated today (2025-11-30 03:00:03)
[2025-11-30 09:12:59]   [emp_id: 4736] SKIPPED: Already updated today (2025-11-30 03:00:03)
[2025-11-30 09:12:59]   [emp_id: 4756] SKIPPED: Already updated today (2025-11-30 03:00:03)
[2025-11-30 09:12:59]   [emp_id: 4768] SKIPPED: Already updated today (2025-11-30 03:00:03)
[2025-11-30 09:12:59]   [emp_id: 4780] SKIPPED: Already updated today (2025-11-30 03:00:03)
[2025-11-30 09:12:59]   [emp_id: 4820] SKIPPED: Already updated today (2025-11-30 03:00:03)
[2025-11-30 09:12:59]   [emp_id: 4825] SKIPPED: Already updated today (2025-11-30 03:00:03)
[2025-11-30 09:12:59]   [emp_id: 4835] SKIPPED: Already updated today (2025-11-30 03:00:03)
[2025-11-30 09:12:59]   [emp_id: 4837] SKIPPED: Already updated today (2025-11-30 03:00:03)
[2025-11-30 09:12:59]   [emp_id: 4838] SKIPPED: Already updated today (2025-11-30 03:00:03)
[2025-11-30 09:12:59]   [emp_id: 4840] SKIPPED: Already updated today (2025-11-30 03:00:03)
[2025-11-30 09:12:59]   [emp_id: 4842] SKIPPED: Already updated today (2025-11-30 03:00:03)
[2025-11-30 09:12:59]   [emp_id: 4843] SKIPPED: Already updated today (2025-11-30 03:00:03)
[2025-11-30 09:12:59]   [emp_id: 4853] SKIPPED: Already updated today (2025-11-30 03:00:03)
[2025-11-30 09:12:59]   [emp_id: 4856] SKIPPED: Already updated today (2025-11-30 03:00:03)
[2025-11-30 09:12:59]   [emp_id: 4857] SKIPPED: Already updated today (2025-11-30 03:00:03)
[2025-11-30 09:12:59]   [emp_id: 4858] SKIPPED: Already updated today (2025-11-30 03:00:03)
[2025-11-30 09:12:59]   [emp_id: 4859] SKIPPED: Already updated today (2025-11-30 03:00:03)
[2025-11-30 09:12:59]   [emp_id: 4860] SKIPPED: Already updated today (2025-11-30 03:00:03)
[2025-11-30 09:12:59]   [emp_id: 4861] SKIPPED: Already updated today (2025-11-30 03:00:03)
[2025-11-30 09:12:59]   [emp_id: 4869] SKIPPED: Already updated today (2025-11-30 03:00:03)
[2025-11-30 09:12:59]   [emp_id: 4894] SKIPPED: Already updated today (2025-11-30 03:00:03)
[2025-11-30 09:12:59]   [emp_id: 4897] SKIPPED: Already updated today (2025-11-30 03:00:03)
[2025-11-30 09:12:59]   [emp_id: 4899] SKIPPED: Already updated today (2025-11-30 03:00:03)
[2025-11-30 09:12:59]   [emp_id: 4902] SKIPPED: Already updated today (2025-11-30 03:00:03)
[2025-11-30 09:12:59]   [emp_id: 4903] SKIPPED: Already updated today (2025-11-30 03:00:03)
[2025-11-30 09:12:59]   [emp_id: 4905] SKIPPED: Already updated today (2025-11-30 03:00:03)
[2025-11-30 09:12:59]   [emp_id: 4907] SKIPPED: Already updated today (2025-11-30 03:00:03)
[2025-11-30 09:12:59]   [emp_id: 4917] SKIPPED: Already updated today (2025-11-30 03:00:03)
[2025-11-30 09:12:59]   [emp_id: 4918] SKIPPED: Already updated today (2025-11-30 03:00:03)
[2025-11-30 09:12:59]   [emp_id: 4919] SKIPPED: Already updated today (2025-11-30 03:00:03)
[2025-11-30 09:12:59]   [emp_id: 4920] SKIPPED: Already updated today (2025-11-30 03:00:03)
[2025-11-30 09:12:59]   [emp_id: 4921] SKIPPED: Already updated today (2025-11-30 03:00:03)
[2025-11-30 09:12:59]   [emp_id: 4927] SKIPPED: Already updated today (2025-11-30 03:00:03)
[2025-11-30 09:12:59]   [emp_id: 4929] SKIPPED: Already updated today (2025-11-30 03:00:03)
[2025-11-30 09:12:59]   [emp_id: 4930] SKIPPED: Already updated today (2025-11-30 03:00:03)
[2025-11-30 09:12:59]   [emp_id: 4932] SKIPPED: Already updated today (2025-11-30 03:00:03)
[2025-11-30 09:12:59]   [emp_id: 4933] SKIPPED: Already updated today (2025-11-30 03:00:03)
[2025-11-30 09:12:59]   [emp_id: 4949] SKIPPED: Already updated today (2025-11-30 03:00:03)
[2025-11-30 09:12:59]   [emp_id: 4956] SKIPPED: Already updated today (2025-11-30 03:00:03)
[2025-11-30 09:12:59]   [emp_id: 4957] SKIPPED: Already updated today (2025-11-30 03:00:03)
[2025-11-30 09:12:59]   [emp_id: 4962] SKIPPED: Already updated today (2025-11-30 03:00:03)
[2025-11-30 09:12:59]   [emp_id: 4969] SKIPPED: Already updated today (2025-11-30 03:00:03)
[2025-11-30 09:12:59]   [emp_id: 4976] SKIPPED: Already updated today (2025-11-30 03:00:03)
[2025-11-30 09:12:59]   [emp_id: 4984] SKIPPED: Already updated today (2025-11-30 03:00:03)
[2025-11-30 09:12:59]   [emp_id: 4995] SKIPPED: Already updated today (2025-11-30 03:00:03)
[2025-11-30 09:12:59]   [emp_id: 5004] SKIPPED: Already updated today (2025-11-30 03:00:03)
[2025-11-30 09:12:59]   [emp_id: 5006] SKIPPED: Already updated today (2025-11-30 03:00:03)
[2025-11-30 09:12:59]   [emp_id: 5011] SKIPPED: Already updated today (2025-11-30 03:00:03)
[2025-11-30 09:12:59]   [emp_id: 5013] SKIPPED: Already updated today (2025-11-30 03:00:03)
[2025-11-30 09:12:59]   [emp_id: 5018] SKIPPED: Already updated today (2025-11-30 03:00:03)
[2025-11-30 09:12:59]   [emp_id: 5021] SKIPPED: Already updated today (2025-11-30 03:00:03)
[2025-11-30 09:12:59]   [emp_id: 5021] SKIPPED: Already updated today (2025-11-30 03:00:03)
[2025-11-30 09:12:59]   [emp_id: 5024] SKIPPED: Already updated today (2025-11-30 03:00:03)
[2025-11-30 09:12:59]   [emp_id: 5029] SKIPPED: Already updated today (2025-11-30 03:00:03)
[2025-11-30 09:12:59]   [emp_id: 5030] SKIPPED: Already updated today (2025-11-30 03:00:03)
[2025-11-30 09:12:59]   [emp_id: 5033] SKIPPED: Already updated today (2025-11-30 03:00:03)
[2025-11-30 09:12:59]   [emp_id: 5043] SKIPPED: Already updated today (2025-11-30 03:00:03)
[2025-11-30 09:12:59]   [emp_id: 5045] SKIPPED: Already updated today (2025-11-30 03:00:03)
[2025-11-30 09:12:59]   [emp_id: 5046] SKIPPED: Already updated today (2025-11-30 03:00:03)
[2025-11-30 09:12:59]   [emp_id: 5049] SKIPPED: Already updated today (2025-11-30 03:00:03)
[2025-11-30 09:12:59]   [emp_id: 5052] SKIPPED: Already updated today (2025-11-30 03:00:03)
[2025-11-30 09:12:59]   [emp_id: 5055] SKIPPED: Already updated today (2025-11-30 03:00:03)
[2025-11-30 09:12:59]   [emp_id: 5058] SKIPPED: Already updated today (2025-11-30 03:00:03)
[2025-11-30 09:12:59]   [emp_id: 5062] SKIPPED: Already updated today (2025-11-30 03:00:03)
[2025-11-30 09:12:59]   [emp_id: 5064] SKIPPED: Already updated today (2025-11-30 03:00:03)
[2025-11-30 09:12:59]   [emp_id: 5065] SKIPPED: Already updated today (2025-11-30 03:00:03)
[2025-11-30 09:12:59]   [emp_id: 5071] SKIPPED: Already updated today (2025-11-30 03:00:03)
[2025-11-30 09:12:59]   [emp_id: 5073] SKIPPED: Already updated today (2025-11-30 03:00:03)
[2025-11-30 09:12:59]   [emp_id: 5079] SKIPPED: Already updated today (2025-11-30 03:00:03)
[2025-11-30 09:12:59]   [emp_id: 5080] SKIPPED: Already updated today (2025-11-30 03:00:03)
[2025-11-30 09:12:59]   [emp_id: 5081] SKIPPED: Already updated today (2025-11-30 03:00:03)
[2025-11-30 09:12:59]   [emp_id: 5087] SKIPPED: Already updated today (2025-11-30 03:00:03)
[2025-11-30 09:12:59]   [emp_id: 5091] SKIPPED: Already updated today (2025-11-30 03:00:03)
[2025-11-30 09:12:59]   [emp_id: 5093] SKIPPED: Already updated today (2025-11-30 03:00:03)
[2025-11-30 09:12:59]   [emp_id: 5095] SKIPPED: Already updated today (2025-11-30 03:00:04)
[2025-11-30 09:12:59]   [emp_id: 5101] SKIPPED: Already updated today (2025-11-30 03:00:04)
[2025-11-30 09:12:59]   [emp_id: 5107] SKIPPED: Already updated today (2025-11-30 03:00:04)
[2025-11-30 09:12:59]   [emp_id: 5109] SKIPPED: Already updated today (2025-11-30 03:00:04)
[2025-11-30 09:12:59]   [emp_id: 5119] SKIPPED: Already updated today (2025-11-30 03:00:04)
[2025-11-30 09:12:59]   [emp_id: 5122] SKIPPED: Already updated today (2025-11-30 03:00:04)
[2025-11-30 09:12:59]   [emp_id: 5126] SKIPPED: Already updated today (2025-11-30 03:00:04)
[2025-11-30 09:12:59]   [emp_id: 5127] SKIPPED: Already updated today (2025-11-30 03:00:04)
[2025-11-30 09:12:59]   [emp_id: 5128] SKIPPED: Already updated today (2025-11-30 03:00:04)
[2025-11-30 09:12:59]   [emp_id: 5138] SKIPPED: Already updated today (2025-11-30 03:00:04)
[2025-11-30 09:12:59]   [emp_id: 5138] SKIPPED: Already updated today (2025-11-30 03:00:04)
[2025-11-30 09:12:59]   [emp_id: 5141] SKIPPED: Already updated today (2025-11-30 03:00:04)
[2025-11-30 09:12:59]   [emp_id: 5142] SKIPPED: Already updated today (2025-11-30 03:00:04)
[2025-11-30 09:12:59]   [emp_id: 5146] SKIPPED: Already updated today (2025-11-30 03:00:04)
[2025-11-30 09:12:59]   [emp_id: 5147] SKIPPED: Already updated today (2025-11-30 03:00:04)
[2025-11-30 09:12:59]   [emp_id: 5148] SKIPPED: Already updated today (2025-11-30 03:00:04)
[2025-11-30 09:12:59]   [emp_id: 5149] SKIPPED: Already updated today (2025-11-30 03:00:04)
[2025-11-30 09:12:59]   [emp_id: 5150] SKIPPED: Already updated today (2025-11-30 03:00:04)
[2025-11-30 09:12:59]   [emp_id: 5151] SKIPPED: Already updated today (2025-11-30 03:00:04)
[2025-11-30 09:12:59]   [emp_id: 5152] SKIPPED: Already updated today (2025-11-30 03:00:04)
[2025-11-30 09:12:59]   [emp_id: 5157] SKIPPED: Already updated today (2025-11-30 03:00:04)
[2025-11-30 09:12:59]   [emp_id: 5160] SKIPPED: Already updated today (2025-11-30 03:00:04)
[2025-11-30 09:12:59]   [emp_id: 5163] SKIPPED: Already updated today (2025-11-30 03:00:04)
[2025-11-30 09:12:59]   [emp_id: 5165] SKIPPED: Already updated today (2025-11-30 03:00:04)
[2025-11-30 09:12:59]   [emp_id: 5167] SKIPPED: Already updated today (2025-11-30 03:00:04)
[2025-11-30 09:12:59]   [emp_id: 5168] SKIPPED: Already updated today (2025-11-30 03:00:04)
[2025-11-30 09:12:59]   [emp_id: 5173] SKIPPED: Already updated today (2025-11-30 03:00:04)
[2025-11-30 09:12:59]   [emp_id: 5174] SKIPPED: Already updated today (2025-11-30 03:00:04)
[2025-11-30 09:12:59]   [emp_id: 5181] SKIPPED: Already updated today (2025-11-30 03:00:04)
[2025-11-30 09:12:59]   [emp_id: 5186] SKIPPED: Already updated today (2025-11-30 03:00:04)
[2025-11-30 09:12:59]   [emp_id: 5187] SKIPPED: Already updated today (2025-11-30 03:00:04)
[2025-11-30 09:12:59]   [emp_id: 5204] SKIPPED: Already updated today (2025-11-30 03:00:04)
[2025-11-30 09:12:59]   [emp_id: 5205] SKIPPED: Already updated today (2025-11-30 03:00:04)
[2025-11-30 09:12:59]   [emp_id: 5209] SKIPPED: Already updated today (2025-11-30 03:00:04)
[2025-11-30 09:12:59]   [emp_id: 5211] SKIPPED: Already updated today (2025-11-30 03:00:04)
[2025-11-30 09:12:59]   [emp_id: 5213] SKIPPED: Already updated today (2025-11-30 03:00:04)
[2025-11-30 09:12:59]   [emp_id: 5214] SKIPPED: Already updated today (2025-11-30 03:00:04)
[2025-11-30 09:12:59]   [emp_id: 5215] SKIPPED: Already updated today (2025-11-30 03:00:04)
[2025-11-30 09:12:59]   [emp_id: 5217] SKIPPED: Already updated today (2025-11-30 03:00:04)
[2025-11-30 09:12:59]   [emp_id: 5218] SKIPPED: Already updated today (2025-11-30 03:00:04)
[2025-11-30 09:12:59]   [emp_id: 5219] SKIPPED: Already updated today (2025-11-30 03:00:04)
[2025-11-30 09:12:59]   [emp_id: 5221] SKIPPED: Already updated today (2025-11-30 03:00:04)
[2025-11-30 09:12:59]   [emp_id: 5224] SKIPPED: Already updated today (2025-11-30 03:00:04)
[2025-11-30 09:12:59]   [emp_id: 5225] SKIPPED: Already updated today (2025-11-30 03:00:04)
[2025-11-30 09:12:59]   [emp_id: 5228] SKIPPED: Already updated today (2025-11-30 03:00:04)
[2025-11-30 09:12:59]   [emp_id: 5229] SKIPPED: Already updated today (2025-11-30 03:00:04)
[2025-11-30 09:12:59]   [emp_id: 5230] SKIPPED: Already updated today (2025-11-30 03:00:04)
[2025-11-30 09:12:59]   [emp_id: 5231] SKIPPED: Already updated today (2025-11-30 03:00:04)
[2025-11-30 09:12:59]   [emp_id: 5232] SKIPPED: Already updated today (2025-11-30 03:00:04)
[2025-11-30 09:12:59]   [emp_id: 5233] SKIPPED: Already updated today (2025-11-30 03:00:04)
[2025-11-30 09:12:59]   [emp_id: 5234] SKIPPED: Already updated today (2025-11-30 03:00:04)
[2025-11-30 09:12:59]   [emp_id: 5235] SKIPPED: Already updated today (2025-11-30 03:00:04)
[2025-11-30 09:12:59]   [emp_id: 5237] SKIPPED: Already updated today (2025-11-30 03:00:04)
[2025-11-30 09:12:59]   [emp_id: 5238] SKIPPED: Already updated today (2025-11-30 03:00:04)
[2025-11-30 09:12:59]   [emp_id: 5239] SKIPPED: Already updated today (2025-11-30 03:00:04)
[2025-11-30 09:12:59]   [emp_id: 5241] SKIPPED: Already updated today (2025-11-30 03:00:04)
[2025-11-30 09:12:59]   [emp_id: 5242] SKIPPED: Already updated today (2025-11-30 03:00:04)
[2025-11-30 09:12:59]   [emp_id: 5243] SKIPPED: Already updated today (2025-11-30 03:00:04)
[2025-11-30 09:12:59]   [emp_id: 5244] SKIPPED: Already updated today (2025-11-30 03:00:04)
[2025-11-30 09:12:59]   [emp_id: 5246] SKIPPED: Already updated today (2025-11-30 03:00:04)
[2025-11-30 09:12:59]   [emp_id: 5253] SKIPPED: Already updated today (2025-11-30 03:00:04)
[2025-11-30 09:12:59]   [emp_id: 5254] SKIPPED: Already updated today (2025-11-30 03:00:04)
[2025-11-30 09:12:59]   [emp_id: 5257] SKIPPED: Already updated today (2025-11-30 03:00:04)
[2025-11-30 09:12:59]   [emp_id: 5259] SKIPPED: Already updated today (2025-11-30 03:00:04)
[2025-11-30 09:12:59]   [emp_id: 5261] SKIPPED: Already updated today (2025-11-30 03:00:04)
[2025-11-30 09:12:59]   [emp_id: 5264] SKIPPED: Already updated today (2025-11-30 03:00:04)
[2025-11-30 09:12:59]   [emp_id: 5266] SKIPPED: Already updated today (2025-11-30 03:00:04)
[2025-11-30 09:12:59]   [emp_id: 5268] SKIPPED: Already updated today (2025-11-30 03:00:04)
[2025-11-30 09:12:59]   [emp_id: 5271] SKIPPED: Already updated today (2025-11-30 03:00:04)
[2025-11-30 09:12:59]   [emp_id: 5272] SKIPPED: Already updated today (2025-11-30 03:00:04)
[2025-11-30 09:12:59]   [emp_id: 5273] SKIPPED: Already updated today (2025-11-30 03:00:04)
[2025-11-30 09:12:59]   [emp_id: 5275] SKIPPED: Already updated today (2025-11-30 03:00:04)
[2025-11-30 09:12:59]   [emp_id: 5276] SKIPPED: Already updated today (2025-11-30 03:00:04)
[2025-11-30 09:12:59]   [emp_id: 5278] SKIPPED: Already updated today (2025-11-30 03:00:04)
[2025-11-30 09:12:59]   [emp_id: 5280] SKIPPED: Already updated today (2025-11-30 03:00:04)
[2025-11-30 09:12:59]   [emp_id: 5282] SKIPPED: Already updated today (2025-11-30 03:00:04)
[2025-11-30 09:12:59]   [emp_id: 5285] SKIPPED: Already updated today (2025-11-30 03:00:04)
[2025-11-30 09:12:59]   [emp_id: 5286] SKIPPED: Already updated today (2025-11-30 03:00:04)
[2025-11-30 09:12:59]   [emp_id: 5287] SKIPPED: Already updated today (2025-11-30 03:00:04)
[2025-11-30 09:12:59]   [emp_id: 5288] SKIPPED: Already updated today (2025-11-30 03:00:04)
[2025-11-30 09:12:59]   [emp_id: 5289] SKIPPED: Already updated today (2025-11-30 03:00:04)
[2025-11-30 09:12:59]   [emp_id: 5290] SKIPPED: Already updated today (2025-11-30 03:00:04)
[2025-11-30 09:12:59]   [emp_id: 5291] SKIPPED: Already updated today (2025-11-30 03:00:04)
[2025-11-30 09:12:59]   [emp_id: 5292] SKIPPED: Already updated today (2025-11-30 03:00:04)
[2025-11-30 09:12:59]   [emp_id: 5293] SKIPPED: Already updated today (2025-11-30 03:00:04)
[2025-11-30 09:12:59]   [emp_id: 5294] SKIPPED: Already updated today (2025-11-30 03:00:04)
[2025-11-30 09:12:59]   [emp_id: 5295] SKIPPED: Already updated today (2025-11-30 03:00:04)
[2025-11-30 09:12:59]   [emp_id: 5296] SKIPPED: Already updated today (2025-11-30 03:00:04)
[2025-11-30 09:12:59]   [emp_id: 5297] SKIPPED: Already updated today (2025-11-30 03:00:04)
[2025-11-30 09:12:59]   [emp_id: 5298] SKIPPED: Already updated today (2025-11-30 03:00:04)
[2025-11-30 09:12:59]   [emp_id: 5299] SKIPPED: Already updated today (2025-11-30 03:00:04)
[2025-11-30 09:12:59]   [emp_id: 5300] SKIPPED: Already updated today (2025-11-30 03:00:04)
[2025-11-30 09:12:59]   [emp_id: 5301] SKIPPED: Already updated today (2025-11-30 03:00:04)
[2025-11-30 09:12:59]   [emp_id: 5303] SKIPPED: Already updated today (2025-11-30 03:00:04)
[2025-11-30 09:12:59]   [emp_id: 5304] SKIPPED: Already updated today (2025-11-30 03:00:04)
[2025-11-30 09:12:59]   [emp_id: 5305] SKIPPED: Already updated today (2025-11-30 03:00:04)
[2025-11-30 09:12:59]   [emp_id: 5306] SKIPPED: Already updated today (2025-11-30 03:00:04)
[2025-11-30 09:12:59]   [emp_id: 5307] SKIPPED: Already updated today (2025-11-30 03:00:04)
[2025-11-30 09:12:59]   [emp_id: 5312] SKIPPED: Already updated today (2025-11-30 03:00:04)
[2025-11-30 09:12:59]   [emp_id: 5318] SKIPPED: Already updated today (2025-11-30 03:00:04)
[2025-11-30 09:12:59]   [emp_id: 5325] SKIPPED: Already updated today (2025-11-30 03:00:04)
[2025-11-30 09:12:59]   [emp_id: 5326] SKIPPED: Already updated today (2025-11-30 03:00:04)
[2025-11-30 09:12:59]   [emp_id: 5327] SKIPPED: Already updated today (2025-11-30 03:00:04)
[2025-11-30 09:12:59]   [emp_id: 5328] SKIPPED: Already updated today (2025-11-30 03:00:04)
[2025-11-30 09:12:59]   [emp_id: 5329] SKIPPED: Already updated today (2025-11-30 03:00:04)
[2025-11-30 09:12:59]   [emp_id: 5331] SKIPPED: Already updated today (2025-11-30 03:00:04)
[2025-11-30 09:12:59]   [emp_id: 5337] SKIPPED: Already updated today (2025-11-30 03:00:04)
[2025-11-30 09:12:59]   [emp_id: 5339] SKIPPED: Already updated today (2025-11-30 03:00:04)
[2025-11-30 09:12:59]   [emp_id: 5343] SKIPPED: Already updated today (2025-11-30 03:00:04)
[2025-11-30 09:12:59]   [emp_id: 5343] SKIPPED: Already updated today (2025-11-30 03:00:04)
[2025-11-30 09:12:59]   [emp_id: 5345] SKIPPED: Already updated today (2025-11-30 03:00:04)
[2025-11-30 09:12:59]   [emp_id: 5346] SKIPPED: Already updated today (2025-11-30 03:00:04)
[2025-11-30 09:12:59]   [emp_id: 5351] SKIPPED: Already updated today (2025-11-30 03:00:04)
[2025-11-30 09:12:59]   [emp_id: 5352] SKIPPED: Already updated today (2025-11-30 03:00:04)
[2025-11-30 09:12:59]   [emp_id: 5370] SKIPPED: Already updated today (2025-11-30 03:00:04)
[2025-11-30 09:12:59]   [emp_id: 5371] SKIPPED: Already updated today (2025-11-30 03:00:04)
[2025-11-30 09:12:59]   [emp_id: 5376] SKIPPED: Already updated today (2025-11-30 03:00:04)
[2025-11-30 09:12:59]   [emp_id: 5378] SKIPPED: Already updated today (2025-11-30 03:00:04)
[2025-11-30 09:12:59]   [emp_id: 5380] SKIPPED: Already updated today (2025-11-30 03:00:04)
[2025-11-30 09:12:59]   [emp_id: 5381] SKIPPED: Already updated today (2025-11-30 03:00:04)
[2025-11-30 09:12:59]   [emp_id: 5383] SKIPPED: Already updated today (2025-11-30 03:00:04)
[2025-11-30 09:12:59]   [emp_id: 5388] SKIPPED: Already updated today (2025-11-30 03:00:04)
[2025-11-30 09:12:59]   [emp_id: 5392] SKIPPED: Already updated today (2025-11-30 03:00:04)
[2025-11-30 09:12:59]   [emp_id: 5396] SKIPPED: Already updated today (2025-11-30 03:00:04)
[2025-11-30 09:12:59]   [emp_id: 5397] SKIPPED: Already updated today (2025-11-30 03:00:04)
[2025-11-30 09:12:59]   [emp_id: 5401] SKIPPED: Already updated today (2025-11-30 03:00:04)
[2025-11-30 09:12:59]   [emp_id: 5402] SKIPPED: Already updated today (2025-11-30 03:00:04)
[2025-11-30 09:12:59]   [emp_id: 5406] SKIPPED: Already updated today (2025-11-30 03:00:04)
[2025-11-30 09:12:59]   [emp_id: 5407] SKIPPED: Already updated today (2025-11-30 03:00:04)
[2025-11-30 09:12:59]   [emp_id: 5408] SKIPPED: Already updated today (2025-11-30 03:00:04)
[2025-11-30 09:12:59]   [emp_id: 5409] SKIPPED: Already updated today (2025-11-30 03:00:04)
[2025-11-30 09:12:59]   [emp_id: 5413] SKIPPED: Already updated today (2025-11-30 03:00:04)
[2025-11-30 09:12:59]   [emp_id: 5414] SKIPPED: Already updated today (2025-11-30 03:00:04)
[2025-11-30 09:12:59]   [emp_id: 5415] SKIPPED: Already updated today (2025-11-30 03:00:04)
[2025-11-30 09:12:59]   [emp_id: 5418] SKIPPED: Already updated today (2025-11-30 03:00:04)
[2025-11-30 09:12:59]   [emp_id: 5422] SKIPPED: Already updated today (2025-11-30 03:00:04)
[2025-11-30 09:12:59]   [emp_id: 5423] SKIPPED: Already updated today (2025-11-30 03:00:04)
[2025-11-30 09:12:59]   [emp_id: 5423] SKIPPED: Already updated today (2025-11-30 03:00:04)
[2025-11-30 09:12:59]   [emp_id: 5423] SKIPPED: Already updated today (2025-11-30 03:00:04)
[2025-11-30 09:12:59]   [emp_id: 5424] SKIPPED: Already updated today (2025-11-30 03:00:04)
[2025-11-30 09:12:59]   [emp_id: 5425] SKIPPED: Already updated today (2025-11-30 03:00:04)
[2025-11-30 09:12:59]   [emp_id: 5426] SKIPPED: Already updated today (2025-11-30 03:00:04)
[2025-11-30 09:12:59]   [emp_id: 5426] SKIPPED: Already updated today (2025-11-30 03:00:04)
[2025-11-30 09:12:59]   [emp_id: 5427] SKIPPED: Already updated today (2025-11-30 03:00:04)
[2025-11-30 09:12:59]   [emp_id: 5428] SKIPPED: Already updated today (2025-11-30 03:00:04)
[2025-11-30 09:12:59]   [emp_id: 5430] SKIPPED: Already updated today (2025-11-30 03:00:04)
[2025-11-30 09:12:59]   [emp_id: 5431] SKIPPED: Already updated today (2025-11-30 03:00:04)
[2025-11-30 09:12:59]   [emp_id: 5434] SKIPPED: Already updated today (2025-11-30 03:00:04)
[2025-11-30 09:12:59]   [emp_id: 5435] SKIPPED: Already updated today (2025-11-30 03:00:04)
[2025-11-30 09:12:59]   [emp_id: 5436] SKIPPED: Already updated today (2025-11-30 03:00:04)
[2025-11-30 09:12:59]   [emp_id: 5438] SKIPPED: Already updated today (2025-11-30 03:00:04)
[2025-11-30 09:12:59]   [emp_id: 5439] SKIPPED: Already updated today (2025-11-30 03:00:04)
[2025-11-30 09:12:59]   [emp_id: 5442] SKIPPED: Already updated today (2025-11-30 03:00:04)
[2025-11-30 09:12:59]   [emp_id: 5443] SKIPPED: Already updated today (2025-11-30 03:00:05)
[2025-11-30 09:12:59]   [emp_id: 5445] SKIPPED: Already updated today (2025-11-30 03:00:05)
[2025-11-30 09:12:59]   [emp_id: 5446] SKIPPED: Already updated today (2025-11-30 03:00:05)
[2025-11-30 09:12:59]   [emp_id: 5447] SKIPPED: Already updated today (2025-11-30 03:00:05)
[2025-11-30 09:12:59]   [emp_id: 5448] SKIPPED: Already updated today (2025-11-30 03:00:05)
[2025-11-30 09:12:59]   [emp_id: 5449] SKIPPED: Already updated today (2025-11-30 03:00:05)
[2025-11-30 09:12:59]   [emp_id: 5450] SKIPPED: Already updated today (2025-11-30 03:00:05)
[2025-11-30 09:12:59]   [emp_id: 5451] SKIPPED: Already updated today (2025-11-30 03:00:05)
[2025-11-30 09:12:59]   [emp_id: 5454] SKIPPED: Already updated today (2025-11-30 03:00:05)
[2025-11-30 09:12:59]   [emp_id: 5455] SKIPPED: Already updated today (2025-11-30 03:00:05)
[2025-11-30 09:12:59]   [emp_id: 5456] SKIPPED: Already updated today (2025-11-30 03:00:05)
[2025-11-30 09:12:59] 
[2025-11-30 09:12:59] ========== SUMMARY ==========
[2025-11-30 09:12:59] Total employees processed: 445
[2025-11-30 09:12:59] Records updated: 0
[2025-11-30 09:12:59] Balances changed: 0
[2025-11-30 09:12:59] Errors: 0
[2025-11-30 09:12:59] ========== CRON: Vacation Balance Update Completed ==========
[2025-11-30 09:12:59] 
[2025-11-30 10:04:05] ========== CRON: Vacation Balance Update Started ==========
[2025-11-30 10:04:05] Database connection established
[2025-11-30 10:04:05] Found 445 active employees with balance records to update
[2025-11-30 10:04:05] (Only employees with status=1 will be processed)
[2025-11-30 10:04:05]   [emp_id: 1061] SKIPPED: Already updated today (2025-11-30 03:00:02)
[2025-11-30 10:04:05]   [emp_id: 1496] SKIPPED: Already updated today (2025-11-30 03:00:02)
[2025-11-30 10:04:05]   [emp_id: 1500] SKIPPED: Already updated today (2025-11-30 03:00:02)
[2025-11-30 10:04:05]   [emp_id: 1574] SKIPPED: Already updated today (2025-11-30 03:00:02)
[2025-11-30 10:04:05]   [emp_id: 1673] SKIPPED: Already updated today (2025-11-30 03:00:02)
[2025-11-30 10:04:05]   [emp_id: 1685] SKIPPED: Already updated today (2025-11-30 03:00:02)
[2025-11-30 10:04:05]   [emp_id: 1764] SKIPPED: Already updated today (2025-11-30 03:00:02)
[2025-11-30 10:04:05]   [emp_id: 1805] SKIPPED: Already updated today (2025-11-30 03:00:02)
[2025-11-30 10:04:05]   [emp_id: 1822] SKIPPED: Already updated today (2025-11-30 03:00:02)
[2025-11-30 10:04:05]   [emp_id: 1837] SKIPPED: Already updated today (2025-11-30 03:00:02)
[2025-11-30 10:04:05]   [emp_id: 1857] SKIPPED: Already updated today (2025-11-30 03:00:02)
[2025-11-30 10:04:05]   [emp_id: 1861] SKIPPED: Already updated today (2025-11-30 03:00:02)
[2025-11-30 10:04:05]   [emp_id: 1872] SKIPPED: Already updated today (2025-11-30 03:00:02)
[2025-11-30 10:04:05]   [emp_id: 1897] SKIPPED: Already updated today (2025-11-30 03:00:02)
[2025-11-30 10:04:05]   [emp_id: 1916] SKIPPED: Already updated today (2025-11-30 03:00:02)
[2025-11-30 10:04:05]   [emp_id: 1928] SKIPPED: Already updated today (2025-11-30 03:00:02)
[2025-11-30 10:04:05]   [emp_id: 1931] SKIPPED: Already updated today (2025-11-30 03:00:02)
[2025-11-30 10:04:05]   [emp_id: 1944] SKIPPED: Already updated today (2025-11-30 03:00:02)
[2025-11-30 10:04:05]   [emp_id: 1996] SKIPPED: Already updated today (2025-11-30 03:00:02)
[2025-11-30 10:04:05]   [emp_id: 1997] SKIPPED: Already updated today (2025-11-30 03:00:02)
[2025-11-30 10:04:05]   [emp_id: 1998] SKIPPED: Already updated today (2025-11-30 03:00:02)
[2025-11-30 10:04:05]   [emp_id: 1999] SKIPPED: Already updated today (2025-11-30 03:00:02)
[2025-11-30 10:04:05]   [emp_id: 2009] SKIPPED: Already updated today (2025-11-30 03:00:02)
[2025-11-30 10:04:05]   [emp_id: 2048] SKIPPED: Already updated today (2025-11-30 03:00:02)
[2025-11-30 10:04:05]   [emp_id: 2057] SKIPPED: Already updated today (2025-11-30 03:00:02)
[2025-11-30 10:04:05]   [emp_id: 2079] SKIPPED: Already updated today (2025-11-30 03:00:02)
[2025-11-30 10:04:05]   [emp_id: 2181] SKIPPED: Already updated today (2025-11-30 03:00:02)
[2025-11-30 10:04:05]   [emp_id: 2190] SKIPPED: Already updated today (2025-11-30 03:00:02)
[2025-11-30 10:04:05]   [emp_id: 2212] SKIPPED: Already updated today (2025-11-30 03:00:02)
[2025-11-30 10:04:05]   [emp_id: 2226] SKIPPED: Already updated today (2025-11-30 03:00:02)
[2025-11-30 10:04:05]   [emp_id: 2238] SKIPPED: Already updated today (2025-11-30 03:00:02)
[2025-11-30 10:04:05]   [emp_id: 2285] SKIPPED: Already updated today (2025-11-30 03:00:02)
[2025-11-30 10:04:05]   [emp_id: 2287] SKIPPED: Already updated today (2025-11-30 03:00:02)
[2025-11-30 10:04:05]   [emp_id: 2288] SKIPPED: Already updated today (2025-11-30 03:00:02)
[2025-11-30 10:04:05]   [emp_id: 2290] SKIPPED: Already updated today (2025-11-30 03:00:02)
[2025-11-30 10:04:05]   [emp_id: 2316] SKIPPED: Already updated today (2025-11-30 03:00:02)
[2025-11-30 10:04:05]   [emp_id: 2337] SKIPPED: Already updated today (2025-11-30 03:00:02)
[2025-11-30 10:04:05]   [emp_id: 2352] SKIPPED: Already updated today (2025-11-30 03:00:02)
[2025-11-30 10:04:05]   [emp_id: 2358] SKIPPED: Already updated today (2025-11-30 03:00:02)
[2025-11-30 10:04:05]   [emp_id: 2361] SKIPPED: Already updated today (2025-11-30 03:00:02)
[2025-11-30 10:04:05]   [emp_id: 2363] SKIPPED: Already updated today (2025-11-30 03:00:02)
[2025-11-30 10:04:05]   [emp_id: 2364] SKIPPED: Already updated today (2025-11-30 03:00:02)
[2025-11-30 10:04:05]   [emp_id: 2367] SKIPPED: Already updated today (2025-11-30 03:00:02)
[2025-11-30 10:04:05]   [emp_id: 2368] SKIPPED: Already updated today (2025-11-30 03:00:02)
[2025-11-30 10:04:05]   [emp_id: 2372] SKIPPED: Already updated today (2025-11-30 03:00:02)
[2025-11-30 10:04:05]   [emp_id: 2376] SKIPPED: Already updated today (2025-11-30 03:00:02)
[2025-11-30 10:04:05]   [emp_id: 2423] SKIPPED: Already updated today (2025-11-30 03:00:02)
[2025-11-30 10:04:05]   [emp_id: 2519] SKIPPED: Already updated today (2025-11-30 03:00:02)
[2025-11-30 10:04:05]   [emp_id: 2522] SKIPPED: Already updated today (2025-11-30 03:00:02)
[2025-11-30 10:04:05]   [emp_id: 2530] SKIPPED: Already updated today (2025-11-30 03:00:02)
[2025-11-30 10:04:05]   [emp_id: 2539] SKIPPED: Already updated today (2025-11-30 03:00:02)
[2025-11-30 10:04:05]   [emp_id: 2541] SKIPPED: Already updated today (2025-11-30 03:00:02)
[2025-11-30 10:04:05]   [emp_id: 2550] SKIPPED: Already updated today (2025-11-30 03:00:02)
[2025-11-30 10:04:05]   [emp_id: 2553] SKIPPED: Already updated today (2025-11-30 03:00:02)
[2025-11-30 10:04:05]   [emp_id: 2554] SKIPPED: Already updated today (2025-11-30 03:00:02)
[2025-11-30 10:04:05]   [emp_id: 2565] SKIPPED: Already updated today (2025-11-30 03:00:02)
[2025-11-30 10:04:05]   [emp_id: 2572] SKIPPED: Already updated today (2025-11-30 03:00:02)
[2025-11-30 10:04:05]   [emp_id: 2637] SKIPPED: Already updated today (2025-11-30 03:00:02)
[2025-11-30 10:04:05]   [emp_id: 2642] SKIPPED: Already updated today (2025-11-30 03:00:02)
[2025-11-30 10:04:05]   [emp_id: 2645] SKIPPED: Already updated today (2025-11-30 03:00:02)
[2025-11-30 10:04:05]   [emp_id: 2648] SKIPPED: Already updated today (2025-11-30 03:00:02)
[2025-11-30 10:04:05]   [emp_id: 2654] SKIPPED: Already updated today (2025-11-30 03:00:02)
[2025-11-30 10:04:05]   [emp_id: 2688] SKIPPED: Already updated today (2025-11-30 03:00:02)
[2025-11-30 10:04:05]   [emp_id: 2690] SKIPPED: Already updated today (2025-11-30 03:00:02)
[2025-11-30 10:04:05]   [emp_id: 2709] SKIPPED: Already updated today (2025-11-30 03:00:02)
[2025-11-30 10:04:05]   [emp_id: 2745] SKIPPED: Already updated today (2025-11-30 03:00:02)
[2025-11-30 10:04:05]   [emp_id: 2843] SKIPPED: Already updated today (2025-11-30 03:00:02)
[2025-11-30 10:04:05]   [emp_id: 2854] SKIPPED: Already updated today (2025-11-30 03:00:02)
[2025-11-30 10:04:05]   [emp_id: 2869] SKIPPED: Already updated today (2025-11-30 03:00:02)
[2025-11-30 10:04:05]   [emp_id: 2876] SKIPPED: Already updated today (2025-11-30 03:00:02)
[2025-11-30 10:04:05]   [emp_id: 2924] SKIPPED: Already updated today (2025-11-30 03:00:02)
[2025-11-30 10:04:05]   [emp_id: 2953] SKIPPED: Already updated today (2025-11-30 03:00:02)
[2025-11-30 10:04:05]   [emp_id: 2961] SKIPPED: Already updated today (2025-11-30 03:00:02)
[2025-11-30 10:04:05]   [emp_id: 2975] SKIPPED: Already updated today (2025-11-30 03:00:02)
[2025-11-30 10:04:05]   [emp_id: 3013] SKIPPED: Already updated today (2025-11-30 03:00:02)
[2025-11-30 10:04:05]   [emp_id: 3014] SKIPPED: Already updated today (2025-11-30 03:00:02)
[2025-11-30 10:04:05]   [emp_id: 3015] SKIPPED: Already updated today (2025-11-30 03:00:02)
[2025-11-30 10:04:05]   [emp_id: 3018] SKIPPED: Already updated today (2025-11-30 03:00:02)
[2025-11-30 10:04:05]   [emp_id: 3025] SKIPPED: Already updated today (2025-11-30 03:00:02)
[2025-11-30 10:04:05]   [emp_id: 3037] SKIPPED: Already updated today (2025-11-30 03:00:02)
[2025-11-30 10:04:05]   [emp_id: 3047] SKIPPED: Already updated today (2025-11-30 03:00:02)
[2025-11-30 10:04:05]   [emp_id: 3061] SKIPPED: Already updated today (2025-11-30 03:00:02)
[2025-11-30 10:04:05]   [emp_id: 3062] SKIPPED: Already updated today (2025-11-30 03:00:02)
[2025-11-30 10:04:05]   [emp_id: 3074] SKIPPED: Already updated today (2025-11-30 03:00:02)
[2025-11-30 10:04:05]   [emp_id: 3089] SKIPPED: Already updated today (2025-11-30 03:00:02)
[2025-11-30 10:04:05]   [emp_id: 3090] SKIPPED: Already updated today (2025-11-30 03:00:02)
[2025-11-30 10:04:05]   [emp_id: 3091] SKIPPED: Already updated today (2025-11-30 03:00:02)
[2025-11-30 10:04:05]   [emp_id: 3092] SKIPPED: Already updated today (2025-11-30 03:00:02)
[2025-11-30 10:04:05]   [emp_id: 3105] SKIPPED: Already updated today (2025-11-30 03:00:02)
[2025-11-30 10:04:05]   [emp_id: 3134] SKIPPED: Already updated today (2025-11-30 03:00:02)
[2025-11-30 10:04:05]   [emp_id: 3140] SKIPPED: Already updated today (2025-11-30 03:00:02)
[2025-11-30 10:04:05]   [emp_id: 3144] SKIPPED: Already updated today (2025-11-30 03:00:02)
[2025-11-30 10:04:05]   [emp_id: 3156] SKIPPED: Already updated today (2025-11-30 03:00:02)
[2025-11-30 10:04:05]   [emp_id: 3162] SKIPPED: Already updated today (2025-11-30 03:00:02)
[2025-11-30 10:04:05]   [emp_id: 3163] SKIPPED: Already updated today (2025-11-30 03:00:02)
[2025-11-30 10:04:05]   [emp_id: 3198] SKIPPED: Already updated today (2025-11-30 03:00:02)
[2025-11-30 10:04:05]   [emp_id: 3205] SKIPPED: Already updated today (2025-11-30 03:00:02)
[2025-11-30 10:04:05]   [emp_id: 3209] SKIPPED: Already updated today (2025-11-30 03:00:02)
[2025-11-30 10:04:05]   [emp_id: 3223] SKIPPED: Already updated today (2025-11-30 03:00:02)
[2025-11-30 10:04:05]   [emp_id: 3224] SKIPPED: Already updated today (2025-11-30 03:00:02)
[2025-11-30 10:04:05]   [emp_id: 3230] SKIPPED: Already updated today (2025-11-30 03:00:02)
[2025-11-30 10:04:05]   [emp_id: 3231] SKIPPED: Already updated today (2025-11-30 03:00:02)
[2025-11-30 10:04:05]   [emp_id: 3233] SKIPPED: Already updated today (2025-11-30 03:00:02)
[2025-11-30 10:04:05]   [emp_id: 3249] SKIPPED: Already updated today (2025-11-30 03:00:02)
[2025-11-30 10:04:05]   [emp_id: 3250] SKIPPED: Already updated today (2025-11-30 03:00:02)
[2025-11-30 10:04:05]   [emp_id: 3252] SKIPPED: Already updated today (2025-11-30 03:00:02)
[2025-11-30 10:04:05]   [emp_id: 3254] SKIPPED: Already updated today (2025-11-30 03:00:02)
[2025-11-30 10:04:05]   [emp_id: 3255] SKIPPED: Already updated today (2025-11-30 03:00:02)
[2025-11-30 10:04:05]   [emp_id: 3256] SKIPPED: Already updated today (2025-11-30 03:00:02)
[2025-11-30 10:04:05]   [emp_id: 3263] SKIPPED: Already updated today (2025-11-30 03:00:02)
[2025-11-30 10:04:05]   [emp_id: 3265] SKIPPED: Already updated today (2025-11-30 03:00:02)
[2025-11-30 10:04:05]   [emp_id: 3280] SKIPPED: Already updated today (2025-11-30 03:00:02)
[2025-11-30 10:04:05]   [emp_id: 3286] SKIPPED: Already updated today (2025-11-30 03:00:02)
[2025-11-30 10:04:05]   [emp_id: 3294] SKIPPED: Already updated today (2025-11-30 03:00:02)
[2025-11-30 10:04:05]   [emp_id: 3321] SKIPPED: Already updated today (2025-11-30 03:00:02)
[2025-11-30 10:04:05]   [emp_id: 3325] SKIPPED: Already updated today (2025-11-30 03:00:02)
[2025-11-30 10:04:05]   [emp_id: 3329] SKIPPED: Already updated today (2025-11-30 03:00:02)
[2025-11-30 10:04:05]   [emp_id: 3330] SKIPPED: Already updated today (2025-11-30 03:00:02)
[2025-11-30 10:04:05]   [emp_id: 3332] SKIPPED: Already updated today (2025-11-30 03:00:02)
[2025-11-30 10:04:05]   [emp_id: 3370] SKIPPED: Already updated today (2025-11-30 03:00:02)
[2025-11-30 10:04:05]   [emp_id: 3384] SKIPPED: Already updated today (2025-11-30 03:00:02)
[2025-11-30 10:04:05]   [emp_id: 3386] SKIPPED: Already updated today (2025-11-30 03:00:02)
[2025-11-30 10:04:05]   [emp_id: 3431] SKIPPED: Already updated today (2025-11-30 03:00:02)
[2025-11-30 10:04:05]   [emp_id: 3497] SKIPPED: Already updated today (2025-11-30 03:00:02)
[2025-11-30 10:04:05]   [emp_id: 3532] SKIPPED: Already updated today (2025-11-30 03:00:02)
[2025-11-30 10:04:05]   [emp_id: 3586] SKIPPED: Already updated today (2025-11-30 03:00:02)
[2025-11-30 10:04:05]   [emp_id: 3602] SKIPPED: Already updated today (2025-11-30 03:00:03)
[2025-11-30 10:04:05]   [emp_id: 3618] SKIPPED: Already updated today (2025-11-30 03:00:03)
[2025-11-30 10:04:05]   [emp_id: 3622] SKIPPED: Already updated today (2025-11-30 03:00:03)
[2025-11-30 10:04:05]   [emp_id: 3627] SKIPPED: Already updated today (2025-11-30 03:00:03)
[2025-11-30 10:04:05]   [emp_id: 3665] SKIPPED: Already updated today (2025-11-30 03:00:03)
[2025-11-30 10:04:05]   [emp_id: 3705] SKIPPED: Already updated today (2025-11-30 03:00:03)
[2025-11-30 10:04:05]   [emp_id: 3724] SKIPPED: Already updated today (2025-11-30 03:00:03)
[2025-11-30 10:04:05]   [emp_id: 3726] SKIPPED: Already updated today (2025-11-30 03:00:03)
[2025-11-30 10:04:05]   [emp_id: 3727] SKIPPED: Already updated today (2025-11-30 03:00:03)
[2025-11-30 10:04:05]   [emp_id: 3728] SKIPPED: Already updated today (2025-11-30 03:00:03)
[2025-11-30 10:04:05]   [emp_id: 3742] SKIPPED: Already updated today (2025-11-30 03:00:03)
[2025-11-30 10:04:05]   [emp_id: 3767] SKIPPED: Already updated today (2025-11-30 03:00:03)
[2025-11-30 10:04:05]   [emp_id: 3768] SKIPPED: Already updated today (2025-11-30 03:00:03)
[2025-11-30 10:04:05]   [emp_id: 3787] SKIPPED: Already updated today (2025-11-30 03:00:03)
[2025-11-30 10:04:05]   [emp_id: 3790] SKIPPED: Already updated today (2025-11-30 03:00:03)
[2025-11-30 10:04:05]   [emp_id: 3795] SKIPPED: Already updated today (2025-11-30 03:00:03)
[2025-11-30 10:04:05]   [emp_id: 3798] SKIPPED: Already updated today (2025-11-30 03:00:03)
[2025-11-30 10:04:05]   [emp_id: 3801] SKIPPED: Already updated today (2025-11-30 03:00:03)
[2025-11-30 10:04:05]   [emp_id: 3802] SKIPPED: Already updated today (2025-11-30 03:00:03)
[2025-11-30 10:04:05]   [emp_id: 3803] SKIPPED: Already updated today (2025-11-30 03:00:03)
[2025-11-30 10:04:05]   [emp_id: 3810] SKIPPED: Already updated today (2025-11-30 03:00:03)
[2025-11-30 10:04:05]   [emp_id: 3812] SKIPPED: Already updated today (2025-11-30 03:00:03)
[2025-11-30 10:04:05]   [emp_id: 3815] SKIPPED: Already updated today (2025-11-30 03:00:03)
[2025-11-30 10:04:05]   [emp_id: 3836] SKIPPED: Already updated today (2025-11-30 03:00:03)
[2025-11-30 10:04:05]   [emp_id: 3855] SKIPPED: Already updated today (2025-11-30 03:00:03)
[2025-11-30 10:04:05]   [emp_id: 3857] SKIPPED: Already updated today (2025-11-30 03:00:03)
[2025-11-30 10:04:05]   [emp_id: 3862] SKIPPED: Already updated today (2025-11-30 03:00:03)
[2025-11-30 10:04:05]   [emp_id: 3866] SKIPPED: Already updated today (2025-11-30 03:00:03)
[2025-11-30 10:04:05]   [emp_id: 3876] SKIPPED: Already updated today (2025-11-30 03:00:03)
[2025-11-30 10:04:05]   [emp_id: 3877] SKIPPED: Already updated today (2025-11-30 03:00:03)
[2025-11-30 10:04:05]   [emp_id: 3897] SKIPPED: Already updated today (2025-11-30 03:00:03)
[2025-11-30 10:04:05]   [emp_id: 3899] SKIPPED: Already updated today (2025-11-30 03:00:03)
[2025-11-30 10:04:05]   [emp_id: 3928] SKIPPED: Already updated today (2025-11-30 03:00:03)
[2025-11-30 10:04:05]   [emp_id: 3929] SKIPPED: Already updated today (2025-11-30 03:00:03)
[2025-11-30 10:04:05]   [emp_id: 3935] SKIPPED: Already updated today (2025-11-30 03:00:03)
[2025-11-30 10:04:05]   [emp_id: 3952] SKIPPED: Already updated today (2025-11-30 03:00:03)
[2025-11-30 10:04:05]   [emp_id: 3987] SKIPPED: Already updated today (2025-11-30 03:00:03)
[2025-11-30 10:04:05]   [emp_id: 4059] SKIPPED: Already updated today (2025-11-30 03:00:03)
[2025-11-30 10:04:05]   [emp_id: 4119] SKIPPED: Already updated today (2025-11-30 03:00:03)
[2025-11-30 10:04:05]   [emp_id: 4120] SKIPPED: Already updated today (2025-11-30 03:00:03)
[2025-11-30 10:04:05]   [emp_id: 4124] SKIPPED: Already updated today (2025-11-30 03:00:03)
[2025-11-30 10:04:05]   [emp_id: 4133] SKIPPED: Already updated today (2025-11-30 03:00:03)
[2025-11-30 10:04:05]   [emp_id: 4134] SKIPPED: Already updated today (2025-11-30 03:00:03)
[2025-11-30 10:04:05]   [emp_id: 4136] SKIPPED: Already updated today (2025-11-30 03:00:03)
[2025-11-30 10:04:05]   [emp_id: 4150] SKIPPED: Already updated today (2025-11-30 03:00:03)
[2025-11-30 10:04:05]   [emp_id: 4157] SKIPPED: Already updated today (2025-11-30 03:00:03)
[2025-11-30 10:04:05]   [emp_id: 4172] SKIPPED: Already updated today (2025-11-30 03:00:03)
[2025-11-30 10:04:05]   [emp_id: 4195] SKIPPED: Already updated today (2025-11-30 03:00:03)
[2025-11-30 10:04:05]   [emp_id: 4215] SKIPPED: Already updated today (2025-11-30 03:00:03)
[2025-11-30 10:04:05]   [emp_id: 4220] SKIPPED: Already updated today (2025-11-30 03:00:03)
[2025-11-30 10:04:05]   [emp_id: 4273] SKIPPED: Already updated today (2025-11-30 03:00:03)
[2025-11-30 10:04:05]   [emp_id: 4283] SKIPPED: Already updated today (2025-11-30 03:00:03)
[2025-11-30 10:04:05]   [emp_id: 4288] SKIPPED: Already updated today (2025-11-30 03:00:03)
[2025-11-30 10:04:05]   [emp_id: 4315] SKIPPED: Already updated today (2025-11-30 03:00:03)
[2025-11-30 10:04:05]   [emp_id: 4328] SKIPPED: Already updated today (2025-11-30 03:00:03)
[2025-11-30 10:04:05]   [emp_id: 4329] SKIPPED: Already updated today (2025-11-30 03:00:03)
[2025-11-30 10:04:05]   [emp_id: 4338] SKIPPED: Already updated today (2025-11-30 03:00:03)
[2025-11-30 10:04:05]   [emp_id: 4340] SKIPPED: Already updated today (2025-11-30 03:00:03)
[2025-11-30 10:04:05]   [emp_id: 4365] SKIPPED: Already updated today (2025-11-30 03:00:03)
[2025-11-30 10:04:05]   [emp_id: 4366] SKIPPED: Already updated today (2025-11-30 03:00:03)
[2025-11-30 10:04:05]   [emp_id: 4385] SKIPPED: Already updated today (2025-11-30 03:00:03)
[2025-11-30 10:04:05]   [emp_id: 4403] SKIPPED: Already updated today (2025-11-30 03:00:03)
[2025-11-30 10:04:05]   [emp_id: 4438] SKIPPED: Already updated today (2025-11-30 03:00:03)
[2025-11-30 10:04:05]   [emp_id: 4465] SKIPPED: Already updated today (2025-11-30 03:00:03)
[2025-11-30 10:04:05]   [emp_id: 4473] SKIPPED: Already updated today (2025-11-30 03:00:03)
[2025-11-30 10:04:05]   [emp_id: 4474] SKIPPED: Already updated today (2025-11-30 03:00:03)
[2025-11-30 10:04:05]   [emp_id: 4493] SKIPPED: Already updated today (2025-11-30 03:00:03)
[2025-11-30 10:04:05]   [emp_id: 4526] SKIPPED: Already updated today (2025-11-30 03:00:03)
[2025-11-30 10:04:05]   [emp_id: 4528] SKIPPED: Already updated today (2025-11-30 03:00:03)
[2025-11-30 10:04:05]   [emp_id: 4528] SKIPPED: Already updated today (2025-11-30 03:00:03)
[2025-11-30 10:04:05]   [emp_id: 4532] SKIPPED: Already updated today (2025-11-30 03:00:03)
[2025-11-30 10:04:05]   [emp_id: 4533] SKIPPED: Already updated today (2025-11-30 03:00:03)
[2025-11-30 10:04:05]   [emp_id: 4564] SKIPPED: Already updated today (2025-11-30 03:00:03)
[2025-11-30 10:04:05]   [emp_id: 4565] SKIPPED: Already updated today (2025-11-30 03:00:03)
[2025-11-30 10:04:05]   [emp_id: 4567] SKIPPED: Already updated today (2025-11-30 03:00:03)
[2025-11-30 10:04:05]   [emp_id: 4572] SKIPPED: Already updated today (2025-11-30 03:00:03)
[2025-11-30 10:04:05]   [emp_id: 4631] SKIPPED: Already updated today (2025-11-30 03:00:03)
[2025-11-30 10:04:05]   [emp_id: 4655] SKIPPED: Already updated today (2025-11-30 03:00:03)
[2025-11-30 10:04:05]   [emp_id: 4689] SKIPPED: Already updated today (2025-11-30 03:00:03)
[2025-11-30 10:04:05]   [emp_id: 4709] SKIPPED: Already updated today (2025-11-30 03:00:03)
[2025-11-30 10:04:05]   [emp_id: 4717] SKIPPED: Already updated today (2025-11-30 03:00:03)
[2025-11-30 10:04:05]   [emp_id: 4736] SKIPPED: Already updated today (2025-11-30 03:00:03)
[2025-11-30 10:04:05]   [emp_id: 4756] SKIPPED: Already updated today (2025-11-30 03:00:03)
[2025-11-30 10:04:05]   [emp_id: 4768] SKIPPED: Already updated today (2025-11-30 03:00:03)
[2025-11-30 10:04:05]   [emp_id: 4780] SKIPPED: Already updated today (2025-11-30 03:00:03)
[2025-11-30 10:04:05]   [emp_id: 4820] SKIPPED: Already updated today (2025-11-30 03:00:03)
[2025-11-30 10:04:05]   [emp_id: 4825] SKIPPED: Already updated today (2025-11-30 03:00:03)
[2025-11-30 10:04:05]   [emp_id: 4835] SKIPPED: Already updated today (2025-11-30 03:00:03)
[2025-11-30 10:04:05]   [emp_id: 4837] SKIPPED: Already updated today (2025-11-30 03:00:03)
[2025-11-30 10:04:05]   [emp_id: 4838] SKIPPED: Already updated today (2025-11-30 03:00:03)
[2025-11-30 10:04:05]   [emp_id: 4840] SKIPPED: Already updated today (2025-11-30 03:00:03)
[2025-11-30 10:04:05]   [emp_id: 4842] SKIPPED: Already updated today (2025-11-30 03:00:03)
[2025-11-30 10:04:05]   [emp_id: 4843] SKIPPED: Already updated today (2025-11-30 03:00:03)
[2025-11-30 10:04:05]   [emp_id: 4853] SKIPPED: Already updated today (2025-11-30 03:00:03)
[2025-11-30 10:04:05]   [emp_id: 4856] SKIPPED: Already updated today (2025-11-30 03:00:03)
[2025-11-30 10:04:05]   [emp_id: 4857] SKIPPED: Already updated today (2025-11-30 03:00:03)
[2025-11-30 10:04:05]   [emp_id: 4858] SKIPPED: Already updated today (2025-11-30 03:00:03)
[2025-11-30 10:04:05]   [emp_id: 4859] SKIPPED: Already updated today (2025-11-30 03:00:03)
[2025-11-30 10:04:05]   [emp_id: 4860] SKIPPED: Already updated today (2025-11-30 03:00:03)
[2025-11-30 10:04:05]   [emp_id: 4861] SKIPPED: Already updated today (2025-11-30 03:00:03)
[2025-11-30 10:04:05]   [emp_id: 4869] SKIPPED: Already updated today (2025-11-30 03:00:03)
[2025-11-30 10:04:05]   [emp_id: 4894] SKIPPED: Already updated today (2025-11-30 03:00:03)
[2025-11-30 10:04:05]   [emp_id: 4897] SKIPPED: Already updated today (2025-11-30 03:00:03)
[2025-11-30 10:04:05]   [emp_id: 4899] SKIPPED: Already updated today (2025-11-30 03:00:03)
[2025-11-30 10:04:05]   [emp_id: 4902] SKIPPED: Already updated today (2025-11-30 03:00:03)
[2025-11-30 10:04:05]   [emp_id: 4903] SKIPPED: Already updated today (2025-11-30 03:00:03)
[2025-11-30 10:04:05]   [emp_id: 4905] SKIPPED: Already updated today (2025-11-30 03:00:03)
[2025-11-30 10:04:05]   [emp_id: 4907] SKIPPED: Already updated today (2025-11-30 03:00:03)
[2025-11-30 10:04:05]   [emp_id: 4917] SKIPPED: Already updated today (2025-11-30 03:00:03)
[2025-11-30 10:04:05]   [emp_id: 4918] SKIPPED: Already updated today (2025-11-30 03:00:03)
[2025-11-30 10:04:05]   [emp_id: 4919] SKIPPED: Already updated today (2025-11-30 03:00:03)
[2025-11-30 10:04:05]   [emp_id: 4920] SKIPPED: Already updated today (2025-11-30 03:00:03)
[2025-11-30 10:04:05]   [emp_id: 4921] SKIPPED: Already updated today (2025-11-30 03:00:03)
[2025-11-30 10:04:05]   [emp_id: 4927] SKIPPED: Already updated today (2025-11-30 03:00:03)
[2025-11-30 10:04:05]   [emp_id: 4929] SKIPPED: Already updated today (2025-11-30 03:00:03)
[2025-11-30 10:04:05]   [emp_id: 4930] SKIPPED: Already updated today (2025-11-30 03:00:03)
[2025-11-30 10:04:05]   [emp_id: 4932] SKIPPED: Already updated today (2025-11-30 03:00:03)
[2025-11-30 10:04:05]   [emp_id: 4933] SKIPPED: Already updated today (2025-11-30 03:00:03)
[2025-11-30 10:04:05]   [emp_id: 4949] SKIPPED: Already updated today (2025-11-30 03:00:03)
[2025-11-30 10:04:05]   [emp_id: 4956] SKIPPED: Already updated today (2025-11-30 03:00:03)
[2025-11-30 10:04:05]   [emp_id: 4957] SKIPPED: Already updated today (2025-11-30 03:00:03)
[2025-11-30 10:04:05]   [emp_id: 4962] SKIPPED: Already updated today (2025-11-30 03:00:03)
[2025-11-30 10:04:05]   [emp_id: 4969] SKIPPED: Already updated today (2025-11-30 03:00:03)
[2025-11-30 10:04:05]   [emp_id: 4976] SKIPPED: Already updated today (2025-11-30 03:00:03)
[2025-11-30 10:04:05]   [emp_id: 4984] SKIPPED: Already updated today (2025-11-30 03:00:03)
[2025-11-30 10:04:05]   [emp_id: 4995] SKIPPED: Already updated today (2025-11-30 03:00:03)
[2025-11-30 10:04:05]   [emp_id: 5004] SKIPPED: Already updated today (2025-11-30 03:00:03)
[2025-11-30 10:04:05]   [emp_id: 5006] SKIPPED: Already updated today (2025-11-30 03:00:03)
[2025-11-30 10:04:05]   [emp_id: 5011] SKIPPED: Already updated today (2025-11-30 03:00:03)
[2025-11-30 10:04:05]   [emp_id: 5013] SKIPPED: Already updated today (2025-11-30 03:00:03)
[2025-11-30 10:04:05]   [emp_id: 5018] SKIPPED: Already updated today (2025-11-30 03:00:03)
[2025-11-30 10:04:05]   [emp_id: 5021] SKIPPED: Already updated today (2025-11-30 03:00:03)
[2025-11-30 10:04:05]   [emp_id: 5021] SKIPPED: Already updated today (2025-11-30 03:00:03)
[2025-11-30 10:04:05]   [emp_id: 5024] SKIPPED: Already updated today (2025-11-30 03:00:03)
[2025-11-30 10:04:05]   [emp_id: 5029] SKIPPED: Already updated today (2025-11-30 03:00:03)
[2025-11-30 10:04:05]   [emp_id: 5030] SKIPPED: Already updated today (2025-11-30 03:00:03)
[2025-11-30 10:04:05]   [emp_id: 5033] SKIPPED: Already updated today (2025-11-30 03:00:03)
[2025-11-30 10:04:05]   [emp_id: 5043] SKIPPED: Already updated today (2025-11-30 03:00:03)
[2025-11-30 10:04:05]   [emp_id: 5045] SKIPPED: Already updated today (2025-11-30 03:00:03)
[2025-11-30 10:04:05]   [emp_id: 5046] SKIPPED: Already updated today (2025-11-30 03:00:03)
[2025-11-30 10:04:05]   [emp_id: 5049] SKIPPED: Already updated today (2025-11-30 03:00:03)
[2025-11-30 10:04:05]   [emp_id: 5052] SKIPPED: Already updated today (2025-11-30 03:00:03)
[2025-11-30 10:04:05]   [emp_id: 5055] SKIPPED: Already updated today (2025-11-30 03:00:03)
[2025-11-30 10:04:05]   [emp_id: 5058] SKIPPED: Already updated today (2025-11-30 03:00:03)
[2025-11-30 10:04:05]   [emp_id: 5062] SKIPPED: Already updated today (2025-11-30 03:00:03)
[2025-11-30 10:04:05]   [emp_id: 5064] SKIPPED: Already updated today (2025-11-30 03:00:03)
[2025-11-30 10:04:05]   [emp_id: 5065] SKIPPED: Already updated today (2025-11-30 03:00:03)
[2025-11-30 10:04:05]   [emp_id: 5071] SKIPPED: Already updated today (2025-11-30 03:00:03)
[2025-11-30 10:04:05]   [emp_id: 5073] SKIPPED: Already updated today (2025-11-30 03:00:03)
[2025-11-30 10:04:05]   [emp_id: 5079] SKIPPED: Already updated today (2025-11-30 03:00:03)
[2025-11-30 10:04:05]   [emp_id: 5080] SKIPPED: Already updated today (2025-11-30 03:00:03)
[2025-11-30 10:04:05]   [emp_id: 5081] SKIPPED: Already updated today (2025-11-30 03:00:03)
[2025-11-30 10:04:05]   [emp_id: 5087] SKIPPED: Already updated today (2025-11-30 03:00:03)
[2025-11-30 10:04:05]   [emp_id: 5091] SKIPPED: Already updated today (2025-11-30 03:00:03)
[2025-11-30 10:04:05]   [emp_id: 5093] SKIPPED: Already updated today (2025-11-30 03:00:03)
[2025-11-30 10:04:05]   [emp_id: 5095] SKIPPED: Already updated today (2025-11-30 03:00:04)
[2025-11-30 10:04:05]   [emp_id: 5101] SKIPPED: Already updated today (2025-11-30 03:00:04)
[2025-11-30 10:04:05]   [emp_id: 5107] SKIPPED: Already updated today (2025-11-30 03:00:04)
[2025-11-30 10:04:05]   [emp_id: 5109] SKIPPED: Already updated today (2025-11-30 03:00:04)
[2025-11-30 10:04:05]   [emp_id: 5119] SKIPPED: Already updated today (2025-11-30 03:00:04)
[2025-11-30 10:04:05]   [emp_id: 5122] SKIPPED: Already updated today (2025-11-30 03:00:04)
[2025-11-30 10:04:05]   [emp_id: 5126] SKIPPED: Already updated today (2025-11-30 03:00:04)
[2025-11-30 10:04:05]   [emp_id: 5127] SKIPPED: Already updated today (2025-11-30 03:00:04)
[2025-11-30 10:04:05]   [emp_id: 5128] SKIPPED: Already updated today (2025-11-30 03:00:04)
[2025-11-30 10:04:05]   [emp_id: 5138] SKIPPED: Already updated today (2025-11-30 03:00:04)
[2025-11-30 10:04:05]   [emp_id: 5138] SKIPPED: Already updated today (2025-11-30 03:00:04)
[2025-11-30 10:04:05]   [emp_id: 5141] SKIPPED: Already updated today (2025-11-30 03:00:04)
[2025-11-30 10:04:05]   [emp_id: 5142] SKIPPED: Already updated today (2025-11-30 03:00:04)
[2025-11-30 10:04:05]   [emp_id: 5146] SKIPPED: Already updated today (2025-11-30 03:00:04)
[2025-11-30 10:04:05]   [emp_id: 5147] SKIPPED: Already updated today (2025-11-30 03:00:04)
[2025-11-30 10:04:05]   [emp_id: 5148] SKIPPED: Already updated today (2025-11-30 03:00:04)
[2025-11-30 10:04:05]   [emp_id: 5149] SKIPPED: Already updated today (2025-11-30 03:00:04)
[2025-11-30 10:04:05]   [emp_id: 5150] SKIPPED: Already updated today (2025-11-30 03:00:04)
[2025-11-30 10:04:05]   [emp_id: 5151] SKIPPED: Already updated today (2025-11-30 03:00:04)
[2025-11-30 10:04:05]   [emp_id: 5152] SKIPPED: Already updated today (2025-11-30 03:00:04)
[2025-11-30 10:04:05]   [emp_id: 5157] SKIPPED: Already updated today (2025-11-30 03:00:04)
[2025-11-30 10:04:05]   [emp_id: 5160] SKIPPED: Already updated today (2025-11-30 03:00:04)
[2025-11-30 10:04:05]   [emp_id: 5163] SKIPPED: Already updated today (2025-11-30 03:00:04)
[2025-11-30 10:04:05]   [emp_id: 5165] SKIPPED: Already updated today (2025-11-30 03:00:04)
[2025-11-30 10:04:05]   [emp_id: 5167] SKIPPED: Already updated today (2025-11-30 03:00:04)
[2025-11-30 10:04:05]   [emp_id: 5168] SKIPPED: Already updated today (2025-11-30 03:00:04)
[2025-11-30 10:04:05]   [emp_id: 5173] SKIPPED: Already updated today (2025-11-30 03:00:04)
[2025-11-30 10:04:05]   [emp_id: 5174] SKIPPED: Already updated today (2025-11-30 03:00:04)
[2025-11-30 10:04:05]   [emp_id: 5181] SKIPPED: Already updated today (2025-11-30 03:00:04)
[2025-11-30 10:04:05]   [emp_id: 5186] SKIPPED: Already updated today (2025-11-30 03:00:04)
[2025-11-30 10:04:05]   [emp_id: 5187] SKIPPED: Already updated today (2025-11-30 03:00:04)
[2025-11-30 10:04:05]   [emp_id: 5204] SKIPPED: Already updated today (2025-11-30 03:00:04)
[2025-11-30 10:04:05]   [emp_id: 5205] SKIPPED: Already updated today (2025-11-30 03:00:04)
[2025-11-30 10:04:05]   [emp_id: 5209] SKIPPED: Already updated today (2025-11-30 03:00:04)
[2025-11-30 10:04:05]   [emp_id: 5211] SKIPPED: Already updated today (2025-11-30 03:00:04)
[2025-11-30 10:04:05]   [emp_id: 5213] SKIPPED: Already updated today (2025-11-30 03:00:04)
[2025-11-30 10:04:05]   [emp_id: 5214] SKIPPED: Already updated today (2025-11-30 03:00:04)
[2025-11-30 10:04:05]   [emp_id: 5215] SKIPPED: Already updated today (2025-11-30 03:00:04)
[2025-11-30 10:04:05]   [emp_id: 5217] SKIPPED: Already updated today (2025-11-30 03:00:04)
[2025-11-30 10:04:05]   [emp_id: 5218] SKIPPED: Already updated today (2025-11-30 03:00:04)
[2025-11-30 10:04:05]   [emp_id: 5219] SKIPPED: Already updated today (2025-11-30 03:00:04)
[2025-11-30 10:04:05]   [emp_id: 5221] SKIPPED: Already updated today (2025-11-30 03:00:04)
[2025-11-30 10:04:05]   [emp_id: 5224] SKIPPED: Already updated today (2025-11-30 03:00:04)
[2025-11-30 10:04:05]   [emp_id: 5225] SKIPPED: Already updated today (2025-11-30 03:00:04)
[2025-11-30 10:04:05]   [emp_id: 5228] SKIPPED: Already updated today (2025-11-30 03:00:04)
[2025-11-30 10:04:05]   [emp_id: 5229] SKIPPED: Already updated today (2025-11-30 03:00:04)
[2025-11-30 10:04:05]   [emp_id: 5230] SKIPPED: Already updated today (2025-11-30 03:00:04)
[2025-11-30 10:04:05]   [emp_id: 5231] SKIPPED: Already updated today (2025-11-30 03:00:04)
[2025-11-30 10:04:05]   [emp_id: 5232] SKIPPED: Already updated today (2025-11-30 03:00:04)
[2025-11-30 10:04:05]   [emp_id: 5233] SKIPPED: Already updated today (2025-11-30 03:00:04)
[2025-11-30 10:04:05]   [emp_id: 5234] SKIPPED: Already updated today (2025-11-30 03:00:04)
[2025-11-30 10:04:05]   [emp_id: 5235] SKIPPED: Already updated today (2025-11-30 03:00:04)
[2025-11-30 10:04:05]   [emp_id: 5237] SKIPPED: Already updated today (2025-11-30 03:00:04)
[2025-11-30 10:04:05]   [emp_id: 5238] SKIPPED: Already updated today (2025-11-30 03:00:04)
[2025-11-30 10:04:05]   [emp_id: 5239] SKIPPED: Already updated today (2025-11-30 03:00:04)
[2025-11-30 10:04:05]   [emp_id: 5241] SKIPPED: Already updated today (2025-11-30 03:00:04)
[2025-11-30 10:04:05]   [emp_id: 5242] SKIPPED: Already updated today (2025-11-30 03:00:04)
[2025-11-30 10:04:05]   [emp_id: 5243] SKIPPED: Already updated today (2025-11-30 03:00:04)
[2025-11-30 10:04:05]   [emp_id: 5244] SKIPPED: Already updated today (2025-11-30 03:00:04)
[2025-11-30 10:04:05]   [emp_id: 5246] SKIPPED: Already updated today (2025-11-30 03:00:04)
[2025-11-30 10:04:05]   [emp_id: 5253] SKIPPED: Already updated today (2025-11-30 03:00:04)
[2025-11-30 10:04:05]   [emp_id: 5254] SKIPPED: Already updated today (2025-11-30 03:00:04)
[2025-11-30 10:04:05]   [emp_id: 5257] SKIPPED: Already updated today (2025-11-30 03:00:04)
[2025-11-30 10:04:05]   [emp_id: 5259] SKIPPED: Already updated today (2025-11-30 03:00:04)
[2025-11-30 10:04:05]   [emp_id: 5261] SKIPPED: Already updated today (2025-11-30 03:00:04)
[2025-11-30 10:04:05]   [emp_id: 5264] SKIPPED: Already updated today (2025-11-30 03:00:04)
[2025-11-30 10:04:05]   [emp_id: 5266] SKIPPED: Already updated today (2025-11-30 03:00:04)
[2025-11-30 10:04:05]   [emp_id: 5268] SKIPPED: Already updated today (2025-11-30 03:00:04)
[2025-11-30 10:04:05]   [emp_id: 5271] SKIPPED: Already updated today (2025-11-30 03:00:04)
[2025-11-30 10:04:05]   [emp_id: 5272] SKIPPED: Already updated today (2025-11-30 03:00:04)
[2025-11-30 10:04:05]   [emp_id: 5273] SKIPPED: Already updated today (2025-11-30 03:00:04)
[2025-11-30 10:04:05]   [emp_id: 5275] SKIPPED: Already updated today (2025-11-30 03:00:04)
[2025-11-30 10:04:05]   [emp_id: 5276] SKIPPED: Already updated today (2025-11-30 03:00:04)
[2025-11-30 10:04:05]   [emp_id: 5278] SKIPPED: Already updated today (2025-11-30 03:00:04)
[2025-11-30 10:04:05]   [emp_id: 5280] SKIPPED: Already updated today (2025-11-30 03:00:04)
[2025-11-30 10:04:05]   [emp_id: 5282] SKIPPED: Already updated today (2025-11-30 03:00:04)
[2025-11-30 10:04:05]   [emp_id: 5285] SKIPPED: Already updated today (2025-11-30 03:00:04)
[2025-11-30 10:04:05]   [emp_id: 5286] SKIPPED: Already updated today (2025-11-30 03:00:04)
[2025-11-30 10:04:05]   [emp_id: 5287] SKIPPED: Already updated today (2025-11-30 03:00:04)
[2025-11-30 10:04:05]   [emp_id: 5288] SKIPPED: Already updated today (2025-11-30 03:00:04)
[2025-11-30 10:04:05]   [emp_id: 5289] SKIPPED: Already updated today (2025-11-30 03:00:04)
[2025-11-30 10:04:05]   [emp_id: 5290] SKIPPED: Already updated today (2025-11-30 03:00:04)
[2025-11-30 10:04:05]   [emp_id: 5291] SKIPPED: Already updated today (2025-11-30 03:00:04)
[2025-11-30 10:04:05]   [emp_id: 5292] SKIPPED: Already updated today (2025-11-30 03:00:04)
[2025-11-30 10:04:05]   [emp_id: 5293] SKIPPED: Already updated today (2025-11-30 03:00:04)
[2025-11-30 10:04:05]   [emp_id: 5294] SKIPPED: Already updated today (2025-11-30 03:00:04)
[2025-11-30 10:04:05]   [emp_id: 5295] SKIPPED: Already updated today (2025-11-30 03:00:04)
[2025-11-30 10:04:05]   [emp_id: 5296] SKIPPED: Already updated today (2025-11-30 03:00:04)
[2025-11-30 10:04:05]   [emp_id: 5297] SKIPPED: Already updated today (2025-11-30 03:00:04)
[2025-11-30 10:04:05]   [emp_id: 5298] SKIPPED: Already updated today (2025-11-30 03:00:04)
[2025-11-30 10:04:05]   [emp_id: 5299] SKIPPED: Already updated today (2025-11-30 03:00:04)
[2025-11-30 10:04:05]   [emp_id: 5300] SKIPPED: Already updated today (2025-11-30 03:00:04)
[2025-11-30 10:04:05]   [emp_id: 5301] SKIPPED: Already updated today (2025-11-30 03:00:04)
[2025-11-30 10:04:05]   [emp_id: 5303] SKIPPED: Already updated today (2025-11-30 03:00:04)
[2025-11-30 10:04:05]   [emp_id: 5304] SKIPPED: Already updated today (2025-11-30 03:00:04)
[2025-11-30 10:04:05]   [emp_id: 5305] SKIPPED: Already updated today (2025-11-30 03:00:04)
[2025-11-30 10:04:05]   [emp_id: 5306] SKIPPED: Already updated today (2025-11-30 03:00:04)
[2025-11-30 10:04:05]   [emp_id: 5307] SKIPPED: Already updated today (2025-11-30 03:00:04)
[2025-11-30 10:04:05]   [emp_id: 5312] SKIPPED: Already updated today (2025-11-30 03:00:04)
[2025-11-30 10:04:05]   [emp_id: 5318] SKIPPED: Already updated today (2025-11-30 03:00:04)
[2025-11-30 10:04:05]   [emp_id: 5325] SKIPPED: Already updated today (2025-11-30 03:00:04)
[2025-11-30 10:04:05]   [emp_id: 5326] SKIPPED: Already updated today (2025-11-30 03:00:04)
[2025-11-30 10:04:05]   [emp_id: 5327] SKIPPED: Already updated today (2025-11-30 03:00:04)
[2025-11-30 10:04:05]   [emp_id: 5328] SKIPPED: Already updated today (2025-11-30 03:00:04)
[2025-11-30 10:04:05]   [emp_id: 5329] SKIPPED: Already updated today (2025-11-30 03:00:04)
[2025-11-30 10:04:05]   [emp_id: 5331] SKIPPED: Already updated today (2025-11-30 03:00:04)
[2025-11-30 10:04:05]   [emp_id: 5337] SKIPPED: Already updated today (2025-11-30 03:00:04)
[2025-11-30 10:04:05]   [emp_id: 5339] SKIPPED: Already updated today (2025-11-30 03:00:04)
[2025-11-30 10:04:05]   [emp_id: 5343] SKIPPED: Already updated today (2025-11-30 03:00:04)
[2025-11-30 10:04:05]   [emp_id: 5343] SKIPPED: Already updated today (2025-11-30 03:00:04)
[2025-11-30 10:04:05]   [emp_id: 5345] SKIPPED: Already updated today (2025-11-30 03:00:04)
[2025-11-30 10:04:05]   [emp_id: 5346] SKIPPED: Already updated today (2025-11-30 03:00:04)
[2025-11-30 10:04:05]   [emp_id: 5351] SKIPPED: Already updated today (2025-11-30 03:00:04)
[2025-11-30 10:04:05]   [emp_id: 5352] SKIPPED: Already updated today (2025-11-30 03:00:04)
[2025-11-30 10:04:05]   [emp_id: 5370] SKIPPED: Already updated today (2025-11-30 03:00:04)
[2025-11-30 10:04:05]   [emp_id: 5371] SKIPPED: Already updated today (2025-11-30 03:00:04)
[2025-11-30 10:04:05]   [emp_id: 5376] SKIPPED: Already updated today (2025-11-30 03:00:04)
[2025-11-30 10:04:05]   [emp_id: 5378] SKIPPED: Already updated today (2025-11-30 03:00:04)
[2025-11-30 10:04:05]   [emp_id: 5380] SKIPPED: Already updated today (2025-11-30 03:00:04)
[2025-11-30 10:04:05]   [emp_id: 5381] SKIPPED: Already updated today (2025-11-30 03:00:04)
[2025-11-30 10:04:05]   [emp_id: 5383] SKIPPED: Already updated today (2025-11-30 03:00:04)
[2025-11-30 10:04:05]   [emp_id: 5388] SKIPPED: Already updated today (2025-11-30 03:00:04)
[2025-11-30 10:04:05]   [emp_id: 5392] SKIPPED: Already updated today (2025-11-30 03:00:04)
[2025-11-30 10:04:05]   [emp_id: 5396] SKIPPED: Already updated today (2025-11-30 03:00:04)
[2025-11-30 10:04:05]   [emp_id: 5397] SKIPPED: Already updated today (2025-11-30 03:00:04)
[2025-11-30 10:04:05]   [emp_id: 5401] SKIPPED: Already updated today (2025-11-30 03:00:04)
[2025-11-30 10:04:05]   [emp_id: 5402] SKIPPED: Already updated today (2025-11-30 03:00:04)
[2025-11-30 10:04:05]   [emp_id: 5406] SKIPPED: Already updated today (2025-11-30 03:00:04)
[2025-11-30 10:04:05]   [emp_id: 5407] SKIPPED: Already updated today (2025-11-30 03:00:04)
[2025-11-30 10:04:05]   [emp_id: 5408] SKIPPED: Already updated today (2025-11-30 03:00:04)
[2025-11-30 10:04:05]   [emp_id: 5409] SKIPPED: Already updated today (2025-11-30 03:00:04)
[2025-11-30 10:04:05]   [emp_id: 5413] SKIPPED: Already updated today (2025-11-30 03:00:04)
[2025-11-30 10:04:05]   [emp_id: 5414] SKIPPED: Already updated today (2025-11-30 03:00:04)
[2025-11-30 10:04:05]   [emp_id: 5415] SKIPPED: Already updated today (2025-11-30 03:00:04)
[2025-11-30 10:04:05]   [emp_id: 5418] SKIPPED: Already updated today (2025-11-30 03:00:04)
[2025-11-30 10:04:05]   [emp_id: 5422] SKIPPED: Already updated today (2025-11-30 03:00:04)
[2025-11-30 10:04:05]   [emp_id: 5423] SKIPPED: Already updated today (2025-11-30 03:00:04)
[2025-11-30 10:04:05]   [emp_id: 5423] SKIPPED: Already updated today (2025-11-30 03:00:04)
[2025-11-30 10:04:05]   [emp_id: 5423] SKIPPED: Already updated today (2025-11-30 03:00:04)
[2025-11-30 10:04:05]   [emp_id: 5424] SKIPPED: Already updated today (2025-11-30 03:00:04)
[2025-11-30 10:04:05]   [emp_id: 5425] SKIPPED: Already updated today (2025-11-30 03:00:04)
[2025-11-30 10:04:05]   [emp_id: 5426] SKIPPED: Already updated today (2025-11-30 03:00:04)
[2025-11-30 10:04:05]   [emp_id: 5426] SKIPPED: Already updated today (2025-11-30 03:00:04)
[2025-11-30 10:04:05]   [emp_id: 5427] SKIPPED: Already updated today (2025-11-30 03:00:04)
[2025-11-30 10:04:05]   [emp_id: 5428] SKIPPED: Already updated today (2025-11-30 03:00:04)
[2025-11-30 10:04:05]   [emp_id: 5430] SKIPPED: Already updated today (2025-11-30 03:00:04)
[2025-11-30 10:04:05]   [emp_id: 5431] SKIPPED: Already updated today (2025-11-30 03:00:04)
[2025-11-30 10:04:05]   [emp_id: 5434] SKIPPED: Already updated today (2025-11-30 03:00:04)
[2025-11-30 10:04:05]   [emp_id: 5435] SKIPPED: Already updated today (2025-11-30 03:00:04)
[2025-11-30 10:04:05]   [emp_id: 5436] SKIPPED: Already updated today (2025-11-30 03:00:04)
[2025-11-30 10:04:05]   [emp_id: 5438] SKIPPED: Already updated today (2025-11-30 03:00:04)
[2025-11-30 10:04:05]   [emp_id: 5439] SKIPPED: Already updated today (2025-11-30 03:00:04)
[2025-11-30 10:04:05]   [emp_id: 5442] SKIPPED: Already updated today (2025-11-30 03:00:04)
[2025-11-30 10:04:05]   [emp_id: 5443] SKIPPED: Already updated today (2025-11-30 03:00:05)
[2025-11-30 10:04:05]   [emp_id: 5445] SKIPPED: Already updated today (2025-11-30 03:00:05)
[2025-11-30 10:04:05]   [emp_id: 5446] SKIPPED: Already updated today (2025-11-30 03:00:05)
[2025-11-30 10:04:05]   [emp_id: 5447] SKIPPED: Already updated today (2025-11-30 03:00:05)
[2025-11-30 10:04:05]   [emp_id: 5448] SKIPPED: Already updated today (2025-11-30 03:00:05)
[2025-11-30 10:04:05]   [emp_id: 5449] SKIPPED: Already updated today (2025-11-30 03:00:05)
[2025-11-30 10:04:05]   [emp_id: 5450] SKIPPED: Already updated today (2025-11-30 03:00:05)
[2025-11-30 10:04:05]   [emp_id: 5451] SKIPPED: Already updated today (2025-11-30 03:00:05)
[2025-11-30 10:04:05]   [emp_id: 5454] SKIPPED: Already updated today (2025-11-30 03:00:05)
[2025-11-30 10:04:05]   [emp_id: 5455] SKIPPED: Already updated today (2025-11-30 03:00:05)
[2025-11-30 10:04:05]   [emp_id: 5456] SKIPPED: Already updated today (2025-11-30 03:00:05)
[2025-11-30 10:04:05] 
[2025-11-30 10:04:05] ========== SUMMARY ==========
[2025-11-30 10:04:05] Total employees processed: 445
[2025-11-30 10:04:05] Records updated: 0
[2025-11-30 10:04:05] Balances changed: 0
[2025-11-30 10:04:05] Errors: 0
[2025-11-30 10:04:05] ========== CRON: Vacation Balance Update Completed ==========
[2025-11-30 10:04:05] 
[2025-11-30 11:30:50] ========== CRON: Vacation Balance Update Started ==========
[2025-11-30 11:30:50] Database connection established
[2025-11-30 11:30:50] Found 445 active employees with balance records to update
[2025-11-30 11:30:50] (Only employees with status=1 will be processed)
[2025-11-30 11:30:50]   [emp_id: 1061] SKIPPED: Already updated today (2025-11-30 03:00:02)
[2025-11-30 11:30:50]   [emp_id: 1496] SKIPPED: Already updated today (2025-11-30 03:00:02)
[2025-11-30 11:30:50]   [emp_id: 1500] SKIPPED: Already updated today (2025-11-30 03:00:02)
[2025-11-30 11:30:50]   [emp_id: 1574] SKIPPED: Already updated today (2025-11-30 03:00:02)
[2025-11-30 11:30:50]   [emp_id: 1673] SKIPPED: Already updated today (2025-11-30 03:00:02)
[2025-11-30 11:30:50]   [emp_id: 1685] SKIPPED: Already updated today (2025-11-30 03:00:02)
[2025-11-30 11:30:50]   [emp_id: 1764] SKIPPED: Already updated today (2025-11-30 03:00:02)
[2025-11-30 11:30:50]   [emp_id: 1805] SKIPPED: Already updated today (2025-11-30 03:00:02)
[2025-11-30 11:30:50]   [emp_id: 1822] SKIPPED: Already updated today (2025-11-30 03:00:02)
[2025-11-30 11:30:50]   [emp_id: 1837] SKIPPED: Already updated today (2025-11-30 03:00:02)
[2025-11-30 11:30:50]   [emp_id: 1857] SKIPPED: Already updated today (2025-11-30 03:00:02)
[2025-11-30 11:30:50]   [emp_id: 1861] SKIPPED: Already updated today (2025-11-30 03:00:02)
[2025-11-30 11:30:50]   [emp_id: 1872] SKIPPED: Already updated today (2025-11-30 03:00:02)
[2025-11-30 11:30:50]   [emp_id: 1897] SKIPPED: Already updated today (2025-11-30 03:00:02)
[2025-11-30 11:30:50]   [emp_id: 1916] SKIPPED: Already updated today (2025-11-30 03:00:02)
[2025-11-30 11:30:50]   [emp_id: 1928] SKIPPED: Already updated today (2025-11-30 03:00:02)
[2025-11-30 11:30:50]   [emp_id: 1931] SKIPPED: Already updated today (2025-11-30 03:00:02)
[2025-11-30 11:30:50]   [emp_id: 1944] SKIPPED: Already updated today (2025-11-30 03:00:02)
[2025-11-30 11:30:50]   [emp_id: 1996] SKIPPED: Already updated today (2025-11-30 03:00:02)
[2025-11-30 11:30:50]   [emp_id: 1997] SKIPPED: Already updated today (2025-11-30 03:00:02)
[2025-11-30 11:30:50]   [emp_id: 1998] SKIPPED: Already updated today (2025-11-30 03:00:02)
[2025-11-30 11:30:50]   [emp_id: 1999] SKIPPED: Already updated today (2025-11-30 03:00:02)
[2025-11-30 11:30:50]   [emp_id: 2009] SKIPPED: Already updated today (2025-11-30 03:00:02)
[2025-11-30 11:30:50]   [emp_id: 2048] SKIPPED: Already updated today (2025-11-30 03:00:02)
[2025-11-30 11:30:50]   [emp_id: 2057] SKIPPED: Already updated today (2025-11-30 03:00:02)
[2025-11-30 11:30:50]   [emp_id: 2079] SKIPPED: Already updated today (2025-11-30 03:00:02)
[2025-11-30 11:30:50]   [emp_id: 2181] SKIPPED: Already updated today (2025-11-30 03:00:02)
[2025-11-30 11:30:50]   [emp_id: 2190] SKIPPED: Already updated today (2025-11-30 03:00:02)
[2025-11-30 11:30:50]   [emp_id: 2212] SKIPPED: Already updated today (2025-11-30 03:00:02)
[2025-11-30 11:30:50]   [emp_id: 2226] SKIPPED: Already updated today (2025-11-30 03:00:02)
[2025-11-30 11:30:50]   [emp_id: 2238] SKIPPED: Already updated today (2025-11-30 03:00:02)
[2025-11-30 11:30:50]   [emp_id: 2285] SKIPPED: Already updated today (2025-11-30 03:00:02)
[2025-11-30 11:30:50]   [emp_id: 2287] SKIPPED: Already updated today (2025-11-30 03:00:02)
[2025-11-30 11:30:50]   [emp_id: 2288] SKIPPED: Already updated today (2025-11-30 03:00:02)
[2025-11-30 11:30:50]   [emp_id: 2290] SKIPPED: Already updated today (2025-11-30 03:00:02)
[2025-11-30 11:30:50]   [emp_id: 2316] SKIPPED: Already updated today (2025-11-30 03:00:02)
[2025-11-30 11:30:50]   [emp_id: 2337] SKIPPED: Already updated today (2025-11-30 03:00:02)
[2025-11-30 11:30:50]   [emp_id: 2352] SKIPPED: Already updated today (2025-11-30 03:00:02)
[2025-11-30 11:30:50]   [emp_id: 2358] SKIPPED: Already updated today (2025-11-30 03:00:02)
[2025-11-30 11:30:50]   [emp_id: 2361] SKIPPED: Already updated today (2025-11-30 03:00:02)
[2025-11-30 11:30:50]   [emp_id: 2363] SKIPPED: Already updated today (2025-11-30 03:00:02)
[2025-11-30 11:30:50]   [emp_id: 2364] SKIPPED: Already updated today (2025-11-30 03:00:02)
[2025-11-30 11:30:50]   [emp_id: 2367] SKIPPED: Already updated today (2025-11-30 03:00:02)
[2025-11-30 11:30:50]   [emp_id: 2368] SKIPPED: Already updated today (2025-11-30 03:00:02)
[2025-11-30 11:30:50]   [emp_id: 2372] SKIPPED: Already updated today (2025-11-30 03:00:02)
[2025-11-30 11:30:50]   [emp_id: 2376] SKIPPED: Already updated today (2025-11-30 03:00:02)
[2025-11-30 11:30:50]   [emp_id: 2423] SKIPPED: Already updated today (2025-11-30 03:00:02)
[2025-11-30 11:30:50]   [emp_id: 2519] SKIPPED: Already updated today (2025-11-30 03:00:02)
[2025-11-30 11:30:50]   [emp_id: 2522] SKIPPED: Already updated today (2025-11-30 03:00:02)
[2025-11-30 11:30:50]   [emp_id: 2530] SKIPPED: Already updated today (2025-11-30 03:00:02)
[2025-11-30 11:30:50]   [emp_id: 2539] SKIPPED: Already updated today (2025-11-30 03:00:02)
[2025-11-30 11:30:50]   [emp_id: 2541] SKIPPED: Already updated today (2025-11-30 03:00:02)
[2025-11-30 11:30:50]   [emp_id: 2550] SKIPPED: Already updated today (2025-11-30 03:00:02)
[2025-11-30 11:30:50]   [emp_id: 2553] SKIPPED: Already updated today (2025-11-30 03:00:02)
[2025-11-30 11:30:50]   [emp_id: 2554] SKIPPED: Already updated today (2025-11-30 03:00:02)
[2025-11-30 11:30:50]   [emp_id: 2565] SKIPPED: Already updated today (2025-11-30 03:00:02)
[2025-11-30 11:30:50]   [emp_id: 2572] SKIPPED: Already updated today (2025-11-30 03:00:02)
[2025-11-30 11:30:50]   [emp_id: 2637] SKIPPED: Already updated today (2025-11-30 03:00:02)
[2025-11-30 11:30:50]   [emp_id: 2642] SKIPPED: Already updated today (2025-11-30 03:00:02)
[2025-11-30 11:30:50]   [emp_id: 2645] SKIPPED: Already updated today (2025-11-30 03:00:02)
[2025-11-30 11:30:50]   [emp_id: 2648] SKIPPED: Already updated today (2025-11-30 03:00:02)
[2025-11-30 11:30:50]   [emp_id: 2654] SKIPPED: Already updated today (2025-11-30 03:00:02)
[2025-11-30 11:30:50]   [emp_id: 2688] SKIPPED: Already updated today (2025-11-30 03:00:02)
[2025-11-30 11:30:50]   [emp_id: 2690] SKIPPED: Already updated today (2025-11-30 03:00:02)
[2025-11-30 11:30:50]   [emp_id: 2709] SKIPPED: Already updated today (2025-11-30 03:00:02)
[2025-11-30 11:30:50]   [emp_id: 2745] SKIPPED: Already updated today (2025-11-30 03:00:02)
[2025-11-30 11:30:50]   [emp_id: 2843] SKIPPED: Already updated today (2025-11-30 03:00:02)
[2025-11-30 11:30:50]   [emp_id: 2854] SKIPPED: Already updated today (2025-11-30 03:00:02)
[2025-11-30 11:30:50]   [emp_id: 2869] SKIPPED: Already updated today (2025-11-30 03:00:02)
[2025-11-30 11:30:50]   [emp_id: 2876] SKIPPED: Already updated today (2025-11-30 03:00:02)
[2025-11-30 11:30:50]   [emp_id: 2924] SKIPPED: Already updated today (2025-11-30 03:00:02)
[2025-11-30 11:30:50]   [emp_id: 2953] SKIPPED: Already updated today (2025-11-30 03:00:02)
[2025-11-30 11:30:50]   [emp_id: 2961] SKIPPED: Already updated today (2025-11-30 03:00:02)
[2025-11-30 11:30:50]   [emp_id: 2975] SKIPPED: Already updated today (2025-11-30 03:00:02)
[2025-11-30 11:30:50]   [emp_id: 3013] SKIPPED: Already updated today (2025-11-30 03:00:02)
[2025-11-30 11:30:50]   [emp_id: 3014] SKIPPED: Already updated today (2025-11-30 03:00:02)
[2025-11-30 11:30:50]   [emp_id: 3015] SKIPPED: Already updated today (2025-11-30 03:00:02)
[2025-11-30 11:30:50]   [emp_id: 3018] SKIPPED: Already updated today (2025-11-30 03:00:02)
[2025-11-30 11:30:50]   [emp_id: 3025] SKIPPED: Already updated today (2025-11-30 03:00:02)
[2025-11-30 11:30:50]   [emp_id: 3037] SKIPPED: Already updated today (2025-11-30 03:00:02)
[2025-11-30 11:30:50]   [emp_id: 3047] SKIPPED: Already updated today (2025-11-30 03:00:02)
[2025-11-30 11:30:50]   [emp_id: 3061] SKIPPED: Already updated today (2025-11-30 03:00:02)
[2025-11-30 11:30:50]   [emp_id: 3062] SKIPPED: Already updated today (2025-11-30 03:00:02)
[2025-11-30 11:30:50]   [emp_id: 3074] SKIPPED: Already updated today (2025-11-30 03:00:02)
[2025-11-30 11:30:50]   [emp_id: 3089] SKIPPED: Already updated today (2025-11-30 03:00:02)
[2025-11-30 11:30:50]   [emp_id: 3090] SKIPPED: Already updated today (2025-11-30 03:00:02)
[2025-11-30 11:30:50]   [emp_id: 3091] SKIPPED: Already updated today (2025-11-30 03:00:02)
[2025-11-30 11:30:50]   [emp_id: 3092] SKIPPED: Already updated today (2025-11-30 03:00:02)
[2025-11-30 11:30:50]   [emp_id: 3105] SKIPPED: Already updated today (2025-11-30 03:00:02)
[2025-11-30 11:30:50]   [emp_id: 3134] SKIPPED: Already updated today (2025-11-30 03:00:02)
[2025-11-30 11:30:50]   [emp_id: 3140] SKIPPED: Already updated today (2025-11-30 03:00:02)
[2025-11-30 11:30:50]   [emp_id: 3144] SKIPPED: Already updated today (2025-11-30 03:00:02)
[2025-11-30 11:30:50]   [emp_id: 3156] SKIPPED: Already updated today (2025-11-30 03:00:02)
[2025-11-30 11:30:50]   [emp_id: 3162] SKIPPED: Already updated today (2025-11-30 03:00:02)
[2025-11-30 11:30:50]   [emp_id: 3163] SKIPPED: Already updated today (2025-11-30 03:00:02)
[2025-11-30 11:30:50]   [emp_id: 3198] SKIPPED: Already updated today (2025-11-30 03:00:02)
[2025-11-30 11:30:50]   [emp_id: 3205] SKIPPED: Already updated today (2025-11-30 03:00:02)
[2025-11-30 11:30:50]   [emp_id: 3209] SKIPPED: Already updated today (2025-11-30 03:00:02)
[2025-11-30 11:30:50]   [emp_id: 3223] SKIPPED: Already updated today (2025-11-30 03:00:02)
[2025-11-30 11:30:50]   [emp_id: 3224] SKIPPED: Already updated today (2025-11-30 03:00:02)
[2025-11-30 11:30:50]   [emp_id: 3230] SKIPPED: Already updated today (2025-11-30 03:00:02)
[2025-11-30 11:30:50]   [emp_id: 3231] SKIPPED: Already updated today (2025-11-30 03:00:02)
[2025-11-30 11:30:50]   [emp_id: 3233] SKIPPED: Already updated today (2025-11-30 03:00:02)
[2025-11-30 11:30:50]   [emp_id: 3249] SKIPPED: Already updated today (2025-11-30 03:00:02)
[2025-11-30 11:30:50]   [emp_id: 3250] SKIPPED: Already updated today (2025-11-30 03:00:02)
[2025-11-30 11:30:50]   [emp_id: 3252] SKIPPED: Already updated today (2025-11-30 03:00:02)
[2025-11-30 11:30:50]   [emp_id: 3254] SKIPPED: Already updated today (2025-11-30 03:00:02)
[2025-11-30 11:30:50]   [emp_id: 3255] SKIPPED: Already updated today (2025-11-30 03:00:02)
[2025-11-30 11:30:50]   [emp_id: 3256] SKIPPED: Already updated today (2025-11-30 03:00:02)
[2025-11-30 11:30:50]   [emp_id: 3263] SKIPPED: Already updated today (2025-11-30 03:00:02)
[2025-11-30 11:30:50]   [emp_id: 3265] SKIPPED: Already updated today (2025-11-30 03:00:02)
[2025-11-30 11:30:50]   [emp_id: 3280] SKIPPED: Already updated today (2025-11-30 03:00:02)
[2025-11-30 11:30:50]   [emp_id: 3286] SKIPPED: Already updated today (2025-11-30 03:00:02)
[2025-11-30 11:30:50]   [emp_id: 3294] SKIPPED: Already updated today (2025-11-30 03:00:02)
[2025-11-30 11:30:50]   [emp_id: 3321] SKIPPED: Already updated today (2025-11-30 03:00:02)
[2025-11-30 11:30:50]   [emp_id: 3325] SKIPPED: Already updated today (2025-11-30 03:00:02)
[2025-11-30 11:30:50]   [emp_id: 3329] SKIPPED: Already updated today (2025-11-30 03:00:02)
[2025-11-30 11:30:50]   [emp_id: 3330] SKIPPED: Already updated today (2025-11-30 03:00:02)
[2025-11-30 11:30:50]   [emp_id: 3332] SKIPPED: Already updated today (2025-11-30 03:00:02)
[2025-11-30 11:30:50]   [emp_id: 3370] SKIPPED: Already updated today (2025-11-30 03:00:02)
[2025-11-30 11:30:50]   [emp_id: 3384] SKIPPED: Already updated today (2025-11-30 03:00:02)
[2025-11-30 11:30:50]   [emp_id: 3386] SKIPPED: Already updated today (2025-11-30 03:00:02)
[2025-11-30 11:30:50]   [emp_id: 3431] SKIPPED: Already updated today (2025-11-30 03:00:02)
[2025-11-30 11:30:50]   [emp_id: 3497] SKIPPED: Already updated today (2025-11-30 03:00:02)
[2025-11-30 11:30:50]   [emp_id: 3532] SKIPPED: Already updated today (2025-11-30 03:00:02)
[2025-11-30 11:30:50]   [emp_id: 3586] SKIPPED: Already updated today (2025-11-30 03:00:02)
[2025-11-30 11:30:50]   [emp_id: 3602] SKIPPED: Already updated today (2025-11-30 03:00:03)
[2025-11-30 11:30:50]   [emp_id: 3618] SKIPPED: Already updated today (2025-11-30 03:00:03)
[2025-11-30 11:30:50]   [emp_id: 3622] SKIPPED: Already updated today (2025-11-30 03:00:03)
[2025-11-30 11:30:50]   [emp_id: 3627] SKIPPED: Already updated today (2025-11-30 03:00:03)
[2025-11-30 11:30:50]   [emp_id: 3665] SKIPPED: Already updated today (2025-11-30 03:00:03)
[2025-11-30 11:30:50]   [emp_id: 3705] SKIPPED: Already updated today (2025-11-30 03:00:03)
[2025-11-30 11:30:50]   [emp_id: 3724] SKIPPED: Already updated today (2025-11-30 03:00:03)
[2025-11-30 11:30:50]   [emp_id: 3726] SKIPPED: Already updated today (2025-11-30 03:00:03)
[2025-11-30 11:30:50]   [emp_id: 3727] SKIPPED: Already updated today (2025-11-30 03:00:03)
[2025-11-30 11:30:50]   [emp_id: 3728] SKIPPED: Already updated today (2025-11-30 03:00:03)
[2025-11-30 11:30:50]   [emp_id: 3742] SKIPPED: Already updated today (2025-11-30 03:00:03)
[2025-11-30 11:30:50]   [emp_id: 3767] SKIPPED: Already updated today (2025-11-30 03:00:03)
[2025-11-30 11:30:50]   [emp_id: 3768] SKIPPED: Already updated today (2025-11-30 03:00:03)
[2025-11-30 11:30:50]   [emp_id: 3787] SKIPPED: Already updated today (2025-11-30 03:00:03)
[2025-11-30 11:30:50]   [emp_id: 3790] SKIPPED: Already updated today (2025-11-30 03:00:03)
[2025-11-30 11:30:50]   [emp_id: 3795] SKIPPED: Already updated today (2025-11-30 03:00:03)
[2025-11-30 11:30:50]   [emp_id: 3798] SKIPPED: Already updated today (2025-11-30 03:00:03)
[2025-11-30 11:30:50]   [emp_id: 3801] SKIPPED: Already updated today (2025-11-30 03:00:03)
[2025-11-30 11:30:50]   [emp_id: 3802] SKIPPED: Already updated today (2025-11-30 03:00:03)
[2025-11-30 11:30:50]   [emp_id: 3803] SKIPPED: Already updated today (2025-11-30 03:00:03)
[2025-11-30 11:30:50]   [emp_id: 3810] SKIPPED: Already updated today (2025-11-30 03:00:03)
[2025-11-30 11:30:50]   [emp_id: 3812] SKIPPED: Already updated today (2025-11-30 03:00:03)
[2025-11-30 11:30:50]   [emp_id: 3815] SKIPPED: Already updated today (2025-11-30 03:00:03)
[2025-11-30 11:30:50]   [emp_id: 3836] SKIPPED: Already updated today (2025-11-30 03:00:03)
[2025-11-30 11:30:50]   [emp_id: 3855] SKIPPED: Already updated today (2025-11-30 03:00:03)
[2025-11-30 11:30:50]   [emp_id: 3857] SKIPPED: Already updated today (2025-11-30 03:00:03)
[2025-11-30 11:30:50]   [emp_id: 3862] SKIPPED: Already updated today (2025-11-30 03:00:03)
[2025-11-30 11:30:50]   [emp_id: 3866] SKIPPED: Already updated today (2025-11-30 03:00:03)
[2025-11-30 11:30:50]   [emp_id: 3876] SKIPPED: Already updated today (2025-11-30 03:00:03)
[2025-11-30 11:30:50]   [emp_id: 3877] SKIPPED: Already updated today (2025-11-30 03:00:03)
[2025-11-30 11:30:50]   [emp_id: 3897] SKIPPED: Already updated today (2025-11-30 03:00:03)
[2025-11-30 11:30:50]   [emp_id: 3899] SKIPPED: Already updated today (2025-11-30 03:00:03)
[2025-11-30 11:30:50]   [emp_id: 3928] SKIPPED: Already updated today (2025-11-30 03:00:03)
[2025-11-30 11:30:50]   [emp_id: 3929] SKIPPED: Already updated today (2025-11-30 03:00:03)
[2025-11-30 11:30:50]   [emp_id: 3935] SKIPPED: Already updated today (2025-11-30 03:00:03)
[2025-11-30 11:30:50]   [emp_id: 3952] SKIPPED: Already updated today (2025-11-30 03:00:03)
[2025-11-30 11:30:50]   [emp_id: 3987] SKIPPED: Already updated today (2025-11-30 03:00:03)
[2025-11-30 11:30:50]   [emp_id: 4059] SKIPPED: Already updated today (2025-11-30 03:00:03)
[2025-11-30 11:30:50]   [emp_id: 4119] SKIPPED: Already updated today (2025-11-30 03:00:03)
[2025-11-30 11:30:50]   [emp_id: 4120] SKIPPED: Already updated today (2025-11-30 03:00:03)
[2025-11-30 11:30:50]   [emp_id: 4124] SKIPPED: Already updated today (2025-11-30 03:00:03)
[2025-11-30 11:30:50]   [emp_id: 4133] SKIPPED: Already updated today (2025-11-30 03:00:03)
[2025-11-30 11:30:50]   [emp_id: 4134] SKIPPED: Already updated today (2025-11-30 03:00:03)
[2025-11-30 11:30:50]   [emp_id: 4136] SKIPPED: Already updated today (2025-11-30 03:00:03)
[2025-11-30 11:30:50]   [emp_id: 4150] SKIPPED: Already updated today (2025-11-30 03:00:03)
[2025-11-30 11:30:50]   [emp_id: 4157] SKIPPED: Already updated today (2025-11-30 03:00:03)
[2025-11-30 11:30:50]   [emp_id: 4172] SKIPPED: Already updated today (2025-11-30 03:00:03)
[2025-11-30 11:30:50]   [emp_id: 4195] SKIPPED: Already updated today (2025-11-30 03:00:03)
[2025-11-30 11:30:50]   [emp_id: 4215] SKIPPED: Already updated today (2025-11-30 03:00:03)
[2025-11-30 11:30:50]   [emp_id: 4220] SKIPPED: Already updated today (2025-11-30 03:00:03)
[2025-11-30 11:30:50]   [emp_id: 4273] SKIPPED: Already updated today (2025-11-30 03:00:03)
[2025-11-30 11:30:50]   [emp_id: 4283] SKIPPED: Already updated today (2025-11-30 03:00:03)
[2025-11-30 11:30:50]   [emp_id: 4288] SKIPPED: Already updated today (2025-11-30 03:00:03)
[2025-11-30 11:30:50]   [emp_id: 4315] SKIPPED: Already updated today (2025-11-30 03:00:03)
[2025-11-30 11:30:50]   [emp_id: 4328] SKIPPED: Already updated today (2025-11-30 03:00:03)
[2025-11-30 11:30:50]   [emp_id: 4329] SKIPPED: Already updated today (2025-11-30 03:00:03)
[2025-11-30 11:30:50]   [emp_id: 4338] SKIPPED: Already updated today (2025-11-30 03:00:03)
[2025-11-30 11:30:50]   [emp_id: 4340] SKIPPED: Already updated today (2025-11-30 03:00:03)
[2025-11-30 11:30:50]   [emp_id: 4365] SKIPPED: Already updated today (2025-11-30 03:00:03)
[2025-11-30 11:30:50]   [emp_id: 4366] SKIPPED: Already updated today (2025-11-30 03:00:03)
[2025-11-30 11:30:50]   [emp_id: 4385] SKIPPED: Already updated today (2025-11-30 03:00:03)
[2025-11-30 11:30:50]   [emp_id: 4403] SKIPPED: Already updated today (2025-11-30 03:00:03)
[2025-11-30 11:30:50]   [emp_id: 4438] SKIPPED: Already updated today (2025-11-30 03:00:03)
[2025-11-30 11:30:50]   [emp_id: 4465] SKIPPED: Already updated today (2025-11-30 03:00:03)
[2025-11-30 11:30:50]   [emp_id: 4473] SKIPPED: Already updated today (2025-11-30 03:00:03)
[2025-11-30 11:30:50]   [emp_id: 4474] SKIPPED: Already updated today (2025-11-30 03:00:03)
[2025-11-30 11:30:50]   [emp_id: 4493] SKIPPED: Already updated today (2025-11-30 03:00:03)
[2025-11-30 11:30:50]   [emp_id: 4526] SKIPPED: Already updated today (2025-11-30 03:00:03)
[2025-11-30 11:30:50]   [emp_id: 4528] SKIPPED: Already updated today (2025-11-30 03:00:03)
[2025-11-30 11:30:50]   [emp_id: 4528] SKIPPED: Already updated today (2025-11-30 03:00:03)
[2025-11-30 11:30:50]   [emp_id: 4532] SKIPPED: Already updated today (2025-11-30 03:00:03)
[2025-11-30 11:30:50]   [emp_id: 4533] SKIPPED: Already updated today (2025-11-30 03:00:03)
[2025-11-30 11:30:50]   [emp_id: 4564] SKIPPED: Already updated today (2025-11-30 03:00:03)
[2025-11-30 11:30:50]   [emp_id: 4565] SKIPPED: Already updated today (2025-11-30 03:00:03)
[2025-11-30 11:30:50]   [emp_id: 4567] SKIPPED: Already updated today (2025-11-30 03:00:03)
[2025-11-30 11:30:50]   [emp_id: 4572] SKIPPED: Already updated today (2025-11-30 03:00:03)
[2025-11-30 11:30:50]   [emp_id: 4631] SKIPPED: Already updated today (2025-11-30 03:00:03)
[2025-11-30 11:30:50]   [emp_id: 4655] SKIPPED: Already updated today (2025-11-30 03:00:03)
[2025-11-30 11:30:50]   [emp_id: 4689] SKIPPED: Already updated today (2025-11-30 03:00:03)
[2025-11-30 11:30:50]   [emp_id: 4709] SKIPPED: Already updated today (2025-11-30 03:00:03)
[2025-11-30 11:30:50]   [emp_id: 4717] SKIPPED: Already updated today (2025-11-30 03:00:03)
[2025-11-30 11:30:50]   [emp_id: 4736] SKIPPED: Already updated today (2025-11-30 03:00:03)
[2025-11-30 11:30:50]   [emp_id: 4756] SKIPPED: Already updated today (2025-11-30 03:00:03)
[2025-11-30 11:30:50]   [emp_id: 4768] SKIPPED: Already updated today (2025-11-30 03:00:03)
[2025-11-30 11:30:50]   [emp_id: 4780] SKIPPED: Already updated today (2025-11-30 03:00:03)
[2025-11-30 11:30:50]   [emp_id: 4820] SKIPPED: Already updated today (2025-11-30 03:00:03)
[2025-11-30 11:30:50]   [emp_id: 4825] SKIPPED: Already updated today (2025-11-30 03:00:03)
[2025-11-30 11:30:50]   [emp_id: 4835] SKIPPED: Already updated today (2025-11-30 03:00:03)
[2025-11-30 11:30:50]   [emp_id: 4837] SKIPPED: Already updated today (2025-11-30 03:00:03)
[2025-11-30 11:30:50]   [emp_id: 4838] SKIPPED: Already updated today (2025-11-30 03:00:03)
[2025-11-30 11:30:50]   [emp_id: 4840] SKIPPED: Already updated today (2025-11-30 03:00:03)
[2025-11-30 11:30:50]   [emp_id: 4842] SKIPPED: Already updated today (2025-11-30 03:00:03)
[2025-11-30 11:30:50]   [emp_id: 4843] SKIPPED: Already updated today (2025-11-30 03:00:03)
[2025-11-30 11:30:50]   [emp_id: 4853] SKIPPED: Already updated today (2025-11-30 03:00:03)
[2025-11-30 11:30:50]   [emp_id: 4856] SKIPPED: Already updated today (2025-11-30 03:00:03)
[2025-11-30 11:30:50]   [emp_id: 4857] SKIPPED: Already updated today (2025-11-30 03:00:03)
[2025-11-30 11:30:50]   [emp_id: 4858] SKIPPED: Already updated today (2025-11-30 03:00:03)
[2025-11-30 11:30:50]   [emp_id: 4859] SKIPPED: Already updated today (2025-11-30 03:00:03)
[2025-11-30 11:30:50]   [emp_id: 4860] SKIPPED: Already updated today (2025-11-30 03:00:03)
[2025-11-30 11:30:50]   [emp_id: 4861] SKIPPED: Already updated today (2025-11-30 03:00:03)
[2025-11-30 11:30:50]   [emp_id: 4869] SKIPPED: Already updated today (2025-11-30 03:00:03)
[2025-11-30 11:30:50]   [emp_id: 4894] SKIPPED: Already updated today (2025-11-30 03:00:03)
[2025-11-30 11:30:50]   [emp_id: 4897] SKIPPED: Already updated today (2025-11-30 03:00:03)
[2025-11-30 11:30:50]   [emp_id: 4899] SKIPPED: Already updated today (2025-11-30 03:00:03)
[2025-11-30 11:30:50]   [emp_id: 4902] SKIPPED: Already updated today (2025-11-30 03:00:03)
[2025-11-30 11:30:50]   [emp_id: 4903] SKIPPED: Already updated today (2025-11-30 03:00:03)
[2025-11-30 11:30:50]   [emp_id: 4905] SKIPPED: Already updated today (2025-11-30 03:00:03)
[2025-11-30 11:30:50]   [emp_id: 4907] SKIPPED: Already updated today (2025-11-30 03:00:03)
[2025-11-30 11:30:50]   [emp_id: 4917] SKIPPED: Already updated today (2025-11-30 03:00:03)
[2025-11-30 11:30:50]   [emp_id: 4918] SKIPPED: Already updated today (2025-11-30 03:00:03)
[2025-11-30 11:30:50]   [emp_id: 4919] SKIPPED: Already updated today (2025-11-30 03:00:03)
[2025-11-30 11:30:50]   [emp_id: 4920] SKIPPED: Already updated today (2025-11-30 03:00:03)
[2025-11-30 11:30:50]   [emp_id: 4921] SKIPPED: Already updated today (2025-11-30 03:00:03)
[2025-11-30 11:30:50]   [emp_id: 4927] SKIPPED: Already updated today (2025-11-30 03:00:03)
[2025-11-30 11:30:50]   [emp_id: 4929] SKIPPED: Already updated today (2025-11-30 03:00:03)
[2025-11-30 11:30:50]   [emp_id: 4930] SKIPPED: Already updated today (2025-11-30 03:00:03)
[2025-11-30 11:30:50]   [emp_id: 4932] SKIPPED: Already updated today (2025-11-30 03:00:03)
[2025-11-30 11:30:50]   [emp_id: 4933] SKIPPED: Already updated today (2025-11-30 03:00:03)
[2025-11-30 11:30:50]   [emp_id: 4949] SKIPPED: Already updated today (2025-11-30 03:00:03)
[2025-11-30 11:30:50]   [emp_id: 4956] SKIPPED: Already updated today (2025-11-30 03:00:03)
[2025-11-30 11:30:50]   [emp_id: 4957] SKIPPED: Already updated today (2025-11-30 03:00:03)
[2025-11-30 11:30:50]   [emp_id: 4962] SKIPPED: Already updated today (2025-11-30 03:00:03)
[2025-11-30 11:30:50]   [emp_id: 4969] SKIPPED: Already updated today (2025-11-30 03:00:03)
[2025-11-30 11:30:50]   [emp_id: 4976] SKIPPED: Already updated today (2025-11-30 03:00:03)
[2025-11-30 11:30:50]   [emp_id: 4984] SKIPPED: Already updated today (2025-11-30 03:00:03)
[2025-11-30 11:30:50]   [emp_id: 4995] SKIPPED: Already updated today (2025-11-30 03:00:03)
[2025-11-30 11:30:50]   [emp_id: 5004] SKIPPED: Already updated today (2025-11-30 03:00:03)
[2025-11-30 11:30:50]   [emp_id: 5006] SKIPPED: Already updated today (2025-11-30 03:00:03)
[2025-11-30 11:30:50]   [emp_id: 5011] SKIPPED: Already updated today (2025-11-30 03:00:03)
[2025-11-30 11:30:50]   [emp_id: 5013] SKIPPED: Already updated today (2025-11-30 03:00:03)
[2025-11-30 11:30:50]   [emp_id: 5018] SKIPPED: Already updated today (2025-11-30 03:00:03)
[2025-11-30 11:30:50]   [emp_id: 5021] SKIPPED: Already updated today (2025-11-30 03:00:03)
[2025-11-30 11:30:50]   [emp_id: 5021] SKIPPED: Already updated today (2025-11-30 03:00:03)
[2025-11-30 11:30:50]   [emp_id: 5024] SKIPPED: Already updated today (2025-11-30 03:00:03)
[2025-11-30 11:30:50]   [emp_id: 5029] SKIPPED: Already updated today (2025-11-30 03:00:03)
[2025-11-30 11:30:50]   [emp_id: 5030] SKIPPED: Already updated today (2025-11-30 03:00:03)
[2025-11-30 11:30:50]   [emp_id: 5033] SKIPPED: Already updated today (2025-11-30 03:00:03)
[2025-11-30 11:30:50]   [emp_id: 5043] SKIPPED: Already updated today (2025-11-30 03:00:03)
[2025-11-30 11:30:50]   [emp_id: 5045] SKIPPED: Already updated today (2025-11-30 03:00:03)
[2025-11-30 11:30:50]   [emp_id: 5046] SKIPPED: Already updated today (2025-11-30 03:00:03)
[2025-11-30 11:30:50]   [emp_id: 5049] SKIPPED: Already updated today (2025-11-30 03:00:03)
[2025-11-30 11:30:50]   [emp_id: 5052] SKIPPED: Already updated today (2025-11-30 03:00:03)
[2025-11-30 11:30:50]   [emp_id: 5055] SKIPPED: Already updated today (2025-11-30 03:00:03)
[2025-11-30 11:30:50]   [emp_id: 5058] SKIPPED: Already updated today (2025-11-30 03:00:03)
[2025-11-30 11:30:50]   [emp_id: 5062] SKIPPED: Already updated today (2025-11-30 03:00:03)
[2025-11-30 11:30:50]   [emp_id: 5064] SKIPPED: Already updated today (2025-11-30 03:00:03)
[2025-11-30 11:30:50]   [emp_id: 5065] SKIPPED: Already updated today (2025-11-30 03:00:03)
[2025-11-30 11:30:50]   [emp_id: 5071] SKIPPED: Already updated today (2025-11-30 03:00:03)
[2025-11-30 11:30:50]   [emp_id: 5073] SKIPPED: Already updated today (2025-11-30 03:00:03)
[2025-11-30 11:30:50]   [emp_id: 5079] SKIPPED: Already updated today (2025-11-30 03:00:03)
[2025-11-30 11:30:50]   [emp_id: 5080] SKIPPED: Already updated today (2025-11-30 03:00:03)
[2025-11-30 11:30:50]   [emp_id: 5081] SKIPPED: Already updated today (2025-11-30 03:00:03)
[2025-11-30 11:30:50]   [emp_id: 5087] SKIPPED: Already updated today (2025-11-30 03:00:03)
[2025-11-30 11:30:50]   [emp_id: 5091] SKIPPED: Already updated today (2025-11-30 03:00:03)
[2025-11-30 11:30:50]   [emp_id: 5093] SKIPPED: Already updated today (2025-11-30 03:00:03)
[2025-11-30 11:30:50]   [emp_id: 5095] SKIPPED: Already updated today (2025-11-30 03:00:04)
[2025-11-30 11:30:50]   [emp_id: 5101] SKIPPED: Already updated today (2025-11-30 03:00:04)
[2025-11-30 11:30:50]   [emp_id: 5107] SKIPPED: Already updated today (2025-11-30 03:00:04)
[2025-11-30 11:30:50]   [emp_id: 5109] SKIPPED: Already updated today (2025-11-30 03:00:04)
[2025-11-30 11:30:50]   [emp_id: 5119] SKIPPED: Already updated today (2025-11-30 03:00:04)
[2025-11-30 11:30:50]   [emp_id: 5122] SKIPPED: Already updated today (2025-11-30 03:00:04)
[2025-11-30 11:30:50]   [emp_id: 5126] SKIPPED: Already updated today (2025-11-30 03:00:04)
[2025-11-30 11:30:50]   [emp_id: 5127] SKIPPED: Already updated today (2025-11-30 03:00:04)
[2025-11-30 11:30:50]   [emp_id: 5128] SKIPPED: Already updated today (2025-11-30 03:00:04)
[2025-11-30 11:30:50]   [emp_id: 5138] SKIPPED: Already updated today (2025-11-30 03:00:04)
[2025-11-30 11:30:50]   [emp_id: 5138] SKIPPED: Already updated today (2025-11-30 03:00:04)
[2025-11-30 11:30:50]   [emp_id: 5141] SKIPPED: Already updated today (2025-11-30 03:00:04)
[2025-11-30 11:30:50]   [emp_id: 5142] SKIPPED: Already updated today (2025-11-30 03:00:04)
[2025-11-30 11:30:50]   [emp_id: 5146] SKIPPED: Already updated today (2025-11-30 03:00:04)
[2025-11-30 11:30:50]   [emp_id: 5147] SKIPPED: Already updated today (2025-11-30 03:00:04)
[2025-11-30 11:30:50]   [emp_id: 5148] SKIPPED: Already updated today (2025-11-30 03:00:04)
[2025-11-30 11:30:50]   [emp_id: 5149] SKIPPED: Already updated today (2025-11-30 03:00:04)
[2025-11-30 11:30:50]   [emp_id: 5150] SKIPPED: Already updated today (2025-11-30 03:00:04)
[2025-11-30 11:30:50]   [emp_id: 5151] SKIPPED: Already updated today (2025-11-30 03:00:04)
[2025-11-30 11:30:50]   [emp_id: 5152] SKIPPED: Already updated today (2025-11-30 03:00:04)
[2025-11-30 11:30:50]   [emp_id: 5157] SKIPPED: Already updated today (2025-11-30 03:00:04)
[2025-11-30 11:30:50]   [emp_id: 5160] SKIPPED: Already updated today (2025-11-30 03:00:04)
[2025-11-30 11:30:50]   [emp_id: 5163] SKIPPED: Already updated today (2025-11-30 03:00:04)
[2025-11-30 11:30:50]   [emp_id: 5165] SKIPPED: Already updated today (2025-11-30 03:00:04)
[2025-11-30 11:30:50]   [emp_id: 5167] SKIPPED: Already updated today (2025-11-30 03:00:04)
[2025-11-30 11:30:50]   [emp_id: 5168] SKIPPED: Already updated today (2025-11-30 03:00:04)
[2025-11-30 11:30:50]   [emp_id: 5173] SKIPPED: Already updated today (2025-11-30 03:00:04)
[2025-11-30 11:30:50]   [emp_id: 5174] SKIPPED: Already updated today (2025-11-30 03:00:04)
[2025-11-30 11:30:50]   [emp_id: 5181] SKIPPED: Already updated today (2025-11-30 03:00:04)
[2025-11-30 11:30:50]   [emp_id: 5186] SKIPPED: Already updated today (2025-11-30 03:00:04)
[2025-11-30 11:30:50]   [emp_id: 5187] SKIPPED: Already updated today (2025-11-30 03:00:04)
[2025-11-30 11:30:50]   [emp_id: 5204] SKIPPED: Already updated today (2025-11-30 03:00:04)
[2025-11-30 11:30:50]   [emp_id: 5205] SKIPPED: Already updated today (2025-11-30 03:00:04)
[2025-11-30 11:30:50]   [emp_id: 5209] SKIPPED: Already updated today (2025-11-30 03:00:04)
[2025-11-30 11:30:50]   [emp_id: 5211] SKIPPED: Already updated today (2025-11-30 03:00:04)
[2025-11-30 11:30:50]   [emp_id: 5213] SKIPPED: Already updated today (2025-11-30 03:00:04)
[2025-11-30 11:30:50]   [emp_id: 5214] SKIPPED: Already updated today (2025-11-30 03:00:04)
[2025-11-30 11:30:50]   [emp_id: 5215] SKIPPED: Already updated today (2025-11-30 03:00:04)
[2025-11-30 11:30:50]   [emp_id: 5217] SKIPPED: Already updated today (2025-11-30 03:00:04)
[2025-11-30 11:30:50]   [emp_id: 5218] SKIPPED: Already updated today (2025-11-30 03:00:04)
[2025-11-30 11:30:50]   [emp_id: 5219] SKIPPED: Already updated today (2025-11-30 03:00:04)
[2025-11-30 11:30:50]   [emp_id: 5221] SKIPPED: Already updated today (2025-11-30 03:00:04)
[2025-11-30 11:30:50]   [emp_id: 5224] SKIPPED: Already updated today (2025-11-30 03:00:04)
[2025-11-30 11:30:50]   [emp_id: 5225] SKIPPED: Already updated today (2025-11-30 03:00:04)
[2025-11-30 11:30:50]   [emp_id: 5228] SKIPPED: Already updated today (2025-11-30 03:00:04)
[2025-11-30 11:30:50]   [emp_id: 5229] SKIPPED: Already updated today (2025-11-30 03:00:04)
[2025-11-30 11:30:50]   [emp_id: 5230] SKIPPED: Already updated today (2025-11-30 03:00:04)
[2025-11-30 11:30:50]   [emp_id: 5231] SKIPPED: Already updated today (2025-11-30 03:00:04)
[2025-11-30 11:30:50]   [emp_id: 5232] SKIPPED: Already updated today (2025-11-30 03:00:04)
[2025-11-30 11:30:50]   [emp_id: 5233] SKIPPED: Already updated today (2025-11-30 03:00:04)
[2025-11-30 11:30:50]   [emp_id: 5234] SKIPPED: Already updated today (2025-11-30 03:00:04)
[2025-11-30 11:30:50]   [emp_id: 5235] SKIPPED: Already updated today (2025-11-30 03:00:04)
[2025-11-30 11:30:50]   [emp_id: 5237] SKIPPED: Already updated today (2025-11-30 03:00:04)
[2025-11-30 11:30:50]   [emp_id: 5238] SKIPPED: Already updated today (2025-11-30 03:00:04)
[2025-11-30 11:30:50]   [emp_id: 5239] SKIPPED: Already updated today (2025-11-30 03:00:04)
[2025-11-30 11:30:50]   [emp_id: 5241] SKIPPED: Already updated today (2025-11-30 03:00:04)
[2025-11-30 11:30:50]   [emp_id: 5242] SKIPPED: Already updated today (2025-11-30 03:00:04)
[2025-11-30 11:30:50]   [emp_id: 5243] SKIPPED: Already updated today (2025-11-30 03:00:04)
[2025-11-30 11:30:50]   [emp_id: 5244] SKIPPED: Already updated today (2025-11-30 03:00:04)
[2025-11-30 11:30:50]   [emp_id: 5246] SKIPPED: Already updated today (2025-11-30 03:00:04)
[2025-11-30 11:30:50]   [emp_id: 5253] SKIPPED: Already updated today (2025-11-30 03:00:04)
[2025-11-30 11:30:50]   [emp_id: 5254] SKIPPED: Already updated today (2025-11-30 03:00:04)
[2025-11-30 11:30:50]   [emp_id: 5257] SKIPPED: Already updated today (2025-11-30 03:00:04)
[2025-11-30 11:30:50]   [emp_id: 5259] SKIPPED: Already updated today (2025-11-30 03:00:04)
[2025-11-30 11:30:50]   [emp_id: 5261] SKIPPED: Already updated today (2025-11-30 03:00:04)
[2025-11-30 11:30:50]   [emp_id: 5264] SKIPPED: Already updated today (2025-11-30 03:00:04)
[2025-11-30 11:30:50]   [emp_id: 5266] SKIPPED: Already updated today (2025-11-30 03:00:04)
[2025-11-30 11:30:50]   [emp_id: 5268] SKIPPED: Already updated today (2025-11-30 03:00:04)
[2025-11-30 11:30:50]   [emp_id: 5271] SKIPPED: Already updated today (2025-11-30 03:00:04)
[2025-11-30 11:30:50]   [emp_id: 5272] SKIPPED: Already updated today (2025-11-30 03:00:04)
[2025-11-30 11:30:50]   [emp_id: 5273] SKIPPED: Already updated today (2025-11-30 03:00:04)
[2025-11-30 11:30:50]   [emp_id: 5275] SKIPPED: Already updated today (2025-11-30 03:00:04)
[2025-11-30 11:30:50]   [emp_id: 5276] SKIPPED: Already updated today (2025-11-30 03:00:04)
[2025-11-30 11:30:50]   [emp_id: 5278] SKIPPED: Already updated today (2025-11-30 03:00:04)
[2025-11-30 11:30:50]   [emp_id: 5280] SKIPPED: Already updated today (2025-11-30 03:00:04)
[2025-11-30 11:30:50]   [emp_id: 5282] SKIPPED: Already updated today (2025-11-30 03:00:04)
[2025-11-30 11:30:50]   [emp_id: 5285] SKIPPED: Already updated today (2025-11-30 03:00:04)
[2025-11-30 11:30:50]   [emp_id: 5286] SKIPPED: Already updated today (2025-11-30 03:00:04)
[2025-11-30 11:30:50]   [emp_id: 5287] SKIPPED: Already updated today (2025-11-30 03:00:04)
[2025-11-30 11:30:50]   [emp_id: 5288] SKIPPED: Already updated today (2025-11-30 03:00:04)
[2025-11-30 11:30:50]   [emp_id: 5289] SKIPPED: Already updated today (2025-11-30 03:00:04)
[2025-11-30 11:30:50]   [emp_id: 5290] SKIPPED: Already updated today (2025-11-30 03:00:04)
[2025-11-30 11:30:50]   [emp_id: 5291] SKIPPED: Already updated today (2025-11-30 03:00:04)
[2025-11-30 11:30:50]   [emp_id: 5292] SKIPPED: Already updated today (2025-11-30 03:00:04)
[2025-11-30 11:30:50]   [emp_id: 5293] SKIPPED: Already updated today (2025-11-30 03:00:04)
[2025-11-30 11:30:50]   [emp_id: 5294] SKIPPED: Already updated today (2025-11-30 03:00:04)
[2025-11-30 11:30:50]   [emp_id: 5295] SKIPPED: Already updated today (2025-11-30 03:00:04)
[2025-11-30 11:30:50]   [emp_id: 5296] SKIPPED: Already updated today (2025-11-30 03:00:04)
[2025-11-30 11:30:50]   [emp_id: 5297] SKIPPED: Already updated today (2025-11-30 03:00:04)
[2025-11-30 11:30:50]   [emp_id: 5298] SKIPPED: Already updated today (2025-11-30 03:00:04)
[2025-11-30 11:30:50]   [emp_id: 5299] SKIPPED: Already updated today (2025-11-30 03:00:04)
[2025-11-30 11:30:50]   [emp_id: 5300] SKIPPED: Already updated today (2025-11-30 03:00:04)
[2025-11-30 11:30:50]   [emp_id: 5301] SKIPPED: Already updated today (2025-11-30 03:00:04)
[2025-11-30 11:30:50]   [emp_id: 5303] SKIPPED: Already updated today (2025-11-30 03:00:04)
[2025-11-30 11:30:50]   [emp_id: 5304] SKIPPED: Already updated today (2025-11-30 03:00:04)
[2025-11-30 11:30:50]   [emp_id: 5305] SKIPPED: Already updated today (2025-11-30 03:00:04)
[2025-11-30 11:30:50]   [emp_id: 5306] SKIPPED: Already updated today (2025-11-30 03:00:04)
[2025-11-30 11:30:50]   [emp_id: 5307] SKIPPED: Already updated today (2025-11-30 03:00:04)
[2025-11-30 11:30:50]   [emp_id: 5312] SKIPPED: Already updated today (2025-11-30 03:00:04)
[2025-11-30 11:30:50]   [emp_id: 5318] SKIPPED: Already updated today (2025-11-30 03:00:04)
[2025-11-30 11:30:50]   [emp_id: 5325] SKIPPED: Already updated today (2025-11-30 03:00:04)
[2025-11-30 11:30:50]   [emp_id: 5326] SKIPPED: Already updated today (2025-11-30 03:00:04)
[2025-11-30 11:30:50]   [emp_id: 5327] SKIPPED: Already updated today (2025-11-30 03:00:04)
[2025-11-30 11:30:50]   [emp_id: 5328] SKIPPED: Already updated today (2025-11-30 03:00:04)
[2025-11-30 11:30:50]   [emp_id: 5329] SKIPPED: Already updated today (2025-11-30 03:00:04)
[2025-11-30 11:30:50]   [emp_id: 5331] SKIPPED: Already updated today (2025-11-30 03:00:04)
[2025-11-30 11:30:50]   [emp_id: 5337] SKIPPED: Already updated today (2025-11-30 03:00:04)
[2025-11-30 11:30:50]   [emp_id: 5339] SKIPPED: Already updated today (2025-11-30 03:00:04)
[2025-11-30 11:30:50]   [emp_id: 5343] SKIPPED: Already updated today (2025-11-30 03:00:04)
[2025-11-30 11:30:50]   [emp_id: 5343] SKIPPED: Already updated today (2025-11-30 03:00:04)
[2025-11-30 11:30:50]   [emp_id: 5345] SKIPPED: Already updated today (2025-11-30 03:00:04)
[2025-11-30 11:30:50]   [emp_id: 5346] SKIPPED: Already updated today (2025-11-30 03:00:04)
[2025-11-30 11:30:50]   [emp_id: 5351] SKIPPED: Already updated today (2025-11-30 03:00:04)
[2025-11-30 11:30:50]   [emp_id: 5352] SKIPPED: Already updated today (2025-11-30 03:00:04)
[2025-11-30 11:30:50]   [emp_id: 5370] SKIPPED: Already updated today (2025-11-30 03:00:04)
[2025-11-30 11:30:50]   [emp_id: 5371] SKIPPED: Already updated today (2025-11-30 03:00:04)
[2025-11-30 11:30:50]   [emp_id: 5376] SKIPPED: Already updated today (2025-11-30 03:00:04)
[2025-11-30 11:30:50]   [emp_id: 5378] SKIPPED: Already updated today (2025-11-30 03:00:04)
[2025-11-30 11:30:50]   [emp_id: 5380] SKIPPED: Already updated today (2025-11-30 03:00:04)
[2025-11-30 11:30:50]   [emp_id: 5381] SKIPPED: Already updated today (2025-11-30 03:00:04)
[2025-11-30 11:30:50]   [emp_id: 5383] SKIPPED: Already updated today (2025-11-30 03:00:04)
[2025-11-30 11:30:50]   [emp_id: 5388] SKIPPED: Already updated today (2025-11-30 03:00:04)
[2025-11-30 11:30:50]   [emp_id: 5392] SKIPPED: Already updated today (2025-11-30 03:00:04)
[2025-11-30 11:30:50]   [emp_id: 5396] SKIPPED: Already updated today (2025-11-30 03:00:04)
[2025-11-30 11:30:50]   [emp_id: 5397] SKIPPED: Already updated today (2025-11-30 03:00:04)
[2025-11-30 11:30:50]   [emp_id: 5401] SKIPPED: Already updated today (2025-11-30 03:00:04)
[2025-11-30 11:30:50]   [emp_id: 5402] SKIPPED: Already updated today (2025-11-30 03:00:04)
[2025-11-30 11:30:50]   [emp_id: 5406] SKIPPED: Already updated today (2025-11-30 03:00:04)
[2025-11-30 11:30:50]   [emp_id: 5407] SKIPPED: Already updated today (2025-11-30 03:00:04)
[2025-11-30 11:30:50]   [emp_id: 5408] SKIPPED: Already updated today (2025-11-30 03:00:04)
[2025-11-30 11:30:50]   [emp_id: 5409] SKIPPED: Already updated today (2025-11-30 03:00:04)
[2025-11-30 11:30:50]   [emp_id: 5413] SKIPPED: Already updated today (2025-11-30 03:00:04)
[2025-11-30 11:30:50]   [emp_id: 5414] SKIPPED: Already updated today (2025-11-30 03:00:04)
[2025-11-30 11:30:50]   [emp_id: 5415] SKIPPED: Already updated today (2025-11-30 03:00:04)
[2025-11-30 11:30:50]   [emp_id: 5418] SKIPPED: Already updated today (2025-11-30 03:00:04)
[2025-11-30 11:30:50]   [emp_id: 5422] SKIPPED: Already updated today (2025-11-30 03:00:04)
[2025-11-30 11:30:50]   [emp_id: 5423] SKIPPED: Already updated today (2025-11-30 03:00:04)
[2025-11-30 11:30:50]   [emp_id: 5423] SKIPPED: Already updated today (2025-11-30 03:00:04)
[2025-11-30 11:30:50]   [emp_id: 5423] SKIPPED: Already updated today (2025-11-30 03:00:04)
[2025-11-30 11:30:50]   [emp_id: 5424] SKIPPED: Already updated today (2025-11-30 03:00:04)
[2025-11-30 11:30:50]   [emp_id: 5425] SKIPPED: Already updated today (2025-11-30 03:00:04)
[2025-11-30 11:30:50]   [emp_id: 5426] SKIPPED: Already updated today (2025-11-30 03:00:04)
[2025-11-30 11:30:50]   [emp_id: 5426] SKIPPED: Already updated today (2025-11-30 03:00:04)
[2025-11-30 11:30:50]   [emp_id: 5427] SKIPPED: Already updated today (2025-11-30 03:00:04)
[2025-11-30 11:30:50]   [emp_id: 5428] SKIPPED: Already updated today (2025-11-30 03:00:04)
[2025-11-30 11:30:50]   [emp_id: 5430] SKIPPED: Already updated today (2025-11-30 03:00:04)
[2025-11-30 11:30:50]   [emp_id: 5431] SKIPPED: Already updated today (2025-11-30 03:00:04)
[2025-11-30 11:30:50]   [emp_id: 5434] SKIPPED: Already updated today (2025-11-30 03:00:04)
[2025-11-30 11:30:50]   [emp_id: 5435] SKIPPED: Already updated today (2025-11-30 03:00:04)
[2025-11-30 11:30:50]   [emp_id: 5436] SKIPPED: Already updated today (2025-11-30 03:00:04)
[2025-11-30 11:30:50]   [emp_id: 5438] SKIPPED: Already updated today (2025-11-30 03:00:04)
[2025-11-30 11:30:50]   [emp_id: 5439] SKIPPED: Already updated today (2025-11-30 03:00:04)
[2025-11-30 11:30:50]   [emp_id: 5442] SKIPPED: Already updated today (2025-11-30 03:00:04)
[2025-11-30 11:30:50]   [emp_id: 5443] SKIPPED: Already updated today (2025-11-30 03:00:05)
[2025-11-30 11:30:50]   [emp_id: 5445] SKIPPED: Already updated today (2025-11-30 03:00:05)
[2025-11-30 11:30:50]   [emp_id: 5446] SKIPPED: Already updated today (2025-11-30 03:00:05)
[2025-11-30 11:30:50]   [emp_id: 5447] SKIPPED: Already updated today (2025-11-30 03:00:05)
[2025-11-30 11:30:50]   [emp_id: 5448] SKIPPED: Already updated today (2025-11-30 03:00:05)
[2025-11-30 11:30:50]   [emp_id: 5449] SKIPPED: Already updated today (2025-11-30 03:00:05)
[2025-11-30 11:30:50]   [emp_id: 5450] SKIPPED: Already updated today (2025-11-30 03:00:05)
[2025-11-30 11:30:50]   [emp_id: 5451] SKIPPED: Already updated today (2025-11-30 03:00:05)
[2025-11-30 11:30:50]   [emp_id: 5454] SKIPPED: Already updated today (2025-11-30 03:00:05)
[2025-11-30 11:30:50]   [emp_id: 5455] SKIPPED: Already updated today (2025-11-30 03:00:05)
[2025-11-30 11:30:50]   [emp_id: 5456] SKIPPED: Already updated today (2025-11-30 03:00:05)
[2025-11-30 11:30:50] 
[2025-11-30 11:30:50] ========== SUMMARY ==========
[2025-11-30 11:30:50] Total employees processed: 445
[2025-11-30 11:30:50] Records updated: 0
[2025-11-30 11:30:50] Balances changed: 0
[2025-11-30 11:30:50] Errors: 0
[2025-11-30 11:30:50] ========== CRON: Vacation Balance Update Completed ==========
[2025-11-30 11:30:50] 
[2025-11-30 13:06:05] ========== CRON: Vacation Balance Update Started ==========
[2025-11-30 13:06:05] Database connection established
[2025-11-30 13:06:05] Found 445 active employees with balance records to update
[2025-11-30 13:06:05] (Only employees with status=1 will be processed)
[2025-11-30 13:06:05]   [emp_id: 1061] SKIPPED: Already updated today (2025-11-30 03:00:02)
[2025-11-30 13:06:05]   [emp_id: 1496] SKIPPED: Already updated today (2025-11-30 03:00:02)
[2025-11-30 13:06:05]   [emp_id: 1500] SKIPPED: Already updated today (2025-11-30 03:00:02)
[2025-11-30 13:06:05]   [emp_id: 1574] SKIPPED: Already updated today (2025-11-30 03:00:02)
[2025-11-30 13:06:05]   [emp_id: 1673] SKIPPED: Already updated today (2025-11-30 03:00:02)
[2025-11-30 13:06:05]   [emp_id: 1685] SKIPPED: Already updated today (2025-11-30 03:00:02)
[2025-11-30 13:06:05]   [emp_id: 1764] SKIPPED: Already updated today (2025-11-30 03:00:02)
[2025-11-30 13:06:05]   [emp_id: 1805] SKIPPED: Already updated today (2025-11-30 03:00:02)
[2025-11-30 13:06:05]   [emp_id: 1822] SKIPPED: Already updated today (2025-11-30 03:00:02)
[2025-11-30 13:06:05]   [emp_id: 1837] SKIPPED: Already updated today (2025-11-30 03:00:02)
[2025-11-30 13:06:05]   [emp_id: 1857] SKIPPED: Already updated today (2025-11-30 03:00:02)
[2025-11-30 13:06:05]   [emp_id: 1861] SKIPPED: Already updated today (2025-11-30 03:00:02)
[2025-11-30 13:06:05]   [emp_id: 1872] SKIPPED: Already updated today (2025-11-30 03:00:02)
[2025-11-30 13:06:05]   [emp_id: 1897] SKIPPED: Already updated today (2025-11-30 03:00:02)
[2025-11-30 13:06:05]   [emp_id: 1916] SKIPPED: Already updated today (2025-11-30 03:00:02)
[2025-11-30 13:06:05]   [emp_id: 1928] SKIPPED: Already updated today (2025-11-30 03:00:02)
[2025-11-30 13:06:05]   [emp_id: 1931] SKIPPED: Already updated today (2025-11-30 03:00:02)
[2025-11-30 13:06:05]   [emp_id: 1944] SKIPPED: Already updated today (2025-11-30 03:00:02)
[2025-11-30 13:06:05]   [emp_id: 1996] SKIPPED: Already updated today (2025-11-30 03:00:02)
[2025-11-30 13:06:05]   [emp_id: 1997] SKIPPED: Already updated today (2025-11-30 03:00:02)
[2025-11-30 13:06:05]   [emp_id: 1998] SKIPPED: Already updated today (2025-11-30 03:00:02)
[2025-11-30 13:06:05]   [emp_id: 1999] SKIPPED: Already updated today (2025-11-30 03:00:02)
[2025-11-30 13:06:05]   [emp_id: 2009] SKIPPED: Already updated today (2025-11-30 03:00:02)
[2025-11-30 13:06:05]   [emp_id: 2048] SKIPPED: Already updated today (2025-11-30 03:00:02)
[2025-11-30 13:06:05]   [emp_id: 2057] SKIPPED: Already updated today (2025-11-30 03:00:02)
[2025-11-30 13:06:05]   [emp_id: 2079] SKIPPED: Already updated today (2025-11-30 03:00:02)
[2025-11-30 13:06:05]   [emp_id: 2181] SKIPPED: Already updated today (2025-11-30 03:00:02)
[2025-11-30 13:06:05]   [emp_id: 2190] SKIPPED: Already updated today (2025-11-30 03:00:02)
[2025-11-30 13:06:05]   [emp_id: 2212] SKIPPED: Already updated today (2025-11-30 03:00:02)
[2025-11-30 13:06:05]   [emp_id: 2226] SKIPPED: Already updated today (2025-11-30 03:00:02)
[2025-11-30 13:06:05]   [emp_id: 2238] SKIPPED: Already updated today (2025-11-30 03:00:02)
[2025-11-30 13:06:05]   [emp_id: 2285] SKIPPED: Already updated today (2025-11-30 03:00:02)
[2025-11-30 13:06:05]   [emp_id: 2287] SKIPPED: Already updated today (2025-11-30 03:00:02)
[2025-11-30 13:06:05]   [emp_id: 2288] SKIPPED: Already updated today (2025-11-30 03:00:02)
[2025-11-30 13:06:05]   [emp_id: 2290] SKIPPED: Already updated today (2025-11-30 03:00:02)
[2025-11-30 13:06:05]   [emp_id: 2316] SKIPPED: Already updated today (2025-11-30 03:00:02)
[2025-11-30 13:06:05]   [emp_id: 2337] SKIPPED: Already updated today (2025-11-30 03:00:02)
[2025-11-30 13:06:05]   [emp_id: 2352] SKIPPED: Already updated today (2025-11-30 03:00:02)
[2025-11-30 13:06:05]   [emp_id: 2358] SKIPPED: Already updated today (2025-11-30 03:00:02)
[2025-11-30 13:06:05]   [emp_id: 2361] SKIPPED: Already updated today (2025-11-30 03:00:02)
[2025-11-30 13:06:05]   [emp_id: 2363] SKIPPED: Already updated today (2025-11-30 03:00:02)
[2025-11-30 13:06:05]   [emp_id: 2364] SKIPPED: Already updated today (2025-11-30 03:00:02)
[2025-11-30 13:06:05]   [emp_id: 2367] SKIPPED: Already updated today (2025-11-30 03:00:02)
[2025-11-30 13:06:05]   [emp_id: 2368] SKIPPED: Already updated today (2025-11-30 03:00:02)
[2025-11-30 13:06:05]   [emp_id: 2372] SKIPPED: Already updated today (2025-11-30 03:00:02)
[2025-11-30 13:06:05]   [emp_id: 2376] SKIPPED: Already updated today (2025-11-30 03:00:02)
[2025-11-30 13:06:05]   [emp_id: 2423] SKIPPED: Already updated today (2025-11-30 03:00:02)
[2025-11-30 13:06:05]   [emp_id: 2519] SKIPPED: Already updated today (2025-11-30 03:00:02)
[2025-11-30 13:06:05]   [emp_id: 2522] SKIPPED: Already updated today (2025-11-30 03:00:02)
[2025-11-30 13:06:05]   [emp_id: 2530] SKIPPED: Already updated today (2025-11-30 03:00:02)
[2025-11-30 13:06:05]   [emp_id: 2539] SKIPPED: Already updated today (2025-11-30 03:00:02)
[2025-11-30 13:06:05]   [emp_id: 2541] SKIPPED: Already updated today (2025-11-30 03:00:02)
[2025-11-30 13:06:05]   [emp_id: 2550] SKIPPED: Already updated today (2025-11-30 03:00:02)
[2025-11-30 13:06:05]   [emp_id: 2553] SKIPPED: Already updated today (2025-11-30 03:00:02)
[2025-11-30 13:06:05]   [emp_id: 2554] SKIPPED: Already updated today (2025-11-30 03:00:02)
[2025-11-30 13:06:05]   [emp_id: 2565] SKIPPED: Already updated today (2025-11-30 03:00:02)
[2025-11-30 13:06:05]   [emp_id: 2572] SKIPPED: Already updated today (2025-11-30 03:00:02)
[2025-11-30 13:06:05]   [emp_id: 2637] SKIPPED: Already updated today (2025-11-30 03:00:02)
[2025-11-30 13:06:05]   [emp_id: 2642] SKIPPED: Already updated today (2025-11-30 03:00:02)
[2025-11-30 13:06:05]   [emp_id: 2645] SKIPPED: Already updated today (2025-11-30 03:00:02)
[2025-11-30 13:06:05]   [emp_id: 2648] SKIPPED: Already updated today (2025-11-30 03:00:02)
[2025-11-30 13:06:05]   [emp_id: 2654] SKIPPED: Already updated today (2025-11-30 03:00:02)
[2025-11-30 13:06:05]   [emp_id: 2688] SKIPPED: Already updated today (2025-11-30 03:00:02)
[2025-11-30 13:06:05]   [emp_id: 2690] SKIPPED: Already updated today (2025-11-30 03:00:02)
[2025-11-30 13:06:05]   [emp_id: 2709] SKIPPED: Already updated today (2025-11-30 03:00:02)
[2025-11-30 13:06:05]   [emp_id: 2745] SKIPPED: Already updated today (2025-11-30 03:00:02)
[2025-11-30 13:06:05]   [emp_id: 2843] SKIPPED: Already updated today (2025-11-30 03:00:02)
[2025-11-30 13:06:05]   [emp_id: 2854] SKIPPED: Already updated today (2025-11-30 03:00:02)
[2025-11-30 13:06:05]   [emp_id: 2869] SKIPPED: Already updated today (2025-11-30 03:00:02)
[2025-11-30 13:06:05]   [emp_id: 2876] SKIPPED: Already updated today (2025-11-30 03:00:02)
[2025-11-30 13:06:05]   [emp_id: 2924] SKIPPED: Already updated today (2025-11-30 03:00:02)
[2025-11-30 13:06:05]   [emp_id: 2953] SKIPPED: Already updated today (2025-11-30 03:00:02)
[2025-11-30 13:06:05]   [emp_id: 2961] SKIPPED: Already updated today (2025-11-30 03:00:02)
[2025-11-30 13:06:05]   [emp_id: 2975] SKIPPED: Already updated today (2025-11-30 03:00:02)
[2025-11-30 13:06:05]   [emp_id: 3013] SKIPPED: Already updated today (2025-11-30 03:00:02)
[2025-11-30 13:06:05]   [emp_id: 3014] SKIPPED: Already updated today (2025-11-30 03:00:02)
[2025-11-30 13:06:05]   [emp_id: 3015] SKIPPED: Already updated today (2025-11-30 03:00:02)
[2025-11-30 13:06:05]   [emp_id: 3018] SKIPPED: Already updated today (2025-11-30 03:00:02)
[2025-11-30 13:06:05]   [emp_id: 3025] SKIPPED: Already updated today (2025-11-30 03:00:02)
[2025-11-30 13:06:05]   [emp_id: 3037] SKIPPED: Already updated today (2025-11-30 03:00:02)
[2025-11-30 13:06:05]   [emp_id: 3047] SKIPPED: Already updated today (2025-11-30 03:00:02)
[2025-11-30 13:06:05]   [emp_id: 3061] SKIPPED: Already updated today (2025-11-30 03:00:02)
[2025-11-30 13:06:05]   [emp_id: 3062] SKIPPED: Already updated today (2025-11-30 03:00:02)
[2025-11-30 13:06:05]   [emp_id: 3074] SKIPPED: Already updated today (2025-11-30 03:00:02)
[2025-11-30 13:06:05]   [emp_id: 3089] SKIPPED: Already updated today (2025-11-30 03:00:02)
[2025-11-30 13:06:05]   [emp_id: 3090] SKIPPED: Already updated today (2025-11-30 03:00:02)
[2025-11-30 13:06:05]   [emp_id: 3091] SKIPPED: Already updated today (2025-11-30 03:00:02)
[2025-11-30 13:06:05]   [emp_id: 3092] SKIPPED: Already updated today (2025-11-30 03:00:02)
[2025-11-30 13:06:05]   [emp_id: 3105] SKIPPED: Already updated today (2025-11-30 03:00:02)
[2025-11-30 13:06:05]   [emp_id: 3134] SKIPPED: Already updated today (2025-11-30 03:00:02)
[2025-11-30 13:06:05]   [emp_id: 3140] SKIPPED: Already updated today (2025-11-30 03:00:02)
[2025-11-30 13:06:05]   [emp_id: 3144] SKIPPED: Already updated today (2025-11-30 03:00:02)
[2025-11-30 13:06:05]   [emp_id: 3156] SKIPPED: Already updated today (2025-11-30 03:00:02)
[2025-11-30 13:06:05]   [emp_id: 3162] SKIPPED: Already updated today (2025-11-30 03:00:02)
[2025-11-30 13:06:05]   [emp_id: 3163] SKIPPED: Already updated today (2025-11-30 03:00:02)
[2025-11-30 13:06:05]   [emp_id: 3198] SKIPPED: Already updated today (2025-11-30 03:00:02)
[2025-11-30 13:06:05]   [emp_id: 3205] SKIPPED: Already updated today (2025-11-30 03:00:02)
[2025-11-30 13:06:05]   [emp_id: 3209] SKIPPED: Already updated today (2025-11-30 03:00:02)
[2025-11-30 13:06:05]   [emp_id: 3223] SKIPPED: Already updated today (2025-11-30 03:00:02)
[2025-11-30 13:06:05]   [emp_id: 3224] SKIPPED: Already updated today (2025-11-30 03:00:02)
[2025-11-30 13:06:05]   [emp_id: 3230] SKIPPED: Already updated today (2025-11-30 03:00:02)
[2025-11-30 13:06:05]   [emp_id: 3231] SKIPPED: Already updated today (2025-11-30 03:00:02)
[2025-11-30 13:06:05]   [emp_id: 3233] SKIPPED: Already updated today (2025-11-30 03:00:02)
[2025-11-30 13:06:05]   [emp_id: 3249] SKIPPED: Already updated today (2025-11-30 03:00:02)
[2025-11-30 13:06:05]   [emp_id: 3250] SKIPPED: Already updated today (2025-11-30 03:00:02)
[2025-11-30 13:06:05]   [emp_id: 3252] SKIPPED: Already updated today (2025-11-30 03:00:02)
[2025-11-30 13:06:05]   [emp_id: 3254] SKIPPED: Already updated today (2025-11-30 03:00:02)
[2025-11-30 13:06:05]   [emp_id: 3255] SKIPPED: Already updated today (2025-11-30 03:00:02)
[2025-11-30 13:06:05]   [emp_id: 3256] SKIPPED: Already updated today (2025-11-30 03:00:02)
[2025-11-30 13:06:05]   [emp_id: 3263] SKIPPED: Already updated today (2025-11-30 03:00:02)
[2025-11-30 13:06:05]   [emp_id: 3265] SKIPPED: Already updated today (2025-11-30 03:00:02)
[2025-11-30 13:06:05]   [emp_id: 3280] SKIPPED: Already updated today (2025-11-30 03:00:02)
[2025-11-30 13:06:05]   [emp_id: 3286] SKIPPED: Already updated today (2025-11-30 03:00:02)
[2025-11-30 13:06:05]   [emp_id: 3294] SKIPPED: Already updated today (2025-11-30 03:00:02)
[2025-11-30 13:06:05]   [emp_id: 3321] SKIPPED: Already updated today (2025-11-30 03:00:02)
[2025-11-30 13:06:05]   [emp_id: 3325] SKIPPED: Already updated today (2025-11-30 03:00:02)
[2025-11-30 13:06:05]   [emp_id: 3329] SKIPPED: Already updated today (2025-11-30 03:00:02)
[2025-11-30 13:06:05]   [emp_id: 3330] SKIPPED: Already updated today (2025-11-30 03:00:02)
[2025-11-30 13:06:05]   [emp_id: 3332] SKIPPED: Already updated today (2025-11-30 03:00:02)
[2025-11-30 13:06:05]   [emp_id: 3370] SKIPPED: Already updated today (2025-11-30 03:00:02)
[2025-11-30 13:06:05]   [emp_id: 3384] SKIPPED: Already updated today (2025-11-30 03:00:02)
[2025-11-30 13:06:05]   [emp_id: 3386] SKIPPED: Already updated today (2025-11-30 03:00:02)
[2025-11-30 13:06:05]   [emp_id: 3431] SKIPPED: Already updated today (2025-11-30 03:00:02)
[2025-11-30 13:06:05]   [emp_id: 3497] SKIPPED: Already updated today (2025-11-30 03:00:02)
[2025-11-30 13:06:05]   [emp_id: 3532] SKIPPED: Already updated today (2025-11-30 03:00:02)
[2025-11-30 13:06:05]   [emp_id: 3586] SKIPPED: Already updated today (2025-11-30 03:00:02)
[2025-11-30 13:06:05]   [emp_id: 3602] SKIPPED: Already updated today (2025-11-30 03:00:03)
[2025-11-30 13:06:05]   [emp_id: 3618] SKIPPED: Already updated today (2025-11-30 03:00:03)
[2025-11-30 13:06:05]   [emp_id: 3622] SKIPPED: Already updated today (2025-11-30 03:00:03)
[2025-11-30 13:06:05]   [emp_id: 3627] SKIPPED: Already updated today (2025-11-30 03:00:03)
[2025-11-30 13:06:05]   [emp_id: 3665] SKIPPED: Already updated today (2025-11-30 03:00:03)
[2025-11-30 13:06:05]   [emp_id: 3705] SKIPPED: Already updated today (2025-11-30 03:00:03)
[2025-11-30 13:06:05]   [emp_id: 3724] SKIPPED: Already updated today (2025-11-30 03:00:03)
[2025-11-30 13:06:05]   [emp_id: 3726] SKIPPED: Already updated today (2025-11-30 03:00:03)
[2025-11-30 13:06:05]   [emp_id: 3727] SKIPPED: Already updated today (2025-11-30 03:00:03)
[2025-11-30 13:06:05]   [emp_id: 3728] SKIPPED: Already updated today (2025-11-30 03:00:03)
[2025-11-30 13:06:05]   [emp_id: 3742] SKIPPED: Already updated today (2025-11-30 03:00:03)
[2025-11-30 13:06:05]   [emp_id: 3767] SKIPPED: Already updated today (2025-11-30 03:00:03)
[2025-11-30 13:06:05]   [emp_id: 3768] SKIPPED: Already updated today (2025-11-30 03:00:03)
[2025-11-30 13:06:05]   [emp_id: 3787] SKIPPED: Already updated today (2025-11-30 03:00:03)
[2025-11-30 13:06:05]   [emp_id: 3790] SKIPPED: Already updated today (2025-11-30 03:00:03)
[2025-11-30 13:06:05]   [emp_id: 3795] SKIPPED: Already updated today (2025-11-30 03:00:03)
[2025-11-30 13:06:05]   [emp_id: 3798] SKIPPED: Already updated today (2025-11-30 03:00:03)
[2025-11-30 13:06:05]   [emp_id: 3801] SKIPPED: Already updated today (2025-11-30 03:00:03)
[2025-11-30 13:06:05]   [emp_id: 3802] SKIPPED: Already updated today (2025-11-30 03:00:03)
[2025-11-30 13:06:05]   [emp_id: 3803] SKIPPED: Already updated today (2025-11-30 03:00:03)
[2025-11-30 13:06:05]   [emp_id: 3810] SKIPPED: Already updated today (2025-11-30 03:00:03)
[2025-11-30 13:06:05]   [emp_id: 3812] SKIPPED: Already updated today (2025-11-30 03:00:03)
[2025-11-30 13:06:05]   [emp_id: 3815] SKIPPED: Already updated today (2025-11-30 03:00:03)
[2025-11-30 13:06:05]   [emp_id: 3836] SKIPPED: Already updated today (2025-11-30 03:00:03)
[2025-11-30 13:06:05]   [emp_id: 3855] SKIPPED: Already updated today (2025-11-30 03:00:03)
[2025-11-30 13:06:05]   [emp_id: 3857] SKIPPED: Already updated today (2025-11-30 03:00:03)
[2025-11-30 13:06:05]   [emp_id: 3862] SKIPPED: Already updated today (2025-11-30 03:00:03)
[2025-11-30 13:06:05]   [emp_id: 3866] SKIPPED: Already updated today (2025-11-30 03:00:03)
[2025-11-30 13:06:05]   [emp_id: 3876] SKIPPED: Already updated today (2025-11-30 03:00:03)
[2025-11-30 13:06:05]   [emp_id: 3877] SKIPPED: Already updated today (2025-11-30 03:00:03)
[2025-11-30 13:06:05]   [emp_id: 3897] SKIPPED: Already updated today (2025-11-30 03:00:03)
[2025-11-30 13:06:05]   [emp_id: 3899] SKIPPED: Already updated today (2025-11-30 03:00:03)
[2025-11-30 13:06:05]   [emp_id: 3928] SKIPPED: Already updated today (2025-11-30 03:00:03)
[2025-11-30 13:06:05]   [emp_id: 3929] SKIPPED: Already updated today (2025-11-30 03:00:03)
[2025-11-30 13:06:05]   [emp_id: 3935] SKIPPED: Already updated today (2025-11-30 03:00:03)
[2025-11-30 13:06:05]   [emp_id: 3952] SKIPPED: Already updated today (2025-11-30 03:00:03)
[2025-11-30 13:06:05]   [emp_id: 3987] SKIPPED: Already updated today (2025-11-30 03:00:03)
[2025-11-30 13:06:05]   [emp_id: 4059] SKIPPED: Already updated today (2025-11-30 03:00:03)
[2025-11-30 13:06:05]   [emp_id: 4119] SKIPPED: Already updated today (2025-11-30 03:00:03)
[2025-11-30 13:06:05]   [emp_id: 4120] SKIPPED: Already updated today (2025-11-30 03:00:03)
[2025-11-30 13:06:05]   [emp_id: 4124] SKIPPED: Already updated today (2025-11-30 03:00:03)
[2025-11-30 13:06:05]   [emp_id: 4133] SKIPPED: Already updated today (2025-11-30 03:00:03)
[2025-11-30 13:06:05]   [emp_id: 4134] SKIPPED: Already updated today (2025-11-30 03:00:03)
[2025-11-30 13:06:05]   [emp_id: 4136] SKIPPED: Already updated today (2025-11-30 03:00:03)
[2025-11-30 13:06:05]   [emp_id: 4150] SKIPPED: Already updated today (2025-11-30 03:00:03)
[2025-11-30 13:06:05]   [emp_id: 4157] SKIPPED: Already updated today (2025-11-30 03:00:03)
[2025-11-30 13:06:05]   [emp_id: 4172] SKIPPED: Already updated today (2025-11-30 03:00:03)
[2025-11-30 13:06:05]   [emp_id: 4195] SKIPPED: Already updated today (2025-11-30 03:00:03)
[2025-11-30 13:06:05]   [emp_id: 4215] SKIPPED: Already updated today (2025-11-30 03:00:03)
[2025-11-30 13:06:05]   [emp_id: 4220] SKIPPED: Already updated today (2025-11-30 03:00:03)
[2025-11-30 13:06:05]   [emp_id: 4273] SKIPPED: Already updated today (2025-11-30 03:00:03)
[2025-11-30 13:06:05]   [emp_id: 4283] SKIPPED: Already updated today (2025-11-30 03:00:03)
[2025-11-30 13:06:05]   [emp_id: 4288] SKIPPED: Already updated today (2025-11-30 03:00:03)
[2025-11-30 13:06:05]   [emp_id: 4315] SKIPPED: Already updated today (2025-11-30 03:00:03)
[2025-11-30 13:06:05]   [emp_id: 4328] SKIPPED: Already updated today (2025-11-30 03:00:03)
[2025-11-30 13:06:05]   [emp_id: 4329] SKIPPED: Already updated today (2025-11-30 03:00:03)
[2025-11-30 13:06:05]   [emp_id: 4338] SKIPPED: Already updated today (2025-11-30 03:00:03)
[2025-11-30 13:06:05]   [emp_id: 4340] SKIPPED: Already updated today (2025-11-30 03:00:03)
[2025-11-30 13:06:05]   [emp_id: 4365] SKIPPED: Already updated today (2025-11-30 03:00:03)
[2025-11-30 13:06:05]   [emp_id: 4366] SKIPPED: Already updated today (2025-11-30 03:00:03)
[2025-11-30 13:06:05]   [emp_id: 4385] SKIPPED: Already updated today (2025-11-30 03:00:03)
[2025-11-30 13:06:05]   [emp_id: 4403] SKIPPED: Already updated today (2025-11-30 03:00:03)
[2025-11-30 13:06:05]   [emp_id: 4438] SKIPPED: Already updated today (2025-11-30 03:00:03)
[2025-11-30 13:06:05]   [emp_id: 4465] SKIPPED: Already updated today (2025-11-30 03:00:03)
[2025-11-30 13:06:05]   [emp_id: 4473] SKIPPED: Already updated today (2025-11-30 03:00:03)
[2025-11-30 13:06:05]   [emp_id: 4474] SKIPPED: Already updated today (2025-11-30 03:00:03)
[2025-11-30 13:06:05]   [emp_id: 4493] SKIPPED: Already updated today (2025-11-30 03:00:03)
[2025-11-30 13:06:05]   [emp_id: 4526] SKIPPED: Already updated today (2025-11-30 03:00:03)
[2025-11-30 13:06:05]   [emp_id: 4528] SKIPPED: Already updated today (2025-11-30 03:00:03)
[2025-11-30 13:06:05]   [emp_id: 4528] SKIPPED: Already updated today (2025-11-30 03:00:03)
[2025-11-30 13:06:05]   [emp_id: 4532] SKIPPED: Already updated today (2025-11-30 03:00:03)
[2025-11-30 13:06:05]   [emp_id: 4533] SKIPPED: Already updated today (2025-11-30 03:00:03)
[2025-11-30 13:06:05]   [emp_id: 4564] SKIPPED: Already updated today (2025-11-30 03:00:03)
[2025-11-30 13:06:05]   [emp_id: 4565] SKIPPED: Already updated today (2025-11-30 03:00:03)
[2025-11-30 13:06:05]   [emp_id: 4567] SKIPPED: Already updated today (2025-11-30 03:00:03)
[2025-11-30 13:06:05]   [emp_id: 4572] SKIPPED: Already updated today (2025-11-30 03:00:03)
[2025-11-30 13:06:05]   [emp_id: 4631] SKIPPED: Already updated today (2025-11-30 03:00:03)
[2025-11-30 13:06:05]   [emp_id: 4655] SKIPPED: Already updated today (2025-11-30 03:00:03)
[2025-11-30 13:06:05]   [emp_id: 4689] SKIPPED: Already updated today (2025-11-30 03:00:03)
[2025-11-30 13:06:05]   [emp_id: 4709] SKIPPED: Already updated today (2025-11-30 03:00:03)
[2025-11-30 13:06:05]   [emp_id: 4717] SKIPPED: Already updated today (2025-11-30 03:00:03)
[2025-11-30 13:06:05]   [emp_id: 4736] SKIPPED: Already updated today (2025-11-30 03:00:03)
[2025-11-30 13:06:05]   [emp_id: 4756] SKIPPED: Already updated today (2025-11-30 03:00:03)
[2025-11-30 13:06:05]   [emp_id: 4768] SKIPPED: Already updated today (2025-11-30 03:00:03)
[2025-11-30 13:06:05]   [emp_id: 4780] SKIPPED: Already updated today (2025-11-30 03:00:03)
[2025-11-30 13:06:05]   [emp_id: 4820] SKIPPED: Already updated today (2025-11-30 03:00:03)
[2025-11-30 13:06:05]   [emp_id: 4825] SKIPPED: Already updated today (2025-11-30 03:00:03)
[2025-11-30 13:06:05]   [emp_id: 4835] SKIPPED: Already updated today (2025-11-30 03:00:03)
[2025-11-30 13:06:05]   [emp_id: 4837] SKIPPED: Already updated today (2025-11-30 03:00:03)
[2025-11-30 13:06:05]   [emp_id: 4838] SKIPPED: Already updated today (2025-11-30 03:00:03)
[2025-11-30 13:06:05]   [emp_id: 4840] SKIPPED: Already updated today (2025-11-30 03:00:03)
[2025-11-30 13:06:05]   [emp_id: 4842] SKIPPED: Already updated today (2025-11-30 03:00:03)
[2025-11-30 13:06:05]   [emp_id: 4843] SKIPPED: Already updated today (2025-11-30 03:00:03)
[2025-11-30 13:06:05]   [emp_id: 4853] SKIPPED: Already updated today (2025-11-30 03:00:03)
[2025-11-30 13:06:05]   [emp_id: 4856] SKIPPED: Already updated today (2025-11-30 03:00:03)
[2025-11-30 13:06:05]   [emp_id: 4857] SKIPPED: Already updated today (2025-11-30 03:00:03)
[2025-11-30 13:06:05]   [emp_id: 4858] SKIPPED: Already updated today (2025-11-30 03:00:03)
[2025-11-30 13:06:05]   [emp_id: 4859] SKIPPED: Already updated today (2025-11-30 03:00:03)
[2025-11-30 13:06:05]   [emp_id: 4860] SKIPPED: Already updated today (2025-11-30 03:00:03)
[2025-11-30 13:06:05]   [emp_id: 4861] SKIPPED: Already updated today (2025-11-30 03:00:03)
[2025-11-30 13:06:05]   [emp_id: 4869] SKIPPED: Already updated today (2025-11-30 03:00:03)
[2025-11-30 13:06:05]   [emp_id: 4894] SKIPPED: Already updated today (2025-11-30 03:00:03)
[2025-11-30 13:06:05]   [emp_id: 4897] SKIPPED: Already updated today (2025-11-30 03:00:03)
[2025-11-30 13:06:05]   [emp_id: 4899] SKIPPED: Already updated today (2025-11-30 03:00:03)
[2025-11-30 13:06:05]   [emp_id: 4902] SKIPPED: Already updated today (2025-11-30 03:00:03)
[2025-11-30 13:06:05]   [emp_id: 4903] SKIPPED: Already updated today (2025-11-30 03:00:03)
[2025-11-30 13:06:05]   [emp_id: 4905] SKIPPED: Already updated today (2025-11-30 03:00:03)
[2025-11-30 13:06:05]   [emp_id: 4907] SKIPPED: Already updated today (2025-11-30 03:00:03)
[2025-11-30 13:06:05]   [emp_id: 4917] SKIPPED: Already updated today (2025-11-30 03:00:03)
[2025-11-30 13:06:05]   [emp_id: 4918] SKIPPED: Already updated today (2025-11-30 03:00:03)
[2025-11-30 13:06:05]   [emp_id: 4919] SKIPPED: Already updated today (2025-11-30 03:00:03)
[2025-11-30 13:06:05]   [emp_id: 4920] SKIPPED: Already updated today (2025-11-30 03:00:03)
[2025-11-30 13:06:05]   [emp_id: 4921] SKIPPED: Already updated today (2025-11-30 03:00:03)
[2025-11-30 13:06:05]   [emp_id: 4927] SKIPPED: Already updated today (2025-11-30 03:00:03)
[2025-11-30 13:06:05]   [emp_id: 4929] SKIPPED: Already updated today (2025-11-30 03:00:03)
[2025-11-30 13:06:05]   [emp_id: 4930] SKIPPED: Already updated today (2025-11-30 03:00:03)
[2025-11-30 13:06:05]   [emp_id: 4932] SKIPPED: Already updated today (2025-11-30 03:00:03)
[2025-11-30 13:06:05]   [emp_id: 4933] SKIPPED: Already updated today (2025-11-30 03:00:03)
[2025-11-30 13:06:05]   [emp_id: 4949] SKIPPED: Already updated today (2025-11-30 03:00:03)
[2025-11-30 13:06:05]   [emp_id: 4956] SKIPPED: Already updated today (2025-11-30 03:00:03)
[2025-11-30 13:06:05]   [emp_id: 4957] SKIPPED: Already updated today (2025-11-30 03:00:03)
[2025-11-30 13:06:05]   [emp_id: 4962] SKIPPED: Already updated today (2025-11-30 03:00:03)
[2025-11-30 13:06:05]   [emp_id: 4969] SKIPPED: Already updated today (2025-11-30 03:00:03)
[2025-11-30 13:06:05]   [emp_id: 4976] SKIPPED: Already updated today (2025-11-30 03:00:03)
[2025-11-30 13:06:05]   [emp_id: 4984] SKIPPED: Already updated today (2025-11-30 03:00:03)
[2025-11-30 13:06:05]   [emp_id: 4995] SKIPPED: Already updated today (2025-11-30 03:00:03)
[2025-11-30 13:06:05]   [emp_id: 5004] SKIPPED: Already updated today (2025-11-30 03:00:03)
[2025-11-30 13:06:05]   [emp_id: 5006] SKIPPED: Already updated today (2025-11-30 03:00:03)
[2025-11-30 13:06:05]   [emp_id: 5011] SKIPPED: Already updated today (2025-11-30 03:00:03)
[2025-11-30 13:06:05]   [emp_id: 5013] SKIPPED: Already updated today (2025-11-30 03:00:03)
[2025-11-30 13:06:05]   [emp_id: 5018] SKIPPED: Already updated today (2025-11-30 03:00:03)
[2025-11-30 13:06:05]   [emp_id: 5021] SKIPPED: Already updated today (2025-11-30 03:00:03)
[2025-11-30 13:06:05]   [emp_id: 5021] SKIPPED: Already updated today (2025-11-30 03:00:03)
[2025-11-30 13:06:05]   [emp_id: 5024] SKIPPED: Already updated today (2025-11-30 03:00:03)
[2025-11-30 13:06:05]   [emp_id: 5029] SKIPPED: Already updated today (2025-11-30 03:00:03)
[2025-11-30 13:06:05]   [emp_id: 5030] SKIPPED: Already updated today (2025-11-30 03:00:03)
[2025-11-30 13:06:05]   [emp_id: 5033] SKIPPED: Already updated today (2025-11-30 03:00:03)
[2025-11-30 13:06:05]   [emp_id: 5043] SKIPPED: Already updated today (2025-11-30 03:00:03)
[2025-11-30 13:06:05]   [emp_id: 5045] SKIPPED: Already updated today (2025-11-30 03:00:03)
[2025-11-30 13:06:05]   [emp_id: 5046] SKIPPED: Already updated today (2025-11-30 03:00:03)
[2025-11-30 13:06:05]   [emp_id: 5049] SKIPPED: Already updated today (2025-11-30 03:00:03)
[2025-11-30 13:06:05]   [emp_id: 5052] SKIPPED: Already updated today (2025-11-30 03:00:03)
[2025-11-30 13:06:05]   [emp_id: 5055] SKIPPED: Already updated today (2025-11-30 03:00:03)
[2025-11-30 13:06:05]   [emp_id: 5058] SKIPPED: Already updated today (2025-11-30 03:00:03)
[2025-11-30 13:06:05]   [emp_id: 5062] SKIPPED: Already updated today (2025-11-30 03:00:03)
[2025-11-30 13:06:05]   [emp_id: 5064] SKIPPED: Already updated today (2025-11-30 03:00:03)
[2025-11-30 13:06:05]   [emp_id: 5065] SKIPPED: Already updated today (2025-11-30 03:00:03)
[2025-11-30 13:06:05]   [emp_id: 5071] SKIPPED: Already updated today (2025-11-30 03:00:03)
[2025-11-30 13:06:05]   [emp_id: 5073] SKIPPED: Already updated today (2025-11-30 03:00:03)
[2025-11-30 13:06:05]   [emp_id: 5079] SKIPPED: Already updated today (2025-11-30 03:00:03)
[2025-11-30 13:06:05]   [emp_id: 5080] SKIPPED: Already updated today (2025-11-30 03:00:03)
[2025-11-30 13:06:05]   [emp_id: 5081] SKIPPED: Already updated today (2025-11-30 03:00:03)
[2025-11-30 13:06:05]   [emp_id: 5087] SKIPPED: Already updated today (2025-11-30 03:00:03)
[2025-11-30 13:06:05]   [emp_id: 5091] SKIPPED: Already updated today (2025-11-30 03:00:03)
[2025-11-30 13:06:05]   [emp_id: 5093] SKIPPED: Already updated today (2025-11-30 03:00:03)
[2025-11-30 13:06:05]   [emp_id: 5095] SKIPPED: Already updated today (2025-11-30 03:00:04)
[2025-11-30 13:06:05]   [emp_id: 5101] SKIPPED: Already updated today (2025-11-30 03:00:04)
[2025-11-30 13:06:05]   [emp_id: 5107] SKIPPED: Already updated today (2025-11-30 03:00:04)
[2025-11-30 13:06:05]   [emp_id: 5109] SKIPPED: Already updated today (2025-11-30 03:00:04)
[2025-11-30 13:06:05]   [emp_id: 5119] SKIPPED: Already updated today (2025-11-30 03:00:04)
[2025-11-30 13:06:05]   [emp_id: 5122] SKIPPED: Already updated today (2025-11-30 03:00:04)
[2025-11-30 13:06:05]   [emp_id: 5126] SKIPPED: Already updated today (2025-11-30 03:00:04)
[2025-11-30 13:06:05]   [emp_id: 5127] SKIPPED: Already updated today (2025-11-30 03:00:04)
[2025-11-30 13:06:05]   [emp_id: 5128] SKIPPED: Already updated today (2025-11-30 03:00:04)
[2025-11-30 13:06:05]   [emp_id: 5138] SKIPPED: Already updated today (2025-11-30 03:00:04)
[2025-11-30 13:06:05]   [emp_id: 5138] SKIPPED: Already updated today (2025-11-30 03:00:04)
[2025-11-30 13:06:05]   [emp_id: 5141] SKIPPED: Already updated today (2025-11-30 03:00:04)
[2025-11-30 13:06:05]   [emp_id: 5142] SKIPPED: Already updated today (2025-11-30 03:00:04)
[2025-11-30 13:06:05]   [emp_id: 5146] SKIPPED: Already updated today (2025-11-30 03:00:04)
[2025-11-30 13:06:05]   [emp_id: 5147] SKIPPED: Already updated today (2025-11-30 03:00:04)
[2025-11-30 13:06:05]   [emp_id: 5148] SKIPPED: Already updated today (2025-11-30 03:00:04)
[2025-11-30 13:06:05]   [emp_id: 5149] SKIPPED: Already updated today (2025-11-30 03:00:04)
[2025-11-30 13:06:05]   [emp_id: 5150] SKIPPED: Already updated today (2025-11-30 03:00:04)
[2025-11-30 13:06:05]   [emp_id: 5151] SKIPPED: Already updated today (2025-11-30 03:00:04)
[2025-11-30 13:06:05]   [emp_id: 5152] SKIPPED: Already updated today (2025-11-30 03:00:04)
[2025-11-30 13:06:05]   [emp_id: 5157] SKIPPED: Already updated today (2025-11-30 03:00:04)
[2025-11-30 13:06:05]   [emp_id: 5160] SKIPPED: Already updated today (2025-11-30 03:00:04)
[2025-11-30 13:06:05]   [emp_id: 5163] SKIPPED: Already updated today (2025-11-30 03:00:04)
[2025-11-30 13:06:05]   [emp_id: 5165] SKIPPED: Already updated today (2025-11-30 03:00:04)
[2025-11-30 13:06:05]   [emp_id: 5167] SKIPPED: Already updated today (2025-11-30 03:00:04)
[2025-11-30 13:06:05]   [emp_id: 5168] SKIPPED: Already updated today (2025-11-30 03:00:04)
[2025-11-30 13:06:05]   [emp_id: 5173] SKIPPED: Already updated today (2025-11-30 03:00:04)
[2025-11-30 13:06:05]   [emp_id: 5174] SKIPPED: Already updated today (2025-11-30 03:00:04)
[2025-11-30 13:06:05]   [emp_id: 5181] SKIPPED: Already updated today (2025-11-30 03:00:04)
[2025-11-30 13:06:05]   [emp_id: 5186] SKIPPED: Already updated today (2025-11-30 03:00:04)
[2025-11-30 13:06:05]   [emp_id: 5187] SKIPPED: Already updated today (2025-11-30 03:00:04)
[2025-11-30 13:06:05]   [emp_id: 5204] SKIPPED: Already updated today (2025-11-30 03:00:04)
[2025-11-30 13:06:05]   [emp_id: 5205] SKIPPED: Already updated today (2025-11-30 03:00:04)
[2025-11-30 13:06:05]   [emp_id: 5209] SKIPPED: Already updated today (2025-11-30 03:00:04)
[2025-11-30 13:06:05]   [emp_id: 5211] SKIPPED: Already updated today (2025-11-30 03:00:04)
[2025-11-30 13:06:05]   [emp_id: 5213] SKIPPED: Already updated today (2025-11-30 03:00:04)
[2025-11-30 13:06:05]   [emp_id: 5214] SKIPPED: Already updated today (2025-11-30 03:00:04)
[2025-11-30 13:06:05]   [emp_id: 5215] SKIPPED: Already updated today (2025-11-30 03:00:04)
[2025-11-30 13:06:05]   [emp_id: 5217] SKIPPED: Already updated today (2025-11-30 03:00:04)
[2025-11-30 13:06:05]   [emp_id: 5218] SKIPPED: Already updated today (2025-11-30 03:00:04)
[2025-11-30 13:06:05]   [emp_id: 5219] SKIPPED: Already updated today (2025-11-30 03:00:04)
[2025-11-30 13:06:05]   [emp_id: 5221] SKIPPED: Already updated today (2025-11-30 03:00:04)
[2025-11-30 13:06:05]   [emp_id: 5224] SKIPPED: Already updated today (2025-11-30 03:00:04)
[2025-11-30 13:06:05]   [emp_id: 5225] SKIPPED: Already updated today (2025-11-30 03:00:04)
[2025-11-30 13:06:05]   [emp_id: 5228] SKIPPED: Already updated today (2025-11-30 03:00:04)
[2025-11-30 13:06:05]   [emp_id: 5229] SKIPPED: Already updated today (2025-11-30 03:00:04)
[2025-11-30 13:06:05]   [emp_id: 5230] SKIPPED: Already updated today (2025-11-30 03:00:04)
[2025-11-30 13:06:05]   [emp_id: 5231] SKIPPED: Already updated today (2025-11-30 03:00:04)
[2025-11-30 13:06:05]   [emp_id: 5232] SKIPPED: Already updated today (2025-11-30 03:00:04)
[2025-11-30 13:06:05]   [emp_id: 5233] SKIPPED: Already updated today (2025-11-30 03:00:04)
[2025-11-30 13:06:05]   [emp_id: 5234] SKIPPED: Already updated today (2025-11-30 03:00:04)
[2025-11-30 13:06:05]   [emp_id: 5235] SKIPPED: Already updated today (2025-11-30 03:00:04)
[2025-11-30 13:06:05]   [emp_id: 5237] SKIPPED: Already updated today (2025-11-30 03:00:04)
[2025-11-30 13:06:05]   [emp_id: 5238] SKIPPED: Already updated today (2025-11-30 03:00:04)
[2025-11-30 13:06:05]   [emp_id: 5239] SKIPPED: Already updated today (2025-11-30 03:00:04)
[2025-11-30 13:06:05]   [emp_id: 5241] SKIPPED: Already updated today (2025-11-30 03:00:04)
[2025-11-30 13:06:05]   [emp_id: 5242] SKIPPED: Already updated today (2025-11-30 03:00:04)
[2025-11-30 13:06:05]   [emp_id: 5243] SKIPPED: Already updated today (2025-11-30 03:00:04)
[2025-11-30 13:06:05]   [emp_id: 5244] SKIPPED: Already updated today (2025-11-30 03:00:04)
[2025-11-30 13:06:05]   [emp_id: 5246] SKIPPED: Already updated today (2025-11-30 03:00:04)
[2025-11-30 13:06:05]   [emp_id: 5253] SKIPPED: Already updated today (2025-11-30 03:00:04)
[2025-11-30 13:06:05]   [emp_id: 5254] SKIPPED: Already updated today (2025-11-30 03:00:04)
[2025-11-30 13:06:05]   [emp_id: 5257] SKIPPED: Already updated today (2025-11-30 03:00:04)
[2025-11-30 13:06:05]   [emp_id: 5259] SKIPPED: Already updated today (2025-11-30 03:00:04)
[2025-11-30 13:06:05]   [emp_id: 5261] SKIPPED: Already updated today (2025-11-30 03:00:04)
[2025-11-30 13:06:05]   [emp_id: 5264] SKIPPED: Already updated today (2025-11-30 03:00:04)
[2025-11-30 13:06:05]   [emp_id: 5266] SKIPPED: Already updated today (2025-11-30 03:00:04)
[2025-11-30 13:06:05]   [emp_id: 5268] SKIPPED: Already updated today (2025-11-30 03:00:04)
[2025-11-30 13:06:05]   [emp_id: 5271] SKIPPED: Already updated today (2025-11-30 03:00:04)
[2025-11-30 13:06:05]   [emp_id: 5272] SKIPPED: Already updated today (2025-11-30 03:00:04)
[2025-11-30 13:06:05]   [emp_id: 5273] SKIPPED: Already updated today (2025-11-30 03:00:04)
[2025-11-30 13:06:05]   [emp_id: 5275] SKIPPED: Already updated today (2025-11-30 03:00:04)
[2025-11-30 13:06:05]   [emp_id: 5276] SKIPPED: Already updated today (2025-11-30 03:00:04)
[2025-11-30 13:06:05]   [emp_id: 5278] SKIPPED: Already updated today (2025-11-30 03:00:04)
[2025-11-30 13:06:05]   [emp_id: 5280] SKIPPED: Already updated today (2025-11-30 03:00:04)
[2025-11-30 13:06:05]   [emp_id: 5282] SKIPPED: Already updated today (2025-11-30 03:00:04)
[2025-11-30 13:06:05]   [emp_id: 5285] SKIPPED: Already updated today (2025-11-30 03:00:04)
[2025-11-30 13:06:05]   [emp_id: 5286] SKIPPED: Already updated today (2025-11-30 03:00:04)
[2025-11-30 13:06:05]   [emp_id: 5287] SKIPPED: Already updated today (2025-11-30 03:00:04)
[2025-11-30 13:06:05]   [emp_id: 5288] SKIPPED: Already updated today (2025-11-30 03:00:04)
[2025-11-30 13:06:05]   [emp_id: 5289] SKIPPED: Already updated today (2025-11-30 03:00:04)
[2025-11-30 13:06:05]   [emp_id: 5290] SKIPPED: Already updated today (2025-11-30 03:00:04)
[2025-11-30 13:06:05]   [emp_id: 5291] SKIPPED: Already updated today (2025-11-30 03:00:04)
[2025-11-30 13:06:05]   [emp_id: 5292] SKIPPED: Already updated today (2025-11-30 03:00:04)
[2025-11-30 13:06:05]   [emp_id: 5293] SKIPPED: Already updated today (2025-11-30 03:00:04)
[2025-11-30 13:06:05]   [emp_id: 5294] SKIPPED: Already updated today (2025-11-30 03:00:04)
[2025-11-30 13:06:05]   [emp_id: 5295] SKIPPED: Already updated today (2025-11-30 03:00:04)
[2025-11-30 13:06:05]   [emp_id: 5296] SKIPPED: Already updated today (2025-11-30 03:00:04)
[2025-11-30 13:06:05]   [emp_id: 5297] SKIPPED: Already updated today (2025-11-30 03:00:04)
[2025-11-30 13:06:05]   [emp_id: 5298] SKIPPED: Already updated today (2025-11-30 03:00:04)
[2025-11-30 13:06:05]   [emp_id: 5299] SKIPPED: Already updated today (2025-11-30 03:00:04)
[2025-11-30 13:06:05]   [emp_id: 5300] SKIPPED: Already updated today (2025-11-30 03:00:04)
[2025-11-30 13:06:05]   [emp_id: 5301] SKIPPED: Already updated today (2025-11-30 03:00:04)
[2025-11-30 13:06:05]   [emp_id: 5303] SKIPPED: Already updated today (2025-11-30 03:00:04)
[2025-11-30 13:06:05]   [emp_id: 5304] SKIPPED: Already updated today (2025-11-30 03:00:04)
[2025-11-30 13:06:05]   [emp_id: 5305] SKIPPED: Already updated today (2025-11-30 03:00:04)
[2025-11-30 13:06:05]   [emp_id: 5306] SKIPPED: Already updated today (2025-11-30 03:00:04)
[2025-11-30 13:06:05]   [emp_id: 5307] SKIPPED: Already updated today (2025-11-30 03:00:04)
[2025-11-30 13:06:05]   [emp_id: 5312] SKIPPED: Already updated today (2025-11-30 03:00:04)
[2025-11-30 13:06:05]   [emp_id: 5318] SKIPPED: Already updated today (2025-11-30 03:00:04)
[2025-11-30 13:06:05]   [emp_id: 5325] SKIPPED: Already updated today (2025-11-30 03:00:04)
[2025-11-30 13:06:05]   [emp_id: 5326] SKIPPED: Already updated today (2025-11-30 03:00:04)
[2025-11-30 13:06:05]   [emp_id: 5327] SKIPPED: Already updated today (2025-11-30 03:00:04)
[2025-11-30 13:06:05]   [emp_id: 5328] SKIPPED: Already updated today (2025-11-30 03:00:04)
[2025-11-30 13:06:05]   [emp_id: 5329] SKIPPED: Already updated today (2025-11-30 03:00:04)
[2025-11-30 13:06:05]   [emp_id: 5331] SKIPPED: Already updated today (2025-11-30 03:00:04)
[2025-11-30 13:06:05]   [emp_id: 5337] SKIPPED: Already updated today (2025-11-30 03:00:04)
[2025-11-30 13:06:05]   [emp_id: 5339] SKIPPED: Already updated today (2025-11-30 03:00:04)
[2025-11-30 13:06:05]   [emp_id: 5343] SKIPPED: Already updated today (2025-11-30 03:00:04)
[2025-11-30 13:06:05]   [emp_id: 5343] SKIPPED: Already updated today (2025-11-30 03:00:04)
[2025-11-30 13:06:05]   [emp_id: 5345] SKIPPED: Already updated today (2025-11-30 03:00:04)
[2025-11-30 13:06:05]   [emp_id: 5346] SKIPPED: Already updated today (2025-11-30 03:00:04)
[2025-11-30 13:06:05]   [emp_id: 5351] SKIPPED: Already updated today (2025-11-30 03:00:04)
[2025-11-30 13:06:05]   [emp_id: 5352] SKIPPED: Already updated today (2025-11-30 03:00:04)
[2025-11-30 13:06:05]   [emp_id: 5370] SKIPPED: Already updated today (2025-11-30 03:00:04)
[2025-11-30 13:06:05]   [emp_id: 5371] SKIPPED: Already updated today (2025-11-30 03:00:04)
[2025-11-30 13:06:05]   [emp_id: 5376] SKIPPED: Already updated today (2025-11-30 03:00:04)
[2025-11-30 13:06:05]   [emp_id: 5378] SKIPPED: Already updated today (2025-11-30 03:00:04)
[2025-11-30 13:06:05]   [emp_id: 5380] SKIPPED: Already updated today (2025-11-30 03:00:04)
[2025-11-30 13:06:05]   [emp_id: 5381] SKIPPED: Already updated today (2025-11-30 03:00:04)
[2025-11-30 13:06:05]   [emp_id: 5383] SKIPPED: Already updated today (2025-11-30 03:00:04)
[2025-11-30 13:06:05]   [emp_id: 5388] SKIPPED: Already updated today (2025-11-30 03:00:04)
[2025-11-30 13:06:05]   [emp_id: 5392] SKIPPED: Already updated today (2025-11-30 03:00:04)
[2025-11-30 13:06:05]   [emp_id: 5396] SKIPPED: Already updated today (2025-11-30 03:00:04)
[2025-11-30 13:06:05]   [emp_id: 5397] SKIPPED: Already updated today (2025-11-30 03:00:04)
[2025-11-30 13:06:05]   [emp_id: 5401] SKIPPED: Already updated today (2025-11-30 03:00:04)
[2025-11-30 13:06:05]   [emp_id: 5402] SKIPPED: Already updated today (2025-11-30 03:00:04)
[2025-11-30 13:06:05]   [emp_id: 5406] SKIPPED: Already updated today (2025-11-30 03:00:04)
[2025-11-30 13:06:05]   [emp_id: 5407] SKIPPED: Already updated today (2025-11-30 03:00:04)
[2025-11-30 13:06:05]   [emp_id: 5408] SKIPPED: Already updated today (2025-11-30 03:00:04)
[2025-11-30 13:06:05]   [emp_id: 5409] SKIPPED: Already updated today (2025-11-30 03:00:04)
[2025-11-30 13:06:05]   [emp_id: 5413] SKIPPED: Already updated today (2025-11-30 03:00:04)
[2025-11-30 13:06:05]   [emp_id: 5414] SKIPPED: Already updated today (2025-11-30 03:00:04)
[2025-11-30 13:06:05]   [emp_id: 5415] SKIPPED: Already updated today (2025-11-30 03:00:04)
[2025-11-30 13:06:05]   [emp_id: 5418] SKIPPED: Already updated today (2025-11-30 03:00:04)
[2025-11-30 13:06:05]   [emp_id: 5422] SKIPPED: Already updated today (2025-11-30 03:00:04)
[2025-11-30 13:06:05]   [emp_id: 5423] SKIPPED: Already updated today (2025-11-30 03:00:04)
[2025-11-30 13:06:05]   [emp_id: 5423] SKIPPED: Already updated today (2025-11-30 03:00:04)
[2025-11-30 13:06:05]   [emp_id: 5423] SKIPPED: Already updated today (2025-11-30 03:00:04)
[2025-11-30 13:06:05]   [emp_id: 5424] SKIPPED: Already updated today (2025-11-30 03:00:04)
[2025-11-30 13:06:05]   [emp_id: 5425] SKIPPED: Already updated today (2025-11-30 03:00:04)
[2025-11-30 13:06:05]   [emp_id: 5426] SKIPPED: Already updated today (2025-11-30 03:00:04)
[2025-11-30 13:06:05]   [emp_id: 5426] SKIPPED: Already updated today (2025-11-30 03:00:04)
[2025-11-30 13:06:05]   [emp_id: 5427] SKIPPED: Already updated today (2025-11-30 03:00:04)
[2025-11-30 13:06:05]   [emp_id: 5428] SKIPPED: Already updated today (2025-11-30 03:00:04)
[2025-11-30 13:06:05]   [emp_id: 5430] SKIPPED: Already updated today (2025-11-30 03:00:04)
[2025-11-30 13:06:05]   [emp_id: 5431] SKIPPED: Already updated today (2025-11-30 03:00:04)
[2025-11-30 13:06:05]   [emp_id: 5434] SKIPPED: Already updated today (2025-11-30 03:00:04)
[2025-11-30 13:06:05]   [emp_id: 5435] SKIPPED: Already updated today (2025-11-30 03:00:04)
[2025-11-30 13:06:05]   [emp_id: 5436] SKIPPED: Already updated today (2025-11-30 03:00:04)
[2025-11-30 13:06:05]   [emp_id: 5438] SKIPPED: Already updated today (2025-11-30 03:00:04)
[2025-11-30 13:06:05]   [emp_id: 5439] SKIPPED: Already updated today (2025-11-30 03:00:04)
[2025-11-30 13:06:05]   [emp_id: 5442] SKIPPED: Already updated today (2025-11-30 03:00:04)
[2025-11-30 13:06:05]   [emp_id: 5443] SKIPPED: Already updated today (2025-11-30 03:00:05)
[2025-11-30 13:06:05]   [emp_id: 5445] SKIPPED: Already updated today (2025-11-30 03:00:05)
[2025-11-30 13:06:05]   [emp_id: 5446] SKIPPED: Already updated today (2025-11-30 03:00:05)
[2025-11-30 13:06:05]   [emp_id: 5447] SKIPPED: Already updated today (2025-11-30 03:00:05)
[2025-11-30 13:06:05]   [emp_id: 5448] SKIPPED: Already updated today (2025-11-30 03:00:05)
[2025-11-30 13:06:05]   [emp_id: 5449] SKIPPED: Already updated today (2025-11-30 03:00:05)
[2025-11-30 13:06:05]   [emp_id: 5450] SKIPPED: Already updated today (2025-11-30 03:00:05)
[2025-11-30 13:06:05]   [emp_id: 5451] SKIPPED: Already updated today (2025-11-30 03:00:05)
[2025-11-30 13:06:05]   [emp_id: 5454] SKIPPED: Already updated today (2025-11-30 03:00:05)
[2025-11-30 13:06:05]   [emp_id: 5455] SKIPPED: Already updated today (2025-11-30 03:00:05)
[2025-11-30 13:06:05]   [emp_id: 5456] SKIPPED: Already updated today (2025-11-30 03:00:05)
[2025-11-30 13:06:05] 
[2025-11-30 13:06:05] ========== SUMMARY ==========
[2025-11-30 13:06:05] Total employees processed: 445
[2025-11-30 13:06:05] Records updated: 0
[2025-11-30 13:06:05] Balances changed: 0
[2025-11-30 13:06:05] Errors: 0
[2025-11-30 13:06:05] ========== CRON: Vacation Balance Update Completed ==========
[2025-11-30 13:06:05] 
