[2026-01-28 08:21:12] ========== CRON: Vacation Balance Update Started ==========
[2026-01-28 08:21:13] Database connection established
[2026-01-28 08:21:13] Found 433 active employees with balance records to update
[2026-01-28 08:21:13] (Only employees with status=1 will be processed)
[2026-01-28 08:21:13]   [emp_id: 1061] ✓ Updated: 1.61 → 1.69 (CHANGED)
[2026-01-28 08:21:13]   [emp_id: 1496] ✓ Updated: 18.46 → 18.54 (CHANGED)
[2026-01-28 08:21:13]   [emp_id: 1500] ✓ Updated: 6.14 → 6.22 (CHANGED)
[2026-01-28 08:21:13]   [emp_id: 1574] ✓ Updated: 35.37 → 35.45 (CHANGED)
[2026-01-28 08:21:13]   [emp_id: 1673] ✓ Updated: 46.87 → 46.95 (CHANGED)
[2026-01-28 08:21:13]   [emp_id: 1685] ✓ Updated: 16.79 → 16.87 (CHANGED)
[2026-01-28 08:21:13]   [emp_id: 1764] ✓ Updated: 71.46 → 71.54 (CHANGED)
[2026-01-28 08:21:13]   [emp_id: 1805] ✓ Updated: 65.79 → 65.87 (CHANGED)
[2026-01-28 08:21:13]   [emp_id: 1822] ✓ Updated: 70.54 → 70.62 (CHANGED)
[2026-01-28 08:21:13]   [emp_id: 1837] ✓ Updated: 26.71 → 26.79 (CHANGED)
[2026-01-28 08:21:13]   [emp_id: 1857] ✓ Updated: 22.04 → 22.12 (CHANGED)
[2026-01-28 08:21:13]   [emp_id: 1861] ✓ Updated: 72.87 → 72.95 (CHANGED)
[2026-01-28 08:21:13]   [emp_id: 1872] ✓ Updated: 11.71 → 11.79 (CHANGED)
[2026-01-28 08:21:13]   [emp_id: 1897] ✓ Updated: 7.04 → 7.12 (CHANGED)
[2026-01-28 08:21:13]   [emp_id: 1916] ✓ Updated: 13.34 → 13.42 (CHANGED)
[2026-01-28 08:21:13]   [emp_id: 1928] ✓ Updated: 66.29 → 66.37 (CHANGED)
[2026-01-28 08:21:13]   [emp_id: 1931] ✓ Updated: 86.21 → 86.29 (CHANGED)
[2026-01-28 08:21:13]   [emp_id: 1944] ✓ Updated: 44.37 → 44.45 (CHANGED)
[2026-01-28 08:21:13]   [emp_id: 1996] ✓ Updated: 72.87 → 72.95 (CHANGED)
[2026-01-28 08:21:13]   [emp_id: 1997] ✓ Updated: 38.04 → 38.12 (CHANGED)
[2026-01-28 08:21:13]   [emp_id: 1998] ✓ Updated: 29.48 → 29.56 (CHANGED)
[2026-01-28 08:21:13]   [emp_id: 1999] ✓ Updated: 30.48 → 30.56 (CHANGED)
[2026-01-28 08:21:13]   [emp_id: 2009] ✓ Updated: 36.79 → 36.87 (CHANGED)
[2026-01-28 08:21:13]   [emp_id: 2048] ✓ Updated: 26.62 → 26.7 (CHANGED)
[2026-01-28 08:21:13]   [emp_id: 2057] ✓ Updated: 67.46 → 67.54 (CHANGED)
[2026-01-28 08:21:13]   [emp_id: 2079] ✓ Updated: 49.79 → 49.87 (CHANGED)
[2026-01-28 08:21:13]   [emp_id: 2181] ✓ Updated: 38.79 → 38.87 (CHANGED)
[2026-01-28 08:21:13]   [emp_id: 2190] ✓ Updated: 8.12 → 8.2 (CHANGED)
[2026-01-28 08:21:13]   [emp_id: 2212] ✓ Updated: 26.12 → 26.2 (CHANGED)
[2026-01-28 08:21:13]   [emp_id: 2226] ✓ Updated: 70.87 → 70.95 (CHANGED)
[2026-01-28 08:21:13]   [emp_id: 2238] ✓ Updated: 69.12 → 69.2 (CHANGED)
[2026-01-28 08:21:13]   [emp_id: 2285] ✓ Updated: 37.79 → 37.87 (CHANGED)
[2026-01-28 08:21:13]   [emp_id: 2287] ✓ Updated: 49.46 → 49.54 (CHANGED)
[2026-01-28 08:21:13]   [emp_id: 2288] ✓ Updated: 4.48 → 4.56 (CHANGED)
[2026-01-28 08:21:13]   [emp_id: 2316] ✓ Updated: 18.29 → 18.37 (CHANGED)
[2026-01-28 08:21:13]   [emp_id: 2337] ✓ Updated: 39.37 → 39.45 (CHANGED)
[2026-01-28 08:21:14]   [emp_id: 2352] ✓ Updated: 70.87 → 70.95 (CHANGED)
[2026-01-28 08:21:14]   [emp_id: 2358] ✓ Updated: 7.37 → 7.45 (CHANGED)
[2026-01-28 08:21:14]   [emp_id: 2361] ✓ Updated: 73.04 → 73.12 (CHANGED)
[2026-01-28 08:21:14]   [emp_id: 2363] ✓ Updated: 75.62 → 75.7 (CHANGED)
[2026-01-28 08:21:14]   [emp_id: 2364] ✓ Updated: 75.04 → 75.12 (CHANGED)
[2026-01-28 08:21:14]   [emp_id: 2367] ✓ Updated: 102.71 → 102.79 (CHANGED)
[2026-01-28 08:21:14]   [emp_id: 2368] ✓ Updated: 33.12 → 33.2 (CHANGED)
[2026-01-28 08:21:14]   [emp_id: 2372] ✓ Updated: 70.37 → 70.45 (CHANGED)
[2026-01-28 08:21:14]   [emp_id: 2376] ✓ Updated: 120.37 → 120.45 (CHANGED)
[2026-01-28 08:21:14]   [emp_id: 2423] ✓ Updated: 21.12 → 21.2 (CHANGED)
[2026-01-28 08:21:14]   [emp_id: 2519] ✓ Updated: 114.79 → 114.87 (CHANGED)
[2026-01-28 08:21:14]   [emp_id: 2522] ✓ Updated: 58.37 → 58.45 (CHANGED)
[2026-01-28 08:21:14]   [emp_id: 2530] ✓ Updated: 53.62 → 53.7 (CHANGED)
[2026-01-28 08:21:14]   [emp_id: 2539] ✓ Updated: 50.37 → 50.45 (CHANGED)
[2026-01-28 08:21:14]   [emp_id: 2541] ✓ Updated: 30.96 → 31.04 (CHANGED)
[2026-01-28 08:21:14]   [emp_id: 2550] ✓ Updated: 97.12 → 97.2 (CHANGED)
[2026-01-28 08:21:14]   [emp_id: 2553] ✓ Updated: 34.23 → 34.31 (CHANGED)
[2026-01-28 08:21:14]   [emp_id: 2554] ✓ Updated: 40.71 → 40.79 (CHANGED)
[2026-01-28 08:21:14]   [emp_id: 2565] ✓ Updated: 95.29 → 95.37 (CHANGED)
[2026-01-28 08:21:14]   [emp_id: 2572] ✓ Updated: 45.29 → 45.37 (CHANGED)
[2026-01-28 08:21:14]   [emp_id: 2637] ✓ Updated: 65.87 → 65.95 (CHANGED)
[2026-01-28 08:21:14]   [emp_id: 2642] ✓ Updated: 78.62 → 78.7 (CHANGED)
[2026-01-28 08:21:14]   [emp_id: 2645] ✓ Updated: 94.62 → 94.7 (CHANGED)
[2026-01-28 08:21:14]   [emp_id: 2648] ✓ Updated: 46.29 → 46.37 (CHANGED)
[2026-01-28 08:21:14]   [emp_id: 2654] ✓ Updated: 88.96 → 89.04 (CHANGED)
[2026-01-28 08:21:14]   [emp_id: 2688] ✓ Updated: 27.04 → 27.12 (CHANGED)
[2026-01-28 08:21:14]   [emp_id: 2690] ✓ Updated: 15.79 → 15.87 (CHANGED)
[2026-01-28 08:21:14]   [emp_id: 2709] ✓ Updated: 38.04 → 38.12 (CHANGED)
[2026-01-28 08:21:14]   [emp_id: 2745] ✓ Updated: 34.62 → 34.7 (CHANGED)
[2026-01-28 08:21:14]   [emp_id: 2843] ✓ Updated: 81.21 → 81.29 (CHANGED)
[2026-01-28 08:21:14]   [emp_id: 2854] ✓ Updated: 61.12 → 61.2 (CHANGED)
[2026-01-28 08:21:14]   [emp_id: 2869] ✓ Updated: 5.04 → 5.12 (CHANGED)
[2026-01-28 08:21:14]   [emp_id: 2876] ✓ Updated: 35.87 → 35.95 (CHANGED)
[2026-01-28 08:21:14]   [emp_id: 2924] ✓ Updated: 17.04 → 17.12 (CHANGED)
[2026-01-28 08:21:14]   [emp_id: 2953] ✓ Updated: 102.79 → 102.87 (CHANGED)
[2026-01-28 08:21:14]   [emp_id: 2961] ✓ Updated: 12.79 → 12.87 (CHANGED)
[2026-01-28 08:21:14]   [emp_id: 2975] ✓ Updated: 2.47 → 2.55 (CHANGED)
[2026-01-28 08:21:14]   [emp_id: 3013] ✓ Updated: 11.79 → 11.87 (CHANGED)
[2026-01-28 08:21:14]   [emp_id: 3014] ✓ Updated: 91.04 → 91.12 (CHANGED)
[2026-01-28 08:21:14]   [emp_id: 3015] ✓ Updated: 2.29 → 2.37 (CHANGED)
[2026-01-28 08:21:14]   [emp_id: 3018] ✓ Updated: 61.04 → 61.12 (CHANGED)
[2026-01-28 08:21:14]   [emp_id: 3025] ✓ Updated: 24.81 → 24.89 (CHANGED)
[2026-01-28 08:21:14]   [emp_id: 3037] ✓ Updated: 84.54 → 84.62 (CHANGED)
[2026-01-28 08:21:14]   [emp_id: 3047] ✓ Updated: 72.79 → 72.87 (CHANGED)
[2026-01-28 08:21:14]   [emp_id: 3061] ✓ Updated: 19.71 → 19.79 (CHANGED)
[2026-01-28 08:21:14]   [emp_id: 3062] ✓ Updated: 52.87 → 52.95 (CHANGED)
[2026-01-28 08:21:14]   [emp_id: 3074] ✓ Updated: 109.29 → 109.37 (CHANGED)
[2026-01-28 08:21:15]   [emp_id: 3089] ✓ Updated: 8.21 → 8.29 (CHANGED)
[2026-01-28 08:21:15]   [emp_id: 3090] ✓ Updated: 34.79 → 34.87 (CHANGED)
[2026-01-28 08:21:15]   [emp_id: 3091] ✓ Updated: 46.79 → 46.87 (CHANGED)
[2026-01-28 08:21:15]   [emp_id: 3092] ✓ Updated: 29.46 → 29.54 (CHANGED)
[2026-01-28 08:21:15]   [emp_id: 3105] ✓ Updated: 49.79 → 49.87 (CHANGED)
[2026-01-28 08:21:15]   [emp_id: 3134] ✓ Updated: 45.54 → 45.62 (CHANGED)
[2026-01-28 08:21:15]   [emp_id: 3140] ✓ Updated: 42.62 → 42.7 (CHANGED)
[2026-01-28 08:21:15]   [emp_id: 3144] ✓ Updated: 15.46 → 15.54 (CHANGED)
[2026-01-28 08:21:15]   [emp_id: 3156] ✓ Updated: 18.79 → 18.87 (CHANGED)
[2026-01-28 08:21:15]   [emp_id: 3162] ✓ Updated: 3.77 → 3.85 (CHANGED)
[2026-01-28 08:21:15]   [emp_id: 3163] ✓ Updated: 7.04 → 7.12 (CHANGED)
[2026-01-28 08:21:15]   [emp_id: 3198] ✓ Updated: 42.04 → 42.12 (CHANGED)
[2026-01-28 08:21:15]   [emp_id: 3205] ✓ Updated: 18.71 → 18.79 (CHANGED)
[2026-01-28 08:21:15]   [emp_id: 3209] ✓ Updated: 42.87 → 42.95 (CHANGED)
[2026-01-28 08:21:15]   [emp_id: 3223] ✓ Updated: 91.79 → 91.87 (CHANGED)
[2026-01-28 08:21:15]   [emp_id: 3224] ✓ Updated: 66.54 → 66.62 (CHANGED)
[2026-01-28 08:21:15]   [emp_id: 3230] ✓ Updated: 89.96 → 90.04 (CHANGED)
[2026-01-28 08:21:15]   [emp_id: 3231] ✓ Updated: 2.33 → 2.41 (CHANGED)
[2026-01-28 08:21:15]   [emp_id: 3233] ✓ Updated: 82.79 → 82.87 (CHANGED)
[2026-01-28 08:21:15]   [emp_id: 3249] ✓ Updated: 38.62 → 38.7 (CHANGED)
[2026-01-28 08:21:15]   [emp_id: 3250] ✓ Updated: 11.62 → 11.7 (CHANGED)
[2026-01-28 08:21:15]   [emp_id: 3252] ✓ Updated: 12.54 → 12.62 (CHANGED)
[2026-01-28 08:21:15]   [emp_id: 3254] ✓ Updated: 23.04 → 23.12 (CHANGED)
[2026-01-28 08:21:15]   [emp_id: 3255] ✓ Updated: 19.46 → 19.54 (CHANGED)
[2026-01-28 08:21:15]   [emp_id: 3256] ✓ Updated: 15.71 → 15.79 (CHANGED)
[2026-01-28 08:21:15]   [emp_id: 3263] ✓ Updated: 31.79 → 31.87 (CHANGED)
[2026-01-28 08:21:15]   [emp_id: 3265] ✓ Updated: 27.37 → 27.45 (CHANGED)
[2026-01-28 08:21:15]   [emp_id: 3280] ✓ Updated: 74.29 → 74.37 (CHANGED)
[2026-01-28 08:21:15]   [emp_id: 3286] ✓ Updated: 17.46 → 17.54 (CHANGED)
[2026-01-28 08:21:15]   [emp_id: 3294] ✓ Updated: 17.12 → 17.2 (CHANGED)
[2026-01-28 08:21:15]   [emp_id: 3321] ✓ Updated: 74.29 → 74.37 (CHANGED)
[2026-01-28 08:21:15]   [emp_id: 3325] ✓ Updated: 62.04 → 62.12 (CHANGED)
[2026-01-28 08:21:15]   [emp_id: 3329] ✓ Updated: 64.37 → 64.45 (CHANGED)
[2026-01-28 08:21:15]   [emp_id: 3330] ✓ Updated: 64.37 → 64.45 (CHANGED)
[2026-01-28 08:21:15]   [emp_id: 3332] ✓ Updated: 64.37 → 64.45 (CHANGED)
[2026-01-28 08:21:15]   [emp_id: 3370] ✓ Updated: 55.88 → 55.96 (CHANGED)
[2026-01-28 08:21:15]   [emp_id: 3384] ✓ Updated: 16.54 → 16.62 (CHANGED)
[2026-01-28 08:21:15]   [emp_id: 3386] ✓ Updated: 46.54 → 46.62 (CHANGED)
[2026-01-28 08:21:15]   [emp_id: 3431] ✓ Updated: 20.96 → 21.04 (CHANGED)
[2026-01-28 08:21:15]   [emp_id: 3497] ✓ Updated: 11.12 → 11.2 (CHANGED)
[2026-01-28 08:21:15]   [emp_id: 3532] ✓ Updated: 1.96 → 2.04 (CHANGED)
[2026-01-28 08:21:15]   [emp_id: 3602] ✓ Updated: 3.53 → 3.61 (CHANGED)
[2026-01-28 08:21:15]   [emp_id: 3618] ✓ Updated: 25.51 → 25.59 (CHANGED)
[2026-01-28 08:21:15]   [emp_id: 3622] ✓ Updated: 35.97 → 36.03 (CHANGED)
[2026-01-28 08:21:15]   [emp_id: 3627] ✓ Updated: 11.46 → 11.54 (CHANGED)
[2026-01-28 08:21:15]   [emp_id: 3665] ✓ Updated: 53.04 → 53.12 (CHANGED)
[2026-01-28 08:21:16]   [emp_id: 3705] ✓ Updated: 29.3 → 29.36 (CHANGED)
[2026-01-28 08:21:16]   [emp_id: 3724] ✓ Updated: 46.04 → 46.12 (CHANGED)
[2026-01-28 08:21:16]   [emp_id: 3726] ✓ Updated: 62.46 → 62.54 (CHANGED)
[2026-01-28 08:21:16]   [emp_id: 3727] ✓ Updated: 67.54 → 67.62 (CHANGED)
[2026-01-28 08:21:16]   [emp_id: 3728] ✓ Updated: 11.87 → 11.95 (CHANGED)
[2026-01-28 08:21:16]   [emp_id: 3767] ✓ Updated: 2.62 → 2.7 (CHANGED)
[2026-01-28 08:21:16]   [emp_id: 3768] ✓ Updated: 58.87 → 58.95 (CHANGED)
[2026-01-28 08:21:16]   [emp_id: 3787] ✓ Updated: 59.46 → 59.54 (CHANGED)
[2026-01-28 08:21:16]   [emp_id: 3790] ✓ Updated: 4.01 → 4.09 (CHANGED)
[2026-01-28 08:21:16]   [emp_id: 3795] ✓ Updated: 16.96 → 17.04 (CHANGED)
[2026-01-28 08:21:16]   [emp_id: 3798] ✓ Updated: 95.37 → 95.45 (CHANGED)
[2026-01-28 08:21:16]   [emp_id: 3801] ✓ Updated: 3.64 → 3.72 (CHANGED)
[2026-01-28 08:21:16]   [emp_id: 3802] ✓ Updated: 32.62 → 32.7 (CHANGED)
[2026-01-28 08:21:16]   [emp_id: 3803] ✓ Updated: 117.04 → 117.12 (CHANGED)
[2026-01-28 08:21:16]   [emp_id: 3810] ✓ Updated: 63.04 → 63.12 (CHANGED)
[2026-01-28 08:21:16]   [emp_id: 3812] ✓ Updated: 92.04 → 92.12 (CHANGED)
[2026-01-28 08:21:16]   [emp_id: 3815] ✓ Updated: 92.04 → 92.12 (CHANGED)
[2026-01-28 08:21:16]   [emp_id: 3836] ✓ Updated: 59.71 → 59.79 (CHANGED)
[2026-01-28 08:21:16]   [emp_id: 3855] ✓ Updated: 52.87 → 52.95 (CHANGED)
[2026-01-28 08:21:16]   [emp_id: 3857] ✓ Updated: 56.54 → 56.62 (CHANGED)
[2026-01-28 08:21:16]   [emp_id: 3862] ✓ Updated: 104.62 → 104.7 (CHANGED)
[2026-01-28 08:21:16]   [emp_id: 3866] ✓ Updated: 29.87 → 29.95 (CHANGED)
[2026-01-28 08:21:16]   [emp_id: 3876] ✓ Updated: 26.04 → 26.12 (CHANGED)
[2026-01-28 08:21:16]   [emp_id: 3877] ✓ Updated: 51.54 → 51.62 (CHANGED)
[2026-01-28 08:21:16]   [emp_id: 3897] ✓ Updated: 39.79 → 39.87 (CHANGED)
[2026-01-28 08:21:16]   [emp_id: 3899] ✓ Updated: 1.61 → 1.69 (CHANGED)
[2026-01-28 08:21:16]   [emp_id: 3928] ✓ Updated: 15.87 → 15.95 (CHANGED)
[2026-01-28 08:21:16]   [emp_id: 3929] ✓ Updated: 10.87 → 10.95 (CHANGED)
[2026-01-28 08:21:16]   [emp_id: 3935] ✓ Updated: 95.87 → 95.95 (CHANGED)
[2026-01-28 08:21:16]   [emp_id: 3952] ✓ Updated: 77.21 → 77.29 (CHANGED)
[2026-01-28 08:21:16]   [emp_id: 3987] ✓ Updated: 16.12 → 16.2 (CHANGED)
[2026-01-28 08:21:16]   [emp_id: 4059] ✓ Updated: 5.32 → 5.4 (CHANGED)
[2026-01-28 08:21:16]   [emp_id: 4119] ✓ Updated: 58.79 → 58.87 (CHANGED)
[2026-01-28 08:21:16]   [emp_id: 4120] ✓ Updated: 28.37 → 28.45 (CHANGED)
[2026-01-28 08:21:16]   [emp_id: 4124] ✓ Updated: 28.89 → 28.97 (CHANGED)
[2026-01-28 08:21:16]   [emp_id: 4133] ✓ Updated: 107.37 → 107.45 (CHANGED)
[2026-01-28 08:21:16]   [emp_id: 4134] ✓ Updated: 28.37 → 28.45 (CHANGED)
[2026-01-28 08:21:16]   [emp_id: 4136] ✓ Updated: 28.37 → 28.45 (CHANGED)
[2026-01-28 08:21:16]   [emp_id: 4150] ✓ Updated: 27.04 → 27.12 (CHANGED)
[2026-01-28 08:21:16]   [emp_id: 4157] ✓ Updated: 20.54 → 20.62 (CHANGED)
[2026-01-28 08:21:16]   [emp_id: 4172] ✓ Updated: 13.88 → 13.94 (CHANGED)
[2026-01-28 08:21:16]   [emp_id: 4195] ✓ Updated: 64.12 → 64.2 (CHANGED)
[2026-01-28 08:21:16]   [emp_id: 4215] ✓ Updated: 46.79 → 46.87 (CHANGED)
[2026-01-28 08:21:16]   [emp_id: 4220] ✓ Updated: 42.37 → 42.45 (CHANGED)
[2026-01-28 08:21:16]   [emp_id: 4273] ✓ Updated: 11.04 → 11.12 (CHANGED)
[2026-01-28 08:21:16]   [emp_id: 4283] ✓ Updated: 14.97 → 15.03 (CHANGED)
[2026-01-28 08:21:16]   [emp_id: 4288] ✓ Updated: 1.61 → 1.69 (CHANGED)
[2026-01-28 08:21:16]   [emp_id: 4315] ✓ Updated: 14.29 → 14.37 (CHANGED)
[2026-01-28 08:21:16]   [emp_id: 4328] ✓ Updated: 43.8 → 43.86 (CHANGED)
[2026-01-28 08:21:17]   [emp_id: 4329] ✓ Updated: 7.46 → 7.54 (CHANGED)
[2026-01-28 08:21:17]   [emp_id: 4338] ✓ Updated: 49.04 → 49.12 (CHANGED)
[2026-01-28 08:21:17]   [emp_id: 4340] ✓ Updated: 111.04 → 111.12 (CHANGED)
[2026-01-28 08:21:17]   [emp_id: 4365] ✓ Updated: 62.46 → 62.54 (CHANGED)
[2026-01-28 08:21:17]   [emp_id: 4366] ✓ Updated: 61.54 → 61.62 (CHANGED)
[2026-01-28 08:21:17]   [emp_id: 4403] ✓ Updated: 87.37 → 87.45 (CHANGED)
[2026-01-28 08:21:17]   [emp_id: 4438] ✓ Updated: 23.04 → 23.12 (CHANGED)
[2026-01-28 08:21:17]   [emp_id: 4465] ✓ Updated: 14.13 → 14.19 (CHANGED)
[2026-01-28 08:21:17]   [emp_id: 4473] ✓ Updated: 46.62 → 46.7 (CHANGED)
[2026-01-28 08:21:17]   [emp_id: 4474] ✓ Updated: 4.64 → 4.7 (CHANGED)
[2026-01-28 08:21:17]   [emp_id: 4493] ✓ Updated: 165.46 → 165.54 (CHANGED)
[2026-01-28 08:21:17]   [emp_id: 4526] ✓ Updated: 37.71 → 37.79 (CHANGED)
[2026-01-28 08:21:17]   [emp_id: 4528] ✓ Updated: 109.46 → 109.54 (CHANGED)
[2026-01-28 08:21:17]   [emp_id: 4528] ✓ Updated: 109.46 → 109.54 (CHANGED)
[2026-01-28 08:21:17]   [emp_id: 4532] ✓ Updated: 9.25 → 9.31 (CHANGED)
[2026-01-28 08:21:17]   [emp_id: 4533] ✓ Updated: 37.87 → 37.95 (CHANGED)
[2026-01-28 08:21:17]   [emp_id: 4565] ✓ Updated: 16.63 → 16.69 (CHANGED)
[2026-01-28 08:21:17]   [emp_id: 4567] ✓ Updated: 20.88 → 20.94 (CHANGED)
[2026-01-28 08:21:17]   [emp_id: 4572] ✓ Updated: 60.38 → 60.44 (CHANGED)
[2026-01-28 08:21:17]   [emp_id: 4631] ✓ Updated: 16.63 → 16.69 (CHANGED)
[2026-01-28 08:21:17]   [emp_id: 4655] ✓ Updated: 26.79 → 26.87 (CHANGED)
[2026-01-28 08:21:17]   [emp_id: 4709] ✓ Updated: 42.04 → 42.12 (CHANGED)
[2026-01-28 08:21:17]   [emp_id: 4717] ✓ Updated: 68.04 → 68.12 (CHANGED)
[2026-01-28 08:21:17]   [emp_id: 4736] ✓ Updated: 29.87 → 29.95 (CHANGED)
[2026-01-28 08:21:17]   [emp_id: 4756] ✓ Updated: 13.07 → 13.13 (CHANGED)
[2026-01-28 08:21:17]   [emp_id: 4768] ✓ Updated: 15.54 → 15.62 (CHANGED)
[2026-01-28 08:21:17]   [emp_id: 4780] ✓ Updated: 66.8 → 66.86 (CHANGED)
[2026-01-28 08:21:17]   [emp_id: 4820] ✓ Updated: 100.87 → 100.95 (CHANGED)
[2026-01-28 08:21:17]   [emp_id: 4824] ✓ Updated: 4.05 → 4.13 (CHANGED)
[2026-01-28 08:21:17]   [emp_id: 4825] ✓ Updated: 32.62 → 32.7 (CHANGED)
[2026-01-28 08:21:17]   [emp_id: 4837] ✓ Updated: 46.79 → 46.85 (CHANGED)
[2026-01-28 08:21:17]   [emp_id: 4840] ✓ Updated: 46.79 → 46.85 (CHANGED)
[2026-01-28 08:21:17]   [emp_id: 4842] ✓ Updated: 46.03 → 46.09 (CHANGED)
[2026-01-28 08:21:17]   [emp_id: 4843] ✓ Updated: 46.56 → 46.62 (CHANGED)
[2026-01-28 08:21:17]   [emp_id: 4853] ✓ Updated: 90.38 → 90.44 (CHANGED)
[2026-01-28 08:21:17]   [emp_id: 4856] ✓ Updated: 43.7 → 43.76 (CHANGED)
[2026-01-28 08:21:17]   [emp_id: 4857] ✓ Updated: 26.52 → 26.58 (CHANGED)
[2026-01-28 08:21:17]   [emp_id: 4858] ✓ Updated: 23.4 → 23.46 (CHANGED)
[2026-01-28 08:21:17]   [emp_id: 4859] ✓ Updated: 44.87 → 44.93 (CHANGED)
[2026-01-28 08:21:17]   [emp_id: 4860] ✓ Updated: 9.37 → 9.43 (CHANGED)
[2026-01-28 08:21:17]   [emp_id: 4861] ✓ Updated: 42.83 → 42.89 (CHANGED)
[2026-01-28 08:21:17]   [emp_id: 4869] ✓ Updated: 85.71 → 85.77 (CHANGED)
[2026-01-28 08:21:17]   [emp_id: 4894] ✓ Updated: 9.54 → 9.62 (CHANGED)
[2026-01-28 08:21:17]   [emp_id: 4897] ✓ Updated: 24.61 → 24.67 (CHANGED)
[2026-01-28 08:21:17]   [emp_id: 4899] ✓ Updated: 20.78 → 20.84 (CHANGED)
[2026-01-28 08:21:18]   [emp_id: 4902] ✓ Updated: 20.2 → 20.26 (CHANGED)
[2026-01-28 08:21:18]   [emp_id: 4903] ✓ Updated: 22.42 → 22.48 (CHANGED)
[2026-01-28 08:21:18]   [emp_id: 4905] ✓ Updated: 21.08 → 21.14 (CHANGED)
[2026-01-28 08:21:18]   [emp_id: 4907] ✓ Updated: 49.62 → 49.7 (CHANGED)
[2026-01-28 08:21:18]   [emp_id: 4917] ✓ Updated: 18.04 → 18.1 (CHANGED)
[2026-01-28 08:21:18]   [emp_id: 4918] ✓ Updated: 7.81 → 7.87 (CHANGED)
[2026-01-28 08:21:18]   [emp_id: 4919] ✓ Updated: 60.1 → 60.16 (CHANGED)
[2026-01-28 08:21:18]   [emp_id: 4920] ✓ Updated: 7.18 → 7.24 (CHANGED)
[2026-01-28 08:21:18]   [emp_id: 4921] ✓ Updated: 19.27 → 19.33 (CHANGED)
[2026-01-28 08:21:18]   [emp_id: 4927] ✓ Updated: 18.1 → 18.16 (CHANGED)
[2026-01-28 08:21:18]   [emp_id: 4929] ✓ Updated: 19.62 → 19.68 (CHANGED)
[2026-01-28 08:21:18]   [emp_id: 4930] ✓ Updated: 60.39 → 60.45 (CHANGED)
[2026-01-28 08:21:18]   [emp_id: 4932] ✓ Updated: 18.39 → 18.45 (CHANGED)
[2026-01-28 08:21:18]   [emp_id: 4933] ✓ Updated: 21.8 → 21.86 (CHANGED)
[2026-01-28 08:21:18]   [emp_id: 4949] ✓ Updated: 25.23 → 25.29 (CHANGED)
[2026-01-28 08:21:18]   [emp_id: 4956] ✓ Updated: 30.82 → 30.88 (CHANGED)
[2026-01-28 08:21:18]   [emp_id: 4957] ✓ Updated: 26.49 → 26.55 (CHANGED)
[2026-01-28 08:21:18]   [emp_id: 4962] ✓ Updated: 48.98 → 49.06 (CHANGED)
[2026-01-28 08:21:18]   [emp_id: 4969] ✓ Updated: 48.29 → 48.37 (CHANGED)
[2026-01-28 08:21:18]   [emp_id: 4976] ✓ Updated: 11.51 → 11.57 (CHANGED)
[2026-01-28 08:21:18]   [emp_id: 4984] ✓ Updated: 39.54 → 39.62 (CHANGED)
[2026-01-28 08:21:18]   [emp_id: 4995] ✓ Updated: 51.61 → 51.69 (CHANGED)
[2026-01-28 08:21:18]   [emp_id: 5004] ✓ Updated: 28.45 → 28.51 (CHANGED)
[2026-01-28 08:21:18]   [emp_id: 5006] ✓ Updated: 28.19 → 28.25 (CHANGED)
[2026-01-28 08:21:18]   [emp_id: 5011] ✓ Updated: 7.39 → 7.47 (CHANGED)
[2026-01-28 08:21:18]   [emp_id: 5013] ✓ Updated: 68.56 → 68.62 (CHANGED)
[2026-01-28 08:21:18]   [emp_id: 5018] ✓ Updated: 5.05 → 5.11 (CHANGED)
[2026-01-28 08:21:18]   [emp_id: 5021] ✓ Updated: 62.64 → 62.72 (CHANGED)
[2026-01-28 08:21:18]   [emp_id: 5024] ✓ Updated: 3.07 → 3.13 (CHANGED)
[2026-01-28 08:21:18]   [emp_id: 5030] ✓ Updated: 33.02 → 33.08 (CHANGED)
[2026-01-28 08:21:18]   [emp_id: 5033] ✓ Updated: 11.82 → 11.88 (CHANGED)
[2026-01-28 08:21:18]   [emp_id: 5043] ✓ Updated: 32.21 → 32.29 (CHANGED)
[2026-01-28 08:21:18]   [emp_id: 5045] ✓ Updated: 28.71 → 28.79 (CHANGED)
[2026-01-28 08:21:18]   [emp_id: 5046] ✓ Updated: 23.9 → 23.98 (CHANGED)
[2026-01-28 08:21:18]   [emp_id: 5049] ✓ Updated: 0.5 → 0.56 (CHANGED)
[2026-01-28 08:21:18]   [emp_id: 5052] ✓ Updated: 31.78 → 31.84 (CHANGED)
[2026-01-28 08:21:18]   [emp_id: 5055] ✓ Updated: 20.22 → 20.28 (CHANGED)
[2026-01-28 08:21:18]   [emp_id: 5058] ✓ Updated: 29.2 → 29.26 (CHANGED)
[2026-01-28 08:21:18]   [emp_id: 5062] ✓ Updated: 41.03 → 41.09 (CHANGED)
[2026-01-28 08:21:18]   [emp_id: 5064] ✓ Updated: 119.54 → 119.62 (CHANGED)
[2026-01-28 08:21:18]   [emp_id: 5065] ✓ Updated: 40.44 → 40.5 (CHANGED)
[2026-01-28 08:21:18]   [emp_id: 5071] ✓ Updated: 25.04 → 25.12 (CHANGED)
[2026-01-28 08:21:18]   [emp_id: 5073] ✓ Updated: 15.04 → 15.1 (CHANGED)
[2026-01-28 08:21:18]   [emp_id: 5079] ✓ Updated: 35.6 → 35.66 (CHANGED)
[2026-01-28 08:21:18]   [emp_id: 5080] ✓ Updated: 28.93 → 28.99 (CHANGED)
[2026-01-28 08:21:19]   [emp_id: 5081] ✓ Updated: 17.19 → 17.25 (CHANGED)
[2026-01-28 08:21:19]   [emp_id: 5087] ✓ Updated: 37.23 → 37.29 (CHANGED)
[2026-01-28 08:21:19]   [emp_id: 5091] ✓ Updated: 77.08 → 77.14 (CHANGED)
[2026-01-28 08:21:19]   [emp_id: 5093] ✓ Updated: 16.21 → 16.29 (CHANGED)
[2026-01-28 08:21:19]   [emp_id: 5095] ✓ Updated: 2.62 → 2.68 (CHANGED)
[2026-01-28 08:21:19]   [emp_id: 5101] ✓ Updated: 18.29 → 18.37 (CHANGED)
[2026-01-28 08:21:19]   [emp_id: 5107] ✓ Updated: 16.62 → 16.7 (CHANGED)
[2026-01-28 08:21:19]   [emp_id: 5109] ✓ Updated: 13.87 → 13.95 (CHANGED)
[2026-01-28 08:21:19]   [emp_id: 5119] ✓ Updated: 12.04 → 12.12 (CHANGED)
[2026-01-28 08:21:19]   [emp_id: 5122] ✓ Updated: 9.21 → 9.29 (CHANGED)
[2026-01-28 08:21:19]   [emp_id: 5126] ✓ Updated: 27.96 → 28.02 (CHANGED)
[2026-01-28 08:21:19]   [emp_id: 5127] ✓ Updated: 16.75 → 16.81 (CHANGED)
[2026-01-28 08:21:19]   [emp_id: 5128] ✓ Updated: 27.9 → 27.96 (CHANGED)
[2026-01-28 08:21:19]   [emp_id: 5138] ✓ Updated: 51.87 → 51.95 (CHANGED)
[2026-01-28 08:21:19]   [emp_id: 5138] ✓ Updated: 51.87 → 51.95 (CHANGED)
[2026-01-28 08:21:19]   [emp_id: 5141] ✓ Updated: 36.27 → 36.33 (CHANGED)
[2026-01-28 08:21:19]   [emp_id: 5142] ✓ Updated: 15.27 → 15.33 (CHANGED)
[2026-01-28 08:21:19]   [emp_id: 5146] ✓ Updated: 22.27 → 22.33 (CHANGED)
[2026-01-28 08:21:19]   [emp_id: 5147] ✓ Updated: 21.27 → 21.33 (CHANGED)
[2026-01-28 08:21:19]   [emp_id: 5148] ✓ Updated: 26.62 → 26.68 (CHANGED)
[2026-01-28 08:21:19]   [emp_id: 5149] ✓ Updated: 25.51 → 25.57 (CHANGED)
[2026-01-28 08:21:19]   [emp_id: 5150] ✓ Updated: 24.87 → 24.93 (CHANGED)
[2026-01-28 08:21:19]   [emp_id: 5151] ✓ Updated: 24.69 → 24.75 (CHANGED)
[2026-01-28 08:21:19]   [emp_id: 5152] ✓ Updated: 5.11 → 5.17 (CHANGED)
[2026-01-28 08:21:19]   [emp_id: 5157] ✓ Updated: 24.69 → 24.75 (CHANGED)
[2026-01-28 08:21:19]   [emp_id: 5160] ✓ Updated: 24.69 → 24.75 (CHANGED)
[2026-01-28 08:21:19]   [emp_id: 5163] ✓ Updated: 22.48 → 22.54 (CHANGED)
[2026-01-28 08:21:19]   [emp_id: 5165] ✓ Updated: 3.31 → 3.39 (CHANGED)
[2026-01-28 08:21:19]   [emp_id: 5167] ✓ Updated: 31.63 → 31.69 (CHANGED)
[2026-01-28 08:21:19]   [emp_id: 5168] ✓ Updated: 24.17 → 24.23 (CHANGED)
[2026-01-28 08:21:19]   [emp_id: 5173] ✓ Updated: 26.96 → 27.04 (CHANGED)
[2026-01-28 08:21:19]   [emp_id: 5174] ✓ Updated: 24.63 → 24.69 (CHANGED)
[2026-01-28 08:21:19]   [emp_id: 5181] ✓ Updated: 21.02 → 21.08 (CHANGED)
[2026-01-28 08:21:19]   [emp_id: 5186] ✓ Updated: 26.55 → 26.61 (CHANGED)
[2026-01-28 08:21:19]   [emp_id: 5187] ✓ Updated: 37.55 → 37.61 (CHANGED)
[2026-01-28 08:21:19]   [emp_id: 5204] ✓ Updated: 24.46 → 24.54 (CHANGED)
[2026-01-28 08:21:19]   [emp_id: 5205] ✓ Updated: 13.76 → 13.82 (CHANGED)
[2026-01-28 08:21:19]   [emp_id: 5209] ✓ Updated: 16.76 → 16.82 (CHANGED)
[2026-01-28 08:21:19]   [emp_id: 5213] ✓ Updated: 4.17 → 4.23 (CHANGED)
[2026-01-28 08:21:19]   [emp_id: 5214] ✓ Updated: 3.01 → 3.07 (CHANGED)
[2026-01-28 08:21:19]   [emp_id: 5215] ✓ Updated: 11.76 → 11.82 (CHANGED)
[2026-01-28 08:21:19]   [emp_id: 5217] ✓ Updated: 10.76 → 10.82 (CHANGED)
[2026-01-28 08:21:19]   [emp_id: 5219] ✓ Updated: 14.76 → 14.82 (CHANGED)
[2026-01-28 08:21:19]   [emp_id: 5221] ✓ Updated: 4.07 → 4.13 (CHANGED)
[2026-01-28 08:21:19]   [emp_id: 5224] ✓ Updated: 15.76 → 15.82 (CHANGED)
[2026-01-28 08:21:19]   [emp_id: 5225] ✓ Updated: 8.07 → 8.13 (CHANGED)
[2026-01-28 08:21:19]   [emp_id: 5228] ✓ Updated: 10.76 → 10.82 (CHANGED)
[2026-01-28 08:21:19]   [emp_id: 5229] ✓ Updated: 6.76 → 6.82 (CHANGED)
[2026-01-28 08:21:19]   [emp_id: 5230] ✓ Updated: 11.43 → 11.49 (CHANGED)
[2026-01-28 08:21:19]   [emp_id: 5231] ✓ Updated: 7.76 → 7.82 (CHANGED)
[2026-01-28 08:21:19]   [emp_id: 5232] ✓ Updated: 1.76 → 1.82 (CHANGED)
[2026-01-28 08:21:20]   [emp_id: 5233] ✓ Updated: 5.76 → 5.82 (CHANGED)
[2026-01-28 08:21:20]   [emp_id: 5234] ✓ Updated: 5.76 → 5.82 (CHANGED)
[2026-01-28 08:21:20]   [emp_id: 5235] ✓ Updated: 1.2 → 1.26 (CHANGED)
[2026-01-28 08:21:20]   [emp_id: 5237] ✓ Updated: 12.01 → 12.07 (CHANGED)
[2026-01-28 08:21:20]   [emp_id: 5239] ✓ Updated: 8.76 → 8.82 (CHANGED)
[2026-01-28 08:21:20]   [emp_id: 5241] ✓ Updated: 6.76 → 6.82 (CHANGED)
[2026-01-28 08:21:20]   [emp_id: 5242] ✓ Updated: 16.76 → 16.82 (CHANGED)
[2026-01-28 08:21:20]   [emp_id: 5243] ✓ Updated: 3.17 → 3.23 (CHANGED)
[2026-01-28 08:21:20]   [emp_id: 5244] ✓ Updated: 1.2 → 1.26 (CHANGED)
[2026-01-28 08:21:20]   [emp_id: 5246] ✓ Updated: 12.76 → 12.82 (CHANGED)
[2026-01-28 08:21:20]   [emp_id: 5253] ✓ Updated: 25.63 → 25.69 (CHANGED)
[2026-01-28 08:21:20]   [emp_id: 5254] ✓ Updated: 13.61 → 13.67 (CHANGED)
[2026-01-28 08:21:20]   [emp_id: 5257] ✓ Updated: 13.32 → 13.38 (CHANGED)
[2026-01-28 08:21:20]   [emp_id: 5259] ✓ Updated: 49.85 → 49.91 (CHANGED)
[2026-01-28 08:21:20]   [emp_id: 5261] ✓ Updated: 18.06 → 18.14 (CHANGED)
[2026-01-28 08:21:20]   [emp_id: 5264] ✓ Updated: 15.33 → 15.39 (CHANGED)
[2026-01-28 08:21:20]   [emp_id: 5266] ✓ Updated: 21.95 → 22.01 (CHANGED)
[2026-01-28 08:21:20]   [emp_id: 5268] ✓ Updated: 10.52 → 10.58 (CHANGED)
[2026-01-28 08:21:20]   [emp_id: 5271] ✓ Updated: 9.18 → 9.24 (CHANGED)
[2026-01-28 08:21:20]   [emp_id: 5272] ✓ Updated: 10.05 → 10.11 (CHANGED)
[2026-01-28 08:21:20]   [emp_id: 5273] ✓ Updated: 25.12 → 25.18 (CHANGED)
[2026-01-28 08:21:20]   [emp_id: 5275] ✓ Updated: 10.87 → 10.93 (CHANGED)
[2026-01-28 08:21:20]   [emp_id: 5276] ✓ Updated: 25.14 → 25.2 (CHANGED)
[2026-01-28 08:21:20]   [emp_id: 5278] ✓ Updated: 9.53 → 9.59 (CHANGED)
[2026-01-28 08:21:20]   [emp_id: 5280] ✓ Updated: 19.93 → 19.99 (CHANGED)
[2026-01-28 08:21:20]   [emp_id: 5282] ✓ Updated: 13.54 → 13.62 (CHANGED)
[2026-01-28 08:21:20]   [emp_id: 5285] ✓ Updated: 29.93 → 29.99 (CHANGED)
[2026-01-28 08:21:20]   [emp_id: 5286] ✓ Updated: 16.93 → 16.99 (CHANGED)
[2026-01-28 08:21:20]   [emp_id: 5287] ✓ Updated: 51.23 → 51.29 (CHANGED)
[2026-01-28 08:21:20]   [emp_id: 5288] ✓ Updated: 8.5 → 8.56 (CHANGED)
[2026-01-28 08:21:20]   [emp_id: 5289] ✓ Updated: 49.78 → 49.84 (CHANGED)
[2026-01-28 08:21:20]   [emp_id: 5290] ✓ Updated: 48.55 → 48.61 (CHANGED)
[2026-01-28 08:21:20]   [emp_id: 5291] ✓ Updated: 6.55 → 6.61 (CHANGED)
[2026-01-28 08:21:20]   [emp_id: 5292] ✓ Updated: 6.49 → 6.55 (CHANGED)
[2026-01-28 08:21:20]   [emp_id: 5293] ✓ Updated: 9.8 → 9.88 (CHANGED)
[2026-01-28 08:21:20]   [emp_id: 5294] ✓ Updated: 9.46 → 9.54 (CHANGED)
[2026-01-28 08:21:20]   [emp_id: 5295] ✓ Updated: 22.73 → 22.79 (CHANGED)
[2026-01-28 08:21:20]   [emp_id: 5296] ✓ Updated: 36.48 → 36.56 (CHANGED)
[2026-01-28 08:21:20]   [emp_id: 5297] ✓ Updated: 47.15 → 47.21 (CHANGED)
[2026-01-28 08:21:20]   [emp_id: 5298] ✓ Updated: 47.15 → 47.21 (CHANGED)
[2026-01-28 08:21:20]   [emp_id: 5299] ✓ Updated: 47.15 → 47.21 (CHANGED)
[2026-01-28 08:21:20]   [emp_id: 5300] ✓ Updated: 47.15 → 47.21 (CHANGED)
[2026-01-28 08:21:20]   [emp_id: 5301] ✓ Updated: 4.97 → 5.03 (CHANGED)
[2026-01-28 08:21:20]   [emp_id: 5303] ✓ Updated: 5.4 → 5.46 (CHANGED)
[2026-01-28 08:21:20]   [emp_id: 5304] ✓ Updated: 2.15 → 2.21 (CHANGED)
[2026-01-28 08:21:21]   [emp_id: 5305] ✓ Updated: 5.15 → 5.21 (CHANGED)
[2026-01-28 08:21:21]   [emp_id: 5306] ✓ Updated: 46.86 → 46.92 (CHANGED)
[2026-01-28 08:21:21]   [emp_id: 5307] ✓ Updated: 46.86 → 46.92 (CHANGED)
[2026-01-28 08:21:21]   [emp_id: 5312] ✓ Updated: 1.2 → 1.26 (CHANGED)
[2026-01-28 08:21:21]   [emp_id: 5318] ✓ Updated: 27.57 → 27.63 (CHANGED)
[2026-01-28 08:21:21]   [emp_id: 5325] ✓ Updated: 1.53 → 1.59 (CHANGED)
[2026-01-28 08:21:21]   [emp_id: 5327] ✓ Updated: 2.62 → 2.68 (CHANGED)
[2026-01-28 08:21:21]   [emp_id: 5337] ✓ Updated: 37.37 → 37.45 (CHANGED)
[2026-01-28 08:21:21]   [emp_id: 5339] ✓ Updated: 11.72 → 11.78 (CHANGED)
[2026-01-28 08:21:21]   [emp_id: 5343] ✓ Updated: 47.29 → 47.37 (CHANGED)
[2026-01-28 08:21:21]   [emp_id: 5343] ✓ Updated: 47.29 → 47.37 (CHANGED)
[2026-01-28 08:21:21]   [emp_id: 5345] ✓ Updated: 17.12 → 17.2 (CHANGED)
[2026-01-28 08:21:21]   [emp_id: 5346] ✓ Updated: 3.44 → 3.5 (CHANGED)
[2026-01-28 08:21:21]   [emp_id: 5351] ✓ Updated: 18.38 → 18.44 (CHANGED)
[2026-01-28 08:21:21]   [emp_id: 5352] ✓ Updated: 27.54 → 27.62 (CHANGED)
[2026-01-28 08:21:21]   [emp_id: 5370] ✓ Updated: 17.03 → 17.09 (CHANGED)
[2026-01-28 08:21:21]   [emp_id: 5371] ✓ Updated: 9.29 → 9.37 (CHANGED)
[2026-01-28 08:21:21]   [emp_id: 5376] ✓ Updated: 11.63 → 11.69 (CHANGED)
[2026-01-28 08:21:21]   [emp_id: 5378] ✓ Updated: 19.37 → 19.45 (CHANGED)
[2026-01-28 08:21:21]   [emp_id: 5380] ✓ Updated: 18.04 → 18.1 (CHANGED)
[2026-01-28 08:21:21]   [emp_id: 5381] ✓ Updated: 13.81 → 13.89 (CHANGED)
[2026-01-28 08:21:21]   [emp_id: 5383] ✓ Updated: 17.12 → 17.2 (CHANGED)
[2026-01-28 08:21:21]   [emp_id: 5388] ✓ Updated: 28.82 → 28.88 (CHANGED)
[2026-01-28 08:21:21]   [emp_id: 5396] ✓ Updated: 30.06 → 30.12 (CHANGED)
[2026-01-28 08:21:21]   [emp_id: 5397] ✓ Updated: 21.52 → 21.58 (CHANGED)
[2026-01-28 08:21:21]   [emp_id: 5401] ✓ Updated: 24.63 → 24.69 (CHANGED)
[2026-01-28 08:21:21]   [emp_id: 5402] ✓ Updated: 24.75 → 24.81 (CHANGED)
[2026-01-28 08:21:21]   [emp_id: 5406] ✓ Updated: 18.47 → 18.53 (CHANGED)
[2026-01-28 08:21:21]   [emp_id: 5407] ✓ Updated: 17.89 → 17.97 (CHANGED)
[2026-01-28 08:21:21]   [emp_id: 5409] ✓ Updated: 17.81 → 17.87 (CHANGED)
[2026-01-28 08:21:21]   [emp_id: 5413] ✓ Updated: 30.29 → 30.37 (CHANGED)
[2026-01-28 08:21:21]   [emp_id: 5414] ✓ Updated: 29.96 → 30.04 (CHANGED)
[2026-01-28 08:21:21]   [emp_id: 5415] ✓ Updated: 5.89 → 5.97 (CHANGED)
[2026-01-28 08:21:21]   [emp_id: 5418] ✓ Updated: 16.87 → 16.93 (CHANGED)
[2026-01-28 08:21:21]   [emp_id: 5422] ✓ Updated: 22.62 → 22.7 (CHANGED)
[2026-01-28 08:21:21]   [emp_id: 5423] ✓ Updated: 7.31 → 7.39 (CHANGED)
[2026-01-28 08:21:21]   [emp_id: 5425] ✓ Updated: 15.42 → 15.48 (CHANGED)
[2026-01-28 08:21:21]   [emp_id: 5426] ✓ Updated: 3.86 → 3.94 (CHANGED)
[2026-01-28 08:21:21]   [emp_id: 5426] ✓ Updated: 3.86 → 3.94 (CHANGED)
[2026-01-28 08:21:21]   [emp_id: 5427] ✓ Updated: 15.53 → 15.59 (CHANGED)
[2026-01-28 08:21:21]   [emp_id: 5428] ✓ Updated: 15.42 → 15.48 (CHANGED)
[2026-01-28 08:21:21]   [emp_id: 5430] ✓ Updated: 19.68 → 19.76 (CHANGED)
[2026-01-28 08:21:21]   [emp_id: 5431] ✓ Updated: 14.54 → 14.6 (CHANGED)
[2026-01-28 08:21:21]   [emp_id: 5433] ✓ Updated: 14.56 → 14.62 (CHANGED)
[2026-01-28 08:21:21]   [emp_id: 5434] ✓ Updated: 14.31 → 14.37 (CHANGED)
[2026-01-28 08:21:21]   [emp_id: 5435] ✓ Updated: 14.25 → 14.31 (CHANGED)
[2026-01-28 08:21:22]   [emp_id: 5436] ✓ Updated: 14.25 → 14.31 (CHANGED)
[2026-01-28 08:21:22]   [emp_id: 5438] ✓ Updated: 17.54 → 17.62 (CHANGED)
[2026-01-28 08:21:22]   [emp_id: 5439] ✓ Updated: 27.04 → 27.12 (CHANGED)
[2026-01-28 08:21:22]   [emp_id: 5442] ✓ Updated: 16.04 → 16.12 (CHANGED)
[2026-01-28 08:21:22]   [emp_id: 5445] ✓ Updated: 8.71 → 8.77 (CHANGED)
[2026-01-28 08:21:22]   [emp_id: 5446] ✓ Updated: 8.71 → 8.77 (CHANGED)
[2026-01-28 08:21:22]   [emp_id: 5447] ✓ Updated: 8.65 → 8.71 (CHANGED)
[2026-01-28 08:21:22]   [emp_id: 5448] ✓ Updated: 3.06 → 3.14 (CHANGED)
[2026-01-28 08:21:22]   [emp_id: 5449] ✓ Updated: 6.73 → 6.79 (CHANGED)
[2026-01-28 08:21:22]   [emp_id: 5450] ✓ Updated: 6.67 → 6.73 (CHANGED)
[2026-01-28 08:21:22]   [emp_id: 5451] ✓ Updated: 6.67 → 6.73 (CHANGED)
[2026-01-28 08:21:22]   [emp_id: 5453] ✓ Updated: 6.51 → 6.57 (CHANGED)
[2026-01-28 08:21:22]   [emp_id: 5454] ✓ Updated: 9.12 → 9.2 (CHANGED)
[2026-01-28 08:21:22]   [emp_id: 5455] ✓ Updated: 3.37 → 3.45 (CHANGED)
[2026-01-28 08:21:22]   [emp_id: 5456] ✓ Updated: 8.37 → 8.45 (CHANGED)
[2026-01-28 08:21:22]   [emp_id: 5457] ✓ Updated: 5.76 → 5.82 (CHANGED)
[2026-01-28 08:21:22]   [emp_id: 5460] ✓ Updated: 7.02 → 7.1 (CHANGED)
[2026-01-28 08:21:22]   [emp_id: 5463] ✓ Updated: 6.35 → 6.43 (CHANGED)
[2026-01-28 08:21:22]   [emp_id: 5464] ✓ Updated: 6.35 → 6.43 (CHANGED)
[2026-01-28 08:21:22]   [emp_id: 5466] ✓ Updated: 4.1 → 4.18 (CHANGED)
[2026-01-28 08:21:22]   [emp_id: 5467] ✓ Updated: 3.02 → 3.1 (CHANGED)
[2026-01-28 08:21:22]   [emp_id: 5468] ✓ Updated: 1.97 → 2.05 (CHANGED)
[2026-01-28 08:21:22]   [emp_id: 5469] ✓ Updated: 1.88 → 1.96 (CHANGED)
[2026-01-28 08:21:22] Report saved to: D:\xampp\htdocs\almutlak\system/cron_logs/last_vacation_update_report.json
[2026-01-28 08:24:57] ========== CRON: Vacation Balance Update Started ==========
[2026-01-28 08:24:58] FORCE RUN enabled: Bypassing once-per-day restriction
[2026-01-28 08:24:58] Database connection established
[2026-01-28 08:24:58] Found 433 active employees with balance records to update
[2026-01-28 08:24:58] (Only employees with status=1 will be processed)
[2026-01-28 08:24:58]   [emp_id: 1061] ✓ Refreshed: 1.69 (unchanged value, timestamp updated)
[2026-01-28 08:24:58]   [emp_id: 1496] ✓ Refreshed: 18.54 (unchanged value, timestamp updated)
[2026-01-28 08:24:58]   [emp_id: 1500] ✓ Refreshed: 6.22 (unchanged value, timestamp updated)
[2026-01-28 08:24:58]   [emp_id: 1574] ✓ Refreshed: 35.45 (unchanged value, timestamp updated)
[2026-01-28 08:24:58]   [emp_id: 1673] ✓ Refreshed: 46.95 (unchanged value, timestamp updated)
[2026-01-28 08:24:58]   [emp_id: 1685] ✓ Refreshed: 16.87 (unchanged value, timestamp updated)
[2026-01-28 08:24:58]   [emp_id: 1764] ✓ Refreshed: 71.54 (unchanged value, timestamp updated)
[2026-01-28 08:24:59]   [emp_id: 1805] ✓ Refreshed: 65.87 (unchanged value, timestamp updated)
[2026-01-28 08:24:59]   [emp_id: 1822] ✓ Refreshed: 70.62 (unchanged value, timestamp updated)
[2026-01-28 08:24:59]   [emp_id: 1837] ✓ Refreshed: 26.79 (unchanged value, timestamp updated)
[2026-01-28 08:24:59]   [emp_id: 1857] ✓ Refreshed: 22.12 (unchanged value, timestamp updated)
[2026-01-28 08:24:59]   [emp_id: 1861] ✓ Refreshed: 72.95 (unchanged value, timestamp updated)
[2026-01-28 08:24:59]   [emp_id: 1872] ✓ Refreshed: 11.79 (unchanged value, timestamp updated)
[2026-01-28 08:24:59]   [emp_id: 1897] ✓ Refreshed: 7.12 (unchanged value, timestamp updated)
[2026-01-28 08:24:59]   [emp_id: 1916] ✓ Refreshed: 13.42 (unchanged value, timestamp updated)
[2026-01-28 08:24:59]   [emp_id: 1928] ✓ Refreshed: 66.37 (unchanged value, timestamp updated)
[2026-01-28 08:24:59]   [emp_id: 1931] ✓ Refreshed: 86.29 (unchanged value, timestamp updated)
[2026-01-28 08:24:59]   [emp_id: 1944] ✓ Refreshed: 44.45 (unchanged value, timestamp updated)
[2026-01-28 08:24:59]   [emp_id: 1996] ✓ Refreshed: 72.95 (unchanged value, timestamp updated)
[2026-01-28 08:24:59]   [emp_id: 1997] ✓ Refreshed: 38.12 (unchanged value, timestamp updated)
[2026-01-28 08:24:59]   [emp_id: 1998] ✓ Refreshed: 29.56 (unchanged value, timestamp updated)
[2026-01-28 08:24:59]   [emp_id: 1999] ✓ Refreshed: 30.56 (unchanged value, timestamp updated)
[2026-01-28 08:24:59]   [emp_id: 2009] ✓ Refreshed: 36.87 (unchanged value, timestamp updated)
[2026-01-28 08:24:59]   [emp_id: 2048] ✓ Refreshed: 26.7 (unchanged value, timestamp updated)
[2026-01-28 08:24:59]   [emp_id: 2057] ✓ Refreshed: 67.54 (unchanged value, timestamp updated)
[2026-01-28 08:24:59]   [emp_id: 2079] ✓ Refreshed: 49.87 (unchanged value, timestamp updated)
[2026-01-28 08:24:59]   [emp_id: 2181] ✓ Refreshed: 38.87 (unchanged value, timestamp updated)
[2026-01-28 08:24:59]   [emp_id: 2190] ✓ Refreshed: 8.2 (unchanged value, timestamp updated)
[2026-01-28 08:24:59]   [emp_id: 2212] ✓ Refreshed: 26.2 (unchanged value, timestamp updated)
[2026-01-28 08:24:59]   [emp_id: 2226] ✓ Refreshed: 70.95 (unchanged value, timestamp updated)
[2026-01-28 08:24:59]   [emp_id: 2238] ✓ Refreshed: 69.2 (unchanged value, timestamp updated)
[2026-01-28 08:24:59]   [emp_id: 2285] ✓ Refreshed: 37.87 (unchanged value, timestamp updated)
[2026-01-28 08:24:59]   [emp_id: 2287] ✓ Refreshed: 49.54 (unchanged value, timestamp updated)
[2026-01-28 08:24:59]   [emp_id: 2288] ✓ Refreshed: 4.56 (unchanged value, timestamp updated)
[2026-01-28 08:24:59]   [emp_id: 2316] ✓ Refreshed: 18.37 (unchanged value, timestamp updated)
[2026-01-28 08:24:59]   [emp_id: 2337] ✓ Refreshed: 39.45 (unchanged value, timestamp updated)
[2026-01-28 08:24:59]   [emp_id: 2352] ✓ Refreshed: 70.95 (unchanged value, timestamp updated)
[2026-01-28 08:24:59]   [emp_id: 2358] ✓ Refreshed: 7.45 (unchanged value, timestamp updated)
[2026-01-28 08:24:59]   [emp_id: 2361] ✓ Refreshed: 73.12 (unchanged value, timestamp updated)
[2026-01-28 08:24:59]   [emp_id: 2363] ✓ Refreshed: 75.7 (unchanged value, timestamp updated)
[2026-01-28 08:24:59]   [emp_id: 2364] ✓ Refreshed: 75.12 (unchanged value, timestamp updated)
[2026-01-28 08:24:59]   [emp_id: 2367] ✓ Refreshed: 102.79 (unchanged value, timestamp updated)
[2026-01-28 08:25:00]   [emp_id: 2368] ✓ Refreshed: 33.2 (unchanged value, timestamp updated)
[2026-01-28 08:25:00]   [emp_id: 2372] ✓ Refreshed: 70.45 (unchanged value, timestamp updated)
[2026-01-28 08:25:00]   [emp_id: 2376] ✓ Refreshed: 120.45 (unchanged value, timestamp updated)
[2026-01-28 08:25:00]   [emp_id: 2423] ✓ Refreshed: 21.2 (unchanged value, timestamp updated)
[2026-01-28 08:25:00]   [emp_id: 2519] ✓ Refreshed: 114.87 (unchanged value, timestamp updated)
[2026-01-28 08:25:00]   [emp_id: 2522] ✓ Refreshed: 58.45 (unchanged value, timestamp updated)
[2026-01-28 08:25:00]   [emp_id: 2530] ✓ Refreshed: 53.7 (unchanged value, timestamp updated)
[2026-01-28 08:25:00]   [emp_id: 2539] ✓ Refreshed: 50.45 (unchanged value, timestamp updated)
[2026-01-28 08:25:00]   [emp_id: 2541] ✓ Refreshed: 31.04 (unchanged value, timestamp updated)
[2026-01-28 08:25:00]   [emp_id: 2550] ✓ Refreshed: 97.2 (unchanged value, timestamp updated)
[2026-01-28 08:25:00]   [emp_id: 2553] ✓ Refreshed: 34.31 (unchanged value, timestamp updated)
[2026-01-28 08:25:00]   [emp_id: 2554] ✓ Refreshed: 40.79 (unchanged value, timestamp updated)
[2026-01-28 08:25:00]   [emp_id: 2565] ✓ Refreshed: 95.37 (unchanged value, timestamp updated)
[2026-01-28 08:25:00]   [emp_id: 2572] ✓ Refreshed: 45.37 (unchanged value, timestamp updated)
[2026-01-28 08:25:00]   [emp_id: 2637] ✓ Refreshed: 65.95 (unchanged value, timestamp updated)
[2026-01-28 08:25:00]   [emp_id: 2642] ✓ Refreshed: 78.7 (unchanged value, timestamp updated)
[2026-01-28 08:25:00]   [emp_id: 2645] ✓ Refreshed: 94.7 (unchanged value, timestamp updated)
[2026-01-28 08:25:00]   [emp_id: 2648] ✓ Refreshed: 46.37 (unchanged value, timestamp updated)
[2026-01-28 08:25:00]   [emp_id: 2654] ✓ Refreshed: 89.04 (unchanged value, timestamp updated)
[2026-01-28 08:25:00]   [emp_id: 2688] ✓ Refreshed: 27.12 (unchanged value, timestamp updated)
[2026-01-28 08:25:00]   [emp_id: 2690] ✓ Refreshed: 15.87 (unchanged value, timestamp updated)
[2026-01-28 08:25:00]   [emp_id: 2709] ✓ Refreshed: 38.12 (unchanged value, timestamp updated)
[2026-01-28 08:25:00]   [emp_id: 2745] ✓ Refreshed: 34.7 (unchanged value, timestamp updated)
[2026-01-28 08:25:00]   [emp_id: 2843] ✓ Refreshed: 81.29 (unchanged value, timestamp updated)
[2026-01-28 08:25:00]   [emp_id: 2854] ✓ Refreshed: 61.2 (unchanged value, timestamp updated)
[2026-01-28 08:25:00]   [emp_id: 2869] ✓ Refreshed: 5.12 (unchanged value, timestamp updated)
[2026-01-28 08:25:00]   [emp_id: 2876] ✓ Refreshed: 35.95 (unchanged value, timestamp updated)
[2026-01-28 08:25:00]   [emp_id: 2924] ✓ Refreshed: 17.12 (unchanged value, timestamp updated)
[2026-01-28 08:25:00]   [emp_id: 2953] ✓ Refreshed: 102.87 (unchanged value, timestamp updated)
[2026-01-28 08:25:00]   [emp_id: 2961] ✓ Refreshed: 12.87 (unchanged value, timestamp updated)
[2026-01-28 08:25:00]   [emp_id: 2975] ✓ Refreshed: 2.55 (unchanged value, timestamp updated)
[2026-01-28 08:25:00]   [emp_id: 3013] ✓ Refreshed: 11.87 (unchanged value, timestamp updated)
[2026-01-28 08:25:00]   [emp_id: 3014] ✓ Refreshed: 91.12 (unchanged value, timestamp updated)
[2026-01-28 08:25:00]   [emp_id: 3015] ✓ Refreshed: 2.37 (unchanged value, timestamp updated)
[2026-01-28 08:25:00]   [emp_id: 3018] ✓ Refreshed: 61.12 (unchanged value, timestamp updated)
[2026-01-28 08:25:00]   [emp_id: 3025] ✓ Refreshed: 24.89 (unchanged value, timestamp updated)
[2026-01-28 08:25:00]   [emp_id: 3037] ✓ Refreshed: 84.62 (unchanged value, timestamp updated)
[2026-01-28 08:25:00]   [emp_id: 3047] ✓ Refreshed: 72.87 (unchanged value, timestamp updated)
[2026-01-28 08:25:01]   [emp_id: 3061] ✓ Refreshed: 19.79 (unchanged value, timestamp updated)
[2026-01-28 08:25:01]   [emp_id: 3062] ✓ Refreshed: 52.95 (unchanged value, timestamp updated)
[2026-01-28 08:25:01]   [emp_id: 3074] ✓ Refreshed: 109.37 (unchanged value, timestamp updated)
[2026-01-28 08:25:01]   [emp_id: 3089] ✓ Refreshed: 8.29 (unchanged value, timestamp updated)
[2026-01-28 08:25:01]   [emp_id: 3090] ✓ Refreshed: 34.87 (unchanged value, timestamp updated)
[2026-01-28 08:25:01]   [emp_id: 3091] ✓ Refreshed: 46.87 (unchanged value, timestamp updated)
[2026-01-28 08:25:01]   [emp_id: 3092] ✓ Refreshed: 29.54 (unchanged value, timestamp updated)
[2026-01-28 08:25:01]   [emp_id: 3105] ✓ Refreshed: 49.87 (unchanged value, timestamp updated)
[2026-01-28 08:25:01]   [emp_id: 3134] ✓ Refreshed: 45.62 (unchanged value, timestamp updated)
[2026-01-28 08:25:01]   [emp_id: 3140] ✓ Refreshed: 42.7 (unchanged value, timestamp updated)
[2026-01-28 08:25:01]   [emp_id: 3144] ✓ Refreshed: 15.54 (unchanged value, timestamp updated)
[2026-01-28 08:25:01]   [emp_id: 3156] ✓ Refreshed: 18.87 (unchanged value, timestamp updated)
[2026-01-28 08:25:01]   [emp_id: 3162] ✓ Refreshed: 3.85 (unchanged value, timestamp updated)
[2026-01-28 08:25:01]   [emp_id: 3163] ✓ Refreshed: 7.12 (unchanged value, timestamp updated)
[2026-01-28 08:25:01]   [emp_id: 3198] ✓ Refreshed: 42.12 (unchanged value, timestamp updated)
[2026-01-28 08:25:01]   [emp_id: 3205] ✓ Refreshed: 18.79 (unchanged value, timestamp updated)
[2026-01-28 08:25:01]   [emp_id: 3209] ✓ Refreshed: 42.95 (unchanged value, timestamp updated)
[2026-01-28 08:25:01]   [emp_id: 3223] ✓ Refreshed: 91.87 (unchanged value, timestamp updated)
[2026-01-28 08:25:01]   [emp_id: 3224] ✓ Refreshed: 66.62 (unchanged value, timestamp updated)
[2026-01-28 08:25:01]   [emp_id: 3230] ✓ Refreshed: 90.04 (unchanged value, timestamp updated)
[2026-01-28 08:25:01]   [emp_id: 3231] ✓ Refreshed: 2.41 (unchanged value, timestamp updated)
[2026-01-28 08:25:01]   [emp_id: 3233] ✓ Refreshed: 82.87 (unchanged value, timestamp updated)
[2026-01-28 08:25:01]   [emp_id: 3249] ✓ Refreshed: 38.7 (unchanged value, timestamp updated)
[2026-01-28 08:25:01]   [emp_id: 3250] ✓ Refreshed: 11.7 (unchanged value, timestamp updated)
[2026-01-28 08:25:01]   [emp_id: 3252] ✓ Refreshed: 12.62 (unchanged value, timestamp updated)
[2026-01-28 08:25:01]   [emp_id: 3254] ✓ Refreshed: 23.12 (unchanged value, timestamp updated)
[2026-01-28 08:25:01]   [emp_id: 3255] ✓ Refreshed: 19.54 (unchanged value, timestamp updated)
[2026-01-28 08:25:01]   [emp_id: 3256] ✓ Refreshed: 15.79 (unchanged value, timestamp updated)
[2026-01-28 08:25:01]   [emp_id: 3263] ✓ Refreshed: 31.87 (unchanged value, timestamp updated)
[2026-01-28 08:25:01]   [emp_id: 3265] ✓ Refreshed: 27.45 (unchanged value, timestamp updated)
[2026-01-28 08:25:01]   [emp_id: 3280] ✓ Refreshed: 74.37 (unchanged value, timestamp updated)
[2026-01-28 08:25:01]   [emp_id: 3286] ✓ Refreshed: 17.54 (unchanged value, timestamp updated)
[2026-01-28 08:25:01]   [emp_id: 3294] ✓ Refreshed: 17.2 (unchanged value, timestamp updated)
[2026-01-28 08:25:01]   [emp_id: 3321] ✓ Refreshed: 74.37 (unchanged value, timestamp updated)
[2026-01-28 08:25:01]   [emp_id: 3325] ✓ Refreshed: 62.12 (unchanged value, timestamp updated)
[2026-01-28 08:25:01]   [emp_id: 3329] ✓ Refreshed: 64.45 (unchanged value, timestamp updated)
[2026-01-28 08:25:01]   [emp_id: 3330] ✓ Refreshed: 64.45 (unchanged value, timestamp updated)
[2026-01-28 08:25:02]   [emp_id: 3332] ✓ Refreshed: 64.45 (unchanged value, timestamp updated)
[2026-01-28 08:25:02]   [emp_id: 3370] ✓ Refreshed: 55.96 (unchanged value, timestamp updated)
[2026-01-28 08:25:02]   [emp_id: 3384] ✓ Refreshed: 16.62 (unchanged value, timestamp updated)
[2026-01-28 08:25:02]   [emp_id: 3386] ✓ Refreshed: 46.62 (unchanged value, timestamp updated)
[2026-01-28 08:25:02]   [emp_id: 3431] ✓ Refreshed: 21.04 (unchanged value, timestamp updated)
[2026-01-28 08:25:02]   [emp_id: 3497] ✓ Refreshed: 11.2 (unchanged value, timestamp updated)
[2026-01-28 08:25:02]   [emp_id: 3532] ✓ Refreshed: 2.04 (unchanged value, timestamp updated)
[2026-01-28 08:25:02]   [emp_id: 3602] ✓ Refreshed: 3.61 (unchanged value, timestamp updated)
[2026-01-28 08:25:02]   [emp_id: 3618] ✓ Refreshed: 25.59 (unchanged value, timestamp updated)
[2026-01-28 08:25:02]   [emp_id: 3622] ✓ Refreshed: 36.03 (unchanged value, timestamp updated)
[2026-01-28 08:25:02]   [emp_id: 3627] ✓ Refreshed: 11.54 (unchanged value, timestamp updated)
[2026-01-28 08:25:02]   [emp_id: 3665] ✓ Refreshed: 53.12 (unchanged value, timestamp updated)
[2026-01-28 08:25:02]   [emp_id: 3705] ✓ Refreshed: 29.36 (unchanged value, timestamp updated)
[2026-01-28 08:25:02]   [emp_id: 3724] ✓ Refreshed: 46.12 (unchanged value, timestamp updated)
[2026-01-28 08:25:02]   [emp_id: 3726] ✓ Refreshed: 62.54 (unchanged value, timestamp updated)
[2026-01-28 08:25:02]   [emp_id: 3727] ✓ Refreshed: 67.62 (unchanged value, timestamp updated)
[2026-01-28 08:25:02]   [emp_id: 3728] ✓ Refreshed: 11.95 (unchanged value, timestamp updated)
[2026-01-28 08:25:02]   [emp_id: 3767] ✓ Refreshed: 2.7 (unchanged value, timestamp updated)
[2026-01-28 08:25:02]   [emp_id: 3768] ✓ Refreshed: 58.95 (unchanged value, timestamp updated)
[2026-01-28 08:25:02]   [emp_id: 3787] ✓ Refreshed: 59.54 (unchanged value, timestamp updated)
[2026-01-28 08:25:02]   [emp_id: 3790] ✓ Refreshed: 4.09 (unchanged value, timestamp updated)
[2026-01-28 08:25:02]   [emp_id: 3795] ✓ Refreshed: 17.04 (unchanged value, timestamp updated)
[2026-01-28 08:25:02]   [emp_id: 3798] ✓ Refreshed: 95.45 (unchanged value, timestamp updated)
[2026-01-28 08:25:02]   [emp_id: 3801] ✓ Refreshed: 3.72 (unchanged value, timestamp updated)
[2026-01-28 08:25:02]   [emp_id: 3802] ✓ Refreshed: 32.7 (unchanged value, timestamp updated)
[2026-01-28 08:25:02]   [emp_id: 3803] ✓ Refreshed: 117.12 (unchanged value, timestamp updated)
[2026-01-28 08:25:02]   [emp_id: 3810] ✓ Refreshed: 63.12 (unchanged value, timestamp updated)
[2026-01-28 08:25:02]   [emp_id: 3812] ✓ Refreshed: 92.12 (unchanged value, timestamp updated)
[2026-01-28 08:25:02]   [emp_id: 3815] ✓ Refreshed: 92.12 (unchanged value, timestamp updated)
[2026-01-28 08:25:02]   [emp_id: 3836] ✓ Refreshed: 59.79 (unchanged value, timestamp updated)
[2026-01-28 08:25:02]   [emp_id: 3855] ✓ Refreshed: 52.95 (unchanged value, timestamp updated)
[2026-01-28 08:25:02]   [emp_id: 3857] ✓ Refreshed: 56.62 (unchanged value, timestamp updated)
[2026-01-28 08:25:02]   [emp_id: 3862] ✓ Refreshed: 104.7 (unchanged value, timestamp updated)
[2026-01-28 08:25:02]   [emp_id: 3866] ✓ Refreshed: 29.95 (unchanged value, timestamp updated)
[2026-01-28 08:25:02]   [emp_id: 3876] ✓ Refreshed: 26.12 (unchanged value, timestamp updated)
[2026-01-28 08:25:02]   [emp_id: 3877] ✓ Refreshed: 51.62 (unchanged value, timestamp updated)
[2026-01-28 08:25:02]   [emp_id: 3897] ✓ Refreshed: 39.87 (unchanged value, timestamp updated)
[2026-01-28 08:25:02]   [emp_id: 3899] ✓ Refreshed: 1.69 (unchanged value, timestamp updated)
[2026-01-28 08:25:02]   [emp_id: 3928] ✓ Refreshed: 15.95 (unchanged value, timestamp updated)
[2026-01-28 08:25:02]   [emp_id: 3929] ✓ Refreshed: 10.95 (unchanged value, timestamp updated)
[2026-01-28 08:25:03]   [emp_id: 3935] ✓ Refreshed: 95.95 (unchanged value, timestamp updated)
[2026-01-28 08:25:03]   [emp_id: 3952] ✓ Refreshed: 77.29 (unchanged value, timestamp updated)
[2026-01-28 08:25:03]   [emp_id: 3987] ✓ Refreshed: 16.2 (unchanged value, timestamp updated)
[2026-01-28 08:25:03]   [emp_id: 4059] ✓ Refreshed: 5.4 (unchanged value, timestamp updated)
[2026-01-28 08:25:03]   [emp_id: 4119] ✓ Refreshed: 58.87 (unchanged value, timestamp updated)
[2026-01-28 08:25:03]   [emp_id: 4120] ✓ Refreshed: 28.45 (unchanged value, timestamp updated)
[2026-01-28 08:25:03]   [emp_id: 4124] ✓ Refreshed: 28.97 (unchanged value, timestamp updated)
[2026-01-28 08:25:03]   [emp_id: 4133] ✓ Refreshed: 107.45 (unchanged value, timestamp updated)
[2026-01-28 08:25:03]   [emp_id: 4134] ✓ Refreshed: 28.45 (unchanged value, timestamp updated)
[2026-01-28 08:25:03]   [emp_id: 4136] ✓ Refreshed: 28.45 (unchanged value, timestamp updated)
[2026-01-28 08:25:03]   [emp_id: 4150] ✓ Refreshed: 27.12 (unchanged value, timestamp updated)
[2026-01-28 08:25:03]   [emp_id: 4157] ✓ Refreshed: 20.62 (unchanged value, timestamp updated)
[2026-01-28 08:25:03]   [emp_id: 4172] ✓ Refreshed: 13.94 (unchanged value, timestamp updated)
[2026-01-28 08:25:03]   [emp_id: 4195] ✓ Refreshed: 64.2 (unchanged value, timestamp updated)
[2026-01-28 08:25:03]   [emp_id: 4215] ✓ Refreshed: 46.87 (unchanged value, timestamp updated)
[2026-01-28 08:25:03]   [emp_id: 4220] ✓ Refreshed: 42.45 (unchanged value, timestamp updated)
[2026-01-28 08:25:03]   [emp_id: 4273] ✓ Refreshed: 11.12 (unchanged value, timestamp updated)
[2026-01-28 08:25:03]   [emp_id: 4283] ✓ Refreshed: 15.03 (unchanged value, timestamp updated)
[2026-01-28 08:25:03]   [emp_id: 4288] ✓ Refreshed: 1.69 (unchanged value, timestamp updated)
[2026-01-28 08:25:03]   [emp_id: 4315] ✓ Refreshed: 14.37 (unchanged value, timestamp updated)
[2026-01-28 08:25:03]   [emp_id: 4328] ✓ Refreshed: 43.86 (unchanged value, timestamp updated)
[2026-01-28 08:25:03]   [emp_id: 4329] ✓ Refreshed: 7.54 (unchanged value, timestamp updated)
[2026-01-28 08:25:03]   [emp_id: 4338] ✓ Refreshed: 49.12 (unchanged value, timestamp updated)
[2026-01-28 08:25:03]   [emp_id: 4340] ✓ Refreshed: 111.12 (unchanged value, timestamp updated)
[2026-01-28 08:25:03]   [emp_id: 4365] ✓ Refreshed: 62.54 (unchanged value, timestamp updated)
[2026-01-28 08:25:03]   [emp_id: 4366] ✓ Refreshed: 61.62 (unchanged value, timestamp updated)
[2026-01-28 08:25:03]   [emp_id: 4403] ✓ Refreshed: 87.45 (unchanged value, timestamp updated)
[2026-01-28 08:25:03]   [emp_id: 4438] ✓ Refreshed: 23.12 (unchanged value, timestamp updated)
[2026-01-28 08:25:03]   [emp_id: 4465] ✓ Refreshed: 14.19 (unchanged value, timestamp updated)
[2026-01-28 08:25:03]   [emp_id: 4473] ✓ Refreshed: 46.7 (unchanged value, timestamp updated)
[2026-01-28 08:25:03]   [emp_id: 4474] ✓ Refreshed: 4.7 (unchanged value, timestamp updated)
[2026-01-28 08:25:03]   [emp_id: 4493] ✓ Refreshed: 165.54 (unchanged value, timestamp updated)
[2026-01-28 08:25:03]   [emp_id: 4526] ✓ Refreshed: 37.79 (unchanged value, timestamp updated)
[2026-01-28 08:25:03]   [emp_id: 4528] ✓ Refreshed: 109.54 (unchanged value, timestamp updated)
[2026-01-28 08:25:03]   [emp_id: 4528] ✓ Refreshed: 109.54 (unchanged value, timestamp updated)
[2026-01-28 08:25:03]   [emp_id: 4532] ✓ Refreshed: 9.31 (unchanged value, timestamp updated)
[2026-01-28 08:25:03]   [emp_id: 4533] ✓ Refreshed: 37.95 (unchanged value, timestamp updated)
[2026-01-28 08:25:03]   [emp_id: 4565] ✓ Refreshed: 16.69 (unchanged value, timestamp updated)
[2026-01-28 08:25:03]   [emp_id: 4567] ✓ Refreshed: 20.94 (unchanged value, timestamp updated)
[2026-01-28 08:25:03]   [emp_id: 4572] ✓ Refreshed: 60.44 (unchanged value, timestamp updated)
[2026-01-28 08:25:03]   [emp_id: 4631] ✓ Refreshed: 16.69 (unchanged value, timestamp updated)
[2026-01-28 08:25:03]   [emp_id: 4655] ✓ Refreshed: 26.87 (unchanged value, timestamp updated)
[2026-01-28 08:25:03]   [emp_id: 4709] ✓ Refreshed: 42.12 (unchanged value, timestamp updated)
[2026-01-28 08:25:03]   [emp_id: 4717] ✓ Refreshed: 68.12 (unchanged value, timestamp updated)
[2026-01-28 08:25:03]   [emp_id: 4736] ✓ Refreshed: 29.95 (unchanged value, timestamp updated)
[2026-01-28 08:25:03]   [emp_id: 4756] ✓ Refreshed: 13.13 (unchanged value, timestamp updated)
[2026-01-28 08:25:04]   [emp_id: 4768] ✓ Refreshed: 15.62 (unchanged value, timestamp updated)
[2026-01-28 08:25:04]   [emp_id: 4780] ✓ Refreshed: 66.86 (unchanged value, timestamp updated)
[2026-01-28 08:25:04]   [emp_id: 4820] ✓ Refreshed: 100.95 (unchanged value, timestamp updated)
[2026-01-28 08:25:04]   [emp_id: 4824] ✓ Refreshed: 4.13 (unchanged value, timestamp updated)
[2026-01-28 08:25:04]   [emp_id: 4825] ✓ Refreshed: 32.7 (unchanged value, timestamp updated)
[2026-01-28 08:25:04]   [emp_id: 4837] ✓ Refreshed: 46.85 (unchanged value, timestamp updated)
[2026-01-28 08:25:04]   [emp_id: 4840] ✓ Refreshed: 46.85 (unchanged value, timestamp updated)
[2026-01-28 08:25:04]   [emp_id: 4842] ✓ Refreshed: 46.09 (unchanged value, timestamp updated)
[2026-01-28 08:25:04]   [emp_id: 4843] ✓ Refreshed: 46.62 (unchanged value, timestamp updated)
[2026-01-28 08:25:04]   [emp_id: 4853] ✓ Refreshed: 90.44 (unchanged value, timestamp updated)
[2026-01-28 08:25:04]   [emp_id: 4856] ✓ Refreshed: 43.76 (unchanged value, timestamp updated)
[2026-01-28 08:25:04]   [emp_id: 4857] ✓ Refreshed: 26.58 (unchanged value, timestamp updated)
[2026-01-28 08:25:04]   [emp_id: 4858] ✓ Refreshed: 23.46 (unchanged value, timestamp updated)
[2026-01-28 08:25:04]   [emp_id: 4859] ✓ Refreshed: 44.93 (unchanged value, timestamp updated)
[2026-01-28 08:25:04]   [emp_id: 4860] ✓ Refreshed: 9.43 (unchanged value, timestamp updated)
[2026-01-28 08:25:04]   [emp_id: 4861] ✓ Refreshed: 42.89 (unchanged value, timestamp updated)
[2026-01-28 08:25:04]   [emp_id: 4869] ✓ Refreshed: 85.77 (unchanged value, timestamp updated)
[2026-01-28 08:25:04]   [emp_id: 4894] ✓ Refreshed: 9.62 (unchanged value, timestamp updated)
[2026-01-28 08:25:04]   [emp_id: 4897] ✓ Refreshed: 24.67 (unchanged value, timestamp updated)
[2026-01-28 08:25:04]   [emp_id: 4899] ✓ Refreshed: 20.84 (unchanged value, timestamp updated)
[2026-01-28 08:25:04]   [emp_id: 4902] ✓ Refreshed: 20.26 (unchanged value, timestamp updated)
[2026-01-28 08:25:04]   [emp_id: 4903] ✓ Refreshed: 22.48 (unchanged value, timestamp updated)
[2026-01-28 08:25:04]   [emp_id: 4905] ✓ Refreshed: 21.14 (unchanged value, timestamp updated)
[2026-01-28 08:25:04]   [emp_id: 4907] ✓ Refreshed: 49.7 (unchanged value, timestamp updated)
[2026-01-28 08:25:04]   [emp_id: 4917] ✓ Refreshed: 18.1 (unchanged value, timestamp updated)
[2026-01-28 08:25:04]   [emp_id: 4918] ✓ Refreshed: 7.87 (unchanged value, timestamp updated)
[2026-01-28 08:25:04]   [emp_id: 4919] ✓ Refreshed: 60.16 (unchanged value, timestamp updated)
[2026-01-28 08:25:04]   [emp_id: 4920] ✓ Refreshed: 7.24 (unchanged value, timestamp updated)
[2026-01-28 08:25:04]   [emp_id: 4921] ✓ Refreshed: 19.33 (unchanged value, timestamp updated)
[2026-01-28 08:25:04]   [emp_id: 4927] ✓ Refreshed: 18.16 (unchanged value, timestamp updated)
[2026-01-28 08:25:04]   [emp_id: 4929] ✓ Refreshed: 19.68 (unchanged value, timestamp updated)
[2026-01-28 08:25:04]   [emp_id: 4930] ✓ Refreshed: 60.45 (unchanged value, timestamp updated)
[2026-01-28 08:25:04]   [emp_id: 4932] ✓ Refreshed: 18.45 (unchanged value, timestamp updated)
[2026-01-28 08:25:04]   [emp_id: 4933] ✓ Refreshed: 21.86 (unchanged value, timestamp updated)
[2026-01-28 08:25:04]   [emp_id: 4949] ✓ Refreshed: 25.29 (unchanged value, timestamp updated)
[2026-01-28 08:25:04]   [emp_id: 4956] ✓ Refreshed: 30.88 (unchanged value, timestamp updated)
[2026-01-28 08:25:04]   [emp_id: 4957] ✓ Refreshed: 26.55 (unchanged value, timestamp updated)
[2026-01-28 08:25:04]   [emp_id: 4962] ✓ Refreshed: 49.06 (unchanged value, timestamp updated)
[2026-01-28 08:25:04]   [emp_id: 4969] ✓ Refreshed: 48.37 (unchanged value, timestamp updated)
[2026-01-28 08:25:04]   [emp_id: 4976] ✓ Refreshed: 11.57 (unchanged value, timestamp updated)
[2026-01-28 08:25:04]   [emp_id: 4984] ✓ Refreshed: 39.62 (unchanged value, timestamp updated)
[2026-01-28 08:25:04]   [emp_id: 4995] ✓ Refreshed: 51.69 (unchanged value, timestamp updated)
[2026-01-28 08:25:04]   [emp_id: 5004] ✓ Refreshed: 28.51 (unchanged value, timestamp updated)
[2026-01-28 08:25:04]   [emp_id: 5006] ✓ Refreshed: 28.25 (unchanged value, timestamp updated)
[2026-01-28 08:25:04]   [emp_id: 5011] ✓ Refreshed: 7.47 (unchanged value, timestamp updated)
[2026-01-28 08:25:05]   [emp_id: 5013] ✓ Refreshed: 68.62 (unchanged value, timestamp updated)
[2026-01-28 08:25:05]   [emp_id: 5018] ✓ Refreshed: 5.11 (unchanged value, timestamp updated)
[2026-01-28 08:25:05]   [emp_id: 5021] ✓ Refreshed: 62.72 (unchanged value, timestamp updated)
[2026-01-28 08:25:05]   [emp_id: 5024] ✓ Refreshed: 3.13 (unchanged value, timestamp updated)
[2026-01-28 08:25:05]   [emp_id: 5030] ✓ Refreshed: 33.08 (unchanged value, timestamp updated)
[2026-01-28 08:25:05]   [emp_id: 5033] ✓ Refreshed: 11.88 (unchanged value, timestamp updated)
[2026-01-28 08:25:05]   [emp_id: 5043] ✓ Refreshed: 32.29 (unchanged value, timestamp updated)
[2026-01-28 08:25:05]   [emp_id: 5045] ✓ Refreshed: 28.79 (unchanged value, timestamp updated)
[2026-01-28 08:25:05]   [emp_id: 5046] ✓ Refreshed: 23.98 (unchanged value, timestamp updated)
[2026-01-28 08:25:05]   [emp_id: 5049] ✓ Refreshed: 0.56 (unchanged value, timestamp updated)
[2026-01-28 08:25:05]   [emp_id: 5052] ✓ Refreshed: 31.84 (unchanged value, timestamp updated)
[2026-01-28 08:25:05]   [emp_id: 5055] ✓ Refreshed: 20.28 (unchanged value, timestamp updated)
[2026-01-28 08:25:05]   [emp_id: 5058] ✓ Refreshed: 29.26 (unchanged value, timestamp updated)
[2026-01-28 08:25:05]   [emp_id: 5062] ✓ Refreshed: 41.09 (unchanged value, timestamp updated)
[2026-01-28 08:25:05]   [emp_id: 5064] ✓ Refreshed: 119.62 (unchanged value, timestamp updated)
[2026-01-28 08:25:05]   [emp_id: 5065] ✓ Refreshed: 40.5 (unchanged value, timestamp updated)
[2026-01-28 08:25:05]   [emp_id: 5071] ✓ Refreshed: 25.12 (unchanged value, timestamp updated)
[2026-01-28 08:25:05]   [emp_id: 5073] ✓ Refreshed: 15.1 (unchanged value, timestamp updated)
[2026-01-28 08:25:05]   [emp_id: 5079] ✓ Refreshed: 35.66 (unchanged value, timestamp updated)
[2026-01-28 08:25:05]   [emp_id: 5080] ✓ Refreshed: 28.99 (unchanged value, timestamp updated)
[2026-01-28 08:25:05]   [emp_id: 5081] ✓ Refreshed: 17.25 (unchanged value, timestamp updated)
[2026-01-28 08:25:05]   [emp_id: 5087] ✓ Refreshed: 37.29 (unchanged value, timestamp updated)
[2026-01-28 08:25:05]   [emp_id: 5091] ✓ Refreshed: 77.14 (unchanged value, timestamp updated)
[2026-01-28 08:25:05]   [emp_id: 5093] ✓ Refreshed: 16.29 (unchanged value, timestamp updated)
[2026-01-28 08:25:05]   [emp_id: 5095] ✓ Refreshed: 2.68 (unchanged value, timestamp updated)
[2026-01-28 08:25:05]   [emp_id: 5101] ✓ Refreshed: 18.37 (unchanged value, timestamp updated)
[2026-01-28 08:25:05]   [emp_id: 5107] ✓ Refreshed: 16.7 (unchanged value, timestamp updated)
[2026-01-28 08:25:05]   [emp_id: 5109] ✓ Refreshed: 13.95 (unchanged value, timestamp updated)
[2026-01-28 08:25:05]   [emp_id: 5119] ✓ Refreshed: 12.12 (unchanged value, timestamp updated)
[2026-01-28 08:25:05]   [emp_id: 5122] ✓ Refreshed: 9.29 (unchanged value, timestamp updated)
[2026-01-28 08:25:05]   [emp_id: 5126] ✓ Refreshed: 28.02 (unchanged value, timestamp updated)
[2026-01-28 08:25:05]   [emp_id: 5127] ✓ Refreshed: 16.81 (unchanged value, timestamp updated)
[2026-01-28 08:25:05]   [emp_id: 5128] ✓ Refreshed: 27.96 (unchanged value, timestamp updated)
[2026-01-28 08:25:05]   [emp_id: 5138] ✓ Refreshed: 51.95 (unchanged value, timestamp updated)
[2026-01-28 08:25:05]   [emp_id: 5138] ✓ Refreshed: 51.95 (unchanged value, timestamp updated)
[2026-01-28 08:25:05]   [emp_id: 5141] ✓ Refreshed: 36.33 (unchanged value, timestamp updated)
[2026-01-28 08:25:05]   [emp_id: 5142] ✓ Refreshed: 15.33 (unchanged value, timestamp updated)
[2026-01-28 08:25:05]   [emp_id: 5146] ✓ Refreshed: 22.33 (unchanged value, timestamp updated)
[2026-01-28 08:25:05]   [emp_id: 5147] ✓ Refreshed: 21.33 (unchanged value, timestamp updated)
[2026-01-28 08:25:05]   [emp_id: 5148] ✓ Refreshed: 26.68 (unchanged value, timestamp updated)
[2026-01-28 08:25:05]   [emp_id: 5149] ✓ Refreshed: 25.57 (unchanged value, timestamp updated)
[2026-01-28 08:25:05]   [emp_id: 5150] ✓ Refreshed: 24.93 (unchanged value, timestamp updated)
[2026-01-28 08:25:05]   [emp_id: 5151] ✓ Refreshed: 24.75 (unchanged value, timestamp updated)
[2026-01-28 08:25:05]   [emp_id: 5152] ✓ Refreshed: 5.17 (unchanged value, timestamp updated)
[2026-01-28 08:25:05]   [emp_id: 5157] ✓ Refreshed: 24.75 (unchanged value, timestamp updated)
[2026-01-28 08:25:06]   [emp_id: 5160] ✓ Refreshed: 24.75 (unchanged value, timestamp updated)
[2026-01-28 08:25:06]   [emp_id: 5163] ✓ Refreshed: 22.54 (unchanged value, timestamp updated)
[2026-01-28 08:25:06]   [emp_id: 5165] ✓ Refreshed: 3.39 (unchanged value, timestamp updated)
[2026-01-28 08:25:06]   [emp_id: 5167] ✓ Refreshed: 31.69 (unchanged value, timestamp updated)
[2026-01-28 08:25:06]   [emp_id: 5168] ✓ Refreshed: 24.23 (unchanged value, timestamp updated)
[2026-01-28 08:25:06]   [emp_id: 5173] ✓ Refreshed: 27.04 (unchanged value, timestamp updated)
[2026-01-28 08:25:06]   [emp_id: 5174] ✓ Refreshed: 24.69 (unchanged value, timestamp updated)
[2026-01-28 08:25:06]   [emp_id: 5181] ✓ Refreshed: 21.08 (unchanged value, timestamp updated)
[2026-01-28 08:25:06]   [emp_id: 5186] ✓ Refreshed: 26.61 (unchanged value, timestamp updated)
[2026-01-28 08:25:06]   [emp_id: 5187] ✓ Refreshed: 37.61 (unchanged value, timestamp updated)
[2026-01-28 08:25:06]   [emp_id: 5204] ✓ Refreshed: 24.54 (unchanged value, timestamp updated)
[2026-01-28 08:25:06]   [emp_id: 5205] ✓ Refreshed: 13.82 (unchanged value, timestamp updated)
[2026-01-28 08:25:06]   [emp_id: 5209] ✓ Refreshed: 16.82 (unchanged value, timestamp updated)
[2026-01-28 08:25:06]   [emp_id: 5213] ✓ Refreshed: 4.23 (unchanged value, timestamp updated)
[2026-01-28 08:25:06]   [emp_id: 5214] ✓ Refreshed: 3.07 (unchanged value, timestamp updated)
[2026-01-28 08:25:06]   [emp_id: 5215] ✓ Refreshed: 11.82 (unchanged value, timestamp updated)
[2026-01-28 08:25:06]   [emp_id: 5217] ✓ Refreshed: 10.82 (unchanged value, timestamp updated)
[2026-01-28 08:25:06]   [emp_id: 5219] ✓ Refreshed: 14.82 (unchanged value, timestamp updated)
[2026-01-28 08:25:06]   [emp_id: 5221] ✓ Refreshed: 4.13 (unchanged value, timestamp updated)
[2026-01-28 08:25:06]   [emp_id: 5224] ✓ Refreshed: 15.82 (unchanged value, timestamp updated)
[2026-01-28 08:25:06]   [emp_id: 5225] ✓ Refreshed: 8.13 (unchanged value, timestamp updated)
[2026-01-28 08:25:06]   [emp_id: 5228] ✓ Refreshed: 10.82 (unchanged value, timestamp updated)
[2026-01-28 08:25:06]   [emp_id: 5229] ✓ Refreshed: 6.82 (unchanged value, timestamp updated)
[2026-01-28 08:25:06]   [emp_id: 5230] ✓ Refreshed: 11.49 (unchanged value, timestamp updated)
[2026-01-28 08:25:06]   [emp_id: 5231] ✓ Refreshed: 7.82 (unchanged value, timestamp updated)
[2026-01-28 08:25:06]   [emp_id: 5232] ✓ Refreshed: 1.82 (unchanged value, timestamp updated)
[2026-01-28 08:25:06]   [emp_id: 5233] ✓ Refreshed: 5.82 (unchanged value, timestamp updated)
[2026-01-28 08:25:06]   [emp_id: 5234] ✓ Refreshed: 5.82 (unchanged value, timestamp updated)
[2026-01-28 08:25:06]   [emp_id: 5235] ✓ Refreshed: 1.26 (unchanged value, timestamp updated)
[2026-01-28 08:25:06]   [emp_id: 5237] ✓ Refreshed: 12.07 (unchanged value, timestamp updated)
[2026-01-28 08:25:06]   [emp_id: 5239] ✓ Refreshed: 8.82 (unchanged value, timestamp updated)
[2026-01-28 08:25:06]   [emp_id: 5241] ✓ Refreshed: 6.82 (unchanged value, timestamp updated)
[2026-01-28 08:25:06]   [emp_id: 5242] ✓ Refreshed: 16.82 (unchanged value, timestamp updated)
[2026-01-28 08:25:06]   [emp_id: 5243] ✓ Refreshed: 3.23 (unchanged value, timestamp updated)
[2026-01-28 08:25:06]   [emp_id: 5244] ✓ Refreshed: 1.26 (unchanged value, timestamp updated)
[2026-01-28 08:25:06]   [emp_id: 5246] ✓ Refreshed: 12.82 (unchanged value, timestamp updated)
[2026-01-28 08:25:06]   [emp_id: 5253] ✓ Refreshed: 25.69 (unchanged value, timestamp updated)
[2026-01-28 08:25:06]   [emp_id: 5254] ✓ Refreshed: 13.67 (unchanged value, timestamp updated)
[2026-01-28 08:25:06]   [emp_id: 5257] ✓ Refreshed: 13.38 (unchanged value, timestamp updated)
[2026-01-28 08:25:06]   [emp_id: 5259] ✓ Refreshed: 49.91 (unchanged value, timestamp updated)
[2026-01-28 08:25:06]   [emp_id: 5261] ✓ Refreshed: 18.14 (unchanged value, timestamp updated)
[2026-01-28 08:25:07]   [emp_id: 5264] ✓ Refreshed: 15.39 (unchanged value, timestamp updated)
[2026-01-28 08:25:07]   [emp_id: 5266] ✓ Refreshed: 22.01 (unchanged value, timestamp updated)
[2026-01-28 08:25:07]   [emp_id: 5268] ✓ Refreshed: 10.58 (unchanged value, timestamp updated)
[2026-01-28 08:25:07]   [emp_id: 5271] ✓ Refreshed: 9.24 (unchanged value, timestamp updated)
[2026-01-28 08:25:07]   [emp_id: 5272] ✓ Refreshed: 10.11 (unchanged value, timestamp updated)
[2026-01-28 08:25:07]   [emp_id: 5273] ✓ Refreshed: 25.18 (unchanged value, timestamp updated)
[2026-01-28 08:25:07]   [emp_id: 5275] ✓ Refreshed: 10.93 (unchanged value, timestamp updated)
[2026-01-28 08:25:07]   [emp_id: 5276] ✓ Refreshed: 25.2 (unchanged value, timestamp updated)
[2026-01-28 08:25:07]   [emp_id: 5278] ✓ Refreshed: 9.59 (unchanged value, timestamp updated)
[2026-01-28 08:25:07]   [emp_id: 5280] ✓ Refreshed: 19.99 (unchanged value, timestamp updated)
[2026-01-28 08:25:07]   [emp_id: 5282] ✓ Refreshed: 13.62 (unchanged value, timestamp updated)
[2026-01-28 08:25:07]   [emp_id: 5285] ✓ Refreshed: 29.99 (unchanged value, timestamp updated)
[2026-01-28 08:25:07]   [emp_id: 5286] ✓ Refreshed: 16.99 (unchanged value, timestamp updated)
[2026-01-28 08:25:07]   [emp_id: 5287] ✓ Refreshed: 51.29 (unchanged value, timestamp updated)
[2026-01-28 08:25:07]   [emp_id: 5288] ✓ Refreshed: 8.56 (unchanged value, timestamp updated)
[2026-01-28 08:25:07]   [emp_id: 5289] ✓ Refreshed: 49.84 (unchanged value, timestamp updated)
[2026-01-28 08:25:07]   [emp_id: 5290] ✓ Refreshed: 48.61 (unchanged value, timestamp updated)
[2026-01-28 08:25:07]   [emp_id: 5291] ✓ Refreshed: 6.61 (unchanged value, timestamp updated)
[2026-01-28 08:25:07]   [emp_id: 5292] ✓ Refreshed: 6.55 (unchanged value, timestamp updated)
[2026-01-28 08:25:07]   [emp_id: 5293] ✓ Refreshed: 9.88 (unchanged value, timestamp updated)
[2026-01-28 08:25:07]   [emp_id: 5294] ✓ Refreshed: 9.54 (unchanged value, timestamp updated)
[2026-01-28 08:25:07]   [emp_id: 5295] ✓ Refreshed: 22.79 (unchanged value, timestamp updated)
[2026-01-28 08:25:07]   [emp_id: 5296] ✓ Refreshed: 36.56 (unchanged value, timestamp updated)
[2026-01-28 08:25:07]   [emp_id: 5297] ✓ Refreshed: 47.21 (unchanged value, timestamp updated)
[2026-01-28 08:25:07]   [emp_id: 5298] ✓ Refreshed: 47.21 (unchanged value, timestamp updated)
[2026-01-28 08:25:07]   [emp_id: 5299] ✓ Refreshed: 47.21 (unchanged value, timestamp updated)
[2026-01-28 08:25:07]   [emp_id: 5300] ✓ Refreshed: 47.21 (unchanged value, timestamp updated)
[2026-01-28 08:25:07]   [emp_id: 5301] ✓ Refreshed: 5.03 (unchanged value, timestamp updated)
[2026-01-28 08:25:07]   [emp_id: 5303] ✓ Refreshed: 5.46 (unchanged value, timestamp updated)
[2026-01-28 08:25:07]   [emp_id: 5304] ✓ Refreshed: 2.21 (unchanged value, timestamp updated)
[2026-01-28 08:25:07]   [emp_id: 5305] ✓ Refreshed: 5.21 (unchanged value, timestamp updated)
[2026-01-28 08:25:07]   [emp_id: 5306] ✓ Refreshed: 46.92 (unchanged value, timestamp updated)
[2026-01-28 08:25:07]   [emp_id: 5307] ✓ Refreshed: 46.92 (unchanged value, timestamp updated)
[2026-01-28 08:25:07]   [emp_id: 5312] ✓ Refreshed: 1.26 (unchanged value, timestamp updated)
[2026-01-28 08:25:07]   [emp_id: 5318] ✓ Refreshed: 27.63 (unchanged value, timestamp updated)
[2026-01-28 08:25:07]   [emp_id: 5325] ✓ Refreshed: 1.59 (unchanged value, timestamp updated)
[2026-01-28 08:25:07]   [emp_id: 5327] ✓ Refreshed: 2.68 (unchanged value, timestamp updated)
[2026-01-28 08:25:07]   [emp_id: 5337] ✓ Refreshed: 37.45 (unchanged value, timestamp updated)
[2026-01-28 08:25:07]   [emp_id: 5339] ✓ Refreshed: 11.78 (unchanged value, timestamp updated)
[2026-01-28 08:25:07]   [emp_id: 5343] ✓ Refreshed: 47.37 (unchanged value, timestamp updated)
[2026-01-28 08:25:07]   [emp_id: 5343] ✓ Refreshed: 47.37 (unchanged value, timestamp updated)
[2026-01-28 08:25:07]   [emp_id: 5345] ✓ Refreshed: 17.2 (unchanged value, timestamp updated)
[2026-01-28 08:25:07]   [emp_id: 5346] ✓ Refreshed: 3.5 (unchanged value, timestamp updated)
[2026-01-28 08:25:08]   [emp_id: 5351] ✓ Refreshed: 18.44 (unchanged value, timestamp updated)
[2026-01-28 08:25:08]   [emp_id: 5352] ✓ Refreshed: 27.62 (unchanged value, timestamp updated)
[2026-01-28 08:25:08]   [emp_id: 5370] ✓ Refreshed: 17.09 (unchanged value, timestamp updated)
[2026-01-28 08:25:08]   [emp_id: 5371] ✓ Refreshed: 9.37 (unchanged value, timestamp updated)
[2026-01-28 08:25:08]   [emp_id: 5376] ✓ Refreshed: 11.69 (unchanged value, timestamp updated)
[2026-01-28 08:25:08]   [emp_id: 5378] ✓ Refreshed: 19.45 (unchanged value, timestamp updated)
[2026-01-28 08:25:08]   [emp_id: 5380] ✓ Refreshed: 18.1 (unchanged value, timestamp updated)
[2026-01-28 08:25:08]   [emp_id: 5381] ✓ Refreshed: 13.89 (unchanged value, timestamp updated)
[2026-01-28 08:25:08]   [emp_id: 5383] ✓ Refreshed: 17.2 (unchanged value, timestamp updated)
[2026-01-28 08:25:08]   [emp_id: 5388] ✓ Refreshed: 28.88 (unchanged value, timestamp updated)
[2026-01-28 08:25:08]   [emp_id: 5396] ✓ Refreshed: 30.12 (unchanged value, timestamp updated)
[2026-01-28 08:25:08]   [emp_id: 5397] ✓ Refreshed: 21.58 (unchanged value, timestamp updated)
[2026-01-28 08:25:08]   [emp_id: 5401] ✓ Refreshed: 24.69 (unchanged value, timestamp updated)
[2026-01-28 08:25:08]   [emp_id: 5402] ✓ Refreshed: 24.81 (unchanged value, timestamp updated)
[2026-01-28 08:25:08]   [emp_id: 5406] ✓ Refreshed: 18.53 (unchanged value, timestamp updated)
[2026-01-28 08:25:08]   [emp_id: 5407] ✓ Refreshed: 17.97 (unchanged value, timestamp updated)
[2026-01-28 08:25:08]   [emp_id: 5409] ✓ Refreshed: 17.87 (unchanged value, timestamp updated)
[2026-01-28 08:25:08]   [emp_id: 5413] ✓ Refreshed: 30.37 (unchanged value, timestamp updated)
[2026-01-28 08:25:08]   [emp_id: 5414] ✓ Refreshed: 30.04 (unchanged value, timestamp updated)
[2026-01-28 08:25:08]   [emp_id: 5415] ✓ Refreshed: 5.97 (unchanged value, timestamp updated)
[2026-01-28 08:25:08]   [emp_id: 5418] ✓ Refreshed: 16.93 (unchanged value, timestamp updated)
[2026-01-28 08:25:08]   [emp_id: 5422] ✓ Refreshed: 22.7 (unchanged value, timestamp updated)
[2026-01-28 08:25:08]   [emp_id: 5423] ✓ Refreshed: 7.39 (unchanged value, timestamp updated)
[2026-01-28 08:25:08]   [emp_id: 5425] ✓ Refreshed: 15.48 (unchanged value, timestamp updated)
[2026-01-28 08:25:08]   [emp_id: 5426] ✓ Refreshed: 3.94 (unchanged value, timestamp updated)
[2026-01-28 08:25:08]   [emp_id: 5426] ✓ Refreshed: 3.94 (unchanged value, timestamp updated)
[2026-01-28 08:25:08]   [emp_id: 5427] ✓ Refreshed: 15.59 (unchanged value, timestamp updated)
[2026-01-28 08:25:08]   [emp_id: 5428] ✓ Refreshed: 15.48 (unchanged value, timestamp updated)
[2026-01-28 08:25:08]   [emp_id: 5430] ✓ Refreshed: 19.76 (unchanged value, timestamp updated)
[2026-01-28 08:25:08]   [emp_id: 5431] ✓ Refreshed: 14.6 (unchanged value, timestamp updated)
[2026-01-28 08:25:08]   [emp_id: 5433] ✓ Refreshed: 14.62 (unchanged value, timestamp updated)
[2026-01-28 08:25:08]   [emp_id: 5434] ✓ Refreshed: 14.37 (unchanged value, timestamp updated)
[2026-01-28 08:25:08]   [emp_id: 5435] ✓ Refreshed: 14.31 (unchanged value, timestamp updated)
[2026-01-28 08:25:08]   [emp_id: 5436] ✓ Refreshed: 14.31 (unchanged value, timestamp updated)
[2026-01-28 08:25:08]   [emp_id: 5438] ✓ Refreshed: 17.62 (unchanged value, timestamp updated)
[2026-01-28 08:25:08]   [emp_id: 5439] ✓ Refreshed: 27.12 (unchanged value, timestamp updated)
[2026-01-28 08:25:08]   [emp_id: 5442] ✓ Refreshed: 16.12 (unchanged value, timestamp updated)
[2026-01-28 08:25:08]   [emp_id: 5445] ✓ Refreshed: 8.77 (unchanged value, timestamp updated)
[2026-01-28 08:25:08]   [emp_id: 5446] ✓ Refreshed: 8.77 (unchanged value, timestamp updated)
[2026-01-28 08:25:08]   [emp_id: 5447] ✓ Refreshed: 8.71 (unchanged value, timestamp updated)
[2026-01-28 08:25:08]   [emp_id: 5448] ✓ Refreshed: 3.14 (unchanged value, timestamp updated)
[2026-01-28 08:25:08]   [emp_id: 5449] ✓ Refreshed: 6.79 (unchanged value, timestamp updated)
[2026-01-28 08:25:08]   [emp_id: 5450] ✓ Refreshed: 6.73 (unchanged value, timestamp updated)
[2026-01-28 08:25:09]   [emp_id: 5451] ✓ Refreshed: 6.73 (unchanged value, timestamp updated)
[2026-01-28 08:25:09]   [emp_id: 5453] ✓ Refreshed: 6.57 (unchanged value, timestamp updated)
[2026-01-28 08:25:09]   [emp_id: 5454] ✓ Refreshed: 9.2 (unchanged value, timestamp updated)
[2026-01-28 08:25:09]   [emp_id: 5455] ✓ Refreshed: 3.45 (unchanged value, timestamp updated)
[2026-01-28 08:25:09]   [emp_id: 5456] ✓ Refreshed: 8.45 (unchanged value, timestamp updated)
[2026-01-28 08:25:09]   [emp_id: 5457] ✓ Refreshed: 5.82 (unchanged value, timestamp updated)
[2026-01-28 08:25:09]   [emp_id: 5460] ✓ Refreshed: 7.1 (unchanged value, timestamp updated)
[2026-01-28 08:25:09]   [emp_id: 5463] ✓ Refreshed: 6.43 (unchanged value, timestamp updated)
[2026-01-28 08:25:09]   [emp_id: 5464] ✓ Refreshed: 6.43 (unchanged value, timestamp updated)
[2026-01-28 08:25:09]   [emp_id: 5466] ✓ Refreshed: 4.18 (unchanged value, timestamp updated)
[2026-01-28 08:25:09]   [emp_id: 5467] ✓ Refreshed: 3.1 (unchanged value, timestamp updated)
[2026-01-28 08:25:09]   [emp_id: 5468] ✓ Refreshed: 2.05 (unchanged value, timestamp updated)
[2026-01-28 08:25:09]   [emp_id: 5469] ✓ Refreshed: 1.96 (unchanged value, timestamp updated)
[2026-01-28 08:25:09] Report saved to: D:\xampp\htdocs\almutlak\system/cron_logs/last_vacation_update_report.json
[2026-01-28 08:26:47] ========== CRON: Vacation Balance Update Started ==========
[2026-01-28 08:26:47] FORCE RUN enabled: Bypassing once-per-day restriction
[2026-01-28 08:26:47] Database connection established
[2026-01-28 08:26:47] Found 433 active employees with balance records to update
[2026-01-28 08:26:47] (Only employees with status=1 will be processed)
[2026-01-28 08:26:47]   [emp_id: 1061] ✓ Refreshed: 1.69 (unchanged value, timestamp updated)
[2026-01-28 08:26:47]   [emp_id: 1496] ✓ Refreshed: 18.54 (unchanged value, timestamp updated)
[2026-01-28 08:26:47]   [emp_id: 1500] ✓ Refreshed: 6.22 (unchanged value, timestamp updated)
[2026-01-28 08:26:47]   [emp_id: 1574] ✓ Refreshed: 35.45 (unchanged value, timestamp updated)
[2026-01-28 08:26:47]   [emp_id: 1673] ✓ Refreshed: 46.95 (unchanged value, timestamp updated)
[2026-01-28 08:26:47]   [emp_id: 1685] ✓ Refreshed: 16.87 (unchanged value, timestamp updated)
[2026-01-28 08:26:47]   [emp_id: 1764] ✓ Refreshed: 71.54 (unchanged value, timestamp updated)
[2026-01-28 08:26:47]   [emp_id: 1805] ✓ Refreshed: 65.87 (unchanged value, timestamp updated)
[2026-01-28 08:26:48]   [emp_id: 1822] ✓ Refreshed: 70.62 (unchanged value, timestamp updated)
[2026-01-28 08:26:48]   [emp_id: 1837] ✓ Refreshed: 26.79 (unchanged value, timestamp updated)
[2026-01-28 08:26:48]   [emp_id: 1857] ✓ Refreshed: 22.12 (unchanged value, timestamp updated)
[2026-01-28 08:26:48]   [emp_id: 1861] ✓ Refreshed: 72.95 (unchanged value, timestamp updated)
[2026-01-28 08:26:48]   [emp_id: 1872] ✓ Refreshed: 11.79 (unchanged value, timestamp updated)
[2026-01-28 08:26:48]   [emp_id: 1897] ✓ Refreshed: 7.12 (unchanged value, timestamp updated)
[2026-01-28 08:26:48]   [emp_id: 1916] ✓ Refreshed: 13.42 (unchanged value, timestamp updated)
[2026-01-28 08:26:48]   [emp_id: 1928] ✓ Refreshed: 66.37 (unchanged value, timestamp updated)
[2026-01-28 08:26:48]   [emp_id: 1931] ✓ Refreshed: 86.29 (unchanged value, timestamp updated)
[2026-01-28 08:26:48]   [emp_id: 1944] ✓ Refreshed: 44.45 (unchanged value, timestamp updated)
[2026-01-28 08:26:48]   [emp_id: 1996] ✓ Refreshed: 72.95 (unchanged value, timestamp updated)
[2026-01-28 08:26:48]   [emp_id: 1997] ✓ Refreshed: 38.12 (unchanged value, timestamp updated)
[2026-01-28 08:26:48]   [emp_id: 1998] ✓ Refreshed: 29.56 (unchanged value, timestamp updated)
[2026-01-28 08:26:48]   [emp_id: 1999] ✓ Refreshed: 30.56 (unchanged value, timestamp updated)
[2026-01-28 08:26:48]   [emp_id: 2009] ✓ Refreshed: 36.87 (unchanged value, timestamp updated)
[2026-01-28 08:26:48]   [emp_id: 2048] ✓ Refreshed: 26.7 (unchanged value, timestamp updated)
[2026-01-28 08:26:48]   [emp_id: 2057] ✓ Refreshed: 67.54 (unchanged value, timestamp updated)
[2026-01-28 08:26:48]   [emp_id: 2079] ✓ Refreshed: 49.87 (unchanged value, timestamp updated)
[2026-01-28 08:26:48]   [emp_id: 2181] ✓ Refreshed: 38.87 (unchanged value, timestamp updated)
[2026-01-28 08:26:48]   [emp_id: 2190] ✓ Refreshed: 8.2 (unchanged value, timestamp updated)
[2026-01-28 08:26:48]   [emp_id: 2212] ✓ Refreshed: 26.2 (unchanged value, timestamp updated)
[2026-01-28 08:26:48]   [emp_id: 2226] ✓ Refreshed: 70.95 (unchanged value, timestamp updated)
[2026-01-28 08:26:48]   [emp_id: 2238] ✓ Refreshed: 69.2 (unchanged value, timestamp updated)
[2026-01-28 08:26:48]   [emp_id: 2285] ✓ Refreshed: 37.87 (unchanged value, timestamp updated)
[2026-01-28 08:26:48]   [emp_id: 2287] ✓ Refreshed: 49.54 (unchanged value, timestamp updated)
[2026-01-28 08:26:48]   [emp_id: 2288] ✓ Refreshed: 4.56 (unchanged value, timestamp updated)
[2026-01-28 08:26:48]   [emp_id: 2316] ✓ Refreshed: 18.37 (unchanged value, timestamp updated)
[2026-01-28 08:26:48]   [emp_id: 2337] ✓ Refreshed: 39.45 (unchanged value, timestamp updated)
[2026-01-28 08:26:48]   [emp_id: 2352] ✓ Refreshed: 70.95 (unchanged value, timestamp updated)
[2026-01-28 08:26:48]   [emp_id: 2358] ✓ Refreshed: 7.45 (unchanged value, timestamp updated)
[2026-01-28 08:26:48]   [emp_id: 2361] ✓ Refreshed: 73.12 (unchanged value, timestamp updated)
[2026-01-28 08:26:48]   [emp_id: 2363] ✓ Refreshed: 75.7 (unchanged value, timestamp updated)
[2026-01-28 08:26:48]   [emp_id: 2364] ✓ Refreshed: 75.12 (unchanged value, timestamp updated)
[2026-01-28 08:26:48]   [emp_id: 2367] ✓ Refreshed: 102.79 (unchanged value, timestamp updated)
[2026-01-28 08:26:48]   [emp_id: 2368] ✓ Refreshed: 33.2 (unchanged value, timestamp updated)
[2026-01-28 08:26:48]   [emp_id: 2372] ✓ Refreshed: 70.45 (unchanged value, timestamp updated)
[2026-01-28 08:26:48]   [emp_id: 2376] ✓ Refreshed: 120.45 (unchanged value, timestamp updated)
[2026-01-28 08:26:48]   [emp_id: 2423] ✓ Refreshed: 21.2 (unchanged value, timestamp updated)
[2026-01-28 08:26:48]   [emp_id: 2519] ✓ Refreshed: 114.87 (unchanged value, timestamp updated)
[2026-01-28 08:26:48]   [emp_id: 2522] ✓ Refreshed: 58.45 (unchanged value, timestamp updated)
[2026-01-28 08:26:48]   [emp_id: 2530] ✓ Refreshed: 53.7 (unchanged value, timestamp updated)
[2026-01-28 08:26:49]   [emp_id: 2539] ✓ Refreshed: 50.45 (unchanged value, timestamp updated)
[2026-01-28 08:26:49]   [emp_id: 2541] ✓ Refreshed: 31.04 (unchanged value, timestamp updated)
[2026-01-28 08:26:49]   [emp_id: 2550] ✓ Refreshed: 97.2 (unchanged value, timestamp updated)
[2026-01-28 08:26:49]   [emp_id: 2553] ✓ Refreshed: 34.31 (unchanged value, timestamp updated)
[2026-01-28 08:26:49]   [emp_id: 2554] ✓ Refreshed: 40.79 (unchanged value, timestamp updated)
[2026-01-28 08:26:49]   [emp_id: 2565] ✓ Refreshed: 95.37 (unchanged value, timestamp updated)
[2026-01-28 08:26:49]   [emp_id: 2572] ✓ Refreshed: 45.37 (unchanged value, timestamp updated)
[2026-01-28 08:26:49]   [emp_id: 2637] ✓ Refreshed: 65.95 (unchanged value, timestamp updated)
[2026-01-28 08:26:49]   [emp_id: 2642] ✓ Refreshed: 78.7 (unchanged value, timestamp updated)
[2026-01-28 08:26:49]   [emp_id: 2645] ✓ Refreshed: 94.7 (unchanged value, timestamp updated)
[2026-01-28 08:26:49]   [emp_id: 2648] ✓ Refreshed: 46.37 (unchanged value, timestamp updated)
[2026-01-28 08:26:49]   [emp_id: 2654] ✓ Refreshed: 89.04 (unchanged value, timestamp updated)
[2026-01-28 08:26:49]   [emp_id: 2688] ✓ Refreshed: 27.12 (unchanged value, timestamp updated)
[2026-01-28 08:26:49]   [emp_id: 2690] ✓ Refreshed: 15.87 (unchanged value, timestamp updated)
[2026-01-28 08:26:49]   [emp_id: 2709] ✓ Refreshed: 38.12 (unchanged value, timestamp updated)
[2026-01-28 08:26:49]   [emp_id: 2745] ✓ Refreshed: 34.7 (unchanged value, timestamp updated)
[2026-01-28 08:26:49]   [emp_id: 2843] ✓ Refreshed: 81.29 (unchanged value, timestamp updated)
[2026-01-28 08:26:49]   [emp_id: 2854] ✓ Refreshed: 61.2 (unchanged value, timestamp updated)
[2026-01-28 08:26:49]   [emp_id: 2869] ✓ Refreshed: 5.12 (unchanged value, timestamp updated)
[2026-01-28 08:26:49]   [emp_id: 2876] ✓ Refreshed: 35.95 (unchanged value, timestamp updated)
[2026-01-28 08:26:49]   [emp_id: 2924] ✓ Refreshed: 17.12 (unchanged value, timestamp updated)
[2026-01-28 08:26:49]   [emp_id: 2953] ✓ Refreshed: 102.87 (unchanged value, timestamp updated)
[2026-01-28 08:26:49]   [emp_id: 2961] ✓ Refreshed: 12.87 (unchanged value, timestamp updated)
[2026-01-28 08:26:49]   [emp_id: 2975] ✓ Refreshed: 2.55 (unchanged value, timestamp updated)
[2026-01-28 08:26:49]   [emp_id: 3013] ✓ Refreshed: 11.87 (unchanged value, timestamp updated)
[2026-01-28 08:26:49]   [emp_id: 3014] ✓ Refreshed: 91.12 (unchanged value, timestamp updated)
[2026-01-28 08:26:49]   [emp_id: 3015] ✓ Refreshed: 2.37 (unchanged value, timestamp updated)
[2026-01-28 08:26:49]   [emp_id: 3018] ✓ Refreshed: 61.12 (unchanged value, timestamp updated)
[2026-01-28 08:26:49]   [emp_id: 3025] ✓ Refreshed: 24.89 (unchanged value, timestamp updated)
[2026-01-28 08:26:49]   [emp_id: 3037] ✓ Refreshed: 84.62 (unchanged value, timestamp updated)
[2026-01-28 08:26:49]   [emp_id: 3047] ✓ Refreshed: 72.87 (unchanged value, timestamp updated)
[2026-01-28 08:26:49]   [emp_id: 3061] ✓ Refreshed: 19.79 (unchanged value, timestamp updated)
[2026-01-28 08:26:49]   [emp_id: 3062] ✓ Refreshed: 52.95 (unchanged value, timestamp updated)
[2026-01-28 08:26:49]   [emp_id: 3074] ✓ Refreshed: 109.37 (unchanged value, timestamp updated)
[2026-01-28 08:26:49]   [emp_id: 3089] ✓ Refreshed: 8.29 (unchanged value, timestamp updated)
[2026-01-28 08:26:49]   [emp_id: 3090] ✓ Refreshed: 34.87 (unchanged value, timestamp updated)
[2026-01-28 08:26:49]   [emp_id: 3091] ✓ Refreshed: 46.87 (unchanged value, timestamp updated)
[2026-01-28 08:26:49]   [emp_id: 3092] ✓ Refreshed: 29.54 (unchanged value, timestamp updated)
[2026-01-28 08:26:49]   [emp_id: 3105] ✓ Refreshed: 49.87 (unchanged value, timestamp updated)
[2026-01-28 08:26:49]   [emp_id: 3134] ✓ Refreshed: 45.62 (unchanged value, timestamp updated)
[2026-01-28 08:26:49]   [emp_id: 3140] ✓ Refreshed: 42.7 (unchanged value, timestamp updated)
[2026-01-28 08:26:50]   [emp_id: 3144] ✓ Refreshed: 15.54 (unchanged value, timestamp updated)
[2026-01-28 08:26:50]   [emp_id: 3156] ✓ Refreshed: 18.87 (unchanged value, timestamp updated)
[2026-01-28 08:26:50]   [emp_id: 3162] ✓ Refreshed: 3.85 (unchanged value, timestamp updated)
[2026-01-28 08:26:50]   [emp_id: 3163] ✓ Refreshed: 7.12 (unchanged value, timestamp updated)
[2026-01-28 08:26:50]   [emp_id: 3198] ✓ Refreshed: 42.12 (unchanged value, timestamp updated)
[2026-01-28 08:26:50]   [emp_id: 3205] ✓ Refreshed: 18.79 (unchanged value, timestamp updated)
[2026-01-28 08:26:50]   [emp_id: 3209] ✓ Refreshed: 42.95 (unchanged value, timestamp updated)
[2026-01-28 08:26:50]   [emp_id: 3223] ✓ Refreshed: 91.87 (unchanged value, timestamp updated)
[2026-01-28 08:26:50]   [emp_id: 3224] ✓ Refreshed: 66.62 (unchanged value, timestamp updated)
[2026-01-28 08:26:50]   [emp_id: 3230] ✓ Refreshed: 90.04 (unchanged value, timestamp updated)
[2026-01-28 08:26:50]   [emp_id: 3231] ✓ Refreshed: 2.41 (unchanged value, timestamp updated)
[2026-01-28 08:26:50]   [emp_id: 3233] ✓ Refreshed: 82.87 (unchanged value, timestamp updated)
[2026-01-28 08:26:50]   [emp_id: 3249] ✓ Refreshed: 38.7 (unchanged value, timestamp updated)
[2026-01-28 08:26:50]   [emp_id: 3250] ✓ Refreshed: 11.7 (unchanged value, timestamp updated)
[2026-01-28 08:26:50]   [emp_id: 3252] ✓ Refreshed: 12.62 (unchanged value, timestamp updated)
[2026-01-28 08:26:50]   [emp_id: 3254] ✓ Refreshed: 23.12 (unchanged value, timestamp updated)
[2026-01-28 08:26:50]   [emp_id: 3255] ✓ Refreshed: 19.54 (unchanged value, timestamp updated)
[2026-01-28 08:26:50]   [emp_id: 3256] ✓ Refreshed: 15.79 (unchanged value, timestamp updated)
[2026-01-28 08:26:50]   [emp_id: 3263] ✓ Refreshed: 31.87 (unchanged value, timestamp updated)
[2026-01-28 08:26:50]   [emp_id: 3265] ✓ Refreshed: 27.45 (unchanged value, timestamp updated)
[2026-01-28 08:26:50]   [emp_id: 3280] ✓ Refreshed: 74.37 (unchanged value, timestamp updated)
[2026-01-28 08:26:50]   [emp_id: 3286] ✓ Refreshed: 17.54 (unchanged value, timestamp updated)
[2026-01-28 08:26:50]   [emp_id: 3294] ✓ Refreshed: 17.2 (unchanged value, timestamp updated)
[2026-01-28 08:26:50]   [emp_id: 3321] ✓ Refreshed: 74.37 (unchanged value, timestamp updated)
[2026-01-28 08:26:50]   [emp_id: 3325] ✓ Refreshed: 62.12 (unchanged value, timestamp updated)
[2026-01-28 08:26:50]   [emp_id: 3329] ✓ Refreshed: 64.45 (unchanged value, timestamp updated)
[2026-01-28 08:26:50]   [emp_id: 3330] ✓ Refreshed: 64.45 (unchanged value, timestamp updated)
[2026-01-28 08:26:50]   [emp_id: 3332] ✓ Refreshed: 64.45 (unchanged value, timestamp updated)
[2026-01-28 08:26:50]   [emp_id: 3370] ✓ Refreshed: 55.96 (unchanged value, timestamp updated)
[2026-01-28 08:26:50]   [emp_id: 3384] ✓ Refreshed: 16.62 (unchanged value, timestamp updated)
[2026-01-28 08:26:50]   [emp_id: 3386] ✓ Refreshed: 46.62 (unchanged value, timestamp updated)
[2026-01-28 08:26:50]   [emp_id: 3431] ✓ Refreshed: 21.04 (unchanged value, timestamp updated)
[2026-01-28 08:26:50]   [emp_id: 3497] ✓ Refreshed: 11.2 (unchanged value, timestamp updated)
[2026-01-28 08:26:50]   [emp_id: 3532] ✓ Refreshed: 2.04 (unchanged value, timestamp updated)
[2026-01-28 08:26:50]   [emp_id: 3602] ✓ Refreshed: 3.61 (unchanged value, timestamp updated)
[2026-01-28 08:26:50]   [emp_id: 3618] ✓ Refreshed: 25.59 (unchanged value, timestamp updated)
[2026-01-28 08:26:50]   [emp_id: 3622] ✓ Refreshed: 36.03 (unchanged value, timestamp updated)
[2026-01-28 08:26:50]   [emp_id: 3627] ✓ Refreshed: 11.54 (unchanged value, timestamp updated)
[2026-01-28 08:26:50]   [emp_id: 3665] ✓ Refreshed: 53.12 (unchanged value, timestamp updated)
[2026-01-28 08:26:50]   [emp_id: 3705] ✓ Refreshed: 29.36 (unchanged value, timestamp updated)
[2026-01-28 08:26:50]   [emp_id: 3724] ✓ Refreshed: 46.12 (unchanged value, timestamp updated)
[2026-01-28 08:26:50]   [emp_id: 3726] ✓ Refreshed: 62.54 (unchanged value, timestamp updated)
[2026-01-28 08:26:50]   [emp_id: 3727] ✓ Refreshed: 67.62 (unchanged value, timestamp updated)
[2026-01-28 08:26:51]   [emp_id: 3728] ✓ Refreshed: 11.95 (unchanged value, timestamp updated)
[2026-01-28 08:26:51]   [emp_id: 3767] ✓ Refreshed: 2.7 (unchanged value, timestamp updated)
[2026-01-28 08:26:51]   [emp_id: 3768] ✓ Refreshed: 58.95 (unchanged value, timestamp updated)
[2026-01-28 08:26:51]   [emp_id: 3787] ✓ Refreshed: 59.54 (unchanged value, timestamp updated)
[2026-01-28 08:26:51]   [emp_id: 3790] ✓ Refreshed: 4.09 (unchanged value, timestamp updated)
[2026-01-28 08:26:51]   [emp_id: 3795] ✓ Refreshed: 17.04 (unchanged value, timestamp updated)
[2026-01-28 08:26:51]   [emp_id: 3798] ✓ Refreshed: 95.45 (unchanged value, timestamp updated)
[2026-01-28 08:26:51]   [emp_id: 3801] ✓ Refreshed: 3.72 (unchanged value, timestamp updated)
[2026-01-28 08:26:51]   [emp_id: 3802] ✓ Refreshed: 32.7 (unchanged value, timestamp updated)
[2026-01-28 08:26:51]   [emp_id: 3803] ✓ Refreshed: 117.12 (unchanged value, timestamp updated)
[2026-01-28 08:26:51]   [emp_id: 3810] ✓ Refreshed: 63.12 (unchanged value, timestamp updated)
[2026-01-28 08:26:51]   [emp_id: 3812] ✓ Refreshed: 92.12 (unchanged value, timestamp updated)
[2026-01-28 08:26:51]   [emp_id: 3815] ✓ Refreshed: 92.12 (unchanged value, timestamp updated)
[2026-01-28 08:26:51]   [emp_id: 3836] ✓ Refreshed: 59.79 (unchanged value, timestamp updated)
[2026-01-28 08:26:51]   [emp_id: 3855] ✓ Refreshed: 52.95 (unchanged value, timestamp updated)
[2026-01-28 08:26:51]   [emp_id: 3857] ✓ Refreshed: 56.62 (unchanged value, timestamp updated)
[2026-01-28 08:26:51]   [emp_id: 3862] ✓ Refreshed: 104.7 (unchanged value, timestamp updated)
[2026-01-28 08:26:51]   [emp_id: 3866] ✓ Refreshed: 29.95 (unchanged value, timestamp updated)
[2026-01-28 08:26:51]   [emp_id: 3876] ✓ Refreshed: 26.12 (unchanged value, timestamp updated)
[2026-01-28 08:26:51]   [emp_id: 3877] ✓ Refreshed: 51.62 (unchanged value, timestamp updated)
[2026-01-28 08:26:51]   [emp_id: 3897] ✓ Refreshed: 39.87 (unchanged value, timestamp updated)
[2026-01-28 08:26:51]   [emp_id: 3899] ✓ Refreshed: 1.69 (unchanged value, timestamp updated)
[2026-01-28 08:26:51]   [emp_id: 3928] ✓ Refreshed: 15.95 (unchanged value, timestamp updated)
[2026-01-28 08:26:51]   [emp_id: 3929] ✓ Refreshed: 10.95 (unchanged value, timestamp updated)
[2026-01-28 08:26:51]   [emp_id: 3935] ✓ Refreshed: 95.95 (unchanged value, timestamp updated)
[2026-01-28 08:26:51]   [emp_id: 3952] ✓ Refreshed: 77.29 (unchanged value, timestamp updated)
[2026-01-28 08:26:51]   [emp_id: 3987] ✓ Refreshed: 16.2 (unchanged value, timestamp updated)
[2026-01-28 08:26:51]   [emp_id: 4059] ✓ Refreshed: 5.4 (unchanged value, timestamp updated)
[2026-01-28 08:26:51]   [emp_id: 4119] ✓ Refreshed: 58.87 (unchanged value, timestamp updated)
[2026-01-28 08:26:51]   [emp_id: 4120] ✓ Refreshed: 28.45 (unchanged value, timestamp updated)
[2026-01-28 08:26:51]   [emp_id: 4124] ✓ Refreshed: 28.97 (unchanged value, timestamp updated)
[2026-01-28 08:26:51]   [emp_id: 4133] ✓ Refreshed: 107.45 (unchanged value, timestamp updated)
[2026-01-28 08:26:51]   [emp_id: 4134] ✓ Refreshed: 28.45 (unchanged value, timestamp updated)
[2026-01-28 08:26:51]   [emp_id: 4136] ✓ Refreshed: 28.45 (unchanged value, timestamp updated)
[2026-01-28 08:26:51]   [emp_id: 4150] ✓ Refreshed: 27.12 (unchanged value, timestamp updated)
[2026-01-28 08:26:51]   [emp_id: 4157] ✓ Refreshed: 20.62 (unchanged value, timestamp updated)
[2026-01-28 08:26:51]   [emp_id: 4172] ✓ Refreshed: 13.94 (unchanged value, timestamp updated)
[2026-01-28 08:26:51]   [emp_id: 4195] ✓ Refreshed: 64.2 (unchanged value, timestamp updated)
[2026-01-28 08:26:51]   [emp_id: 4215] ✓ Refreshed: 46.87 (unchanged value, timestamp updated)
[2026-01-28 08:26:51]   [emp_id: 4220] ✓ Refreshed: 42.45 (unchanged value, timestamp updated)
[2026-01-28 08:26:51]   [emp_id: 4273] ✓ Refreshed: 11.12 (unchanged value, timestamp updated)
[2026-01-28 08:26:52]   [emp_id: 4283] ✓ Refreshed: 15.03 (unchanged value, timestamp updated)
[2026-01-28 08:26:52]   [emp_id: 4288] ✓ Refreshed: 1.69 (unchanged value, timestamp updated)
[2026-01-28 08:26:52]   [emp_id: 4315] ✓ Refreshed: 14.37 (unchanged value, timestamp updated)
[2026-01-28 08:26:52]   [emp_id: 4328] ✓ Refreshed: 43.86 (unchanged value, timestamp updated)
[2026-01-28 08:26:52]   [emp_id: 4329] ✓ Refreshed: 7.54 (unchanged value, timestamp updated)
[2026-01-28 08:26:52]   [emp_id: 4338] ✓ Refreshed: 49.12 (unchanged value, timestamp updated)
[2026-01-28 08:26:52]   [emp_id: 4340] ✓ Refreshed: 111.12 (unchanged value, timestamp updated)
[2026-01-28 08:26:52]   [emp_id: 4365] ✓ Refreshed: 62.54 (unchanged value, timestamp updated)
[2026-01-28 08:26:52]   [emp_id: 4366] ✓ Refreshed: 61.62 (unchanged value, timestamp updated)
[2026-01-28 08:26:52]   [emp_id: 4403] ✓ Refreshed: 87.45 (unchanged value, timestamp updated)
[2026-01-28 08:26:52]   [emp_id: 4438] ✓ Refreshed: 23.12 (unchanged value, timestamp updated)
[2026-01-28 08:26:52]   [emp_id: 4465] ✓ Refreshed: 14.19 (unchanged value, timestamp updated)
[2026-01-28 08:26:52]   [emp_id: 4473] ✓ Refreshed: 46.7 (unchanged value, timestamp updated)
[2026-01-28 08:26:52]   [emp_id: 4474] ✓ Refreshed: 4.7 (unchanged value, timestamp updated)
[2026-01-28 08:26:52]   [emp_id: 4493] ✓ Refreshed: 165.54 (unchanged value, timestamp updated)
[2026-01-28 08:26:52]   [emp_id: 4526] ✓ Refreshed: 37.79 (unchanged value, timestamp updated)
[2026-01-28 08:26:52]   [emp_id: 4528] ✓ Refreshed: 109.54 (unchanged value, timestamp updated)
[2026-01-28 08:26:52]   [emp_id: 4528] ✓ Refreshed: 109.54 (unchanged value, timestamp updated)
[2026-01-28 08:26:52]   [emp_id: 4532] ✓ Refreshed: 9.31 (unchanged value, timestamp updated)
[2026-01-28 08:26:52]   [emp_id: 4533] ✓ Refreshed: 37.95 (unchanged value, timestamp updated)
[2026-01-28 08:26:52]   [emp_id: 4565] ✓ Refreshed: 16.69 (unchanged value, timestamp updated)
[2026-01-28 08:26:52]   [emp_id: 4567] ✓ Refreshed: 20.94 (unchanged value, timestamp updated)
[2026-01-28 08:26:52]   [emp_id: 4572] ✓ Refreshed: 60.44 (unchanged value, timestamp updated)
[2026-01-28 08:26:52]   [emp_id: 4631] ✓ Refreshed: 16.69 (unchanged value, timestamp updated)
[2026-01-28 08:26:52]   [emp_id: 4655] ✓ Refreshed: 26.87 (unchanged value, timestamp updated)
[2026-01-28 08:26:52]   [emp_id: 4709] ✓ Refreshed: 42.12 (unchanged value, timestamp updated)
[2026-01-28 08:26:52]   [emp_id: 4717] ✓ Refreshed: 68.12 (unchanged value, timestamp updated)
[2026-01-28 08:26:52]   [emp_id: 4736] ✓ Refreshed: 29.95 (unchanged value, timestamp updated)
[2026-01-28 08:26:52]   [emp_id: 4756] ✓ Refreshed: 13.13 (unchanged value, timestamp updated)
[2026-01-28 08:26:52]   [emp_id: 4768] ✓ Refreshed: 15.62 (unchanged value, timestamp updated)
[2026-01-28 08:26:52]   [emp_id: 4780] ✓ Refreshed: 66.86 (unchanged value, timestamp updated)
[2026-01-28 08:26:52]   [emp_id: 4820] ✓ Refreshed: 100.95 (unchanged value, timestamp updated)
[2026-01-28 08:26:52] ========== CRON: Vacation Balance Update Started ==========
[2026-01-28 08:26:52]   [emp_id: 4824] ✓ Refreshed: 4.13 (unchanged value, timestamp updated)
[2026-01-28 08:26:52]   [emp_id: 4825] ✓ Refreshed: 32.7 (unchanged value, timestamp updated)
[2026-01-28 08:26:52]   [emp_id: 4837] ✓ Refreshed: 46.85 (unchanged value, timestamp updated)
[2026-01-28 08:26:52]   [emp_id: 4840] ✓ Refreshed: 46.85 (unchanged value, timestamp updated)
[2026-01-28 08:26:52]   [emp_id: 4842] ✓ Refreshed: 46.09 (unchanged value, timestamp updated)
[2026-01-28 08:26:52]   [emp_id: 4843] ✓ Refreshed: 46.62 (unchanged value, timestamp updated)
[2026-01-28 08:26:52]   [emp_id: 4853] ✓ Refreshed: 90.44 (unchanged value, timestamp updated)
[2026-01-28 08:26:52]   [emp_id: 4856] ✓ Refreshed: 43.76 (unchanged value, timestamp updated)
[2026-01-28 08:26:52]   [emp_id: 4857] ✓ Refreshed: 26.58 (unchanged value, timestamp updated)
[2026-01-28 08:26:52]   [emp_id: 4858] ✓ Refreshed: 23.46 (unchanged value, timestamp updated)
[2026-01-28 08:26:52]   [emp_id: 4859] ✓ Refreshed: 44.93 (unchanged value, timestamp updated)
[2026-01-28 08:26:52]   [emp_id: 4860] ✓ Refreshed: 9.43 (unchanged value, timestamp updated)
[2026-01-28 08:26:52]   [emp_id: 4861] ✓ Refreshed: 42.89 (unchanged value, timestamp updated)
[2026-01-28 08:26:53]   [emp_id: 4869] ✓ Refreshed: 85.77 (unchanged value, timestamp updated)
[2026-01-28 08:26:53]   [emp_id: 4894] ✓ Refreshed: 9.62 (unchanged value, timestamp updated)
[2026-01-28 08:26:53]   [emp_id: 4897] ✓ Refreshed: 24.67 (unchanged value, timestamp updated)
[2026-01-28 08:26:53]   [emp_id: 4899] ✓ Refreshed: 20.84 (unchanged value, timestamp updated)
[2026-01-28 08:26:53]   [emp_id: 4902] ✓ Refreshed: 20.26 (unchanged value, timestamp updated)
[2026-01-28 08:26:53]   [emp_id: 4903] ✓ Refreshed: 22.48 (unchanged value, timestamp updated)
[2026-01-28 08:26:53]   [emp_id: 4905] ✓ Refreshed: 21.14 (unchanged value, timestamp updated)
[2026-01-28 08:26:53]   [emp_id: 4907] ✓ Refreshed: 49.7 (unchanged value, timestamp updated)
[2026-01-28 08:26:53]   [emp_id: 4917] ✓ Refreshed: 18.1 (unchanged value, timestamp updated)
[2026-01-28 08:26:53]   [emp_id: 4918] ✓ Refreshed: 7.87 (unchanged value, timestamp updated)
[2026-01-28 08:26:53]   [emp_id: 4919] ✓ Refreshed: 60.16 (unchanged value, timestamp updated)
[2026-01-28 08:26:53]   [emp_id: 4920] ✓ Refreshed: 7.24 (unchanged value, timestamp updated)
[2026-01-28 08:26:53]   [emp_id: 4921] ✓ Refreshed: 19.33 (unchanged value, timestamp updated)
[2026-01-28 08:26:53]   [emp_id: 4927] ✓ Refreshed: 18.16 (unchanged value, timestamp updated)
[2026-01-28 08:26:53]   [emp_id: 4929] ✓ Refreshed: 19.68 (unchanged value, timestamp updated)
[2026-01-28 08:26:53]   [emp_id: 4930] ✓ Refreshed: 60.45 (unchanged value, timestamp updated)
[2026-01-28 08:26:53]   [emp_id: 4932] ✓ Refreshed: 18.45 (unchanged value, timestamp updated)
[2026-01-28 08:26:53]   [emp_id: 4933] ✓ Refreshed: 21.86 (unchanged value, timestamp updated)
[2026-01-28 08:26:53]   [emp_id: 4949] ✓ Refreshed: 25.29 (unchanged value, timestamp updated)
[2026-01-28 08:26:53]   [emp_id: 4956] ✓ Refreshed: 30.88 (unchanged value, timestamp updated)
[2026-01-28 08:26:53]   [emp_id: 4957] ✓ Refreshed: 26.55 (unchanged value, timestamp updated)
[2026-01-28 08:26:53]   [emp_id: 4962] ✓ Refreshed: 49.06 (unchanged value, timestamp updated)
[2026-01-28 08:26:53]   [emp_id: 4969] ✓ Refreshed: 48.37 (unchanged value, timestamp updated)
[2026-01-28 08:26:53]   [emp_id: 4976] ✓ Refreshed: 11.57 (unchanged value, timestamp updated)
[2026-01-28 08:26:53]   [emp_id: 4984] ✓ Refreshed: 39.62 (unchanged value, timestamp updated)
[2026-01-28 08:26:53]   [emp_id: 4995] ✓ Refreshed: 51.69 (unchanged value, timestamp updated)
[2026-01-28 08:26:53]   [emp_id: 5004] ✓ Refreshed: 28.51 (unchanged value, timestamp updated)
[2026-01-28 08:26:53]   [emp_id: 5006] ✓ Refreshed: 28.25 (unchanged value, timestamp updated)
[2026-01-28 08:26:53]   [emp_id: 5011] ✓ Refreshed: 7.47 (unchanged value, timestamp updated)
[2026-01-28 08:26:53]   [emp_id: 5013] ✓ Refreshed: 68.62 (unchanged value, timestamp updated)
[2026-01-28 08:26:53]   [emp_id: 5018] ✓ Refreshed: 5.11 (unchanged value, timestamp updated)
[2026-01-28 08:26:53]   [emp_id: 5021] ✓ Refreshed: 62.72 (unchanged value, timestamp updated)
[2026-01-28 08:26:53]   [emp_id: 5024] ✓ Refreshed: 3.13 (unchanged value, timestamp updated)
[2026-01-28 08:26:53]   [emp_id: 5030] ✓ Refreshed: 33.08 (unchanged value, timestamp updated)
[2026-01-28 08:26:53]   [emp_id: 5033] ✓ Refreshed: 11.88 (unchanged value, timestamp updated)
[2026-01-28 08:26:53]   [emp_id: 5043] ✓ Refreshed: 32.29 (unchanged value, timestamp updated)
[2026-01-28 08:26:53]   [emp_id: 5045] ✓ Refreshed: 28.79 (unchanged value, timestamp updated)
[2026-01-28 08:26:53]   [emp_id: 5046] ✓ Refreshed: 23.98 (unchanged value, timestamp updated)
[2026-01-28 08:26:53]   [emp_id: 5049] ✓ Refreshed: 0.56 (unchanged value, timestamp updated)
[2026-01-28 08:26:53]   [emp_id: 5052] ✓ Refreshed: 31.84 (unchanged value, timestamp updated)
[2026-01-28 08:26:53]   [emp_id: 5055] ✓ Refreshed: 20.28 (unchanged value, timestamp updated)
[2026-01-28 08:26:53]   [emp_id: 5058] ✓ Refreshed: 29.26 (unchanged value, timestamp updated)
[2026-01-28 08:26:54]   [emp_id: 5062] ✓ Refreshed: 41.09 (unchanged value, timestamp updated)
[2026-01-28 08:26:54]   [emp_id: 5064] ✓ Refreshed: 119.62 (unchanged value, timestamp updated)
[2026-01-28 08:26:54]   [emp_id: 5065] ✓ Refreshed: 40.5 (unchanged value, timestamp updated)
[2026-01-28 08:26:54]   [emp_id: 5071] ✓ Refreshed: 25.12 (unchanged value, timestamp updated)
[2026-01-28 08:26:54]   [emp_id: 5073] ✓ Refreshed: 15.1 (unchanged value, timestamp updated)
[2026-01-28 08:26:54]   [emp_id: 5079] ✓ Refreshed: 35.66 (unchanged value, timestamp updated)
[2026-01-28 08:26:54]   [emp_id: 5080] ✓ Refreshed: 28.99 (unchanged value, timestamp updated)
[2026-01-28 08:26:54]   [emp_id: 5081] ✓ Refreshed: 17.25 (unchanged value, timestamp updated)
[2026-01-28 08:26:54]   [emp_id: 5087] ✓ Refreshed: 37.29 (unchanged value, timestamp updated)
[2026-01-28 08:26:54]   [emp_id: 5091] ✓ Refreshed: 77.14 (unchanged value, timestamp updated)
[2026-01-28 08:26:54]   [emp_id: 5093] ✓ Refreshed: 16.29 (unchanged value, timestamp updated)
[2026-01-28 08:26:54]   [emp_id: 5095] ✓ Refreshed: 2.68 (unchanged value, timestamp updated)
[2026-01-28 08:26:54]   [emp_id: 5101] ✓ Refreshed: 18.37 (unchanged value, timestamp updated)
[2026-01-28 08:26:54]   [emp_id: 5107] ✓ Refreshed: 16.7 (unchanged value, timestamp updated)
[2026-01-28 08:26:54]   [emp_id: 5109] ✓ Refreshed: 13.95 (unchanged value, timestamp updated)
[2026-01-28 08:26:54]   [emp_id: 5119] ✓ Refreshed: 12.12 (unchanged value, timestamp updated)
[2026-01-28 08:26:54]   [emp_id: 5122] ✓ Refreshed: 9.29 (unchanged value, timestamp updated)
[2026-01-28 08:26:54]   [emp_id: 5126] ✓ Refreshed: 28.02 (unchanged value, timestamp updated)
[2026-01-28 08:26:54]   [emp_id: 5127] ✓ Refreshed: 16.81 (unchanged value, timestamp updated)
[2026-01-28 08:26:54]   [emp_id: 5128] ✓ Refreshed: 27.96 (unchanged value, timestamp updated)
[2026-01-28 08:26:54]   [emp_id: 5138] ✓ Refreshed: 51.95 (unchanged value, timestamp updated)
[2026-01-28 08:26:54]   [emp_id: 5138] ✓ Refreshed: 51.95 (unchanged value, timestamp updated)
[2026-01-28 08:26:54]   [emp_id: 5141] ✓ Refreshed: 36.33 (unchanged value, timestamp updated)
[2026-01-28 08:26:54]   [emp_id: 5142] ✓ Refreshed: 15.33 (unchanged value, timestamp updated)
[2026-01-28 08:26:54]   [emp_id: 5146] ✓ Refreshed: 22.33 (unchanged value, timestamp updated)
[2026-01-28 08:26:54]   [emp_id: 5147] ✓ Refreshed: 21.33 (unchanged value, timestamp updated)
[2026-01-28 08:26:54]   [emp_id: 5148] ✓ Refreshed: 26.68 (unchanged value, timestamp updated)
[2026-01-28 08:26:54]   [emp_id: 5149] ✓ Refreshed: 25.57 (unchanged value, timestamp updated)
[2026-01-28 08:26:54]   [emp_id: 5150] ✓ Refreshed: 24.93 (unchanged value, timestamp updated)
[2026-01-28 08:26:54]   [emp_id: 5151] ✓ Refreshed: 24.75 (unchanged value, timestamp updated)
[2026-01-28 08:26:54]   [emp_id: 5152] ✓ Refreshed: 5.17 (unchanged value, timestamp updated)
[2026-01-28 08:26:54]   [emp_id: 5157] ✓ Refreshed: 24.75 (unchanged value, timestamp updated)
[2026-01-28 08:26:54]   [emp_id: 5160] ✓ Refreshed: 24.75 (unchanged value, timestamp updated)
[2026-01-28 08:26:54]   [emp_id: 5163] ✓ Refreshed: 22.54 (unchanged value, timestamp updated)
[2026-01-28 08:26:54]   [emp_id: 5165] ✓ Refreshed: 3.39 (unchanged value, timestamp updated)
[2026-01-28 08:26:54]   [emp_id: 5167] ✓ Refreshed: 31.69 (unchanged value, timestamp updated)
[2026-01-28 08:26:54]   [emp_id: 5168] ✓ Refreshed: 24.23 (unchanged value, timestamp updated)
[2026-01-28 08:26:54]   [emp_id: 5173] ✓ Refreshed: 27.04 (unchanged value, timestamp updated)
[2026-01-28 08:26:54]   [emp_id: 5174] ✓ Refreshed: 24.69 (unchanged value, timestamp updated)
[2026-01-28 08:26:54]   [emp_id: 5181] ✓ Refreshed: 21.08 (unchanged value, timestamp updated)
[2026-01-28 08:26:55]   [emp_id: 5186] ✓ Refreshed: 26.61 (unchanged value, timestamp updated)
[2026-01-28 08:26:55]   [emp_id: 5187] ✓ Refreshed: 37.61 (unchanged value, timestamp updated)
[2026-01-28 08:26:55]   [emp_id: 5204] ✓ Refreshed: 24.54 (unchanged value, timestamp updated)
[2026-01-28 08:26:55]   [emp_id: 5205] ✓ Refreshed: 13.82 (unchanged value, timestamp updated)
[2026-01-28 08:26:55]   [emp_id: 5209] ✓ Refreshed: 16.82 (unchanged value, timestamp updated)
[2026-01-28 08:26:55]   [emp_id: 5213] ✓ Refreshed: 4.23 (unchanged value, timestamp updated)
[2026-01-28 08:26:55]   [emp_id: 5214] ✓ Refreshed: 3.07 (unchanged value, timestamp updated)
[2026-01-28 08:26:55]   [emp_id: 5215] ✓ Refreshed: 11.82 (unchanged value, timestamp updated)
[2026-01-28 08:26:55]   [emp_id: 5217] ✓ Refreshed: 10.82 (unchanged value, timestamp updated)
[2026-01-28 08:26:55]   [emp_id: 5219] ✓ Refreshed: 14.82 (unchanged value, timestamp updated)
[2026-01-28 08:26:55]   [emp_id: 5221] ✓ Refreshed: 4.13 (unchanged value, timestamp updated)
[2026-01-28 08:26:55]   [emp_id: 5224] ✓ Refreshed: 15.82 (unchanged value, timestamp updated)
[2026-01-28 08:26:55]   [emp_id: 5225] ✓ Refreshed: 8.13 (unchanged value, timestamp updated)
[2026-01-28 08:26:55]   [emp_id: 5228] ✓ Refreshed: 10.82 (unchanged value, timestamp updated)
[2026-01-28 08:26:55]   [emp_id: 5229] ✓ Refreshed: 6.82 (unchanged value, timestamp updated)
[2026-01-28 08:26:55]   [emp_id: 5230] ✓ Refreshed: 11.49 (unchanged value, timestamp updated)
[2026-01-28 08:26:55]   [emp_id: 5231] ✓ Refreshed: 7.82 (unchanged value, timestamp updated)
[2026-01-28 08:26:55]   [emp_id: 5232] ✓ Refreshed: 1.82 (unchanged value, timestamp updated)
[2026-01-28 08:26:55]   [emp_id: 5233] ✓ Refreshed: 5.82 (unchanged value, timestamp updated)
[2026-01-28 08:26:55]   [emp_id: 5234] ✓ Refreshed: 5.82 (unchanged value, timestamp updated)
[2026-01-28 08:26:55]   [emp_id: 5235] ✓ Refreshed: 1.26 (unchanged value, timestamp updated)
[2026-01-28 08:26:55]   [emp_id: 5237] ✓ Refreshed: 12.07 (unchanged value, timestamp updated)
[2026-01-28 08:26:55]   [emp_id: 5239] ✓ Refreshed: 8.82 (unchanged value, timestamp updated)
[2026-01-28 08:26:55]   [emp_id: 5241] ✓ Refreshed: 6.82 (unchanged value, timestamp updated)
[2026-01-28 08:26:55]   [emp_id: 5242] ✓ Refreshed: 16.82 (unchanged value, timestamp updated)
[2026-01-28 08:26:55]   [emp_id: 5243] ✓ Refreshed: 3.23 (unchanged value, timestamp updated)
[2026-01-28 08:26:55]   [emp_id: 5244] ✓ Refreshed: 1.26 (unchanged value, timestamp updated)
[2026-01-28 08:26:55]   [emp_id: 5246] ✓ Refreshed: 12.82 (unchanged value, timestamp updated)
[2026-01-28 08:26:55]   [emp_id: 5253] ✓ Refreshed: 25.69 (unchanged value, timestamp updated)
[2026-01-28 08:26:55]   [emp_id: 5254] ✓ Refreshed: 13.67 (unchanged value, timestamp updated)
[2026-01-28 08:26:55]   [emp_id: 5257] ✓ Refreshed: 13.38 (unchanged value, timestamp updated)
[2026-01-28 08:26:55]   [emp_id: 5259] ✓ Refreshed: 49.91 (unchanged value, timestamp updated)
[2026-01-28 08:26:55]   [emp_id: 5261] ✓ Refreshed: 18.14 (unchanged value, timestamp updated)
[2026-01-28 08:26:55]   [emp_id: 5264] ✓ Refreshed: 15.39 (unchanged value, timestamp updated)
[2026-01-28 08:26:55]   [emp_id: 5266] ✓ Refreshed: 22.01 (unchanged value, timestamp updated)
[2026-01-28 08:26:55]   [emp_id: 5268] ✓ Refreshed: 10.58 (unchanged value, timestamp updated)
[2026-01-28 08:26:55]   [emp_id: 5271] ✓ Refreshed: 9.24 (unchanged value, timestamp updated)
[2026-01-28 08:26:55]   [emp_id: 5272] ✓ Refreshed: 10.11 (unchanged value, timestamp updated)
[2026-01-28 08:26:55]   [emp_id: 5273] ✓ Refreshed: 25.18 (unchanged value, timestamp updated)
[2026-01-28 08:26:55]   [emp_id: 5275] ✓ Refreshed: 10.93 (unchanged value, timestamp updated)
[2026-01-28 08:26:56]   [emp_id: 5276] ✓ Refreshed: 25.2 (unchanged value, timestamp updated)
[2026-01-28 08:26:56]   [emp_id: 5278] ✓ Refreshed: 9.59 (unchanged value, timestamp updated)
[2026-01-28 08:26:56]   [emp_id: 5280] ✓ Refreshed: 19.99 (unchanged value, timestamp updated)
[2026-01-28 08:26:56]   [emp_id: 5282] ✓ Refreshed: 13.62 (unchanged value, timestamp updated)
[2026-01-28 08:26:56]   [emp_id: 5285] ✓ Refreshed: 29.99 (unchanged value, timestamp updated)
[2026-01-28 08:26:56]   [emp_id: 5286] ✓ Refreshed: 16.99 (unchanged value, timestamp updated)
[2026-01-28 08:26:56]   [emp_id: 5287] ✓ Refreshed: 51.29 (unchanged value, timestamp updated)
[2026-01-28 08:26:56]   [emp_id: 5288] ✓ Refreshed: 8.56 (unchanged value, timestamp updated)
[2026-01-28 08:26:56]   [emp_id: 5289] ✓ Refreshed: 49.84 (unchanged value, timestamp updated)
[2026-01-28 08:26:56]   [emp_id: 5290] ✓ Refreshed: 48.61 (unchanged value, timestamp updated)
[2026-01-28 08:26:56]   [emp_id: 5291] ✓ Refreshed: 6.61 (unchanged value, timestamp updated)
[2026-01-28 08:26:56]   [emp_id: 5292] ✓ Refreshed: 6.55 (unchanged value, timestamp updated)
[2026-01-28 08:26:56]   [emp_id: 5293] ✓ Refreshed: 9.88 (unchanged value, timestamp updated)
[2026-01-28 08:26:56]   [emp_id: 5294] ✓ Refreshed: 9.54 (unchanged value, timestamp updated)
[2026-01-28 08:26:56]   [emp_id: 5295] ✓ Refreshed: 22.79 (unchanged value, timestamp updated)
[2026-01-28 08:26:56]   [emp_id: 5296] ✓ Refreshed: 36.56 (unchanged value, timestamp updated)
[2026-01-28 08:26:56]   [emp_id: 5297] ✓ Refreshed: 47.21 (unchanged value, timestamp updated)
[2026-01-28 08:26:56]   [emp_id: 5298] ✓ Refreshed: 47.21 (unchanged value, timestamp updated)
[2026-01-28 08:26:56]   [emp_id: 5299] ✓ Refreshed: 47.21 (unchanged value, timestamp updated)
[2026-01-28 08:26:56]   [emp_id: 5300] ✓ Refreshed: 47.21 (unchanged value, timestamp updated)
[2026-01-28 08:26:56]   [emp_id: 5301] ✓ Refreshed: 5.03 (unchanged value, timestamp updated)
[2026-01-28 08:26:56]   [emp_id: 5303] ✓ Refreshed: 5.46 (unchanged value, timestamp updated)
[2026-01-28 08:26:56]   [emp_id: 5304] ✓ Refreshed: 2.21 (unchanged value, timestamp updated)
[2026-01-28 08:26:56]   [emp_id: 5305] ✓ Refreshed: 5.21 (unchanged value, timestamp updated)
[2026-01-28 08:26:56]   [emp_id: 5306] ✓ Refreshed: 46.92 (unchanged value, timestamp updated)
[2026-01-28 08:26:56]   [emp_id: 5307] ✓ Refreshed: 46.92 (unchanged value, timestamp updated)
[2026-01-28 08:26:56]   [emp_id: 5312] ✓ Refreshed: 1.26 (unchanged value, timestamp updated)
[2026-01-28 08:26:56]   [emp_id: 5318] ✓ Refreshed: 27.63 (unchanged value, timestamp updated)
[2026-01-28 08:26:56]   [emp_id: 5325] ✓ Refreshed: 1.59 (unchanged value, timestamp updated)
[2026-01-28 08:26:56]   [emp_id: 5327] ✓ Refreshed: 2.68 (unchanged value, timestamp updated)
[2026-01-28 08:26:56]   [emp_id: 5337] ✓ Refreshed: 37.45 (unchanged value, timestamp updated)
[2026-01-28 08:26:56]   [emp_id: 5339] ✓ Refreshed: 11.78 (unchanged value, timestamp updated)
[2026-01-28 08:26:56]   [emp_id: 5343] ✓ Refreshed: 47.37 (unchanged value, timestamp updated)
[2026-01-28 08:26:56]   [emp_id: 5343] ✓ Refreshed: 47.37 (unchanged value, timestamp updated)
[2026-01-28 08:26:56]   [emp_id: 5345] ✓ Refreshed: 17.2 (unchanged value, timestamp updated)
[2026-01-28 08:26:56]   [emp_id: 5346] ✓ Refreshed: 3.5 (unchanged value, timestamp updated)
[2026-01-28 08:26:57]   [emp_id: 5351] ✓ Refreshed: 18.44 (unchanged value, timestamp updated)
[2026-01-28 08:26:57]   [emp_id: 5352] ✓ Refreshed: 27.62 (unchanged value, timestamp updated)
[2026-01-28 08:26:57]   [emp_id: 5370] ✓ Refreshed: 17.09 (unchanged value, timestamp updated)
[2026-01-28 08:26:57]   [emp_id: 5371] ✓ Refreshed: 9.37 (unchanged value, timestamp updated)
[2026-01-28 08:26:57]   [emp_id: 5376] ✓ Refreshed: 11.69 (unchanged value, timestamp updated)
[2026-01-28 08:26:57]   [emp_id: 5378] ✓ Refreshed: 19.45 (unchanged value, timestamp updated)
[2026-01-28 08:26:57]   [emp_id: 5380] ✓ Refreshed: 18.1 (unchanged value, timestamp updated)
[2026-01-28 08:26:57]   [emp_id: 5381] ✓ Refreshed: 13.89 (unchanged value, timestamp updated)
[2026-01-28 08:26:57]   [emp_id: 5383] ✓ Refreshed: 17.2 (unchanged value, timestamp updated)
[2026-01-28 08:26:57]   [emp_id: 5388] ✓ Refreshed: 28.88 (unchanged value, timestamp updated)
[2026-01-28 08:26:57]   [emp_id: 5396] ✓ Refreshed: 30.12 (unchanged value, timestamp updated)
[2026-01-28 08:26:57]   [emp_id: 5397] ✓ Refreshed: 21.58 (unchanged value, timestamp updated)
[2026-01-28 08:26:57]   [emp_id: 5401] ✓ Refreshed: 24.69 (unchanged value, timestamp updated)
[2026-01-28 08:26:57]   [emp_id: 5402] ✓ Refreshed: 24.81 (unchanged value, timestamp updated)
[2026-01-28 08:26:57]   [emp_id: 5406] ✓ Refreshed: 18.53 (unchanged value, timestamp updated)
[2026-01-28 08:26:57]   [emp_id: 5407] ✓ Refreshed: 17.97 (unchanged value, timestamp updated)
[2026-01-28 08:26:57]   [emp_id: 5409] ✓ Refreshed: 17.87 (unchanged value, timestamp updated)
[2026-01-28 08:26:57]   [emp_id: 5413] ✓ Refreshed: 30.37 (unchanged value, timestamp updated)
[2026-01-28 08:26:57]   [emp_id: 5414] ✓ Refreshed: 30.04 (unchanged value, timestamp updated)
[2026-01-28 08:26:57]   [emp_id: 5415] ✓ Refreshed: 5.97 (unchanged value, timestamp updated)
[2026-01-28 08:26:57]   [emp_id: 5418] ✓ Refreshed: 16.93 (unchanged value, timestamp updated)
[2026-01-28 08:26:57]   [emp_id: 5422] ✓ Refreshed: 22.7 (unchanged value, timestamp updated)
[2026-01-28 08:26:57]   [emp_id: 5423] ✓ Refreshed: 7.39 (unchanged value, timestamp updated)
[2026-01-28 08:26:57]   [emp_id: 5425] ✓ Refreshed: 15.48 (unchanged value, timestamp updated)
[2026-01-28 08:26:57]   [emp_id: 5426] ✓ Refreshed: 3.94 (unchanged value, timestamp updated)
[2026-01-28 08:26:57]   [emp_id: 5426] ✓ Refreshed: 3.94 (unchanged value, timestamp updated)
[2026-01-28 08:26:57]   [emp_id: 5427] ✓ Refreshed: 15.59 (unchanged value, timestamp updated)
[2026-01-28 08:26:57]   [emp_id: 5428] ✓ Refreshed: 15.48 (unchanged value, timestamp updated)
[2026-01-28 08:26:57]   [emp_id: 5430] ✓ Refreshed: 19.76 (unchanged value, timestamp updated)
[2026-01-28 08:26:57]   [emp_id: 5431] ✓ Refreshed: 14.6 (unchanged value, timestamp updated)
[2026-01-28 08:26:57]   [emp_id: 5433] ✓ Refreshed: 14.62 (unchanged value, timestamp updated)
[2026-01-28 08:26:57]   [emp_id: 5434] ✓ Refreshed: 14.37 (unchanged value, timestamp updated)
[2026-01-28 08:26:57]   [emp_id: 5435] ✓ Refreshed: 14.31 (unchanged value, timestamp updated)
[2026-01-28 08:26:57]   [emp_id: 5436] ✓ Refreshed: 14.31 (unchanged value, timestamp updated)
[2026-01-28 08:26:57]   [emp_id: 5438] ✓ Refreshed: 17.62 (unchanged value, timestamp updated)
[2026-01-28 08:26:57]   [emp_id: 5439] ✓ Refreshed: 27.12 (unchanged value, timestamp updated)
[2026-01-28 08:26:57]   [emp_id: 5442] ✓ Refreshed: 16.12 (unchanged value, timestamp updated)
[2026-01-28 08:26:57]   [emp_id: 5445] ✓ Refreshed: 8.77 (unchanged value, timestamp updated)
[2026-01-28 08:26:57]   [emp_id: 5446] ✓ Refreshed: 8.77 (unchanged value, timestamp updated)
[2026-01-28 08:26:57]   [emp_id: 5447] ✓ Refreshed: 8.71 (unchanged value, timestamp updated)
[2026-01-28 08:26:58]   [emp_id: 5448] ✓ Refreshed: 3.14 (unchanged value, timestamp updated)
[2026-01-28 08:26:58]   [emp_id: 5449] ✓ Refreshed: 6.79 (unchanged value, timestamp updated)
[2026-01-28 08:26:58]   [emp_id: 5450] ✓ Refreshed: 6.73 (unchanged value, timestamp updated)
[2026-01-28 08:26:58]   [emp_id: 5451] ✓ Refreshed: 6.73 (unchanged value, timestamp updated)
[2026-01-28 08:26:58]   [emp_id: 5453] ✓ Refreshed: 6.57 (unchanged value, timestamp updated)
[2026-01-28 08:26:58]   [emp_id: 5454] ✓ Refreshed: 9.2 (unchanged value, timestamp updated)
[2026-01-28 08:26:58]   [emp_id: 5455] ✓ Refreshed: 3.45 (unchanged value, timestamp updated)
[2026-01-28 08:26:58]   [emp_id: 5456] ✓ Refreshed: 8.45 (unchanged value, timestamp updated)
[2026-01-28 08:26:58]   [emp_id: 5457] ✓ Refreshed: 5.82 (unchanged value, timestamp updated)
[2026-01-28 08:26:58]   [emp_id: 5460] ✓ Refreshed: 7.1 (unchanged value, timestamp updated)
[2026-01-28 08:26:58]   [emp_id: 5463] ✓ Refreshed: 6.43 (unchanged value, timestamp updated)
[2026-01-28 08:26:58]   [emp_id: 5464] ✓ Refreshed: 6.43 (unchanged value, timestamp updated)
[2026-01-28 08:26:58]   [emp_id: 5466] ✓ Refreshed: 4.18 (unchanged value, timestamp updated)
[2026-01-28 08:26:58]   [emp_id: 5467] ✓ Refreshed: 3.1 (unchanged value, timestamp updated)
[2026-01-28 08:26:58]   [emp_id: 5468] ✓ Refreshed: 2.05 (unchanged value, timestamp updated)
[2026-01-28 08:26:58]   [emp_id: 5469] ✓ Refreshed: 1.96 (unchanged value, timestamp updated)
[2026-01-28 08:26:58] Report saved to: D:\xampp\htdocs\almutlak\system/cron_logs/last_vacation_update_report.json
